14303573180541473556 4240 16
37.207607 276.817505 852.463318
101.449623 264.240845 859.856445
101.449623 264.240845 859.856445
107.831261 264.240845 879.498169
79.844566 364.299988 862.789917
60.203533 343.648438 923.239746
111.624405 343.648438 852.463318
64.090187 220.717499 847.718323
47.382504 220.717499 899.140381
107.831261 264.240845 879.498169
-192.216263 -700.263428 1271.919678
-145.087509 -682.798096 1427.690308
-200.979507 -637.123291 1271.680176
-187.829620 -575.761719 1427.690308
-249.821732 -551.636536 1416.702637
-261.243378 -630.534973 1416.702637
-199.795013 -663.646851 1271.919678
-164.324158 -519.138245 1271.919678
-163.310013 -735.579956 1275.040161
139.555801 -682.798096 1271.680176
151.349182 -637.123291 1271.680176
145.107040 -591.174988 1271.680176
244.290054 -551.636536 1416.702637
253.871689 -592.934998 1416.702637
187.638733 -636.860168 1275.040161
137.704544 -491.156708 1271.919678
207.686218 -485.808258 1416.702637
250.335892 -654.106567 1541.513062
257.206635 -638.129822 1546.633301
251.948380 -636.544983 1574.115845
256.082489 -645.578247 1545.082886
251.310898 -648.066528 1544.316528
251.948380 -645.924988 1568.976074
258.889984 -623.104980 1427.810547
258.889984 -623.104980 1427.810547
249.675873 -656.644958 1439.346313
249.675888 -623.104980 1556.983032
95.841637 237.379990 1656.776855
95.841637 233.332489 1439.849976
91.851280 230.469131 1653.656372
-129.902924 121.434998 1439.849976
-55.194683 -840.539673 1458.033081
-56.362938 -842.563110 1458.033081
49.200199 -847.449951 1520.430298
-130.994156 -559.130005 795.131653
-136.137939 -546.963257 838.511963
-136.246689 -586.271545 931.589966
-130.595840 -625.409851 931.589966
-133.022476 -545.451538 815.451721
-132.990799 -586.271545 815.451721
-132.990799 -586.271545 888.091675
-134.737946 -620.678406 792.281616
-134.719193 -618.541565 936.369873
-135.200439 -542.350159 925.993408
-130.589584 -625.406555 1018.039795
-142.345795 -517.128296 1018.039795
-130.840408 -428.165924 1018.039795
-142.345795 -451.790924 1018.039795
-130.589584 -625.406555 1068.369995
-142.390442 -484.459839 1068.369995
-130.840408 -428.165924 1085.443604
-142.302475 -451.790924 1085.443604
-130.589584 -625.406555 942.606384
-136.427948 -484.459839 959.679871
-136.427948 -484.459839 959.679871
-136.362473 -427.646545 959.679871
-136.760803 -451.962494 942.606384
-132.951691 -542.820007 985.103516
-132.951691 -426.098419 977.913269
-136.000793 -484.459839 977.913269
-132.951691 -542.820007 1048.743042
-136.362473 -541.271729 1048.743042
-136.362473 -427.646545 1048.743042
-132.890442 -621.755005 1094.683472
-134.684982 -613.385132 1151.679932
-135.609192 -537.209961 1151.679932
-135.609192 -537.209961 1289.979980
-130.589584 -625.406555 1128.403564
-136.424973 -484.459839 1111.333374
-136.424973 -484.459839 1111.333374
-136.424973 -484.459839 1111.333374
-132.951691 -542.820007 1180.606201
-132.543732 -484.459839 1180.606201
-135.992950 -484.459839 1187.800171
124.665466 -518.695007 1184.793457
129.916718 -491.551544 1141.409790
129.916718 -491.551544 1141.409790
129.918320 -491.551544 1048.333252
129.809570 -452.244049 1065.403320
126.662498 -491.551544 1157.279785
126.662498 -491.551544 1091.833740
126.662498 -491.551544 1091.833740
124.379173 -482.298126 1191.366089
124.691246 -459.259064 881.976624
125.186714 -535.765015 881.976624
125.186714 -535.765015 1033.790161
124.261246 -452.417328 978.953186
130.432495 -560.866699 978.953186
124.261246 -452.417328 911.553162
136.062073 -593.364807 911.553162
124.134567 -593.364807 894.479980
124.139565 -593.364807 1020.243347
124.139565 -593.364807 1037.316528
130.432495 -625.859985 1037.316528
129.672501 -593.364807 1002.013123
126.223320 -593.364807 1002.013123
126.623314 -535.003296 938.376648
126.623314 -535.003296 938.376648
128.390823 -459.281555 885.238281
125.186714 -535.765015 831.092957
136.063324 -593.364807 868.589844
136.063324 -593.364807 868.589844
80.957497 -622.098450 972.003235
-4.118437 -579.019958 1022.656433
177.932190 -472.756714 1154.213623
-38.994999 -475.094818 1158.263184
-33.746143 -575.465149 1010.649597
63.527500 -479.323273 1182.196411
-144.364990 -335.949066 1123.403564
-125.087097 -305.991638 1435.065430
-185.345428 -335.949066 1206.226074
129.004166 -210.172028 119.123741
-129.004166 -210.172028 156.520401
27.558901 -835.311523 687.531311
-40.228447 -804.198425 745.700073
-121.797066 -749.938416 703.481567
-135.398361 -768.260010 565.273254
-135.398361 -789.474976 119.812485
-121.797066 -806.736572 703.481567
-135.398361 -768.260010 119.787079
106.909386 -749.651550 703.503479
121.797066 -749.938416 703.481567
106.909386 -806.736572 703.503479
121.797089 -806.736572 119.832870
-119.336670 -761.556885 703.948608
-75.536674 -816.294983 709.351135
73.612274 -816.269958 1079.893433
-75.536674 -816.294983 709.351135
46.552509 -851.224976 1047.803589
-47.723438 -833.679993 749.436646
-120.714539 -369.744354 1445.417603
29.086674 -344.775604 1416.726318
-43.216034 -446.001556 1445.417725
-106.396446 -324.440857 1445.417603
-21.028646 -270.049988 1444.825928
-68.267921 -289.060852 1423.337280
-78.358971 -287.019135 1423.337280
-125.414116 -267.656647 1444.622192
-0.000000 381.119049 1336.193359
-0.000000 417.495941 1430.270020
20.075367 378.663422 1409.342773
20.075367 369.931549 1345.939941
-20.075367 369.931549 1345.939941
-20.075367 417.495941 1416.203735
-20.075367 417.495941 1430.270020
-20.075367 378.663422 1409.342773
-109.932549 260.227509 1430.294189
-109.932549 219.176712 1340.822754
0.000148 375.758423 1430.294189
31.213745 373.301544 1346.282104
109.932549 359.889984 1430.294189
-144.920410 217.343277 1356.049805
-0.000000 -484.823425 1460.003296
-0.000000 265.585846 1442.963257
-160.175018 255.359207 1430.469971
-136.822067 -218.264999 1408.382568
-131.567932 -871.588440 1428.849609
-124.675415 -477.884827 1451.999756
-136.822067 -218.264999 1408.382568
-0.000000 -923.698425 1407.857422
-128.247940 -923.698425 1407.857666
-132.228714 219.194992 853.433289
-136.822067 -218.264999 1408.382568
-111.390610 -832.121521 1249.946777
-148.486221 214.694992 848.933289
-128.247940 -871.588440 1408.382568
-128.247940 -831.644958 1249.990234
-149.536697 -235.514999 520.220032
-127.635880 127.360817 692.616943
-148.486206 214.694992 458.234985
-149.536697 -235.514999 520.220032
-148.486710 147.056671 703.099854
-148.486710 144.973312 594.908325
-128.247910 -716.914978 774.889954
-0.000000 -806.068420 119.832069
-0.000000 -415.025940 752.623413
-127.635880 127.360817 692.616943
-0.000000 127.360817 605.438354
-111.390625 -796.839966 119.821251
-148.486710 74.883751 520.220032
-160.174973 70.017502 1408.382568
-160.174957 -369.929993 1429.960327
-128.247910 -716.914978 774.889954
-141.292068 -432.048431 777.149963
-149.536713 -430.985931 519.793335
-0.000000 265.585846 1442.963257
-0.000000 69.910622 1430.406494
160.175018 255.359207 1430.469971
160.175003 -799.034973 1408.382568
131.567932 -871.588440 1428.849609
160.174973 -799.143433 1429.010010
-0.000000 -923.698425 1407.857422
-0.000000 -923.698425 1407.857422
103.873116 -923.698425 1451.337524
-0.000000 -905.033447 1417.566650
135.052856 -220.509216 342.187500
111.390625 -832.121521 112.164337
149.536697 -235.491714 775.096619
131.205429 -923.698425 1428.849609
-0.000000 -861.448120 1460.003296
135.007111 -432.048431 1231.516357
127.635880 127.360817 605.438354
149.536682 -236.047501 752.623413
149.536697 -235.514999 520.220032
148.486710 77.514374 775.096619
148.486710 147.056671 703.099854
149.536682 -641.231567 1231.516357
85.968613 -806.068420 1249.873291
-0.000000 -236.047501 752.625061
127.635857 -220.509216 543.853271
-0.000000 67.773125 543.853271
111.390625 -832.121521 112.164337
141.297104 -640.169800 777.149902
141.292068 -432.048431 777.149963
128.247940 -831.644958 1249.990234
160.175003 -799.034973 1408.382568
149.536713 -679.263428 119.681267
128.247910 -716.914978 774.889954
149.536713 -430.985931 777.149963
149.536697 -235.491714 775.096619
149.536697 -235.514999 520.220032
70.525841 -220.509216 277.187531
-85.968613 -832.121521 1249.873291
-141.290024 -432.048431 119.387108
-141.290024 -432.048431 119.387108
-149.536682 -235.514999 346.069916
149.536713 -716.914978 119.725838
149.536682 -256.418274 119.178307
-3.732787 -220.509216 277.187531
-65.528542 -615.438293 302.115936
-70.525818 -241.504211 123.283310
70.525818 -241.504211 123.283295
134.536682 -241.572495 119.160835
149.536713 -430.985931 119.385834
141.292908 -640.169800 119.635017
119.274170 -686.476562 123.807533
111.390640 -716.044983 119.724960
98.679596 -791.068420 119.831230
-111.390625 -796.839966 119.821251
-128.536682 -695.908752 123.823738
-118.536690 -668.488098 123.791229
-118.536674 -403.719055 123.475853
-128.536697 -256.412506 123.300835
118.536667 -251.504211 123.297050
119.274170 -686.476562 123.807533
82.688332 -775.258423 123.934975
-121.344139 -695.909363 123.823738
-1.562380 -251.504211 123.294998
112.536880 -383.237488 170.424973
110.100639 -671.083435 170.766251
78.697746 -771.234985 170.902832
-81.886490 -682.123413 170.780502
-110.289558 -404.726562 170.450485
-118.536690 -316.447479 170.345383
70.525826 -257.410004 202.786240
56.426960 -251.448273 170.268295
-112.536865 -310.408356 202.849152
118.536697 -403.661560 170.449249
-98.779800 -673.548401 47.648540
81.990616 -682.123413 170.780411
-78.697731 -771.273132 58.303539
-98.779800 -673.548401 47.648540
-81.886490 -682.123413 170.780502
98.289757 -416.724060 170.464523
-98.292938 -655.368103 170.748764
65.528755 -615.438293 302.115936
-0.000000 -771.046570 57.887493
-140.913788 -446.356567 804.512024
-135.891251 -625.938110 1186.080078
135.007111 -432.048431 1231.516357
135.386246 -446.340942 1186.079834
-9.345624 -625.864990 1186.079834
-140.913788 -446.356567 804.512024
-133.130798 -231.497498 181.785431
-130.212494 -689.154968 123.906654
-119.554146 -703.825012 123.906654
-130.212479 -707.288757 -116.377518
136.799530 -698.221558 -116.377518
130.212494 -689.154968 -116.377518
-141.425797 -707.179993 -131.675003
-62.785419 -707.659973 -123.861641
-62.785419 -707.659973 -275.673431
-5.186224 -706.608765 -203.766251
-5.186224 -718.490601 -220.837494
135.761276 -706.734375 -203.766251
27.481985 -718.490601 -203.766251
-5.186224 -706.606873 -136.365463
-37.854485 -718.446838 -136.365463
-5.186224 -706.606873 -153.436676
-5.186224 -706.606873 -136.365463
27.481985 -718.446838 -136.365463
-5.186224 -721.428711 -269.551727
-173.349991 -720.006836 -269.243347
-60.612705 -706.159973 -273.464996
-5.186224 -721.428711 -269.551727
163.506271 -705.886841 -273.650848
-5.186224 -720.356567 -241.514175
-61.999580 -712.505615 -262.129120
-37.854485 -718.446838 -262.129120
135.761276 -706.734375 -262.129120
-5.186224 -712.571228 -279.199982
-63.546856 -709.096558 -243.897491
-63.546856 -709.096558 -243.897491
53.174377 -709.096558 -236.704132
53.174377 -709.096558 -243.897491
-63.546856 -709.096558 -173.067810
-63.546856 -709.096558 -173.067810
53.174377 -709.096558 -180.261719
-5.186224 -708.693115 -173.067810
-142.482040 -709.034973 -127.124565
-65.203972 -711.178101 -127.124565
-62.785419 -707.659973 -72.978966
-5.186224 -706.601868 -18.142656
-5.186224 -718.538086 -1.071641
51.627182 -712.505615 -1.071641
135.761276 -706.734375 -18.142656
-5.186224 -706.598450 66.328941
-5.186224 -712.568726 49.258007
-37.682919 -712.904968 49.258007
51.627182 -712.505615 49.258007
-5.186224 -718.538391 49.258007
-5.186224 -706.758423 -71.256638
-173.559174 -707.888733 -38.456982
-5.186224 -706.758423 -71.256638
50.433430 -720.006836 -66.377495
50.240307 -706.159973 -70.769997
-5.186224 -706.758423 -71.256638
-60.757500 -708.171265 41.892616
-60.757500 -708.171265 41.892616
-5.186224 -716.836853 41.319588
-146.134155 -706.734375 -110.476021
-5.186224 -706.603088 -110.476021
-5.186224 -706.603088 -110.476021
-5.186224 -718.536560 -110.476021
-5.186224 -712.138123 -41.202618
-5.186224 -708.688721 -41.202618
53.174377 -709.096558 -41.202618
-5.186224 -708.686890 -34.009171
-147.816254 -709.159973 22.433281
-5.186224 -708.684998 29.626562
137.444153 -709.159973 22.433281
53.174377 -709.096558 22.433281
-25.662659 -717.000000 -70.129997
-5.186224 -715.304993 -32.818954
28.995619 -715.331238 -32.818954
28.995619 -715.749695 29.626562
-34.032063 -715.206848 -275.673431
-5.186224 -715.306885 -243.897491
28.995619 -715.331238 -236.704132
-5.186224 -720.351257 -180.261719
131.053314 -707.179993 -131.675003
52.412922 -707.659973 -123.861641
52.412922 -707.659973 -275.673431
127.839569 -709.006836 -127.124565
54.831558 -711.178101 -127.124565
23.659637 -715.206848 78.833122
22.580004 -717.050293 -127.124565
20.445675 -717.034973 -310.176544
-51.572701 216.463272 1129.263550
101.449623 260.340790 987.830139
64.090202 260.340790 975.692932
-64.090202 216.817490 1039.250000
-64.090202 216.817490 847.718506
-101.449608 260.340790 899.140381
-125.793777 -392.694977 1402.680176
-167.563751 -754.049988 1270.293579
-2.765873 -634.151733 1269.266724
-202.375000 -602.536682 1273.136475
-221.148788 -475.486542 1428.886108
-125.747475 -875.516846 1393.905640
-266.612457 -592.361694 1394.837036
-194.238373 -442.703430 1393.926392
-2.765873 -363.385315 1393.926392
-244.221680 -757.179993 1418.371338
-125.314171 -393.635925 1428.886108
-125.793777 -392.694977 1402.680176
-145.669983 -777.054993 1273.136475
-65.217278 -826.356873 1273.136475
-2.765873 -634.151733 1273.136475
-2.765873 -634.151733 1273.136475
-167.563751 -754.049988 1270.293579
-2.765873 -634.151733 1426.217407
-221.148788 -475.486542 1428.886108
-2.765873 -634.151733 1426.217407
-159.784561 -850.268433 1426.217407
-270.200836 -676.491211 1393.926392
-256.827484 -551.601685 1394.837036
-159.784531 -418.033417 1402.680176
-218.883270 -791.169983 1426.217407
-159.784561 -850.268433 1394.837036
-244.011658 -757.091553 1393.926392
-256.827484 -551.601685 1402.680176
-240.785751 -512.873413 1402.680176
-244.221680 -757.179993 1402.680176
29.171251 -432.508423 1269.863281
89.919380 -452.245941 1269.863281
-2.765873 -904.918396 1393.926392
162.189606 -514.468262 1270.293457
198.502960 -666.164978 1270.293457
263.846588 -676.378418 1428.886108
238.479980 -757.091553 1393.926392
264.889923 -591.758423 1402.680176
216.471252 -474.865143 1402.680176
268.226532 -634.151733 1418.371338
188.107483 -825.023438 1428.886108
119.782509 -874.664978 1428.886108
39.023331 -370.304352 1394.837036
140.138290 -777.054993 1273.136475
118.511238 -872.171570 1394.837036
59.685432 -441.944977 1273.136475
178.759155 -541.508423 1270.293457
140.138290 -777.054993 1273.136475
-2.765873 -634.151733 1426.217407
-2.765873 -634.151733 1426.217407
254.962585 -550.409973 1418.371338
-2.765873 -634.151733 1426.217407
235.253372 -755.428406 1402.680176
251.295013 -551.601685 1402.680176
186.127640 -445.257477 1402.680176
-2.765873 -367.014679 1426.217407
235.253372 -755.428406 1418.371338
235.253372 -755.428406 1402.680176
264.889923 -676.541870 1402.680176
235.253372 -512.873413 1402.680176
238.689911 -511.123413 1402.680176
238.689911 -757.179993 1402.680176
94.354126 -816.483398 -7.115405
101.484589 -806.538391 171.004547
-101.484581 -806.539978 186.207825
20.162134 -595.246521 374.139160
20.403744 -458.796539 374.139160
0.000000 -595.246521 374.139160
0.000000 -595.246521 -125.629585
-19.099379 -470.834839 -3.945859
-19.099375 -587.230164 319.165894
19.099375 -587.230164 319.165894
125.452126 -272.398346 -77.669167
122.200409 -280.584991 -52.244072
43.053528 -247.644989 -94.740204
41.541557 -250.760773 -59.437489
130.005829 -249.629990 81.622711
120.243767 -241.182495 229.362061
122.070877 -244.395859 31.217802
124.817909 -324.670837 226.512527
124.817909 -324.670837 88.212273
124.817909 -324.670837 88.212273
122.160408 -319.061646 117.139580
130.114151 -349.655609 229.362061
130.065018 -356.945618 88.212273
127.125877 -317.500000 119.884972
139.192093 -377.421539 91.884567
123.934158 -312.857483 -30.523857
119.920410 -280.584991 31.023125
125.453766 -280.584991 31.023125
122.199623 -280.584991 11.391797
122.105019 -245.099213 -91.213913
117.847130 -250.886642 -20.760157
82.361656 -253.070847 31.023125
43.053528 -247.644989 31.023125
123.181656 -250.760773 4.198424
50.065933 -252.756714 -91.213913
50.065933 -252.756714 60.598328
121.499161 -253.187500 72.418953
43.053528 -247.644989 89.489990
82.361656 -250.791718 116.314560
47.932182 -252.741714 67.727921
51.449883 -237.093353 116.093697
62.557480 -260.489990 112.830811
67.813751 -345.585297 166.975815
64.167908 -344.970917 116.093697
78.535210 -350.079987 49.760418
63.819374 -351.233429 45.291042
81.930397 -283.632507 -92.530396
82.137489 -286.830841 149.445831
-64.090195 216.817490 1167.226562
-107.831436 260.340790 1135.446045
-101.283531 260.422485 1116.367188
-101.283531 218.607971 1116.367188
84.742065 260.340790 1103.666382
107.831436 260.340790 1135.446045
43.208134 218.607971 1135.239746
-280.147491 -232.507492 625.764893
-287.432495 -247.134216 624.801636
-287.432495 -247.134216 624.801636
-240.464218 -152.712494 652.303162
-336.546570 -242.688278 475.493042
-299.849121 -268.387482 594.180115
-373.390930 -219.226715 507.214844
-367.906555 -419.467499 257.145782
-427.839050 -520.788452 407.624146
-427.498413 -520.288452 410.108459
-282.798279 -251.485779 598.305054
-319.724121 -323.309998 596.359924
-378.130920 -421.282501 597.528137
-343.990936 -366.214355 640.126648
-334.465759 -347.442505 640.346680
-383.408417 -455.834045 639.798218
-423.757477 -532.044983 596.786743
-289.657410 -242.618271 570.580017
-272.007507 -224.967880 413.765778
-259.140778 -208.342499 245.988373
-348.179962 -62.184998 569.578308
-220.112457 -103.276871 580.289917
-149.508743 -91.941322 652.013367
-372.241699 -429.015930 333.973419
-183.350464 -317.047485 585.700073
-334.619049 -243.989990 584.493286
-403.704041 -196.011246 583.983276
-182.754990 -318.317505 565.573242
-180.934998 -460.071564 402.389954
-137.535019 -92.374611 652.171692
-52.590733 -1.131250 581.098022
-0.000000 -328.217499 688.699890
-105.204987 -331.672485 657.724976
-207.819977 -307.037506 657.724976
-207.819977 -307.037506 657.724976
-0.000000 -254.176712 216.295898
-91.786392 -246.951630 216.295853
-200.382477 -284.972504 645.714905
-196.075027 -270.889984 570.266846
-205.754196 -300.679993 731.484985
-100.239815 -301.975861 581.441772
-103.886658 11.184062 581.098022
-136.618332 -510.538269 247.014938
-295.046631 -576.893127 742.267273
-298.799194 -593.813293 679.944824
-387.275940 -431.847321 245.827469
-295.046631 -576.893127 742.267273
-129.497940 -452.364197 225.943390
-129.497482 -376.505005 212.256287
-277.524078 -524.871521 716.743042
-286.115051 -553.396729 328.925964
-277.524078 -524.871521 716.743042
-250.533340 -438.264984 717.614502
-245.546524 -423.007477 225.943390
-192.134521 -317.944122 413.485962
-356.891541 -367.872498 731.485046
-367.823425 -391.373444 717.424805
-432.693420 -542.611572 689.356689
-289.566711 -255.806641 576.413086
-306.031647 -286.592499 682.106934
-432.112488 -543.360168 562.248291
-279.727509 -305.121643 675.944885
-262.941620 -208.423279 246.531677
-333.484985 -402.898438 587.419983
-358.901550 -393.474060 677.998413
-279.727509 -305.121643 675.944885
-357.894836 -392.084991 643.893066
-292.789124 -262.820007 618.311890
-356.416565 -390.127502 595.113342
-291.797424 -240.118347 581.441528
-447.904999 -551.026733 678.520081
-340.611725 -399.531555 620.823242
-340.611725 -399.531555 620.823242
-356.416565 -390.127502 595.113342
-290.454224 -274.686646 589.105042
-333.484985 -402.898438 587.419983
-273.762421 -282.989136 589.131775
-306.031647 -286.592499 682.106934
-303.840851 -285.457489 529.973206
-300.291718 -278.462494 525.236877
-438.139984 -536.059814 402.667572
-337.118439 -411.587494 333.260895
-405.612488 -492.764984 528.432007
-186.815002 -309.441620 297.819122
-358.123444 -399.452484 294.712402
-295.647430 -357.030914 295.720825
-289.107483 -431.568420 335.464142
-358.123444 -399.452484 294.712402
101.366638 -308.658356 645.714905
99.236641 -293.989990 570.266846
205.754196 -300.679993 731.484985
105.874176 -335.898438 682.837036
105.204987 -331.672485 657.724976
91.786392 -246.951630 216.295853
-0.047240 -383.258423 216.449585
200.382477 -284.972504 645.714905
104.159142 -325.070007 731.484985
250.533340 -438.264984 717.614502
198.617477 -278.715057 581.441772
-0.000000 -453.555145 731.484985
279.310059 -531.489807 329.135956
136.619171 -632.831726 679.601807
387.275940 -431.847321 245.827469
256.475006 -465.613434 742.267273
245.546524 -423.007477 225.943390
220.768356 -350.196564 217.755875
302.828186 -602.748291 400.550934
452.240784 -558.313293 681.096680
412.869141 -487.410004 329.851471
372.851776 -402.505005 727.159973
351.076569 -382.944061 243.372574
174.315460 -10.942500 581.149963
300.718262 -275.612488 716.434998
432.693420 -542.611572 689.356689
426.559204 -534.848450 405.349915
298.929993 -253.108276 641.679871
306.031647 -286.592499 682.106934
432.112488 -543.360168 562.248291
277.090790 -300.264984 653.096558
262.941620 -208.423279 246.531677
333.484985 -402.898438 587.419983
306.031647 -286.592499 682.106934
306.031647 -286.592499 682.106934
434.815002 -547.503296 638.581726
369.459198 -404.589996 695.523315
416.048431 -551.534973 627.288330
447.904999 -551.026733 678.520081
303.046722 -281.261627 647.678284
291.867493 -261.285767 631.656677
276.220764 -271.176636 621.248108
434.473419 -546.821716 631.535034
433.039978 -544.695007 593.958130
290.570007 -258.217499 596.103333
418.679993 -532.744995 585.576721
355.645630 -389.104065 569.846680
303.840851 -285.457489 529.973206
262.941620 -208.423279 246.531677
405.612488 -492.764984 528.432007
369.258423 -398.261566 332.351715
186.815002 -309.441620 297.819122
303.840851 -285.457489 529.973206
402.684998 -486.893280 410.520782
358.123444 -399.452484 294.712402
225.784531 -388.464050 296.632446
289.107483 -431.568420 335.464142
351.076569 -382.944061 243.372574
-599.149963 24.343750 540.005005
-528.681702 -83.199371 524.771729
-597.111694 23.330624 524.434998
-182.804993 -316.881622 527.339844
-406.554047 -200.228745 525.579895
-262.924988 -289.357483 543.739868
-469.703430 -142.542068 560.458252
-185.728745 -318.532501 569.805054
-336.929993 -245.454208 561.406860
-527.371521 -81.269997 567.288147
-406.080933 -197.497498 568.089966
-337.524353 -245.634995 625.039856
-186.256241 -318.692505 626.244995
-337.524353 -245.634995 625.039856
-185.672806 -322.400848 633.433167
-545.468140 -58.025623 438.523285
-461.797485 -150.233322 478.043182
-466.373260 -148.733749 565.020081
-608.920166 -428.078430 590.836670
-602.559998 -432.338440 529.463257
-500.091553 -492.059998 582.241882
-425.632660 -532.181702 582.823181
-499.679993 -493.373260 562.113220
-498.484985 -491.474823 529.628235
-499.679993 -493.373260 562.113220
-596.241699 -435.764038 561.186768
-504.941864 -505.113434 613.596558
-586.849976 -464.934845 684.244995
-547.601685 -407.381561 685.428833
-547.601685 -407.381561 685.428833
-705.589355 -346.053436 539.441833
-705.589355 -346.053436 539.441833
-643.216553 -403.339050 539.861572
-422.939209 -527.014832 541.569885
-575.075012 -450.419067 565.791687
-502.508423 -496.929993 566.338440
-576.025146 -454.045929 629.411865
-576.025146 -454.045929 629.411865
-504.094818 -483.168427 428.551758
-480.191559 -450.164825 359.644379
-391.690002 -482.781555 364.249939
-501.168274 -481.409821 415.559235
-410.797485 -515.179993 420.179962
-455.093414 -413.669983 305.438324
-466.024994 -430.194061 331.277496
-486.416565 -463.599823 367.116547
-590.246887 -327.818420 295.595032
-593.299988 -331.704041 312.849945
-456.713440 -415.195923 297.064209
-467.699982 -431.561554 326.350922
-470.141693 -431.599976 334.084991
-489.743256 -464.395142 385.110901
-412.067505 -124.889999 649.551758
-287.324127 -184.355469 653.363403
-322.761627 -196.195465 654.621765
-316.383270 -199.522491 654.671753
-227.246643 -142.262497 653.425049
291.119202 -245.189987 598.830078
276.384979 -225.872101 577.158203
269.048340 -202.768753 617.905029
237.155075 -146.215424 652.191772
236.448349 -146.000000 576.519836
372.233429 -218.643280 593.778198
367.906555 -419.467499 257.145782
380.569061 -447.979828 301.554138
428.739990 -544.075134 406.169983
429.275940 -549.906555 565.664917
325.892487 -319.539124 598.304871
381.244049 -443.309845 597.358398
371.717499 -424.538422 597.580017
334.465759 -347.442505 640.346680
383.408417 -455.834045 639.798218
384.410004 -454.539215 596.778015
424.001556 -532.560120 594.789917
276.344208 -223.327499 261.691620
268.459930 -227.359207 261.484131
229.503708 -121.303314 578.691772
290.454102 -162.154572 573.774841
150.345810 -94.644371 646.525146
372.241699 -429.015930 333.973419
183.350464 -317.047485 585.700073
407.100006 -200.394989 583.939819
407.259064 -200.443283 601.010071
182.754990 -318.317505 565.573242
180.934998 -460.071564 402.389954
332.522491 -415.684998 259.301758
605.481567 28.888124 478.540070
602.886719 30.605000 540.453064
601.859985 20.453125 524.381653
334.073425 -243.824142 526.133057
470.684998 -144.913742 525.138306
337.153442 -248.585770 543.163330
334.233276 -243.871719 543.203247
529.013123 -83.299995 560.071655
527.303406 -81.250000 560.094971
263.209137 -285.948364 561.980042
471.081696 -145.034561 567.631653
336.996552 -245.474213 568.599854
336.996552 -245.474213 568.599854
337.524353 -245.634995 625.039856
186.256241 -318.692505 626.244995
263.757416 -289.610840 632.796692
263.869995 -286.149994 632.806641
545.294983 -56.376972 524.946838
461.823425 -151.857498 500.185181
464.523285 -146.804993 503.023376
600.589966 -431.518433 529.484924
496.464996 -494.361542 530.278137
502.816711 -497.023438 599.273193
426.262482 -532.375000 650.220093
499.679993 -493.373260 562.113220
432.932495 -539.223267 533.718201
498.484985 -491.474823 529.628235
430.379059 -527.713257 642.096802
430.379059 -527.713257 642.096802
553.501709 -416.230927 691.387085
587.061707 -462.831696 599.065002
587.061707 -462.831696 599.065002
639.524963 -399.015930 522.836731
639.524963 -399.015930 522.836731
425.087494 -532.016724 524.463257
643.385132 -403.390930 558.093018
502.653259 -493.190002 566.346619
502.508423 -496.929993 566.338440
503.248260 -493.371552 629.980042
503.103271 -497.111542 629.971375
472.524994 -438.295929 348.575226
472.524994 -438.295929 348.575226
388.709991 -478.804840 347.000916
407.816711 -511.201538 402.930023
407.816711 -511.201538 402.930023
381.739990 -460.899048 300.687439
486.416565 -463.599823 367.116547
397.127502 -486.318420 371.313385
590.246887 -327.818420 295.595032
454.359985 -411.239990 300.156647
377.003418 -458.956543 312.736633
470.141693 -431.599976 334.084991
469.940155 -434.895935 332.319214
398.953430 -495.716553 382.602417
357.667480 -143.804565 651.686768
247.132568 -107.283119 653.177979
280.944122 -187.682495 653.413147
-120.932495 -547.099976 -294.067505
-126.894997 -547.099976 -311.138367
-127.228745 -579.598450 -311.138367
-126.894997 -547.099976 -311.138367
-120.932495 -547.099976 -294.067505
-120.483749 -602.528259 -284.172485
-121.074570 -547.099976 -284.660858
-131.912491 -491.481537 -279.703339
-123.483749 -689.731262 -334.198273
-123.419174 -605.461548 -334.198273
-123.419174 -488.740143 -334.198273
-123.019180 -547.099976 -327.005066
-126.829994 -603.914856 -91.372696
-121.057495 -688.048706 -108.443748
-120.923744 -547.099976 -91.372696
-132.860001 -547.099976 -108.443748
-132.860001 -547.099976 -108.443748
-126.605431 -609.605164 -397.590851
-126.713745 -648.913269 -397.590851
-125.186676 -681.183105 -375.738342
-125.667931 -604.991699 -386.116699
-120.930817 -547.099976 -226.667023
-120.930817 -547.099976 -226.667023
-120.930817 -547.099976 -226.667023
-120.930817 -547.099976 -243.737411
-127.228745 -514.604858 -243.737411
-121.057495 -688.048706 -352.429901
-132.770004 -579.769836 -352.429901
-126.829994 -490.288422 -352.429901
-126.894997 -547.099976 -369.501556
-123.419174 -605.461548 -270.562561
-123.016678 -547.099976 -263.369049
-123.483749 -404.470917 -270.562561
-123.016678 -547.099976 -263.369049
-123.357925 -684.396545 -217.425385
-121.983315 -604.700134 -163.280029
-121.983315 -604.700134 -163.280029
-125.667931 -489.209991 -386.116699
-129.502502 -571.678284 -217.425385
-131.358749 -521.468262 -11.467813
-129.502502 -522.523438 -217.425385
-126.829994 -603.914856 -124.310387
-123.010818 -547.099976 -124.310387
-126.829994 -490.288422 -124.310387
-126.460815 -547.099976 -131.503754
-132.862061 -547.099976 -23.972090
-127.228745 -579.598450 -41.043125
-126.829994 -490.288422 -23.972090
-132.862061 -547.099976 -41.043125
-120.483749 -602.528259 -81.477730
-121.087494 -547.099976 -81.977478
-122.494568 -491.529999 -48.408554
-122.494568 -491.529999 -48.408554
-123.419174 -605.461548 -60.674393
-123.419174 -488.740143 -67.867714
-123.007927 -547.099976 -60.674393
-126.829994 -603.914856 -200.777069
-120.926674 -547.099976 -183.705811
-132.770004 -579.769836 -183.705811
-121.057495 -406.153442 -183.705811
-132.770004 -514.433411 -183.705811
-129.629181 -547.099976 -123.120026
-126.524567 -547.099976 -363.855682
-126.524567 -547.099976 -363.855682
-140.404999 -547.099976 -359.454742
-129.631241 -547.099976 -327.005066
-130.048752 -547.099976 -60.674393
-130.048752 -547.099976 -60.674393
-131.472504 -512.919861 -263.369049
-123.357925 -409.805939 -365.975220
-126.526680 -547.099976 -161.158783
-126.526680 -547.099976 -161.158783
-140.451248 -547.099976 -156.758713
-131.358749 -572.733398 -400.477570
-121.815430 -487.376709 -19.281250
-121.815430 -487.376709 -19.281250
-121.487495 -412.995941 -163.280029
-123.419174 -605.461548 21.046211
-123.019180 -547.099976 28.239540
-126.829994 -490.288422 28.239540
-126.829994 -490.288422 28.239540
-121.057495 -688.048706 -14.256611
-126.894997 -547.099976 -14.256611
-120.935425 -547.099976 2.814416
-126.894997 -547.099976 -14.256611
-120.932495 -547.099976 44.106152
-126.894997 -547.099976 44.106152
-126.894997 -547.099976 44.106152
-120.932495 -547.099976 61.177265
-132.813751 -547.099976 44.106152
-126.829994 -603.914856 91.875389
-123.016678 -547.099976 91.875389
-126.829994 -490.288422 91.875389
-126.466248 -547.099976 84.682106
-126.076675 -599.851562 -7.881198
-129.530823 -518.256714 -365.975220
-126.894569 -547.099976 111.506836
-126.599174 -688.219971 128.577499
-120.930817 -547.099976 111.506836
-120.930817 -547.099976 128.577499
-127.228745 -514.604858 111.506836
-131.358749 -572.733398 -45.233204
-120.483749 -602.528259 71.072090
-121.074570 -547.099976 70.583534
-131.912491 -491.481537 75.541870
-125.153320 -676.026855 -7.881198
-140.404999 -606.814819 -4.299336
-128.384995 -607.021851 23.791874
-126.382500 -486.859833 -8.707917
-131.447922 -547.099976 84.682106
-129.654999 -581.283447 28.239540
-129.631241 -547.099976 28.239540
-125.153320 -418.174988 -7.881198
-123.572067 -486.164978 -10.730283
-129.530823 -518.256714 -10.730283
121.057495 -688.048706 -311.138367
126.829994 -603.914856 -294.067505
127.228745 -579.598450 -311.138367
126.894997 -547.099976 -311.138367
132.813751 -514.433411 -294.067505
125.186676 -681.183105 -375.738342
126.076675 -599.851562 -363.125549
126.460815 -547.099976 -131.503754
123.011246 -547.099976 -131.503754
123.419174 -488.740143 -131.503754
123.010818 -547.099976 -124.310387
131.160004 -547.099976 -77.512306
131.160004 -547.099976 -48.981464
131.160004 -547.099976 -77.512306
129.629181 -547.099976 -123.120026
129.654999 -512.919861 -123.120026
121.057495 -688.048706 -200.777069
127.228745 -579.598450 -200.777069
120.926674 -547.099976 -183.705811
120.927498 -547.099976 -200.777069
126.524567 -547.099976 -363.855682
128.384995 -607.021851 -331.452484
140.404999 -487.388428 -359.544281
120.930817 -547.099976 -226.667023
126.599174 -688.219971 -243.737411
132.857925 -547.099976 -243.737411
132.857925 -547.099976 -243.737411
132.770004 -514.433411 -226.667023
126.829994 -603.914856 -91.372696
132.860001 -547.099976 -108.443748
121.057495 -406.153442 -91.372696
126.829994 -490.288422 -91.372696
132.770004 -514.433411 -91.372696
121.983315 -489.501556 -365.975220
120.483749 -602.528259 -284.172485
131.912491 -491.481537 -279.703339
121.074570 -547.099976 -284.660858
121.057495 -688.048706 -369.501556
126.829994 -603.914856 -352.429901
120.935425 -547.099976 -369.501556
120.935425 -547.099976 -352.429901
127.228745 -514.604858 -369.501556
121.983315 -604.700134 -163.280029
126.829994 -603.914856 -327.005066
126.829994 -603.914856 -327.005066
126.829994 -490.288422 -327.005066
123.019180 -547.099976 -327.005066
126.829994 -603.914856 -263.369049
126.466248 -547.099976 -270.562561
123.419174 -488.740143 -263.369049
126.829994 -490.288422 -263.369049
121.487495 -681.206848 -163.280029
121.057495 -688.048706 -23.972090
120.922066 -547.099976 -23.972090
121.057495 -406.153442 -41.043125
126.829994 -490.288422 -41.043125
123.419174 -605.461548 -67.867714
123.007927 -547.099976 -60.674393
123.007927 -547.099976 -67.867714
126.829994 -490.288422 -60.674393
131.373322 -574.866699 -217.425385
127.661247 -572.758423 -163.280029
140.451248 -606.814819 -156.849136
126.526680 -547.099976 -161.158783
128.384995 -487.179840 -128.757919
131.358749 -572.733398 -400.477570
130.049179 -547.099976 -67.867714
129.630814 -547.099976 -334.198273
132.856674 -547.099976 -334.198273
134.675003 -547.099976 -263.369049
125.186676 -413.018433 -375.738342
121.057495 -688.048706 61.177265
126.894997 -547.099976 44.106152
120.932495 -547.099976 61.177265
120.932495 -547.099976 61.177265
127.228745 -514.604858 44.106152
125.186676 -681.183105 -20.494003
123.483749 -689.731262 21.046211
126.468750 -547.099976 21.046211
123.483749 -404.470917 21.046211
126.468750 -547.099976 21.046211
121.057495 -688.048706 111.506836
120.930817 -547.099976 128.577499
121.057495 -406.153442 111.506836
132.857925 -547.099976 111.506836
140.404999 -606.814819 -4.299336
126.524567 -547.099976 -8.611042
140.404999 -487.388428 -4.299336
123.572067 -608.036682 -10.730283
121.815430 -487.376709 -19.281250
125.500816 -487.083435 -217.425385
122.494568 -602.671692 104.141441
131.912491 -547.099976 75.048752
131.912491 -547.099976 103.578735
131.358749 -572.733398 -45.233204
131.324570 -526.625000 -7.881198
132.856674 -547.099976 21.046211
129.631241 -547.099976 28.239540
125.153320 -418.174988 -7.881198
126.829994 -603.914856 91.875389
126.829994 -603.914856 91.875389
126.829994 -490.288422 91.875389
123.016678 -547.099976 91.875389
131.373322 -519.334961 -217.425385
127.674995 -519.309998 -221.975861
123.357925 -409.805939 -11.467813
123.357925 -409.805939 -217.425385
121.057495 -688.048706 2.814416
127.228745 -579.598450 -14.256611
120.935425 -547.099976 2.814416
126.894997 -547.099976 -14.256611
131.447922 -547.099976 84.682106
131.472504 -512.919861 91.875389
125.667931 -489.209991 -30.871777
119.798378 -236.474213 237.099197
119.671654 -377.421539 220.028336
-76.986664 349.369995 1142.543701
125.570877 -320.609131 200.397079
121.757904 -377.421539 200.397079
122.251656 -377.421539 212.194916
131.555023 -377.421539 152.627472
119.673767 -377.421539 169.698730
115.895424 -784.700012 2.507559
118.457535 -740.601868 409.241638
-113.031212 -744.541870 127.974518
-115.895424 -784.700012 409.241638
-115.895424 -784.700012 2.507559
149.577530 -432.048431 18.718439
145.809189 -484.079834 -146.481689
149.795853 -432.048431 -32.906555
141.292007 -640.169800 119.387115
149.577530 -432.048431 18.718439
-149.577072 -484.079834 -146.481705
-149.576279 -432.048431 -306.519104
-145.812103 -640.169800 111.643364
-153.312531 -640.169800 -32.906563
-145.812103 -640.169800 111.643364
-145.808334 -640.169800 -394.281586
159.202988 -584.243286 -451.100159
139.315430 -447.920135 -439.574951
-705.589355 417.495941 -523.553345
705.589355 417.495941 -523.553345
84.742065 264.240845 847.718323
47.382504 264.240845 899.140381
120.408310 276.817505 879.498169
91.123573 292.665863 828.076904
28.423798 276.817505 879.498169
111.624405 276.817505 906.530273
56.848545 310.232483 825.429810
30.674889 292.665863 911.276794
91.123589 292.665863 930.920227
56.848545 310.232483 825.429810
17.566620 310.232483 879.498169
120.408310 310.232483 912.915039
88.628349 343.648438 835.756958
37.207607 343.648438 906.530273
111.624405 343.648438 906.530273
101.449623 356.225311 859.856445
41.000820 356.225311 879.498169
101.449615 356.225311 899.140381
88.628349 364.299988 869.171631
47.382507 356.225311 859.856445
88.628349 364.299988 889.823486
79.844566 364.299988 862.789917
74.416031 367.082489 879.498169
91.983398 364.299988 879.498169
47.382507 220.717499 859.856445
47.382504 220.717499 899.140381
107.831261 264.240845 879.498169
-248.870010 -712.945618 1425.257568
-251.730011 -715.811218 1425.257568
-247.819153 -716.854980 1425.257568
-251.730011 -715.811218 1416.702637
-247.819153 -716.854980 1416.702637
-248.870010 -712.945618 1416.702637
-167.584198 -568.250000 1424.553223
-162.319550 -552.323242 1357.742310
-162.318787 -568.253296 1357.742676
-167.584198 -619.004822 1424.697266
-167.584198 -603.079956 1424.697266
-162.319550 -652.434814 1357.977661
-162.319550 -652.434814 1357.977661
-155.592499 -717.718445 1425.486084
-162.318787 -717.719971 1358.310181
-167.584198 -717.718445 1425.120239
-162.318787 -701.791260 1339.083252
-162.319550 -717.721863 1339.083618
-171.230392 -651.040161 1278.813232
-155.592499 -666.964966 1271.760010
-162.318787 -601.681519 1338.846680
-155.592499 -601.683289 1271.673584
-155.592499 -568.251526 1271.336792
-171.230392 -552.326538 1278.390015
-171.230392 -568.251526 1278.390015
-145.087509 -682.798096 1271.680176
-187.925018 -693.579956 1427.689819
-187.156265 -696.023438 1427.690308
-160.823730 -639.986694 1427.690308
-160.823730 -631.698242 1271.680176
-200.979507 -634.561707 1427.689819
-145.993332 -589.703247 1427.690308
-148.017471 -583.309998 1427.690308
-150.639191 -591.174988 1271.680176
-251.695007 -553.033447 1416.702637
-247.404160 -554.883240 1425.257568
-251.695007 -553.033447 1425.257568
-191.635010 -574.984985 1271.919678
-242.219940 -557.116699 1413.582642
-244.094162 -558.511536 1413.582642
-191.362518 -577.306580 1271.919678
-257.093384 -593.283447 1416.702637
-260.009155 -596.934998 1416.702637
-257.093384 -593.283447 1425.257568
-200.110870 -604.396729 1271.919678
-190.762131 -603.763245 1275.040161
-251.512589 -594.128296 1413.582642
-262.524078 -632.489807 1425.257568
-259.139160 -634.708435 1425.257568
-261.243378 -630.534973 1425.257568
-198.577042 -632.500122 1271.919678
-191.890015 -634.904968 1275.040161
-253.504150 -635.026733 1413.582642
-197.525009 -634.586548 1271.919678
-255.750015 -679.011230 1416.702637
-257.054169 -683.498413 1416.702637
-255.750015 -679.011230 1425.257568
-258.670868 -681.811218 1416.702637
-248.650879 -679.351257 1413.582642
-250.268295 -677.664978 1413.582642
-185.819977 -448.378265 1425.257568
-184.884552 -452.315002 1425.257568
-186.488770 -450.616547 1425.257568
-139.358337 -492.315155 1271.919678
-178.735489 -455.878418 1413.582642
-181.008728 -456.419220 1413.582642
-140.027481 -494.554993 1271.919678
-211.277908 -487.108276 1416.702637
-215.472900 -489.168427 1416.702637
-213.532516 -490.470001 1425.257568
-164.480804 -521.468445 1271.919678
-155.755447 -524.885010 1275.040161
-206.590408 -490.254974 1413.582642
-223.028381 -771.114990 1425.257568
-218.982117 -771.036865 1425.257568
-223.074158 -768.779968 1425.257568
-172.188293 -738.578125 1271.919678
-163.310013 -735.579956 1275.040161
-168.142197 -738.498108 1271.919678
-163.355484 -733.244995 1275.040161
243.338333 -712.945618 1425.257568
244.544113 -717.459961 1416.702637
244.544113 -717.459961 1425.257568
186.684586 -700.263428 1271.919678
241.684891 -714.596863 1416.702637
237.888260 -711.479980 1413.582642
162.052521 -552.326721 1424.553223
156.787979 -552.323242 1357.742310
162.052521 -568.250000 1424.553223
165.698792 -603.079956 1418.014526
162.052521 -603.079956 1424.697266
156.787979 -652.434814 1357.977661
156.787979 -652.434814 1357.977661
150.060822 -717.718445 1425.486084
156.787033 -717.719971 1358.310181
156.787033 -717.719971 1358.310181
156.787979 -717.721863 1339.083618
165.698792 -717.718079 1278.956665
165.698792 -651.040161 1278.813232
150.060822 -666.964966 1271.760010
150.060410 -601.684998 1338.969604
150.060822 -601.683289 1271.673584
150.060822 -568.251526 1271.336792
165.698792 -552.326538 1278.390015
156.787979 -568.253418 1338.519775
139.555801 -682.798096 1271.680176
182.392792 -693.579956 1427.689819
182.392792 -693.579956 1427.689819
151.349182 -637.123291 1427.690308
155.291656 -631.698242 1271.680176
159.234528 -634.561707 1427.689819
140.461273 -589.703247 1427.690308
139.651260 -587.273254 1271.680176
145.107040 -591.174988 1271.680176
246.164108 -553.033447 1416.702637
243.745834 -556.278259 1425.257568
244.018250 -553.956726 1425.257568
186.103180 -574.984985 1271.919678
236.689117 -557.116699 1413.582642
187.704514 -578.701843 1271.919678
180.919510 -577.219849 1275.040161
251.561615 -593.283447 1416.702637
254.477478 -596.934998 1416.702637
251.561615 -593.283447 1425.257568
255.329895 -594.759827 1416.702637
185.230362 -603.763245 1275.040161
245.980835 -594.128296 1413.582642
255.711609 -630.534973 1425.257568
253.607468 -634.708435 1425.257568
255.711609 -630.534973 1425.257568
256.992462 -632.489807 1416.702637
186.357788 -634.904968 1275.040161
253.607468 -634.708435 1416.702637
193.044983 -632.500122 1271.919678
250.217560 -679.011230 1416.702637
251.522400 -683.498413 1416.702637
251.522400 -683.498413 1425.257568
194.915451 -665.890015 1271.919678
248.600830 -680.698120 1416.702637
244.735840 -677.664978 1413.582642
178.015015 -447.837494 1425.257568
179.352783 -452.315002 1416.702637
176.410492 -449.536560 1425.257568
137.704544 -491.156708 1271.919678
175.476807 -456.419220 1413.582642
132.893295 -499.196716 1275.040161
172.535019 -453.639038 1413.582642
205.745834 -487.108276 1416.702637
209.784195 -486.836700 1425.257568
208.000443 -490.470001 1425.257568
208.000443 -490.470001 1416.702637
208.000443 -490.470001 1416.702637
205.745834 -487.108276 1416.702637
217.542480 -768.779968 1416.702637
213.450363 -771.036865 1425.257568
215.496307 -769.906860 1425.257568
166.656616 -738.578125 1271.919678
208.618256 -768.119995 1413.582642
157.778259 -735.579956 1275.040161
210.709976 -764.654968 1413.582642
167.769547 -465.206543 1344.182373
107.714813 -421.574982 1344.182373
-0.000000 -395.714050 1344.182373
-141.834549 -437.759064 1351.742798
-215.002533 -523.428406 1351.742798
-238.331680 -670.724976 1351.742798
-211.402023 -740.693115 1344.182373
-74.566856 -862.469971 1351.742798
37.116035 -867.318115 1344.182373
141.834534 -828.195007 1351.742798
211.402023 -740.693115 1344.182373
241.303299 -632.978271 1351.742798
177.238297 -504.205139 1310.156250
131.146225 -452.469055 1317.719971
-0.000000 -413.898438 1310.156250
-101.294167 -434.175934 1317.719971
-180.507339 -501.831543 1317.719971
-216.381668 -598.705139 1310.156250
-208.356201 -700.676575 1310.156372
-101.294128 -831.779968 1317.720093
-34.271454 -849.359985 1310.156372
101.294128 -831.779968 1317.720093
177.238251 -761.748108 1310.156372
223.119568 -632.978271 1317.719971
258.684967 -655.651855 1582.513306
258.684967 -655.651855 1539.000244
256.719147 -638.450012 1574.680298
256.651642 -637.284973 1589.480225
256.651642 -637.284973 1574.680298
256.164215 -637.605164 1546.676514
256.570099 -635.876709 1547.043091
252.305893 -638.505005 1589.696167
251.651596 -637.736694 1574.893066
251.398315 -636.348450 1574.115845
251.651596 -637.736694 1589.696167
251.398315 -636.348450 1546.652954
256.197571 -647.566711 1584.342896
257.172485 -646.924988 1569.539795
256.570068 -645.256714 1568.760132
256.685852 -647.245117 1584.342896
257.172485 -646.924988 1544.879639
256.082489 -645.578247 1545.082886
251.206589 -647.493286 1584.556396
251.206589 -647.493286 1544.423584
251.755829 -647.688293 1584.556396
251.206589 -647.493286 1544.423584
251.948380 -645.924988 1568.976074
255.110001 -634.518433 1627.023560
255.110001 -634.518433 1627.023560
255.290848 -654.166687 1628.993530
255.545074 -646.070007 1579.746704
254.992493 -646.258118 1579.746704
255.545074 -646.070007 1581.879639
254.439911 -646.444824 1621.250244
255.430847 -646.643250 1636.056519
254.554214 -645.871521 1581.879639
255.383270 -644.301697 1582.663086
254.992493 -646.258118 1636.056519
255.110001 -634.518433 1595.966675
254.329208 -633.858093 1594.003540
255.151642 -624.318420 1594.003540
255.545074 -633.510010 1568.393433
254.878281 -634.268433 1566.256104
254.992493 -633.698120 1566.256104
254.439911 -633.884827 1568.393433
255.430847 -634.083252 1622.566528
255.106628 -633.125000 1607.763428
255.383270 -631.741699 1606.986206
255.821640 -632.128296 1569.169922
254.329132 -632.941711 1582.479858
254.329132 -632.941711 1582.479858
255.151642 -623.403442 1582.479858
257.261719 -652.238281 1580.053589
254.514999 -653.803406 1584.049805
267.729126 -652.640015 1580.440063
269.910004 -651.018433 1584.049805
251.880066 -654.466553 1580.440063
258.890045 -656.644958 1540.903442
171.829559 -622.406555 1439.346313
249.675827 -656.644958 1544.140259
249.675858 -623.104980 1643.816650
249.675858 -624.924988 1643.263672
94.673134 235.355850 1665.330322
99.346443 235.355850 1665.330322
95.841637 237.379990 1665.330322
99.346466 235.355850 1656.776855
93.019356 228.444992 1502.246582
98.178101 233.332489 1656.776855
95.841637 233.332489 1656.776855
-129.902924 121.434998 1656.776855
-127.566299 117.387924 1656.776855
-128.735001 119.411247 1665.330322
-127.566269 121.434998 1499.126343
-132.725006 112.500000 1653.656372
-130.388336 112.500000 1653.656372
-133.893753 114.523941 1653.656372
40.270519 -679.978088 1635.329956
39.798332 -679.861877 1637.080078
36.438553 -676.093140 1632.919678
36.052811 -675.093140 1635.596191
39.798332 -679.861877 1637.080078
35.375202 -678.771240 1632.810181
35.194065 -676.094971 1634.969971
34.479801 -678.008728 1634.866699
11.582988 -667.534973 1627.099976
34.914173 -676.440002 1635.496582
34.451241 -677.664978 1635.449829
28.651039 -673.076538 1601.479858
25.108856 -646.929810 1649.406494
6.792278 -693.063110 1647.480103
14.004431 -699.099976 1621.383423
33.137085 -664.894958 1604.136841
35.658638 -649.466675 1614.823364
26.579941 -647.891541 1649.609863
13.632446 -669.608398 1661.169922
8.515779 -693.388733 1647.709961
16.195572 -695.343445 1612.710327
31.757708 -664.171875 1603.299927
31.972500 -642.623291 1632.250122
20.834995 -652.808411 1655.686646
9.546769 -678.101868 1658.819946
10.285468 -700.294983 1630.166870
17.789433 -695.638123 1613.416992
33.348965 -643.644836 1632.689941
9.240389 -686.744995 1654.423340
-12.997372 -652.471680 1563.986572
-13.499067 -652.028442 1590.699829
12.569921 -666.989990 1628.139771
9.247345 -665.071533 1598.333374
-13.498933 -681.834961 1590.699829
8.991434 -668.851562 1564.729614
12.569921 -666.989990 1628.139771
-16.683222 -653.203430 1565.386841
-16.821503 -683.753113 1560.893066
-16.683222 -654.603394 1597.630005
-16.821503 -679.916870 1624.343750
-16.689741 -653.203430 1489.116211
-16.821503 -653.946716 1489.773438
-16.689741 -653.203430 1522.760132
-16.821503 -650.111694 1493.610107
8.991276 -665.015015 1531.086792
12.313878 -666.933105 1527.249756
-16.821503 -683.753113 1493.610107
-13.000677 -652.476562 1524.159668
-13.499067 -652.028442 1497.446533
-14.213201 -651.778137 1489.116211
-13.499067 -652.028442 1463.799927
9.570496 -668.364990 1464.457275
12.313878 -666.933105 1493.610107
8.357943 -669.063416 1530.343750
8.991434 -668.851562 1557.056396
-16.821503 -650.111694 1560.893066
-16.821503 -679.916870 1531.086792
-55.194683 -844.585266 1683.512817
-52.858032 -840.539673 1674.960327
-55.194695 -840.539673 1674.960327
-52.858017 -844.585266 1517.309937
-52.858017 -840.539673 1458.033081
-55.194683 -844.585266 1458.033081
-56.362934 -842.563110 1674.960327
55.527187 -840.539673 1674.960327
55.527180 -844.585266 1683.512817
56.695530 -842.563110 1683.512817
55.527187 -840.539673 1674.960327
52.705101 -849.473083 1671.840088
55.527180 -844.585266 1458.033081
50.368534 -849.473083 1671.840088
49.200199 -847.449951 1520.430298
-131.025833 -553.976685 944.093323
-134.737946 -551.865173 936.280212
-134.737946 -551.865173 944.093323
-134.737946 -551.865173 936.280212
-132.834976 -560.211548 933.429749
-134.724976 -553.999817 792.281616
-130.595840 -547.134827 855.582031
-136.244980 -586.271545 838.511963
-136.137939 -625.579956 855.582031
-136.137939 -625.579956 838.511963
-136.137939 -546.963257 931.589966
-136.137939 -625.579956 914.519592
-130.712906 -586.271545 914.519592
-136.137939 -546.963257 815.451721
-136.244980 -586.271545 822.645081
-136.244980 -586.271545 822.645081
-136.137939 -546.963257 888.091675
-136.245804 -586.271545 880.898132
-136.137939 -625.579956 888.091675
-131.025833 -618.568237 936.280212
-132.896698 -621.756714 944.093323
-134.737946 -620.678406 944.093323
-134.724976 -618.543396 792.281616
-132.868301 -617.488281 936.280212
-130.994156 -613.414978 933.429749
-131.034973 -620.700012 1097.949707
-134.719193 -618.541565 1090.133545
-131.034973 -620.700012 1097.949707
-131.034973 -620.700012 946.133667
-130.987900 -613.411682 1087.286743
-132.862473 -617.484985 936.369873
-134.719193 -618.541565 946.133667
-132.828293 -612.329834 948.986450
-131.347946 -544.184998 1097.949707
-135.200439 -542.350159 1090.133545
-131.514984 -542.059998 1097.949707
-133.104202 -545.395142 946.133667
-133.850449 -536.001709 1087.286743
-135.032944 -544.476562 925.993408
-135.200439 -542.350159 1090.133545
-131.514984 -542.059998 946.133667
-130.589584 -625.406555 1018.039795
-130.589584 -625.406555 1018.039795
-142.345795 -517.128296 1018.039795
-130.464981 -484.459839 1000.973206
-130.840408 -428.165924 1018.039795
-130.464981 -484.459839 1018.039795
-136.427048 -484.459839 1000.973206
-130.589584 -625.406555 1068.369995
-136.424973 -484.459839 1085.443604
-136.760803 -516.956543 1085.443604
-136.424973 -484.459839 1085.443604
-136.362473 -427.646545 1085.443604
-136.424973 -484.459839 1085.443604
-142.390793 -484.459839 1085.443604
-130.467911 -484.459839 942.606384
-136.427948 -484.459839 959.679871
-136.427948 -484.459839 959.679871
-136.427048 -484.459839 942.606384
-130.467911 -484.459839 959.679871
-142.302475 -451.790924 942.606384
-142.302475 -451.790924 942.606384
-132.951691 -542.820007 977.913269
-132.551697 -484.459839 985.103516
-136.362473 -541.271729 985.103516
-136.000443 -484.459839 985.103516
-132.951691 -542.820007 1041.550049
-132.549194 -484.459839 1048.743042
-136.362473 -541.271729 1048.743042
-135.997940 -484.459839 1048.743042
-134.731689 -620.675171 1148.830322
-130.987900 -613.411682 1289.979980
-134.719193 -618.541565 1094.683472
-130.987900 -613.411682 1151.679932
-132.862473 -617.484985 1094.683472
-135.200439 -542.350159 1292.829834
-131.514984 -542.059998 1094.683472
-131.514984 -542.059998 1148.830322
-133.850449 -536.001709 1151.679932
-130.840408 -540.753418 1111.333374
-136.362473 -541.271729 1128.403564
-136.424973 -484.459839 1111.333374
-130.840408 -540.753418 1111.333374
-130.459579 -484.459839 1111.333374
-142.302475 -451.790924 1128.403564
-136.760803 -451.962494 1128.403564
-132.951691 -542.820007 1180.606201
-132.951691 -542.820007 1187.800171
-132.951691 -542.820007 1180.606201
-132.951691 -426.098419 1187.800171
124.697495 -523.848267 1035.829956
128.396713 -523.823242 1043.639893
124.712494 -525.979980 1035.829956
126.568321 -527.036682 1187.640015
126.506248 -517.611572 1046.493164
128.363312 -518.668396 1184.793457
124.665466 -518.695007 1184.793457
129.916718 -491.551544 1141.409790
129.809570 -452.244049 1124.343140
129.809570 -452.244049 1141.409790
124.267494 -530.689819 1048.333252
124.267494 -452.414825 1048.333252
129.917496 -491.551544 1065.403320
126.694176 -532.371521 1164.473145
129.916718 -491.551544 1164.473145
129.916718 -491.551544 1157.279785
129.809570 -530.859985 1099.026367
129.809570 -452.244049 1099.026367
126.694176 -450.732330 1091.833740
129.916718 -491.551544 1174.293701
129.809570 -452.244049 1174.293701
126.540001 -460.336548 1043.639893
128.409561 -457.145142 1035.829956
124.712494 -457.122498 1187.640015
128.409561 -457.145142 1043.639893
128.363312 -464.435150 1046.493164
124.697495 -459.256561 1043.639893
124.706245 -457.125000 889.788513
128.403320 -457.147644 881.976624
126.534180 -460.339050 881.976624
126.562065 -456.068420 889.788513
124.659569 -464.413269 1030.939941
128.390823 -459.281555 1033.790161
128.390823 -459.281555 1033.790161
126.500000 -465.494843 1030.939941
125.019569 -533.638245 881.976624
128.872070 -535.473450 889.788513
128.704575 -533.346558 881.976624
126.775467 -532.428406 1033.790161
129.280823 -540.614990 892.638367
128.872070 -535.473450 1053.929810
128.872070 -535.473450 889.788513
125.186714 -535.765015 1033.790161
126.775467 -532.428406 1053.929810
124.512070 -537.070129 978.953186
130.432495 -560.866699 961.880310
124.512070 -537.070129 978.953186
136.017502 -560.696716 978.953186
130.432495 -625.859985 978.953186
130.034180 -536.551697 894.479980
124.512070 -537.070129 894.479980
135.974136 -560.696716 894.479980
130.096710 -593.364807 894.479980
130.432495 -625.859985 911.553162
136.062073 -593.364807 911.553162
124.512070 -537.070129 1020.243347
124.261246 -452.417328 1037.316528
130.432495 -560.866699 1037.316528
136.059998 -593.364807 1037.316528
130.432495 -625.859985 1037.316528
130.034180 -536.551697 1002.013123
126.623314 -535.003296 994.820374
126.623314 -535.003296 1002.013123
130.034180 -536.551697 938.376648
126.687500 -450.734833 931.183289
130.034180 -536.551697 938.376648
126.562065 -456.068420 831.092957
126.534180 -460.339050 885.238281
126.775467 -532.428406 885.238281
128.872070 -535.473450 831.092957
127.113319 -536.684814 885.238281
129.803314 -452.246552 851.519958
124.261246 -452.417328 851.519958
124.131248 -593.364807 868.589844
135.974136 -560.696716 851.519958
130.096710 -593.364807 851.519958
139.529602 -444.375916 1118.556519
138.496201 -493.395142 1125.089844
145.212051 -624.259827 931.340027
-154.135010 -520.541687 1094.333374
-152.558731 -520.541687 1087.563477
244.041718 -616.454956 972.003418
235.487488 -612.948242 969.979980
77.838341 -614.116577 972.003235
235.487488 -614.116577 967.956604
18.560312 -612.948242 969.979980
18.560312 -617.621521 969.979919
235.487488 -616.454956 972.003418
212.808746 -577.851562 1024.680176
221.363281 -582.524963 1024.680054
221.363281 -579.019958 1026.703369
212.808746 -577.851562 1024.680176
209.690002 -587.000122 1022.656433
-4.118437 -581.356567 1022.656433
212.808746 -581.356567 1022.656433
58.278748 -587.000122 1026.703369
186.486252 -475.094818 1158.263184
186.486252 -475.094818 1154.213623
186.486252 -476.261719 1156.236572
177.932190 -472.756714 1154.213623
174.813278 -481.906555 1156.236572
20.283125 -476.261719 1156.236572
174.813278 -480.738434 1154.213623
177.932190 -475.094818 1158.263184
-219.509155 -604.918274 955.949890
-210.955017 -602.581543 951.899963
-219.509155 -602.581543 951.899963
-53.305840 -604.918274 951.899963
5.972329 -604.918274 955.949890
-53.305840 -606.086548 953.923279
-53.305840 -604.918274 951.899963
-188.275879 -567.484985 1010.649597
-196.830399 -570.989990 1008.623413
-196.830399 -566.316528 1008.623413
-30.627079 -569.821533 1010.649719
-33.746143 -576.634827 1008.623413
28.651093 -567.484985 1006.599792
-188.275879 -570.989990 1008.623413
-185.157196 -576.634827 1008.623413
-153.399551 -479.323273 1182.196411
-161.954163 -481.659821 1178.149780
-161.954163 -480.491699 1180.173706
-153.399551 -478.154846 1180.173462
1.130449 -487.301849 1182.196411
4.249518 -482.826721 1180.173706
-150.280838 -487.301849 1178.149780
1.130449 -488.471558 1180.173706
-185.345428 -305.991638 1206.226074
-108.071060 -335.949066 1418.046509
-108.071060 -305.991638 1418.046509
129.004166 -221.265457 156.520401
129.004166 -210.172028 156.520401
-129.004166 -210.172028 119.123756
-94.754990 -210.172028 187.318329
36.195629 -827.981567 745.700073
-30.275208 -835.311523 687.531311
-41.933865 -833.363098 1131.350098
-49.563213 -833.363098 1121.803223
-106.909386 -749.651550 703.503479
-121.797066 -764.409973 569.124939
-135.398361 -789.474976 119.812485
-106.909386 -749.651550 703.503479
135.398361 -768.260010 565.273254
121.797066 -792.119995 569.124939
121.797066 -792.119995 569.124939
106.909386 -749.651550 703.503479
135.398361 -768.260010 119.787086
-119.336670 -802.548401 724.576721
-119.336670 -799.156555 1050.533447
-56.243443 -835.784973 1079.893433
73.589157 -816.294983 709.351135
-75.536674 -806.183105 709.351135
-75.559570 -816.269958 1079.893433
73.612274 -816.269958 1079.893433
-69.041679 -816.269958 1230.440186
46.552509 -851.156860 769.333496
46.552509 -833.679993 1068.689697
46.552509 -851.224976 1047.803589
135.907928 205.060776 927.316711
143.416702 147.847931 941.789978
143.416702 147.847931 941.789978
-43.837700 -369.124359 1445.417358
29.470734 -392.287506 1445.417358
-20.669638 -295.815857 1445.417358
1.852585 -430.949829 1445.417603
-105.667252 -414.814056 1416.726318
115.366486 23.128124 1438.706177
40.105518 31.319374 1438.720093
73.552925 50.249374 1422.527100
42.533943 -18.556875 1439.446411
102.236237 -25.292500 1423.582764
97.671875 -237.178268 1437.133667
97.671875 -237.118271 1428.059448
118.645409 -285.344147 1429.494141
-21.185356 -106.436874 1423.337280
-68.267921 -289.060852 1423.337280
77.137062 -198.222488 1437.280273
16.279638 -235.671707 1440.580688
118.645409 -235.519211 1429.494141
77.137062 -146.784561 1437.280273
16.279638 -184.233276 1440.580688
118.645409 -184.080780 1429.494141
77.137062 -95.759995 1437.280273
16.279638 -133.209183 1440.580688
118.645409 -133.056671 1429.494141
-78.188354 -267.709991 1444.825928
-0.000000 249.558273 484.835052
-0.000000 381.119049 1336.193359
20.075367 417.495941 1430.270020
20.075367 378.663422 1409.342773
-20.075310 230.007019 1307.330078
-20.075367 378.663422 1409.342773
-20.075310 249.558273 1301.343262
-0.000148 375.758423 1346.282104
-109.932549 219.176712 1340.822754
109.932549 359.889984 1377.537476
0.000148 235.044998 1308.699951
109.932549 260.227509 1430.294189
-144.920410 210.347961 1041.553223
-130.449951 210.354523 1374.421265
150.341690 -36.219376 1176.543213
137.059982 -26.570000 1176.543213
137.059982 -40.535625 1208.206299
142.133331 -24.921875 1176.543213
150.341690 -36.219376 1176.543213
-131.093719 -82.120621 882.296448
-142.365448 -42.205662 1207.896484
-134.157043 -30.908125 1207.896484
-150.574158 -30.908125 1207.896484
-137.292862 -26.592499 1207.896484
-142.365448 -24.944374 1176.236816
-142.115433 205.304993 1118.579834
-137.223297 147.806671 1133.000000
-137.224548 147.807922 927.320068
-142.096222 205.304520 941.789978
-56.103554 -732.744995 1465.301025
-44.246964 -769.234985 1465.298828
-80.737717 -757.380005 1465.301025
-32.390408 -805.726562 1465.301025
-3.608547 -782.440002 1451.713379
-7.756173 -757.380005 1465.301025
-31.042814 -728.596863 1451.713379
-75.287895 -746.683105 1465.298828
-75.287895 -791.788391 1465.298828
34.819580 -900.789978 1442.377319
-34.819580 -919.329956 1417.566650
-65.619362 -484.823273 1460.003296
-134.760010 -800.019958 1451.974365
-0.000000 234.229996 1408.382568
-145.361221 92.736870 1442.963135
-132.228714 219.194992 1408.382568
-134.760010 -800.019958 1451.974365
-140.694977 56.728027 1429.960327
-65.619362 -484.823273 1460.003296
-149.536682 -235.514999 119.153725
-0.000000 -923.698425 1407.857422
-0.000000 -905.033447 1441.822632
-111.595192 -923.698425 1428.850098
-0.000000 -905.033447 1417.566650
-132.228760 219.194992 451.130188
-149.536682 -235.713348 848.870117
-131.567932 -871.588440 1428.849609
-128.247940 -831.644958 1249.990234
-127.635864 72.946877 525.363098
-127.635857 68.794373 752.623413
-148.486206 214.694992 458.234985
-127.635864 -217.843277 770.595032
-148.486710 144.973312 594.908325
-128.247940 -764.109985 814.916687
-0.000000 -806.068420 1249.873291
-0.000000 68.794373 752.623413
-0.000000 67.773125 543.853271
-128.247910 -716.914978 774.889954
-128.247940 -871.588440 1408.382568
-140.695023 -369.929993 1429.960327
-149.536713 -716.914978 777.149902
-149.536682 -235.713348 848.870117
-149.536713 -430.985931 519.793335
-0.000000 -861.448120 1460.003296
-0.000000 69.910622 1430.406494
160.175018 255.359207 1430.469971
160.174988 69.910622 1429.960327
160.174957 -369.929993 1429.960327
129.390381 38.331875 1421.363892
160.175003 -799.034973 1408.382568
160.175003 -799.034973 1408.382568
-0.000000 -923.698425 1417.566650
111.906006 -905.033447 1417.566650
111.595192 -905.033447 1428.850098
-0.000000 234.229996 647.453003
-0.000000 234.229996 647.453003
111.390625 -832.121521 112.164337
148.486221 214.694992 646.874939
103.873116 -923.698425 1451.337524
149.536682 -430.985931 1231.516357
127.635849 140.506683 596.736755
127.635857 -217.843277 752.623413
127.635864 72.946877 525.363098
132.228714 219.194992 853.433289
148.486710 74.883751 520.220032
85.968613 -832.121521 1249.873291
127.635857 -217.843277 752.623413
149.536682 -415.025940 543.853271
111.390640 -715.338135 774.889893
149.536682 -641.231567 777.149902
-0.000000 232.567490 451.130188
160.175003 -799.034973 1408.382568
149.536713 -716.914978 777.149902
128.247910 -716.914978 774.889954
141.292068 -432.048431 777.149963
149.536697 -235.514999 520.220032
-0.000000 102.631248 353.330017
-141.297104 -640.169800 777.149902
-135.052856 -220.509216 342.187500
-149.536697 -256.418274 119.178337
85.968613 -806.068420 1249.873291
149.536713 -316.507507 119.249962
-70.525841 -220.509216 277.187531
-135.052856 -220.509216 119.135445
135.052856 -220.509216 119.135468
144.536713 -426.589050 119.380844
149.536682 -641.231567 119.635880
111.390640 -716.044983 119.724960
90.968613 -801.068420 119.825844
-85.968613 -832.121521 112.164337
-106.836823 -711.044983 119.719147
-136.292892 -644.566711 119.640007
-144.536713 -377.298431 119.322098
56.426971 -235.509995 119.153786
126.289955 -418.856567 119.371620
106.836823 -711.044983 119.718697
-98.679596 -791.068420 119.831268
-134.536713 -679.263428 119.681267
-126.135849 -241.504211 123.283310
56.426971 -235.509995 119.153786
128.536667 -316.502502 123.372498
120.289619 -413.574982 123.487511
134.536713 -701.914978 119.707916
0.000000 -785.063416 123.929596
-134.536682 -701.914978 119.707939
-134.536682 -654.421692 119.651680
-134.536713 -316.508362 119.249969
-56.426971 -251.504211 123.294998
128.536682 -243.990860 123.286247
110.292915 -667.424988 123.789978
91.662498 -695.069336 123.822495
-82.688332 -775.258423 123.935020
-128.536682 -679.260010 123.803764
-118.536674 -403.719055 123.475853
-70.525848 -251.448273 170.268311
118.536690 -251.448273 170.270035
110.293129 -667.368103 170.762802
81.938522 -685.179993 123.810425
-81.938522 -685.123413 170.783783
-118.536690 -668.488098 123.791229
-118.536690 -377.237488 170.417847
112.536880 -310.407501 202.849182
-56.426884 -257.448273 170.275391
112.536880 -257.448273 170.277206
118.536697 -403.661560 170.449249
-110.289558 -404.726562 170.450485
-1.562369 -257.410004 202.786240
112.536880 -310.407501 202.849182
112.536850 -398.346558 202.953720
-112.536697 -398.387482 170.442764
82.688347 -775.201538 170.907852
-82.688309 -775.201538 170.907806
-0.000000 -771.046570 57.887493
115.643135 -671.083435 170.767181
-81.938522 -685.123413 170.783783
-110.100601 -671.084961 170.766251
81.990616 -682.123413 170.780014
110.289597 -404.724060 170.450485
-110.292938 -667.368103 170.762802
65.528755 -615.438293 302.115936
-141.292068 -432.048431 777.149963
-135.885803 -446.416565 1186.080078
135.386246 -446.340942 1186.079834
-132.695023 -625.876526 805.534973
126.340424 -446.340942 1186.079834
-9.345651 -446.345917 1186.079834
-9.345651 -446.345917 1186.079834
-122.472549 -246.167496 181.785431
-127.238770 -249.629990 -58.498760
-133.130798 -231.497498 -58.498760
-127.238770 -231.497498 -58.498760
-136.799530 -698.221558 123.906654
-136.799530 -698.221558 123.906654
-119.554146 -692.619995 -116.377518
-130.212479 -707.288757 -116.377518
-130.212494 -689.154968 -356.661682
-134.978745 -703.825012 -356.661682
-124.320839 -689.154968 -356.661682
-134.978745 -703.825012 -116.377518
127.266266 -698.221863 126.620796
134.978745 -703.825012 123.906654
119.554146 -703.825012 -116.377518
134.978745 -692.619995 -356.661682
119.554146 -703.825012 -356.661682
117.733330 -698.221558 -356.661682
136.799530 -698.221558 -116.377518
-138.212051 -709.006836 -131.675003
-140.347931 -709.019958 -123.861641
-139.291687 -707.163086 -131.675003
-141.402481 -710.875000 -275.673431
-141.402481 -710.875000 -285.437561
-134.112473 -710.828735 -134.524216
-138.212051 -709.006836 -131.675003
-139.291687 -707.163086 -285.437561
-62.785419 -707.659973 -123.861641
-65.203972 -711.178101 -131.675003
-63.077499 -711.343445 -123.861641
-65.203972 -711.178101 -131.675003
-56.728027 -709.994995 -134.524216
-63.077499 -711.343445 -295.815063
-57.937275 -711.753113 -272.824982
-62.785419 -707.659973 -275.673431
-146.134155 -706.734375 -220.837494
-61.480019 -706.983398 -203.766251
-37.682919 -712.904968 -220.837494
-5.186224 -712.571228 -203.766251
51.107605 -706.983398 -203.766251
51.107605 -706.983398 -203.766251
27.310465 -712.904968 -203.766251
27.310465 -712.904968 -203.766251
-61.480019 -706.983398 -136.365463
-61.480019 -706.983398 -136.365463
-37.854485 -718.446838 -136.365463
-5.186224 -706.606873 -153.436676
135.761276 -706.734375 -136.365463
51.627182 -712.505615 -136.365463
-5.186224 -712.570312 -136.365463
-5.186224 -712.571228 -153.436676
27.481985 -718.446838 -153.436676
-173.559174 -707.888733 -241.151642
-61.473145 -720.006836 -241.053360
51.100731 -720.006836 -241.053360
163.758743 -720.006836 -241.223282
-5.186224 -720.356567 -241.514175
-60.805847 -717.588745 -189.401642
-60.757500 -708.171265 -160.802063
51.100731 -717.588745 -160.892059
-61.480019 -706.983398 -279.199982
-61.480019 -706.983398 -262.129120
-5.186224 -712.571228 -279.199982
-37.682919 -712.904968 -262.129120
51.107605 -706.983398 -279.199982
135.932465 -712.274963 -262.129120
27.310465 -712.904968 -262.129120
-5.186224 -712.571228 -262.129120
-63.546856 -709.096558 -243.897491
-147.816254 -709.159973 -236.704132
-5.186224 -708.696533 -243.897491
53.174377 -709.096558 -243.897491
53.174377 -709.096558 -236.704132
51.627182 -712.505615 -243.897491
-63.546856 -709.096558 -180.261719
-5.186224 -712.141541 -173.067810
135.932465 -712.274963 -180.261719
51.627182 -712.505615 -173.067810
137.444153 -709.159973 -173.067810
-141.425797 -707.179993 71.019783
-139.268295 -710.861877 71.019783
-140.347931 -709.019958 78.833122
-141.425797 -707.179993 71.019783
-134.112473 -710.828735 -70.129997
-138.212051 -709.006836 -127.124565
-139.268295 -710.861877 -72.978966
-138.212051 -709.006836 -72.978966
-139.268295 -710.861877 -127.124565
-61.866035 -709.584961 78.833122
-66.122482 -709.248718 71.019783
-64.912102 -707.491211 -72.978966
-63.077499 -711.343445 71.019783
-66.122482 -709.248718 -127.124565
-61.866035 -709.584961 -127.124565
-57.645634 -708.068726 68.170624
-65.203972 -711.178101 -127.124565
-146.304993 -712.274963 -18.142656
-146.134155 -706.734375 -18.142656
-5.186224 -706.601868 -18.142656
-37.854485 -718.446838 -1.071641
51.627182 -712.505615 -18.142656
135.761276 -706.734375 -18.142656
-5.186224 -706.601868 -18.142656
-5.186224 -718.536865 -18.142656
-61.999580 -712.505615 49.258007
-5.186224 -706.598450 66.328941
-37.682919 -712.904968 49.258007
-37.682919 -712.904968 49.258007
135.932465 -712.274963 66.328941
-5.186224 -712.568726 66.328941
27.310465 -712.904968 49.258007
-5.186224 -712.568726 66.328941
-60.805847 -720.006836 -66.377495
-60.612705 -706.159973 -70.769997
-5.186224 -720.374329 -38.829472
50.240307 -706.159973 -70.769997
163.506271 -705.886841 -70.956871
-5.186224 -709.200012 -38.736885
-61.473145 -716.834961 41.802616
50.433430 -716.834961 13.292969
51.100731 -716.834961 41.802616
-61.480019 -706.983398 -93.404816
-5.186224 -706.603394 -93.404816
-37.854485 -718.446838 -93.404816
-5.186224 -712.570312 -110.476021
-5.186224 -706.603088 -110.476021
51.107605 -706.983398 -93.404816
27.481985 -718.446838 -93.404816
-5.186224 -712.570312 -110.476021
-61.999580 -712.505615 -41.202618
-61.999580 -712.505615 -34.009171
-5.186224 -712.138123 -34.009171
53.174377 -709.096558 -41.202618
51.627182 -712.505615 -34.009171
51.627182 -712.505615 -34.009171
-146.304993 -712.274963 29.626562
-147.816254 -709.159973 22.433281
53.174377 -709.096558 22.433281
135.932465 -712.274963 22.433281
53.174377 -709.096558 29.626562
-32.977295 -713.351257 78.833122
-32.952507 -717.050293 78.833122
-29.763542 -715.179993 78.833122
-32.952507 -717.050293 -72.978966
-25.688122 -713.301880 68.170624
-30.818134 -717.034973 -72.978966
-25.662659 -717.000000 -70.129997
-25.688122 -713.301880 68.170624
-30.818134 -717.034973 -127.124565
-65.108147 -714.059998 -38.456982
54.526657 -726.128723 -66.548126
-5.186224 -714.210632 -38.357929
-37.854485 -718.446838 -40.012390
28.995619 -715.331238 -32.818954
27.481985 -718.446838 -40.012390
-37.854485 -718.864990 29.626562
28.995619 -715.749695 22.433281
-5.186224 -718.956848 22.433281
-30.843012 -713.338135 -123.861641
-34.032063 -715.206848 -123.861641
-32.952507 -717.050293 -123.861641
-30.818134 -717.034973 -275.673431
-30.843012 -713.338135 -310.176544
-29.763542 -715.179993 -275.673431
-24.608019 -715.143433 -272.824982
-30.818134 -717.034973 -310.176544
-5.186224 -726.081848 -269.154144
-65.108147 -714.059998 -241.151642
54.526657 -726.081848 -269.243347
-37.854485 -718.446838 -243.897491
-39.368130 -715.331238 -243.897491
27.481985 -718.446838 -236.704132
-5.186224 -717.125000 -180.261719
-5.186224 -717.125000 -180.261719
-5.186224 -720.351257 -173.067810
132.109161 -709.034973 -123.861641
127.839569 -709.006836 -131.675003
132.109161 -709.034973 -123.861641
128.919159 -707.163086 -275.673431
122.684128 -708.973083 -272.824982
132.109161 -709.034973 -285.437561
123.739975 -710.828735 -134.524216
122.684128 -708.973083 -134.524216
132.109161 -709.034973 -285.437561
51.493557 -709.584961 -131.675003
54.831558 -711.178101 -123.861641
54.539471 -707.491211 -275.673431
54.831558 -711.178101 -131.675003
54.539471 -707.491211 -295.815063
47.564686 -711.753113 -134.524216
47.273220 -708.068726 -134.524216
52.412922 -707.659973 -295.815063
128.919159 -707.163086 71.019783
132.109161 -709.034973 78.833122
131.030029 -710.875000 78.833122
128.895844 -710.861877 -72.978966
128.919159 -707.163086 -127.124565
127.839569 -709.006836 -72.978966
122.684128 -708.973083 -70.129997
129.975006 -709.019958 -127.124565
52.412922 -707.659973 71.019783
54.831558 -711.178101 78.833122
52.704990 -711.343445 78.833122
54.831558 -711.178101 71.019783
46.355705 -709.994995 -70.129997
52.412922 -707.659973 -72.978966
47.564686 -711.753113 -70.129997
47.273220 -708.068726 -70.129997
20.470568 -713.338135 78.833122
22.580004 -717.050293 78.833122
19.390995 -715.179993 78.833122
22.580004 -717.050293 71.019783
15.315679 -713.301880 -70.129997
20.445675 -717.034973 -72.978966
15.290205 -717.000000 -70.129997
15.315679 -713.301880 68.170624
22.604843 -713.351257 -131.675003
20.445675 -717.034973 -131.675003
20.470568 -713.338135 -123.861641
22.604843 -713.351257 -131.675003
15.290205 -717.000000 -272.824982
19.390995 -715.179993 -310.176544
20.445675 -717.034973 -275.673431
15.315679 -713.301880 -272.824982
-171.869995 -721.341858 -42.117188
-171.869995 -721.341858 -42.117188
161.497482 -719.208740 -48.730408
-9.736355 -719.101868 -164.115448
-58.756237 -716.966858 -170.728714
-0.636094 -716.966858 -170.728256
-0.636094 -719.101868 -164.115448
-58.756237 -725.610291 -266.895020
-0.636094 -727.741516 -266.895905
48.383747 -725.611206 -260.281647
-29.548546 -770.478394 78.225426
78.568344 -772.611572 78.224396
78.568344 -772.613098 84.838341
-9.736355 -770.481567 69.815620
-58.918362 252.364212 1125.299805
-50.476254 216.403748 1127.429810
-58.918362 252.364212 1125.299805
-69.588753 208.884995 1110.436279
-69.756485 243.949997 1113.979858
-67.566254 244.014999 1110.319946
-69.756485 243.949997 1113.979858
-89.810234 273.375854 1179.596313
-103.346436 260.340790 1154.470215
-121.887917 273.375854 1135.446533
-92.888123 308.029999 1189.073242
-96.722755 303.334991 1186.230225
-121.928307 308.029999 1167.969849
-91.228905 273.186646 1174.386230
-112.148735 274.613342 1160.865967
-117.370811 273.186646 1138.406738
-112.148735 274.613342 1160.865967
-89.152496 274.613342 1177.573120
-121.123695 304.061646 1162.689941
-74.940193 262.036713 1165.613647
-74.940193 274.613342 1177.573120
-74.940193 271.489990 1092.893677
-101.893539 262.055847 1113.139771
-119.067055 271.489990 1131.936768
-92.888123 308.029999 1081.823364
-113.870186 273.375854 1108.773926
-116.772919 278.272491 1112.260010
-82.684784 263.752502 1103.646362
-101.973740 262.036713 1117.419800
-107.938133 263.752502 1132.486450
-92.888123 308.029999 1081.823364
-116.658737 304.061646 1102.053467
-119.760376 274.613342 1135.446533
-108.879791 260.340790 1135.446533
-82.684799 262.055847 1101.863403
-60.070427 273.375854 1179.596313
-47.987068 262.055847 1157.756714
-46.534199 260.340790 1154.470215
-74.940193 278.272491 1181.283325
-60.070427 273.375854 1179.596313
-53.157810 303.334991 1186.230225
-36.010418 273.375854 1162.119873
-47.906776 262.036713 1153.476440
-45.556465 263.752502 1151.523926
-32.509785 273.186646 1138.406738
-33.221874 304.061646 1168.840332
-35.344688 279.000000 1157.906860
-47.906776 262.036713 1153.476440
-64.614372 262.036713 1165.613647
-74.940193 273.186646 1176.216797
-60.517735 262.055847 1104.036255
-36.228748 271.489990 1113.273315
-27.992510 273.375854 1135.446533
-74.940193 303.334991 1081.866333
-27.952236 308.029999 1102.919922
-26.519951 303.334991 1107.476440
-58.651657 273.186646 1096.506592
-37.731766 274.613342 1110.026489
-32.509785 273.186646 1132.486450
-37.731766 274.613342 1110.026489
-60.727909 274.613342 1093.319946
-28.756933 304.061646 1108.200073
-67.195816 263.752502 1103.646362
-74.940193 279.000000 1091.963623
89.810234 273.375854 1051.623779
113.870186 273.375854 1034.143311
108.879791 260.340790 1007.473083
93.268501 308.029999 1062.266113
118.041298 303.334991 1042.763794
133.079575 308.029999 1007.473083
74.940193 308.029999 1062.266113
113.798325 342.824371 1034.090088
123.360809 312.724121 1035.443359
122.924164 308.029999 1040.719849
113.798325 342.824371 1034.090088
89.782700 342.824371 1051.540161
92.371872 364.329987 1007.473083
89.991112 364.329987 1016.793518
108.476196 273.186646 1033.880005
101.973755 262.036713 1025.499878
85.599594 279.000000 1050.953369
120.932487 308.029999 1039.273438
130.617477 308.029999 1007.473083
88.115868 311.996643 1058.699951
95.340210 311.996643 1056.353516
89.152489 341.444366 1049.600098
121.123695 311.996643 1034.716797
79.011856 359.101562 1026.486694
90.359352 359.101562 1020.153259
94.645241 359.101562 1009.973328
87.737732 363.576569 1015.156616
74.940193 263.752502 1039.269897
85.599594 279.000000 1050.953369
74.940193 271.489990 964.920288
101.893539 262.055847 985.163574
119.067078 271.489990 1003.960205
89.810234 273.375854 963.320007
111.453575 278.272491 976.963257
116.772919 278.272491 984.283508
74.940193 312.724121 953.889832
93.268501 308.029999 952.680115
96.722694 312.724121 956.686646
116.772911 337.785309 984.283508
74.940193 364.329987 991.393127
91.237877 361.057495 993.579956
121.799149 342.824371 1007.473083
87.737732 363.576569 999.789978
85.266281 262.036713 977.306702
111.955215 273.186646 985.850037
111.955215 273.186646 985.850037
110.071030 279.000000 978.866516
112.148735 274.613342 982.049988
121.123695 304.061646 980.226685
89.152489 341.444366 965.343445
110.071053 337.058441 978.866516
112.148735 341.444366 982.049988
89.152489 341.444366 965.343445
90.359352 359.101562 994.789917
91.335411 362.095612 1007.473083
74.940193 363.576569 994.040161
101.973755 262.036713 989.443542
85.790367 260.340790 975.692932
67.195816 262.055847 1041.053467
40.356041 271.489990 1035.323608
46.534187 260.340790 1026.496460
74.940193 278.272491 1053.306519
60.070427 273.375854 1051.623779
27.692186 278.272491 1011.996521
36.010414 273.375854 1034.143311
60.097713 342.824371 1051.540161
60.097713 342.824371 1051.540161
36.082188 342.824371 1034.090088
69.191475 364.329987 1023.553162
36.082188 342.824371 1034.090088
32.495514 345.568420 1010.436523
74.940193 363.576569 1020.903320
64.614380 262.036713 1037.639893
60.727917 274.613342 1049.600098
42.697300 262.036713 1007.473083
57.372723 308.029999 1059.926270
57.372723 308.029999 1059.926270
28.948124 308.029999 1039.273438
57.372723 308.029999 1059.926270
39.809589 337.058441 1036.076660
19.263123 308.029999 1007.473083
64.281029 343.611542 1046.759888
42.274052 343.611542 1032.683350
30.120405 341.444366 1007.473083
37.731766 341.444366 1032.893188
64.614380 262.036713 1037.639893
74.940193 262.036713 1037.639893
64.281036 271.489990 964.920288
46.534187 260.340790 988.446716
43.859886 262.055847 990.843262
30.813232 271.489990 1003.960205
36.010414 273.375854 980.800110
55.674164 278.272491 964.433594
36.010414 273.375854 980.800110
74.940193 342.824371 963.403564
38.427090 337.785309 976.963257
27.692186 337.785309 1002.946472
60.097713 342.824371 963.403564
58.642494 361.057495 993.579956
57.508755 364.329987 1007.473083
74.940193 363.576569 994.040161
60.727917 274.613342 965.343445
41.404488 273.186646 981.063171
37.925316 273.186646 985.850037
57.056755 279.000000 966.336853
54.540428 304.061646 958.593018
28.948124 308.029999 975.669983
64.281044 337.058441 963.989807
37.731766 341.444366 982.049988
21.786306 311.996643 1003.673340
60.727917 341.444366 965.343445
42.274052 343.611542 982.259827
30.120405 341.444366 1007.473083
56.579388 359.101562 998.840149
64.614380 262.036713 977.306702
74.940193 260.340790 975.692932
101.449623 216.817490 987.830139
41.000816 260.340790 1007.473267
101.449623 260.340790 987.830139
-101.893539 262.055847 1029.779907
-113.651886 271.489990 1029.643555
-113.651886 271.489990 1029.643555
-74.940193 303.334991 1061.053345
-94.206482 278.272491 1050.513062
-133.079575 308.029999 1007.473083
-85.599594 337.785309 1053.306519
-122.924164 308.029999 1040.719849
-133.079575 308.029999 1007.473083
-85.599571 345.568420 1048.256592
-108.485016 345.568420 1033.893188
-84.649986 361.057495 1026.149902
-111.969757 345.568420 1029.096802
-85.599594 273.186646 1048.239624
-100.845001 263.752502 1028.336792
-107.938126 263.752502 1010.433289
-85.599594 279.000000 1050.953369
-92.507683 308.029999 1059.926270
-119.951263 279.000000 1011.269836
-88.115868 311.996643 1058.699951
-95.340210 311.996643 1056.353516
-130.617477 308.029999 1007.473083
-114.535606 337.058441 1029.933105
-80.368996 362.095612 1022.566589
-80.368996 362.095612 1022.566589
-94.645241 359.101562 1009.973328
-89.586632 363.576569 1007.473083
-74.940193 263.752502 1039.269897
-85.599594 273.186646 1048.239624
-92.277504 271.489990 967.086670
-89.810234 273.375854 963.320007
-109.634781 262.055847 1003.960266
-88.115868 303.334991 953.889832
-122.924164 308.029999 974.223572
-130.331284 303.334991 1002.946594
-88.115868 312.724121 953.889832
-111.453560 337.785309 976.963257
-133.079575 308.029999 1007.473083
-74.940193 342.824371 963.403564
-91.237732 345.568420 968.519836
-121.799149 342.824371 1007.473083
-113.798325 342.824371 980.853394
-85.266281 262.036713 977.306702
-100.845001 263.752502 986.606689
-107.938126 263.752502 1004.513000
-74.940193 308.029999 955.016846
-120.932487 308.029999 975.669983
-128.094528 304.061646 1003.673340
-89.152489 341.444366 965.343445
-116.658760 311.996643 974.080078
-128.094528 311.996643 1003.673340
-114.535606 337.058441 985.010071
-90.359352 343.611542 969.726990
-80.368996 362.095612 992.376831
-91.335411 362.095612 1007.473083
-89.586632 363.576569 1007.473083
-85.266281 262.036713 977.306702
-89.152489 274.613342 965.343445
-60.070427 273.375854 1051.623779
-40.356041 271.489990 1035.323608
-27.992504 273.375854 1007.473083
-61.764584 303.334991 1061.053345
-53.157810 303.334991 1058.256470
-16.801195 308.029999 1007.473083
-56.612087 308.029999 1062.266113
-36.082188 342.824371 1034.090088
-27.692186 337.785309 1011.996399
-74.940193 345.568420 1048.256592
-59.889359 364.329987 1016.793518
-37.911045 345.568420 1029.096802
-37.911045 345.568420 1029.096802
-60.727917 274.613342 1049.600098
-58.651646 273.186646 1046.413086
-41.942505 263.752502 1010.433289
-74.940193 304.061646 1058.699951
-28.948124 308.029999 1039.273438
-28.948124 308.029999 1039.273438
-60.727917 341.444366 1049.600098
-28.948124 308.029999 1039.273438
-21.786306 311.996643 1011.269836
-74.940193 343.611542 1046.759888
-59.521275 343.611542 1045.216431
-59.521275 343.611542 1045.216431
-58.544983 362.095612 1007.473083
-60.293957 363.576569 1007.473083
-74.940193 262.036713 1037.639893
-64.281029 273.186646 1048.239624
-60.070427 273.375854 963.320007
-40.356041 271.489990 979.620239
-36.228748 271.489990 985.299927
-61.764584 303.334991 953.889832
-53.157810 303.334991 956.686707
-19.549269 303.334991 1002.946594
-61.764584 312.724121 953.889832
-36.082188 342.824371 980.853394
-19.549269 312.724121 1002.946472
-33.107693 337.785309 984.283508
-41.395630 345.568420 981.049988
-69.191475 364.329987 991.393127
-55.158127 361.057495 998.376404
-59.889359 364.329987 998.149963
-47.906765 262.036713 989.443542
-42.697300 262.036713 1007.473083
-61.764584 304.061646 956.243469
-39.809586 279.000000 978.866516
-19.263123 308.029999 1007.473083
-74.940193 311.996643 956.243591
-33.221775 311.996643 974.080078
-54.540409 311.996643 958.593018
-28.948124 308.029999 975.669983
-69.511665 362.095612 992.376831
-60.727917 362.095612 998.760132
-55.235397 359.101562 1004.970154
-58.544983 362.095612 1007.473083
-74.940193 263.752502 975.673584
-74.940193 274.613342 965.343445
-47.382504 260.340790 987.830139
-101.449608 260.340790 1027.113281
-74.940193 271.489990 922.050293
-92.277504 271.489990 919.879822
-119.067078 271.489990 883.008484
-85.599594 278.272491 925.332031
-122.924164 308.029999 912.746704
-133.079575 308.029999 879.498047
-74.940193 308.029999 934.289795
-122.924164 308.029999 912.746704
-96.722694 312.724121 930.279907
-123.360809 312.724121 907.471680
-79.011887 361.057495 900.006470
-91.237877 361.057495 893.388123
-121.799149 342.824371 879.498047
-87.737732 363.576569 887.181519
-101.973755 262.036713 897.524841
-112.148735 274.613342 904.918091
-117.370834 273.186646 882.458191
-112.148735 274.613342 904.918091
-114.535606 279.000000 901.958008
-120.932487 308.029999 911.299683
-89.152489 341.444366 921.626526
-92.507683 308.029999 931.953430
-119.951256 337.058441 883.296631
-79.011856 359.101562 898.513184
-90.359352 359.101562 892.180054
-115.963745 343.611542 881.999817
-79.828529 363.576569 892.928345
-107.183311 262.036713 879.498047
-85.599594 279.000000 922.981384
-74.940193 273.375854 835.344910
-109.524590 271.489990 851.644836
-106.020622 262.055847 862.868469
-89.810234 273.375854 835.344910
-122.924164 308.029999 846.248169
-116.772919 278.272491 856.310303
-93.268501 308.029999 824.701904
-96.722694 312.724121 828.714966
-133.079575 308.029999 879.498047
-123.360809 312.724121 851.525085
-74.940193 361.057495 858.986877
-91.237732 345.568420 840.543518
-96.066628 361.057495 876.533447
-87.737732 363.576569 871.813354
-85.266281 262.036713 849.331604
-112.148735 274.613342 854.076782
-88.115868 304.061646 828.269958
-112.148735 274.613342 854.076782
-119.951263 279.000000 875.700134
-114.535606 279.000000 857.038391
-92.507683 308.029999 827.043335
-92.507683 308.029999 827.043335
-119.760399 341.444366 879.498047
-89.152489 341.444366 837.369873
-80.368996 362.095612 864.403320
-91.335411 362.095612 879.498047
-79.828529 363.576569 866.066528
-103.346436 260.340790 860.473511
-85.599594 279.000000 836.015076
-64.281036 271.489990 922.050293
-46.534187 260.340790 898.520142
-43.859886 262.055847 896.123596
-60.070427 273.375854 923.648132
-26.956406 308.029999 912.746704
-27.992504 273.375854 879.498047
-74.940193 312.724121 933.080139
-53.157913 312.724121 930.279907
-16.801195 308.029999 879.498047
-36.082188 342.824371 906.116516
-69.191475 364.329987 895.578125
-69.191475 364.329987 895.578125
-53.813957 361.057495 882.459595
-60.293957 363.576569 879.498047
-47.906765 262.036713 897.524841
-41.942505 263.752502 882.458191
-60.727917 274.613342 921.626526
-39.809586 279.000000 908.103088
-30.120405 274.613342 879.498047
-74.940193 311.996643 930.723267
-57.372723 308.029999 931.953430
-54.540409 311.996643 928.376953
-30.120405 341.444366 879.498047
-74.940193 362.095612 894.591553
-69.511665 362.095612 894.591553
-30.120405 341.444366 879.498047
-70.052094 363.576569 892.928345
-42.697300 262.036713 879.498047
-74.940193 279.000000 922.981384
-64.281036 271.489990 836.943359
-40.356041 271.489990 851.644836
-43.859886 262.055847 862.868469
-61.764584 303.334991 825.918518
-36.010414 273.375854 852.826599
-27.692186 278.272491 874.973389
-33.107693 278.272491 856.310303
-31.839277 312.724121 844.203552
-55.674072 337.785309 836.460083
-28.081299 342.824371 879.498047
-60.097713 342.824371 835.430054
-69.191475 364.329987 863.418335
-57.508755 364.329987 879.498047
-62.142719 363.576569 871.813354
-61.566433 263.752502 849.528503
-47.906765 262.036713 861.470032
-37.731766 274.613342 854.076782
-60.727917 274.613342 837.369873
-54.540428 304.061646 830.617920
-37.731766 274.613342 854.076782
-64.281044 337.058441 836.015076
-57.056755 337.058441 838.361755
-21.786306 311.996643 875.700134
-64.281029 343.611542 840.206604
-37.731766 341.444366 854.076782
-33.916882 343.611542 876.995056
-70.052094 363.576569 866.066528
-42.697300 262.036713 879.498047
-67.195816 262.055847 845.914917
-101.449623 216.817490 859.856628
-64.090202 216.817490 911.276794
-45.142498 -366.594666 1393.905640
-95.451256 -452.245941 1269.863281
-122.766220 -799.318420 1269.863403
-34.703121 -835.794983 1269.863403
-2.765873 -634.151733 1269.266724
-2.765873 -634.151733 1269.266724
-34.703121 -835.794983 1269.863403
-243.280731 -511.603271 1428.886108
-86.180626 -890.875000 1428.886108
-86.510612 -891.891541 1402.680176
-194.314545 -825.699951 1393.905640
-260.494202 -717.891235 1402.680176
-260.494202 -550.409973 1402.680176
-161.991272 -414.995941 1393.905640
-2.765873 -363.158417 1402.680176
-270.421692 -676.541870 1418.371338
-194.394562 -825.779968 1418.371338
-125.799141 -875.618103 1418.371338
-86.510643 -376.410919 1418.371338
-161.430435 -415.768433 1428.886108
-259.490082 -550.736572 1428.886108
-34.380726 -434.542480 1273.136475
-166.265442 -752.940002 1273.136475
-94.516060 -814.219971 1273.136475
-2.765873 -432.053436 1273.136475
-194.971649 -571.700012 1273.136475
-94.516060 -814.219971 1273.136475
-2.765873 -634.151733 1426.217407
-256.827484 -716.700012 1426.217407
-44.555096 -897.996826 1402.680176
-124.042915 -872.171570 1402.680176
-218.883270 -791.169983 1394.837036
-269.901642 -634.151733 1402.680176
-240.785751 -512.873413 1394.837036
-124.042931 -396.130920 1402.680176
-269.901642 -634.151733 1418.371338
-256.827484 -716.700012 1418.371338
-159.784561 -850.268433 1426.217407
-2.765873 -901.286865 1426.217407
-124.042908 -396.130920 1418.371338
-191.659149 -445.257477 1418.371338
-194.238373 -442.703430 1393.926392
-194.971649 -571.700012 1269.266602
-204.862976 -634.151733 1273.136475
-244.221680 -757.179993 1402.680176
-273.757568 -634.151733 1394.837036
-270.421692 -591.758423 1402.680176
-218.883255 -477.133270 1402.680176
-191.659149 -445.257477 1402.680176
-260.494202 -717.891235 1418.371338
-194.385834 -442.530151 1418.371338
-260.494202 -550.409973 1418.371338
-124.042931 -396.130920 1402.680176
-166.265488 -515.361572 1273.136475
60.322083 -439.985931 1269.863281
141.246658 -489.948425 1270.293457
89.919373 -816.056885 1269.863403
-2.765873 -634.151733 1269.266724
196.842926 -602.536682 1269.266602
141.594971 -778.511536 1269.863403
39.461346 -367.538422 1428.886108
263.846588 -591.923401 1428.886108
-2.765873 -903.214966 1428.153442
216.480835 -793.443420 1402.680176
264.669067 -676.491211 1393.926392
216.471252 -474.865143 1402.680176
39.610741 -366.594666 1393.905640
263.846588 -676.378418 1428.886108
188.862961 -825.779968 1418.371338
80.648979 -890.875000 1428.886108
80.978943 -376.410919 1418.371338
188.107483 -443.277496 1428.886108
263.846588 -591.923401 1428.886108
79.783554 -380.089996 1394.837036
140.138290 -777.054993 1273.136475
118.511238 -872.171570 1394.837036
-2.765873 -432.053436 1273.136475
199.331223 -634.151733 1273.136475
88.984146 -814.219971 1273.136475
-2.765873 -634.151733 1426.217407
264.369965 -634.151733 1426.217407
79.783531 -888.211548 1426.217407
154.252502 -850.268433 1402.680176
213.351212 -791.169983 1394.837036
261.080841 -675.940002 1402.680176
235.253372 -512.873413 1394.837036
118.511208 -396.130920 1402.680176
-2.765873 -367.014679 1394.837036
251.295013 -716.700012 1426.217407
154.252502 -850.268433 1418.371338
39.023438 -897.996826 1426.217407
39.023331 -370.304352 1418.371338
186.127640 -445.257477 1426.217407
261.080841 -592.361694 1418.371338
162.189606 -514.468262 1270.293457
196.842926 -602.536682 1269.266602
254.962585 -717.891235 1402.680176
268.226532 -634.151733 1402.680176
261.080841 -592.361694 1394.837036
235.253372 -512.873413 1402.680176
188.854553 -442.530151 1402.680176
264.369965 -634.151733 1418.371338
156.519241 -414.913422 1418.371338
235.253372 -512.873413 1418.371338
120.262054 -392.694977 1402.680176
177.304123 -542.401733 1273.136475
94.354126 -816.483398 -7.115405
101.484589 -806.538391 171.004547
94.354149 -806.539978 -1.621035
-94.354149 -820.599976 185.678741
-101.484589 -820.599976 -7.115405
-97.919380 -814.423401 -7.115405
-101.484589 -820.599976 -7.115405
20.403744 -458.796539 374.139160
-19.542446 -527.106689 -92.857246
20.162134 -595.246521 374.139160
19.099375 -587.230164 -3.956680
30.510517 -483.155151 32.981564
26.787910 -512.524841 -15.233906
-26.739433 -491.999847 -15.174008
-30.185204 -573.391724 -4.079623
-30.185204 -573.391724 -4.079623
-30.185204 -573.391724 161.278778
-26.787910 -491.999847 161.054153
-17.667236 -522.845154 150.106995
-19.099379 -471.025146 356.115112
-17.667236 -491.999847 319.150787
-26.787910 -512.524841 307.889069
17.667236 -522.980164 161.054153
19.099375 -587.230164 198.503311
30.185204 -573.391724 198.503281
19.099379 -471.025146 356.115112
26.739433 -491.999847 307.948364
26.787910 -512.524841 307.889069
119.919159 -272.398346 -77.669167
122.223328 -280.609985 -52.297314
119.805016 -241.447495 -19.306509
125.346268 -241.276718 -36.377510
125.346268 -241.276718 -59.437489
124.919991 -271.303345 -93.549385
124.920815 -271.303345 -89.660011
43.053528 -247.644989 -77.669167
43.053528 -247.644989 -94.740204
43.224056 -253.187500 -36.377510
91.963921 -247.538361 -36.377403
41.541557 -250.760773 -52.244072
45.319057 -246.817490 -93.253525
44.252808 -248.069992 -89.659775
119.347481 -234.960770 81.622711
134.772461 -246.167496 321.907501
119.347481 -234.960770 81.622711
136.593292 -240.564209 81.622711
123.940407 -241.205780 229.362061
120.196266 -248.470001 88.212273
123.927910 -243.339218 85.362938
123.927910 -243.339218 85.362938
122.099159 -240.126633 31.217802
122.312904 -316.485840 85.362938
120.556267 -317.695862 31.217802
120.724159 -319.822479 31.217802
123.059158 -325.880005 88.212273
124.241661 -317.404144 31.217802
122.160408 -319.061646 117.139580
125.570877 -320.609131 124.332939
125.570877 -320.609131 124.332939
130.099625 -351.789978 85.362938
126.402122 -351.765320 31.217802
128.243759 -352.844360 85.362938
126.402122 -351.765320 85.362938
139.192093 -377.421539 91.884567
127.275017 -377.421539 119.984520
131.510834 -344.753418 125.523338
128.370407 -377.421539 118.329628
120.249626 -315.014130 60.598328
123.934158 -312.857483 52.784988
120.235016 -312.880859 60.598328
122.105019 -316.070007 52.784988
123.900406 -307.701630 49.935810
123.946266 -314.990845 -30.523857
123.934158 -312.857483 52.784988
120.202904 -307.727478 -17.911093
122.077126 -311.800842 -30.523857
125.346268 -319.892487 48.094051
125.346268 -241.276718 31.023125
125.346268 -241.276718 31.023125
125.346268 -319.892487 4.198424
122.230873 -239.764999 11.391797
125.453766 -280.584991 11.391797
122.077126 -249.369995 60.598328
122.105019 -245.099213 52.784988
120.249626 -246.155777 52.784988
123.934158 -248.312500 -91.213913
122.105019 -245.099213 -100.977509
122.077126 -249.369995 -100.977509
120.235016 -248.289993 52.784988
123.946266 -246.178360 -100.977509
114.657127 -252.756714 52.784988
116.767906 -249.044998 60.598328
115.713768 -250.899994 60.598328
117.847130 -250.886642 -20.760157
116.790878 -252.741714 -30.523857
114.657127 -252.756714 -20.760157
109.477753 -249.090851 -17.911093
109.503380 -252.789139 -17.911093
121.669624 -247.644989 31.023125
82.361656 -253.070847 31.023125
82.361656 -253.070847 31.023125
121.669624 -247.644989 11.391797
82.361656 -247.538361 4.198424
41.541557 -250.760773 11.391797
47.932182 -252.741714 52.784988
50.089058 -249.057495 60.598328
51.145931 -250.914215 60.598328
47.932182 -252.741714 52.784988
55.245308 -249.090851 -88.364777
51.145931 -250.914215 -91.213913
50.089058 -249.057495 -91.213913
51.145931 -250.914215 -91.213913
51.145931 -250.914215 -100.977509
114.657127 -252.756714 59.914577
115.713768 -250.899994 59.914577
114.657127 -252.756714 67.727921
114.634155 -249.057495 141.273300
114.634155 -249.057495 67.727921
121.499161 -253.187500 72.418953
121.669624 -247.644989 89.489990
43.053528 -247.644989 89.489990
43.053528 -247.644989 89.489990
123.181656 -250.760773 116.314560
41.541557 -250.760773 109.121239
82.361656 -247.538361 116.314560
50.065933 -252.756714 59.914577
47.955307 -249.044998 59.914577
50.065933 -252.756714 67.727921
47.955307 -249.044998 211.726715
56.301655 -250.948273 70.577293
53.803848 -234.242493 108.280182
53.095409 -238.452499 108.280182
51.803963 -234.989136 116.093697
51.449883 -237.093353 -35.718750
52.239685 -243.535858 105.431046
53.803848 -234.242493 -77.239166
53.095409 -238.452499 108.280182
52.239685 -243.535858 105.431046
53.803848 -234.242493 -77.239166
53.803848 -234.242493 112.830811
55.095722 -237.707489 112.830811
60.280819 -257.577484 166.975815
62.557480 -260.489990 112.830811
64.522072 -342.867493 112.830811
67.813751 -345.585297 166.975815
64.167908 -344.970917 112.830811
58.896442 -261.005005 108.280182
60.280819 -257.577484 116.093697
62.259804 -258.375854 116.093697
62.557480 -260.489990 108.280182
58.896442 -261.005005 -88.015007
58.896442 -261.005005 -35.718750
61.593552 -266.910004 -32.869686
62.557480 -260.489990 -88.015007
64.167908 -344.970917 116.093697
68.167496 -343.481567 108.280182
68.167496 -343.481567 116.093697
68.167496 -343.481567 -35.718750
63.312481 -350.053436 105.431046
67.813751 -345.585297 -115.283722
64.957710 -351.414673 -32.869686
64.167908 -344.970917 -35.718750
63.819374 -351.233429 45.291042
57.531033 -263.264130 46.083546
75.089363 -285.417480 42.493046
86.623344 -287.072479 149.445831
86.244576 -350.204376 42.492821
82.516495 -350.445312 -114.675240
-64.090195 216.817490 1103.666382
-47.382500 216.817490 1155.086670
-65.391022 218.607971 1104.706177
-65.391022 260.422485 1165.770020
64.090195 216.817490 1103.666382
64.090195 260.340790 1167.226562
101.283531 260.422485 1116.367188
65.391022 218.607971 1165.770020
-243.410858 -148.276245 592.358337
-279.889069 -227.834213 591.791992
-241.694214 -150.453751 599.561523
-282.278351 -232.619995 625.758118
-277.549133 -224.083740 577.200073
-279.178284 -230.604996 625.733154
-283.441711 -230.829132 625.720154
-266.961700 -204.429214 617.919922
-228.769608 -127.046249 625.691772
-243.757568 -151.035431 652.260132
-238.787491 -150.595001 576.498291
-239.744217 -144.324997 576.571777
-328.477478 -380.259064 502.478241
-349.795624 -422.222504 504.531799
-289.391724 -303.268341 502.338348
-398.774200 -464.019989 437.446655
-382.894043 -448.580139 440.338318
-383.133270 -449.094849 437.732605
-348.321564 -364.335602 478.808441
-348.321564 -364.335602 478.808441
-332.732483 -348.464355 478.898315
-335.210938 -354.674377 336.310059
-319.270782 -353.079987 338.429901
-320.520844 -360.509064 334.657562
-338.398438 -243.250854 673.627014
-340.314362 -246.412491 673.599854
-336.690765 -246.512497 681.448792
-338.398438 -243.250854 673.627014
-332.138428 -247.018280 670.824890
-334.765778 -245.927490 475.499847
-337.144379 -247.110001 529.621765
-335.271698 -246.081635 529.641724
-297.209991 -264.929993 507.796722
-299.040771 -268.141632 507.769989
-293.519928 -271.996643 594.694946
-297.417572 -264.992493 529.941772
-291.678345 -270.919128 594.848206
-371.631561 -218.459991 529.380005
-371.954376 -222.633270 507.218414
-372.161560 -222.696243 529.363159
-371.631561 -218.459991 529.380005
-366.110779 -224.985779 532.263184
-422.743286 -513.508423 422.720764
-420.057495 -515.991699 422.199127
-424.958435 -517.263245 429.204163
-424.079041 -514.708252 421.568298
-415.726562 -517.375000 419.444122
-367.229980 -421.310150 256.309174
-421.391541 -517.195007 421.046661
-379.910004 -444.933441 303.544220
-367.906555 -419.467499 257.145782
-436.335938 -539.513428 406.379120
-401.534058 -485.606537 410.104919
-412.049042 -489.741852 527.426880
-429.275940 -549.906555 565.664917
-326.137482 -320.054993 596.309937
-282.798279 -251.485779 598.305054
-329.004211 -341.567505 598.136841
-378.130920 -421.282501 597.528137
-371.717499 -424.538422 597.580017
-339.292480 -344.807495 595.561829
-350.299042 -362.748444 640.078369
-340.880005 -344.185608 640.296814
-295.118286 -269.934998 640.340088
-429.379059 -530.574829 636.433411
-383.408417 -455.834045 639.798218
-389.822479 -452.578278 639.713257
-390.825775 -451.281555 596.728394
-433.335785 -550.951538 594.575073
-384.918427 -455.570923 594.820007
-288.694214 -241.538269 568.471985
-282.017487 -246.911713 571.869812
-303.066711 -269.309143 415.262573
-296.869995 -256.813354 296.959198
-275.327484 -221.409210 263.042542
-290.217407 -263.212494 295.915009
-259.140778 -208.342499 245.988373
-348.179962 -62.184998 569.578308
-230.267853 -123.208748 574.946655
-348.179962 -62.184998 569.578308
-300.430023 -94.071877 571.731628
-219.884491 -103.294998 576.598389
-216.725037 -96.823746 580.464966
-216.497070 -96.839371 576.774963
-290.454102 -162.154572 573.774841
-289.076660 -159.313324 575.698059
-289.502441 -160.246246 573.826965
-290.558319 -162.199173 577.469971
-215.257965 -67.673126 645.994934
-149.508743 -91.941322 652.013367
-377.552490 -387.621552 505.229858
-374.874207 -382.029999 503.298218
-332.154999 -404.939056 501.806488
-335.312500 -411.512482 501.903412
-271.778351 -343.570007 505.238495
-271.760864 -343.635620 501.545197
-336.013428 -302.789124 504.609924
-339.294830 -309.296631 504.704956
-404.775940 -443.850922 437.371674
-357.465607 -457.300140 437.584167
-360.169983 -462.879822 439.516724
-401.051697 -436.344055 439.106659
-354.240784 -433.614044 436.422516
-375.558258 -475.578278 438.476746
-315.155853 -356.621552 436.283264
-365.574829 -363.614380 436.816620
-294.385773 -390.354065 439.087402
-364.167175 -360.767181 434.925903
-254.619217 -298.296631 429.849884
-242.147415 -303.506622 497.503479
-252.664215 -298.306641 508.441559
-315.778351 -391.771545 364.208344
-301.529144 -397.809998 362.532623
-302.206726 -395.072479 366.209106
-342.094666 -347.410004 362.602478
-388.938263 -320.036621 363.834839
-335.287506 -340.296570 362.632477
-289.235779 -374.247498 363.275177
-335.789215 -341.239990 364.482483
-276.582489 -311.532501 364.827454
-259.380768 -319.069122 363.193542
-260.057587 -316.329987 366.867126
-340.714355 -495.869995 357.181763
-315.694214 -374.871552 478.135071
-318.904999 -381.304047 474.243195
-319.429901 -382.289978 476.059784
-315.694214 -374.871552 478.135071
-373.581696 -477.093414 473.301666
-329.770935 -402.353424 474.648346
-329.770935 -402.353424 474.648346
-399.170929 -433.850159 476.036682
-331.778259 -468.425140 472.829926
-331.861542 -468.494843 476.526642
-399.176544 -433.738434 472.343353
-355.209991 -509.334991 479.128296
-371.303436 -427.154999 337.699097
-354.818268 -433.849060 336.070068
-374.940765 -434.650146 335.739441
-280.544983 -271.557495 341.620789
-334.619049 -243.989990 584.493286
-185.385773 -322.312500 602.738098
-260.899200 -284.481628 585.066650
-407.259064 -200.443283 601.010071
-291.396637 -284.514984 564.395081
-313.528259 -376.003418 343.167450
-317.895081 -345.945618 304.575806
-386.783264 -482.096710 414.444977
-293.692505 -292.634979 516.928223
-267.768280 -285.575867 305.283356
-398.147491 -491.395142 410.476593
-370.336548 -490.041565 414.569946
-270.661713 -300.660004 531.913269
-293.692505 -292.634979 516.928223
-290.305786 -359.203430 304.795898
-359.432495 -501.381866 516.110046
-243.471634 -317.119995 517.348450
-262.107422 -373.101562 294.450867
-331.984222 -441.769836 304.185852
-336.758423 -512.528442 516.239807
-293.829224 -418.475922 516.914917
-261.567505 -285.079987 412.472534
-183.735001 -327.448364 305.949982
-286.304138 -531.911682 415.235779
-215.849213 -331.234985 517.544922
-205.950775 -301.854126 295.557465
-308.940063 -520.694824 415.062439
-286.765839 -546.606689 411.298431
-266.216705 -432.608429 517.151611
-216.549988 -318.791626 527.465027
-172.416397 -318.470001 295.927521
-0.000000 -301.800079 570.266846
-0.000000 -328.217499 688.699890
-105.874176 -335.898438 682.837036
-0.000000 -339.952820 657.724976
-209.142105 -311.106720 682.837036
-0.000000 -254.176712 216.295898
-101.366638 -308.658356 645.714905
-266.268402 -190.341721 216.295853
-242.924973 -415.079987 731.484985
-198.617477 -278.715057 581.441772
-52.590733 -1.131250 581.098022
-250.533340 -438.264984 717.614502
-136.618332 -510.538269 247.014938
-298.799194 -593.813293 679.944824
-256.475006 -465.613434 742.267273
-136.618332 -510.538269 247.014938
-129.497940 -452.364197 225.943390
-275.109222 -520.803406 696.269592
-275.109222 -520.803406 696.269592
-444.910004 -543.926575 400.818970
-250.533340 -438.264984 717.614502
-304.604095 -608.216553 704.860168
-103.898102 11.148438 570.266846
-220.815002 -101.603745 653.340088
-174.282181 -10.871875 570.266846
-358.238281 -366.801544 723.728821
-452.240936 -558.313293 681.098083
-325.671631 -306.601624 216.296204
-296.424133 -247.394211 579.628113
-307.313354 -267.415863 658.725037
-349.321564 -371.232483 715.708740
-447.904999 -551.026733 678.520081
-315.445007 -315.358337 234.336655
-296.424133 -247.394211 579.628113
-306.031647 -286.592499 682.106934
-359.284363 -394.529053 700.339905
-320.037415 -324.244995 249.665802
-404.142487 -556.588440 667.463196
-320.037415 -324.244995 249.665802
-355.025604 -396.521545 672.148560
-355.025604 -396.521545 672.148560
-404.142487 -556.588440 667.463196
-364.308441 -407.655914 710.916687
-435.997498 -549.319824 672.007019
-356.416565 -390.127502 595.113342
-289.566711 -255.806641 576.413086
-357.520782 -391.582489 632.534973
-432.158264 -542.510132 617.801636
-293.350006 -264.194122 630.165100
-357.192505 -391.234039 618.045166
-421.339996 -538.398438 568.489990
-286.597565 -266.726624 579.338135
-349.679993 -393.809998 577.419983
-401.981567 -541.028442 585.731506
-273.762421 -282.989136 589.131775
-367.685608 -401.132477 697.741943
-369.032501 -404.014069 683.651306
-289.850067 -261.786621 296.359070
-426.559204 -534.848450 405.349915
-267.220856 -294.891632 525.545044
-405.612488 -492.764984 528.432007
-262.587494 -373.483429 296.024963
-200.874527 -333.250916 531.208252
-186.815002 -309.441620 297.819122
-351.076569 -382.944061 243.372574
-369.258423 -398.261566 332.351715
-225.784531 -388.464050 296.632446
69.632256 -108.727264 643.139893
-0.000000 -301.800079 570.266846
104.159142 -325.070007 731.484985
207.819977 -307.037506 657.724976
69.624596 -108.678360 652.171692
209.142105 -311.106720 682.837036
111.641235 -376.098419 216.298294
198.617477 -278.715057 581.441772
196.075027 -270.889984 570.266846
302.282562 -260.695770 731.484985
69.624596 -108.678360 652.171692
-0.000000 -5.307500 570.266846
242.924973 -415.079987 731.484985
136.618332 -510.538269 247.014938
136.619171 -632.831726 679.601807
256.475006 -465.613434 742.267273
222.072845 -354.208282 213.485458
253.070847 -446.118286 332.129913
275.109222 -520.803406 696.269592
302.828186 -602.748291 400.550934
307.826508 -618.135010 681.096680
250.533340 -438.264984 717.614502
372.851776 -402.505005 727.159973
152.641663 31.338436 570.266846
204.604996 -64.971245 645.673279
251.724915 -435.730927 530.141663
367.823425 -391.373444 717.424805
452.240936 -558.313293 681.098083
326.255859 -311.052490 213.485428
288.061646 -232.787491 570.266846
313.455841 -279.244141 688.968750
349.321564 -371.232483 715.708740
435.997498 -549.319824 672.007019
262.004120 -206.777969 233.453308
291.294983 -259.811707 616.521545
306.125763 -264.694122 695.058167
434.815002 -547.503296 638.581726
320.037415 -324.244995 249.665802
404.142487 -556.588440 667.463196
358.901550 -393.474060 677.998413
358.901550 -393.474060 677.998413
303.886719 -293.158356 675.708801
427.302490 -542.988403 645.059875
372.144379 -412.692505 705.913025
367.309052 -400.268433 680.416870
332.985779 -402.100922 577.510010
290.570007 -258.217499 596.103333
357.520782 -391.582489 632.534973
357.039215 -390.940918 616.361572
357.621552 -391.839996 630.713318
357.192505 -391.234039 618.045166
421.339996 -538.398438 568.489990
286.597565 -266.726624 579.338135
349.367493 -393.229980 574.223328
290.454224 -274.686646 589.105042
349.679993 -393.809998 577.419983
369.459198 -404.589996 695.523315
432.349060 -530.459961 685.189575
289.566711 -255.806641 576.413086
432.112488 -543.360168 562.248291
270.769226 -301.885864 530.281860
289.850067 -261.786621 296.359070
225.784531 -388.464050 296.632446
339.309998 -525.303406 528.753418
192.134521 -317.944122 413.485962
322.995850 -312.118347 222.807999
290.035004 -427.595917 295.669067
225.784531 -388.464050 296.632446
387.275940 -431.846558 245.826691
-599.381836 22.726875 453.579865
-600.244995 26.176874 540.136719
-603.420166 24.285000 540.233215
-605.481567 28.888124 478.540070
-575.326843 -12.641250 524.536804
-406.554047 -200.228745 525.579895
-623.811523 56.665623 524.279907
-403.158417 -195.845459 525.623352
-597.111694 23.330624 524.434998
-406.554047 -200.228745 525.579895
-602.019958 20.404375 541.453247
-403.317505 -195.893753 542.695129
-602.019958 20.404375 541.453247
-580.241699 -15.859375 559.785095
-406.884064 -200.329208 560.881836
-578.179993 -14.273149 559.810120
-263.275787 -285.968353 569.173096
-471.014984 -145.014572 560.438171
-263.095062 -289.410004 561.971924
-527.371521 -81.269997 567.288147
-185.728745 -318.532501 569.805054
-337.524353 -245.634995 625.039856
-406.608429 -197.657959 624.530090
-186.256241 -318.692505 626.244995
-185.672806 -322.400848 633.433167
-337.590942 -245.655777 632.231567
-548.959839 -56.386971 460.643219
-544.694824 -56.194374 460.684143
-548.649963 -50.061249 463.513306
-546.276733 -58.271248 524.931641
-548.959839 -56.386971 460.643219
-458.529205 -152.974564 478.065033
-462.004822 -150.295425 500.188232
-462.004822 -150.295425 500.188232
-460.552490 -150.104996 500.201721
-461.823425 -151.857498 500.185181
-569.581726 -452.401550 670.872009
-569.760010 -456.693268 678.671387
-571.581543 -455.579834 678.658081
-571.456726 -453.423431 670.851562
-563.386536 -458.328430 668.061890
-569.658142 -454.993439 472.710052
-563.386536 -458.328430 668.061890
-566.414978 -453.105133 526.893250
-569.604980 -452.859222 472.716644
-608.043091 -425.779999 526.581604
-607.228394 -429.376556 590.984924
-604.979980 -426.443420 591.146729
-600.313416 -429.402496 529.493408
-607.836731 -425.716553 504.436554
-502.338104 -494.598419 679.193115
-506.028412 -494.809845 679.158020
-504.293274 -491.486542 671.371399
-502.701874 -495.339996 527.368164
-502.441559 -490.923279 473.234833
-500.918274 -494.168274 527.388184
-497.756714 -494.754974 668.573486
-504.103424 -494.223419 473.211487
-575.579834 -453.909058 581.644836
-500.091553 -492.059998 582.241882
-572.513245 -449.289825 581.686646
-426.422485 -532.421692 667.291687
-423.954224 -527.323425 650.256836
-504.649994 -503.661865 561.948120
-431.519989 -539.031677 561.780090
-429.630157 -527.486694 561.949890
-595.154968 -433.801544 528.701721
-432.269196 -539.260010 641.923218
-531.435120 -429.312500 691.316711
-553.501709 -416.230927 691.387085
-564.209839 -478.424988 684.168823
-639.524963 -399.015930 522.836731
-639.524963 -399.015930 522.836731
-575.193115 -453.791565 540.354919
-639.683289 -399.064056 539.906738
-425.247498 -532.065002 541.533142
-502.441711 -496.910004 559.143372
-423.944977 -529.028442 566.979858
-502.441711 -496.910004 559.143372
-502.508423 -496.929993 566.338440
-503.036560 -497.091705 622.778198
-503.103271 -497.111542 629.971375
-503.248260 -493.371552 629.980042
-563.684998 -444.746552 427.665771
-562.841553 -443.749847 419.120941
-565.274841 -447.370148 425.602570
-564.651550 -442.617493 419.074005
-555.886719 -444.414978 417.923981
-501.173279 -351.895630 254.739990
-516.325012 -376.250000 300.713409
-516.436523 -374.369995 301.721497
-505.921539 -482.066711 428.480682
-505.011566 -481.111542 419.938324
-505.769989 -483.950134 427.486694
-460.346710 -412.475922 301.470917
-454.839996 -419.432648 303.084106
-441.515778 -390.356567 255.629089
-454.839996 -419.432648 303.084106
-453.318420 -416.768433 305.144012
-477.836700 -446.209991 362.736511
-393.549042 -487.009979 361.166504
-474.876709 -442.250916 345.481567
-544.406555 -403.740936 361.494354
-495.856537 -473.496704 401.397522
-407.816711 -511.201538 402.930023
-562.628418 -430.895935 400.150970
-466.024994 -430.194061 331.277496
-410.829987 -512.798401 391.069122
-409.850769 -502.926544 397.270081
-649.453430 -272.299133 295.476624
-370.305298 -446.524048 301.654083
-459.672638 -419.154053 314.319061
-456.713440 -415.195923 297.064209
-459.672638 -419.154053 314.319061
-646.051575 -269.207489 298.575867
-536.634827 -389.285004 332.784943
-382.172485 -467.720001 327.865814
-536.711731 -392.295929 331.072449
-554.201843 -415.449982 379.609039
-489.743256 -464.395142 385.110901
-400.992493 -499.174988 388.571625
-411.572479 -123.970818 647.691650
-410.092499 -121.105431 649.496521
-362.578430 -147.056244 651.735046
-259.444122 -204.471252 650.751831
-357.667480 -143.804565 651.686768
-241.267502 -111.633751 650.675049
-287.324127 -184.355469 653.363403
-309.437408 -226.818741 650.206848
-283.084137 -120.146675 651.885132
-326.112488 -218.188751 654.426819
-326.162506 -218.320770 651.826599
-337.789215 -193.599213 649.843323
-333.983276 -186.132187 651.580017
-291.515778 -209.505463 650.083252
-336.830933 -191.692490 649.813293
-230.473816 -148.799179 653.521729
-294.329224 -107.337494 649.198303
-294.329224 -107.337494 649.198303
243.410858 -148.276245 592.358337
288.849121 -246.464218 598.848206
243.478271 -148.296677 599.551758
281.826721 -232.480774 577.278015
276.838287 -226.010391 625.654968
276.384979 -225.872101 577.158203
269.048340 -202.768753 617.905029
287.432495 -247.134216 624.801636
267.029144 -204.449997 625.113281
242.082489 -148.917923 576.550049
238.319214 -144.426254 652.153320
238.787491 -150.595001 576.498291
328.477478 -380.259064 502.478241
343.381561 -425.478424 504.581696
349.795624 -422.222504 504.531799
344.049042 -372.104370 437.593231
389.308258 -445.324982 440.287476
382.894043 -448.580139 440.338318
385.366699 -441.651550 474.918304
339.320007 -345.566559 478.845154
341.835632 -367.446564 478.860077
334.709045 -353.759064 338.174286
331.008423 -346.239044 336.440857
322.254211 -359.732483 338.332703
338.470917 -243.273361 681.439819
338.489990 -247.518356 673.614380
338.562500 -247.540771 681.426880
338.922485 -243.869995 529.614868
332.180939 -249.154221 670.820007
336.637482 -246.955002 475.478455
337.144379 -247.110001 529.621765
335.226715 -243.947495 529.648254
295.355865 -265.986633 507.811523
295.551727 -268.184143 529.950134
292.941620 -271.821625 532.815125
297.995087 -269.444122 594.330078
295.563263 -266.049988 529.956848
371.425140 -218.396713 507.234955
372.161560 -222.696243 529.363159
366.110779 -224.985779 532.263184
366.690002 -225.162033 594.276794
371.690002 -220.514526 507.226746
420.732483 -514.149963 423.035797
423.403259 -516.551697 420.730835
424.283417 -519.106567 428.367462
423.403259 -516.551697 420.730835
375.861542 -447.851562 306.669983
379.910004 -444.933441 303.544220
376.518280 -450.899048 304.680939
375.861542 -447.851562 306.669983
436.335938 -539.513428 406.379120
419.761566 -524.596680 409.914948
420.101562 -525.098083 407.430847
436.538422 -544.546692 567.541931
404.544067 -494.414825 528.001892
335.364990 -338.235626 596.098206
319.478363 -322.795837 598.356812
335.364990 -338.235626 596.098206
339.292480 -344.807495 595.561829
332.879059 -348.064362 595.613281
381.296722 -443.444061 595.366638
341.125153 -344.701569 638.299866
343.990936 -366.214355 640.126648
350.299042 -362.748444 640.078369
383.894196 -456.845917 637.823364
429.156708 -530.080139 638.438354
422.742493 -533.338257 638.523254
424.001556 -532.560120 594.789917
439.590942 -547.350159 596.518188
433.335785 -550.951538 594.575073
303.593353 -272.211639 528.180115
303.066711 -269.309143 415.262573
294.855072 -272.546631 414.509979
276.344208 -223.327499 261.691620
268.459930 -227.359207 261.484131
259.984985 -209.907501 244.289978
299.910889 -86.286873 575.478210
349.686523 -65.058121 571.346741
300.685822 -88.187500 571.734863
230.494568 -123.192497 578.638245
233.274170 -128.709991 576.643127
252.004959 -87.415627 578.834900
248.147537 -79.955620 577.184998
220.112457 -103.276871 580.289917
293.287445 -167.742035 575.476807
257.651672 -174.942184 577.131592
292.861664 -166.809219 577.349854
276.470764 -25.868124 645.516846
149.472504 -91.972496 646.514893
215.287964 -67.644371 651.493103
334.389069 -409.588440 501.873474
377.552490 -387.621552 505.229858
334.389069 -409.588440 501.873474
377.661560 -387.621552 501.531677
339.811707 -310.259125 502.871674
335.567169 -301.846619 502.746674
335.567169 -301.846619 502.746674
361.092499 -464.801544 439.546509
401.161560 -436.341553 435.409821
357.465607 -457.300140 437.584167
361.076569 -464.864990 435.849182
314.651703 -355.592804 438.835876
369.237488 -479.056549 435.925079
369.145142 -478.833435 438.527557
365.059998 -362.650940 438.649902
297.524139 -396.989990 435.490112
361.776550 -356.144379 438.554047
354.089996 -523.849976 429.092499
254.619217 -298.296631 429.849884
355.569977 -505.326538 496.574860
311.639984 -383.304047 364.203430
303.220856 -396.949982 366.209961
312.145782 -384.243439 362.354889
342.094666 -347.410004 362.602478
340.625610 -344.566559 360.751678
340.162506 -343.604370 362.602539
389.868286 -321.958344 360.141724
284.755859 -365.952484 363.275574
255.914215 -312.652496 363.190765
260.057587 -316.329987 366.867126
258.367493 -317.190002 363.190979
340.714355 -495.869995 357.181763
241.244217 -270.316620 357.938965
315.170837 -373.884064 476.314880
363.085602 -361.354370 475.711792
316.657562 -376.772491 478.076599
362.587494 -360.465302 477.589935
373.581696 -477.093414 473.301666
330.049042 -402.889984 477.245148
374.107483 -478.149994 475.839935
330.373260 -465.604828 474.763336
402.338440 -440.411560 475.843414
400.101715 -435.660004 472.285004
253.595001 -301.644135 481.423309
357.372498 -441.864044 334.120972
372.230927 -429.076538 337.669983
355.263428 -437.158417 334.189911
359.107178 -441.087494 337.797455
382.160004 -479.246552 339.325134
183.350464 -317.047485 585.700073
403.704041 -196.011246 583.983276
337.698425 -248.750854 601.523315
185.659210 -330.371552 537.403320
182.754990 -318.317505 565.573242
180.934998 -460.071564 402.389954
317.895081 -345.945618 304.575806
387.022491 -488.125153 515.891479
284.449982 -284.339142 411.135925
256.449066 -276.598358 295.261627
367.690002 -431.339050 293.194946
387.022491 -488.125153 515.891479
327.607483 -401.946564 516.646545
284.449982 -284.339142 411.135925
267.681702 -370.449066 305.004059
359.432495 -501.381866 516.110046
243.471634 -317.119995 517.348450
262.107422 -373.101562 294.450867
359.193420 -495.353424 414.664978
336.758423 -512.528442 516.239807
316.470001 -407.266541 516.753357
261.567505 -285.079987 412.472534
222.669525 -293.127502 295.529907
286.304138 -531.911682 415.235779
215.849213 -331.234985 517.544922
245.360779 -381.769043 294.540924
256.369141 -486.671722 294.058319
286.765839 -546.606689 411.298431
216.235458 -331.906555 519.016541
186.628738 -342.532501 532.580017
183.974991 -334.167480 411.991699
599.589966 22.663750 475.726776
602.611572 24.531250 453.555817
602.326538 22.452499 540.101990
604.441528 30.751249 478.553345
601.570007 26.394375 453.571594
334.073425 -243.824142 526.133057
601.859985 20.453125 524.381653
403.317505 -195.893753 542.695129
597.111694 23.330624 524.434998
337.153442 -248.585770 543.163330
623.811523 56.665623 524.279907
470.845001 -144.962494 542.208374
262.924988 -289.357483 543.739868
527.303406 -81.250000 560.094971
406.013275 -197.477493 560.898254
527.371521 -81.269997 567.288147
406.080933 -197.497498 568.089966
529.079834 -83.320000 567.265076
337.324371 -248.637497 561.393372
529.079834 -83.320000 567.265076
263.162506 -289.429993 569.164917
337.524353 -245.634995 625.039856
406.608429 -197.657959 624.530090
186.256241 -318.692505 626.244995
263.690002 -289.589996 625.604858
263.869995 -286.149994 632.806641
547.601868 -58.122498 438.503235
544.694824 -56.194374 460.684143
549.228455 -50.237499 525.393188
545.294983 -56.376972 524.946838
551.761719 -52.054375 463.478394
459.983429 -153.163742 478.051514
461.797485 -150.233322 478.043182
462.004822 -150.295425 500.188232
461.154053 -150.287933 564.601624
461.823425 -151.857498 500.185181
567.833252 -453.538269 678.698059
571.581543 -455.579834 678.658081
567.886719 -455.670135 678.691162
571.508240 -455.556549 670.844971
562.043091 -455.799988 529.776611
568.339966 -456.260925 526.865051
563.968262 -458.956543 529.748291
563.336731 -456.192657 668.069885
606.071716 -424.961548 526.603149
606.419983 -429.130157 504.439941
606.625000 -429.193420 526.584961
608.644958 -425.962494 590.843201
600.893250 -429.578430 591.505127
504.293274 -491.486542 671.371399
505.955139 -494.786560 671.344910
504.366547 -491.508423 679.182983
504.731720 -492.248260 527.358154
497.756714 -494.754974 668.573486
500.413116 -494.013428 473.246582
504.048431 -495.748413 671.359985
496.339996 -496.494995 530.273254
572.513245 -449.289825 581.686646
572.513245 -449.289825 581.686646
502.816711 -497.023438 599.273193
424.114044 -527.371521 667.326721
573.301880 -449.529846 666.153137
426.422485 -532.421692 667.291687
602.739990 -445.164062 561.028137
499.679993 -493.373260 562.113220
498.484985 -491.474823 529.628235
504.941864 -505.113434 613.596558
500.429993 -493.600159 642.271667
586.849976 -464.934845 684.244995
564.131714 -476.498413 598.984985
639.524963 -399.015930 522.836731
425.087494 -532.016724 524.463257
422.939209 -527.014832 541.569885
425.087494 -532.016724 524.463257
425.247498 -532.065002 541.533142
642.563293 -400.290924 558.110107
575.008240 -450.398438 558.598206
575.363281 -453.844055 558.585083
502.508423 -496.929993 566.338440
642.563293 -400.290924 558.110107
503.179993 -493.350159 622.786743
426.011719 -532.298279 623.396729
567.193298 -444.361542 426.564178
561.141724 -443.001556 420.174988
567.193298 -444.361542 426.564178
516.436523 -374.369995 301.721497
555.886719 -444.414978 417.923981
503.091553 -348.886566 255.701630
555.886719 -444.414978 417.923981
555.886719 -444.414978 417.923981
501.391693 -348.139984 256.755859
503.940002 -485.049988 427.557526
505.165131 -479.226715 420.932556
503.489990 -478.446564 421.999084
460.194977 -414.358429 300.476562
441.820770 -386.592499 257.618317
439.993439 -387.691559 257.689972
496.361542 -480.879974 419.878235
441.668274 -388.475006 256.624084
386.850006 -474.578278 350.085175
480.191559 -450.164825 359.644379
386.850006 -474.578278 350.085175
498.816711 -477.454987 418.652496
495.856537 -473.496704 401.397522
410.797485 -515.179993 420.179962
455.093414 -413.669983 305.438324
466.024994 -430.194061 331.277496
397.127502 -486.318420 371.313385
479.864990 -450.566559 371.469238
520.929810 -368.771545 298.914215
593.299988 -331.704041 312.849945
590.246887 -327.818420 295.595032
656.271851 -278.982483 309.628387
462.025940 -423.109833 311.226624
380.912506 -465.128418 329.796631
534.473267 -388.961548 325.105072
470.141693 -431.599976 334.084991
487.506714 -461.060150 379.144012
489.743256 -464.395142 385.110901
489.743256 -464.395142 385.110901
362.578430 -147.056244 651.735046
411.572479 -123.970818 647.691650
362.576569 -147.112503 648.036926
412.067505 -124.889999 649.551758
255.269989 -196.019989 650.624878
287.570007 -184.867340 650.758301
280.944122 -187.682495 653.413147
280.944122 -187.682495 653.413147
282.570923 -119.121246 654.438354
326.162506 -218.320770 651.826599
282.570923 -119.121246 654.438354
337.679199 -193.600784 653.540100
336.830933 -191.692490 649.813293
334.407501 -187.087494 653.442993
293.800079 -214.129990 650.151794
337.789215 -193.599213 649.843323
230.939209 -149.787933 651.688354
226.764999 -141.336670 651.561584
296.631622 -111.895622 652.965088
-126.829994 -603.914856 -311.138367
-126.599174 -688.219971 -311.138367
-126.894997 -547.099976 -311.138367
-132.813751 -579.769836 -311.138367
-121.307930 -490.808258 -311.138367
-126.599174 -405.982483 -311.138367
-126.829994 -490.288422 -294.067505
-127.228745 -514.604858 -311.138367
-131.912491 -602.720154 -279.703339
-121.074570 -547.099976 -284.660858
-131.912491 -490.814819 -251.193359
-123.483749 -689.731262 -327.005066
-126.829994 -603.914856 -327.005066
-126.467926 -547.099976 -327.005066
-123.483749 -404.470917 -334.198273
-123.483749 -404.470917 -327.005066
-126.605431 -609.605164 -496.660004
-123.458748 -648.913269 -489.465057
-123.489998 -689.734375 -489.465057
-121.057495 -688.048706 -91.372696
-121.057495 -688.048706 -91.372696
-132.770004 -579.769836 -91.372696
-120.924995 -547.099976 -108.443748
-121.057495 -406.153442 -91.372696
-126.829994 -490.288422 -91.372696
-132.770004 -514.433411 -91.372696
-126.893318 -547.099976 -108.443748
-121.174995 -648.999817 -506.481720
-121.063744 -688.051208 -523.553345
-121.508751 -683.341858 -368.015533
-125.193321 -681.185608 -375.829926
-121.493744 -681.210327 -368.015533
-123.364571 -684.399963 -519.828369
-123.302498 -674.974365 -378.679138
-125.159180 -676.029358 -516.979919
-121.462067 -676.056519 -378.679138
-121.181244 -648.913269 -380.520782
-126.605431 -688.221558 -380.520782
-121.063744 -688.051208 -397.590851
-121.487495 -681.206848 -221.975861
-123.357925 -684.396545 -214.162491
-125.199181 -683.316833 -214.162491
-125.186676 -681.183105 -221.975861
-121.487495 -681.206848 -375.738342
-123.329994 -680.126831 -365.975220
-123.296249 -674.971252 -363.125549
-123.344566 -682.261841 -375.738342
-121.983315 -604.700134 -221.975861
-125.500816 -607.118286 -214.162491
-123.742500 -605.910156 -214.162491
-123.572067 -608.036682 -221.975861
-124.317924 -598.643433 -363.125549
-121.983315 -604.700134 -386.116699
-126.076675 -599.851562 -363.125549
-121.983315 -604.700134 -365.975220
-121.508751 -614.484802 -368.015533
-125.205429 -614.506714 -368.015533
-121.508751 -614.484802 -368.015533
-125.205429 -614.506714 -519.828369
-121.462067 -621.771545 -378.679138
-123.302498 -622.854980 -516.979919
-121.462067 -621.771545 -516.979919
-123.458748 -648.913269 -431.212677
-126.605431 -688.221558 -424.019958
-126.713745 -648.913269 -431.212677
-121.063744 -609.776733 -456.528259
-121.063744 -688.051208 -473.598511
-126.713318 -648.913269 -473.598511
-121.057495 -688.048706 -243.737411
-132.858749 -547.099976 -226.667023
-126.893318 -547.099976 -226.667023
-132.857925 -547.099976 -243.737411
-126.829994 -490.288422 -243.737411
-127.228745 -514.604858 -226.667023
-126.894569 -547.099976 -243.737411
-126.894569 -547.099976 -243.737411
-121.057495 -688.048706 -369.501556
-121.057495 -688.048706 -369.501556
-127.228745 -579.598450 -352.429901
-132.770004 -579.769836 -369.501556
-121.057495 -406.153442 -369.501556
-121.057495 -406.153442 -369.501556
-132.770004 -514.433411 -352.429901
-132.856247 -547.099976 -369.501556
-126.599174 -688.219971 -263.369049
-123.483749 -689.731262 -270.562561
-123.419174 -488.740143 -270.562561
-126.599174 -405.982483 -270.562561
-123.419174 -488.740143 -263.369049
-121.502495 -683.339966 -19.281250
-125.186676 -681.183105 -11.467813
-123.329994 -680.126831 -11.467813
-125.199181 -683.316833 -19.281250
-121.455429 -676.053101 -160.431213
-125.186676 -681.183105 -163.280029
-125.153320 -676.026855 -160.431213
-121.455429 -676.053101 -22.130468
-121.815430 -606.826538 -19.281250
-125.667931 -604.991699 -11.467813
-123.742500 -605.910156 -11.467813
-121.815430 -606.826538 -19.281250
-126.076675 -599.851562 -160.431213
-123.909180 -603.779968 -163.280029
-125.667931 -604.991699 -163.280029
-123.909180 -603.779968 -163.280029
-123.572067 -486.164978 -214.162491
-125.667931 -489.209991 -214.162491
-121.815430 -487.376709 -214.162491
-123.572067 -486.164978 -365.975220
-124.317924 -495.559845 -224.825378
-125.667931 -489.209991 -386.116699
-124.317924 -495.559845 -224.825378
-124.317924 -495.559845 -363.125549
-123.572067 -486.164978 -386.116699
-129.502502 -571.678284 -19.281250
-131.373322 -574.866699 -11.467813
-127.674995 -574.893250 -163.280029
-131.373322 -574.866699 -19.281250
-127.674995 -574.893250 -217.425385
-131.324570 -567.578247 -22.130468
-129.502502 -571.678284 -19.281250
-127.661247 -572.758423 -217.425385
-127.661247 -521.444824 -11.467813
-129.530823 -518.256714 -11.467813
-129.502502 -522.523438 -11.467813
-131.358749 -521.468262 -163.280029
-127.661247 -521.444824 -217.425385
-129.502502 -522.523438 -163.280029
-131.358749 -521.468262 -163.280029
-131.358749 -521.468262 -217.425385
-126.829994 -603.914856 -131.503754
-123.483749 -689.731262 -124.310387
-126.460815 -547.099976 -131.503754
-123.419174 -488.740143 -124.310387
-126.829994 -490.288422 -124.310387
-126.460815 -547.099976 -131.503754
-126.829994 -603.914856 -23.972090
-126.892067 -547.099976 -23.972090
-121.307930 -603.394958 -41.043125
-126.892067 -547.099976 -41.043125
-121.057495 -406.153442 -23.972090
-126.892067 -547.099976 -23.972090
-120.922066 -547.099976 -41.043125
-132.770004 -514.433411 -41.043125
-131.160004 -547.099976 -48.981464
-131.159180 -491.481537 -77.008125
-122.494568 -491.529999 -48.408554
-123.483749 -689.731262 -67.867714
-126.599174 -688.219971 -60.674393
-126.599174 -405.982483 -67.867714
-126.829994 -490.288422 -60.674393
-126.599174 -405.982483 -67.867714
-121.307930 -603.394958 -200.777069
-121.307930 -603.394958 -183.705811
-132.860001 -547.099976 -183.705811
-126.893318 -547.099976 -183.705811
-126.893318 -547.099976 -200.777069
-121.307930 -490.808258 -183.705811
-127.228745 -514.604858 -183.705811
-126.893318 -547.099976 -200.777069
-132.860825 -547.099976 -123.120026
-132.770004 -579.769836 -130.313736
-132.770004 -514.433411 -123.120026
-140.404999 -547.099976 -359.454742
-128.384995 -607.021851 -331.452484
-140.404999 -547.099976 -331.434265
-132.770004 -579.769836 -334.198273
-129.654999 -581.283447 -334.198273
-129.654999 -512.919861 -327.005066
-130.074570 -581.283447 -67.867714
-130.048752 -547.099976 -60.674393
-133.280823 -547.099976 -60.674393
-131.447922 -547.099976 -270.562561
-131.447922 -547.099976 -270.562561
-134.587494 -514.433411 -263.369049
-134.675003 -547.099976 -270.562561
-123.329994 -414.075928 -221.975861
-123.357925 -409.805939 -214.162491
-121.487495 -412.995941 -221.975861
-125.199181 -410.884979 -365.975220
-125.199181 -410.884979 -375.738342
-125.153320 -418.174988 -224.825378
-123.329994 -414.075928 -221.975861
-121.487495 -412.995941 -375.738342
-140.451248 -606.814819 -156.849136
-126.526680 -547.099976 -161.158783
-140.451248 -486.606537 -128.829132
-127.661247 -572.758423 -214.162491
-131.373322 -574.866699 -221.975861
-129.502502 -571.678284 -214.162491
-129.530823 -575.946533 -365.975220
-127.674995 -574.893250 -400.477570
-129.502502 -571.678284 -365.975220
-129.502502 -571.678284 -365.975220
-131.358749 -572.733398 -400.477570
-121.983315 -489.501556 -11.467813
-125.500816 -487.083435 -19.281250
-123.909180 -490.419983 -11.467813
-125.500816 -487.083435 -19.281250
-124.317924 -495.559845 -22.130468
-125.667931 -489.209991 -217.425385
-126.076675 -494.350159 -160.431213
-121.983315 -489.501556 -163.280029
-121.502495 -410.861542 -19.281250
-125.186676 -413.018433 -19.281250
-121.487495 -412.995941 -11.467813
-121.502495 -410.861542 -19.281250
-125.153320 -418.174988 -160.431213
-123.329994 -414.075928 -217.425385
-125.186676 -413.018433 -163.280029
-121.455429 -418.149048 -160.431213
-125.186676 -681.183105 137.819183
-126.829994 -603.914856 21.046211
-123.483749 -689.731262 28.239540
-126.468750 -547.099976 21.046211
-123.419174 -488.740143 28.239540
-126.829994 -490.288422 28.239540
-126.468750 -547.099976 21.046211
-126.829994 -603.914856 2.814416
-126.599174 -688.219971 -14.256611
-121.307930 -603.394958 2.814416
-132.770004 -579.769836 2.814416
-126.829994 -490.288422 -14.256611
-126.599174 -405.982483 -14.256611
-120.935425 -547.099976 2.814416
-125.199181 -410.884979 137.819183
-121.057495 -688.048706 61.177265
-121.057495 -688.048706 61.177265
-132.813751 -579.769836 61.177265
-120.932495 -547.099976 44.106152
-121.057495 -406.153442 61.177265
-126.829994 -490.288422 61.177265
-132.813751 -514.433411 61.177265
-126.894997 -547.099976 44.106152
-123.419174 -605.461548 84.682106
-126.829994 -603.914856 91.875389
-123.483749 -689.731262 91.875389
-123.483749 -404.470917 84.682106
-123.419174 -488.740143 91.875389
-123.016678 -547.099976 91.875389
-121.983315 -604.700134 141.082062
-125.500816 -607.118286 133.268753
-125.667931 -604.991699 141.082062
-123.572067 -608.036682 133.268753
-124.317924 -598.643433 130.419571
-125.667931 -604.991699 -30.871777
-125.667931 -604.991699 -10.730283
-121.983315 -604.700134 -10.730283
-127.674995 -519.309998 -221.975861
-131.358749 -521.468262 -214.162491
-129.517502 -520.388245 -214.162491
-127.674995 -519.309998 -365.975220
-127.626678 -526.599854 -363.125549
-129.502502 -522.523438 -365.975220
-131.324570 -526.625000 -224.825378
-127.661247 -521.444824 -365.975220
-121.307930 -603.394958 111.506836
-121.307930 -603.394958 128.577499
-132.770004 -579.769836 128.577499
-127.228745 -579.598450 128.577499
-121.307930 -490.808258 128.577499
-121.307930 -490.808258 128.577499
-127.228745 -514.604858 128.577499
-127.228745 -514.604858 128.577499
-127.674995 -574.893250 141.082062
-131.358749 -572.733398 141.082062
-127.674995 -574.893250 141.082062
-129.530823 -575.946533 133.268753
-131.324570 -567.578247 130.419571
-131.358749 -572.733398 -45.233204
-131.358749 -572.733398 133.268753
-127.626678 -567.603455 -7.881198
-129.502502 -571.678284 -45.233204
-131.912491 -547.099976 103.578735
-131.912491 -491.481537 75.541870
-122.494568 -491.529999 104.141441
-123.329994 -680.126831 133.268753
-125.199181 -683.316833 141.082062
-121.502495 -683.339966 -10.730283
-125.199181 -683.316833 133.268753
-121.502495 -683.339966 -20.494003
-125.153320 -676.026855 130.419571
-123.329994 -680.126831 133.268753
-121.487495 -681.206848 -20.494003
-140.404999 -606.814819 -4.299336
-126.524567 -547.099976 -8.611042
-140.404999 -486.606537 23.720625
-134.587494 -579.769836 91.875389
-134.587494 -514.433411 84.682106
-131.447922 -547.099976 84.682106
-129.654999 -581.283447 28.239540
-132.856674 -547.099976 21.046211
-129.631241 -547.099976 28.239540
-123.909180 -603.779968 137.819183
-123.329994 -414.075928 133.268753
-123.357925 -409.805939 141.082062
-121.487495 -412.995941 133.268753
-125.199181 -410.884979 -10.730283
-125.199181 -410.884979 -20.494003
-125.153320 -418.174988 130.419571
-123.329994 -414.075928 133.268753
-121.487495 -412.995941 -20.494003
-121.983315 -489.501556 141.082062
-123.572067 -486.164978 141.082062
-125.500816 -487.083435 141.082062
-125.667931 -489.209991 -10.730283
-121.983315 -489.501556 -30.871777
-123.909180 -490.419983 -10.730283
-124.317924 -495.559845 -7.881198
-125.667931 -489.209991 -30.871777
-127.661247 -521.444824 141.082062
-131.373322 -519.334961 133.268753
-131.373322 -519.334961 141.082062
-131.373322 -519.334961 133.268753
-129.467926 -527.679810 130.419571
-131.358749 -521.468262 -45.233204
-131.324570 -526.625000 -7.881198
-127.661247 -521.444824 -10.730283
-121.983315 -489.501556 137.819183
126.829994 -603.914856 -311.138367
126.599174 -688.219971 -311.138367
126.829994 -603.914856 -311.138367
127.228745 -579.598450 -311.138367
121.057495 -406.153442 -311.138367
126.599174 -405.982483 -311.138367
126.894997 -547.099976 -311.138367
126.894997 -547.099976 -311.138367
121.487495 -681.206848 -214.162491
123.357925 -684.396545 -214.162491
123.329994 -680.126831 -214.162491
125.186676 -681.183105 -365.975220
121.487495 -681.206848 -375.738342
123.329994 -680.126831 -365.975220
123.296249 -674.971252 -363.125549
125.186676 -681.183105 -375.738342
121.983315 -604.700134 -214.162491
125.500816 -607.118286 -221.975861
125.667931 -604.991699 -214.162491
125.500816 -607.118286 -221.975861
124.317924 -598.643433 -224.825378
125.667931 -604.991699 -386.116699
126.076675 -599.851562 -363.125549
121.983315 -604.700134 -221.975861
125.667931 -604.991699 -386.116699
123.419174 -605.461548 -131.503754
126.599174 -688.219971 -124.310387
123.011246 -547.099976 -131.503754
123.419174 -488.740143 -131.503754
123.419174 -488.740143 -124.310387
126.829994 -490.288422 -131.503754
131.159180 -602.720154 -77.008125
131.159180 -491.481537 -77.008125
123.533318 -547.099976 -48.887302
129.654999 -581.283447 -130.313736
132.860825 -547.099976 -130.313736
129.654999 -512.919861 -130.313736
121.307930 -603.394958 -183.705811
120.926674 -547.099976 -183.705811
127.228745 -579.598450 -183.705811
127.228745 -579.598450 -200.777069
121.307930 -490.808258 -200.777069
120.926674 -547.099976 -183.705811
132.770004 -514.433411 -183.705811
127.228745 -514.604858 -200.777069
140.404999 -606.814819 -359.544281
140.404999 -487.388428 -359.544281
140.404999 -486.606537 -331.524139
126.599174 -688.219971 -243.737411
126.599174 -688.219971 -243.737411
126.893318 -547.099976 -226.667023
132.770004 -579.769836 -243.737411
126.599174 -405.982483 -243.737411
126.599174 -405.982483 -243.737411
120.930817 -547.099976 -226.667023
132.858749 -547.099976 -226.667023
126.599174 -688.219971 -108.443748
126.599174 -688.219971 -91.372696
126.893318 -547.099976 -91.372696
132.770004 -579.769836 -108.443748
126.599174 -405.982483 -108.443748
121.057495 -406.153442 -91.372696
120.923744 -547.099976 -91.372696
132.860825 -547.099976 -91.372696
121.983315 -489.501556 -221.975861
125.500816 -487.083435 -214.162491
125.667931 -489.209991 -214.162491
123.572067 -486.164978 -221.975861
124.317924 -495.559845 -363.125549
121.983315 -489.501556 -386.116699
123.909180 -490.419983 -365.975220
121.983315 -489.501556 -365.975220
120.483749 -602.528259 -284.172485
123.510818 -547.099976 -251.570908
131.912491 -547.099976 -280.195892
126.829994 -603.914856 -369.501556
126.599174 -688.219971 -369.501556
132.856247 -547.099976 -369.501556
126.895424 -547.099976 -352.429901
121.307930 -490.808258 -369.501556
126.829994 -490.288422 -352.429901
126.894997 -547.099976 -369.501556
126.894997 -547.099976 -369.501556
121.815430 -606.826538 -19.281250
125.667931 -604.991699 -19.281250
123.742500 -605.910156 -11.467813
121.815430 -606.826538 -19.281250
126.076675 -599.851562 -160.431213
123.909180 -603.779968 -217.425385
125.667931 -604.991699 -163.280029
123.909180 -603.779968 -163.280029
121.815430 -606.826538 -217.425385
123.483749 -689.731262 -327.005066
126.829994 -603.914856 -327.005066
126.829994 -603.914856 -327.005066
123.483749 -404.470917 -334.198273
126.599174 -405.982483 -327.005066
123.419174 -605.461548 -270.562561
126.829994 -603.914856 -263.369049
126.599174 -688.219971 -270.562561
123.016678 -547.099976 -270.562561
123.419174 -488.740143 -263.369049
123.016678 -547.099976 -263.369049
121.487495 -681.206848 -19.281250
125.199181 -683.316833 -19.281250
123.344566 -682.261841 -11.467813
123.357925 -684.396545 -19.281250
123.296249 -674.971252 -160.431213
121.487495 -681.206848 -217.425385
125.186676 -681.183105 -163.280029
121.487495 -681.206848 -19.281250
126.599174 -688.219971 -23.972090
121.307930 -603.394958 -23.972090
127.228745 -579.598450 -41.043125
127.228745 -579.598450 -41.043125
126.599174 -405.982483 -23.972090
126.892067 -547.099976 -23.972090
127.228745 -514.604858 -41.043125
127.228745 -514.604858 -41.043125
123.419174 -605.461548 -67.867714
126.599174 -688.219971 -60.674393
123.007927 -547.099976 -67.867714
123.419174 -488.740143 -67.867714
123.419174 -488.740143 -60.674393
126.829994 -490.288422 -67.867714
129.502502 -571.678284 -11.467813
129.530823 -575.946533 -19.281250
127.674995 -574.893250 -163.280029
131.358749 -572.733398 -19.281250
129.530823 -575.946533 -217.425385
129.502502 -571.678284 -217.425385
127.626678 -567.603455 -22.130468
131.373322 -574.866699 -217.425385
126.382500 -607.341858 -161.257919
126.526680 -547.099976 -161.158783
140.451248 -547.099976 -128.737930
127.661247 -572.758423 -214.162491
131.373322 -574.866699 -221.975861
131.358749 -572.733398 -214.162491
131.373322 -574.866699 -221.975861
129.467926 -566.523438 -224.825378
131.358749 -572.733398 -400.477570
131.324570 -567.578247 -363.125549
127.661247 -572.758423 -221.975861
133.279999 -547.099976 -67.867714
133.280823 -547.099976 -60.674393
130.074570 -512.919861 -67.867714
132.770004 -579.769836 -334.198273
129.654999 -581.283447 -334.198273
132.770004 -514.433411 -327.005066
131.447922 -547.099976 -270.562561
131.447922 -547.099976 -270.562561
134.675003 -547.099976 -263.369049
123.357925 -409.805939 -214.162491
125.186676 -413.018433 -214.162491
121.502495 -410.861542 -214.162491
121.487495 -412.995941 -365.975220
123.296249 -419.230927 -224.825378
123.357925 -409.805939 -375.738342
123.329994 -414.075928 -221.975861
123.296249 -419.230927 -224.825378
123.357925 -409.805939 -375.738342
121.307930 -603.394958 44.106152
127.228745 -579.598450 61.177265
121.307930 -603.394958 44.106152
132.813751 -579.769836 44.106152
126.599174 -405.982483 44.106152
132.813751 -547.099976 61.177265
121.307930 -490.808258 44.106152
132.813751 -547.099976 44.106152
123.329994 -680.126831 133.268753
125.199181 -683.316833 141.082062
121.502495 -683.339966 133.268753
125.199181 -683.316833 133.268753
121.502495 -683.339966 -20.494003
123.296249 -674.971252 130.419571
123.329994 -680.126831 133.268753
123.344566 -682.261841 -20.494003
123.483749 -689.731262 28.239540
126.829994 -603.914856 28.239540
126.829994 -603.914856 21.046211
123.483749 -404.470917 21.046211
126.599174 -405.982483 28.239540
121.307930 -603.394958 128.577499
126.599174 -688.219971 128.577499
127.228745 -579.598450 128.577499
127.228745 -579.598450 128.577499
121.307930 -490.808258 111.506836
126.599174 -405.982483 128.577499
132.770004 -514.433411 128.577499
127.228745 -514.604858 128.577499
126.524567 -547.099976 -8.611042
140.404999 -607.595154 23.720625
126.382500 -486.859833 -8.707917
123.572067 -608.036682 133.268753
123.909180 -603.779968 141.082062
123.742500 -605.910156 141.082062
121.983315 -604.700134 -10.730283
124.317924 -598.643433 -7.881198
123.572067 -608.036682 -30.871777
126.076675 -599.851562 130.419571
121.983315 -604.700134 133.268753
121.815430 -606.826538 -30.871777
121.815430 -487.376709 -19.281250
125.500816 -487.083435 -11.467813
123.909180 -490.419983 -11.467813
125.500816 -487.083435 -19.281250
124.317924 -495.559845 -22.130468
125.667931 -489.209991 -163.280029
126.076675 -494.350159 -160.431213
122.392067 -494.641541 -22.130468
131.912491 -547.099976 75.048752
122.494568 -602.671692 104.141441
122.494568 -491.529999 104.141441
122.494568 -491.529999 104.141441
129.502502 -571.678284 133.268753
129.517502 -573.813416 141.082062
127.661247 -572.758423 133.268753
131.373322 -574.866699 -10.730283
131.373322 -574.866699 -45.233204
129.502502 -571.678284 133.268753
129.467926 -566.523438 130.419571
127.661247 -572.758423 -45.233204
129.502502 -522.523438 141.082062
129.530823 -518.256714 141.082062
129.502502 -522.523438 141.082062
131.358749 -521.468262 133.268753
127.661247 -521.444824 -45.233204
129.502502 -522.523438 -10.730283
131.358749 -521.468262 -10.730283
129.516678 -520.390015 -45.233204
129.654999 -581.283447 28.239540
129.630814 -547.099976 21.046211
129.630814 -547.099976 21.046211
121.487495 -412.995941 141.082062
125.199181 -410.884979 133.268753
125.199181 -410.884979 141.082062
123.357925 -409.805939 133.268753
121.455429 -418.149048 130.419571
125.186676 -413.018433 -20.494003
123.296249 -419.230927 -7.881198
121.487495 -412.995941 -10.730283
123.419174 -605.461548 84.682106
126.599174 -688.219971 91.875389
123.016678 -547.099976 84.682106
123.419174 -488.740143 84.682106
123.419174 -488.740143 91.875389
126.829994 -490.288422 84.682106
127.661247 -521.444824 -11.467813
129.530823 -518.256714 -19.281250
127.674995 -519.309998 -163.280029
131.358749 -521.468262 -163.280029
129.530823 -518.256714 -217.425385
129.502502 -522.523438 -217.425385
127.661247 -521.444824 -19.281250
131.373322 -519.334961 -217.425385
127.661247 -521.444824 -214.162491
131.373322 -519.334961 -221.975861
131.358749 -521.468262 -214.162491
129.530823 -518.256714 -365.975220
127.674995 -519.309998 -400.477570
129.502502 -522.523438 -365.975220
131.324570 -526.625000 -363.125549
131.358749 -521.468262 -400.477570
121.487495 -412.995941 -11.467813
125.199181 -410.884979 -19.281250
125.199181 -410.884979 -11.467813
125.199181 -410.884979 -163.280029
123.296249 -419.230927 -22.130468
125.186676 -413.018433 -217.425385
123.296249 -419.230927 -160.431213
121.487495 -412.995941 -163.280029
121.307930 -603.394958 -14.256611
126.599174 -688.219971 2.814416
132.856674 -547.099976 2.814416
126.895424 -547.099976 2.814416
120.935425 -547.099976 -14.256611
121.307930 -490.808258 2.814416
132.770004 -514.433411 2.814416
126.894997 -547.099976 -14.256611
123.329994 -680.126831 137.819183
131.358749 -572.733398 137.819183
123.329994 -414.075928 137.819183
134.587494 -579.769836 84.682106
131.472504 -581.283447 84.682106
134.587494 -514.433411 91.875389
123.572067 -486.164978 133.268753
123.909180 -490.419983 141.082062
125.500816 -487.083435 141.082062
123.572067 -486.164978 133.268753
124.317924 -495.559845 -7.881198
125.667931 -489.209991 -30.871777
124.317924 -495.559845 130.419571
122.392067 -494.641541 -7.881198
121.815430 -487.376709 -30.871777
120.049156 -321.128357 237.099197
120.049156 -321.128357 237.099197
131.510834 -344.753418 220.028336
125.635017 -377.421539 220.028336
-77.042740 349.384369 1146.239868
-76.986664 349.369995 1142.543701
-78.948364 295.217499 1142.743530
-78.081665 349.374359 1144.373779
-78.699791 216.506241 1143.080078
-83.910439 216.684525 1146.697144
125.340408 -236.304138 200.397079
122.225014 -234.791718 193.203720
130.653763 -377.421539 183.570480
122.251656 -377.421539 212.194916
122.482910 -318.613342 246.340836
130.653763 -377.421539 212.100388
125.340408 -236.304138 152.627472
131.555023 -377.421539 169.698730
119.673767 -377.421539 152.627472
131.555023 -377.421539 152.627472
119.668373 -377.421539 237.099197
130.189163 -377.421539 200.397079
133.415833 -377.421539 200.397079
121.322067 -744.543091 -10.946416
121.322067 -744.543091 127.974518
113.031212 -744.541870 -13.460053
118.457535 -740.601868 409.241638
118.457497 -748.486877 409.241638
118.457069 -784.700012 127.974518
115.895424 -784.700012 127.974518
-0.636094 -770.481567 69.815620
160.267090 -580.678406 -447.603424
158.138336 -581.688293 -441.067413
-118.457535 -740.601868 127.974518
-115.895424 -784.700012 2.507559
-118.457497 -748.486877 409.241638
-118.457535 -740.601868 409.241638
-115.895424 -784.700012 127.974518
-115.895386 -748.486877 127.974518
149.577484 -536.108398 -146.481705
149.577530 -432.048431 18.718439
143.160019 -588.139832 122.659195
149.576752 -484.079834 -229.081680
149.514145 -484.079834 -21.891310
149.576691 -640.169800 -311.681641
145.811279 -640.169800 18.718443
145.809540 -432.048431 18.718437
145.809967 -432.048431 116.805855
145.808792 -484.079834 -306.519104
145.810440 -536.108398 -22.581573
145.809998 -484.079834 -43.231556
145.809982 -588.139832 -146.481689
149.577530 -432.048431 18.718439
145.812057 -640.169800 116.805870
141.290024 -432.048431 119.387108
145.808792 -484.079834 -306.519104
149.577484 -588.139832 -187.781693
149.577072 -484.079834 -208.431732
149.797531 -640.169800 -32.906563
145.809189 -432.048431 -63.881660
145.809204 -640.169800 -311.681580
-149.577927 -588.139832 -146.481705
-149.579193 -640.169800 18.718388
-149.577911 -432.048431 111.643364
-149.577484 -640.169800 -229.081619
-149.577515 -640.169800 -208.431702
-153.564545 -484.079834 -32.906570
-149.576691 -640.169800 -311.681641
-145.810776 -588.139832 18.718437
-145.811676 -588.139832 116.805855
-145.808716 -588.139832 -306.519104
-145.808731 -432.048431 -208.431732
-145.810043 -536.108398 -43.231556
-145.809982 -588.139832 -146.481689
-149.577530 -432.048431 18.718439
-145.812057 -640.169800 116.805870
-143.158722 -432.048431 122.659195
-145.808792 -484.079834 -306.519104
-149.577484 -588.139832 -187.781693
-149.577072 -484.079834 -208.431732
-145.809570 -432.048431 -22.581573
-145.809555 -432.048431 -43.231556
-145.809204 -640.169800 -311.681580
139.281281 -447.920135 -295.146606
158.862534 -447.920135 -327.930023
160.271240 -498.590149 -432.288208
160.267090 -449.135925 -431.333344
-126.552475 -657.739990 -507.574951
-125.205429 -614.506714 -519.828369
148 151
227 236
564 565
932 933
1261 1264
1643 1644
1841 1842
2418 2419
2436 2438
2465 2467
2481 2483
2535 2540
2564 2569
2897 2900
4191 4194
4215 4216
