7499680188322129474 6386 8192
0.314074 0.233464 0.236239
-0.314074 0.233464 0.236239
-0.314074 -0.233464 0.236239
0.314074 -0.233464 0.236239
0.314074 0.233464 0.236239
0.314074 0.233464 -0.236239
-0.314074 0.233464 0.236239
-0.314074 0.233464 -0.236239
0.314074 -0.233464 -0.236239
-0.314074 -0.233464 -0.236239
-0.314074 0.233464 -0.236239
0.314074 0.233464 -0.236239
0.314074 -0.233464 0.236239
-0.314074 -0.233464 0.236239
-0.314074 -0.233464 -0.236239
0.314074 -0.233464 -0.236239
0.314074 0.233464 0.236239
0.314074 -0.233464 0.236239
0.314074 0.233464 -0.236239
0.314074 -0.233464 -0.236239
-0.314074 0.233464 0.236239
-0.314074 -0.233464 -0.236239
-0.314074 -0.233464 0.236239
-0.314074 0.233464 -0.236239
0.167706 0.131404 0.118446
-0.081667 0.131404 0.188376
-0.081667 -0.131404 0.188376
0.167706 -0.131404 0.118446
0.081667 0.131404 -0.188376
-0.081667 0.131404 0.188376
0.167706 0.131404 0.118446
-0.167706 0.131404 -0.118446
0.081667 -0.131404 -0.188376
-0.167706 -0.131404 -0.118446
-0.167706 0.131404 -0.118446
0.081667 0.131404 -0.188376
-0.081667 -0.131404 0.188376
0.081667 -0.131404 -0.188376
0.167706 -0.131404 0.118446
-0.167706 -0.131404 -0.118446
0.167706 0.131404 0.118446
0.167706 -0.131404 0.118446
0.081667 0.131404 -0.188376
0.081667 -0.131404 -0.188376
-0.081667 0.131404 0.188376
-0.167706 -0.131404 -0.118446
-0.081667 -0.131404 0.188376
-0.167706 0.131404 -0.118446
0.175029 -0.169055 1.445609
0.148710 -0.171288 1.437598
0.185173 -0.162966 1.416260
-0.018897 -0.012733 1.678118
-0.009988 -0.009546 1.665110
-0.024442 0.006808 1.660389
0.162971 -0.164554 1.410468
0.145755 -0.125183 1.451154
0.144555 -0.070760 1.386476
0.149806 -0.140073 1.408347
0.185460 0.020996 1.503521
0.197389 0.023083 1.480238
0.202124 0.030085 1.489830
0.075360 0.000463 1.587100
0.068746 0.035565 1.538846
0.071771 0.039220 1.591602
-0.013263 0.013963 1.547848
0.001279 0.051192 1.531748
0.078373 -0.001512 1.556532
0.014972 -0.092032 1.580774
0.016717 -0.077110 1.632905
-0.014364 -0.079017 1.630896
-0.068979 -0.061415 1.568596
-0.049705 -0.093293 1.578785
-0.061672 -0.047878 1.604807
-0.077847 0.002576 1.554094
-0.000331 -0.064498 1.570800
-0.062604 0.048390 1.588319
-0.073801 0.039630 1.616676
-0.043214 0.078194 1.606558
0.013734 0.006259 1.664851
-0.007222 0.020143 1.650272
0.081785 0.018024 1.635251
0.163926 0.008352 1.538099
0.143419 0.028234 1.513198
0.145274 -0.015768 1.562503
-0.040137 -0.065294 1.619675
-0.056057 0.042610 1.628525
-0.043001 0.033565 1.647000
-0.017712 0.045518 1.651095
-0.054592 0.011594 1.652348
-0.046581 -0.014443 1.643051
-0.024442 0.006808 1.660389
-0.001733 0.087795 1.583142
-0.017475 0.077302 1.567198
-0.041539 0.057663 1.615594
-0.016137 0.059010 1.644980
-0.023482 0.080585 1.622623
-0.015074 -0.031327 1.675061
-0.031168 -0.022596 1.657120
-0.008192 -0.042659 1.659326
0.008189 -0.029335 1.674218
0.029713 -0.024778 1.666608
0.036390 -0.074465 1.614329
0.050810 -0.094984 1.579527
0.072566 -0.025832 1.605551
0.045372 0.069549 1.528291
0.182615 -0.099598 1.354586
0.177635 -0.029384 1.359899
0.195529 -0.055656 1.340062
0.054515 0.053337 1.557604
0.030276 0.070077 1.553858
0.000792 0.077417 1.519152
-0.039468 0.068231 1.526134
-0.029992 0.063621 1.553049
-0.056128 0.055517 1.534028
-0.063789 0.043138 1.561484
-0.073462 0.036942 1.542400
-0.070193 0.028408 1.584706
-0.071866 -0.006193 1.596201
0.000987 -0.051019 1.670019
0.042410 0.007010 1.653205
0.038907 -0.027075 1.635756
0.063993 -0.036377 1.626846
0.079643 -0.024594 1.638239
0.056679 -0.024391 1.636502
0.066192 0.005176 1.624093
0.015674 -0.037930 1.642826
0.001586 0.073107 1.554398
0.147364 -0.168656 1.483689
0.144535 -0.160817 1.461432
0.148710 -0.171288 1.437598
0.014819 -0.062937 1.641234
0.034748 -0.043980 1.630136
0.017969 0.086613 1.629093
0.054402 0.053755 1.614142
0.041072 0.074379 1.605532
0.062089 0.029118 1.612818
-0.056337 -0.034707 1.648966
-0.049683 -0.054551 1.636098
-0.045838 -0.033462 1.643098
-0.038757 -0.054701 1.650005
-0.077573 0.018522 1.608019
-0.065518 0.010641 1.640980
-0.073914 0.019836 1.631216
-0.074978 -0.000481 1.612800
-0.079327 -0.006819 1.644433
-0.060451 -0.036266 1.629846
-0.061643 -0.043883 1.645309
-0.042259 0.074585 1.626067
-0.011483 0.097796 1.611589
0.005938 0.060409 1.645343
-0.001870 0.070562 1.638090
-0.000117 -0.081523 1.645076
-0.036541 -0.071368 1.641802
0.015391 0.070202 1.627539
-0.011499 0.083214 1.609612
0.028077 0.096749 1.619143
-0.030681 -0.029143 1.680657
0.071096 -0.060391 1.568082
0.012272 0.024233 1.649682
-0.024720 0.026469 1.657112
-0.054592 0.011594 1.652348
-0.065518 0.010641 1.640980
0.032821 0.031637 1.624679
0.024873 0.049304 1.640272
0.016526 0.070366 1.643209
0.003928 -0.057945 1.658251
-0.009829 -0.060267 1.651766
0.144932 -0.167195 1.423792
0.205822 0.029239 1.391836
0.190450 0.017276 1.358749
0.178520 0.049708 1.378307
0.137120 -0.031707 1.459237
0.078714 -0.010424 1.629393
0.193761 -0.162014 1.481345
0.174953 -0.166500 1.469183
0.161177 -0.164720 1.454629
0.192251 -0.146253 1.397147
0.190808 -0.110092 1.376198
0.206352 -0.102832 1.388703
0.190664 -0.085624 1.397100
0.197667 -0.108048 1.406631
0.008696 0.037507 1.640414
0.002499 0.051270 1.633503
-0.007521 0.031583 1.636846
0.000541 0.031298 1.657677
-0.047054 0.069088 1.614251
0.002307 -0.073557 1.660726
0.047741 -0.057827 1.638688
0.010802 0.044470 1.652666
0.194008 -0.154081 1.428867
-0.073462 0.036942 1.542400
0.234352 -0.059535 1.444702
0.233056 -0.048570 1.439248
0.233035 -0.049710 1.454057
-0.070193 0.028408 1.584706
0.219011 -0.047920 1.442331
0.243796 -0.059989 1.449001
0.218436 -0.043837 1.456776
0.202599 -0.024583 1.527926
0.169850 -0.043996 1.559364
0.205006 -0.066234 1.547673
-0.011688 -0.046693 1.675286
0.145274 -0.015768 1.562503
0.217031 -0.064982 1.482801
0.220730 -0.064017 1.438574
0.234352 -0.059535 1.444702
0.243796 -0.059989 1.449001
0.182399 0.015804 1.513234
0.206226 0.006330 1.513702
0.205384 -0.088202 1.439551
0.218176 -0.109636 1.433321
0.194008 -0.154081 1.428867
0.064222 0.058163 1.615619
0.131720 0.024352 1.382917
0.148232 -0.012020 1.374588
0.140698 0.089002 1.368065
0.139520 0.078283 1.403964
0.146507 0.086297 1.399827
0.003480 -0.035564 1.688796
0.143958 0.074636 1.371785
0.198916 -0.045843 1.518292
0.199252 -0.058898 1.508717
0.190948 -0.003291 1.490187
0.143156 -0.108904 1.372097
-0.077573 0.018522 1.608019
-0.073914 0.019836 1.631216
0.150154 -0.091445 1.562508
0.202700 -0.101550 1.545894
0.196396 -0.002215 1.432686
0.205721 -0.024065 1.420298
0.193765 -0.070565 1.432377
0.162971 -0.164554 1.410468
0.208535 -0.080813 1.457733
0.199589 -0.003097 1.403309
0.201492 0.048447 1.426751
0.195712 0.043425 1.421979
0.205822 0.029239 1.391836
0.163045 0.067494 1.404241
0.149674 0.091704 1.369002
0.178520 0.049708 1.378307
0.182887 0.051047 1.452437
0.215882 -0.010629 1.374336
0.214260 0.012146 1.380368
0.202520 -0.004339 1.384162
0.200106 -0.008660 1.367676
0.210233 -0.145667 1.507014
0.183951 -0.146828 1.519977
0.193761 -0.162014 1.481345
0.165876 -0.161727 1.486652
0.191977 -0.026929 1.351159
0.204217 -0.032226 1.376319
0.064211 -0.028794 1.646163
0.197616 -0.050191 1.383572
0.144967 0.044918 1.507821
0.154274 0.011476 1.361803
0.138939 0.040906 1.390312
0.214205 -0.092664 1.523574
0.216628 -0.103827 1.504412
0.180750 0.000031 1.345194
0.155992 -0.164648 1.390843
0.183557 -0.135373 1.384135
0.152356 0.079708 1.364265
0.164385 0.059690 1.353428
0.199396 -0.081877 1.533678
0.206040 -0.114057 1.517876
0.204954 -0.007853 1.444224
0.196396 -0.002215 1.432686
0.206649 0.013857 1.465907
0.144884 0.073268 1.433495
0.144546 0.058483 1.422883
0.141601 0.068131 1.466222
0.152657 -0.135355 1.380903
0.142938 -0.156092 1.377322
0.196186 -0.066745 1.374815
0.210278 -0.066475 1.376241
0.196691 0.010298 1.424254
0.069169 0.061191 1.256273
0.083923 0.045462 1.235406
0.080510 0.070923 1.209437
0.209380 0.019607 1.423951
0.200708 -0.148879 1.469308
0.192038 0.036099 1.436650
0.018388 0.108143 1.151140
-0.004956 0.105260 1.144875
-0.008044 0.101283 1.196399
0.200708 -0.148879 1.469308
0.176736 0.035607 1.355252
-0.147744 -0.025603 1.167496
-0.136192 -0.035920 1.189056
-0.146594 -0.006393 1.192026
0.189362 0.006818 1.340935
0.205931 -0.016097 1.480539
-0.152713 -0.023551 1.158387
-0.147744 -0.025603 1.167496
0.146360 -0.143538 1.535427
-0.061917 0.101458 1.142305
-0.023355 0.107109 1.171849
-0.028273 0.105945 1.117950
0.155808 -0.144161 1.526213
0.205744 -0.093877 1.484660
0.145748 -0.033652 1.542316
0.208056 -0.038714 1.433448
0.038374 -0.097465 1.171165
0.005307 -0.089287 1.188279
0.039815 -0.085380 1.197139
0.091968 -0.072318 1.155195
0.098374 -0.058350 1.162879
0.074530 -0.068365 1.187371
-0.057515 0.094472 1.130162
-0.030103 0.098373 1.122205
-0.057233 0.077884 1.156793
-0.016926 0.075661 1.138557
-0.057233 0.077884 1.156793
-0.015235 0.094439 1.138996
0.088474 0.084069 1.142656
0.114915 0.079685 1.098102
0.121554 0.061763 1.121559
0.086186 0.066921 1.126213
0.099197 0.060830 1.146266
0.199029 0.021241 1.454208
-0.060779 -0.033335 1.141106
-0.060522 -0.027195 1.170278
-0.086770 -0.017406 1.160004
0.196691 0.010298 1.424254
0.017039 -0.092032 1.186421
0.052682 -0.087309 1.203435
0.070038 0.081153 1.146540
0.075949 0.075797 1.127682
0.046758 0.091813 1.119007
0.110870 -0.074699 1.193974
0.091476 -0.087830 1.191534
0.105842 -0.092755 1.155193
0.026329 0.105137 1.102510
0.057011 0.102120 1.134888
0.029735 0.096276 1.115609
-0.048424 -0.027553 1.158372
-0.047434 -0.015247 1.146069
-0.069541 0.048521 1.146192
-0.075301 0.030898 1.124295
-0.081173 0.047725 1.125200
-0.107630 0.023654 1.150691
-0.096267 0.035403 1.130201
-0.089127 0.023132 1.113648
0.108747 -0.085935 1.162886
0.090072 -0.086293 1.187810
0.116052 -0.078358 1.165824
0.108747 -0.085935 1.162886
0.108747 -0.085935 1.162886
0.085374 -0.100596 1.151281
0.070784 -0.101292 1.153386
0.179514 -0.122348 1.352094
0.056746 -0.105113 1.153231
0.064293 -0.101480 1.164695
0.185173 -0.162966 1.416260
0.146968 -0.059128 1.568201
0.138508 0.037000 1.132023
0.146461 0.040313 1.118484
0.141853 0.031636 1.110010
0.144548 0.007852 1.091558
-0.023720 0.041876 1.079731
-0.038649 0.053050 1.095515
-0.010052 0.053687 1.098423
0.133444 -0.042674 1.104120
0.143417 -0.027161 1.085182
0.129145 -0.045954 1.161278
0.205721 -0.024065 1.420298
0.219011 -0.047920 1.442331
0.076649 -0.062104 1.109736
0.057667 -0.050542 1.087706
0.105069 -0.046780 1.067528
0.017573 0.022828 1.026659
-0.002270 0.031015 1.050926
0.033230 0.042629 1.067067
0.007802 0.035978 1.026349
-0.002270 0.031015 1.050926
0.003978 0.023631 1.023079
0.002778 0.010386 0.986958
0.003978 0.023631 1.023079
-0.011691 0.030312 1.067510
0.024969 0.029204 1.008505
0.041422 0.034375 1.036676
0.051927 0.029767 1.014398
0.021038 0.028571 0.991566
0.018741 0.011432 1.011386
0.017733 0.005122 0.988496
0.013862 -0.010077 1.029797
0.023425 0.017096 1.007387
0.033497 0.009946 1.001403
0.032586 0.020322 0.980989
0.022641 0.006794 0.970223
-0.103703 -0.079135 1.188975
-0.088729 -0.077424 1.206695
-0.099718 -0.069056 1.232219
0.055825 0.089302 1.219707
0.007503 0.068891 1.234882
-0.047080 -0.074603 1.190000
-0.038919 -0.070820 1.172423
-0.036306 -0.074015 1.204553
0.096497 -0.011815 1.267354
0.064433 -0.035615 1.278225
0.106696 -0.067792 1.220162
0.080774 -0.026027 1.046182
0.110030 -0.028273 1.116889
0.119914 -0.044561 1.087421
0.122195 -0.009113 1.065433
-0.066303 -0.052506 1.180706
-0.078249 -0.065307 1.167034
-0.081301 -0.056519 1.177558
-0.038850 -0.033406 1.143244
-0.034310 -0.024005 1.120124
-0.043080 -0.044376 1.123451
-0.000595 0.013346 1.073080
0.009810 0.002340 1.073293
-0.008626 -0.004562 1.088171
-0.021226 -0.036387 1.099661
-0.005107 -0.048984 1.098338
-0.031338 -0.054569 1.112317
0.142574 0.030889 1.187366
0.124346 0.055019 1.144521
0.124886 0.003291 1.119030
0.139616 -0.000794 1.096167
0.120082 -0.012636 1.127560
-0.074996 0.065116 1.251690
-0.055942 0.088042 1.204306
0.018138 -0.039562 1.041158
0.002885 -0.029911 1.073296
-0.011507 -0.033721 1.059941
0.043648 -0.025093 1.042725
0.035192 -0.033105 1.063803
0.161177 -0.164720 1.454629
0.008716 -0.042305 1.113777
-0.016515 -0.055214 1.124069
-0.010184 -0.020077 1.010203
-0.015821 -0.015379 1.041068
0.032331 0.001248 1.015483
0.041748 0.000191 1.025626
0.029727 0.000464 1.043166
0.050582 0.018126 1.004974
0.060302 0.021941 1.036338
0.052222 0.006352 1.024063
-0.059932 0.022638 1.029710
-0.043972 0.008270 1.026857
-0.075212 0.008405 1.035395
0.202578 0.003861 1.497248
-0.048110 -0.094921 1.173747
-0.065460 -0.095438 1.167081
0.036569 0.072090 1.103959
-0.000847 0.083403 1.127026
0.020922 0.087435 1.113098
-0.122659 0.027506 1.120116
-0.103203 0.035654 1.127553
0.015839 -0.079204 1.222463
0.119196 0.032714 1.132298
-0.009958 0.008519 1.062677
-0.061730 -0.010053 1.093264
-0.017783 0.000536 1.078197
-0.093678 0.049001 1.116354
-0.104727 0.046342 1.118817
-0.094686 0.056018 1.129976
-0.102114 0.013310 1.062436
-0.092125 0.004517 1.067981
-0.102686 0.002479 1.122465
-0.121927 0.009690 1.165700
-0.099853 -0.002800 1.173944
-0.118913 -0.029657 1.174442
-0.010358 -0.013276 1.075678
0.174953 -0.166500 1.469183
-0.059430 0.014301 1.081249
-0.053772 0.027289 1.114788
-0.050575 0.030990 1.064756
0.080221 -0.011425 1.048051
0.074748 0.016234 1.055918
0.086483 0.003271 1.054578
0.015605 -0.053109 1.126975
0.064525 -0.068347 1.099585
0.036083 -0.067134 1.134365
0.152356 0.079708 1.364265
0.017573 0.022828 1.026659
0.209380 0.019607 1.423951
0.120583 -0.047432 1.151510
0.115579 -0.033515 1.138783
0.125927 -0.026087 1.148003
0.111864 -0.009239 1.099604
-0.062975 -0.060257 1.277802
-0.077419 -0.085209 1.212979
-0.019054 -0.066899 1.149071
-0.007081 -0.050175 1.153178
-0.016301 -0.064771 1.188288
-0.022912 -0.037321 1.157742
-0.034772 -0.049697 1.178401
0.208056 -0.038714 1.433448
-0.140184 -0.034089 1.171358
0.122877 -0.065974 1.162116
0.107208 -0.073926 1.194260
0.061196 0.003327 1.275853
-0.003883 0.019896 1.268269
0.013128 -0.044601 1.273208
0.205744 -0.093877 1.484660
0.061649 0.060862 1.086307
0.085499 0.069341 1.098295
0.073941 0.052116 1.084742
0.089642 0.032937 1.076015
0.103547 0.043077 1.115374
-0.107195 0.062014 1.246260
-0.122789 0.046167 1.259707
-0.050453 0.031287 1.285807
-0.114795 0.014743 1.147083
-0.005035 0.016871 0.981676
0.116066 0.058260 1.190308
0.116402 0.060274 1.155218
-0.031083 0.060259 1.156624
-0.040226 0.063146 1.135861
-0.075836 0.011044 1.053019
-0.068019 0.018125 1.064839
-0.118913 -0.029657 1.174442
-0.138423 -0.015723 1.179070
-0.121927 0.009690 1.165700
-0.106841 -0.065364 1.159658
-0.083707 -0.068674 1.184209
-0.093339 -0.068994 1.202024
-0.076973 0.016744 1.089454
-0.080157 0.027325 1.058715
-0.073984 0.023068 1.112089
0.101188 -0.003086 1.043019
0.109188 -0.008228 1.057028
0.115684 -0.013420 1.014018
-0.114365 -0.045490 1.182972
-0.112281 -0.061656 1.180944
-0.117784 -0.048452 1.187337
0.014979 0.100753 1.120938
-0.039035 -0.006931 1.121442
-0.053342 -0.013358 1.112348
-0.068030 -0.012358 1.062158
-0.072578 -0.008523 1.033633
-0.060072 -0.020186 1.004187
-0.052156 -0.022022 1.018153
-0.052477 0.008929 1.002204
-0.016590 0.052868 1.082007
-0.000163 0.050129 1.061860
0.002095 0.048397 1.020794
-0.012189 -0.003569 1.008878
-0.015829 -0.004994 1.050743
0.004007 -0.083683 1.192737
-0.006818 -0.084861 1.181953
-0.000998 -0.089932 1.168286
0.010286 -0.081930 1.181273
-0.053920 0.052711 1.136719
-0.052806 0.036107 1.135467
-0.095313 0.047275 1.152469
-0.112290 0.038457 1.144331
-0.107991 0.047224 1.164474
-0.066601 -0.001935 1.004809
0.010880 -0.073523 1.167526
-0.001262 -0.070528 1.191158
0.077648 -0.073752 1.142948
0.062709 -0.072453 1.162250
0.061977 -0.081507 1.164163
0.053607 -0.082461 1.144087
0.040451 -0.026733 1.030402
0.050723 -0.013456 1.042362
0.015366 0.018348 0.999876
0.003985 0.028488 0.972268
0.019747 0.029744 0.970373
-0.092827 -0.034955 1.168887
0.116325 -0.016603 1.142909
0.139494 -0.014290 1.114043
0.133565 -0.013046 1.140315
0.126229 -0.006833 1.224645
0.094566 0.013246 1.270182
0.052112 -0.031496 1.036599
0.065019 -0.025813 1.052308
-0.105189 0.018259 1.107896
0.194008 -0.154081 1.428867
0.021502 -0.012793 1.022032
0.029096 -0.008906 1.038417
-0.157379 -0.163808 1.391604
-0.162865 -0.158083 1.407919
-0.169184 -0.144681 1.379040
-0.071276 -0.070444 1.166980
-0.057986 -0.075884 1.190765
-0.078908 -0.080015 1.203501
-0.198978 -0.137872 1.383569
0.090933 0.088741 1.136488
0.110976 0.069295 1.145683
0.121554 0.061763 1.121559
-0.038175 0.032135 1.084452
-0.216170 -0.107618 1.385693
-0.234531 -0.071386 1.410408
-0.207140 -0.042459 1.400864
-0.144701 -0.122660 1.415791
-0.142737 -0.167609 1.420336
-0.145218 -0.163450 1.376228
-0.189629 0.020647 1.497843
-0.207879 0.027688 1.480332
-0.216075 0.011392 1.469544
-0.187042 0.049023 1.439232
-0.132153 0.022480 1.399023
-0.141214 -0.027527 1.381156
-0.133764 0.022579 1.378836
-0.211284 -0.005057 1.482256
-0.220836 -0.031735 1.504382
-0.213879 0.006883 1.508823
-0.253769 -0.035984 1.478687
-0.073401 -0.088482 1.196265
-0.045358 -0.090333 1.187072
-0.062579 -0.088598 1.208002
-0.147684 -0.059302 1.355708
-0.174186 -0.031718 1.341753
-0.151906 0.012454 1.347869
-0.138773 0.038833 1.387671
-0.084886 -0.084033 1.203684
-0.084886 -0.084033 1.203684
-0.080459 -0.088141 1.193204
-0.077419 -0.085209 1.212979
-0.090108 -0.039985 1.267732
-0.147443 -0.172255 1.478490
-0.147736 -0.172522 1.431561
-0.143557 -0.165910 1.453774
-0.185604 0.014228 1.343837
-0.200951 0.024706 1.380710
-0.175667 0.050925 1.367937
-0.144646 -0.075356 1.524699
-0.296543 -0.060522 1.430888
-0.292960 -0.049934 1.443723
-0.292993 -0.049622 1.428995
-0.104233 0.060515 1.199158
-0.131459 0.026111 1.150269
-0.252694 -0.039084 1.420010
-0.303337 -0.059032 1.437192
-0.274973 -0.044170 1.446082
-0.213643 -0.023712 1.532826
-0.216164 -0.060732 1.547290
-0.169801 -0.040829 1.559131
-0.145671 -0.011767 1.561349
-0.276400 -0.053328 1.462105
-0.095424 -0.021846 1.123146
-0.072165 -0.026984 1.104493
-0.067529 -0.025667 1.122654
-0.163521 0.009988 1.535607
-0.146900 -0.141172 1.474482
-0.250967 -0.108715 1.415456
-0.244697 -0.087389 1.420157
0.119015 0.045063 1.149121
-0.205751 -0.145640 1.414714
-0.173988 0.035795 1.342151
-0.179313 -0.001575 1.327218
-0.269083 -0.071560 1.435437
-0.260293 -0.081391 1.441166
-0.286450 -0.077081 1.457357
-0.188953 -0.084545 1.347608
-0.192709 -0.062745 1.332370
-0.209783 -0.067567 1.367571
0.099197 0.060830 1.146266
0.108559 0.062445 1.154021
-0.019712 0.106894 1.115902
-0.140698 0.091331 1.363150
-0.146545 0.088205 1.392447
-0.139565 0.078737 1.397504
0.056468 -0.079607 1.210336
-0.144051 0.076749 1.366967
0.087022 0.091002 1.162175
0.074507 0.095558 1.130668
-0.138967 -0.110216 1.357998
-0.242483 -0.051361 1.409527
-0.205219 -0.024929 1.418686
0.025419 -0.059187 1.165201
0.029632 -0.080635 1.145973
-0.021874 0.021197 1.073135
-0.038175 0.032135 1.084452
-0.023720 0.041876 1.079731
-0.002270 0.031015 1.050926
-0.235348 -0.024737 1.406514
-0.208462 -0.007270 1.419983
-0.127330 -0.037743 1.210021
-0.116833 -0.026881 1.190833
-0.114365 -0.045490 1.182972
0.064736 0.032539 1.053467
0.033230 0.042629 1.067067
-0.217378 -0.102717 1.374311
0.087685 0.091239 1.113781
-0.186436 -0.033478 1.333678
-0.198483 -0.039497 1.359035
0.086483 0.003271 1.054578
0.074748 0.016234 1.055918
-0.188390 0.005005 1.324939
-0.223628 0.003497 1.448786
-0.240810 -0.018094 1.472030
0.056509 0.064672 1.096819
0.026257 0.066860 1.079031
0.036569 0.072090 1.103959
0.064632 0.078167 1.103492
0.119133 -0.057249 1.214908
-0.241352 -0.073257 1.431884
-0.105298 0.062163 1.166763
-0.097684 0.075072 1.142984
-0.088848 0.067471 1.142475
-0.247404 -0.070246 1.416814
0.064944 0.062136 1.106662
-0.202369 0.048713 1.415275
-0.200951 0.024706 1.380710
-0.195481 0.042011 1.410300
-0.080356 0.075555 1.133616
-0.080893 0.087284 1.152269
-0.050338 -0.020413 1.125120
-0.196161 0.017984 1.390706
0.126747 -0.068102 1.152606
0.089577 0.061867 1.084701
-0.163625 0.070343 1.393639
-0.149674 0.094625 1.363193
-0.219242 -0.135743 1.499905
-0.200642 -0.158207 1.478576
-0.213985 -0.132670 1.524056
0.018741 0.011432 1.011386
0.055256 0.107551 1.104822
0.056884 0.112697 1.103360
0.023841 0.108273 1.108593
-0.145808 0.020978 1.524995
-0.155658 0.032313 1.505750
-0.116139 -0.014034 1.108930
-0.110004 -0.001381 1.142172
-0.030200 -0.066072 1.170357
-0.144176 0.024351 1.508239
-0.147029 -0.004941 1.510045
-0.097383 -0.010500 1.101212
-0.241229 -0.093836 1.521460
-0.251699 -0.104169 1.498477
-0.232974 -0.074592 1.519548
0.128873 -0.043622 1.132138
-0.218750 -0.080315 1.533579
0.011222 -0.038773 1.011308
0.006095 -0.017044 1.020870
0.023922 -0.024086 1.003885
0.103657 -0.007639 1.079951
0.127326 -0.057003 1.140103
-0.164007 -0.128621 1.347101
-0.180271 -0.125616 1.335591
-0.163621 0.062625 1.344465
-0.152285 0.083023 1.357515
-0.018702 0.009918 1.063556
-0.036315 0.010926 1.011143
-0.207318 -0.097396 1.546151
-0.080698 0.055792 1.152999
-0.145888 0.070867 1.425197
-0.145703 0.054664 1.416914
-0.143109 0.062184 1.458706
-0.175667 0.050925 1.367937
-0.092215 0.017590 1.047518
0.039961 -0.036409 1.016976
-0.195214 -0.011393 1.389611
-0.200738 0.005231 1.412012
-0.149472 -0.024863 1.138026
-0.140723 0.005602 1.134318
-0.210878 0.015603 1.412914
-0.220510 -0.143728 1.462523
-0.195055 0.034333 1.424407
0.103213 0.019036 1.092491
0.106091 0.026299 1.102570
0.116901 0.020278 1.101462
0.057896 -0.006322 1.013784
-0.148860 0.004292 1.129861
0.124886 0.003291 1.119030
0.106611 0.019332 1.116882
-0.040735 -0.021363 0.999581
0.004007 -0.083683 1.192737
0.024263 -0.072066 1.190270
-0.206771 -0.157941 1.448864
-0.200642 -0.158207 1.478576
-0.138685 0.005773 1.161283
-0.147736 -0.172522 1.431561
0.130277 0.041837 1.154361
0.124346 0.055019 1.144521
-0.178998 -0.168566 1.464585
-0.273250 -0.066914 1.474050
-0.253230 -0.053749 1.475396
-0.145421 -0.135675 1.535607
-0.150032 -0.086322 1.563431
-0.183973 -0.141542 1.522747
-0.092563 -0.021984 1.096380
-0.245500 -0.110678 1.445870
-0.256082 -0.094486 1.473428
-0.147744 -0.025603 1.167496
-0.152713 -0.023551 1.158387
-0.088729 -0.077424 1.206695
-0.103703 -0.079135 1.188975
0.039666 -0.023157 1.016531
0.148147 0.004918 1.084642
0.153918 -0.004458 1.125756
0.143682 0.026279 1.085355
-0.008775 -0.040139 1.150748
0.087150 -0.010829 1.021720
0.114603 -0.019641 1.028700
0.092545 -0.024934 1.024019
-0.252694 -0.039084 1.420010
-0.004426 0.096046 1.131954
-0.296543 -0.060522 1.430888
-0.104727 0.046342 1.118817
-0.107186 0.047610 1.133228
0.064198 -0.016268 1.054131
-0.149472 -0.024863 1.138026
-0.208462 -0.007270 1.419983
-0.209270 0.019160 1.442140
-0.200738 0.005231 1.412012
-0.013144 -0.088962 1.192567
-0.000897 0.058317 1.091785
-0.178998 -0.168566 1.464585
-0.074350 -0.014867 1.098545
0.027993 -0.078452 1.162492
-0.303337 -0.059032 1.437192
0.089283 -0.067119 1.202401
-0.145671 -0.011767 1.561349
-0.147116 -0.052987 1.567564
0.108116 0.051849 1.147441
0.103190 0.047940 1.149052
0.104731 0.049096 1.125001
0.113912 0.058190 1.110526
-0.096019 0.000508 1.279190
-0.132312 0.013974 1.136251
0.096318 0.060238 1.112157
0.101920 0.053861 1.109314
-0.235181 -0.009684 1.432437
-0.002270 0.031015 1.050926
-0.076400 0.087686 1.117671
-0.235348 -0.024737 1.406514
0.015366 0.018348 0.999876
-0.190972 -0.013918 1.367998
-0.196161 0.017984 1.390706
-0.123918 0.025600 1.136976
-0.132312 0.013974 1.136251
-0.148176 0.014541 1.109628
0.057011 0.102120 1.134888
0.054200 0.099133 1.145976
-0.117426 -0.042066 1.199962
-0.118848 -0.048720 1.203161
-0.122539 -0.037951 1.201469
-0.131001 -0.045039 1.182531
-0.117784 -0.048452 1.187337
-0.126833 -0.057184 1.177317
-0.286450 -0.077081 1.457357
0.008783 0.096790 1.106977
-0.004296 0.104417 1.127035
0.147201 -0.012149 1.085362
-0.089416 -0.019200 1.050858
-0.097643 -0.010306 1.063919
-0.198070 -0.069836 1.362840
-0.114778 -0.071330 1.190506
-0.126833 -0.057184 1.177317
0.077284 0.088954 1.131672
0.065474 0.089695 1.139166
-0.044612 0.031391 1.043345
0.108559 0.062445 1.154021
0.000185 -0.023985 1.024306
-0.220510 -0.143728 1.462523
-0.206256 0.004799 1.368606
0.057011 0.102120 1.134888
-0.152285 0.083023 1.357515
-0.210878 0.015603 1.412914
-0.108061 -0.012870 1.153506
-0.010052 0.053687 1.098423
-0.000897 0.058317 1.091785
0.033230 0.042629 1.067067
0.046758 0.091813 1.119007
-0.042101 -0.002082 0.990122
0.070038 0.081153 1.146540
0.065474 0.089695 1.139166
0.097118 0.097122 1.096178
0.105597 0.089527 1.107522
-0.256082 -0.094486 1.473428
0.114915 0.079685 1.098102
0.100015 0.093639 1.076827
0.087685 0.091239 1.113781
-0.014863 -0.077495 1.226085
-0.085758 -0.043105 1.175966
-0.085177 -0.038228 1.162846
-0.095505 0.026211 1.057478
0.139616 -0.000794 1.096167
-0.249461 -0.035619 1.451885
0.037481 -0.000624 1.052980
0.061228 -0.001935 1.050093
0.064944 0.062136 1.106662
0.103657 -0.007639 1.079951
-0.128254 -0.028823 1.190108
-0.143229 0.015246 1.123974
-0.143229 0.015246 1.123974
-0.121032 0.043428 1.151141
-0.123918 0.025600 1.136976
-0.205751 -0.145640 1.414714
-0.162865 -0.158083 1.407919
-0.205751 -0.145640 1.414714
-0.026177 -0.042289 1.588590
-0.006615 -0.027101 1.577672
-0.007480 -0.046883 1.585325
-0.015496 -0.022705 1.566589
-0.006534 0.002384 1.586612
-0.019775 -0.007770 1.581029
-0.122869 -0.073118 1.163764
0.012524 -0.030316 1.579185
0.011392 -0.010612 1.585907
0.015379 -0.052124 1.586086
0.027709 -0.023482 1.583521
0.016917 0.068604 1.594263
0.037331 0.055028 1.588328
0.030631 0.049997 1.580363
-0.018147 0.011826 1.007559
-0.122303 -0.084654 1.170413
-0.123333 -0.083741 1.156963
0.043367 0.068906 1.618934
-0.066793 -0.022216 1.612159
-0.068862 0.001151 1.591784
-0.054253 -0.002005 1.602152
-0.070885 -0.032827 1.607301
0.003748 0.070768 1.579035
-0.024154 0.062916 1.607619
-0.013008 0.080898 1.607078
-0.015354 0.067498 1.574160
-0.056485 -0.039607 1.604951
-0.132949 -0.067156 1.171970
-0.133193 -0.072263 1.156991
-0.055185 -0.038790 1.618747
0.064736 0.032539 1.053467
0.042586 -0.043584 1.606555
0.074829 -0.037601 1.604071
0.050133 -0.060326 1.623533
0.028388 -0.076963 1.172551
-0.035466 -0.019208 1.600329
0.111685 0.016139 1.103441
0.046919 -0.063390 1.683470
-0.035926 -0.020250 1.671148
-0.046302 -0.067817 1.683457
0.068566 -0.005172 1.668407
0.065350 -0.039105 1.675101
0.069141 -0.019500 1.663702
0.058430 -0.033210 1.638681
0.037966 0.089613 1.113603
-0.011757 0.045500 1.581386
-0.019689 0.018610 1.594766
-0.004833 0.032990 1.598115
0.020801 0.002037 1.574501
0.057101 0.061132 1.631879
0.029201 0.085452 1.620857
0.040856 -0.085508 1.166470
0.062405 -0.013773 1.593248
0.066266 0.010396 1.599218
0.066266 0.010396 1.599218
0.055235 0.038531 1.590515
0.068566 0.007548 1.611612
0.068566 0.007548 1.611612
0.065865 -0.019781 1.614477
0.064519 0.023011 1.641583
0.062366 0.071451 1.644201
0.068762 0.032831 1.653556
0.069141 -0.019500 1.663702
0.094667 -0.058695 1.145665
0.014696 0.018967 1.662195
-0.025979 0.087710 1.649485
0.075949 0.075797 1.127682
-0.068659 -0.023070 1.672384
-0.067380 0.044787 1.656336
-0.040151 -0.010908 1.582558
0.023900 0.043173 1.583951
0.010137 0.057231 1.588016
-0.027615 -0.085903 1.202192
-0.032695 -0.086326 1.192799
0.056509 0.064672 1.096819
-0.023079 0.105479 1.101978
-0.020523 0.101876 1.126563
-0.000945 -0.067166 1.608811
-0.002906 -0.059537 1.578182
0.043810 0.019554 1.585347
0.133444 -0.042674 1.104120
0.140086 -0.026789 1.092207
0.005204 -0.010562 1.031370
0.008990 0.042514 1.587072
0.014660 0.023611 1.593047
-0.124634 0.043888 1.098615
-0.122659 0.027506 1.120116
-0.047338 0.051733 1.608600
-0.030239 0.041476 1.598129
-0.059887 0.034319 1.609128
-0.124634 0.043888 1.098615
-0.047518 0.016233 1.604242
-0.016783 -0.065578 1.625065
-0.016098 -0.078677 1.634905
-0.035413 -0.076564 1.624581
0.002984 -0.087408 1.629076
-0.008199 0.044958 1.011881
-0.023720 0.041876 1.079731
-0.067642 -0.000137 1.632575
-0.029744 -0.045865 1.622003
0.008990 0.042514 1.587072
-0.011757 0.045500 1.581386
0.018638 0.023409 1.580338
0.023900 0.043173 1.583951
0.043810 0.019554 1.585347
0.041889 0.012502 1.576531
-0.093678 0.049001 1.116354
-0.084332 0.039317 1.116146
-0.097413 0.044299 1.134449
-0.081173 0.047725 1.125200
0.041080 0.113326 1.629570
-0.070006 0.086270 1.125319
-0.086282 0.052590 1.138042
-0.025295 0.041896 1.575725
-0.057480 -0.082273 1.161289
-0.059122 -0.062933 1.174422
-0.038708 -0.064239 1.176585
-0.053911 0.058112 1.628486
-0.065814 -0.069033 1.189006
0.063633 0.024972 1.616592
0.063787 -0.001225 1.634017
-0.046175 -0.000687 1.107937
-0.030540 -0.073649 1.655816
-0.007291 -0.075187 1.677514
0.063787 -0.001225 1.634017
0.101188 -0.003086 1.043019
-0.039694 0.115682 1.625755
0.034885 -0.068452 1.659008
0.001773 0.097563 1.613703
-0.054774 0.101679 1.124505
0.112037 0.082626 1.080588
0.003356 0.132315 1.616570
-0.021874 0.021197 1.073135
-0.023720 0.041876 1.079731
-0.011691 0.030312 1.067510
-0.004474 -0.087059 1.215473
-0.026122 -0.085809 1.187670
-0.021237 -0.107388 1.154743
-0.021237 -0.107388 1.154743
-0.019984 -0.085001 1.192883
-0.147744 -0.025603 1.167496
-0.070784 0.069327 1.152028
0.003356 0.132315 1.616570
-0.020511 0.012702 1.032817
-0.086385 -0.099181 1.169934
-0.020511 0.012702 1.032817
-0.018702 0.009918 1.063556
-0.133500 -0.008346 1.207575
-0.116181 -0.044698 1.209544
-0.119541 -0.000852 1.211224
-0.122680 -0.067842 1.204644
-0.099165 -0.076021 1.210429
-0.110279 0.026519 1.216103
-0.048781 0.077110 1.214833
-0.066098 0.103574 1.181955
-0.062160 -0.089858 1.209742
-0.066021 -0.099603 1.204454
0.076417 -0.084476 1.210946
0.083581 -0.095258 1.205699
-0.091859 -0.092911 1.204836
0.109303 -0.061511 1.210240
-0.075301 0.030898 1.124295
0.119467 -0.069672 1.203859
-0.010319 0.102858 1.110505
-0.010869 0.099179 1.127712
0.130181 -0.011546 1.209585
0.116102 0.021129 1.214525
0.060370 0.074649 1.215088
0.016320 0.094124 1.206180
0.011571 0.083756 1.209646
0.016320 0.094124 1.206180
0.011571 0.083756 1.209646
0.119641 -0.059086 1.140967
0.134485 -0.055779 1.163761
0.106370 -0.079247 1.141928
0.103772 -0.074951 1.164760
0.052131 -0.088319 1.142335
0.146238 -0.000505 1.182366
-0.148333 0.025489 1.160128
-0.119916 0.065079 1.180601
-0.145836 0.037168 1.137121
-0.015144 0.106661 1.121840
0.020613 0.103576 1.122770
0.012178 0.094664 1.110134
0.143359 0.067561 1.149080
0.147441 -0.028950 1.149804
0.019230 -0.098179 1.181274
-0.063921 -0.091500 1.164311
-0.135479 -0.044904 1.130307
-0.150133 -0.018199 1.161761
-0.131607 -0.065252 1.164039
-0.088980 0.084143 1.124162
-0.087404 -0.089834 1.142154
-0.028063 -0.078827 1.120042
0.119708 -0.035207 1.115819
0.098072 0.097175 1.156291
0.088294 0.076857 1.109226
0.119708 -0.035207 1.115819
0.079124 -0.067431 1.118322
0.004146 0.019649 1.115381
-0.077618 -0.071648 1.119565
-0.119909 -0.032407 1.117065
-0.065460 -0.095438 1.167081
-0.120429 0.036297 1.115098
-0.097830 0.063133 1.113579
0.012178 0.094664 1.110134
0.088294 0.076857 1.109226
-0.048208 0.088080 1.110206
-0.028063 -0.078827 1.120042
-0.125939 -0.006590 1.115698
0.128779 0.036306 1.113778
0.114043 0.061518 1.114328
-0.119541 -0.000852 1.211224
-0.116181 -0.044698 1.209544
-0.001099 0.003507 1.211416
-0.099165 -0.076021 1.210429
-0.110279 0.026519 1.216103
-0.048781 0.077110 1.214833
-0.062160 -0.089858 1.209742
0.076417 -0.084476 1.210946
0.109303 -0.061511 1.210240
0.147201 -0.012149 1.085362
0.116102 0.021129 1.214525
0.060370 0.074649 1.215088
0.011571 0.083756 1.209646
-0.119909 -0.032407 1.117065
-0.077618 -0.071648 1.119565
0.079124 -0.067431 1.118322
-0.125939 -0.006590 1.115698
0.128779 0.036306 1.113778
-0.120429 0.036297 1.115098
-0.097830 0.063133 1.113579
0.012178 0.094664 1.110134
0.020613 0.103576 1.122770
-0.048208 0.088080 1.110206
0.114043 0.061518 1.114328
0.032829 0.112817 1.092801
0.062142 0.113799 1.085609
0.128135 0.056847 1.183237
0.101188 -0.003086 1.043019
0.106828 -0.007145 1.012408
0.019270 0.114413 1.175565
0.019270 0.114413 1.175565
0.107089 0.084573 1.184512
-0.105949 -0.055491 1.186010
-0.103694 -0.061340 1.198864
-0.112816 -0.060714 1.193243
-0.148176 0.014541 1.109628
0.023794 -0.075153 1.679368
-0.000014 -0.070350 1.677933
-0.023619 -0.074779 1.679507
-0.071722 -0.028816 1.682322
-0.071722 -0.028816 1.682322
-0.071722 -0.028816 1.682322
-0.052873 -0.041915 1.685356
-0.066907 0.004741 1.678488
-0.066907 0.004741 1.678488
-0.066907 0.004741 1.678488
0.059744 -0.048047 1.685171
0.059744 -0.048047 1.685171
0.059744 -0.048047 1.685171
0.063258 -0.025365 1.683650
0.063258 -0.025365 1.683650
0.063258 -0.025365 1.683650
0.052855 -0.041891 1.685241
0.052855 -0.041891 1.685241
0.052855 -0.041891 1.685241
0.071876 -0.028655 1.682174
-0.059665 -0.047842 1.685130
-0.066885 0.050184 1.652368
-0.058207 0.047965 1.656009
-0.023757 0.110140 1.620246
0.075005 0.023980 1.669268
0.075005 0.023980 1.669268
0.075005 0.023980 1.669268
0.037966 0.089613 1.113603
-0.074554 0.023927 1.668713
-0.074554 0.023927 1.668713
-0.074554 0.023927 1.668713
0.066343 0.049795 1.652568
0.058104 0.047844 1.655828
0.042328 0.085922 1.632430
0.058104 0.047844 1.655828
0.066343 0.049795 1.652568
0.017810 0.104692 1.625210
0.022599 0.109533 1.621253
0.022599 0.109533 1.621253
0.022599 0.109533 1.621253
-0.017838 0.104682 1.625160
-0.000000 0.111616 1.621780
0.000030 0.118797 1.616438
0.000030 0.118797 1.616438
0.000030 0.118797 1.616438
0.140096 -0.027278 1.069917
-0.000171 -0.083390 1.588815
-0.015851 -0.072058 1.585848
0.015858 -0.072075 1.585751
0.031527 -0.077632 1.589273
0.081384 -0.028694 1.585975
0.058328 -0.059611 1.587767
0.071240 -0.029340 1.584087
0.064106 -0.066421 1.591034
-0.064842 -0.067171 1.590899
-0.069519 -0.042705 1.586440
-0.045591 -0.064800 1.586818
-0.041703 -0.097224 1.167657
-0.015851 -0.072058 1.585848
-0.123333 -0.083741 1.156963
0.015858 -0.072075 1.585751
0.063164 0.014115 1.560323
0.063234 -0.003098 1.575453
0.023230 0.036452 1.543157
0.071028 0.000342 1.575666
-0.080609 -0.028290 1.586056
-0.063201 0.014420 1.560548
-0.063220 -0.003084 1.575490
-0.026122 -0.085809 1.187670
-0.089353 -0.103559 1.170424
0.071028 0.000342 1.575666
0.063234 -0.003098 1.575453
0.047902 -0.098940 1.164443
0.048662 0.029498 1.548372
-0.042311 0.023306 1.550248
-0.027558 0.044023 1.540487
0.027558 0.044023 1.540487
0.000000 0.044393 1.541567
0.000000 0.053332 1.538293
0.015858 -0.072075 1.585751
-0.015851 -0.072058 1.585848
-0.000000 -0.016682 1.580032
-0.062756 -0.037837 1.126365
0.071240 -0.029340 1.584087
0.058328 -0.059611 1.587767
-0.045591 -0.064800 1.586818
-0.069519 -0.042705 1.586440
0.058328 -0.059611 1.587767
0.023230 0.036452 1.543157
0.063234 -0.003098 1.575453
-0.015851 -0.072058 1.585848
-0.063220 -0.003084 1.575490
-0.042311 0.023306 1.550248
0.000000 0.044393 1.541567
-0.066907 0.004741 1.678488
-0.052873 -0.041915 1.685356
-0.052873 -0.041915 1.685356
-0.052873 -0.041915 1.685356
-0.000004 0.025497 1.686144
-0.000004 0.025497 1.686144
-0.000004 0.025497 1.686144
0.052855 -0.041891 1.685241
0.063258 -0.025365 1.683650
-0.000014 -0.070350 1.677933
-0.000014 -0.070350 1.677933
-0.000014 -0.070350 1.677933
0.075005 0.023980 1.669268
0.058104 0.047844 1.655828
-0.058207 0.047965 1.656009
0.017810 0.104692 1.625210
-0.017838 0.104682 1.625160
-0.000000 0.111616 1.621780
-0.022016 0.077594 1.606854
-0.022016 0.077594 1.606854
-0.022016 0.077594 1.606854
0.052081 0.044818 1.625444
0.052081 0.044818 1.625444
0.052081 0.044818 1.625444
-0.025869 0.048523 1.570067
0.056318 -0.060406 1.613676
-0.058908 0.030672 1.607046
0.056884 0.112697 1.103360
0.057011 0.102120 1.134888
0.055256 0.107551 1.104822
0.064094 0.007458 1.608902
0.065541 -0.030026 1.626765
-0.066026 -0.029344 1.626507
-0.053772 0.027289 1.114788
0.045235 0.036450 1.589177
0.020535 0.055930 1.591448
0.020535 0.055930 1.591448
0.020535 0.055930 1.591448
0.064094 0.007458 1.608902
-0.041740 -0.056570 1.639258
-0.055564 -0.060347 1.613478
0.000031 0.069368 1.587868
0.000031 0.069368 1.587868
0.000031 0.069368 1.587868
-0.000094 -0.073257 1.626996
0.061355 0.034220 1.641713
0.061355 0.034220 1.641713
0.061355 0.034220 1.641713
0.068949 0.007912 1.650916
0.068949 0.007912 1.650916
0.068949 0.007912 1.650916
0.061355 0.034220 1.641713
0.061355 0.034220 1.641713
0.061355 0.034220 1.641713
0.018547 -0.072587 1.649043
0.050571 -0.052584 1.662024
0.000142 -0.074974 1.656573
-0.062601 0.034564 1.641347
-0.062601 0.034564 1.641347
-0.062601 0.034564 1.641347
0.017709 -0.076740 1.171993
-0.000998 -0.089932 1.168286
0.132331 0.047667 1.122962
0.127587 -0.066412 1.135072
-0.027615 -0.085903 1.202192
0.065474 0.089695 1.139166
0.077284 0.088954 1.131672
0.057011 0.102120 1.134888
-0.040130 0.103887 1.110736
-0.062579 -0.088598 1.208002
-0.122869 -0.073118 1.163764
-0.029645 0.014346 1.011943
0.111864 -0.009239 1.099604
-0.041703 -0.097224 1.167657
-0.026122 -0.085809 1.187670
-0.021237 -0.107388 1.154743
-0.016590 0.052868 1.082007
0.068224 0.050622 1.653954
0.074326 -0.028247 1.684380
0.068668 -0.010000 1.656520
-0.018897 -0.012733 1.678118
-0.009988 -0.009546 1.665110
-0.024442 0.006808 1.660389
0.050677 -0.052755 1.662006
0.024079 -0.076030 1.679555
-0.023979 -0.074971 1.679808
-0.018005 -0.072764 1.648618
-0.071445 0.029071 1.584665
-0.044373 0.078783 1.606910
-0.063609 0.042676 1.561584
0.077688 -0.001553 1.556481
0.069156 0.035788 1.538930
0.071862 0.039138 1.591609
-0.073790 -0.029815 1.683543
-0.073790 -0.029815 1.683543
-0.073790 -0.029815 1.683543
-0.049920 -0.092871 1.578758
0.050671 -0.093870 1.579581
0.000929 -0.082541 1.646207
-0.068979 -0.061415 1.568596
-0.061906 -0.048145 1.605293
-0.077847 0.002576 1.554094
-0.000331 -0.064498 1.570800
-0.075838 0.021163 1.632136
0.043756 -0.062038 1.630462
0.081233 0.018015 1.635240
0.043021 0.006196 1.653279
0.066268 0.005260 1.624165
0.032850 0.031513 1.624270
0.068224 0.050622 1.653954
0.068224 0.050622 1.653954
0.068224 0.050622 1.653954
0.000390 0.070282 1.586796
0.000390 0.070282 1.586796
0.000390 0.070282 1.586796
0.023736 0.112391 1.619534
-0.024377 0.112604 1.619575
-0.053965 0.011875 1.650726
-0.017904 0.045709 1.651545
-0.057530 0.029974 1.606982
-0.070972 0.008134 1.650612
-0.070972 0.008134 1.650612
-0.070972 0.008134 1.650612
-0.022044 0.077477 1.606875
-0.022044 0.077477 1.606875
-0.022044 0.077477 1.606875
-0.065887 -0.029935 1.626919
-0.016154 0.058903 1.644659
-0.011960 0.098287 1.610271
-0.067467 0.050292 1.652974
-0.067467 0.050292 1.652974
-0.067467 0.050292 1.652974
0.002231 -0.037230 1.687517
-0.013232 0.013922 1.547876
0.045390 0.069526 1.528306
0.030454 0.071885 1.553469
0.000417 0.077966 1.518730
-0.056870 0.056580 1.533231
-0.030189 0.065538 1.552402
-0.073462 0.036942 1.542400
-0.071445 0.029071 1.584665
-0.072058 -0.006242 1.596144
0.040227 -0.027854 1.635878
0.064214 0.007121 1.608820
0.057834 0.030218 1.606993
-0.064250 -0.065878 1.590614
-0.080396 -0.028707 1.585957
0.000532 -0.083476 1.588100
0.175774 -0.169806 1.445314
0.145787 -0.167658 1.424116
0.163561 -0.166217 1.409821
0.015164 0.070515 1.628950
0.064349 0.057479 1.614677
0.040973 0.074205 1.605564
0.061948 0.029080 1.612503
0.078865 -0.045664 1.588073
-0.077573 0.018522 1.608019
0.065209 -0.003122 1.574491
-0.075838 0.021163 1.632136
-0.079057 -0.006959 1.645282
0.065209 -0.003122 1.574491
0.063334 0.014078 1.560147
0.064214 0.007121 1.608820
0.027595 0.044040 1.540429
0.005839 0.060112 1.644808
-0.036896 -0.071629 1.642396
0.000000 0.044393 1.541567
0.027936 0.096657 1.620323
-0.030681 -0.029143 1.680657
-0.031377 -0.022562 1.657500
-0.015495 -0.031555 1.675168
-0.024442 0.006808 1.660389
0.070112 -0.059894 1.567725
-0.053965 0.011875 1.650726
0.024873 0.049304 1.640272
-0.063173 0.015230 1.562353
-0.027558 0.044023 1.540487
0.059873 -0.062302 1.586431
0.079239 -0.011059 1.631109
-0.056101 0.090775 1.205385
-0.051192 0.031320 1.287859
0.012366 0.095975 1.216411
0.012272 0.024233 1.649682
0.145717 0.041040 1.118013
0.146107 0.031025 1.188823
0.152752 -0.003620 1.125240
0.000541 0.031298 1.657677
-0.007521 0.031583 1.636846
0.017709 -0.076740 1.171993
0.035997 -0.067268 1.134148
0.050807 -0.086134 1.160991
0.039987 -0.035602 1.015736
0.021614 -0.012337 1.020335
0.036763 -0.000393 1.053148
0.023736 0.112391 1.619534
-0.024377 0.112604 1.619575
0.000154 0.025522 1.686162
0.000154 0.025522 1.686162
0.000154 0.025522 1.686162
0.068224 0.050622 1.653954
-0.067467 0.050292 1.652974
-0.067124 0.004821 1.678602
0.074326 -0.028247 1.684380
-0.010094 0.008086 1.063053
-0.022404 0.023000 1.072359
0.009924 0.002927 1.073494
-0.001692 0.030599 1.051363
-0.052866 -0.041946 1.685366
-0.052866 -0.041946 1.685366
-0.052866 -0.041946 1.685366
-0.000014 -0.070383 1.677960
-0.000014 -0.070383 1.677960
-0.000014 -0.070383 1.677960
0.052775 -0.041911 1.685223
-0.042353 0.023721 1.550993
0.000000 0.044393 1.541567
-0.000004 -0.016690 1.580011
0.042311 0.023306 1.550248
-0.069602 -0.041826 1.588023
0.010802 0.044470 1.652666
0.065209 -0.003122 1.574491
0.078865 -0.045664 1.588073
-0.015851 -0.072058 1.585848
-0.045595 -0.064807 1.586816
0.059873 -0.062302 1.586431
0.015863 -0.072079 1.585762
0.059873 -0.062302 1.586431
-0.015851 -0.072058 1.585848
0.000205 -0.023844 1.023793
-0.011551 -0.019894 1.010102
0.013727 -0.009983 1.029682
-0.042353 0.023721 1.550993
0.042311 0.023306 1.550248
-0.073462 0.036942 1.542400
-0.069602 -0.041826 1.588023
0.062503 -0.073378 1.162202
0.076653 -0.064167 1.108502
0.091687 -0.073567 1.155139
-0.045595 -0.064807 1.586816
-0.015851 -0.072058 1.585848
0.015863 -0.072079 1.585762
-0.015851 -0.072058 1.585848
0.015863 -0.072079 1.585762
-0.126204 -0.038238 1.209630
-0.116965 -0.027078 1.190959
-0.117876 -0.048444 1.187632
-0.025326 -0.087028 1.185298
-0.004609 -0.084639 1.214236
-0.027526 -0.086624 1.201895
-0.045749 -0.060047 1.275142
-0.057885 0.028119 1.040502
-0.063139 -0.010349 0.994911
-0.077108 0.011638 1.052254
-0.067124 0.004821 1.678602
-0.067124 0.004821 1.678602
-0.067124 0.004821 1.678602
0.070994 0.082159 1.145723
0.057239 0.102034 1.136260
0.075800 0.098217 1.131291
-0.087523 0.047753 1.127541
-0.082385 0.018895 1.105434
-0.103001 0.024220 1.140848
0.052775 -0.041911 1.685223
0.180939 -0.121907 1.352182
0.146908 -0.011939 1.374402
0.196157 -0.026708 1.347516
0.037231 0.089846 1.111265
0.057239 0.102034 1.136260
0.070994 0.082159 1.145723
-0.052866 -0.041946 1.685366
-0.000014 -0.070383 1.677960
-0.014947 0.004778 1.274329
0.019105 0.115162 1.176219
-0.066035 0.103425 1.181416
-0.048782 0.077385 1.215191
0.099077 0.098691 1.157333
0.061191 0.076373 1.216962
0.141623 0.068913 1.161486
0.117163 0.021039 1.215061
0.146815 -0.000633 1.183567
0.111609 -0.062156 1.212229
0.136230 -0.056640 1.164297
0.105433 -0.084850 1.206179
0.105920 -0.079267 1.141354
0.019556 -0.100074 1.182120
0.033071 0.043337 1.066306
-0.001692 0.030599 1.051363
0.000050 0.053139 1.061270
0.119433 -0.046964 1.152615
0.125236 -0.067094 1.151964
0.117231 -0.078977 1.165598
-0.076800 0.092679 1.123127
-0.120090 0.065357 1.180915
0.038553 -0.097188 1.171395
0.054973 -0.084789 1.204740
0.057009 -0.105316 1.153444
0.153402 0.029952 1.149262
0.019105 0.115162 1.176219
0.020217 0.106437 1.121476
0.088252 0.076865 1.109188
-0.148600 0.037141 1.137288
0.117619 0.062582 1.110017
-0.107801 -0.085165 1.207066
-0.144559 -0.050580 1.181881
-0.109733 -0.080680 1.151199
-0.034163 -0.092645 1.141742
-0.077573 0.018522 1.608019
0.020217 0.106437 1.121476
-0.096941 0.026389 1.055657
-0.093794 0.003968 1.067709
-0.048378 0.088251 1.109926
-0.121326 0.036890 1.113450
-0.120439 -0.032214 1.115820
-0.077785 -0.073891 1.117952
0.079178 -0.068366 1.117617
0.012197 0.094649 1.110165
0.012197 0.094649 1.110165
-0.115418 0.013926 1.148167
-0.113668 -0.014841 1.111493
-0.014421 -0.067933 1.200757
-0.000998 -0.089932 1.168286
-0.013144 -0.088962 1.192567
0.121703 -0.035528 1.114229
-0.135746 -0.044907 1.130233
-0.108572 0.025462 1.214458
-0.132605 0.004779 1.208040
-0.117299 -0.044973 1.211017
-0.062653 -0.088136 1.208119
-0.084770 -0.083938 1.203902
-0.086343 -0.100241 1.166353
-0.062425 -0.093252 1.211452
-0.077361 -0.085279 1.212931
-0.077361 -0.085279 1.212931
-0.062653 -0.088136 1.208119
0.011593 0.084435 1.210490
-0.048782 0.077385 1.215191
-0.001104 0.003504 1.211456
0.061191 0.076373 1.216962
0.128546 -0.043570 1.131963
0.134767 -0.022008 1.142038
0.139945 -0.026757 1.092099
0.117163 0.021039 1.215061
0.111609 -0.062156 1.212229
-0.107801 -0.085165 1.207066
-0.062425 -0.093252 1.211452
0.076495 -0.085110 1.211302
-0.108572 0.025462 1.214458
-0.117299 -0.044973 1.211017
0.088252 0.076865 1.109188
0.117619 0.062582 1.110017
0.004146 0.019649 1.115381
0.121703 -0.035528 1.114229
-0.120439 -0.032214 1.115820
-0.121326 0.036890 1.113450
0.079178 -0.068366 1.117617
-0.077785 -0.073891 1.117952
-0.048378 0.088251 1.109926
0.012197 0.094649 1.110165
-0.031978 0.061961 1.156826
-0.038672 0.053260 1.096294
-0.068402 0.047948 1.147651
-0.123130 -0.073086 1.163548
-0.133499 -0.067241 1.171496
-0.123865 -0.084488 1.156873
0.210049 -0.037584 1.434209
0.219494 -0.063158 1.483806
0.243608 -0.058851 1.448773
0.119009 0.032623 1.132382
0.117124 0.061435 1.155547
0.130301 0.041678 1.154545
0.107455 0.051951 1.148109
-0.097709 0.075134 1.143005
-0.076489 0.087241 1.118002
-0.080262 0.075416 1.133685
0.220751 -0.064433 1.438400
0.210049 -0.037584 1.434209
0.243608 -0.058851 1.448773
-0.057554 0.094105 1.130323
0.197684 -0.106954 1.395736
0.207408 -0.080518 1.457417
0.216575 -0.109882 1.433730
0.205304 -0.093629 1.484321
0.227502 -0.076047 1.469393
0.060410 0.067744 1.253456
0.084844 0.046367 1.236254
0.082421 0.075155 1.210762
-0.025326 -0.087028 1.185298
-0.036117 -0.074204 1.204126
0.149211 0.091965 1.368654
0.138593 0.075092 1.369776
0.145864 0.084824 1.400049
-0.025326 -0.087028 1.185298
-0.027526 -0.086624 1.201895
0.033285 0.010098 1.001494
0.033574 0.020598 0.980709
0.111815 0.070851 1.146133
0.145049 0.068348 1.466748
0.183073 0.052111 1.452913
0.022305 0.007077 0.970325
0.200129 0.024513 1.480573
0.145402 0.044945 1.508193
0.145273 -0.102870 1.380527
0.198248 -0.001357 1.432420
0.205633 -0.024062 1.420513
0.192764 -0.070664 1.432097
0.011593 0.084435 1.210490
0.210163 -0.066453 1.375080
0.076495 -0.085110 1.211302
-0.062307 0.104078 1.142663
-0.028372 0.107311 1.118174
-0.106820 -0.065330 1.159675
-0.118913 -0.029657 1.174442
-0.087896 -0.018139 1.161010
-0.081301 -0.056519 1.177558
-0.066303 -0.052506 1.180706
0.115496 -0.079270 1.197635
0.052592 -0.088625 1.204268
0.085987 -0.101692 1.150902
0.011593 0.084435 1.210490
-0.079928 0.085618 1.151939
-0.057199 0.077769 1.156828
0.003802 -0.084006 1.192787
0.037565 -0.079396 1.198756
0.011268 0.109797 1.132935
-0.013231 0.104934 1.133785
0.096808 -0.057310 1.162691
0.056385 -0.070862 1.198259
-0.030110 0.098422 1.122226
-0.017424 0.075951 1.137964
-0.015266 0.094609 1.139052
-0.010928 0.099304 1.127680
-0.004582 0.095983 1.131587
-0.010347 0.102714 1.109734
-0.062793 -0.037044 1.126584
-0.052510 -0.026715 1.166546
0.068566 -0.005172 1.668407
-0.035905 -0.020046 1.671716
0.046893 -0.063805 1.683447
-0.126204 -0.038238 1.209630
-0.092182 -0.041494 1.273552
-0.124010 0.049473 1.262764
0.050415 -0.061651 1.623706
0.058430 -0.033210 1.638681
-0.023049 0.105732 1.102008
0.016983 -0.092233 1.186533
0.020801 0.002037 1.574501
0.043810 0.019554 1.585347
0.012524 -0.030316 1.579185
0.069036 0.007896 1.611508
0.055584 0.039079 1.590139
0.030035 0.085985 1.620520
0.117231 -0.078977 1.165598
0.026232 0.104967 1.102615
0.057239 0.102034 1.136260
0.037231 0.089846 1.111265
-0.006856 -0.076111 1.677583
-0.039674 0.115677 1.625768
-0.025973 0.087761 1.649657
0.003351 0.132220 1.616522
-0.067130 0.000076 1.632957
-0.067339 0.044783 1.656317
-0.054829 0.058888 1.627323
-0.035407 -0.019589 1.600309
-0.026251 -0.042349 1.588598
-0.029941 -0.045971 1.621948
0.061162 0.003247 1.275590
0.064714 -0.034728 1.276767
0.107286 -0.075340 1.194556
0.193789 -0.161627 1.481193
0.201292 -0.149594 1.469131
0.210226 -0.146550 1.508470
0.193789 -0.161627 1.481193
0.201292 -0.149594 1.469131
0.041080 0.113327 1.629565
-0.024793 -0.013035 1.028688
-0.068178 -0.012481 1.061993
-0.041170 -0.021774 0.999480
0.138321 0.036913 1.131920
0.144825 0.026660 1.084851
0.062435 0.071612 1.644044
-0.040293 0.103951 1.110640
0.065350 -0.039105 1.675101
0.140409 -0.000602 1.096137
-0.003022 -0.059363 1.578204
0.042313 -0.043283 1.606733
0.003351 0.132220 1.616522
0.001746 0.097539 1.613726
-0.023236 0.042548 1.080003
-0.010987 0.055738 1.097676
0.133084 -0.042424 1.104219
0.144715 -0.027095 1.084678
-0.036323 0.009837 1.011298
-0.020695 0.012596 1.032870
-0.029610 0.014434 1.011898
0.199784 -0.144648 1.447193
-0.010733 0.004969 1.008077
-0.048007 0.016591 1.603712
-0.068331 0.001736 1.592159
-0.068648 -0.023115 1.672420
0.068773 0.033091 1.654529
0.066255 0.010400 1.599241
0.062391 -0.013763 1.593287
0.076557 0.016773 1.054974
0.124377 0.003678 1.119203
0.063712 -0.001249 1.634022
0.069141 -0.019500 1.663702
-0.030877 0.042136 1.597121
-0.019689 0.018610 1.594766
0.041533 0.000382 1.025710
0.023292 0.018144 1.006653
0.017675 0.005141 0.988567
0.023292 0.018144 1.006653
0.165261 -0.162990 1.486764
-0.040151 -0.010908 1.582558
-0.054121 -0.001889 1.602453
-0.104419 -0.079647 1.189591
-0.088392 -0.077043 1.207083
-0.099850 -0.069530 1.232971
0.063712 -0.001249 1.634022
0.069036 0.007896 1.611508
0.008990 0.042514 1.587072
0.003748 0.070768 1.579035
0.024076 0.043449 1.583761
0.137294 -0.031779 1.459065
0.017127 0.068700 1.594329
-0.012967 0.080908 1.607086
0.205907 0.002538 1.512689
0.196418 -0.000363 1.473395
0.011192 -0.039110 1.010551
-0.011725 -0.033748 1.059833
0.050395 -0.013952 1.041542
0.058297 -0.052461 1.086359
0.063963 -0.017967 1.050544
0.105185 -0.047336 1.066649
0.111333 -0.009769 1.099599
0.118280 -0.043308 1.086980
0.121839 -0.009272 1.065921
-0.078249 -0.065307 1.167034
-0.048017 -0.017982 1.126819
-0.028633 -0.048904 1.103558
0.188385 0.006555 1.340853
-0.046107 -0.067824 1.683451
-0.055259 -0.039124 1.618821
-0.035099 -0.076270 1.624973
0.002263 -0.086200 1.629581
-0.070269 -0.032864 1.607973
0.035019 -0.033880 1.063687
0.002495 -0.030326 1.073203
-0.001160 -0.067161 1.608728
-0.006615 -0.027101 1.577672
-0.020937 -0.107059 1.154766
0.062142 0.113799 1.085609
0.055256 0.107551 1.104822
0.056809 0.112781 1.103393
-0.119058 -0.048754 1.203151
0.050575 0.020512 1.003237
0.065613 0.032805 1.053183
0.052515 0.006342 1.023980
-0.011757 0.045500 1.581386
0.163561 -0.166217 1.409821
0.145608 -0.157157 1.377747
0.184856 -0.136339 1.383525
-0.025295 0.041896 1.575725
0.087810 0.091169 1.113656
0.103254 0.093859 1.075483
0.122640 0.060069 1.122333
0.151746 0.079258 1.363630
0.176246 0.035969 1.353372
0.206977 0.029915 1.391273
-0.000998 -0.089932 1.168286
-0.013144 -0.088962 1.192567
-0.010120 -0.002717 1.088916
0.215742 -0.103625 1.504108
0.194014 -0.046722 1.501002
0.205557 -0.067596 1.550857
0.198248 -0.001357 1.432420
-0.092173 -0.022683 1.095559
-0.046022 -0.001003 1.107972
-0.122157 0.009916 1.165840
0.009924 0.002927 1.073494
-0.089544 -0.017852 1.051817
-0.067594 0.016941 1.064729
-0.053206 0.026302 1.115340
0.124377 0.003678 1.119203
-0.122374 0.044074 1.151616
-0.105341 0.062541 1.166152
-0.107608 0.046834 1.164567
0.145787 -0.167658 1.424116
0.076557 0.016773 1.054974
0.101133 -0.003650 1.043449
0.052122 -0.031530 1.036555
0.175774 -0.169806 1.445314
0.146276 -0.162098 1.461358
0.016715 0.020403 1.000119
0.004675 0.031943 0.971129
0.001248 0.009467 0.986381
-0.015288 0.042543 1.028696
0.208138 0.019628 1.423615
-0.138856 -0.015115 1.179399
-0.152763 -0.024168 1.158404
-0.149688 -0.024687 1.138152
0.074960 -0.037639 1.604244
-0.019054 -0.066899 1.149071
-0.006000 -0.050701 1.152987
-0.020695 0.012596 1.032870
0.057421 0.067982 1.094223
-0.023236 0.042548 1.080003
-0.010987 0.055738 1.097676
-0.011757 0.045500 1.581386
-0.006534 0.002384 1.586612
0.008990 0.042514 1.587072
0.057421 0.067982 1.094223
0.097034 0.061874 1.110375
0.065613 0.032805 1.053183
0.024076 0.043449 1.583761
0.100064 0.062030 1.146360
0.075800 0.098217 1.131291
0.032796 0.112633 1.092765
-0.001692 0.030599 1.051363
-0.023236 0.042548 1.080003
0.208138 0.019628 1.423615
-0.118913 -0.029657 1.174442
-0.122157 0.009916 1.165840
-0.083707 -0.068674 1.184209
-0.088392 -0.077043 1.207083
0.069141 -0.019500 1.663702
0.145883 -0.144450 1.536602
0.206977 0.029915 1.391273
0.117124 0.061435 1.155547
0.016715 0.020403 1.000119
-0.023049 0.105732 1.102008
0.043810 0.019554 1.585347
0.066255 0.010400 1.599241
-0.088819 0.067505 1.142436
-0.104228 0.046112 1.118760
0.146609 -0.015469 1.561704
0.145402 0.044945 1.508193
0.113778 0.057946 1.110731
0.100064 0.062030 1.146360
0.033071 0.043337 1.066306
0.111333 -0.009769 1.099599
0.146609 -0.015469 1.561704
0.146828 -0.059793 1.570255
0.098514 0.011928 1.273421
-0.030182 -0.066074 1.170317
-0.059122 -0.062933 1.174422
-0.071276 -0.070444 1.166980
-0.057856 -0.075452 1.190027
-0.053206 0.026302 1.115340
0.056809 0.112781 1.103393
0.057239 0.102034 1.136260
0.055256 0.107551 1.104822
-0.143556 -0.163671 1.375496
-0.181669 -0.126604 1.338755
-0.147240 -0.110745 1.348566
-0.187016 0.049885 1.439898
-0.149502 0.087888 1.392639
-0.214100 0.017586 1.413694
-0.213510 0.009602 1.510014
-0.215986 -0.060308 1.547391
-0.145911 -0.011801 1.560955
-0.144757 0.062192 1.459292
-0.143700 0.028798 1.511457
-0.135949 0.022360 1.398561
-0.084770 -0.083938 1.203902
-0.217418 -0.107806 1.385091
-0.206531 -0.147128 1.414620
-0.249873 -0.108675 1.415847
-0.223815 -0.139172 1.464409
-0.201980 -0.159913 1.478456
-0.286906 -0.076196 1.459319
-0.243832 -0.087444 1.420932
-0.257353 -0.095385 1.473536
-0.233624 -0.071192 1.409502
0.194639 -0.067164 1.375747
-0.206388 -0.133268 1.390224
-0.197469 -0.111198 1.359207
-0.304432 -0.059641 1.437385
-0.221466 -0.030769 1.505131
-0.222150 0.003454 1.448710
-0.020937 -0.107059 1.154766
-0.025326 -0.087028 1.185298
-0.143437 -0.122686 1.415367
-0.104419 -0.079647 1.189591
-0.123865 -0.084488 1.156873
-0.123130 -0.073086 1.163548
0.089375 -0.067279 1.202662
0.122640 0.060069 1.122333
0.075800 0.098217 1.131291
-0.145911 -0.011801 1.560955
-0.147059 -0.052774 1.567421
-0.146438 -0.136466 1.535574
-0.144353 -0.174622 1.432917
-0.165973 -0.164428 1.483675
0.140264 -0.027291 1.069998
0.140409 -0.000602 1.096137
0.025277 -0.059382 1.165282
-0.022404 0.023000 1.072359
-0.023236 0.042548 1.080003
0.227502 -0.076047 1.469393
-0.020937 -0.107059 1.154766
-0.152763 -0.024168 1.158404
-0.146016 -0.006725 1.191431
-0.117876 -0.048444 1.187632
-0.197656 0.024066 1.381062
-0.152468 0.083399 1.356913
-0.187008 0.004670 1.325223
-0.132912 0.014605 1.136771
-0.122316 0.027360 1.120444
-0.191968 -0.062815 1.333216
-0.195760 -0.039224 1.358979
-0.204882 -0.007156 1.420298
-0.197579 -0.069828 1.362507
-0.223815 -0.139172 1.464409
-0.238273 -0.110140 1.521190
-0.257353 -0.095385 1.473536
-0.286906 -0.076196 1.459319
-0.152468 0.083399 1.356913
-0.197656 0.024066 1.381062
-0.142235 0.077437 1.364216
0.103040 0.043685 1.115202
0.101133 -0.003650 1.043449
-0.124090 0.025551 1.137096
-0.104228 0.046112 1.118760
-0.001692 0.030599 1.051363
-0.124090 0.025551 1.137096
-0.148449 0.014478 1.109799
-0.149223 0.004422 1.129955
-0.148449 0.014478 1.109799
0.061274 -0.001812 1.050063
0.057878 -0.006147 1.013789
-0.130827 -0.044999 1.182481
0.195417 -0.155006 1.427840
0.101133 -0.003650 1.043449
0.108838 -0.008688 1.008651
-0.010094 0.008086 1.063053
0.151746 0.079258 1.363630
0.149211 0.091965 1.368654
-0.214100 0.017586 1.413694
-0.057480 -0.082273 1.161289
-0.149097 0.094871 1.362888
-0.201980 -0.159913 1.478456
-0.162937 -0.169824 1.446121
-0.163179 -0.158631 1.407571
-0.144353 -0.174622 1.432917
0.205633 -0.024062 1.420513
-0.132912 0.014605 1.136771
-0.149097 0.094871 1.362888
-0.152763 -0.024168 1.158404
-0.210779 -0.067528 1.367334
0.205304 -0.093629 1.484321
-0.163179 -0.158631 1.407571
-0.087523 0.047753 1.127541
-0.086343 -0.100241 1.166353
-0.001692 0.030599 1.051363
-0.184806 -0.142744 1.524172
-0.149688 -0.024687 1.138152
-0.234830 -0.024915 1.406855
-0.204882 -0.007156 1.420298
-0.150783 -0.086820 1.564666
0.145883 -0.144450 1.536602
0.188385 0.006555 1.340853
-0.172569 -0.011701 1.340498
-0.191968 -0.062815 1.333216
-0.206531 -0.147128 1.414620
-0.162937 -0.169824 1.446121
0.146828 -0.059793 1.570255
-0.084770 -0.083938 1.203902
-0.122316 0.027360 1.120444
0.057239 0.102034 1.136260
-0.304432 -0.059641 1.437385
-0.234830 -0.024915 1.406855
-0.023236 0.042548 1.080003
0.103254 0.093859 1.075483
0.097900 0.097248 1.095991
-0.001692 0.030599 1.051363
0.133084 -0.042424 1.104219
0.070994 0.082159 1.145723
-0.065814 -0.069033 1.189006
0.111815 0.070851 1.146133
0.195417 -0.155006 1.427840
-0.104228 0.046112 1.118760
-0.124556 0.043942 1.098853
-0.124556 0.043942 1.098853
0.087810 0.091169 1.113656
0.033071 0.043337 1.066306
-0.001692 0.030599 1.051363
0.153010 -0.124058 1.543142
0.145681 -0.118607 1.545012
0.146119 -0.143414 1.535282
-0.018897 -0.012733 1.678118
-0.009988 -0.009546 1.665110
-0.024442 0.006808 1.660389
0.149906 -0.091149 1.562076
-0.001559 0.087984 1.583054
0.046875 0.064708 1.582807
0.029846 0.069442 1.554049
-0.062867 0.048722 1.588241
-0.043170 0.078145 1.606565
-0.034947 0.060826 1.568841
0.075554 0.000589 1.587106
0.068030 0.030565 1.565822
0.072548 0.039545 1.591554
-0.013263 0.013963 1.547848
0.001279 0.051192 1.531748
0.078150 -0.001514 1.556629
0.014993 -0.092055 1.580777
0.016558 -0.076877 1.632890
-0.014404 -0.079462 1.631031
-0.068979 -0.061415 1.568596
-0.049715 -0.093409 1.578820
-0.061672 -0.047878 1.604807
-0.077847 0.002576 1.554094
-0.000331 -0.064498 1.570800
-0.073747 0.039589 1.616659
0.013734 0.006259 1.664851
-0.007222 0.020143 1.650272
0.081702 0.018004 1.635258
0.036964 0.021624 1.644610
0.054283 0.003115 1.634279
0.032625 0.031558 1.624678
-0.029479 -0.081044 1.611822
-0.040146 -0.065396 1.619706
-0.056081 0.042637 1.628550
-0.043001 0.033565 1.647000
-0.017712 0.045518 1.651095
-0.054592 0.011594 1.652348
-0.046581 -0.014443 1.643051
-0.024442 0.006808 1.660389
-0.017730 0.077620 1.567126
-0.034612 0.069800 1.622268
-0.016042 0.058982 1.644819
-0.023372 0.080565 1.622309
-0.015074 -0.031327 1.675061
-0.031168 -0.022596 1.657120
-0.008192 -0.042659 1.659326
0.008189 -0.029335 1.674218
0.043093 0.007298 1.653522
0.036115 -0.074317 1.614259
0.050723 -0.094935 1.579505
0.062900 -0.046454 1.604986
0.045372 0.069549 1.528291
0.069454 0.036137 1.539017
0.054515 0.053337 1.557604
0.000792 0.077417 1.519152
-0.039468 0.068231 1.526134
-0.030330 0.064048 1.552945
-0.056128 0.055517 1.534028
-0.063789 0.043138 1.561484
-0.073462 0.036942 1.542400
-0.070193 0.028408 1.584706
-0.071866 -0.006193 1.596201
0.000987 -0.051019 1.670019
0.029675 -0.024762 1.666576
0.039132 -0.027023 1.635674
0.064048 -0.036399 1.626907
0.071821 -0.025418 1.605363
0.079643 -0.024594 1.638239
0.056679 -0.024391 1.636502
0.066680 0.005440 1.624520
0.015674 -0.037930 1.642826
0.001586 0.073107 1.554398
0.176045 -0.169506 1.445301
0.148654 -0.171490 1.437617
0.185142 -0.162895 1.416284
0.014808 -0.062921 1.641233
0.034748 -0.043981 1.630136
0.017969 0.086613 1.629093
0.053861 0.053619 1.613628
0.040864 0.074073 1.605624
0.061848 0.029082 1.612442
-0.056337 -0.034707 1.648966
-0.049683 -0.054551 1.636098
-0.045838 -0.033462 1.643098
-0.038757 -0.054701 1.650005
-0.077573 0.018522 1.608019
-0.065518 0.010641 1.640980
-0.073914 0.019836 1.631216
-0.074978 -0.000481 1.612800
-0.079327 -0.006819 1.644433
-0.060451 -0.036266 1.629846
-0.061643 -0.043883 1.645309
-0.042236 0.074594 1.625963
-0.011485 0.097865 1.611647
0.005938 0.060409 1.645343
-0.001870 0.070562 1.638090
-0.000117 -0.081523 1.645076
-0.036541 -0.071368 1.641802
0.015548 0.070052 1.628848
-0.011474 0.083144 1.609593
0.027158 0.094777 1.619817
-0.030681 -0.029143 1.680657
0.078580 0.013340 1.548953
0.071096 -0.060391 1.568082
0.012272 0.024233 1.649682
-0.024720 0.026469 1.657112
-0.054592 0.011594 1.652348
-0.065518 0.010641 1.640980
0.027665 0.057857 1.620572
0.053543 0.042650 1.620086
0.024873 0.049304 1.640272
0.016526 0.070366 1.643209
0.003928 -0.057945 1.658251
-0.009829 -0.060267 1.651766
0.031804 0.092592 1.602722
0.078714 -0.010424 1.629393
0.008696 0.037507 1.640414
0.002499 0.051270 1.633503
-0.007521 0.031583 1.636846
0.000541 0.031298 1.657677
-0.015202 0.042251 1.635582
0.162968 -0.164514 1.410479
-0.047032 0.069058 1.614200
0.145793 -0.125117 1.451070
0.150511 -0.133585 1.392768
0.145624 -0.167139 1.423793
0.002307 -0.073557 1.660726
0.033135 -0.068291 1.636266
0.010802 0.044470 1.652666
-0.041388 0.057623 1.615200
0.195158 0.022874 1.489106
0.197528 0.023164 1.480336
0.202129 0.030196 1.489778
0.047576 -0.057528 1.638728
-0.073462 0.036942 1.542400
-0.070193 0.028408 1.584706
0.186142 0.021714 1.504493
0.170827 0.033803 1.492415
-0.011688 -0.046693 1.675286
0.145921 0.003591 1.542078
0.143277 0.027627 1.512826
0.145168 -0.002189 1.514043
0.153456 0.036291 1.511836
0.187686 -0.059854 1.351024
0.178852 -0.029433 1.360847
0.186797 -0.036351 1.350251
0.195410 -0.055552 1.339995
0.145058 0.044867 1.508307
0.150176 0.066107 1.465845
0.063839 0.057801 1.615716
0.003480 -0.035564 1.688796
0.140947 0.068196 1.466454
0.145159 0.051171 1.362624
0.147736 -0.011770 1.374416
0.132702 0.026396 1.400629
0.147325 -0.168843 1.483694
0.144191 -0.160822 1.461440
0.148114 -0.167567 1.459829
-0.077573 0.018522 1.608019
-0.073914 0.019836 1.631216
0.206863 0.029465 1.391914
0.190399 0.017260 1.358755
0.178457 0.049703 1.378302
0.152463 -0.135546 1.380460
0.173567 -0.105439 1.360859
0.169701 -0.126466 1.355799
0.146104 -0.080181 1.526208
0.137710 -0.031570 1.459276
0.193774 -0.161581 1.481179
0.174922 -0.166419 1.469194
0.161177 -0.164720 1.454629
0.141544 -0.159445 1.398907
0.143504 -0.155824 1.377379
0.155898 -0.164572 1.390897
0.199361 -0.106557 1.395744
0.200281 -0.116812 1.388802
0.210646 -0.066566 1.376354
0.190772 -0.110177 1.376169
0.191414 -0.085597 1.396895
0.197333 -0.107834 1.406847
0.064211 -0.028794 1.646163
0.195122 -0.138664 1.407431
0.234352 -0.059535 1.444702
0.233056 -0.048570 1.439248
0.233033 -0.049712 1.454057
0.219010 -0.047921 1.442329
0.242828 -0.059016 1.448615
0.219694 -0.042997 1.456766
0.191380 -0.042039 1.547293
0.169202 -0.044366 1.558628
0.204600 -0.066371 1.547431
0.152300 -0.020990 1.563083
0.216799 -0.064566 1.482883
0.220626 -0.064046 1.438528
0.234352 -0.059535 1.444702
0.242828 -0.059016 1.448615
0.146992 -0.137581 1.479144
0.145356 -0.016436 1.560931
0.147315 -0.059119 1.568143
0.205545 -0.099143 1.427174
0.205568 -0.088222 1.439570
0.217120 -0.109429 1.433947
0.211183 -0.123847 1.427046
0.145504 0.073199 1.433463
0.214165 -0.077419 1.467393
0.227353 -0.075560 1.469532
0.206008 -0.094432 1.470950
0.208466 -0.080865 1.457396
0.181138 -0.099444 1.352898
0.060213 0.067473 1.253216
0.084844 0.046367 1.236254
0.081206 0.071899 1.209796
0.140339 -0.021576 1.423845
0.128213 0.042085 1.193488
0.140698 0.089002 1.368065
0.139520 0.078283 1.403964
0.146507 0.086297 1.399827
0.018093 0.106325 1.150898
-0.004733 0.105296 1.144521
-0.008096 0.100106 1.195804
0.146087 0.074516 1.373125
0.113352 0.065603 1.175201
0.111515 0.069957 1.145813
0.163047 0.067527 1.404258
0.181860 0.050662 1.452563
-0.147722 -0.024585 1.166758
-0.136200 -0.035924 1.189057
-0.145672 -0.006294 1.191636
0.194748 -0.046822 1.500763
0.193839 -0.034035 1.509651
0.199692 -0.045862 1.517921
0.143921 -0.103023 1.380041
0.196586 -0.020021 1.432948
0.199435 -0.019080 1.419163
0.195743 -0.037149 1.433551
0.205774 -0.024050 1.420757
0.200061 -0.010766 1.429151
-0.152350 -0.023816 1.158379
-0.147722 -0.024585 1.166758
0.196685 -0.002118 1.432753
0.200061 -0.010766 1.429151
0.196685 -0.002118 1.432753
0.205949 -0.007493 1.444307
-0.061930 0.101445 1.142242
-0.023323 0.107221 1.171889
-0.028274 0.105924 1.117949
0.058836 0.095659 1.147074
0.057688 0.101496 1.137264
0.055848 0.104143 1.137222
-0.106841 -0.065364 1.159658
-0.118913 -0.029657 1.174442
-0.101581 -0.037864 1.166922
-0.081301 -0.056519 1.177558
-0.085758 -0.043105 1.175966
-0.066303 -0.052506 1.180706
0.055848 0.104143 1.137222
0.058845 0.097900 1.136015
0.058836 0.095659 1.147074
0.054429 0.099408 1.146153
0.058845 0.097900 1.136015
0.054659 0.100649 1.129808
0.054659 0.100649 1.129808
0.058845 0.097900 1.136015
0.054659 0.100649 1.129808
0.148654 -0.171490 1.437617
0.038472 -0.097371 1.171271
0.005307 -0.089287 1.188279
0.039816 -0.085355 1.197121
0.054429 0.099408 1.146153
0.058845 0.097900 1.136015
0.054659 0.100649 1.129808
0.091968 -0.072318 1.155195
0.100513 -0.060263 1.173250
0.074530 -0.068365 1.187371
-0.057516 0.094478 1.130166
-0.030100 0.098368 1.122204
-0.057301 0.077874 1.156793
-0.016856 0.075425 1.138749
-0.015230 0.094413 1.138974
0.094640 0.074853 1.144825
0.114059 0.079642 1.098317
0.119479 0.059412 1.122671
0.086248 0.067031 1.126281
0.092799 0.068123 1.139990
0.056809 0.112781 1.103393
-0.062756 -0.037837 1.126365
-0.053058 -0.029469 1.166045
-0.077891 -0.022357 1.159544
0.052730 -0.088028 1.203880
0.017132 -0.092056 1.186602
0.025543 -0.095352 1.178555
0.017132 -0.092056 1.186602
0.025543 -0.095352 1.178555
0.162968 -0.164514 1.410479
0.195625 -0.070545 1.431848
0.055256 0.107551 1.104822
0.070038 0.081153 1.146540
0.075962 0.075870 1.127647
0.046751 0.091824 1.119012
0.111145 -0.075241 1.194142
0.085599 -0.101023 1.151423
0.105679 -0.092475 1.155091
0.026329 0.105137 1.102510
0.054659 0.100649 1.129808
0.029622 0.096280 1.115721
-0.047430 -0.015248 1.146085
-0.053018 0.036152 1.135343
-0.075023 0.030551 1.124519
-0.078447 0.043897 1.128419
-0.101933 0.024670 1.141024
-0.096284 0.035410 1.130191
-0.082467 0.019464 1.105413
0.108734 -0.085925 1.162891
0.090053 -0.086285 1.187754
0.116042 -0.078350 1.165828
0.108734 -0.085925 1.162891
0.108734 -0.085925 1.162891
0.070783 -0.100839 1.153123
0.193774 -0.161581 1.481179
0.203450 -0.149059 1.468888
0.206004 -0.139637 1.499974
0.056746 -0.105113 1.153231
0.064292 -0.101441 1.164673
0.203450 -0.149059 1.468888
0.147519 0.034361 1.111705
0.145021 0.041182 1.118246
0.147987 0.031308 1.120148
0.196894 -0.035978 1.417460
0.141213 0.030179 1.124923
0.147519 0.034361 1.111705
0.141846 0.031672 1.109989
0.190121 -0.066801 1.417725
0.201439 0.048480 1.426810
0.195712 0.043425 1.421979
0.206863 0.029465 1.391914
0.202718 0.023623 1.402391
0.149674 0.091704 1.369002
0.144440 0.007858 1.091537
0.178457 0.049703 1.378302
-0.022714 0.042235 1.079530
-0.038224 0.052841 1.095861
-0.009899 0.053159 1.098798
0.132446 -0.046579 1.116633
0.143496 -0.027178 1.085206
0.127911 -0.045931 1.160757
0.199784 -0.144648 1.447193
0.199664 -0.142002 1.471012
0.033130 0.042306 1.067391
0.021985 0.032073 1.049874
0.015566 0.040578 1.058147
0.215882 -0.010629 1.374336
0.214238 0.012136 1.380376
0.202485 -0.004345 1.384167
0.200106 -0.008660 1.367676
-0.002291 0.030891 1.051055
0.007790 0.035952 1.026353
-0.002291 0.030891 1.051055
0.003978 0.023631 1.023079
0.002763 0.010375 0.987037
0.003978 0.023631 1.023079
-0.011559 0.030544 1.067419
0.210464 -0.145720 1.506966
0.183940 -0.146828 1.519978
0.024983 0.029078 1.008509
0.041335 0.034393 1.026920
0.051109 0.018926 1.004667
0.020945 0.028384 0.991584
0.029424 -0.001422 0.999949
0.031821 0.001599 1.015604
0.029066 -0.008967 1.038490
0.018635 0.011439 1.011382
0.017709 0.005107 0.988603
0.013910 -0.010094 1.029797
0.023415 0.017087 1.007383
0.033354 0.009997 1.001467
0.032635 0.020269 0.980936
0.165873 -0.161726 1.486652
0.192097 -0.026855 1.351266
0.204230 -0.032225 1.376303
-0.102663 -0.079674 1.196365
-0.088729 -0.077424 1.206695
-0.099868 -0.069482 1.232977
0.200259 -0.003048 1.403200
0.197100 -0.050075 1.383517
-0.016301 -0.064771 1.188288
-0.021582 -0.065572 1.171615
-0.007085 -0.050073 1.153247
-0.047081 -0.074603 1.189999
-0.037671 -0.068771 1.182277
-0.036306 -0.074015 1.204553
0.206758 0.001240 1.511911
0.200620 0.012198 1.479917
0.191982 -0.003706 1.489912
0.202190 -0.024315 1.528101
0.096410 -0.012024 1.267481
0.064264 -0.035172 1.278055
0.107397 -0.066965 1.219729
0.164420 0.007955 1.537923
-0.051516 0.046317 1.115250
-0.037904 0.031930 1.084556
-0.043297 0.033240 1.104887
0.057998 -0.051299 1.087288
0.080796 -0.025907 1.046236
0.104299 -0.046754 1.067786
0.109778 -0.016904 1.108982
0.119824 -0.044607 1.087893
0.122567 -0.027538 1.072166
-0.078249 -0.065307 1.167034
-0.038874 -0.033465 1.143188
-0.034115 -0.023815 1.120418
-0.043007 -0.044610 1.123461
0.200636 -0.082352 1.534436
0.217207 -0.103870 1.504605
0.205150 -0.075289 1.523573
0.180750 0.000031 1.345194
-0.000571 0.013339 1.073148
0.009560 0.002680 1.073257
-0.002099 0.002090 1.079647
-0.007693 -0.018829 1.079407
-0.005215 -0.048899 1.098390
-0.028720 -0.047778 1.103384
0.141959 0.030777 1.186842
0.125238 0.055043 1.145024
0.124467 0.003422 1.118750
0.139393 -0.000906 1.096034
0.120156 -0.012645 1.127481
0.208188 -0.127738 1.451637
-0.075111 0.065515 1.252309
-0.055634 0.087560 1.204236
0.199664 -0.142002 1.471012
0.207012 -0.128327 1.500899
0.017897 -0.038936 1.041095
0.002737 -0.030559 1.072998
-0.011398 -0.033721 1.059973
0.043642 -0.025178 1.042709
0.035188 -0.032982 1.063856
-0.043297 0.033240 1.104887
-0.037904 0.031930 1.084556
-0.058144 0.028072 1.040529
0.165780 -0.139058 1.364775
-0.127519 0.023998 1.192288
-0.124813 0.045574 1.228906
-0.103270 0.059551 1.199259
0.179446 -0.121957 1.352525
0.008645 -0.043861 1.113068
-0.016716 -0.055679 1.123768
0.050728 -0.013454 1.042342
0.036069 -0.018485 1.030350
-0.010185 -0.020136 1.010224
-0.015798 -0.015302 1.041057
0.041744 0.000192 1.025632
0.029848 0.000854 1.043183
0.065460 0.032467 1.053600
0.052515 0.006342 1.023980
0.183600 -0.135446 1.384083
-0.048110 -0.094921 1.173747
-0.065467 -0.095454 1.167099
0.191669 -0.146122 1.397185
0.026520 0.066919 1.079171
0.023859 0.068616 1.095998
0.036665 0.071572 1.104187
0.036665 0.071572 1.104187
-0.000878 0.083415 1.127000
0.020923 0.087434 1.113115
0.152356 0.079708 1.364265
0.164618 0.059684 1.353619
0.063440 -0.062607 1.240831
0.206247 -0.102519 1.533486
0.102565 0.043060 1.115910
0.106676 0.026895 1.102099
0.090874 0.049617 1.096779
0.133731 0.016046 1.108839
0.118935 0.032621 1.132188
-0.009927 0.008385 1.062745
0.194432 -0.001640 1.472079
0.207138 0.013699 1.465991
-0.093571 0.048999 1.116018
-0.104465 0.045924 1.118818
-0.094686 0.056018 1.129976
-0.121927 0.009690 1.165700
-0.107063 -0.004455 1.179210
-0.116869 -0.011224 1.173200
-0.010584 -0.013299 1.075445
0.002604 -0.003991 1.066419
0.144462 0.067731 1.431078
-0.041197 -0.007691 1.046739
-0.017592 -0.000040 1.078513
-0.028457 -0.006898 1.096291
-0.063660 0.014088 1.087643
-0.053485 0.026999 1.114706
-0.053485 0.026999 1.114706
0.080067 -0.011133 1.047901
0.074556 0.015909 1.056011
0.100814 -0.003201 1.043031
0.017709 -0.076740 1.171993
-0.002908 -0.080552 1.181499
-0.001262 -0.070528 1.191158
0.161177 -0.164720 1.454629
0.196186 -0.066745 1.374815
0.196691 0.010298 1.424254
0.209975 0.019752 1.423972
0.202552 -0.112089 1.461110
0.228620 -0.076192 1.455542
0.119494 -0.048226 1.150738
0.115658 -0.033582 1.138762
0.125833 -0.026043 1.147957
0.114551 -0.013460 1.089144
0.111818 -0.009140 1.099892
-0.061822 -0.025381 1.284835
-0.090570 -0.040589 1.268754
-0.045276 -0.060739 1.275426
-0.077361 -0.085279 1.212931
-0.019054 -0.066899 1.149071
-0.022912 -0.037321 1.157742
-0.015456 -0.057206 1.149682
-0.031486 -0.056179 1.170090
0.011751 0.091427 1.215029
0.055752 0.087871 1.218748
0.032735 0.106510 1.159291
0.092457 -0.052864 1.093183
-0.140222 -0.034107 1.171365
0.192065 0.036096 1.436644
0.102240 -0.045016 1.136904
0.098381 -0.058356 1.162876
-0.108061 -0.012870 1.153506
-0.095583 -0.022284 1.123321
-0.086354 -0.016113 1.139980
0.061660 0.060851 1.086262
0.085803 0.069569 1.098010
0.073796 0.052435 1.085240
0.089185 0.032954 1.076373
0.067809 0.046395 1.075089
0.084157 0.045239 1.094254
0.202387 -0.101387 1.545653
0.176664 0.035608 1.355183
0.189362 0.006818 1.340935
-0.015086 0.028742 1.042036
-0.022115 0.021347 1.073001
-0.029007 0.016264 1.052718
0.116226 0.060125 1.155227
-0.031083 0.060259 1.156624
-0.040221 0.063100 1.135799
-0.116869 -0.011224 1.173200
-0.137742 -0.016004 1.178840
-0.121927 0.009690 1.165700
0.210399 -0.033671 1.486220
-0.104053 -0.064589 1.177531
-0.083707 -0.068674 1.184209
-0.093339 -0.068994 1.202024
-0.075023 0.030551 1.124519
0.155455 -0.143686 1.525512
0.100814 -0.003201 1.043031
0.108026 -0.008137 1.057309
0.115684 -0.013420 1.014018
0.013049 -0.044285 1.272635
-0.114365 -0.045490 1.182972
-0.112281 -0.061656 1.180944
-0.117784 -0.048452 1.187337
0.205457 -0.093524 1.484333
-0.074998 0.008773 1.035858
-0.068688 0.003262 1.027939
-0.087531 -0.005768 1.039695
0.145286 0.035237 1.460651
0.015028 0.100724 1.120885
-0.061705 -0.009937 1.093150
-0.039231 -0.007051 1.121259
-0.053336 -0.013332 1.112374
-0.067988 -0.012283 1.062259
-0.072853 -0.008901 1.033621
-0.052943 -0.019628 1.032933
-0.044024 0.008416 1.026961
-0.052523 0.009032 1.002113
-0.061513 0.008200 1.026276
0.020446 0.019256 0.965520
0.003709 0.029198 0.972010
0.019256 0.033692 0.983050
-0.016684 0.052913 1.081971
0.000080 0.050130 1.062187
0.001802 0.048936 1.020564
0.207963 -0.038664 1.433545
0.199083 0.021244 1.454189
-0.010968 0.004198 1.009594
-0.024254 -0.014374 1.029223
0.196691 0.010298 1.424254
0.004007 -0.083683 1.192737
-0.006818 -0.084861 1.181953
-0.000998 -0.089932 1.168286
0.010286 -0.081930 1.181273
-0.104246 0.048434 1.130485
-0.095017 0.046803 1.152389
-0.112290 0.038457 1.144331
-0.107991 0.047224 1.164474
-0.066369 -0.001747 1.005255
0.000702 -0.056661 1.166229
0.010880 -0.073523 1.167526
0.061977 -0.081507 1.164163
0.087038 0.009962 1.063812
-0.092296 -0.021522 1.096599
-0.088768 -0.019088 1.051627
-0.074597 -0.014595 1.098602
-0.097387 -0.010516 1.101243
-0.097598 -0.010360 1.063922
0.040255 -0.026531 1.030421
0.069642 0.002448 1.056301
0.011424 0.008283 0.987024
0.022060 0.007112 0.970859
-0.099853 -0.002800 1.173944
-0.087089 -0.018135 1.160121
0.116415 -0.016783 1.142819
0.185142 -0.162895 1.416284
0.052110 -0.031518 1.036587
0.065015 -0.025802 1.052310
0.023859 0.068616 1.095998
-0.016464 0.062446 1.109030
0.021247 -0.012833 1.022165
-0.071276 -0.070444 1.166980
-0.058449 -0.074758 1.189847
-0.078941 -0.079935 1.203436
-0.019861 0.033988 1.078476
0.205774 -0.024050 1.420757
0.219010 -0.047921 1.442329
-0.075821 0.010857 1.053200
-0.081782 0.023226 1.049078
-0.068150 0.019050 1.064849
-0.067748 -0.087356 1.186542
-0.073401 -0.088482 1.196265
-0.045358 -0.090333 1.187072
-0.062600 -0.088321 1.208136
0.206749 -0.015150 1.480217
-0.084886 -0.084033 1.203684
-0.084886 -0.084033 1.203684
-0.080459 -0.088141 1.193204
-0.077361 -0.085279 1.212931
-0.133921 0.027773 1.150436
0.015518 -0.075992 1.220527
-0.067604 -0.025843 1.122687
0.122353 0.038623 1.141678
0.119012 0.044992 1.149169
0.114387 0.055524 1.156573
0.123499 0.053353 1.143209
0.120924 0.049858 1.150165
0.076654 -0.062126 1.109580
0.077739 -0.073771 1.143044
0.098875 0.060809 1.145985
0.108559 0.062445 1.154021
0.120667 0.063534 1.122120
-0.013274 0.104628 1.133794
-0.019380 0.107065 1.115736
0.054933 -0.084464 1.204521
0.086752 0.090628 1.162363
0.074733 0.095936 1.130891
0.036115 -0.067034 1.134418
0.053606 -0.082455 1.144088
0.029632 -0.080635 1.145973
0.025363 -0.059254 1.165213
0.027032 -0.059906 1.123898
0.061167 0.003227 1.275628
0.094129 0.013084 1.269916
-0.019861 0.033988 1.078476
-0.002291 0.030891 1.051055
0.227353 -0.075560 1.469532
-0.126260 -0.037663 1.209734
-0.131625 0.031877 1.244691
-0.116833 -0.026881 1.190833
-0.118913 -0.029657 1.174442
-0.114365 -0.045490 1.182972
0.015965 -0.052338 1.127387
0.116841 0.081411 1.097446
0.087712 0.091202 1.113753
0.088193 0.084123 1.142284
-0.052816 0.052731 1.137211
0.056539 0.064658 1.096809
0.064615 0.078107 1.103536
-0.105251 0.062021 1.166771
-0.097709 0.075134 1.143005
-0.095826 0.060726 1.159920
0.096106 0.060119 1.112331
0.064921 0.062145 1.106677
-0.022485 -0.004130 1.103647
-0.008703 -0.004292 1.088042
-0.088848 0.067471 1.142475
-0.080379 0.075566 1.133628
-0.079928 0.085618 1.151939
-0.050323 -0.020431 1.125122
0.174922 -0.166419 1.469194
0.127390 -0.053197 1.198269
0.126178 -0.067984 1.152413
0.092290 0.056362 1.086105
-0.123925 0.025589 1.136992
-0.122493 0.027601 1.120479
-0.132194 0.013902 1.136340
-0.103102 0.035783 1.127908
-0.114687 0.014867 1.147435
0.017601 0.022802 1.026607
0.018635 0.011439 1.011382
0.055256 0.107551 1.104822
0.023712 0.108064 1.108485
-0.030200 -0.066072 1.170357
-0.010825 -0.038778 1.143690
0.005956 0.051083 1.247604
-0.015104 0.005025 1.273994
-0.050609 0.030829 1.284858
-0.025682 0.065217 1.243556
0.128550 -0.043580 1.131975
0.127135 -0.057082 1.140053
0.122762 -0.066096 1.162001
0.011215 -0.038768 1.011399
0.014268 -0.018944 1.011498
0.024062 -0.024348 1.004152
0.031885 -0.037281 1.032064
0.193705 -0.153395 1.428753
0.112789 -0.022593 1.060177
0.103731 -0.007463 1.079791
0.121271 -0.008705 1.065827
-0.018701 0.009917 1.063560
-0.036359 0.010949 1.011156
-0.069509 0.048542 1.146204
-0.080698 0.055792 1.152999
0.152356 0.079708 1.364265
0.209975 0.019752 1.423972
0.202718 0.023623 1.402391
0.057947 -0.006155 1.013788
0.041516 -0.001730 1.040558
0.061278 -0.001800 1.049966
-0.048160 -0.044827 1.176628
-0.092208 0.004507 1.067986
-0.103068 0.002411 1.122354
-0.102058 0.013202 1.062428
-0.092339 0.017399 1.047813
0.028044 -0.016398 1.015379
-0.067639 -0.077869 1.164770
0.207963 -0.038664 1.433545
-0.145291 -0.021953 1.138942
-0.140795 0.005654 1.134368
-0.144804 -0.016412 1.166049
0.205516 -0.034190 1.460674
-0.148819 0.004262 1.129861
0.123291 0.012438 1.123215
0.106546 0.019396 1.116901
0.205457 -0.093524 1.484333
0.004007 -0.083683 1.192737
0.037722 -0.078844 1.198114
-0.138685 0.005773 1.161283
0.138143 0.037140 1.131797
0.130362 0.041711 1.154493
-0.116162 -0.014286 1.108745
-0.110110 -0.001375 1.142118
-0.147722 -0.024585 1.166758
-0.088729 -0.077424 1.206695
-0.103835 -0.078373 1.188945
0.039815 -0.036001 1.016906
0.039608 -0.023313 1.016625
0.148024 0.004980 1.084597
0.147519 0.034361 1.111705
0.153804 -0.004355 1.125665
0.143377 0.026784 1.085138
-0.009194 -0.040526 1.150583
0.017601 0.022802 1.026607
0.096381 -0.010243 1.022932
0.114404 -0.019613 1.028755
0.092640 -0.024903 1.024018
-0.004426 0.096046 1.131954
-0.104465 0.045924 1.118818
-0.107186 0.047610 1.133228
0.064185 -0.016251 1.053870
-0.149953 -0.024440 1.138301
-0.144662 -0.023361 1.154986
0.062710 -0.072458 1.162243
-0.013144 -0.088962 1.192567
0.003967 0.062603 1.100261
-0.072263 -0.027306 1.104235
0.027993 -0.078452 1.162492
0.089275 -0.067362 1.202599
0.116320 -0.056171 1.174889
0.106503 -0.074424 1.193707
-0.022714 0.042235 1.079530
-0.019861 0.033988 1.078476
0.108167 0.051920 1.147449
0.103190 0.047940 1.149052
0.104731 0.049096 1.125001
0.113769 0.057671 1.111020
-0.096148 0.000437 1.278801
0.101920 0.053861 1.109314
0.099071 0.061807 1.126308
-0.002291 0.030891 1.051055
-0.076385 0.087698 1.117690
-0.084174 0.080385 1.190375
0.015364 0.018347 0.999887
0.015364 0.018347 0.999887
-0.148176 0.014541 1.109628
-0.117426 -0.042066 1.199962
-0.119069 -0.048736 1.203100
-0.122539 -0.037951 1.201469
-0.130994 -0.044935 1.182256
-0.117784 -0.048452 1.187337
-0.126789 -0.057048 1.177218
-0.000860 0.058737 1.091452
0.008559 0.096778 1.107304
-0.004281 0.104263 1.127145
0.011575 0.108259 1.132913
-0.119846 0.047092 1.259413
-0.107016 0.061505 1.245528
0.139598 -0.014279 1.114073
0.147253 -0.012219 1.085355
0.064766 -0.067903 1.099850
0.005634 -0.042906 1.133508
0.012883 -0.033408 1.099581
-0.114778 -0.071330 1.190506
-0.126789 -0.057048 1.177218
0.075962 0.075870 1.127647
0.070038 0.081153 1.146540
0.082327 0.079502 1.142665
0.077296 0.088917 1.131814
0.065449 0.089729 1.139176
-0.044662 0.031544 1.043222
-0.070796 0.069358 1.152046
-0.062783 0.080706 1.140677
0.000200 -0.023972 1.024307
0.006286 -0.017222 1.021145
0.193705 -0.153395 1.428753
-0.114012 0.054387 1.172368
-0.014421 -0.067933 1.200757
0.195711 -0.148716 1.420423
0.195711 -0.148716 1.420423
0.068096 0.097686 1.128194
0.195711 -0.148716 1.420423
-0.009899 0.053159 1.098798
-0.000860 0.058737 1.091452
0.009520 0.050762 1.066404
0.033130 0.042306 1.067391
-0.152812 -0.116263 1.543931
-0.146119 -0.136171 1.536031
-0.145681 -0.111434 1.545861
-0.149879 -0.085375 1.561939
0.046751 0.091824 1.119012
-0.041143 -0.021130 0.999389
-0.062501 -0.012439 0.996867
-0.041819 -0.001930 0.990669
-0.157287 -0.163740 1.391734
-0.162876 -0.158082 1.407866
-0.169270 -0.144786 1.378967
-0.198236 -0.137397 1.383818
0.065449 0.089729 1.139176
0.097097 0.097138 1.096216
-0.216847 -0.107064 1.385504
-0.234393 -0.071469 1.410299
-0.207125 -0.042639 1.400864
-0.180424 -0.165637 1.436448
-0.205906 -0.145906 1.414925
-0.162876 -0.158082 1.407866
-0.202306 0.021506 1.480455
-0.208459 0.027654 1.480791
-0.208974 0.022465 1.469919
-0.263489 -0.055508 1.412838
-0.279307 -0.064461 1.424772
-0.277719 -0.048098 1.429264
-0.268841 -0.070819 1.435726
0.099971 0.093575 1.076815
0.087712 0.091202 1.113753
-0.174642 0.031023 1.484662
-0.186153 0.048996 1.439765
-0.212030 -0.004801 1.482268
-0.221539 -0.031559 1.504994
-0.214855 0.008016 1.509786
0.099422 0.089898 1.091835
-0.253562 -0.036330 1.479119
-0.176238 -0.136036 1.343429
-0.196676 -0.110240 1.361833
-0.181555 -0.124719 1.336184
-0.170314 -0.131516 1.337946
-0.147271 -0.059245 1.355770
-0.173841 -0.011505 1.340334
-0.144096 0.053444 1.355355
-0.185407 -0.064097 1.342427
-0.182897 -0.041718 1.333663
-0.193403 -0.062697 1.332285
-0.146589 0.039289 1.502027
-0.152140 0.060484 1.456587
-0.155776 0.031660 1.505077
-0.142864 0.061738 1.458449
-0.147325 -0.172127 1.478319
-0.147716 -0.172154 1.452133
-0.143557 -0.165910 1.453774
-0.143454 -0.167476 1.420361
-0.185655 0.014277 1.343798
-0.189142 0.031910 1.371421
-0.175837 0.051048 1.367869
-0.200230 0.024316 1.381242
-0.165032 -0.128402 1.349629
-0.174618 -0.076449 1.352150
0.144228 -0.004373 1.095584
-0.149722 -0.110854 1.348730
-0.139591 -0.050184 1.501780
-0.145496 -0.122628 1.415705
-0.141927 -0.027525 1.381028
-0.215637 -0.106164 1.376470
-0.211265 -0.067598 1.367022
-0.213224 -0.115705 1.369930
-0.205878 -0.086459 1.378226
0.037481 -0.000625 1.052979
-0.205288 -0.132121 1.390936
0.056385 -0.070862 1.198259
-0.295935 -0.059559 1.432410
-0.292968 -0.049927 1.443729
-0.293343 -0.048587 1.427793
-0.277719 -0.048098 1.429264
-0.303337 -0.059032 1.437192
0.064921 0.062145 1.106677
-0.275241 -0.044091 1.446494
-0.196128 -0.034450 1.547743
-0.216193 -0.060772 1.547134
-0.169443 -0.041157 1.558258
0.103731 -0.007463 1.079791
-0.152300 -0.015607 1.562572
-0.273088 -0.066465 1.474032
-0.303337 -0.059032 1.437192
-0.295935 -0.059559 1.432410
-0.185569 0.017429 1.509838
-0.128254 -0.028823 1.190108
-0.146992 -0.141156 1.474508
-0.145745 -0.128420 1.446257
-0.147400 -0.075374 1.524387
-0.143248 0.015210 1.124024
-0.143248 0.015210 1.124024
-0.120574 0.042920 1.151436
-0.123925 0.025589 1.136992
-0.236066 -0.097907 1.406364
0.124467 0.003422 1.118750
0.139393 -0.000906 1.096034
-0.234544 -0.120528 1.409389
-0.147315 -0.052834 1.567336
-0.144948 -0.012336 1.559908
-0.145853 0.020552 1.524838
-0.248488 -0.107214 1.416488
-0.244476 -0.087496 1.420233
-0.146530 0.070798 1.425136
-0.268755 -0.077911 1.453556
-0.258353 -0.094394 1.457166
-0.286308 -0.076425 1.457449
-0.260146 -0.081362 1.440912
-0.174089 0.035761 1.342281
-0.122819 -0.073032 1.163702
-0.179329 -0.001581 1.327238
-0.222275 -0.113454 1.517899
-0.222531 -0.138112 1.464427
-0.219418 -0.135948 1.499561
-0.018421 0.011732 1.007577
-0.122276 -0.084627 1.170370
-0.123322 -0.083738 1.156960
-0.129425 -0.052393 1.183794
-0.133041 -0.067109 1.171821
0.132355 -0.013044 1.139628
0.134419 -0.022678 1.141274
-0.234811 -0.108211 1.518349
-0.189760 -0.085120 1.346849
-0.198682 -0.066063 1.353212
-0.133144 -0.072113 1.156883
-0.129102 -0.068134 1.167590
-0.133813 0.022448 1.398569
-0.140698 0.091331 1.363150
-0.146545 0.088205 1.392447
-0.139565 0.078737 1.397504
-0.146003 0.076539 1.367784
0.024263 -0.072066 1.190270
0.028388 -0.076963 1.172551
0.118423 0.005885 1.101257
0.111818 -0.009140 1.099892
-0.137715 -0.103233 1.369823
-0.182667 -0.112616 1.546070
0.037701 0.089579 1.113924
-0.219102 -0.021100 1.406247
-0.205603 -0.024857 1.419333
-0.217274 -0.014252 1.416032
-0.187892 -0.033294 1.333389
0.050807 -0.086134 1.160991
-0.189923 -0.043635 1.347288
-0.188425 0.004998 1.324917
0.098875 0.060809 1.145985
-0.208230 -0.007452 1.420200
-0.217274 -0.014252 1.416032
-0.234617 -0.010632 1.432561
-0.208230 -0.007452 1.420200
-0.223949 0.003901 1.448869
-0.147649 -0.172002 1.431888
-0.241352 -0.073257 1.431884
-0.247329 -0.070142 1.417089
-0.004195 0.017132 0.981770
-0.202574 0.048819 1.415167
-0.200230 0.024316 1.381242
-0.195481 0.042011 1.410300
-0.196443 0.017962 1.390707
-0.027623 -0.086647 1.202359
-0.032695 -0.086326 1.192799
-0.163351 0.070183 1.393805
-0.149674 0.094625 1.363193
0.056539 0.064658 1.096809
0.033130 0.042306 1.067391
-0.189142 0.031910 1.371421
-0.023079 0.105479 1.101978
-0.020523 0.101876 1.126563
-0.220384 -0.138871 1.434859
-0.221496 -0.143989 1.462674
-0.222531 -0.138112 1.464427
0.086666 -0.010440 1.020590
0.077296 0.088917 1.131814
0.065449 0.089729 1.139176
-0.201605 -0.159079 1.478408
-0.213730 -0.131611 1.522480
0.132939 -0.042884 1.103988
0.139805 -0.026759 1.092070
0.005207 -0.010602 1.031388
-0.198214 -0.039357 1.358386
-0.192355 -0.015239 1.349941
-0.124768 0.044216 1.099126
-0.122493 0.027601 1.120479
-0.206015 0.004861 1.368405
-0.119499 0.039363 1.101558
-0.095320 0.026623 1.057356
-0.153067 0.025612 1.521315
-0.015124 0.042475 1.028807
-0.144244 0.023945 1.507730
-0.147824 -0.004904 1.510044
-0.234242 -0.074498 1.520864
-0.252076 -0.104592 1.498797
0.132719 0.011026 1.218816
0.120180 -0.031415 1.209468
-0.182059 -0.102501 1.343941
-0.217998 -0.079906 1.532803
0.091312 -0.087599 1.191446
-0.241314 -0.124076 1.437113
-0.166323 -0.143306 1.351341
-0.105072 0.018773 1.107832
-0.093571 0.048999 1.116018
-0.084283 0.039356 1.116138
-0.097398 0.044298 1.134405
-0.087356 0.048165 1.127342
-0.163765 0.062610 1.344557
-0.152285 0.083023 1.357515
-0.207158 -0.097261 1.546039
-0.070087 0.086348 1.125374
-0.088349 0.058444 1.132695
-0.087356 0.048165 1.127342
-0.056414 -0.077918 1.159712
-0.059122 -0.062933 1.174422
-0.038708 -0.064239 1.176585
-0.145887 0.064692 1.423529
-0.065814 -0.069033 1.189006
-0.175837 0.051048 1.367869
-0.146316 -0.139173 1.370113
-0.139836 -0.162789 1.398521
-0.046267 -0.000298 1.107814
-0.162229 -0.166833 1.446401
-0.196908 -0.055539 1.365402
-0.198372 -0.069688 1.361678
-0.190786 -0.005510 1.379696
-0.200747 0.005235 1.412008
-0.115835 0.051664 1.150038
-0.210878 0.015603 1.412914
-0.245060 -0.110259 1.445927
-0.285592 -0.076561 1.442066
-0.143974 -0.163096 1.375812
-0.195130 0.034402 1.424470
-0.221496 -0.143989 1.462674
-0.201605 -0.159079 1.478408
-0.178545 -0.168218 1.463864
-0.229051 -0.047144 1.494818
0.140175 -0.027308 1.069944
-0.054774 0.101675 1.124505
-0.132194 0.013902 1.136340
-0.155238 -0.137003 1.525723
0.110381 0.087573 1.082983
-0.255932 -0.094177 1.473476
-0.022115 0.021347 1.073001
-0.019861 0.033988 1.078476
-0.011559 0.030544 1.067419
-0.252885 -0.038596 1.419481
-0.235557 -0.024848 1.407289
-0.242068 -0.051410 1.410786
-0.209053 0.019055 1.442104
-0.019984 -0.085001 1.192883
-0.200747 0.005235 1.412008
-0.004203 -0.086081 1.214922
-0.025856 -0.085563 1.187595
-0.020739 -0.103314 1.169832
-0.023356 -0.101743 1.164616
-0.166346 -0.163168 1.483414
-0.183938 -0.141503 1.522871
-0.147722 -0.024585 1.166758
-0.020695 0.012596 1.032870
-0.020695 0.012596 1.032870
-0.086611 -0.098626 1.169480
-0.018701 0.009917 1.063560
-0.147649 -0.172002 1.431888
-0.162229 -0.166833 1.446401
-0.205906 -0.145906 1.414925
-0.164542 0.010733 1.536432
-0.129102 -0.068134 1.167590
0.111646 0.082334 1.080694
-0.078447 0.043897 1.128419
-0.090350 -0.064517 1.176159
-0.010319 0.102858 1.110505
-0.010866 0.099181 1.127711
-0.235557 -0.024848 1.407289
-0.214415 -0.019349 1.524586
-0.065467 -0.095454 1.167099
0.108316 -0.039838 1.100504
-0.286308 -0.076425 1.457449
0.144228 -0.004373 1.095584
-0.178545 -0.168218 1.463864
-0.020029 -0.106070 1.154361
-0.023356 -0.101743 1.164616
-0.152285 0.083023 1.357515
-0.210878 0.015603 1.412914
-0.057480 -0.082273 1.161289
-0.196443 0.017962 1.390707
-0.038919 -0.070820 1.172423
0.107869 0.064125 1.109308
0.032829 0.112817 1.092801
0.062142 0.113799 1.085609
0.106636 -0.007084 1.011782
0.047238 -0.076682 1.188768
-0.252885 -0.038596 1.419481
-0.255932 -0.094177 1.473476
-0.105949 -0.055491 1.186010
-0.103694 -0.061340 1.198864
-0.112816 -0.060714 1.193243
-0.148176 0.014541 1.109628
0.100814 -0.003201 1.043031
0.074556 0.015909 1.056011
0.037701 0.089579 1.113924
0.032337 0.093203 1.106419
-0.041736 -0.097156 1.167674
-0.123322 -0.083738 1.156960
-0.103835 -0.078373 1.188945
-0.025856 -0.085563 1.187595
-0.089353 -0.103559 1.170424
0.047914 -0.098503 1.164192
-0.119499 0.039363 1.101558
-0.205634 -0.139772 1.406551
-0.205634 -0.139772 1.406551
-0.205634 -0.139772 1.406551
-0.026251 -0.042349 1.588598
-0.006615 -0.027101 1.577672
-0.007480 -0.046883 1.585325
-0.015496 -0.022705 1.566589
-0.006534 0.002384 1.586612
-0.009365 -0.012098 1.576320
0.012524 -0.030316 1.579185
-0.019775 -0.007770 1.581029
0.011392 -0.010612 1.585907
0.015379 -0.052124 1.586086
0.027709 -0.023482 1.583521
0.016577 0.067887 1.594974
0.037306 0.055003 1.588339
0.030626 0.049991 1.580366
0.043444 0.068823 1.619038
-0.066142 -0.021923 1.612539
-0.067288 0.001529 1.592191
-0.062506 -0.019132 1.605332
-0.070973 -0.032693 1.607503
0.003748 0.070768 1.579035
-0.008157 0.069885 1.588028
-0.012939 0.080973 1.607036
-0.015354 0.067498 1.574160
-0.056485 -0.039607 1.604951
-0.055196 -0.038831 1.618863
0.042100 -0.042931 1.607172
0.074878 -0.037647 1.604143
0.049410 -0.058951 1.623939
-0.048561 -0.032348 1.609102
-0.003862 -0.039461 1.675675
-0.046297 -0.067808 1.683504
0.046918 -0.063294 1.683838
-0.035927 -0.020160 1.671493
-0.054298 -0.001868 1.602358
0.068566 -0.005172 1.668407
0.065350 -0.039105 1.675101
0.069141 -0.019500 1.663702
0.058430 -0.033210 1.638681
-0.066616 0.000084 1.632766
-0.064007 -0.028554 1.651473
-0.008300 0.031966 1.588158
-0.008310 0.017139 1.586415
-0.019689 0.018610 1.594766
-0.004833 0.032990 1.598115
0.020801 0.002037 1.574501
0.057101 0.061132 1.631879
0.028940 0.085058 1.621236
0.021457 0.084155 1.606791
0.001278 0.007377 1.580668
0.066255 0.010400 1.599241
0.055235 0.038531 1.590515
0.068566 0.007548 1.611612
0.066255 0.010400 1.599241
0.068566 0.007548 1.611612
0.065944 -0.019860 1.614489
0.002441 -0.085307 1.164055
0.064519 0.023011 1.641583
0.062366 0.071451 1.644201
0.068762 0.032831 1.653556
0.069141 -0.019500 1.663702
0.014696 0.018967 1.662195
-0.025979 0.087715 1.649488
0.132331 0.047667 1.122962
-0.067983 -0.023099 1.672332
-0.066854 0.044743 1.656193
-0.040151 -0.010908 1.582558
0.023900 0.043173 1.583951
0.010137 0.057231 1.588016
0.008047 -0.057674 1.602710
-0.000894 -0.067562 1.608677
-0.002906 -0.059537 1.578182
-0.035466 -0.019208 1.600329
0.043810 0.019554 1.585347
0.008990 0.042514 1.587072
0.014660 0.023611 1.593047
0.127587 -0.066412 1.135072
-0.047338 0.051733 1.608600
-0.030239 0.041476 1.598129
-0.059887 0.034319 1.609128
-0.047518 0.016233 1.604242
-0.016783 -0.065578 1.625065
-0.016074 -0.078599 1.634890
-0.035413 -0.076564 1.624581
0.001605 -0.084726 1.629613
0.036109 -0.063197 1.615314
-0.029853 -0.045955 1.622008
0.008990 0.042514 1.587072
-0.011757 0.045500 1.581386
0.018638 0.023409 1.580338
0.023900 0.043173 1.583951
0.043810 0.019554 1.585347
0.045188 -0.026597 1.598698
0.062391 -0.013763 1.593287
0.051193 -0.017066 1.584483
0.041889 0.012502 1.576531
0.041080 0.113327 1.629565
-0.040134 0.103912 1.110752
0.024890 -0.080508 1.635353
-0.028085 0.057157 1.586011
-0.025295 0.041896 1.575725
-0.053897 0.058127 1.628478
-0.024154 0.062916 1.607619
-0.011757 0.045500 1.581386
0.065460 0.032467 1.053600
-0.070633 0.013102 1.661997
-0.072518 -0.004783 1.611045
0.063633 0.024972 1.616592
0.063787 -0.001225 1.634017
-0.029645 0.014346 1.011943
-0.030540 -0.073649 1.655816
-0.007273 -0.075137 1.677504
0.063787 -0.001225 1.634017
-0.039655 0.115725 1.625731
-0.029919 0.091359 1.617840
0.034536 -0.067736 1.659008
-0.020029 -0.106070 1.154361
0.001641 0.097397 1.613865
-0.016684 0.052913 1.081971
0.003351 0.132220 1.616522
0.003351 0.132220 1.616522
-0.130956 0.004661 1.207088
-0.117364 -0.044927 1.210885
-0.119413 -0.000817 1.211123
0.076399 -0.084424 1.210988
0.105646 -0.084431 1.205059
0.109319 -0.061475 1.209735
-0.107441 -0.084329 1.204743
-0.099152 -0.076015 1.210315
-0.107634 0.024592 1.212188
-0.113764 0.033504 1.207434
-0.048428 0.076340 1.213956
0.047059 0.090973 1.208642
0.016153 0.092220 1.204270
0.011568 0.083857 1.209883
0.101623 0.054560 1.207075
0.059977 0.073854 1.214180
-0.062600 -0.088321 1.208136
-0.027623 -0.086647 1.202359
-0.059554 0.081277 1.208606
-0.062206 -0.089901 1.209873
-0.021352 -0.099638 1.204089
-0.066104 -0.098427 1.203730
0.082981 -0.093812 1.204853
0.124943 -0.048906 1.204392
0.119682 -0.008068 1.212649
0.129534 -0.011280 1.208662
0.115486 0.020796 1.212690
-0.033065 0.091551 1.206306
0.011568 0.083857 1.209883
0.016153 0.092220 1.204270
0.119874 -0.059107 1.140915
0.133792 -0.055297 1.163724
0.106048 -0.078522 1.142006
0.145725 -0.000381 1.182309
-0.145420 0.036256 1.138010
-0.119964 0.065252 1.180696
-0.118014 0.064038 1.127560
-0.144111 0.012423 1.177271
-0.014986 0.106282 1.122109
0.019044 0.114311 1.175347
0.020407 0.103342 1.122808
0.012201 0.094687 1.110101
0.091047 0.086484 1.125054
0.098492 0.097848 1.156974
0.132998 0.062027 1.128164
0.150837 0.030352 1.150619
0.138078 0.065765 1.158921
0.128742 0.057094 1.183532
-0.025856 -0.085563 1.187595
0.144665 -0.028833 1.150873
-0.041736 -0.097156 1.167674
0.019429 -0.098261 1.181235
-0.034211 -0.091065 1.142404
-0.109733 -0.080680 1.151199
-0.077770 -0.072573 1.119272
-0.135553 -0.044874 1.130237
-0.142741 -0.050334 1.181809
-0.148753 -0.016901 1.161293
-0.075774 0.090114 1.124901
-0.065926 0.103133 1.181205
-0.028062 -0.077965 1.120325
0.052051 -0.086864 1.142546
0.119509 -0.035199 1.116380
0.119509 -0.035199 1.116380
0.079185 -0.067816 1.118168
0.004146 0.019649 1.115381
-0.077770 -0.072573 1.119272
-0.119602 -0.032014 1.117551
0.128014 0.009160 1.115240
-0.120471 0.036337 1.115049
-0.097724 0.063043 1.113634
0.012201 0.094687 1.110101
0.041953 0.088322 1.110658
-0.122819 -0.073032 1.163702
-0.048235 0.088108 1.110203
-0.028062 -0.077965 1.120325
-0.125957 -0.006546 1.115664
0.127338 0.036073 1.115218
0.113878 0.061322 1.114502
0.087978 0.076188 1.109660
-0.119413 -0.000817 1.211123
-0.117364 -0.044927 1.210885
-0.001099 0.003507 1.211416
0.076399 -0.084424 1.210988
0.109319 -0.061475 1.209735
-0.099152 -0.076015 1.210315
-0.107634 0.024592 1.212188
-0.048428 0.076340 1.213956
-0.062206 -0.089901 1.209873
0.003967 0.062603 1.100261
0.119682 -0.008068 1.212649
0.115486 0.020796 1.212690
0.059977 0.073854 1.214180
0.011568 0.083857 1.209883
-0.119602 -0.032014 1.117551
0.128014 0.009160 1.115240
0.019044 0.114311 1.175347
0.079185 -0.067816 1.118168
-0.125957 -0.006546 1.115664
0.127338 0.036073 1.115218
-0.120471 0.036337 1.115049
-0.097724 0.063043 1.113634
0.012201 0.094687 1.110101
0.020407 0.103342 1.122808
0.041953 0.088322 1.110658
-0.048235 0.088108 1.110203
0.113878 0.061322 1.114502
0.087978 0.076188 1.109660
0.104998 -0.078466 1.181464
0.106070 0.082849 1.182732
0.015566 0.040578 1.058147
0.023783 -0.075088 1.679310
-0.000014 -0.070383 1.677960
-0.023575 -0.074578 1.679413
-0.072021 -0.028614 1.682416
-0.072021 -0.028614 1.682416
-0.072021 -0.028614 1.682416
-0.052866 -0.041946 1.685366
-0.066886 0.004721 1.678458
-0.066886 0.004721 1.678458
-0.066886 0.004721 1.678458
0.059762 -0.048067 1.685161
0.059762 -0.048067 1.685161
0.059762 -0.048067 1.685161
0.063268 -0.025372 1.683630
0.063268 -0.025372 1.683630
0.063268 -0.025372 1.683630
0.052858 -0.041904 1.685253
0.052858 -0.041904 1.685253
0.052858 -0.041904 1.685253
0.071652 -0.028560 1.682301
-0.060057 -0.048412 1.685045
0.058124 0.047928 1.655955
0.066628 0.049953 1.652474
0.044757 0.068666 1.643852
-0.023960 0.110232 1.620185
-0.058188 0.047960 1.656016
-0.017828 0.104682 1.625170
-0.066663 0.049968 1.652478
0.075130 0.023859 1.668743
0.075130 0.023859 1.668743
0.075130 0.023859 1.668743
0.065922 0.023561 1.671342
-0.074892 0.023904 1.668649
-0.074892 0.023904 1.668649
-0.074892 0.023904 1.668649
0.058124 0.047928 1.655955
0.066628 0.049953 1.652474
0.023923 0.110264 1.620054
0.017829 0.104751 1.625301
-0.000000 0.111616 1.621780
-0.000000 0.119225 1.615643
-0.000066 -0.082605 1.588628
-0.015851 -0.072058 1.585848
0.015863 -0.072079 1.585762
0.031447 -0.077429 1.589227
0.078232 -0.045538 1.589468
0.058241 -0.059536 1.587789
0.069578 -0.042729 1.586457
0.063668 -0.066112 1.591047
-0.064839 -0.067101 1.591049
-0.069510 -0.042714 1.586427
-0.045595 -0.064807 1.586816
-0.015851 -0.072058 1.585848
0.015863 -0.072079 1.585762
0.071079 0.000366 1.575669
0.063234 -0.003088 1.575487
0.063045 0.014090 1.560328
-0.081084 -0.028235 1.586118
0.080066 -0.028160 1.586060
0.063234 -0.003088 1.575487
-0.063214 -0.003086 1.575487
0.071079 0.000366 1.575669
-0.063415 0.014417 1.560542
0.042311 0.023306 1.550248
0.027558 0.044023 1.540487
-0.042311 0.023306 1.550248
-0.027558 0.044023 1.540487
0.000000 0.044393 1.541567
0.000000 0.053332 1.538293
0.015863 -0.072079 1.585762
-0.015851 -0.072058 1.585848
-0.000000 -0.016682 1.580032
0.069578 -0.042729 1.586457
0.058241 -0.059536 1.587789
-0.045595 -0.064807 1.586816
-0.069510 -0.042714 1.586427
0.058241 -0.059536 1.587789
-0.015851 -0.072058 1.585848
0.063234 -0.003088 1.575487
-0.063214 -0.003086 1.575487
0.042311 0.023306 1.550248
-0.042311 0.023306 1.550248
0.000000 0.044393 1.541567
-0.066886 0.004721 1.678458
-0.052866 -0.041946 1.685366
-0.052866 -0.041946 1.685366
-0.052866 -0.041946 1.685366
-0.000000 0.025496 1.686139
-0.000000 0.025496 1.686139
-0.000000 0.025496 1.686139
0.052858 -0.041904 1.685253
0.063268 -0.025372 1.683630
-0.000014 -0.070383 1.677960
-0.000014 -0.070383 1.677960
-0.000014 -0.070383 1.677960
0.058124 0.047928 1.655955
0.044757 0.068666 1.643852
-0.017828 0.104682 1.625170
-0.058188 0.047960 1.656016
0.065922 0.023561 1.671342
0.017829 0.104751 1.625301
-0.000000 0.111616 1.621780
-0.021955 0.077457 1.606896
-0.021955 0.077457 1.606896
-0.021955 0.077457 1.606896
0.000007 0.108889 1.611934
0.000007 0.108889 1.611934
0.000007 0.108889 1.611934
0.069964 -0.009927 1.656599
0.061693 0.034235 1.641582
0.061693 0.034235 1.641582
0.061693 0.034235 1.641582
0.058979 -0.040898 1.650522
0.050157 -0.051986 1.661957
0.000343 -0.075155 1.656440
-0.018157 -0.071791 1.648794
-0.062958 -0.037269 1.660097
-0.069105 0.007711 1.651054
-0.069105 0.007711 1.651054
-0.069105 0.007711 1.651054
-0.061740 0.034540 1.641378
-0.061740 0.034540 1.641378
-0.061740 0.034540 1.641378
-0.025869 0.048523 1.570067
0.043460 -0.061535 1.630654
-0.043432 -0.066198 1.613167
-0.066741 0.000759 1.588223
-0.065281 -0.029328 1.626746
0.064284 0.007303 1.608982
0.064399 -0.029285 1.626762
0.057641 0.030141 1.607297
0.064284 0.007303 1.608982
0.000028 -0.072430 1.626738
-0.052315 -0.044978 1.638917
0.050335 0.061618 1.635895
0.050335 0.061618 1.635895
0.050335 0.061618 1.635895
-0.058026 0.030317 1.607103
0.000012 0.069583 1.587451
0.000012 0.069583 1.587451
0.000012 0.069583 1.587451
0.020921 0.056180 1.590967
0.020921 0.056180 1.590967
0.020921 0.056180 1.590967
0.022094 0.098145 1.616696
0.061693 0.034235 1.641582
0.061693 0.034235 1.641582
-0.024442 0.006808 1.660389
-0.018897 -0.012733 1.678118
-0.018687 -0.005703 1.671604
-0.009988 -0.009546 1.665110
-0.024442 0.006808 1.660389
-0.018687 -0.005703 1.671604
0.017351 0.086977 1.588351
0.046834 0.064493 1.582929
0.029768 0.069018 1.554246
-0.062831 0.048696 1.588237
-0.033577 0.077944 1.589723
-0.034931 0.060806 1.568852
0.079198 0.011982 1.602859
0.068030 0.030565 1.565822
0.072141 0.039296 1.591738
-0.013263 0.013963 1.547848
0.001279 0.051192 1.531748
0.078150 -0.001514 1.556629
0.019613 -0.083322 1.605000
0.016528 -0.076925 1.632908
-0.014404 -0.079462 1.631031
-0.068979 -0.061415 1.568596
-0.049715 -0.093409 1.578820
-0.061672 -0.047878 1.604807
-0.077847 0.002576 1.554094
-0.000331 -0.064498 1.570800
-0.066083 0.053264 1.612610
-0.042632 0.077614 1.606713
0.013734 0.006259 1.664851
-0.008165 0.007741 1.662497
0.081122 0.017995 1.635350
0.036964 0.021624 1.644610
0.054283 0.003115 1.634279
0.032625 0.031558 1.624678
-0.029479 -0.081044 1.611822
-0.040146 -0.065396 1.619706
-0.043105 0.045666 1.630841
-0.043001 0.033565 1.647000
-0.017712 0.045518 1.651095
-0.054592 0.011594 1.652348
-0.046581 -0.014443 1.643051
-0.024442 0.006808 1.660389
-0.001789 0.087041 1.583466
-0.017569 0.077405 1.567247
-0.034524 0.069728 1.622172
-0.027172 0.061382 1.637129
-0.023372 0.080565 1.622309
-0.015074 -0.031327 1.675061
-0.031168 -0.022596 1.657120
-0.008192 -0.042659 1.659326
0.008189 -0.029335 1.674218
0.030488 -0.009849 1.659232
0.036103 -0.074336 1.614267
0.050723 -0.094935 1.579505
0.062900 -0.046454 1.604986
0.045372 0.069549 1.528291
0.069454 0.036137 1.539017
0.054515 0.053337 1.557604
0.000792 0.077417 1.519152
-0.039468 0.068231 1.526134
-0.030330 0.064048 1.552945
-0.056128 0.055517 1.534028
-0.063789 0.043138 1.561484
-0.073462 0.036942 1.542400
-0.070193 0.028408 1.584706
-0.071866 -0.006193 1.596201
0.000987 -0.051019 1.670019
0.029713 -0.024778 1.666608
0.036908 -0.010813 1.640848
0.064550 -0.036406 1.627656
0.071821 -0.025418 1.605363
0.079643 -0.024594 1.638239
0.056679 -0.024391 1.636502
0.066680 0.005440 1.624520
0.040008 -0.027397 1.636411
0.054744 -0.046001 1.629755
0.015674 -0.037930 1.642826
0.028839 -0.025649 1.653558
0.001586 0.073107 1.554398
0.016435 0.080251 1.566629
0.014808 -0.062921 1.641233
0.034752 -0.043981 1.630142
0.017969 0.086613 1.629093
0.053861 0.053619 1.613628
0.040864 0.074073 1.605624
0.061848 0.029082 1.612442
-0.056337 -0.034707 1.648966
-0.049683 -0.054551 1.636098
-0.045838 -0.033462 1.643098
-0.038757 -0.054701 1.650005
-0.029709 -0.035950 1.643968
-0.077573 0.018522 1.608019
-0.065518 0.010641 1.640980
-0.056263 0.042905 1.628703
-0.073015 0.039022 1.616419
-0.073914 0.019836 1.631216
-0.074978 -0.000481 1.612800
-0.079327 -0.006819 1.644433
-0.060451 -0.036266 1.629846
-0.061643 -0.043883 1.645309
-0.042236 0.074594 1.625963
-0.011529 0.097028 1.611857
0.005938 0.060409 1.645343
-0.001870 0.070562 1.638090
-0.015430 0.058609 1.644282
-0.000117 -0.081523 1.645076
-0.036541 -0.071368 1.641802
0.015548 0.070052 1.628848
0.004263 0.083394 1.615755
0.027145 0.094327 1.619940
-0.030681 -0.029143 1.680657
0.078580 0.013340 1.548953
0.074694 0.000576 1.587243
0.071096 -0.060391 1.568082
0.012272 0.024233 1.649682
-0.024720 0.026469 1.657112
-0.007222 0.020143 1.650272
-0.054592 0.011594 1.652348
-0.065518 0.010641 1.640980
0.027665 0.057857 1.620572
0.053543 0.042650 1.620086
0.024873 0.049304 1.640272
0.016526 0.070366 1.643209
0.014965 -0.092100 1.580795
0.003928 -0.057945 1.658251
-0.009829 -0.060267 1.651766
0.035392 0.080468 1.593988
0.031807 0.091949 1.602946
0.002252 0.092419 1.613662
0.007440 0.099818 1.610706
0.078714 -0.010424 1.629393
0.008696 0.037507 1.640414
0.002499 0.051270 1.633503
-0.007521 0.031583 1.636846
0.000541 0.031298 1.657677
-0.015202 0.042251 1.635582
0.063687 0.057586 1.615844
0.065590 0.051546 1.596797
-0.046848 0.068818 1.613782
-0.057915 0.053151 1.626033
-0.011460 0.083111 1.609615
0.002307 -0.073557 1.660726
0.033135 -0.068291 1.636266
0.010802 0.044470 1.652666
-0.041067 0.057367 1.614854
0.048025 -0.057534 1.639397
-0.073462 0.036942 1.542400
-0.070193 0.028408 1.584706
-0.011688 -0.046693 1.675286
-0.016152 0.079204 1.631880
0.003480 -0.035564 1.688796
0.043962 0.006927 1.654253
-0.077573 0.018522 1.608019
-0.073914 0.019836 1.631216
0.064211 -0.028794 1.646163
-0.018395 0.010127 1.651904
-0.018141 -0.048241 1.275483
-0.061771 -0.025216 1.283722
-0.044730 -0.059934 1.274451
0.069060 0.059282 1.253374
0.078981 0.052577 1.234538
0.080754 0.071598 1.209695
0.096042 -0.011660 1.267307
0.109996 -0.044387 1.226489
0.112042 -0.009581 1.238132
0.089950 0.051361 1.217107
0.102517 0.051234 1.211489
0.099309 0.066336 1.197436
-0.124690 -0.037077 1.209078
-0.116219 -0.032124 1.227886
-0.135907 -0.001852 1.220778
0.018204 0.105548 1.150932
-0.004735 0.105322 1.144528
-0.008088 0.099946 1.195804
0.112696 0.064862 1.174773
0.099342 0.077196 1.174131
0.110993 0.069295 1.145684
0.089176 -0.067211 1.202314
0.082953 -0.078559 1.203560
0.056343 -0.077051 1.208533
-0.147081 -0.029147 1.168668
-0.136179 -0.035911 1.189061
-0.145230 -0.006180 1.191380
-0.147346 -0.024347 1.166821
-0.147472 -0.022689 1.164481
-0.137742 -0.016004 1.178840
-0.147346 -0.024347 1.166821
-0.147426 -0.025361 1.167602
-0.147311 -0.028107 1.168612
-0.151316 -0.024156 1.158272
-0.147426 -0.025361 1.167602
-0.060794 0.098494 1.152478
-0.021867 0.107320 1.155733
-0.028288 0.105691 1.117937
0.059155 0.096208 1.147223
0.057688 0.101496 1.137264
0.055848 0.104143 1.137222
-0.111230 -0.051464 1.162978
-0.118913 -0.029657 1.174442
-0.101581 -0.037864 1.166922
-0.081301 -0.056519 1.177558
-0.085758 -0.043105 1.175966
-0.073456 -0.049379 1.175635
0.055848 0.104143 1.137222
0.058748 0.097979 1.136041
0.059155 0.096208 1.147223
0.054291 0.099232 1.146150
0.058748 0.097979 1.136041
0.054659 0.100649 1.129808
0.054659 0.100649 1.129808
0.058748 0.097979 1.136041
0.054659 0.100649 1.129808
0.057840 0.093865 1.131360
0.054291 0.099232 1.146150
0.058748 0.097979 1.136041
0.038472 -0.097371 1.171271
0.005307 -0.089287 1.188279
0.039820 -0.085320 1.197110
0.054659 0.100649 1.129808
0.091968 -0.072318 1.155195
0.100513 -0.060263 1.173250
0.074530 -0.068365 1.187371
-0.057526 0.094541 1.130206
-0.030098 0.098311 1.122189
-0.043900 0.088343 1.144440
-0.016928 0.075569 1.138662
-0.026551 0.080402 1.151429
-0.014585 0.087357 1.130126
0.094637 0.074816 1.144809
0.104779 0.085627 1.112904
0.119477 0.059393 1.122662
0.086469 0.068025 1.125977
0.092799 0.068123 1.139990
0.056809 0.112516 1.103356
-0.060779 -0.033335 1.141106
-0.053058 -0.029469 1.166045
-0.077891 -0.022357 1.159544
0.052617 -0.086662 1.203057
0.017140 -0.091922 1.186543
0.026425 -0.095187 1.179368
0.026519 -0.094780 1.178318
0.026425 -0.095187 1.179368
0.026519 -0.094780 1.178318
0.025529 -0.095339 1.178554
0.026425 -0.095187 1.179368
0.025529 -0.095339 1.178554
0.026519 -0.094780 1.178318
0.055256 0.107551 1.104822
0.070038 0.081153 1.146540
0.075823 0.075932 1.127654
0.046682 0.091798 1.119042
0.110686 -0.074521 1.193900
0.102404 -0.089363 1.176368
0.105646 -0.092412 1.155070
0.026329 0.105137 1.102510
0.054659 0.100649 1.129808
0.029622 0.096280 1.115721
-0.048424 -0.027553 1.158372
-0.053934 -0.029093 1.138960
-0.047372 -0.015212 1.146098
-0.066060 0.035365 1.129228
-0.075302 0.031187 1.124174
-0.073609 0.046669 1.131196
-0.101515 0.024497 1.141174
-0.096077 0.035327 1.130342
-0.089012 0.022852 1.113392
0.108622 -0.085845 1.162935
0.090055 -0.086260 1.187749
0.115942 -0.078279 1.165867
0.108622 -0.085845 1.162935
0.108622 -0.085845 1.162935
0.085374 -0.100596 1.151281
0.070862 -0.100030 1.152990
0.108622 -0.085845 1.162935
0.114835 -0.083652 1.164846
0.056746 -0.105113 1.153231
0.064283 -0.101330 1.164639
0.145021 0.041182 1.118246
0.146995 0.034392 1.111746
0.146296 0.033510 1.112350
0.146787 0.031213 1.120121
0.146296 0.033510 1.112350
0.141303 0.029864 1.125173
0.141998 0.031650 1.110041
0.146995 0.034392 1.111746
0.146583 0.030845 1.101811
0.144585 0.007835 1.091586
0.077976 -0.064895 1.125029
0.091422 -0.053433 1.130901
0.088302 -0.065548 1.140702
0.132446 -0.046579 1.116633
0.144186 -0.019784 1.116095
0.134744 -0.025278 1.145355
-0.022046 0.042287 1.079619
-0.037948 0.052453 1.096249
-0.020604 0.049410 1.096857
0.034422 0.065970 1.086501
0.048943 0.058955 1.086671
0.049532 0.050747 1.082247
0.143805 -0.027236 1.085248
-0.000326 0.049560 1.062331
-0.006932 0.047907 1.036166
-0.005705 0.054027 1.067414
0.087769 0.010271 1.063949
0.080747 0.027377 1.063048
0.088406 0.032725 1.077274
0.032865 0.041392 1.068524
0.022080 0.031628 1.049972
0.015566 0.040578 1.058147
-0.022192 0.042385 1.066231
-0.016744 0.052613 1.081988
0.080940 -0.047394 1.084845
0.079017 -0.043437 1.067716
0.090906 -0.043401 1.076239
-0.001558 0.031378 1.051560
0.007625 0.035820 1.026341
-0.001558 0.031378 1.051560
0.003978 0.023631 1.023079
0.002777 0.010401 0.987054
0.003978 0.023631 1.023079
-0.011557 0.030584 1.067548
0.027495 0.030007 1.029374
0.041199 0.033940 1.026951
0.024983 0.029078 1.008509
0.051926 0.029634 1.014402
0.020842 0.028323 0.991522
0.029330 -0.001383 0.999998
0.031673 0.001907 1.015805
0.029066 -0.008967 1.038490
0.017395 0.011688 1.011326
0.017709 0.005107 0.988603
0.012643 -0.000150 1.022105
0.023328 0.016999 1.007344
0.033354 0.009997 1.001467
0.028535 0.023878 0.991840
-0.014700 0.033873 1.018887
-0.005380 0.031130 0.990092
-0.003709 0.017207 0.982030
0.029870 0.009390 0.977673
0.032260 0.020214 0.980989
-0.102663 -0.079674 1.196365
-0.088729 -0.077424 1.206695
-0.099743 -0.068707 1.232264
0.003593 -0.067046 1.231555
0.006163 -0.057055 1.255361
0.040531 0.088042 1.221218
-0.019161 0.085658 1.218285
0.007584 0.068216 1.234743
-0.055530 0.087316 1.204128
-0.085812 0.069973 1.235104
-0.037795 0.085983 1.213091
-0.011429 -0.056224 1.180428
-0.021582 -0.065572 1.171615
-0.007076 -0.050025 1.153252
0.035139 -0.054988 1.109716
0.040392 -0.063160 1.108726
0.027561 -0.059292 1.124317
-0.047088 -0.074666 1.190080
-0.037671 -0.068771 1.182277
-0.036306 -0.074015 1.204553
-0.033326 -0.079589 1.231916
-0.057423 -0.071126 1.249247
-0.052080 -0.082781 1.219079
0.105170 -0.009636 1.090026
0.110602 0.006619 1.093850
0.111681 -0.008929 1.100059
0.119726 -0.044430 1.088045
0.108450 -0.039982 1.100511
0.098387 -0.054492 1.088837
0.094734 -0.025198 1.262315
0.069412 -0.045908 1.262981
0.093194 -0.054668 1.234482
0.081523 -0.005308 1.277157
0.038645 -0.013609 1.275345
0.047149 -0.034567 1.277703
-0.051465 0.046354 1.115455
-0.037745 0.031762 1.084669
-0.043255 0.032694 1.104781
-0.037745 0.031762 1.084669
-0.029058 0.016241 1.052754
-0.044363 0.031284 1.062737
0.080871 -0.025216 1.046591
0.096775 -0.034301 1.049590
0.113201 -0.027933 1.100384
0.122482 -0.027553 1.072155
-0.066303 -0.052506 1.180706
-0.078249 -0.065307 1.167034
-0.038645 -0.033060 1.143091
-0.037490 -0.022925 1.137033
-0.042529 -0.043920 1.123610
-0.025728 0.064727 1.243165
-0.048002 0.068143 1.244211
-0.055355 0.047832 1.271471
-0.029630 -0.029307 1.279145
-0.000575 0.013372 1.073343
0.008851 0.003204 1.073355
-0.002099 0.002090 1.079647
-0.020143 -0.036277 1.100777
-0.005378 -0.048028 1.098609
-0.028517 -0.047134 1.103181
0.140970 0.030976 1.186706
0.152692 0.017941 1.137830
0.133822 0.041619 1.155073
0.131696 -0.009449 1.206734
0.134893 -0.019690 1.177740
0.150087 0.001333 1.148467
0.124442 0.003422 1.118782
0.139393 -0.000906 1.096034
0.120496 -0.012261 1.127592
0.128553 -0.043575 1.131999
0.138275 -0.022602 1.119154
0.139599 -0.026704 1.092025
-0.075191 0.064856 1.251590
-0.054359 0.076271 1.231340
-0.095169 0.000506 1.276844
-0.120275 0.035014 1.258090
-0.099495 -0.017117 1.262810
0.008910 -0.039612 1.049987
0.002959 -0.029794 1.073003
-0.010714 -0.033493 1.059855
0.017989 -0.037736 1.041068
0.040599 -0.024115 1.049606
0.035277 -0.032626 1.063910
-0.043255 0.032694 1.104781
-0.052780 0.033136 1.095391
-0.095886 0.021432 1.113361
-0.087596 0.024361 1.090102
-0.100683 0.024321 1.098927
-0.122390 0.031632 1.189080
-0.111916 0.051854 1.216820
-0.103617 0.059965 1.199070
-0.130665 0.032422 1.244055
-0.127469 -0.007488 1.231708
-0.111529 -0.010076 1.249150
0.008435 -0.043644 1.113044
-0.016458 -0.054333 1.123877
-0.000700 -0.052764 1.107647
-0.010825 -0.038778 1.143690
-0.030654 -0.038575 1.142967
-0.030873 -0.049369 1.131099
0.050774 -0.013435 1.042161
0.036069 -0.018485 1.030350
-0.010154 -0.020661 1.010430
-0.008669 -0.026729 1.036036
-0.018341 -0.022706 1.051023
0.041715 0.000252 1.025670
0.029848 0.000854 1.043183
0.057145 0.015530 1.019239
0.059673 0.021654 1.036505
0.052062 0.006411 1.024088
-0.059562 0.022014 1.029897
-0.044057 0.008400 1.026984
-0.061324 0.007801 1.026760
-0.097179 -0.010026 1.063996
-0.097450 -0.010343 1.101498
-0.093437 -0.005889 1.076016
-0.048110 -0.094921 1.173747
-0.061835 -0.090218 1.170350
-0.099760 -0.065458 1.194246
-0.104053 -0.064589 1.177531
-0.093339 -0.068994 1.202024
0.024002 0.068382 1.096146
0.036755 0.071420 1.104591
0.021309 0.075090 1.108600
-0.000844 0.083386 1.127071
0.020933 0.087335 1.113315
-0.122778 0.016852 1.128590
-0.105347 0.029839 1.133311
-0.107755 0.023886 1.150667
-0.120437 0.043347 1.170830
-0.139325 0.012412 1.149958
0.063275 -0.061350 1.239984
0.102484 0.043064 1.115944
0.103855 0.034711 1.093964
0.095881 0.043095 1.091835
0.133789 0.015802 1.108996
0.126516 0.032735 1.121650
-0.010102 0.003982 1.066102
-0.044753 -0.006196 1.092460
-0.030920 -0.004482 1.073822
-0.028313 -0.008093 1.096427
-0.086282 0.052590 1.138042
-0.093571 0.048999 1.116018
-0.088349 0.058444 1.132695
-0.104465 0.045924 1.118818
-0.094686 0.056018 1.129976
-0.101086 0.007814 1.104446
-0.091046 0.003013 1.091257
-0.103189 0.001914 1.122409
-0.121927 0.009690 1.165700
-0.107063 -0.004455 1.179210
-0.116869 -0.011224 1.173200
-0.009645 -0.013561 1.075236
0.002604 -0.003991 1.066419
-0.014646 -0.012509 1.061810
-0.007961 -0.019107 1.079111
-0.037863 -0.048259 1.112350
-0.033871 -0.023829 1.120466
-0.031229 -0.032494 1.106542
-0.017711 -0.000043 1.078518
-0.059171 0.020179 1.099061
-0.053342 0.026980 1.114433
-0.060911 0.028435 1.119706
0.114320 -0.013507 1.089051
0.105170 -0.009636 1.090026
0.111681 -0.008929 1.100059
0.092837 -0.024496 1.024181
0.096431 -0.010438 1.022986
0.101985 -0.030775 1.034162
-0.095531 0.030873 1.274433
-0.076699 0.036743 1.278902
-0.119154 0.046093 1.257280
-0.045481 0.006221 1.283428
0.087634 0.004188 1.054039
0.087967 -0.004915 1.040376
0.080210 -0.011408 1.048046
0.074873 0.016107 1.055543
0.017068 -0.074235 1.183443
-0.002908 -0.080552 1.181499
-0.001262 -0.070528 1.191158
0.043680 -0.069591 1.122619
0.036298 -0.065804 1.134628
0.077662 -0.072615 1.143197
-0.095017 0.046803 1.152389
-0.107991 0.047224 1.164474
-0.096298 0.052171 1.159493
-0.097053 0.064759 1.220755
-0.081791 0.070125 1.221160
0.022830 0.008637 1.034300
0.002424 0.019548 1.046563
0.010948 0.021206 1.034796
0.018302 0.022970 1.027166
-0.086354 -0.016113 1.139980
-0.095441 -0.022340 1.123420
-0.083104 -0.020438 1.116182
-0.113193 0.011010 1.166280
-0.100968 0.002943 1.160229
-0.099853 -0.002800 1.173944
0.121549 -0.040972 1.145607
0.115603 -0.033556 1.138770
0.125873 -0.025979 1.148249
-0.078467 -0.022942 1.281476
-0.090046 -0.039817 1.267769
-0.062832 -0.058009 1.274237
-0.090034 -0.074410 1.230025
-0.077352 -0.085036 1.212895
-0.019054 -0.066899 1.149071
-0.022912 -0.037321 1.157742
-0.015456 -0.057206 1.149682
-0.024546 -0.051083 1.167303
0.011740 0.090976 1.214719
0.053084 0.093871 1.188253
0.015104 0.107129 1.163127
0.110568 -0.046374 1.072724
0.103530 -0.046123 1.068017
0.099246 -0.049170 1.064241
-0.140076 -0.034014 1.171392
-0.146539 -0.029265 1.168976
0.121888 -0.058297 1.169494
0.122477 -0.066174 1.161872
0.106358 -0.074204 1.193290
0.102229 -0.045068 1.136961
0.119494 -0.048137 1.151192
0.110187 -0.052588 1.156918
0.059089 0.066009 1.250647
0.060613 0.002163 1.272315
0.037689 0.011013 1.273441
-0.100877 -0.017393 1.152639
-0.097372 -0.014930 1.143301
-0.091124 -0.009224 1.154960
-0.108097 -0.022883 1.177443
0.016750 0.017077 1.267993
0.007944 -0.001232 1.271593
-0.050262 0.029346 1.281550
-0.015183 0.005187 1.273985
-0.028101 0.034588 1.267811
0.061619 0.060996 1.086169
0.083772 0.065978 1.092610
0.073757 0.052307 1.085400
0.067271 0.045583 1.075932
0.084157 0.045239 1.094254
-0.107317 0.062022 1.245499
-0.081222 0.049034 1.269445
-0.132198 0.014337 1.136773
-0.128276 0.009688 1.140095
-0.014734 0.028806 1.042105
-0.022119 0.021348 1.073066
0.115987 0.057587 1.190428
0.127256 0.040880 1.192837
0.116226 0.060125 1.155227
0.093935 0.012252 1.268318
0.109212 0.013355 1.241642
0.100292 0.031423 1.244847
-0.080698 0.055792 1.152999
-0.079186 0.061392 1.138426
-0.070784 0.069327 1.152028
-0.031083 0.060259 1.156624
-0.026893 0.067634 1.144979
-0.040241 0.063114 1.135848
-0.084798 -0.000803 1.056920
-0.074536 0.008928 1.036150
-0.075821 0.010857 1.053200
-0.057833 0.020895 1.059230
-0.058243 0.027762 1.040956
-0.104980 -0.071115 1.197340
-0.116869 -0.011224 1.173200
-0.127551 -0.007028 1.175596
-0.121927 0.009690 1.165700
-0.090350 -0.064517 1.176159
-0.097953 -0.057725 1.167887
-0.083707 -0.068674 1.184209
-0.077024 0.016664 1.089371
-0.064341 0.015396 1.087573
-0.080307 0.027086 1.059043
-0.065370 0.022216 1.116763
0.044433 0.007320 1.008299
0.049962 0.018678 1.005411
0.101207 -0.003296 1.042927
0.108026 -0.008137 1.057309
0.115684 -0.013420 1.014018
0.114156 -0.019460 1.028757
0.112198 -0.029914 1.053165
0.012979 -0.043651 1.270931
0.036081 -0.045050 1.273210
-0.114365 -0.045490 1.182972
-0.112281 -0.061656 1.180944
-0.117784 -0.048452 1.187337
-0.100280 -0.052597 1.232233
-0.129640 -0.052533 1.183928
-0.111625 -0.063348 1.207610
-0.068688 0.003262 1.027939
-0.087531 -0.005768 1.039695
-0.052402 -0.017978 1.032926
-0.041150 -0.007932 1.046661
-0.057770 -0.013730 1.056889
0.015024 0.100850 1.120780
0.011571 0.108402 1.132794
0.026260 0.105391 1.133099
0.023689 0.108313 1.108497
-0.054028 -0.006394 1.101399
-0.039337 -0.007054 1.121176
-0.053272 -0.013098 1.112612
-0.067914 -0.012267 1.062177
-0.072366 -0.008292 1.033694
-0.064024 -0.018751 1.025469
-0.052488 0.008867 1.002330
0.020302 0.018959 0.965774
0.004366 0.028520 0.972810
0.019476 0.029081 0.971008
0.001819 0.048221 1.020768
0.016757 -0.041614 1.111351
0.066566 -0.042855 1.071028
0.043746 -0.035203 1.059777
-0.012862 -0.003335 1.009040
-0.045491 -0.014042 0.991611
-0.041721 -0.001978 0.991244
-0.061422 -0.010814 0.997516
-0.052268 -0.000767 0.992004
-0.018318 0.012009 1.007064
-0.012511 0.004992 1.010282
-0.027145 0.005245 1.004994
-0.018633 -0.009379 1.016388
-0.014052 0.011358 1.047441
-0.016465 -0.003950 1.050690
0.055460 0.086843 1.218441
0.070063 0.075660 1.224378
0.004007 -0.083683 1.192737
-0.006818 -0.084861 1.181953
-0.000998 -0.089932 1.168286
0.010286 -0.081930 1.181273
-0.052787 0.052676 1.137346
-0.054212 0.057207 1.154831
-0.041529 0.055355 1.146866
-0.064819 0.037670 1.136599
-0.051558 0.044388 1.130955
-0.053379 0.036495 1.135162
0.076542 0.026138 1.258142
-0.104246 0.048434 1.130485
-0.112290 0.038457 1.144331
0.036755 0.071420 1.104591
0.030001 0.082053 1.106341
0.037723 0.089145 1.114409
0.049094 0.086099 1.106702
0.065983 0.082378 1.112417
-0.127075 0.019024 1.121983
-0.066369 -0.001747 1.005255
0.000705 -0.056638 1.166241
0.004448 -0.072583 1.170842
0.066013 -0.074476 1.132888
0.062673 -0.072163 1.162332
0.051221 -0.071795 1.149184
0.061977 -0.081507 1.164163
0.053602 -0.082424 1.144097
0.053391 0.030208 1.037587
-0.082293 -0.020256 1.095731
-0.087134 -0.023135 1.077082
-0.074732 -0.013725 1.098927
-0.096971 -0.017941 1.075397
-0.092000 -0.020126 1.097136
-0.036928 -0.034417 1.161775
-0.034772 -0.049697 1.178401
-0.074451 -0.035818 1.170503
-0.060522 -0.027195 1.170278
-0.066848 -0.042750 1.179777
0.040255 -0.026531 1.030421
0.043581 -0.025897 1.042577
0.069642 0.002448 1.056301
0.011424 0.008283 0.987024
0.007764 0.016327 0.969020
-0.092827 -0.034955 1.168887
-0.090889 -0.008261 1.168922
-0.087089 -0.018135 1.160121
0.116182 -0.016557 1.142905
0.124741 -0.016365 1.136557
0.128500 -0.016932 1.119685
0.132344 -0.012874 1.139707
0.014212 -0.010067 1.029780
-0.014798 -0.015448 1.040979
-0.059887 0.063047 1.153013
-0.053412 0.070069 1.160407
-0.034993 0.087818 1.148446
-0.015217 0.094141 1.138765
0.129520 0.024865 1.215080
0.112009 0.033428 1.218378
0.142646 0.010309 1.177428
-0.015932 -0.019366 1.067744
0.054315 -0.035833 1.057013
0.065019 -0.025783 1.052287
0.052285 -0.019145 1.044232
0.052209 -0.031970 1.036339
-0.103745 0.017670 1.107772
-0.107818 0.013035 1.122778
0.024002 0.068382 1.096146
-0.016480 0.062333 1.109152
-0.030051 0.056965 1.097766
-0.013942 0.072069 1.130714
-0.111578 0.008767 1.138500
-0.114797 0.015201 1.147597
0.021247 -0.012833 1.022165
0.051829 -0.081616 1.219342
0.005649 -0.086884 1.208485
0.089228 -0.077044 1.209462
-0.019071 -0.021758 1.097085
-0.023486 -0.013114 1.106560
-0.008707 -0.004280 1.088039
-0.071276 -0.070444 1.166980
-0.063442 -0.073472 1.180542
-0.058449 -0.074758 1.189847
-0.070028 -0.080927 1.196714
0.106109 0.077687 1.126577
0.120937 0.063754 1.122210
-0.034767 0.037271 1.084050
-0.045881 0.049025 1.103130
-0.019861 0.033988 1.078476
-0.095095 0.025486 1.057458
-0.101819 0.020480 1.063413
-0.081834 0.023056 1.049096
-0.068307 0.018542 1.064901
0.110348 0.044197 1.214313
0.109363 0.063737 1.195941
-0.077496 0.009275 1.284644
-0.067749 -0.087360 1.186548
-0.073401 -0.088482 1.196265
-0.045358 -0.090333 1.187072
-0.062631 -0.088332 1.208158
0.006049 0.051492 1.248376
0.039645 0.033401 1.268886
0.055507 0.036061 1.266277
-0.084886 -0.084033 1.203684
-0.084886 -0.084033 1.203684
-0.080459 -0.088141 1.193204
-0.077352 -0.085036 1.212895
-0.096998 -0.061613 1.247342
-0.080395 -0.061297 1.257419
-0.041401 -0.019995 0.999927
-0.027676 -0.086012 1.202245
-0.098187 0.069177 1.176406
-0.097582 0.075119 1.143092
-0.105131 0.061921 1.166743
0.110129 -0.028127 1.116789
0.109030 -0.016735 1.109185
0.115784 -0.020183 1.131822
0.117844 -0.007347 1.122816
0.015714 -0.078146 1.222081
0.048359 -0.075821 1.227650
0.086757 -0.068381 1.227720
0.004924 -0.037719 1.092032
0.013002 -0.033388 1.099483
-0.000095 -0.035531 1.083739
-0.067622 -0.025986 1.122731
-0.066468 -0.017872 1.104630
-0.109610 -0.013445 1.102784
-0.097511 -0.023609 1.099492
-0.114473 0.002521 1.147807
0.122353 0.038623 1.141678
0.119012 0.044992 1.149169
0.114387 0.055524 1.156573
0.123499 0.053353 1.143209
0.120924 0.049858 1.150165
0.070432 -0.069037 1.112529
0.071786 -0.057816 1.104126
0.076607 -0.061821 1.109722
-0.034639 -0.071276 1.246308
0.100005 0.063840 1.144378
0.108559 0.062445 1.154021
-0.013270 0.104616 1.133794
-0.019361 0.107007 1.115735
0.054822 -0.083396 1.203833
0.061681 -0.099858 1.166338
0.025539 -0.036626 1.092080
0.021273 -0.037611 1.080927
0.037452 -0.044976 1.090817
0.098254 0.080941 1.150416
0.068137 0.084763 1.169559
0.086954 0.091059 1.162486
0.078223 0.091845 1.146152
-0.034140 -0.018715 1.015551
-0.025163 -0.013608 1.029450
0.028388 -0.076963 1.172551
0.034692 -0.077067 1.189453
0.024263 -0.072066 1.190270
0.042017 -0.076569 1.143239
0.029632 -0.080635 1.145973
0.031002 -0.060450 1.150376
0.083176 0.010389 1.271378
-0.019861 0.033988 1.078476
-0.001558 0.031378 1.051560
0.103905 0.002483 1.254909
0.064112 -0.034325 1.276230
-0.135225 0.010548 1.221788
-0.116833 -0.026881 1.190833
-0.118913 -0.029657 1.174442
-0.114365 -0.045490 1.182972
-0.116084 -0.052177 1.173009
0.058719 0.044553 1.061561
0.054154 0.044562 1.073451
0.048943 0.058955 1.086671
0.008281 -0.054516 1.141776
0.016000 -0.056978 1.159926
0.010880 -0.073523 1.167526
0.090970 0.088621 1.136466
0.087485 0.090896 1.113672
0.087867 0.083685 1.142167
-0.037202 0.061737 1.125619
0.074873 0.016107 1.055543
0.051112 0.038788 1.066475
0.064465 0.031380 1.054606
0.087009 0.078565 1.180719
0.075857 0.078341 1.183486
0.045350 0.067234 1.096921
0.119063 -0.031110 1.209075
-0.080112 0.069484 1.141874
-0.072062 0.079987 1.139769
-0.095826 0.060726 1.159920
0.095567 0.060024 1.112450
0.090270 0.049324 1.097136
0.076607 0.063610 1.105723
0.086804 0.064185 1.117013
0.085533 0.069540 1.098463
-0.030298 -0.016061 1.118774
-0.022601 -0.004129 1.103564
-0.088848 0.067471 1.142475
-0.080299 0.075405 1.133546
-0.087415 0.081638 1.150974
-0.050663 -0.014067 1.137118
-0.050260 -0.020524 1.125152
0.124242 -0.048934 1.208921
0.127184 -0.052975 1.197873
0.123720 -0.059074 1.178702
0.123492 -0.041835 1.181491
0.091603 0.055944 1.086545
0.099014 0.061838 1.097461
-0.125808 -0.023193 1.181096
-0.110945 -0.049428 1.221530
-0.123944 0.025436 1.137173
-0.122071 0.028560 1.121331
0.018302 0.022970 1.027166
0.017395 0.011688 1.011326
0.055256 0.107551 1.104822
0.041059 0.110203 1.137220
-0.105380 -0.011397 1.128986
-0.114610 -0.004515 1.115223
-0.115273 -0.013844 1.109318
-0.111013 -0.002947 1.129668
-0.030200 -0.066072 1.170357
-0.031486 -0.056179 1.170090
-0.101175 -0.001439 1.111133
-0.090195 -0.004507 1.089540
0.010288 0.034315 1.259884
0.127135 -0.057082 1.140053
-0.070586 -0.027404 1.137000
0.008973 -0.027993 1.010342
0.014391 -0.018974 1.011641
0.024123 -0.024410 1.004031
0.031899 -0.036987 1.032063
0.005376 0.039080 0.988694
-0.007136 0.044489 1.012285
-0.015595 -0.055278 1.106907
0.112587 -0.022568 1.060139
0.103761 -0.007092 1.080488
0.121059 -0.008731 1.065754
0.129753 -0.046234 1.161102
-0.018703 0.009917 1.063590
-0.036385 0.010878 1.011220
-0.034790 0.013015 1.038024
-0.069509 0.048542 1.146204
0.072427 -0.072417 1.155542
0.058145 -0.005713 1.013803
0.069982 0.014012 1.051167
0.041702 -0.001252 1.040591
0.061401 -0.002011 1.049414
-0.041977 0.070369 1.154977
-0.044431 0.062092 1.154502
-0.059122 -0.062933 1.174422
-0.052776 -0.053872 1.172807
-0.048160 -0.044827 1.176628
-0.093136 0.004389 1.067826
-0.101537 0.013110 1.062488
-0.092339 0.017399 1.047813
0.028044 -0.016398 1.015379
-0.067639 -0.077869 1.164770
-0.038708 -0.064239 1.176585
-0.040993 -0.053839 1.178172
0.011567 -0.037917 1.011637
0.030812 -0.027883 1.011505
0.039857 -0.036044 1.016822
-0.005844 -0.035741 1.048591
0.001455 -0.033776 1.036937
-0.145291 -0.021953 1.138942
-0.140795 0.005654 1.134368
-0.144808 -0.016411 1.166050
-0.131845 0.029505 1.132159
-0.133207 0.027530 1.150357
0.022079 0.007673 0.971483
0.012202 0.007884 0.973603
0.058247 -0.049945 1.088338
0.075516 -0.053053 1.088792
0.050600 -0.046216 1.080545
0.102825 0.018938 1.092771
0.105290 0.026195 1.102948
0.116901 0.020278 1.101462
0.109977 0.031020 1.111027
-0.143522 0.004494 1.163467
-0.149653 -0.010761 1.156973
-0.148834 0.004278 1.129867
0.123344 0.020791 1.133603
0.106607 0.019331 1.116883
0.118789 0.032218 1.132055
0.123111 0.012660 1.122652
-0.052010 -0.023316 1.018494
-0.059263 -0.019456 1.004850
0.019590 -0.075903 1.198077
0.037722 -0.078844 1.198114
-0.138685 0.005773 1.161283
0.138143 0.037140 1.131797
0.130362 0.041711 1.154493
0.106830 -0.067060 1.220055
0.118841 -0.057361 1.215376
0.117778 0.007079 1.234224
0.125243 -0.006596 1.224389
0.130797 0.011558 1.218190
0.121760 -0.062953 1.202036
-0.107716 -0.021772 1.115492
-0.088729 -0.077424 1.206695
-0.103745 -0.078284 1.188909
0.039620 -0.023325 1.016602
0.147857 0.004989 1.084611
0.153969 0.004031 1.118250
0.143843 0.026693 1.085327
-0.009194 -0.040526 1.150583
0.012434 -0.002950 1.054018
0.096212 -0.004154 1.031080
0.101207 -0.003296 1.042927
0.106636 -0.007084 1.011782
0.022303 0.093656 1.112362
0.008531 0.096854 1.106926
-0.004426 0.096046 1.131954
-0.093084 0.038174 1.122220
-0.084140 0.039250 1.116282
-0.104465 0.045924 1.118818
-0.107186 0.047610 1.133228
-0.103274 0.035944 1.127741
0.064274 -0.016408 1.053466
-0.149953 -0.024440 1.138301
-0.144662 -0.023361 1.154986
0.044663 -0.083491 1.146656
0.050807 -0.086134 1.160991
-0.020751 -0.103334 1.169858
-0.013144 -0.088962 1.192567
0.004174 0.062228 1.100424
0.098155 -0.044847 1.116730
-0.072113 -0.027185 1.104636
-0.056887 -0.018808 1.120419
-0.062756 -0.037837 1.126365
0.027993 -0.078452 1.162492
0.115901 -0.056285 1.174701
0.088264 -0.063439 1.194531
-0.018867 0.034826 1.046534
-0.019861 0.033988 1.078476
0.108005 0.051745 1.147396
0.103190 0.047940 1.149052
0.104731 0.049096 1.125001
0.113714 0.057612 1.111002
-0.132198 0.014337 1.136773
-0.128441 0.012781 1.164507
0.101920 0.053861 1.109314
0.099022 0.061754 1.126292
0.071783 0.067487 1.115860
0.081717 0.067345 1.131272
0.107869 0.064125 1.109308
-0.001558 0.031378 1.051560
-0.006142 0.023950 1.065412
-0.011557 0.030584 1.067548
-0.085605 0.081384 1.127428
-0.059784 0.099363 1.167698
-0.023281 0.107256 1.171934
-0.073585 0.096215 1.161795
-0.077568 0.084653 1.171784
0.083725 0.045327 1.235020
0.015364 0.018347 0.999887
0.015364 0.018347 0.999887
0.104637 0.033776 1.235471
-0.148176 0.014541 1.109628
-0.127751 0.024139 1.192312
-0.061700 -0.010130 1.093211
-0.053802 -0.006281 1.068320
-0.117426 -0.042066 1.199962
-0.119672 -0.048870 1.203447
-0.122539 -0.037951 1.201469
-0.130994 -0.044935 1.182256
-0.117784 -0.048452 1.187337
-0.126789 -0.057048 1.177218
0.122616 -0.032984 1.195663
-0.000545 0.057912 1.091887
-0.082290 0.018511 1.105561
0.006561 0.101457 1.129943
-0.004286 0.104438 1.127000
-0.125196 0.045972 1.228805
0.147253 -0.012219 1.085355
-0.120265 0.006542 1.151004
-0.088712 -0.018044 1.051610
-0.080717 -0.019104 1.064315
-0.077617 -0.013722 1.077714
0.057873 -0.058732 1.092249
0.065128 -0.066658 1.100384
0.005634 -0.042906 1.133508
0.071021 0.031446 1.054569
0.066787 0.021902 1.045718
0.015874 -0.052845 1.127409
-0.111460 -0.073560 1.202183
-0.114778 -0.071330 1.190506
-0.126789 -0.057048 1.177218
0.075823 0.075932 1.127654
0.070038 0.081153 1.146540
0.082363 0.079618 1.142593
0.077296 0.088917 1.131814
0.065426 0.089748 1.139182
-0.044581 0.031412 1.043332
-0.050416 0.030637 1.064817
0.109160 0.056657 1.136647
0.016968 -0.043573 1.023904
-0.068455 0.066169 1.154518
-0.057240 0.077257 1.156399
-0.062711 0.080519 1.140569
0.000329 -0.023960 1.024348
0.006354 -0.017239 1.021225
0.006116 -0.039584 1.028149
-0.113967 0.054360 1.172355
-0.085953 0.071407 1.202885
-0.090038 0.073592 1.181946
-0.016301 -0.064771 1.188288
-0.014421 -0.067933 1.200757
-0.067098 -0.015194 1.076102
0.018230 -0.067697 1.169628
0.015866 -0.034563 1.066306
0.029448 -0.039144 1.072260
-0.024367 -0.065830 1.199162
0.074853 0.096102 1.130931
0.068096 0.097686 1.128194
-0.110116 -0.001679 1.142152
-0.108061 -0.012870 1.153506
-0.009886 0.053379 1.098595
0.003535 0.055832 1.076564
0.000426 0.043206 1.057622
0.009748 0.049774 1.067394
0.032865 0.041392 1.068524
-0.105101 0.002031 1.137639
0.046682 0.091798 1.119042
-0.069214 -0.013061 1.014077
-0.111754 0.008028 1.154014
0.065426 0.089748 1.139182
0.093105 -0.031750 1.035209
0.097044 0.097056 1.096201
0.105420 0.089518 1.107571
0.002003 -0.032926 1.021488
0.116625 0.080829 1.097384
0.099971 0.093575 1.076815
0.087485 0.090896 1.113672
0.004174 0.062228 1.100424
0.007752 0.062732 1.077022
0.022258 0.055640 1.065182
0.099563 0.090059 1.091851
0.113340 0.078666 1.098049
-0.014868 -0.077542 1.227101
-0.018242 -0.084802 1.205762
-0.004233 -0.087052 1.215469
-0.030836 -0.053932 1.113143
-0.038815 -0.026039 1.126537
-0.085177 -0.038228 1.162846
-0.107355 0.015981 1.092370
0.144003 -0.004286 1.095506
0.144178 -0.014023 1.090198
0.032729 0.105889 1.159255
-0.059422 0.014542 1.081165
0.061076 -0.005898 1.056191
0.037484 -0.000631 1.052964
0.056385 -0.070862 1.198259
-0.008237 0.038410 1.258342
-0.003912 0.019707 1.266800
0.088469 0.061805 1.085286
0.064372 0.077555 1.104041
0.071783 0.067487 1.115860
0.071838 0.073834 1.111326
-0.040052 0.077739 1.157873
0.056509 0.064412 1.097191
0.064774 0.062287 1.106771
0.064774 0.062287 1.106771
0.087870 0.001104 1.068398
-0.097764 -0.011450 1.176086
0.098858 0.011013 1.076048
0.097581 0.027262 1.080910
-0.009886 0.053379 1.098595
0.005239 -0.010938 1.031539
-0.005001 -0.012466 1.018456
-0.128254 -0.028823 1.190108
-0.143305 0.014745 1.124572
-0.120622 0.042533 1.151891
-0.123944 0.025436 1.137173
0.008299 0.041094 1.011491
0.019151 0.033315 0.983316
0.124442 0.003422 1.118782
0.139393 -0.000906 1.096034
-0.112525 -0.042400 1.195914
-0.086081 -0.025260 1.106992
-0.084356 0.080601 1.190613
0.126736 -0.068123 1.152461
-0.119762 -0.078578 1.169223
0.018550 0.030241 1.041650
0.010948 0.021206 1.034796
-0.074520 0.083227 1.190551
0.043812 0.038894 1.049232
0.051112 0.038788 1.066475
0.064465 0.031380 1.054606
-0.122153 -0.084635 1.170347
-0.123237 -0.083655 1.156926
-0.133055 -0.067163 1.171863
-0.123386 -0.075639 1.184504
0.139658 -0.013843 1.114223
0.134216 -0.022635 1.141242
0.081096 -0.060725 1.100822
0.092569 -0.052430 1.093397
-0.133144 -0.072113 1.156883
-0.129102 -0.068134 1.167590
0.110667 0.015941 1.103990
0.117751 -0.005964 1.101537
0.118462 0.005329 1.101293
-0.050052 -0.019609 1.113811
0.037723 0.089145 1.114409
-0.042979 0.005510 0.995415
-0.143305 0.014745 1.124572
0.056598 -0.080288 1.171371
0.098856 0.060575 1.145881
0.107184 0.055948 1.157286
0.006698 -0.022413 1.274513
0.091477 0.071740 1.201821
0.086333 -0.067795 1.153154
0.098374 -0.058350 1.162879
-0.027676 -0.086012 1.202245
-0.032695 -0.086326 1.192799
0.056509 0.064412 1.097191
-0.037809 0.097118 1.116909
-0.040165 0.104106 1.110875
-0.023079 0.105479 1.101978
-0.020523 0.101876 1.126563
0.086824 -0.010568 1.020711
0.083724 -0.024135 1.031905
0.077296 0.088917 1.131814
0.065426 0.089748 1.139182
0.006322 0.045287 1.030472
0.132939 -0.042884 1.103988
-0.126245 0.034234 1.108318
-0.122071 0.028560 1.121331
0.041047 0.050281 1.071584
0.041006 0.042010 1.065652
-0.119429 0.039410 1.101587
-0.124288 0.044542 1.099320
-0.107565 0.053621 1.160909
-0.013737 0.041850 1.029251
0.103761 -0.007092 1.080488
0.101207 -0.003296 1.042927
0.091339 -0.087524 1.191402
0.109579 0.002710 1.085697
-0.106424 0.010786 1.136141
-0.093571 0.048999 1.116018
-0.097390 0.044296 1.134411
-0.087427 0.048047 1.127403
0.064896 -0.092768 1.188428
-0.070084 0.086344 1.125375
-0.069865 0.096716 1.144884
-0.060728 0.098870 1.141974
-0.087427 0.048047 1.127403
-0.056414 -0.077918 1.159712
-0.014839 0.102586 1.181868
-0.065814 -0.069033 1.189006
0.009316 0.066316 1.097640
0.009316 0.066316 1.097640
0.026665 0.066475 1.079824
-0.046257 -0.000260 1.107783
0.129541 -0.031766 1.168357
0.152295 -0.004629 1.125639
-0.115835 0.051664 1.150038
0.087634 0.004188 1.054039
-0.046444 0.049153 1.121122
-0.050768 0.054545 1.127242
0.140096 -0.027278 1.069917
0.144178 -0.014023 1.090198
-0.054777 0.101637 1.124503
-0.032256 0.106868 1.119453
-0.046214 0.035646 1.120195
0.110381 0.087573 1.082983
0.017965 -0.050875 1.139679
0.024970 -0.059908 1.165139
-0.056812 0.029249 1.130867
-0.010415 0.008458 1.062800
-0.011029 0.015587 1.070211
-0.022119 0.021348 1.073066
-0.019861 0.033988 1.078476
0.094476 -0.058535 1.145511
-0.025827 -0.072730 1.207376
-0.019984 -0.085001 1.192883
-0.013198 -0.090294 1.196297
-0.025884 -0.085602 1.187622
-0.023356 -0.101743 1.164616
0.040856 -0.085508 1.166470
-0.020683 0.012375 1.032851
-0.020683 0.012375 1.032851
-0.078941 -0.079935 1.203436
-0.086611 -0.098626 1.169480
-0.018703 0.009917 1.063590
0.070196 0.042985 1.063144
-0.129102 -0.068134 1.167590
0.111729 0.082428 1.080704
-0.073984 0.023590 1.111887
-0.080884 0.047782 1.124622
-0.080884 0.047782 1.124622
-0.075302 0.031187 1.124174
-0.060911 0.028435 1.119706
-0.078537 0.043748 1.128496
-0.010319 0.102858 1.110505
-0.010866 0.099181 1.127711
0.048230 -0.007648 1.027155
-0.085030 0.023038 1.072815
0.043602 -0.047490 1.095775
0.032272 -0.051565 1.100122
0.067102 -0.060114 1.098110
0.002206 0.039251 0.998085
-0.065497 -0.095709 1.167426
-0.084303 0.048086 1.138209
0.121945 -0.011334 1.078885
0.113238 -0.012296 1.077005
0.144003 -0.004286 1.095506
-0.017901 -0.107890 1.157668
-0.023356 -0.101743 1.164616
-0.057480 -0.082273 1.161289
-0.038919 -0.070820 1.172423
0.032829 0.112817 1.092801
0.062142 0.113799 1.085609
0.047238 -0.076682 1.188768
0.061280 -0.072972 1.181332
0.054125 -0.082959 1.178798
-0.105949 -0.055491 1.186010
-0.103694 -0.061340 1.198864
-0.112816 -0.060714 1.193243
-0.148176 0.014541 1.109628
-0.069408 0.018134 1.036477
0.032295 0.093313 1.105870
-0.079737 0.085353 1.152033
-0.037484 -0.098501 1.171774
-0.123237 -0.083655 1.156926
-0.103745 -0.078284 1.188909
-0.025884 -0.085602 1.187622
-0.089353 -0.103559 1.170424
0.047988 -0.097858 1.164038
0.142416 0.019214 1.187516
0.049024 -0.095222 1.178146
0.060774 -0.089860 1.190386
-0.119429 0.039410 1.101587
-0.106841 -0.065364 1.159658
-0.105172 -0.029497 1.253208
-0.053342 0.026980 1.114433
0.139388 0.024907 1.089538
0.041255 0.032902 1.036873
-0.029645 0.014346 1.011943
0.017709 -0.076740 1.171993
0.002441 -0.085307 1.164055
0.132331 0.047667 1.122962
0.125748 0.055438 1.145140
0.097258 -0.051115 1.143125
0.127587 -0.066412 1.135072
0.093993 0.086755 1.161964
0.041006 0.042010 1.065652
0.032865 0.041392 1.068524
0.041047 0.050281 1.071584
0.117751 -0.005964 1.101537
0.103358 0.083930 1.089163
-0.020047 -0.105673 1.154429
-0.022046 0.042287 1.079619
-0.016744 0.052613 1.081988
-0.078537 0.043748 1.128496
-0.076267 0.087807 1.117848
-0.062631 -0.088332 1.208158
0.020959 0.032086 1.034209
-0.041997 -0.096638 1.167828
-0.122630 -0.072848 1.163628
-0.122630 -0.072848 1.163628
0.049532 0.050747 1.082247
0.099318 -0.052441 1.132898
0.015566 0.040578 1.058147
-0.000545 0.057912 1.091887
-0.024281 0.066926 1.597980
0.000000 0.081621 1.593725
0.000000 0.069543 1.587547
-0.021171 0.056325 1.590747
0.024281 0.066926 1.597980
0.021171 0.056325 1.590747
0.044588 0.048781 1.609001
0.043495 0.041472 1.599718
0.057555 0.030084 1.607252
0.065195 0.020685 1.628009
0.064852 0.014111 1.618646
0.057661 0.036994 1.616880
0.069479 -0.007791 1.632634
0.064852 0.014111 1.618646
0.065195 0.020685 1.628009
0.064026 -0.014062 1.623503
0.066792 -0.024805 1.636613
0.051442 -0.044237 1.638509
0.062660 -0.028985 1.626043
0.054389 -0.050860 1.630517
0.000000 -0.072227 1.626694
0.014790 -0.069510 1.627478
-0.000000 -0.072190 1.634554
0.015842 -0.071593 1.636095
-0.044588 0.048781 1.609001
-0.043495 0.041472 1.599718
-0.057661 0.036994 1.616880
-0.057555 0.030084 1.607252
-0.064852 0.014111 1.618646
-0.069479 -0.007791 1.632634
-0.065195 0.020685 1.628009
-0.064026 -0.014062 1.623503
-0.066792 -0.024805 1.636613
-0.062660 -0.028985 1.626043
0.000000 0.109038 1.611717
-0.022362 0.098342 1.616431
-0.023539 0.110061 1.620177
-0.000000 0.119225 1.615643
0.023539 0.110061 1.620177
0.022362 0.098342 1.616431
-0.042507 0.086007 1.632345
-0.040868 0.075691 1.628101
0.042507 0.086007 1.632345
0.040868 0.075691 1.628101
-0.052305 0.071455 1.639847
-0.050502 0.061657 1.635818
0.052305 0.071455 1.639847
0.050502 0.061657 1.635818
-0.074380 0.023709 1.668173
-0.066334 0.049786 1.652583
-0.063538 0.041948 1.647249
-0.071506 0.015770 1.659467
-0.071506 0.015770 1.659467
-0.071506 0.015770 1.659467
0.074380 0.023709 1.668173
0.063538 0.041948 1.647249
0.066334 0.049786 1.652583
0.071506 0.015770 1.659467
0.071506 0.015770 1.659467
0.071506 0.015770 1.659467
-0.075564 0.003645 1.676152
-0.075564 0.003645 1.676152
-0.075564 0.003645 1.676152
-0.072586 -0.003214 1.666219
-0.072586 -0.003214 1.666219
-0.072586 -0.003214 1.666219
0.000000 -0.079716 1.677583
0.021231 -0.072118 1.668601
0.023554 -0.074210 1.679372
0.000000 -0.075815 1.667245
0.066334 0.049786 1.652583
0.063538 0.041948 1.647249
-0.028930 -0.067672 1.637475
-0.041732 -0.056672 1.638872
-0.043530 -0.061503 1.630375
-0.027273 -0.066563 1.628392
-0.041534 -0.063067 1.681926
-0.059681 -0.047970 1.685102
-0.054891 -0.049860 1.673615
-0.037820 -0.063355 1.670763
0.041732 -0.056672 1.638872
0.043530 -0.061503 1.630375
0.071627 -0.028715 1.682034
0.059681 -0.047970 1.685102
0.059681 -0.047970 1.685102
0.059681 -0.047970 1.685102
0.066575 -0.032605 1.671166
0.054891 -0.049860 1.673615
-0.051442 -0.044237 1.638509
-0.054389 -0.050860 1.630517
-0.066575 -0.032605 1.671166
-0.071627 -0.028715 1.682034
0.072586 -0.003214 1.666219
0.072586 -0.003214 1.666219
0.072586 -0.003214 1.666219
0.075564 0.003645 1.676152
0.075564 0.003645 1.676152
0.075564 0.003645 1.676152
-0.015842 -0.071593 1.636095
-0.014790 -0.069510 1.627478
-0.023554 -0.074210 1.679372
-0.021231 -0.072118 1.668601
0.027273 -0.066563 1.628392
0.028930 -0.067672 1.637475
0.041534 -0.063067 1.681926
0.037820 -0.063355 1.670763
-0.039816 0.065538 1.623317
-0.039816 0.065538 1.623317
-0.039816 0.065538 1.623317
-0.021764 0.086925 1.611804
-0.021900 0.077439 1.606703
-0.021900 0.077439 1.606703
-0.021900 0.077439 1.606703
-0.040958 0.057644 1.617531
-0.040958 0.057644 1.617531
-0.040958 0.057644 1.617531
-0.050008 0.052161 1.630761
-0.050008 0.052161 1.630761
-0.050008 0.052161 1.630761
-0.052013 0.044803 1.625014
-0.061156 0.034161 1.641668
-0.061156 0.034161 1.641668
-0.061156 0.034161 1.641668
-0.061605 0.027870 1.635793
-0.067641 0.007846 1.651162
-0.069160 0.001114 1.643140
-0.068091 -0.009847 1.656767
-0.069409 -0.016795 1.648043
-0.061772 -0.036606 1.660229
-0.059638 -0.041341 1.650536
-0.050365 -0.052010 1.662056
-0.045476 -0.052816 1.652105
-0.032937 -0.061892 1.660101
-0.030709 -0.063470 1.650198
-0.018442 -0.068938 1.658177
-0.017808 -0.071921 1.648724
0.000000 -0.073767 1.656357
-0.000000 -0.076280 1.646942
0.017808 -0.071921 1.648724
0.018442 -0.068938 1.658177
0.030709 -0.063470 1.650198
0.032937 -0.061892 1.660101
0.045476 -0.052816 1.652105
0.050365 -0.052010 1.662056
0.059638 -0.041341 1.650536
0.061772 -0.036606 1.660229
0.069409 -0.016795 1.648043
0.068091 -0.009847 1.656767
0.069160 0.001114 1.643140
0.067641 0.007846 1.651162
0.061605 0.027870 1.635793
0.061156 0.034161 1.641668
0.061156 0.034161 1.641668
0.061156 0.034161 1.641668
0.052013 0.044803 1.625014
0.061156 0.034161 1.641668
0.061156 0.034161 1.641668
0.061156 0.034161 1.641668
0.061605 0.027870 1.635793
0.050008 0.052161 1.630761
0.050008 0.052161 1.630761
0.050008 0.052161 1.630761
0.040958 0.057644 1.617531
0.040958 0.057644 1.617531
0.040958 0.057644 1.617531
0.039816 0.065538 1.623317
0.039816 0.065538 1.623317
0.039816 0.065538 1.623317
0.021900 0.077439 1.606703
0.021900 0.077439 1.606703
0.021900 0.077439 1.606703
0.021764 0.086925 1.611804
-0.000000 0.091025 1.601909
-0.000000 0.091025 1.601909
-0.000000 0.091025 1.601909
-0.000000 0.099160 1.606978
-0.025869 0.048523 1.570067
-0.047476 0.030657 1.564398
-0.046335 0.031867 1.580421
-0.027250 0.047176 1.555154
-0.059945 0.015353 1.574682
-0.058581 0.017980 1.589143
-0.067021 0.000586 1.588073
-0.066590 0.002584 1.601121
-0.074423 -0.026955 1.596422
-0.071865 -0.025462 1.607916
-0.072048 -0.043393 1.599562
-0.068328 -0.042039 1.611059
-0.054653 -0.058513 1.612926
-0.058654 -0.061734 1.601644
-0.045399 -0.068523 1.601176
-0.043107 -0.065523 1.612900
-0.029110 -0.073597 1.600880
-0.027122 -0.071181 1.612828
-0.015667 -0.077184 1.600977
-0.014482 -0.074855 1.612969
-0.000000 -0.079326 1.600878
0.000000 -0.076895 1.613015
0.014482 -0.074855 1.612969
0.015667 -0.077184 1.600977
0.027122 -0.071181 1.612828
0.029110 -0.073597 1.600880
0.043107 -0.065523 1.612900
0.045399 -0.068523 1.601176
0.054653 -0.058513 1.612926
0.058654 -0.061734 1.601644
0.072048 -0.043393 1.599562
0.068328 -0.042039 1.611059
0.071865 -0.025462 1.607916
0.074423 -0.026955 1.596422
0.066590 0.002584 1.601121
0.067021 0.000586 1.588073
0.058581 0.017980 1.589143
0.067021 0.000586 1.588073
0.059945 0.015353 1.574682
0.066590 0.002584 1.601121
0.046335 0.031867 1.580421
0.047476 0.030657 1.564398
0.025869 0.048523 1.570067
0.027250 0.047176 1.555154
-0.000000 0.061287 1.566573
0.000000 0.057750 1.552344
-0.024034 0.052524 1.579394
0.000000 0.063875 1.576540
-0.045235 0.036450 1.589177
-0.057411 0.023121 1.597601
-0.063398 0.007272 1.609079
-0.069146 -0.020221 1.615340
-0.068921 -0.036945 1.619497
-0.056054 -0.056283 1.621683
-0.043667 -0.064385 1.621092
-0.027453 -0.069985 1.620211
-0.014846 -0.073509 1.619977
0.000000 -0.075999 1.619707
0.014846 -0.073509 1.619977
0.027453 -0.069985 1.620211
0.043667 -0.064385 1.621092
0.056054 -0.056283 1.621683
0.068921 -0.036945 1.619497
0.069146 -0.020221 1.615340
0.063398 0.007272 1.609079
0.063398 0.007272 1.609079
0.057411 0.023121 1.597601
0.045235 0.036450 1.589177
0.024034 0.052524 1.579394
-0.048662 0.029498 1.548372
-0.027558 0.044023 1.540487
-0.063045 0.014090 1.560328
-0.071536 0.000559 1.575755
-0.080123 -0.028085 1.585978
-0.077962 -0.045523 1.589172
-0.063815 -0.066316 1.591238
-0.048211 -0.072863 1.590016
-0.031477 -0.077400 1.589375
-0.016999 -0.080348 1.589196
-0.000000 -0.081867 1.588767
0.016999 -0.080348 1.589196
0.031477 -0.077400 1.589375
0.048211 -0.072863 1.590016
0.063815 -0.066316 1.591238
0.077962 -0.045523 1.589172
0.080123 -0.028085 1.585978
0.071536 0.000559 1.575755
0.071536 0.000559 1.575755
0.063045 0.014090 1.560328
0.048662 0.029498 1.548372
0.027558 0.044023 1.540487
0.000000 0.053332 1.538293
-0.000000 0.111616 1.621780
-0.017816 0.104733 1.625277
-0.000000 0.025496 1.686139
-0.000000 0.025496 1.686139
-0.000000 0.025496 1.686139
0.017816 0.104733 1.625277
-0.035199 0.082811 1.636527
0.035199 0.082811 1.636527
-0.044726 0.068625 1.643796
0.044726 0.068625 1.643796
-0.058124 0.047928 1.655955
-0.065698 0.023394 1.670637
0.065698 0.023394 1.670637
0.058124 0.047928 1.655955
-0.066747 0.004462 1.677877
0.066747 0.004462 1.677877
0.063051 -0.025517 1.683015
0.036244 -0.055761 1.682098
0.052830 -0.041968 1.685409
-0.052830 -0.041968 1.685409
-0.052830 -0.041968 1.685409
-0.052830 -0.041968 1.685409
-0.036244 -0.055761 1.682098
-0.036244 -0.055761 1.682098
-0.036244 -0.055761 1.682098
0.020035 -0.065807 1.679809
-0.063051 -0.025517 1.683015
-0.020035 -0.065807 1.679809
-0.000000 -0.070485 1.678208
-0.023230 0.036452 1.543157
0.000000 0.044393 1.541567
-0.000000 -0.016682 1.580032
0.023230 0.036452 1.543157
-0.042311 0.023306 1.550248
0.042311 0.023306 1.550248
-0.055509 0.009207 1.561373
0.055509 0.009207 1.561373
-0.071195 -0.029301 1.584091
-0.063234 -0.003098 1.575453
0.063234 -0.003098 1.575453
0.071195 -0.029301 1.584091
-0.069578 -0.042754 1.586372
0.069578 -0.042754 1.586372
-0.058215 -0.059492 1.587976
-0.029621 -0.069229 1.586081
-0.045626 -0.064824 1.586859
0.045626 -0.064824 1.586859
0.029621 -0.069229 1.586081
-0.015851 -0.072058 1.585848
0.058215 -0.059492 1.587976
0.015851 -0.072058 1.585848
-0.000000 -0.073492 1.585406
0.000000 0.044393 1.541567
-0.023230 0.036452 1.543157
0.023230 0.036452 1.543157
-0.042311 0.023306 1.550248
0.042311 0.023306 1.550248
-0.055509 0.009207 1.561373
0.055509 0.009207 1.561373
-0.071195 -0.029301 1.584091
-0.063234 -0.003098 1.575453
0.071195 -0.029301 1.584091
0.063234 -0.003098 1.575453
-0.069578 -0.042754 1.586372
0.069578 -0.042754 1.586372
-0.058215 -0.059492 1.587976
-0.045626 -0.064824 1.586859
-0.029621 -0.069229 1.586081
0.063234 -0.003098 1.575453
0.045626 -0.064824 1.586859
0.029621 -0.069229 1.586081
-0.015851 -0.072058 1.585848
0.058215 -0.059492 1.587976
0.015851 -0.072058 1.585848
-0.000000 -0.073492 1.585406
-0.017816 0.104733 1.625277
-0.000000 0.111616 1.621780
0.017816 0.104733 1.625277
-0.035199 0.082811 1.636527
0.035199 0.082811 1.636527
-0.044726 0.068625 1.643796
0.044726 0.068625 1.643796
-0.065698 0.023394 1.670637
-0.058124 0.047928 1.655955
0.065698 0.023394 1.670637
0.058124 0.047928 1.655955
-0.066747 0.004462 1.677877
0.066747 0.004462 1.677877
0.063051 -0.025517 1.683015
0.063051 -0.025517 1.683015
0.063051 -0.025517 1.683015
0.052830 -0.041968 1.685409
0.052830 -0.041968 1.685409
0.052830 -0.041968 1.685409
0.036244 -0.055761 1.682098
0.058124 0.047928 1.655955
-0.052830 -0.041968 1.685409
-0.036244 -0.055761 1.682098
0.020035 -0.065807 1.679809
-0.063051 -0.025517 1.683015
-0.063051 -0.025517 1.683015
-0.063051 -0.025517 1.683015
-0.020035 -0.065807 1.679809
-0.000000 -0.070485 1.678208
-0.133032 -0.008162 1.206756
-0.138407 -0.005626 1.184277
-0.139397 -0.015420 1.175789
-0.132423 -0.020974 1.208152
-0.144737 -0.020517 1.175899
0.000000 0.092250 1.204728
-0.018633 0.112232 1.173648
-0.018968 0.092426 1.204563
0.000000 0.112142 1.173075
0.059566 0.084221 1.208150
0.052793 0.104746 1.180591
0.046241 0.089099 1.206937
0.067080 0.100425 1.181839
0.080138 0.070979 1.207490
0.080242 0.095133 1.182498
0.071180 0.078010 1.209383
0.093354 0.089457 1.182904
0.101191 0.054111 1.206314
0.105709 0.082129 1.182366
0.088828 0.064023 1.205613
0.117266 0.070929 1.182585
0.121602 0.029812 1.206223
0.136741 0.041770 1.181860
0.112770 0.042543 1.206978
0.127425 0.056545 1.182371
0.129511 -0.000832 1.206756
0.144149 0.008000 1.180494
0.127183 0.013744 1.205648
0.139345 0.024105 1.181318
0.127015 -0.033668 1.205512
0.138711 -0.015811 1.182742
0.128806 -0.018259 1.207427
0.137882 -0.031452 1.180887
0.117843 -0.068126 1.203413
0.133774 -0.049941 1.180388
0.123992 -0.048514 1.203904
0.122325 -0.068305 1.180094
0.104970 -0.083938 1.204325
0.082904 -0.092865 1.204673
0.082376 -0.086572 1.182578
0.105599 -0.079667 1.181465
0.052341 -0.097108 1.203704
0.052034 -0.092339 1.181816
0.019949 -0.097862 1.203822
0.019317 -0.097327 1.181444
-0.003605 -0.099709 1.203248
-0.007276 -0.097914 1.180636
-0.051756 0.100587 1.156083
-0.035270 0.107042 1.177351
-0.034632 0.103522 1.155892
0.019088 0.110356 1.174994
0.036261 0.106565 1.155634
0.018769 0.112769 1.155378
0.035583 0.106504 1.177276
-0.018759 0.112738 1.155439
0.000201 0.114151 1.155345
0.015418 0.111544 1.174481
0.015077 0.114191 1.155324
-0.079684 0.094626 1.156414
-0.066033 0.102339 1.181083
-0.066593 0.099482 1.156193
0.067687 0.100113 1.173088
0.069010 0.101210 1.156412
0.053910 0.104289 1.171260
0.053732 0.102381 1.155839
-0.088317 0.082378 1.180271
-0.088852 0.080910 1.157045
-0.102088 0.075514 1.179236
-0.103408 0.075987 1.157228
0.094602 0.091166 1.173977
0.083805 0.101236 1.156028
0.081140 0.095943 1.174707
0.098389 0.097716 1.156373
-0.119106 0.065006 1.180540
-0.133865 0.050871 1.158362
-0.131084 0.047294 1.180741
-0.121061 0.066627 1.157709
0.120939 0.075854 1.157739
0.107733 0.084356 1.173050
0.118705 0.073058 1.172231
0.111042 0.087835 1.156808
0.141512 0.054672 1.161260
0.129522 0.059147 1.171218
0.139975 0.045530 1.168600
0.138097 0.065914 1.159071
-0.145724 -0.011673 1.161315
-0.149622 -0.016917 1.161959
0.147804 0.010228 1.160850
0.147233 0.029702 1.161017
0.134751 -0.028121 1.162559
0.144196 -0.015201 1.162361
-0.107383 -0.075116 1.164786
-0.127735 -0.063446 1.169433
-0.130172 -0.064168 1.163988
0.119646 -0.063636 1.164212
0.132284 -0.054688 1.163634
0.135392 -0.047755 1.163750
-0.109427 -0.079156 1.181666
-0.089576 -0.087881 1.182156
-0.086266 -0.082167 1.165073
0.103231 -0.074228 1.164949
0.080634 -0.080038 1.165076
-0.065486 -0.095103 1.181307
-0.063773 -0.088987 1.164869
0.052289 -0.087488 1.165690
-0.040024 -0.093209 1.180804
-0.038312 -0.089988 1.163738
0.019899 -0.096144 1.165953
-0.028068 -0.094393 1.180383
-0.048908 0.099547 1.136271
-0.031660 0.101543 1.136184
0.019577 0.108142 1.135950
0.035871 0.100545 1.136012
-0.016825 0.108781 1.136006
0.001810 0.108757 1.136005
0.017286 0.109240 1.136113
-0.076937 0.092165 1.136622
-0.063731 0.096457 1.136436
0.068941 0.099810 1.152537
0.052924 0.097223 1.136150
0.067397 0.094680 1.136391
-0.101060 0.076693 1.137044
-0.087301 0.081150 1.136948
0.094827 0.091870 1.136933
0.083415 0.100473 1.150366
0.098080 0.096398 1.148121
0.080334 0.092084 1.136483
-0.117813 0.064598 1.137486
-0.131438 0.049346 1.137967
0.114753 0.077619 1.150166
0.106047 0.083649 1.137316
0.110050 0.086379 1.149918
0.107955 0.078920 1.137658
-0.143315 0.035503 1.138667
-0.148503 0.024737 1.159484
-0.145575 0.034171 1.159197
0.142316 0.046652 1.150673
0.135779 0.064537 1.138261
0.140056 0.066940 1.150948
0.140481 0.047372 1.138609
-0.145486 -0.010481 1.141324
-0.143160 -0.001503 1.139682
0.146578 0.009544 1.151264
0.144240 0.010438 1.139704
0.149443 0.030080 1.151161
0.146879 0.030173 1.139136
0.143862 -0.028527 1.151803
-0.109702 -0.079459 1.152397
-0.086666 -0.087392 1.143315
0.082743 -0.084000 1.142928
0.105746 -0.077930 1.142790
-0.060524 -0.092272 1.143590
0.072420 -0.085654 1.142485
0.052110 -0.087507 1.142538
-0.020458 -0.095555 1.165179
-0.002806 -0.087835 1.143078
-0.006074 -0.092970 1.165114
-0.033952 -0.089282 1.142973
0.022747 -0.084840 1.143114
-0.076120 0.091809 1.181400
-0.051563 0.101656 1.193998
-0.052419 0.106261 1.180801
0.121672 0.075131 1.150337
0.129045 0.070770 1.137742
0.120033 0.074945 1.137526
-0.139237 0.043350 1.158925
-0.135482 0.027607 1.179477
0.141880 0.045516 1.160667
-0.143964 -0.002706 1.161012
-0.139657 -0.002594 1.176600
-0.144215 0.013426 1.160159
-0.140003 0.013707 1.139119
0.145614 -0.000649 1.182031
0.128597 -0.011472 1.207728
0.145296 0.001551 1.161225
0.140857 0.002943 1.139868
0.142990 0.001013 1.151542
-0.142152 -0.049749 1.163361
-0.139990 -0.049872 1.174260
0.122105 -0.066692 1.151551
-0.143701 -0.033025 1.162733
-0.142781 -0.030807 1.140916
-0.145983 -0.016568 1.140338
-0.030202 0.099829 1.123745
-0.014772 0.105026 1.122236
-0.018954 0.092776 1.110194
0.036572 0.098010 1.123741
0.053274 0.095109 1.123744
0.041927 0.088202 1.110929
0.003043 0.104567 1.124406
0.012209 0.094518 1.110450
-0.062148 0.094615 1.124215
-0.047307 0.098333 1.123730
-0.048071 0.087653 1.111029
0.066575 0.091753 1.124610
0.066327 0.082345 1.109289
-0.087033 0.081253 1.125793
-0.075184 0.089514 1.125367
-0.072712 0.078255 1.112390
0.091087 0.086952 1.124938
0.087945 0.076045 1.109957
0.078511 0.088379 1.125184
-0.117575 0.063438 1.127678
-0.099770 0.074901 1.127023
-0.097617 0.062868 1.113924
0.113878 0.061322 1.114502
0.103113 0.081109 1.125783
0.117863 0.072735 1.127620
-0.138172 0.031821 1.130125
-0.131124 0.048007 1.128386
-0.120219 0.036297 1.115502
0.126870 0.036051 1.115517
0.132398 0.061476 1.128440
0.138598 0.046512 1.130109
-0.125727 -0.006543 1.116058
-0.139254 0.013568 1.130117
-0.124233 0.017966 1.115421
-0.141938 -0.000436 1.129812
0.127262 0.009199 1.115756
0.141682 0.029547 1.128912
0.141101 0.010947 1.129794
-0.119506 -0.031915 1.117982
-0.138145 -0.029511 1.131146
-0.141367 -0.016616 1.130765
0.138031 -0.008496 1.130734
0.134407 -0.022417 1.131061
0.124482 -0.012193 1.117077
-0.103695 -0.072070 1.133043
-0.077403 -0.071432 1.120175
-0.083561 -0.082358 1.134361
-0.100252 -0.054023 1.118813
0.097017 -0.057977 1.118778
0.104364 -0.069915 1.132871
0.078969 -0.067125 1.118966
0.083013 -0.079963 1.133926
-0.059256 -0.086673 1.134829
-0.053747 -0.075914 1.120836
0.054261 -0.083851 1.134741
0.053061 -0.070803 1.119450
-0.032588 -0.086882 1.134445
-0.028061 -0.077869 1.120284
0.038614 -0.084400 1.134822
0.038226 -0.072521 1.120111
-0.001549 -0.084728 1.134517
0.000615 -0.075724 1.120308
0.023284 -0.083602 1.135082
0.023415 -0.073482 1.120630
0.020978 0.104804 1.122238
0.012209 0.094518 1.110450
-0.137562 0.023777 1.130880
0.140039 0.004467 1.130110
-0.118924 -0.056842 1.132754
0.108490 -0.048345 1.118678
0.118530 -0.055673 1.130838
-0.032988 0.090874 1.205738
0.016187 0.092046 1.204133
0.033018 0.091774 1.205738
0.012772 0.092303 1.203808
-0.059298 0.080965 1.208150
-0.046073 0.087055 1.206937
-0.079856 0.065146 1.207490
-0.070887 0.073175 1.209383
-0.101219 0.045301 1.206314
-0.088594 0.056699 1.205613
-0.113633 0.033372 1.206978
-0.122538 0.019761 1.206223
-0.129475 0.004629 1.205648
-0.143196 0.011752 1.176770
-0.144657 -0.033724 1.178819
-0.131245 -0.033806 1.205909
-0.127217 -0.048585 1.204030
-0.127467 -0.064538 1.181133
-0.120375 -0.067020 1.203466
-0.140147 -0.049583 1.180921
-0.106943 -0.083307 1.204254
-0.091465 -0.092081 1.204593
-0.065938 -0.098058 1.203724
-0.040961 -0.098895 1.202944
-0.018545 -0.097344 1.181116
-0.021432 -0.099113 1.203538
-0.137121 -0.046404 1.142305
0.127072 -0.041438 1.151428
-0.122318 -0.059581 1.141974
-0.133212 -0.044015 1.131674
0.130255 -0.040638 1.129840
0.118323 -0.034333 1.117864
-0.023607 0.082849 1.210758
-0.048222 0.076039 1.212932
-0.001099 0.003507 1.211416
0.036166 0.082526 1.211836
0.011584 0.083744 1.209541
0.060058 0.073812 1.214047
0.077944 0.061965 1.212032
0.119643 -0.008062 1.212532
0.114467 0.020345 1.211471
0.116243 -0.037018 1.210342
-0.116232 -0.044719 1.209719
-0.110335 -0.061361 1.209199
0.109193 -0.061390 1.209150
-0.099140 -0.075920 1.209922
-0.085554 -0.083984 1.210233
0.076367 -0.084094 1.210307
0.097110 -0.075851 1.209987
-0.062162 -0.089699 1.209429
0.048129 -0.088209 1.209410
-0.038750 -0.090466 1.208647
0.017931 -0.089586 1.209523
-0.020311 -0.090367 1.209108
-0.003627 -0.091432 1.208860
-0.069274 0.062769 1.213749
-0.087491 0.046251 1.211497
-0.107606 0.024564 1.212079
-0.119604 -0.000880 1.211716
-0.118833 -0.021623 1.209719
-0.018954 0.092776 1.110194
0.012209 0.094518 1.110450
0.004146 0.019649 1.115381
0.041927 0.088202 1.110929
0.066327 0.082345 1.109289
0.087945 0.076045 1.109957
0.113878 0.061322 1.114502
0.126870 0.036051 1.115517
-0.125727 -0.006543 1.116058
-0.124233 0.017966 1.115421
0.127262 0.009199 1.115756
-0.119506 -0.031915 1.117982
-0.077403 -0.071432 1.120175
-0.100252 -0.054023 1.118813
0.097017 -0.057977 1.118778
0.078969 -0.067125 1.118966
-0.053747 -0.075914 1.120836
0.053061 -0.070803 1.119450
-0.028061 -0.077869 1.120284
0.038226 -0.072521 1.120111
0.000615 -0.075724 1.120308
0.023415 -0.073482 1.120630
-0.097617 0.062868 1.113924
-0.072712 0.078255 1.112390
-0.048071 0.087653 1.111029
-0.120219 0.036297 1.115502
0.108490 -0.048345 1.118678
0.124482 -0.012193 1.117077
0.118323 -0.034333 1.117864
0.142163 -0.026122 1.140683
0.141603 -0.010244 1.140329
0.131981 -0.041281 1.141085
0.119288 -0.058792 1.141323
-0.106279 -0.075635 1.142523
-0.141048 0.022888 1.138859
-0.030308 -0.091001 1.165248
0.143681 -0.011909 1.151808
0.020978 0.104804 1.122238
0.019577 0.108142 1.135950
0.018769 0.112769 1.155378
0.019088 0.110356 1.174994
0.016187 0.092046 1.204133
-0.048222 0.076039 1.212932
-0.023607 0.082849 1.210758
0.036166 0.082526 1.211836
0.011584 0.083744 1.209541
0.011584 0.083744 1.209541
0.060058 0.073812 1.214047
-0.069274 0.062769 1.213749
0.077944 0.061965 1.212032
-0.087491 0.046251 1.211497
-0.107606 0.024564 1.212079
-0.119604 -0.000880 1.211716
0.119643 -0.008062 1.212532
0.114467 0.020345 1.211471
-0.118833 -0.021623 1.209719
0.116243 -0.037018 1.210342
-0.110335 -0.061361 1.209199
-0.116232 -0.044719 1.209719
0.109193 -0.061390 1.209150
-0.099140 -0.075920 1.209922
-0.085554 -0.083984 1.210233
0.097110 -0.075851 1.209987
0.076367 -0.084094 1.210307
-0.062162 -0.089699 1.209429
0.048129 -0.088209 1.209410
-0.038750 -0.090466 1.208647
0.017931 -0.089586 1.209523
-0.020311 -0.090367 1.209108
-0.003627 -0.091432 1.208860
0.098287 0.042723 1.210653
0.098287 0.042723 1.210653
0.063787 -0.001225 1.634017
0.064519 0.023011 1.641583
0.069141 -0.019500 1.663702
-0.012939 0.080973 1.607036
-0.029919 0.091359 1.617840
0.001641 0.097397 1.613865
-0.053897 0.058127 1.628478
-0.047338 0.051733 1.608600
0.068762 0.032831 1.653556
0.014696 0.018967 1.662195
0.068566 -0.005172 1.668407
-0.035927 -0.020160 1.671493
-0.003862 -0.039461 1.675675
0.034536 -0.067736 1.659008
0.058430 -0.033210 1.638681
0.046918 -0.063294 1.683838
0.020801 0.002037 1.574501
0.041889 0.012502 1.576531
0.051193 -0.017066 1.584483
0.063633 0.024972 1.616592
0.055235 0.038531 1.590515
0.043455 0.068793 1.619024
-0.067983 -0.023099 1.672332
-0.064243 -0.028678 1.651441
-0.046430 -0.067870 1.683493
-0.007010 -0.073985 1.677327
0.018638 0.023409 1.580338
-0.054106 -0.040559 1.636829
-0.035413 -0.076564 1.624581
-0.030540 -0.073649 1.655816
-0.039655 0.115725 1.625731
-0.025997 0.087415 1.649019
0.005199 0.130709 1.620731
-0.066551 0.000091 1.632751
-0.070633 0.013102 1.661997
-0.035466 -0.019208 1.600329
-0.026461 -0.038422 1.598138
-0.033925 -0.038007 1.612796
0.027709 -0.023482 1.583521
0.045188 -0.026597 1.598698
0.001050 0.102026 1.640641
0.041056 0.112940 1.629032
0.057101 0.061132 1.631879
-0.072504 -0.004772 1.611060
-0.059887 0.034319 1.609128
-0.048561 -0.032348 1.609102
0.036147 -0.063327 1.615202
0.009548 -0.067462 1.617859
0.008171 -0.058084 1.602355
-0.011774 -0.080227 1.658550
0.001690 -0.084496 1.629734
0.024890 -0.080508 1.635353
0.065350 -0.039105 1.675101
0.024891 -0.042265 1.585703
0.006904 -0.013893 1.574495
0.011392 -0.010612 1.585907
0.012524 -0.030316 1.579185
0.003241 0.130333 1.615524
0.028940 0.085058 1.621236
-0.006615 -0.027101 1.577672
0.008466 -0.038950 1.585743
-0.014484 -0.046979 1.611528
-0.002060 -0.062490 1.596661
-0.047256 0.035096 1.600182
-0.024154 0.062916 1.607619
-0.030239 0.041476 1.598129
-0.008310 0.017139 1.586415
0.001278 0.007377 1.580668
-0.019689 0.018610 1.594766
-0.047518 0.016233 1.604242
-0.066637 0.001999 1.592841
0.066150 0.010411 1.599410
0.062093 -0.013731 1.593767
0.043810 0.019554 1.585347
0.063787 -0.001225 1.634017
0.069141 -0.019500 1.663702
-0.008157 0.069885 1.588028
-0.028085 0.057157 1.586011
0.019339 0.075727 1.594417
0.016417 0.067618 1.595122
0.000630 0.078127 1.605006
-0.040151 -0.010908 1.582558
-0.054298 -0.001868 1.602358
-0.028960 0.005118 1.591482
0.049771 -0.058676 1.624604
0.066529 -0.020080 1.614883
0.058085 -0.032947 1.614987
0.010137 0.057231 1.588016
0.003748 0.070768 1.579035
0.030577 0.049925 1.580413
0.033062 0.059879 1.588036
0.052811 0.023717 1.584164
0.066150 0.010411 1.599410
0.021463 0.084138 1.606784
0.029131 0.071927 1.608032
-0.015819 -0.077481 1.634719
-0.055980 -0.039229 1.618769
-0.030717 -0.046843 1.621609
-0.001624 -0.067779 1.608755
-0.016783 -0.065578 1.625065
-0.018179 -0.028968 1.580005
-0.007480 -0.046883 1.585325
-0.026924 -0.043040 1.588288
-0.029859 -0.025263 1.589373
0.028015 -0.043869 1.608089
0.042151 -0.042498 1.607729
0.054039 -0.045949 1.605864
-0.070628 -0.010645 1.596929
-0.062506 -0.019132 1.605332
-0.066854 0.044743 1.656193
-0.062304 -0.020693 1.631073
-0.015354 0.067498 1.574160
-0.011757 0.045500 1.581386
-0.023899 0.038650 1.596723
-0.025295 0.041896 1.575725
-0.065699 -0.021603 1.612982
-0.006534 0.002384 1.586612
-0.015496 -0.022705 1.566589
-0.019775 -0.007770 1.581029
0.000495 -0.081212 1.615395
0.068566 0.007548 1.611612
0.070821 -0.020404 1.595017
0.074711 -0.037116 1.605356
0.068566 0.007548 1.611612
-0.011757 0.045500 1.581386
0.004032 0.011343 1.590963
-0.008300 0.031966 1.588158
0.008990 0.042514 1.587072
-0.004833 0.032990 1.598115
0.014660 0.023611 1.593047
0.023900 0.043173 1.583951
0.017094 -0.032715 1.573587
0.058950 -0.051500 1.612577
0.062366 0.071451 1.644201
0.009925 0.003495 1.584191
0.023900 0.043173 1.583951
0.036928 0.054493 1.588699
0.032972 0.037767 1.590078
0.008990 0.042514 1.587072
-0.002906 -0.059537 1.578182
0.015379 -0.052124 1.586086
0.010680 -0.064625 1.595628
0.043810 0.019554 1.585347
-0.009365 -0.012098 1.576320
-0.056485 -0.039607 1.604951
-0.070973 -0.032693 1.607503
-0.140735 -0.078851 1.453492
-0.145377 -0.128446 1.446302
-0.144862 -0.122624 1.415676
-0.204629 -0.131590 1.391201
-0.205517 -0.139736 1.406561
-0.204684 -0.144526 1.415431
-0.206384 -0.139524 1.404884
-0.205517 -0.139736 1.406561
-0.207037 -0.138668 1.404362
-0.198774 -0.137994 1.383484
-0.206384 -0.139524 1.404884
-0.204684 -0.144526 1.415431
-0.205517 -0.139736 1.406561
-0.174445 -0.076343 1.352153
-0.185543 -0.064086 1.342549
-0.174511 -0.031721 1.342487
-0.260383 -0.070252 1.489545
-0.242507 -0.088603 1.510542
-0.248721 -0.069436 1.507107
-0.147446 -0.075382 1.524316
-0.139576 -0.050337 1.501788
-0.147596 -0.005030 1.510072
-0.167463 0.054264 1.446544
-0.146530 0.070798 1.425136
-0.163671 0.070698 1.393731
-0.188559 -0.156646 1.426705
-0.190802 -0.150096 1.407964
-0.182700 -0.112720 1.546301
-0.152812 -0.116263 1.543931
-0.167786 -0.095785 1.553391
-0.147367 -0.139139 1.370204
-0.164866 -0.128365 1.349550
-0.150353 -0.110769 1.349006
-0.190802 -0.150096 1.407964
-0.210938 -0.067551 1.366977
-0.194055 -0.093672 1.359326
-0.219379 -0.103049 1.372789
-0.186663 0.050861 1.440599
-0.191057 0.054921 1.410377
-0.202442 0.048880 1.415414
-0.249494 -0.056050 1.489247
-0.195633 -0.011398 1.389610
-0.202181 -0.039224 1.406227
-0.208736 -0.007324 1.420109
-0.277731 -0.048090 1.429257
-0.240170 -0.020073 1.429434
-0.252996 -0.038520 1.419414
-0.268842 -0.070820 1.435723
-0.285592 -0.076561 1.442066
-0.279428 -0.064675 1.424116
-0.215660 -0.060910 1.546991
-0.216049 0.002868 1.506974
-0.189788 0.020610 1.498086
-0.216111 0.003516 1.490327
-0.213670 -0.023415 1.532172
-0.195958 -0.034567 1.547618
-0.180587 0.000489 1.534873
-0.147353 0.026856 1.455128
-0.145009 0.023896 1.507689
-0.210141 -0.134146 1.407625
-0.203894 -0.150972 1.440327
-0.220384 -0.138871 1.434859
-0.223841 -0.108958 1.391866
-0.234217 -0.120520 1.409624
-0.221758 -0.144241 1.462674
-0.203457 -0.152244 1.475219
-0.260146 -0.081362 1.440912
-0.244476 -0.087496 1.420233
-0.245060 -0.110259 1.445927
-0.163765 0.062610 1.344557
-0.145835 0.053183 1.356574
-0.174401 0.035752 1.342607
-0.139597 -0.011570 1.479030
-0.234816 -0.097836 1.407014
-0.234672 -0.071352 1.410508
-0.242068 -0.051410 1.410786
-0.215714 -0.039189 1.416098
-0.220831 -0.054483 1.411795
-0.236190 -0.103648 1.399831
-0.224804 -0.065701 1.401532
-0.206312 -0.086375 1.378044
-0.216260 -0.106828 1.385912
-0.212104 -0.069118 1.397056
-0.225555 -0.125319 1.498055
-0.251957 -0.104569 1.498693
-0.221951 -0.137590 1.464147
-0.217252 -0.079962 1.532536
-0.234189 -0.108093 1.517926
-0.220680 -0.112302 1.517055
-0.207196 0.021729 1.469880
-0.200800 0.005255 1.411981
-0.208736 -0.007324 1.420109
-0.205560 0.005593 1.432240
-0.179230 -0.084196 1.344577
-0.188321 -0.132024 1.367962
-0.212324 -0.115470 1.369890
-0.197486 -0.110486 1.361080
-0.143491 -0.167347 1.420374
-0.145818 -0.138625 1.404032
-0.183882 -0.141136 1.522695
-0.166304 -0.162889 1.483281
-0.155238 -0.137003 1.525723
-0.275113 -0.043864 1.445914
-0.249595 -0.035466 1.451923
-0.235039 -0.009973 1.432695
-0.223836 0.003759 1.449258
-0.172486 -0.107942 1.346761
-0.159301 -0.046245 1.348811
-0.138652 -0.103276 1.370099
-0.143817 -0.065970 1.419291
-0.138124 -0.072090 1.375707
-0.139360 -0.002010 1.440232
-0.132425 0.022507 1.398901
-0.140246 -0.051762 1.447374
-0.139993 -0.026625 1.422216
-0.248488 -0.107214 1.416488
-0.149922 -0.085510 1.562238
-0.169443 -0.041157 1.558258
-0.145191 -0.012256 1.559959
-0.147315 -0.052834 1.567336
-0.145681 -0.111434 1.545861
-0.204017 -0.154126 1.432349
-0.180041 -0.164065 1.436725
-0.147325 -0.172127 1.478319
-0.146119 -0.136171 1.536031
-0.153245 0.045881 1.487821
-0.152688 0.061397 1.456855
-0.152300 -0.015607 1.562572
-0.146332 0.004521 1.539637
-0.164486 0.010619 1.536334
-0.217923 -0.063131 1.537869
-0.218713 -0.100994 1.534012
-0.210773 -0.106317 1.536090
-0.175837 0.051048 1.367869
-0.185420 0.014149 1.343924
-0.210878 0.015603 1.412914
-0.209460 0.019188 1.441853
-0.188425 0.004998 1.324917
-0.189923 -0.043635 1.347288
-0.192099 -0.015209 1.350032
-0.205293 0.004830 1.369007
-0.153863 0.012196 1.349376
-0.154347 -0.014990 1.349722
-0.174871 -0.011531 1.341511
-0.135307 -0.003491 1.396124
-0.142232 -0.027585 1.380910
-0.233870 -0.015267 1.458744
-0.256204 -0.031763 1.460747
-0.147340 -0.030466 1.540050
-0.141801 -0.011047 1.533595
-0.191864 -0.005339 1.380103
-0.197318 -0.049452 1.378173
-0.208990 -0.041676 1.400506
-0.206862 -0.018903 1.359211
-0.197621 -0.039377 1.359207
-0.193367 -0.013715 1.367213
-0.198372 -0.069688 1.361678
-0.214838 -0.106048 1.376360
-0.197006 -0.055519 1.365360
-0.198097 -0.005337 1.522081
-0.185661 0.017308 1.509856
-0.213301 0.007965 1.509636
-0.221263 -0.036082 1.522622
-0.213353 -0.019971 1.523873
-0.206674 -0.096989 1.545620
-0.255932 -0.094177 1.473476
-0.272700 -0.066892 1.473553
-0.152285 0.083023 1.357515
-0.175837 0.051048 1.367869
-0.146545 0.088205 1.392447
-0.198479 0.038423 1.384690
-0.177227 0.055699 1.393870
-0.188448 0.031576 1.371890
-0.199859 0.024099 1.381465
-0.146051 0.076542 1.367862
-0.144509 0.054809 1.417045
-0.139596 0.038735 1.387943
-0.142987 0.064961 1.423750
-0.139565 0.078737 1.397504
-0.133849 0.022560 1.378982
-0.144555 -0.013328 1.361318
-0.147219 0.009401 1.351517
-0.141541 0.038222 1.414028
-0.194987 0.034267 1.424456
-0.174681 0.031001 1.484842
-0.189134 0.036457 1.460178
-0.196443 0.017962 1.390707
-0.196443 0.017962 1.390707
-0.195481 0.042011 1.410300
-0.155626 0.031404 1.504929
-0.181295 0.006269 1.519636
-0.153182 0.025731 1.521406
-0.274648 -0.061163 1.424984
-0.247329 -0.070142 1.417089
-0.143263 -0.134470 1.385136
-0.139465 -0.162468 1.398548
-0.137517 -0.037661 1.456049
-0.286308 -0.076425 1.457449
-0.276400 -0.053328 1.462105
-0.254276 -0.036209 1.479012
-0.143557 -0.165910 1.453774
-0.146992 -0.141156 1.474508
-0.252637 -0.054042 1.474990
-0.219000 -0.032609 1.504139
-0.216246 -0.014418 1.493158
-0.234700 -0.024300 1.488446
-0.277731 -0.048090 1.429257
-0.295935 -0.059559 1.432410
-0.292960 -0.049934 1.443723
-0.230617 -0.004205 1.426356
-0.235557 -0.024848 1.407289
-0.241314 -0.124076 1.437113
-0.255932 -0.094177 1.473476
-0.221951 -0.137590 1.464147
-0.147560 -0.059325 1.356277
-0.143974 -0.163096 1.375812
-0.166323 -0.143306 1.351341
-0.210878 0.015603 1.412914
-0.149674 0.094625 1.363193
-0.195225 0.016193 1.359384
-0.211817 -0.125653 1.385264
-0.216553 -0.074313 1.400758
-0.198399 0.035629 1.445609
-0.215201 0.010824 1.470142
-0.223254 0.011872 1.454226
-0.241404 -0.017341 1.472039
-0.210754 -0.005177 1.482090
-0.215790 -0.003683 1.462355
-0.145535 0.026220 1.362200
-0.138648 0.054629 1.369221
-0.218922 -0.135586 1.499356
-0.221758 -0.144241 1.462674
-0.203457 -0.152244 1.475219
-0.213143 -0.131208 1.522293
-0.162229 -0.166833 1.446401
-0.171213 -0.161418 1.416538
-0.147649 -0.172002 1.431888
-0.201005 -0.158389 1.478302
-0.178439 -0.167089 1.463993
-0.152285 0.083023 1.357515
-0.140698 0.091331 1.363150
-0.206213 -0.024460 1.419177
-0.140359 -0.110349 1.358242
-0.303337 -0.059032 1.437192
-0.303337 -0.059032 1.437192
-0.258353 -0.094394 1.457166
-0.286308 -0.076425 1.457449
-0.147716 -0.172154 1.452133
-0.144482 -0.167837 1.402158
-0.157334 -0.163576 1.391751
-0.232858 -0.074699 1.519819
-0.240580 -0.093135 1.520608
-0.169274 -0.144785 1.378967
-0.162693 -0.157403 1.408153
-0.182168 -0.102506 1.344033
-0.189964 -0.085153 1.346650
-0.199050 -0.066122 1.352854
-0.141168 0.047777 1.467645
-0.143595 0.061692 1.458410
-0.146473 0.039091 1.501913
-0.176678 -0.136574 1.343143
-0.171294 0.048438 1.445610
-0.217497 -0.140971 1.507557
-0.187456 -0.156390 1.495244
-0.223608 -0.043854 1.513840
-0.234043 -0.059588 1.503472
-0.145079 -0.084414 1.471662
-0.263527 -0.055575 1.412632
-0.252996 -0.038520 1.419414
-0.217274 -0.014252 1.416032
-0.235557 -0.024848 1.407289
-0.217274 -0.014252 1.416032
-0.219112 -0.021094 1.406224
-0.179343 -0.001581 1.327253
-0.182897 -0.041718 1.333663
-0.172590 0.013214 1.339518
-0.228776 -0.047402 1.494660
-0.232057 -0.042570 1.504710
-0.293343 -0.048587 1.427793
-0.162693 -0.157403 1.408153
-0.185124 -0.005793 1.528963
-0.162229 -0.166833 1.446401
-0.180083 -0.171804 1.449375
-0.181555 -0.124719 1.336184
-0.169917 -0.131427 1.337758
-0.268755 -0.077911 1.453556
-0.187892 -0.033294 1.333389
-0.180400 0.057261 1.410256
-0.145119 -0.090041 1.495303
-0.146189 -0.050214 1.414594
-0.207089 -0.157201 1.448745
-0.201005 -0.158389 1.478302
-0.205661 0.033877 1.462757
-0.189946 0.032702 1.481466
-0.202338 0.021393 1.480449
-0.208167 0.027593 1.481097
-0.200800 0.005255 1.411981
-0.147649 -0.172002 1.431888
-0.143922 -0.054175 1.370123
-0.241352 -0.073257 1.431884
-0.164024 -0.154718 1.397879
-0.193403 -0.062697 1.332285
-0.145636 0.020789 1.525068
-0.199859 0.024099 1.381465
-0.295935 -0.059559 1.432410
-0.178439 -0.167089 1.463993
-0.188448 0.031576 1.371890
0.140735 -0.078586 1.454379
0.146753 -0.123122 1.419338
0.145467 -0.125152 1.451018
0.194682 -0.138553 1.407519
0.193590 -0.153222 1.428834
0.195552 -0.148636 1.420466
0.196715 -0.148457 1.418445
0.195552 -0.148636 1.420466
0.191669 -0.146121 1.397185
0.197524 -0.147396 1.417881
0.196715 -0.148457 1.418445
0.195552 -0.148636 1.420466
0.193590 -0.153222 1.428834
0.177818 -0.073762 1.364081
0.178821 -0.029403 1.360741
0.187971 -0.059902 1.351246
0.211689 -0.067563 1.496848
0.210515 -0.067790 1.512382
0.209452 -0.087043 1.514562
0.147446 -0.080186 1.525924
0.147501 -0.002344 1.513861
0.139576 -0.049970 1.504762
0.164267 0.057529 1.458137
0.163413 0.068161 1.404192
0.145504 0.073199 1.433463
0.181548 -0.164904 1.435307
0.185033 -0.162254 1.416450
0.182381 -0.117773 1.543706
0.167787 -0.100551 1.552281
0.152812 -0.123616 1.542531
0.152621 -0.135363 1.380796
0.154005 -0.108067 1.365860
0.168212 -0.124454 1.366898
0.185033 -0.162254 1.416450
0.210672 -0.066443 1.376102
0.207100 -0.102791 1.389188
0.191855 -0.092056 1.364398
0.182881 0.052515 1.453209
0.201531 0.048813 1.426947
0.190006 0.054221 1.422243
0.205283 -0.053873 1.495989
0.200678 -0.003082 1.403233
0.197126 -0.002221 1.432709
0.192124 -0.033868 1.422794
0.219029 -0.047919 1.442324
0.207805 -0.038627 1.434050
0.204762 -0.019046 1.441439
0.215128 -0.070534 1.451203
0.220591 -0.064532 1.438414
0.228620 -0.076192 1.455542
0.204496 -0.066461 1.547485
0.206062 0.000989 1.511655
0.202782 0.003802 1.497247
0.185589 0.020997 1.503725
0.203091 -0.029966 1.534468
0.179173 -0.005002 1.535690
0.191167 -0.042130 1.547200
0.147158 0.035137 1.460540
0.143690 0.027465 1.512683
0.196331 -0.141379 1.424362
0.199428 -0.144321 1.447178
0.190813 -0.156513 1.450246
0.201578 -0.110991 1.412828
0.210855 -0.123913 1.427170
0.202879 -0.148798 1.469160
0.194078 -0.155529 1.478591
0.209028 -0.081217 1.457069
0.202552 -0.112089 1.461110
0.205568 -0.088222 1.439570
0.164618 0.059684 1.353619
0.176936 0.035615 1.355475
0.146324 0.051158 1.363273
0.139597 -0.005446 1.483438
0.204663 -0.099316 1.427433
0.195831 -0.070859 1.431991
0.202164 -0.050826 1.428323
0.193107 -0.051886 1.431013
0.196546 -0.037146 1.433601
0.194515 -0.064052 1.422816
0.209000 -0.105489 1.419690
0.191414 -0.085597 1.396895
0.189922 -0.066819 1.417675
0.196603 -0.107931 1.407077
0.206242 -0.127931 1.500281
0.199664 -0.142002 1.471012
0.216529 -0.103737 1.504284
0.199068 -0.082012 1.533628
0.205009 -0.113662 1.517366
0.212221 -0.108178 1.519775
0.197528 0.023164 1.480336
0.196691 0.010298 1.424254
0.192933 0.009016 1.444662
0.197126 -0.002221 1.432709
0.180290 -0.080180 1.351284
0.183751 -0.135578 1.384088
0.190825 -0.110285 1.376005
0.199390 -0.116577 1.388538
0.150735 -0.140070 1.408293
0.145423 -0.167031 1.423814
0.183814 -0.146480 1.519794
0.155239 -0.143211 1.524779
0.165840 -0.161526 1.486580
0.219104 -0.043274 1.456278
0.206163 -0.007638 1.444295
0.205367 -0.034227 1.460631
0.203281 0.005943 1.460972
0.163443 -0.044297 1.367573
0.174230 -0.105017 1.361709
0.144638 -0.064113 1.420496
0.142555 -0.102822 1.381170
0.142426 -0.070742 1.387195
0.139360 0.004980 1.443048
0.132493 0.026507 1.400906
0.140246 -0.047495 1.449000
0.140224 -0.021739 1.423457
0.217120 -0.109429 1.433947
0.169202 -0.044366 1.558628
0.149922 -0.091168 1.562259
0.145191 -0.016441 1.560899
0.145681 -0.118607 1.545012
0.147315 -0.059119 1.568143
0.174837 -0.167657 1.445562
0.192352 -0.160586 1.442739
0.147325 -0.168843 1.483694
0.146119 -0.143414 1.535282
0.150985 0.052005 1.495497
0.150766 0.067053 1.466084
0.152300 -0.020990 1.563083
0.164364 0.007752 1.537768
0.146282 0.002954 1.541517
0.202525 -0.066853 1.539001
0.201999 -0.108388 1.534675
0.206354 -0.102469 1.533464
0.178482 0.049882 1.378331
0.190229 0.017148 1.358905
0.209975 0.019752 1.423972
0.199865 0.021317 1.454012
0.189362 0.006818 1.340935
0.200106 -0.008660 1.367676
0.196728 -0.036639 1.363213
0.214125 0.012052 1.380469
0.156250 0.011388 1.363717
0.178606 -0.010975 1.360239
0.157900 -0.014006 1.367393
0.136515 0.000209 1.398935
0.145833 -0.025030 1.389477
0.201000 -0.013214 1.468309
0.209596 -0.029876 1.469332
0.147340 -0.033678 1.542049
0.141801 -0.012519 1.535844
0.200734 0.003469 1.395400
0.198295 -0.035996 1.417710
0.195849 -0.042825 1.396581
0.215882 -0.010629 1.374336
0.202697 -0.004361 1.384185
0.204487 -0.032194 1.376199
0.196186 -0.066745 1.374815
0.198889 -0.106432 1.395581
0.197681 -0.050170 1.383549
0.192715 -0.010537 1.524360
0.205871 0.006461 1.513777
0.182769 0.016197 1.513711
0.202647 -0.039870 1.526103
0.200815 -0.025249 1.527015
0.201793 -0.099940 1.543659
0.205457 -0.093524 1.484333
0.216674 -0.064945 1.482776
0.178482 0.049882 1.378331
0.152356 0.079708 1.364265
0.146507 0.086297 1.399827
0.203071 0.040796 1.395404
0.193964 0.033856 1.383357
0.177680 0.054166 1.405187
0.206347 0.028960 1.392383
0.146051 0.074548 1.373090
0.139664 0.040863 1.390683
0.144290 0.058294 1.422771
0.142299 0.067914 1.431088
0.139520 0.078283 1.403964
0.134506 0.024360 1.383055
0.149311 0.009099 1.364673
0.147969 -0.011733 1.374881
0.141541 0.042648 1.418097
0.192115 0.035984 1.436579
0.170851 0.033791 1.492533
0.184273 0.039573 1.471394
0.202718 0.023623 1.402391
0.202718 0.023623 1.402391
0.195712 0.043425 1.421979
0.153475 0.034956 1.510606
0.179216 0.002864 1.521934
0.152045 0.026394 1.525207
0.201761 -0.070165 1.436634
0.217047 -0.060965 1.439870
0.149601 -0.133570 1.392713
0.141698 -0.159196 1.398964
0.137517 -0.031741 1.458792
0.227353 -0.075560 1.469532
0.221701 -0.051821 1.470810
0.210923 -0.033754 1.486456
0.146992 -0.137581 1.479144
0.144191 -0.160822 1.461440
0.204724 -0.051513 1.482130
0.193563 -0.034213 1.509430
0.194321 -0.013232 1.500311
0.201994 -0.022867 1.495735
0.219029 -0.047919 1.442324
0.234352 -0.059535 1.444702
0.233003 -0.049728 1.454042
0.208104 -0.001443 1.437250
0.205715 -0.024024 1.420821
0.208188 -0.127738 1.451637
0.205457 -0.093524 1.484333
0.199664 -0.142002 1.471012
0.152066 -0.057312 1.374183
0.143504 -0.155824 1.377379
0.165636 -0.138739 1.365050
0.209975 0.019752 1.423972
0.149674 0.091704 1.369002
0.202154 0.020735 1.371516
0.197602 -0.130198 1.404208
0.192960 -0.073023 1.421898
0.192586 0.037261 1.458085
0.200597 0.012364 1.480007
0.207555 0.013678 1.465891
0.207053 -0.014946 1.480129
0.194165 -0.001766 1.472010
0.191709 -0.003865 1.489639
0.146922 0.025759 1.370614
0.138746 0.053886 1.373508
0.206087 -0.139648 1.499993
0.194078 -0.155529 1.478591
0.202879 -0.148798 1.469160
0.206901 -0.134810 1.519903
0.161177 -0.164720 1.454629
0.168974 -0.169723 1.420157
0.148601 -0.171057 1.437746
0.175009 -0.165811 1.469183
0.194057 -0.161162 1.480952
0.152356 0.079708 1.364265
0.140698 0.089002 1.368065
0.196912 -0.020002 1.433027
0.144276 -0.108625 1.372408
0.242828 -0.059016 1.448615
0.242828 -0.059016 1.448615
0.206008 -0.094432 1.470950
0.227353 -0.075560 1.469532
0.148114 -0.167567 1.459829
0.145244 -0.166031 1.401174
0.156158 -0.164542 1.390910
0.214863 -0.092313 1.523138
0.204802 -0.075406 1.523382
0.169795 -0.148529 1.388440
0.162910 -0.164119 1.410613
0.181042 -0.099378 1.353022
0.190441 -0.080732 1.349159
0.201927 -0.062103 1.358566
0.139947 0.055439 1.474894
0.142205 0.068183 1.466439
0.144816 0.044540 1.508098
0.174492 -0.132926 1.358946
0.167750 0.051308 1.457624
0.209797 -0.145235 1.506278
0.185507 -0.159225 1.495166
0.198972 -0.045967 1.518014
0.198887 -0.059382 1.508604
0.145079 -0.085748 1.473160
0.212440 -0.055372 1.427929
0.207805 -0.038627 1.434050
0.200061 -0.010766 1.429151
0.205715 -0.024024 1.420821
0.199435 -0.019080 1.419163
0.200061 -0.010766 1.429151
0.180750 0.000031 1.345194
0.186797 -0.036351 1.350251
0.175341 0.013469 1.355641
0.194342 -0.046971 1.500649
0.204057 -0.043607 1.509956
0.233056 -0.048570 1.439248
0.162910 -0.164119 1.410613
0.182407 -0.011589 1.529854
0.161177 -0.164720 1.454629
0.175397 -0.172872 1.456028
0.179292 -0.121614 1.352822
0.169241 -0.126352 1.355576
0.214210 -0.077507 1.467352
0.192740 -0.026778 1.351005
0.178977 0.056252 1.422370
0.145119 -0.093992 1.496619
0.147458 -0.046988 1.416529
0.195262 -0.162403 1.455563
0.194057 -0.161162 1.480952
0.199057 0.036095 1.474211
0.185091 0.035000 1.489939
0.195158 0.022874 1.489106
0.201793 0.029869 1.489887
0.196691 0.010298 1.424254
0.148601 -0.171057 1.437746
0.148791 -0.052108 1.383758
0.200110 -0.073218 1.449164
0.164123 -0.160805 1.400723
0.195375 -0.055511 1.339840
0.144937 0.021581 1.528560
0.206347 0.028960 1.392383
0.234352 -0.059535 1.444702
0.175009 -0.165811 1.469183
0.193964 0.033856 1.383357
0 1
0 2
0 3
1 2
2 3
4 5
4 6
5 6
5 7
6 7
8 9
8 10
8 11
9 10
10 11
12 13
12 14
12 15
13 14
14 15
16 17
16 18
17 18
17 19
18 19
20 21
20 22
20 23
21 22
21 23
24 25
24 26
24 27
25 26
26 27
28 29
28 30
28 31
29 30
29 31
32 33
32 34
32 35
33 34
34 35
36 37
36 38
36 39
37 38
37 39
40 41
40 42
41 42
41 43
42 43
44 45
44 46
44 47
45 46
45 47
48 49
48 50
48 173
48 174
48 175
48 211
49 50
49 54
49 175
50 54
50 211
51 52
51 53
51 90
51 96
51 156
52 53
52 78
52 79
52 96
52 99
53 79
53 159
53 160
55 56
55 57
55 128
55 167
55 171
55 294
55 300
56 57
56 106
56 171
56 214
56 223
57 167
57 223
57 271
57 272
58 59
58 60
58 207
58 208
58 240
58 253
58 443
59 60
59 267
59 281
59 319
59 443
60 240
60 281
61 62
61 63
61 66
61 80
61 103
61 172
62 63
62 66
62 104
62 108
63 80
63 108
63 109
63 135
63 212
64 65
64 66
64 73
64 74
64 113
65 66
65 104
65 110
65 111
65 113
66 74
66 102
66 103
66 104
66 157
67 68
67 69
67 71
67 74
67 101
67 102
68 69
68 101
68 130
68 151
68 187
69 71
69 84
69 151
69 152
70 71
70 72
70 73
70 117
71 72
71 73
71 74
71 84
72 84
72 117
72 145
73 74
73 113
73 115
73 116
73 117
74 102
75 76
75 77
75 92
75 112
75 114
75 194
76 77
76 85
76 141
76 185
76 194
76 224
76 225
77 91
77 92
77 147
77 148
77 185
78 79
78 99
78 100
78 119
78 158
79 158
79 159
80 124
80 135
80 172
81 82
81 83
81 198
81 202
81 207
81 253
82 83
82 253
82 269
82 270
82 300
83 294
83 300
83 354
84 137
84 145
84 152
85 86
85 87
85 93
85 94
85 141
85 185
86 87
86 141
86 159
86 160
87 94
87 159
87 183
87 184
88 89
88 90
88 161
89 90
89 97
89 138
89 161
90 97
90 156
91 92
91 109
91 126
91 148
91 155
92 112
92 126
93 94
93 95
93 147
93 185
94 95
94 149
94 150
94 182
94 183
95 147
95 148
95 150
95 154
96 97
96 98
96 99
96 156
96 201
96 218
97 98
97 138
97 156
98 138
98 139
98 165
98 166
98 201
99 100
99 118
99 218
100 118
100 119
100 120
100 125
101 102
101 103
101 121
101 187
102 103
102 157
103 121
103 122
103 157
103 172
104 108
104 109
104 110
105 106
105 107
105 177
105 223
105 271
105 350
106 107
106 214
106 223
106 249
106 254
106 258
106 286
107 177
107 249
107 274
108 109
109 110
109 126
109 134
109 155
109 212
110 111
110 112
110 126
111 112
111 113
112 113
112 114
112 126
113 114
113 115
113 190
114 190
114 194
115 116
116 117
116 140
117 140
117 143
117 145
118 125
118 165
118 201
118 218
119 120
119 124
119 158
119 162
119 163
120 121
120 123
120 124
120 125
120 131
121 122
121 123
121 131
121 187
121 251
122 172
122 251
123 124
123 172
123 251
124 135
124 162
124 172
125 130
125 131
125 165
127 128
127 129
127 248
127 294
127 429
128 129
128 167
128 294
129 167
129 231
129 429
130 131
130 151
130 165
130 186
130 187
131 187
132 133
132 134
132 153
132 154
132 155
133 134
133 135
133 153
133 162
133 212
134 155
134 212
135 162
135 212
136 137
136 138
136 144
136 146
136 161
137 138
137 139
137 145
137 146
137 152
138 139
138 161
139 152
139 166
140 142
140 143
141 160
141 225
142 143
142 144
142 161
143 144
143 145
144 145
144 146
144 161
145 146
147 148
147 185
148 154
148 155
149 150
149 164
149 181
149 182
149 188
150 153
150 154
150 164
151 152
151 166
151 186
152 166
153 154
153 162
153 163
153 164
154 155
158 159
158 163
158 184
158 188
159 160
159 184
162 163
163 164
163 188
164 188
165 166
165 186
165 201
166 186
167 231
167 259
167 272
168 169
168 170
168 233
168 242
168 243
168 279
169 170
169 242
169 244
169 262
169 286
169 290
170 261
170 262
171 213
171 214
171 269
171 300
172 251
173 174
173 211
173 280
174 175
176 177
176 178
176 180
176 189
176 231
176 260
176 353
176 572
177 178
177 260
177 274
177 350
178 179
178 180
178 273
178 274
179 180
179 230
179 233
179 252
179 273
180 189
180 209
180 210
180 211
180 230
181 182
181 183
181 184
181 188
182 183
183 184
184 188
190 194
191 192
191 193
191 195
191 196
192 193
192 195
192 197
193 196
193 197
193 203
194 224
195 197
195 265
195 490
196 203
196 497
197 203
197 265
197 291
198 199
198 200
198 202
198 207
198 208
198 220
199 200
199 202
199 226
199 354
200 220
200 226
200 227
200 263
200 264
201 218
202 354
203 221
203 256
203 257
203 291
203 497
204 205
204 206
204 230
204 232
204 301
204 366
205 206
205 366
206 232
206 299
207 208
207 253
208 220
208 443
209 210
209 230
209 232
209 280
209 299
210 211
210 280
211 280
213 214
213 254
213 255
213 269
214 254
215 216
215 217
215 219
215 238
215 261
216 217
216 219
216 268
216 269
217 237
217 238
217 268
219 254
219 255
219 261
219 262
219 269
220 221
220 222
220 263
220 443
221 222
221 256
221 263
221 291
222 265
222 267
222 291
222 443
223 271
224 225
226 227
226 294
226 298
226 354
227 245
227 246
227 264
227 298
228 229
228 230
228 233
228 275
229 230
229 301
230 232
230 233
230 301
231 259
231 260
231 353
232 299
233 243
233 252
233 275
233 279
234 235
234 236
234 237
234 239
234 240
235 236
235 240
235 281
236 239
236 281
236 478
237 238
237 239
237 240
237 268
237 476
238 261
238 476
239 476
240 253
240 268
240 270
240 281
241 242
241 243
241 244
241 250
242 243
242 244
243 250
243 252
244 249
244 250
244 290
245 246
245 247
245 264
245 285
246 247
246 248
246 298
247 248
247 285
247 466
248 294
248 298
248 429
248 466
249 250
249 258
249 274
249 290
250 252
250 274
252 273
252 274
253 270
254 255
254 262
254 286
255 269
256 257
256 263
256 264
257 264
257 285
257 497
258 286
258 290
259 260
259 272
259 350
260 350
261 262
262 286
263 264
264 285
265 266
265 267
265 291
265 365
265 490
266 267
266 319
266 323
266 365
267 319
267 443
268 269
268 270
269 270
269 300
271 272
271 350
272 350
273 274
275 279
276 277
276 278
276 393
276 394
276 494
276 495
277 278
277 494
277 508
277 568
278 393
278 508
278 660
278 661
278 830
280 299
281 319
281 478
282 283
282 284
282 393
282 714
282 715
282 829
282 830
283 284
283 296
283 529
283 654
283 715
283 839
283 1052
284 296
284 393
284 394
284 422
284 423
284 505
285 497
286 290
287 288
287 289
287 491
288 289
288 491
288 673
288 833
288 880
289 292
289 293
289 504
289 626
289 673
292 293
292 626
292 759
292 798
294 298
294 300
294 354
295 296
295 297
295 308
295 423
295 702
295 999
295 1017
296 297
296 423
296 654
297 309
297 654
297 963
297 1017
297 1298
301 366
302 303
302 304
302 324
302 325
302 352
302 1208
303 304
303 324
303 542
303 802
303 1026
303 1305
304 542
304 658
304 763
304 764
304 1208
305 306
305 307
305 554
305 555
305 556
306 307
306 479
306 554
306 808
306 951
307 556
307 658
307 764
307 808
307 939
308 309
308 310
308 999
308 1017
308 1298
309 310
309 313
309 963
309 964
309 1298
310 313
310 701
310 999
310 1029
311 312
311 313
311 360
311 361
311 447
311 510
311 511
311 803
312 313
312 337
312 510
312 1029
313 447
313 793
313 964
313 1052
314 315
314 316
314 317
314 318
314 652
314 679
314 846
314 847
314 862
314 954
315 316
315 679
315 1018
316 652
316 849
317 318
317 499
317 697
317 814
317 817
317 954
318 509
318 653
318 811
318 814
319 323
319 478
320 321
320 322
320 335
320 336
320 703
320 1218
321 322
321 335
321 405
321 488
321 489
321 871
321 872
322 463
322 563
322 635
322 637
322 872
322 1218
323 478
324 325
324 451
324 1023
324 1025
324 1305
325 330
325 352
325 400
325 451
326 327
326 328
326 863
327 328
327 690
327 878
328 690
328 863
328 932
328 1297
329 330
329 331
329 345
329 347
329 400
329 691
329 705
330 331
330 348
330 352
330 400
331 344
331 346
331 347
331 348
332 333
332 334
332 529
332 713
332 715
332 1124
332 1125
333 334
333 713
333 860
334 529
334 838
334 860
334 1163
335 336
335 408
335 488
336 408
336 409
336 703
337 338
337 339
337 510
337 546
337 547
337 741
337 1029
338 339
338 547
338 1263
339 456
339 741
339 1000
340 341
340 342
340 449
340 450
340 461
340 506
340 571
341 342
341 450
341 995
341 996
342 520
342 522
342 571
342 873
342 995
343 344
343 345
344 345
344 346
344 348
344 349
344 493
344 658
345 347
345 492
345 493
345 705
348 349
348 351
348 352
349 351
349 658
349 1208
351 352
351 1208
352 1208
353 572
355 356
355 357
355 358
355 452
355 769
355 770
355 1292
356 357
356 417
356 418
356 785
356 786
356 787
356 1292
357 358
357 787
358 452
358 760
358 785
358 787
358 874
359 360
359 361
359 585
359 1306
360 361
360 511
360 546
360 585
361 803
361 1306
362 363
362 364
362 727
362 733
363 364
363 786
363 840
363 968
363 969
363 1181
364 398
364 567
364 691
364 705
364 733
364 786
364 1293
365 490
367 368
367 369
367 402
367 403
367 474
367 554
367 951
368 369
368 401
368 425
368 428
368 430
368 473
368 474
368 569
368 570
369 401
369 403
369 404
369 524
369 790
369 791
370 371
370 372
370 379
370 380
370 712
371 372
372 380
372 918
373 374
373 375
373 382
373 538
373 539
374 375
374 538
374 859
375 382
375 823
376 377
376 378
376 384
376 389
376 507
376 560
377 378
377 560
377 820
378 507
378 820
378 985
379 380
379 381
379 386
379 437
379 712
380 381
380 438
380 918
381 437
381 438
382 386
382 388
382 539
382 562
382 823
383 384
383 385
383 412
383 477
383 560
384 385
384 389
384 560
384 573
385 412
385 433
385 573
385 730
385 970
386 387
386 388
386 437
386 712
386 823
387 388
387 389
387 434
387 437
388 389
388 562
389 434
389 507
389 561
389 562
389 573
390 391
390 392
390 903
390 904
391 392
391 610
392 483
392 484
392 610
392 614
392 832
392 903
392 915
393 394
393 830
394 495
394 505
395 396
395 397
395 444
395 445
395 579
396 397
396 487
396 579
396 720
396 1002
396 1004
397 444
397 487
397 553
397 961
397 1027
398 399
398 400
398 567
398 568
398 691
399 400
399 451
399 494
399 496
399 568
400 451
400 691
401 470
401 570
401 789
401 791
402 403
402 404
402 421
402 480
402 482
402 564
402 951
403 404
404 482
404 524
404 732
405 406
405 407
405 489
405 871
405 1003
405 1006
406 407
406 518
406 578
406 1006
407 517
407 518
407 871
408 409
408 410
408 431
408 488
408 788
409 410
409 413
409 414
409 530
409 531
409 703
410 414
410 416
410 431
411 412
411 413
411 453
411 670
411 1020
411 1022
411 1034
412 413
412 433
412 465
412 477
412 670
413 414
413 453
413 454
413 455
413 465
413 530
413 1009
414 415
414 416
414 425
414 465
415 416
415 425
415 430
415 431
416 431
417 418
417 508
417 509
417 567
417 568
417 786
418 509
418 1292
419 420
419 421
419 482
420 421
420 565
420 1109
421 481
421 482
421 564
421 565
421 566
422 423
422 503
422 505
423 503
423 625
423 702
424 425
424 426
424 427
424 428
424 558
424 729
424 747
425 426
425 428
425 430
425 465
426 432
426 433
426 465
426 729
426 850
427 428
427 558
427 559
427 569
428 569
429 466
430 431
430 473
430 788
431 788
432 433
432 730
432 850
432 970
433 465
433 970
434 435
434 436
434 437
434 573
434 574
435 436
435 437
435 439
435 758
436 574
436 758
436 876
436 877
437 438
437 439
438 439
438 471
438 918
439 471
439 758
440 441
440 442
440 469
440 512
440 513
440 848
441 442
441 536
441 667
441 739
441 848
442 460
442 512
442 533
442 536
442 551
442 723
442 841
442 842
444 445
444 604
444 961
444 1090
444 1303
445 579
445 1032
446 447
446 448
446 803
446 1163
447 448
447 793
447 803
448 793
448 838
448 1163
449 450
449 506
449 795
449 826
449 827
449 978
450 795
450 796
450 996
451 496
451 870
451 1023
452 502
452 642
452 756
452 760
452 761
452 769
453 455
453 540
453 541
453 1033
453 1034
454 455
454 530
454 531
454 532
454 805
454 1009
455 532
455 535
455 541
456 457
456 458
456 1000
457 458
457 548
457 973
458 548
458 695
458 1000
459 460
459 461
459 571
459 746
459 873
460 461
460 512
460 723
460 746
461 506
461 571
461 718
461 719
461 723
462 463
462 464
462 506
462 827
463 464
463 506
463 563
463 635
463 719
463 856
464 517
464 526
464 563
467 468
467 469
467 513
467 520
467 521
467 522
468 469
468 522
468 668
468 1049
469 513
469 668
469 848
470 471
470 472
470 570
470 789
470 797
471 472
471 758
471 797
471 877
471 918
472 789
472 1127
473 474
473 475
473 486
473 665
473 788
474 475
474 554
475 554
475 555
475 557
475 665
475 666
477 670
479 480
479 481
479 492
479 493
479 727
479 733
479 808
479 951
480 481
480 564
480 951
481 564
481 566
481 727
482 732
483 484
483 496
483 505
483 614
483 815
483 870
483 1299
484 610
484 1299
485 486
485 487
485 488
485 489
485 720
485 788
486 487
486 552
486 553
486 665
486 788
487 553
487 720
488 489
488 788
489 720
489 1003
489 1004
491 515
491 880
491 1028
492 493
492 705
492 733
492 1293
493 658
493 808
494 495
494 496
494 568
495 496
495 505
496 505
496 870
498 499
498 500
498 677
498 697
498 962
499 500
499 697
499 706
499 817
500 501
500 502
500 676
500 677
500 706
501 502
501 676
501 682
501 683
501 755
501 756
501 879
502 642
502 706
502 756
502 812
502 813
502 817
502 818
503 504
503 505
503 625
504 505
504 625
504 626
504 673
504 815
505 815
506 719
506 827
507 561
507 984
507 985
508 509
508 568
508 660
509 583
509 642
509 653
509 660
509 769
509 770
509 811
510 511
510 546
511 546
512 513
512 521
512 746
513 521
514 515
514 516
514 674
514 675
515 516
515 674
515 750
515 751
515 767
515 780
515 781
515 880
515 1028
516 767
516 816
517 518
517 519
517 526
517 563
517 871
517 1132
518 519
518 578
518 579
518 580
519 580
519 611
519 782
519 783
519 844
519 1132
519 1133
520 521
520 522
520 873
521 746
521 873
522 995
522 997
522 1049
523 524
523 525
523 732
523 1128
524 525
524 732
524 790
525 789
525 790
525 1128
526 527
526 528
526 1132
527 528
527 1132
527 1133
527 1134
528 844
528 845
528 1134
529 715
529 838
529 839
530 531
530 1009
531 703
531 805
532 533
532 534
532 535
532 805
533 534
533 551
533 805
533 841
534 535
534 551
534 762
534 861
535 541
535 762
536 551
536 739
536 861
537 538
537 539
537 857
537 984
537 985
538 539
538 688
538 857
538 858
538 859
539 562
539 984
540 541
540 762
540 861
540 902
540 1033
541 762
542 543
542 545
542 764
542 802
542 1027
543 544
543 545
543 553
543 1027
543 1291
544 545
544 922
545 764
545 922
546 547
546 585
547 585
547 1263
548 549
548 550
548 695
548 973
549 550
549 884
549 973
549 974
550 693
550 695
550 883
550 884
551 861
552 553
552 665
552 806
552 922
552 1290
553 1027
553 1290
553 1291
554 555
554 951
555 556
555 557
556 557
556 939
557 666
557 939
558 559
558 574
558 747
558 784
559 569
559 570
559 574
559 797
559 876
561 562
561 984
562 984
563 871
563 872
565 566
565 969
565 1109
566 727
566 969
567 568
567 786
569 570
570 797
571 873
573 574
573 730
573 731
573 784
574 784
574 876
575 576
575 577
575 590
575 591
575 735
576 577
576 581
576 590
576 616
576 885
577 581
577 735
578 579
578 1002
578 1003
578 1006
579 580
579 1002
579 1032
580 611
580 1032
581 586
581 678
581 735
581 885
581 887
582 583
582 584
582 660
582 661
582 864
582 865
583 584
583 653
583 660
584 653
584 865
584 867
585 1263
586 587
586 588
586 640
586 641
586 643
586 678
586 824
586 843
586 887
587 588
587 641
587 663
587 664
587 696
588 664
588 748
588 824
589 590
589 591
589 597
589 621
589 639
589 662
590 591
590 616
590 617
590 639
591 662
591 734
591 735
592 593
592 594
592 595
592 601
592 638
592 717
593 594
593 595
594 595
594 599
594 601
594 685
594 754
594 800
595 698
595 700
595 707
595 717
595 742
595 744
595 754
596 597
596 598
596 609
596 621
596 722
596 743
597 598
597 606
597 621
597 662
598 606
598 608
598 609
599 600
599 601
599 602
599 685
599 686
600 601
600 602
600 630
600 631
600 726
600 728
601 630
601 638
602 629
602 634
602 686
602 726
602 773
603 604
603 605
603 612
603 1090
603 1205
604 605
604 960
604 1090
604 1193
604 1303
605 612
605 613
605 960
606 607
606 608
606 649
606 662
606 734
607 608
607 644
607 645
607 649
607 650
607 680
608 609
608 644
608 659
608 736
609 659
609 743
611 612
611 613
611 782
611 1032
612 613
612 1032
612 1205
614 673
614 815
614 832
615 616
615 617
615 774
615 804
616 617
616 804
617 639
617 774
618 619
618 620
618 644
618 681
618 684
618 736
618 852
619 620
619 824
619 825
619 852
620 736
620 737
621 639
621 722
621 774
621 809
622 623
622 624
622 627
622 628
623 624
623 628
623 629
623 634
624 627
624 629
625 626
625 693
625 702
625 883
626 759
626 882
626 883
627 629
627 819
627 822
628 634
628 837
629 634
629 686
629 819
629 875
630 631
630 632
630 633
630 638
631 632
631 728
631 740
631 775
632 633
632 775
632 810
633 638
633 716
633 810
634 772
634 773
634 837
635 636
635 637
635 718
635 719
635 777
635 856
636 637
636 703
636 777
636 805
637 703
637 1218
638 716
638 717
639 774
640 641
640 643
640 753
640 778
641 647
641 692
641 696
641 778
642 769
642 811
642 812
643 753
643 765
643 766
643 768
643 886
644 645
644 684
644 736
645 680
645 684
646 647
646 648
646 692
646 696
646 794
647 648
647 692
647 778
647 779
648 779
648 794
648 807
649 650
649 651
649 678
649 734
649 735
650 651
650 680
651 678
651 680
651 681
651 843
652 849
654 963
654 1052
655 656
655 657
655 659
655 708
655 737
656 657
656 707
656 708
656 742
657 659
657 742
657 743
658 764
658 808
658 1208
659 736
659 737
659 743
660 661
661 830
661 853
661 864
661 869
661 1296
662 734
663 664
663 671
663 696
663 792
663 794
664 671
664 672
664 748
665 666
665 806
666 806
666 939
667 668
667 669
667 738
667 739
667 848
668 669
668 848
670 1022
671 672
671 792
672 748
672 749
673 815
673 832
673 833
674 675
674 831
674 833
674 880
675 831
675 835
676 677
676 683
677 962
678 735
678 843
679 846
679 868
679 1018
680 681
680 684
681 684
681 824
681 843
681 852
682 683
682 879
682 1013
685 686
685 799
685 800
685 819
685 875
686 875
687 688
687 689
687 690
687 859
687 878
688 689
688 858
688 859
689 690
689 858
689 932
690 878
690 932
691 705
692 696
693 694
693 695
693 702
693 883
694 695
694 701
694 702
694 821
695 701
695 1000
695 1029
696 794
697 954
697 962
698 699
698 700
698 707
699 700
699 704
699 707
699 745
700 704
700 754
701 821
701 999
701 1029
702 821
702 999
703 805
703 1218
704 754
704 855
705 1293
706 817
707 708
707 742
707 745
707 854
708 737
708 854
709 710
709 711
709 724
709 725
709 728
709 740
709 851
710 711
710 776
710 804
710 851
711 740
711 775
711 776
712 823
713 714
713 1125
714 715
714 829
714 1124
714 1125
715 1124
716 717
716 721
716 722
716 809
717 721
717 744
718 719
718 723
718 777
719 856
720 1004
721 722
721 743
721 744
722 743
722 809
723 777
723 842
724 725
724 726
724 728
725 726
725 772
725 851
725 866
726 728
726 772
726 773
727 733
727 968
727 969
728 740
729 730
729 731
729 747
729 850
730 731
730 850
730 970
731 747
731 784
733 1293
734 735
736 737
738 739
738 1031
739 861
739 902
739 1031
739 1301
740 775
741 1000
741 1029
742 743
742 744
743 744
745 854
746 873
747 784
748 749
748 752
748 824
748 825
749 752
750 751
750 759
750 781
751 759
751 767
751 816
751 828
752 825
753 766
753 778
753 779
754 800
754 855
755 756
755 757
755 879
755 924
756 757
756 761
757 761
757 924
758 877
759 798
759 828
759 882
760 761
760 874
760 924
760 1302
761 924
762 861
763 764
764 922
764 939
765 766
765 768
765 771
766 771
767 816
768 771
768 886
769 770
770 1292
772 773
772 837
772 866
774 775
774 776
774 804
774 809
774 810
775 776
775 810
776 804
777 805
777 841
777 842
778 779
780 781
782 783
783 844
783 894
783 1195
785 786
785 787
785 840
785 874
786 840
789 790
789 791
789 1127
789 1128
790 791
792 794
793 838
793 1051
793 1052
794 807
795 796
795 978
795 994
796 994
796 996
797 876
797 877
799 800
799 801
799 819
799 822
800 801
800 855
801 855
802 1026
802 1027
802 1204
805 841
806 922
806 939
809 810
811 812
811 813
811 814
812 813
813 814
813 818
814 817
814 818
816 828
817 818
819 822
819 875
821 999
824 825
824 843
824 852
826 827
826 881
827 881
827 1135
828 882
829 830
830 853
831 832
831 833
831 834
831 835
832 833
832 834
832 915
833 880
834 835
834 836
834 915
835 836
836 915
836 916
836 1300
837 866
838 839
838 1051
838 1163
839 1051
839 1052
840 874
840 1181
841 842
844 845
844 894
844 1133
844 1134
845 894
846 847
847 862
851 866
853 1295
853 1296
857 858
860 1163
861 902
862 954
863 1297
864 865
864 868
864 869
864 1018
865 867
865 1018
867 1018
868 869
868 1018
869 1296
870 1023
870 1294
870 1299
871 872
876 877
879 924
879 1013
879 1302
881 1135
882 883
882 884
883 884
884 974
888 889
888 890
888 891
888 893
888 923
888 957
888 965
888 987
889 890
889 891
889 892
889 895
889 896
890 895
890 965
890 966
891 892
891 893
892 893
892 896
892 933
892 934
892 935
892 936
892 972
892 990
893 934
893 957
894 1195
895 896
895 897
895 898
895 966
896 898
896 936
897 898
897 919
897 965
897 966
898 919
898 936
898 940
898 993
899 900
899 901
899 905
899 910
899 912
899 938
899 1016
900 901
900 905
900 943
900 958
900 967
901 910
901 958
901 959
902 1033
902 1301
903 904
903 915
903 916
904 916
904 1300
905 937
905 938
905 943
905 1007
906 907
906 908
906 909
906 917
906 986
907 908
907 977
907 979
907 986
908 909
908 914
908 923
908 934
908 957
908 979
909 914
909 917
910 911
910 912
910 913
910 959
911 912
911 913
911 975
911 976
911 1001
912 975
912 1005
912 1014
912 1016
913 959
913 989
913 1001
914 917
914 923
915 916
916 1300
917 923
917 927
917 955
917 982
917 986
917 987
917 1010
919 920
919 921
919 940
919 965
919 983
920 921
920 940
920 941
920 946
921 931
921 946
921 983
921 1015
922 939
922 1290
922 1291
923 957
923 987
924 1302
925 926
925 927
925 928
925 929
925 931
925 1011
925 1015
926 927
926 928
926 952
926 953
926 955
926 956
927 955
927 1010
927 1011
928 929
928 930
928 949
928 950
928 952
929 930
929 931
930 931
930 1012
931 946
931 1012
931 1015
933 934
933 935
933 971
933 976
933 1001
934 957
934 976
934 979
935 971
935 972
936 990
936 993
937 938
937 947
937 948
937 1007
938 948
938 998
938 1016
938 1019
940 941
940 992
940 993
941 945
941 946
941 992
942 943
942 944
942 967
943 944
943 967
943 1007
944 1007
944 1008
945 946
945 1012
946 1012
947 948
947 949
947 950
947 1007
947 1008
948 949
948 998
949 950
949 952
949 953
949 998
950 1008
952 953
953 956
953 998
953 1014
953 1030
955 956
955 986
956 986
956 1005
956 1014
958 959
958 967
958 988
959 988
959 989
960 1193
960 1304
961 1027
961 1204
961 1303
963 964
963 1052
964 1052
965 966
965 980
965 983
965 987
968 969
969 1109
969 1181
971 972
971 990
971 991
972 990
973 974
975 976
975 977
975 1005
976 977
976 979
976 1001
977 979
977 986
977 1005
980 981
980 982
980 983
980 987
981 982
981 983
981 1010
981 1011
982 987
982 1010
983 1011
983 1015
984 985
986 1005
988 989
989 1001
990 991
990 992
990 993
991 992
992 993
994 996
994 997
995 996
995 997
996 997
997 1049
998 1019
998 1030
1000 1029
1002 1003
1002 1004
1003 1004
1003 1006
1005 1014
1007 1008
1010 1011
1011 1015
1014 1016
1014 1019
1014 1030
1016 1019
1017 1298
1020 1021
1020 1022
1020 1034
1021 1022
1023 1024
1023 1025
1023 1294
1024 1025
1024 1294
1026 1204
1027 1204
1031 1301
1032 1090
1032 1205
1033 1034
1033 1301
1035 1036
1035 1037
1035 1038
1035 1040
1035 1066
1035 1077
1036 1037
1036 1038
1036 1039
1037 1040
1038 1039
1038 1047
1038 1077
1038 1078
1039 1043
1039 1047
1040 1041
1040 1042
1040 1066
1040 1067
1041 1042
1041 1058
1041 1059
1042 1058
1042 1067
1042 1069
1042 1079
1042 1129
1043 1044
1043 1045
1043 1047
1044 1045
1044 1046
1044 1047
1044 1074
1044 1075
1045 1046
1045 1048
1046 1048
1046 1050
1046 1063
1046 1074
1047 1075
1047 1078
1048 1050
1048 1053
1048 1054
1050 1053
1050 1061
1050 1063
1051 1052
1053 1054
1053 1061
1053 1065
1053 1126
1054 1055
1054 1126
1054 1131
1055 1056
1055 1057
1055 1131
1056 1057
1056 1130
1056 1131
1058 1059
1058 1129
1060 1061
1060 1062
1060 1065
1060 1073
1060 1082
1061 1062
1061 1063
1061 1065
1062 1063
1062 1064
1062 1082
1062 1115
1063 1064
1063 1074
1064 1074
1064 1075
1064 1081
1064 1115
1065 1072
1065 1073
1065 1126
1066 1067
1066 1068
1066 1077
1067 1068
1067 1079
1068 1076
1068 1077
1068 1079
1068 1116
1068 1118
1068 1119
1069 1070
1069 1071
1069 1079
1069 1122
1069 1129
1070 1071
1070 1129
1071 1122
1072 1073
1072 1083
1072 1084
1072 1117
1072 1123
1072 1126
1073 1082
1073 1117
1074 1075
1075 1078
1075 1080
1075 1081
1076 1077
1076 1078
1076 1080
1076 1113
1076 1116
1077 1078
1078 1080
1079 1119
1079 1122
1080 1081
1080 1113
1080 1114
1081 1114
1081 1115
1082 1115
1082 1117
1083 1084
1083 1121
1083 1126
1083 1130
1083 1131
1084 1120
1084 1121
1084 1123
1085 1086
1085 1087
1085 1098
1086 1087
1086 1096
1087 1088
1087 1089
1087 1091
1087 1092
1087 1093
1087 1094
1087 1095
1087 1096
1087 1097
1087 1098
1087 1099
1088 1089
1088 1096
1089 1097
1090 1205
1091 1092
1091 1097
1092 1095
1093 1094
1093 1095
1094 1099
1098 1099
1100 1101
1100 1102
1100 1104
1101 1102
1101 1103
1102 1103
1102 1104
1102 1105
1102 1106
1102 1107
1102 1108
1102 1110
1102 1111
1102 1112
1103 1106
1104 1105
1105 1112
1106 1107
1107 1108
1108 1110
1109 1181
1110 1111
1111 1112
1113 1114
1113 1116
1116 1118
1117 1123
1118 1119
1119 1122
1120 1121
1121 1130
1124 1125
1126 1131
1127 1128
1130 1131
1132 1133
1133 1134
1136 1137
1136 1138
1136 1146
1136 1152
1136 1285
1136 1286
1137 1138
1137 1142
1137 1152
1138 1142
1138 1156
1138 1269
1138 1286
1139 1142
1139 1143
1139 1156
1139 1164
1139 1262
1139 1269
1140 1144
1140 1165
1142 1143
1142 1156
1144 1158
1144 1165
1146 1149
1146 1152
1146 1155
1146 1285
1147 1150
1147 1153
1149 1155
1149 1160
1150 1153
1155 1160
1155 1261
1155 1278
1155 1285
1156 1269
1157 1158
1157 1159
1157 1165
1157 1249
1157 1288
1158 1159
1158 1165
1158 1176
1159 1176
1159 1177
1159 1179
1159 1249
1160 1278
1161 1167
1161 1168
1161 1279
1161 1282
1164 1262
1164 1287
1165 1288
1167 1168
1167 1282
1169 1170
1169 1171
1169 1172
1169 1174
1169 1252
1169 1276
1170 1171
1170 1172
1171 1276
1172 1174
1172 1177
1173 1251
1173 1265
1174 1177
1174 1179
1174 1252
1174 1266
1176 1177
1177 1179
1178 1265
1178 1271
1179 1249
1179 1266
1179 1272
1182 1183
1182 1184
1182 1185
1182 1190
1182 1194
1182 1255
1182 1270
1182 1274
1183 1184
1184 1185
1185 1187
1185 1189
1185 1196
1185 1255
1186 1187
1186 1188
1186 1189
1186 1206
1186 1255
1186 1260
1186 1261
1187 1188
1187 1189
1187 1196
1188 1206
1188 1207
1189 1255
1190 1191
1190 1192
1190 1194
1190 1201
1190 1262
1190 1270
1191 1192
1191 1201
1191 1203
1192 1194
1193 1304
1197 1198
1197 1199
1197 1200
1197 1209
1197 1251
1197 1264
1197 1268
1198 1199
1198 1200
1199 1209
1199 1212
1199 1213
1200 1268
1201 1202
1201 1203
1201 1256
1201 1262
1202 1203
1202 1210
1202 1211
1202 1254
1202 1256
1203 1210
1204 1303
1206 1207
1206 1260
1209 1212
1209 1264
1209 1265
1210 1211
1210 1213
1211 1213
1211 1214
1211 1254
1212 1213
1212 1214
1212 1265
1213 1214
1214 1254
1214 1265
1214 1271
1215 1216
1215 1217
1215 1223
1216 1217
1217 1219
1217 1220
1217 1221
1217 1222
1217 1223
1217 1224
1217 1225
1217 1226
1217 1227
1217 1228
1217 1229
1219 1220
1219 1225
1221 1222
1221 1226
1222 1227
1224 1225
1224 1229
1227 1228
1228 1229
1230 1232
1230 1235
1230 1244
1231 1234
1231 1239
1232 1235
1234 1239
1235 1237
1235 1238
1235 1240
1235 1242
1235 1243
1235 1244
1235 1245
1235 1246
1235 1247
1237 1238
1237 1240
1238 1242
1242 1243
1243 1245
1244 1246
1245 1247
1246 1247
1248 1256
1248 1271
1248 1287
1249 1272
1249 1288
1251 1264
1251 1265
1251 1268
1251 1275
1252 1276
1254 1256
1254 1271
1255 1261
1255 1274
1255 1284
1256 1262
1256 1271
1256 1287
1257 1258
1257 1259
1258 1259
1260 1261
1260 1278
1260 1281
1261 1278
1261 1284
1261 1285
1262 1269
1262 1270
1262 1287
1264 1265
1265 1271
1268 1275
1269 1270
1269 1286
1270 1274
1270 1286
1274 1284
1274 1286
1278 1281
1279 1282
1284 1285
1284 1286
1285 1286
1290 1291
1294 1299
1295 1296
1307 1308
1307 1309
1307 1373
1308 1309
1308 1313
1308 1314
1308 1492
1309 1313
1309 1334
1309 1373
1309 1385
1310 1311
1310 1312
1310 1398
1310 1400
1310 1401
1311 1312
1311 1336
1311 1362
1311 1400
1311 1412
1312 1347
1312 1348
1312 1412
1312 1416
1313 1314
1313 1316
1313 1334
1314 1315
1314 1316
1314 1492
1314 1500
1315 1316
1315 1323
1315 1499
1315 1500
1316 1323
1316 1334
1316 1356
1316 1375
1316 1377
1317 1318
1317 1319
1317 1333
1317 1463
1317 1536
1318 1319
1318 1333
1318 1358
1319 1358
1319 1367
1319 1368
1319 1463
1320 1321
1320 1322
1320 1327
1320 1332
1320 1335
1320 1363
1320 1364
1320 1402
1320 1408
1321 1322
1321 1364
1321 1365
1322 1335
1322 1365
1322 1382
1322 1384
1323 1350
1323 1356
1323 1359
1323 1483
1323 1499
1324 1360
1324 1484
1326 1327
1326 1328
1326 1329
1326 1330
1326 1331
1326 1332
1327 1328
1327 1332
1327 1402
1327 1408
1328 1330
1328 1362
1328 1372
1328 1395
1328 1399
1328 1400
1328 1408
1329 1330
1329 1331
1329 1371
1330 1371
1330 1389
1330 1395
1331 1332
1331 1363
1331 1367
1331 1369
1331 1370
1331 1371
1332 1363
1333 1347
1333 1348
1333 1357
1333 1358
1333 1536
1334 1377
1334 1385
1334 1407
1335 1337
1335 1384
1335 1408
1336 1337
1336 1338
1336 1362
1336 1372
1336 1404
1336 1412
1337 1338
1337 1372
1337 1384
1337 1408
1338 1381
1338 1382
1338 1384
1338 1404
1339 1342
1339 1374
1339 1392
1340 1343
1340 1345
1342 1349
1342 1353
1342 1374
1342 1393
1342 1396
1342 1405
1342 1406
1343 1345
1343 1346
1343 1354
1345 1346
1346 1351
1346 1354
1346 1360
1347 1348
1348 1357
1348 1416
1348 1417
1349 1350
1349 1353
1349 1356
1349 1376
1349 1405
1350 1353
1350 1356
1350 1359
1351 1354
1351 1360
1356 1375
1356 1376
1357 1358
1357 1394
1357 1417
1358 1365
1358 1368
1358 1381
1358 1394
1358 1397
1360 1484
1362 1372
1362 1400
1363 1364
1363 1366
1363 1367
1364 1365
1364 1366
1365 1366
1365 1368
1365 1382
1365 1383
1365 1397
1366 1367
1366 1368
1367 1368
1367 1369
1367 1463
1369 1370
1370 1371
1370 1386
1371 1386
1371 1388
1371 1389
1372 1408
1373 1385
1373 1387
1374 1391
1374 1392
1374 1393
1375 1376
1375 1377
1375 1464
1375 1468
1375 1469
1376 1405
1376 1464
1377 1407
1377 1469
1377 1470
1377 1471
1377 1472
1378 1379
1378 1380
1378 1701
1378 1702
1378 1724
1378 1962
1379 1380
1380 1962
1381 1382
1381 1383
1381 1394
1381 1397
1381 1404
1382 1383
1382 1384
1383 1397
1385 1387
1385 1407
1386 1388
1388 1389
1388 1403
1389 1395
1389 1403
1390 1391
1390 1392
1390 1462
1391 1392
1391 1393
1391 1462
1393 1396
1393 1462
1394 1404
1394 1417
1394 1449
1395 1399
1395 1403
1396 1406
1396 1461
1396 1462
1398 1399
1398 1400
1398 1401
1399 1400
1399 1401
1399 1403
1401 1403
1402 1408
1404 1412
1404 1449
1405 1406
1405 1461
1405 1464
1406 1461
1407 1470
1409 1410
1409 1411
1409 1638
1409 1649
1409 1670
1409 1815
1410 1411
1410 1479
1410 1501
1410 1669
1410 1670
1411 1501
1411 1613
1411 1615
1411 1638
1411 1639
1411 1653
1411 1654
1411 1999
1412 1416
1412 1449
1413 1414
1413 1415
1413 1598
1413 1707
1413 1708
1413 1720
1413 1858
1414 1415
1414 1598
1414 1614
1414 1615
1414 1645
1414 1873
1415 1519
1415 1645
1415 1719
1415 1720
1416 1417
1416 1449
1417 1449
1418 1419
1418 1420
1418 1549
1418 1550
1418 1652
1418 1799
1418 1833
1418 1926
1419 1420
1419 1465
1419 1466
1419 1761
1419 1777
1419 1926
1420 1465
1420 1467
1420 1652
1420 1656
1421 1422
1421 1423
1421 1758
1421 1760
1421 1776
1422 1423
1422 1458
1422 1460
1422 1623
1422 1624
1422 1628
1422 1738
1422 1740
1422 1758
1423 1738
1423 1760
1423 1762
1423 1959
1423 1960
1424 1425
1424 1427
1424 1429
1425 1427
1425 1430
1426 1437
1426 1440
1427 1429
1427 1430
1427 1431
1427 1432
1427 1438
1427 1441
1427 1443
1429 1432
1430 1431
1431 1438
1432 1443
1433 1434
1433 1435
1433 1704
1433 1725
1433 1801
1433 1834
1434 1435
1434 1436
1434 2002
1435 1436
1435 1801
1436 2002
1437 1440
1441 1443
1444 1445
1444 1446
1444 1448
1445 1446
1445 1447
1446 1447
1446 1448
1446 1450
1446 1451
1446 1452
1446 1453
1446 1454
1446 1455
1446 1456
1446 1457
1447 1450
1448 1453
1450 1451
1451 1456
1452 1453
1454 1455
1455 1457
1458 1459
1458 1460
1458 1758
1458 1759
1459 1460
1459 1759
1459 1801
1459 1809
1460 1739
1460 1740
1460 1809
1461 1464
1464 1468
1465 1466
1465 1467
1466 1467
1466 1655
1466 1761
1466 1763
1466 1765
1467 1655
1467 1656
1468 1469
1471 1472
1473 1474
1473 1475
1473 1784
1473 1961
1474 1475
1474 1668
1474 1828
1474 1851
1474 1931
1475 1591
1475 1592
1475 1851
1475 1961
1476 1477
1476 1478
1476 1930
1477 1478
1477 1479
1477 1646
1477 1674
1477 1696
1477 1930
1478 1479
1478 1563
1479 1501
1479 1562
1479 1563
1479 1669
1479 1695
1479 1696
1479 1747
1480 1481
1480 1482
1480 1721
1480 1811
1480 1812
1480 1927
1481 1482
1481 1705
1481 1706
1481 1721
1481 1725
1481 1810
1482 1538
1482 1539
1482 1810
1482 1811
1483 1499
1486 1487
1486 1488
1487 1488
1489 1490
1489 1491
1489 1812
1489 1953
1490 1491
1490 1538
1490 1811
1490 1812
1491 1538
1491 1539
1491 1547
1491 1548
1491 1953
1492 1500
1493 1494
1493 1495
1493 1631
1493 1636
1493 1790
1493 1791
1494 1495
1494 1619
1494 1631
1494 1753
1494 1770
1494 1797
1495 1636
1495 1770
1495 1798
1495 1991
1496 1497
1496 1498
1496 1835
1496 1837
1497 1498
1498 1835
1499 1500
1501 1613
1501 1695
1502 1503
1502 1504
1502 1537
1502 1635
1503 1504
1503 1521
1503 1522
1503 1537
1503 1554
1504 1554
1504 1635
1505 1506
1505 1507
1505 1527
1505 1528
1505 1529
1505 1531
1506 1507
1506 1508
1506 1527
1506 1648
1507 1508
1507 1509
1507 1526
1507 1531
1508 1509
1508 1510
1509 1510
1509 1511
1509 1526
1510 1511
1510 1512
1510 1637
1511 1512
1511 1513
1511 1526
1511 1552
1512 1513
1512 1514
1512 1637
1513 1514
1513 1535
1513 1544
1513 1552
1514 1535
1514 1560
1514 1637
1515 1516
1515 1517
1515 1835
1516 1517
1517 1823
1517 1824
1517 1826
1517 1835
1517 1836
1517 1837
1517 2016
1518 1519
1518 1520
1518 1568
1518 1569
1518 1655
1518 1697
1518 1764
1518 1813
1518 1916
1519 1520
1519 1568
1519 1645
1519 1719
1520 1645
1520 1697
1521 1522
1521 1530
1521 1537
1521 1540
1521 1541
1522 1530
1522 1554
1522 1555
1523 1524
1523 1525
1523 1646
1523 1651
1523 1652
1523 1674
1524 1525
1524 1652
1524 1656
1524 1697
1524 1916
1525 1646
1525 1647
1525 1697
1526 1531
1526 1552
1527 1528
1527 1648
1528 1529
1528 1546
1529 1531
1529 1546
1530 1533
1530 1541
1530 1542
1530 1553
1530 1555
1531 1552
1532 1533
1532 1534
1532 1535
1532 1556
1532 1560
1533 1534
1533 1553
1533 1555
1533 1556
1534 1535
1534 1543
1534 1553
1535 1543
1535 1544
1535 1560
1537 1540
1537 1545
1538 1539
1538 1811
1539 1548
1539 1806
1539 1810
1540 1541
1540 1545
1541 1542
1542 1543
1542 1553
1543 1544
1543 1553
1544 1552
1547 1548
1547 1642
1547 1808
1547 1937
1547 1938
1547 1953
1548 1642
1548 1663
1548 1768
1548 1806
1549 1550
1549 1551
1549 1617
1549 1832
1549 1833
1549 1874
1550 1551
1551 1616
1551 1617
1554 1555
1554 1556
1555 1556
1557 1558
1557 1559
1557 1561
1557 1622
1558 1559
1558 1561
1559 1621
1559 1622
1560 1637
1562 1563
1562 1747
1562 1894
1564 1565
1564 1566
1564 1567
1565 1566
1565 1576
1566 1567
1566 1571
1566 1572
1566 1573
1566 1574
1566 1575
1566 1576
1566 1577
1567 1571
1568 1569
1568 1570
1568 1719
1568 2006
1569 1570
1569 1813
1569 1925
1570 1720
1570 1924
1570 1925
1570 2006
1571 1572
1572 1575
1573 1574
1573 1577
1574 1575
1576 1577
1578 1579
1578 1580
1578 1587
1579 1580
1579 1581
1580 1581
1580 1582
1580 1583
1580 1584
1580 1585
1580 1586
1580 1587
1581 1584
1582 1583
1582 1585
1583 1586
1584 1585
1586 1587
1588 1589
1588 1590
1588 1650
1588 1658
1589 1590
1589 1658
1589 1717
1589 1718
1589 1878
1590 1650
1590 1863
1590 1878
1590 1982
1591 1592
1591 1593
1592 1593
1592 1745
1592 1747
1592 1784
1592 1961
1593 1745
1594 1595
1594 1596
1594 1805
1594 1975
1595 1596
1595 1757
1595 1802
1595 1803
1595 1805
1595 1929
1595 1980
1596 1929
1597 1598
1597 1599
1597 1600
1597 1707
1597 1712
1597 1732
1597 1733
1597 1950
1598 1599
1598 1600
1598 1615
1598 1625
1598 1868
1599 1707
1599 1858
1600 1867
1600 1868
1600 1950
1601 1602
1601 1603
1601 1649
1601 1815
1601 1863
1602 1603
1602 1607
1602 1649
1603 1607
1603 1650
1603 1863
1604 1605
1604 1606
1604 1609
1604 1612
1604 1634
1605 1606
1605 1633
1605 1634
1606 1612
1607 1638
1607 1649
1607 1650
1607 1657
1607 1710
1608 1609
1608 1610
1608 1634
1608 1636
1608 1791
1608 1904
1608 1962
1609 1610
1609 1611
1609 1612
1609 1634
1609 1702
1610 1702
1610 1724
1610 1962
1611 1612
1611 1702
1613 1614
1613 1615
1613 1695
1614 1615
1614 1695
1614 1873
1615 1625
1615 1918
1615 1999
1616 1617
1616 1983
1617 1874
1617 1877
1617 1983
1618 1619
1618 1620
1618 1796
1619 1620
1619 1626
1619 1753
1619 1796
1619 1797
1620 1626
1620 1627
1620 1857
1620 1966
1620 1967
1621 1622
1623 1624
1623 1738
1623 1741
1623 1785
1624 1628
1624 1741
1624 1823
1624 1824
1625 1868
1625 1917
1625 1918
1626 1627
1626 1630
1626 1753
1626 1866
1627 1629
1627 1630
1627 1850
1627 1857
1628 1740
1628 1824
1628 1825
1629 1630
1629 1756
1629 1757
1629 1805
1629 1850
1630 1756
1630 1871
1631 1753
1631 1790
1631 1817
1631 1822
1632 1633
1632 1634
1632 1798
1632 1827
1633 1634
1634 1798
1634 1904
1636 1791
1636 1798
1636 1904
1638 1639
1638 1649
1638 1710
1639 1654
1639 1657
1639 1710
1639 1860
1640 1641
1640 1642
1640 1643
1640 1853
1640 1854
1640 1933
1641 1642
1641 1808
1641 1933
1642 1643
1642 1644
1642 1663
1642 1664
1642 1808
1643 1644
1643 1767
1643 1853
1644 1664
1644 1767
1644 1875
1644 2008
1645 1646
1645 1647
1645 1681
1645 1696
1645 1873
1646 1647
1646 1674
1646 1696
1647 1681
1647 1697
1649 1815
1650 1657
1650 1658
1650 1659
1650 1863
1651 1652
1651 1674
1651 1780
1651 1799
1651 1800
1651 1910
1652 1656
1652 1799
1653 1654
1653 1660
1653 1662
1653 1682
1653 1684
1653 1783
1653 1847
1653 1999
1654 1660
1654 1860
1655 1656
1655 1764
1655 1765
1655 1916
1656 1916
1657 1659
1657 1673
1657 1710
1657 1860
1658 1659
1658 1661
1658 1684
1658 1718
1659 1660
1659 1661
1659 1673
1660 1661
1660 1662
1660 1673
1660 1860
1661 1662
1661 1684
1662 1684
1663 1664
1663 1768
1664 1768
1664 1769
1664 1832
1664 1833
1664 1874
1664 1875
1665 1666
1665 1667
1665 1711
1665 1729
1665 1735
1665 1855
1666 1667
1666 1687
1666 1690
1666 1728
1666 1729
1666 1771
1667 1671
1667 1672
1667 1685
1667 1711
1667 1771
1668 1669
1668 1670
1668 1784
1668 1931
1668 1932
1669 1670
1669 1747
1669 1784
1670 1815
1670 1932
1671 1672
1671 1685
1671 1714
1671 1749
1671 1774
1671 1831
1672 1711
1672 1734
1672 1735
1672 1749
1674 1780
1674 1930
1675 1676
1675 1677
1675 1839
1675 1840
1675 1844
1676 1677
1676 1730
1676 1731
1676 1844
1677 1713
1677 1714
1677 1731
1677 1779
1677 1839
1678 1679
1678 1680
1678 1709
1678 1748
1678 1862
1679 1680
1679 1752
1679 1754
1679 1861
1679 1862
1680 1703
1680 1709
1680 1715
1680 1716
1680 1754
1681 1697
1682 1683
1682 1684
1682 1781
1682 1782
1682 1847
1683 1684
1683 1782
1684 1718
1685 1771
1685 1773
1685 1774
1686 1687
1686 1688
1686 1690
1686 1691
1686 1715
1686 1716
1686 1755
1687 1688
1687 1690
1687 1703
1687 1729
1688 1703
1689 1690
1689 1691
1689 1727
1689 1728
1689 1772
1689 1775
1690 1691
1690 1728
1691 1726
1691 1727
1691 1736
1691 1755
1692 1693
1692 1694
1692 1743
1692 1744
1692 1772
1692 1775
1693 1694
1693 1743
1693 1778
1693 1779
1694 1772
1694 1773
1694 1774
1694 1778
1695 1696
1695 1873
1696 1873
1697 1916
1698 1699
1698 1700
1698 1742
1698 1821
1699 1700
1699 1802
1699 1980
1700 1742
1700 1802
1700 1804
1700 1856
1701 1702
1702 1724
1703 1709
1703 1715
1703 1729
1704 1705
1704 1706
1704 1725
1704 1801
1704 1807
1705 1706
1705 1806
1705 1807
1705 1810
1706 1725
1707 1708
1707 1712
1707 1858
1708 1712
1708 1720
1709 1729
1709 1748
1711 1735
1712 1720
1712 1733
1712 1924
1713 1714
1713 1778
1713 1779
1714 1731
1714 1774
1714 1778
1714 1831
1715 1716
1716 1754
1716 1755
1717 1718
1717 1878
1719 1720
1720 1924
1720 2006
1721 1722
1721 1723
1721 1725
1721 1927
1721 1965
1722 1723
1722 1965
1723 1725
1723 1834
1724 1962
1725 1834
1726 1727
1726 1736
1726 1737
1726 1744
1727 1744
1727 1775
1728 1771
1728 1772
1729 1748
1729 1855
1730 1731
1730 1749
1730 1831
1731 1831
1732 1733
1732 1843
1732 1870
1732 1950
1732 1951
1733 1870
1734 1735
1734 1749
1736 1737
1736 1755
1736 1788
1736 1792
1737 1743
1737 1744
1737 1788
1737 1839
1738 1785
1738 1787
1738 1960
1739 1740
1739 1809
1739 1859
1739 1984
1740 1825
1740 1859
1741 1785
1741 1823
1741 1869
1741 1954
1742 1821
1742 1822
1742 1856
1743 1744
1743 1779
1743 1839
1744 1775
1745 1746
1745 1747
1746 1747
1746 1894
1747 1784
1747 1894
1748 1855
1749 1831
1750 1751
1750 1752
1750 1838
1751 1752
1751 1754
1751 1755
1751 1792
1751 1838
1752 1754
1752 1861
1753 1822
1753 1865
1753 1866
1754 1755
1755 1792
1756 1757
1756 1803
1756 1804
1756 1871
1757 1803
1757 1805
1758 1759
1758 1776
1759 1776
1759 1777
1759 1801
1760 1762
1760 1776
1760 1820
1761 1762
1761 1763
1761 1776
1761 1777
1761 1820
1762 1763
1762 1818
1762 1819
1762 1820
1762 1959
1762 1964
1763 1765
1763 1766
1763 1963
1763 1964
1764 1765
1764 1766
1764 1813
1764 1963
1765 1766
1766 1963
1767 1853
1767 1876
1767 2008
1768 1769
1768 1801
1768 1806
1768 1807
1769 1777
1769 1801
1769 1833
1770 1797
1771 1772
1771 1773
1772 1773
1772 1775
1773 1774
1774 1778
1776 1777
1776 1820
1777 1801
1777 1833
1777 1926
1778 1779
1779 1839
1781 1782
1781 1783
1781 1847
1782 1783
1783 1847
1783 1999
1784 1961
1785 1786
1785 1787
1785 1869
1786 1787
1786 1818
1786 1869
1787 1818
1787 1960
1788 1792
1788 1839
1788 1840
1789 1790
1789 1791
1789 1817
1789 2010
1790 1791
1790 1817
1791 1962
1791 2010
1792 1838
1793 1794
1793 1795
1793 1845
1793 1846
1794 1795
1795 1845
1795 2009
1796 1797
1796 1798
1797 1798
1797 1991
1798 1827
1798 1904
1798 1991
1799 1800
1800 1910
1800 1911
1801 1807
1801 1809
1802 1803
1802 1804
1802 1980
1803 1804
1804 1856
1804 1871
1804 1872
1805 1850
1805 1975
1806 1807
1806 1810
1808 1937
1809 1984
1811 1812
1812 1927
1812 1928
1813 1925
1814 1815
1814 1816
1814 1932
1814 1955
1814 1957
1814 1978
1815 1816
1815 1863
1815 1932
1816 1863
1816 1864
1816 1955
1816 1998
1816 2013
1817 1821
1817 1822
1818 1819
1818 1959
1818 1960
1819 1964
1821 1822
1822 1856
1822 1865
1822 1990
1823 1824
1823 2016
1824 1825
1824 1826
1825 1826
1825 1848
1825 1849
1825 1859
1825 2005
1826 1836
1826 1849
1828 1829
1828 1830
1828 1851
1828 1852
1828 1931
1828 1976
1829 1830
1830 1957
1830 1976
1832 1833
1832 1874
1833 1926
1835 1837
1836 1837
1839 1840
1840 1844
1841 1842
1841 1843
1841 2007
1841 2015
1842 1843
1842 1845
1842 1867
1842 1868
1842 1950
1842 2007
1843 1950
1843 2015
1845 1846
1845 2007
1845 2009
1846 2007
1848 1849
1850 1857
1851 1852
1852 1976
1853 1854
1853 1876
1853 1877
1854 1877
1854 1913
1854 1933
1854 1997
1856 1872
1857 1966
1859 2005
1861 1862
1863 1864
1863 1982
1863 2011
1864 2013
1865 1866
1865 1990
1865 1996
1867 1868
1867 1950
1869 1954
1870 1951
1871 1872
1874 1875
1874 1877
1874 1969
1875 1876
1875 1969
1875 2008
1876 1877
1876 1969
1876 2008
1877 1969
1877 1983
1877 1997
1878 1982
1879 1880
1879 1881
1880 1881
1882 1883
1882 1884
1882 1912
1882 1922
1882 1981
1883 1884
1883 1905
1883 1906
1883 1981
1883 1992
1884 1893
1884 1912
1884 1949
1884 1992
1885 1886
1885 1887
1885 1888
1885 1891
1885 1892
1886 1887
1886 1891
1886 1947
1886 1948
1886 1949
1886 1970
1886 1977
1887 1888
1887 1909
1887 1948
1887 1988
1888 1889
1888 1890
1888 1892
1888 1908
1888 1909
1889 1890
1889 1908
1889 1920
1889 1944
1889 1989
1890 1892
1890 1920
1891 1892
1891 1893
1891 1949
1892 1893
1892 1919
1893 1912
1893 1919
1893 1949
1895 1896
1895 1897
1895 1901
1895 1903
1895 1905
1895 1906
1895 1941
1895 1942
1895 1979
1896 1897
1896 1898
1896 1899
1896 1905
1896 1973
1896 1974
1896 1995
1897 1898
1897 1901
1897 1902
1898 1899
1898 1902
1899 1995
1900 1901
1900 1902
1900 1903
1900 2000
1901 1902
1901 1903
1903 1941
1903 2000
1903 2001
1905 1906
1905 1981
1905 1994
1906 1979
1906 1992
1906 1993
1907 1908
1907 1909
1907 1946
1907 1987
1908 1909
1908 1944
1908 1946
1909 1987
1909 1988
1910 1911
1912 1919
1912 1921
1912 1922
1913 1914
1913 1915
1913 1933
1914 1915
1915 1933
1917 1918
1917 2003
1917 2004
1918 1999
1918 2004
1918 2014
1919 1920
1919 1921
1920 1921
1920 1989
1921 1922
1921 1923
1921 1985
1921 1989
1922 1923
1922 1972
1922 1981
1923 1971
1923 1972
1923 1985
1924 1925
1927 1928
1927 1965
1929 1980
1931 1932
1932 1978
1934 1935
1934 1936
1934 1940
1934 1941
1934 1968
1935 1936
1935 1949
1935 1977
1935 1992
1936 1939
1936 1940
1936 1992
1936 1993
1937 1938
1937 1952
1937 1958
1938 1952
1938 1953
1938 2012
1939 1940
1939 1979
1940 1941
1940 1942
1940 1979
1941 1942
1941 1968
1941 2001
1942 1979
1943 1944
1943 1945
1943 1971
1944 1945
1944 1946
1944 1971
1944 1985
1944 1989
1945 1946
1947 1948
1947 1970
1949 1977
1949 1992
1952 1958
1953 2012
1955 1956
1955 1957
1955 1998
1956 1957
1956 1976
1957 1976
1957 1978
1957 1986
1959 1960
1963 1964
1966 1967
1971 1972
1971 1985
1973 1974
1974 1995
1978 1986
1979 1993
1981 1994
1982 2011
1983 1997
1985 1989
1987 1988
1990 1996
1992 1993
1998 2013
2000 2001
2003 2004
2003 2014
2004 2014
2017 2018
2017 2019
2017 2023
2017 2553
2017 2570
2018 2019
2018 2023
2018 2176
2018 2186
2018 2216
2018 2217
2018 2218
2019 2175
2019 2176
2019 2396
2019 2570
2020 2021
2020 2022
2020 2058
2020 2063
2020 2121
2021 2022
2021 2045
2021 2046
2021 2063
2021 2066
2022 2046
2022 2125
2022 2126
2023 2209
2023 2210
2023 2218
2023 2553
2024 2025
2024 2026
2024 2028
2024 2059
2024 2091
2024 2113
2024 2134
2025 2026
2025 2032
2025 2073
2025 2099
2025 2134
2025 2169
2026 2071
2026 2073
2026 2074
2026 2091
2027 2028
2027 2029
2027 2044
2027 2078
2027 2155
2028 2029
2028 2044
2028 2059
2028 2112
2028 2113
2028 2142
2029 2059
2029 2076
2029 2078
2030 2031
2030 2032
2030 2035
2030 2047
2030 2086
2030 2122
2030 2135
2031 2032
2031 2071
2031 2072
2031 2073
2031 2122
2032 2047
2032 2073
2032 2100
2032 2169
2033 2034
2033 2035
2033 2042
2033 2043
2033 2077
2034 2035
2034 2071
2034 2074
2034 2075
2034 2077
2035 2043
2035 2069
2035 2071
2035 2072
2035 2086
2035 2122
2035 2123
2036 2037
2036 2038
2036 2040
2036 2043
2036 2051
2036 2068
2036 2069
2037 2038
2037 2068
2037 2095
2037 2116
2037 2147
2038 2051
2038 2052
2038 2116
2038 2117
2039 2040
2039 2041
2039 2042
2039 2081
2040 2041
2040 2042
2040 2043
2040 2051
2040 2052
2041 2052
2041 2081
2041 2110
2042 2043
2042 2077
2042 2079
2042 2080
2042 2081
2043 2069
2044 2053
2044 2106
2044 2142
2044 2155
2044 2178
2044 2179
2045 2046
2045 2048
2045 2066
2045 2067
2045 2124
2046 2124
2046 2125
2047 2089
2047 2100
2047 2135
2048 2049
2048 2050
2048 2067
2048 2124
2048 2130
2049 2050
2049 2067
2049 2084
2049 2089
2050 2089
2050 2100
2050 2128
2050 2129
2050 2130
2051 2052
2052 2102
2052 2110
2052 2117
2053 2054
2053 2055
2053 2061
2053 2106
2053 2142
2053 2149
2054 2055
2054 2106
2054 2125
2054 2126
2055 2061
2055 2125
2055 2138
2055 2139
2055 2140
2056 2057
2056 2058
2056 2127
2057 2058
2057 2064
2057 2103
2057 2127
2058 2064
2058 2121
2059 2076
2059 2091
2060 2061
2060 2062
2060 2112
2060 2142
2060 2149
2061 2062
2061 2114
2061 2115
2061 2137
2061 2140
2061 2149
2062 2112
2062 2113
2062 2115
2062 2119
2063 2064
2063 2065
2063 2066
2063 2121
2063 2158
2063 2170
2064 2065
2064 2103
2064 2121
2065 2103
2065 2104
2065 2132
2065 2133
2065 2158
2066 2067
2066 2082
2066 2083
2066 2170
2067 2083
2067 2084
2068 2069
2068 2070
2068 2085
2068 2147
2068 2153
2069 2070
2069 2123
2070 2085
2070 2086
2070 2123
2071 2072
2071 2073
2071 2074
2072 2122
2074 2075
2074 2076
2074 2091
2075 2076
2075 2077
2076 2077
2076 2078
2076 2091
2077 2078
2077 2079
2077 2154
2078 2154
2078 2155
2079 2080
2080 2081
2080 2105
2081 2105
2081 2108
2081 2110
2082 2083
2082 2090
2082 2132
2082 2158
2082 2170
2083 2084
2083 2090
2084 2085
2084 2088
2084 2089
2084 2090
2084 2096
2085 2086
2085 2087
2085 2088
2085 2096
2085 2153
2085 2200
2086 2087
2086 2123
2086 2135
2087 2135
2087 2200
2088 2089
2088 2135
2088 2200
2089 2100
2089 2135
2090 2095
2090 2096
2090 2132
2092 2093
2092 2094
2092 2188
2092 2189
2092 2190
2092 2343
2092 2365
2092 2730
2093 2094
2093 2141
2093 2190
2094 2141
2094 2730
2095 2096
2095 2116
2095 2132
2095 2146
2095 2147
2096 2147
2096 2153
2097 2098
2097 2099
2097 2118
2097 2119
2097 2120
2097 2128
2097 2129
2098 2099
2098 2100
2098 2129
2098 2169
2099 2120
2099 2134
2099 2169
2100 2129
2100 2169
2101 2102
2101 2103
2101 2109
2101 2111
2101 2127
2102 2103
2102 2104
2102 2110
2102 2111
2102 2117
2103 2104
2103 2127
2104 2117
2104 2133
2105 2107
2105 2108
2106 2126
2106 2179
2107 2108
2107 2109
2107 2127
2108 2109
2108 2110
2109 2110
2109 2111
2109 2127
2110 2111
2112 2113
2112 2142
2113 2119
2113 2120
2113 2134
2114 2115
2114 2131
2114 2136
2114 2137
2114 2148
2115 2118
2115 2119
2115 2131
2116 2117
2116 2133
2116 2146
2117 2133
2118 2119
2118 2128
2118 2130
2118 2131
2119 2120
2120 2134
2124 2125
2124 2130
2124 2139
2124 2148
2125 2126
2125 2139
2128 2129
2128 2130
2130 2131
2130 2148
2131 2148
2132 2133
2132 2146
2132 2158
2133 2146
2135 2200
2136 2137
2136 2138
2136 2139
2136 2148
2137 2138
2137 2140
2138 2139
2138 2140
2139 2148
2142 2149
2143 2144
2143 2145
2143 2186
2143 2187
2143 2216
2143 2251
2144 2145
2144 2183
2144 2191
2144 2251
2145 2176
2145 2177
2145 2191
2145 2193
2145 2216
2145 2284
2145 2313
2147 2153
2150 2151
2150 2152
2150 2156
2150 2157
2151 2152
2151 2156
2151 2410
2151 2411
2151 2495
2151 2541
2151 2600
2152 2157
2152 2244
2152 2541
2154 2155
2155 2178
2156 2157
2156 2162
2156 2410
2156 2413
2157 2162
2157 2168
2157 2244
2158 2170
2159 2160
2159 2161
2159 2162
2159 2211
2159 2217
2159 2417
2160 2161
2160 2162
2160 2167
2160 2171
2160 2582
2161 2186
2161 2187
2161 2217
2161 2582
2162 2167
2162 2168
2162 2413
2162 2417
2163 2164
2163 2165
2163 2166
2163 2184
2163 2228
2164 2165
2164 2172
2164 2173
2164 2184
2164 2434
2164 2554
2165 2166
2165 2397
2165 2434
2166 2196
2166 2197
2166 2228
2166 2397
2167 2168
2167 2171
2168 2171
2168 2223
2168 2243
2168 2244
2171 2223
2171 2504
2171 2582
2172 2173
2172 2174
2172 2240
2172 2485
2172 2554
2173 2174
2173 2184
2173 2232
2173 2251
2174 2232
2174 2240
2174 2504
2174 2582
2175 2176
2175 2177
2175 2396
2175 2517
2176 2177
2176 2216
2177 2284
2177 2517
2178 2179
2180 2181
2180 2182
2180 2371
2180 2372
2180 2402
2180 2740
2181 2182
2181 2371
2181 2373
2181 2485
2181 2554
2181 2555
2182 2484
2182 2485
2183 2184
2183 2185
2183 2191
2183 2192
2183 2251
2183 2459
2184 2185
2184 2228
2184 2251
2185 2228
2185 2459
2185 2463
2186 2187
2186 2216
2186 2217
2187 2232
2187 2251
2187 2582
2188 2189
2188 2343
2189 2190
2191 2192
2191 2193
2192 2193
2192 2459
2193 2313
2193 2459
2193 2474
2194 2195
2194 2196
2194 2198
2194 2199
2194 2518
2195 2196
2195 2197
2195 2199
2195 2201
2195 2474
2195 2477
2196 2197
2196 2397
2196 2398
2196 2403
2196 2518
2197 2228
2197 2463
2197 2474
2198 2199
2198 2351
2198 2403
2198 2518
2199 2201
2199 2219
2199 2222
2199 2314
2199 2351
2199 2730
2201 2477
2201 2730
2201 2842
2201 2845
2202 2203
2202 2204
2202 2205
2202 2206
2203 2204
2203 2205
2203 2207
2204 2206
2204 2207
2204 2212
2205 2207
2205 2262
2205 2751
2206 2212
2206 2680
2207 2212
2207 2262
2207 2565
2207 2648
2207 2755
2208 2209
2208 2210
2208 2211
2208 2413
2208 2417
2209 2210
2209 2211
2209 2218
2210 2250
2210 2413
2210 2431
2210 2487
2210 2553
2211 2217
2211 2218
2211 2417
2212 2248
2212 2432
2212 2433
2212 2565
2212 2680
2212 2759
2213 2214
2213 2215
2213 2224
2213 2227
2213 2314
2213 2522
2213 2599
2213 2640
2214 2215
2214 2640
2215 2225
2215 2522
2217 2218
2219 2220
2219 2221
2219 2222
2219 2314
2220 2221
2220 2227
2220 2314
2220 2521
2221 2222
2221 2446
2221 2521
2222 2365
2222 2446
2222 2730
2223 2235
2223 2236
2223 2243
2223 2504
2224 2225
2224 2226
2224 2227
2224 2522
2225 2226
2225 2522
2225 2578
2226 2227
2226 2521
2226 2578
2227 2314
2227 2521
2228 2463
2229 2230
2229 2231
2229 2536
2229 2537
2229 2676
2229 2719
2229 2720
2230 2231
2230 2233
2230 2676
2230 2677
2231 2233
2231 2241
2231 2242
2231 2266
2231 2537
2231 2669
2231 2670
2232 2251
2232 2582
2233 2241
2233 2441
2233 2442
2233 2559
2233 2677
2233 3044
2234 2235
2234 2236
2234 2240
2234 2356
2234 2484
2235 2236
2235 2240
2235 2504
2236 2243
2236 2356
2237 2238
2237 2239
2237 2538
2237 2666
2237 2716
2237 2819
2238 2239
2238 2264
2238 2666
2239 2264
2239 2447
2239 2448
2239 2536
2239 2538
2239 2722
2240 2484
2240 2485
2240 2504
2241 2242
2241 2559
2242 2559
2242 2664
2242 2665
2242 2669
2243 2244
2243 2352
2243 2356
2243 2358
2243 2738
2244 2352
2244 2353
2244 2541
2245 2246
2245 2247
2245 2540
2246 2247
2246 2540
2246 2681
2246 2812
2246 2938
2247 2257
2247 2258
2247 2460
2247 2653
2247 2681
2247 2682
2248 2249
2248 2250
2248 2433
2248 2565
2249 2250
2249 2410
2249 2412
2249 2565
2250 2410
2250 2413
2250 2431
2250 2433
2252 2253
2252 2254
2252 2256
2252 2259
2252 2347
2253 2254
2253 2255
2253 2256
2254 2255
2254 2314
2254 2347
2255 2256
2255 2314
2255 2599
2256 2259
2257 2258
2257 2653
2257 2754
2257 2756
2257 2767
2257 2785
2257 2786
2259 2347
2259 2402
2259 2519
2260 2261
2260 2262
2260 2639
2261 2262
2261 2495
2261 2600
2261 2603
2262 2494
2262 2495
2262 2639
2262 2751
2262 2755
2263 2264
2263 2265
2263 2294
2263 2448
2263 2702
2263 2806
2263 3059
2263 3087
2264 2265
2264 2448
2264 2666
2264 2667
2265 2295
2265 2667
2265 3018
2265 3087
2265 3257
2266 2267
2266 2268
2266 2278
2266 2279
2266 2537
2266 2670
2267 2268
2267 2281
2267 2282
2267 2304
2267 2315
2267 2670
2267 2844
2268 2278
2268 2280
2268 2304
2268 2538
2269 2270
2269 2271
2269 2273
2269 2566
2269 2575
2269 3119
2270 2271
2270 2500
2270 2501
2270 2575
2271 2273
2271 2307
2271 2500
2271 2626
2271 2627
2272 2273
2272 2274
2272 2427
2272 2567
2272 3119
2273 2274
2273 2306
2273 2307
2273 2744
2273 3119
2274 2427
2274 2744
2274 3063
2274 3066
2275 2276
2275 2277
2275 2283
2276 2277
2276 2283
2278 2279
2278 2280
2278 2537
2278 2538
2281 2282
2281 2315
2282 2844
2282 3025
2284 2313
2284 2517
2285 2286
2285 2287
2285 2308
2285 2310
2285 2311
2285 2312
2285 2342
2285 3156
2286 2287
2286 2311
2286 2604
2286 2788
2286 3104
2286 3276
2287 2604
2287 2668
2287 2760
2287 2761
2287 3156
2288 2289
2288 2290
2289 2290
2289 2318
2289 2862
2290 2318
2291 2292
2291 2293
2291 2543
2291 2615
2291 2662
2291 2787
2292 2293
2292 2543
2292 2792
2292 2793
2293 2615
2293 2792
2293 2921
2294 2295
2294 2296
2294 2836
2294 3059
2294 3087
2294 3257
2295 2296
2295 2298
2295 3018
2295 3019
2295 3257
2296 2297
2296 2298
2296 2560
2296 2736
2296 2835
2296 2836
2297 2298
2297 2360
2297 2482
2297 2560
2297 2561
2297 2633
2297 2789
2298 2482
2298 2781
2298 3019
2298 3121
2299 2300
2299 2301
2299 2302
2299 2303
2299 2663
2299 2689
2299 2831
2300 2301
2300 2665
2300 2687
2300 2688
2300 2689
2300 2884
2300 3117
2301 2663
2301 2664
2301 2665
2302 2303
2302 2548
2302 2696
2302 2697
2302 2803
2302 2829
2302 2831
2302 3136
2303 2663
2303 2803
2303 2997
2304 2315
2304 2538
2304 2715
2304 2716
2304 3137
2304 3138
2305 2306
2305 2307
2305 2325
2305 2627
2305 2655
2305 2703
2306 2307
2306 2325
2306 2428
2306 2533
2306 2744
2307 2627
2308 2309
2308 2310
2308 2342
2308 2416
2308 2486
2308 2654
2308 3048
2309 2310
2309 2654
2309 3101
2309 3103
2309 3129
2311 2312
2311 3276
2313 2474
2313 2477
2313 2629
2314 2347
2314 2351
2314 2599
2316 2317
2316 2318
2316 2862
2317 2318
2317 2692
2317 2927
2318 2692
2318 2862
2318 2989
2319 2320
2319 2321
2319 2334
2319 2336
2319 2416
2319 2705
2319 2706
2319 3048
2320 2321
2320 2333
2320 2337
2320 2341
2320 2342
2320 3048
2321 2333
2321 2335
2321 2336
2322 2323
2322 2324
2322 2583
2322 2715
2322 2716
2322 3137
2322 3138
2323 2324
2323 2715
2323 2854
2324 2583
2324 2817
2324 2854
2324 3150
2325 2428
2325 2429
2325 2703
2326 2327
2326 2328
2326 2418
2326 2420
2326 2510
2326 2690
2326 2736
2327 2328
2327 2510
2328 2736
2328 2737
2328 3060
2328 3061
2329 2330
2329 2331
2329 2711
2329 2712
2329 2746
2329 2766
2329 3051
2330 2331
2330 2711
2330 3053
2330 3054
2331 2508
2331 2569
2331 3037
2331 3051
2331 3053
2332 2333
2332 2334
2333 2334
2333 2335
2333 2337
2333 2668
2333 2794
2334 2336
2334 2706
2334 2725
2334 2794
2337 2341
2337 2668
2337 3156
2338 2339
2338 2340
2338 2381
2338 2382
2338 2396
2338 2704
2339 2340
2339 2449
2339 2450
2340 2381
2340 2450
2340 2487
2340 2553
2341 2342
2341 3156
2342 3048
2342 3156
2343 2365
2343 2366
2344 2345
2344 2346
2345 2346
2345 2348
2345 2349
2345 2442
2345 2763
2345 3223
2346 2441
2346 2442
2346 2773
2346 2774
2347 2351
2347 2402
2347 2403
2348 2349
2348 2350
2348 2357
2348 2491
2348 2492
2348 2656
2348 2763
2349 2350
2350 2357
2350 2773
2350 2775
2351 2403
2352 2353
2352 2354
2352 2358
2353 2354
2353 2355
2353 2541
2354 2355
2354 2358
2355 2541
2355 2739
2356 2484
2356 2738
2357 2491
2357 2772
2357 2775
2357 2948
2358 2738
2359 2360
2359 2361
2359 2419
2359 2638
2359 3278
2360 2361
2360 2418
2360 2419
2360 2561
2360 2633
2361 2633
2361 2816
2361 3278
2362 2363
2362 2364
2362 2723
2362 2724
2362 3028
2363 2364
2363 2774
2363 2823
2363 3028
2363 3029
2363 3086
2364 2705
2364 2706
2364 2724
2364 2774
2364 3044
2364 3045
2364 3236
2365 2366
2365 2446
2365 2730
2366 2446
2366 2578
2367 2368
2367 2369
2367 2384
2367 2472
2368 2369
2368 2374
2368 2384
2368 2713
2369 2374
2370 2371
2370 2372
2370 2373
2370 2398
2371 2372
2371 2373
2372 2398
2372 2402
2372 2403
2373 2397
2373 2398
2373 2555
2374 2713
2375 2376
2375 2377
2375 2386
2375 2597
2375 2598
2376 2377
2376 2597
2376 3391
2377 2386
2377 2807
2378 2379
2378 2380
2378 2391
2378 2556
2378 2624
2378 2625
2378 3006
2379 2380
2379 2624
2379 2804
2379 2808
2380 2556
2380 2796
2380 2804
2381 2382
2381 2553
2382 2396
2382 2553
2382 2570
2383 2384
2383 2385
2383 2393
2383 2713
2383 2714
2384 2385
2384 2472
2384 2713
2385 2388
2385 2393
2385 2394
2385 2470
2385 2472
2385 2473
2386 2393
2386 2395
2386 2595
2386 2598
2386 2807
2387 2388
2387 2389
2387 2394
2387 2395
2387 2625
2387 2634
2388 2389
2388 2394
2388 2470
2388 2471
2389 2466
2389 2467
2389 2471
2389 2634
2389 2919
2390 2391
2390 2392
2390 2436
2390 2777
2390 2808
2391 2392
2391 2624
2391 2625
2391 2634
2391 2808
2392 2436
2392 2469
2392 2503
2392 2634
2392 2727
2392 3030
2393 2394
2393 2395
2393 2714
2393 2807
2394 2395
2395 2593
2395 2595
2395 2625
2396 2517
2396 2570
2396 2704
2397 2398
2397 2434
2397 2555
2398 2403
2399 2400
2399 2401
2399 2967
2399 2968
2399 3153
2400 2401
2400 2649
2400 3153
2401 2529
2401 2530
2401 2531
2401 2649
2401 2811
2401 2967
2401 2969
2401 2970
2402 2403
2402 2519
2402 2520
2402 2740
2403 2518
2404 2405
2404 2406
2404 2408
2404 2409
2404 2516
2404 2613
2404 2841
2405 2406
2405 2408
2405 2532
2405 2717
2406 2532
2406 2534
2406 2613
2406 2686
2406 2776
2406 2825
2407 2408
2407 2409
2407 2475
2407 2476
2407 2636
2407 2644
2408 2409
2408 2636
2408 2717
2408 2750
2408 3133
2408 3135
2409 2475
2409 2841
2409 3012
2409 3099
2410 2411
2410 2412
2410 2413
2411 2412
2411 2495
2412 2494
2412 2495
2412 2565
2412 2648
2413 2417
2414 2415
2414 2416
2414 2677
2414 3044
2414 3045
2415 2416
2415 2486
2415 2574
2415 2676
2415 2677
2416 2486
2416 2705
2416 3045
2416 3048
2418 2419
2418 2420
2418 2561
2418 2690
2419 2420
2419 2638
2420 2510
2421 2422
2421 2423
2421 2452
2421 2455
2421 2539
2421 2630
2421 2631
2421 2661
2421 2675
2421 2824
2421 2826
2422 2423
2422 2511
2422 2631
2422 2780
2422 3023
2423 2425
2423 2426
2423 2539
2423 2731
2423 2779
2423 2780
2424 2425
2424 2426
2424 2445
2424 2524
2424 2526
2424 2527
2424 2542
2424 2628
2424 3125
2425 2426
2425 2539
2425 3125
2426 2526
2426 2572
2426 2731
2426 2733
2427 2567
2427 2635
2427 3066
2428 2429
2428 2430
2428 2465
2428 2533
2428 2718
2429 2430
2429 2438
2429 2440
2429 2585
2429 2586
2429 2698
2429 2699
2429 2703
2430 2440
2430 2465
2431 2432
2431 2433
2431 2450
2431 2487
2432 2433
2432 2449
2432 2450
2432 2759
2434 2554
2434 2555
2435 2436
2435 2437
2435 2493
2435 2679
2435 3092
2435 3094
2435 3111
2436 2437
2436 2503
2436 2679
2436 2777
2437 2493
2437 2502
2437 2503
2437 2506
2437 2699
2438 2439
2438 2440
2438 2452
2438 2453
2438 2502
2438 2699
2439 2440
2439 2452
2439 2464
2439 2465
2439 2826
2440 2465
2441 2442
2441 2774
2441 3044
2442 2559
2442 2659
2442 3223
2443 2444
2443 2445
2443 2527
2444 2445
2444 2822
2444 3127
2445 2527
2445 2628
2445 2822
2445 2971
2446 2521
2446 2578
2447 2448
2447 2721
2447 2722
2447 2820
2447 2821
2448 2462
2448 2806
2448 2821
2449 2450
2449 2759
2450 2487
2451 2452
2451 2453
2451 2454
2451 2455
2451 2726
2451 2729
2452 2453
2452 2455
2452 2826
2453 2468
2453 2469
2453 2502
2453 2726
2453 2837
2454 2455
2454 2466
2454 2622
2454 2630
2454 2729
2455 2630
2456 2457
2456 2458
2456 2509
2457 2458
2457 2557
2457 2558
2457 2678
2457 2834
2458 2508
2458 2509
2458 2579
2458 2592
2458 2641
2458 2643
2458 2834
2459 2463
2459 2474
2460 2461
2460 2462
2460 2653
2460 2682
2461 2462
2461 2682
2461 2820
2461 2821
2462 2653
2462 2693
2462 2806
2462 2821
2462 2840
2463 2474
2464 2465
2464 2675
2464 2686
2464 2825
2464 2826
2465 2718
2465 2825
2466 2467
2466 2622
2466 2630
2466 2631
2466 2784
2466 2919
2467 2622
2467 2634
2467 2749
2467 2771
2468 2469
2468 2837
2468 2838
2468 3030
2469 2502
2469 2503
2469 3030
2470 2471
2470 2473
2470 2741
2470 2742
2471 2742
2471 2743
2471 2919
2472 2473
2472 2512
2473 2512
2473 2741
2474 2477
2475 2476
2475 2646
2475 3012
2475 3124
2475 3331
2476 2644
2476 3110
2477 2629
2477 2839
2477 2842
2477 2843
2478 2479
2478 2480
2478 2691
2478 2847
2478 2848
2478 2849
2479 2480
2479 2847
2479 3370
2480 2691
2480 2692
2480 2989
2481 2482
2481 2483
2481 2632
2481 3149
2482 2483
2482 2632
2482 2781
2482 2789
2483 2781
2483 2817
2483 3149
2484 2485
2485 2554
2486 2574
2486 2654
2487 2553
2488 2489
2488 2490
2488 2492
2488 2656
2488 2657
2488 2696
2488 2798
2488 2799
2488 2802
2489 2490
2489 2492
2489 2550
2489 2758
2489 2932
2489 2985
2490 2550
2490 2552
2490 2696
2490 2707
2491 2492
2491 2757
2491 2947
2491 2948
2492 2656
2492 2757
2492 2758
2493 2506
2493 2601
2493 2602
2493 3108
2493 3111
2494 2495
2494 2648
2494 2755
2495 2600
2496 2497
2496 2498
2496 3060
2496 3061
2497 2498
2497 2608
2497 3033
2497 3157
2498 2608
2498 2609
2498 2695
2498 2700
2498 3060
2499 2500
2499 2501
2499 2626
2499 2710
2499 2712
2500 2501
2500 2626
2502 2503
2502 2699
2504 2582
2505 2506
2505 2507
2505 2587
2505 2589
2505 2602
2506 2507
2506 2602
2506 2698
2506 2699
2507 2584
2507 2587
2507 2698
2507 3070
2508 2509
2508 2569
2508 2643
2508 3037
2509 2569
2511 2512
2511 2513
2511 2623
2511 2631
2511 2784
2511 3023
2512 2513
2512 2623
2512 2741
2513 2778
2513 3023
2513 3139
2514 2515
2514 2516
2514 2614
2514 2984
2514 3216
2515 2516
2515 2605
2515 2841
2515 3216
2516 2613
2516 2614
2516 2841
2517 2704
2519 2520
2520 2740
2521 2578
2523 2524
2523 2525
2523 2542
2523 2543
2523 2723
2523 2724
2523 2725
2523 2793
2524 2525
2524 2542
2524 2628
2525 2628
2525 2723
2525 2971
2525 2972
2526 2527
2526 2732
2526 2733
2527 2732
2528 2529
2528 2530
2528 2574
2528 2720
2528 2721
2528 2801
2529 2530
2529 2681
2529 2801
2529 2811
2530 2531
2530 2574
2530 2654
2530 3101
2530 3297
2530 3298
2531 2649
2531 3297
2532 2534
2532 2535
2532 2717
2533 2534
2533 2535
2533 2718
2533 2744
2533 2776
2534 2535
2534 2776
2535 2717
2535 2744
2535 3064
2536 2537
2536 2538
2536 2719
2536 2722
2537 2538
2538 2716
2539 2542
2539 2661
2539 3125
2540 2563
2540 2938
2540 3107
2541 2600
2541 2739
2542 2543
2542 2661
2542 2662
2542 3125
2543 2662
2543 2793
2544 2545
2544 2546
2544 2626
2544 2766
2545 2546
2545 2655
2545 2765
2545 2766
2545 2790
2546 2626
2546 2627
2546 2655
2547 2548
2547 2549
2547 2551
2547 2697
2547 3015
2547 3016
2548 2549
2548 2696
2548 2697
2548 2707
2549 2551
2549 2552
2549 2707
2550 2551
2550 2552
2550 2616
2550 2932
2551 2552
2551 2616
2551 3016
2551 3264
2552 2707
2553 2570
2554 2555
2556 2795
2556 2796
2556 3006
2556 3039
2557 2558
2557 2678
2557 2734
2558 2590
2558 2734
2558 2735
2558 2834
2559 2658
2559 2659
2559 2664
2560 2561
2560 2690
2560 2736
2561 2690
2562 2563
2562 2564
2562 2684
2563 2564
2563 2683
2563 2684
2563 2754
2563 2762
2563 2767
2563 2938
2563 3107
2564 2762
2564 3088
2565 2648
2566 2567
2566 2568
2566 2575
2566 3119
2566 3143
2567 2568
2567 2635
2567 2636
2567 2637
2567 3119
2568 2637
2568 2650
2568 2768
2568 2769
2568 2827
2568 3143
2568 3144
2569 3053
2569 3118
2571 2572
2571 2573
2571 2732
2571 3139
2572 2573
2572 2731
2572 2732
2572 2733
2573 2731
2573 2778
2573 2779
2573 3139
2574 2654
2574 2676
2574 2720
2575 2576
2575 2577
2575 3143
2576 2577
2576 3143
2576 3144
2576 3145
2577 2827
2577 2828
2577 3145
2579 2580
2579 2581
2579 2592
2579 2620
2579 2621
2579 2641
2579 2745
2580 2581
2580 2588
2580 2592
2580 2612
2581 2588
2581 2618
2581 2621
2583 2716
2583 2817
2583 2818
2583 2819
2584 2585
2584 2586
2584 2587
2584 2619
2584 3070
2585 2586
2585 2698
2585 3070
2586 2619
2586 2703
2587 2588
2587 2589
2587 2618
2587 2619
2588 2589
2588 2612
2588 2618
2588 2856
2589 2602
2589 2855
2589 2856
2590 2591
2590 2592
2590 2735
2590 2834
2591 2592
2591 2612
2591 2735
2591 2856
2591 2857
2592 2612
2592 2834
2593 2594
2593 2595
2593 2625
2594 2595
2594 2598
2594 2625
2594 3006
2594 3039
2595 2598
2596 2597
2596 2598
2596 2795
2596 2846
2596 3039
2597 2598
2597 2846
2597 2847
2597 2848
2597 2849
2597 3391
2598 3039
2599 2640
2600 2603
2600 2739
2601 2602
2601 2855
2601 2857
2601 2966
2601 3108
2602 2855
2603 2739
2604 2605
2604 2607
2604 2788
2604 2983
2604 3099
2605 2606
2605 2607
2605 2841
2605 3099
2605 3216
2606 2607
2606 2984
2606 3216
2607 2983
2607 2984
2608 2609
2608 2610
2608 3033
2609 2610
2609 2611
2609 2695
2610 2611
2610 2945
2610 3033
2610 3034
2611 2693
2611 2695
2611 2944
2611 2945
2611 3076
2612 2856
2613 2614
2613 2674
2613 2686
2614 2674
2614 2791
2614 2984
2615 2672
2615 2787
2615 2921
2615 2994
2615 3140
2616 2932
2616 3147
2616 3148
2616 3264
2617 2618
2617 2619
2617 2620
2617 2621
2617 2765
2617 2790
2618 2619
2618 2621
2619 2703
2619 2790
2620 2621
2620 2745
2620 2746
2620 2765
2622 2729
2622 2770
2622 2771
2623 2741
2623 2743
2623 2784
2624 2808
2625 2634
2625 3006
2626 2627
2626 2712
2626 2766
2627 2655
2628 2971
2629 2839
2630 2631
2631 2784
2632 2789
2633 2789
2633 2816
2634 2727
2634 2749
2635 2636
2635 2750
2635 3062
2635 3063
2635 3066
2636 2637
2636 2644
2636 2750
2637 2644
2637 2650
2637 3110
2639 2751
2641 2642
2641 2643
2641 2745
2641 2748
2642 2643
2642 2748
2642 3037
2643 3037
2644 3110
2645 2646
2645 2647
2645 2651
2645 3124
2645 3155
2646 2647
2646 3011
2646 3124
2646 3151
2646 3331
2647 2651
2647 2652
2647 3011
2648 2755
2650 2651
2650 2652
2650 2768
2650 3110
2651 2652
2651 3110
2651 3155
2653 2756
2653 2840
2653 2943
2653 2944
2654 3101
2655 2703
2655 2790
2656 2657
2656 2763
2656 2764
2657 2660
2657 2764
2657 2797
2657 2798
2658 2659
2658 2660
2658 2664
2658 2797
2658 2997
2659 2660
2659 2763
2659 2764
2659 3223
2660 2764
2660 2797
2661 2662
2661 2824
2662 2671
2662 2787
2662 2824
2663 2664
2664 2665
2664 2997
2665 2669
2665 2687
2666 2667
2666 2818
2666 2819
2666 3121
2667 3018
2667 3121
2668 2761
2668 2792
2668 2794
2668 2921
2668 3156
2669 2670
2669 2687
2670 2687
2670 2844
2670 2863
2670 2878
2670 3024
2671 2672
2671 2673
2671 2674
2671 2675
2671 2787
2671 2824
2672 2673
2672 2787
2672 2994
2673 2674
2673 2791
2673 2994
2674 2675
2674 2686
2674 2791
2675 2686
2675 2824
2675 2826
2676 2677
2676 2720
2677 3044
2679 2777
2679 3094
2680 2759
2681 2682
2681 2801
2681 2811
2681 2812
2682 2801
2682 2820
2683 2684
2683 2685
2683 2810
2683 2812
2683 2938
2684 2685
2685 2810
2685 2814
2686 2825
2687 2863
2687 3090
2687 3117
2688 2689
2688 2832
2688 2877
2688 2884
2689 2830
2689 2831
2689 2832
2689 2833
2690 2736
2691 2692
2691 2849
2691 2927
2692 2927
2692 2989
2693 2694
2693 2695
2693 2702
2693 2806
2693 2840
2693 3076
2694 2695
2694 2700
2694 2701
2694 2702
2694 2805
2695 2700
2696 2707
2696 2802
2696 3136
2697 2829
2697 3015
2698 2699
2698 3070
2700 2701
2700 2835
2700 3060
2701 2805
2701 2835
2701 2836
2701 3059
2702 2805
2702 2806
2702 3059
2703 2790
2705 2706
2705 3045
2706 2725
2706 3236
2708 2709
2708 2710
2708 2942
2709 2710
2709 2711
2709 2712
2709 2782
2709 3036
2710 2712
2710 2942
2710 3146
2711 2712
2711 2782
2711 2783
2711 3054
2712 2766
2713 2714
2714 2807
2715 3138
2716 2819
2716 3137
2717 3064
2717 3135
2718 2776
2718 2825
2719 2720
2719 2721
2719 2722
2720 2721
2721 2722
2721 2801
2721 2820
2723 2724
2723 2972
2723 3028
2723 3029
2724 2725
2724 3236
2725 2793
2725 2794
2725 3236
2726 2727
2726 2728
2726 2729
2726 2770
2726 2837
2726 2838
2727 2728
2727 2749
2727 2838
2727 3030
2728 2749
2728 2770
2728 2771
2729 2770
2730 2845
2731 2779
2732 2733
2734 2735
2734 3109
2735 2857
2735 2966
2735 3109
2735 3269
2736 2737
2736 2835
2737 2835
2737 3060
2741 2742
2741 2743
2742 2743
2743 2784
2743 2919
2744 3063
2744 3064
2745 2746
2745 2747
2745 2748
2746 2747
2746 2765
2746 2766
2746 3051
2747 2748
2747 3037
2747 3051
2748 3037
2749 2771
2750 3062
2750 3133
2752 2753
2752 2754
2752 2756
2752 2785
2752 2786
2753 2754
2753 2756
2753 2762
2753 2809
2753 3088
2754 2762
2754 2767
2754 2786
2756 2785
2756 2809
2756 2943
2757 2758
2757 2947
2757 2985
2758 2985
2760 2761
2760 2983
2761 2921
2761 2983
2761 3140
2762 3088
2763 2764
2763 3223
2765 2766
2765 2790
2768 2769
2769 2827
2769 2961
2769 3152
2770 2771
2772 2773
2772 2774
2772 2775
2772 2823
2772 2910
2772 2948
2773 2774
2773 2775
2774 2823
2774 3044
2776 2825
2778 2779
2778 2780
2778 3023
2778 3139
2779 2780
2780 3023
2781 2817
2781 3120
2781 3121
2782 2783
2782 3036
2782 3052
2783 3052
2783 3054
2784 2919
2785 2786
2788 3099
2788 3104
2788 3154
2789 2816
2791 2984
2791 2994
2792 2793
2792 2794
2792 2921
2793 2794
2795 2796
2795 3039
2797 2798
2797 2799
2797 2800
2797 2803
2797 2997
2798 2799
2799 2800
2799 2802
2800 2802
2800 2803
2800 3136
2801 2820
2802 3136
2803 2997
2803 3136
2805 3059
2809 2943
2809 3088
2810 2811
2810 2812
2810 2813
2810 2814
2811 2812
2811 2813
2811 2969
2812 2938
2813 2814
2813 2815
2813 2969
2814 2815
2815 2969
2815 2970
2815 3116
2817 2818
2817 3120
2817 3149
2817 3150
2818 2819
2818 3120
2818 3121
2820 2821
2822 2971
2822 2972
2822 3029
2822 3127
2823 2910
2823 3086
2827 2828
2827 2961
2827 2977
2827 3144
2827 3145
2828 2977
2829 2830
2829 2831
2830 2831
2830 2833
2832 2833
2835 2836
2835 3060
2836 3059
2837 2838
2838 3030
2839 2843
2840 2944
2840 3076
2841 3099
2844 3024
2844 3025
2846 2847
2847 2848
2847 3370
2848 2849
2849 3391
2850 2851
2850 2852
2850 2853
2850 2988
2850 3089
2851 2852
2851 2900
2851 2902
2851 3089
2851 3105
2852 2853
2852 2902
2852 2939
2852 2941
2852 2950
2852 2951
2853 2930
2853 2931
2853 2950
2853 2988
2854 3149
2854 3150
2855 2856
2855 2857
2856 2857
2857 2966
2858 2859
2858 2860
2858 2903
2858 3050
2858 3069
2858 3080
2859 2860
2859 2861
2859 2903
2859 3003
2859 3114
2860 2861
2860 2886
2860 3050
2861 2886
2861 2887
2861 2917
2861 2920
2861 3114
2861 3158
2861 3159
2863 2877
2863 2878
2863 3090
2864 2865
2864 2866
2864 2868
2864 2915
2864 2917
2864 2918
2864 2920
2864 2946
2864 2949
2865 2866
2865 2946
2865 2954
2865 2990
2865 2991
2865 3005
2865 3097
2866 2918
2866 2991
2866 2998
2866 3074
2867 2868
2867 2869
2867 3083
2867 3084
2867 3112
2867 3113
2868 2869
2868 2920
2868 2949
2868 3020
2868 3021
2868 3083
2868 3160
2869 3112
2870 2871
2870 2872
2870 2879
2870 2883
2870 2937
2871 2872
2871 2879
2871 2880
2872 2880
2872 2881
2872 2883
2872 3002
2872 3081
2872 3098
2873 2874
2873 2875
2873 2876
2873 3005
2873 3095
2873 3097
2874 2875
2874 2876
2874 2935
2874 2936
2874 3079
2875 2936
2875 3095
2876 2956
2876 2959
2876 3004
2876 3005
2876 3079
2877 2878
2877 2884
2877 3090
2877 3117
2878 3024
2879 2880
2879 2897
2879 2898
2879 2937
2880 2897
2880 3007
2880 3009
2880 3013
2880 3081
2881 2882
2881 2883
2881 2885
2881 3002
2882 2883
2882 2885
2882 2930
2882 3042
2882 3047
2882 3085
2882 3123
2883 2937
2883 3123
2884 3117
2885 2928
2885 2934
2885 3000
2885 3002
2885 3085
2886 2887
2886 2888
2886 2889
2886 3050
2887 2888
2887 2916
2887 2917
2887 2974
2887 2975
2887 3046
2888 2889
2888 3046
2889 2908
2889 2909
2889 3046
2889 3050
2890 2891
2890 2892
2890 2911
2890 2914
2890 2987
2891 2892
2891 2893
2891 2894
2891 2909
2891 2911
2891 2960
2891 2962
2892 2914
2892 2960
2892 2978
2892 2982
2892 3056
2893 2894
2893 2895
2893 2909
2893 2974
2893 3046
2894 2895
2894 2962
2894 2993
2895 2974
2895 2975
2895 2993
2896 2897
2896 2898
2896 2899
2896 3040
2897 2898
2897 2899
2897 2955
2897 3013
2898 2937
2898 2952
2898 3038
2898 3040
2899 2955
2899 3040
2899 3065
2900 2901
2900 2902
2900 3071
2900 3105
2901 2902
2901 2903
2901 3003
2901 3071
2902 2903
2902 2939
2903 2913
2903 2939
2903 2940
2903 3003
2903 3069
2904 2905
2904 2906
2904 2907
2904 2960
2904 2996
2904 3032
2904 3035
2904 3056
2905 2906
2905 2907
2906 3056
2906 3057
2907 3035
2907 3074
2907 3134
2908 2909
2908 2911
2908 3050
2908 3068
2909 2911
2909 3046
2910 2948
2910 3086
2911 2987
2911 3068
2912 2913
2912 2914
2912 2940
2912 2941
2912 2978
2912 3041
2913 2914
2913 2940
2913 2987
2913 3068
2913 3069
2914 2978
2914 2987
2915 2916
2915 2917
2915 2918
2915 3073
2916 2917
2916 2975
2916 2995
2916 3031
2916 3072
2916 3073
2917 2920
2918 3072
2918 3073
2918 3074
2920 3158
2920 3160
2921 3140
2922 2923
2922 2924
2922 2925
2922 2926
2923 2924
2923 2926
2923 2928
2923 2934
2924 2925
2924 2928
2925 2928
2925 3000
2925 3141
2926 2934
2926 3126
2928 2934
2928 3000
2929 2930
2929 2931
2929 2933
2929 3115
2929 3123
2930 2931
2930 2988
2930 3047
2930 3058
2930 3123
2931 2933
2931 2950
2932 2985
2932 2986
2932 3147
2933 2950
2933 2951
2933 2952
2933 3115
2934 3042
2934 3043
2934 3085
2934 3126
2934 3142
2935 2936
2935 2958
2935 3079
2937 3038
2937 3123
2939 2940
2939 2941
2940 2941
2941 2951
2941 3041
2942 3146
2943 2944
2943 2945
2944 2945
2944 3076
2945 3034
2946 2949
2946 2953
2946 2954
2947 2948
2947 2985
2947 2986
2949 2953
2949 3020
2949 3049
2950 2951
2951 2952
2951 3041
2952 3038
2952 3040
2952 3041
2952 3115
2953 2954
2953 3049
2953 3078
2954 2959
2954 3004
2954 3005
2954 3078
2955 2980
2955 2981
2955 3013
2955 3065
2956 2957
2956 2958
2956 2959
2956 3079
2957 2958
2957 2959
2957 3078
2957 3091
2958 3079
2958 3091
2959 3004
2959 3078
2960 2962
2960 2996
2960 3056
2961 2977
2961 3152
2962 2993
2962 2996
2963 2964
2963 2965
2963 2973
2963 3047
2963 3058
2964 2965
2964 2973
2964 3043
2964 3082
2964 3142
2965 3026
2965 3027
2965 3058
2965 3082
2966 3108
2966 3269
2967 2968
2967 2970
2967 2976
2968 2976
2968 3153
2968 3354
2969 2970
2970 2976
2970 3116
2971 2972
2972 3029
2973 3042
2973 3043
2973 3047
2974 2975
2974 3046
2975 2993
2975 2995
2976 3116
2976 3354
2978 2982
2978 3041
2978 3065
2979 2980
2979 2981
2979 2982
2979 3014
2979 3057
2980 2981
2980 3013
2980 3014
2981 2982
2981 3065
2982 3056
2982 3057
2982 3065
2983 2984
2983 2994
2983 3140
2984 2994
2984 3216
2985 2986
2987 3068
2988 3027
2988 3058
2988 3089
2988 3106
2990 2991
2990 2992
2990 3096
2990 3097
2991 2992
2991 2998
2992 2998
2992 3096
2993 2995
2993 2996
2994 3140
2995 2996
2995 3031
2995 3032
2996 3032
2998 3074
2998 3075
2999 3000
2999 3001
2999 3122
3000 3001
3000 3002
3000 3122
3000 3141
3001 3002
3001 3098
3001 3100
3002 3098
3003 3071
3004 3005
3005 3097
3006 3039
3007 3008
3007 3009
3007 3013
3007 3017
3008 3009
3008 3010
3008 3017
3009 3010
3009 3081
3010 3081
3010 3132
3011 3151
3011 3329
3012 3099
3012 3154
3012 3331
3013 3014
3013 3017
3013 3067
3013 3131
3014 3057
3014 3131
3015 3016
3016 3264
3017 3067
3018 3019
3018 3121
3019 3121
3020 3021
3020 3022
3020 3049
3021 3022
3021 3083
3022 3049
3022 3091
3024 3025
3026 3027
3026 3082
3026 3105
3026 3106
3026 3128
3027 3058
3027 3106
3028 3029
3029 3086
3029 3127
3031 3032
3031 3035
3031 3072
3031 3074
3032 3035
3033 3034
3033 3157
3034 3157
3035 3074
3037 3051
3038 3115
3038 3123
3040 3041
3040 3065
3041 3065
3042 3043
3042 3047
3042 3085
3043 3142
3044 3045
3047 3058
3049 3078
3049 3091
3050 3068
3050 3080
3052 3054
3052 3055
3053 3054
3053 3055
3053 3118
3054 3055
3055 3118
3056 3057
3060 3061
3062 3063
3062 3064
3062 3133
3062 3135
3063 3064
3063 3066
3064 3135
3067 3131
3068 3069
3068 3080
3069 3080
3071 3105
3071 3128
3072 3073
3072 3074
3074 3075
3074 3077
3074 3134
3075 3077
3077 3134
3078 3091
3081 3098
3081 3132
3083 3084
3084 3113
3086 3127
3087 3257
3089 3105
3089 3106
3090 3117
3092 3093
3092 3094
3092 3111
3093 3094
3095 3096
3095 3097
3096 3097
3098 3100
3098 3132
3099 3154
3100 3132
3101 3102
3101 3103
3101 3298
3102 3103
3102 3130
3102 3298
3103 3129
3103 3130
3104 3154
3104 3276
3105 3106
3105 3128
3108 3111
3108 3269
3109 3269
3110 3124
3110 3155
3112 3113
3114 3159
3115 3123
3116 3354
3120 3121
3122 3141
3124 3155
3126 3142
3129 3130
3133 3135
3137 3138
3143 3144
3144 3145
3147 3148
3148 3264
3149 3150
3151 3329
3154 3331
3161 3162
3161 3163
3161 3164
3161 3168
3161 3226
3161 3230
3161 3232
3161 3246
3162 3163
3162 3164
3162 3166
3162 3167
3163 3167
3163 3230
3163 3231
3164 3165
3164 3166
3164 3168
3165 3166
3165 3168
3165 3169
3165 3203
3165 3205
3165 3209
3166 3167
3166 3169
3167 3169
3167 3170
3167 3171
3167 3231
3168 3203
3168 3226
3169 3171
3169 3205
3170 3171
3170 3186
3170 3229
3170 3230
3170 3231
3170 3252
3171 3205
3171 3252
3171 3254
3172 3173
3172 3174
3172 3175
3172 3180
3172 3182
3172 3208
3173 3174
3173 3175
3173 3211
3173 3227
3173 3233
3174 3180
3174 3227
3174 3228
3175 3206
3175 3207
3175 3208
3175 3211
3175 3267
3176 3177
3176 3178
3176 3179
3176 3185
3176 3199
3176 3266
3177 3178
3177 3194
