13807549659418727339 3567 1900
-0.128927 0.634602 -0.005130
-0.184252 0.574549 0.025132
-0.168017 0.550705 0.018322
-0.182002 0.548287 0.055869
-0.142273 0.490083 0.055250
-0.013674 0.517789 0.130614
-0.051303 0.481353 0.179673
-0.137859 0.521471 0.141174
-0.123653 0.443476 0.130052
-0.118487 0.620344 0.181970
-0.013674 0.517789 0.130614
-0.051303 0.481353 0.179673
-0.132825 0.608370 0.017767
-0.118866 0.641389 0.011089
0.030659 0.944616 0.086875
-0.028717 0.904706 0.075864
-0.141197 1.104216 0.064019
-0.071378 1.083833 0.007556
-0.176606 1.081753 0.050492
-0.055245 -0.454083 0.057417
-0.128355 -0.411892 0.048664
-0.100064 -0.423018 0.038360
-0.209240 -0.146023 0.014778
-0.172137 -0.309912 0.039888
0.332377 -1.008501 0.193657
0.273011 -1.093563 0.154122
0.184158 -1.137735 -0.010656
0.370716 -1.069221 0.128684
0.273011 -1.093563 0.154122
0.370716 -1.069221 0.128684
0.292647 -1.123216 0.043540
0.370716 -1.069221 0.128684
-0.017125 -0.853616 0.029410
-0.109505 -0.917062 0.111681
-0.083419 -0.906371 0.036980
-0.094814 -0.777120 0.110395
-0.109505 -0.917062 0.111681
-0.229928 -0.976783 0.056218
-0.109505 -0.917062 0.111681
-0.017125 -0.853616 0.029410
-0.370890 -0.407972 0.144802
-0.100512 -0.786485 0.123990
-0.376763 -0.428919 -0.002527
-0.071032 -0.222757 0.008451
-0.031674 -0.064496 0.014504
-0.239436 -0.202391 0.053534
-0.122591 -0.095798 0.137713
-0.128996 -0.181719 0.241062
-0.100512 -0.786485 0.123990
-0.023006 -0.763333 0.074509
-0.239567 -0.453582 0.094451
-0.277779 -0.452987 0.016770
0.059679 -0.258551 0.240338
0.114889 -0.347653 0.197912
0.151644 -0.208292 0.000278
0.266748 -0.537157 0.071134
0.192306 -0.594788 0.170330
0.273009 -0.929888 0.071207
0.223644 -0.916600 0.166804
0.309800 -0.662699 0.151756
0.100637 -0.471541 0.129120
0.361480 -0.988100 0.117422
0.320850 -0.964628 0.201103
-0.071032 -0.222757 0.008451
0.361480 -0.988100 0.117422
-0.159349 -0.799694 0.066370
-0.102189 -0.798254 0.017151
-0.031674 -0.064496 0.014504
0.185197 -0.058379 0.031962
-0.200474 0.005544 0.017190
-0.192565 -0.298672 0.019332
-0.141896 -0.014482 0.124553
-0.236025 0.211469 0.198997
-0.159635 0.199905 0.142908
-0.197645 0.312288 0.018779
-0.236025 0.211469 0.198997
-0.130697 0.472805 0.173618
-0.092316 0.423167 0.057112
-0.318067 0.313089 0.124844
-0.004264 0.540642 0.141482
0.070307 0.401640 0.257401
-0.124156 -0.278981 0.075350
0.044178 0.473602 -0.001096
0.026398 0.511019 0.067848
-0.004262 0.787253 0.035875
0.159969 0.639555 0.073278
0.014561 0.842769 0.112912
0.203022 0.428014 0.088701
0.026398 0.511019 0.067848
0.063410 0.496793 0.142542
0.192070 0.064282 0.230184
0.232253 -0.065219 0.112730
-0.007522 0.498405 0.073211
-0.004264 0.540642 0.141482
-0.141896 -0.014482 0.124553
-0.159635 0.199905 0.142908
-0.318067 0.313089 0.124844
-0.110563 -0.276087 -0.008244
0.232253 -0.065219 0.112730
0.199808 -0.083881 0.024800
-0.100297 1.051420 0.069574
-0.021290 1.088461 0.044293
-0.061738 1.053322 -0.003906
-0.150931 0.626202 0.023275
-0.140432 0.637964 0.008888
-0.129798 0.621422 0.034516
-0.143625 0.643722 -0.004513
-0.176592 0.629889 0.032482
-0.157529 0.551424 0.019230
-0.179844 0.552751 0.026652
-0.127253 0.486656 0.067545
-0.063780 0.520004 0.038444
-0.157529 0.551424 0.019230
-0.173956 0.546179 0.059435
-0.198361 0.583238 0.016892
-0.001093 0.510194 0.142909
-0.014861 0.515526 0.122859
-0.015380 0.529583 0.090488
-0.171727 0.626134 0.058083
-0.157853 0.620718 0.075395
-0.061941 0.417515 0.075209
-0.009405 0.618615 0.036553
-0.026199 0.637487 0.029038
-0.086866 0.525897 0.013455
-0.148826 0.691204 0.153612
-0.122428 0.525084 0.148251
-0.108917 0.429650 0.103813
-0.140892 0.568795 0.150945
-0.112864 0.609277 0.180378
-0.056447 0.719392 0.173249
-0.137301 0.723844 0.136044
-0.036098 0.529591 0.150345
-0.183242 0.582871 0.043723
-0.183832 0.578077 0.023737
-0.065227 0.747786 0.088427
-0.153069 0.724410 0.038455
-0.122700 0.593731 0.182377
-0.129508 0.632895 0.174387
-0.075012 0.480928 0.179999
-0.175242 0.575736 0.038410
-0.114374 0.471455 0.165708
-0.116529 0.557559 0.040946
-0.166418 0.552747 0.039602
-0.106924 0.574576 0.036981
-0.165507 0.573543 0.038269
-0.107555 0.555208 0.039060
-0.156128 0.537291 0.043865
-0.172507 0.553358 0.062154
-0.161373 0.574244 0.044396
-0.112087 0.574088 0.043400
-0.148787 0.552504 0.024137
-0.113772 0.539263 0.040231
-0.114782 0.536813 0.029414
-0.151691 0.633776 0.021347
-0.118866 0.641389 0.011089
-0.127715 0.634829 0.043228
-0.118866 0.641389 0.011089
0.030659 0.944616 0.086875
-0.060557 1.084118 0.062571
-0.132832 1.095240 0.054287
-0.115810 1.134583 0.007643
-0.170987 1.142537 0.074968
-0.117106 1.151767 0.048292
-0.121753 1.093983 0.070250
-0.190455 1.155090 0.044329
-0.149543 1.173558 0.011780
-0.169658 1.150768 0.005200
-0.118903 1.168730 0.004207
-0.159591 1.072487 0.066656
-0.083398 1.079693 0.006107
-0.083398 1.079693 0.006107
-0.115810 1.134583 0.007643
-0.066160 1.054289 0.023398
-0.195778 1.151685 0.004815
-0.150236 1.161445 0.015002
-0.215270 1.138009 0.028784
-0.083779 -0.340873 0.023250
-0.125962 -0.352377 0.036832
-0.095913 -0.379397 -0.000969
-0.067875 -0.436917 0.031683
-0.061003 -0.426515 0.013164
-0.108011 -0.402720 0.027121
-0.159164 -0.394842 0.036016
-0.135481 -0.426106 0.047205
-0.083049 -0.436105 0.021166
-0.209240 -0.146023 0.014778
-0.174839 -0.309319 0.027780
-0.142783 -0.266174 0.049843
-0.112889 -0.427194 0.087704
-0.055108 -0.454448 0.061876
0.203698 -1.127716 -0.006919
0.148850 -1.138412 0.060610
0.353620 -1.076393 0.198751
0.288915 -1.103573 0.173810
0.205288 -1.076518 0.097973
0.252766 -1.075068 0.037223
0.322566 -0.989459 0.098215
0.284089 -1.076537 0.165233
0.288915 -1.103573 0.173810
0.244197 -1.111709 0.140094
0.292647 -1.123216 0.043540
0.284089 -1.076537 0.165233
0.244197 -1.111709 0.140094
-0.169552 -0.944849 0.097062
-0.223440 -0.990019 0.056085
-0.214894 -0.969776 0.010566
-0.015402 -0.794919 0.077988
-0.070790 -0.768983 0.104678
-0.116788 -0.794881 0.102661
-0.156574 -0.890854 0.020836
0.016627 -0.851456 0.102428
0.003532 -0.854898 0.037089
-0.128534 -0.809366 0.034837
-0.061977 -0.758348 0.043701
-0.043993 -0.886765 0.034831
-0.065825 -0.890380 0.110199
-0.108884 -0.246673 0.004685
-0.161010 -0.143339 0.126503
-0.352310 -0.423017 -0.005854
-0.253797 -0.579247 0.014868
-0.184002 -0.735956 0.042447
-0.165733 -0.765994 0.100970
-0.112610 -0.769506 0.016018
-0.172977 -0.787486 0.053299
-0.090036 -0.768636 0.125821
-0.290162 -0.458566 0.014054
-0.286283 -0.315930 0.159670
-0.118253 -0.167349 0.060685
-0.156197 -0.167267 0.200707
-0.050846 -0.730006 0.048585
-0.039055 -0.773297 0.045167
-0.158072 -0.716016 0.006829
-0.316161 -0.386811 0.154629
-0.150976 -0.205905 0.222775
-0.286283 -0.315930 0.159670
-0.128829 -0.759500 0.129806
-0.094522 -0.715858 0.012150
0.057433 -0.256672 0.225865
-0.156197 -0.167267 0.200707
-0.096950 -0.050423 0.100021
0.040483 -0.180793 0.261753
-0.096887 -0.044545 0.186686
0.057433 -0.256672 0.225865
0.059394 -0.343233 0.046194
0.186952 -0.409114 -0.008876
0.248652 -1.007322 0.152561
0.322919 -0.989777 0.202450
0.232229 -0.954609 0.099000
0.352445 -0.952109 0.176784
0.370771 -1.001238 0.119893
0.353020 -0.931726 0.125935
0.176848 -0.632656 0.148219
0.271460 -0.554956 0.085443
0.134038 -0.522253 0.012116
0.227844 -0.199397 0.071155
0.252922 -0.452295 0.065295
0.252922 -0.452295 0.065295
0.160098 -0.561092 0.166077
0.176848 -0.632656 0.148219
0.219463 -0.896355 0.143209
0.022447 -0.294626 0.169150
0.160098 -0.561092 0.166077
0.323292 -0.694269 0.091604
0.236884 -0.926687 0.174825
0.312731 -0.907717 0.199322
0.192034 -0.604914 0.011118
0.201971 -0.043971 0.188938
0.139219 -0.038231 0.240299
0.322919 -0.989777 0.202450
0.269151 -0.960403 0.178477
0.248652 -1.007322 0.152561
0.248718 -1.003782 0.093477
-0.049672 -0.054716 0.253683
0.009521 -0.034304 0.259320
-0.127216 0.218403 0.046964
-0.221889 -0.008255 0.036958
-0.121334 -0.178910 0.083777
-0.156741 -0.051279 0.012523
-0.175656 0.004530 0.023608
-0.138730 -0.004351 0.054124
-0.131702 0.046667 0.052489
-0.257316 0.121701 0.060068
-0.161237 0.016668 0.139226
-0.148893 0.153175 0.138991
-0.160309 0.202822 0.141987
-0.160309 0.202822 0.141987
-0.213664 0.201636 0.199724
-0.238612 0.226561 0.220093
-0.158494 0.120739 0.207684
-0.063376 -0.115610 0.007542
-0.283605 0.323620 0.066405
-0.112339 0.459505 0.191646
-0.151847 0.448563 0.149509
0.003494 0.501121 0.171919
-0.128994 0.108471 0.242242
-0.079390 -0.094224 0.248718
-0.147620 0.222653 0.068918
-0.160309 0.202822 0.141987
-0.017561 0.478809 0.053344
0.017293 0.817975 0.002284
0.065942 0.772496 -0.009474
-0.040461 0.949712 -0.003805
0.071288 0.832121 0.092594
0.091190 0.792097 0.010519
-0.014946 0.834970 0.089641
0.065942 0.772496 -0.009474
0.078681 0.610326 -0.003008
0.105175 0.722099 0.108661
0.075932 0.409810 -0.010313
0.036965 0.484637 0.010361
0.177758 0.486537 0.066579
0.200869 0.425475 0.110150
0.103846 0.523063 0.143937
0.041697 -0.131208 -0.008938
0.152580 0.559840 0.114919
0.147594 0.189129 0.260081
0.106526 0.138113 0.276612
-0.133907 0.027016 0.128681
0.226323 -0.067320 0.120686
0.215792 0.034298 0.184705
-0.040958 0.481442 0.054901
-0.017561 0.478809 0.053344
-0.112339 0.459505 0.191646
-0.151847 0.448563 0.149509
0.036965 0.484637 0.010361
-0.146488 0.477958 0.113919
0.015435 0.500213 0.141597
-0.002886 0.535878 0.112874
-0.040958 0.481442 0.054901
-0.079308 0.445994 0.051700
-0.088960 0.422539 0.058416
-0.191631 0.291004 0.016981
-0.110018 0.462662 0.073010
-0.134749 -0.291070 0.068745
-0.219483 0.333129 0.028540
-0.115250 -0.081397 0.182103
-0.127164 -0.078172 0.083062
0.208948 -0.073898 0.049955
0.226323 -0.067320 0.120686
-0.103926 1.047121 0.052960
-0.083323 1.046392 0.010427
-0.044501 1.063078 0.001034
-0.184133 -0.305490 0.040856
-0.134749 -0.291070 0.068745
-0.101441 -0.278584 0.018233
-0.154659 -0.126891 0.011857
-0.125010 -0.282519 0.007002
-0.145556 -0.277670 -0.005355
-0.134537 -0.136691 0.055002
-0.183625 0.558099 0.024140
-0.154219 0.644491 0.001935
-0.133222 0.643136 -0.004614
-0.183644 0.575311 0.031970
-0.149946 0.628456 0.026924
-0.146247 0.634498 0.011555
-0.176592 0.629889 0.032482
-0.197564 0.644385 0.059896
-0.153686 0.551038 0.019150
-0.174970 0.552315 0.028606
-0.111543 0.575417 0.031026
-0.153889 0.503428 0.023282
-0.142404 0.534786 0.027993
-0.167030 0.533345 0.059936
-0.109181 0.535969 0.035747
-0.142404 0.534786 0.027993
-0.095660 0.542123 0.054465
-0.023204 0.638957 0.023759
-0.025785 0.634378 0.036538
-0.044787 0.594610 0.022857
-0.155894 0.533246 0.018148
-0.021081 0.545462 0.135721
0.003337 0.501757 0.127014
-0.051220 0.489189 0.179295
0.002478 0.475555 0.098503
-0.080981 0.480224 0.050137
-0.154725 0.629577 0.077376
-0.165241 0.612007 0.075312
-0.047214 0.421839 0.072241
-0.028796 0.500689 0.170644
-0.011011 0.720216 0.098063
0.007682 0.691144 0.115000
-0.022952 0.599080 0.040329
-0.086866 0.525897 0.013455
-0.044787 0.594610 0.022857
-0.040384 0.634178 0.023912
-0.023640 0.632753 0.030462
-0.038048 0.621442 0.028247
-0.039820 0.611210 0.025233
-0.051210 0.600964 0.031902
-0.140682 0.588864 0.157607
-0.115842 0.452083 0.106502
-0.070824 0.417386 0.077781
-0.116798 0.473581 0.141074
-0.048180 0.549329 0.159294
-0.059295 0.507410 0.160665
-0.046016 0.661832 0.191069
-0.032243 0.687369 0.179095
-0.182754 0.545733 0.027415
-0.124697 0.632730 0.172062
-0.186964 0.580612 0.041961
-0.197043 0.581193 0.024358
-0.001671 0.602442 0.154632
-0.185244 0.548960 0.063422
-0.136483 0.602274 0.161069
-0.121062 0.602351 0.165096
-0.132445 0.614359 0.164203
-0.136483 0.602274 0.161069
-0.127319 0.631548 0.182094
-0.174970 0.552315 0.028606
-0.174308 0.550098 0.057373
-0.124834 0.537505 0.092776
-0.122741 0.441464 0.120990
-0.125604 0.455404 0.139675
-0.157326 0.551063 0.033285
-0.117449 0.561782 0.049566
-0.115623 0.524861 0.053692
-0.115946 0.549325 0.040929
-0.140979 0.550969 0.086363
-0.138746 0.554050 0.024081
-0.161165 0.555041 0.024296
-0.161789 0.575268 0.030873
-0.115512 0.554457 0.036901
-0.145480 0.552273 0.089326
-0.172847 0.553285 0.044158
-0.143724 0.537377 0.087103
-0.158890 0.536306 0.057410
-0.175385 0.554664 0.051681
-0.135738 0.553946 0.027488
-0.172511 0.575106 0.049254
-0.167793 0.552652 0.068027
-0.150296 0.552796 0.088368
-0.135871 0.616035 0.008687
-0.127918 0.644988 0.011658
-0.127785 0.611392 0.031434
-0.169829 0.644168 0.088081
-0.175770 0.623853 0.095844
-0.136877 0.639866 0.038372
-0.136877 0.639866 0.038372
-0.127785 0.611392 0.031434
-0.162443 0.619827 0.061893
-0.187596 0.626506 0.068522
-0.175770 0.623853 0.095844
-0.171778 0.608313 0.077311
-0.132832 1.095240 0.054287
-0.109596 1.120137 0.014395
-0.145455 1.067572 0.067943
-0.143424 1.139814 0.060452
-0.152332 1.124695 0.056654
-0.151118 1.120685 0.075584
-0.129216 1.153388 0.042959
-0.161733 1.150126 0.031262
-0.190455 1.155090 0.044329
-0.111652 1.098301 0.071938
-0.131318 1.132881 0.077180
-0.123031 1.153671 0.019585
-0.143845 1.159313 0.009279
-0.149543 1.173558 0.011780
-0.169658 1.150768 0.005200
-0.177131 1.171982 0.013260
-0.193542 1.151474 0.008886
-0.112002 1.144852 0.054236
-0.169237 1.148931 0.048274
-0.177515 1.149156 0.068032
-0.174891 1.133836 0.054977
-0.161261 1.093045 0.043077
-0.136203 1.077165 0.041801
-0.128427 1.170731 0.002538
-0.151118 1.120685 0.075584
-0.214660 1.143171 0.028576
0.038243 0.951004 0.023722
-0.049039 1.081117 0.051637
-0.045922 1.013234 0.019407
-0.028580 1.058630 0.028630
-0.142895 -0.259752 -0.001969
-0.090220 -0.339538 0.031869
-0.125962 -0.352377 0.036832
-0.090780 -0.391513 0.029199
-0.092046 -0.389830 0.012055
-0.067875 -0.436917 0.031683
-0.113945 -0.296032 0.006134
-0.054345 -0.434033 0.026474
-0.044533 -0.438554 0.047975
-0.109898 -0.399276 0.032045
-0.094148 -0.440695 0.081646
-0.114091 -0.397871 0.020466
-0.142654 -0.380103 0.013289
-0.130678 -0.412516 0.057775
-0.109812 -0.425691 0.082672
-0.139999 -0.425923 0.050785
-0.132826 -0.417566 0.043287
-0.153402 -0.391641 0.029053
-0.039573 -0.352083 0.066644
-0.062664 -0.349387 0.058576
-0.067693 -0.413112 0.005531
-0.062591 -0.457467 0.061010
-0.051448 -0.453281 0.057149
-0.102365 -0.316767 0.050648
-0.047333 -0.362208 0.058182
-0.210999 -0.168080 0.083939
-0.170880 -0.304887 0.034788
-0.134868 -0.298227 0.042024
-0.142783 -0.266174 0.049843
-0.134486 -0.133567 0.045803
-0.139394 -0.147734 0.076026
-0.164811 -0.163399 0.099174
-0.090508 -0.431632 0.083480
-0.085796 -0.429564 0.038543
0.276777 -1.113902 0.030102
0.337808 -1.095225 0.099386
0.187159 -1.131966 0.113352
0.242138 -1.102846 0.137711
0.375646 -1.093723 0.134198
0.379732 -1.082056 0.180355
0.356482 -1.029147 0.181945
0.208916 -1.118988 -0.005908
0.328764 -0.972617 0.176983
0.195572 -1.099644 0.050394
0.223977 -1.055006 0.089726
0.352299 -0.976812 0.135950
0.326005 -0.982494 0.096266
0.281045 -0.996469 0.091286
0.335505 -1.085503 0.204001
0.379732 -1.082056 0.180355
0.150731 -1.164866 0.057859
0.161476 -1.163105 0.011131
0.286952 -1.085878 0.165642
0.337808 -1.095225 0.099386
-0.224471 -0.980493 0.055503
-0.182974 -0.984046 -0.003401
-0.156562 -0.950359 -0.002343
-0.052576 -0.849766 0.027611
-0.034484 -0.890050 0.029739
-0.018742 -0.810350 0.042184
0.012705 -0.856622 0.042180
-0.218352 -0.960378 0.069909
-0.056136 -0.754416 0.061105
-0.226312 -0.958604 0.038172
-0.167568 -0.927942 0.098403
-0.152000 -0.877389 0.086304
-0.079708 -0.766016 0.033116
-0.034484 -0.890050 0.029739
-0.050487 -0.878632 0.037796
-0.136653 -0.951509 0.099848
-0.106982 -0.929958 0.108794
-0.139305 -0.816295 0.054811
-0.119866 -0.794143 0.105020
-0.093185 -0.340793 0.129046
-0.006947 -0.302951 0.165553
-0.053797 -0.213597 0.020238
-0.117975 -0.240039 0.005144
-0.206344 -0.170561 0.118001
-0.313176 -0.368091 0.157225
-0.263504 -0.464807 0.038990
-0.215080 -0.499535 0.033151
-0.292663 -0.459587 0.015147
-0.345831 -0.542352 0.087910
-0.126264 -0.747183 0.128984
-0.035854 -0.783491 0.039916
-0.123978 -0.820044 0.034102
-0.152827 -0.820131 0.052964
-0.090036 -0.768636 0.125821
-0.132290 -0.814243 0.106302
-0.313176 -0.368091 0.157225
-0.290038 -0.334280 0.159084
-0.092920 -0.295363 0.045974
-0.230405 -0.433984 0.115372
-0.050846 -0.730006 0.048585
-0.175297 -0.783407 0.052254
-0.353007 -0.358226 0.021301
0.029551 -0.297346 0.166672
-0.140870 -0.143129 0.101960
-0.290038 -0.334280 0.159084
-0.162615 -0.369933 0.139140
-0.167008 -0.750315 0.023678
-0.198527 -0.507082 0.114549
0.061755 -0.272360 0.215149
-0.382191 -0.504477 0.057996
-0.078161 -0.671060 0.095211
-0.384796 -0.416078 0.021383
-0.259201 -0.437070 0.019188
-0.092920 -0.295363 0.045974
0.064583 -0.182247 0.261060
-0.098915 -0.060324 0.102995
-0.113212 -0.091017 0.188872
-0.099537 -0.038549 0.181493
0.061755 -0.272360 0.215149
0.049840 -0.332025 0.048863
-0.002643 -0.276006 0.053726
0.272019 -0.840608 0.053378
0.342948 -0.835995 0.106897
0.352409 -0.936877 0.131360
0.334124 -0.991761 0.198517
0.248652 -1.007322 0.152561
0.245225 -1.008169 0.099110
0.290043 -1.000927 0.064750
0.370237 -0.993936 0.150596
0.356237 -0.948097 0.171927
0.189314 -0.629727 0.157269
0.024401 -0.305195 0.089787
0.195350 -0.204776 0.030593
0.142706 -0.555112 0.137789
0.097061 -0.488873 0.090293
0.330399 -0.955316 0.183483
0.230144 -0.953893 0.098091
0.260937 -0.961267 0.083423
0.249860 -0.894639 0.090512
0.176432 -0.665142 0.136901
0.029551 -0.297346 0.166672
0.118832 -0.512610 0.142940
0.249034 -0.917445 0.179700
0.260266 -0.925530 0.068846
0.217283 -0.332825 0.162695
0.178434 -0.184184 0.236669
0.230425 -0.204282 0.089925
0.099927 -0.487875 0.118635
0.210777 -0.165506 0.043131
0.200982 -0.042019 0.188668
0.205562 -0.113026 0.073350
0.211070 -0.043565 0.111906
0.139219 -0.038231 0.240299
0.024317 -0.037011 0.259342
-0.132290 -0.814243 0.106302
-0.073801 -0.797942 0.121671
0.348164 -1.007417 0.096101
0.370237 -0.993936 0.150596
-0.101689 -0.039182 0.115205
-0.099537 -0.038549 0.181493
0.139219 -0.038231 0.240299
0.200982 -0.042019 0.188668
-0.205848 -0.106714 0.117982
-0.123255 -0.039774 0.054476
-0.143924 -0.047393 0.115476
-0.166546 -0.127392 0.123954
-0.143924 -0.047393 0.115476
-0.168653 -0.056489 0.009987
-0.201264 -0.025986 0.127232
-0.175656 0.004530 0.023608
-0.151880 0.032481 0.038117
-0.263136 0.089544 0.091175
-0.193403 0.121587 0.172015
-0.248656 0.162911 0.171744
-0.232727 0.181996 0.179693
-0.152490 0.191153 0.140093
-0.168190 0.204474 0.149140
-0.152490 0.191153 0.140093
-0.254504 0.363692 0.090751
-0.263268 0.317733 0.046549
-0.166257 0.145881 0.201659
-0.197062 0.182085 0.220195
-0.040319 -0.120910 0.001953
-0.299099 0.240961 0.125236
-0.207161 0.410168 0.146894
-0.134738 0.425823 0.102183
-0.124628 0.453996 0.185252
-0.092375 0.465687 0.194605
-0.086762 -0.033357 0.243038
-0.149048 0.208848 0.072307
-0.048607 0.446174 0.041100
-0.004616 0.978716 -0.005797
0.018710 0.929944 0.104451
0.057236 0.852618 0.099585
0.031844 0.814604 0.000003
0.068763 0.797277 0.002091
-0.007341 0.816776 0.083660
0.009750 0.772769 0.020541
0.047935 0.728543 -0.013862
0.025943 0.560667 0.016203
0.044098 0.527357 0.095632
0.047881 0.473829 0.001164
0.172739 0.505007 0.086549
0.091797 0.527289 0.136974
0.189323 0.453451 0.112208
0.044098 0.527357 0.095632
0.027868 0.503051 0.073051
0.051006 -0.131282 -0.005345
0.159427 0.408328 0.012224
0.185553 0.328362 0.052669
0.022332 0.495467 0.106604
-0.006861 0.463778 0.059555
0.149986 0.523581 0.131494
0.204625 0.076353 0.204137
0.215792 0.034298 0.184705
-0.133158 0.022277 0.151502
-0.155381 0.112562 0.209434
-0.115546 0.440377 0.076165
-0.121044 -0.082711 0.170369
-0.086366 0.450706 0.053713
0.022332 0.495467 0.106604
0.000357 0.536290 0.110210
0.014526 0.502619 0.157362
-0.016985 0.542074 0.147016
-0.052658 0.466901 0.054358
-0.005588 0.530736 0.113363
0.015435 0.500213 0.141597
-0.005588 0.530736 0.113363
-0.128557 0.453901 0.171365
-0.141425 0.488090 0.142008
-0.005342 0.459332 0.071799
-0.031333 0.496200 0.062901
-0.103450 -0.281109 0.039113
-0.130056 -0.290558 0.067515
-0.147484 0.214520 0.092097
-0.148546 0.239088 0.050036
-0.151898 -0.289048 -0.009423
-0.143930 -0.208020 -0.003067
-0.130056 -0.290558 0.067515
-0.125226 -0.283455 -0.005672
-0.174184 -0.304673 0.053884
-0.121044 -0.082711 0.170369
-0.078393 -0.086228 0.243541
-0.040319 -0.120910 0.001953
0.191783 -0.068996 0.040673
0.214889 -0.058104 0.112435
-0.087539 -0.103574 0.024848
-0.082195 -0.097499 0.250220
-0.027353 0.971872 -0.007511
-0.046687 1.066863 -0.000435
-0.084921 1.049711 0.009112
-0.046687 1.066863 -0.000435
-0.024808 1.077057 0.048328
-0.079588 1.040163 0.014663
-0.046687 1.066863 -0.000435
-0.073365 1.068250 0.080813
-0.024808 1.077057 0.048328
-0.173256 -0.283784 0.051836
-0.151898 -0.289048 -0.009423
-0.178266 -0.279912 0.018401
-0.129588 -0.265245 -0.003975
0.189323 0.453451 0.112208
-0.206329 1.138217 0.027102
-0.107652 1.063010 0.032693
-0.032337 0.906659 0.078436
-0.036601 0.906373 0.055218
-0.047333 -0.362208 0.058182
-0.169840 1.079997 0.059125
-0.169485 1.081629 0.039242
-0.086101 0.522121 0.017868
-0.178360 0.561029 0.020780
-0.128245 0.640890 -0.005152
-0.149714 0.644024 -0.000463
-0.176551 0.575874 0.023414
-0.192124 0.576618 0.020270
-0.137511 0.630050 0.038153
-0.118868 0.630348 0.031037
-0.148316 0.626317 0.026361
-0.167560 0.650175 0.015091
-0.188092 0.579110 0.016426
-0.153864 0.628100 0.028874
-0.158317 0.557423 0.012692
-0.147536 0.551314 0.022514
-0.167516 0.554709 0.026492
-0.154787 0.571324 0.025512
-0.126712 0.572928 0.026122
-0.125526 0.505826 0.023617
-0.159565 0.687035 0.022754
-0.173800 0.627504 0.030085
-0.177193 0.552605 0.038699
-0.164741 0.533356 0.050416
-0.113002 0.579062 0.049385
-0.104964 0.572804 0.069831
-0.107028 0.557050 0.084800
-0.049648 0.618178 0.020704
-0.037142 0.617053 0.023962
-0.023640 0.632753 0.030462
-0.010466 0.622791 0.039394
-0.046630 0.593630 0.022393
-0.027319 0.596905 0.026364
-0.019017 0.605298 0.028323
-0.029067 0.592607 0.037476
-0.043907 0.582436 0.030457
-0.184681 0.543723 0.037467
-0.173076 0.543484 0.019408
-0.160172 0.534491 0.020984
-0.159819 0.508282 0.023119
-0.022960 0.517398 0.131592
0.003337 0.501757 0.127014
-0.045399 0.492764 0.177871
-0.070849 0.443491 0.067238
0.004189 0.483835 0.106018
-0.157561 0.629086 0.066993
-0.172254 0.625538 0.060496
-0.163970 0.617300 0.066139
-0.183547 0.620408 0.066916
-0.027529 0.496821 0.065084
-0.033962 0.497918 0.173153
-0.185763 0.612812 0.076599
-0.181027 0.623436 0.109177
-0.045165 0.731579 0.135646
-0.027316 0.711327 0.152691
-0.172063 0.624855 0.053349
-0.024613 0.628330 0.038925
-0.041526 0.600424 0.022639
-0.042102 0.608992 0.025188
-0.009809 0.613181 0.033350
-0.033495 0.597287 0.034625
-0.036993 0.601798 0.036037
-0.051210 0.600964 0.031902
-0.162342 0.516015 0.107780
-0.121641 0.468358 0.073057
-0.092192 0.441675 0.076323
-0.118468 0.456772 0.121581
-0.130243 0.633137 0.169056
-0.119151 0.623737 0.172688
-0.070479 0.504463 0.162479
-0.049168 0.509747 0.155333
-0.074930 0.747056 0.107991
-0.045165 0.731579 0.135646
-0.180947 0.576199 0.049824
-0.198413 0.584782 0.025361
-0.181887 0.585113 0.041168
-0.183688 0.586949 0.030053
-0.182984 0.587898 0.052649
-0.112730 0.617895 0.185791
-0.132690 0.599823 0.150485
-0.131747 0.590739 0.153384
-0.124742 0.598844 0.161402
-0.123197 0.594395 0.167786
-0.135320 0.612721 0.164783
-0.130621 0.614428 0.163501
-0.135741 0.632954 0.176774
-0.122886 0.632852 0.180729
-0.129092 0.627340 0.172329
-0.125875 0.603311 0.180160
-0.129018 0.592889 0.174413
-0.173690 0.568698 0.061442
-0.174308 0.550098 0.057373
-0.166823 0.502161 0.065326
-0.164741 0.533356 0.050416
-0.163740 0.551348 0.027264
-0.162831 0.534792 0.070877
-0.071934 0.417123 0.077462
-0.114374 0.471455 0.165708
-0.124472 0.558222 0.099312
-0.108280 0.429105 0.102872
-0.162831 0.534792 0.070877
-0.173690 0.568698 0.061442
-0.125604 0.455404 0.139675
-0.163891 0.575347 0.033119
-0.115946 0.549325 0.040929
-0.160896 0.551340 0.036827
-0.106848 0.574611 0.037725
-0.106720 0.524449 0.056419
-0.165419 0.550758 0.053940
-0.139950 0.541071 0.084022
-0.135368 0.554292 0.085591
-0.142140 0.554537 0.023005
-0.112210 0.574173 0.044050
-0.114091 0.553779 0.031772
-0.112117 0.538972 0.040159
-0.109994 0.537492 0.032083
-0.145480 0.552273 0.089326
-0.173384 0.553861 0.043988
-0.170986 0.551414 0.062064
-0.143724 0.537377 0.087103
-0.158405 0.535114 0.041331
-0.159702 0.552956 0.028050
-0.160848 0.573893 0.049525
-0.153718 0.574265 0.037971
-0.112210 0.574173 0.044050
-0.105860 0.555782 0.042344
-0.142140 0.554537 0.023005
-0.171483 0.574682 0.048005
-0.164368 0.552808 0.070926
-0.155965 0.553352 0.084217
-0.138430 0.557894 0.090911
-0.157983 0.574139 0.061378
-0.143258 0.643248 0.022012
-0.136988 0.641023 0.010802
-0.126279 0.635761 0.007604
-0.135768 0.643015 0.034707
-0.154066 0.624344 0.085580
-0.154557 0.636597 0.075871
-0.113459 0.629863 0.020273
-0.162443 0.619827 0.061893
-0.161124 0.637244 0.064044
-0.121749 0.636856 0.036050
-0.135768 0.643015 0.034707
-0.174400 0.624696 0.094500
-0.188161 0.626466 0.071984
-0.180183 0.640220 0.083582
-0.184241 0.624537 0.087854
-0.164524 0.638388 0.090843
0.040176 0.951387 0.036825
-0.039255 1.075685 0.028864
-0.077698 1.056971 0.066502
-0.019095 0.914172 0.095620
-0.141156 1.105574 0.057962
-0.084918 1.050684 0.046818
-0.143424 1.139814 0.060452
-0.146119 1.132143 0.043036
-0.169237 1.148931 0.048274
-0.132218 1.099673 0.066062
-0.151118 1.120685 0.075584
-0.159873 1.156111 0.032592
-0.171376 1.137716 0.051948
-0.169840 1.079997 0.059125
-0.136415 1.073794 0.070697
-0.160664 1.086777 0.044174
-0.132717 1.093487 0.054152
-0.161141 1.094413 0.052084
-0.128036 1.134122 0.074147
-0.129362 1.171820 0.003605
-0.125868 1.150167 0.018289
-0.148669 1.170359 0.015073
-0.145819 1.174222 0.030910
-0.142771 1.176034 0.021624
-0.134766 1.156492 0.011459
-0.152284 1.158821 0.009188
-0.159633 1.167021 0.010727
-0.169048 1.152608 0.010659
-0.197214 1.132445 0.000994
-0.203364 1.136155 0.001511
-0.100501 1.085939 0.023867
-0.084398 1.062409 0.027724
-0.071159 1.065492 0.020765
-0.112002 1.144852 0.054236
-0.073375 1.080796 0.006723
-0.054515 1.080025 0.016827
-0.177515 1.149156 0.068032
-0.141527 1.074301 0.045869
-0.140150 1.146487 0.035747
-0.186769 1.154683 -0.001403
-0.212980 1.134804 0.033936
-0.214660 1.143171 0.028576
-0.153739 1.121648 0.060860
-0.141156 1.105574 0.057962
-0.153016 1.167105 -0.001218
-0.196896 1.153901 0.042162
-0.193423 1.138687 0.039754
-0.203678 1.142193 0.049288
-0.135883 1.085213 0.045576
-0.061909 1.031090 0.026792
-0.044198 1.018118 0.019096
-0.044198 1.018118 0.019096
-0.132218 1.099673 0.066062
-0.084918 1.050684 0.046818
-0.027809 0.915820 0.023650
-0.179472 -0.278637 0.036988
-0.164811 -0.163399 0.099174
-0.094277 -0.351871 0.031885
-0.090780 -0.391513 0.029199
-0.078623 -0.416805 0.025316
-0.111892 -0.398071 0.025330
-0.085654 -0.434255 0.037926
-0.088031 -0.343383 0.014178
-0.047333 -0.362208 0.058182
-0.068089 -0.345694 0.046620
-0.072860 -0.413090 0.016019
-0.057225 -0.432774 0.030360
-0.042223 -0.428295 0.049005
-0.105185 -0.394382 0.032680
-0.100855 -0.416855 0.045638
-0.082083 -0.435750 0.078905
-0.047128 -0.342674 0.061891
-0.051437 -0.338003 0.040761
-0.111876 -0.422633 0.083649
-0.041206 -0.437858 0.046338
-0.109499 -0.303414 0.044192
-0.130705 -0.295744 0.040028
-0.131161 -0.329909 0.043208
-0.114497 -0.383538 0.004230
-0.134174 -0.396704 0.043556
-0.132826 -0.417566 0.043287
-0.143757 -0.420464 0.046856
-0.062560 -0.442788 0.037850
-0.062574 -0.442092 0.055878
-0.135062 -0.199358 0.023977
-0.067693 -0.413112 0.005531
-0.097446 -0.370629 -0.001299
-0.042840 -0.425155 0.029157
-0.123745 -0.416984 0.069796
-0.062591 -0.457467 0.061010
-0.052607 -0.450600 0.058868
-0.129095 -0.400342 0.038436
-0.161352 -0.324341 0.051880
-0.044465 -0.355913 0.067631
-0.083353 -0.336036 0.021870
-0.166577 -0.307475 0.039360
-0.170993 -0.316117 0.036686
-0.134486 -0.133567 0.045803
-0.139394 -0.147734 0.076026
-0.086262 -0.416610 0.035168
0.261779 -1.122318 0.021138
0.315643 -1.087512 0.084875
0.356651 -1.059206 0.114447
0.150731 -1.164866 0.057859
0.149833 -1.148524 0.055398
0.244446 -1.100111 0.138215
0.280758 -1.069770 0.164162
0.370460 -1.042894 0.154490
0.382793 -1.085550 0.164058
0.358751 -1.040320 0.180831
0.366726 -1.081605 0.193281
0.286166 -1.100677 0.035844
0.273792 -1.051588 0.169724
0.271225 -1.066469 0.164460
0.207022 -1.079042 0.097422
0.308174 -1.035177 0.077716
0.227364 -1.047246 0.098127
0.246526 -1.019116 0.127944
0.250317 -0.988128 0.123500
0.292263 -0.992798 0.089216
0.336657 -1.090950 0.098810
0.343630 -1.109787 0.103724
0.335505 -1.085503 0.204001
0.366726 -1.081605 0.193281
0.204817 -1.152698 -0.007292
0.161476 -1.163105 0.011131
0.267567 -0.980042 0.153335
0.292085 -0.974368 0.175212
0.297938 -1.121660 0.057907
0.336657 -1.090950 0.098810
-0.114492 -0.938464 0.110320
-0.103563 -0.925344 0.106787
-0.219829 -1.000189 0.042745
-0.218807 -0.979843 0.022768
-0.087288 -0.900032 0.041129
-0.075298 -0.880093 0.038122
-0.050982 -0.851887 0.030021
-0.005887 -0.814156 0.073314
0.022777 -0.848318 0.071392
-0.034500 -0.831102 0.030061
-0.218352 -0.960378 0.069909
-0.023147 -0.811422 0.038368
-0.115479 -0.826434 0.103600
-0.167568 -0.927942 0.098403
-0.152000 -0.877389 0.086304
-0.138795 -0.822076 0.055416
-0.131200 -0.826936 0.041557
-0.125773 -0.797296 0.098323
-0.114492 -0.938464 0.110320
-0.005437 -0.865862 0.113196
-0.051719 -0.897578 0.112544
-0.149968 -0.962065 0.098463
-0.151071 -0.968736 -0.002429
-0.195678 -0.989746 0.004775
-0.125773 -0.797296 0.098323
-0.099378 -0.784327 0.107847
-0.062330 -0.328175 0.138126
-0.059523 -0.221307 0.017213
-0.135051 -0.219856 0.013287
-0.315403 -0.360355 0.154660
-0.316990 -0.416159 0.152027
-0.277995 -0.458758 0.066700
-0.290746 -0.454533 0.107520
-0.276990 -0.463003 0.028309
-0.297982 -0.458551 0.010695
-0.254683 -0.497309 0.012650
-0.297982 -0.458551 0.010695
-0.230400 -0.689919 0.054471
-0.170469 -0.710833 0.128022
-0.033540 -0.779613 0.098232
-0.086452 -0.781936 0.019296
-0.084721 -0.805976 0.021447
-0.152666 -0.820399 0.067307
-0.134976 -0.816488 0.102023
-0.056901 -0.792715 0.114762
-0.084258 -0.764024 0.125541
-0.142777 -0.757191 0.126674
-0.170469 -0.710833 0.128022
-0.322069 -0.434506 0.137712
-0.305280 -0.448384 0.124309
-0.280049 -0.260096 0.135176
-0.315403 -0.360355 0.154660
-0.019985 -0.269991 0.054081
-0.021288 -0.288845 0.077848
-0.067407 -0.296476 0.071254
-0.053637 -0.724853 0.049855
-0.168338 -0.792614 0.055395
-0.142777 -0.757191 0.126674
-0.204329 -0.723372 0.057391
-0.166158 -0.707080 0.012502
-0.366898 -0.380530 0.116482
0.019879 -0.298696 0.150733
-0.244868 -0.433401 0.036815
-0.285842 -0.447994 0.015493
-0.088970 -0.746136 0.022544
-0.075818 -0.714421 0.029987
-0.097617 -0.727514 0.013453
-0.162866 -0.773863 0.042235
-0.173455 -0.750401 0.028862
-0.174992 -0.762765 0.058074
-0.157755 -0.764377 0.109346
-0.364355 -0.423052 0.138644
-0.103141 -0.344885 0.122373
0.050789 -0.159653 0.010849
-0.352954 -0.453708 0.131309
0.008408 -0.103560 0.006608
-0.359347 -0.483886 0.115749
0.054080 -0.202122 0.253390
-0.152938 -0.165073 0.198192
0.066056 -0.160377 0.261277
-0.083721 -0.047935 0.062721
-0.101689 -0.039182 0.115205
-0.040710 -0.055029 0.256203
-0.071526 -0.052445 0.234694
0.063040 -0.312950 0.172261
0.231040 -0.499043 0.141524
0.255277 -0.541677 0.130815
0.178378 -0.543487 0.163569
0.142706 -0.555112 0.137789
0.198901 -0.764383 0.126926
0.312894 -0.779543 0.063081
0.340956 -0.925089 0.185808
0.348361 -0.990569 0.188092
0.292570 -0.971892 0.192630
0.295732 -0.982139 0.069894
0.337224 -0.983332 0.088448
0.356815 -1.000722 0.107576
0.327426 -1.009684 0.083542
0.271176 -0.535216 0.088808
0.038558 -0.330242 0.094487
0.000504 -0.301748 0.115554
0.190391 -0.495478 0.162357
0.265385 -0.951988 0.183698
0.254606 -0.954416 0.156791
0.255809 -0.970329 0.157372
0.234366 -0.957283 0.092926
0.318545 -0.944296 0.078958
0.211878 -0.862932 0.133516
0.271481 -0.570465 0.095853
0.239380 -0.516083 0.035129
0.019879 -0.298696 0.150733
0.122227 -0.507628 0.143315
0.154108 -0.538392 0.164133
0.297246 -0.714551 0.052419
0.316508 -0.898302 0.196410
0.265385 -0.951988 0.183698
0.233297 -0.938482 0.162192
0.236612 -0.936965 0.089071
0.278647 -0.935896 0.066420
0.084529 -0.453208 0.091051
0.159752 -0.356838 0.186320
0.145329 -0.463221 0.169025
0.283074 -0.651514 0.052015
0.278582 -0.592686 0.070553
0.177532 -0.375993 0.182803
0.107153 -0.501484 0.121294
0.279792 -0.625548 0.067216
0.118251 -0.060489 0.010567
0.181649 -0.115456 0.029339
0.172146 -0.105085 0.032227
0.199117 -0.171175 0.055379
0.066056 -0.160377 0.261277
0.090335 -0.036950 0.250052
0.031501 -0.037978 0.257529
0.260139 -0.562649 0.046580
-0.360790 -0.396481 0.132189
0.365710 -0.992857 0.163824
-0.035854 -0.783491 0.039916
-0.022299 -0.776087 0.062155
0.280309 -1.002675 0.069125
0.327426 -1.009684 0.083542
0.348361 -0.990569 0.188092
0.365710 -0.992857 0.163824
-0.155488 -0.139765 0.175354
-0.071526 -0.052445 0.234694
-0.019789 -0.040279 0.252441
-0.101689 -0.039182 0.115205
-0.102645 -0.037310 0.156911
0.213211 -0.042146 0.110872
0.205265 -0.041404 0.177899
-0.125705 -0.018607 0.092104
-0.198491 0.188705 0.231946
-0.151856 -0.136747 0.116952
-0.123947 0.027333 0.088219
-0.163938 -0.024324 0.130128
-0.134035 -0.009005 0.104681
-0.127760 0.052132 0.069762
-0.209635 0.056743 0.157854
-0.156436 0.151653 0.144506
-0.229523 0.038591 0.139858
-0.174618 0.191250 0.152692
-0.224727 0.170649 0.175133
-0.113728 0.171700 0.058250
-0.160596 0.206007 0.130060
-0.174842 0.205890 0.159849
-0.210166 0.203000 0.186005
-0.232383 0.194979 0.185292
-0.295842 0.304159 0.110941
-0.283708 0.324449 0.082450
-0.018829 -0.124181 -0.002796
-0.162789 0.158956 0.177467
-0.233530 0.213559 0.212060
-0.253010 0.238435 0.204874
-0.197401 0.407665 0.115904
-0.097090 0.394534 0.066041
-0.083646 0.423603 0.055069
-0.131131 0.427248 0.098730
-0.146235 0.440140 0.145296
-0.130187 -0.080171 0.094668
-0.071340 -0.098179 0.257210
-0.028332 -0.098193 0.278097
-0.144977 0.059551 0.165557
-0.125002 -0.036779 0.061327
-0.032355 0.452674 0.038935
0.003143 0.497729 0.167798
0.047503 0.782881 -0.004403
0.042334 0.859087 -0.004725
-0.031566 0.844621 0.048079
0.063809 0.813035 -0.000775
0.074609 0.838310 0.087938
-0.018751 0.817392 0.051063
0.017380 0.745388 0.004704
0.040870 0.771544 -0.002608
0.106652 0.782495 0.045301
0.071669 0.764608 0.106157
0.001616 0.758880 0.027863
0.088722 0.717209 -0.006019
0.125156 0.736227 0.056880
0.134328 0.588099 0.013802
0.058855 0.526631 0.112447
0.137136 0.535517 0.016141
0.138955 0.433806 0.006962
0.032374 0.503368 0.083551
0.171271 0.494322 0.058498
0.172739 0.505007 0.086549
0.033003 0.497366 0.104172
0.089758 -0.127063 -0.003748
0.189129 0.349139 0.052003
0.038870 0.485920 0.127231
0.002759 0.495128 0.092645
-0.060038 0.441527 0.044402
-0.006861 0.463778 0.059555
0.022270 0.489588 0.099444
0.053679 0.483346 0.160852
0.217085 0.064299 0.165423
0.221552 -0.003756 0.122056
0.225875 -0.071500 0.141088
0.219907 -0.081968 0.175023
0.072865 0.764758 -0.005302
0.049342 -0.129804 -0.005867
-0.091584 0.422214 0.061457
0.209889 0.232405 0.120284
-0.157317 0.114268 0.197651
-0.156737 0.119723 0.213019
-0.129262 0.130606 0.080937
-0.160511 0.143017 0.237887
-0.171990 0.152636 0.210659
-0.060038 0.441527 0.044402
-0.006861 0.463778 0.059555
-0.141732 0.432076 0.116095
-0.131131 0.427248 0.098730
-0.146235 0.440140 0.145296
-0.004096 0.528119 0.095410
-0.137982 0.500066 0.164089
-0.035387 0.491452 0.060639
-0.066639 0.524913 0.166457
-0.021075 0.537099 0.144878
-0.141425 0.488090 0.142008
-0.104771 0.459138 0.076195
-0.120849 0.467402 0.088521
-0.001514 0.497516 0.156896
-0.021075 0.537099 0.144878
-0.133728 0.446617 0.158597
-0.141425 0.488090 0.142008
-0.002110 0.460694 0.073761
-0.059218 0.440374 0.054013
-0.082882 0.459203 0.059069
-0.052557 0.468039 0.060879
-0.089488 0.419850 0.066705
-0.183334 -0.301561 0.023490
-0.155848 -0.291223 -0.005314
-0.121316 -0.287352 0.057204
-0.105004 -0.277411 0.007724
-0.106786 -0.280120 0.020180
-0.002110 0.460694 0.073761
-0.059218 0.440374 0.054013
0.072822 0.794064 0.004543
0.072822 0.794064 0.004543
0.039930 0.818055 -0.001725
0.020971 0.502013 0.139044
-0.174842 0.205890 0.159849
-0.115546 0.440377 0.076165
-0.144985 -0.210222 0.094277
-0.144985 -0.210222 0.094277
-0.117266 -0.204990 0.011671
-0.123975 -0.218861 0.077007
0.220871 -0.070794 0.089242
0.204800 -0.078035 0.045184
-0.054429 -0.118001 0.007059
-0.089444 -0.103754 0.029575
-0.124039 -0.081763 0.090829
-0.118864 -0.082644 0.164222
0.013717 -0.098097 0.279881
0.113487 -0.099133 0.268092
0.191783 -0.068996 0.040673
0.204800 -0.078035 0.045184
0.211161 -0.087359 0.191562
0.194197 -0.095763 0.215531
0.014511 -0.129030 -0.000221
0.211161 -0.087359 0.191562
0.219907 -0.081968 0.175023
-0.124039 -0.081763 0.090829
-0.124634 -0.081675 0.166249
-0.115396 -0.088222 0.055746
-0.040867 1.008825 -0.001631
-0.056104 1.061229 -0.001845
-0.063879 1.072962 0.080663
-0.083123 1.063043 0.077650
-0.054817 1.063109 0.003835
-0.088081 1.048610 0.007811
-0.056104 1.061229 -0.001845
-0.081707 1.050834 0.011381
-0.063810 1.061616 0.076818
-0.090755 1.045957 0.063114
-0.038152 1.073307 0.006450
-0.027677 1.084838 0.036840
-0.063879 1.072962 0.080663
-0.158119 -0.300219 0.063114
-0.173256 -0.283784 0.051836
-0.137149 -0.292471 0.067999
-0.140130 -0.268344 -0.003681
-0.121316 -0.287352 0.057204
-0.121876 -0.263805 0.002670
0.145660 0.490674 0.149894
0.117489 0.494200 0.156887
0.088034 0.518120 0.139152
-0.107652 1.063010 0.032693
-0.081291 1.049329 0.059736
-0.163450 1.146307 0.034220
-0.036601 0.906373 0.055218
-0.153739 1.121648 0.060860
-0.198212 1.142714 0.023779
-0.186054 1.139339 0.021314
-0.078385 -0.322433 0.017887
-0.047333 -0.362208 0.058182
-0.053375 -0.455071 0.054680
-0.050027 -0.431745 0.024142
-0.078385 -0.322433 0.017887
-0.113846 -0.311552 0.002089
-0.148559 -0.300727 0.042925
-0.073878 -0.307472 0.029224
-0.128927 0.634602 -0.005130
-0.184252 0.574549 0.025132
-0.168017 0.550705 0.018322
-0.182002 0.548287 0.055869
0.007938 0.503960 0.126552
-0.054449 0.510276 0.039559
-0.013674 0.517789 0.130614
-0.051303 0.481353 0.179673
-0.137859 0.521471 0.141174
-0.118487 0.620344 0.181970
0.012002 0.610059 0.155749
-0.029366 0.738344 0.152281
-0.132825 0.608370 0.017767
-0.118866 0.641389 0.011089
0.030659 0.944616 0.086875
-0.028717 0.904706 0.075864
-0.141197 1.104216 0.064019
-0.071378 1.083833 0.007556
-0.176606 1.081753 0.050492
-0.055245 -0.454083 0.057417
-0.128355 -0.411892 0.048664
-0.100064 -0.423018 0.038360
-0.209240 -0.146023 0.014778
-0.172137 -0.309912 0.039888
0.332377 -1.008501 0.193657
0.273011 -1.093563 0.154122
0.184158 -1.137735 -0.010656
0.370716 -1.069221 0.128684
0.273011 -1.093563 0.154122
0.370716 -1.069221 0.128684
0.292647 -1.123216 0.043540
0.370716 -1.069221 0.128684
-0.017125 -0.853616 0.029410
-0.109505 -0.917062 0.111681
-0.083419 -0.906371 0.036980
-0.094814 -0.777120 0.110395
-0.109505 -0.917062 0.111681
-0.229928 -0.976783 0.056218
-0.109505 -0.917062 0.111681
-0.017125 -0.853616 0.029410
-0.370890 -0.407972 0.144802
-0.100512 -0.786485 0.123990
-0.376763 -0.428919 -0.002527
-0.071032 -0.222757 0.008451
-0.031674 -0.064496 0.014504
-0.122591 -0.095798 0.137713
-0.128996 -0.181719 0.241062
-0.135619 -0.693277 -0.006237
-0.023006 -0.763333 0.074509
-0.102189 -0.798254 0.017151
-0.239567 -0.453582 0.094451
-0.277779 -0.452987 0.016770
0.059679 -0.258551 0.240338
0.114889 -0.347653 0.197912
0.151644 -0.208292 0.000278
0.266748 -0.537157 0.071134
0.192306 -0.594788 0.170330
0.273009 -0.929888 0.071207
0.223644 -0.916600 0.166804
0.309800 -0.662699 0.151756
0.100637 -0.471541 0.129120
0.361480 -0.988100 0.117422
0.320850 -0.964628 0.201103
-0.071032 -0.222757 0.008451
0.361480 -0.988100 0.117422
-0.159349 -0.799694 0.066370
-0.102189 -0.798254 0.017151
-0.031674 -0.064496 0.014504
0.185197 -0.058379 0.031962
-0.200474 0.005544 0.017190
-0.192565 -0.298672 0.019332
-0.141896 -0.014482 0.124553
-0.236025 0.211469 0.198997
-0.159635 0.199905 0.142908
-0.197645 0.312288 0.018779
-0.236025 0.211469 0.198997
-0.130697 0.472805 0.173618
-0.092316 0.423167 0.057112
-0.318067 0.313089 0.124844
-0.004264 0.540642 0.141482
-0.124156 -0.278981 0.075350
0.044178 0.473602 -0.001096
0.026398 0.511019 0.067848
-0.004262 0.787253 0.035875
0.036479 0.793090 -0.011215
0.062437 0.848955 -0.004845
0.014561 0.842769 0.112912
0.026398 0.511019 0.067848
0.063410 0.496793 0.142542
0.063410 0.496793 0.142542
0.192070 0.064282 0.230184
0.232253 -0.065219 0.112730
-0.007522 0.498405 0.073211
-0.004264 0.540642 0.141482
-0.141896 -0.014482 0.124553
-0.159635 0.199905 0.142908
-0.318067 0.313089 0.124844
-0.110563 -0.276087 -0.008244
0.232253 -0.065219 0.112730
0.199808 -0.083881 0.024800
-0.100297 1.051420 0.069574
-0.021290 1.088461 0.044293
-0.061738 1.053322 -0.003906
-0.150931 0.626202 0.023275
-0.140432 0.637964 0.008888
-0.129798 0.621422 0.034516
-0.143625 0.643722 -0.004513
-0.176592 0.629889 0.032482
-0.157529 0.551424 0.019230
-0.175242 0.575736 0.038410
-0.127253 0.486656 0.067545
-0.063780 0.520004 0.038444
-0.157529 0.551424 0.019230
-0.148435 0.532484 0.088669
-0.098610 0.537495 0.043052
-0.137505 0.572096 0.096853
-0.120426 0.544964 0.099355
-0.198361 0.583238 0.016892
-0.009405 0.618615 0.036553
-0.014861 0.515526 0.122859
-0.037398 0.497059 0.050399
0.002478 0.475555 0.098503
-0.080981 0.480224 0.050137
-0.015380 0.529583 0.090488
-0.157853 0.620718 0.075395
-0.186695 0.634434 0.073319
-0.020099 0.686871 0.041388
-0.026199 0.637487 0.029038
-0.186209 0.615291 0.111022
-0.176370 0.709080 0.087284
-0.140892 0.568795 0.150945
-0.115460 0.594966 0.171358
-0.031078 0.545367 0.151017
-0.059295 0.507410 0.160665
-0.037397 0.678039 0.186860
-0.137301 0.723844 0.136044
-0.089404 0.634111 0.191304
-0.122428 0.525084 0.148251
0.020611 0.632122 0.123704
-0.037397 0.678039 0.186860
-0.122700 0.593731 0.182377
-0.134169 0.609766 0.163074
-0.126018 0.631257 0.175208
-0.184926 0.547152 0.059971
-0.179844 0.552751 0.026652
-0.175242 0.575736 0.038410
-0.148435 0.532484 0.088669
-0.175242 0.575736 0.038410
0.020611 0.632122 0.123704
-0.116529 0.557559 0.040946
-0.140979 0.550969 0.086363
-0.106924 0.574576 0.036981
-0.107555 0.555208 0.039060
-0.112087 0.574088 0.043400
-0.156128 0.537291 0.043865
-0.161373 0.574244 0.044396
-0.113772 0.539263 0.040231
-0.142008 0.554636 0.091433
-0.146384 0.571834 0.090978
-0.142008 0.554636 0.091433
-0.151691 0.633776 0.021347
-0.127785 0.611392 0.031434
-0.118866 0.641389 0.011089
-0.135871 0.616035 0.008687
-0.154387 0.628186 0.062658
-0.185278 0.634694 0.064653
-0.014049 0.917260 0.099846
-0.143300 1.146225 0.030676
-0.121753 1.093983 0.070250
-0.170987 1.142537 0.074968
-0.163596 1.165579 0.044988
-0.174581 1.146495 0.026952
-0.132832 1.095240 0.054287
-0.163022 1.095753 0.047927
-0.153861 1.129213 0.056248
-0.143845 1.159313 0.009279
-0.149543 1.173558 0.011780
-0.169658 1.150768 0.005200
-0.143622 1.166702 -0.002497
-0.159591 1.072487 0.066656
-0.132832 1.095240 0.054287
-0.149521 1.077155 0.047770
-0.084499 1.050804 0.059885
-0.132832 1.095240 0.054287
-0.115810 1.134583 0.007643
-0.195778 1.151685 0.004815
-0.150236 1.161445 0.015002
-0.094136 -0.383612 0.035286
-0.125962 -0.352377 0.036832
-0.076447 -0.400001 0.021276
-0.061003 -0.426515 0.013164
-0.042558 -0.434959 0.050108
-0.109941 -0.401832 0.028094
-0.129745 -0.402146 0.039092
-0.090916 -0.320639 0.047988
-0.055666 -0.357788 0.060828
-0.136324 -0.405991 0.049694
-0.083049 -0.436105 0.021166
-0.059650 -0.320667 0.031626
-0.170880 -0.304887 0.034788
-0.125163 -0.293709 0.039574
-0.158119 -0.396715 0.041578
-0.112889 -0.427194 0.087704
0.203698 -1.127716 -0.006919
0.175638 -1.161525 -0.005130
0.155625 -1.136661 0.015638
0.370374 -1.044702 0.126335
0.389000 -1.083986 0.162225
0.353620 -1.076393 0.198751
0.315779 -0.970689 0.180934
0.205288 -1.076518 0.097973
0.352299 -0.976812 0.135950
0.322566 -0.989459 0.098215
0.389000 -1.083986 0.162225
0.332183 -1.084929 0.097742
0.296272 -1.127547 0.047716
0.175638 -1.161525 -0.005130
0.244197 -1.111709 0.140094
0.296272 -1.127547 0.047716
-0.223440 -0.990019 0.056085
-0.084717 -0.925832 0.034705
-0.043993 -0.886765 0.034831
0.003532 -0.854898 0.037089
0.016627 -0.851456 0.102428
-0.228496 -0.962091 0.058204
-0.116788 -0.794881 0.102661
-0.163405 -0.882350 0.076421
0.016627 -0.851456 0.102428
0.003532 -0.854898 0.037089
-0.128534 -0.809366 0.034837
-0.070521 -0.769604 0.036565
-0.043993 -0.886765 0.034831
-0.065825 -0.890380 0.110199
-0.108884 -0.246673 0.004685
-0.014464 -0.228456 0.009949
-0.291965 -0.258282 0.049221
-0.308070 -0.369631 0.158328
-0.308175 -0.447874 0.128417
-0.253797 -0.579247 0.014868
-0.369478 -0.485105 0.009614
-0.205054 -0.728989 0.073907
-0.165733 -0.765994 0.100970
-0.128829 -0.759500 0.129806
-0.134650 -0.786318 0.022189
-0.090036 -0.768636 0.125821
-0.056307 -0.708588 0.092241
-0.290162 -0.458566 0.014054
-0.360125 -0.357775 0.096174
0.072220 -0.143104 0.009954
0.013846 -0.065170 0.006878
-0.039055 -0.773297 0.045167
-0.069460 -0.798356 0.020357
-0.099069 -0.749401 0.019049
-0.090036 -0.768636 0.125821
-0.286283 -0.315930 0.159670
-0.094522 -0.715858 0.012150
-0.188310 -0.506626 0.099690
0.057433 -0.256672 0.225865
-0.379590 -0.399711 0.018484
-0.156197 -0.167267 0.200707
-0.096950 -0.050423 0.100021
0.040483 -0.180793 0.261753
-0.096887 -0.044545 0.186686
0.057433 -0.256672 0.225865
0.089059 -0.234918 0.014533
0.186952 -0.409114 -0.008876
0.248652 -1.007322 0.152561
0.322919 -0.989777 0.202450
0.232229 -0.954609 0.099000
0.348164 -1.007417 0.096101
0.370237 -0.993936 0.150596
0.352445 -0.952109 0.176784
0.176848 -0.632656 0.148219
0.241855 -0.531026 0.138784
-0.014464 -0.228456 0.009949
0.072220 -0.143104 0.009954
0.160098 -0.561092 0.166077
0.219463 -0.896355 0.143209
0.309800 -0.662699 0.151756
0.269091 -0.519649 0.069536
0.022447 -0.294626 0.169150
0.109922 -0.499576 0.135468
0.252518 -0.541120 0.045584
0.192034 -0.604914 0.011118
0.092231 -0.406550 0.147655
0.109922 -0.499576 0.135468
0.174721 -0.053069 0.026969
0.013846 -0.065170 0.006878
0.322919 -0.989777 0.202450
-0.150099 -0.821420 0.049494
-0.069460 -0.798356 0.020357
0.248718 -1.003782 0.093477
0.290043 -1.000927 0.064750
-0.096887 -0.044545 0.186686
-0.049672 -0.054716 0.253683
-0.127216 0.218403 0.046964
-0.221889 -0.008255 0.036958
-0.121334 -0.178910 0.083777
-0.211449 -0.126536 0.108839
-0.175656 0.004530 0.023608
-0.137706 0.041357 0.045587
-0.257316 0.121701 0.060068
-0.193403 0.121587 0.172015
-0.161237 0.016668 0.139226
-0.160309 0.202822 0.141987
-0.160309 0.202822 0.141987
-0.221634 0.205375 0.195234
-0.238612 0.226561 0.220093
-0.158494 0.120739 0.207684
-0.160309 0.202822 0.141987
-0.063376 -0.115610 0.007542
-0.207161 0.410168 0.146894
-0.149482 0.434693 0.122608
-0.112339 0.459505 0.191646
-0.004021 0.133667 0.282126
-0.128884 0.000469 0.105938
-0.148893 0.153175 0.138991
-0.017561 0.478809 0.053344
-0.048607 0.446174 0.041100
-0.022298 0.820034 0.043325
0.065942 0.772496 -0.009474
0.010801 0.941940 0.103529
0.082737 0.805010 0.007363
0.069491 0.880095 0.018675
0.001837 0.773011 0.029756
0.003453 0.857009 0.110206
0.023010 0.789797 0.091329
0.057114 0.603203 0.131386
0.103846 0.523063 0.143937
0.040960 0.515363 0.089764
0.158855 0.124033 0.020164
0.030376 0.494328 0.112274
0.040960 0.515363 0.089764
0.157318 -0.108729 0.007658
0.051006 -0.131282 -0.005345
0.215792 0.034298 0.184705
0.106526 0.138113 0.276612
0.215047 -0.082156 0.182818
0.226323 -0.067320 0.120686
0.215792 0.034298 0.184705
0.133982 0.214963 0.009240
-0.086366 0.450706 0.053713
-0.048607 0.446174 0.041100
0.030376 0.494328 0.112274
-0.144482 0.494756 0.155839
-0.002886 0.535878 0.112874
-0.283605 0.323620 0.066405
-0.146488 0.477958 0.113919
-0.146488 0.477958 0.113919
-0.144482 0.494756 0.155839
-0.054075 0.479412 0.179498
-0.128557 0.453901 0.171365
-0.144482 0.494756 0.155839
-0.131400 0.426480 0.109578
-0.131400 0.426480 0.109578
-0.128557 0.453901 0.171365
0.082737 0.805010 0.007363
-0.191631 0.291004 0.016981
-0.134749 -0.291070 0.068745
-0.184133 -0.305490 0.040856
-0.219483 0.333129 0.028540
-0.115250 -0.081397 0.182103
-0.127164 -0.078172 0.083062
0.208948 -0.073898 0.049955
0.226323 -0.067320 0.120686
0.208948 -0.073898 0.049955
-0.021290 1.088461 0.044293
-0.073037 1.066663 0.080331
-0.184133 -0.305490 0.040856
-0.134749 -0.291070 0.068745
-0.101441 -0.278584 0.018233
-0.154659 -0.126891 0.011857
-0.125010 -0.282519 0.007002
-0.134537 -0.136691 0.055002
-0.183625 0.558099 0.024140
-0.154219 0.644491 0.001935
-0.133222 0.643136 -0.004614
-0.183644 0.575311 0.031970
-0.149946 0.628456 0.026924
-0.127229 0.630922 0.037315
-0.131824 0.614437 0.027692
-0.144233 0.620693 0.013119
-0.121384 0.597824 -0.006998
-0.159823 0.575043 0.029084
-0.116077 0.494641 0.055796
-0.138905 0.551859 0.004983
-0.109181 0.535969 0.035747
-0.170880 0.573968 0.062875
-0.137505 0.572096 0.096853
-0.095660 0.542123 0.054465
-0.119767 0.557341 0.098172
-0.023204 0.638957 0.023759
-0.040384 0.634178 0.023912
-0.052270 0.576684 0.019908
-0.044787 0.594610 0.022857
-0.032073 0.595822 0.023671
-0.017000 0.589091 0.032230
-0.010581 0.610663 0.033677
-0.155894 0.533246 0.018148
-0.159819 0.508282 0.023119
-0.022960 0.517398 0.131592
0.016182 0.646111 0.132343
-0.012161 0.511666 0.117881
-0.008639 0.507678 0.151916
-0.075012 0.480928 0.179999
-0.046043 0.499114 0.043804
-0.171576 0.628528 0.060061
-0.154725 0.629577 0.077376
-0.178996 0.640875 0.083987
-0.185414 0.624807 0.087567
-0.184195 0.618862 0.069936
-0.172059 0.624545 0.051699
-0.022952 0.599080 0.040329
-0.153686 0.551038 0.019150
-0.031762 0.602440 0.038394
-0.038048 0.621442 0.028247
-0.190022 0.597503 0.109348
-0.166729 0.521136 0.110719
-0.129928 0.493086 0.080787
-0.070824 0.417386 0.077781
-0.150326 0.531589 0.133101
-0.116781 0.451455 0.113532
-0.115460 0.594966 0.171358
-0.059295 0.507410 0.160665
-0.032243 0.687369 0.179095
-0.124697 0.632730 0.172062
-0.033812 0.720875 0.148292
-0.182772 0.581376 0.052730
-0.186964 0.580612 0.041961
-0.197043 0.581193 0.024358
-0.001671 0.602442 0.154632
-0.185244 0.548960 0.063422
-0.115432 0.615146 0.187767
-0.131324 0.594006 0.150995
-0.136483 0.602274 0.161069
-0.132445 0.614359 0.164203
-0.135741 0.632954 0.176774
-0.129092 0.627340 0.172329
-0.185244 0.548960 0.063422
-0.174308 0.550098 0.057373
-0.169418 0.554256 0.025229
-0.174308 0.550098 0.057373
-0.075012 0.480928 0.179999
-0.148435 0.532484 0.088669
-0.167030 0.533345 0.059936
-0.165413 0.554099 0.054493
-0.116447 0.523633 0.086447
-0.115946 0.549325 0.040929
-0.130466 0.528135 0.061036
-0.138746 0.554050 0.024081
-0.161165 0.555041 0.024296
-0.106924 0.574576 0.036981
-0.107555 0.555208 0.039060
-0.131300 0.524497 0.078296
-0.130466 0.528135 0.061036
-0.115512 0.554457 0.036901
-0.145480 0.552273 0.089326
-0.172847 0.553285 0.044158
-0.143724 0.537377 0.087103
-0.158405 0.535114 0.041331
-0.175385 0.554664 0.051681
-0.112117 0.538972 0.040159
-0.172511 0.575106 0.049254
-0.146384 0.571834 0.090978
-0.130349 0.623633 0.005859
-0.147835 0.637853 0.015059
-0.127918 0.644988 0.011658
-0.151747 0.622343 0.080276
-0.175770 0.623853 0.095844
-0.136877 0.639866 0.038372
-0.149520 0.628171 0.028776
-0.113459 0.629863 0.020273
-0.136877 0.639866 0.038372
-0.127918 0.644988 0.011658
-0.162443 0.619827 0.061893
-0.187596 0.626506 0.068522
0.024840 0.941367 0.092237
-0.070785 1.078284 0.066202
-0.132832 1.095240 0.054287
-0.109596 1.120137 0.014395
-0.145455 1.067572 0.067943
-0.149084 1.133116 0.046478
-0.152332 1.124695 0.056654
-0.151118 1.120685 0.075584
-0.129216 1.153388 0.042959
-0.161733 1.150126 0.031262
-0.190455 1.155090 0.044329
-0.136331 1.132653 0.080014
-0.169840 1.079997 0.059125
-0.128427 1.170731 0.002538
-0.159633 1.167021 0.010727
-0.130935 1.169499 0.015111
-0.123031 1.153671 0.019585
-0.143845 1.159313 0.009279
-0.201020 1.134033 -0.000220
-0.187204 1.137374 0.018802
-0.075190 1.114869 0.008613
-0.028580 1.058630 0.028630
-0.177515 1.149156 0.068032
-0.136203 1.077165 0.041801
-0.124848 1.133524 0.071868
-0.140150 1.146487 0.035747
-0.156039 1.161540 0.028993
-0.122760 1.143347 0.006358
-0.132832 1.095240 0.054287
-0.153016 1.167105 -0.001218
-0.214660 1.143171 0.028576
-0.214660 1.143171 0.028576
-0.206329 1.138217 0.027102
-0.076435 1.064525 0.022383
-0.215262 1.138244 0.036977
-0.146978 -0.127279 0.018628
-0.164705 -0.129221 0.006897
-0.090220 -0.339538 0.031869
-0.125962 -0.352377 0.036832
-0.092046 -0.389830 0.012055
-0.067875 -0.436917 0.031683
-0.071808 -0.410181 0.021961
-0.100855 -0.416855 0.045638
-0.082083 -0.435750 0.078905
-0.047433 -0.340225 0.057462
-0.094148 -0.440695 0.081646
-0.114497 -0.383538 0.004230
-0.114091 -0.397871 0.020466
-0.130215 -0.398855 0.039511
-0.109812 -0.425691 0.082672
-0.119620 -0.427782 0.087295
-0.138122 -0.396301 0.031095
-0.130074 -0.252440 0.009575
-0.146978 -0.127279 0.018628
-0.049964 -0.414819 0.015390
-0.043535 -0.428819 0.047685
-0.114529 -0.427552 0.032892
-0.062591 -0.457467 0.061010
-0.083546 -0.439678 0.026735
-0.153203 -0.326151 0.055546
-0.210999 -0.168080 0.083939
-0.170880 -0.304887 0.034788
-0.134868 -0.298227 0.042024
-0.142783 -0.266174 0.049843
-0.164811 -0.163399 0.099174
-0.085671 -0.343852 0.017814
-0.085796 -0.429564 0.038543
0.207379 -1.135911 -0.004726
0.150731 -1.164866 0.057859
0.150827 -1.147460 0.062758
0.286952 -1.085878 0.165642
0.279383 -1.069262 0.165152
0.331367 -1.036834 0.194332
0.208916 -1.118988 -0.005908
0.328764 -0.972617 0.176983
0.252766 -1.075068 0.037223
0.256112 -1.034421 0.069835
0.271843 -1.011081 0.091115
0.281045 -0.996469 0.091286
0.337808 -1.095225 0.099386
0.288915 -1.103573 0.173810
0.246103 -1.120963 0.142060
0.190623 -1.151266 0.115427
0.326005 -0.982494 0.096266
0.349265 -0.972432 0.149306
-0.149968 -0.962065 0.098463
-0.221132 -1.000295 0.054537
-0.224471 -0.980493 0.055503
-0.201120 -0.974006 0.004825
-0.052576 -0.849766 0.027611
-0.034484 -0.890050 0.029739
-0.018742 -0.810350 0.042184
-0.206993 -0.955946 0.007216
-0.218352 -0.960378 0.069909
-0.056136 -0.754416 0.061105
-0.226312 -0.958604 0.038172
-0.189238 -0.926295 0.039457
-0.167568 -0.927942 0.098403
-0.103718 -0.831045 0.029015
-0.137140 -0.824628 0.047384
-0.051719 -0.897578 0.112544
-0.072932 -0.877080 0.108059
-0.149968 -0.962065 0.098463
-0.106982 -0.929958 0.108794
-0.056136 -0.754416 0.061105
-0.070790 -0.768983 0.104678
-0.096205 -0.341817 0.122185
-0.088075 -0.254088 0.017219
-0.273003 -0.254093 0.038294
-0.316990 -0.416159 0.152027
-0.292663 -0.459587 0.015147
-0.263504 -0.464807 0.038990
-0.339661 -0.452156 -0.001974
-0.292663 -0.459587 0.015147
-0.227912 -0.689793 0.046081
-0.154955 -0.770994 0.109185
-0.045909 -0.730364 0.085727
-0.073931 -0.781262 0.021146
-0.152827 -0.820131 0.052964
-0.167935 -0.792975 0.059063
-0.084258 -0.764024 0.125541
-0.132290 -0.814243 0.106302
-0.330390 -0.441621 0.134187
-0.331217 -0.399878 0.144134
-0.023752 -0.295746 0.092895
-0.092920 -0.295363 0.045974
-0.195801 -0.195831 0.185488
-0.090997 -0.759220 0.023159
-0.090997 -0.759220 0.023159
-0.203268 -0.731787 0.070278
-0.365350 -0.419782 0.137667
-0.353007 -0.358226 0.021301
-0.162615 -0.369933 0.139140
-0.100529 -0.717907 0.010697
-0.178770 -0.781323 0.054631
-0.175397 -0.755363 0.069062
-0.348383 -0.460098 0.132499
-0.088686 -0.331218 0.084113
-0.147638 -0.362506 0.065946
-0.154172 -0.163280 0.195770
-0.259201 -0.437070 0.019188
0.064583 -0.182247 0.261060
-0.154172 -0.163280 0.195770
-0.121968 -0.133436 0.215932
-0.113212 -0.091017 0.188872
0.024317 -0.037011 0.259342
-0.099537 -0.038549 0.181493
0.065247 -0.314669 0.174222
0.248940 -0.460545 0.053094
0.162203 -0.542350 0.165145
0.237154 -0.579200 0.151053
0.323080 -0.823989 0.069132
0.352409 -0.936877 0.131360
0.312783 -0.995423 0.196145
0.248652 -1.007322 0.152561
0.256973 -0.973658 0.160406
0.354951 -0.967063 0.103689
0.291255 -0.930647 0.062629
0.206119 -0.600959 0.172753
0.024401 -0.305195 0.089787
-0.023752 -0.295746 0.092895
0.024401 -0.305195 0.089787
0.005408 -0.230317 0.010294
0.047574 -0.175285 0.009251
0.155494 -0.562469 0.166263
0.279314 -0.717000 0.040608
0.313437 -0.922082 0.194792
0.330399 -0.955316 0.183483
0.270249 -0.955201 0.184664
0.230052 -0.949300 0.109655
0.233278 -0.948671 0.090996
0.324061 -0.944125 0.081433
0.266504 -0.881875 0.066152
0.257368 -0.497000 0.045819
0.233867 -0.281178 0.058580
0.118832 -0.512610 0.142940
0.260266 -0.925530 0.068846
0.291729 -0.955644 0.083704
0.085924 -0.405262 0.138558
0.230425 -0.204282 0.089925
0.099927 -0.487875 0.118635
0.199117 -0.171175 0.055379
0.230425 -0.204282 0.089925
0.205562 -0.113026 0.073350
0.211070 -0.043565 0.111906
0.324061 -0.944125 0.081433
-0.093336 -0.788220 0.066221
-0.152827 -0.820131 0.052964
0.312783 -0.995423 0.196145
0.248652 -1.007322 0.152561
-0.153504 -0.128946 0.162930
0.009447 -0.062839 0.006177
-0.074631 -0.052012 0.049071
-0.019789 -0.040279 0.252441
-0.049672 -0.054716 0.253683
-0.130078 0.233638 0.041049
-0.223519 -0.151525 0.045141
-0.119769 -0.057819 0.082727
-0.143924 -0.047393 0.115476
-0.143924 -0.047393 0.115476
-0.225414 0.003431 0.119669
-0.129962 -0.005238 0.101755
-0.190435 0.025283 0.142874
-0.146633 0.019159 0.128940
-0.162494 0.159475 0.149435
-0.146633 0.019159 0.128940
-0.162494 0.159475 0.149435
-0.174618 0.191250 0.152692
-0.211379 0.188876 0.180661
-0.172002 0.274130 0.025260
-0.118209 0.161307 0.069472
-0.152490 0.191153 0.140093
-0.169018 0.205577 0.152482
-0.223600 0.206235 0.193484
-0.243846 0.222340 0.206071
-0.044053 0.313431 0.030613
-0.087539 -0.103574 0.024848
-0.040319 -0.120910 0.001953
-0.292738 0.293036 0.154998
-0.134738 0.425823 0.102183
-0.091398 0.421292 0.060456
-0.084386 0.424588 0.058114
-0.146235 0.440140 0.145296
-0.128871 -0.081212 0.095347
0.106526 0.138113 0.276612
-0.169018 0.205577 0.152482
0.021166 0.487097 0.033325
0.031844 0.814604 0.000003
0.046289 0.778940 -0.003964
0.072564 0.869894 0.017473
-0.040928 0.922390 0.005062
0.084195 0.818433 0.012678
0.026437 0.739229 -0.002738
0.047935 0.728543 -0.013862
0.116929 0.758515 0.054007
0.088722 0.717209 -0.006019
0.077415 0.766890 -0.004072
0.135385 0.573667 0.014734
0.058855 0.526631 0.112447
0.138955 0.433806 0.006962
0.091797 0.527289 0.136974
0.033090 0.495754 0.022450
0.189323 0.453451 0.112208
0.058855 0.526631 0.112447
0.027868 0.503051 0.073051
0.185553 0.328362 0.052669
0.206150 0.393873 0.117012
0.027868 0.503051 0.073051
0.004003 0.248394 0.001687
0.093198 0.454366 0.189388
0.055547 0.484655 0.154420
0.173080 -0.098935 0.237478
0.224932 -0.025798 0.125178
-0.117279 -0.058102 0.182736
0.151003 0.192276 0.263216
-0.126380 0.111978 0.090358
0.209889 0.232405 0.120284
-0.084386 0.424588 0.058114
-0.048607 0.446174 0.041100
-0.006861 0.463778 0.059555
-0.031333 0.496200 0.062901
-0.124628 0.453996 0.185252
-0.146235 0.440140 0.145296
-0.092375 0.465687 0.194605
-0.042598 0.483102 0.189764
-0.263268 0.317733 0.046549
-0.254504 0.363692 0.090751
0.039775 0.523317 0.083018
-0.108866 0.461871 0.077131
-0.091398 0.421292 0.060456
-0.054863 0.532926 0.167982
-0.141425 0.488090 0.142008
-0.108194 0.514361 0.174255
-0.031333 0.496200 0.062901
-0.052658 0.466901 0.054358
-0.105232 -0.278277 0.009300
-0.130056 -0.290558 0.067515
-0.005342 0.459332 0.071799
-0.059218 0.440374 0.054013
-0.290456 0.318271 0.092297
-0.147484 0.214520 0.092097
-0.180027 -0.227264 0.085090
-0.105232 -0.278277 0.009300
-0.181858 -0.301411 0.024064
-0.174184 -0.304673 0.053884
-0.125226 -0.283455 -0.005672
0.224510 -0.072643 0.141901
-0.128871 -0.081212 0.095347
-0.118654 -0.071136 0.129894
-0.017415 -0.097457 0.279421
0.113487 -0.099133 0.268092
-0.040319 -0.120910 0.001953
0.191783 -0.068996 0.040673
0.214889 -0.058104 0.112435
-0.087539 -0.103574 0.024848
0.113487 -0.099133 0.268092
-0.123144 -0.082746 0.164462
-0.117162 -0.082815 0.062184
-0.040867 1.008825 -0.001631
-0.057540 1.061219 -0.001025
-0.084921 1.049711 0.009112
-0.057540 1.061219 -0.001025
-0.024808 1.077057 0.048328
-0.079588 1.040163 0.014663
-0.057540 1.061219 -0.001025
-0.024206 1.085230 0.025990
-0.030824 1.086433 0.059840
-0.073365 1.068250 0.080813
-0.174184 -0.304673 0.053884
-0.173256 -0.283784 0.051836
-0.132380 -0.271103 0.060757
-0.129588 -0.265245 -0.003975
-0.113939 -0.263700 0.028096
-0.152332 1.124695 0.056654
-0.054515 1.080025 0.016827
-0.081594 -0.332722 0.017470
-0.047333 -0.362208 0.058182
-0.073878 -0.307472 0.029224
-0.081594 -0.332722 0.017470
-0.169840 1.079997 0.059125
-0.145455 1.067572 0.067943
-0.155997 0.583286 0.019054
-0.167494 0.578444 0.020485
-0.152563 0.632793 0.023262
-0.154217 0.626251 0.028774
-0.137185 0.631788 0.005307
-0.183644 0.575311 0.031970
-0.145175 0.638711 0.027092
-0.118868 0.630348 0.031037
-0.148316 0.626317 0.026361
-0.127280 0.615477 0.023671
-0.145488 0.622117 0.013193
-0.125795 0.638342 0.010882
-0.130602 0.627338 0.005534
-0.191643 0.641327 0.049305
-0.175249 0.552361 0.025303
-0.147536 0.551314 0.022514
-0.116077 0.494641 0.055796
-0.173800 0.627504 0.030085
-0.148165 0.533605 0.031446
-0.164741 0.533356 0.050416
-0.163740 0.551348 0.027264
-0.095866 0.544338 0.049518
-0.100336 0.541060 0.065755
-0.113002 0.579062 0.049385
-0.104964 0.572804 0.069831
-0.037321 0.635735 0.025485
-0.049648 0.618178 0.020704
-0.029791 0.633360 0.020428
-0.193655 0.592643 0.017617
-0.019547 0.636002 0.025855
-0.042641 0.576974 0.020414
-0.037281 0.595648 0.022186
-0.021222 0.585787 0.028772
-0.027319 0.596905 0.026364
-0.027770 0.592506 0.035989
-0.043907 0.582436 0.030457
-0.184681 0.543723 0.037467
-0.171470 0.553581 0.024027
-0.174256 0.531188 0.035766
-0.187034 0.557764 0.035628
0.003337 0.501757 0.127014
-0.026940 0.507068 0.059510
-0.011146 0.505923 0.154259
-0.022917 0.502230 0.165699
-0.030103 0.513569 0.140776
-0.049880 0.420828 0.071984
-0.070849 0.443491 0.067238
0.002684 0.478681 0.101582
-0.009809 0.613181 0.033350
-0.171723 0.636804 0.063269
-0.172587 0.642481 0.077961
-0.157599 0.628250 0.086933
-0.167005 0.613280 0.080955
-0.182068 0.634910 0.086236
-0.027529 0.496821 0.065084
-0.177334 0.623484 0.091716
-0.033962 0.497918 0.173153
-0.181027 0.623436 0.109177
-0.186406 0.633078 0.066676
-0.172063 0.624855 0.053349
-0.177553 0.629910 0.038380
-0.033495 0.597287 0.034625
-0.036631 0.627282 0.026971
-0.037445 0.619319 0.028855
-0.041526 0.600424 0.022639
-0.046630 0.593630 0.022393
-0.197670 0.638740 0.084082
-0.128123 0.492981 0.074311
-0.092192 0.441675 0.076323
-0.120532 0.463847 0.077657
-0.136310 0.572188 0.151033
-0.111783 0.481221 0.146585
-0.130243 0.633137 0.169056
-0.094959 0.501342 0.158181
-0.027375 0.541267 0.141946
-0.084929 0.746503 0.107930
-0.016218 0.546610 0.125243
-0.140424 0.734657 0.070811
-0.180947 0.576199 0.049824
-0.183696 0.579057 0.041656
-0.198413 0.584782 0.025361
-0.190393 0.585585 0.046138
-0.182206 0.591111 0.051888
-0.185829 0.544346 0.074337
-0.186297 0.554896 0.061005
-0.174308 0.550098 0.057373
-0.132690 0.599823 0.150485
-0.139198 0.589270 0.156188
-0.131747 0.590739 0.153384
-0.138479 0.589848 0.163575
-0.134616 0.634002 0.176961
-0.122886 0.632852 0.180729
-0.128736 0.630280 0.182058
-0.137863 0.626000 0.172284
-0.132493 0.627276 0.169418
-0.129018 0.592889 0.174413
-0.117905 0.610254 0.188310
-0.121474 0.590636 0.183894
-0.142942 0.572143 0.149514
-0.173690 0.568698 0.061442
-0.164741 0.533356 0.050416
-0.174308 0.550098 0.057373
-0.162831 0.534792 0.070877
-0.071934 0.417123 0.077462
-0.095875 0.424261 0.093032
-0.147283 0.544008 0.094310
-0.173690 0.568698 0.061442
-0.161165 0.555041 0.024296
-0.115946 0.549325 0.040929
-0.149724 0.551143 0.031932
-0.159718 0.553405 0.036305
-0.116905 0.554826 0.031965
-0.102042 0.538794 0.056162
-0.103379 0.524483 0.061996
-0.106720 0.524449 0.056419
-0.132019 0.524069 0.077185
-0.130783 0.527617 0.060707
-0.142140 0.554537 0.023005
-0.131191 0.554018 0.025914
-0.131573 0.553222 0.030689
-0.120438 0.553497 0.037877
-0.112742 0.553949 0.041054
-0.145480 0.552273 0.089326
-0.170790 0.533763 0.046415
-0.173384 0.553861 0.043988
-0.158416 0.551130 0.071912
-0.158890 0.536306 0.057410
-0.160556 0.534999 0.046347
-0.175385 0.554664 0.051681
-0.160848 0.573893 0.049525
-0.153718 0.574265 0.037971
-0.107582 0.556763 0.043115
-0.104897 0.556718 0.039994
-0.130312 0.555311 0.030871
-0.112117 0.538972 0.040159
-0.142140 0.554537 0.023005
-0.130312 0.555311 0.030871
-0.162265 0.553689 0.069986
-0.170294 0.552784 0.064952
-0.161111 0.573977 0.081910
-0.145712 0.572754 0.093258
-0.139411 0.563972 0.087798
-0.145712 0.572754 0.093258
-0.146813 0.629202 0.012281
-0.149520 0.628171 0.028776
-0.136988 0.641023 0.010802
-0.131527 0.613205 0.015978
-0.124395 0.645713 0.019830
-0.154066 0.624344 0.085580
-0.153135 0.620401 0.074310
-0.122057 0.614142 0.024245
-0.162118 0.615278 0.066794
-0.122048 0.623828 0.037824
-0.136792 0.616042 0.034632
-0.121749 0.636856 0.036050
-0.113459 0.629863 0.020273
-0.174400 0.624696 0.094500
-0.174801 0.642649 0.068282
-0.180183 0.640220 0.083582
-0.164524 0.638388 0.090843
0.040176 0.951387 0.036825
-0.039255 1.075685 0.028864
-0.141156 1.105574 0.057962
-0.093127 1.062267 0.066100
-0.143424 1.139814 0.060452
-0.146119 1.132143 0.043036
-0.132218 1.099673 0.066062
-0.160280 1.164537 0.041745
-0.159873 1.156111 0.032592
-0.167562 1.150393 0.054361
-0.120271 1.104999 0.073033
-0.136331 1.132653 0.080014
-0.167732 1.089590 0.059422
-0.160664 1.086777 0.044174
-0.132717 1.093487 0.054152
-0.161141 1.094413 0.052084
-0.184871 1.099577 0.037772
-0.125116 1.139905 0.064362
-0.159633 1.167021 0.010727
-0.130935 1.169499 0.015111
-0.125868 1.150167 0.018289
-0.111915 1.152797 0.030145
-0.176654 1.169006 0.018251
-0.116687 1.154482 0.020047
-0.134766 1.156492 0.011459
-0.159633 1.167021 0.010727
-0.194813 1.154304 0.010198
-0.191225 1.132306 0.012937
-0.203751 1.129218 0.010434
-0.112389 1.067687 0.031558
-0.141527 1.074301 0.045869
-0.094527 1.084692 0.010310
-0.049736 0.969005 0.052890
-0.126047 1.152557 0.044549
-0.060674 1.097822 0.020898
-0.124407 1.145608 0.006190
-0.108900 1.121932 0.008886
-0.193134 1.152407 0.016097
-0.165592 1.162405 0.047908
-0.150657 1.156296 0.023187
-0.154873 1.160701 0.014490
-0.212980 1.134804 0.033936
-0.203678 1.142193 0.049288
-0.153739 1.121648 0.060860
-0.151118 1.120685 0.075584
-0.167362 1.152498 0.000118
-0.131313 1.160197 -0.000388
-0.174440 1.152210 0.064619
-0.199345 1.152394 0.046158
-0.135883 1.085213 0.045576
-0.135883 1.085213 0.045576
-0.081291 1.049329 0.059736
-0.132218 1.099673 0.066062
-0.027809 0.915820 0.023650
-0.214826 -0.165376 0.072766
-0.160350 -0.128470 0.008553
-0.145653 -0.127305 0.019418
-0.093779 -0.375079 0.035104
-0.128722 -0.356685 0.037726
-0.090780 -0.391513 0.029199
-0.090911 -0.388566 0.010996
-0.081628 -0.354973 0.019355
-0.116335 -0.394781 0.017602
-0.088031 -0.343383 0.014178
-0.048072 -0.362697 0.058136
-0.072860 -0.413090 0.016019
-0.050924 -0.435316 0.048087
-0.110799 -0.396445 0.036495
-0.105185 -0.394382 0.032680
-0.082083 -0.435750 0.078905
-0.062701 -0.337425 0.053473
-0.039075 -0.356446 0.061238
-0.111091 -0.428149 0.080271
-0.111876 -0.422633 0.083649
-0.094148 -0.440695 0.081646
-0.100077 -0.439941 0.061814
-0.133019 -0.306379 0.044312
-0.130705 -0.295744 0.040028
-0.131161 -0.329909 0.043208
-0.122194 -0.380096 0.006128
-0.134174 -0.396704 0.043556
-0.132554 -0.408682 0.052732
-0.062560 -0.442788 0.037850
-0.085105 -0.421422 0.016021
-0.110244 -0.382947 0.003597
-0.147178 -0.367169 0.049287
-0.081848 -0.322962 0.044072
-0.067693 -0.413112 0.005531
-0.097446 -0.370629 -0.001299
-0.118192 -0.380523 0.045617
-0.119951 -0.394957 0.043196
-0.072642 -0.449926 0.039877
-0.096314 -0.422294 0.019435
-0.059893 -0.399970 0.016427
-0.085730 -0.334499 0.036964
-0.083353 -0.336036 0.021870
-0.158447 -0.317930 0.050558
-0.121357 -0.287034 0.026556
-0.137431 -0.274991 0.044222
-0.135512 -0.205450 0.029897
-0.135512 -0.205450 0.029897
-0.147385 -0.411192 0.053540
0.261779 -1.122318 0.021138
0.315643 -1.087512 0.084875
0.357440 -1.059006 0.115947
0.150731 -1.164866 0.057859
0.149833 -1.148524 0.055398
0.244446 -1.100111 0.138215
0.280758 -1.069770 0.164162
0.370460 -1.042894 0.154490
0.382793 -1.085550 0.164058
0.358751 -1.040320 0.180831
0.366726 -1.081605 0.193281
0.286166 -1.100677 0.035844
0.273792 -1.051588 0.169724
0.271225 -1.066469 0.164460
0.241769 -1.077534 0.040644
0.256112 -1.034421 0.069835
0.271843 -1.011081 0.091115
0.250317 -0.988128 0.123500
0.264778 -0.997992 0.103695
0.336657 -1.090950 0.098810
0.343630 -1.109787 0.103724
0.335505 -1.085503 0.204001
0.366726 -1.081605 0.193281
0.204817 -1.152698 -0.007292
0.161476 -1.163105 0.011131
0.267567 -0.980042 0.153335
0.292085 -0.974368 0.175212
0.297938 -1.121660 0.057907
0.336657 -1.090950 0.098810
-0.114492 -0.938464 0.110320
-0.120513 -0.921729 0.108032
-0.224757 -0.982312 0.046038
-0.084400 -0.922154 0.039586
-0.050487 -0.878632 0.037796
-0.075298 -0.880093 0.038122
-0.005887 -0.814156 0.073314
0.022777 -0.848318 0.071392
-0.159589 -0.935596 -0.001633
-0.227539 -0.974422 0.047719
-0.012363 -0.799444 0.067610
-0.117923 -0.907434 0.018162
-0.035295 -0.774935 0.084739
-0.226312 -0.958604 0.038172
-0.217796 -0.956952 0.067657
-0.150558 -0.896388 0.016950
-0.055008 -0.755228 0.073543
-0.130927 -0.798598 0.032025
-0.060684 -0.756516 0.055089
-0.079708 -0.766016 0.033116
-0.103563 -0.925344 0.106787
-0.084400 -0.922154 0.039586
-0.034484 -0.890050 0.029739
0.012705 -0.856622 0.042180
-0.130927 -0.798598 0.032025
-0.136919 -0.808596 0.069844
-0.103563 -0.925344 0.106787
-0.084400 -0.922154 0.039586
-0.019131 -0.239653 0.013840
-0.059628 -0.246520 0.017884
-0.117329 -0.244447 0.003855
-0.295185 -0.333020 0.152851
-0.277995 -0.458758 0.066700
-0.276990 -0.463003 0.028309
-0.283999 -0.463980 0.034553
-0.233780 -0.487465 0.028997
-0.254683 -0.497309 0.012650
-0.271239 -0.638704 0.093078
-0.345831 -0.542352 0.087910
-0.058884 -0.704882 0.092915
-0.022299 -0.776087 0.062155
-0.035854 -0.783491 0.039916
-0.084721 -0.805976 0.021447
-0.129075 -0.818474 0.032684
-0.134976 -0.816488 0.102023
-0.121784 -0.796050 0.111584
-0.084258 -0.764024 0.125541
-0.170469 -0.710833 0.128022
-0.182012 -0.604240 0.010313
-0.331466 -0.383225 0.141098
-0.078663 -0.266206 0.032366
-0.124327 -0.314520 0.035997
0.000504 -0.301748 0.115554
-0.078663 -0.266206 0.032366
-0.270985 -0.276680 0.158108
-0.232244 -0.649260 0.130413
-0.082423 -0.665385 0.097435
-0.095549 -0.766318 0.021857
-0.127818 -0.783344 0.098849
-0.127818 -0.783344 0.098849
-0.364355 -0.423052 0.138644
-0.360790 -0.396481 0.132189
-0.171685 -0.285017 0.005401
-0.192963 -0.201596 0.191513
-0.275930 -0.582350 0.132907
-0.088970 -0.746136 0.022544
-0.173455 -0.750401 0.028862
-0.178770 -0.781323 0.054631
-0.120727 -0.764535 0.128464
-0.327314 -0.458740 0.148653
-0.353286 -0.442155 0.145470
-0.346249 -0.362968 0.012116
-0.128001 -0.130330 0.093786
-0.156941 -0.145071 0.139270
-0.192963 -0.201596 0.191513
-0.168569 -0.714208 0.018975
-0.180074 -0.739926 0.043776
-0.376902 -0.416106 0.012775
-0.369466 -0.476788 0.107243
-0.347548 -0.488664 0.122852
-0.332861 -0.515686 0.115185
-0.132832 -0.122430 0.147707
-0.152938 -0.165073 0.198192
0.039179 -0.159701 0.266706
-0.101689 -0.039182 0.115205
-0.102645 -0.037310 0.156911
0.031501 -0.037978 0.257529
-0.071526 -0.052445 0.234694
-0.092394 -0.042265 0.200592
0.063040 -0.312950 0.172261
0.246200 -0.424788 0.052433
0.218205 -0.575402 0.156833
0.178378 -0.543487 0.163569
0.192532 -0.591073 0.173768
0.161192 -0.627893 0.131418
0.312894 -0.779543 0.063081
0.340956 -0.925089 0.185808
0.357893 -0.952176 0.169228
0.292570 -0.971892 0.192630
0.266730 -1.004226 0.169837
0.242425 -1.010594 0.119064
0.248368 -1.006166 0.094785
0.295732 -0.982139 0.069894
0.337224 -0.983332 0.088448
0.356815 -1.000722 0.107576
0.327426 -1.009684 0.083542
0.260787 -0.653212 0.172096
0.038558 -0.330242 0.094487
0.014223 -0.298479 0.081338
0.000504 -0.301748 0.115554
0.014223 -0.298479 0.081338
0.190391 -0.495478 0.162357
0.255809 -0.970329 0.157372
0.265385 -0.951988 0.183698
0.234366 -0.957283 0.092926
0.286873 -0.948937 0.081315
0.196557 -0.730965 0.147907
0.227037 -0.609568 0.176268
0.019879 -0.298696 0.150733
0.234429 -0.268632 0.064990
0.122227 -0.507628 0.143315
0.142706 -0.555112 0.137789
0.297246 -0.714551 0.052419
0.236612 -0.936965 0.089071
0.250667 -0.937785 0.077448
0.212440 -0.864728 0.135689
0.062617 -0.261112 0.223523
0.034768 -0.291224 0.178814
0.107153 -0.501484 0.121294
0.297246 -0.714551 0.052419
0.249148 -0.904245 0.181761
0.217835 -0.898904 0.144414
0.131315 -0.368303 0.190018
0.177532 -0.375993 0.182803
0.283074 -0.651514 0.052015
0.054080 -0.202122 0.253390
0.181649 -0.115456 0.029339
0.210777 -0.165506 0.043131
0.199117 -0.171175 0.055379
0.231137 -0.206525 0.098453
0.037326 -0.061711 0.006713
0.008408 -0.103560 0.006608
0.010155 -0.085233 0.008698
-0.152666 -0.820399 0.067307
-0.093336 -0.788220 0.066221
0.248368 -1.006166 0.094785
0.242425 -1.010594 0.119064
0.348361 -0.990569 0.188092
0.312783 -0.995423 0.196145
-0.047837 -0.055102 0.252972
-0.071526 -0.052445 0.234694
0.209183 -0.042296 0.160364
-0.102645 -0.037310 0.156911
-0.092394 -0.042265 0.200592
0.213211 -0.042146 0.110872
-0.132549 0.003296 0.086986
-0.125705 -0.018607 0.092104
-0.130823 0.226164 0.047303
-0.119769 -0.057819 0.082727
-0.139553 -0.072371 0.019872
-0.143872 -0.040918 0.024534
-0.159391 -0.039420 0.127537
-0.162970 -0.019656 0.129986
-0.143188 0.096896 0.041467
-0.141741 0.039157 0.125689
-0.146682 0.149830 0.044449
-0.233705 0.083797 0.148195
-0.241878 0.148178 0.169191
-0.174618 0.191250 0.152692
-0.204634 0.312529 0.021611
-0.134570 0.203008 0.075949
-0.160596 0.206007 0.130060
-0.163730 0.187335 0.165528
-0.174842 0.205890 0.159849
-0.232203 0.212124 0.195079
-0.254504 0.363692 0.090751
-0.265390 0.326630 0.055863
-0.054429 -0.118001 0.007059
-0.162789 0.158956 0.177467
-0.088305 -0.104973 0.023073
-0.275660 0.263680 0.183743
-0.193047 0.358988 0.047903
-0.097090 0.394534 0.066041
-0.083646 0.423603 0.055069
-0.111894 -0.020613 0.082267
-0.113843 -0.053049 0.061175
-0.128101 -0.006488 0.174668
-0.120822 -0.058391 0.163717
0.103510 0.082198 0.262064
-0.125002 -0.036779 0.061327
0.010710 0.448586 0.025003
0.021166 0.487097 0.033325
0.045223 0.494998 0.146580
0.051930 0.483326 0.180686
0.028063 0.804664 0.000936
0.008886 0.898194 -0.012873
0.008886 0.898194 -0.012873
-0.009024 0.851467 0.096285
-0.021871 0.838317 0.069015
0.017380 0.745388 0.004704
0.083835 0.833787 0.078336
0.086700 0.785956 0.093735
0.001616 0.758880 0.027863
0.049065 0.685079 -0.009956
0.029702 0.592055 0.013222
0.172739 0.505007 0.086549
0.074245 0.450386 -0.011951
0.170176 0.443450 0.037373
0.171271 0.494322 0.058498
0.036757 0.492527 0.020206
0.092181 0.409563 -0.007534
0.172739 0.505007 0.086549
0.172488 0.473510 0.130992
0.088034 0.518120 0.139152
0.058855 0.526631 0.112447
0.089758 -0.127063 -0.003748
0.178101 0.329174 0.193725
0.168270 0.452249 0.140027
0.026523 0.496081 0.113863
-0.032650 0.323627 0.016585
0.093198 0.454366 0.189388
0.053679 0.483346 0.160852
0.210529 0.062522 0.191926
0.209902 0.011443 0.195121
0.221552 -0.003756 0.122056
0.227879 -0.040708 0.118166
0.160844 0.090392 0.239514
0.110599 -0.098791 0.269635
0.049342 -0.129804 -0.005867
-0.055376 0.353752 0.029560
0.033097 0.040236 -0.004715
-0.091584 0.422214 0.061457
-0.082956 0.422807 0.062266
-0.115546 0.440377 0.076165
-0.156737 0.119723 0.213019
-0.171990 0.152636 0.210659
-0.085601 0.445457 0.052290
-0.135230 0.467144 0.094557
-0.148067 0.482503 0.124245
-0.049376 0.469613 0.052822
-0.092375 0.465687 0.194605
-0.032813 0.486355 0.186430
-0.035387 0.491452 0.060639
-0.135230 0.467144 0.094557
-0.110526 0.462043 0.071316
-0.224898 0.334492 0.033689
-0.110526 0.462043 0.071316
-0.007002 0.534033 0.122391
-0.082882 0.459203 0.059069
-0.104771 0.459138 0.076195
-0.120849 0.467402 0.088521
-0.138647 0.481629 0.125181
-0.009928 0.523048 0.100165
0.017559 0.493271 0.123697
-0.007002 0.534033 0.122391
-0.139867 0.490719 0.146692
-0.138647 0.481629 0.125181
-0.120849 0.467402 0.088521
-0.104771 0.459138 0.076195
-0.089488 0.419850 0.066705
-0.178712 -0.304744 0.048740
-0.158119 -0.300219 0.063114
-0.103450 -0.281109 0.039113
-0.118530 -0.287620 0.062503
-0.118530 -0.287620 0.062503
-0.121316 -0.287352 0.057204
-0.061704 0.477727 0.180494
-0.112815 0.460969 0.177728
-0.059218 0.440374 0.054013
-0.082956 0.422807 0.062266
-0.149952 0.008538 0.128712
0.072822 0.794064 0.004543
0.022270 0.489588 0.099444
-0.233467 0.321094 0.030629
-0.210166 0.203000 0.186005
-0.174842 0.205890 0.159849
0.053394 0.468974 -0.001316
-0.142644 -0.278672 0.072855
-0.123975 -0.218861 0.077007
-0.253010 0.238435 0.204874
0.204800 -0.078035 0.045184
-0.115396 -0.088222 0.055746
-0.113687 -0.074800 0.071907
-0.094245 -0.077668 0.210297
-0.061987 -0.088714 0.252298
0.099422 -0.087807 0.260633
0.220871 -0.070794 0.089242
0.220984 -0.071288 0.134131
0.160541 -0.087050 0.234433
0.144983 -0.115275 0.007207
0.182134 -0.092090 0.022275
0.220984 -0.071288 0.134131
0.225875 -0.071500 0.141088
0.082246 -0.098450 0.269274
0.013717 -0.098097 0.279881
-0.124634 -0.081675 0.166249
-0.118864 -0.082644 0.164222
-0.115396 -0.088222 0.055746
-0.014190 0.942445 -0.008847
-0.014190 0.942445 -0.008847
-0.040867 1.008825 -0.001631
-0.063879 1.072962 0.080663
-0.023587 1.085246 0.025452
-0.026237 1.087257 0.051356
-0.038796 1.083627 0.067140
-0.081707 1.050834 0.011381
-0.056104 1.061229 -0.001845
-0.035037 1.073558 0.061370
-0.090160 1.039612 0.035376
-0.071740 1.043869 0.010481
-0.025115 1.074938 0.035917
-0.027677 1.084838 0.036840
-0.038796 1.083627 0.067140
-0.022823 0.963273 -0.011024
-0.158119 -0.300219 0.063114
-0.140388 -0.293596 0.066640
-0.132380 -0.271103 0.060757
-0.140130 -0.268344 -0.003681
-0.121876 -0.263805 0.002670
-0.113939 -0.263700 0.028096
0.145660 0.490674 0.149894
0.117489 0.494200 0.156887
-0.163450 1.146307 0.034220
-0.036645 0.906051 0.061631
-0.132717 1.093487 0.054152
-0.032603 0.909000 0.046289
-0.198212 1.142714 0.023779
-0.169237 1.148931 0.048274
-0.135150 -0.131898 0.040014
-0.053375 -0.455071 0.054680
-0.072642 -0.449926 0.039877
-0.148559 -0.300727 0.042925
-0.198115 -0.167742 0.091543
-0.134814 1.126632 0.029961
-0.146119 1.132143 0.043036
-0.137281 0.634408 0.004393
-0.147229 0.636424 0.011801
-0.163940 0.576725 0.020285
-0.168741 0.635080 0.024517
-0.096807 0.627498 0.002168
-0.176357 0.577652 0.022288
-0.182351 0.573294 0.032172
-0.191084 0.576107 0.020329
-0.132576 0.644596 0.020937
-0.118868 0.630348 0.031037
-0.147850 0.624268 0.018200
-0.137521 0.631200 0.007260
-0.129600 0.628040 0.006763
-0.119855 0.629343 0.012105
-0.136757 0.615704 0.008134
-0.148337 0.614964 0.019234
-0.184790 0.578493 0.020335
-0.187399 0.578677 0.016075
-0.150823 0.551273 0.016411
-0.147785 0.625405 0.024823
-0.154627 0.571676 0.025474
-0.155566 0.551097 0.021398
-0.108919 0.498594 0.050381
-0.128390 0.627690 0.005007
-0.109834 0.626599 0.001832
-0.145422 0.551245 0.023398
-0.148080 0.551298 0.021724
-0.172815 0.629941 0.029356
-0.109104 0.533614 0.054137
-0.114151 0.551798 0.030148
-0.113087 0.535131 0.037699
-0.103705 0.545406 0.036547
-0.114151 0.551798 0.030148
-0.137734 0.570244 0.023569
-0.104964 0.572804 0.069831
-0.169175 0.580524 0.017974
-0.028281 0.637014 0.034587
-0.039325 0.634347 0.024830
-0.031768 0.632729 0.019748
-0.029549 0.633021 0.021872
-0.083977 0.508454 0.042126
-0.026499 0.633847 0.027378
-0.019695 0.629619 0.032882
-0.013136 0.616437 0.035330
-0.014923 0.603187 0.031521
-0.027659 0.639441 0.025113
-0.019955 0.637672 0.025745
-0.012247 0.599150 0.034859
-0.054800 0.579389 0.020097
-0.020947 0.602475 0.027317
-0.041047 0.583940 0.029200
-0.150823 0.551273 0.016411
-0.160351 0.551473 0.018353
-0.172830 0.543216 0.019394
-0.169799 0.578154 0.021421
-0.171297 0.552470 0.024626
-0.015813 0.521024 0.122377
-0.015484 0.509329 0.095562
-0.045399 0.492764 0.177871
-0.029852 0.514011 0.139982
-0.058269 0.488045 0.180609
-0.016618 0.509877 0.128841
-0.021483 0.515447 0.068519
-0.029594 0.506907 0.055456
-0.056792 0.529175 0.037928
-0.058567 0.506227 0.041158
-0.048771 0.487186 0.050502
-0.080365 0.446238 0.067564
-0.011211 0.626033 0.036959
-0.010283 0.612924 0.039325
-0.172018 0.635999 0.062610
-0.172587 0.642481 0.077961
-0.167005 0.613280 0.080955
-0.174230 0.623907 0.061427
-0.172739 0.626418 0.060983
-0.182360 0.636498 0.070273
-0.183468 0.634165 0.085130
-0.068693 0.469669 0.057532
-0.050544 0.454323 0.063778
-0.177043 0.623317 0.091667
-0.175995 0.614865 0.056073
-0.150301 0.548172 0.014673
-0.182641 0.622184 0.066908
-0.134545 0.734891 0.062601
-0.189055 0.628741 0.077928
-0.172965 0.623936 0.046955
-0.051580 0.596302 0.018512
-0.160351 0.551473 0.018353
-0.188884 0.629916 0.083005
-0.172843 0.625909 0.056154
-0.051078 0.602490 0.030257
-0.043303 0.603051 0.034259
-0.041966 0.601471 0.021391
-0.046674 0.594710 0.023974
-0.042203 0.609552 0.024338
-0.049636 0.574611 0.026621
-0.030687 0.598784 0.035177
-0.044583 0.576354 0.020825
-0.035239 0.618666 0.028726
-0.018743 0.609556 0.028523
-0.028582 0.609450 0.037257
-0.037365 0.605775 0.033257
-0.039024 0.617025 0.029935
-0.176382 0.632133 0.050822
-0.188129 0.633474 0.069600
-0.120330 0.468428 0.071345
-0.114936 0.452753 0.103659
-0.116383 0.469541 0.137773
-0.111622 0.480821 0.146407
-0.133433 0.631719 0.166519
-0.122848 0.445738 0.128182
-0.124560 0.453264 0.137924
-0.028395 0.548768 0.144707
-0.028606 0.527390 0.141812
-0.062388 0.489505 0.173543
-0.047397 0.509379 0.154478
-0.155338 0.724001 0.063149
-0.065591 0.744568 0.112868
-0.181798 0.575756 0.045707
-0.182838 0.577658 0.040149
-0.191083 0.581715 0.040852
-0.183852 0.588324 0.034236
-0.190036 0.585907 0.031065
-0.197071 0.590237 0.026118
-0.186010 0.583250 0.019273
-0.190393 0.585586 0.046138
-0.180394 0.580530 0.052755
-0.182064 0.595405 0.053906
-0.183442 0.542341 0.035910
-0.184087 0.550847 0.060396
-0.180556 0.549597 0.058998
-0.059371 0.482254 0.047885
-0.075601 0.486283 0.045882
-0.116160 0.593097 0.183960
-0.112284 0.608125 0.185463
-0.144684 0.576999 0.149432
-0.139829 0.596735 0.161449
-0.133209 0.599746 0.150644
-0.131711 0.592672 0.151913
-0.124552 0.596838 0.160766
-0.128807 0.602680 0.161995
-0.139971 0.588968 0.156125
-0.135414 0.591567 0.163500
-0.140600 0.623699 0.161717
-0.146414 0.592967 0.152683
-0.114234 0.621296 0.182671
-0.133212 0.634391 0.177643
-0.122926 0.632986 0.180344
-0.126749 0.627642 0.182722
-0.118836 0.609907 0.188705
-0.138311 0.629581 0.173765
-0.134420 0.629172 0.176746
-0.132493 0.627276 0.169418
-0.126076 0.602183 0.180480
-0.127225 0.623771 0.174377
-0.118881 0.602822 0.186963
-0.127357 0.579713 0.176163
-0.169735 0.568839 0.068725
-0.093424 0.746017 0.102440
-0.124062 0.557460 0.099210
-0.147051 0.533297 0.085527
-0.155495 0.550279 0.087384
-0.130550 0.532973 0.084605
-0.104570 0.427509 0.099501
-0.108526 0.473498 0.169385
-0.087917 0.478979 0.177399
-0.119328 0.572458 0.086731
-0.116123 0.550790 0.040992
-0.150292 0.575922 0.025538
-0.155772 0.557355 0.022393
-0.115911 0.558294 0.052279
-0.134078 0.561405 0.041970
-0.164499 0.554515 0.047504
-0.106767 0.574645 0.037730
-0.103207 0.539306 0.069311
-0.106193 0.524262 0.056337
-0.138420 0.550747 0.085288
-0.159218 0.556663 0.063224
-0.132019 0.524069 0.077185
-0.130783 0.527617 0.060707
-0.106688 0.554847 0.037165
-0.112784 0.539024 0.083772
-0.112073 0.574037 0.043807
-0.114884 0.555038 0.036177
-0.171038 0.552571 0.062008
-0.118811 0.554239 0.029763
-0.109834 0.552757 0.034174
-0.148874 0.551005 0.090542
-0.171478 0.555474 0.038703
-0.170880 0.553808 0.054830
-0.173085 0.553575 0.049188
-0.143730 0.553108 0.087678
-0.143968 0.538011 0.083789
-0.144199 0.537079 0.088539
-0.149578 0.570095 0.036060
-0.161319 0.569074 0.046843
-0.149578 0.570095 0.036060
-0.161319 0.569074 0.046843
-0.134912 0.555491 0.027848
-0.125439 0.555935 0.033885
-0.110610 0.553210 0.041020
-0.125258 0.538601 0.038879
-0.143731 0.537061 0.035841
-0.136816 0.539541 0.024332
-0.139941 0.554682 0.089841
-0.163309 0.553822 0.068983
-0.161111 0.573977 0.081910
-0.171207 0.553133 0.060283
-0.175018 0.554339 0.053357
-0.159932 0.569653 0.058923
-0.145566 0.572465 0.092150
-0.146813 0.629202 0.012281
-0.137361 0.640743 0.010952
-0.134737 0.624984 0.006305
-0.154282 0.628431 0.085637
-0.119629 0.632584 0.011033
-0.125480 0.622445 0.008587
-0.158966 0.636123 0.087916
-0.121771 0.641937 0.016531
-0.127261 0.645908 0.027621
-0.118874 0.619678 0.016769
-0.162327 0.615190 0.066798
-0.160589 0.624638 0.062351
-0.137209 0.641069 0.035799
-0.118874 0.619678 0.016769
-0.127261 0.645908 0.027621
-0.122509 0.615021 0.027632
-0.178620 0.612396 0.080053
-0.185557 0.627917 0.067592
-0.185710 0.619895 0.074591
-0.158395 0.637434 0.067757
-0.167714 0.640223 0.064316
-0.009714 1.023973 0.027519
-0.139989 1.107539 0.054365
-0.090369 1.053018 0.049333
-0.167619 1.150165 0.049138
-0.182679 1.150486 0.017401
-0.169350 1.139638 0.051923
-0.132083 1.094314 0.056022
-0.169402 1.081771 0.060276
-0.175513 1.099193 0.038552
-0.185062 1.099202 0.038364
-0.146313 1.136209 0.059032
-0.139646 1.138899 0.065420
-0.205395 1.141162 0.025923
-0.104553 1.154051 0.009333
-0.151836 1.159632 0.015885
-0.142594 1.156701 0.018580
-0.119632 1.154257 0.022856
-0.145301 1.175078 0.029488
-0.139817 1.150772 0.035038
-0.195024 1.157968 0.006464
-0.134666 1.158935 0.013446
-0.189477 1.089414 0.037951
-0.170151 1.077953 0.055881
-0.166449 1.154115 0.011672
-0.157533 1.165556 0.012040
-0.161752 1.153139 0.010138
-0.154252 1.161155 0.011390
-0.204769 1.132408 0.011900
-0.202333 1.128307 0.010211
-0.199967 1.129196 0.004289
-0.190693 1.132326 0.012430
-0.211240 1.144192 0.026727
-0.091606 1.078210 0.014466
-0.087973 1.068250 0.025362
-0.117194 1.157053 0.030409
-0.112564 1.154396 0.019462
-0.131127 1.172098 0.011681
-0.166511 1.159936 0.049448
-0.168281 1.154796 0.049816
0.026610 0.945787 0.013532
-0.140460 1.146111 0.032053
-0.167876 1.152583 0.060041
-0.215710 1.142157 0.033111
-0.136709 1.143952 0.022958
-0.128084 1.169534 0.001841
-0.192196 1.151458 0.003317
-0.192579 1.157615 0.000691
-0.143848 1.176515 0.024924
-0.195773 1.135056 0.001018
-0.210782 1.137683 0.027170
-0.173637 1.135271 0.055893
-0.130233 1.172639 0.006111
-0.132321 1.100194 0.049669
-0.128225 1.093550 0.044701
-0.136896 1.084287 0.045774
-0.094122 1.058142 0.034525
-0.073308 1.065111 0.021648
-0.058070 1.075117 0.017377
-0.125631 1.147266 0.009808
-0.128304 1.148244 0.018897
-0.146258 1.138400 0.055497
-0.134493 1.156153 0.009887
-0.148753 -0.186017 0.007999
-0.140372 -0.187479 0.016332
-0.149263 -0.127338 0.015609
-0.086837 -0.343082 0.020344
-0.111069 -0.397708 0.023694
-0.069468 -0.404236 0.021892
-0.064882 -0.402526 0.021784
-0.084698 -0.337060 0.024530
-0.068498 -0.344200 0.041239
-0.147558 -0.290406 -0.003233
-0.144328 -0.271929 -0.003648
-0.085692 -0.335526 0.033663
-0.067198 -0.344542 0.049238
-0.049955 -0.362121 0.059028
-0.059936 -0.355550 0.059326
-0.056591 -0.349956 0.044127
-0.072034 -0.413228 0.017058
-0.092443 -0.370461 -0.002291
-0.048819 -0.426202 0.046238
-0.058263 -0.425326 0.035044
-0.120723 -0.420665 0.042263
-0.129813 -0.399247 0.038919
-0.135393 -0.396606 0.026742
-0.094506 -0.437654 0.057520
-0.083699 -0.438021 0.078992
-0.091199 -0.433758 0.057493
-0.135439 -0.397305 0.036112
-0.087790 -0.433812 0.083971
-0.046428 -0.359568 0.064853
-0.111870 -0.428874 0.082605
-0.110991 -0.426012 0.079916
-0.113705 -0.420652 0.078299
-0.077323 -0.443497 0.046262
-0.065457 -0.455558 0.058950
-0.063574 -0.453149 0.061849
-0.132722 -0.298550 0.041029
-0.129657 -0.348442 0.038330
-0.134575 -0.396594 0.044155
-0.131769 -0.409388 0.051082
-0.146056 -0.399924 0.031929
-0.062401 -0.441175 0.052402
-0.067694 -0.446050 0.035595
-0.125245 -0.265880 0.023051
-0.111868 -0.395030 0.038379
-0.111066 -0.397339 0.033676
-0.070939 -0.412267 0.006744
-0.126572 -0.417341 0.070383
-0.040013 -0.429037 0.038271
-0.039529 -0.437654 0.046022
-0.083554 -0.368793 0.002112
-0.153362 -0.371797 0.019490
-0.152452 -0.390473 0.028305
-0.124435 -0.378854 0.047286
-0.096008 -0.378591 0.035336
-0.103856 -0.393602 0.032682
-0.095743 -0.433083 0.081865
-0.061064 -0.458436 0.059128
-0.072424 -0.449526 0.039262
-0.096060 -0.421903 0.018465
-0.096709 -0.340906 0.036172
-0.049955 -0.362121 0.059028
-0.046428 -0.359568 0.064853
-0.148005 -0.288969 0.045145
-0.147542 -0.261996 0.053669
-0.122204 -0.288144 0.029738
-0.125220 -0.359742 0.037368
-0.084279 -0.331319 0.039947
-0.189566 -0.219904 0.015237
-0.165568 -0.260367 0.002723
-0.103797 -0.414163 0.047106
-0.088741 -0.417817 0.034990
-0.102149 -0.429302 0.069203
-0.096474 -0.423679 0.065198
-0.106948 -0.419477 0.032737
-0.086116 -0.420967 0.016365
-0.053092 -0.431942 0.024528
-0.092715 -0.391627 0.030897
0.240016 -1.146943 0.005622
0.204817 -1.152698 -0.007292
0.284568 -1.112796 0.041994
0.299749 -1.101189 0.065150
0.160745 -1.146719 0.009452
0.153324 -1.144658 0.022695
0.148121 -1.149927 0.054572
0.157802 -1.145115 0.078455
0.226193 -1.114826 0.133313
0.282085 -1.068303 0.166158
0.289713 -1.103225 0.174365
0.363172 -1.041363 0.173785
0.366726 -1.081605 0.193281
0.159983 -1.142830 0.074953
0.151216 -1.147154 0.052033
0.287360 -1.105183 0.038939
0.316633 -1.078467 0.080386
0.243726 -1.100734 0.136253
0.188455 -1.120922 0.005231
0.199106 -1.117150 0.001090
0.322010 -0.972260 0.176109
0.332353 -0.971233 0.171256
0.246530 -1.019285 0.128568
0.250342 -0.988202 0.123339
0.348272 -0.972511 0.144463
0.332353 -0.971233 0.171256
0.285715 -1.084673 0.167469
0.289713 -1.103225 0.174365
0.382793 -1.085550 0.164058
0.366726 -1.081605 0.193281
0.179928 -1.154779 0.103716
0.158006 -1.161294 0.074103
0.250342 -0.988202 0.123339
0.264496 -0.997948 0.104135
0.336704 -1.090841 0.098575
0.285715 -1.084673 0.167469
-0.208667 -0.992846 0.070219
-0.214631 -0.977498 0.069048
-0.115343 -0.938950 0.110262
-0.120418 -0.921169 0.108072
-0.054417 -0.850146 0.114881
-0.195678 -0.989746 0.004775
-0.151071 -0.968736 -0.002429
-0.155144 -0.951555 -0.001457
-0.088055 -0.900737 0.040994
-0.073828 -0.881358 0.039730
-0.058834 -0.863260 0.033875
-0.036503 -0.891998 0.031632
-0.033222 -0.833836 0.111286
-0.007599 -0.816130 0.081109
0.022777 -0.848318 0.071391
-0.186463 -0.966442 0.002539
-0.217489 -0.979220 0.024581
-0.223666 -0.980889 0.046812
-0.066043 -0.864499 0.029374
-0.080469 -0.876678 0.033629
-0.045590 -0.768679 0.056836
-0.082790 -0.816148 0.030337
-0.055481 -0.785305 0.042120
-0.117304 -0.790512 0.029124
-0.133299 -0.800505 0.035340
-0.131414 -0.800637 0.089201
-0.137348 -0.806926 0.066670
-0.105149 -0.927427 0.108202
-0.085066 -0.922633 0.038173
-0.049639 -0.876817 0.035207
-0.065796 -0.881026 0.111346
0.016922 -0.853220 0.051534
0.022777 -0.848318 0.071391
-0.218434 -0.999201 0.050370
-0.119227 -0.794542 0.102918
-0.096283 -0.781421 0.106339
-0.214261 -0.997951 0.027610
-0.059615 -0.311470 0.097897
-0.315180 -0.359176 0.154557
-0.317954 -0.396937 0.154980
-0.310676 -0.423888 0.148469
-0.283870 -0.437541 0.134078
-0.310581 -0.435069 0.136705
-0.276990 -0.463003 0.028309
-0.260769 -0.490598 0.012411
-0.244248 -0.483953 0.024373
-0.170469 -0.710833 0.128022
-0.030550 -0.778542 0.092014
-0.086927 -0.782962 0.019031
-0.146995 -0.818000 0.043586
-0.151927 -0.819968 0.061288
-0.168153 -0.795404 0.056077
-0.069077 -0.796903 0.117476
-0.052899 -0.791015 0.113001
-0.039533 -0.783349 0.104846
-0.112516 -0.762667 0.127672
-0.144005 -0.756305 0.126429
-0.306522 -0.447920 0.125029
-0.350007 -0.423158 0.138270
-0.291151 -0.302549 0.145042
0.000504 -0.301748 0.115554
-0.067407 -0.296476 0.071254
-0.247869 -0.256861 0.165693
-0.273592 -0.278180 0.158586
-0.298007 -0.458771 0.010933
-0.082172 -0.664582 0.097631
-0.095315 -0.766269 0.021947
-0.157894 -0.791865 0.070494
-0.335259 -0.445147 0.135495
0.019939 -0.298690 0.150818
-0.218439 -0.377629 0.163869
-0.071454 -0.713531 0.036925
-0.081194 -0.719881 0.022588
-0.097617 -0.727514 0.013453
-0.162866 -0.773863 0.042235
-0.178135 -0.779814 0.052543
-0.168130 -0.781893 0.083442
-0.140409 -0.774494 0.117204
-0.353286 -0.442155 0.145470
-0.366440 -0.420535 0.137046
-0.145887 -0.331249 0.032241
-0.157211 -0.145565 0.138984
-0.182652 -0.340990 0.172603
-0.364753 -0.524415 0.075155
-0.135990 -0.594179 0.099474
-0.127953 -0.719748 0.008916
-0.155366 -0.163601 0.196289
-0.199446 -0.380961 0.024676
-0.382834 -0.492264 0.068723
0.043131 -0.223081 0.244557
-0.155366 -0.163601 0.196289
-0.133705 -0.185606 0.227120
0.065514 -0.160597 0.261084
0.004573 -0.063991 0.007142
-0.048945 -0.056945 0.032936
-0.150568 -0.162547 0.194822
-0.123365 -0.122737 0.200255
-0.049109 -0.055148 0.252085
0.002928 -0.044263 0.260836
0.062969 -0.312927 0.172273
0.248405 -0.429893 0.052752
0.218205 -0.575402 0.156833
0.188714 -0.556735 0.164325
0.189809 -0.635940 0.159313
0.282664 -0.835078 0.054208
0.340956 -0.925089 0.185808
0.313882 -0.966448 0.195309
0.279753 -0.984269 0.183948
0.244824 -0.980747 0.100360
0.292484 -1.003175 0.068821
0.317285 -1.009308 0.079294
0.356652 -1.001392 0.107344
0.368605 -0.996213 0.136926
0.289939 -0.878741 0.054436
0.186950 -0.656713 0.148239
0.206847 -0.740270 0.156783
0.180413 -0.615565 0.152268
0.270804 -0.542095 0.099276
0.246680 -0.466943 0.051716
-0.019985 -0.269991 0.054081
-0.021288 -0.288845 0.077848
0.034798 -0.308434 0.116815
0.154108 -0.538392 0.164133
0.160512 -0.565454 0.168150
0.333713 -0.903987 0.178762
0.306749 -0.950325 0.184703
0.274570 -0.940636 0.184642
0.237072 -0.953573 0.124490
0.254667 -0.955985 0.084594
0.312319 -0.966991 0.090421
0.334280 -0.947706 0.089008
0.271728 -0.896894 0.066807
0.266259 -0.518826 0.073586
0.036945 -0.327690 0.094150
0.321379 -0.906707 0.196833
0.315181 -0.884903 0.193185
0.268696 -0.925857 0.182056
0.230726 -0.942782 0.110711
0.269794 -0.916824 0.064236
0.210873 -0.855017 0.139611
0.074930 -0.396500 0.121349
0.103817 -0.251574 0.247103
0.285064 -0.653849 0.053706
0.242444 -0.904610 0.177678
0.217835 -0.898904 0.144414
0.260160 -0.598221 0.053630
0.103345 -0.218183 0.258688
0.190888 -0.379404 0.176335
0.279992 -0.626206 0.067430
0.162464 -0.373046 0.186527
0.220396 -0.156558 0.091316
0.065514 -0.160597 0.261084
0.210679 -0.094116 0.098267
0.220396 -0.156558 0.091316
0.210679 -0.094116 0.098267
0.055292 -0.037966 0.254399
0.203243 -0.045667 0.074744
0.213686 -0.041816 0.115284
0.269163 -0.971450 0.170476
-0.140409 -0.774494 0.117204
-0.022192 -0.776020 0.064123
-0.151927 -0.819968 0.061288
-0.150210 -0.819640 0.077274
-0.052899 -0.791015 0.113001
-0.039533 -0.783349 0.104846
-0.030550 -0.778542 0.092014
0.292484 -1.003175 0.068821
0.317285 -1.009308 0.079294
0.266730 -1.004226 0.169837
0.245647 -1.008083 0.142738
-0.155488 -0.139765 0.175354
-0.031439 -0.046106 0.250935
-0.014969 -0.036296 0.253573
0.208663 -0.042451 0.160471
-0.102519 -0.038228 0.110457
-0.102550 -0.037293 0.157809
0.203243 -0.045667 0.074744
0.213686 -0.041816 0.115284
-0.119541 0.199095 0.052698
-0.198491 0.188705 0.231946
-0.145181 -0.136097 0.112781
-0.147989 -0.048333 0.116840
-0.141395 -0.003360 0.121931
-0.139242 -0.018161 0.108125
-0.125001 -0.036548 0.045936
-0.130857 -0.020824 0.051244
-0.171321 0.009897 0.026386
-0.178814 0.002296 0.142302
-0.158552 0.013306 0.137404
-0.209211 0.019658 0.024731
-0.212051 0.048042 0.153539
-0.205031 0.074877 0.163325
-0.159038 0.189167 0.037462
-0.172457 0.243352 0.031118
-0.204375 0.180869 0.177941
-0.043804 -0.119578 0.001632
-0.149154 0.211518 0.090945
-0.211119 0.202911 0.186762
-0.232383 0.194979 0.185292
-0.283904 0.318270 0.079437
-0.046672 0.320766 0.034095
-0.275614 0.264575 0.183822
-0.289253 0.283194 0.161844
-0.205996 0.395540 0.104360
-0.092387 0.421295 0.055647
-0.141303 0.432576 0.116097
-0.145442 0.436549 0.133307
-0.146093 0.069197 0.179100
-0.124515 -0.018590 0.174582
0.098435 0.080456 0.263014
-0.148489 0.239164 0.050029
-0.032355 0.452674 0.038935
-0.008593 0.472913 0.039975
0.045223 0.494998 0.146580
0.029380 0.781318 0.007030
-0.030184 0.858000 0.082860
0.061793 0.855559 0.095995
0.010574 0.835036 0.103086
-0.008724 0.827509 0.091511
0.079969 0.817914 0.007639
0.058541 0.818013 0.098908
0.003334 0.783047 0.039698
0.080090 0.771763 -0.002722
0.088251 0.799051 0.017726
0.085717 0.755944 0.000833
0.001550 0.759716 0.028179
0.101773 0.705514 0.000624
0.035770 0.627552 0.006029
0.030896 0.599324 0.012577
0.032586 0.498657 0.027288
0.136392 0.535002 0.015246
0.151490 0.439321 0.017550
0.032901 0.511267 0.066911
0.041077 0.515610 0.091171
0.051590 0.458475 -0.001171
0.049662 0.474339 0.002849
0.049662 0.474339 0.002849
0.137175 0.432919 0.007546
0.103755 0.413212 -0.003752
0.172488 0.473510 0.130992
0.028780 0.501945 0.081415
0.167334 0.406101 0.015326
0.154114 0.495204 0.140480
0.023636 0.495977 0.116484
0.038870 0.485920 0.127231
-0.031306 0.322100 0.016342
0.041115 0.495675 0.119233
0.023936 0.496390 0.118768
0.093452 0.454320 0.189244
0.053679 0.483346 0.160852
0.227879 -0.040708 0.118166
0.210344 -0.088572 0.194729
0.161316 0.089324 0.238829
0.198311 -0.094425 0.211411
0.034249 0.803364 -0.000287
0.055571 0.784472 -0.004518
-0.055188 0.345299 0.043108
-0.101584 0.406781 0.065135
-0.055376 0.353752 0.029560
-0.082608 0.390720 0.043198
-0.089913 0.409338 0.052209
0.200780 0.150542 0.065545
-0.091471 0.422241 0.061530
-0.129193 -0.001168 0.177993
-0.129193 -0.001168 0.177993
-0.124515 -0.018590 0.174582
-0.157365 0.114519 0.197249
0.189583 0.249498 0.045734
-0.109272 0.159614 0.055816
-0.160511 0.143017 0.237887
-0.162448 0.130680 0.210382
-0.083682 0.423524 0.055245
-0.083233 0.423205 0.062073
-0.053135 0.446073 0.044965
-0.017243 0.502712 0.068214
0.003838 0.464437 0.066379
-0.146703 0.487880 0.155794
0.020971 0.502013 0.139044
-0.116148 0.511331 0.175582
-0.111697 0.463422 0.073439
-0.116044 0.458520 0.072925
-0.118875 0.467209 0.085639
-0.011740 0.519879 0.084603
-0.150332 0.482577 0.140393
-0.092469 0.517556 0.179038
-0.017455 0.542304 0.148184
-0.049541 0.535558 0.166629
-0.244692 0.358976 0.073703
-0.024152 0.863272 0.093555
0.023936 0.496390 0.118768
-0.019844 0.537232 0.143943
-0.051475 0.530427 0.161592
-0.091471 0.422241 0.061530
-0.090385 0.419498 0.067397
-0.106345 0.460732 0.076224
-0.138647 0.481629 0.125181
-0.127427 0.471209 0.099660
-0.118183 0.457955 0.174144
-0.100558 0.465512 0.180142
-0.133728 0.446617 0.158597
-0.137977 0.492439 0.149750
-0.135983 0.436210 0.136456
-0.125008 0.425153 0.102045
-0.110756 0.424414 0.087613
-0.090385 0.419498 0.067397
-0.106345 0.460732 0.076224
-0.118875 0.467209 0.085639
-0.142407 -0.294201 0.069519
-0.183585 -0.302793 0.029388
-0.176811 -0.298210 0.011171
-0.107916 -0.283957 0.050345
-0.118149 -0.287500 0.062312
-0.123309 -0.283345 -0.002516
-0.101191 -0.279912 0.032692
-0.106476 -0.280093 0.022140
-0.100558 0.465512 0.180142
-0.118183 0.457955 0.174144
-0.125008 0.425153 0.102045
-0.110756 0.424414 0.087613
0.059980 0.794454 0.000987
0.151490 0.439321 0.017550
0.137175 0.432919 0.007546
0.151490 0.439321 0.017550
0.002759 0.495128 0.092645
-0.233841 0.214116 0.200837
-0.211119 0.202911 0.186762
-0.190353 0.204580 0.172383
-0.263303 0.321768 0.051588
-0.188159 -0.193023 0.095084
-0.175031 -0.246788 0.079569
-0.205560 0.312076 0.020883
-0.186683 0.292616 0.019815
-0.075278 -0.110796 0.015266
-0.092871 -0.092634 0.238627
-0.070923 -0.098230 0.258241
0.225666 -0.068817 0.109100
0.205231 -0.077992 0.043125
-0.062342 -0.115909 0.013475
-0.096721 -0.099140 0.036327
-0.113574 -0.074954 0.071494
-0.118668 -0.071326 0.129880
-0.073050 -0.087465 0.243362
-0.038717 -0.088469 0.260289
0.139631 -0.105003 0.009219
0.192203 -0.068849 0.041157
0.220564 -0.071189 0.134354
0.212829 -0.083996 0.183426
-0.005533 -0.126461 0.001007
0.037444 -0.129877 -0.000190
0.183746 -0.091288 0.021153
0.212829 -0.083996 0.183426
0.181612 -0.097975 0.227057
-0.042180 -0.100178 0.266375
-0.072923 -0.098340 0.250952
-0.114801 -0.087366 0.060373
-0.096721 -0.099140 0.036327
-0.036432 0.994616 -0.003552
-0.095441 1.037580 0.057657
-0.054816 1.063109 0.003835
-0.080636 1.063735 0.072334
-0.096058 1.053325 0.057462
-0.102285 1.050333 0.055348
-0.073084 1.054200 0.007318
-0.064062 1.057748 -0.001519
-0.073084 1.054200 0.007318
-0.058971 1.050018 0.006908
-0.035037 1.073558 0.061370
-0.054816 1.063109 0.003835
-0.038780 1.082525 0.060934
-0.060286 1.073585 0.073989
-0.022312 0.962985 -0.010910
0.032371 0.503300 0.039223
-0.174975 -0.301919 0.038441
-0.177982 -0.283633 0.042700
-0.160301 -0.273835 0.001600
-0.125189 -0.264398 -0.000727
-0.106476 -0.280093 0.022140
-0.113699 -0.263467 0.027578
0.041077 0.515610 0.091171
0.032901 0.511267 0.066911
-0.133288 1.069168 0.069326
-0.210782 1.137683 0.027170
-0.162007 1.164452 0.042573
-0.165004 1.163316 0.046889
-0.211240 1.144192 0.026727
-0.173044 1.153095 0.062410
-0.090629 -0.342926 0.011193
-0.095252 -0.352343 0.003176
-0.068498 -0.344200 0.041239
-0.054343 -0.421545 0.035528
-0.112177 -0.418868 0.052908
-0.120723 -0.420665 0.042263
-0.052781 -0.449875 0.057059
-0.142517 -0.127824 0.022762
-0.092101 -0.386000 0.008042
-0.061123 -0.445499 0.041000
-0.079880 -0.418525 0.020079
-0.049955 -0.362121 0.059028
-0.147558 -0.290406 -0.003233
-0.165568 -0.260367 0.002723
-0.135150 -0.131898 0.040014
-0.140372 -0.187479 0.016332
-0.094506 -0.437654 0.057520
-0.079790 -0.415449 0.027762
40 41
1373 1374
1375 1380
56 58
1389 1391
225 236
1579 1588
69 70
1402 1403
216 218
83 84
1415 1416
42 45
606 609
232 233
254 255
1916 1949
26 27
1359 1360
86 100
1419 1433
250 262
304 339
74 76
1407 1409
54 63
1387 1396
579 580
67 68
1400 1401
85 87
71 73
94 95
1404 1406
1427 1428
294 295
574 577
226 228
234 238
1587 1592
306 308
290 292
598 601
243 253
244 265
1598 1616
79 80
1631 1692
218 219
2537 2551
1645 1679
90 91
1423 1424
564 569
2649 2651
611 612
22 23
1355 1356
1568 1591
1809 1810
157 158
1991 1993
43 44
1376 1377
1619 1620
638 650
1648 1649
2511 2540
884 885
2005 2092
77 82
1410 1414
1499 1515
55 59
1388 1392
634 704
1654 1700
498 499
1869 1870
1950 1954
72 96
75 78
1405 1429
1408 1411
1571 1572
1606 1611
882 883
2290 2291
185 347
36 37
1369 1370
2012 2013
53 60
1386 1393
33 35
1366 1368
2046 2048
38 39
1371 1372
1208 1210
282 283
1219 1233
275 281
1629 1634
1570 1589
1548 1549
1343 1344
2039 2109
2637 2638
46 47
1378 1379
1917 1940
2098 2099
1111 1131
2457 2469
30 31
1363 1364
1143 1145
469 472
1861 1862
195 196
288 317
291 293
3314 3318
2504 2507
2458 2459
1469 1470
1607 1608
318 319
1671 1672
2473 2474
2054 2065
1960 1974
1066 1073
619 620
1668 1670
302 307
1643 1667
501 504
1872 1873
1644 1646
57 64
1390 1397
1635 1636
276 333
1630 1691
1541 1542
17 18
1350 1351
1538 1543
2475 2495
471 732
52 53
1385 1386
20 23
1353 1356
24 25
1357 1358
1647 1669
682 683
7 9
1341 1342
199 200
1062 1063
289 313
1337 1338
1550 1551
301 340
252 256
1641 1642
589 590
2510 2531
28 29
1361 1362
1597 1607
1381 1382
134 135
1738 1745
1558 1559
1212 1213
274 285
1628 1638
3424 3430
575 581
651 653
546 547
1284 1285
335 336
1694 1695
1101 1119
205 209
658 716
2624 2625
2648 2715
1581 1582
1467 1481
1471 1472
715 716
3393 3394
3200 3232
1566 1567
565 572
613 617
61 62
1394 1395
167 169
98 99
1431 1432
1617 1618
2000 2001
1663 1673
48 49
1956 1970
1660 1661
675 676
582 583
649 674
644 648
16 17
1349 1350
1894 1895
191 194
245 246
1599 1600
666 668
4 8
685 714
602 609
460 470
110 125
2485 2501
1888 1889
1461 1475
129 130
1622 1623
3228 3247
327 328
3343 3344
2988 3027
182 186
2468 2476
0 1
1333 1334
239 241
1593 1595
308 309
50 51
1383 1384
659 660
3277 3278
1987 1989
1139 1140
1546 1547
3161 3162
2024 2057
237 240
1590 1594
1096 1112
1609 1614
32 34
1365 1367
708 709
81 97
1413 1430
1958 1959
88 89
1420 1421
190 195
212 213
525 526
2090 2093
1933 1934
632 633
1685 1686
1661 1662
3296 3303
1983 1991
2387 2389
671 679
1626 1627
217 227
600 614
1569 1580
263 264
629 635
203 204
266 267
1637 1639
3223 3224
1226 1227
1412 1422
627 628
92 93
1425 1426
1733 1737
1749 1750
2040 2043
1992 1993
1531 1705
1683 1684
663 664
284 286
214 215
1564 1565
310 311
1512 1515
1962 1963
1997 1998
3192 3193
616 618
1443 1444
248 249
1164 1275
1655 1656
507 514
586 587
296 297
242 260
1596 1613
1577 1578
711 712
2101 2102
1201 1206
1829 1830
1039 1040
251 257
258 261
1605 1609
1882 1884
65 66
1398 1399
2515 2542
1666 1698
1141 1142
192 193
2390 2749
247 259
1601 1610
2170 2171
1915 1941
1282 1283
1264 1276
3243 3250
337 338
1696 1697
3190 3191
550 570
1658 1659
639 641
14 15
1347 1348
1929 1930
101 102
1434 1435
1190 1294
2532 2541
5 6
10 11
1339 1340
1446 1480
1478 1479
1534 1535
360 382
2033 2063
3506 3507
548 549
374 377
222 231
1085 1087
1562 1563
2441 2442
2447 2448
1900 1903
298 324
1854 1857
775 783
2714 2715
1971 1972
966 979
1501 1502
588 605
1946 1947
2502 2503
131 138
1995 1996
1890 1891
1181 1231
3252 3255
220 221
2587 2588
3372 3415
2451 2483
2205 2207
664 665
1102 1125
2516 2543
1687 1688
2027 2088
299 300
312 314
315 316
2564 2565
1160 1161
1752 1754
1185 1189
1965 1986
2060 2104
2050 2076
509 510
206 207
210 211
1555 1556
1560 1561
1699 1700
2547 2556
1022 1025
1902 1906
2471 2472
1881 1883
2706 2709
1100 1137
2542 2549
625 626
1973 1984
1453 1454
568 578
516 517
268 269
560 561
1445 1447
2322 2744
630 631
2034 2089
1925 1929
655 714
1193 1234
2550 2555
2084 2085
645 646
2074 2075
2559 2560
1462 1468
159 161
1010 1011
2419 2420
161 175
1967 1973
677 678
170 171
1256 1257
1266 1267
390 391
3313 3315
3316 3317
3436 3438
2661 2662
1516 1517
585 607
513 515
667 670
370 401
272 273
2698 2699
621 622
3262 3284
2609 2647
2051 2055
1417 1418
343 344
1702 1703
2452 2475
3366 3450
2492 2498
2124 2125
2438 2440
3563 3564
555 576
1573 1574
2004 2018
178 180
623 624
1602 1603
3244 3249
591 595
277 278
669 728
552 553
3256 3257
2086 2087
1163 1237
3342 3432
2058 2059
1239 1240
2557 2558
1244 1246
2393 2394
1144 1145
270 271
2443 2444
722 723
201 202
322 323
1892 1893
1521 1533
3502 3503
342 343
1701 1702
544 545
1047 1048
983 984
1961 1980
19 21
1352 1354
2636 2710
3491 3492
976 1326
1186 1188
127 128
3142 3143
1632 1633
1988 1990
325 332
777 798
3411 3412
2079 2081
2641 2642
1522 1524
1553 1554
1539 1540
120 126
557 566
3355 3356
1092 1093
1031 1032
1156 1157
532 533
2493 2494
1041 1042
1113 1133
1223 1224
3513 3514
2052 2053
2527 2538
444 466
1812 1822
710 713
2025 2026
2100 2103
2424 2425
1847 1871
2628 2629
2107 2108
583 584
1953 1955
1911 1912
2467 2480
2484 2503
1296 1297
1652 1657
914 933
1488 1490
2632 2633
2426 2432
719 721
1923 1938
1604 1621
537 538
1025 1026
2019 2064
1081 1082
2704 2705
1050 1069
1058 1059
2406 2407
987 988
2397 2398
3260 3261
2687 2688
1935 1948
1440 1450
592 593
2607 2608
778 783
2080 2081
1676 1678
2584 2586
2038 2040
2072 2073
179 181
3387 3389
207 208
1527 1528
221 223
1210 1212
184 189
3209 3219
594 604
595 596
2377 2378
1121 1146
1884 1885
1734 1763
2596 2597
1482 1483
3233 3245
1247 1248
687 689
331 334
1690 1693
279 280
2512 2513
508 511
1576 1585
3508 3509
1459 1460
2643 2644
1205 1209
359 361
647 648
2044 2045
1198 1200
1105 1116
2115 2116
2177 2184
1853 2126
603 610
1921 1922
2603 2654
1624 1625
2621 2622
521 522
1097 1098
141 142
3370 3429
1831 1843
2616 2719
2617 2720
2351 2383
2721 2734
1520 1529
1034 1035
3168 3169
453 462
1151 1152
2061 2095
1544 1545
2454 2456
2572 2575
1099 1113
1174 1236
3359 3373
1182 1234
1795 1796
326 327
148 149
1904 1905
187 346
1968 1969
2307 2328
3207 3227
1123 1124
657 678
2235 2236
701 702
3117 3118
345 348
1704 1706
3258 3259
1074 1075
365 410
1951 1952
705 707
1465 1466
1006 1007
2415 2416
1913 1914
3269 3289
523 524
518 519
3421 3422
1191 1192
511 512
173 174
1518 1519
1924 1944
680 681
2373 2374
2674 2675
1948 1999
2070 2071
1278 1279
2463 2464
2553 2554
2659 2671
3337 3338
519 520
2009 2011
1532 1533
162 167
2519 2520
2077 2078
774 784
473 479
1071 1080
695 696
3462 3463
2028 2031
1038 1084
997 1001
1650 1651
693 694
1583 1584
2008 2010
183 188
2011 2014
2460 2477
2615 2692
697 698
2823 2861
445 452
176 177
1252 1253
2600 2718
1757 1759
3336 3340
1106 1107
2523 2524
989 990
2399 2400
1254 1255
3288 3299
3176 3177
1677 1680
1681 1682
2573 2574
2066 2067
229 230
414 417
720 721
2707 2708
1444 1455
797 826
3138 3139
2627 2631
2355 2356
3302 3307
1019 1020
2427 2428
3500 3501
567 573
1744 1760
939 959
413 414
903 921
1170 1172
2429 2436
3239 3240
3267 3276
1030 1033
530 531
1898 1899
1937 1942
1981 1985
1089 1091
1525 1530
1176 1177
2695 2696
1939 1945
1778 1787
599 615
1280 1281
1536 1537
1866 1867
991 992
2401 2402
112 113
163 168
3253 3254
805 806
393 394
2035 2056
340 341
2327 2328
2671 2672
3510 3511
736 753
717 718
1043 1044
138 140
3184 3185
597 606
528 529
944 1330
1118 1130
2602 2666
951 952
1851 1852
1487 1489
1850 1864
1049 1070
556 560
1523 1524
1166 1167
2528 2529
181 184
3319 3320
3339 3340
2006 2007
1305 1308
3408 3421
3107 3108
1463 1464
1158 1159
2505 2506
2381 2382
845 858
2449 2450
2508 2509
3205 3221
1269 1270
1261 1262
859 860
688 690
1056 1057
2047 2049
551 571
562 563
1127 1128
3341 3431
661 662
2611 2612
2068 2069
286 287
2487 2488
1218 1231
136 137
554 579
1 3
1334 1336
1211 1317
2634 2635
1263 1265
3400 3401
349 402
1707 1764
361 362
1653 1689
1112 1122
2530 2539
1966 1994
2 3
1335 1336
1674 1675
224 235
1575 1586
699 700
1932 1939
2601 2700
2321 2326
2640 2650
1504 1507
383 384
1725 1727
2598 2600
2445 2446
448 462
608 614
636 637
2995 3543
2514 2538
1860 1865
3349 3352
1054 1055
3206 3208
1108 1109
2525 2526
1975 1976
864 865
3558 3559
124 130
2605 2606
371 373
2036 2037
1907 1908
954 1325
379 380
745 754
3392 3399
2747 2748
937 978
496 500
535 539
474 475
1846 1847
3504 3505
2119 2121
2737 2740
1957 1982
2536 2545
1714 1715
919 1318
1919 1920
2372 2373
3127 3128
3201 3202
3379 3383
1103 1126
938 980
3464 3465
996 998
542 543
303 305
2645 2646
2431 2433
1094 1095
3448 3449
2496 2497
3246 3251
355 356
3157 3158
2096 2097
686 691
690 692
2082 2083
3263 3281
3376 3406
2578 2591
1179 1180
3308 3311
672 673
3404 3483
3453 3454
824 829
834 835
2229 2232
1220 1225
3407 3412
1639 1640
2568 2569
1293 1295
3136 3137
2613 2614
3091 3124
12 13
1345 1346
3173 3174
3537 3538
2297 2323
1756 1775
1235 1238
2655 2656
113 139
1612 1615
2174 2186
1868 1871
1228 1229
2198 2199
2561 2563
2517 2518
2630 2697
1110 1120
895 896
2479 2489
1863 1864
982 993
2392 2403
1162 1194
2120 2121
1301 1302
3264 3265
2546 2552
1441 1442
367 381
1716 1720
653 654
3561 3562
652 684
3519 3533
3358 3495
1815 1837
2143 2196
3304 3309
116 117
1452 1456
1231 1290
2407 2408
169 172
153 154
2032 2106
2701 2711
486 487
3280 3295
800 833
3170 3178
3362 3490
449 450
785 786
3331 3332
1086 1088
111 123
558 559
160 167
1735 1736
3515 3516
2796 2820
753 773
477 493
2658 2667
2664 2665
2112 2113
1493 1494
1776 1777
1090 1155
1476 1477
2015 2016
3225 3226
1306 1307
363 364
936 1321
1196 1271
3299 3306
454 456
724 726
155 156
164 175
1918 1931
2187 2196
502 503
2167 2215
3155 3156
1083 1086
2533 2534
3499 3512
3022 3035
2470 2482
3203 3204
1008 1009
2417 2418
2813 2817
1964 1977
1004 1005
2413 2414
2002 2003
3123 3565
465 730
2319 2320
2453 2455
725 727
1135 1138
1175 1272
2592 2594
941 964
3222 3226
918 929
2618 2619
1773 1774
534 536
2300 2301
2539 2548
3075 3123
1780 1781
3344 3346
831 836
1664 1665
1500 1507
1183 1184
1169 1171
3274 3275
3517 3518
2732 2733
2923 2931
3357 3361
1856 1865
1448 1449
2580 2581
1214 1221
3218 3322
144 147
1457 1458
3095 3125
787 788
3364 3365
799 830
2585 2691
2291 2324
3149 3150
3249 3333
2210 2212
967 1328
1927 1928
3236 3248
1258 1259
1497 1498
1067 1077
999 1000
1187 1222
3072 3100
1051 1056
2590 2694
395 396
2109 2110
2870 2871
1024 1029
2960 2961
3058 3063
1817 1835
3305 3311
2729 2730
1819 1839
2175 2176
2062 2105
3374 3375
3151 3152
1165 1168
165 166
1203 1207
2620 2623
369 397
2337 2338
2490 2491
3271 3291
770 772
1230 1268
1036 1037
2932 2933
2350 2355
3310 3312
1505 1506
3102 3103
2593 2599
2434 2435
838 841
3220 3231
433 436
437 438
2689 2690
2788 2789
443 464
2726 2727
1241 1243
902 903
1495 1496
3385 3482
1288 1289
1300 1303
2579 2610
2722 2725
1242 1273
1064 1065
3282 3283
1195 1222
943 965
1134 1138
3287 3298
1199 1202
431 432
1215 1216
2626 2629
2570 2571
3475 3477
3129 3130
3402 3405
446 461
888 890
3496 3497
2913 2917
1104 1148
1153 1154
1943 1944
1909 1910
891 892
3284 3296
3458 3459
2873 2914
1750 1753
3413 3498
3230 3238
2233 2234
3353 3354
2499 2500
3390 3391
2302 2306
827 828
3292 3293
1315 1316
2741 2742
3323 3328
3403 3486
3001 3032
2308 2309
3466 3467
1114 1115
3268 3297
3360 3487
947 948
945 946
408 409
3534 3542
3417 3418
3377 3418
912 913
197 198
2022 2023
1813 1821
2128 2129
3009 3010
2201 2203
1800 1801
3104 3120
1805 1806
1717 1751
2683 2684
1274 1277
1014 1015
1503 1504
1552 1557
974 1331
3112 3113
2305 2306
751 752
3285 3286
1726 1728
2778 2796
1896 1904
1926 1936
1045 1046
900 915
451 462
3272 3273
3329 3330
2862 2919
415 416
1473 1474
703 706
455 457
1508 1510
3363 3419
1173 1178
1842 2123
2728 2731
3126 3566
3493 3494
2660 2663
1149 1150
2461 2462
2294 2299
3167 3175
2911 2912
439 440
1807 1808
429 430
3531 3532
3241 3242
3197 3198
372 378
458 459
1826 1836
1018 1021
2041 2042
2409 2410
1217 1220
1132 1136
121 122
1451 1460
107 118
329 330
3133 3134
940 981
3470 3474
3214 3237
2465 2466
2723 2724
640 641
1814 1818
3384 3388
2992 3036
1755 1765
146 150
3395 3396
3541 3542
2159 2178
2360 2376
3159 3160
1731 1732
3066 3069
423 425
1060 1061
2169 2214
2056 2076
2595 2695
2681 2682
2091 2094
527 534
1513 1514
2521 2522
2566 2567
1245 1249
3488 3489
2344 2753
894 928
2991 3048
2020 2021
2148 2149
1309 1310
2668 2673
3140 3141
115 116
2303 2340
2750 2751
2017 2022
761 765
2237 2260
3441 3447
2312 2316
377 391
956 1328
2160 2162
901 926
1848 1855
2833 2834
964 972
441 442
103 105
1436 1438
3437 3445
1797 1798
3183 3185
2258 2259
1052 1053
1021 1023
1739 1740
2348 2375
763 793
3188 3189
2343 2746
3171 3172
480 481
3073 3074
1719 1722
2941 2959
3522 3523
2111 2114
1827 1828
3380 3381
2366 2368
731 732
320 321
2812 2815
3350 3351
108 109
1068 1079
3266 3279
2576 2577
3070 3071
411 412
2839 2872
1016 1017
3092 3114
2676 2677
1790 1792
2821 2822
357 358
931 932
1072 1147
3196 3199
2238 2242
3179 3180
2481 2491
1721 1723
803 804
3382 3386
957 958
1711 1713
1834 1835
758 759
2153 2154
118 119
2370 2379
2920 2921
760 832
3135 3144
1743 1744
1799 1804
1729 1730
434 435
642 643
2909 2910
1076 1078
418 419
1782 1783
1747 1748
913 935
421 427
485 490
854 855
1811 1832
2367 2388
2964 2965
2764 2765
738 739
2859 2860
2790 2922
2146 2197
960 968
2295 2333
350 351
1708 1709
2155 2156
737 748
1250 1251
2678 2679
1298 1299
2252 2255
3119 3122
2879 2881
2868 2869
3088 3096
3429 3433
916 917
3270 3321
3414 3416
1844 1845
420 428
3194 3195
2386 2752
3440 3452
540 541
2478 2486
2188 2189
3082 3083
2926 2927
2702 2703
2117 2118
2776 2777
2181 2185
3231 3241
1117 1129
2535 2544
1793 1795
2204 2206
2364 2365
1002 1003
2411 2412
749 750
656 701
3521 3527
924 925
375 376
132 133
478 506
1849 1875
757 825
2230 2231
2836 2883
1718 1746
2226 2227
2253 2254
3345 3346
2904 2905
462 463
3480 3481
399 400
1761 1762
392 412
2582 2583
3099 3550
3153 3154
3294 3301
949 969
3460 3461
3478 3479
2915 2922
492 733
747 755
3471 3472
742 743
734 735
1485 1486
3186 3187
1312 1314
2738 2739
1311 1313
2164 2165
1802 1803
878 879
2133 2147
2809 2884
1712 1713
2924 2925
2315 2335
977 1331
2352 2369
143 145
1784 1785
1291 1292
2331 2332
447 467
1816 2122
3181 3182
3334 3335
2437 2439
3473 3476
768 769
1329 1332
2735 2736
2269 2270
2284 2285
1897 1901
955 970
756 825
3535 3536
2765 2769
868 872
1978 1979
3539 3540
3211 3229
2779 2780
3420 3425
2957 2958
812 820
3059 3060
2217 2228
3044 3045
2962 2966
3067 3557
2293 2341
3165 3166
3290 3300
3085 3114
2137 2139
3484 3485
2562 2563
2310 2311
3212 3213
3234 3235
851 852
3371 3427
3426 3428
782 789
765 794
2345 2346
1879 1880
2754 2755
3368 3369
426 429
1877 1878
2182 2185
2421 2422
1724 1725
906 907
3215 3216
2828 2835
1491 1492
2347 2349
839 842
1741 1742
873 874
3347 3348
2818 2819
2140 2142
1012 1013
3326 3327
2325 2336
879 881
2288 2289
2930 2937
2286 2289
476 477
1886 1887
908 909
3409 3410
889 920
2151 2152
814 816
1876 1882
2213 2214
2784 2786
2282 2283
1779 1786
3444 3457
3468 3469
353 354
1509 1511
2934 2935
2245 2246
2145 2150
114 133
2887 2888
2172 2173
847 849
1825 1836
2273 2274
2189 2190
837 861
2928 2933
3439 3446
3062 3064
2144 2169
985 986
2395 2396
1027 1028
2916 2918
3163 3164
3397 3398
1286 1287
2287 2288
2166 2168
3210 3217
2639 2693
2589 2696
2275 2277
1788 1794
3109 3116
2990 3043
3324 3325
2770 2771
994 995
2404 2405
2950 2951
2952 2953
403 404
2314 2325
771 772
2179 2180
862 863
1768 1770
870 871
2889 2890
2657 2669
2241 2248
2827 2832
875 876
2384 2385
3131 3132
491 497
927 929
3020 3021
764 790
422 424
850 853
1789 1791
2994 3042
2831 2832
2371 2391
2251 2264
2882 2883
801 802
892 1322
2333 2334
2863 2864
2967 2968
2792 2793
104 106
1437 1439
2798 2799
795 796
2901 2903
2379 2380
866 869
2219 2225
3105 3121
953 975
3520 3524
2803 2825
3011 3012
2891 2897
389 403
2134 2141
2247 2263
2265 2266
2854 2856
2971 2976
2794 2802
1820 1833
843 844
3528 3530
1766 1767
2814 2816
740 746
2785 2787
2208 2211
2202 2221
3090 3555
3553 3554
2979 2981
1823 1838
2899 2906
856 857
871 874
813 815
3065 3551
2183 2185
887 1319
779 781
2296 2304
886 934
2292 2342
776 784
3378 3451
2824 2825
2359 2364
488 489
1197 1204
2249 2250
2317 2318
405 406
3525 3526
2760 2780
1526 1529
2805 2852
2974 2975
2806 2851
3068 3552
1822 1824
1323 1324
2136 2138
368 388
2279 2281
3041 3042
3017 3018
3367 3423
2811 2843
2276 2280
2756 2757
2130 2131
3046 3049
1771 1772
494 495
2866 2867
482 484
2980 2982
2761 2762
867 868
898 930
2339 2745
822 823
3054 3104
807 811
3086 3115
2271 2272
3145 3146
2158 2210
1758 1769
1304 1308
2278 2279
3089 3101
766 767
3050 3051
2157 2159
877 880
962 963
1874 2127
2857 2858
1857 1860
352 399
1710 1761
2961 2963
2983 2985
2353 2385
2989 3040
3097 3098
2892 2900
741 808
3147 3148
2865 2902
971 1327
809 810
2354 2361
2311 2313
2256 2257
2954 2955
2239 2240
151 152
3013 3014
1858 1859
897 899
2161 2163
386 387
2944 2946
2804 2853
2984 2985
2329 2330
942 950
2977 2978
893 1320
2298 2743
398 407
2135 2209
2163 2191
2986 2987
3031 3047
2829 2838
922 923
3002 3003
904 905
483 505
3053 3549
2969 2972
3052 3556
468 729
1840 1841
819 821
2826 2830
3529 3531
2807 2808
2998 2999
2216 2218
2996 2997
762 792
2267 2268
2841 2845
3057 3061
2970 2973
366 385
2897 2898
791 792
2846 2847
2132 2133
2220 2222
2848 2850
2767 2768
2423 2430
2712 2713
2194 2195
848 849
840 846
3077 3105
2936 2939
1484 1486
2192 2193
2759 2783
3076 3087
2029 2030
2929 2938
2667 2670
961 973
3019 3030
3030 3547
2800 2855
2801 2802
3004 3023
2907 2908
2842 2849
2877 2878
2893 2894
2895 2896
2993 3038
2940 2945
2604 2653
3078 3560
3110 3111
910 911
780 789
2357 2358
2942 2956
3434 3435
2200 2228
2763 2772
2766 2775
3033 3034
2876 2881
3442 3443
3455 3456
3037 3547
3000 3544
2362 2363
2243 2244
3084 3106
2795 2797
744 747
3007 3034
2943 2947
3080 3081
2223 2224
2716 2717
2758 2810
1232 1260
2652 2680
2685 2686
2874 2875
2773 2880
3029 3548
3024 3039
3006 3028
3025 3026
3545 3546
3093 3094
2840 2844
817 818
3015 3016
3005 3035
3055 3056
2948 2949
3008 3049
2791 2810
2261 2262
3079 3080
2885 2886
2774 2837
2781 2782
