2556996162245713623 3800 1900
-0.539696 -0.356313 3.701953
-0.337631 -0.555879 3.784961
-0.035862 -0.464219 2.407480
-0.067905 -0.709542 2.056376
-0.074136 -0.702515 3.013524
0.131023 -0.773774 2.894811
-0.166127 -0.461615 1.359379
-0.145565 -0.424460 1.135990
-0.037937 -0.363758 1.835579
-0.074596 -0.487659 1.989235
-0.000540 -0.498236 2.995779
0.066843 -0.422629 3.233206
-0.221692 0.059048 1.259334
-0.406056 -0.246671 1.258113
-0.534490 -0.036251 2.967960
-0.269902 -0.026867 3.052799
-0.252812 -0.621693 2.993289
-0.119145 -0.496342 3.382083
-0.618925 -0.327353 3.267457
-0.766173 -0.241427 3.252503
-0.264578 -0.059613 1.858762
-0.348921 -0.212678 1.715482
-0.586695 -0.468687 2.472966
-0.378336 -0.229868 2.441991
-0.360473 -0.161220 1.865844
-0.456184 -0.043556 1.861266
-0.992809 -0.396780 2.412727
-0.915905 -0.443166 2.373512
-0.918592 -0.117180 2.814184
-0.704130 -0.019790 2.915502
-0.716868 -0.060147 2.980403
-0.772563 -0.051221 3.316097
-0.120799 -0.235812 2.710005
-0.430266 -0.049846 2.678571
-0.509906 -0.166517 3.630549
-0.349002 -0.162168 3.460566
0.373116 0.697801 1.120815
0.311356 0.807244 1.278896
0.161367 0.310325 1.898252
0.012355 0.675964 1.760465
0.066805 0.501594 1.286070
0.015307 0.657463 1.328489
0.600722 0.839770 2.752037
0.810760 0.459216 2.648887
0.684684 0.397646 2.930870
0.810760 0.459216 2.648887
0.496901 0.247142 2.746994
0.228270 0.540645 2.688095
-0.824794 0.027395 3.491986
-0.587253 -0.066008 3.608563
-0.805402 0.041929 3.533719
-0.904126 -0.155034 3.533414
0.458837 0.627085 2.111682
0.565877 0.466829 2.014941
0.146072 0.211263 1.945906
-0.104671 0.205789 1.948653
-0.010297 0.314728 2.916995
0.221417 0.265518 2.868472
0.039822 0.098534 4.021702
0.324017 0.230179 4.176732
0.490639 0.111578 2.910639
0.250542 0.049894 2.899958
0.645462 0.439339 3.705540
0.659214 0.420456 4.123021
0.435589 0.099312 3.717765
0.577382 0.579964 3.546256
-0.414349 0.306141 3.564700
-0.250813 0.480244 3.378542
1.472063 0.520033 4.065780
1.220903 0.604261 4.121932
1.477197 0.195189 4.509138
1.722101 0.187683 4.369672
1.016372 0.659879 3.798357
0.751708 0.641302 3.867021
0.373116 0.697801 1.120815
0.296555 0.802476 1.296825
0.486160 0.734155 1.988741
0.266739 0.602777 2.038332
-0.038119 0.512973 2.880710
-0.100413 0.228779 2.988742
0.603833 0.462537 1.944548
0.425000 0.365834 1.969725
0.418567 0.518975 4.428981
0.259913 0.407090 4.294094
-0.761781 0.761825 0.083102
-0.723100 0.761825 0.083102
0.763333 -0.763329 0.973827
-0.763330 -0.763329 0.973827
0.726079 -0.726079 0.907759
0.726079 -0.726079 0.173468
0.726079 0.805858 0.083098
0.726079 0.805858 0.173468
-0.368837 -1.146108 0.083038
-0.368837 -1.128028 -1.002396
0.206089 -0.961398 0.083080
-0.206089 -0.961398 0.083080
0.763331 -0.763331 0.973617
0.763331 0.763331 0.973617
-0.322085 -0.255905 3.973190
-0.228625 -0.459458 3.915207
-0.179311 -0.425646 3.688966
-0.183526 -0.483897 3.722535
-0.070634 -0.453995 2.182072
-0.053068 -0.286797 2.410496
-0.057754 -0.756617 1.875239
-0.028314 -0.652552 2.064143
-0.014999 -0.697405 2.868516
-0.076421 -0.813524 2.824571
-0.875091 -0.207195 3.424934
-0.816040 -0.005988 3.397469
-0.104653 -0.753305 3.498471
-0.083205 -0.801141 3.401731
-0.172347 -0.455414 1.358711
-0.154437 -0.503517 1.162941
-0.227782 -0.395058 1.732979
-0.150678 -0.220173 1.797371
-0.180316 -0.601989 1.814697
-0.200992 -0.806228 1.973541
-0.076814 -0.476142 1.992157
-0.151258 -0.466262 1.912658
0.005073 -0.707304 3.210160
0.062398 -0.584166 3.336808
-0.346067 -0.150711 1.106174
-0.349347 -0.244648 1.051776
-0.342977 -0.150473 1.307361
-0.359723 0.020111 1.356265
-0.257089 -0.256094 2.895123
-0.249841 -0.249418 2.973553
-0.628212 -0.448766 2.990540
-0.600174 -0.508618 3.344849
-0.414914 -0.382549 3.508433
-0.391721 -0.192215 3.460825
-0.278557 -0.605798 2.991760
-0.361870 -0.633225 3.330506
-0.367325 -0.504766 3.493164
-0.122650 -0.492978 3.373841
0.038535 -0.415463 3.243298
-0.115645 -0.346073 3.239635
-0.490266 -0.125176 1.483487
-0.407640 -0.189367 1.476315
-0.339857 -0.196056 1.756684
-0.249678 -0.077205 1.600892
-0.587514 -0.467647 2.472707
-0.719121 -0.322193 2.611257
-0.714352 -0.360569 2.002126
-0.573933 -0.493511 2.036153
-0.464694 -0.089297 1.860547
-0.324504 0.062528 1.828351
-0.239436 -0.011096 1.845288
-0.324504 0.062528 1.828351
-0.351202 0.024424 1.769413
-0.277425 -0.037684 1.770938
-0.013772 -0.517184 1.059444
-0.097133 -0.268084 1.183117
-0.014344 -0.491244 1.220577
-0.196467 -0.527026 1.228664
-0.930847 -0.226210 2.481244
-0.835251 -0.119609 2.777569
-0.772203 -0.140600 2.802128
-0.781206 -0.262175 2.849431
-0.774241 -0.059359 3.327002
-0.710383 -0.010898 3.084082
-0.389419 -0.095663 2.660701
-0.502182 -0.466108 2.571743
-0.172554 -0.193453 2.661464
-0.089889 -0.257883 2.653530
-0.562582 -0.336829 2.706944
-0.527296 -0.502901 2.622410
-0.463448 -0.333627 2.845873
-0.478402 -0.295213 2.874865
-0.224457 -0.301520 3.435454
-0.267487 -0.323569 3.737883
-0.303823 -0.081507 3.564777
-0.290242 -0.171801 3.467731
-0.505611 -0.120690 3.635128
-0.567371 -0.195802 3.747738
0.077685 0.479621 1.030935
0.034651 0.546225 1.165823
-0.135072 0.766401 1.112240
-0.159630 0.578260 1.039303
0.055320 0.686691 1.152860
-0.178206 0.619209 1.141721
0.000618 0.663544 1.446540
0.077866 0.554138 1.645057
-0.142848 0.620056 1.440742
-0.151462 0.542236 1.569984
0.161930 0.153596 1.906520
-0.056878 0.076005 1.955043
0.598285 0.717080 2.189633
0.695674 0.574182 2.247311
0.640323 0.396226 2.225186
0.598819 0.410531 2.120053
0.260913 0.655091 2.180325
0.366084 0.707467 2.164456
0.431811 0.410760 1.920316
0.553767 0.276292 2.084805
0.459584 0.587431 2.991638
0.541714 0.449033 2.991638
-0.243809 0.431245 3.451526
-0.208485 0.433038 3.261096
-0.619070 -0.098826 3.429571
-0.546972 0.014333 3.389288
-0.792563 0.021594 3.554864
-0.781271 -0.011403 3.377862
0.324406 0.725195 1.373178
0.194592 0.611708 1.279489
0.375300 0.731328 1.707854
0.499926 0.616658 2.096190
-0.075699 -0.038683 2.998737
-0.036062 -0.027353 3.000721
0.115810 0.169275 2.110523
0.130175 0.142229 2.214130
-0.060977 0.507372 2.181019
0.038146 0.547235 2.188190
0.123291 0.267580 1.947864
0.115810 0.169275 2.110523
0.095085 0.177500 2.103693
0.053748 0.003817 2.584803
0.194035 0.112007 3.636691
0.350934 0.137107 3.821628
-0.112724 0.217941 3.894565
-0.362529 0.322234 3.904941
-0.172805 0.545814 3.699557
-0.053844 0.690963 3.570163
0.257255 0.094593 3.059986
0.258666 0.022772 3.179310
0.304846 0.147721 2.657072
0.384954 0.172688 2.654630
0.463513 0.249852 3.067086
0.496434 0.124682 3.035653
0.350934 0.137107 3.821628
0.499344 0.194976 3.633334
0.081978 0.776832 4.153659
0.151043 0.860488 4.044101
0.565072 0.760391 3.676669
0.389748 0.824058 3.571078
0.511216 0.254637 3.085809
0.453576 0.174166 3.020196
0.661660 0.696304 3.749301
0.565072 0.760391 3.676669
-0.106017 0.190499 3.954310
-0.052764 0.258476 4.080957
-0.180759 0.640584 3.741686
-0.167045 0.530721 3.884813
-0.541591 0.423299 3.420336
-0.396461 0.318242 3.405687
0.208890 0.602826 4.439188
0.260474 0.877560 4.151103
1.467131 0.509168 4.069332
1.346892 0.584966 4.051326
1.269225 0.272695 4.286006
1.454162 0.205175 4.472469
1.596315 0.148595 4.714677
1.799562 0.056699 4.530046
1.799562 0.056699 4.530046
1.727541 0.204404 4.395769
0.750770 0.863542 4.129436
0.922432 0.741472 3.916424
1.148630 0.390872 3.861628
0.925700 0.565852 3.810053
0.310795 0.496231 1.303123
0.293057 0.706077 1.315788
0.270754 0.765640 1.017354
0.214125 0.513489 1.039250
0.161648 0.572506 1.130342
0.151577 0.693356 1.279649
0.296141 0.592275 1.973546
0.282255 0.486989 1.980260
0.096769 0.619776 2.774075
0.181493 0.694086 2.757291
0.645033 0.447958 3.064336
0.433164 0.284041 2.988958
0.280248 0.132542 2.839971
0.168606 0.087243 2.928777
0.514440 0.460323 1.730742
0.579939 0.476116 1.948790
0.657969 0.639606 3.717298
0.650339 0.397029 3.742017
0.371423 0.473084 4.194396
0.361658 0.496392 4.331726
0.331032 0.243465 4.366481
0.122596 0.362827 4.552944
0.378067 0.514805 4.463222
0.220348 0.631458 4.396389
0.474674 0.320751 4.527309
0.400478 0.314419 4.608181
-0.444462 -0.865029 0.358380
-0.461819 -0.865029 0.358380
0.287386 -0.864877 0.598163
-0.197129 -0.864877 0.487880
-0.197129 -0.864877 0.401020
-0.017390 -0.864877 0.470703
-0.034778 -0.864877 0.470703
0.200506 -0.864877 0.598163
-0.328163 -0.864801 0.632985
0.397667 -0.864877 0.684987
0.310806 -0.864877 0.684987
-0.136304 -0.864801 0.323627
-0.310806 -0.864801 0.632985
-0.136304 -0.864801 0.341003
-0.090243 -0.864801 0.684950
-0.090243 -0.864801 0.667631
-0.183136 -0.864877 0.797410
-0.165741 -0.864877 0.797410
-0.351601 0.864877 0.288921
-0.351601 0.864877 0.358387
-0.153699 0.864877 0.288930
-0.153699 0.864877 0.271535
-0.066842 0.864801 0.598186
-0.087619 0.864801 0.418633
-0.087619 0.864801 0.436028
0.380272 0.864877 0.598156
-0.215266 0.864801 0.453301
-0.049451 0.864801 0.615543
-0.043429 0.864877 0.288930
-0.043429 0.864877 0.271535
-0.180495 0.864801 0.453301
-0.008652 0.864801 0.797436
0.362877 0.864877 0.615551
-0.157094 0.864801 0.401238
-0.122314 0.864801 0.418633
0.008651 0.864801 0.797436
0.142333 0.864801 0.667631
0.125024 0.864801 0.667631
-1.017383 1.019734 0.083057
0.586786 -0.851542 0.855876
0.586786 -0.805858 0.855876
-0.548132 1.019734 0.083057
-0.548132 1.019734 0.083057
0.548145 1.019734 0.083057
0.586786 0.805858 0.855876
0.586786 0.805858 0.167667
0.805858 -0.586786 0.167667
0.805858 -0.586786 0.082904
0.586786 0.805858 0.167667
0.586786 0.805858 0.082904
-0.726079 -0.805858 0.082904
-0.726079 -0.805858 0.173313
-0.548132 1.037814 -1.002377
-0.548132 1.019734 0.083057
-0.206089 0.961329 0.083075
-0.206089 1.102854 0.189686
-0.418752 -0.344637 3.975231
-0.261282 -0.366800 3.967602
-0.343946 -0.183924 3.708813
-0.428403 -0.277651 3.640759
-0.362075 -0.453932 3.692057
-0.291789 -0.523435 3.719523
-0.361799 -0.513590 3.785107
-0.459493 -0.337465 3.670055
-0.234075 -0.435890 2.175532
-0.028308 -0.652671 2.064111
-0.235207 -0.633903 2.059686
-0.230432 -0.300697 2.406245
-0.134235 -0.725291 2.487185
-0.166546 -0.727885 2.478182
0.007939 -0.908682 3.001184
0.052556 -0.896017 2.862329
-0.050894 -0.731594 3.004095
-0.127608 -0.825665 3.307745
-0.847790 -0.192925 3.411412
-0.681698 -0.294091 3.457799
-0.864270 -0.028283 3.211828
-0.840771 -0.039593 3.209081
-0.113405 -0.830843 3.469453
-0.086463 -0.834505 3.423677
-0.069722 -0.825746 3.384483
-0.139083 -0.735490 3.420188
-0.235600 -0.877841 3.479855
-0.180306 -0.808185 3.445981
-0.175518 -0.234474 1.500165
-0.182115 -0.411545 1.624927
-0.184452 -0.456177 1.626758
-0.183119 -0.261978 1.562115
-0.185284 -0.139526 1.687848
-0.195860 -0.268062 1.775738
0.012454 -0.196279 1.716504
0.001535 -0.214647 1.649365
-0.076936 -0.710755 1.881126
-0.090097 -0.829011 2.030357
-0.069911 -0.273022 1.847773
-0.113198 -0.240178 1.877832
0.079368 -0.670455 2.928318
0.068107 -0.732558 2.974094
-0.040255 -0.587371 2.964329
-0.089209 -0.730803 3.053135
-0.035124 -0.692504 2.867588
-0.088824 -0.769637 2.998203
-0.343609 -0.250089 1.025204
-0.434551 -0.194623 1.026577
-0.219756 0.013966 1.279691
-0.305148 0.114989 1.255505
-0.543083 -0.146568 2.429750
-0.378440 -0.202243 2.412355
-0.205616 -0.101531 2.927000
-0.219540 -0.135253 2.888853
-0.286147 -0.156332 2.987313
-0.525634 -0.061461 2.991280
-0.475776 -0.101362 2.904305
-0.363166 -0.127188 2.963204
-0.237777 -0.274740 2.914986
-0.405890 -0.198466 2.914681
-0.481779 -0.230221 3.023253
-0.510809 -0.295185 2.939024
-0.577857 -0.462271 3.316597
-0.557525 -0.417849 2.990669
-0.183570 -0.497385 2.843270
-0.179069 -0.354220 2.844795
-0.339128 -0.395020 3.529520
-0.308305 -0.311479 3.600321
-0.445654 -0.540966 3.213988
-0.313208 -0.565419 3.298216
-0.403367 -0.211451 1.380404
-0.309830 -0.103428 1.377504
-0.354739 -0.221227 1.777763
-0.232211 -0.093263 1.850089
-0.354739 -0.221227 1.777763
-0.232211 -0.093263 1.850089
-0.625958 -0.129518 2.610098
-0.606770 -0.183992 2.622457
-0.630078 -0.270185 2.175680
-0.559735 -0.201063 2.181478
-0.617861 -0.531423 1.885871
-0.758090 -0.426328 1.845588
-0.426678 -0.054414 1.881273
-0.456814 -0.093935 1.841142
-0.521892 -0.193346 1.913621
-0.535854 -0.203264 1.987169
-0.536290 -0.229135 1.940842
-0.359708 -0.023427 1.927719
-0.956667 -0.376316 2.493330
-0.984056 -0.393062 2.402692
-0.907829 -0.442054 2.267598
-0.958183 -0.448386 2.309559
-1.009857 -0.287390 2.335861
-0.983230 -0.365400 2.339981
-0.896329 -0.327443 2.482209
-0.903577 -0.391072 2.432618
-0.156431 -0.751627 1.021958
-0.223112 -0.739343 1.061401
-0.223112 -0.739343 1.061401
-0.234251 -0.591714 1.025772
-0.041621 -0.396389 1.207809
-0.047839 -0.363926 1.182555
0.149835 -0.428471 3.387044
0.162588 -0.473599 3.201802
0.161680 -0.522770 3.299154
0.123183 -0.611538 3.323873
-0.712021 -0.081949 2.914676
-0.864609 -0.071974 2.947635
-0.864609 -0.071974 2.947635
-0.833252 -0.060043 2.980289
-0.737397 -0.241673 2.984210
-0.847947 -0.235913 3.007404
-0.764905 -0.066518 3.322996
-0.688000 -0.126413 3.336119
-0.367622 -0.510333 2.555155
-0.325279 -0.533354 2.523264
-0.493202 -0.360205 2.345652
-0.301551 -0.447314 2.344889
-0.325279 -0.533354 2.523264
-0.285835 -0.549319 2.554392
-0.559430 -0.335128 2.654931
-0.422469 -0.211631 2.756356
-0.460006 -0.295383 2.756662
-0.518422 -0.497978 2.621057
-0.239415 -0.479629 2.654931
-0.154347 -0.466240 2.709253
-0.278138 -0.274499 3.740657
-0.429124 -0.249017 3.737910
-0.307435 -0.368379 3.732112
-0.336770 -0.432465 3.708308
-0.508352 -0.175091 3.628880
-0.439892 -0.250043 3.872220
-0.363064 -0.249109 3.823392
-0.565268 -0.197540 3.747899
-0.302618 -0.192918 3.426881
-0.299242 -0.081586 3.373475
-0.005583 0.701378 1.040622
0.082630 0.485848 1.028491
0.122659 0.274770 1.112423
0.147798 0.181596 1.140118
-0.033862 0.769739 1.124890
-0.120098 0.761881 1.043027
0.339631 0.378687 1.306648
0.329103 0.400355 1.350898
-0.166115 0.675917 1.286209
-0.178260 0.619116 1.141860
-0.107681 0.456522 1.311331
-0.074684 0.416048 1.418753
-0.087566 0.439890 1.289816
-0.087566 0.439890 1.289816
0.080085 0.552805 1.643973
0.121491 0.374353 1.685171
0.115498 0.467652 1.913982
0.131656 0.406197 1.991344
0.304337 0.528780 2.200507
0.276795 0.589701 2.456855
0.581857 0.716578 2.984656
0.616227 0.736986 2.980231
0.400353 0.658480 2.004127
0.413628 0.626093 2.093238
0.239869 0.678507 2.668342
0.247803 0.563151 2.657355
0.364419 0.708262 2.163276
0.254021 0.637118 2.164802
0.352491 0.309761 2.378374
0.495581 0.255745 2.627702
0.459660 0.587545 2.991333
0.541790 0.449033 2.991638
-0.345247 0.295241 3.479104
-0.254037 0.429347 3.447061
-0.759866 0.103762 3.389077
-0.729692 0.057528 3.357949
-0.358522 0.189173 3.341775
-0.314462 0.204756 3.338418
-0.617730 0.429709 3.394876
-0.622041 0.418704 3.285928
-0.606505 -0.211373 3.503721
-0.647017 -0.144158 3.555296
-0.605513 -0.118428 3.411864
-0.620467 -0.127717 3.461607
0.546049 0.611466 1.637710
0.466932 0.710877 1.793655
0.425581 0.538491 1.258071
0.293401 0.458497 1.240524
0.325903 0.418747 1.682266
0.488828 0.528229 1.601089
-0.551141 -0.250778 3.490565
-0.601762 -0.194759 3.530543
-0.597197 -0.239248 3.536474
-0.551001 -0.206537 3.488256
-0.808481 -0.227317 3.456313
-0.790399 -0.297774 3.488967
-0.851974 -0.163636 3.456208
-0.868682 -0.201268 3.398224
0.255661 0.226448 2.368654
0.232814 0.239857 2.218202
0.176506 0.112274 2.615694
0.130579 0.192192 2.837862
0.015515 0.048969 2.915834
-0.028010 0.052269 2.829927
-0.180039 0.393265 2.899812
-0.130331 0.447510 2.772096
0.076468 0.512417 2.460665
0.046896 0.537098 2.191194
0.146484 0.443665 2.514532
0.206832 0.451504 2.508123
0.069625 0.091987 2.074618
0.054710 -0.029406 2.559542
0.230912 0.090562 3.744525
0.346592 0.151826 3.693561
0.178135 0.222131 4.165973
0.229672 0.135614 4.021930
-0.070144 0.363733 4.152240
0.199746 0.088274 3.431109
0.196083 0.106889 3.635577
-0.041935 0.284235 3.584613
-0.060875 0.432855 3.525409
-0.313789 0.438043 4.121417
0.346592 0.151826 3.693561
0.354145 0.126535 3.465594
0.462406 0.129704 3.199728
0.262173 0.069670 3.199728
-0.122973 0.495113 3.157417
0.001565 0.594371 3.212959
0.238503 0.268673 2.693043
0.348099 0.302833 2.690602
0.318853 0.058402 3.808124
0.296575 0.106143 4.110553
0.257257 0.094128 3.722656
0.336455 0.104523 3.700989
-0.122973 0.495113 3.157417
0.001565 0.594371 3.212959
0.667847 0.342866 3.669452
0.697659 0.327684 3.749713
0.580014 0.768167 4.147052
0.722187 0.746461 4.120502
0.834683 0.564653 3.937091
0.763119 0.488931 3.967608
0.696419 0.768587 3.890399
0.836266 0.686151 3.911151
0.563362 0.754396 3.679523
0.662201 0.697748 3.750934
0.556667 0.193942 3.254519
0.683277 0.326503 3.253299
0.561199 0.227805 3.587136
0.587559 0.196220 3.601784
0.425156 0.077499 2.892018
0.363968 0.177902 2.668934
0.212352 0.764392 3.208133
0.224331 0.781253 3.315249
0.345309 0.035198 3.636420
0.414355 0.069493 3.734687
-0.264312 0.426777 4.173034
-0.445358 0.493801 4.051269
-0.255355 0.317663 3.535330
-0.194739 0.526937 3.686392
-0.168151 0.528006 3.885061
-0.288428 0.489286 3.386709
-0.522651 0.408873 3.434927
-0.423278 0.339369 3.443166
-0.317763 0.654272 3.224050
-0.396346 0.683989 3.255178
0.075047 0.804563 3.906394
0.090950 0.795790 3.856345
0.375260 0.875971 3.970104
0.257310 0.907175 4.018016
0.067748 0.744790 3.405097
0.218162 0.817117 3.396247
0.010534 0.826530 4.122605
0.029855 0.881843 4.073777
0.181076 0.940287 3.883245
0.030939 0.867197 3.888738
0.071988 0.731136 3.556138
0.075937 0.813839 3.530198
1.117925 0.342348 4.131459
1.226720 0.268076 4.261769
1.273565 0.322016 4.255970
1.244573 0.366915 4.305714
1.612826 0.095843 4.400386
1.522952 0.187643 4.528255
1.587735 0.187156 4.599438
1.699430 0.077350 4.463025
1.719266 0.208462 4.525586
1.766263 0.117405 4.573803
0.757759 0.528236 4.073187
0.745323 0.573783 3.997809
1.017016 0.648899 3.819679
1.044940 0.507794 3.831275
1.002139 0.746098 3.850807
0.717257 0.700016 3.884376
1.029681 0.745945 3.938697
1.002139 0.746098 3.850807
1.722293 0.142204 4.584096
1.768070 0.010855 4.723866
1.588663 0.214552 4.587101
1.557993 0.269483 4.625554
1.733867 0.063735 4.643864
1.731731 0.114833 4.685368
1.641933 0.150170 4.720863
1.709682 0.172162 4.744056
0.388098 0.216776 1.073127
0.569372 0.323358 1.063362
0.632675 0.302358 1.157026
0.684707 0.235753 1.089582
0.242674 0.542579 1.105540
0.230657 0.535484 1.023067
0.369519 0.698931 1.121177
0.161542 0.573351 1.130333
0.248942 0.523321 1.893453
0.300783 0.588171 1.975393
0.295412 0.735709 2.860586
0.293829 0.773016 2.849600
0.116574 0.189196 3.079308
0.175225 0.103747 3.064965
0.576267 0.689053 3.073368
0.409450 0.772785 3.067874
0.083206 0.297162 2.966636
0.066669 0.292375 2.926047
0.389622 0.287118 2.842111
0.372914 0.282082 2.882699
0.419489 0.387292 1.967960
0.417467 0.435128 1.758915
0.492380 0.190796 4.023303
0.505464 0.197147 4.064197
0.613819 0.134402 3.800723
0.622402 0.195552 3.732669
0.358437 0.552875 4.531384
0.385865 0.446445 4.501477
0.345505 0.270283 4.114820
0.311154 0.372478 4.282056
0.328163 0.251401 4.368213
0.311951 0.251172 4.479907
0.367200 0.240459 4.343740
0.233609 0.279941 4.404164
0.367966 0.256458 4.348178
0.201951 0.314518 4.441257
0.195734 0.656826 4.601497
0.217592 0.635006 4.650630
0.406384 0.302403 4.614795
0.407757 0.257199 4.507983
-0.749586 -0.784055 0.306376
-0.749586 -0.784055 0.266475
0.690458 -0.784055 0.744872
0.690458 -0.784055 0.704971
0.778959 -0.754682 0.907287
0.778959 -0.695478 0.907287
-0.749586 0.784055 0.266475
-0.749586 0.784055 0.306376
-0.778967 0.754614 0.123644
-0.778967 0.754614 0.083742
0.761781 0.761825 0.914210
0.761781 0.761825 0.083064
-0.805858 -0.726079 0.173503
-0.805858 -0.726079 0.907756
-0.763330 -0.763329 0.973827
-0.763330 -0.845495 0.973827
0.805858 0.726079 0.907756
-0.586786 0.851542 0.856067
0.586786 0.851542 0.856067
0.805858 0.726079 0.173503
-0.805858 0.586786 0.167857
-0.805858 0.586786 0.083095
0.726079 0.726079 0.173503
0.726079 0.726079 0.083095
0.851542 0.586786 0.083095
0.851542 0.586786 0.167857
0.548135 -1.019734 0.083038
0.548135 -1.001654 -1.002396
-0.170646 -1.076138 0.175632
0.170646 -1.076138 0.175632
-0.763331 0.763331 1.026108
-0.763331 0.763331 0.973617
-0.148442 -0.864877 0.814729
-0.148442 -0.864877 0.762620
0.107635 -0.864801 0.598156
-0.380272 -0.864801 0.632946
-0.017390 -0.864877 0.470741
-0.034778 -0.864877 0.470741
0.153694 -0.864801 0.340987
0.118923 -0.864801 0.340987
0.107635 -0.864801 0.632985
0.397667 -0.864877 0.684987
0.310775 -0.864877 0.598163
0.397636 -0.864877 0.598163
0.397667 -0.864877 0.632879
-0.479290 -0.865029 0.288915
-0.496571 -0.865029 0.288915
-0.397629 -0.864801 0.632946
-0.183136 -0.864877 0.779939
-0.165741 -0.864877 0.779939
0.513966 0.864801 0.288915
0.177113 0.864801 0.598127
0.403683 0.864877 0.341000
-0.070243 0.864801 0.401238
-0.258683 0.865029 0.306326
-0.070243 0.864801 0.453309
0.090253 0.864801 0.598127
0.496571 0.864801 0.288915
-0.310773 0.865029 0.271555
-0.293378 0.865029 0.288931
-0.310775 0.864877 0.598125
-0.310775 0.864877 0.615520
-0.328201 0.864877 0.667516
-0.328201 0.864877 0.632879
-0.252615 0.864877 0.615558
-0.287386 0.864877 0.615558
0.421078 0.864877 0.341000
-0.157092 0.864877 0.488071
-0.070231 0.864877 0.488071
-0.293378 0.865029 0.271555
-0.749647 -0.783994 0.306386
-0.749647 -0.783994 0.266484
-0.778974 -0.754667 0.123644
-0.749647 -0.783994 0.123644
0.778974 -0.754667 0.266484
0.778974 -0.695533 0.266484
0.690513 -0.695533 0.083742
0.778974 -0.695533 0.083742
-0.761738 0.761843 0.914191
-0.761738 0.761843 0.083083
-0.749647 0.783994 0.083742
-0.690513 0.783994 0.083742
0.761738 0.761843 0.914191
0.761738 0.761843 0.083083
0.368832 -1.146108 -0.018744
0.368832 -1.146108 0.083083
-0.368832 -1.146108 -0.018744
-0.368832 -1.146108 0.083083
0.805858 -0.586786 0.856042
0.805858 0.586786 0.856042
0.726079 -0.805858 0.173480
0.726079 -0.726079 0.173480
-0.726079 0.805858 0.907751
-0.726079 0.805858 0.173479
-0.851542 0.586786 0.083083
-0.851542 0.586786 0.167811
0.586786 0.805858 0.167811
0.586786 0.851542 0.167811
0.726079 -0.805858 0.083083
0.586786 -0.805858 0.083083
0.548139 1.019734 -0.018744
0.368832 1.146108 -0.018744
0.170646 -1.074134 0.158853
-0.170646 -1.074134 0.158853
-0.206089 0.961374 0.115491
-0.206089 0.961374 0.083083
-0.723179 -0.723179 1.026091
-0.723179 0.723179 1.026091
-0.312610 -0.414092 3.972007
-0.240642 -0.447991 3.894248
-0.301749 -0.492460 3.826927
-0.291580 -0.467145 3.838439
-0.497905 -0.224211 3.883131
-0.512361 -0.255338 3.889637
-0.205801 -0.396764 3.859453
-0.212417 -0.428579 3.849455
-0.451100 -0.179985 3.877949
-0.486712 -0.189134 3.880901
-0.184115 -0.401029 3.737572
-0.428101 -0.279006 3.643276
-0.291260 -0.522058 3.720260
-0.360623 -0.451388 3.696897
-0.226602 -0.526923 3.707526
-0.289231 -0.526477 3.700872
-0.187391 -0.431010 3.661948
-0.190130 -0.425043 3.688124
-0.209641 -0.360672 3.795198
-0.197807 -0.386887 3.678329
-0.281879 -0.471339 3.817053
-0.289471 -0.482939 3.797279
-0.186770 -0.410438 3.765255
-0.204566 -0.392899 3.778607
-0.224833 -0.297308 2.377723
-0.052069 -0.288620 2.410997
-0.067846 -0.555489 2.633734
-0.011040 -0.531250 2.623971
-0.034218 -0.711276 2.099643
-0.028315 -0.652656 2.064355
-0.136175 -0.726414 2.487864
-0.082815 -0.710717 2.481153
-0.156047 -0.617925 2.544723
-0.146531 -0.625624 2.561622
-0.077123 -0.816572 2.828186
0.052557 -0.895990 2.862840
-0.099634 -0.831075 3.088160
-0.058955 -0.867388 3.097306
-0.094859 -0.829379 3.318775
-0.127739 -0.825562 3.307519
-0.541938 -0.085032 3.449869
-0.550969 -0.087694 3.233834
-0.859499 -0.189996 3.423270
-0.871540 -0.208990 3.404009
-0.895811 -0.157997 3.212502
-0.918943 -0.147271 3.215535
-0.072986 -0.860077 3.390446
-0.068846 -0.844215 3.385349
-0.102742 -0.771067 3.501045
-0.124312 -0.744723 3.467651
-0.119856 -0.749395 3.422353
-0.120868 -0.730164 3.371885
-0.069259 -0.823081 3.387833
-0.081388 -0.770729 3.406740
-0.230135 -0.762176 3.452945
-0.218944 -0.772813 3.453707
-0.153884 -0.733566 3.343758
-0.178377 -0.715669 3.381866
-0.179149 -0.723844 3.378305
-0.158031 -0.744443 3.382742
-0.211905 -0.880323 3.484477
-0.196883 -0.882234 3.448649
-0.198970 -0.781509 3.352497
-0.194260 -0.794288 3.380489
-0.239080 -0.830651 3.382671
-0.226968 -0.834743 3.367524
-0.183501 -0.142836 1.690212
0.007658 -0.152508 1.691192
-0.051991 -0.463096 1.626680
-0.020648 -0.419994 1.624855
0.011622 -0.174209 1.723325
-0.188871 -0.163872 1.722926
-0.155742 -0.413733 1.748829
-0.147544 -0.229700 1.800458
-0.041551 -0.321167 1.848950
-0.046037 -0.377561 1.819305
-0.157531 -0.367593 1.817213
-0.046037 -0.377561 1.819305
-0.156703 -0.534904 1.978431
-0.164578 -0.613272 2.024747
-0.124683 -0.174868 1.817886
-0.127533 -0.229007 1.711792
-0.144805 -0.615438 1.785123
-0.166710 -0.612549 1.797653
0.068199 -0.712775 2.961529
0.117069 -0.609824 3.095657
0.051523 -0.583138 3.326255
0.069456 -0.707851 3.164219
0.028627 -0.775523 3.001981
0.036960 -0.777089 3.006512
-0.319804 0.096811 1.282359
-0.223225 0.013085 1.279101
-0.471878 -0.046811 1.110520
-0.514860 -0.037153 1.096380
-0.411126 0.008121 1.159390
-0.471878 -0.046811 1.110520
-0.184387 -0.017840 1.235592
-0.231468 -0.069830 1.176047
-0.245323 -0.224590 2.436394
-0.260066 -0.257243 2.413048
-0.205175 -0.103454 2.926929
-0.219533 -0.135253 2.888965
-0.473922 -0.035628 3.024427
-0.267378 -0.114851 3.021792
-0.630364 -0.442466 2.996232
-0.648262 -0.342298 2.956849
-0.377024 -0.262705 2.932196
-0.305771 -0.294876 2.932196
-0.391756 -0.193321 3.459733
-0.577447 -0.077307 3.385642
-0.505451 -0.206637 2.844740
-0.405960 -0.197696 2.913725
-0.521047 -0.468414 3.019385
-0.495775 -0.479581 3.017973
-0.498239 -0.508655 3.199585
-0.487115 -0.482988 3.042436
-0.041002 -0.296103 3.040263
-0.055585 -0.272770 2.989648
-0.198744 -0.479158 2.908837
-0.217441 -0.485456 2.843635
-0.038989 -0.320095 3.386762
-0.070310 -0.360997 3.447013
-0.168390 -0.411931 2.893640
-0.178783 -0.354130 2.844740
-0.364828 -0.538948 3.019385
-0.288595 -0.400817 2.968894
-0.351787 -0.540854 3.023497
-0.338155 -0.546980 2.996153
-0.322710 -0.577572 3.316442
-0.577872 -0.462365 3.316442
-0.487168 -0.086008 1.659324
-0.485599 -0.121862 1.479065
-0.363674 0.069695 1.641232
-0.512952 -0.084046 1.782815
-0.400596 0.052705 1.855564
-0.361348 0.086508 1.777441
-0.207302 -0.047033 1.772223
-0.331642 0.110045 1.702833
-0.519393 -0.086122 2.562764
-0.484643 -0.122676 2.496004
-0.719005 -0.570963 2.136460
-0.818560 -0.486932 2.128611
-0.776549 -0.396980 1.874894
-0.733752 -0.348421 1.851938
-0.695521 -0.412639 2.522556
-0.713334 -0.374772 2.525079
-0.588338 -0.238042 1.966122
-0.574048 -0.250104 1.967249
-0.517228 -0.298065 1.971729
-0.574284 -0.362870 2.001620
-0.500595 -0.258413 1.942410
-0.535133 -0.229261 1.939687
-0.545059 -0.326347 1.765765
-0.465317 -0.230807 1.777186
-0.928398 -0.378630 2.440191
-0.958772 -0.393580 2.450628
-1.018125 -0.304398 2.342675
-1.007569 -0.302142 2.338066
-0.922468 -0.324849 2.562963
-0.932846 -0.336473 2.521386
-0.889802 -0.438855 2.231399
-0.897466 -0.447270 2.202425
-0.916395 -0.438412 2.296393
-0.908141 -0.441992 2.267693
-0.942775 -0.279728 2.228657
-0.924472 -0.272752 2.248921
-0.882795 -0.265744 2.213273
-0.928948 -0.279518 2.220524
-0.890071 -0.266814 2.243522
-0.873197 -0.317654 2.245784
-0.894332 -0.408504 2.404268
-0.887819 -0.433728 2.417331
-0.923960 -0.390300 2.493554
-0.898119 -0.416540 2.450091
-0.115213 -0.663166 1.074546
-0.140865 -0.623921 1.134382
-0.035397 -0.580728 1.057331
-0.142855 -0.593210 1.055192
0.054174 -0.558171 1.024405
0.074605 -0.713119 1.021994
-0.170711 -0.289267 1.163625
-0.082209 -0.278987 1.165387
0.172732 -0.452175 3.376822
0.164156 -0.463124 3.398567
0.153538 -0.522646 3.208028
-0.118654 -0.518606 3.486997
-0.112345 -0.531305 3.502174
0.161937 -0.473783 3.201972
-0.914234 -0.250848 2.841244
-0.894619 -0.275658 2.844985
-0.760989 -0.142559 2.790468
-0.768528 -0.151586 2.775628
-0.874287 -0.270905 2.899517
-0.879727 -0.247555 2.868285
-0.744262 -0.260994 2.824840
-0.711216 -0.214629 2.959069
-0.829803 -0.103516 3.315944
-0.877071 -0.093296 3.116466
-0.880903 -0.157486 3.113430
-0.861434 -0.153358 2.940331
-0.477077 -0.433168 2.562643
-0.367467 -0.482657 2.562643
-0.360792 -0.171413 2.370894
-0.343613 -0.133366 2.401614
-0.201033 -0.140061 2.511991
-0.330163 -0.081758 2.511991
-0.222818 -0.188422 2.446295
-0.177117 -0.209057 2.446295
-0.360792 -0.171413 2.370894
-0.343613 -0.133366 2.401614
-0.604478 -0.262348 2.708128
-0.599490 -0.264600 2.738944
-0.423593 -0.212613 2.860690
-0.423593 -0.212613 2.757495
-0.461790 -0.332548 2.846294
-0.476192 -0.294435 2.846294
-0.199114 -0.308008 2.688108
-0.222160 -0.297602 2.757495
-0.381241 -0.412599 3.708562
-0.370245 -0.417895 3.708933
-0.460997 -0.301334 3.565945
-0.436559 -0.283106 3.731826
-0.276149 -0.276495 3.580004
-0.276371 -0.274133 3.738956
-0.507312 -0.265252 3.785354
-0.467928 -0.314136 3.805418
-0.393442 -0.093297 3.790002
-0.378235 -0.070402 3.731793
-0.343172 -0.123416 3.559937
-0.386091 -0.097066 3.649664
-0.134674 -0.157323 3.433330
-0.100170 -0.188111 3.440507
0.034447 0.527143 1.183449
0.062897 0.362460 1.149272
-0.120778 0.177427 1.148262
-0.121242 0.098516 1.076679
-0.120778 0.177427 1.148262
-0.018984 0.177275 1.146808
-0.111749 0.757424 1.125106
-0.120023 0.761061 1.043043
-0.138466 0.708563 1.040313
-0.144826 0.591683 1.033740
0.472020 0.495356 1.341626
0.483142 0.475023 1.297783
0.109912 0.448852 1.259647
0.054736 0.686786 1.153215
-0.166117 0.675908 1.286209
-0.196374 0.711556 1.295010
0.121226 0.375244 1.685645
0.142542 0.438159 1.684657
-0.087562 0.439932 1.289676
-0.101031 0.441881 1.249826
-0.077569 0.339969 1.624612
0.003365 0.580953 1.774813
0.054989 0.357719 2.128106
-0.096854 0.288064 1.670282
0.157876 0.155596 1.908529
-0.058803 0.088517 1.905647
0.765730 0.374074 2.865668
0.743102 0.458206 2.832206
0.617726 0.526175 1.917493
0.541533 0.480957 1.924213
0.521625 0.317083 1.988833
0.598617 0.366634 1.985776
0.279340 0.626089 2.546511
0.246192 0.626744 2.666299
0.412465 0.781313 2.687831
0.400410 0.769857 2.745170
0.279340 0.626089 2.546511
0.254124 0.637235 2.165161
0.242550 0.501368 2.517595
0.231215 0.495540 2.617251
0.813416 0.426665 2.994651
0.811824 0.359092 2.943616
-0.513408 0.560521 3.417284
-0.571958 0.470072 3.454048
-0.749217 0.110196 3.510765
-0.788109 0.047871 3.528625
-0.360991 0.238127 3.499105
-0.358349 0.189086 3.342111
-0.763866 0.136421 3.488835
-0.749217 0.110196 3.510765
-0.656985 0.103130 3.325890
-0.695443 0.044739 3.353018
-0.622641 0.418538 3.285906
-0.486232 0.583710 3.236937
-0.611098 -0.087301 3.531510
-0.621110 -0.102445 3.538742
-0.627965 -0.049415 3.473504
-0.610363 -0.071770 3.451064
-0.835759 -0.081703 3.460153
-0.838194 -0.051388 3.561301
-0.788622 0.010608 3.539470
-0.796028 0.014870 3.538116
-0.724897 -0.172756 3.581048
-0.756529 -0.219272 3.570176
-0.674189 -0.203113 3.567947
-0.636101 -0.224758 3.575351
0.341147 0.703130 1.321763
0.352080 0.707124 1.387576
0.352080 0.707124 1.387576
0.322000 0.727998 1.370457
0.582958 0.510403 1.704776
0.530522 0.490568 1.656153
0.426467 0.568237 1.274335
0.425576 0.538442 1.258298
0.293416 0.458236 1.240659
0.191850 0.612472 1.278794
-0.565414 -0.121192 3.490871
-0.631374 -0.136968 3.528813
-0.551041 -0.206633 3.488788
-0.609992 -0.220733 3.522698
-0.753181 -0.303150 3.482509
-0.763393 -0.318187 3.491085
-0.729013 -0.269982 3.491441
-0.715191 -0.225766 3.537045
-0.715191 -0.225766 3.537045
-0.738487 -0.255152 3.570979
-0.779140 -0.309525 3.352516
-0.795864 -0.339622 3.332576
-0.795089 -0.323265 3.395981
-0.836522 -0.295231 3.388418
-0.847589 -0.143934 3.459594
-0.802635 -0.191381 3.473876
-0.842864 -0.249420 3.363247
-0.839047 -0.252237 3.339264
-0.819525 -0.208296 3.449813
-0.834310 -0.220939 3.448647
0.112533 0.486436 2.458179
0.114967 0.433596 2.198653
-0.155836 0.353899 2.141603
-0.085791 0.474589 2.906255
-0.096918 0.483275 2.768788
0.066972 0.462775 2.104051
-0.039951 0.421157 2.105022
-0.159116 0.352926 2.074681
-0.257944 0.407293 2.790491
-0.134000 0.038914 2.665437
0.076473 0.512433 2.461665
0.096879 0.463353 2.402152
0.206406 0.450750 2.509025
0.146523 0.443676 2.514296
0.090248 0.408264 2.745798
0.137139 0.255529 2.736561
-0.095661 0.421370 3.575749
-0.167311 0.539618 3.701526
0.254151 0.715554 3.190104
0.249932 0.696495 3.051824
-0.039269 0.109385 3.747902
-0.138155 0.212677 3.878781
0.022509 0.649887 3.460657
-0.011645 0.673126 3.486589
-0.052580 0.079564 3.831937
-0.039269 0.109385 3.747902
-0.126573 0.701673 3.889767
-0.063776 0.245529 3.706051
0.178387 0.218588 4.163270
0.204961 0.232915 4.141874
-0.019998 0.741669 3.811257
-0.203318 0.655543 4.068519
-0.088774 0.753619 3.891221
-0.042773 0.238269 3.618710
0.244970 0.073290 3.048788
0.294792 0.088268 3.048788
0.438359 0.208892 3.090260
0.238520 0.148814 3.090260
0.281743 0.093775 3.174560
0.292825 0.056914 3.156264
-0.042526 0.105074 3.571450
0.010270 0.128641 3.579778
0.101998 0.740355 3.581439
0.087249 0.783587 3.589446
0.140341 0.106687 3.070165
0.234724 0.116113 3.015810
-0.091708 0.499328 3.167658
-0.133625 0.501588 3.160299
0.295063 0.124460 3.782671
0.318862 0.058391 3.807894
0.126039 0.056070 3.570271
0.131072 0.071647 3.539926
0.046409 0.086350 3.520394
0.131072 0.071647 3.539926
-0.017454 0.126436 3.221114
-0.022147 0.121097 3.181757
-0.017275 0.126354 3.146240
-0.022147 0.121097 3.181757
0.476817 0.164454 3.742640
0.479863 0.165441 3.298730
0.463666 0.186672 3.188670
0.580940 0.242254 3.593756
0.593135 0.254740 3.572139
0.674176 0.189692 3.798562
0.491839 0.114611 3.793375
0.611276 0.262073 3.664464
0.357935 0.784232 3.486589
0.456193 0.771433 3.559164
0.836280 0.686114 3.909363
0.746920 0.631300 3.863530
0.084119 0.101715 3.572139
0.149134 0.100802 3.496814
0.276781 0.362774 4.247401
0.058748 0.417964 4.214211
0.410533 0.183958 3.041492
0.421614 0.147097 3.023197
0.635520 0.244927 3.492390
0.574526 0.188729 3.508226
0.392098 0.082534 3.665478
0.449453 0.113268 3.675203
0.578433 0.703627 3.299644
0.571062 0.702007 3.264127
0.679957 0.294176 3.147407
0.632539 0.283896 3.150358
0.413682 0.134739 3.788303
0.414565 0.149896 3.860290
0.341520 0.881383 3.616916
0.337722 0.857927 3.592648
0.392098 0.082534 3.665478
0.449453 0.113268 3.675203
0.554417 0.688605 3.231166
0.556321 0.698767 3.193092
0.478742 0.181260 3.143150
0.462875 0.199467 3.113952
0.313546 0.072437 3.886249
0.312291 0.036225 3.867930
-0.445355 0.493868 4.051419
-0.264315 0.426835 4.173165
-0.342847 0.313400 3.857717
-0.317320 0.556059 3.933125
-0.249711 0.481355 3.419220
-0.270636 0.543749 3.352839
-0.187582 0.559430 3.695005
-0.204729 0.625592 3.539129
-0.423304 0.325832 3.585428
-0.440578 0.375178 3.607760
-0.304109 0.540862 3.343461
-0.270636 0.543749 3.352839
-0.022719 0.766716 4.150870
-0.012195 0.836170 3.997637
0.003308 0.738471 4.083264
-0.109127 0.704704 4.077491
0.218393 0.902126 3.860385
0.267485 0.920456 3.997664
0.376924 0.821787 4.119130
0.373658 0.841995 4.128790
0.231973 0.776235 4.157650
0.217606 0.750546 4.199049
0.036482 0.781079 4.257597
0.166924 0.821852 4.255350
0.161799 0.915762 4.087348
0.195863 0.897936 4.080388
0.050302 0.803957 3.835083
0.034956 0.855000 3.824981
0.065315 0.849980 3.667951
0.196212 0.889332 3.667951
1.319926 0.544338 4.201186
1.245107 0.579674 4.122994
1.419656 0.546224 4.132655
1.464782 0.500082 4.068623
1.577046 0.137515 4.318156
1.489187 0.276436 4.489519
1.350044 0.495223 4.281689
1.314270 0.522893 4.276765
1.518990 0.126283 4.358749
1.461669 0.184893 4.440083
1.403567 0.239742 4.036991
1.584140 0.143319 4.281619
1.783056 0.123281 4.489031
1.783965 0.140504 4.477261
1.650682 0.228483 4.597825
1.665209 0.215496 4.637325
1.703978 0.039304 4.493813
1.733164 0.021627 4.527120
1.705036 0.220087 4.588855
1.694001 0.231175 4.604445
1.700266 0.236098 4.449687
1.752671 0.202868 4.503118
1.675592 0.220675 4.712337
1.658524 0.207313 4.709937
0.481925 0.811726 3.996938
0.752448 0.823555 3.972663
1.121144 0.341946 3.953603
1.205234 0.331001 3.990372
0.924374 0.564587 3.814001
0.717328 0.700387 3.884134
1.001959 0.746159 3.850824
1.106793 0.666443 3.865479
1.263907 0.445511 3.900705
1.297905 0.506786 3.921255
1.730539 -0.087412 4.663983
1.747631 -0.104617 4.696389
1.712325 0.078815 4.625833
1.785815 0.067231 4.540057
1.752251 0.045643 4.531029
1.485663 0.163668 4.682545
1.466986 0.178034 4.717148
1.539236 0.193787 4.683559
1.490052 0.181359 4.662172
1.734625 0.013960 4.682292
1.706379 0.041911 4.720053
1.719923 0.038767 4.732512
1.706379 0.041911 4.720053
1.686597 0.110291 4.580440
1.716912 0.089799 4.725525
1.734327 0.068385 4.753230
1.736380 0.102168 4.808386
1.756808 0.107955 4.818613
1.738572 0.142679 4.702685
1.709545 0.172358 4.743872
0.481152 0.382873 1.219097
0.596521 0.351532 1.023211
0.517297 0.287603 1.022483
0.402148 0.299012 1.126801
0.405837 0.340314 1.224978
0.195490 0.705373 1.105655
0.263602 0.745411 1.106224
0.375246 0.523275 1.301213
0.276059 0.414092 1.326253
0.329102 0.400400 1.350890
0.392022 0.308379 1.988613
0.388818 0.306384 1.934677
0.164509 0.757406 2.845467
0.048030 0.699099 2.849801
0.175298 0.104737 3.065130
0.116569 0.189215 3.079551
0.351992 0.592879 3.108033
0.494114 0.289927 3.039536
0.613484 0.434069 3.075376
-0.035995 0.245484 3.022764
0.115737 0.188965 2.966856
0.258104 0.727182 3.170352
0.539312 0.421594 2.911412
0.470905 0.649140 2.911412
0.058391 0.305615 1.760809
-0.031601 0.270648 1.754952
0.608421 0.199188 4.002236
0.603772 0.212977 3.994853
0.500367 0.191207 4.019308
0.515868 0.205330 4.035924
0.575108 0.277160 4.061578
0.523363 0.266814 4.074838
0.542233 0.208341 4.046080
0.567678 0.213429 4.039559
0.595366 0.206939 3.988870
0.598091 0.198858 3.993196
0.641252 0.597091 3.583824
0.566370 0.589735 3.620055
0.100266 0.564126 4.373660
0.105157 0.554349 4.522537
0.368974 0.385803 4.473817
0.369378 0.441898 4.499323
0.128910 0.372113 4.555358
0.418118 0.425042 4.694427
0.423989 0.353165 4.635496
0.288494 0.241393 4.570712
0.075508 0.466678 4.434619
0.169079 0.325889 4.478203
0.351918 0.309883 4.583906
0.338814 0.331406 4.602245
0.246546 0.289933 4.512197
0.240536 0.277415 4.507258
0.390765 0.209010 4.404948
0.366525 0.239758 4.344301
0.281072 0.664156 4.665607
0.351174 0.589650 4.697750
0.410052 0.304421 4.365734
0.340769 0.380175 4.389487
0.404519 0.375172 4.664905
0.371128 0.596190 4.547216
0.496692 0.427461 4.527023
0.466785 0.453125 4.590251
0.217590 0.634933 4.650258
0.195722 0.656786 4.601123
0.370376 0.266331 4.352243
0.450571 0.340520 4.349547
0.195630 0.624866 4.400915
0.140149 0.689981 4.554420
0.456603 0.405712 4.646064
0.489636 0.427469 4.563952
0.462460 0.307425 4.506118
0.463596 0.302489 4.405087
0.465642 0.478211 4.403143
0.496056 0.453402 4.464110
0.215279 -0.864877 0.470679
0.180502 -0.864877 0.470679
0.531326 -0.864877 0.306316
0.000000 -0.864877 0.435987
0.386280 -0.864877 0.323619
0.403669 -0.864877 0.323619
-0.020018 -0.864877 0.685027
-0.002629 -0.864877 0.685027
-0.269989 -0.864877 0.615557
-0.217908 -0.864877 0.615557
0.049451 -0.864877 0.615557
0.049451 -0.864877 0.632946
0.531326 -0.846919 0.358396
0.531326 -0.864877 0.358396
0.000000 -0.864877 0.488067
0.444468 -0.864877 0.306316
-0.008652 -0.864877 0.762617
0.008652 -0.864877 0.762617
0.101532 -0.864877 0.779836
0.118921 -0.864877 0.779836
0.531326 -0.846919 0.271538
0.531326 -0.864877 0.271538
-0.269989 -0.864877 0.632946
-0.269989 -0.846919 0.632946
-0.020018 -0.864877 0.685027
-0.020018 -0.846919 0.685027
0.531326 -0.846919 0.323619
0.496549 -0.846919 0.323619
-0.334199 -0.864877 0.358396
-0.334199 -0.864877 0.341008
-0.002629 -0.846919 0.632946
0.049451 -0.846919 0.632946
0.351588 -0.864877 0.358396
0.351588 -0.864877 0.288927
0.310789 -0.864877 0.632946
0.310789 -0.846919 0.632946
0.397646 -0.864877 0.632946
0.380258 -0.864877 0.632946
0.345566 -0.864877 0.632946
0.345566 -0.864877 0.615557
-0.380258 -0.846919 0.598169
-0.328177 -0.846919 0.598169
-0.066840 -0.864877 0.358396
-0.066840 -0.864877 0.271538
0.269989 -0.864877 0.632946
0.269989 -0.846919 0.632946
-0.142332 -0.864877 0.667638
-0.142332 -0.846919 0.667638
0.180502 -0.846919 0.453290
0.180502 -0.846919 0.435987
-0.034777 -0.846919 0.453290
-0.034777 -0.864877 0.453290
0.287378 -0.864877 0.615557
0.287378 -0.864877 0.598169
-0.090251 -0.846919 0.598169
-0.090251 -0.864877 0.598169
0.252600 -0.864877 0.632946
0.252600 -0.846919 0.632946
-0.043429 -0.846919 0.288927
-0.043429 -0.846919 0.271538
-0.127657 -0.864877 0.470594
-0.179738 -0.864877 0.470594
0.049451 -0.864877 0.632946
0.049451 -0.864877 0.615557
-0.179738 -0.846919 0.418428
-0.179738 -0.864877 0.418428
-0.148439 -0.846919 0.814698
-0.148439 -0.864877 0.814698
-0.241319 -0.846919 0.797224
-0.241319 -0.846919 0.779836
-0.252601 -0.864877 0.667638
-0.252601 -0.846919 0.667638
0.153698 -0.846919 0.306316
0.153698 -0.846919 0.323619
0.531326 0.864877 0.271538
0.513937 0.864877 0.288927
-0.397647 0.864877 0.598169
-0.345566 0.864877 0.615557
0.421057 0.864877 0.358396
-0.070233 0.864877 0.401210
-0.157091 0.864877 0.401210
-0.258708 0.864877 0.341008
0.269989 0.864877 0.615557
-0.101617 0.864877 0.323619
0.269989 0.864877 0.632946
-0.479246 0.864877 0.341008
-0.531326 0.864877 0.358396
-0.118921 0.864877 0.797224
-0.118921 0.864877 0.779836
-0.241319 0.864877 0.341008
0.241319 0.864877 0.797224
0.223930 0.864877 0.814528
-0.066840 0.864877 0.323619
0.421057 0.864877 0.341008
0.310788 0.864877 0.358396
0.293400 0.864877 0.341008
-0.101532 0.864877 0.779836
-0.101532 0.846919 0.779836
-0.531326 0.846919 0.271538
-0.531326 0.864877 0.271538
0.269989 0.864877 0.632946
0.269989 0.864877 0.615557
0.020018 0.864877 0.685027
0.020018 0.846919 0.685027
-0.496549 0.864877 0.323619
-0.531326 0.864877 0.323619
0.334199 0.846919 0.341008
0.334199 0.846919 0.358396
0.002629 0.864877 0.632946
-0.049452 0.864877 0.632946
-0.351588 0.864877 0.358396
-0.351588 0.864877 0.288927
-0.310789 0.846919 0.632946
-0.310789 0.864877 0.632946
-0.397647 0.846919 0.632946
-0.397647 0.864877 0.632946
-0.345566 0.846919 0.632946
-0.345566 0.846919 0.615557
0.043429 0.864877 0.288927
-0.043429 0.864877 0.288927
0.066840 0.864877 0.358396
0.066840 0.864877 0.271538
-0.269989 0.846919 0.632946
-0.269989 0.864877 0.632946
0.142331 0.864877 0.667638
0.142331 0.846919 0.667638
-0.180502 0.846919 0.453290
-0.180502 0.846919 0.435987
0.513937 0.864877 0.323619
0.513937 0.846919 0.323619
-0.287378 0.864877 0.615557
-0.287378 0.864877 0.598169
0.090251 0.846919 0.598169
0.090251 0.864877 0.598169
-0.252601 0.864877 0.632946
-0.252601 0.864877 0.615557
0.043429 0.846919 0.288927
0.043429 0.846919 0.271538
0.127657 0.864877 0.470594
0.127657 0.846919 0.470594
-0.049452 0.846919 0.632946
-0.049452 0.846919 0.615557
0.179738 0.846919 0.418428
0.179738 0.864877 0.418428
0.200519 0.864877 0.814698
0.200519 0.846919 0.814698
0.241319 0.864877 0.779836
0.241319 0.846919 0.779836
0.252600 0.864877 0.667638
0.252600 0.846919 0.667638
-0.153698 0.846919 0.306316
-0.153698 0.846919 0.323619
-0.120573 -0.625104 1.968357
-0.103464 -0.549688 1.902439
-0.167730 -0.344976 1.208323
-0.763635 -0.376851 1.880377
-0.611875 -0.284541 1.767734
-0.674359 -0.332568 1.800083
-0.322597 0.135529 1.810314
-0.356701 0.084567 1.631786
-0.377956 -0.301700 1.123675
-0.468746 -0.247360 1.121921
-0.377956 -0.301700 1.123675
-0.468746 -0.247360 1.121921
-0.001987 -0.295164 1.786233
0.112578 -0.258085 1.749307
0.069400 -0.250910 1.906682
-0.158373 -0.474661 1.159530
-0.164229 -0.467031 1.364685
-0.714889 -0.321516 2.004309
0.345478 0.733971 2.295805
0.379200 0.370621 2.210509
0.440426 0.333924 2.583434
0.607926 0.276868 2.136106
0.683304 0.217378 2.368802
0.358410 0.533699 2.392241
0.702016 0.214536 1.031988
0.184569 0.613672 1.349335
0.321059 0.701639 1.348572
0.468860 0.613036 2.099107
0.430141 0.586219 2.089341
0.074430 0.564982 1.608672
0.168381 0.339686 1.692747
-0.002972 0.129848 2.345618
0.046246 0.285889 1.210243
0.098393 0.256897 1.108696
-0.123515 0.397164 1.013328
-0.093684 0.450493 1.127617
0.860952 1.012345 2.806869
0.756320 0.597790 2.680969
0.509662 0.439023 2.048187
0.343338 0.508817 2.520669
0.461785 0.394147 2.366098
-0.023049 0.224290 2.342026
-0.076975 0.162530 2.224075
-0.116051 -0.262616 1.050013
-0.167730 -0.344976 1.208323
-0.060242 -0.323079 1.208781
-0.517282 -0.200956 1.781042
-0.618738 -0.309053 1.824465
-0.808290 -0.363146 1.913881
-0.598485 -0.127492 1.190903
-0.420644 -0.020289 1.340516
-0.009046 -0.233438 1.915837
0.080450 -0.540043 2.000786
0.020988 -0.472675 1.905113
-0.723205 -0.334105 1.997595
0.545750 0.555520 2.018858
0.638371 0.567345 2.256285
0.444355 0.738511 2.577483
0.949154 0.439057 2.729766
0.907383 0.474343 2.576720
0.327358 0.614762 2.602050
0.466554 0.444754 1.725188
0.579088 0.450209 1.917907
0.618207 0.156438 1.031149
0.294677 0.762643 1.038372
0.405246 0.647973 1.038982
-0.084625 0.441729 1.257719
-0.129947 0.613009 1.298766
0.105365 0.197197 2.118415
-0.099926 0.671631 1.223595
-0.049047 0.635773 1.025230
0.599721 0.714951 2.374435
0.412646 0.577920 2.515836
0.356799 0.543855 2.340054
-0.039381 0.217195 2.350418
-0.031394 0.211110 2.354691
-0.749606 0.784006 0.744920
-0.749606 0.784006 0.704942
-0.761734 0.723266 0.705008
-0.753418 0.730514 0.828375
0.763328 0.763332 1.026069
0.763328 -0.194665 1.026069
0.655112 -0.546052 1.026069
0.763328 -0.403725 1.026069
0.795358 -0.349535 1.013999
0.000051 0.750929 1.023102
0.000051 0.763213 1.026154
-0.826484 0.500768 1.091855
-0.817024 0.507253 1.097196
-0.826484 0.500768 1.091855
-0.866157 0.556120 1.128705
-0.805861 -0.726078 0.173419
-0.805861 -0.726078 0.907672
-0.763332 -0.845496 0.907672
-0.763332 -0.763331 0.907672
0.726077 -0.726078 0.173419
0.726077 -0.805857 0.173419
-0.726082 0.726080 0.382732
-0.726082 0.726080 0.173419
-0.586788 -0.805857 0.167736
-0.586788 -0.805857 0.082973
-0.726082 0.726080 0.173419
-0.726082 0.726080 0.082973
-0.851543 0.586787 0.167736
-0.851543 0.586787 0.082973
1.017386 1.019734 0.083038
1.017386 1.037814 -1.002396
0.495300 -0.498052 0.973590
0.408586 -0.851542 0.856021
-0.586788 0.805860 0.856021
-0.805861 0.514384 0.856021
0.838006 -0.458502 0.984092
-0.064662 -0.744378 1.926610
-0.191193 -0.526097 1.219165
-0.006065 -0.505307 1.222904
0.035305 -0.570538 1.066043
-0.229212 -0.372898 1.025154
-0.273194 -0.038768 1.851779
-0.297113 -0.080005 1.713381
-0.365272 -0.133968 1.847959
-0.421119 -0.082767 1.842008
-0.532952 -0.242843 1.978671
-0.747750 -0.385515 1.806185
-0.422223 -0.190095 1.186552
-0.365999 0.081514 1.779458
-0.291726 -0.058796 1.842019
-0.366914 0.068043 1.710641
-0.593346 -0.130275 1.142462
-0.536430 -0.056156 1.075857
-0.339483 -0.252892 1.035780
-0.438894 -0.376584 1.034865
-0.129893 -0.397764 1.753121
0.061967 -0.438391 1.722604
-0.136971 -0.433334 1.638374
-0.087573 -0.477241 1.670113
0.102589 -0.191389 1.693307
-0.080972 -0.156465 1.721078
-0.017182 -0.275633 1.933841
0.118888 -0.529096 1.947384
-0.626575 -0.263056 1.910498
-0.554935 -0.245661 1.795447
-0.610641 -0.248473 1.954162
-0.646919 -0.296424 1.844298
-0.598516 -0.219615 1.996460
-0.642576 -0.341800 1.841278
0.516666 0.699111 2.138356
0.474285 0.721999 2.081441
0.642742 0.576812 2.231587
0.394405 0.364638 2.188863
0.521740 0.387755 2.204885
0.463489 0.391074 2.169637
0.639001 0.280215 2.280631
0.679131 0.204684 2.367301
0.924419 0.537101 2.634114
0.955013 0.480720 2.656240
0.350269 0.631400 2.701711
0.361713 0.710326 2.794026
0.467775 0.320622 1.915777
0.425928 0.433690 1.731909
0.209575 0.662131 1.206291
0.289455 0.709166 1.206825
0.601233 0.345492 1.022079
0.492473 0.359397 1.210945
0.417171 0.316863 1.216896
0.571604 0.456953 1.834241
0.571718 0.508337 1.701489
0.571604 0.456953 1.834241
0.526247 0.542211 1.859876
0.411616 0.583792 1.329327
0.181990 0.217319 1.904748
0.107987 0.468116 1.910088
0.025162 0.653400 1.433337
-0.113948 0.337009 1.644671
-0.040440 0.303897 1.631854
0.073047 0.529422 1.629565
-0.112406 0.140442 2.264778
-0.105328 0.314850 2.293770
-0.181944 0.581980 1.245232
0.507102 0.489846 1.293098
-0.103554 0.208609 1.061848
0.027122 0.238755 1.110811
0.124797 0.267194 1.111040
-0.135915 0.429213 1.016682
-0.116536 0.210059 1.003636
0.604743 0.530627 2.295330
0.623970 0.506099 2.289532
0.623970 0.506099 2.289532
0.761451 0.582622 2.424267
0.387553 0.507634 1.985500
0.354136 0.514805 2.003200
0.889963 1.051587 2.794995
0.347816 0.461656 2.154190
0.356113 0.490839 2.149918
-0.044751 0.209643 2.370552
0.021559 0.270407 2.170124
0.025463 0.283701 2.173481
-0.029040 -0.600564 1.823613
-0.183535 -0.391858 1.199405
-0.229165 -0.373680 1.060326
-0.411439 -0.192844 1.873751
-0.510964 -0.252277 1.911593
-0.539322 -0.254106 1.939151
-0.795045 -0.486118 1.961184
-0.802598 -0.486938 2.002841
-0.777581 -0.369112 1.779482
-0.409444 -0.190095 1.387052
-0.229471 0.020183 1.791054
-0.142321 -0.411857 1.736946
-0.080879 -0.444206 1.746559
0.003627 -0.414578 1.935177
-0.005195 -0.330655 1.876125
0.058434 -0.304891 1.925754
0.090173 -0.496175 1.967678
-0.635175 -0.353778 1.845398
-0.598554 -0.272506 1.965179
0.536655 0.711280 2.201528
0.435909 0.399886 2.174825
0.874370 0.642615 2.547292
0.919231 0.686255 2.572469
0.375408 0.499564 2.399434
0.446514 0.379516 2.374104
0.600623 0.345073 1.117294
0.417338 0.543280 1.239911
0.331469 0.705404 1.368390
0.426035 0.651770 1.580335
-0.112406 0.140442 2.264778
-0.112997 0.253586 2.294838
-0.196702 0.693713 1.314583
0.381274 0.690613 1.128990
0.122035 0.241873 1.055058
0.382264 0.583920 2.486579
0.407288 0.608105 2.503974
0.840968 0.942509 2.697933
0.739421 0.822118 2.591121
0.779642 0.910061 2.688489
0.001502 0.234972 2.130226
-0.089434 0.145923 2.309552
-0.098679 0.143062 2.265454
0.159734 -0.864801 0.632985
-0.252583 -0.864801 0.667631
-0.310806 -0.864801 0.650265
-0.397629 -0.864801 0.650265
-0.069471 -0.864877 0.418611
-0.069471 -0.864877 0.488077
-0.293387 -0.865029 0.288950
0.090269 -0.864801 0.632985
0.107635 -0.864801 0.632985
-0.310771 -0.864877 0.727650
-0.287373 -0.864801 0.667631
0.246611 -0.864801 0.745195
0.246611 -0.864801 0.762590
-0.293387 -0.865029 0.271574
0.177110 -0.864801 0.632985
-0.223911 -0.864877 0.727650
0.177101 -0.864877 0.685030
0.090259 -0.864877 0.685030
0.513966 0.864801 0.323609
0.513966 0.864801 0.288915
0.110268 0.864877 0.453166
0.127663 0.864877 0.453166
0.107648 0.864801 0.632918
0.142333 0.864801 0.650236
-0.235297 0.864877 0.615558
0.345596 0.864877 0.632985
0.328163 0.864877 0.632985
-0.090250 0.864801 0.632946
-0.107626 0.864801 0.632946
0.310790 0.864877 0.727574
-0.397667 0.864877 0.632879
-0.397667 0.864877 0.684987
0.002626 0.864801 0.632938
-0.049451 0.864801 0.632938
-0.252615 0.864877 0.615558
0.223929 0.864877 0.727574
0.008651 0.864801 0.762722
-0.008652 0.864801 0.762722
-0.749606 0.784006 0.744920
-0.778979 0.754633 0.744920
-0.761671 0.723276 0.354128
-0.753355 0.730524 0.828448
-0.717879 0.731668 0.802813
-0.761671 0.723276 0.083209
-0.547064 0.631189 0.973542
-0.612429 0.609503 0.973542
0.823587 -0.459894 0.933585
0.837930 -0.458502 0.984092
0.383641 -0.780794 0.972872
0.507695 -0.872423 0.957461
-0.763338 0.439072 0.973542
-0.723188 0.555286 0.973542
-0.755912 0.195173 1.023801
-0.751716 0.127386 1.022504
-0.751716 0.000013 1.022275
-0.763313 0.000013 1.026090
0.679991 -0.680558 0.850189
0.671294 -0.720765 0.805480
-0.845496 -0.763333 0.907939
-0.845496 0.524975 0.907939
0.805859 -0.586788 0.425075
0.805859 -0.726080 0.422290
-0.726079 0.805857 0.398677
-0.726079 0.805857 0.173686
0.763331 0.845494 0.907939
0.763331 0.763329 0.907939
-0.586786 0.851541 0.168002
-0.586786 0.805857 0.168002
0.726079 -0.805860 0.083240
0.726079 -0.726080 0.083240
0.368830 1.146108 0.083057
-0.368832 1.146108 0.083057
0.586786 -0.805860 0.168002
0.586786 -0.805860 0.593341
0.851542 -0.308689 0.666736
0.726079 -0.726080 0.487865
-0.502227 0.653819 0.973857
-0.805859 0.516539 0.907939
-0.778959 -0.754758 0.744872
-0.749586 -0.784055 0.744872
-0.690466 -0.695562 0.123644
-0.778967 -0.695562 0.123644
0.764047 -0.724941 0.374074
-0.778979 0.754633 0.704942
-0.749606 0.784006 0.704942
0.749586 0.784055 0.744872
0.749586 0.784055 0.704971
0.778959 0.754758 0.907287
0.778959 0.754758 0.867385
0.778009 -0.744473 0.486035
0.851785 -0.904995 0.688863
0.855600 -0.965573 0.684476
-0.767699 0.738916 0.492221
-0.759230 0.734339 0.560961
0.763323 0.763340 1.025956
0.763323 -0.194664 1.025956
0.763331 0.763364 1.026131
0.763331 0.763364 0.973640
0.756118 -0.194664 0.974916
0.763323 -0.194664 1.025956
0.383694 -0.780802 0.972772
0.507748 -0.872354 0.957360
-0.763338 0.484343 1.025956
-0.723188 0.555286 0.973542
-0.471026 0.820891 0.972138
-0.388514 0.769698 0.975952
0.701565 -0.292069 0.879695
0.701717 -0.292755 0.841625
-0.513255 0.905577 0.968552
-0.529429 0.905806 0.947571
0.635341 -0.726410 0.857647
0.600780 -0.727173 0.821865
0.548135 -1.019734 0.083038
0.805858 -0.050592 0.856117
0.805858 0.586789 0.856117
-0.586787 0.805862 0.856117
-0.586787 0.851545 0.856117
0.368825 -1.146108 0.083038
0.851541 0.586789 0.083145
0.805858 0.586789 0.083145
0.726078 0.726082 0.173515
0.726078 0.726082 0.083145
0.851541 0.586789 0.083145
0.851541 -0.586783 0.083145
0.548135 -1.019734 0.083038
0.548135 -1.001654 -1.002396
0.413645 -0.845492 0.973762
0.444148 -0.763328 0.973762
0.383919 -0.805855 0.856117
0.408588 -0.851538 0.856117
-0.404404 0.845499 0.973762
-0.535403 0.805862 0.907806
-0.098346 -0.528873 1.896215
-0.201283 -0.540322 1.215428
-0.035322 -0.581804 1.059053
-0.046947 -0.656305 1.077516
-0.114639 -0.663476 1.046693
-0.046403 -0.655618 1.047990
-0.621841 -0.233317 1.953265
-0.617950 -0.245715 1.956622
-0.567367 -0.204192 1.980120
-0.527770 -0.255080 1.989581
-0.262273 -0.009538 1.883227
-0.323957 0.042497 1.878344
-0.608260 -0.230780 1.898028
-0.651901 -0.349150 1.978899
-0.600211 -0.292292 1.995379
-0.685737 -0.390616 2.007891
-0.669105 -0.392313 2.014147
-0.365187 0.061131 1.576401
-0.489045 -0.084393 1.659287
-0.487443 -0.120279 1.479081
-0.391928 0.034666 1.637283
-0.362631 0.069416 1.661239
-0.449126 -0.118821 1.769846
-0.190703 -0.011348 1.718765
-0.330588 0.109768 1.722732
-0.521970 -0.046055 1.096993
-0.246702 -0.085932 1.203598
-0.419851 0.064272 1.209396
-0.539289 -0.064804 1.065942
-0.489698 -0.195333 1.214944
-0.594869 -0.132191 1.150781
-0.035508 -0.504394 1.363717
0.113665 -0.197474 1.722914
0.057722 -0.480410 1.727339
0.110425 -0.306765 1.788069
-0.091258 -0.181643 1.670882
0.086967 -0.219141 1.643721
0.069357 -0.241359 1.774413
0.043312 -0.385478 1.849181
0.115645 -0.548812 2.026120
0.165532 -0.529281 2.043973
0.182164 -0.517417 2.040463
0.165532 -0.529281 2.043973
-0.118226 -0.564655 1.966369
-0.090694 -0.551303 1.918914
-0.577215 -0.271817 1.990038
-0.743410 -0.329870 1.941007
-0.746996 -0.338721 1.877378
-0.601470 -0.292250 1.909769
-0.642363 -0.340277 1.925180
-0.601470 -0.292250 1.909769
0.442262 0.646670 2.108641
0.630098 0.525897 2.093993
0.555749 0.319903 2.126799
0.511232 0.344966 2.033568
0.725370 0.184894 2.382863
0.694318 0.243354 2.359059
0.948015 0.472033 2.601195
0.926042 0.468944 2.524443
0.613446 0.402980 2.221730
0.653501 0.348507 2.331136
0.903001 0.395282 2.645446
0.803132 0.606501 2.451049
0.858369 0.626300 2.504454
0.457521 0.807727 2.805053
0.486665 0.794261 2.770568
0.482545 0.340884 2.472564
0.439592 0.316356 2.514067
0.475245 0.314792 1.942758
0.270172 0.601178 2.036972
0.422286 0.228237 1.111988
0.408209 0.265964 1.149372
0.326842 0.676960 1.015858
0.601271 0.345511 1.022079
0.286559 0.719684 1.210636
0.300749 0.471348 1.167301
0.298422 0.446323 1.080631
0.301814 0.484919 1.871312
0.232082 0.563845 1.809056
0.296321 0.469813 1.619389
0.288539 0.492701 1.528752
0.505481 0.567431 1.597111
0.564222 0.468393 2.011220
0.437079 0.392938 2.026021
0.544124 0.540728 1.654332
-0.054868 0.083096 1.951591
-0.058504 0.091260 1.902763
-0.169799 0.436891 1.851261
-0.109099 0.455125 1.352604
-0.098042 0.436051 1.253880
-0.169434 0.336259 1.677311
-0.166714 0.493386 1.627873
-0.180416 0.590089 1.741551
0.088942 0.334323 1.790846
0.013521 0.573924 1.795119
-0.076409 0.136302 2.232131
-0.026310 0.154670 2.118453
-0.177507 0.620377 1.138353
-0.165352 0.677255 1.282701
0.375908 0.700638 1.217198
0.295514 0.802299 1.293263
-0.081561 0.221003 1.093281
-0.002887 0.676860 1.028279
-0.125032 0.239445 1.017558
-0.123683 0.234066 1.112468
0.086586 0.463160 1.014851
0.052497 0.470637 1.015767
0.504178 0.756144 2.678335
0.482892 0.747218 2.673605
0.939479 1.136045 2.773323
0.935130 1.140394 2.786751
0.792286 0.559469 2.503165
0.768809 0.951643 2.728767
0.720058 0.911512 2.665901
0.728962 0.562597 2.429313
0.636113 0.541622 2.343693
0.652135 0.518009 2.342014
0.769628 0.585338 2.575779
0.504178 0.756144 2.678335
0.301697 0.518987 2.502077
-0.082271 0.148323 2.303768
-0.098416 0.150936 2.246700
0.034410 0.290675 2.135525
-0.079690 0.219863 2.402460
-0.090244 -0.526089 1.875615
-0.180378 -0.519837 1.218632
-0.046403 -0.655618 1.047990
-0.046403 -0.655618 1.047990
-0.741584 -0.316401 1.908099
-0.731323 -0.306540 1.892687
-0.465514 -0.103713 1.849657
-0.626899 -0.301699 1.785451
-0.632621 -0.286288 1.772938
-0.391928 0.034666 1.637283
-0.398467 -0.162809 1.768168
-0.176585 -0.475250 1.383096
-0.046536 -0.191179 1.664931
-0.018030 -0.260406 1.899071
-0.026330 -0.301319 1.913720
-0.578741 -0.279351 1.980273
-0.642363 -0.340277 1.925180
-0.705077 -0.383421 1.950204
-0.655639 -0.335470 1.941507
0.389810 0.642245 2.156096
0.622163 0.565494 2.191649
0.820413 0.529864 2.549773
0.898958 0.518535 2.600127
0.971551 0.417445 2.680846
0.604158 0.807727 2.517882
0.596719 0.778392 2.517882
0.608034 0.388530 1.930704
0.280357 0.487805 1.977615
0.600661 0.345092 1.117294
0.131942 0.408890 1.988365
-0.171029 0.303872 1.980735
0.052371 0.212958 2.246932
0.040958 0.212844 2.242507
0.089643 0.245685 1.099843
-0.019949 0.720767 1.226338
0.755284 0.609562 2.585087
0.827934 1.001881 2.654768
0.865089 1.012181 2.643018
0.482892 0.747218 2.673605
0.279038 0.563695 2.700442
-0.042883 0.216888 2.346918
-0.018113 0.260043 2.368221
-0.170646 -1.074268 0.158860
0.170646 -1.074268 0.158860
0.170646 -1.074268 0.158860
0.170646 -1.076175 0.175635
0.159734 -0.864801 0.632946
-0.252602 -0.864801 0.667631
-0.368969 -0.864801 0.341000
-0.386250 -0.864801 0.341000
0.421066 -0.864877 0.271545
0.421066 -0.864877 0.288921
0.122314 -0.864801 0.453309
0.070243 -0.864801 0.453309
-0.496495 -0.865029 0.288915
-0.479214 -0.865029 0.288915
0.118932 -0.864801 0.323630
0.153703 -0.864801 0.306311
-0.287392 -0.864801 0.667631
-0.531285 -0.865029 0.271539
-0.496495 -0.865029 0.288915
0.177110 -0.864801 0.632946
-0.183136 -0.864877 0.779939
-0.200512 -0.864877 0.762620
0.444500 0.864801 0.358380
0.159728 0.864801 0.615523
0.403683 0.864877 0.341000
-0.194484 0.864801 0.779833
-0.258683 0.865029 0.306326
0.107648 0.864801 0.615523
-0.293378 0.865029 0.288931
-0.241307 0.865029 0.306326
0.479290 0.864801 0.288915
0.531361 0.864801 0.271539
0.444500 0.864801 0.271539
-0.246592 0.864801 0.779833
-0.328201 0.864877 0.667516
-0.310806 0.864877 0.684987
0.017390 0.864877 0.470703
0.017390 0.864877 0.453308
0.403683 0.864877 0.306325
0.183136 0.864877 0.779939
0.200531 0.864877 0.762620
-0.293378 0.865029 0.271555
-0.206089 0.961353 0.115496
-0.206089 0.961353 0.083090
0.206089 1.102802 0.083090
0.206089 1.102802 0.189692
-0.039339 -0.761351 1.952730
-0.024300 -0.778670 1.971041
-0.046022 -0.687270 1.870943
-0.047381 -0.724348 1.894137
-0.142848 -0.593134 1.055240
-0.140846 -0.623881 1.134433
0.015429 -0.721730 1.057663
0.018090 -0.730046 1.018753
0.071963 -0.704716 1.061020
0.074603 -0.713032 1.021957
0.000631 -0.364298 1.057811
-0.063895 -0.248426 1.060329
-0.021627 -0.492761 1.214443
-0.099752 -0.522744 1.214596
-0.452138 -0.092890 1.847371
-0.421354 -0.055448 1.886739
-0.376912 -0.163996 1.856526
-0.380606 -0.023909 1.955551
-0.422377 -0.085301 1.824326
-0.703678 -0.366097 1.824064
-0.704670 -0.360871 1.825743
-0.262586 -0.051157 1.696156
-0.527959 -0.238795 1.977147
-0.481687 -0.203509 1.976536
-0.712606 -0.307161 1.894978
-0.690366 -0.286981 1.933278
-0.767652 -0.386507 1.917256
-0.774099 -0.392134 1.906880
-0.638524 -0.338327 1.976613
-0.663587 -0.374815 2.012318
-0.748082 -0.349999 1.878385
-0.760594 -0.377694 1.905393
-0.634614 -0.316320 1.796113
-0.634080 -0.319830 1.791840
-0.370992 -0.129938 1.174650
-0.345281 -0.115271 1.378965
-0.167715 -0.001938 1.788768
-0.470030 -0.147254 1.695689
-0.426619 -0.184924 1.694163
-0.448248 -0.139267 1.703624
-0.470030 -0.147254 1.695689
-0.191252 -0.010702 1.706218
-0.449113 -0.213337 1.106439
-0.434579 -0.195102 1.026331
-0.613897 -0.095804 1.116975
-0.674284 -0.169237 1.062806
-0.245616 -0.087242 1.203140
-0.198523 -0.035207 1.262726
-0.404631 0.080247 1.181931
-0.305640 0.114222 1.255249
-0.290692 -0.037395 1.338541
-0.325330 -0.085622 1.344186
-0.056890 -0.500523 1.308535
-0.048459 -0.483929 1.359651
0.010361 -0.467709 1.738170
-0.031512 -0.483845 1.659129
0.059049 -0.477933 1.730845
0.010361 -0.467709 1.738170
-0.021734 -0.201558 1.742900
-0.036235 -0.289601 1.790507
-0.037079 -0.209740 1.782964
-0.069428 -0.269707 1.653569
-0.017374 -0.259130 1.901510
-0.016949 -0.221364 1.834371
-0.027080 -0.639504 1.814245
-0.040446 -0.699165 1.838506
0.147527 -0.553334 2.006910
0.174783 -0.519841 1.993177
-0.049921 -0.660370 1.838811
-0.022297 -0.576599 1.795476
-0.047274 -0.571488 1.953862
-0.021511 -0.603073 1.935857
-0.629436 -0.257372 1.910346
-0.555049 -0.245547 1.795447
-0.690326 -0.317797 1.965868
-0.765456 -0.351041 1.882723
-0.746458 -0.330938 1.936587
-0.670719 -0.300688 1.937334
-0.612055 -0.255211 1.967332
-0.622355 -0.283764 1.929033
-0.622674 -0.318145 1.916176
-0.597445 -0.285042 1.920945
-0.587603 -0.253151 1.960466
-0.647851 -0.346222 1.926857
0.317109 0.513046 2.076021
0.294945 0.494927 2.108064
0.321229 0.635117 2.646700
0.315011 0.612953 2.626253
0.289338 0.575646 2.147737
0.317109 0.513046 2.076021
0.573838 0.397423 1.984468
0.504258 0.339974 2.000337
0.675718 0.291676 2.382275
0.716916 0.208210 2.397533
0.494645 0.368088 2.131563
0.435937 0.374764 2.096468
0.541985 0.748718 2.470308
0.559228 0.765541 2.492738
0.697232 0.161480 2.365337
0.907624 0.463570 2.500978
0.785592 0.325440 2.545076
0.792878 0.316132 2.536073
0.785592 0.325440 2.545076
0.634454 0.812500 2.452608
0.589783 0.770538 2.330385
0.851586 0.620354 2.473665
0.866006 0.636795 2.478395
0.517152 0.710724 2.469850
0.325158 0.587090 2.507692
0.315011 0.612953 2.626253
0.321229 0.635117 2.646700
0.268090 0.553101 2.583528
0.230515 0.542267 2.638613
0.531991 0.384567 2.273317
0.602143 0.537613 2.263094
0.704175 0.113567 2.355114
0.419512 0.387308 1.967934
0.417414 0.435106 1.759041
0.392011 0.308439 1.988751
0.457814 0.291502 1.988751
0.298545 0.682898 1.307601
0.278098 0.732679 1.215057
0.282752 0.408125 1.018981
0.329826 0.315848 1.120223
0.539985 0.117063 1.022044
0.446029 0.078020 1.021281
0.465057 0.552740 1.107940
0.431411 0.542402 1.086120
0.263597 0.745415 1.106212
0.307466 0.714059 1.106440
0.366180 0.277891 1.105422
0.402114 0.298987 1.126861
0.462607 0.582722 1.500070
0.429572 0.592869 1.374033
0.293196 0.476406 1.614511
0.285414 0.499294 1.523874
0.234564 0.580089 1.523111
0.204390 0.598934 1.535318
0.372113 0.542476 2.111009
0.248288 0.657184 1.725114
0.055346 0.497509 2.034443
-0.178051 0.417171 2.029866
-0.143540 0.394016 2.002095
0.043921 0.458522 2.005604
0.017465 0.649211 1.396706
0.016168 0.659320 1.329720
-0.141523 0.611522 1.318123
-0.161969 0.539157 1.568825
-0.146002 0.585277 1.450875
0.043064 0.570628 1.562264
-0.030520 0.180717 2.007389
0.042234 0.219932 2.226658
0.035801 0.208965 2.248936
-0.043187 0.146747 2.092228
-0.080905 0.301128 2.161655
-0.018172 0.306907 2.142277
0.013748 0.167614 2.256565
0.024770 0.166164 2.261448
-0.178264 0.619044 1.141859
-0.125974 0.391955 1.246382
-0.178264 0.619044 1.141859
-0.196370 0.711550 1.295057
0.376976 0.700752 1.220856
0.478141 0.548393 1.313172
-0.050137 0.525010 1.356712
0.000997 0.538667 1.357170
-0.122185 0.102241 1.010766
-0.120779 0.177467 1.148172
-0.113966 0.293687 1.111808
-0.083971 0.283426 1.145301
0.044707 0.619439 1.032725
0.031288 0.612649 1.114893
-0.050137 0.525010 1.356712
-0.058236 0.503076 1.311851
0.565223 0.657802 2.462744
0.343363 0.554744 2.300863
0.354998 0.538188 2.301626
0.750270 0.567424 2.525171
0.707011 0.553615 2.445520
0.562423 0.478355 2.296019
0.777518 0.865481 2.639985
0.809714 0.911716 2.655702
0.654158 0.832719 2.527066
0.705427 0.909242 2.620755
0.331916 0.588909 1.912055
0.528755 0.636592 2.369513
0.515022 0.659709 2.370581
0.597998 0.706714 2.387452
0.688636 0.819095 2.573457
0.506996 0.432236 2.261077
0.853583 1.014255 2.618470
0.848777 1.035846 2.614961
0.489792 0.388370 2.559335
0.470719 0.410877 2.572763
0.458431 0.396738 2.368537
0.427379 0.433893 2.417975
-0.098965 0.152081 2.237094
-0.084864 0.291164 2.283772
-0.092818 0.275791 2.293079
-0.008409 0.261173 2.328418
-0.014160 0.253429 2.327350
0.013534 0.258668 2.275467
0.055246 0.287755 2.119675
-0.075428 0.157622 2.187961
-0.070307 0.285186 2.239612
-0.051339 0.278339 2.270587
-0.778967 -0.754690 0.306386
-0.778967 -0.754690 0.266503
-0.778967 -0.754690 0.123644
-0.778967 -0.695562 0.123644
0.723206 -0.723376 0.083075
0.761734 -0.723376 0.083075
-0.749606 0.784006 0.704942
-0.637988 0.784006 0.704942
0.690466 0.783987 0.744920
0.749594 0.783987 0.744920
0.761781 0.761825 0.914210
0.723100 0.761825 0.914210
0.767914 -0.806536 0.593290
0.804840 -0.879016 0.686178
-0.761363 0.759100 0.634801
-0.761516 0.761999 0.705029
-0.758769 0.756125 0.849721
-0.718944 0.755896 0.840489
0.723173 0.723177 1.026286
-0.481914 0.723177 1.026286
0.763331 0.763364 1.026131
0.763331 0.763364 0.973640
0.756120 -0.194668 0.975246
0.763325 -0.425343 0.973872
0.580487 -1.044147 0.898870
0.587277 -1.028202 0.911611
0.792750 -0.402391 0.954636
0.772227 -0.344827 0.967148
-0.481914 0.723177 1.026286
-0.457111 0.763328 1.026286
-0.763267 0.000024 1.025856
-0.763267 0.000024 0.973519
-0.471124 0.820920 0.972290
-0.517244 0.867001 0.963745
-0.822089 0.515657 1.108788
-0.831855 0.509553 1.108254
0.679994 -0.680535 0.850267
0.725465 -0.675195 0.807847
0.725389 -0.710595 0.698060
0.723482 -0.717995 0.844011
-0.805858 -0.726077 0.907934
-0.726079 -0.726077 0.907934
-0.726079 -0.805857 0.173643
-0.726079 -0.805857 0.907934
0.726079 -0.805857 0.465849
0.726079 -0.726077 0.487821
-0.430198 0.845498 0.907934
0.763331 0.845498 0.907934
0.586786 0.851543 0.083311
0.586786 0.851543 0.167997
0.851542 0.586788 0.167997
0.805858 0.586788 0.167997
0.586786 -0.805857 0.167997
0.726079 -0.805857 0.173643
0.368830 -1.128028 -1.002372
0.548135 -1.001654 -1.002372
-0.763330 -0.845495 0.907934
-0.763330 -0.763330 0.907934
0.726079 -0.805857 0.465849
0.726079 -0.726077 0.487821
-0.851542 0.544912 0.856245
-0.805858 0.514385 0.856245
0.090259 -0.864830 0.650220
0.177101 -0.864830 0.650220
0.479233 -0.864852 0.323630
0.496552 -0.864852 0.323630
0.066848 -0.864866 0.288930
0.066848 -0.864866 0.271535
0.066841 -0.864830 0.598071
0.368979 -0.864842 0.306319
0.386298 -0.864842 0.323637
-0.223918 -0.864653 0.271501
0.232642 -0.864776 0.453301
0.232642 -0.864776 0.470658
0.049451 -0.864830 0.615504
-0.136314 -0.864858 0.323627
-0.479256 -0.864653 0.288950
-0.496537 -0.864653 0.288950
-0.136314 -0.864858 0.341041
-0.310768 -0.864866 0.684954
-0.397629 -0.864866 0.684954
-0.241275 -0.864653 0.271501
0.177126 -0.846929 0.814699
0.177126 -0.864858 0.814699
0.200518 -0.846674 0.684993
0.200518 -0.846674 0.632884
0.334208 -0.846928 0.358389
0.351565 -0.846928 0.358389
-0.397629 -0.864866 0.667559
-0.397629 -0.846860 0.667559
0.421031 -0.864857 0.288923
0.421031 -0.846928 0.288923
0.531303 -0.846923 0.340987
0.531303 -0.846923 0.358382
0.157091 -0.865063 0.401152
0.070240 -0.865063 0.401152
-0.008652 -0.864918 0.762622
-0.008652 -0.846989 0.762622
-0.397629 -0.846901 0.632939
-0.380272 -0.846901 0.632939
-0.310760 -0.864653 0.271501
-0.310760 -0.846724 0.271501
0.345586 -0.864842 0.632940
0.362866 -0.864842 0.632940
0.066843 -0.864776 0.358382
0.066843 -0.846846 0.358382
0.421050 -0.846913 0.306319
0.421050 -0.846913 0.358389
0.066843 -0.864776 0.306311
0.066843 -0.846846 0.306311
0.153690 -0.864866 0.745147
0.153690 -0.864866 0.727752
-0.034778 -0.846913 0.470665
-0.017390 -0.846913 0.470665
0.090249 -0.864866 0.684954
0.090249 -0.846860 0.684954
-0.496537 -0.864653 0.323644
-0.496537 -0.846724 0.323644
-0.131037 -0.864857 0.745244
-0.131037 -0.864857 0.814747
-0.000000 -0.864842 0.488022
-0.000000 -0.864842 0.435952
0.223933 -0.846724 0.271501
0.241328 -0.846724 0.271501
0.049451 -0.846901 0.685008
0.049451 -0.864830 0.685008
0.397657 -0.846913 0.598112
0.397657 -0.846913 0.615545
-0.127661 -0.865025 0.470634
-0.127661 -0.847019 0.470634
0.276022 -0.846724 0.306291
0.293398 -0.846724 0.306291
-0.107637 -0.864845 0.615522
-0.107637 -0.846839 0.615522
0.177101 -0.864830 0.650220
0.177101 -0.864830 0.632939
-0.531327 -0.864653 0.358415
-0.531327 -0.846724 0.358415
-0.267413 0.864776 0.488091
-0.496552 0.864776 0.323630
-0.531304 0.864776 0.323630
0.351574 0.864830 0.341030
0.351574 0.864830 0.306354
0.043429 0.864918 0.727908
0.043429 0.864918 0.814730
-0.066843 0.864776 0.358382
-0.153704 0.864776 0.358382
0.153699 0.864858 0.271575
-0.267413 0.864776 0.435983
-0.215323 0.864776 0.453301
0.287381 0.864769 0.684873
0.200520 0.864769 0.684873
-0.142339 0.846901 0.632939
-0.142339 0.846901 0.615544
-0.267413 0.864776 0.470658
0.153699 0.864858 0.358417
-0.263968 0.864858 0.727800
-0.246592 0.864858 0.745195
0.403683 0.864830 0.341030
0.403683 0.864830 0.306354
-0.159734 0.846901 0.598111
-0.159734 0.846901 0.632939
-0.066843 0.864776 0.323630
-0.101614 0.864776 0.323630
0.461823 0.864730 0.341039
0.461823 0.846801 0.341039
0.293422 0.846724 0.271501
0.293422 0.864654 0.271501
-0.066829 0.864942 0.288930
-0.066829 0.846936 0.288930
-0.008652 0.864918 0.797335
-0.008652 0.846989 0.797335
-0.087626 0.865063 0.418547
-0.105011 0.865063 0.418547
-0.246592 0.846929 0.797304
-0.246592 0.846929 0.779909
-0.177101 0.846901 0.650220
-0.090259 0.846901 0.650220
0.310798 0.864654 0.358361
0.310798 0.846724 0.358361
0.334179 0.846860 0.288930
0.421039 0.846860 0.288930
-0.310758 0.864842 0.615545
-0.345548 0.864842 0.615545
0.183117 0.847066 0.797410
0.165722 0.847066 0.797410
-0.368942 0.864842 0.306319
-0.368942 0.864842 0.358389
0.084233 0.864858 0.341041
0.136313 0.864858 0.341041
-0.070240 0.847058 0.453260
-0.070240 0.847058 0.401152
-0.194484 0.846929 0.797304
-0.194484 0.864858 0.797304
0.084233 0.864858 0.323627
0.084233 0.846929 0.323627
0.513893 0.864730 0.288950
0.496537 0.864730 0.288950
0.136313 0.846929 0.288951
0.136313 0.846929 0.306327
-0.157092 0.846936 0.470676
-0.157092 0.864942 0.470676
0.197127 0.865101 0.401054
0.197127 0.847096 0.401054
0.200531 0.864857 0.727849
0.200531 0.846852 0.727849
0.241332 0.864654 0.288876
0.241332 0.846724 0.288876
0.252629 0.846763 0.667555
0.252629 0.864769 0.667555
-0.263968 0.864858 0.727800
-0.177108 0.864858 0.727800
-0.118915 0.864842 0.797173
-0.101529 0.864842 0.797173
-0.101614 0.864776 0.340987
-0.066843 0.864776 0.340987
-0.189313 -0.762678 1.029342
-0.234231 -0.627790 1.095642
-0.547984 -0.219886 1.984313
-0.208830 -0.059477 1.813786
-0.222600 -0.022701 1.713114
-0.039017 -0.403780 1.343228
0.061331 -0.408856 1.725348
0.036395 -0.352090 1.855363
0.034340 -0.315204 1.902062
-0.704830 -0.401733 1.919356
-0.721386 -0.392921 1.921493
0.592054 0.358992 2.146900
0.441139 0.371780 2.175396
0.657178 0.554331 2.357625
0.427614 0.388619 2.391948
0.370060 0.456710 1.766008
0.326392 0.670628 1.723628
-0.051942 0.153950 2.147991
0.582119 0.559311 2.227950
0.607677 0.724754 2.351241
0.512079 0.373526 2.526434
0.472826 0.401488 2.339362
-0.076975 0.162530 2.224075
-0.008485 0.267123 2.331012
-0.349468 -0.040915 1.929287
-0.577596 -0.104115 1.129959
-0.427686 -0.289358 1.141865
0.496256 0.698123 2.302969
0.682277 0.895424 2.623865
0.497127 0.532050 1.751359
0.497547 0.439315 2.022050
0.089253 0.173764 2.145339
0.430376 0.607807 2.034902
0.348551 0.546657 2.301016
-0.023049 0.224290 2.342026
-0.086959 0.297526 2.210162
-0.549911 0.627766 1.007026
-0.509089 0.743691 1.028354
0.742254 -0.755579 0.464292
0.805857 -0.726078 0.082973
0.446481 0.775066 2.815314
0.330051 0.629003 2.659548
0.270998 -0.763285 0.982866
-0.763333 -0.763330 1.026069
-0.821089 -0.586785 0.856021
-0.502229 0.653821 0.973590
-0.457864 0.839716 0.935316
-0.488374 1.061859 0.083038
-1.017393 1.019734 0.083038
-0.825547 0.544576 0.825157
-0.029909 -0.621067 1.838704
-0.043574 -0.610105 1.070713
0.059108 -0.593702 1.094364
-0.669054 -0.367437 2.013674
-0.547984 -0.219886 1.984313
-0.554851 -0.232074 1.945250
-0.472085 -0.132998 1.480910
-0.367372 -0.219630 1.649977
-0.330595 -0.034681 1.834385
-0.303320 0.095019 1.797611
-0.468746 -0.247360 1.121921
-0.447765 -0.218006 1.032504
-0.069043 -0.506247 1.162735
-0.061127 -0.429724 1.144271
-0.098904 -0.233709 1.676217
0.079321 -0.271169 1.649057
0.112903 -0.517269 1.962334
0.034340 -0.315204 1.902062
-0.619374 -0.249147 1.957496
-0.648442 -0.306005 1.858314
-0.580714 -0.211835 2.017491
-0.622980 -0.333600 1.871464
0.327168 0.614724 2.601135
0.440235 0.333886 2.582519
0.381222 0.424370 2.552001
0.607926 0.276868 2.136106
0.683304 0.217378 2.368802
0.526371 0.743966 2.561919
0.573330 0.726075 2.327850
0.539166 0.256250 1.160162
0.439321 0.502967 1.134797
0.588743 0.346870 1.103059
0.412306 0.673067 1.546631
0.486006 0.561487 1.583405
0.023705 0.649440 1.402372
-0.129948 0.613047 1.299070
0.034161 0.316349 2.272529
0.288145 0.766120 1.286902
0.355379 0.676856 1.145453
0.147849 0.180232 1.142316
0.879110 1.098634 2.809005
0.852636 1.009599 2.764755
0.648131 0.516503 2.306757
0.845808 0.608284 2.575464
0.454324 0.573338 2.059731
0.327774 0.525754 2.480538
0.446068 0.403798 2.335580
-0.069956 0.155320 2.225144
-0.076975 0.162530 2.223771
-0.062219 -0.809055 1.966726
-0.462526 -0.091024 1.881380
-0.502695 -0.238520 1.912203
-0.647539 -0.251871 1.994600
-0.170372 -0.027732 1.258604
-0.335834 0.103815 1.278974
-0.024320 -0.595030 1.834666
-0.045610 -0.707373 1.858470
0.313168 0.520310 2.207153
0.576611 0.498642 2.166412
0.607586 0.546784 2.275360
0.259643 0.505606 1.958069
0.421691 0.263601 1.974091
0.618245 0.156419 1.031149
0.087526 0.471675 1.600737
0.054625 0.343272 1.593107
-0.034971 0.569244 1.831092
0.074283 0.258624 1.114927
0.430376 0.607807 2.034902
0.348551 0.546657 2.301016
0.415949 0.576237 2.082772
-0.761781 -0.761825 0.083064
-0.723100 -0.761825 0.083064
0.742491 -0.784695 0.476158
0.723417 -0.761197 0.372131
-0.761734 0.723266 0.083136
-0.761734 0.761794 0.083136
0.388486 -0.769884 0.975847
0.517079 -0.867235 0.963640
0.508795 -0.723178 0.973655
0.578322 -0.624969 0.973655
-0.763333 0.139306 1.026069
-0.757480 0.131900 0.973655
-0.806419 0.484937 1.092542
-0.817024 0.507253 1.097196
-0.255724 0.747649 0.975266
-0.254694 0.759932 0.973969
0.725456 -0.675158 0.807749
0.671363 -0.720706 0.805461
-0.805861 -0.726078 0.907672
-0.805861 -0.726078 0.173419
0.845494 0.763332 0.907672
0.763329 0.763332 0.973590
0.763329 0.763332 0.907672
0.586783 0.851543 0.082973
0.586783 0.805860 0.082973
0.805857 0.586787 0.856021
0.805857 0.586787 0.167736
-0.586788 -0.805857 0.167736
-0.586788 -0.805857 0.082973
0.763329 -0.205069 0.973590
0.763329 -0.205069 0.973590
0.495300 -0.498052 0.973590
0.586783 -0.805857 0.593074
0.726077 -0.805857 0.465549
-0.051587 -0.736215 1.929815
-0.048416 -0.753991 1.914098
-0.139941 -0.631159 1.132604
0.056988 -0.569436 1.031410
0.061070 -0.605141 1.123574
-0.046709 -0.666331 1.054021
-0.168467 -0.324986 1.212146
-0.168743 -0.269177 1.040714
-0.572763 -0.348350 1.815158
-0.260444 -0.006116 1.903654
-0.276161 -0.035143 1.789213
-0.644288 -0.293285 1.824923
-0.607896 -0.297500 1.917697
-0.505613 -0.109372 1.403060
-0.242097 -0.102488 1.805855
-0.340326 -0.203277 1.753670
-0.431268 -0.189926 1.696450
-0.399911 -0.177767 1.775948
-0.448100 -0.220543 1.096161
-0.456416 -0.195061 1.007660
-0.684962 -0.174924 1.035100
-0.646625 -0.217725 1.031972
-0.252932 -0.071722 1.209390
0.102949 -0.316985 1.749153
0.060542 -0.454429 1.706276
0.058646 -0.483001 1.733589
-0.093476 -0.442324 1.843828
0.047973 -0.508649 1.967220
-0.100610 -0.549021 1.890978
-0.018703 -0.575037 1.886095
-0.141518 -0.627222 1.824754
-0.728850 -0.325806 1.994393
-0.660033 -0.291817 1.885293
-0.723116 -0.348211 2.054087
-0.706331 -0.372129 2.004039
-0.748522 -0.411153 1.931102
-0.736009 -0.397458 1.920726
0.269092 0.653563 2.292165
0.355457 0.645820 2.665242
0.360569 0.727950 2.274465
0.462192 0.680762 2.502431
0.403560 0.407516 2.532948
0.708584 0.552474 2.427052
0.893863 0.395385 2.662648
0.816730 0.336829 2.614278
0.541233 0.734893 2.542256
0.574116 0.759917 2.543477
0.373157 0.549384 2.350606
0.588573 0.719863 2.307424
0.532654 0.683534 1.857378
0.671433 0.447595 1.905443
0.417133 0.316863 1.216820
0.542728 0.109498 1.087047
0.533138 0.347533 1.123817
0.575519 0.370002 1.096123
0.310831 0.725965 1.367474
0.534830 0.609388 1.634961
0.510569 0.563002 1.625500
0.476465 0.476255 1.613751
0.081589 0.575427 1.624072
-0.055302 0.406780 1.286243
-0.036153 0.363483 1.493762
0.151184 0.445384 1.674731
0.063424 0.499858 1.262439
0.024793 0.666637 1.319659
-0.069879 0.308079 2.176276
0.493598 0.500451 1.343987
0.318904 0.390549 1.351234
0.075353 0.270941 1.140125
-0.020252 0.094486 1.007792
-0.019317 0.090729 1.073710
-0.117211 0.769114 1.125727
0.309030 0.535823 2.285909
0.348551 0.546657 2.301168
0.783609 0.928982 2.666821
0.883020 1.047390 2.760205
0.382264 0.583920 2.486427
0.614379 0.503483 2.345237
0.496810 0.393696 1.926079
0.571198 0.701507 2.541413
0.346283 0.600875 1.978517
0.392011 0.458694 2.463608
0.453618 0.381561 2.363510
-0.010662 0.244013 2.128853
0.005617 0.251948 2.132667
-0.013983 0.254725 2.327655
-0.086959 0.297526 2.210162
-0.705934 -0.434887 1.867495
-0.486665 -0.121738 1.864596
-0.626168 -0.253402 1.914034
-0.410970 -0.002084 1.401382
-0.418986 0.087124 1.201608
-0.017845 -0.504020 1.618080
-0.087573 -0.477241 1.670113
-0.080879 -0.444206 1.746559
0.115168 -0.543477 2.027187
0.502361 0.764342 2.640981
0.541233 0.734893 2.542256
0.817493 0.621520 2.493581
0.433353 0.361281 2.563771
0.695077 0.250956 2.402701
0.657464 0.337855 2.329459
0.406490 0.274596 1.125114
0.448772 0.070455 1.086361
0.187884 0.623693 1.388989
0.421763 0.695601 1.566907
0.109702 0.208058 2.087775
0.049547 0.145592 2.227546
-0.031985 0.316186 2.232581
-0.103554 0.208609 1.062077
-0.131211 0.603403 1.116419
0.407288 0.608105 2.503822
0.628728 0.499797 2.351110
0.617894 0.515323 2.352635
0.267355 -0.864801 0.488091
0.531308 -0.864877 0.288930
0.444486 -0.864877 0.288930
0.177146 -0.864801 0.727800
-0.026041 -0.864801 0.797283
-0.026041 -0.864801 0.727779
0.177146 -0.864801 0.814623
-0.293387 -0.865029 0.288950
0.310768 -0.864877 0.685064
-0.026041 -0.864801 0.341011
-0.008652 -0.864801 0.341011
0.310768 -0.864877 0.632955
0.267355 -0.864801 0.470658
-0.293387 -0.865029 0.271574
0.252577 -0.864877 0.632915
0.235277 -0.864877 0.632915
-0.496532 0.864877 0.340987
-0.496532 0.864877 0.323630
-0.153699 0.864877 0.288930
-0.066839 0.864877 0.288930
-0.049451 0.864801 0.650218
-0.066833 0.864801 0.358420
-0.153694 0.864801 0.358420
0.002626 0.864801 0.650218
0.287411 0.864877 0.598127
0.136304 0.864801 0.323627
0.084224 0.864801 0.323627
0.287411 0.864877 0.650236
0.177113 0.864801 0.684950
0.177113 0.864801 0.667631
-0.637988 0.630503 0.744920
-0.778979 0.630503 0.744920
-0.723067 0.761804 0.354128
-0.758925 0.755930 0.849810
-0.763045 0.774851 0.867205
-0.723067 0.761804 0.083209
-0.763338 0.484343 1.025956
0.493490 -0.723171 1.025956
0.254147 -0.763321 1.025728
0.869058 -0.508665 0.953956
0.860742 -0.508398 0.918403
-0.763338 0.439072 0.973542
-0.460001 0.840117 1.018830
-0.380579 0.776488 1.026993
-0.497462 0.887419 0.985642
-0.479990 0.881545 1.004944
-0.534007 0.893904 0.956192
-0.529429 0.905806 0.947419
-0.851541 -0.586788 0.856288
-0.763330 -0.763333 0.973857
0.444148 -0.763333 0.973857
-0.548137 1.019734 0.083057
0.548140 1.019734 0.083057
-0.430196 0.845494 0.907939
-0.535404 0.805857 0.907939
-0.586786 0.805857 0.083240
-0.851541 -0.586788 0.168002
-0.726079 0.726077 0.173686
-0.726079 0.805857 0.083240
-0.726079 0.726077 0.083240
0.368830 1.146108 0.083057
0.548140 1.019734 0.083057
-0.763330 -0.845498 0.907939
-0.763330 -0.763333 0.907939
-0.805859 0.586785 0.665172
-0.805859 0.586785 0.168002
-0.778959 -0.695554 0.704971
-0.778959 -0.754758 0.704971
-0.778967 -0.754690 0.123644
-0.778967 -0.695562 0.123644
0.690466 -0.783987 0.123644
0.749594 -0.783987 0.123644
-0.778959 0.754682 0.306376
-0.778959 0.695478 0.306376
0.749586 0.784055 0.266475
0.778959 0.754758 0.266475
0.778967 0.754690 0.083742
0.778967 0.695562 0.083742
-0.723067 0.761881 0.705004
-0.723067 0.723352 0.705004
-0.723067 0.723352 0.705004
0.376141 -0.787821 1.024117
0.491879 -0.895853 1.001077
0.493490 -0.723171 1.025956
0.254147 -0.763321 1.025728
0.550435 -1.002283 0.969567
0.560010 -1.044092 0.953851
0.882669 -0.544661 0.913113
0.896249 -0.541838 0.910138
-0.460001 0.840117 1.018982
-0.380579 0.776488 1.027146
-0.497462 0.887419 0.985794
-0.479990 0.881545 1.005097
-0.497462 0.887419 0.985794
-0.491473 0.861785 0.994721
0.725368 -0.710541 0.698040
0.723461 -0.717865 0.843990
0.548135 -1.019734 0.083038
0.805858 -0.050592 0.856117
0.805858 0.586789 0.856117
0.763330 0.763334 0.973762
0.368825 -1.146108 0.083038
0.851541 0.586789 0.167869
0.851541 0.586789 0.083145
0.805858 0.586789 0.856117
0.805858 0.586789 0.167869
-0.805858 -0.726076 0.083145
-0.805858 -0.586783 0.083145
0.763330 -0.205066 0.973762
0.763330 -0.205066 0.973762
0.793753 -0.246375 0.907806
0.574868 -0.574865 0.907806
0.586786 -0.805855 0.593208
-0.717879 0.731745 0.802737
-0.116456 -0.609900 1.952653
-0.087379 -0.581595 1.919084
-0.078361 -0.637287 1.896825
-0.088628 -0.527500 1.900640
-0.191953 -0.263227 1.061853
-0.033674 -0.430802 1.058033
-0.061236 -0.374192 1.038655
-0.239399 -0.294279 1.061242
-0.203247 -0.636300 1.138447
0.032740 -0.608872 1.143101
-0.599487 -0.243235 1.900011
-0.488937 -0.235854 1.890093
-0.390289 -0.174819 1.858813
-0.262273 -0.009538 1.883227
-0.277990 -0.038566 1.768786
-0.608260 -0.230780 1.898028
-0.462647 -0.192356 1.937778
-0.712631 -0.423213 2.004229
-0.741660 -0.448580 2.007891
-0.635757 -0.317959 1.793979
-0.600967 -0.294766 1.777499
-0.345548 -0.116119 1.378660
-0.405143 0.049026 1.809672
-0.360739 0.087054 1.777628
-0.449126 -0.118821 1.769846
-0.352042 -0.007837 1.830424
-0.309950 -0.094663 1.156426
-0.357557 -0.160944 1.107064
-0.591048 -0.077360 1.103548
-0.523718 -0.159528 1.102023
-0.358644 0.133592 1.241821
-0.306726 0.115532 1.255706
0.049695 -0.277763 1.516305
0.059618 -0.451838 1.700026
-0.088497 -0.474649 1.663863
-0.096449 -0.448061 1.750533
-0.091258 -0.181643 1.670882
0.000250 -0.339195 1.870786
-0.086169 -0.549281 1.948363
-0.041718 -0.703853 1.844298
-0.027689 -0.659221 1.877868
-0.615400 -0.266133 1.931597
-0.730364 -0.342840 1.961454
-0.656408 -0.298615 1.825701
-0.705340 -0.376054 1.997484
-0.593824 -0.254897 1.978765
-0.742038 -0.398332 1.916002
0.427652 0.691607 2.046233
0.389810 0.642245 2.156096
0.489717 0.683291 2.238951
0.501619 0.373080 2.164794
0.598855 0.447238 2.145720
0.749097 0.109249 2.386678
0.908075 0.527804 2.592650
0.571256 0.406261 2.126058
0.596433 0.327411 2.106832
0.716901 0.114742 2.387441
0.605646 0.339244 2.490111
0.645776 0.336383 2.546721
0.537210 0.723803 2.510863
0.337587 0.704120 2.750731
0.328966 0.720713 2.793456
0.438028 0.310519 2.512542
0.412775 0.349963 2.523833
-0.006657 0.219575 1.768682
-0.030432 0.270234 1.753576
0.261054 0.611440 1.996841
0.298591 0.589276 1.972732
0.239104 0.629848 1.302494
0.522002 0.281558 1.021316
0.392804 0.639284 1.030141
0.314545 0.726640 1.029912
0.207515 0.592341 1.540196
0.204120 0.611071 1.414464
0.378871 0.440478 1.496708
0.267482 0.437960 1.680424
0.402560 0.416865 1.641209
0.296321 0.469813 1.619389
0.329395 0.411982 1.688664
0.131942 0.408890 1.988365
-0.085243 0.265954 1.885441
-0.169799 0.436891 1.851261
0.051424 0.416863 1.548832
0.059925 0.324586 1.637639
-0.135347 0.510667 1.554478
0.063364 0.344203 2.158278
0.013521 0.573924 1.795119
0.049391 0.323833 2.170180
0.096009 0.182212 2.109603
-0.179691 0.598901 1.236009
0.368413 0.698845 1.117481
-0.055659 0.478610 1.299504
-0.121112 0.090900 1.075160
-0.120645 0.169826 1.146647
-0.050886 0.307902 1.207493
0.065479 0.338000 1.136921
0.112591 0.308741 1.089238
0.062570 0.297412 1.113575
0.343439 0.554591 2.301015
0.553434 0.446704 2.283666
0.613628 0.548325 2.249617
0.631747 0.709038 2.377181
0.953724 0.620390 2.564200
0.643913 0.728215 2.379194
0.374748 0.492390 1.968732
0.484736 0.380390 2.482842
0.458181 0.355990 2.221868
0.348406 0.512980 2.495656
0.402346 0.462207 2.457203
0.442523 0.370860 2.321577
0.465449 0.390696 2.315168
-0.068519 0.298279 2.193467
-0.047538 0.174368 2.103267
-0.035364 0.165365 2.104641
0.032740 -0.608872 1.143101
0.031376 -0.583580 1.063221
-0.539322 -0.254106 1.939151
-0.620162 -0.261965 1.990954
-0.600211 -0.292292 1.995379
-0.409444 -0.190095 1.387052
-0.673941 -0.169837 1.061358
-0.613554 -0.096404 1.115527
-0.007799 -0.364605 1.353036
0.018669 -0.463625 1.608473
-0.083789 -0.156084 1.752516
0.010903 -0.313789 1.902677
-0.090694 -0.551303 1.918914
-0.758135 -0.357527 1.888365
-0.639967 -0.309869 1.824175
-0.604071 -0.262586 1.910693
-0.591116 -0.223330 1.994023
0.442262 0.646670 2.108641
0.826860 0.539630 2.540770
0.789628 0.612719 2.456237
0.847841 0.635608 2.509948
0.524126 0.715716 2.503081
0.321768 0.490040 1.293644
0.521468 0.281196 1.116608
0.329395 0.411982 1.688664
0.192753 0.210583 1.959220
-0.166714 0.493386 1.627873
-0.031367 0.120223 2.282943
-0.106325 0.128329 2.263716
-0.197234 0.711701 1.333742
0.160569 0.573532 1.126789
0.037026 0.502681 1.171101
0.418932 0.625049 2.035970
0.963566 0.621229 2.600669
0.513270 0.398281 2.487725
0.057440 0.302093 2.120988
-0.093333 0.145786 2.231097
-0.033562 0.208900 2.352709
-0.206089 0.961353 0.115496
0.206089 0.961353 0.115496
0.180495 -0.864801 0.488091
0.267355 -0.864801 0.488091
0.531308 -0.864877 0.288930
0.444486 -0.864877 0.288930
-0.034778 -0.864877 0.453308
0.421050 -0.864877 0.358389
-0.034778 -0.864877 0.470703
0.421050 -0.864877 0.306319
-0.293387 -0.865029 0.288912
0.397667 -0.864877 0.684987
-0.084224 -0.864801 0.323627
0.397667 -0.864877 0.632879
-0.084224 -0.864801 0.341003
-0.293387 -0.865029 0.271536
0.090259 -0.864877 0.667635
0.177101 -0.864877 0.667635
-0.334244 0.864877 0.271545
-0.345565 0.864877 0.615558
-0.049451 0.864801 0.685008
-0.066842 0.864801 0.685008
-0.421067 0.864877 0.271545
-0.066833 0.864801 0.358420
-0.066833 0.864801 0.340987
0.287411 0.864877 0.598127
-0.310775 0.864877 0.615558
0.287411 0.864877 0.684950
0.287411 0.864877 0.667631
0.287411 0.864877 0.650236
0.142333 0.864801 0.667631
0.177113 0.864801 0.667631
0.027965 -0.832527 2.942328
-0.098723 -0.860368 2.789220
-0.227437 -0.227396 1.795888
-0.164280 -0.158308 1.662159
-0.484131 -0.039132 1.125930
-0.386092 -0.175680 1.385476
-0.464907 0.070331 3.114604
-0.217235 -0.301446 2.893219
-0.766173 -0.241427 3.252503
-0.700483 -0.071788 3.250062
-0.494216 -0.061158 2.602636
-0.377411 -0.212714 2.425370
-0.357529 -0.123509 1.863529
-0.354608 -0.021775 1.948049
-0.561335 -0.437702 3.374202
-0.861598 -0.229806 3.320674
-0.277332 -0.590337 2.516408
-0.160717 -0.171162 2.432159
-0.393955 -0.061271 3.643954
-0.393650 -0.105286 3.758192
-0.064863 0.347769 2.143331
-0.030680 0.178015 2.014546
0.340194 0.326068 2.358505
0.215586 0.511340 2.684654
-0.565698 -0.102799 3.436476
-0.824589 -0.031676 3.402579
0.300445 0.415699 1.299697
0.172713 0.623164 1.227734
-0.005008 -0.017991 3.802111
0.455097 0.315121 4.126307
-0.406266 0.513648 4.188883
0.194733 0.577680 4.438303
-0.285641 0.711644 3.267913
-0.245369 0.456332 3.414207
1.153472 0.357564 3.847795
0.692289 0.890089 3.908890
0.473969 0.179713 3.063316
0.638013 0.461882 3.046227
0.455097 0.315121 4.126307
0.085634 0.221854 4.116782
0.755801 0.764038 0.922917
-0.755800 0.764038 0.922917
-0.192177 -0.291978 3.957080
-0.454742 -0.417539 3.957995
-0.047830 -0.285729 2.402750
0.015307 0.657463 1.328489
-0.015674 0.638553 1.768335
-0.227437 -0.227396 1.795888
-0.164280 -0.158308 1.662159
-0.058977 -0.827978 2.122216
-0.210762 -0.812748 1.987251
-0.418489 0.101618 1.198000
-0.220250 0.045971 1.275512
-0.651314 -0.239459 3.332000
-0.441945 0.074165 3.311283
-0.369275 -0.505993 3.490726
-0.242780 -0.053023 3.428110
-0.648114 -0.346136 3.256935
-0.766173 -0.241427 3.252503
-0.411619 -0.212733 1.256637
-0.165726 -0.045909 1.783870
-0.840563 -0.429472 2.030461
-0.792689 -0.298399 2.441991
-0.504390 -0.248676 1.965362
-0.354608 -0.021775 1.948049
0.180658 -0.556632 3.185526
0.077929 -0.637733 3.445841
-0.712622 -0.046695 2.958770
-0.849700 -0.062389 2.914777
-0.388304 -0.560100 2.623640
-0.255743 -0.483195 2.663770
-0.393955 -0.061271 3.643954
-0.266811 -0.168139 3.409579
0.092922 0.467761 1.301172
-0.101479 0.383399 1.276453
-0.079168 0.304777 1.767659
-0.030680 0.178015 2.014546
0.600722 0.839770 2.752037
0.615447 0.706866 2.181510
0.301437 0.598917 2.010282
0.269187 0.644038 2.184410
0.367271 0.543925 2.748904
0.482153 0.570863 3.011616
-0.565698 -0.102799 3.436476
-0.824589 -0.031676 3.402579
0.377050 0.445162 1.765613
0.509610 0.537401 1.747913
-0.224504 0.346570 2.204085
-0.059996 0.470548 2.470808
-0.565698 -0.102799 3.436476
-0.824589 -0.031676 3.402579
0.411621 0.504494 4.235631
0.363995 0.122414 3.464451
0.680386 0.192871 3.798008
0.637776 0.317040 3.501378
0.526253 0.696221 3.322545
0.629624 0.454138 4.138393
-0.213624 0.283128 3.842991
-0.091558 0.216513 3.965033
-0.450627 0.610096 3.754214
-0.322033 0.753376 3.403567
1.095171 0.332578 4.111556
1.220903 0.604261 4.121932
0.480710 0.825116 3.964252
0.629624 0.454138 4.138393
0.388041 0.212162 1.085487
0.572940 0.323017 1.064735
-0.056814 -0.544137 2.176920
0.052657 0.657906 2.839751
0.161662 0.760521 2.837005
0.358294 0.267565 2.861628
0.527820 0.432422 2.949941
0.199104 0.326536 4.446728
0.185254 0.689212 4.396725
-0.755800 -0.764037 0.922917
-0.726079 -0.805858 0.173468
-0.726079 0.805858 0.173468
0.726079 0.805858 0.173468
-0.368837 1.164188 -1.002396
-0.368837 1.146108 0.083038
0.548135 -1.019734 0.083038
0.548135 1.019734 0.083038
-0.539217 -0.347305 3.724167
-0.495806 -0.181481 3.890182
-0.243916 -0.354453 3.648347
-0.209221 -0.538092 3.690461
-0.024534 -0.841682 2.110509
-0.066371 -0.708054 2.053441
-0.248908 -0.785304 1.935664
-0.240439 -0.692835 2.095576
-0.076421 -0.813524 2.824571
-0.095256 -0.860063 2.799852
-0.875091 -0.207195 3.424934
-0.816040 -0.005988 3.397469
-0.117900 -0.937479 3.326352
-0.083205 -0.801141 3.401731
-0.186273 -0.428832 1.634225
-0.157286 -0.465028 1.454752
-0.044944 -0.149411 1.716957
-0.138013 -0.131424 1.652870
-0.143028 -0.243407 1.637085
-0.139451 -0.170012 1.764648
-0.039339 -0.173604 1.830496
-0.047025 -0.236241 1.713309
-0.088387 -0.772154 2.972733
0.037036 -0.793974 3.008439
-0.342977 -0.150473 1.307361
-0.402448 -0.242321 1.244189
-0.391614 -0.184149 2.960430
-0.257089 -0.256094 2.895123
-0.628212 -0.448766 2.990540
-0.600174 -0.508618 3.344849
-0.494126 -0.450559 3.492249
-0.410202 -0.128427 3.452271
-0.043534 -0.280099 2.991760
-0.009430 -0.121808 3.312500
-0.370043 -0.402436 3.508686
-0.302142 -0.305429 3.605732
-0.418707 -0.009136 1.380555
-0.513388 -0.116482 1.382386
-0.338312 -0.195459 1.753041
-0.416189 -0.207260 1.651741
-0.359427 0.095413 1.778999
-0.356528 0.066388 1.694161
-0.718093 -0.564106 2.192339
-0.687881 -0.565517 2.093767
-0.504520 -0.310607 1.971478
-0.469768 -0.244212 1.913495
-0.504520 -0.310607 1.971478
-0.478275 -0.249743 1.996350
-0.906676 -0.240913 2.489136
-0.957945 -0.268036 2.403381
0.084064 -0.705656 1.069194
0.049406 -0.545744 1.028377
0.157245 -0.524823 3.205857
0.165411 -0.474813 3.199448
-0.863126 -0.204593 2.992743
-0.711148 -0.214635 2.958869
-0.676050 -0.118306 3.344092
-0.740595 -0.104421 2.884802
-0.172554 -0.193453 2.661464
-0.327736 -0.539007 2.525814
-0.308853 -0.483904 2.391231
-0.089889 -0.257883 2.653530
-0.540304 -0.361948 2.618138
-0.527296 -0.502901 2.622410
-0.301782 -0.406717 2.873950
-0.463448 -0.333627 2.845873
-0.316926 -0.282790 3.575529
-0.285988 -0.277793 3.749480
-0.428258 -0.120188 3.755817
-0.365239 -0.097538 3.725605
-0.103513 0.522231 1.153921
-0.126461 0.475844 1.024221
0.064188 0.094077 1.008685
0.177847 0.118396 1.020587
0.473977 0.491817 1.333931
0.055320 0.686691 1.152860
-0.178206 0.619209 1.141721
-0.142848 0.620056 1.440742
-0.183589 0.595451 1.736457
0.064069 0.496498 1.277931
0.014866 0.656715 1.329811
0.616366 0.737145 2.980801
0.558879 0.783761 2.873379
0.783069 0.468514 2.649838
0.259006 0.698350 2.715298
0.289294 0.629495 2.456204
0.684230 0.410569 2.918698
0.412318 0.688165 2.467191
0.308673 0.578111 2.401883
0.526684 0.627065 2.818603
0.383519 0.541959 2.743530
-0.570118 -0.035579 3.388355
-0.547650 -0.045116 3.464344
-0.799229 0.050366 3.531482
-0.598881 0.445245 3.447864
-0.792563 0.021594 3.554864
-0.768759 0.031608 3.444391
0.435452 0.489523 1.274301
0.282940 0.461142 1.258279
0.377054 0.444997 1.765838
0.438776 0.391248 2.029662
0.249146 0.223635 2.746509
0.239311 0.244024 2.221149
-0.114651 0.194567 1.953510
0.103890 0.109079 1.974109
-0.257285 0.404547 2.789997
-0.095339 0.481127 2.768940
0.205477 0.444201 2.703307
0.208471 0.114344 2.720702
0.068779 0.695922 3.445346
0.208416 0.810439 3.675754
-0.172729 0.545852 3.699557
-0.078849 0.464446 3.326938
-0.073318 0.428855 3.519809
-0.007190 0.389144 3.048923
0.304846 0.147721 2.657072
0.298055 0.062844 2.899381
0.015051 0.679194 3.332375
0.115276 0.721422 3.363503
0.153757 0.073014 3.455879
0.355068 0.092745 3.642952
0.151120 0.860526 4.044101
0.645943 0.425155 4.107882
0.494366 0.864913 4.058444
0.706940 0.323837 3.745639
0.353718 0.123870 3.465182
0.351010 0.137145 3.821628
0.511216 0.254637 3.085809
0.669450 0.302493 3.114801
-0.066593 0.613777 4.032434
-0.103671 0.579979 4.179224
-0.253924 0.317022 3.533556
-0.447692 0.319959 3.586046
-0.310039 0.529424 4.033739
-0.140704 0.487844 4.052355
-0.331248 0.671979 3.212816
-0.428523 0.688917 3.408434
0.059724 0.851281 3.662743
0.193477 0.915521 3.731713
1.241607 0.373022 4.306758
1.488036 0.273191 4.499019
1.666716 0.221540 4.304012
1.461333 0.311986 4.015621
1.600588 0.075353 4.393327
1.727541 0.204404 4.395769
0.757713 0.527543 4.072673
0.748863 0.667161 4.264934
1.015574 0.658854 3.808832
0.717570 0.703181 3.880854
0.310795 0.496231 1.303123
0.293057 0.706077 1.315788
0.454495 0.530563 1.015343
0.404026 0.559059 1.142448
0.478153 0.548397 1.313218
0.248686 0.523000 1.893132
0.454222 0.285192 1.937993
0.269441 0.715373 2.764004
0.449571 0.786173 3.076810
0.037012 0.270487 2.911351
-0.036650 0.504595 2.897618
0.259029 0.248051 2.877813
0.280248 0.132542 2.839971
0.514440 0.460323 1.730742
0.579939 0.476116 1.948790
0.346990 0.357003 4.432434
0.226827 0.323929 4.434570
0.307832 0.377182 4.281066
0.226827 0.323929 4.434570
0.400478 0.314419 4.608181
0.280906 0.325634 4.765651
0.405930 0.250972 4.327495
0.387754 0.244339 4.545658
-0.496495 -0.865029 0.323609
0.107635 -0.864801 0.598118
0.159734 -0.864801 0.598118
-0.362877 -0.864801 0.632985
-0.345558 -0.864801 0.632985
-0.017390 -0.864877 0.470703
-0.034778 -0.864877 0.470703
0.276040 -0.865029 0.306326
-0.496495 -0.865029 0.288915
0.293416 -0.865029 0.306326
-0.223949 -0.864877 0.814472
0.101529 -0.864877 0.779854
0.118914 -0.864877 0.779854
-0.223949 -0.864877 0.779759
-0.090250 0.864801 0.650227
-0.153699 0.864877 0.745147
-0.066839 0.864877 0.745147
-0.194484 0.864801 0.745195
0.043428 0.864801 0.727932
0.043428 0.864801 0.814754
-0.246592 0.864801 0.797304
-0.090250 0.864801 0.632946
-0.380272 0.864877 0.667516
0.200531 0.864877 0.814729
0.200531 0.864877 0.762620
-0.246592 0.864801 0.779833
-0.380272 0.864877 0.632879
-0.246592 0.864801 0.745195
-0.157092 0.864877 0.488071
-0.070231 0.864877 0.488071
-0.851542 -0.586786 0.856067
-0.851542 -0.586786 0.167857
0.763332 -0.763330 0.973722
0.845497 0.763332 0.973827
0.586786 0.805858 0.856067
0.763332 0.763332 0.973722
0.845497 -0.763329 0.973827
-0.851542 0.586786 0.083095
-0.851542 -0.586786 0.083095
0.586786 0.805858 0.167857
-0.726079 0.726079 0.083095
-0.805858 0.726079 0.083095
0.548135 1.037814 -1.002396
0.548135 1.019734 0.083038
-0.170646 -0.988184 0.097122
-0.170646 -1.075999 0.175629
0.763332 -0.763330 0.973722
0.763332 0.763332 0.973722
-0.428403 -0.277651 3.640759
-0.288137 -0.240991 3.728344
-0.253618 -0.356835 3.664131
0.000558 -0.362801 2.606135
0.015502 -0.277046 2.513362
-0.000796 -0.621018 2.484523
-0.035949 -0.830177 2.118006
-0.210385 -0.613197 2.520228
-0.252786 -0.586800 2.488490
0.007939 -0.908682 3.001184
0.065797 -0.797521 3.038415
-0.096983 -0.852835 2.813806
0.034133 -0.933325 2.849816
-0.681698 -0.294091 3.457799
-0.660641 -0.347134 3.455053
-0.851986 -0.203969 3.424230
-0.861142 -0.219819 3.407750
-0.195897 -0.887758 3.398652
-0.110935 -0.807192 3.404145
-0.094554 -0.719580 3.374474
-0.119998 -0.749258 3.422691
-0.228467 -0.786289 3.469174
-0.180306 -0.808185 3.445981
-0.178932 -0.484337 1.354748
-0.170216 -0.342659 1.336285
-0.052435 -0.465446 1.449604
-0.022976 -0.464645 1.626606
-0.147477 -0.228952 1.799206
-0.133334 -0.157102 1.648297
-0.046189 -0.377999 1.819481
-0.063165 -0.545083 1.918205
-0.083812 -0.544129 2.038139
-0.157941 -0.537568 2.036918
-0.167307 -0.612962 1.797041
-0.156654 -0.501153 1.788343
-0.024005 -0.597670 2.960666
-0.089209 -0.730803 3.053135
0.068107 -0.732558 2.974094
0.079368 -0.670455 2.928318
-0.305148 0.114991 1.255505
-0.404655 0.080535 1.181805
-0.520850 -0.105814 1.244541
-0.459014 -0.051827 1.299091
-0.334473 -0.422581 2.436767
-0.101567 -0.463208 2.435699
-0.326741 -0.116441 2.804535
-0.233891 -0.160653 2.804535
-0.648276 -0.342203 2.957100
-0.639426 -0.257651 3.368172
-0.529372 -0.199686 2.844185
-0.609824 -0.304800 2.843270
-0.655746 -0.308118 3.400757
-0.655288 -0.307374 3.435242
-0.468809 -0.529522 3.213988
-0.573180 -0.446743 3.297606
-0.186088 -0.550886 2.957100
-0.128524 -0.488363 3.368172
-0.064359 -0.182148 3.427186
-0.205065 -0.095187 3.428044
-0.241721 -0.416684 2.939024
-0.267088 -0.352673 3.019285
-0.403367 -0.211451 1.380404
-0.337625 -0.196934 1.750821
-0.354739 -0.221227 1.777763
-0.232211 -0.093263 1.850089
-0.358286 0.017067 1.853752
-0.320979 0.132019 1.794853
-0.716939 -0.314703 2.600637
-0.606770 -0.183992 2.622457
-0.797626 -0.431361 2.172816
-0.813953 -0.459208 2.084773
-0.653508 -0.474977 2.388820
-0.680211 -0.412683 2.508907
-0.341267 -0.126512 1.887987
-0.238613 -0.009935 1.834276
-0.536290 -0.229135 1.940842
-0.359708 -0.023427 1.927719
-0.984056 -0.393062 2.402692
-0.962261 -0.449568 2.372342
-0.907829 -0.442015 2.268055
-0.958567 -0.448109 2.311744
-0.904258 -0.332413 2.266971
-0.986274 -0.291653 2.274600
-0.894192 -0.408358 2.403884
-0.874050 -0.362658 2.490402
-0.211518 -0.563663 1.059646
-0.176299 -0.533642 1.059264
-0.190846 -0.261831 1.061182
-0.238787 -0.293111 1.024485
-0.118614 -0.518612 3.487447
0.074245 -0.590405 3.449605
-0.112345 -0.531277 3.502401
0.058478 -0.593762 3.451741
-0.863159 -0.204630 2.993107
-0.864609 -0.071974 2.947635
-0.867353 -0.269928 2.931343
-0.748411 -0.279313 2.870918
-0.749188 -0.110444 2.894835
-0.822583 -0.047539 2.917723
-0.698179 -0.075541 3.127761
-0.697263 0.000190 3.098464
-0.170059 -0.193446 2.657389
-0.306434 -0.351737 2.304148
-0.312843 -0.366118 2.354197
-0.099220 -0.259173 2.657389
-0.178375 -0.433543 2.626719
-0.089836 -0.238326 2.626414
-0.559850 -0.335281 2.701318
-0.605435 -0.262649 2.709253
-0.518422 -0.497978 2.621057
-0.559430 -0.335128 2.654931
-0.430230 -0.388863 3.424190
-0.408524 -0.361741 3.562434
-0.263604 -0.323251 3.734553
-0.307435 -0.368379 3.732112
-0.481954 -0.146080 3.646580
-0.363064 -0.249109 3.823392
-0.432148 -0.269613 3.820645
-0.504576 -0.164467 3.713109
-0.187509 -0.108652 3.424134
-0.330332 -0.243578 3.527284
0.006014 0.518959 1.314365
0.029379 0.542076 1.163761
0.065724 0.100095 1.007977
0.023629 0.251786 1.017284
-0.118536 0.238045 1.015827
-0.106131 0.236481 1.068393
0.298852 0.795900 1.255073
0.369500 0.698969 1.121101
-0.172801 0.442636 1.847525
-0.143065 0.623415 1.439352
-0.000729 0.666483 1.445914
-0.145707 0.455416 1.632376
-0.160686 0.539682 1.569052
-0.088224 0.271662 1.881400
-0.171243 0.397920 2.067180
-0.178050 0.417146 2.030101
0.742989 0.458094 2.831916
0.765649 0.373904 2.865485
0.646592 0.484377 2.070807
0.617600 0.526034 1.917304
0.521508 0.316950 1.988563
0.598489 0.366541 1.985511
0.266419 0.691248 2.717628
0.239869 0.678507 2.668342
0.497819 0.414263 2.846869
0.407983 0.613314 2.857398
0.365461 0.277183 2.606951
0.495581 0.255745 2.627702
0.526722 0.627065 2.818604
0.459660 0.587545 2.991333
-0.571153 -0.032785 3.389077
-0.548303 -0.035570 3.465066
-0.344407 0.300543 3.498941
-0.254037 0.429347 3.447061
-0.729692 0.057528 3.357949
-0.571153 -0.032785 3.389077
-0.752618 0.111220 3.511148
-0.759866 0.103762 3.389077
-0.857741 -0.123892 3.440550
-0.651976 -0.291157 3.499449
-0.795866 0.015258 3.537901
-0.729262 -0.021477 3.551329
0.339483 0.436867 1.287368
0.280202 0.479134 1.277145
0.426000 0.568284 1.274093
0.434049 0.541962 1.216873
0.372349 0.542041 2.110909
0.248485 0.656977 1.723946
-0.601114 -0.116882 3.566859
-0.535959 -0.178432 3.542445
-0.751996 -0.360904 3.336951
-0.767408 -0.364528 3.398901
-0.881793 -0.187604 3.446023
-0.835330 -0.240113 3.387734
-0.174050 0.315903 3.004793
-0.071942 0.176304 2.238191
-0.001881 0.139187 2.113832
-0.180039 0.393265 2.899812
0.124287 0.260151 1.950868
0.115514 0.174473 2.104982
-0.097714 0.506428 2.709535
0.091587 0.566338 2.674288
-0.049629 0.476692 2.475923
0.076468 0.512417 2.460665
0.124723 0.410946 2.054170
-0.097737 0.484608 2.768282
-0.135605 0.327614 3.006014
0.135485 0.222385 2.060121
-0.013820 0.520021 4.305134
-0.138771 0.212404 3.877278
-0.356762 0.327493 3.909321
-0.179912 0.446702 4.205952
0.230931 0.090753 3.743306
0.064915 0.098077 3.665181
-0.001003 0.577127 3.366719
0.021408 0.651056 3.460713
0.579136 0.254060 3.516560
0.496624 0.199243 3.635273
0.256775 0.057510 2.897510
0.176400 0.324005 2.916431
0.012475 0.124515 3.295661
-0.036763 0.105250 3.288032
0.010924 0.573962 3.328315
0.115989 0.710872 3.357917
0.319403 0.029325 3.793289
0.299751 0.100961 3.788303
-0.163614 0.567799 3.585022
-0.155775 0.563965 3.557251
0.458498 0.249348 3.074169
0.200892 0.172234 3.076916
0.168446 0.858575 3.895283
0.574025 0.469209 4.174519
0.151585 0.860368 4.046040
0.580033 0.768358 4.145833
0.502709 0.835725 4.125081
0.196102 0.107080 3.634358
0.199765 0.088464 3.429890
0.473564 0.122665 2.897510
0.429848 0.110306 2.897510
0.467625 0.112029 3.722023
0.587559 0.196220 3.601784
0.413114 0.141134 4.109638
0.421163 0.089158 3.807819
0.390270 0.711253 3.213016
0.401676 0.719187 3.285647
0.276955 0.362359 4.251118
-0.445358 0.493801 4.051269
-0.264312 0.426777 4.173034
-0.408057 0.470861 3.434622
-0.433883 0.598997 3.748647
-0.373839 0.669874 3.788015
-0.433883 0.506987 3.416006
-0.342864 0.490164 3.382742
-0.475196 0.514425 3.410208
-0.396346 0.683989 3.255178
-0.389556 0.712866 3.423940
-0.024056 0.774427 3.829795
0.090950 0.795790 3.856345
0.368071 0.860064 4.089337
0.253935 0.846179 4.151593
0.267047 0.750283 3.422492
0.272826 0.730523 3.360541
0.033788 0.817710 4.005071
0.019950 0.870735 4.009649
0.061064 0.767537 3.693561
0.065013 0.850240 3.667621
1.355505 0.224283 4.052418
1.231909 0.564745 4.125355
1.207800 0.586908 4.157704
1.397083 0.183085 4.395736
1.467579 0.146435 4.307235
1.586065 0.130709 4.292897
1.647702 0.095661 4.413586
1.602079 0.072296 4.397412
1.699430 0.077350 4.463025
1.647702 0.095661 4.413586
0.664680 0.686469 4.215399
0.540398 0.567069 4.136054
1.030291 0.545063 4.225563
0.768984 0.641613 4.143165
1.002139 0.746098 3.850807
0.717257 0.700016 3.884376
1.386736 0.461369 4.042457
1.318682 0.301114 3.944191
1.730991 0.035745 4.676259
1.686588 0.110323 4.580739
1.469004 0.234887 4.677561
1.534922 0.175301 4.703196
1.779461 0.079745 4.785367
1.676918 0.182371 4.636287
1.696915 0.156578 4.746513
1.705307 0.096239 4.793816
0.354681 0.270334 1.107154
0.388098 0.216776 1.073127
0.354681 0.270334 1.107154
0.404997 0.340219 1.225029
0.477747 0.730498 1.976766
0.486788 0.720236 2.016744
0.183318 0.694815 2.759268
0.290701 0.719305 2.763846
-0.123909 0.478579 3.113183
-0.031045 0.640284 3.107995
-0.031717 0.240044 3.075460
-0.107573 0.492310 3.075460
0.197625 0.807476 3.007752
0.208249 0.732251 3.004090
0.531834 0.212464 2.911996
0.516003 0.207124 2.952890
0.457293 0.397401 1.780277
0.475679 0.316148 1.944004
0.638674 0.254635 3.979663
0.515802 0.291123 4.064197
0.197037 0.338146 4.476453
0.376977 0.354320 4.275342
0.385865 0.446445 4.501477
0.385865 0.446445 4.501477
0.411482 0.239569 4.548278
0.311951 0.251172 4.479907
0.437312 0.266008 4.604855
0.326878 0.232563 4.455516
0.411482 0.239569 4.548278
0.430461 0.338848 4.541439
0.491825 0.384732 4.450328
0.467607 0.308910 4.522742
0.162606 0.682614 4.556201
0.215229 0.618298 4.409411
-0.362089 -0.453957 3.692054
-0.749586 -0.784055 0.907287
-0.749586 -0.784055 0.867385
0.749586 -0.784055 0.266475
0.749586 -0.784055 0.306376
0.778967 -0.695486 0.083742
0.778967 -0.754614 0.083742
-0.749586 0.784055 0.907287
-0.778959 0.754682 0.907287
0.749586 0.784055 0.266475
0.778959 0.754758 0.266475
0.690466 0.695562 0.083742
0.690466 0.783987 0.083742
-0.805858 -0.726079 0.907756
-0.805858 -0.726079 0.173503
0.805858 -0.586786 0.856067
-0.805858 0.726079 0.907756
-0.726079 0.726079 0.907756
0.586786 0.851542 0.083095
0.586786 0.851542 0.167857
0.805858 -0.586786 0.167857
0.851542 0.586786 0.167857
0.805858 0.586786 0.167857
-0.586786 -0.805858 0.167857
-0.586786 -0.805858 0.083095
-0.206089 -0.961468 0.115493
-0.206089 -1.102841 0.189679
-0.170646 0.988019 0.129531
0.170646 0.988019 0.129531
-0.531361 -0.865029 0.358380
-0.531361 -0.865029 0.271539
0.287367 -0.864877 0.598163
-0.380272 -0.864801 0.632946
-0.241297 -0.865029 0.306326
-0.258711 -0.865029 0.306326
0.200487 -0.864877 0.598163
-0.380272 -0.864801 0.598118
-0.345558 -0.864801 0.615513
-0.362877 -0.864801 0.615513
-0.293376 -0.864877 0.797230
-0.293376 -0.864877 0.745121
0.043429 -0.864801 0.727779
0.043429 -0.864801 0.814602
-0.142330 0.864801 0.632946
-0.066839 0.864877 0.727752
-0.153699 0.864877 0.727752
-0.142330 0.864801 0.615513
0.351574 0.864877 0.341000
0.086856 0.864877 0.488077
0.069471 0.864877 0.488077
-0.153694 0.864801 0.340987
-0.118923 0.864801 0.340987
-0.310773 0.865029 0.271555
-0.136300 0.864877 0.814568
-0.136300 0.864877 0.762535
-0.293378 0.865029 0.271555
0.334217 0.864877 0.341000
3214 3215
86 87
96 97
3434 3435
3134 3135
3210 3211
788 789
1820 1821
2845 2846
2330 2331
2358 2359
3425 3426
770 771
699 700
1884 1885
2572 2577
328 329
2847 2848
338 339
92 93
708 709
1629 1630
1886 1887
3212 3213
3430 3431
2570 2571
2669 2677
2896 2904
1856 1857
1604 1605
692 693
760 761
764 765
3208 3209
1832 1833
88 89
2354 2355
774 775
1615 1616
2666 2667
698 701
694 695
3756 3757
3128 3129
1561 1562
2844 2852
2673 2674
2900 2901
330 331
3422 3427
3418 3419
3758 3763
3122 3123
3124 3125
1875 1876
2894 2895
2761 2762
3153 3154
1560 1595
3171 3172
3013 3014
2575 2576
64 65
3317 3318
2614 2643
216 217
548 549
2290 2292
3100 3101
2860 2861
3329 3330
3149 3150
1836 1837
324 327
3186 3187
3272 3273
3309 3310
2759 2760
42 43
3110 3111
3139 3140
3197 3198
3155 3156
3188 3189
2995 2996
16 17
2 3
1834 1835
206 207
3441 3442
3603 3604
2244 2245
1043 1044
2555 2556
3483 3484
3491 3492
38 39
62 63
94 95
3062 3063
1126 1127
2600 2635
46 47
246 247
3193 3194
162 163
2678 2679
3116 3117
2533 2534
3327 3328
2907 2908
2566 2567
2719 2720
1631 1632
1058 1059
3132 3133
3338 3340
1543 1544
3147 3148
3497 3498
3108 3109
3372 3373
3206 3207
3357 3358
1633 1634
32 33
128 129
3244 3245
3248 3249
12 13
3341 3342
132 133
58 59
3683 3688
2620 2621
3337 3339
3138 3201
710 711
2060 2061
3770 3771
784 785
30 31
1838 1839
3181 3182
3246 3247
3323 3324
404 405
156 157
3355 3356
358 359
3130 3131
3648 3662
2047 2048
1254 1255
1527 1570
22 23
3370 3371
44 45
78 79
3363 3364
3098 3099
568 569
3658 3659
170 171
280 281
66 67
256 257
3195 3196
3293 3294
1542 1581
3126 3127
0 1
3325 3326
506 507
3299 3302
2638 2639
3159 3160
3136 3137
630 631
3697 3698
3695 3696
152 153
252 253
800 801
1702 1752
258 259
3175 3176
3622 3623
3165 3166
2557 2558
2541 2542
2560 2561
2645 2646
3008 3056
102 103
70 71
3169 3170
48 49
918 919
3635 3636
270 271
2729 2730
14 15
2731 2732
2009 2053
3315 3316
3335 3336
72 73
2530 2552
134 135
3157 3158
544 545
1268 1269
3595 3596
428 429
3511 3512
250 251
1802 1805
2828 2831
220 221
68 69
3118 3119
3177 3178
3183 3184
2010 2011
3300 3301
3645 3646
350 353
1034 1035
496 497
1118 1119
3719 3720
1693 1694
3104 3105
1555 1592
76 77
116 117
262 263
1553 1554
10 11
396 397
1272 1273
3331 3332
554 559
28 29
1573 1574
160 161
2264 2265
1216 1217
1579 1580
3120 3121
2721 2722
3204 3205
588 589
1545 1546
2603 2604
1987 1988
54 55
3626 3627
60 61
4 5
2246 2247
230 231
1717 1759
3374 3375
194 195
3730 3731
3185 3190
276 277
218 219
180 181
3291 3292
2568 2569
648 649
3000 3054
2833 2834
2879 2880
56 57
538 539
2016 2059
142 143
182 183
2605 2606
3216 3217
2553 2554
1747 1748
3361 3362
2918 2919
1320 1321
1248 1249
186 187
1695 1698
3479 3480
82 83
3319 3320
2293 2294
34 35
478 479
1149 1150
348 349
2213 2214
98 99
898 899
2334 2335
2704 2773
2578 2627
560 561
596 599
1920 1921
594 595
3663 3664
1214 1215
274 275
3378 3379
1703 1753
222 223
6 7
1190 1191
1547 1584
2122 2127
1046 1047
20 21
1563 1564
2594 2595
1824 1825
2623 2624
1585 1586
2543 2544
3555 3556
892 893
1706 1707
50 51
3145 3146
1681 1682
1074 1075
2856 2857
1874 1879
2893 2897
782 783
2366 2367
3351 3352
3729 3732
3386 3387
3581 3582
74 75
2608 2609
104 105
2584 2585
3199 3200
1571 1572
830 831
3114 3115
140 141
52 53
662 663
3541 3542
234 235
2222 2223
3167 3168
2742 2743
526 527
2631 2632
254 255
108 109
3226 3227
1357 1358
260 261
3365 3366
458 459
642 643
2989 3049
1621 1622
3525 3526
146 147
562 563
1154 1155
1714 1758
3705 3706
2546 2547
1593 1594
351 352
622 623
282 283
1710 1711
3625 3628
1340 1343
2748 2749
2140 2141
3010 3011
1539 1540
555 556
3652 3653
876 877
986 987
2750 2791
2268 2269
80 81
2013 2057
925 926
3143 3144
1996 2052
1966 1968
178 179
112 113
1667 1668
36 37
114 115
3617 3618
522 523
1647 1729
3347 3348
8 9
860 861
3094 3095
597 598
360 361
3699 3700
676 677
670 671
1655 1656
2248 2249
2770 2771
3384 3385
130 131
1181 1182
634 635
1906 2024
144 145
204 205
2573 2574
3465 3466
2598 2599
1298 1305
3001 3004
1138 1139
2990 2991
3565 3570
198 199
2942 3032
2548 2549
264 265
2708 2712
3218 3219
856 857
414 415
416 417
3499 3500
1927 1928
923 924
862 863
444 445
378 379
1315 1316
1756 1757
214 215
3693 3694
166 167
3656 3657
2205 2206
3585 3586
3621 3624
1659 1660
2680 2681
3527 3528
1530 1531
1981 1986
2612 2613
1096 1097
492 493
1596 1597
1134 1135
656 657
3717 3718
1567 1568
154 155
120 121
3230 3231
616 617
3591 3592
1917 1918
2250 2255
3191 3192
3222 3223
400 401
2592 2593
920 921
1912 1913
3725 3726
1176 1183
3629 3630
584 585
3173 3174
3305 3306
188 189
3102 3103
1590 1591
3382 3383
2607 2640
620 621
3359 3360
242 243
2756 2757
2745 2746
1636 1720
202 203
3321 3322
2688 2689
2615 2616
2266 2267
3563 3564
422 423
244 245
3280 3281
3461 3462
1606 1607
124 125
340 341
1699 1700
3282 3283
3615 3616
814 815
874 875
552 553
1364 1365
384 385
3295 3296
3349 3350
1314 1319
3639 3640
1638 1639
3471 3472
392 393
1344 1345
988 989
1671 1739
1995 2051
3503 3504
3671 3672
462 465
3545 3546
1317 1318
18 19
1022 1023
3005 3055
1220 1221
40 41
3436 3437
136 137
3741 3742
2219 2220
564 565
572 573
1010 1011
3266 3267
1226 1227
3343 3344
3463 3464
2690 2769
608 609
612 613
2753 2792
3242 3243
3589 3590
914 915
3493 3494
510 511
2251 2252
1984 1985
3303 3304
1068 1069
2788 2789
1931 1932
3509 3510
2307 2308
580 581
3353 3354
3096 3097
3141 3142
2978 3046
1582 1583
3179 3180
1549 1550
2654 2655
3575 3576
2737 2786
557 558
508 509
2997 2998
196 197
386 387
1132 1133
2877 2878
3768 3769
904 905
3228 3229
2934 2935
1588 1589
342 343
1012 1013
410 411
1653 1654
3163 3164
3447 3448
3151 3152
3559 3560
2738 2787
3489 3490
2528 2529
2272 2273
176 177
448 449
968 969
374 375
3270 3271
824 825
3313 3314
2741 2744
2628 2629
1991 1992
486 487
524 525
3345 3346
1810 1811
1862 1863
3633 3634
232 233
3557 3558
2539 2540
3727 3728
240 241
468 469
3250 3251
536 537
1962 2044
440 441
1892 1893
674 675
24 25
3647 3649
3220 3221
184 185
2123 2124
1993 1994
2999 3053
2696 2697
2705 2706
3202 3203
272 273
3060 3061
1737 1738
1336 1337
3566 3567
174 175
1976 1977
2984 2986
3438 3743
3612 3613
542 543
2551 2563
3234 3235
1230 1231
3275 3276
356 357
1641 1642
576 577
2166 2167
2350 2351
2891 2892
3711 3712
984 985
3021 3059
1925 2029
3009 3016
2724 2780
2228 2229
3161 3162
2767 2768
628 629
1565 1566
2550 2562
344 345
248 249
406 407
3252 3253
3459 3460
2695 2772
412 413
2545 2559
3547 3548
1688 1689
1743 1744
994 995
3278 3279
2826 2827
2763 2764
550 551
3529 3530
2707 2774
200 201
3367 3368
1136 1137
3286 3287
278 279
2364 2365
1822 1823
2851 2854
2902 2903
780 781
224 225
2610 2611
106 107
1923 1924
1144 1148
1121 1122
3507 3508
2586 2587
2178 2179
3669 3670
238 239
2209 2210
1236 1237
1242 1243
1663 1664
2958 2959
1637 1721
390 391
582 583
3501 3502
472 475
3531 3532
3583 3584
2713 2714
172 173
228 229
3236 3237
2641 2642
2116 2117
1274 1275
3485 3486
1701 1751
3106 3107
3238 3239
3619 3620
489 490
2288 2289
504 505
1576 1577
606 607
158 159
3675 3676
3445 3446
2238 2239
3611 3614
930 931
3297 3298
1310 1311
398 399
1558 1559
3701 3702
1953 1954
3475 3476
1963 2045
2992 2993
3254 3255
880 881
2154 2155
2253 2254
3439 3440
2982 2983
2684 2687
3240 3241
1536 1537
3736 3737
1989 1990
1665 1666
942 943
592 593
2564 2565
3380 3381
1054 1055
1602 1603
2960 2961
476 477
2324 2325
3376 3377
2636 2637
1812 1813
1184 1185
3593 3594
3112 3113
1971 1972
1679 1680
1723 1724
1675 1676
3631 3632
600 601
900 901
3733 3734
1608 1635
808 809
2656 2657
990 991
2921 2922
3673 3674
2782 2783
366 367
482 483
870 871
2691 2692
2923 2924
2581 2630
3686 3687
236 237
192 193
2951 2953
2596 2597
3432 3433
1556 1557
1228 1229
2980 2981
1030 1031
3453 3454
1749 1750
3288 3289
2633 2634
650 651
502 503
680 681
1252 1253
566 567
1651 1652
1123 1124
1844 1851
3232 3233
1186 1187
268 269
190 191
668 669
1064 1065
1244 1245
148 149
408 409
3311 3312
1177 1178
624 625
3333 3334
452 453
672 673
1649 1730
3469 3470
2849 2850
2601 2602
866 867
2318 2319
790 791
2617 2644
2912 2913
402 403
3715 3716
2778 2779
110 111
284 285
1526 1569
516 517
3030 3031
2150 2151
118 119
1162 1163
1362 1363
894 895
590 591
122 123
578 579
2650 2651
2725 2726
966 967
644 645
2531 2532
210 211
3739 3740
1352 1353
212 213
2226 2227
2579 2580
2104 2105
1301 1302
1024 1025
388 389
3002 3003
3568 3569
266 267
1947 1948
2938 2939
1532 1533
1534 1535
3495 3496
1946 2038
1080 1081
1354 1355
164 165
3274 3277
3038 3039
138 139
3650 3651
654 655
1312 1313
3264 3265
1002 1003
3258 3259
1733 1734
1018 1019
2618 2619
3481 3482
346 347
2280 2291
2838 2839
2885 2886
1548 1587
766 767
768 769
466 467
1026 1027
1299 1300
2230 2231
2734 2785
802 803
1704 1705
1524 1525
2733 2784
1368 1369
1982 1983
2164 2165
1657 1731
2943 3033
3666 3667
1060 1061
480 481
494 495
1690 1691
3519 3520
446 447
2693 2694
1188 1189
3533 3534
2194 2195
2685 2686
420 421
3477 3478
2926 3026
454 455
1692 1746
2174 2175
2876 2909
2931 3029
26 27
2005 2008
1866 1867
2963 3042
1864 1865
3735 3738
1322 1323
3537 3540
2709 2777
150 151
2588 2589
540 541
430 431
2987 2988
500 501
884 885
2936 2937
2979 3047
1685 1745
1967 2046
368 369
1997 1998
3260 3261
2198 2199
2039 2040
2739 2740
518 519
1973 1974
2240 2241
3505 3506
1218 1219
3573 3574
1048 1049
3605 3606
1683 1684
3703 3704
2700 2701
1270 1271
2256 2259
632 633
2954 2956
2152 2153
886 887
3517 3518
666 667
463 464
2283 2284
3577 3578
2196 2197
1052 1053
868 869
938 939
3609 3610
473 474
2944 2945
1246 1247
2160 2161
1625 1626
2853 2855
704 705
336 337
90 91
1882 1883
1969 1970
1142 1143
1145 1151
3256 3257
602 603
970 971
2006 2007
626 627
1050 1051
1842 1843
758 759
3754 3755
1170 1171
1888 1889
574 575
288 293
3774 3778
2814 2815
289 290
295 296
724 725
1791 1797
2391 2392
2457 2458
2492 2493
2817 2818
3064 3065
3403 3404
3787 3788
749 750
3416 3417
733 738
1771 1777
2462 2463
2522 2523
1451 1452
1490 1491
1374 1387
1414 1415
1492 1493
2406 2407
2488 2489
2459 2467
1778 1779
2374 2375
3078 3079
2082 2092
3772 3773
1764 1765
2455 2456
2797 2798
2799 2802
3066 3067
3080 3084
3406 3407
3784 3785
614 615
3681 3682
1686 1687
1926 1930
2698 2699
2142 2147
3543 3544
2710 2711
2946 3034
528 529
1528 1529
2110 2111
2964 2965
702 703
706 707
1623 1624
1627 1628
2675 2676
3761 3762
3766 3767
332 333
334 335
776 777
2898 2899
1062 1063
2360 2361
1194 1195
226 227
3024 3025
2118 2119
928 929
646 647
2905 2906
1658 1732
2775 2776
2276 2277
1334 1335
3017 3018
2148 2149
570 571
2356 2357
2370 2371
1028 1029
434 435
3043 3044
696 697
3420 3424
3421 3423
1826 1827
1617 1618
2368 2369
2668 2670
2858 2859
1264 1265
2994 3050
1696 1697
1661 1735
3535 3536
436 437
1538 1575
1904 1905
922 927
1955 2041
2285 2295
1951 1952
3307 3308
1128 1129
1830 1831
1619 1620
2352 2353
3759 3760
772 773
3428 3429
532 533
2952 3037
3587 3588
1956 1957
910 911
2590 2591
126 127
1303 1304
1907 1908
438 439
2957 3041
896 897
382 383
3473 3474
3051 3052
1098 1099
1613 1614
3597 3598
3707 3708
2168 2169
912 913
610 611
3721 3722
964 965
1643 1644
1066 1067
426 427
1896 2020
1072 1073
640 641
1166 1167
1669 1670
3641 3642
3467 3468
470 471
530 531
1092 1093
1975 1978
3660 3661
3691 3692
1006 1007
636 637
1202 1203
3599 3600
3284 3285
1276 1277
618 619
3551 3554
1370 1371
1350 1351
3552 3553
1042 1045
3709 3710
1911 1914
534 535
1945 2037
3262 3263
2664 2665
376 377
1949 1950
2326 2327
1648 1650
2430 2431
2800 2801
1404 1405
1482 1483
304 305
1766 1767
1100 1101
2967 2968
2035 2036
1854 1855
2832 2837
2300 2301
1806 1807
2200 2201
1898 1899
932 933
818 819
2747 2790
370 373
1673 1674
908 909
3523 3524
2224 2225
1814 1815
1677 1678
3513 3514
2985 3048
2217 2218
1741 1742
100 101
3515 3516
1916 2028
1120 1125
1112 1113
1088 1089
2017 2058
2932 2933
1038 1039
2751 2752
2260 2261
1014 1015
2915 2916
638 639
432 433
1196 1197
1206 1207
2170 2171
2344 2345
3677 3678
1902 1903
1104 1105
1942 2034
1943 1944
1960 1961
1016 1017
1940 1941
3607 3608
424 425
864 865
3601 3602
512 513
2723 2781
804 805
3549 3550
1342 1366
816 817
2120 2121
2348 2349
2338 2339
380 381
3455 3456
1338 1339
546 547
1280 1291
1852 1853
1818 1819
2181 2182
1130 1131
3290 3369
1306 1307
1056 1057
2156 2157
2535 2536
1341 1356
2014 2015
686 687
2862 2863
2868 2869
3443 3444
756 757
762 763
2314 2315
2320 2321
2864 2865
2866 2867
2872 2873
3748 3749
418 419
2286 2287
1296 1297
1158 1159
2128 2129
1360 1361
678 679
2974 2975
2715 2716
456 457
3457 3458
906 907
2949 2950
2702 2703
2143 2144
3579 3580
1084 1085
3449 3450
962 963
842 843
2134 2135
1222 1223
3006 3007
2914 2917
2940 2941
1933 1934
1937 1938
1672 1740
820 821
3224 3225
2735 2736
826 827
1285 1286
3679 3680
1964 1965
2372 2373
1457 1458
1448 1449
2460 2461
2090 2091
1287 1288
2302 2309
1328 1329
2158 2159
1240 1241
1308 1309
3561 3562
840 841
2234 2235
3689 3690
958 959
3637 3638
858 859
2658 2659
604 605
364 365
2270 2271
394 395
520 521
460 461
2910 2911
1808 1809
712 713
1858 1859
2332 2333
3538 3539
2342 2343
714 715
723 726
1792 1793
2085 2093
2396 2397
2502 2503
2804 2807
2820 2823
3073 3075
3087 3091
3405 3415
3411 3412
3782 3783
3389 3390
1380 1381
1375 1386
1402 1403
1480 1481
1412 1413
1432 1433
2083 2087
2821 2822
2500 2501
1794 1795
2816 2819
735 737
2070 2071
2418 2419
2432 2433
2498 2499
3069 3071
3796 3797
1152 1153
1890 1891
992 993
998 999
2187 2188
890 891
1860 1861
1915 2027
3268 3269
1234 1235
1110 1111
2278 2279
1106 1107
168 169
484 485
2162 2163
996 997
974 977
2976 2977
1872 1873
1979 1980
1032 1033
2204 2221
2184 2185
1140 1141
846 847
956 957
2130 2131
1200 1201
2972 2973
1662 1736
3665 3668
1551 1552
838 839
1260 1261
1036 1037
2340 2341
1958 1959
2236 2237
514 515
450 451
1020 1021
2970 2971
1160 1161
3521 3522
882 883
2274 2275
1929 2030
3684 3685
2362 2363
325 326
778 779
3764 3765
1828 1829
1880 1881
2671 2672
1877 1878
2881 2882
1250 1251
3654 3655
2172 2173
940 941
1760 1761
2929 2930
2622 2647
371 372
2176 2177
1086 1087
948 949
2031 2032
660 661
3723 3724
658 659
1258 1259
1803 1804
2108 2109
2754 2755
586 587
664 665
1359 1367
1646 1728
2190 2191
888 889
1164 1165
1156 1157
1192 1193
1726 1727
3571 3572
3713 3714
2947 3035
1040 1041
934 935
1283 1284
442 443
1645 1725
1800 1801
1845 1846
3750 3751
2582 2583
1840 1841
2870 2871
3752 3753
754 755
2232 2233
2727 2728
208 209
1281 1282
2328 2329
1004 1005
2136 2137
1212 1213
1278 1279
1090 1091
2054 2055
498 499
1919 1922
2114 2115
1172 1173
1600 1601
752 753
682 683
684 685
688 689
690 691
1847 1848
1849 1850
3744 3745
3746 3747
2312 2313
2112 2113
1108 1109
1208 1209
982 983
2186 2189
1292 1293
1238 1239
652 653
1754 1755
2758 2793
850 851
2077 2078
319 320
2074 2075
736 741
1784 1785
2927 2928
84 85
2322 2323
2648 2649
2180 2183
2316 2317
2652 2653
2874 2875
1712 1713
1868 1869
1210 1211
3012 3057
2242 2243
1070 1071
1146 1147
2310 2311
798 799
3027 3028
2835 2836
1198 1199
1078 1079
1174 1175
944 945
1640 1722
2955 3040
828 829
794 795
1999 2000
1224 1225
716 722
2472 2473
3775 3779
1763 1772
2065 2076
2494 2495
3081 3088
3092 3093
1455 1464
1372 1373
1476 1477
1398 1399
312 316
746 747
2474 2475
2526 2527
3793 3794
720 721
2451 2452
3398 3401
1780 1781
3388 3396
2084 2098
2453 2454
2470 2471
744 745
3410 3414
3487 3488
1168 1169
3015 3058
796 797
1204 1205
1094 1095
488 491
354 355
2202 2203
2962 2966
2298 2299
786 787
2102 2103
978 979
1708 1709
1000 1001
1346 1347
916 917
950 951
852 853
3019 3020
2192 2193
2215 2216
1715 1716
2042 2043
952 953
2948 3036
848 849
792 793
832 833
1897 2021
1895 2019
2106 2107
960 961
3643 3644
812 813
954 955
2889 2890
1179 1180
902 903
806 807
1330 1331
1326 1327
2840 2841
2887 2888
1870 1871
362 363
2829 2830
972 973
834 835
2257 2258
872 873
2660 2661
2094 2095
3451 3452
2380 2386
311 318
1466 1467
1446 1447
2468 2469
308 313
2099 2100
2080 2081
1462 1463
2145 2146
2381 2382
1114 1115
810 811
2682 2683
1294 1295
2001 2002
2012 2056
1232 1233
2296 2297
2211 2212
1894 2018
1262 1263
1266 1267
2336 2337
2717 2718
2022 2023
1256 1257
822 823
975 976
1935 1936
2025 2026
2281 2282
1102 1103
854 855
2303 2304
1076 1077
1116 1117
2794 2795
980 981
2537 2538
936 937
1289 1290
2765 2766
2400 2401
2426 2427
2440 2441
2444 2445
2480 2481
2512 2513
2514 2515
2516 2517
2520 2521
1484 1485
1486 1487
1500 1501
1470 1471
1496 1497
1510 1511
1514 1515
1516 1517
1518 1519
1520 1521
1468 1469
1504 1505
1474 1475
1384 1385
1392 1393
1394 1395
1396 1397
1406 1407
1416 1417
1418 1419
1422 1423
1426 1427
1428 1429
1436 1437
1438 1439
1442 1443
1494 1495
2482 2483
2394 2395
2402 2403
2408 2409
2412 2413
2416 2417
2420 2421
2428 2429
2436 2437
2448 2449
2476 2477
2478 2479
2490 2491
2504 2505
2506 2507
2518 2519
1909 1910
3408 3413
1787 1788
2438 2439
2450 2466
2796 2808
3085 3086
3786 3789
2387 2390
3776 3777
302 303
306 307
309 310
314 315
730 731
732 739
734 748
740 751
742 743
1773 1774
1782 1783
2096 2097
2378 2379
2404 2405
2422 2423
2434 2435
2464 2465
2486 2487
2496 2497
3068 3070
3795 3798
3082 3083
2805 2806
1382 1383
1400 1401
1410 1411
1434 1435
1450 1465
1454 1456
1472 1473
1478 1479
1488 1489
1506 1507
1512 1513
1378 1379
1390 1391
1453 1461
1376 1377
1408 1409
1424 1425
1430 1431
1440 1441
1459 1460
1502 1503
1508 1509
291 292
718 719
3393 3394
2424 2425
2484 2485
2524 2525
3399 3400
3791 3792
297 299
1762 1776
1768 1775
1789 1790
2064 2079
2068 2069
2088 2101
2442 2443
2510 2511
2803 2809
3072 3077
3074 3076
3395 3397
2086 2089
1769 1770
286 287
294 298
717 729
2383 2393
2384 2385
2398 2399
2410 2411
2812 2813
3790 3799
2508 2509
300 301
2376 2377
2824 2825
3089 3090
3391 3392
3780 3781
1786 1796
322 323
1388 1389
1420 1421
1444 1445
1498 1499
1522 1523
317 321
1798 1799
2810 2811
2446 2447
727 728
2066 2067
2072 2073
2388 2389
2414 2415
3402 3409
2969 3045
836 837
2062 2063
1541 1578
1324 1325
2842 2843
844 845
2920 2925
3022 3023
2207 2208
2003 2004
1348 1349
1718 1719
2883 2884
2132 2133
1900 1901
1609 1610
1611 1612
1939 2033
2662 2663
2049 2050
1008 1009
1816 1817
2262 2263
946 947
2346 2347
1598 1599
2625 2626
2305 2306
878 879
1332 1333
1082 1083
2125 2126
2138 2139
