7902265795160533902 4255 2784
-0.022928 0.121051 1.726576
-0.032977 0.120900 1.712739
-0.051886 0.114451 1.680572
-0.073716 0.098581 1.700325
-0.098108 0.045448 1.707960
-0.021949 0.122230 1.729825
0.000000 0.125349 1.730394
-0.086104 0.069170 1.754387
-0.077462 0.078475 1.722564
-0.086554 0.071360 1.735423
-0.045881 0.115988 1.683761
-0.048813 0.111568 1.679445
-0.053650 0.106601 1.682882
-0.038178 0.118622 1.697641
0.000000 0.121053 1.728531
-0.020169 0.118137 1.727399
-0.053759 0.112740 1.681375
-0.062717 0.111466 1.683597
-0.104751 0.033738 1.738736
-0.109238 0.021009 1.757501
-0.085745 0.072650 1.753613
-0.010704 0.124672 1.730624
-0.087346 0.073053 1.741719
-0.041503 0.110156 1.749437
-0.053759 0.112740 1.681375
-0.061778 0.097729 1.750672
-0.105137 0.012671 1.710482
-0.091760 0.044390 1.695281
0.045501 0.116316 1.698112
-0.063537 0.103258 1.666724
0.021949 0.122230 1.729826
0.000000 0.121092 1.748305
0.084910 0.067078 1.741045
-0.050712 0.118576 1.670892
0.080001 0.080093 1.722628
-0.050010 0.118828 1.673105
-0.053042 0.116162 1.678763
0.045881 0.115988 1.683761
0.048813 0.111568 1.679445
-0.086063 0.080779 1.724335
-0.089733 0.071530 1.739673
-0.089285 0.070577 1.744299
0.038178 0.118622 1.697641
-0.078921 0.065950 1.752000
0.020883 0.120954 1.727812
0.020169 0.118137 1.727399
0.051886 0.114451 1.680572
0.079938 0.082861 1.723360
0.024530 0.121537 1.728460
0.085745 0.072650 1.753613
-0.057974 0.093228 1.666564
0.087346 0.073053 1.741719
-0.086647 0.038925 1.691525
0.041503 0.110156 1.749437
0.040112 0.119153 1.698524
-0.075085 0.095087 1.706266
-0.053927 0.113242 1.681609
0.076985 0.082973 1.752135
-0.049987 0.116669 1.676071
-0.043542 0.112922 1.670601
-0.051727 0.103718 1.662118
-0.000000 0.131578 1.606561
-0.000001 0.146002 1.628138
0.041666 0.143286 1.633812
0.033229 0.138399 1.618148
0.023336 0.125565 1.603722
0.000000 0.121933 1.595072
0.000016 0.149583 1.629315
0.045339 0.112863 1.607839
0.047170 0.128107 1.611012
0.009750 0.107748 1.594440
0.030497 0.120042 1.596882
0.016401 0.151733 1.666213
-0.069537 0.097615 1.700750
0.037703 0.138695 1.644234
-0.073727 0.094667 1.707155
0.053543 0.123018 1.629219
0.053918 0.118233 1.622589
0.048957 0.132318 1.617351
-0.084607 0.073662 1.732946
-0.082803 0.069765 1.734499
-0.072330 0.075279 1.727128
0.003674 0.163296 1.671846
-0.000001 0.164418 1.670643
-0.083497 0.074196 1.733097
-0.076893 0.067650 1.736074
0.047423 0.134735 1.616710
0.003438 0.164242 1.669863
0.016015 0.122995 1.596891
-0.109884 0.020205 1.743822
0.000000 0.152632 1.639858
-0.015235 0.146470 1.626980
-0.015256 0.133288 1.606734
-0.044947 0.134429 1.638817
-0.044096 0.142073 1.627672
0.000001 0.151072 1.639784
-0.031529 0.132009 1.609531
0.000000 0.130464 1.601842
-0.020231 0.148026 1.636220
-0.045339 0.112863 1.607839
-0.050963 0.115219 1.614773
-0.015660 0.118717 1.593422
-0.000000 0.118332 1.592348
-0.030497 0.120042 1.596882
-0.007653 0.162543 1.669555
-0.014987 0.158739 1.660339
-0.111005 0.013538 1.742637
-0.048446 0.136321 1.623294
-0.048957 0.132318 1.617351
-0.000001 0.164418 1.670643
-0.000001 0.120576 1.592880
-0.045743 0.130579 1.610721
-0.020959 0.150007 1.637530
0.000008 0.159901 1.654997
-0.095290 0.062967 1.754485
-0.109429 -0.072400 1.759831
-0.108523 -0.074286 1.733345
-0.105189 -0.073652 1.721696
-0.095492 -0.089873 1.721571
-0.119599 -0.028180 1.759699
-0.028918 0.116380 1.599324
-0.120698 -0.028818 1.754171
-0.051950 0.095643 1.607927
-0.116270 -0.045517 1.729617
-0.117595 -0.029219 1.718085
-0.108376 -0.043761 1.715930
-0.085080 0.033678 1.630193
-0.116879 0.001453 1.761444
-0.038949 0.116660 1.604743
-0.016867 0.108431 1.593035
-0.058251 0.088848 1.620374
-0.048259 0.063767 1.609013
-0.038533 0.063664 1.607520
-0.119178 0.014246 1.756556
-0.122174 0.006328 1.745227
-0.120303 -0.008656 1.724228
-0.056759 0.025847 1.627024
-0.112195 0.003772 1.706317
-0.100127 -0.055582 1.718481
-0.046282 0.109309 1.609957
-0.103689 -0.027527 1.771758
-0.109920 -0.054853 1.769655
-0.103014 -0.025438 1.767660
-0.116164 0.005009 1.733524
-0.112215 0.005113 1.707586
-0.008609 -0.108891 1.653352
-0.102461 0.013581 1.709224
-0.037798 -0.098203 1.652738
-0.047045 -0.091072 1.652954
-0.062738 -0.067423 1.653289
-0.121318 0.008458 1.748940
-0.066172 -0.045549 1.658479
-0.066007 -0.022970 1.650471
-0.107387 0.027094 1.757372
-0.098275 -0.095693 1.762060
-0.038886 0.057780 1.610251
-0.012941 0.075464 1.628189
-0.091141 -0.095926 1.722283
-0.005204 0.082833 1.626066
0.000000 0.088996 1.596578
0.000000 -0.093157 1.673960
-0.089462 -0.101986 1.726045
-0.084159 -0.092830 1.773034
-0.081307 -0.103330 1.737265
-0.057707 -0.023619 1.655323
-0.031814 0.047507 1.635852
0.000000 0.097383 1.595824
0.000000 0.090755 1.593487
-0.031128 0.078654 1.600335
-0.044121 0.059884 1.608890
-0.054772 0.038946 1.617848
-0.065486 0.000066 1.630832
-0.075313 -0.021615 1.641694
-0.076891 -0.033376 1.646524
-0.075589 -0.045015 1.655585
-0.067345 -0.073552 1.656487
-0.060431 -0.085573 1.657225
-0.051943 -0.096840 1.657527
-0.031411 -0.110387 1.657317
0.000000 -0.117842 1.657965
-0.014389 0.087496 1.595375
-0.072876 -0.044933 1.648667
-0.103790 0.014496 1.716233
-0.107531 0.021359 1.744363
0.000000 -0.112861 1.652699
0.099925 -0.086893 1.770066
-0.015850 0.093824 1.598217
0.101972 -0.091244 1.735239
-0.050008 -0.094893 1.661503
0.089532 -0.087703 1.721907
0.109668 -0.054780 1.769529
0.115374 -0.026674 1.766211
0.117585 -0.044790 1.756471
0.116277 -0.045519 1.729611
0.116519 -0.018785 1.713183
0.104861 -0.014851 1.711566
0.000000 -0.115793 1.663071
0.112542 -0.007916 1.708818
0.121976 -0.005473 1.744314
0.120303 -0.008656 1.724228
0.105324 -0.003805 1.709028
0.122465 -0.004248 1.751665
0.112597 -0.029402 1.770244
0.098212 -0.052427 1.771376
0.104807 0.008087 1.762048
0.000000 0.061659 1.633099
-0.012941 0.075464 1.628189
0.000000 -0.093157 1.673960
0.116009 0.001140 1.710167
0.119151 0.001336 1.722263
-0.046530 -0.072197 1.668048
-0.057707 -0.023619 1.655323
0.121239 0.010242 1.753866
0.120652 0.010903 1.752305
0.008609 -0.108891 1.653352
0.027232 -0.103493 1.652716
0.116351 0.018673 1.756844
0.093693 -0.091804 1.771804
0.055848 -0.079935 1.653240
0.060354 -0.064676 1.661116
0.066172 -0.045549 1.658479
0.084663 -0.091722 1.721924
0.088146 -0.095680 1.770983
0.068860 -0.021115 1.641580
0.091768 -0.099957 1.761918
0.038889 0.057781 1.610249
0.082830 -0.097277 1.722395
0.013399 0.086179 1.598305
0.081307 -0.103330 1.737265
0.017670 -0.089614 1.672690
0.046530 -0.072197 1.668048
0.059406 -0.043276 1.660781
0.031814 0.047507 1.635852
0.000000 0.094483 1.592168
0.031128 0.078654 1.600333
0.031001 0.080526 1.604748
0.049041 0.051598 1.617913
0.046496 0.048369 1.612466
0.068848 0.000456 1.632309
0.076351 -0.031823 1.650908
0.073251 -0.033046 1.644688
0.072563 -0.059462 1.653497
0.067025 -0.073517 1.657927
0.051531 -0.096349 1.656345
0.042299 -0.104368 1.659297
0.116009 0.001140 1.710167
0.000000 -0.117842 1.657965
0.105324 0.016203 1.723225
0.107531 0.021359 1.744363
0.064972 -0.070226 1.652550
0.054236 -0.112071 1.690876
0.007153 -0.132310 1.708647
-0.000002 -0.140388 1.715568
0.040801 -0.105453 1.658656
0.023679 -0.112597 1.659762
0.055725 -0.089261 1.658521
0.073947 -0.052959 1.649501
0.014025 -0.137770 1.710023
0.007809 0.096531 1.596334
0.015850 0.093824 1.598217
0.071834 -0.058811 1.658861
0.058040 -0.084061 1.661066
0.018060 -0.130385 1.703210
0.040981 -0.102338 1.661780
0.026637 -0.121677 1.684845
0.032722 -0.122653 1.678790
0.025023 -0.115853 1.662731
0.020526 -0.107201 1.663226
0.035457 -0.129328 1.711293
0.038743 -0.122233 1.708644
0.014227 -0.135662 1.728226
0.000002 -0.136391 1.731088
0.047913 -0.089548 1.662253
0.000000 -0.043203 1.659796
0.000000 -0.093157 1.673960
0.000000 -0.082305 1.668914
0.065328 -0.072767 1.653104
0.059406 -0.043276 1.660781
0.057707 -0.023619 1.655323
0.071034 -0.034854 1.651341
0.000000 0.084394 1.625781
-0.089935 0.054605 1.641467
-0.089814 0.056174 1.651427
-0.087451 0.051599 1.643544
0.061850 0.018807 1.621679
0.063356 0.019201 1.622088
-0.098546 0.021909 1.647725
0.055432 0.017978 1.627930
0.050440 -0.103168 1.664905
0.064548 -0.093335 1.673979
-0.093186 0.058798 1.653393
-0.089522 0.051233 1.640450
-0.106427 0.038635 1.676659
-0.074330 0.059877 1.725703
-0.075480 0.066538 1.724010
-0.020915 0.127245 1.733724
-0.000006 0.128280 1.738014
-0.028771 0.126137 1.722989
-0.043954 0.126113 1.679217
0.072696 -0.095081 1.694211
-0.076922 0.072024 1.709191
0.079957 -0.083337 1.681836
-0.082948 0.059751 1.707181
-0.085857 0.038182 1.695567
-0.088319 0.045605 1.697811
0.083686 -0.058280 1.655889
-0.077415 0.067234 1.722125
-0.055032 0.110629 1.681796
-0.053436 0.102709 1.687466
-0.066101 0.102323 1.670427
-0.065199 0.106394 1.620454
-0.063107 0.088386 1.616900
-0.074063 0.056320 1.629440
-0.094886 0.024802 1.638213
0.069626 -0.074893 1.654135
-0.090585 0.015359 1.640940
-0.067367 0.072453 1.718155
-0.041608 0.116299 1.603601
-0.040714 0.136604 1.654926
-0.058569 0.117869 1.614886
-0.044277 0.111553 1.604724
-0.053028 0.090140 1.614846
-0.076477 0.044592 1.629726
-0.035646 0.146425 1.640808
-0.032328 0.144229 1.637815
-0.105748 0.036322 1.678061
-0.097919 0.022383 1.643744
-0.020396 0.124438 1.734370
-0.010149 0.120550 1.735987
-0.037244 0.122207 1.705280
-0.047016 0.112841 1.683092
-0.016166 0.151573 1.685027
0.014368 -0.130203 1.706075
0.020499 -0.127124 1.701310
0.026221 -0.121953 1.689236
-0.000000 0.156497 1.675303
-0.015765 0.152770 1.658126
0.047575 -0.088699 1.663546
-0.035496 0.141600 1.637199
-0.049241 0.132010 1.628540
-0.056862 0.130381 1.630054
-0.060112 0.122517 1.624157
-0.058982 0.120460 1.619929
-0.050853 0.119591 1.610757
-0.087280 0.020661 1.638070
0.050837 0.031654 1.623260
0.059145 0.034024 1.618319
0.070239 0.033525 1.629591
0.051713 0.033731 1.624861
0.062500 0.033648 1.620008
-0.054236 -0.112072 1.690876
-0.000010 -0.139382 1.712837
-0.010519 -0.139522 1.713998
-0.034312 -0.107019 1.658922
-0.055725 -0.089261 1.658521
-0.073948 -0.052959 1.649503
0.000000 0.125848 1.738411
0.000000 0.120901 1.737215
0.000000 0.159731 1.678852
-0.030326 -0.122093 1.679014
-0.020937 -0.128792 1.700469
-0.026637 -0.121677 1.684845
-0.022357 -0.115315 1.663399
-0.017383 -0.112115 1.667015
-0.036990 -0.097884 1.662179
-0.030717 -0.129614 1.717754
-0.000029 -0.140461 1.729119
0.000002 -0.136391 1.731088
0.089935 0.054605 1.641467
0.093659 0.060648 1.653410
0.089814 0.056174 1.651427
0.090460 0.041743 1.644476
0.103583 0.030929 1.669392
0.089847 0.056139 1.654059
-0.065328 -0.072767 1.653104
-0.072657 -0.061518 1.649223
0.093188 0.058799 1.653389
-0.071023 -0.034856 1.651340
0.089522 0.051233 1.640450
-0.073792 -0.017883 1.637050
-0.072814 -0.006337 1.631500
-0.062555 0.033612 1.619862
-0.039967 -0.112374 1.666621
-0.064548 -0.093334 1.673979
0.076576 0.055887 1.722895
0.071143 0.064242 1.725080
0.016347 0.151736 1.685075
0.044305 0.122331 1.691424
0.063416 0.098485 1.691823
0.080248 0.068601 1.700539
0.084634 0.056271 1.712803
0.105127 0.040342 1.681064
0.085442 0.052773 1.695753
0.048573 0.110931 1.681576
0.050641 0.108241 1.682661
0.062130 0.119089 1.620227
-0.062550 -0.104910 1.689916
0.079570 0.049979 1.626941
0.082205 0.050210 1.627442
0.087622 0.031899 1.632666
-0.081276 -0.067196 1.661278
0.097036 0.018955 1.642604
0.093400 0.016487 1.645682
0.067367 0.072453 1.718155
-0.086039 -0.055062 1.661629
0.078618 0.057724 1.627670
0.037094 0.115966 1.605825
0.038080 0.119193 1.606915
0.040760 0.136660 1.654940
0.058581 0.117869 1.614864
0.053028 0.090140 1.614847
0.022347 0.154255 1.653766
0.035640 0.146415 1.640805
0.017140 0.152266 1.655549
0.097874 0.020343 1.645107
0.093423 0.065490 1.660676
0.020860 0.127153 1.733691
-0.085070 -0.014400 1.640427
0.010716 0.125512 1.737389
0.023159 0.119348 1.728289
0.037244 0.122207 1.705279
0.047017 0.112841 1.683092
0.003118 0.160476 1.680849
0.002673 0.158145 1.672094
0.002228 0.160009 1.678322
0.000000 -0.132945 1.709812
-0.014368 -0.130203 1.706075
-0.022858 -0.125642 1.698396
0.101139 0.034067 1.681340
0.039376 0.142977 1.642138
0.054011 0.134694 1.634057
0.060110 0.122517 1.624159
0.052005 0.120168 1.620277
-0.051867 -0.083914 1.662724
0.063108 0.088345 1.616809
-0.070459 -0.026267 1.647912
0.083695 0.064353 1.691636
-0.050836 0.031654 1.623261
-0.057353 0.033649 1.617067
-0.067857 0.033341 1.623082
0.000000 0.120901 1.737215
-0.000028 0.159981 1.681330
-0.057680 0.035232 1.623138
0.018809 0.087898 1.595901
0.038533 0.063663 1.607520
0.051122 0.041160 1.618476
0.075450 0.036679 1.625473
0.038949 0.116660 1.604743
-0.093475 0.033509 1.642450
-0.096661 0.034055 1.644865
-0.099391 0.045256 1.666440
-0.097427 0.044286 1.667559
-0.079861 0.082886 1.680180
-0.007887 -0.127412 1.746940
-0.022498 -0.137251 1.734889
-0.020738 -0.135727 1.726320
-0.034790 -0.133748 1.726872
-0.105353 0.023719 1.644470
0.041766 0.114677 1.606360
-0.092441 0.063965 1.684953
-0.088855 0.032075 1.634196
-0.089367 0.029904 1.635760
-0.082268 0.073535 1.676153
-0.067942 0.099954 1.667350
-0.059736 0.109459 1.666942
-0.047843 -0.125555 1.713507
-0.045162 -0.119543 1.727728
-0.080014 -0.096149 1.690617
-0.073220 -0.080641 1.688158
-0.079975 -0.106611 1.695219
0.078606 0.049718 1.633550
-0.092436 -0.104646 1.716160
0.084940 0.021336 1.632442
-0.082744 -0.108319 1.722027
-0.086410 -0.099621 1.723361
-0.093465 0.049489 1.695005
-0.108262 0.012474 1.704555
-0.105516 -0.022277 1.714513
0.087360 0.034472 1.636634
-0.107706 -0.065267 1.712293
-0.091375 -0.092685 1.723147
-0.088294 0.065245 1.678265
-0.095331 0.055849 1.678565
-0.098831 0.050215 1.671328
-0.072850 0.027339 1.633065
-0.095614 0.037419 1.642751
-0.090075 0.067028 1.678052
-0.102722 0.052276 1.670287
-0.085875 0.031690 1.629889
0.093672 0.071863 1.732880
-0.095678 0.037570 1.639834
0.062860 0.109576 1.668364
-0.104393 0.054101 1.675118
0.103856 0.032422 1.724645
-0.105954 0.047739 1.661992
-0.099011 0.036408 1.638646
-0.089885 0.029965 1.628780
-0.082468 0.073420 1.684728
0.108965 0.028932 1.758869
0.103062 0.045573 1.756293
-0.116153 0.026682 1.681025
-0.094801 0.028307 1.630543
-0.095527 0.006690 1.636307
0.103289 0.011063 1.706260
0.091757 0.044393 1.695292
0.076177 0.082164 1.677542
-0.107557 -0.046512 1.664681
0.063496 0.103235 1.666747
-0.103734 -0.075947 1.692102
0.050712 0.118576 1.670892
0.050010 0.118828 1.673105
0.000004 -0.138075 1.731754
0.070065 0.099807 1.700929
0.087426 0.076113 1.731527
-0.097365 -0.016417 1.642969
-0.097787 -0.004913 1.640740
0.079503 0.064651 1.744889
0.083048 0.070230 1.736305
-0.082820 -0.039185 1.650814
-0.081520 -0.049435 1.655407
-0.100754 -0.049980 1.659930
-0.093440 -0.059431 1.664599
0.057978 0.093230 1.666561
0.085004 0.059804 1.687710
0.075085 0.095087 1.706266
0.054696 0.096312 1.696468
0.045705 0.109687 1.678108
-0.118075 -0.029543 1.698582
0.047908 0.109134 1.665878
-0.093754 -0.071511 1.684954
-0.080070 -0.069436 1.679206
-0.091155 -0.076719 1.685945
-0.087272 -0.085989 1.689321
-0.046860 -0.112496 1.695277
-0.007009 -0.136306 1.729863
-0.011391 -0.121802 1.724860
0.058222 0.095015 1.696502
0.069002 0.098180 1.703039
0.071432 0.096704 1.702269
-0.022096 -0.119052 1.719348
-0.031607 -0.113975 1.709801
0.085861 0.078023 1.729234
0.085070 0.073037 1.732278
0.077559 0.066200 1.735655
0.084895 0.078233 1.729869
0.062708 0.089005 1.709119
0.058166 0.096007 1.700055
-0.074718 -0.116911 1.711526
-0.039302 -0.122489 1.704789
-0.048630 -0.125180 1.719311
-0.074935 -0.116607 1.717435
0.110869 0.020014 1.742231
0.090267 0.031942 1.644273
0.097513 0.040938 1.664804
0.015605 -0.127053 1.745301
0.000021 -0.127525 1.747505
0.007200 -0.137895 1.731103
0.035378 -0.131654 1.731097
0.103288 0.034922 1.698050
0.092337 0.063904 1.684912
0.089367 0.029904 1.635760
0.079862 0.082885 1.680176
0.110772 0.012486 1.740209
0.065589 0.097893 1.667782
0.104544 0.010265 1.709504
0.062690 0.107745 1.664064
0.036731 -0.128356 1.712555
0.045261 -0.119555 1.727844
0.064595 -0.105985 1.692082
0.110429 0.017539 1.757632
0.085274 -0.090889 1.691173
0.081305 -0.107596 1.696897
0.092436 -0.104645 1.716163
0.082744 -0.108319 1.722027
0.087293 0.068673 1.686792
0.108048 0.012425 1.704404
0.105993 -0.007020 1.711819
0.106794 -0.045824 1.715575
0.098154 -0.070053 1.721559
0.073195 -0.113710 1.722550
0.081041 0.072521 1.678223
0.095331 0.055849 1.678565
0.098339 0.049514 1.674989
0.099286 0.047606 1.663992
0.095614 0.037419 1.642751
0.027022 -0.120890 1.674064
0.020614 -0.116611 1.665650
0.095968 0.060761 1.676434
0.016213 -0.114995 1.662342
0.014205 -0.112388 1.657661
-0.000000 -0.112431 1.655775
0.000000 -0.112774 1.658043
0.011157 -0.137961 1.708299
-0.000000 -0.139035 1.714338
0.018220 -0.135911 1.708865
0.026680 -0.131163 1.701385
0.026999 -0.130865 1.694132
0.102022 0.038486 1.640800
0.093209 0.031164 1.629912
0.086769 0.029108 1.628215
0.022617 -0.136912 1.695499
0.082364 0.073402 1.684764
0.000000 -0.118519 1.657667
0.022527 -0.124238 1.668301
0.013235 -0.135892 1.696901
0.019990 -0.125935 1.677293
0.100914 0.018064 1.636018
0.086152 0.026489 1.627667
0.077006 0.013268 1.631432
0.102321 0.007691 1.637897
0.008997 -0.120564 1.662354
0.000000 -0.119892 1.661770
0.113357 -0.007631 1.659344
0.118158 -0.031762 1.693650
0.098663 -0.088945 1.694856
0.000004 -0.138075 1.731754
0.000057 -0.139961 1.702458
0.097365 -0.016417 1.642969
0.098707 -0.027004 1.648718
0.095807 -0.040931 1.651854
0.093980 -0.051811 1.657545
0.104946 -0.056251 1.668583
-0.026984 -0.120869 1.674106
-0.024234 -0.118571 1.669617
-0.028306 -0.110419 1.660381
-0.005654 -0.113019 1.658506
0.101123 0.004513 1.710223
-0.000000 -0.139035 1.714338
0.117740 -0.029471 1.698519
0.093793 -0.071645 1.684860
0.080071 -0.069436 1.679206
0.103039 -0.070936 1.686947
0.077940 -0.074298 1.685241
0.101657 -0.089842 1.708616
0.065113 -0.106459 1.693367
0.046873 -0.112566 1.695212
-0.015352 -0.140533 1.702131
0.000033 -0.122858 1.727109
0.011439 -0.121809 1.724940
0.000000 -0.118519 1.657667
0.057752 -0.095562 1.689871
-0.004077 -0.119585 1.664224
0.031619 -0.113981 1.709813
0.089168 -0.091196 1.722940
-0.008997 -0.120564 1.662354
0.000000 -0.119748 1.660747
-0.000018 -0.135972 1.743811
0.022095 -0.119047 1.719363
-0.012720 -0.137971 1.699083
0.074935 -0.116608 1.717434
-0.024935 0.135176 1.750487
-0.011194 0.116930 1.746077
-0.020646 0.133832 1.750468
-0.089943 -0.090490 1.767104
-0.073006 -0.110880 1.723240
0.019582 0.134807 1.762046
0.021466 0.130720 1.747272
-0.080532 -0.098392 1.788872
-0.081385 -0.104413 1.763389
0.038634 0.130770 1.750324
0.038500 0.130071 1.759899
-0.089333 -0.094104 1.722149
-0.086405 -0.099966 1.722691
0.041935 0.105997 1.746197
0.039810 0.126087 1.780477
0.014274 0.130140 1.791655
-0.034784 0.120159 1.810338
-0.035004 0.107691 1.832544
0.034777 0.120127 1.810323
0.014812 0.117713 1.822908
0.000000 0.125355 1.808273
0.014604 0.107174 1.838397
-0.029224 0.084451 1.858295
0.015369 0.085567 1.859533
0.038461 0.088504 1.850821
-0.036876 0.123730 1.795248
0.000002 0.081738 1.858568
0.000000 0.080032 1.855693
-0.097782 -0.048377 1.818465
0.031511 0.076944 1.851993
0.000000 -0.098711 1.839736
0.000000 -0.088885 1.849703
0.016167 0.038826 1.869338
-0.039185 -0.097142 1.835430
-0.046185 -0.094539 1.832178
-0.092077 -0.037573 1.839761
0.000015 0.022955 1.874154
0.016604 0.004693 1.875105
-0.089185 -0.038572 1.843773
0.000013 -0.012484 1.876707
0.016561 -0.030713 1.874175
-0.086498 -0.071008 1.825820
0.000000 -0.048062 1.871677
0.039069 -0.064825 1.860333
0.038971 -0.077819 1.852895
-0.078130 -0.055213 1.846887
0.000000 -0.088885 1.849703
0.016404 -0.098345 1.838869
0.000000 -0.098711 1.839736
-0.000000 -0.113909 1.816617
0.039530 -0.110832 1.812719
-0.000000 -0.120422 1.800206
0.037882 -0.121262 1.778786
-0.079943 0.000525 1.853751
-0.099796 0.004010 1.823197
-0.090054 0.024542 1.842311
-0.000000 -0.129511 1.754418
-0.104247 0.038172 1.803314
-0.096132 0.050141 1.823166
0.040959 -0.124522 1.749299
-0.083592 0.062363 1.837905
-0.109686 0.026560 1.772368
0.047839 0.112219 1.804984
0.042922 0.094397 1.836547
-0.082814 0.065666 1.841537
-0.077212 0.072654 1.843674
0.042307 0.125467 1.752609
-0.085245 0.094837 1.800186
-0.091825 0.086598 1.800430
-0.082277 0.101280 1.750905
-0.079749 0.077329 1.751071
-0.108964 0.040263 1.803480
-0.112485 0.033661 1.786908
-0.109686 0.026560 1.772368
0.046350 0.102968 1.827930
-0.099781 0.045238 1.815798
-0.096132 0.050141 1.823166
0.061786 0.115573 1.749361
0.053088 0.122678 1.751388
0.077771 0.106283 1.782939
-0.097323 0.058690 1.830466
-0.077787 0.106311 1.782939
0.042800 0.082894 1.844801
0.042590 -0.048301 1.860683
0.042857 -0.014029 1.865693
0.045788 0.035656 1.860249
0.045720 0.051340 1.855335
0.045547 -0.065779 1.855715
0.050567 -0.112836 1.790082
-0.107879 0.046853 1.757155
0.043040 -0.085430 1.839887
-0.094357 0.058386 1.753713
-0.095158 0.079608 1.753563
0.039544 -0.124762 1.723178
0.051032 -0.119172 1.756930
-0.074072 0.111558 1.752046
-0.073073 0.109147 1.749969
-0.062548 0.118377 1.751695
-0.061786 0.115573 1.749361
-0.077715 0.065023 1.839566
-0.057453 0.072966 1.843837
-0.057453 0.072966 1.843837
0.057603 -0.073493 1.846447
0.058835 -0.098716 1.815528
0.078065 -0.055246 1.846882
-0.057602 -0.073492 1.846444
-0.058835 -0.098716 1.815528
0.068366 0.057851 1.846354
-0.093058 -0.094584 1.758397
0.077714 0.065022 1.839562
-0.039546 -0.124764 1.723177
-0.034878 -0.126061 1.749351
0.000000 -0.125440 1.781230
-0.042800 0.082894 1.844801
0.057715 0.084278 1.844284
0.059824 0.079290 1.847503
-0.042539 0.086373 1.845687
0.045907 0.076254 1.844709
0.077714 0.065022 1.839562
0.029201 0.084374 1.858009
-0.051284 0.113200 1.805193
-0.051502 0.119297 1.783883
-0.041935 0.105997 1.746197
-0.045774 0.051410 1.855619
-0.046156 -0.106100 1.810914
-0.045515 -0.032336 1.865152
0.088437 -0.101270 1.759114
0.080497 -0.106853 1.739878
0.086483 -0.099475 1.738717
0.093058 -0.094584 1.758397
0.089716 -0.094067 1.739345
-0.038971 -0.077819 1.852895
-0.040315 -0.115831 1.797198
-0.042590 -0.048301 1.860683
0.086498 -0.071008 1.825820
0.087562 -0.091656 1.786626
0.091140 -0.053820 1.833426
0.080175 -0.013791 1.854343
-0.039051 -0.015134 1.871643
0.083567 0.062365 1.837881
-0.037853 0.077758 1.849799
0.066186 0.092870 1.749397
-0.039095 0.092636 1.847317
-0.042246 0.125204 1.752628
0.083844 0.103301 1.753078
-0.043365 0.112211 1.809239
-0.047839 0.112220 1.804984
0.096862 0.080749 1.755890
-0.038634 0.130771 1.750328
-0.038497 0.130054 1.759894
0.115275 0.029252 1.760809
0.100910 0.065989 1.755292
0.085936 0.068939 1.752159
0.103600 0.041509 1.755858
-0.044294 0.117877 1.804937
0.091825 0.086598 1.800431
0.110082 0.042814 1.803349
-0.037882 -0.121262 1.778786
0.090759 0.078377 1.822830
-0.018989 -0.119796 1.799146
-0.000000 -0.113909 1.816617
-0.016198 -0.077319 1.857623
0.108964 0.040263 1.803480
0.096020 0.056524 1.830697
0.103876 0.047684 1.817142
-0.016415 -0.048000 1.870641
0.104251 0.038172 1.803316
-0.000015 -0.030478 1.875418
0.000013 -0.012484 1.876707
0.109686 0.026560 1.772368
0.110244 0.003155 1.760123
0.000015 0.022955 1.874154
0.088394 0.058968 1.834773
0.000000 0.039488 1.870210
0.099799 0.004009 1.823196
0.000000 0.080032 1.855693
0.107250 -0.011310 1.795178
0.000000 0.080032 1.855693
0.103476 -0.002847 1.811534
0.105268 -0.043343 1.780299
-0.000001 0.130742 1.791686
0.000000 0.108047 1.838551
0.097981 -0.067204 1.782318
0.096182 -0.041083 1.829098
0.092500 -0.073036 1.805068
0.089943 -0.090490 1.767104
0.000001 0.117292 1.746111
0.089306 -0.094084 1.722149
-0.000007 0.119594 1.823225
-0.000022 0.108524 1.838951
-0.000006 0.086657 1.860786
-0.078939 0.084259 1.680556
-0.032779 0.089759 1.852051
-0.041630 0.110386 1.749503
-0.080485 -0.106756 1.739834
-0.089603 -0.094321 1.722013
-0.088786 -0.095760 1.763120
-0.035247 0.129279 1.780146
-0.000000 0.121015 1.748303
-0.085214 0.066781 1.740944
-0.102354 0.025484 1.705820
-0.077667 0.078375 1.722377
-0.086872 0.071341 1.735222
-0.087104 -0.071282 1.826092
-0.087912 -0.091960 1.786734
-0.057711 0.116968 1.673361
-0.000007 -0.099309 1.840241
-0.043041 -0.085531 1.840015
-0.109282 0.029115 1.759127
-0.045689 0.116149 1.683614
-0.023141 0.122204 1.726650
-0.108068 0.022194 1.760546
-0.080367 -0.013867 1.854955
0.000000 0.124076 1.728085
-0.000003 0.136265 1.762124
-0.090464 -0.001493 1.845981
0.000001 0.117282 1.746186
-0.097134 0.008847 1.830651
-0.104889 0.010138 1.709246
0.000036 -0.138362 1.731574
-0.080189 0.028681 1.850481
0.000091 -0.139715 1.741092
-0.107851 0.031262 1.787466
0.092800 -0.105345 1.710033
-0.057966 0.108671 1.663838
-0.108790 0.023581 1.758180
0.048113 -0.118837 1.726419
-0.104366 0.038168 1.803387
-0.010691 0.124542 1.730537
-0.086030 0.080587 1.724189
-0.083561 0.062352 1.837806
-0.087850 0.073159 1.741722
-0.086597 0.071015 1.753875
-0.082889 0.092220 1.815485
-0.078921 0.065947 1.751996
-0.077914 0.106424 1.782984
-0.082439 0.101363 1.750504
-0.109050 0.040128 1.803580
-0.113806 0.029129 1.771778
-0.114087 0.026164 1.759452
-0.096498 0.050002 1.823448
-0.114694 0.036905 1.786946
0.064547 -0.105925 1.692015
0.046852 -0.112854 1.694949
0.092584 -0.104841 1.716219
0.023138 0.122203 1.726649
-0.086526 0.038866 1.691508
-0.000000 0.121015 1.748303
0.085190 0.066747 1.740935
-0.075126 0.095119 1.706256
-0.050143 0.104666 1.685836
0.080201 0.082849 1.723153
0.103054 -0.070940 1.686943
0.038014 -0.106150 1.694412
0.087415 -0.100580 1.723753
0.057683 -0.095419 1.690280
-0.107879 0.046853 1.757155
-0.000076 -0.122651 1.727529
0.114222 -0.038528 1.707586
0.037362 0.115647 1.697555
0.092381 -0.072564 1.682716
0.106442 -0.065934 1.684784
0.000000 0.121053 1.728531
0.105345 -0.056360 1.668448
-0.059428 0.075850 1.847856
-0.057701 0.096436 1.699037
0.040358 0.119726 1.698563
-0.070620 0.097555 1.704283
-0.086101 0.075385 1.730377
-0.084622 0.073840 1.733202
-0.072277 0.075321 1.727170
-0.093395 -0.094898 1.758544
0.106046 0.003568 1.710193
0.117214 0.019772 1.688366
-0.084622 0.073840 1.733202
-0.077934 0.065141 1.735067
0.109770 -0.025842 1.652533
-0.039629 -0.125454 1.723055
0.081465 -0.049543 1.655130
-0.041256 -0.125533 1.749361
0.000000 0.125479 1.730489
0.085939 0.072766 1.753703
0.096253 -0.005272 1.639290
0.080201 0.082849 1.723153
0.108041 -0.001406 1.643312
-0.049563 0.083348 1.849912
-0.043053 0.077034 1.843135
0.102605 0.007753 1.637574
0.086063 0.026493 1.627661
0.021030 0.156292 1.649964
0.021293 0.139236 1.615939
-0.041920 0.105977 1.746271
0.103383 0.033957 1.641808
0.072118 0.029621 1.630426
0.033199 0.138450 1.618096
0.014639 0.123130 1.598627
0.097755 0.061223 1.679635
-0.110554 0.013540 1.744252
0.059723 0.109459 1.666908
-0.106556 0.007746 1.712080
-0.044157 -0.110924 1.798580
-0.000001 0.149537 1.630559
-0.042650 -0.064464 1.854662
-0.040548 -0.117061 1.797595
-0.000000 0.148359 1.628717
-0.042613 -0.048334 1.860906
0.062690 0.107751 1.664057
-0.043198 0.036049 1.860629
0.038266 0.110828 1.601976
-0.000000 0.107528 1.593727
0.030780 0.120521 1.596049
0.005878 0.157612 1.678445
0.037924 0.138871 1.644366
0.048643 0.136392 1.623275
-0.038984 -0.032204 1.869910
-0.000002 0.157705 1.678487
-0.051526 0.119478 1.783951
-0.043465 0.121310 1.779940
-0.108055 -0.074610 1.723902
-0.096744 -0.071617 1.720317
-0.109658 -0.054773 1.769546
0.095122 0.055840 1.678360
-0.047780 0.112156 1.804986
-0.118885 -0.029487 1.717726
-0.105323 -0.003774 1.709173
0.101326 0.042822 1.662633
-0.116190 0.018657 1.758880
-0.122295 -0.005468 1.744332
-0.120563 -0.008642 1.724226
-0.112240 0.003814 1.706295
0.093446 0.033525 1.642466
0.098165 0.049521 1.674920
0.081016 0.072517 1.678248
0.029814 -0.125357 1.739461
-0.103019 -0.025437 1.767670
0.000011 -0.125866 1.781325
0.101730 -0.054160 1.720503
0.000000 -0.048308 1.872605
0.000004 -0.012531 1.877377
0.000019 0.023196 1.875026
-0.000003 0.080175 1.856145
-0.000003 0.080175 1.856145
-0.092344 -0.102655 1.736596
0.059723 0.109459 1.666908
-0.094275 -0.092174 1.772582
0.000008 0.145761 1.628344
-0.050894 0.128657 1.634898
0.035251 0.129276 1.780143
-0.091111 -0.099462 1.766633
0.000000 0.135537 1.750182
0.015631 -0.127106 1.745427
-0.082545 -0.103440 1.727110
-0.023866 0.127079 1.602624
0.087910 -0.091961 1.786735
-0.082378 -0.099198 1.766105
0.072406 -0.102710 1.790785
0.080452 -0.106715 1.739862
-0.015626 -0.135544 1.741533
-0.048738 -0.125267 1.719367
0.088786 -0.095760 1.763120
-0.092912 -0.105525 1.709983
-0.087377 -0.100489 1.723777
-0.029659 -0.133449 1.735280
-0.031035 -0.130284 1.716516
-0.000076 -0.122651 1.727529
-0.081486 -0.108028 1.696631
-0.059781 -0.116894 1.697890
-0.000006 0.086657 1.860786
0.033242 0.090128 1.852632
-0.091281 -0.092648 1.723282
0.099421 -0.058129 1.801814
-0.000000 0.148359 1.628717
-0.000007 -0.099309 1.840241
0.043050 -0.085498 1.839987
0.097243 -0.073704 1.765156
-0.102838 0.012766 1.706356
-0.089161 -0.091195 1.722940
-0.105223 0.016230 1.723235
-0.098963 -0.089165 1.694655
-0.038099 -0.106117 1.694532
-0.107738 0.021516 1.744299
0.090502 0.024595 1.842855
-0.079850 -0.095947 1.690970
-0.051208 0.115194 1.614561
0.109654 -0.054742 1.769634
-0.000087 0.118561 1.591703
0.101261 -0.091802 1.726494
0.107879 0.031267 1.787470
0.084661 -0.091711 1.722036
0.096490 0.049946 1.823409
-0.007850 0.163046 1.669647
-0.020974 0.156378 1.649872
0.122628 -0.016662 1.752734
0.112556 -0.007918 1.708819
-0.114165 -0.038532 1.707509
0.089322 0.066176 1.839372
0.089035 0.085534 1.815137
0.084573 0.103773 1.753013
0.072933 0.084685 1.750028
0.104386 0.038134 1.803415
0.113862 0.029151 1.771780
0.116227 0.018653 1.758891
0.108790 0.023581 1.758180
0.118325 0.006315 1.742467
-0.093407 -0.059402 1.664614
0.098257 0.058840 1.830956
-0.080480 -0.057497 1.661195
-0.000017 0.122070 1.594953
0.116552 -0.000239 1.708765
-0.105711 -0.056550 1.668292
-0.120765 -0.007277 1.688474
-0.115866 -0.012307 1.702572
0.103019 -0.025437 1.767670
0.104806 0.008087 1.762048
0.107401 0.026854 1.759083
-0.083951 0.068749 1.688132
0.097405 0.081008 1.755796
0.107879 0.046853 1.757155
0.100934 0.065992 1.755238
-0.081459 -0.049540 1.655137
0.074245 0.111868 1.752023
0.066158 0.092848 1.749550
-0.107829 -0.001420 1.643265
-0.072495 0.025192 1.627265
0.059403 0.075807 1.847830
0.082855 -0.097333 1.722272
0.080070 -0.090186 1.811237
0.084166 -0.093011 1.773406
0.087680 -0.104469 1.744192
0.082547 -0.103441 1.727110
0.000020 -0.128572 1.723073
-0.072117 0.029621 1.630427
0.044525 -0.119848 1.748158
-0.092065 0.067917 1.681691
-0.079892 0.082955 1.680154
-0.088489 0.032287 1.630264
0.045836 0.076205 1.844871
-0.025206 0.109416 1.594070
0.046650 0.087658 1.846226
-0.062501 0.075784 1.615431
0.031428 0.076864 1.851762
0.051242 0.113595 1.805337
0.042279 0.125664 1.752600
-0.090000 0.066944 1.677985
-0.084733 0.033619 1.630565
0.057406 0.072967 1.843768
-0.060649 0.019580 1.629685
-0.088793 0.032156 1.634212
0.045689 -0.032470 1.866070
0.046306 -0.106575 1.811184
0.107465 0.024505 1.752914
0.040068 -0.112528 1.666484
-0.036248 0.117444 1.602460
-0.000014 0.107325 1.591990
0.034401 -0.107241 1.658532
-0.096661 0.034055 1.644865
0.070252 -0.043177 1.653960
-0.087541 0.028903 1.634433
-0.058117 0.088770 1.620343
-0.087746 0.064504 1.680100
0.030192 -0.130479 1.693354
0.007469 -0.133760 1.708591
0.020230 -0.127000 1.701101
-0.018820 0.087906 1.595917
0.039351 -0.065249 1.861183
0.000001 -0.110032 1.653711
-0.040477 -0.092302 1.660444
-0.104759 -0.034781 1.717441
0.042873 -0.014052 1.865854
0.024616 -0.104051 1.663044
0.042612 -0.048334 1.860906
0.047904 -0.089544 1.662344
0.007250 -0.136026 1.730491
0.043032 0.064429 1.849843
0.042997 0.077018 1.843109
-0.043926 0.047889 1.614400
0.043173 0.035999 1.860436
-0.032883 0.067192 1.606103
0.039962 0.036362 1.866261
-0.017672 -0.089601 1.672878
0.039094 -0.032205 1.870005
0.038134 0.077905 1.850170
-0.051592 -0.002878 1.649824
0.077350 -0.027856 1.640090
0.055438 0.017974 1.627890
-0.015928 0.093942 1.598167
0.000039 0.094349 1.591704
-0.031293 0.080769 1.604710
-0.055008 0.038937 1.617597
0.043453 0.121320 1.779939
-0.075836 -0.021582 1.641408
-0.074930 -0.020022 1.646130
-0.000113 -0.140893 1.729313
-0.065122 -0.070292 1.652557
-0.052063 -0.096787 1.656367
0.019066 -0.120122 1.799205
-0.042327 -0.104409 1.659299
-0.011047 -0.116798 1.657980
0.000000 -0.118589 1.660372
0.089418 -0.022924 1.649740
-0.049264 -0.093663 1.652163
-0.028840 -0.106501 1.651915
0.031208 -0.048394 1.868802
-0.092134 0.031817 1.647444
-0.090267 0.031942 1.644273
0.058646 0.117942 1.614756
0.081223 0.013743 1.635323
0.000004 -0.012531 1.877377
0.053043 0.123251 1.658571
0.032034 0.021029 1.871880
-0.030684 -0.108019 1.662373
0.016300 0.079228 1.855153
0.016300 0.079228 1.855153
0.105061 0.040188 1.680906
0.106327 0.035546 1.669831
0.010563 0.160499 1.674566
0.094773 0.017757 1.638433
-0.026381 -0.133054 1.686335
-0.015327 -0.140542 1.702082
-0.000000 -0.141417 1.706804
0.074068 0.056324 1.629488
0.037094 0.115966 1.605825
0.056718 0.092170 1.611288
0.000002 0.120789 1.737458
-0.000011 -0.116778 1.658008
0.000000 0.061633 1.633043
0.021450 0.127788 1.734017
0.088083 0.045485 1.697736
0.000000 -0.093330 1.672491
-0.000079 0.138800 1.723247
-0.020723 -0.116677 1.665510
-0.000001 0.084692 1.625821
0.000000 -0.107085 1.660858
0.040476 -0.092302 1.660444
0.056149 -0.080129 1.653530
0.067608 -0.054688 1.652351
0.075514 0.070966 1.624647
-0.029583 -0.128179 1.696452
-0.028781 -0.123373 1.678956
0.044965 0.117593 1.604437
0.032814 0.067152 1.606067
0.061764 0.119064 1.620389
-0.018281 -0.136028 1.708994
0.017672 -0.089601 1.672878
0.000000 -0.112616 1.655548
-0.028342 -0.110559 1.660262
0.051713 0.033731 1.624861
-0.032441 -0.112800 1.665629
0.060812 0.035077 1.623643
0.015440 -0.140825 1.702037
0.059436 -0.043269 1.660866
-0.065001 -0.104383 1.694376
0.018261 0.152014 1.651419
-0.000157 0.160421 1.683055
0.057755 -0.023575 1.655482
-0.023651 -0.112560 1.659633
0.067367 0.072453 1.718155
0.079715 0.064165 1.722943
-0.076493 -0.036357 1.645049
0.040599 0.115740 1.691759
0.031681 0.127900 1.713155
-0.031468 -0.133194 1.716111
0.098361 0.052794 1.660659
0.000042 -0.139832 1.712697
0.000003 -0.112759 1.657991
0.094797 0.019801 1.651083
0.103275 0.030927 1.669604
0.031175 0.080673 1.604779
0.018281 -0.136028 1.708994
0.050314 0.050674 1.614365
0.074721 -0.022049 1.640732
0.075929 -0.046436 1.649944
0.075819 -0.045048 1.655607
-0.025728 -0.132255 1.721982
0.042793 -0.105229 1.656777
-0.014291 -0.135762 1.728417
0.032438 -0.112799 1.665629
0.000026 -0.115924 1.663262
0.000000 -0.118589 1.660372
0.094498 0.072095 1.732769
0.091343 0.069812 1.754024
0.105123 0.033933 1.738684
0.076576 0.055887 1.722895
0.085898 0.078370 1.729530
0.074330 0.059877 1.725703
-0.070524 -0.026209 1.648017
0.065047 -0.070264 1.652490
0.111806 0.020449 1.742136
0.104873 0.010145 1.709263
0.028826 -0.106469 1.651904
-0.055439 0.017975 1.627894
0.000005 0.097652 1.595579
0.067636 0.102174 1.698404
0.089720 0.071283 1.739644
0.077432 0.066440 1.736081
-0.065377 0.106432 1.620343
0.072540 -0.059103 1.659159
-0.089515 0.052441 1.638839
-0.053970 0.134742 1.633976
0.084637 0.073841 1.733220
-0.015291 0.156494 1.673708
0.082676 0.086927 1.715101
-0.079909 -0.085708 1.692633
-0.098161 0.020364 1.645106
-0.090585 0.015359 1.640940
-0.078045 0.060913 1.625795
-0.041590 0.116193 1.603318
0.051726 0.103717 1.662122
-0.106630 0.038600 1.676578
0.043505 0.112991 1.670590
0.051234 0.117976 1.676228
-0.085911 -0.048542 1.651817
-0.059404 0.086100 1.619411
-0.053432 0.102709 1.687466
-0.010716 0.125475 1.737401
-0.097656 0.024878 1.649314
-0.079283 0.063643 1.722839
0.086591 0.071061 1.753874
0.056074 0.118338 1.672765
-0.000000 -0.043200 1.659767
-0.086594 -0.026522 1.644860
0.063183 0.109694 1.668186
-0.068213 0.033366 1.622732
0.034655 -0.082240 1.670668
0.059436 -0.043269 1.660866
-0.047142 0.121216 1.613427
0.108068 0.022194 1.760546
-0.086925 0.051417 1.643484
0.059405 0.114298 1.670502
-0.021253 0.154463 1.657503
0.040707 0.093150 1.599900
-0.018272 0.152161 1.651398
0.093650 0.024174 1.636303
0.068663 0.068702 1.627947
-0.071143 0.064242 1.725080
0.038628 0.063567 1.607081
-0.044326 0.120316 1.691586
-0.025162 0.123873 1.729603
0.041378 0.112675 1.601261
0.000013 0.112824 1.594440
0.041917 0.114831 1.606362
0.018806 0.087906 1.595949
-0.057007 0.033330 1.616248
-0.072588 0.032271 1.628042
-0.051713 0.033731 1.624861
-0.026275 0.121586 1.725851
-0.075966 0.091016 1.686586
-0.088250 0.069163 1.696920
-0.073460 0.098386 1.700326
-0.056913 0.116972 1.670757
-0.042263 0.113552 1.728976
-0.040285 0.119422 1.698557
-0.053151 0.110697 1.698278
-0.024488 0.121311 1.728433
-0.011304 0.119883 1.748299
-0.098159 0.061497 1.739309
-0.087853 0.068757 1.741881
-0.083366 0.067212 1.753232
-0.064866 0.098397 1.697395
-0.083616 0.069725 1.735251
-0.060033 0.113132 1.668487
-0.050675 0.113978 1.679098
-0.053074 0.111799 1.679783
-0.107351 0.033883 1.753899
-0.108970 0.020921 1.757449
-0.038162 0.118634 1.697631
-0.103121 0.045588 1.756291
-0.020884 0.120957 1.727814
-0.022326 0.118068 1.726261
-0.051871 0.114435 1.680571
-0.055582 0.110547 1.683890
-0.103291 0.011060 1.706252
-0.091745 0.044396 1.695309
-0.085107 0.076322 1.735436
-0.063491 0.103264 1.666820
-0.024488 0.121311 1.728433
-0.087550 0.072106 1.747692
-0.085745 0.072650 1.753613
-0.067620 0.102001 1.698261
-0.070074 0.099752 1.700875
-0.087767 0.078002 1.728469
-0.087346 0.073053 1.741719
-0.091145 0.069681 1.753796
-0.085107 0.076322 1.735436
-0.079524 0.064585 1.744876
-0.055582 0.110547 1.683890
-0.079838 0.082785 1.723366
-0.085745 0.072650 1.753613
0.051921 0.113868 1.684240
-0.086049 0.080728 1.724303
-0.072870 0.068600 1.679472
0.024488 0.121311 1.728433
0.041488 0.110133 1.749434
-0.097319 0.008085 1.702573
0.000000 0.120701 1.748007
0.084894 0.067096 1.741044
0.086029 0.069243 1.754375
-0.054703 0.096310 1.696464
-0.057415 0.109978 1.686363
0.077462 0.078475 1.722564
0.083616 0.069725 1.735251
-0.048717 0.117901 1.673146
-0.051748 0.116058 1.668611
-0.049644 0.106648 1.663908
-0.057914 0.108615 1.664008
-0.055982 0.097663 1.664664
0.045881 0.115987 1.683759
0.053644 0.106606 1.682892
0.038162 0.118634 1.697631
0.000000 0.124122 1.728063
0.020884 0.120957 1.727814
0.022893 0.121064 1.726550
0.053723 0.112710 1.681377
-0.067331 0.097583 1.700021
-0.071265 0.097356 1.703246
-0.073977 0.093965 1.706420
-0.085894 0.078055 1.729242
-0.086128 0.075315 1.730334
-0.077934 0.065141 1.735067
-0.082305 0.070489 1.734896
-0.084862 0.078111 1.729791
-0.072769 0.094791 1.707899
-0.058172 0.096023 1.700059
0.024488 0.121311 1.728433
-0.076890 0.067653 1.736081
0.021928 0.122198 1.729844
0.087346 0.073053 1.741719
-0.107416 0.019849 1.722315
0.051871 0.114435 1.680571
-0.106187 0.031997 1.737703
0.032964 0.120837 1.712731
0.085745 0.072650 1.753613
-0.110896 0.020077 1.742240
0.011483 0.152684 1.640441
-0.109047 0.016452 1.723823
0.008002 0.145360 1.627249
0.044947 0.134429 1.638817
0.050466 0.128663 1.634656
0.031535 0.143285 1.626413
-0.000000 0.152941 1.639735
0.011213 0.150309 1.639102
0.033222 0.138347 1.618176
0.023292 0.125621 1.603696
0.007031 0.122184 1.596575
0.019233 0.136008 1.611066
-0.110374 0.013551 1.744257
-0.104544 0.010265 1.709504
-0.106810 0.007776 1.711954
-0.109526 0.010150 1.725415
0.009057 0.148738 1.629792
0.003586 0.149217 1.629270
0.036879 0.121531 1.600375
0.042976 0.124380 1.605106
0.000000 0.118333 1.592347
0.000000 0.107740 1.594198
0.016399 0.151731 1.666213
0.014956 0.158678 1.660333
0.048447 0.136322 1.623294
0.053918 0.118233 1.622589
0.000000 0.157691 1.678482
-0.106491 -0.070860 1.768318
-0.097597 -0.086052 1.772103
0.022051 0.121421 1.595268
-0.109405 -0.073163 1.751431
-0.100463 -0.091387 1.726675
-0.089532 -0.087703 1.721907
-0.113482 -0.056305 1.763408
-0.120696 -0.028817 1.754170
-0.115088 -0.043444 1.765450
-0.117795 -0.029281 1.718000
-0.101852 -0.041817 1.716732
-0.116140 -0.012680 1.763855
0.006704 0.163510 1.667557
0.000000 0.163808 1.665709
-0.112541 -0.007916 1.708820
-0.116880 0.001449 1.761428
-0.121958 -0.005487 1.744322
-0.118663 0.003705 1.733942
-0.120154 0.000018 1.722602
-0.105324 -0.003805 1.709028
-0.105660 -0.057394 1.717802
-0.116538 -0.000222 1.708849
-0.108081 -0.050438 1.773375
-0.098314 -0.052451 1.771635
-0.103060 -0.025427 1.767743
-0.107367 0.026660 1.759132
-0.117362 0.002808 1.725981
-0.118316 0.000305 1.714200
-0.121144 0.007562 1.744703
-0.121240 0.010243 1.753866
-0.118971 0.014432 1.754931
-0.093733 -0.091852 1.771855
-0.008047 0.132360 1.607093
-0.097349 -0.097535 1.736207
-0.084663 -0.091722 1.721924
-0.020681 0.142445 1.620573
-0.045846 0.140023 1.628950
-0.050466 0.128663 1.634656
-0.004262 0.151123 1.639629
-0.092100 -0.101176 1.745200
-0.090597 -0.102365 1.729551
-0.011213 0.150314 1.639100
-0.031534 0.143283 1.626414
-0.081303 -0.103282 1.737261
-0.030343 0.131753 1.610185
-0.082403 -0.099106 1.766086
-0.014522 0.122827 1.598893
-0.082856 -0.102661 1.744451
-0.018358 0.129668 1.605263
-0.000001 0.149537 1.630559
0.000000 0.130269 1.601897
-0.015139 0.146814 1.626623
-0.116131 0.003147 1.725373
-0.000000 0.148359 1.628717
-0.119536 0.010595 1.751047
-0.103769 0.014489 1.716230
-0.036879 0.121531 1.600375
-0.038006 0.110863 1.602249
-0.047170 0.128107 1.611012
0.099908 -0.086888 1.770064
-0.009750 0.107748 1.594440
0.109394 -0.073161 1.751432
0.000000 0.118333 1.592347
0.100645 -0.091458 1.726599
0.089532 -0.087703 1.721907
0.109645 -0.054770 1.769536
0.115351 -0.026679 1.766170
-0.016399 0.151730 1.666213
-0.025070 0.152979 1.648148
0.117544 -0.029215 1.718102
-0.053543 0.123018 1.629219
-0.053918 0.118233 1.622589
0.101852 -0.041817 1.716732
0.116140 -0.012680 1.763855
0.120646 -0.019492 1.725968
0.000000 0.157691 1.678482
-0.005595 0.157419 1.678223
0.116880 0.001449 1.761428
0.119941 0.005694 1.742532
0.120338 -0.008658 1.724228
0.120154 0.000018 1.722602
0.105324 -0.003805 1.709028
0.105659 -0.057394 1.717803
-0.022051 0.121421 1.595268
0.108082 -0.050438 1.773375
0.098314 -0.052451 1.771635
0.087888 -0.081503 1.773197
0.104836 0.008094 1.762100
0.116173 0.005012 1.733523
-0.020784 0.156003 1.649884
0.118316 0.000305 1.714200
0.121144 0.007562 1.744703
-0.006705 0.163514 1.667556
0.121453 0.010250 1.753911
0.000000 0.164189 1.670590
0.107574 0.027178 1.757331
0.098163 -0.095602 1.762091
0.096206 -0.097781 1.728024
0.084663 -0.091722 1.721924
0.088083 -0.095475 1.770862
0.092150 -0.100461 1.755475
0.089370 -0.101764 1.726070
-0.031478 0.132103 1.609493
0.082438 -0.103084 1.727285
0.083197 -0.101545 1.754620
-0.011475 0.152624 1.640473
-0.037873 0.112177 1.599984
-0.047880 0.093275 1.604369
-0.075515 0.036615 1.625289
-0.089730 0.027324 1.633407
0.116875 0.000822 1.714788
-0.078457 0.049558 1.633317
0.117519 0.007278 1.742397
-0.048268 0.063747 1.608973
-0.085877 0.034225 1.631920
-0.084934 0.033637 1.630291
0.114290 0.002484 1.710953
0.105353 0.016248 1.723221
-0.062278 0.075705 1.615574
-0.045934 0.105159 1.604705
0.054013 -0.111825 1.691001
0.000001 -0.139361 1.712862
0.000007 -0.140469 1.715554
0.024673 -0.114689 1.661072
0.040795 -0.105432 1.658698
0.052460 -0.095930 1.658460
0.076974 -0.045940 1.646227
0.040005 -0.112413 1.666604
-0.041770 0.114702 1.606368
0.025498 -0.133359 1.701131
0.030326 -0.122075 1.679023
0.020937 -0.128792 1.700469
0.014838 -0.131830 1.705562
-0.018820 0.087906 1.595917
0.031151 -0.120551 1.674378
0.000000 -0.109554 1.653478
-0.037798 -0.098203 1.652738
0.022383 -0.115303 1.663387
-0.047045 -0.091072 1.652954
0.020526 -0.107201 1.663226
0.024629 -0.104054 1.663025
-0.069994 -0.043115 1.649822
0.036994 -0.097886 1.662183
0.038736 -0.122227 1.708640
0.007226 -0.136017 1.730431
-0.046569 0.034064 1.627847
0.025814 -0.135468 1.720399
-0.043625 0.047669 1.614267
-0.037224 0.053721 1.619387
-0.018302 0.081967 1.599824
-0.000000 0.089062 1.596593
0.059699 -0.083817 1.657021
0.000000 -0.092904 1.673490
-0.017658 -0.089590 1.672645
-0.034655 -0.082240 1.670668
0.066933 -0.073701 1.652107
-0.057703 -0.023628 1.655291
0.070525 -0.026221 1.648024
0.073855 -0.017857 1.637079
0.072770 -0.006329 1.631578
-0.005135 0.082730 1.626042
0.055428 0.017977 1.627926
-0.007812 0.094748 1.593455
-0.015743 0.091199 1.594342
0.061465 -0.091745 1.663479
-0.031016 0.080534 1.604736
-0.035300 0.067850 1.603828
-0.054541 0.038845 1.617845
-0.065530 0.000087 1.630846
-0.075200 -0.021653 1.641670
-0.076898 -0.033373 1.646526
-0.076425 -0.046388 1.651187
-0.072878 -0.044935 1.648664
0.064048 -0.103245 1.694541
-0.066944 -0.072913 1.655315
-0.059868 -0.085333 1.658498
0.077523 -0.088636 1.685951
-0.042244 -0.104256 1.659258
-0.031385 -0.110334 1.657296
0.000000 -0.117842 1.657965
0.000002 0.090764 1.593509
0.086000 -0.055054 1.661614
0.089003 -0.022998 1.649685
0.079456 -0.037107 1.644586
-0.058097 -0.082318 1.652657
-0.028755 -0.106248 1.652157
0.000000 -0.112861 1.652699
-0.007802 0.096510 1.596351
-0.049058 0.051610 1.617954
0.077438 -0.017806 1.637135
-0.071834 -0.058811 1.658861
0.072815 0.023721 1.626420
-0.030665 -0.107994 1.662325
0.000000 -0.132945 1.709812
0.017572 -0.128685 1.703934
0.026221 -0.121953 1.689236
-0.031732 0.047434 1.635787
0.000000 0.075856 1.628754
0.000000 -0.092904 1.673490
-0.034655 -0.082240 1.670668
-0.054267 -0.060127 1.665094
0.047575 -0.088699 1.663546
-0.051433 -0.003008 1.649499
-0.005135 0.082730 1.626042
0.000000 -0.107083 1.660812
0.037798 -0.098203 1.652738
0.047045 -0.091072 1.652954
0.062738 -0.067423 1.653289
0.066172 -0.045549 1.658479
0.070152 -0.032007 1.645956
0.059862 -0.001492 1.641039
0.052819 0.025878 1.622660
0.032711 0.067036 1.605998
0.067712 0.033286 1.623248
0.005644 0.087553 1.604833
0.072588 0.032271 1.628042
0.057294 0.033609 1.617268
0.000000 -0.092904 1.673490
0.051636 0.032753 1.621944
0.055603 0.035407 1.622108
0.051713 0.033731 1.624861
0.062494 0.033644 1.620031
0.059406 -0.043276 1.660781
-0.033251 -0.124222 1.683643
0.000001 -0.139361 1.712862
0.000007 -0.140469 1.715554
-0.024681 -0.114700 1.661069
-0.034311 -0.107018 1.658927
-0.052460 -0.095928 1.658458
-0.073991 -0.052985 1.649513
0.051433 -0.003008 1.649499
0.045244 0.014911 1.644666
0.031732 0.047435 1.635787
-0.031940 -0.128770 1.693896
-0.030330 -0.122081 1.679019
-0.011135 -0.133036 1.707421
-0.023208 -0.127250 1.697510
-0.026679 -0.121603 1.684863
0.000000 0.097383 1.595824
0.023084 0.087322 1.597903
0.038186 0.070161 1.605440
-0.026346 -0.118336 1.670006
-0.021310 -0.115195 1.673580
0.072593 -0.009992 1.638228
-0.022383 -0.115302 1.663387
0.075807 -0.033588 1.645730
-0.020526 -0.107201 1.663226
-0.024629 -0.104054 1.663025
0.067025 -0.073517 1.657927
0.051659 -0.096545 1.658883
-0.031143 -0.132758 1.716097
0.042244 -0.104256 1.659258
-0.007226 -0.136018 1.730431
-0.025687 -0.132265 1.721931
0.021152 -0.114143 1.660397
0.011043 -0.116780 1.658009
-0.047913 -0.089548 1.662254
0.014394 0.087503 1.595396
0.028288 0.076243 1.600473
-0.057371 -0.073690 1.658650
0.051365 0.037669 1.616866
0.073245 -0.033034 1.644719
-0.070476 -0.026246 1.647981
-0.073858 -0.017856 1.637081
-0.072771 -0.006329 1.631577
-0.063332 0.019191 1.622104
-0.055429 0.017976 1.627926
-0.040624 -0.115765 1.674340
-0.064521 -0.093317 1.673992
0.007809 0.096532 1.596334
0.023047 0.088716 1.601004
0.076258 -0.031837 1.650895
0.065278 -0.072321 1.660556
0.049929 -0.094838 1.661387
-0.062434 -0.104817 1.689945
0.010875 -0.114420 1.663122
-0.081423 -0.067285 1.661211
-0.086092 -0.055069 1.661618
-0.079454 -0.037099 1.644580
-0.069588 -0.074866 1.654202
0.022488 0.061939 1.631750
0.012849 0.075368 1.628078
-0.086503 -0.026511 1.644934
0.000000 -0.092904 1.673490
-0.077435 -0.017803 1.637143
0.017658 -0.089590 1.672645
0.034655 -0.082240 1.670668
0.054267 -0.060127 1.665094
0.057703 -0.023628 1.655291
0.045244 0.014911 1.644666
-0.091149 0.056959 1.645642
-0.089537 0.053371 1.642456
-0.088730 0.053039 1.648430
-0.090507 0.041748 1.644491
-0.098351 0.022447 1.650514
-0.090944 0.054972 1.655458
0.000000 -0.132945 1.709812
-0.010718 -0.131463 1.707769
-0.017572 -0.128685 1.703934
-0.026221 -0.121953 1.689236
-0.094224 0.058041 1.655159
-0.090312 0.047645 1.640267
-0.089413 0.052409 1.638984
-0.047575 -0.088699 1.663546
-0.104217 0.039011 1.668020
-0.094983 0.059137 1.656276
-0.074330 0.059877 1.725703
-0.075480 0.066538 1.724010
-0.000002 0.138349 1.722989
-0.021521 0.135804 1.715651
-0.066151 0.102365 1.670441
-0.076922 0.072024 1.709191
-0.080217 0.064468 1.716337
-0.080865 0.049762 1.712627
-0.105118 0.040341 1.681060
-0.093500 0.049702 1.686434
-0.067712 0.033286 1.623248
-0.072588 0.032271 1.628042
-0.059150 0.034028 1.618311
-0.050837 0.031654 1.623260
-0.055603 0.035407 1.622108
-0.051713 0.033731 1.624861
-0.052379 0.114176 1.680333
-0.060818 0.035042 1.623612
-0.053695 0.115452 1.678746
-0.065223 0.106401 1.620435
0.025139 0.109396 1.594305
-0.077443 0.060956 1.626988
-0.074112 0.056302 1.629402
-0.090592 0.034345 1.634622
-0.094852 0.024794 1.638250
-0.094575 0.017887 1.638855
-0.071876 0.074458 1.717430
-0.067367 0.072453 1.718155
-0.090348 0.070746 1.668337
-0.041717 0.118539 1.604519
0.051119 0.041162 1.618487
-0.038080 0.119193 1.606915
-0.008740 0.143161 1.711591
-0.025960 0.149778 1.658610
0.040795 0.112438 1.601873
0.084935 0.033631 1.630278
-0.063083 0.122728 1.630703
-0.058396 0.093869 1.611688
-0.046678 0.100123 1.611058
0.041917 0.114831 1.606362
-0.035644 0.146422 1.640809
0.046391 0.107711 1.606646
-0.036935 0.145833 1.642817
0.062194 0.075700 1.615672
0.068629 0.068672 1.627886
-0.097874 0.020343 1.645107
-0.097919 0.022383 1.643744
0.000004 0.112754 1.594499
-0.020725 0.126851 1.733365
-0.018922 0.119623 1.732738
-0.028341 0.123643 1.723499
-0.010923 0.127679 1.736503
0.061557 0.020868 1.630191
-0.031855 0.125672 1.716205
-0.040611 0.115734 1.691768
-0.046971 0.112852 1.683048
-0.007628 0.160016 1.679383
-0.014132 0.158314 1.671209
-0.002678 0.158134 1.672101
-0.019806 0.154372 1.660091
-0.085857 0.038182 1.695567
-0.038407 0.143476 1.640091
0.059405 0.114298 1.670502
0.086450 0.076026 1.703946
0.076840 0.091171 1.692846
0.056074 0.118338 1.672765
0.068592 0.100803 1.672510
-0.052861 0.134627 1.631880
-0.056778 0.130307 1.630091
-0.062296 0.121969 1.625512
-0.052634 0.121114 1.623651
-0.058986 0.120462 1.619923
0.059732 0.115023 1.678936
-0.058440 0.117855 1.615059
0.109188 0.022924 1.755518
0.108199 0.028747 1.758906
-0.044473 0.119519 1.606736
-0.059362 0.086118 1.619401
-0.092208 0.022240 1.636461
-0.040460 0.109927 1.607356
0.088109 0.063110 1.691377
0.082791 0.076020 1.684820
-0.096765 0.020166 1.640086
0.056362 0.110931 1.664749
0.050042 0.118789 1.673097
0.067619 0.102071 1.698311
0.087450 0.076090 1.731511
0.091155 0.069686 1.753795
-0.083776 0.064394 1.691678
0.079512 0.064636 1.744893
0.083065 0.070209 1.736292
0.085803 0.073643 1.734210
0.085207 0.059797 1.687499
0.097361 0.008019 1.702363
0.000000 0.159749 1.678852
0.064940 0.101576 1.697749
0.057423 0.109965 1.686349
0.045705 0.109687 1.678108
0.048717 0.117901 1.673146
0.045665 0.111133 1.667911
0.049644 0.106648 1.663908
-0.016270 0.151679 1.685055
0.067331 0.097583 1.700021
0.069548 0.097495 1.700741
0.084822 0.079957 1.724378
0.086426 0.077005 1.728264
0.085069 0.073037 1.732278
0.077559 0.066200 1.735655
0.072330 0.075273 1.727116
0.062712 0.089008 1.709120
0.083495 0.074209 1.733124
0.091149 0.056959 1.645643
0.089537 0.053371 1.642456
0.088706 0.053032 1.648439
0.099888 0.028841 1.658771
0.098351 0.022447 1.650514
0.097716 0.042912 1.663173
0.091040 0.054944 1.655329
0.094797 0.019801 1.651083
0.098684 0.024623 1.647948
0.104876 0.034617 1.668795
0.106247 0.028236 1.726070
0.109047 0.016452 1.723823
0.090312 0.047645 1.640267
0.108876 0.020370 1.723512
0.092598 0.039665 1.640914
0.105728 0.035367 1.669762
0.111017 0.015101 1.739541
0.098219 0.052785 1.660737
0.098576 0.007395 1.705440
0.080156 0.058712 1.721939
0.078208 0.062699 1.724578
0.071143 0.064242 1.725080
0.008751 0.143174 1.711596
0.020269 0.140789 1.705722
0.043962 0.123329 1.689746
0.066139 0.102352 1.670434
0.080127 0.068527 1.700510
0.080217 0.064468 1.716337
0.080865 0.049762 1.712627
0.105118 0.040341 1.681060
0.093500 0.049702 1.686434
0.079407 0.063829 1.722698
0.055028 0.110688 1.681867
0.056626 0.111369 1.679723
0.058931 0.112540 1.665205
0.064817 0.090503 1.616952
0.080990 0.046054 1.627639
0.090626 0.034343 1.634550
0.097331 0.021167 1.641687
0.090585 0.015359 1.640940
0.071876 0.074458 1.717430
0.059405 0.106285 1.684175
0.032463 -0.117404 1.673607
0.020679 -0.116641 1.665556
0.093511 0.065543 1.660669
0.021492 -0.111426 1.658447
0.011133 -0.113761 1.659989
0.041609 0.116299 1.603599
0.005280 -0.112213 1.656448
0.012056 0.158642 1.676602
0.051284 0.129565 1.646918
0.053222 0.102141 1.608673
0.011147 -0.137934 1.708292
0.000000 -0.139035 1.714338
0.018222 -0.135910 1.708866
0.076524 0.044612 1.629803
0.032306 0.144018 1.638002
0.038520 0.142820 1.644944
0.024042 0.153194 1.655229
0.025157 -0.134682 1.691190
0.028623 -0.128379 1.689217
0.021164 0.153893 1.657616
0.025196 -0.125485 1.672614
0.015316 -0.140389 1.702111
0.097036 0.018955 1.642604
0.000000 -0.142351 1.706200
0.022409 -0.124040 1.668442
0.000000 -0.119556 1.663850
0.016085 -0.122948 1.670774
0.020396 0.124438 1.734370
0.025401 0.126126 1.728644
0.010149 0.120550 1.735987
0.026174 0.119631 1.722630
0.037223 0.122221 1.705267
0.008999 -0.120556 1.662357
0.000000 -0.119748 1.660747
0.049781 0.117235 1.682793
0.007573 0.159942 1.679350
0.004963 0.161366 1.675392
0.002654 0.158163 1.672070
0.004290 -0.140021 1.701704
0.002228 0.160009 1.678322
0.085857 0.038182 1.695567
-0.031773 -0.123058 1.685144
-0.020679 -0.116641 1.665557
0.038407 0.143476 1.640091
-0.021492 -0.111426 1.658447
0.052861 0.134627 1.631880
0.051769 0.123802 1.626016
0.000003 -0.112759 1.657991
0.060025 0.122448 1.624193
0.052005 0.120168 1.620277
0.000000 -0.138919 1.710281
0.067191 0.111225 1.627318
0.058441 0.117856 1.615057
0.047116 0.121065 1.613503
-0.025157 -0.134682 1.691190
-0.028623 -0.128379 1.689217
-0.025196 -0.125485 1.672614
0.040986 0.120644 1.609558
-0.015316 -0.140389 1.702111
-0.005417 -0.142270 1.705201
-0.010593 -0.119594 1.659463
0.074978 0.049221 1.629057
0.000000 -0.119556 1.663850
-0.018334 -0.133222 1.691202
-0.016019 -0.122657 1.667716
0.083776 0.064394 1.691678
0.000000 -0.119892 1.661770
0.000000 0.125848 1.738411
-0.004290 -0.140021 1.701704
-0.018934 -0.135236 1.693352
0.016669 0.134145 1.757178
0.010667 0.132796 1.747324
0.011195 0.116938 1.746052
0.033843 0.132709 1.750152
0.038812 0.125692 1.748021
0.024786 0.134693 1.750529
0.034339 0.113282 1.745452
0.036925 0.123913 1.795304
0.000000 0.130692 1.791685
0.044293 0.117875 1.804937
0.039208 0.111945 1.821030
0.000000 0.118715 1.822771
0.014609 0.107187 1.838406
0.034740 0.099940 1.841888
0.000000 0.095762 1.852410
0.038470 0.088514 1.850822
0.000002 0.081738 1.858567
0.000000 0.080016 1.855650
0.015926 0.069568 1.858075
0.000000 0.070141 1.859055
0.039657 0.052340 1.860597
0.000000 0.055607 1.864744
0.000021 0.022957 1.874178
0.000022 0.005452 1.876294
0.031852 -0.014187 1.873417
0.031534 -0.031427 1.871974
-0.090267 0.031942 1.644273
-0.096661 0.034055 1.644865
0.000000 -0.065019 1.865997
-0.099390 0.045243 1.666448
0.030608 -0.077249 1.855439
-0.062480 0.109381 1.666661
0.000008 -0.089051 1.849905
-0.007885 -0.127410 1.746939
0.038972 -0.088363 1.844576
0.030803 -0.097652 1.837105
-0.007204 -0.137899 1.731122
0.039283 -0.104796 1.824583
0.000001 -0.113917 1.816619
-0.013766 -0.135413 1.727939
0.035358 -0.117659 1.797368
-0.111464 0.003747 1.654862
0.020044 -0.124216 1.780202
0.047269 -0.116832 1.788700
-0.105119 0.023705 1.644568
-0.117977 -0.031697 1.693694
-0.103337 0.034964 1.698112
-0.092351 0.063907 1.684908
-0.085361 0.031408 1.632529
-0.081121 0.072568 1.678220
-0.076112 0.090556 1.674025
0.040952 -0.124508 1.749293
0.032459 -0.126349 1.722962
-0.059741 0.109458 1.666931
-0.062691 0.107745 1.664064
0.032473 0.083546 1.851555
0.043399 0.112155 1.809212
0.042712 0.088531 1.842973
-0.031020 -0.129793 1.716758
-0.047820 -0.125483 1.713494
0.043312 0.120832 1.779845
-0.079929 -0.096033 1.690797
-0.073220 -0.080643 1.688156
-0.074301 -0.101583 1.692540
0.046643 0.121750 1.778170
-0.081407 -0.107886 1.696730
0.047278 0.112498 1.811175
-0.092583 -0.105047 1.710099
0.045043 0.123634 1.748440
0.061786 0.115573 1.749361
0.053087 0.122596 1.751405
-0.082745 -0.108320 1.722029
0.077609 0.106013 1.782874
0.075028 0.096216 1.814952
-0.080163 -0.105434 1.723833
-0.087284 0.068656 1.686756
0.042539 0.086373 1.845687
0.043029 0.064428 1.849839
0.042633 -0.064392 1.854558
0.043121 0.019957 1.863250
-0.105104 0.003260 1.709310
-0.105702 -0.007088 1.711530
0.045712 0.002623 1.865905
-0.104287 -0.034835 1.716915
0.045411 -0.049411 1.861413
-0.101084 -0.054172 1.719510
0.050685 -0.113066 1.790157
0.043326 -0.100182 1.821117
0.045379 -0.077478 1.848229
-0.093329 -0.094066 1.720849
0.046044 -0.094164 1.831781
-0.071288 -0.110958 1.724548
-0.045196 -0.119555 1.727765
0.051716 -0.115906 1.777103
-0.094226 0.058461 1.676821
-0.098352 0.049482 1.675010
-0.099290 0.047606 1.663992
-0.072135 0.029136 1.631921
0.046207 -0.120615 1.723180
0.062337 -0.113366 1.765913
-0.101196 0.046612 1.659368
0.068409 0.015977 1.857342
0.057480 -0.047734 1.858430
0.057582 -0.073420 1.846385
-0.099427 0.056974 1.674461
-0.102713 0.049263 1.662565
-0.072136 0.029590 1.630403
-0.095679 0.037570 1.639834
0.068366 0.057854 1.846370
-0.062691 0.107745 1.664064
0.077190 0.072629 1.843661
-0.107209 0.046846 1.657970
-0.094993 0.031843 1.631546
0.047767 0.079790 1.848813
0.037877 0.077770 1.849823
-0.093209 0.031164 1.629912
-0.086768 0.029124 1.628203
-0.109680 0.044345 1.675546
-0.118701 0.016119 1.683348
-0.086160 0.026486 1.627656
-0.094812 0.028304 1.630529
0.088851 -0.102761 1.748261
0.080388 -0.106494 1.739853
-0.077006 0.013269 1.631434
-0.102338 0.007689 1.637880
-0.116851 0.019683 1.688125
-0.108976 -0.025581 1.652958
-0.105058 -0.070433 1.688941
-0.101402 -0.089773 1.708596
-0.059712 -0.116557 1.698206
0.086399 -0.099957 1.722692
0.086484 -0.071000 1.825809
0.087562 -0.091656 1.786626
-0.031920 -0.131516 1.718233
0.079990 -0.028044 1.852760
0.000004 -0.138075 1.731754
0.083611 0.062372 1.837950
0.076948 0.068307 1.843539
-0.096374 -0.005308 1.639110
-0.097785 -0.004915 1.640737
-0.098724 -0.026986 1.648754
-0.106324 -0.037911 1.655520
-0.097259 -0.040442 1.654112
0.083844 0.103302 1.753078
0.085144 0.094718 1.800138
-0.093980 -0.051811 1.657545
-0.100754 -0.049978 1.659929
0.096909 0.080778 1.755917
0.109198 0.048419 1.759542
0.114679 0.031953 1.772231
0.114087 0.026164 1.759452
0.089576 0.091690 1.752104
0.094357 0.058386 1.753713
-0.094183 -0.057965 1.666391
-0.104883 -0.056045 1.668728
0.110309 0.042935 1.803362
0.095485 0.066573 1.827158
-0.118799 0.007598 1.690980
-0.115589 -0.012329 1.702370
-0.113675 -0.038507 1.707240
-0.103797 -0.066975 1.682485
0.112485 0.033661 1.786908
0.095999 0.056551 1.830654
-0.092380 -0.072557 1.682724
0.096119 0.050159 1.823141
0.109686 0.026560 1.772368
-0.092418 -0.075970 1.688126
0.109880 0.006534 1.774342
0.107841 0.031314 1.787448
0.090506 0.056602 1.831979
-0.089568 -0.081104 1.687961
0.096993 0.008815 1.830590
-0.085271 -0.090877 1.691222
0.110006 -0.021374 1.763211
-0.046850 -0.112391 1.695437
-0.041914 -0.103783 1.691684
0.090011 -0.001603 1.845657
0.104807 -0.035388 1.798300
0.102278 -0.026428 1.814767
0.097981 -0.067204 1.782318
-0.089161 -0.091195 1.722940
0.097782 -0.048377 1.818464
0.091594 -0.082945 1.784481
0.089949 -0.090502 1.767107
-0.063474 -0.121060 1.712276
-0.011388 -0.121829 1.724820
0.081342 -0.102251 1.769621
0.089326 -0.093876 1.733976
0.093475 0.033510 1.642450
0.101326 0.042822 1.662633
0.097427 0.044286 1.667559
0.079844 0.082872 1.680173
0.007895 -0.135821 1.743186
0.019605 0.135025 1.762043
0.007796 -0.138580 1.739745
0.035381 -0.131655 1.731096
0.025905 -0.132212 1.721077
0.022138 -0.119019 1.719442
0.105159 0.023707 1.644565
0.111055 0.037491 1.683235
0.074300 -0.101583 1.692537
0.087495 0.028955 1.634479
0.076222 0.090595 1.673941
-0.020649 0.133768 1.750464
-0.010667 0.132796 1.747324
0.081039 0.072521 1.678225
0.000000 0.117302 1.746064
-0.038812 0.125692 1.748021
-0.033843 0.132708 1.750153
0.059741 0.109458 1.666931
0.059741 0.109458 1.666931
-0.039078 0.108670 1.745546
-0.039821 0.126122 1.780482
0.000000 0.130692 1.791685
0.039316 -0.122497 1.704792
0.047849 -0.125575 1.713489
-0.039087 0.117961 1.809742
-0.034969 0.107566 1.832429
0.000000 0.118715 1.822771
-0.000017 0.108189 1.838663
0.079985 -0.096073 1.690771
0.088987 -0.101895 1.696221
-0.038947 0.092546 1.847264
0.085129 -0.111215 1.710822
-0.015050 0.081079 1.858111
0.000002 0.081738 1.858567
-0.016272 0.079083 1.854724
-0.031937 0.068120 1.855841
-0.016272 0.079083 1.854724
-0.039185 0.066663 1.854526
-0.015924 0.054986 1.863849
-0.031947 0.037421 1.867232
-0.039672 0.036208 1.865878
0.000021 0.022957 1.874178
-0.016604 0.004693 1.875104
0.082745 -0.108320 1.722029
-0.038983 -0.032202 1.869898
0.000000 -0.030499 1.875601
-0.031140 -0.048319 1.868425
0.107963 0.012387 1.704368
0.000000 -0.065019 1.865997
-0.039023 -0.064724 1.860116
0.105516 -0.022277 1.714512
-0.030612 -0.088556 1.847004
0.106783 -0.045818 1.715560
-0.031446 -0.105803 1.826290
0.102968 -0.063328 1.718327
0.093936 -0.085291 1.722496
0.000001 -0.113917 1.816619
-0.039277 -0.104790 1.824579
-0.000001 -0.120421 1.800206
-0.020064 -0.124391 1.780221
-0.034897 -0.126216 1.749369
0.073203 -0.113739 1.722565
0.048563 -0.121850 1.724124
0.087852 0.064596 1.680287
0.096889 0.055083 1.674892
0.099290 0.047606 1.663992
0.086268 0.028580 1.634040
0.095614 0.037419 1.642751
-0.032473 0.083546 1.851555
-0.043399 0.112155 1.809212
-0.042712 0.088531 1.842973
-0.048249 0.115277 1.794791
0.084137 0.075756 1.676737
0.090077 0.067012 1.678103
-0.051525 0.119323 1.783898
-0.047283 0.112199 1.810984
0.102728 0.052271 1.670298
-0.058181 0.097642 1.748683
-0.052272 0.120450 1.748750
-0.064951 0.115846 1.763411
-0.077309 0.101719 1.799888
-0.073777 0.091079 1.824758
0.091247 0.033193 1.631709
0.099455 0.039826 1.641533
-0.043012 0.064418 1.849819
-0.042665 -0.031367 1.864266
-0.043137 0.035864 1.859843
-0.045714 0.002644 1.865994
-0.045900 0.076247 1.844688
-0.045491 -0.032335 1.865359
-0.050685 -0.113066 1.790157
-0.043326 -0.100182 1.821117
-0.045379 -0.077478 1.848229
-0.046044 -0.094164 1.831781
0.098996 0.036417 1.638677
-0.040969 -0.124528 1.749300
0.093264 0.031188 1.629855
-0.051715 -0.115903 1.777104
0.086768 0.029124 1.628203
-0.050530 -0.119699 1.747975
0.096359 0.028907 1.632559
-0.075509 -0.106233 1.770159
-0.072933 -0.110791 1.723207
-0.068786 -0.014946 1.859342
-0.068593 -0.030013 1.858007
-0.069808 -0.094536 1.813040
0.087426 0.026808 1.628779
0.091400 0.013685 1.632268
0.118422 0.016048 1.683342
0.108928 -0.025586 1.652983
0.107603 -0.046532 1.664662
0.105732 -0.065703 1.684927
0.043268 -0.120789 1.699963
-0.069245 0.068315 1.841624
0.117776 -0.031661 1.693727
0.097784 -0.004912 1.640744
0.098742 -0.027015 1.648681
-0.045900 0.076247 1.844688
-0.059421 0.075877 1.847763
-0.070295 0.071124 1.845239
0.096994 -0.027548 1.647077
0.095784 -0.040916 1.651882
0.093980 -0.051811 1.657545
-0.046208 -0.120532 1.723177
0.093435 -0.059434 1.664596
0.104762 -0.055948 1.668844
-0.081322 -0.104273 1.763367
-0.080388 -0.106494 1.739853
-0.086521 -0.099542 1.738719
-0.088786 -0.095760 1.763120
-0.089806 -0.094136 1.739343
-0.093223 -0.095413 1.747850
0.113631 -0.038497 1.707214
-0.080064 -0.105308 1.733639
-0.079581 -0.089391 1.810734
-0.080443 -0.098229 1.788815
-0.085380 -0.060417 1.836856
-0.080252 -0.042164 1.849913
0.094349 -0.067848 1.680719
0.109433 -0.057897 1.710982
0.080071 -0.069436 1.679205
-0.082815 0.065664 1.841550
0.098617 -0.071296 1.685632
-0.074106 0.111611 1.752059
0.092467 -0.076030 1.688004
0.102034 -0.076126 1.689927
-0.083843 0.103300 1.753078
-0.092243 0.086878 1.800534
-0.081730 0.074753 1.838016
-0.096912 0.080767 1.755885
0.046850 -0.112391 1.695437
-0.108911 0.051562 1.785953
-0.114679 0.031953 1.772231
-0.000000 -0.136624 1.730537
-0.100910 0.065989 1.755292
0.038157 -0.106074 1.694632
-0.079749 0.077329 1.751071
-0.108435 0.023575 1.758418
-0.106140 0.055602 1.802193
-0.105263 0.049815 1.816247
-0.090585 0.078275 1.822776
0.048703 -0.117389 1.697560
0.059756 -0.116678 1.698163
-0.108964 0.040263 1.803480
-0.095998 0.056550 1.830653
-0.088256 0.058987 1.834662
-0.099796 0.045239 1.815804
-0.107841 0.031314 1.787448
-0.110244 0.003155 1.760123
-0.109686 0.026560 1.772368
-0.088256 0.058987 1.834662
0.048576 -0.125084 1.719216
-0.094209 0.019396 1.835165
-0.104251 0.038173 1.803316
-0.109065 -0.018201 1.777555
-0.105657 -0.047438 1.765078
-0.094481 -0.016700 1.838226
-0.024786 0.134696 1.750529
-0.097981 -0.067204 1.782318
-0.092079 -0.037573 1.839763
-0.089324 -0.093875 1.733976
-0.091594 -0.082945 1.784481
-0.073068 -0.110257 1.734572
-0.028301 0.105182 1.838161
-0.057933 0.115501 1.669569
-0.068475 0.100756 1.672560
-0.078327 0.084124 1.680910
-0.092390 0.065360 1.711608
-0.079926 0.086425 1.696330
-0.058852 0.115408 1.674532
-0.063330 0.109263 1.673037
-0.076744 0.091114 1.692848
-0.101718 0.042312 1.728884
-0.090190 0.076047 1.727840
-0.101236 0.034905 1.712853
-0.062790 0.109512 1.668414
-0.057771 0.116944 1.676296
-0.070740 0.101658 1.696024
-0.106656 0.028509 1.745074
-0.108618 0.027660 1.756838
-0.108972 0.020928 1.757449
-0.106435 0.035556 1.757582
-0.104063 0.034617 1.735039
-0.103383 0.030100 1.722214
-0.104824 0.016938 1.714063
-0.091125 0.069688 1.753786
-0.093202 0.066469 1.754046
-0.101807 0.019127 1.703074
-0.100633 0.023116 1.701666
-0.091810 0.044389 1.695212
-0.086160 0.060806 1.688495
-0.082608 0.075985 1.684957
-0.061014 0.106933 1.665295
-0.055028 0.114891 1.667275
-0.050042 0.118789 1.673097
-0.055258 0.114500 1.681368
-0.070052 0.099712 1.700867
-0.093289 0.071676 1.732916
-0.089729 0.071543 1.739678
-0.087869 0.070603 1.749467
-0.082438 0.068581 1.752764
-0.079501 0.064667 1.744904
-0.084095 0.068248 1.740821
-0.077329 0.066457 1.737874
-0.085846 0.069482 1.749169
-0.086411 0.071945 1.736696
-0.057958 0.093241 1.666609
-0.074594 0.081272 1.677046
-0.097324 0.008085 1.702590
-0.098991 0.022165 1.700858
-0.090190 0.029326 1.694607
-0.079119 0.055406 1.684997
-0.072491 0.098585 1.702274
-0.054884 0.096351 1.696415
-0.057423 0.109965 1.686349
-0.048097 0.107010 1.682212
-0.049991 0.116665 1.676065
-0.048717 0.117901 1.673146
-0.045665 0.111133 1.667911
-0.053725 0.113956 1.666868
-0.057914 0.108615 1.664008
-0.053489 0.101345 1.662782
-0.058224 0.095004 1.696502
-0.067059 0.098143 1.701001
-0.071432 0.096704 1.702269
-0.073968 0.093968 1.706428
-0.080030 0.086395 1.716126
-0.085847 0.078013 1.729216
-0.085630 0.075984 1.731122
-0.077559 0.066200 1.735655
-0.082304 0.070478 1.734867
-0.084858 0.078104 1.729780
-0.067884 0.081777 1.718661
-0.070601 0.097385 1.704214
-0.059528 0.093887 1.702864
-0.084484 0.076307 1.731417
-0.076089 0.069472 1.734402
-0.106311 0.011529 1.711880
-0.105025 0.027937 1.722910
-0.105814 0.032710 1.734560
-0.109186 0.024174 1.749692
-0.107443 0.029356 1.737691
-0.107306 0.029666 1.734654
-0.106120 0.028127 1.726162
-0.108091 0.016048 1.722808
-0.110763 0.020016 1.742242
-0.108018 0.028570 1.730764
-0.110248 0.022603 1.737338
-0.110183 0.018202 1.732002
-0.110378 0.013961 1.732655
-0.110128 0.016356 1.744253
-0.098576 0.007397 1.705440
-0.109502 0.010218 1.725398
-0.110563 0.012524 1.740236
-0.097659 0.045323 1.708049
-0.081467 0.081341 1.691188
-0.099793 -0.086826 1.769990
-0.101422 -0.087563 1.766907
-0.102494 -0.088833 1.761968
-0.102658 -0.089792 1.753843
-0.108300 -0.074214 1.733364
-0.098960 -0.090852 1.723697
-0.096742 -0.071621 1.720275
-0.111499 -0.055569 1.766724
-0.115270 -0.026675 1.766117
-0.116600 -0.043607 1.761812
-0.117357 -0.044730 1.756457
-0.117134 -0.044910 1.747508
-0.119124 -0.029665 1.727548
-0.112229 -0.044922 1.717528
-0.110937 -0.027669 1.713166
-0.119049 -0.014122 1.761203
-0.120538 -0.015521 1.758082
-0.120308 -0.019446 1.726002
-0.112061 -0.017796 1.711082
-0.116880 0.001449 1.761428
-0.122098 0.007743 1.749582
-0.122301 -0.004250 1.751620
-0.119941 0.005694 1.742532
-0.118653 0.003681 1.733948
-0.118696 -0.009091 1.714064
-0.116507 -0.000215 1.708877
-0.103061 0.012633 1.706367
-0.111178 -0.058785 1.722570
-0.112516 -0.029396 1.770169
-0.103690 -0.027527 1.771758
-0.100065 -0.048435 1.774691
-0.103060 -0.025427 1.767743
-0.107367 0.026660 1.759132
-0.117362 0.002808 1.725981
-0.118316 0.000305 1.714200
-0.121144 0.007562 1.744703
-0.119057 0.014542 1.754827
-0.095513 -0.093242 1.769633
-0.097999 -0.095442 1.762057
-0.097313 -0.097505 1.736204
-0.084663 -0.091722 1.721924
-0.089507 -0.097010 1.768922
-0.090570 -0.098472 1.766280
-0.091953 -0.102086 1.736620
-0.082834 -0.097191 1.722522
-0.082458 -0.103075 1.727309
-0.081306 -0.103291 1.737261
-0.083091 -0.100559 1.761696
-0.083714 -0.095774 1.770726
-0.113923 -0.057665 1.749070
-0.117947 0.002064 1.721988
-0.116161 0.004991 1.733529
-0.120027 0.008692 1.747760
-0.115215 0.018464 1.755888
-0.102479 0.013586 1.709222
-0.103844 0.014558 1.716224
-0.107198 0.018608 1.733722
-0.107547 0.022089 1.746687
0.103942 -0.069831 1.770650
0.097597 -0.086052 1.772103
0.107810 -0.071353 1.765016
0.102256 -0.090451 1.743608
0.101804 -0.091149 1.735259
0.106675 -0.074184 1.724164
0.096742 -0.071621 1.720275
0.101669 -0.072637 1.719752
0.113114 -0.042786 1.767953
0.114878 -0.043411 1.765349
0.119378 -0.028175 1.759585
0.116665 -0.045192 1.738886
0.116130 -0.045485 1.729636
0.117405 -0.029187 1.718166
0.101862 -0.041832 1.716649
0.103800 -0.025919 1.713881
0.120538 -0.015521 1.758082
0.121041 -0.018358 1.735513
0.116455 -0.018768 1.713245
0.119745 -0.001192 1.758902
0.116074 0.018548 1.758844
0.122098 0.007743 1.749582
0.119941 0.005694 1.742532
0.120850 -0.006992 1.734315
0.120154 0.000018 1.722602
0.116743 -0.008692 1.710936
0.112195 0.003772 1.706317
0.109271 -0.058403 1.719618
0.105640 -0.057391 1.717793
0.102102 -0.039406 1.773329
0.108011 -0.050435 1.773293
0.087888 -0.081503 1.773197
0.104836 0.008094 1.762100
0.118864 0.006884 1.742323
0.112228 0.005142 1.707586
0.103225 0.013629 1.707585
0.120810 0.011145 1.752150
0.107607 0.027206 1.757310
0.096873 -0.094446 1.766701
0.098192 -0.096126 1.754852
0.094811 -0.097688 1.724729
0.085394 -0.087796 1.773463
0.091697 -0.099750 1.761828
0.092112 -0.100357 1.755451
0.089364 -0.101677 1.726185
0.084181 -0.092788 1.772987
0.082655 -0.101893 1.725650
0.082432 -0.099038 1.766018
0.082856 -0.102661 1.744451
0.113964 -0.057325 1.758001
0.112862 -0.058640 1.731611
0.116131 0.003147 1.725373
0.118847 0.007220 1.745091
0.117839 0.014132 1.753846
0.111521 0.005118 1.709268
0.103844 0.014558 1.716224
0.105817 0.016772 1.725685
0.107646 0.021405 1.744332
0.107498 0.024395 1.752932
0.032995 -0.126000 1.688410
0.003793 -0.134352 1.709338
0.005326 -0.140088 1.715195
0.024640 -0.114328 1.661298
0.034319 -0.107025 1.658967
0.035129 -0.108668 1.658988
0.052407 -0.095878 1.658484
0.073880 -0.052981 1.649405
0.030980 -0.113547 1.662713
0.014040 -0.137686 1.710113
0.019959 -0.137291 1.709424
0.025491 -0.133306 1.701149
0.030146 -0.131101 1.698178
0.030743 -0.126640 1.688188
0.011135 -0.133036 1.707421
0.023208 -0.127250 1.697510
0.026422 -0.123424 1.688648
0.030314 -0.122091 1.679021
0.028960 -0.120283 1.674743
0.026360 -0.118289 1.670022
0.018208 -0.112839 1.666254
0.025721 -0.116492 1.664233
0.020990 -0.108140 1.662317
0.036994 -0.097888 1.662194
0.030631 -0.129585 1.717680
0.038819 -0.124013 1.707606
0.014204 -0.137279 1.727575
0.020475 -0.135843 1.724644
0.025633 -0.132239 1.721864
0.042194 -0.119800 1.702805
0.046111 -0.114263 1.704874
0.047831 -0.089492 1.662153
0.055656 -0.089247 1.658364
0.062575 -0.078776 1.654988
0.058377 -0.074767 1.657859
0.068408 -0.066276 1.651610
0.063954 -0.062764 1.655255
0.066459 -0.057428 1.654767
0.077656 -0.036959 1.643323
0.077284 -0.027857 1.640107
0.075699 -0.017945 1.636201
0.072775 -0.006299 1.631652
0.068437 0.006524 1.626733
0.063407 0.019183 1.621988
0.039876 -0.112223 1.666697
0.051516 -0.105580 1.676639
0.058514 -0.099314 1.675771
0.038788 -0.125682 1.706214
0.014186 -0.138994 1.726570
0.000000 -0.140301 1.728991
0.053984 -0.111731 1.690999
0.062394 -0.104768 1.689947
0.072295 -0.094725 1.694274
0.079724 -0.085785 1.692220
0.083421 -0.078771 1.688635
0.079770 -0.078181 1.674720
0.073029 -0.076451 1.661587
0.081204 -0.067127 1.661332
0.083522 -0.058202 1.656047
0.087733 -0.045572 1.657473
0.088790 -0.034470 1.653691
0.061222 -0.091492 1.663626
0.069532 -0.074803 1.654265
0.077025 -0.054504 1.649251
0.081365 -0.027750 1.642680
0.079883 -0.016771 1.638474
0.076951 -0.004530 1.633825
0.072699 0.008402 1.629063
0.067692 0.021153 1.624480
0.079093 -0.027870 1.641114
0.070338 0.007085 1.627748
0.000000 -0.132945 1.709812
0.014368 -0.130203 1.706075
0.022858 -0.125642 1.698396
0.026293 -0.120364 1.685439
0.021425 -0.115086 1.673563
0.017678 -0.110085 1.664515
0.031219 -0.100330 1.663276
0.047575 -0.088699 1.663546
0.057525 -0.073726 1.658834
0.065774 -0.056810 1.656129
0.071213 -0.034829 1.651369
0.065384 -0.006089 1.638051
0.062472 0.033593 1.620067
0.062074 0.034203 1.620397
0.059332 0.033370 1.617899
0.057296 0.033607 1.617268
0.051670 0.032759 1.621968
0.050983 0.032444 1.623522
0.070230 0.033472 1.629589
0.057678 0.035226 1.623138
-0.033089 -0.124004 1.683723
0.000000 -0.139344 1.712856
-0.004856 -0.139132 1.712532
-0.023733 -0.112579 1.659920
-0.022085 -0.113898 1.661554
-0.035129 -0.108668 1.658988
-0.052407 -0.095878 1.658484
-0.075183 -0.053740 1.648055
-0.075678 -0.045340 1.647526
-0.010509 -0.139446 1.714002
-0.018183 -0.136727 1.707560
-0.024220 -0.135423 1.706109
-0.027839 -0.131285 1.697293
-0.031918 -0.128732 1.693906
-0.007508 -0.133815 1.708617
-0.018070 -0.130365 1.703229
-0.025096 -0.125762 1.693955
-0.025979 -0.119944 1.681060
-0.024697 -0.118261 1.677485
-0.022005 -0.116177 1.672848
-0.023485 -0.116224 1.665446
-0.022453 -0.115210 1.663432
-0.025033 -0.115753 1.662795
-0.031500 -0.101394 1.662024
-0.035343 -0.127710 1.712287
-0.030920 -0.131147 1.717025
-0.014204 -0.137279 1.727575
-0.007238 -0.138307 1.729458
-0.025782 -0.133858 1.721263
0.000000 -0.138648 1.730078
-0.045018 -0.116698 1.699611
-0.040753 -0.105361 1.658820
-0.057255 -0.090541 1.657896
-0.064195 -0.079672 1.654516
-0.055877 -0.079633 1.659864
-0.061278 -0.068963 1.656192
-0.068408 -0.066276 1.651610
-0.071121 -0.060477 1.650788
-0.070985 -0.043627 1.652356
-0.071832 -0.035208 1.649894
-0.071248 -0.026586 1.646534
-0.069255 -0.017317 1.642068
-0.066049 -0.006392 1.636626
-0.061474 0.005974 1.631179
-0.056554 0.018490 1.626359
-0.046185 -0.110843 1.675644
-0.056412 -0.097129 1.664820
-0.030938 -0.132600 1.716003
-0.014186 -0.138994 1.726570
-0.025693 -0.135369 1.720325
-0.042866 -0.117598 1.682668
-0.048549 -0.114879 1.686381
-0.070505 -0.096428 1.688784
-0.079724 -0.085785 1.692220
-0.083421 -0.078771 1.688635
-0.085552 -0.066416 1.676164
-0.085516 -0.071977 1.683524
-0.085299 -0.062473 1.669172
-0.086005 -0.055114 1.661596
-0.085580 -0.048353 1.652248
-0.086584 -0.037724 1.648833
-0.040473 -0.115575 1.674414
-0.067444 -0.080715 1.657610
-0.074463 -0.062441 1.650759
-0.088869 -0.022992 1.649691
-0.087501 -0.010848 1.645191
-0.084493 0.001551 1.640395
-0.080743 0.013668 1.635524
-0.075978 0.025441 1.630751
-0.079483 -0.037121 1.644536
-0.074568 -0.005976 1.632464
-0.003633 -0.132772 1.709585
-0.010718 -0.131463 1.707769
-0.020499 -0.127124 1.701310
-0.026221 -0.121953 1.689236
-0.024177 -0.117157 1.678199
-0.017527 -0.111972 1.667026
-0.024737 -0.104203 1.663261
-0.041533 -0.093554 1.663474
-0.051867 -0.083914 1.662724
-0.063867 -0.062044 1.656542
-0.070296 -0.043213 1.653819
-0.068627 -0.016956 1.643542
-0.055632 0.018116 1.628104
-0.067261 0.033869 1.623593
-0.072464 0.032213 1.628071
-0.059332 0.033370 1.617899
-0.055945 0.033355 1.617315
-0.050951 0.031678 1.623341
-0.066073 0.034528 1.626514
-0.060816 0.035037 1.623612
0.035301 0.103328 1.597819
0.027209 0.102505 1.595789
0.009303 0.097439 1.593270
0.000000 0.098631 1.592632
0.018765 0.087989 1.596248
0.029860 0.074898 1.602229
0.038527 0.063721 1.607644
0.051164 0.041178 1.618480
0.046051 0.051958 1.613392
0.063864 0.055252 1.617000
0.037733 0.112114 1.600200
0.036708 0.115020 1.600847
0.076123 0.049081 1.625129
0.007780 0.112886 1.595103
0.015487 0.113706 1.596297
0.024389 0.112022 1.596031
0.036117 0.116938 1.602874
0.051496 0.095535 1.608347
0.052228 0.097400 1.610683
0.046294 0.107669 1.606696
0.052894 0.084743 1.608092
0.058413 0.075026 1.612374
0.063175 0.065868 1.616085
0.068074 0.067857 1.621731
0.041766 0.114677 1.606360
0.068006 0.056704 1.619691
0.078489 0.049561 1.633266
0.000000 0.107262 1.592341
0.025053 0.109360 1.594944
0.090254 0.028207 1.634697
0.087550 0.026116 1.632533
0.079807 0.029957 1.628441
0.061575 0.020844 1.630125
0.095379 0.025004 1.639160
0.084873 0.021386 1.632627
0.095890 0.025709 1.641408
0.059405 0.114298 1.670502
0.078327 0.084124 1.680910
0.086389 0.075993 1.703953
0.076359 0.094693 1.705122
0.056040 0.118257 1.672745
0.061118 0.112725 1.676612
0.074100 0.094951 1.689991
0.101718 0.042312 1.728884
0.073449 0.098372 1.700323
0.101236 0.034905 1.712853
0.065326 0.105534 1.669911
0.056899 0.117805 1.674509
0.062731 0.111434 1.683578
0.106656 0.028509 1.745074
0.109118 0.022913 1.755517
0.108545 0.021339 1.758791
0.108080 0.028718 1.758881
0.100541 0.052718 1.751028
0.103493 0.032291 1.724736
0.104647 0.020129 1.716946
0.105071 0.012676 1.710467
0.092237 0.069073 1.750371
0.095270 0.062954 1.754474
0.102434 0.025474 1.705674
0.098003 0.036321 1.701774
0.088139 0.063098 1.691322
0.076110 0.082189 1.677661
0.063388 0.103260 1.666933
0.057803 0.111643 1.665351
0.050741 0.118505 1.670960
0.053034 0.116113 1.678736
0.067620 0.102001 1.698261
0.087421 0.076068 1.731503
0.093916 0.069341 1.740248
0.093544 0.068656 1.744999
0.078922 0.065953 1.751980
0.083454 0.067868 1.748850
0.079194 0.065167 1.741776
0.078236 0.065694 1.739909
0.084626 0.070220 1.753312
0.087153 0.070204 1.740233
0.086043 0.080719 1.724302
0.067288 0.077174 1.674788
0.095099 0.015927 1.699195
0.093687 0.019727 1.697741
0.086693 0.038925 1.691474
0.079119 0.055406 1.684997
0.072870 0.068600 1.679472
0.054884 0.096351 1.696415
0.066852 0.099720 1.700093
0.053943 0.113219 1.681581
0.045728 0.109691 1.678100
0.043498 0.112757 1.673127
0.049346 0.117668 1.670783
0.047911 0.109115 1.665910
0.049644 0.106648 1.663908
0.059740 0.105927 1.664691
0.055982 0.097663 1.664664
0.067059 0.098143 1.701001
0.069547 0.097490 1.700741
0.073968 0.093968 1.706428
0.080030 0.086395 1.716126
0.084261 0.081027 1.725484
0.086128 0.075315 1.730334
0.085066 0.073036 1.732278
0.082304 0.070478 1.734867
0.083380 0.081207 1.726001
0.078565 0.087534 1.717634
0.062717 0.088995 1.709109
0.068981 0.098021 1.702998
0.058181 0.096000 1.700042
0.083489 0.074183 1.733074
0.076960 0.067597 1.735980
0.106452 0.019197 1.718698
0.105587 0.032065 1.730502
0.108688 0.025610 1.745717
0.110532 0.019602 1.756657
0.109679 0.020123 1.743770
0.107422 0.029952 1.736555
0.107316 0.019798 1.722374
0.108526 0.029315 1.736087
0.107231 0.027607 1.726280
0.109222 0.016459 1.723709
0.110183 0.018202 1.732002
0.109558 0.012503 1.724522
0.111078 0.016031 1.742919
0.103366 0.009519 1.708650
0.108602 0.010196 1.723969
0.111005 0.013538 1.742637
0.110429 0.017539 1.757632
0.087768 0.068980 1.697023
0.028556 -0.123259 1.679054
0.031732 -0.120819 1.679947
0.026138 -0.128105 1.677232
0.024600 -0.125911 1.672795
0.022817 -0.123261 1.668581
0.020575 -0.116588 1.665695
0.021486 -0.111392 1.658478
0.015167 -0.120009 1.661837
0.010417 -0.119433 1.659863
0.005643 -0.113022 1.658555
0.000000 -0.112772 1.658054
0.000000 -0.117747 1.657552
0.000000 -0.138829 1.710234
0.005379 -0.142078 1.705145
0.012053 -0.137873 1.711770
0.010422 -0.141331 1.704489
0.014926 -0.140265 1.701521
0.020575 -0.135013 1.702592
0.026534 -0.131180 1.701285
0.022582 -0.136799 1.695526
0.024580 -0.134916 1.690804
0.031157 -0.125357 1.690382
0.027198 -0.130046 1.682032
0.000000 -0.119556 1.663850
0.009780 -0.120701 1.666142
0.018295 -0.133320 1.691149
0.022455 -0.130104 1.681888
0.023139 -0.128257 1.677772
0.022107 -0.132128 1.685901
0.019606 -0.124449 1.670141
0.015975 -0.122857 1.667706
0.012542 -0.121598 1.665185
0.004566 -0.119956 1.661150
0.000000 -0.119892 1.661770
0.000000 -0.140916 1.702838
0.009000 -0.140112 1.701220
0.016633 -0.137746 1.696512
0.019559 -0.136138 1.693282
-0.029116 -0.125801 1.684144
-0.026896 -0.120815 1.674160
-0.025137 -0.125370 1.672687
-0.032317 -0.112761 1.665650
-0.028278 -0.110418 1.660519
-0.019159 -0.121369 1.664668
-0.015167 -0.120009 1.661837
-0.011114 -0.113764 1.660040
-0.005274 -0.112190 1.656475
-0.005308 -0.118715 1.658428
0.000000 -0.117747 1.657552
0.000000 -0.138829 1.710234
-0.005379 -0.142078 1.705145
0.000000 -0.142317 1.705604
-0.010187 -0.141415 1.703819
-0.016156 -0.136633 1.705837
-0.020575 -0.135013 1.702592
-0.018772 -0.138863 1.698740
-0.022582 -0.136799 1.695526
-0.029595 -0.128238 1.696457
-0.031157 -0.125357 1.690382
-0.026119 -0.132729 1.686475
-0.005971 -0.137864 1.700273
-0.004040 -0.119736 1.664210
-0.016067 -0.123006 1.670758
-0.020630 -0.129978 1.684277
-0.022175 -0.128039 1.678085
-0.020887 -0.126141 1.674282
-0.018793 -0.124390 1.670778
-0.020787 -0.133985 1.689648
-0.013086 -0.121534 1.664307
-0.008624 -0.120662 1.663312
0.000000 -0.119752 1.660744
0.000000 -0.140916 1.702838
-0.008619 -0.139415 1.700555
-0.013107 -0.139065 1.699150
-0.018747 -0.135596 1.692941
0.010246 0.135236 1.750352
0.010667 0.132796 1.747324
0.022340 0.115901 1.746019
0.000000 0.135687 1.750206
0.034058 0.127640 1.747582
0.033875 0.131808 1.760308
0.038806 0.128372 1.769637
0.034341 0.113291 1.745443
0.036761 0.126093 1.785992
0.034908 0.128614 1.780059
0.000000 0.133445 1.778998
0.014011 0.134166 1.770454
0.036855 0.121078 1.803755
0.044217 0.117770 1.804908
0.014784 0.117619 1.822856
0.000000 0.125355 1.808273
0.014602 0.107152 1.838377
0.038788 0.092314 1.847041
0.014663 0.095039 1.851658
0.015367 0.085560 1.859505
0.029389 0.081881 1.857474
0.029262 0.079244 1.856457
0.016272 0.079083 1.854724
0.032060 0.083318 1.852476
0.015926 0.069568 1.858075
0.000000 0.080016 1.855650
0.015924 0.054986 1.863849
0.039565 0.052288 1.860493
0.000000 0.039443 1.870085
0.031867 0.020812 1.870902
0.016603 0.004693 1.875096
0.038959 0.002254 1.871098
0.000000 -0.012477 1.876536
0.031491 -0.031387 1.871674
0.016418 -0.047987 1.870607
0.038993 -0.048889 1.866010
0.000000 -0.064875 1.865668
0.016186 -0.077282 1.857567
0.030531 -0.088159 1.846623
0.038835 -0.088179 1.844422
0.030764 -0.097482 1.836958
0.000000 -0.098711 1.839736
0.017553 -0.112971 1.815572
0.039403 -0.110645 1.812606
0.000000 -0.120390 1.800199
0.037058 -0.119014 1.788820
0.037597 -0.122999 1.768586
0.037086 -0.124130 1.760722
0.047470 -0.120676 1.767625
0.034813 -0.125711 1.749301
0.000000 -0.128843 1.754413
0.043684 -0.123413 1.752902
0.032923 -0.125917 1.728633
0.000000 -0.128201 1.723177
0.037854 -0.121142 1.778772
0.000000 -0.125340 1.781192
0.018390 -0.128052 1.739600
0.032473 0.083546 1.851555
0.043399 0.112155 1.809212
0.042712 0.088531 1.842973
0.047941 0.117661 1.784776
0.042252 0.125261 1.752635
0.041428 0.122756 1.749139
0.046015 0.124298 1.759151
0.051690 0.115938 1.794216
0.046386 0.108694 1.817897
0.046277 0.102661 1.827697
0.041947 0.106016 1.746240
0.061786 0.115573 1.749361
0.062352 0.117960 1.751666
0.067744 0.111601 1.782094
0.059503 0.110878 1.799154
0.065807 0.094566 1.825523
0.057201 0.092611 1.834104
0.042539 0.086373 1.845687
0.057527 0.083883 1.843915
0.043049 0.077041 1.843136
0.042665 -0.031367 1.864266
0.043072 0.019945 1.863081
0.045686 0.019505 1.863251
0.045706 0.051280 1.855189
0.045411 -0.049411 1.861413
0.045506 -0.014809 1.866066
0.043455 -0.105625 1.810796
0.042800 -0.076348 1.847260
0.045658 -0.086168 1.840708
0.046564 -0.111118 1.798763
0.043913 -0.119331 1.723177
0.044643 -0.119739 1.748125
0.051547 -0.117322 1.767087
0.046027 -0.120520 1.739594
0.046218 -0.120458 1.723177
0.050382 -0.119338 1.747960
0.050123 -0.119611 1.734421
0.061006 -0.107162 1.793314
0.061604 -0.115035 1.748388
0.061392 -0.115473 1.734754
0.057840 0.017143 1.860393
0.057546 -0.062396 1.852886
0.057596 -0.073440 1.846409
0.068311 0.015947 1.857096
0.068186 -0.058320 1.849230
0.068375 -0.069069 1.843195
0.072255 -0.102468 1.790703
0.057378 0.060997 1.848438
0.067769 0.044829 1.850764
0.059822 0.079305 1.847436
0.059421 0.075877 1.847763
0.045906 0.076181 1.844540
0.069164 0.068225 1.841396
0.033442 -0.126046 1.734086
0.079745 -0.105813 1.756514
0.079285 -0.106795 1.747645
0.080350 -0.106457 1.739871
0.088756 -0.102373 1.743995
0.086394 -0.102659 1.758530
0.081220 -0.104104 1.763324
0.088743 -0.095732 1.763090
0.090980 -0.098393 1.756247
0.088468 -0.101650 1.756623
0.093165 -0.095388 1.747850
0.086282 -0.099859 1.728132
0.079581 -0.089391 1.810734
0.080443 -0.098229 1.788815
0.085380 -0.060417 1.836856
0.080212 -0.042139 1.849823
0.079814 0.000505 1.853556
0.079876 0.041823 1.846147
0.083441 0.062270 1.837626
0.082806 0.065689 1.841484
0.083306 0.069429 1.841637
0.074010 0.111488 1.752053
0.077129 0.101468 1.799801
0.073539 0.086519 1.830371
0.082277 0.101280 1.750905
0.084888 0.101093 1.765843
0.080038 0.087331 1.823591
0.079935 0.079442 1.833823
0.092263 0.090763 1.767092
0.102441 0.066580 1.757645
0.109209 0.049244 1.770669
0.107879 0.046853 1.757155
0.095158 0.079608 1.753563
0.085936 0.068939 1.752159
0.108435 0.023575 1.758418
0.103631 0.064929 1.785271
0.091727 0.086549 1.800413
0.105874 0.055500 1.802159
0.100274 0.061620 1.817389
0.097189 0.058675 1.830361
0.088868 0.065917 1.838878
0.096876 0.070105 1.815917
0.087749 0.078829 1.825793
0.089339 0.074507 1.828655
0.113809 0.029184 1.771769
0.088147 0.062853 1.838649
0.103840 0.047714 1.817104
0.088256 0.058987 1.834662
0.099789 0.045239 1.815805
0.107752 0.031312 1.787432
0.109686 0.026560 1.772368
0.107752 0.031312 1.787432
0.090489 0.056607 1.831964
0.096030 0.050149 1.823101
0.099725 0.028181 1.819146
0.089727 0.036948 1.839321
0.109065 -0.018201 1.777555
0.094192 0.019395 1.835156
0.103467 -0.002847 1.811532
0.089820 -0.001612 1.845505
0.104807 -0.035388 1.798300
0.099043 -0.019745 1.825718
0.094037 -0.016689 1.838054
0.096991 -0.073630 1.765158
0.093945 -0.035451 1.834949
0.088984 -0.038489 1.843586
0.091594 -0.082945 1.784481
0.089809 -0.090405 1.767073
0.026928 0.132102 1.770004
0.028215 0.122394 1.807301
0.027855 0.094471 1.849787
0.075418 -0.106031 1.770113
0.072081 -0.109706 1.756316
0.073045 -0.110202 1.734576
0.089335 -0.093885 1.733976
0.009323 0.135705 1.762043
0.009330 0.135399 1.761090
0.024887 0.116169 1.745676
0.024037 0.130064 1.747583
-0.016668 0.134103 1.757184
-0.020641 0.133698 1.750509
-0.011195 0.116938 1.746052
0.000000 0.133619 1.747363
-0.038812 0.125692 1.748021
-0.033846 0.132727 1.750143
-0.034211 0.130469 1.769898
-0.028331 0.133832 1.750424
-0.039081 0.108672 1.745539
-0.039817 0.126142 1.780488
-0.013983 0.132701 1.778990
0.000000 0.134931 1.770514
-0.036871 0.123717 1.795244
-0.039001 0.117867 1.809691
-0.039123 0.111862 1.820971
-0.014574 0.124497 1.808283
-0.039177 0.105505 1.830902
-0.034465 0.093684 1.848355
-0.039066 0.098343 1.840271
0.000000 0.086199 1.860082
-0.038470 0.088514 1.850822
-0.029389 0.081881 1.857474
0.000000 0.084216 1.859520
0.000000 0.080016 1.855650
-0.015926 0.069568 1.858075
0.000000 0.070141 1.859055
-0.039185 0.066663 1.854526
0.000000 0.055607 1.864744
-0.031947 0.037421 1.867232
-0.016440 0.022187 1.873044
-0.039266 0.019634 1.869215
0.000000 0.005436 1.876087
-0.031804 -0.014181 1.873098
-0.016559 -0.030705 1.874133
-0.038872 -0.032187 1.869715
0.000000 -0.048062 1.871677
-0.016269 -0.064407 1.864766
-0.030573 -0.077107 1.855222
-0.038931 -0.077692 1.852706
0.000000 -0.088885 1.849703
-0.030764 -0.097482 1.836958
0.000000 -0.106943 1.828620
-0.039145 -0.104611 1.824428
0.000000 -0.113633 1.816483
-0.035330 -0.117498 1.797302
-0.037058 -0.119014 1.788820
-0.047182 -0.116655 1.788669
-0.037597 -0.122999 1.768586
0.000000 -0.127293 1.770220
-0.034813 -0.125711 1.749301
-0.018743 -0.127926 1.749301
-0.040921 -0.124401 1.749301
-0.017935 -0.127675 1.728629
0.000000 -0.128530 1.728629
-0.039642 -0.124781 1.728633
-0.020027 -0.124089 1.780182
-0.034062 -0.126031 1.739600
-0.032308 0.078083 1.850809
-0.032308 0.078083 1.850809
-0.042909 0.107430 1.817718
-0.042881 0.101185 1.827325
-0.043309 0.120813 1.779845
-0.042825 0.122822 1.768895
-0.046309 0.123182 1.768062
-0.051347 0.118962 1.783825
-0.047303 0.112034 1.810901
-0.046497 0.095700 1.836916
-0.045043 0.123634 1.748440
-0.061786 0.115573 1.749361
-0.052973 0.122350 1.751426
-0.064910 0.115754 1.763398
-0.059503 0.110878 1.799154
-0.057428 0.105292 1.814998
-0.066219 0.089505 1.831893
-0.057215 0.087641 1.839986
-0.069089 0.079274 1.841767
-0.043049 0.077041 1.843136
-0.042633 -0.064392 1.854558
-0.042811 -0.014040 1.865524
-0.043058 0.051335 1.854929
-0.045714 0.035565 1.859898
-0.045906 0.076181 1.844540
-0.045433 -0.032301 1.864924
-0.050562 -0.112725 1.790046
-0.043292 -0.100011 1.820991
-0.045379 -0.077478 1.848229
-0.045955 -0.093880 1.831588
-0.043721 -0.119609 1.728632
-0.039792 -0.124919 1.734091
-0.046776 -0.119490 1.752330
-0.051563 -0.115605 1.777046
-0.046071 -0.120502 1.728632
-0.049939 -0.119652 1.740265
-0.050489 -0.119398 1.723177
-0.061980 -0.114331 1.756733
-0.061378 -0.115372 1.740937
-0.061287 -0.115555 1.728965
-0.072927 -0.110365 1.728726
-0.057440 -0.047709 1.858341
-0.057491 -0.015830 1.862769
-0.058775 -0.098610 1.815470
-0.068327 -0.044672 1.854695
-0.068690 -0.014942 1.859027
-0.069709 -0.094343 1.812931
-0.057507 0.047593 1.853182
-0.067900 0.030534 1.854568
-0.069164 0.068225 1.841396
-0.049539 0.082779 1.849029
-0.057449 0.072969 1.843830
-0.043049 0.077041 1.843136
-0.029179 0.084382 1.857978
0.000000 -0.128817 1.734084
-0.086019 -0.104226 1.748325
-0.079351 -0.107085 1.742328
-0.083176 -0.103499 1.738685
-0.091048 -0.099282 1.743613
-0.081220 -0.104104 1.763324
-0.090811 -0.097870 1.758942
-0.093119 -0.094746 1.755990
-0.089806 -0.094136 1.739343
-0.088673 -0.102513 1.748231
-0.080304 -0.106189 1.723008
-0.078626 -0.077329 1.828678
-0.086484 -0.071000 1.825809
-0.078256 -0.065466 1.840316
-0.084488 -0.051118 1.843500
-0.079861 -0.013814 1.853866
-0.079781 0.028457 1.849660
-0.077727 0.065047 1.839576
-0.077727 0.065047 1.839576
-0.077122 0.072570 1.843540
-0.073073 0.109147 1.749969
-0.077539 0.105892 1.782842
-0.073643 0.090873 1.824596
-0.075694 0.076948 1.839850
-0.083788 0.103250 1.753074
-0.085144 0.094718 1.800138
-0.078876 0.084080 1.829276
-0.092263 0.090763 1.767092
-0.091452 0.093118 1.754448
-0.109056 0.048371 1.759546
-0.115110 0.029282 1.760794
-0.100910 0.065989 1.755292
-0.079749 0.077329 1.751071
-0.103600 0.041509 1.755858
-0.098456 0.077043 1.784609
-0.113425 0.036563 1.786829
-0.101604 0.066803 1.801328
-0.105213 0.049821 1.816219
-0.095034 0.066308 1.826989
-0.091327 0.069141 1.831654
-0.090132 0.077995 1.822616
-0.093121 0.077785 1.815077
-0.087749 0.078829 1.825793
-0.088353 0.084907 1.814848
-0.108964 0.040263 1.803480
-0.095964 0.056585 1.830611
-0.090489 0.056607 1.831964
-0.096030 0.050149 1.823101
-0.109686 0.026560 1.772368
-0.109686 0.026560 1.772368
-0.107571 0.012865 1.791118
-0.088256 0.058987 1.834662
-0.093543 0.043452 1.830218
-0.099789 0.045239 1.815805
-0.103834 0.020887 1.807168
-0.093950 0.031832 1.832733
-0.107139 -0.011305 1.795163
-0.099759 0.004008 1.823181
-0.094258 0.006868 1.836922
-0.105657 -0.047438 1.765078
-0.096523 -0.015412 1.832158
-0.089673 -0.014074 1.845925
-0.097981 -0.067204 1.782318
-0.093362 -0.026263 1.838715
-0.097692 -0.048361 1.818431
-0.090817 -0.053648 1.833157
-0.091863 -0.062736 1.822369
-0.027022 0.133721 1.760881
-0.028089 0.127559 1.791177
-0.028254 0.104894 1.837927
-0.089385 -0.094146 1.722149
-0.072424 -0.108315 1.765804
-0.071503 -0.110899 1.738909
-0.086202 -0.099725 1.733572
-0.090678 -0.090049 1.762191
0.000000 0.135730 1.761081
-0.019555 0.134616 1.762003
-0.026088 0.116019 1.745594
-0.023552 0.134635 1.750541
0.033432 -0.132817 1.722473
0.042392 -0.126149 1.711493
0.020110 -0.134087 1.724822
0.019309 -0.130079 1.723745
0.025015 -0.128274 1.720266
0.006709 -0.132419 1.728606
0.015319 -0.137749 1.737769
0.022416 -0.136775 1.734831
0.048589 -0.125118 1.719230
0.063345 -0.120724 1.712354
0.074922 -0.116557 1.717421
0.085129 -0.111225 1.710808
0.020728 -0.135628 1.726351
0.029484 -0.127837 1.738083
0.045428 -0.122778 1.725957
0.073185 -0.113697 1.722505
0.035576 -0.126462 1.710932
0.038314 -0.129637 1.717257
0.028566 -0.122101 1.716049
0.012521 -0.127364 1.726015
0.000000 -0.138511 1.740416
0.072754 -0.114726 1.704410
0.038300 -0.119514 1.703992
0.041440 -0.114951 1.696970
0.000000 -0.135885 1.743656
0.000000 -0.138023 1.731768
0.051528 -0.121405 1.705679
0.000000 -0.128944 1.728478
0.048012 -0.118712 1.726163
0.052527 -0.117344 1.725980
0.071269 -0.110927 1.724477
0.081141 -0.106615 1.723464
0.101308 -0.089715 1.708600
0.048685 -0.117330 1.697626
0.092570 -0.087306 1.691579
0.096713 -0.088441 1.693023
0.097148 -0.096700 1.715279
0.098504 -0.088808 1.694964
0.079924 -0.106556 1.695322
0.096252 -0.086578 1.720201
0.092265 -0.104563 1.716088
0.088924 -0.101830 1.696276
0.103073 -0.080904 1.713769
0.102984 -0.081940 1.700860
0.095260 -0.081556 1.690438
0.085198 -0.090819 1.691270
0.065090 -0.106392 1.693451
0.046841 -0.112345 1.695484
0.105109 -0.072842 1.712908
0.087176 -0.100262 1.723208
0.103706 -0.075939 1.692117
0.092502 -0.076100 1.687923
0.038158 -0.106072 1.694633
0.022077 -0.119056 1.719330
0.005793 -0.122650 1.726435
0.049838 -0.100031 1.690595
0.065003 -0.090127 1.689487
0.073239 -0.080687 1.688067
0.075801 -0.077470 1.686979
0.091152 -0.076730 1.685915
0.041936 -0.103785 1.691860
0.107670 -0.068232 1.698457
0.104812 -0.070352 1.688977
0.093793 -0.071648 1.684849
0.109443 -0.061865 1.696588
0.104697 -0.055510 1.717231
0.098852 -0.067606 1.681163
0.080319 -0.066931 1.675402
0.111552 -0.048429 1.709034
0.104183 -0.061686 1.675769
0.093333 -0.064407 1.671921
0.115531 -0.041634 1.701283
0.106679 -0.054115 1.671710
0.094193 -0.058003 1.666364
0.117647 -0.029470 1.698491
0.109282 -0.023752 1.711702
0.115409 -0.012356 1.702254
0.120044 -0.007264 1.688469
0.118481 0.007525 1.690799
0.107846 0.012337 1.704203
0.103572 0.014189 1.706658
0.116552 0.019567 1.687953
0.098475 0.025889 1.704328
0.114031 0.028270 1.685636
0.105594 0.041643 1.688156
0.102923 0.034693 1.697739
0.094479 0.037563 1.700331
0.106578 0.048006 1.678738
0.107378 -0.046458 1.664726
0.095124 -0.050908 1.659821
0.108097 -0.036312 1.657969
0.097259 -0.040442 1.654112
0.108728 -0.025530 1.653102
0.098633 -0.026928 1.648915
0.108394 -0.013844 1.648286
0.098765 -0.015883 1.644858
0.106811 -0.001392 1.643837
0.096271 -0.005272 1.639228
0.102233 0.007742 1.638103
0.093673 0.006149 1.635154
0.099748 0.015413 1.635210
0.092879 0.014059 1.633902
0.115302 -0.035188 1.686045
0.117453 -0.000279 1.675273
0.112551 -0.029715 1.667735
0.111343 0.003747 1.654901
0.104896 0.017097 1.642725
0.111934 0.035716 1.671978
0.096895 0.023023 1.632496
0.089871 0.021166 1.631124
0.094714 0.028355 1.630784
0.093208 0.031165 1.629915
0.087397 0.026819 1.628850
0.084879 0.028678 1.628272
0.098343 0.030743 1.635863
0.111998 0.031885 1.667763
0.101954 0.038483 1.640847
0.103136 0.033860 1.641930
0.105899 0.047699 1.661986
0.110354 0.037178 1.663156
0.106428 0.049853 1.668305
0.101521 0.056676 1.677202
0.091680 0.067556 1.681264
0.082477 0.073414 1.684706
0.079786 0.082795 1.680090
0.074680 0.086497 1.678377
0.085874 0.031683 1.629901
0.092489 0.033942 1.633109
0.099455 0.039826 1.641533
0.102633 0.050995 1.667502
0.099418 0.056980 1.674447
0.063772 0.108456 1.666305
0.081100 0.080444 1.675234
0.087233 0.071016 1.677748
0.095614 0.037419 1.642751
0.091350 0.034454 1.638646
0.086609 0.031474 1.632820
0.072135 0.029137 1.631921
0.098824 0.050223 1.671303
0.094226 0.058461 1.676821
0.082292 0.073536 1.676118
0.067229 0.099026 1.666116
0.099391 0.045256 1.666440
0.092269 0.032259 1.640445
0.084411 0.028280 1.633483
0.072864 0.027319 1.633058
0.098327 0.049513 1.674981
0.087871 0.064604 1.680251
0.081134 0.072574 1.678197
0.000000 -0.127399 1.747237
0.035287 -0.123745 1.735097
0.095854 -0.077692 1.721714
0.101081 -0.054176 1.719483
0.105501 -0.022284 1.714476
0.068028 0.101238 1.670839
0.062426 0.109300 1.666581
0.059743 0.109453 1.666924
0.065632 0.100467 1.671349
0.078018 0.084995 1.673476
0.078584 0.086835 1.675614
0.022814 -0.128926 1.741493
0.015575 -0.129670 1.744137
0.097513 0.040938 1.664804
-0.028000 -0.135083 1.726784
-0.028934 -0.135353 1.731139
-0.045480 -0.123239 1.706264
-0.013171 -0.131483 1.726610
-0.030085 -0.126094 1.716230
-0.025895 -0.132225 1.721056
-0.015521 -0.135260 1.741226
-0.015319 -0.137749 1.737769
-0.035224 -0.131543 1.730937
-0.045250 -0.126846 1.722090
-0.063345 -0.120724 1.712354
-0.074922 -0.116557 1.717421
-0.031908 -0.131428 1.718266
-0.014148 -0.136941 1.729213
-0.035353 -0.126385 1.734124
-0.062642 -0.117436 1.723058
-0.082736 -0.108311 1.721996
-0.036701 -0.128199 1.712607
-0.040353 -0.129365 1.726572
-0.028566 -0.122101 1.716049
-0.018375 -0.125883 1.723367
0.000000 -0.138511 1.740416
-0.061555 -0.118586 1.705106
-0.038300 -0.119514 1.703992
0.000000 -0.132740 1.729292
-0.043267 -0.120644 1.700082
0.000000 -0.130239 1.746446
-0.041330 -0.113565 1.696599
-0.045045 -0.119464 1.727584
-0.048012 -0.118712 1.726163
-0.061902 -0.115678 1.724631
-0.071269 -0.110927 1.724477
-0.097604 -0.097272 1.709381
-0.100073 -0.089346 1.701782
-0.056708 -0.112028 1.695544
-0.092570 -0.087306 1.691579
-0.067270 -0.108789 1.694793
-0.100529 -0.088976 1.714547
-0.079924 -0.106556 1.695322
-0.059681 -0.116445 1.698303
-0.096252 -0.086578 1.720201
-0.092378 -0.104906 1.710141
-0.088924 -0.101830 1.696276
-0.103073 -0.080904 1.713769
-0.101498 -0.082097 1.693854
-0.090662 -0.080826 1.689536
-0.080607 -0.096356 1.691968
-0.065090 -0.106392 1.693451
-0.106048 -0.073896 1.706911
-0.091108 -0.092608 1.722813
-0.087176 -0.100262 1.723208
-0.102051 -0.076145 1.689901
-0.040610 -0.112006 1.696150
-0.026796 -0.117073 1.715429
-0.016901 -0.120613 1.722451
-0.057764 -0.095563 1.689962
-0.049838 -0.100031 1.690595
-0.069686 -0.085088 1.688841
-0.079948 -0.096051 1.690729
-0.089499 -0.081074 1.687964
-0.079231 -0.072009 1.682806
0.000000 -0.122936 1.726982
-0.107555 -0.065257 1.712152
-0.103091 -0.071004 1.686859
-0.092325 -0.072593 1.682676
-0.110951 -0.059333 1.705139
-0.105674 -0.065679 1.684942
-0.094369 -0.067940 1.680641
-0.111294 -0.054060 1.693311
-0.106686 -0.045821 1.715460
-0.099191 -0.062798 1.674088
-0.080246 -0.062540 1.668198
-0.113469 -0.038498 1.707119
-0.104720 -0.055931 1.668855
-0.093388 -0.059420 1.664605
-0.117647 -0.029470 1.698491
-0.119468 -0.017912 1.690754
-0.109556 -0.009289 1.709040
-0.115085 -0.001708 1.700068
-0.118481 0.007525 1.690799
-0.103572 0.014189 1.706658
-0.105066 0.003226 1.709195
-0.105879 0.023345 1.701193
-0.118321 0.016024 1.683346
-0.110835 0.037361 1.683115
-0.105594 0.041643 1.688156
-0.093462 0.049481 1.694993
-0.098656 0.035612 1.700335
-0.087266 0.068635 1.686730
-0.105606 -0.048169 1.662149
-0.093980 -0.051811 1.657545
-0.108097 -0.036312 1.657969
-0.095784 -0.040916 1.651882
-0.108728 -0.025530 1.653102
-0.096943 -0.027530 1.647133
-0.108394 -0.013844 1.648286
-0.097208 -0.016363 1.643171
-0.106811 -0.001392 1.643837
-0.082702 -0.004824 1.638210
-0.104148 0.008345 1.639760
-0.079477 0.006312 1.634055
-0.099748 0.015413 1.635210
-0.091358 0.013691 1.632329
-0.117055 -0.022125 1.681873
-0.116231 0.011164 1.672028
-0.113160 -0.019259 1.663819
-0.114129 0.027756 1.672101
-0.104896 0.017097 1.642725
-0.109894 0.042146 1.672216
-0.096895 0.023023 1.632496
-0.088538 0.021091 1.629583
-0.094714 0.028355 1.630784
-0.090798 0.027605 1.629396
-0.086766 0.029120 1.628181
-0.073173 0.027063 1.628545
-0.096814 0.033781 1.634860
-0.105018 0.023694 1.644627
-0.108644 0.042435 1.660281
-0.098981 0.036413 1.638692
-0.107980 0.043047 1.663474
-0.104115 0.029006 1.643223
-0.106047 0.051655 1.672022
-0.097599 0.061129 1.679515
-0.088329 0.072024 1.681038
-0.079950 0.077831 1.682598
-0.079786 0.082795 1.680090
-0.083780 0.031380 1.629945
-0.088509 0.032079 1.630466
-0.094094 0.035881 1.636692
-0.104568 0.048170 1.657753
-0.102723 0.052303 1.670277
-0.068757 0.101352 1.669355
-0.067963 0.099954 1.667318
-0.081970 0.081902 1.677715
-0.090094 0.067036 1.678016
-0.095614 0.037419 1.642751
-0.089805 0.032708 1.635520
-0.085351 0.031431 1.632557
-0.099311 0.047607 1.663992
-0.098152 0.052493 1.673357
-0.088300 0.065248 1.678258
-0.079352 0.078357 1.674316
-0.074078 0.086897 1.671115
-0.096661 0.034055 1.644865
-0.090349 0.030255 1.636886
-0.086268 0.028580 1.634040
-0.099153 0.046283 1.669662
-0.097211 0.052215 1.676607
-0.072156 0.086384 1.672553
-0.077723 0.077640 1.676028
-0.007820 -0.127249 1.746623
-0.040255 -0.122183 1.731057
-0.097734 -0.069979 1.721035
-0.102824 -0.044552 1.718221
-0.105665 -0.007101 1.711452
-0.039805 -0.120996 1.731230
-0.063303 0.108870 1.666076
-0.058985 0.108989 1.665713
-0.076086 0.090535 1.674019
-0.076319 0.083320 1.672412
-0.072606 0.089698 1.676764
-0.022675 -0.126088 1.742221
-0.015471 -0.126816 1.744859
-0.092134 0.031817 1.647444
0.067453 0.094053 1.620501
0.062071 0.104079 1.616238
0.056858 0.112754 1.612515
0.063468 0.116121 1.621758
0.051279 0.129558 1.646915
0.060264 0.123146 1.640675
0.065814 0.113502 1.646504
0.058222 0.119088 1.653534
0.083761 0.075012 1.677050
0.052686 0.122962 1.658407
0.052199 0.119940 1.669648
0.027902 0.144317 1.669775
0.055283 0.115232 1.673151
0.068592 0.094067 1.682531
0.016244 0.151641 1.685040
0.003859 0.159595 1.681989
0.011987 0.158610 1.676610
0.035099 0.131844 1.689018
0.025735 0.141205 1.687659
0.008751 0.143155 1.711582
0.018358 0.145874 1.696108
0.000000 0.138252 1.722926
0.096428 0.057351 1.675268
0.080129 0.068528 1.700510
0.066119 0.116955 1.634193
0.098160 0.055813 1.666094
0.059930 0.126968 1.634499
0.091813 0.037570 1.638492
0.095310 0.025947 1.639860
0.081723 0.065439 1.631359
0.083850 0.060064 1.632632
0.089230 0.069708 1.649692
0.034766 0.140486 1.661520
0.095803 0.019925 1.638874
0.094575 0.017887 1.638855
0.081937 0.050165 1.627623
0.079579 0.050038 1.627126
0.044269 0.111555 1.604771
0.037094 0.115966 1.605825
0.061207 0.125148 1.628967
0.105748 0.036322 1.678061
0.106188 0.038573 1.676719
0.036982 0.145901 1.642829
0.056658 0.111393 1.679731
0.061303 0.098191 1.693593
0.060278 0.089539 1.614746
0.063099 0.088385 1.616856
0.053185 0.117721 1.610795
0.000000 0.156567 1.675296
0.003085 0.160282 1.680773
0.053444 0.102743 1.687512
0.010699 0.125469 1.737325
0.010923 0.127679 1.736503
0.097919 0.022383 1.643744
0.097874 0.020343 1.645107
0.105197 0.033203 1.671075
0.097331 0.021167 1.641687
0.070041 0.081075 1.620872
0.080217 0.064468 1.716337
0.077415 0.067234 1.722125
0.081199 0.057614 1.628340
0.084110 0.048032 1.629606
0.101447 0.047127 1.679219
0.085442 0.052773 1.695753
0.053661 0.115429 1.678742
0.043880 0.123276 1.689716
0.065200 0.096911 1.688046
0.037101 0.124392 1.704813
0.010158 0.132403 1.730023
0.028059 0.128683 1.718915
0.021963 0.130489 1.725368
0.055045 0.102483 1.610072
0.097036 0.018955 1.642604
0.093400 0.016487 1.645682
0.087597 0.031949 1.632840
0.085258 0.042740 1.629906
0.074121 0.056273 1.629257
0.044474 0.119519 1.606736
0.038080 0.119193 1.606915
0.053241 0.102145 1.608646
0.022632 0.153050 1.659080
0.058335 0.093882 1.611811
0.053048 0.090192 1.614880
0.050854 0.119550 1.610757
0.073143 0.058860 1.628820
0.050053 0.120526 1.616636
0.052003 0.120155 1.620277
0.052634 0.121114 1.623651
0.056777 0.130320 1.630067
0.049255 0.132026 1.628515
0.038591 0.139498 1.635490
0.035504 0.141625 1.637183
0.098066 0.035436 1.685033
0.034795 0.146885 1.644579
0.029842 0.145621 1.639902
0.085857 0.038182 1.695567
0.084099 0.053859 1.713532
0.021164 0.153898 1.657616
0.016415 0.156310 1.664690
0.081609 0.060493 1.720194
0.079407 0.063829 1.722698
0.008729 0.156307 1.666623
0.005017 0.160798 1.679386
0.005909 0.157576 1.669630
0.006210 0.161338 1.677708
0.071876 0.074458 1.717430
0.052379 0.114176 1.680333
0.040622 0.115729 1.691772
0.037214 0.122216 1.705264
0.026208 0.119614 1.722648
0.023159 0.119348 1.728289
0.092621 0.039670 1.640897
0.092544 0.059789 1.650573
0.098217 0.052784 1.660737
0.105714 0.035363 1.669762
0.018287 0.152244 1.651408
0.075375 0.070943 1.624685
0.081362 0.082564 1.640441
0.070691 0.098936 1.664889
0.076576 0.055887 1.722895
0.089520 0.053382 1.642456
0.093206 0.058796 1.653378
0.100407 0.044720 1.663502
0.104514 0.032019 1.670001
0.098593 0.022573 1.649145
0.092671 0.040561 1.642180
0.089797 0.056180 1.651425
0.088106 0.048197 1.643175
0.090218 0.056025 1.653639
0.097770 0.042912 1.663127
0.103583 0.030929 1.669392
0.095242 0.020280 1.651556
0.100694 0.026635 1.659604
0.092335 0.045167 1.651782
0.099881 0.028839 1.658774
-0.070124 0.096598 1.624891
-0.061070 0.114000 1.616813
-0.076584 0.092187 1.636361
-0.067290 0.111261 1.627289
-0.051279 0.129558 1.646915
-0.045545 0.133604 1.650885
-0.064768 0.108636 1.659793
-0.083515 0.083171 1.661952
-0.090226 0.070659 1.668314
-0.072579 0.091023 1.676515
-0.047464 0.126968 1.663621
-0.019819 0.153569 1.667773
-0.040213 0.132036 1.671767
-0.074796 0.081888 1.691086
-0.048747 0.121321 1.679144
-0.007003 0.154246 1.690628
-0.007589 0.159953 1.679356
-0.043161 0.125043 1.686459
-0.028341 0.135907 1.697248
-0.008751 0.143155 1.711582
-0.020235 0.140742 1.705702
-0.029744 0.131112 1.708144
-0.089282 0.061191 1.683938
-0.076026 0.097936 1.644088
-0.062839 0.122588 1.630692
-0.093431 0.065509 1.660683
-0.057689 0.102969 1.612223
-0.091813 0.037570 1.638492
-0.087107 0.044836 1.632746
-0.086152 0.063279 1.638006
-0.085545 0.074412 1.643874
-0.026173 0.149995 1.658680
-0.036274 0.144315 1.648009
-0.095803 0.019925 1.638874
-0.090585 0.015359 1.640940
-0.080886 0.046065 1.627863
-0.076538 0.044628 1.629833
-0.041603 0.116297 1.603614
-0.047153 0.111719 1.605785
-0.058615 0.129791 1.632204
-0.105748 0.036322 1.678061
-0.105068 0.040305 1.681027
-0.056658 0.111393 1.679731
-0.057516 0.105979 1.685947
-0.065577 0.088252 1.703811
-0.059371 0.086165 1.619432
-0.061716 0.091736 1.614452
-0.046114 0.117927 1.606574
-0.001081 0.156797 1.675034
0.000000 0.160054 1.681389
-0.010149 0.120550 1.735987
0.000000 0.120901 1.737215
-0.098729 0.024062 1.646581
-0.098546 0.021909 1.647725
-0.097874 0.020343 1.645107
-0.093508 0.060585 1.653433
-0.097331 0.021167 1.641687
-0.057672 0.110663 1.677908
-0.080217 0.064468 1.716337
-0.090527 0.034341 1.634692
-0.081199 0.057614 1.628340
-0.060391 0.093927 1.613491
-0.103948 0.043244 1.673099
-0.082948 0.059751 1.707181
-0.050046 0.118799 1.682046
-0.044210 0.122222 1.691396
-0.063276 0.098409 1.691803
-0.037101 0.124392 1.704813
-0.031382 0.127612 1.713052
-0.028567 0.125987 1.722896
-0.025325 0.126079 1.728606
-0.048766 0.111925 1.606664
-0.092176 0.015201 1.643547
-0.083289 0.041001 1.629590
-0.078886 0.039539 1.631468
-0.079367 0.053605 1.627501
-0.075041 0.052573 1.629070
-0.041717 0.118539 1.604519
-0.046678 0.100123 1.611058
-0.053936 0.134647 1.634082
-0.056476 0.092331 1.611895
-0.058180 0.090523 1.613150
-0.068195 0.079617 1.620490
-0.047115 0.121055 1.613503
-0.055929 0.119611 1.615256
-0.061575 0.118903 1.620525
-0.062199 0.121931 1.625526
-0.059180 0.126124 1.627656
-0.050807 0.127652 1.627512
-0.041772 0.141380 1.638324
-0.038443 0.143566 1.640041
-0.032386 0.144183 1.637904
-0.100229 0.042208 1.686027
-0.034795 0.146885 1.644579
-0.023376 0.149384 1.646230
-0.088512 0.045766 1.697958
-0.084634 0.056271 1.712803
-0.017139 0.152303 1.655540
-0.018121 0.155416 1.665962
-0.078208 0.062699 1.724578
-0.012575 0.158806 1.669526
-0.003423 0.160674 1.677056
-0.010608 0.160398 1.674565
-0.004951 0.161238 1.675422
-0.067367 0.072453 1.718155
-0.071876 0.074458 1.717430
-0.048540 0.110910 1.681502
-0.040622 0.115729 1.691772
-0.031495 0.123321 1.717061
-0.028339 0.123639 1.723499
-0.024981 0.123838 1.729499
-0.090262 0.047964 1.638672
-0.091124 0.056979 1.645638
-0.101285 0.045707 1.664500
-0.024069 0.153232 1.655236
-0.068769 0.067786 1.625924
-0.077779 0.073943 1.628607
-0.081022 0.088619 1.648390
-0.066093 0.102320 1.670419
-0.074330 0.059877 1.725703
-0.090810 0.055785 1.646444
-0.094224 0.058041 1.655159
-0.103311 0.038121 1.666924
-0.101156 0.029836 1.671215
-0.094797 0.019801 1.651083
-0.090341 0.047660 1.640283
-0.087747 0.051649 1.643613
-0.090528 0.041755 1.644491
-0.091088 0.054938 1.655278
-0.100846 0.036166 1.666372
-0.097600 0.024923 1.649278
-0.100524 0.029128 1.670231
-0.088730 0.053039 1.648430
-0.096344 0.036534 1.655479
0.012824 0.075343 1.628068
0.000000 0.084328 1.625596
0.000000 0.030140 1.641083
0.045180 0.014861 1.644580
0.000000 -0.023628 1.654962
0.059406 -0.043276 1.660781
0.046530 -0.072197 1.668048
0.000000 -0.082240 1.669180
0.006725 -0.092415 1.673353
0.022488 0.061939 1.631750
0.000000 -0.112743 1.652859
0.018916 -0.109707 1.652457
0.039611 -0.100824 1.652191
0.047045 -0.091072 1.652954
0.064972 -0.070226 1.652550
0.067504 -0.054613 1.652493
0.073237 -0.033034 1.644723
0.068681 -0.021193 1.641531
0.065468 0.000154 1.631073
0.057532 0.012933 1.627454
0.051354 0.037659 1.616851
0.043584 0.047641 1.614222
0.035199 0.067846 1.603965
0.025921 0.074793 1.602651
0.014378 0.087476 1.595417
0.005847 0.088119 1.596962
0.010868 -0.114402 1.663084
0.011177 -0.116579 1.660515
0.030659 -0.107979 1.662292
0.040981 -0.102338 1.661780
0.059818 -0.085300 1.658498
0.065278 -0.072321 1.660556
0.076488 -0.046077 1.652588
0.076258 -0.031837 1.650895
0.072432 -0.010009 1.638313
0.068060 0.001960 1.636792
0.058578 0.028726 1.626783
0.053845 0.040387 1.622399
0.043473 0.061470 1.613366
0.037632 0.071260 1.608799
0.023060 0.087312 1.597943
0.015859 0.092172 1.595278
0.000000 0.097360 1.595843
0.010990 -0.116581 1.658041
0.042146 -0.104236 1.656781
0.066889 -0.072885 1.655319
0.075753 -0.033580 1.645760
0.062822 0.013365 1.626494
0.048480 0.049159 1.612950
0.036743 0.068673 1.604051
0.015308 0.089898 1.594414
0.011177 -0.116986 1.659267
0.031626 -0.110510 1.658561
0.060219 -0.085432 1.657231
0.076356 -0.046353 1.651281
0.072163 -0.010531 1.637140
0.059052 0.027254 1.622437
0.043784 0.059774 1.609084
0.022706 0.086461 1.597005
0.000000 0.094443 1.592273
0.022488 0.061939 1.631750
0.005644 0.087553 1.604833
0.037224 0.053721 1.619387
0.039351 0.030124 1.640409
0.059820 -0.001515 1.641020
0.065763 -0.023103 1.650331
0.054267 -0.060127 1.665094
0.053057 -0.078073 1.660851
0.021018 -0.102246 1.659862
0.006725 -0.092415 1.673353
0.000000 0.075856 1.628754
0.000000 0.084328 1.625596
-0.031668 0.047384 1.635700
-0.051433 -0.003008 1.649499
0.000000 -0.023628 1.654962
-0.059406 -0.043276 1.660781
-0.046530 -0.072197 1.668048
0.000000 -0.082240 1.669180
-0.006725 -0.092415 1.673353
-0.022488 0.061939 1.631750
-0.009453 -0.111893 1.652733
-0.018916 -0.109707 1.652457
-0.037798 -0.098203 1.652738
-0.049130 -0.093513 1.652417
-0.064972 -0.070226 1.652550
-0.067504 -0.054613 1.652493
-0.073237 -0.033034 1.644723
-0.068681 -0.021193 1.641531
-0.065468 0.000154 1.631073
-0.057532 0.012933 1.627454
-0.051354 0.037659 1.616851
-0.043584 0.047641 1.614222
-0.035199 0.067846 1.603965
-0.025921 0.074793 1.602651
-0.014378 0.087476 1.595417
-0.005847 0.088119 1.596962
-0.011177 -0.116579 1.660515
0.000000 -0.115793 1.663071
-0.031523 -0.110084 1.659798
-0.040981 -0.102338 1.661780
-0.059818 -0.085300 1.658498
-0.065278 -0.072321 1.660556
-0.076488 -0.046077 1.652588
-0.076258 -0.031837 1.650895
-0.072432 -0.010009 1.638313
-0.068060 0.001960 1.636792
-0.058578 0.028726 1.626783
-0.053845 0.040387 1.622399
-0.043473 0.061470 1.613366
-0.037632 0.071260 1.608799
-0.023060 0.087312 1.597943
-0.015840 0.093805 1.598227
0.000000 0.095534 1.593003
-0.010990 -0.116581 1.658041
-0.042146 -0.104236 1.656781
-0.066889 -0.072885 1.655319
-0.075753 -0.033580 1.645760
-0.062822 0.013365 1.626494
-0.048480 0.049159 1.612950
-0.036743 0.068673 1.604051
-0.015308 0.089898 1.594414
-0.011177 -0.116986 1.659267
-0.031626 -0.110510 1.658561
-0.060219 -0.085432 1.657231
-0.076356 -0.046353 1.651281
-0.072163 -0.010531 1.637140
-0.059052 0.027254 1.622437
-0.043784 0.059774 1.609084
-0.022706 0.086461 1.597005
0.000000 0.094443 1.592273
-0.014043 0.083076 1.606728
-0.005644 0.087553 1.604833
-0.037224 0.053721 1.619387
-0.039351 0.030124 1.640409
-0.059820 -0.001515 1.641020
-0.057703 -0.023628 1.655291
-0.054267 -0.060127 1.665094
-0.053057 -0.078073 1.660851
-0.017658 -0.089590 1.672645
-0.006725 -0.092415 1.673353
-0.040501 0.093225 1.600396
-0.027209 0.102505 1.595789
-0.009303 0.097439 1.593270
0.000000 0.102871 1.592245
-0.018765 0.087989 1.596248
-0.029860 0.074898 1.602229
-0.038527 0.063721 1.607644
-0.054585 0.053685 1.613767
-0.046051 0.051958 1.613392
-0.063864 0.055252 1.617000
-0.040252 0.114723 1.603567
-0.036708 0.115020 1.600847
-0.082130 0.041451 1.630119
0.000000 0.110214 1.593215
-0.015487 0.113706 1.596297
-0.024389 0.112022 1.596031
-0.036117 0.116938 1.602874
-0.047785 0.093271 1.604503
-0.046294 0.107669 1.606696
-0.052340 0.099229 1.615294
-0.052894 0.084743 1.608092
-0.062121 0.075702 1.615774
-0.063175 0.065868 1.616085
-0.068634 0.068603 1.627697
-0.041766 0.114677 1.606360
-0.068006 0.056704 1.619691
-0.078489 0.049561 1.633266
0.000000 0.107262 1.592341
-0.025053 0.109360 1.594944
-0.090254 0.028207 1.634697
-0.087550 0.026116 1.632533
-0.068999 0.021720 1.630488
-0.061575 0.020844 1.630125
-0.095379 0.025004 1.639160
-0.084873 0.021386 1.632627
-0.095890 0.025709 1.641408
0.000000 0.163292 1.665903
-0.007274 0.159688 1.655787
-0.006460 0.154735 1.644210
-0.004820 0.152372 1.639880
-0.011507 0.151636 1.639490
-0.020958 0.150055 1.637483
-0.016514 0.153613 1.643382
-0.028264 0.146320 1.631961
-0.031520 0.143297 1.626399
-0.033247 0.138322 1.618193
-0.047333 0.134628 1.616756
-0.045699 0.130529 1.610794
-0.025220 0.126446 1.601675
-0.016013 0.123003 1.596893
-0.014478 0.120880 1.594105
-0.006939 0.120371 1.593161
0.000000 0.120448 1.593072
-0.003674 0.163296 1.671846
-0.007600 0.162486 1.669534
-0.013996 0.159724 1.658224
-0.021844 0.154937 1.651713
-0.048403 0.136270 1.623316
-0.036879 0.121531 1.600375
-0.015640 0.118705 1.593610
-0.045846 0.140023 1.628950
-0.030057 0.149916 1.643288
0.000000 0.157691 1.678482
-0.050963 0.115219 1.614773
-0.037788 0.138778 1.644266
-0.022690 0.148388 1.658620
-0.037948 0.110949 1.602356
-0.017119 0.108135 1.595465
-0.045339 0.112863 1.607839
-0.013040 0.138658 1.616602
0.000000 0.132012 1.606289
-0.008537 0.147650 1.627955
-0.003479 0.148227 1.628606
-0.017043 0.141761 1.621415
-0.019878 0.139059 1.616125
-0.014437 0.133672 1.607555
0.000000 0.131593 1.603713
-0.008826 0.148566 1.628650
-0.003586 0.149217 1.629270
-0.018933 0.144441 1.623628
-0.021636 0.142229 1.621212
-0.019226 0.136074 1.611067
-0.015976 0.132609 1.606286
-0.003659 0.131257 1.602754
0.000000 0.131208 1.602601
-0.022279 0.143718 1.627347
0.000000 0.149831 1.634108
-0.018305 0.129553 1.605373
0.000000 0.126126 1.600511
-0.020248 0.148113 1.636207
0.000000 0.151218 1.639687
-0.014517 0.122881 1.598893
-0.031072 0.136007 1.618731
0.000000 0.161973 1.661735
0.007274 0.159688 1.655787
0.006460 0.154735 1.644210
0.011477 0.152636 1.640486
0.011507 0.151636 1.639490
0.020958 0.150055 1.637483
0.028967 0.150712 1.641367
0.028264 0.146320 1.631961
0.031520 0.143297 1.626399
0.033247 0.138322 1.618193
0.047333 0.134628 1.616756
0.045699 0.130529 1.610794
0.025220 0.126446 1.601675
0.016013 0.123003 1.596893
0.014478 0.120880 1.594105
0.006939 0.120371 1.593161
0.000000 0.120448 1.593072
0.003674 0.163296 1.671846
0.007600 0.162486 1.669534
0.013996 0.159724 1.658224
0.021844 0.154937 1.651713
0.048957 0.132318 1.617351
0.036879 0.121531 1.600375
0.015640 0.118705 1.593610
0.045846 0.140023 1.628950
0.030057 0.149916 1.643288
0.000000 0.157691 1.678482
0.050963 0.115219 1.614773
0.044947 0.134429 1.638817
0.022690 0.148388 1.658620
0.037948 0.110949 1.602356
0.017119 0.108135 1.595465
0.045339 0.112863 1.607839
0.008030 0.132487 1.607027
0.000000 0.132012 1.606289
0.007988 0.145463 1.627160
0.000000 0.146042 1.628058
0.017043 0.141761 1.621415
0.019878 0.139059 1.616125
0.014437 0.133672 1.607555
0.000000 0.131593 1.603713
0.015705 0.146932 1.627672
0.003586 0.149217 1.629270
0.018933 0.144441 1.623628
0.021636 0.142229 1.621212
0.019226 0.136074 1.611067
0.015976 0.132609 1.606286
0.000000 0.131208 1.602601
0.003806 0.130310 1.602068
0.022279 0.143718 1.627347
0.000000 0.149831 1.634108
0.018305 0.129553 1.605373
0.000000 0.126126 1.600511
0.020248 0.148113 1.636207
0.000000 0.151218 1.639687
0.014517 0.122881 1.598893
0.031072 0.136007 1.618731
0.057709 0.103384 1.729708
0.043015 0.114179 1.720492
0.063933 0.100058 1.710959
0.059752 0.105640 1.698252
0.041950 0.112558 1.736226
0.060060 0.099812 1.744332
0.020875 0.120895 1.727876
0.010475 0.123165 1.728096
0.087853 0.068757 1.741881
0.079838 0.082785 1.723366
0.011282 0.119731 1.748253
0.011108 0.121660 1.742125
0.041298 0.109760 1.749349
0.085745 0.072650 1.753613
0.079838 0.082785 1.723366
0.032964 0.120834 1.712731
0.073218 0.090765 1.712788
0.053656 0.112702 1.681417
0.022669 0.120790 1.735117
0.021928 0.122198 1.729844
0.000000 0.125354 1.730454
0.022893 0.121064 1.726550
0.085745 0.072650 1.753613
0.026272 0.121582 1.725851
0.032964 0.120834 1.712731
0.038190 0.118599 1.697648
0.064609 0.100330 1.698777
0.045890 0.115951 1.683785
0.053656 0.112702 1.681417
0.049916 0.115401 1.681675
0.023901 0.117859 1.724047
0.000000 0.121053 1.728531
0.037365 0.115647 1.697555
0.062712 0.096402 1.697436
0.047295 0.112609 1.680461
0.077450 0.078495 1.722585
0.084615 0.067054 1.747410
-0.068386 0.095150 1.721662
-0.043015 0.114179 1.720492
-0.063933 0.100058 1.710959
-0.059752 0.105640 1.698252
-0.041950 0.112558 1.736226
-0.060060 0.099812 1.744332
-0.010475 0.123165 1.728096
-0.021928 0.122198 1.729844
-0.087853 0.068757 1.741881
-0.079838 0.082785 1.723366
-0.011282 0.119731 1.748253
-0.011108 0.121660 1.742125
-0.041298 0.109760 1.749349
-0.087550 0.072106 1.747692
-0.079838 0.082785 1.723366
-0.032964 0.120834 1.712731
-0.073218 0.090765 1.712788
-0.053656 0.112702 1.681417
-0.022669 0.120790 1.735117
-0.021928 0.122198 1.729844
0.000000 0.125354 1.730454
-0.022893 0.121064 1.726550
-0.085745 0.072650 1.753613
-0.026272 0.121582 1.725851
-0.032964 0.120834 1.712731
-0.038190 0.118599 1.697648
-0.064609 0.100330 1.698777
-0.045890 0.115951 1.683785
-0.053656 0.112702 1.681417
-0.049916 0.115401 1.681675
-0.023901 0.117859 1.724047
0.000000 0.121053 1.728531
-0.037365 0.115647 1.697555
-0.062712 0.096402 1.697436
-0.047295 0.112609 1.680461
-0.077450 0.078495 1.722585
-0.084615 0.067054 1.747410
-0.081667 -0.131404 0.188376
-0.081667 0.131404 0.188376
0.081667 -0.131404 -0.188376
0.081667 0.131404 -0.188376
0.167706 -0.131404 0.118446
0.167706 -0.131404 0.118446
-0.081667 0.131404 0.188376
-0.167706 0.131404 -0.118446
0 13
2 24
3 17
3 39
3 55
7 20
8 12
10 13
11 12
14 15
17 36
18 19
18 89
23 25
27 52
28 54
29 50
33 35
33 59
34 47
35 58
35 59
36 56
36 58
37 42
39 55
40 41
41 43
44 45
56 58
61 62
62 67
63 74
64 86
65 88
66 88
69 77
69 78
72 74
76 77
76 78
77 78
78 86
79 80
79 84
81 84
81 85
82 83
82 87
83 87
91 98
92 97
94 107
96 111
98 112
99 100
101 102
101 103
101 110
102 110
104 105
107 108
108 111
109 113
115 116
115 141
116 123
118 157
119 121
120 128
120 129
121 123
122 130
122 139
123 124
125 138
127 133
127 142
130 139
131 132
134 150
137 144
140 142
144 146
145 184
146 182
147 148
150 183
151 152
152 164
153 183
155 156
155 165
156 158
156 165
157 161
159 167
159 180
161 163
167 180
168 169
168 180
169 170
170 171
171 172
172 173
175 176
176 177
176 188
177 188
179 184
189 221
190 203
191 202
192 193
194 197
195 197
195 200
197 200
198 199
198 201
201 212
205 206
209 247
212 213
213 248
214 215
217 222
218 249
219 220
219 230
220 231
221 226
222 224
225 232
225 237
234 235
241 249
242 261
244 263
250 265
251 257
253 288
254 267
255 272
255 276
256 276
256 279
257 262
258 259
262 332
262 333
264 334
265 266
268 269
272 337
273 275
273 277
273 278
277 278
281 291
282 283
283 291
284 285
284 287
284 345
286 326
287 345
288 289
289 301
292 325
293 294
294 306
294 316
295 296
295 297
295 327
296 356
297 329
298 318
298 331
299 301
300 302
300 306
305 314
307 308
308 316
310 319
312 322
313 326
315 344
317 320
318 331
319 342
319 343
320 321
322 344
323 324
323 338
324 338
328 357
335 358
338 339
339 340
340 341
341 342
342 343
345 348
346 349
350 382
350 396
351 352
352 366
353 364
354 374
355 374
355 375
355 377
356 357
359 361
359 362
360 427
362 363
366 367
368 378
369 376
369 395
369 415
370 373
373 376
374 375
377 435
379 380
380 381
380 417
381 438
381 439
383 396
383 400
385 403
387 420
388 389
389 436
390 392
392 436
393 394
393 421
394 403
395 409
395 431
397 398
397 399
397 405
398 399
400 404
401 402
401 414
402 414
406 407
408 429
408 430
411 412
411 413
416 418
418 440
422 424
422 441
429 430
443 444
444 445
446 472
447 458
448 449
448 461
448 485
449 485
450 451
452 497
454 455
454 456
456 465
457 495
459 475
459 492
460 461
460 488
460 490
462 463
462 481
465 547
465 549
467 468
467 532
468 531
468 532
470 478
471 480
473 474
473 550
474 480
479 527
481 486
483 487
485 490
487 492
488 496
489 513
490 495
491 507
498 499
501 502
502 514
502 515
503 564
504 523
505 507
505 522
505 523
507 522
509 510
512 524
512 538
513 517
513 542
514 515
514 518
516 517
517 542
518 519
521 529
521 530
524 538
525 536
529 531
531 532
534 535
535 539
537 545
537 546
539 540
540 548
541 542
541 544
545 546
547 549
547 550
549 550
551 562
554 555
555 646
556 615
557 567
558 559
558 575
559 574
561 574
561 601
563 580
568 634
568 640
572 633
573 579
573 649
574 601
579 649
581 582
585 586
585 603
586 588
586 603
588 589
588 603
589 590
590 591
591 602
592 594
594 595
595 596
596 600
599 607
602 610
603 605
604 605
604 616
606 609
607 608
613 628
614 633
617 618
617 619
618 619
619 620
621 629
621 631
622 623
623 624
625 639
629 631
630 632
634 635
636 648
637 638
638 647
639 644
639 645
642 647
644 645
650 652
650 798
650 799
651 836
655 665
657 756
659 660
659 716
660 664
660 716
661 662
665 668
665 670
666 667
666 675
667 792
668 669
669 671
673 676
673 769
675 804
676 677
678 685
680 681
681 811
682 686
684 755
684 756
684 774
685 688
686 687
687 689
688 695
689 690
690 692
693 694
693 733
696 698
697 698
699 701
703 705
704 707
705 708
709 743
713 724
714 715
714 749
716 728
717 718
717 731
719 746
720 742
721 722
721 725
722 723
724 764
725 726
727 728
729 794
731 745
731 747
731 770
731 771
732 767
735 736
735 757
736 757
737 752
737 754
739 741
744 777
745 746
745 747
745 748
746 748
747 748
747 771
749 750
751 773
752 754
754 786
756 774
757 759
757 789
759 789
761 807
762 809
763 766
764 765
766 792
770 771
770 796
775 783
776 779
777 778
778 780
778 837
780 837
781 811
782 807
784 786
784 834
785 835
786 833
789 822
793 798
793 799
795 796
795 804
796 804
797 801
798 799
801 802
805 808
806 812
806 814
809 810
812 814
812 816
813 814
815 817
817 818
821 823
823 825
824 828
826 828
829 832
832 834
838 839
839 840
846 921
847 967
849 851
849 852
850 868
850 949
851 852
857 952
858 861
859 860
860 863
860 878
862 865
862 870
863 878
865 867
865 870
867 877
868 949
869 871
869 907
871 1000
872 877
873 894
876 983
879 899
879 917
879 918
882 884
883 885
885 966
887 890
887 891
888 889
888 891
889 906
892 893
892 905
893 903
894 904
902 911
902 913
908 986
911 913
911 926
913 926
914 935
915 917
915 920
917 920
918 919
920 924
922 923
926 932
926 934
927 929
932 934
932 937
932 938
934 937
934 942
937 938
937 942
938 943
939 962
940 945
945 960
950 953
951 954
952 955
955 964
958 960
961 965
966 967
968 973
971 981
973 977
973 978
974 979
977 978
979 1025
983 1000
987 988
988 989
989 990
992 998
992 1001
994 998
995 1021
997 1139
998 1004
1003 1005
1003 1024
1003 1076
1005 1076
1005 1099
1006 1078
1007 1012
1008 1012
1010 1015
1010 1028
1011 1019
1011 1026
1015 1016
1018 1090
1019 1026
1020 1024
1025 1027
1027 1030
1031 1039
1035 1057
1038 1075
1040 1041
1043 1058
1044 1060
1044 1061
1044 1117
1045 1046
1045 1055
1046 1055
1047 1066
1047 1070
1048 1068
1048 1071
1051 1063
1051 1064
1051 1100
1054 1056
1056 1069
1060 1061
1060 1072
1061 1117
1062 1063
1063 1064
1064 1100
1065 1083
1065 1084
1066 1068
1067 1068
1073 1081
1074 1086
1075 1079
1076 1099
1081 1085
1083 1093
1085 1097
1087 1102
1087 1103
1087 1113
1089 1094
1089 1108
1090 1162
1092 1139
1093 1109
1097 1107
1098 1118
1098 1120
1101 1104
1101 1110
1104 1119
1104 1121
1105 1153
1110 1112
1111 1112
1114 1120
1114 1130
1114 1152
1115 1151
1116 1129
1118 1120
1118 1130
1119 1121
1120 1130
1123 1124
1123 1126
1123 1128
1123 1131
1124 1131
1125 1127
1126 1128
1128 1131
1128 1159
1130 1152
1135 1137
1138 1140
1140 1141
1143 1150
1144 1146
1144 1150
1146 1160
1147 1148
1147 1151
1149 1156
1150 1151
1153 1154
1155 1189
1155 1191
1157 1159
1163 1164
1163 1177
1164 1212
1164 1216
1165 1176
1165 1203
1165 1210
1167 1187
1167 1188
1168 1169
1169 1174
1170 1186
1172 1189
1175 1181
1176 1179
1176 1203
1176 1210
1177 1207
1177 1232
1179 1203
1180 1188
1180 1195
1180 1197
1182 1193
1183 1184
1183 1193
1184 1185
1184 1236
1185 1221
1185 1236
1187 1188
1188 1197
1194 1195
1195 1197
1200 1204
1201 1252
1207 1232
1207 1234
1208 1235
1211 1223
1215 1216
1220 1221
1221 1222
1222 1246
1223 1225
1224 1239
1227 1228
1229 1230
1229 1243
1229 1251
1230 1243
1230 1267
1231 1237
1232 1234
1233 1249
1235 1240
1242 1251
1242 1260
1243 1267
1245 1247
1245 1255
1247 1255
1247 1265
1247 1277
1250 1279
1251 1271
1253 1265
1255 1262
1259 1260
1260 1268
1261 1270
1265 1277
1266 1284
1269 1273
1269 1274
1271 1278
1272 1292
1272 1293
1279 1281
1280 1285
1280 1288
1280 1291
1285 1291
1286 1287
1288 1290
1295 1325
1296 1297
1296 1298
1298 1328
1298 1329
1299 1310
1300 1301
1300 1302
1300 1303
1301 1302
1302 1335
1305 1313
1305 1316
1306 1326
1308 1320
1311 1312
1311 1319
1312 1319
1313 1316
1317 1318
1321 1343
1321 1396
1326 1327
1328 1329
1330 1339
1331 1333
1333 1336
1338 1378
1341 1342
1345 1350
1347 1348
1349 1350
1349 1357
1353 1354
1356 1358
1359 1360
1360 1361
1360 1375
1361 1373
1361 1375
1364 1365
1364 1371
1366 1367
1366 1370
1369 1374
1373 1375
1377 1384
1379 1382
1382 1395
1383 1389
1383 1390
1386 1387
1387 1407
1388 1391
1389 1390
1389 1423
1390 1399
1392 1394
1395 1398
1396 1397
1399 1400
1401 1402
1403 1404
1405 1406
1406 1422
1410 1416
1411 1441
1413 1416
1415 1444
1416 1418
1417 1426
1418 1432
1420 1430
1421 1425
1421 1434
1422 1423
1424 1429
1424 1431
1426 1427
1427 1436
1428 1437
1432 1433
1436 1462
1439 1440
1440 1464
1443 1449
1445 1461
1446 1447
1447 1480
1448 1451
1448 1459
1449 1457
1450 1453
1451 1459
1451 1461
1451 1515
1453 1457
1454 1512
1456 1458
1459 1463
1466 1467
1468 1481
1469 1506
1470 1472
1473 1507
1474 1508
1475 1494
1475 1495
1476 1483
1477 1478
1478 1499
1479 1484
1480 1481
1482 1492
1483 1487
1484 1489
1485 1486
1487 1497
1488 1501
1489 1490
1490 1500
1494 1495
1498 1522
1498 1527
1499 1502
1500 1520
1506 1510
1510 1514
1511 1513
1516 1517
1516 1529
1517 1528
1517 1529
1518 1519
1518 1523
1518 1525
1519 1524
1519 1525
1520 1526
1521 1524
1524 1525
1528 1529
1530 1537
1530 1583
1531 1532
1533 1537
1533 1544
1533 1547
1534 1535
1534 1537
1535 1574
1536 1593
1537 1544
1539 1541
1540 1544
1542 1604
1545 1596
1546 1548
1546 1595
1548 1594
1549 1550
1550 1552
1550 1611
1551 1582
1552 1611
1555 1557
1555 1558
1557 1558
1557 1576
1560 1590
1563 1564
1567 1568
1568 1569
1568 1571
1569 1599
1569 1601
1572 1573
1572 1597
1577 1578
1578 1579
1579 1580
1580 1581
1580 1582
1581 1582
1584 1594
1588 1595
1589 1596
1593 1599
1601 1623
1601 1625
1607 1613
1614 1627
1615 1616
1618 1619
1618 1632
1619 1671
1620 1640
1620 1641
1621 1670
1622 1668
1623 1625
1626 1629
1628 1629
1628 1630
1629 1630
1633 1643
1633 1644
1633 1677
1634 1635
1636 1651
1636 1654
1637 1657
1640 1641
1641 1642
1644 1647
1644 1651
1645 1707
1647 1651
1647 1652
1647 1709
1648 1679
1649 1680
1651 1652
1651 1654
1652 1654
1655 1671
1656 1657
1657 1713
1658 1659
1658 1682
1659 1661
1659 1683
1660 1663
1661 1683
1664 1665
1664 1685
1666 1713
1667 1668
1672 1673
1673 1674
1673 1676
1674 1675
1674 1694
1675 1726
1676 1729
1678 1684
1678 1686
1686 1687
1686 1689
1688 1692
1688 1694
1690 1691
1692 1694
1695 1696
1700 1701
1703 1711
1705 1710
1710 1715
1716 1717
1717 1742
1717 1743
1718 1748
1719 1748
1719 1764
1719 1817
1720 1744
1721 1722
1723 1776
1726 1727
1728 1730
1729 1731
1730 1731
1732 1734
1732 1771
1735 1789
1736 1763
1737 1738
1739 1740
1740 1762
1740 1794
1740 1798
1741 1794
1741 1798
1742 1743
1745 1747
1745 1792
1748 1772
1748 1817
1749 1758
1749 1817
1750 1755
1750 1757
1752 1785
1754 1795
1755 1757
1756 1758
1756 1777
1758 1777
1761 1762
1764 1767
1766 1769
1766 1770
1770 1771
1772 1817
1773 1775
1777 1783
1779 1780
1779 1797
1780 1782
1780 1797
1781 1788
1781 1800
1782 1797
1783 1784
1784 1785
1786 1787
1787 1789
1788 1801
1790 1791
1794 1798
1796 1797
1796 1808
1797 1808
1799 1816
1800 1814
1801 1811
1801 1812
1802 1807
1802 1821
1802 1822
1805 1806
1806 1807
1807 1822
1809 1845
1811 1812
1818 1819
1820 1821
1824 1825
1824 1826
1827 1828
1829 1830
1829 1832
1829 1833
1830 1831
1830 1832
1831 1834
1832 1833
1832 1836
1835 1839
1835 1841
1836 1842
1837 1840
1838 1840
1838 1843
1839 1841
1840 1843
1841 1864
1842 1844
1844 1871
1846 1847
1846 1858
1847 1858
1849 1850
1849 1876
1849 1904
1850 1876
1851 1900
1851 1903
1852 1860
1852 1861
1852 1868
1853 1934
1854 1858
1855 1909
1859 1860
1859 1868
1860 1861
1860 1868
1863 1864
1863 1882
1865 1891
1869 1870
1870 1872
1870 1873
1870 1893
1872 1873
1872 1875
1873 1875
1876 1904
1877 1884
1879 1881
1879 1890
1882 1930
1883 1912
1885 1888
1886 1887
1889 1893
1892 1907
1901 1902
1905 1906
1910 1924
1911 1913
1911 1929
1912 1914
1915 1917
1918 1922
1919 1928
1922 1926
1923 1924
1927 1928
1927 1938
1928 1937
1929 1933
1931 1935
1932 1938
1939 1944
1939 2132
1940 1941
1942 1944
1943 1945
1944 2132
1946 1948
1948 1995
1949 1995
1951 1952
1951 1953
1954 1994
1954 2015
1955 1956
1957 1958
1957 1960
1958 1960
1959 2016
1961 1962
1963 1964
1966 2039
1968 2034
1968 2035
1969 1971
1970 1989
1970 1992
1970 1993
1973 1974
1973 1976
1974 1976
1975 1978
1975 2074
1976 2026
1978 2124
1979 1981
1980 1983
1980 2065
1982 2025
1982 2032
1985 1986
1985 2064
1986 2014
1987 2036
1987 2045
1995 2005
1996 2015
1997 2072
1998 2068
1998 2123
1999 2003
2000 2001
2000 2002
2000 2109
2000 2111
2001 2109
2003 2009
2004 2006
2004 2068
2004 2123
2006 2067
2007 2009
2008 2009
2010 2013
2010 2030
2011 2082
2012 2083
2013 2030
2017 2023
2018 2021
2019 2020
2020 2022
2021 2040
2022 2024
2023 2041
2025 2032
2026 2029
2027 2042
2032 2038
2033 2043
2035 2039
2035 2044
2036 2045
2039 2044
2045 2055
2046 2051
2047 2075
2049 2076
2051 2054
2051 2059
2054 2059
2055 2058
2056 2057
2057 2064
2057 2096
2058 2062
2059 2063
2063 2078
2064 2096
2065 2080
2066 2099
2068 2123
2069 2126
2071 2121
2071 2122
2071 2125
2077 2078
2077 2079
2078 2079
2079 2081
2080 2085
2080 2093
2081 2084
2081 2085
2085 2093
2086 2090
2087 2088
2088 2100
2089 2104
2093 2099
2096 2097
2097 2098
2100 2104
2101 2103
2102 2105
2102 2109
2105 2109
2105 2111
2106 2107
2109 2111
2110 2115
2116 2117
2116 2120
2117 2120
2118 2121
2121 2122
2122 2125
2127 2198
2128 2196
2130 2141
2131 2133
2137 2231
2139 2159
2140 2197
2141 2203
2142 2143
2142 2308
2143 2145
2144 2194
2146 2150
2147 2308
2153 2243
2154 2243
2154 2293
2154 2302
2155 2156
2155 2200
2156 2161
2156 2314
2157 2158
2158 2314
2161 2201
2161 2314
2163 2164
2163 2165
2166 2168
2166 2169
2168 2215
2170 2171
2171 2217
2174 2192
2175 2177
2175 2216
2177 2179
2182 2184
2183 2185
2183 2263
2183 2270
2184 2187
2184 2188
2185 2270
2187 2189
2188 2222
2190 2191
2191 2226
2192 2193
2192 2302
2193 2302
2196 2207
2198 2214
2200 2206
2202 2205
2203 2204
2205 2210
2210 2274
2211 2278
2212 2279
2213 2227
2214 2225
2215 2217
2215 2219
2216 2220
2218 2220
2218 2234
2220 2234
2220 2235
2221 2228
2221 2232
2222 2224
2224 2236
2225 2227
2225 2231
2227 2231
2227 2237
2228 2232
2229 2237
2230 2233
2230 2313
2232 2257
2232 2266
2233 2264
2233 2313
2234 2235
2235 2268
2236 2265
2237 2238
2240 2241
2241 2242
2241 2256
2242 2256
2243 2292
2243 2293
2246 2247
2247 2251
2247 2252
2249 2250
2250 2272
2251 2252
2252 2253
2253 2255
2255 2269
2255 2271
2256 2273
2257 2260
2258 2259
2258 2264
2258 2313
2259 2261
2259 2264
2259 2311
2261 2311
2263 2270
2264 2313
2265 2266
2269 2273
2269 2275
2273 2275
2273 2276
2274 2277
2275 2276
2278 2289
2278 2291
2280 2282
2280 2285
2281 2292
2282 2289
2289 2290
2292 2293
2294 2297
2294 2298
2299 2305
2306 2309
2307 2310
2309 2312
2315 2344
2316 2317
2317 2342
2317 2406
2318 2324
2319 2322
2319 2406
2320 2327
2321 2326
2322 2406
2323 2333
2324 2348
2325 2405
2326 2343
2327 2346
2328 2347
2333 2390
2334 2389
2336 2337
2336 2350
2338 2339
2338 2360
2339 2360
2340 2341
2342 2406
2343 2371
2344 2370
2345 2367
2345 2368
2346 2365
2347 2363
2349 2356
2350 2355
2359 2402
2360 2361
2363 2375
2364 2373
2367 2368
2375 2376
2376 2377
2378 2379
2378 2382
2378 2386
2379 2386
2380 2381
2382 2386
2390 2393
2391 2401
2393 2397
2396 2401
2398 2399
2399 2400
2400 2403
2407 2408
2407 2444
2408 2409
2408 2444
2409 2410
2409 2445
2410 2445
2414 2416
2415 2422
2415 2435
2415 2438
2416 2417
2417 2418
2417 2456
2418 2456
2419 2424
2421 2425
2422 2423
2423 2428
2427 2428
2429 2430
2429 2442
2430 2440
2435 2436
2435 2438
2436 2438
2440 2457
2440 2458
2441 2457
2442 2459
2444 2448
2444 2449
2446 2450
2447 2451
2448 2449
2449 2454
2450 2453
2457 2462
2458 2463
2459 2464
2465 2466
2465 2496
2466 2496
2467 2514
2468 2469
2470 2515
2471 2472
2471 2493
2472 2492
2472 2493
2473 2474
2473 2495
2474 2475
2475 2481
2476 2477
2476 2515
2477 2515
2479 2480
2482 2488
2483 2490
2485 2497
2485 2502
2486 2501
2487 2498
2491 2499
2492 2493
2496 2506
2498 2517
2499 2500
2499 2519
2500 2519
2501 2518
2503 2507
2504 2508
2505 2509
2506 2510
2507 2508
2516 2521
2517 2522
2518 2523
2524 2537
2526 2572
2527 2532
2528 2529
2529 2532
2529 2568
2531 2561
2532 2545
2532 2568
2533 2538
2535 2539
2536 2571
2537 2540
2539 2597
2541 2542
2542 2543
2543 2545
2544 2600
2546 2600
2548 2552
2549 2553
2549 2571
2550 2551
2550 2572
2553 2554
2553 2571
2555 2556
2555 2602
2557 2558
2558 2603
2559 2560
2560 2561
2561 2604
2562 2563
2562 2593
2563 2564
2563 2593
2564 2565
2565 2566
2565 2594
2566 2567
2566 2594
2567 2609
2569 2570
2569 2574
2570 2574
2570 2575
2574 2575
2576 2577
2577 2578
2579 2580
2580 2586
2581 2582
2583 2584
2588 2589
2588 2593
2589 2590
2590 2591
2590 2594
2591 2592
2591 2594
2592 2607
2607 2608
2607 2609
2608 2609
2608 2614
2611 2612
2615 2665
2616 2617
2617 2629
2618 2619
2619 2636
2620 2646
2621 2647
2621 2661
2622 2652
2623 2653
2624 2663
2625 2630
2626 2662
2627 2631
2629 2687
2631 2689
2632 2633
2632 2690
2633 2634
2633 2690
2635 2636
2635 2637
2636 2637
2639 2640
2640 2643
2640 2662
2640 2664
2641 2642
2641 2663
2642 2644
2642 2663
2643 2664
2647 2661
2648 2677
2649 2694
2650 2651
2651 2652
2653 2654
2653 2696
2654 2655
2655 2656
2655 2697
2656 2657
2656 2697
2657 2658
2658 2659
2658 2698
2659 2698
2659 2703
2660 2665
2660 2666
2660 2676
2662 2664
2665 2666
2665 2676
2668 2669
2669 2671
2670 2671
2670 2672
2672 2673
2673 2674
2674 2675
2679 2680
2680 2681
2681 2682
2682 2683
2683 2700
2698 2703
2699 2704
2699 2705
2704 2705
2706 2707
2706 2716
2707 2734
2708 2709
2710 2711
2711 2712
2712 2714
2713 2714
2715 2728
2715 2731
2716 2717
2717 2722
2719 2720
2721 2734
2723 2724
2723 2726
2724 2725
2726 2727
2727 2728
2728 2731
2735 2739
2736 2737
2736 2740
2739 2741
2743 2768
2744 2745
2744 2832
2745 2750
2746 2753
2746 2771
2748 2750
2751 2765
2751 2766
2752 2769
2753 2772
2755 2817
2756 2757
2756 2818
2759 2764
2760 2816
2761 2815
2763 2776
2765 2766
2767 2832
2769 2798
2771 2795
2772 2792
2773 2791
2774 2805
2774 2806
2775 2776
2778 2781
2779 2780
2784 2789
2785 2786
2787 2788
2788 2789
2790 2791
2796 2797
2800 2801
2800 2812
2802 2803
2804 2808
2804 2809
2805 2806
2806 2807
2807 2814
2808 2809
2815 2821
2817 2819
2818 2831
2820 2822
2821 2824
2824 2825
2824 2826
2826 2829
2827 2830
2833 2834
2835 2836
2835 2860
2836 2837
2836 2860
2838 2839
2838 2840
2842 2843
2842 2844
2843 2844
2846 2848
2846 2868
2849 2869
2850 2851
2856 2866
2857 2863
2857 2864
2859 2861
2862 2863
2863 2864
2869 2870
2871 2891
2872 2873
2874 2875
2876 2877
2878 2879
2880 2881
2883 2884
2883 2885
2884 2904
2885 2906
2886 2887
2888 2889
2890 2891
2893 2894
2893 2905
2894 2902
2895 2898
2895 2899
2896 2900
2897 2898
2898 2899
2900 2907
2908 2909
2908 2911
2910 3095
2910 3096
2912 2915
2913 2914
2914 2917
2916 2917
2919 3086
2919 3093
2920 2921
2920 3087
2921 2966
2922 2924
2924 2926
2924 3088
2925 2967
2925 2982
2926 2927
2926 3088
2927 3088
2928 2929
2928 2931
2929 2930
2929 2931
2931 2965
2932 2934
2934 2936
2937 2938
2938 2940
2941 2942
2943 2985
2944 2945
2945 2946
2946 2947
2946 2948
2947 2948
2947 2992
2950 2952
2951 2991
2953 2962
2954 2955
2954 2956
2954 2962
2955 2956
2955 2959
2956 2997
2960 3018
2964 3018
2967 2982
2968 2972
2969 2970
2969 2971
2972 2979
2973 2974
2974 2981
2976 2977
2976 3039
2977 3039
2978 2979
2980 3041
2983 3014
2985 2990
2986 2987
2987 3005
2988 3012
2989 3006
2991 2994
2994 3002
2995 2999
2996 2998
2998 3001
3000 3003
3001 3004
3002 3011
3003 3090
3004 3091
3005 3008
3006 3007
3006 3009
3006 3010
3007 3010
3009 3010
3011 3030
3011 3031
3011 3089
3013 3035
3014 3015
3015 3017
3019 3020
3019 3023
3019 3090
3020 3090
3021 3091
3023 3024
3023 3027
3024 3089
3025 3085
3026 3027
3026 3028
3030 3031
3031 3089
3033 3083
3034 3077
3035 3073
3037 3038
3037 3058
3037 3063
3038 3058
3041 3045
3043 3046
3047 3050
3048 3053
3050 3051
3053 3055
3055 3056
3056 3059
3058 3063
3060 3061
3063 3065
3064 3066
3068 3069
3074 3078
3076 3079
3079 3082
3081 3084
3081 3085
3084 3085
3093 3094
3095 3096
3097 3098
3097 3286
3098 3286
3101 3105
3102 3104
3103 3275
3104 3275
3106 3158
3106 3159
3107 3108
3109 3276
3110 3111
3111 3113
3111 3156
3111 3157
3113 3115
3113 3157
3116 3119
3118 3207
3121 3122
3121 3124
3122 3124
3123 3176
3125 3126
3126 3128
3129 3130
3130 3132
3132 3133
3133 3134
3134 3135
3135 3174
3138 3140
3139 3181
3141 3142
3142 3143
3142 3152
3143 3180
3143 3187
3145 3152
3146 3147
3146 3148
3146 3153
3147 3153
3148 3186
3149 3150
3149 3208
3150 3208
3151 3184
3151 3185
3153 3185
3156 3157
3156 3162
3158 3159
3159 3160
3162 3169
3163 3171
3165 3166
3165 3228
3168 3169
3171 3172
3172 3231
3173 3178
3177 3201
3179 3195
3179 3196
3180 3187
3184 3188
3189 3192
3192 3280
3193 3194
3195 3198
3196 3199
3197 3200
3199 3223
3200 3219
3202 3224
3203 3225
3209 3217
3210 3280
3211 3281
3213 3279
3214 3215
3219 3220
3219 3221
3220 3221
3220 3274
3222 3273
3223 3269
3227 3231
3228 3232
3230 3234
3232 3236
3235 3236
3237 3238
3237 3239
3242 3244
3243 3252
3246 3247
3248 3249
3248 3250
3249 3251
3253 3254
3253 3255
3257 3258
3258 3262
3258 3264
3260 3263
3262 3265
3265 3268
3267 3270
3268 3271
3272 3273
3272 3274
3273 3274
3275 3284
3287 3304
3288 3304
3289 3290
3289 3299
3290 3291
3290 3306
3292 3314
3293 3294
3296 3297
3296 3308
3297 3302
3298 3327
3300 3447
3302 3318
3305 3340
3306 3341
3307 3311
3309 3310
3310 3334
3315 3316
3318 3336
3319 3323
3321 3322
3321 3331
3322 3324
3322 3331
3323 3327
3324 3330
3326 3329
3329 3335
3331 3338
3337 3348
3337 3349
3338 3346
3338 3350
3339 3347
3342 3347
3344 3345
3346 3350
3348 3349
3348 3351
3349 3351
3350 3353
3352 3355
3352 3439
3353 3356
3354 3357
3355 3358
3356 3359
3357 3360
3358 3361
3359 3375
3360 3376
3362 3363
3362 3440
3364 3390
3365 3368
3366 3367
3368 3370
3369 3373
3371 3372
3371 3374
3375 3377
3375 3391
3376 3378
3377 3379
3377 3391
3378 3380
3379 3381
3379 3391
3380 3382
3381 3383
3383 3385
3383 3392
3383 3393
3384 3386
3385 3387
3386 3388
3387 3395
3388 3396
3389 3391
3390 3392
3392 3393
3394 3402
3395 3397
3396 3399
3397 3398
3398 3414
3400 3413
3403 3404
3403 3415
3404 3406
3405 3407
3405 3416
3407 3416
3408 3417
3409 3420
3413 3423
3415 3421
3417 3426
3419 3445
3420 3427
3422 3430
3424 3432
3425 3433
3426 3434
3427 3435
3431 3432
3441 3444
3442 3443
3445 3446
3447 3448
3450 3451
3451 3458
3452 3475
3454 3469
3455 3462
3456 3457
3458 3464
3458 3468
3459 3468
3460 3461
3460 3472
3461 3466
3462 3467
3465 3480
3466 3500
3469 3503
3470 3504
3472 3489
3477 3502
3478 3479
3478 3605
3480 3481
3482 3491
3484 3486
3484 3497
3485 3495
3486 3497
3487 3490
3487 3493
3490 3493
3490 3499
3493 3498
3495 3509
3496 3508
3499 3500
3501 3513
3505 3506
3507 3508
3510 3514
3512 3515
3513 3516
3514 3517
3515 3518
3516 3518
3517 3520
3519 3522
3519 3603
3520 3523
3521 3524
3522 3525
3523 3539
3524 3540
3525 3526
3526 3553
3527 3528
3527 3604
3528 3529
3529 3533
3530 3531
3530 3532
3531 3604
3533 3554
3533 3556
3534 3535
3536 3537
3536 3538
3538 3573
3540 3542
3541 3543
3542 3544
3543 3545
3543 3555
3544 3546
3545 3547
3545 3555
3547 3549
3547 3557
3548 3550
3549 3551
3549 3557
3550 3552
3551 3559
3552 3560
3553 3555
3554 3556
3558 3569
3559 3561
3561 3562
3563 3577
3564 3576
3565 3568
3565 3578
3566 3570
3567 3569
3571 3580
3574 3575
3575 3583
3576 3587
3578 3586
3579 3585
3580 3589
3581 3582
3581 3608
3582 3608
3584 3590
3585 3593
3586 3594
3587 3595
3589 3597
3591 3599
3591 3609
3592 3598
3592 3609
3593 3613
3599 3609
3600 3612
3601 3605
3611 3612
3614 3615
3615 3616
3616 3661
3618 3619
3618 3621
3618 3623
3619 3620
3619 3621
3619 3638
3619 3640
3620 3621
3620 3638
3621 3623
3622 3636
3623 3624
3624 3626
3625 3646
3627 3680
3628 3630
3628 3632
3628 3634
3629 3663
3629 3716
3631 3632
3632 3634
3635 3682
3636 3639
3636 3676
3637 3677
3639 3727
3640 3653
3641 3725
3642 3667
3642 3670
3643 3644
3643 3730
3644 3674
3645 3726
3647 3648
3649 3650
3649 3675
3652 3692
3654 3655
3654 3669
3655 3669
3655 3728
3656 3707
3657 3678
3658 3664
3659 3660
3660 3671
3661 3697
3663 3716
3665 3666
3666 3682
3667 3668
3667 3670
3668 3670
3668 3686
3668 3687
3669 3728
3669 3737
3670 3686
3671 3730
3672 3673
3672 3713
3672 3714
3673 3714
3673 3719
3678 3720
3681 3722
3682 3684
3683 3684
3685 3693
3685 3695
3686 3687
3690 3698
3691 3697
3693 3695
3694 3711
3697 3699
3699 3700
3700 3701
3703 3704
3704 3705
3706 3709
3710 3713
3710 3733
3713 3714
3715 3717
3716 3718
3723 3724
3725 3739
3735 3742
3736 3743
3737 3744
3740 3742
3741 3747
3743 3747
3744 3746
3745 3746
3746 3748
3749 3751
3750 3834
3751 3772
3751 3866
3753 3754
3754 3781
3755 3867
3756 3757
3756 3866
3757 3774
3758 3867
3759 3761
3760 3847
3763 3766
3764 3765
3765 3851
3767 3769
3767 3770
3768 3769
3769 3770
3770 3817
3772 3866
3773 3835
3774 3804
3775 3810
3776 3777
3778 3861
3780 3863
3781 3842
3783 3821
3784 3785
3784 3822
3784 3823
3785 3823
3786 3826
3787 3820
3788 3828
3788 3836
3790 3811
3790 3841
3791 3806
3792 3815
3793 3853
3793 3854
3794 3831
3795 3810
3796 3820
3797 3850
3799 3800
3801 3802
3801 3803
3802 3803
3803 3805
3807 3812
3807 3845
3809 3824
3811 3862
3812 3844
3812 3845
3813 3814
3814 3816
3816 3817
3818 3819
3818 3857
3818 3858
3819 3858
3819 3859
3822 3823
3824 3825
3828 3838
3829 3830
3834 3835
3835 3836
3838 3839
3841 3844
3844 3845
3847 3849
3848 3868
3849 3851
3850 3852
3853 3854
3857 3858
3858 3859
3860 3874
3861 3869
3869 3875
3870 3877
3871 3878
3872 3880
3874 3876
3875 3881
3876 3882
3878 3882
3883 3892
3894 3926
3895 3896
3895 3927
3897 3928
3899 3929
3900 3948
3901 3930
3903 3931
3904 3945
3905 3932
3907 3933
3908 3944
3909 3910
3910 3934
3911 3912
3913 3936
3915 3916
3915 3937
3917 3918
3917 3938
3919 3920
3921 3922
3923 3924
3923 3941
3926 3934
3927 3935
3932 3940
3933 3941
3943 3945
3947 3948
3951 3952
3953 3954
3955 3962
3956 3957
3963 3964
3963 3996
3964 3996
3967 3998
3969 3999
3971 4000
3973 4001
3974 4015
3975 4002
3976 4013
3977 4003
3978 4014
3979 4004
3981 4005
3983 4006
3985 3986
3985 4007
3987 3988
3987 4008
3989 3990
3991 3992
3993 3994
3993 4011
3995 4012
3996 4004
3997 4005
4002 4010
4003 4011
4013 4014
4017 4018
4021 4022
4023 4040
4024 4051
4026 4050
4027 4028
4028 4029
4029 4031
4030 4031
4030 4032
4032 4045
4032 4048
4033 4034
4033 4039
4033 4047
4034 4039
4035 4049
4036 4050
4038 4051
4040 4043
4044 4045
4045 4048
4052 4056
4053 4057
4054 4055
4056 4058
4060 4078
4062 4063
4063 4064
4064 4065
4064 4066
4066 4067
4067 4068
4068 4069
4068 4070
4069 4070
4069 4080
4071 4072
4072 4073
4073 4074
4073 4082
4074 4075
4076 4077
4076 4085
4078 4079
4079 4088
4080 4083
4081 4089
4081 4091
4082 4090
4084 4087
4086 4091
4089 4091
4092 4096
4093 4099
4094 4095
4094 4100
4094 4101
4095 4101
4097 4104
4099 4107
4100 4101
4102 4103
4104 4105
4105 4110
4106 4107
4108 4112
4109 4113
4110 4114
4117 4135
4118 4119
4119 4120
4119 4121
4120 4121
4121 4122
4121 4123
4122 4123
4122 4141
4123 4124
4124 4125
4125 4126
4125 4127
4126 4127
4126 4137
4127 4137
4128 4129
4129 4130
4130 4131
4130 4139
4131 4132
4133 4134
4133 4142
4135 4136
4136 4145
4138 4146
4138 4148
4139 4147
4140 4144
4143 4148
4146 4148
4149 4150
4150 4156
4151 4152
4154 4161
4156 4163
4159 4160
4161 4162
4162 4167
4164 4168
4165 4169
4166 4170
4167 4171
4173 4177
4174 4188
4175 4176
4175 4189
4177 4191
4178 4185
4179 4180
4179 4194
4181 4209
4183 4184
4184 4191
4187 4189
4191 4192
4194 4196
4197 4198
4198 4200
4198 4205
4200 4205
4210 4212
4210 4224
4210 4226
4211 4225
4212 4213
4212 4226
4214 4228
4215 4222
4217 4231
4218 4246
4220 4221
4221 4228
4224 4226
4228 4229
4231 4233
4234 4235
4235 4237
4235 4242
4237 4242
4249 4250
4253 4254
