18062045135936555398 5427 8192
0.149712 -0.484479 -0.048645
0.075789 -0.503140 -0.024625
0.127353 -0.484479 -0.092527
0.064470 -0.503140 -0.046840
0.092527 -0.484479 -0.127353
0.046840 -0.503140 -0.064470
0.048645 -0.484479 -0.149712
0.024625 -0.503140 -0.075789
0.000000 -0.503140 -0.079690
0.000000 -0.484479 -0.157417
-0.024625 -0.503140 -0.075789
-0.048645 -0.484479 -0.149712
-0.046840 -0.503140 -0.064470
-0.092527 -0.484479 -0.127353
-0.127353 -0.484479 -0.092527
-0.064470 -0.503140 -0.046840
-0.149712 -0.484479 -0.048645
-0.075789 -0.503140 -0.024625
-0.157417 -0.484479 -0.000000
-0.079690 -0.503140 -0.000000
-0.075789 -0.503140 0.024625
-0.149712 -0.484479 0.048645
-0.127353 -0.484479 0.092527
-0.064470 -0.503140 0.046840
-0.046840 -0.503140 0.064470
-0.092527 -0.484479 0.127353
-0.048645 -0.484479 0.149712
-0.024625 -0.503140 0.075789
-0.000000 -0.484479 0.157417
-0.000000 -0.503140 0.079690
0.048645 -0.484479 0.149712
0.024625 -0.503140 0.075789
0.092527 -0.484479 0.127353
0.046840 -0.503140 0.064470
0.127353 -0.484479 0.092527
0.064470 -0.503140 0.046840
0.075789 -0.503140 0.024625
0.149712 -0.484479 0.048645
0.079690 -0.503140 -0.000000
0.157417 -0.484479 -0.000000
0.075789 -0.503140 -0.024625
0.149712 -0.484479 -0.048645
0.187100 -0.453889 -0.135936
0.219949 -0.453889 -0.071466
0.135936 -0.453889 -0.187100
0.071466 -0.453889 -0.219949
0.000000 -0.453889 -0.231268
-0.071466 -0.453889 -0.219949
-0.135936 -0.453889 -0.187100
-0.187100 -0.453889 -0.135936
-0.219949 -0.453889 -0.071466
-0.231268 -0.453889 -0.000000
-0.219949 -0.453889 0.071466
-0.187100 -0.453889 0.135936
-0.135936 -0.453889 0.187100
-0.071466 -0.453889 0.219949
-0.000000 -0.453889 0.231268
0.071466 -0.453889 0.219949
0.135936 -0.453889 0.187100
0.187100 -0.453889 0.135936
0.219949 -0.453889 0.071466
0.231268 -0.453889 -0.000000
0.219949 -0.453889 -0.071466
0.242240 -0.412123 -0.175998
0.284770 -0.412123 -0.092527
0.175998 -0.412123 -0.242240
0.092527 -0.412123 -0.284770
0.000000 -0.412123 -0.299425
-0.092527 -0.412123 -0.284770
-0.175998 -0.412123 -0.242240
-0.242240 -0.412123 -0.175998
-0.284770 -0.412123 -0.092527
-0.299425 -0.412123 -0.000000
-0.284770 -0.412123 0.092527
-0.242240 -0.412123 0.175997
-0.175997 -0.412123 0.242240
-0.092527 -0.412123 0.284770
-0.000000 -0.412123 0.299425
0.092527 -0.412123 0.284770
0.175997 -0.412123 0.242240
0.242240 -0.412123 0.175997
0.284770 -0.412123 0.092527
0.299425 -0.412123 0.000000
0.284770 -0.412123 -0.092527
0.342579 -0.360209 -0.111311
0.291415 -0.360209 -0.211725
0.211725 -0.360209 -0.291415
0.111311 -0.360209 -0.342579
0.000000 -0.360209 -0.360209
-0.111311 -0.360209 -0.342579
-0.211725 -0.360209 -0.291415
-0.291415 -0.360209 -0.211725
-0.342579 -0.360209 -0.111311
-0.360209 -0.360209 -0.000000
-0.342579 -0.360209 0.111311
-0.291415 -0.360209 0.211725
-0.211725 -0.360209 0.291415
-0.111311 -0.360209 0.342579
-0.000000 -0.360209 0.360209
0.111311 -0.360209 0.342579
0.211725 -0.360209 0.291415
0.291415 -0.360209 0.211725
0.342579 -0.360209 0.111311
0.360209 -0.360209 0.000000
0.342579 -0.360209 -0.111311
0.391952 -0.299425 -0.127353
0.333415 -0.299425 -0.242240
0.242240 -0.299425 -0.333415
0.127353 -0.299425 -0.391952
0.000000 -0.299425 -0.412123
-0.127353 -0.299425 -0.391952
-0.242240 -0.299425 -0.333414
-0.333414 -0.299425 -0.242240
-0.391952 -0.299425 -0.127353
-0.412123 -0.299425 0.000000
-0.391952 -0.299425 0.127353
-0.333414 -0.299425 0.242240
-0.242240 -0.299425 0.333414
-0.127353 -0.299425 0.391952
-0.000000 -0.299425 0.412123
0.127353 -0.299425 0.391952
0.242240 -0.299425 0.333414
0.333414 -0.299425 0.242240
0.391952 -0.299425 0.127353
0.412123 -0.299425 0.000000
0.391952 -0.299425 -0.127353
0.431675 -0.231268 -0.140260
0.367204 -0.231268 -0.266790
0.266790 -0.231268 -0.367204
0.140260 -0.231268 -0.431675
0.000000 -0.231268 -0.453889
-0.140260 -0.231268 -0.431675
-0.266790 -0.231268 -0.367204
-0.367204 -0.231268 -0.266789
-0.431674 -0.231268 -0.140260
-0.453889 -0.231268 -0.000000
-0.431674 -0.231268 0.140260
-0.367204 -0.231268 0.266789
-0.266789 -0.231268 0.367204
-0.140260 -0.231268 0.431674
-0.000000 -0.231268 0.453889
0.140259 -0.231268 0.431674
0.266789 -0.231268 0.367204
0.367204 -0.231268 0.266789
0.431674 -0.231268 0.140260
0.453889 -0.231268 0.000000
0.431675 -0.231268 -0.140260
0.460768 -0.157417 -0.149712
0.391952 -0.157417 -0.284770
0.284770 -0.157417 -0.391952
0.149712 -0.157417 -0.460768
-0.000000 -0.157417 -0.484480
-0.149712 -0.157417 -0.460768
-0.284770 -0.157417 -0.391952
-0.391952 -0.157417 -0.284770
-0.460767 -0.157417 -0.149712
-0.484480 -0.157417 -0.000000
-0.460767 -0.157417 0.149712
-0.391952 -0.157417 0.284770
-0.284770 -0.157417 0.391952
-0.149712 -0.157417 0.460767
-0.000000 -0.157417 0.484480
0.149712 -0.157417 0.460767
0.284770 -0.157417 0.391952
0.391952 -0.157417 0.284770
0.460767 -0.157417 0.149712
0.484479 -0.157417 0.000000
0.460768 -0.157417 -0.149712
0.478515 -0.079690 -0.155479
0.407049 -0.079690 -0.295739
0.295739 -0.079690 -0.407049
0.155479 -0.079690 -0.478515
-0.000000 -0.079690 -0.503140
-0.155479 -0.079690 -0.478515
-0.295738 -0.079690 -0.407049
-0.407049 -0.079690 -0.295738
-0.478515 -0.079690 -0.155479
-0.503140 -0.079690 -0.000000
-0.478515 -0.079690 0.155479
-0.407049 -0.079690 0.295738
-0.295738 -0.079690 0.407049
-0.155479 -0.079690 0.478515
-0.000000 -0.079690 0.503140
0.155479 -0.079690 0.478515
0.295738 -0.079690 0.407049
0.407049 -0.079690 0.295738
0.478515 -0.079690 0.155479
0.503140 -0.079690 0.000000
0.478515 -0.079690 -0.155479
0.484480 -0.000000 -0.157417
0.412123 -0.000000 -0.299425
0.299425 -0.000000 -0.412123
0.157417 -0.000000 -0.484480
-0.000000 -0.000000 -0.509412
-0.157417 -0.000000 -0.484480
-0.299425 -0.000000 -0.412123
-0.412123 -0.000000 -0.299425
-0.484480 -0.000000 -0.157417
-0.509412 -0.000000 -0.000000
-0.484480 -0.000000 0.157417
-0.412123 -0.000000 0.299425
-0.299425 -0.000000 0.412123
-0.157417 -0.000000 0.484480
-0.000000 -0.000000 0.509412
0.157417 -0.000000 0.484480
0.299425 -0.000000 0.412123
0.412123 -0.000000 0.299425
0.484479 -0.000000 0.157417
0.509412 -0.000000 0.000000
0.484480 -0.000000 -0.157417
0.478515 0.079690 -0.155479
0.407049 0.079690 -0.295739
0.295739 0.079690 -0.407049
0.155479 0.079690 -0.478515
-0.000000 0.079690 -0.503140
-0.155479 0.079690 -0.478515
-0.295738 0.079690 -0.407049
-0.407049 0.079690 -0.295738
-0.478515 0.079690 -0.155479
-0.503140 0.079690 -0.000000
-0.478515 0.079690 0.155479
-0.407049 0.079690 0.295738
-0.295738 0.079690 0.407049
-0.155479 0.079690 0.478515
-0.000000 0.079690 0.503140
0.155479 0.079690 0.478515
0.295738 0.079690 0.407049
0.407049 0.079690 0.295738
0.478515 0.079690 0.155479
0.503140 0.079690 0.000000
0.478515 0.079690 -0.155479
0.460768 0.157417 -0.149712
0.391952 0.157417 -0.284770
0.284770 0.157417 -0.391952
0.149712 0.157417 -0.460768
-0.000000 0.157417 -0.484480
-0.149712 0.157417 -0.460768
-0.284770 0.157417 -0.391952
-0.391952 0.157417 -0.284770
-0.460767 0.157417 -0.149712
-0.484480 0.157417 0.000000
-0.460767 0.157417 0.149712
-0.391952 0.157417 0.284770
-0.284770 0.157417 0.391952
-0.149712 0.157417 0.460767
-0.000000 0.157417 0.484480
0.149712 0.157417 0.460767
0.284770 0.157417 0.391952
0.391952 0.157417 0.284770
0.460767 0.157417 0.149712
0.484479 0.157417 0.000000
0.460768 0.157417 -0.149712
0.431675 0.231268 -0.140260
0.367204 0.231268 -0.266790
0.266790 0.231268 -0.367204
0.140260 0.231268 -0.431675
-0.000000 0.231268 -0.453889
-0.140260 0.231268 -0.431675
-0.266790 0.231268 -0.367204
-0.367204 0.231268 -0.266789
-0.431674 0.231268 -0.140260
-0.453889 0.231268 0.000000
-0.431674 0.231268 0.140260
-0.367204 0.231268 0.266789
-0.266789 0.231268 0.367204
-0.140260 0.231268 0.431674
-0.000000 0.231268 0.453889
0.140259 0.231268 0.431674
0.266789 0.231268 0.367204
0.367204 0.231268 0.266789
0.431674 0.231268 0.140260
0.453889 0.231268 0.000000
0.431675 0.231268 -0.140260
0.391952 0.299425 -0.127353
0.333415 0.299425 -0.242240
0.242240 0.299425 -0.333415
0.127353 0.299425 -0.391952
-0.000000 0.299425 -0.412123
-0.127353 0.299425 -0.391952
-0.242240 0.299425 -0.333414
-0.333414 0.299425 -0.242240
-0.391952 0.299425 -0.127353
-0.412123 0.299425 0.000000
-0.391952 0.299425 0.127353
-0.333414 0.299425 0.242240
-0.242240 0.299425 0.333414
-0.127353 0.299425 0.391952
-0.000000 0.299425 0.412123
0.127353 0.299425 0.391952
0.242240 0.299425 0.333414
0.333414 0.299425 0.242240
0.391952 0.299425 0.127353
0.412123 0.299425 0.000000
0.391952 0.299425 -0.127353
0.342579 0.360209 -0.111311
0.291415 0.360209 -0.211725
0.211725 0.360209 -0.291415
0.111311 0.360209 -0.342579
-0.000000 0.360209 -0.360209
-0.111311 0.360209 -0.342579
-0.211725 0.360209 -0.291415
-0.291415 0.360209 -0.211725
-0.342579 0.360209 -0.111311
-0.360209 0.360209 0.000000
-0.342579 0.360209 0.111311
-0.291415 0.360209 0.211725
-0.211725 0.360209 0.291415
-0.111311 0.360209 0.342579
-0.000000 0.360209 0.360209
0.111311 0.360209 0.342579
0.211725 0.360209 0.291415
0.291415 0.360209 0.211725
0.342579 0.360209 0.111311
0.360209 0.360209 0.000000
0.342579 0.360209 -0.111311
0.242240 0.412123 -0.175998
0.284770 0.412123 -0.092527
0.175998 0.412123 -0.242240
0.092527 0.412123 -0.284770
-0.000000 0.412123 -0.299425
-0.092527 0.412123 -0.284770
-0.175998 0.412123 -0.242240
-0.242240 0.412123 -0.175998
-0.284770 0.412123 -0.092527
-0.299425 0.412123 0.000000
-0.284770 0.412123 0.092527
-0.242240 0.412123 0.175997
-0.175997 0.412123 0.242240
-0.092527 0.412123 0.284770
-0.000000 0.412123 0.299425
0.092527 0.412123 0.284770
0.175997 0.412123 0.242240
0.242240 0.412123 0.175997
0.284770 0.412123 0.092527
0.299425 0.412123 0.000000
0.284770 0.412123 -0.092527
0.219949 0.453889 -0.071466
0.187100 0.453889 -0.135936
0.135936 0.453889 -0.187100
0.071466 0.453889 -0.219949
-0.000000 0.453889 -0.231268
-0.071466 0.453889 -0.219949
-0.135936 0.453889 -0.187100
-0.187100 0.453889 -0.135936
-0.219949 0.453889 -0.071466
-0.231268 0.453889 0.000000
-0.219949 0.453889 0.071466
-0.187100 0.453889 0.135936
-0.135936 0.453889 0.187100
-0.071466 0.453889 0.219949
-0.000000 0.453889 0.231268
0.071466 0.453889 0.219949
0.135936 0.453889 0.187100
0.187100 0.453889 0.135936
0.219949 0.453889 0.071466
0.231268 0.453889 0.000000
0.219949 0.453889 -0.071466
0.149712 0.484479 -0.048645
0.127353 0.484479 -0.092527
0.092527 0.484479 -0.127353
0.048645 0.484479 -0.149712
-0.000000 0.484479 -0.157417
-0.048645 0.484479 -0.149712
-0.092527 0.484479 -0.127353
-0.127353 0.484479 -0.092527
-0.149712 0.484479 -0.048645
-0.157417 0.484479 0.000000
-0.149712 0.484479 0.048645
-0.127353 0.484479 0.092527
-0.092527 0.484479 0.127353
-0.048645 0.484479 0.149712
-0.000000 0.484479 0.157417
0.048645 0.484479 0.149712
0.092527 0.484479 0.127353
0.127353 0.484479 0.092527
0.149712 0.484479 0.048645
0.157417 0.484479 0.000000
0.149712 0.484479 -0.048645
0.075789 0.503140 -0.024625
0.064470 0.503140 -0.046840
0.046840 0.503140 -0.064470
0.024625 0.503140 -0.075789
-0.000000 0.503140 -0.079690
-0.024625 0.503140 -0.075789
-0.046840 0.503140 -0.064470
-0.064470 0.503140 -0.046840
-0.075789 0.503140 -0.024625
-0.079690 0.503140 0.000000
-0.075789 0.503140 0.024625
-0.064470 0.503140 0.046840
-0.046840 0.503140 0.064470
-0.024625 0.503140 0.075789
-0.000000 0.503140 0.079690
0.024625 0.503140 0.075789
0.046840 0.503140 0.064470
0.064470 0.503140 0.046840
0.075789 0.503140 0.024625
0.079690 0.503140 0.000000
0.075789 0.503140 -0.024625
0.000000 -0.509412 -0.000000
0.000000 -0.509412 -0.000000
0.000000 -0.509412 -0.000000
0.000000 -0.509412 -0.000000
0.000000 -0.509412 -0.000000
0.000000 -0.509412 -0.000000
0.000000 -0.509412 -0.000000
0.000000 -0.509412 -0.000000
0.000000 -0.509412 -0.000000
0.000000 -0.509412 -0.000000
0.000000 -0.509412 -0.000000
0.000000 -0.509412 -0.000000
0.000000 -0.509412 -0.000000
0.000000 -0.509412 -0.000000
0.000000 -0.509412 -0.000000
0.000000 -0.509412 -0.000000
0.000000 -0.509412 -0.000000
0.000000 -0.509412 -0.000000
0.000000 -0.509412 -0.000000
0.000000 -0.509412 -0.000000
-0.000000 0.509412 0.000000
-0.000000 0.509412 0.000000
-0.000000 0.509412 0.000000
-0.000000 0.509412 0.000000
-0.000000 0.509412 0.000000
-0.000000 0.509412 0.000000
-0.000000 0.509412 0.000000
-0.000000 0.509412 0.000000
-0.000000 0.509412 0.000000
-0.000000 0.509412 0.000000
-0.000000 0.509412 0.000000
-0.000000 0.509412 0.000000
-0.000000 0.509412 0.000000
-0.000000 0.509412 0.000000
-0.000000 0.509412 0.000000
-0.000000 0.509412 0.000000
-0.000000 0.509412 0.000000
-0.000000 0.509412 0.000000
-0.000000 0.509412 0.000000
-0.000000 0.509412 0.000000
-0.449738 -0.019546 1.248881
-0.437332 0.003248 1.264761
-0.439056 0.020095 1.292582
-0.470294 -0.041955 1.250047
-0.451858 -0.006857 1.233068
-0.474163 -0.039229 1.231614
-0.468774 -0.023407 1.230597
-0.493596 -0.046645 1.233595
-0.480620 0.037216 1.345791
-0.471313 0.042255 1.336807
-0.478982 0.045985 1.333502
-0.459170 0.046106 1.304087
-0.583077 -0.029077 1.310229
-0.603844 0.016253 1.314598
-0.649522 0.043986 1.264696
-0.573720 -0.032496 1.331226
-0.644983 0.078996 1.292476
-0.624612 0.069286 1.299427
-0.629805 0.061077 1.294609
-0.555614 -0.017079 1.230336
-0.540505 -0.011466 1.214942
-0.558086 -0.024102 1.229714
-0.537662 -0.015864 1.209440
-0.447387 0.031321 1.276569
-0.447332 0.010120 1.243387
-0.446415 0.022226 1.255887
-0.446386 0.006805 1.239229
-0.451858 -0.006857 1.233068
-0.529282 0.032762 1.378904
-0.475143 0.036768 1.366120
-0.521911 0.054376 1.361340
-0.431581 0.038210 1.325679
-0.456153 0.051416 1.314016
-0.462743 0.053905 1.327575
-0.480332 0.013305 1.388147
-0.587649 -0.036536 1.308634
-0.549116 -0.083242 1.332484
-0.581872 -0.039865 1.336613
-0.540575 -0.079223 1.355316
-0.560525 -0.006671 1.369347
-0.515197 -0.045090 1.379745
-0.520724 -0.065667 1.330567
-0.511075 -0.074341 1.316715
-0.503451 -0.067119 1.354140
-0.496780 -0.082806 1.322838
-0.474265 0.060332 1.341584
-0.526148 0.076782 1.343568
-0.556166 0.063625 1.177397
-0.568984 0.049555 1.177971
-0.600590 0.081214 1.171470
-0.635743 0.059963 1.200534
-0.561027 0.007129 1.199731
-0.579082 -0.001090 1.218786
-0.488514 -0.007759 1.397050
-0.503703 0.011716 1.200170
-0.541216 0.020341 1.190848
-0.638527 0.141105 1.159624
-0.649467 0.128009 1.148302
-0.651395 0.131388 1.158551
-0.463134 0.025244 1.365083
-0.453667 0.017658 1.366780
-0.450998 0.029381 1.350128
-0.430514 0.028668 1.339943
-0.711966 0.163691 1.204362
-0.677287 0.148509 1.238842
-0.689395 0.196063 1.218803
-0.663976 0.162985 1.248716
-0.624316 0.163297 1.171526
-0.619982 0.181038 1.192330
-0.613034 0.188241 1.190109
-0.651273 0.115608 1.297312
-0.647292 0.135313 1.300372
-0.653279 0.121837 1.290501
-0.659886 0.095944 1.290730
-0.659748 0.112330 1.285313
-0.666949 0.103927 1.279749
-0.471313 0.042255 1.336807
-0.480620 0.037216 1.345791
-0.462743 0.053905 1.327575
-0.635118 0.025614 1.223943
-0.663513 0.086667 1.200458
-0.622417 0.037775 1.222417
-0.677438 0.073837 1.201287
-0.655407 0.182266 1.284689
-0.640203 0.185469 1.265527
-0.659326 0.186043 1.265195
-0.712195 0.103990 1.239201
-0.723234 0.140361 1.233822
-0.706936 0.118356 1.226032
-0.447387 0.031321 1.276569
-0.451381 0.039206 1.293855
-0.446542 0.043203 1.287958
-0.719616 0.146332 1.226656
-0.699011 0.103986 1.218588
-0.712718 0.145854 1.221187
-0.706936 0.118356 1.226032
-0.719616 0.146332 1.226656
-0.637807 0.090591 1.170924
-0.622419 0.099225 1.164446
-0.633846 0.085406 1.168697
-0.619678 0.097203 1.162867
-0.568933 -0.025292 1.238512
-0.572713 -0.023673 1.251215
-0.585699 -0.007132 1.229308
-0.590569 -0.001100 1.241249
-0.635743 0.059963 1.200534
-0.642748 0.054637 1.203848
-0.638875 0.056586 1.198631
-0.686342 0.191038 1.263696
-0.659326 0.186043 1.265195
-0.680285 0.190507 1.246964
-0.685891 0.192213 1.253363
-0.418163 -0.003977 1.280989
-0.437332 0.003248 1.264761
-0.423645 -0.028060 1.261843
-0.648409 0.179584 1.247439
-0.680285 0.190507 1.246964
-0.490403 0.073373 1.243289
-0.496828 0.081890 1.283587
-0.449672 0.042194 1.283025
-0.423308 0.012038 1.309561
-0.439056 0.020095 1.292582
-0.507011 -0.042268 1.364573
-0.488514 -0.007759 1.397050
-0.515197 -0.045090 1.379745
-0.714562 0.135571 1.191939
-0.707429 0.139055 1.191244
-0.692694 0.120739 1.192235
-0.435352 0.016860 1.336465
-0.446143 0.025121 1.321519
-0.529925 -0.072152 1.342816
-0.540575 -0.079223 1.355316
-0.464641 -0.000381 1.366914
-0.483555 -0.024787 1.370490
-0.484520 0.003524 1.359668
-0.495152 -0.050941 1.359262
-0.504537 -0.019654 1.358310
-0.483999 -0.008368 1.379847
-0.484823 -0.077744 1.309055
-0.477208 -0.077627 1.295902
-0.505450 -0.059556 1.288908
-0.572746 0.058720 1.339478
-0.555512 -0.001360 1.353827
-0.540364 0.019088 1.365685
-0.588419 0.037527 1.327067
-0.628312 0.084068 1.295703
-0.644953 0.061613 1.282829
-0.441531 -0.054869 1.260832
-0.470294 -0.041955 1.250047
-0.459833 -0.071525 1.272905
-0.449738 -0.019546 1.248881
-0.484823 -0.077744 1.309055
-0.494746 -0.070241 1.335389
-0.496780 -0.082806 1.322838
-0.666462 0.182903 1.236219
-0.623502 0.199976 1.220854
-0.616061 0.176881 1.243753
-0.600241 0.179327 1.255696
-0.583077 -0.029077 1.310229
-0.573720 -0.032496 1.331226
-0.481440 0.067669 1.323458
-0.599897 0.180980 1.264021
-0.474265 0.060332 1.341584
-0.600241 0.179327 1.255696
-0.453667 0.017658 1.366780
-0.443963 0.014681 1.348938
-0.430514 0.028668 1.339943
-0.495152 -0.050941 1.359262
-0.483555 -0.024787 1.370490
-0.497041 -0.038738 1.376627
-0.477579 -0.006558 1.380651
-0.625166 0.153471 1.154838
-0.599200 0.123924 1.166908
-0.649467 0.128009 1.148302
-0.610785 0.113298 1.160924
-0.540918 0.091342 1.194259
-0.572175 0.116712 1.185186
-0.554748 0.123925 1.204805
-0.632571 0.186774 1.270336
-0.599897 0.180980 1.264021
-0.497048 -0.004948 1.362680
-0.531049 -0.051565 1.335325
-0.547547 -0.051868 1.270291
-0.549116 -0.083242 1.332484
-0.584665 0.009408 1.331205
-0.556702 -0.011904 1.347731
-0.574450 -0.006695 1.340287
-0.655407 0.182266 1.284689
-0.666390 0.126389 1.288773
-0.647292 0.135313 1.300372
-0.686342 0.191038 1.263696
-0.562623 -0.045666 1.257368
-0.562195 -0.062262 1.271011
-0.599897 0.180980 1.264021
-0.632571 0.186774 1.270336
-0.599058 -0.023888 1.285347
-0.601604 -0.004637 1.279913
-0.451381 0.039206 1.293855
-0.425749 0.027899 1.297979
-0.446542 0.043203 1.287958
-0.646580 0.032437 1.251154
-0.635118 0.025614 1.223943
-0.562195 -0.062262 1.271011
-0.596337 0.123374 1.164245
-0.619678 0.097203 1.162867
-0.607247 0.110468 1.166952
-0.448840 -0.069517 1.254712
-0.459936 -0.077241 1.264166
-0.464142 -0.062537 1.248559
-0.439171 -0.036068 1.241149
-0.429141 -0.017782 1.242217
-0.425987 -0.042880 1.247217
-0.410914 -0.010184 1.258902
-0.652340 0.080869 1.192309
-0.620866 0.066782 1.183243
-0.638171 0.086005 1.175968
-0.638343 0.112585 1.299454
-0.650233 0.116074 1.303912
-0.635969 0.104947 1.320135
-0.642725 0.118422 1.304303
-0.651273 0.115608 1.297312
-0.649395 0.109329 1.299583
-0.639934 0.109072 1.295240
-0.636491 0.114186 1.297869
-0.642725 0.118422 1.304303
-0.636491 0.114186 1.297869
-0.415873 0.022449 1.307133
-0.425749 0.027899 1.297979
-0.548153 0.015722 1.193905
-0.572268 0.001608 1.222641
-0.557235 0.008391 1.206834
-0.555614 -0.017079 1.230336
-0.540505 -0.011466 1.214942
-0.572175 0.116712 1.185186
-0.584216 0.149635 1.185723
-0.567890 0.130545 1.196902
-0.643936 0.099012 1.288670
-0.591323 0.165744 1.219417
-0.587953 0.148743 1.188390
-0.589070 0.160072 1.201640
-0.639934 0.109072 1.295240
-0.504860 0.089901 1.305926
-0.508744 0.087902 1.291385
-0.575710 0.147422 1.264982
-0.569567 0.142973 1.259971
-0.420706 0.011184 1.266362
-0.655779 0.123272 1.296229
-0.666390 0.126389 1.288773
-0.653279 0.121837 1.290501
-0.555512 -0.001360 1.353827
-0.540364 0.019088 1.365685
-0.612106 0.106571 1.309119
-0.672169 0.094160 1.274775
-0.671608 0.102159 1.283487
-0.679267 0.091789 1.275333
-0.655779 0.123272 1.296229
-0.712195 0.103990 1.239201
-0.676122 0.114753 1.282418
-0.723234 0.140361 1.233822
-0.679267 0.091789 1.275333
-0.592337 0.122882 1.310440
-0.627163 0.155767 1.303191
-0.601604 -0.004637 1.279913
-0.649522 0.043986 1.264696
-0.643971 0.040774 1.253046
-0.472142 0.058850 1.316163
-0.459170 0.046106 1.304087
-0.477579 -0.006558 1.380651
-0.483385 0.004164 1.374914
-0.499943 -0.016242 1.375447
-0.685891 0.192213 1.253363
-0.540154 0.080387 1.329301
-0.632030 0.102142 1.304768
-0.641823 0.094819 1.313871
-0.647105 0.108243 1.297207
-0.640203 0.185469 1.265527
-0.560482 -0.009625 1.358155
-0.556702 -0.011904 1.347731
-0.567986 0.002822 1.346399
-0.570939 0.029222 1.356542
-0.564434 0.030680 1.348898
-0.602243 0.078457 1.324471
-0.602424 0.073025 1.314113
-0.712718 0.145854 1.221187
-0.677438 0.073837 1.201287
-0.459833 -0.071525 1.272905
-0.448840 -0.069517 1.254712
-0.441531 -0.054869 1.260832
-0.425987 -0.042880 1.247217
-0.536177 -0.041067 1.348506
-0.521776 -0.042708 1.358739
-0.699171 0.094753 1.217073
-0.642748 0.054637 1.203848
-0.664686 0.075053 1.204358
-0.662462 0.071967 1.193232
-0.687296 0.072734 1.255062
-0.687638 0.134174 1.228383
-0.584216 0.149635 1.185723
-0.591212 0.135010 1.177999
-0.588871 0.155732 1.204810
-0.633503 0.178773 1.254216
-0.659339 0.194024 1.237410
-0.695936 0.142815 1.212968
-0.712718 0.145854 1.221187
-0.680285 0.190507 1.246964
-0.447062 0.031634 1.265463
-0.492876 0.067289 1.233683
-0.446415 0.022226 1.255887
-0.480469 0.046408 1.330447
-0.472870 0.054460 1.334840
-0.579984 -0.005546 1.222021
-0.683979 0.191523 1.209810
-0.673468 0.147691 1.228195
-0.708446 0.152529 1.194318
-0.462821 0.020065 1.345823
-0.443963 0.014681 1.348938
-0.491110 0.058565 1.322373
-0.526386 0.049216 1.355726
-0.477929 0.024694 1.351419
-0.472870 0.054460 1.334840
-0.475143 0.036768 1.366120
-0.480469 0.046408 1.330447
-0.474265 0.060332 1.341584
-0.677438 0.073837 1.201287
-0.699171 0.094753 1.217073
-0.528877 0.029094 1.367148
-0.643971 0.040774 1.253046
-0.699011 0.103986 1.218588
-0.410897 0.002805 1.273139
-0.553704 0.000071 1.362135
-0.545543 0.007982 1.364393
-0.565598 0.014984 1.363377
-0.558086 -0.024102 1.229714
-0.527376 -0.056517 1.245721
-0.572713 -0.023673 1.251215
-0.651273 0.115608 1.297312
-0.639934 0.109072 1.295240
-0.649395 0.109329 1.299583
-0.667297 0.090584 1.288553
-0.607111 0.167068 1.254363
-0.636623 0.199356 1.230769
-0.656442 0.086007 1.283053
-0.659886 0.095944 1.290730
-0.667297 0.090584 1.288553
-0.633846 0.085406 1.168697
-0.637807 0.090591 1.170924
-0.656442 0.086007 1.283053
-0.446386 0.006805 1.239229
-0.468039 -0.024336 1.221418
-0.444018 0.022944 1.258034
-0.420706 0.011184 1.266362
-0.516922 -0.054706 1.315207
-0.516065 -0.041768 1.341892
-0.494746 -0.070241 1.335389
-0.584665 0.009408 1.331205
-0.481991 -0.040210 1.220215
-0.666462 0.182903 1.236219
-0.623502 0.199976 1.220854
-0.600101 0.171549 1.237311
-0.591323 0.165744 1.219417
-0.671608 0.102159 1.283487
-0.666949 0.103927 1.279749
-0.676122 0.114753 1.282418
-0.537662 -0.015864 1.209440
-0.506112 -0.057086 1.233950
-0.578682 0.105475 1.174246
-0.655313 0.091196 1.297942
-0.629732 0.066981 1.309407
-0.652802 0.075931 1.305791
-0.671608 0.102159 1.283487
-0.615295 0.084307 1.324276
-0.632030 0.102142 1.304768
-0.583077 -0.029077 1.310229
-0.528877 0.029094 1.367148
-0.526386 0.049216 1.355726
-0.592337 0.122882 1.310440
-0.540154 0.080387 1.329301
-0.685891 0.192213 1.253363
-0.719616 0.146332 1.226656
-0.676705 0.115563 1.172331
-0.661656 0.120733 1.166920
-0.680237 0.110531 1.165866
-0.666663 0.116609 1.154146
-0.602424 0.073025 1.314113
-0.547547 -0.051868 1.270291
-0.570348 -0.021848 1.341642
-0.692694 0.120739 1.192235
-0.697692 0.115346 1.189587
-0.572286 0.135258 1.211020
-0.572713 -0.023673 1.251215
-0.568933 -0.025292 1.238512
-0.555614 -0.017079 1.230336
-0.687296 0.072734 1.255062
-0.588380 0.148609 1.264066
-0.509498 0.079416 1.310462
-0.500563 0.079831 1.302908
-0.528449 0.099939 1.276175
-0.564351 0.131415 1.255018
-0.508744 0.087902 1.291385
-0.570783 0.137273 1.256955
-0.480332 0.013305 1.388147
-0.695936 0.142815 1.212968
-0.526386 0.049216 1.355726
-0.524711 0.095801 1.222828
-0.495214 0.069082 1.240852
-0.492876 0.067289 1.233683
-0.676122 0.114753 1.282418
-0.508744 0.087902 1.291385
-0.490403 0.073373 1.243289
-0.495214 0.069082 1.240852
-0.569567 0.142973 1.259971
-0.570783 0.137273 1.256955
-0.562844 0.127288 1.228158
-0.554748 0.123925 1.204805
-0.562844 0.127288 1.228158
-0.553838 0.115308 1.217812
-0.564351 0.131415 1.255018
-0.562844 0.127288 1.228158
-0.505008 0.075914 1.246014
-0.666390 0.126389 1.288773
-0.570348 -0.021848 1.341642
-0.578118 0.146717 1.245768
-0.659148 0.212662 1.222180
-0.616061 0.176881 1.243753
-0.663513 0.086667 1.200458
-0.613034 0.188241 1.190109
-0.589070 0.160072 1.201640
-0.598784 0.165389 1.237139
-0.600101 0.171549 1.237311
-0.607111 0.167068 1.254363
-0.562195 -0.062262 1.271011
-0.655779 0.123272 1.296229
-0.486349 -0.051120 1.238388
-0.474163 -0.039229 1.231614
-0.464142 -0.062537 1.248559
-0.452097 -0.050908 1.240592
-0.627163 0.155767 1.303191
-0.587953 0.148743 1.188390
-0.591212 0.135010 1.177999
-0.599200 0.123924 1.166908
-0.607247 0.110468 1.166952
-0.604169 0.051956 1.319269
-0.616488 0.027680 1.302510
-0.597481 0.059260 1.321469
-0.435352 0.016860 1.336465
-0.618856 0.043028 1.324576
-0.574909 0.046749 1.342213
-0.568938 0.053791 1.345283
-0.573900 0.046787 1.339941
-0.580873 0.013278 1.332805
-0.566603 0.038451 1.348671
-0.578607 0.021892 1.340187
-0.559078 0.046017 1.350545
-0.598784 0.165389 1.237139
-0.607111 0.167068 1.254363
-0.594580 0.169273 1.238660
-0.636399 0.057884 1.197312
-0.653833 0.075265 1.188180
-0.618774 0.065036 1.184605
-0.636574 0.087700 1.170189
-0.540989 -0.011522 1.216005
-0.562611 -0.025396 1.238388
-0.558261 -0.019046 1.229783
-0.502767 0.073545 1.245403
-0.565866 0.130469 1.255210
-0.513869 0.087533 1.285477
-0.546206 0.004081 1.357159
-0.565197 0.010337 1.353920
-0.555132 0.116830 1.215355
-0.692160 0.200286 1.246572
-0.719122 0.227967 1.188189
-0.742820 0.195117 1.172905
-0.611984 0.060648 1.312158
-0.597481 0.059260 1.321469
-0.603661 0.069353 1.312924
-0.604169 0.051956 1.319269
-0.427292 0.022837 1.305444
-0.426575 0.021053 1.295385
-0.423088 0.018125 1.290817
-0.453741 0.040997 1.291443
-0.448066 0.035093 1.276123
-0.449257 0.037095 1.283174
-0.453741 0.040997 1.291443
-0.433845 0.036044 1.322922
-0.454462 0.046858 1.313332
-0.708446 0.152529 1.194318
-0.711966 0.163691 1.204362
-0.683979 0.191523 1.209810
-0.689395 0.196063 1.218803
-0.432555 0.027488 1.310604
-0.427292 0.022837 1.305444
-0.436217 0.033941 1.333762
-0.460820 0.051852 1.320645
-0.574894 -0.002304 1.221143
-0.585026 -0.003320 1.226169
-0.563223 0.008451 1.205776
-0.644983 0.078996 1.292476
-0.661229 0.078372 1.291653
-0.655114 0.090090 1.284897
-0.666566 0.093513 1.289593
-0.456445 0.048597 1.317860
-0.620866 0.066782 1.183243
-0.616870 0.067619 1.178286
-0.600590 0.081214 1.171470
-0.659975 0.223645 1.213940
-0.655320 0.208949 1.226149
-0.680752 0.187223 1.238111
-0.537247 -0.010183 1.212921
-0.529168 -0.008722 1.207967
-0.540989 -0.011522 1.216005
-0.525599 -0.006772 1.201722
-0.446606 0.040621 1.276142
-0.453741 0.040997 1.291443
-0.448023 0.043770 1.290475
-0.425975 0.027404 1.302340
-0.448023 0.043770 1.290475
-0.429497 0.031012 1.309948
-0.618856 0.043028 1.324576
-0.622765 0.056845 1.318654
-0.557460 0.009429 1.202178
-0.533626 -0.005781 1.214214
-0.553835 0.014105 1.203728
-0.537247 -0.010183 1.212921
-0.634573 0.059977 1.303436
-0.607584 0.067816 1.174891
-0.611909 0.070898 1.181353
-0.608721 0.072655 1.178266
-0.663104 0.205081 1.215211
-0.659148 0.212662 1.222180
-0.636623 0.199356 1.230769
-0.614960 0.069254 1.183574
-0.563223 0.008451 1.205776
-0.559578 0.010922 1.208936
-0.538689 -0.011086 1.221699
-0.540989 -0.011522 1.216005
-0.459936 -0.077241 1.264166
-0.448023 0.043770 1.290475
-0.426575 0.021053 1.295385
-0.449257 0.037095 1.283174
-0.424108 0.026335 1.297688
-0.423088 0.018125 1.290817
-0.420918 0.022379 1.288278
-0.587495 0.165339 1.220093
-0.558261 -0.019046 1.229783
-0.560706 -0.018680 1.237030
-0.556820 -0.016413 1.233045
-0.562051 -0.021494 1.233484
-0.587953 0.148743 1.188390
-0.599200 0.123924 1.166908
-0.593425 0.138649 1.174095
-0.655114 0.090090 1.284897
-0.662472 0.087270 1.284040
-0.448023 0.043770 1.290475
-0.453741 0.040997 1.291443
-0.449257 0.037095 1.283174
-0.578194 -0.001486 1.227370
-0.591323 0.165744 1.219417
-0.588871 0.155732 1.204810
-0.585026 -0.003320 1.226169
-0.435024 0.037951 1.327635
-0.433038 0.037717 1.333434
-0.433845 0.036044 1.322922
-0.489036 -0.054888 1.264473
-0.572175 0.116712 1.185186
-0.567890 0.130545 1.196902
-0.572286 0.135258 1.211020
-0.462743 0.053905 1.327575
-0.456153 0.051416 1.314016
-0.435453 0.037138 1.331621
-0.431581 0.038210 1.325679
-0.454462 0.046858 1.313332
-0.495214 0.069082 1.240852
-0.585026 -0.003320 1.226169
-0.578194 -0.001486 1.227370
-0.574145 0.000849 1.224219
-0.457442 0.055601 1.320141
-0.456445 0.048597 1.317860
-0.653833 0.075265 1.188180
-0.662997 0.076188 1.195906
-0.649009 0.080697 1.187809
-0.563223 0.008451 1.205776
-0.551543 0.017675 1.199101
-0.550738 0.013958 1.195292
-0.559578 0.010922 1.208936
-0.563223 0.008451 1.205776
-0.585026 -0.003320 1.226169
-0.707429 0.139055 1.191244
-0.692694 0.120739 1.192235
-0.685490 0.124832 1.211093
-0.546518 -0.011172 1.224810
-0.562611 -0.025396 1.238388
-0.540989 -0.011522 1.216005
-0.663104 0.205081 1.215211
-0.645212 0.179120 1.232750
-0.585026 -0.003320 1.226169
-0.562051 -0.021494 1.233484
-0.655114 0.090090 1.284897
-0.497041 -0.038738 1.376627
-0.713726 0.150955 1.197573
-0.692695 0.123117 1.219471
-0.627254 0.047968 1.312936
-0.639639 0.053818 1.208119
-0.559578 0.010922 1.208936
-0.553835 0.014105 1.203728
-0.551543 0.017675 1.199101
-0.624316 0.163297 1.171526
-0.623222 0.170685 1.185219
-0.619982 0.181038 1.192330
-0.538689 -0.011086 1.221699
-0.527927 -0.003560 1.209929
-0.533626 -0.005781 1.214214
-0.483238 -0.119509 1.332402
-0.525111 -0.087454 1.253385
-0.459514 -0.119616 1.298086
-0.629481 0.191772 1.216320
-0.630370 0.186458 1.221444
-0.640694 0.191966 1.224267
-0.629481 0.191772 1.216320
-0.630370 0.186458 1.221444
-0.559578 0.010922 1.208936
-0.651395 0.131388 1.158551
-0.661656 0.120733 1.166920
-0.638527 0.141105 1.159624
-0.546518 -0.011172 1.224810
-0.556820 -0.016413 1.233045
-0.435024 0.037951 1.327635
-0.676705 0.115563 1.172331
-0.684007 0.116001 1.195638
-0.560706 -0.018680 1.237030
-0.562611 -0.025396 1.238388
-0.559578 0.010922 1.208936
-0.638527 0.141105 1.159624
-0.661656 0.120733 1.166920
-0.641439 0.138826 1.211362
-0.578118 0.146717 1.245768
-0.594580 0.169273 1.238660
-0.588380 0.148609 1.264066
-0.607111 0.167068 1.254363
-0.614960 0.069254 1.183574
-0.607584 0.067816 1.174891
-0.618774 0.065036 1.184605
-0.550738 0.013958 1.195292
-0.557460 0.009429 1.202178
-0.563223 0.008451 1.205776
-0.529168 -0.008722 1.207967
-0.538689 -0.011086 1.221699
-0.538689 -0.011086 1.221699
-0.636574 0.087700 1.170189
-0.629162 0.092751 1.167523
-0.632081 0.091052 1.170886
-0.624339 0.087448 1.166553
-0.446606 0.040621 1.276142
-0.448066 0.035093 1.276123
-0.424108 0.026335 1.297688
-0.449257 0.037095 1.283174
-0.426575 0.021053 1.295385
-0.468039 -0.024336 1.221418
-0.446386 0.006805 1.239229
-0.468774 -0.023407 1.230597
-0.448023 0.043770 1.290475
-0.432555 0.027488 1.310604
-0.427292 0.022837 1.305444
-0.429497 0.031012 1.309948
-0.446415 0.022226 1.255887
-0.447062 0.031634 1.265463
-0.447387 0.031321 1.276569
-0.449672 0.042194 1.283025
-0.451381 0.039206 1.293855
-0.459170 0.046106 1.304087
-0.506112 -0.057086 1.233950
-0.481991 -0.040210 1.220215
-0.493596 -0.046645 1.233595
-0.591799 0.035739 1.345020
-0.581444 0.030390 1.356749
-0.585515 0.044953 1.349765
-0.460820 0.051852 1.320645
-0.433038 0.037717 1.333434
-0.457442 0.055601 1.320141
-0.436217 0.033941 1.333762
-0.480620 0.037216 1.345791
-0.485975 0.016705 1.368065
-0.463134 0.025244 1.365083
-0.483385 0.004164 1.374914
-0.640360 0.055165 1.200879
-0.656453 0.075655 1.194931
-0.639011 0.058395 1.203960
-0.645950 0.059320 1.217426
-0.658211 0.072668 1.191648
-0.641161 0.060674 1.212583
-0.645950 0.059320 1.217426
-0.642748 0.054637 1.203848
-0.624339 0.087448 1.166553
-0.641379 0.089210 1.176366
-0.526656 -0.080290 1.354057
-0.539988 -0.064533 1.332984
-0.527721 -0.087720 1.348131
-0.544574 -0.055530 1.336594
-0.427292 0.022837 1.305444
-0.584665 0.009408 1.331205
-0.601700 0.020156 1.316137
-0.638343 0.112585 1.299454
-0.632030 0.102142 1.304768
-0.659045 0.079645 1.202797
-0.657820 0.074723 1.188696
-0.664686 0.075053 1.204358
-0.662462 0.071967 1.193232
-0.563641 -0.016955 1.349615
-0.582090 -0.000934 1.353193
-0.652448 0.077814 1.191288
-0.657674 0.096240 1.289304
-0.653833 0.075265 1.188180
-0.629805 0.061077 1.294609
-0.669059 0.083811 1.205113
-0.659045 0.079645 1.202797
-0.653379 0.083295 1.182181
-0.424108 0.026335 1.297688
-0.557460 0.009429 1.202178
-0.551543 0.017675 1.199101
-0.553835 0.014105 1.203728
-0.550738 0.013958 1.195292
-0.574145 0.000849 1.224219
-0.574894 -0.002304 1.221143
-0.572713 -0.023673 1.251215
-0.537247 -0.010183 1.212921
-0.533626 -0.005781 1.214214
-0.636399 0.057884 1.197312
-0.635007 0.060555 1.200317
-0.566603 0.038451 1.348671
-0.574909 0.046749 1.342213
-0.420918 0.022379 1.288278
-0.448066 0.035093 1.276123
-0.446606 0.040621 1.276142
-0.423088 0.018125 1.290817
-0.680237 0.110531 1.165866
-0.666663 0.116609 1.154146
-0.653379 0.083295 1.182181
-0.637807 0.090591 1.170924
-0.657820 0.074723 1.188696
-0.652340 0.080869 1.192309
-0.638875 0.056586 1.198631
-0.635743 0.059963 1.200534
-0.641161 0.060674 1.212583
-0.618746 0.029703 1.232319
-0.453741 0.040997 1.291443
-0.685490 0.124832 1.211093
-0.673468 0.147691 1.228195
-0.645212 0.179120 1.232750
-0.630370 0.186458 1.221444
-0.684007 0.116001 1.195638
-0.640360 0.055165 1.200879
-0.662997 0.076188 1.195906
-0.658211 0.072668 1.191648
-0.623222 0.170685 1.185219
-0.624316 0.163297 1.171526
-0.516065 -0.041768 1.341892
-0.516922 -0.054706 1.315207
-0.446143 0.025121 1.321519
-0.462821 0.020065 1.345823
-0.489036 -0.054888 1.264473
-0.504537 -0.019654 1.358310
-0.653833 0.075265 1.188180
-0.505450 -0.059556 1.288908
-0.484520 0.003524 1.359668
-0.420918 0.022379 1.288278
-0.620866 0.066782 1.183243
-0.633846 0.085406 1.168697
-0.616870 0.067619 1.178286
-0.527927 -0.003560 1.209929
-0.427292 0.022837 1.305444
-0.423088 0.018125 1.290817
-0.420918 0.022379 1.288278
-0.550738 0.013958 1.195292
-0.527927 -0.003560 1.209929
-0.529168 -0.008722 1.207967
-0.551543 0.017675 1.199101
-0.436217 0.033941 1.333762
-0.433038 0.037717 1.333434
-0.448023 0.043770 1.290475
-0.460820 0.051852 1.320645
-0.457442 0.055601 1.320141
-0.587495 0.165339 1.220093
-0.572032 0.144644 1.229144
-0.453741 0.040997 1.291443
-0.425975 0.027404 1.302340
-0.427292 0.022837 1.305444
-0.529168 -0.008722 1.207967
-0.527927 -0.003560 1.209929
-0.465886 -0.100210 1.327935
-0.481609 -0.079498 1.270509
-0.507287 -0.079637 1.307866
-0.431581 0.038210 1.325679
-0.436938 0.040819 1.338416
-0.435453 0.037138 1.331621
-0.447764 -0.100192 1.301597
-0.544072 -0.042433 1.283464
-0.514811 -0.070992 1.346665
-0.447718 -0.069862 1.250067
-0.468452 -0.047219 1.242406
-0.530266 -0.042714 1.252604
-0.491171 -0.081627 1.360486
-0.482061 -0.088652 1.356699
-0.529230 -0.049135 1.330085
-0.426554 -0.087670 1.276827
-0.426263 -0.080502 1.267114
-0.714562 0.135571 1.191939
-0.496508 -0.101090 1.365136
-0.488754 -0.101018 1.370406
-0.501287 -0.093550 1.371641
-0.661656 0.120733 1.166920
-0.423060 -0.100182 1.260297
-0.419217 -0.092075 1.253540
-0.416094 -0.099225 1.265500
-0.709283 0.227321 1.176298
-0.707826 0.145525 1.218149
-0.731478 0.193988 1.160289
-0.554337 -0.055904 1.281040
-0.553756 -0.058113 1.262209
-0.558859 -0.059246 1.280424
-0.437547 -0.112024 1.270213
-0.544072 -0.042433 1.283464
-0.544574 -0.055530 1.336594
-0.529230 -0.049135 1.330085
-0.530266 -0.042714 1.252604
-0.525115 -0.047427 1.228941
-0.542071 -0.049246 1.240878
-0.560590 -0.049182 1.281533
-0.740565 0.184402 1.162422
-0.736349 0.161887 1.178944
-0.726272 0.132151 1.176056
-0.718489 0.125330 1.194616
-0.727001 0.144762 1.219391
-0.514811 -0.070992 1.346665
-0.526656 -0.080290 1.354057
-0.501287 -0.093550 1.371641
-0.469322 -0.063447 1.231080
-0.493168 -0.062988 1.227700
-0.524404 -0.054928 1.232746
-0.617912 0.166421 1.164754
-0.593425 0.138649 1.174095
-0.447764 -0.100192 1.301597
-0.471994 -0.115838 1.338120
-0.439885 -0.116203 1.292418
-0.740565 0.184402 1.162422
-0.718398 0.133241 1.170658
-0.726272 0.132151 1.176056
-0.551679 -0.063923 1.311966
-0.539988 -0.064533 1.332984
-0.541642 -0.086305 1.310232
-0.447718 -0.069862 1.250067
-0.426263 -0.080502 1.267114
-0.419217 -0.092075 1.253540
-0.612908 0.067589 1.321714
-0.615295 0.084307 1.324276
-0.450901 -0.086179 1.237379
-0.423060 -0.100182 1.260297
-0.490362 -0.083865 1.238073
-0.469322 -0.063447 1.231080
-0.493168 -0.062988 1.227700
-0.527721 -0.087720 1.348131
-0.539988 -0.064533 1.332984
-0.464142 -0.062537 1.248559
-0.452097 -0.050908 1.240592
-0.439171 -0.036068 1.241149
-0.551679 -0.063923 1.311966
-0.444018 0.022944 1.258034
-0.662568 0.208403 1.236652
-0.680752 0.187223 1.238111
-0.655320 0.208949 1.226149
-0.686317 0.188774 1.243369
-0.471994 -0.115838 1.338120
-0.483238 -0.119509 1.332402
-0.459514 -0.119616 1.298086
-0.546206 0.004081 1.357159
-0.584694 0.041039 1.330837
-0.602424 0.073025 1.314113
-0.546206 0.004081 1.357159
-0.524404 -0.054928 1.232746
-0.488754 -0.101018 1.370406
-0.491171 -0.081627 1.360486
-0.482061 -0.088652 1.356699
-0.558859 -0.059246 1.280424
-0.553756 -0.058113 1.262209
-0.553756 -0.058113 1.262209
-0.542071 -0.049246 1.240878
-0.540764 -0.058289 1.243025
-0.556266 -0.049028 1.261773
-0.665471 0.229492 1.217607
-0.686317 0.188774 1.243369
-0.662568 0.208403 1.236652
-0.731478 0.193988 1.160289
-0.727842 0.214096 1.170752
-0.709283 0.227321 1.176298
-0.622419 0.099225 1.164446
-0.715373 0.141927 1.219436
-0.590569 -0.001100 1.241249
-0.659975 0.223645 1.213940
-0.554337 -0.055904 1.281040
-0.560590 -0.049182 1.281533
-0.715190 0.230253 1.180469
-0.706720 0.234599 1.188127
-0.693084 0.227174 1.210107
-0.665471 0.229492 1.217607
-0.709356 0.127690 1.195745
-0.718398 0.133241 1.170658
-0.706720 0.234599 1.188127
-0.468452 -0.047219 1.242406
-0.467690 -0.053956 1.225036
-0.450998 0.029381 1.350128
-0.581444 0.030390 1.356749
-0.591799 0.035739 1.345020
-0.585515 0.044953 1.349765
-0.627254 0.047968 1.312936
-0.622765 0.056845 1.318654
-0.611984 0.060648 1.312158
-0.697692 0.115346 1.189587
-0.557235 0.008391 1.206834
-0.572268 0.001608 1.222641
-0.561027 0.007129 1.199731
-0.579082 -0.001090 1.218786
-0.601700 0.020156 1.316137
-0.614830 0.054627 1.301954
-0.615023 0.059040 1.311170
-0.624627 0.036487 1.294696
-0.616488 0.027680 1.302510
-0.595723 0.024873 1.330575
-0.559078 0.046017 1.350545
-0.568938 0.053791 1.345283
-0.586239 0.031469 1.333754
-0.589309 0.022963 1.325732
-0.448023 0.043770 1.290475
-0.453741 0.040997 1.291443
-0.578607 0.021892 1.340187
-0.589309 0.022963 1.325732
-0.580873 0.013278 1.332805
-0.586239 0.031469 1.333754
-0.624627 0.036487 1.294696
-0.603661 0.069353 1.312924
-0.540764 -0.058289 1.243025
-0.605782 0.013369 1.331447
-0.582090 -0.000934 1.353193
-0.587953 0.148743 1.188390
-0.713726 0.150955 1.197573
-0.416094 -0.099225 1.265500
-0.426554 -0.087670 1.276827
-0.524404 -0.054928 1.232746
-0.525115 -0.047427 1.228941
-0.469322 -0.063447 1.231080
-0.556266 -0.049028 1.261773
-0.736349 0.161887 1.178944
-0.589710 0.043756 1.343495
-0.423308 0.012038 1.309561
-0.415873 0.022449 1.307133
-0.503451 -0.067119 1.354140
-0.439885 -0.116203 1.292418
-0.437547 -0.112024 1.270213
-0.544574 -0.055530 1.336594
-0.529230 -0.049135 1.330085
-0.715190 0.230253 1.180469
-0.718489 0.125330 1.194616
-0.444831 -0.078861 1.236259
-0.450901 -0.086179 1.237379
-0.467690 -0.053956 1.225036
-0.545311 -0.056882 1.273775
-0.638171 0.086005 1.175968
-0.715373 0.141927 1.219436
-0.707826 0.145525 1.218149
-0.418163 -0.003977 1.280989
-0.410897 0.002805 1.273139
-0.619678 0.097203 1.162867
-0.596337 0.123374 1.164245
-0.600590 0.081214 1.171470
-0.578682 0.105475 1.174246
-0.444831 -0.078861 1.236259
-0.727842 0.214096 1.170752
-0.463134 0.025244 1.365083
-0.715373 0.141927 1.219436
-0.709356 0.127690 1.195745
-0.707826 0.145525 1.218149
-0.496508 -0.101090 1.365136
-0.436938 0.040819 1.338416
-0.465886 -0.100210 1.327935
-0.602424 0.073025 1.314113
-0.447332 0.010120 1.243387
-0.742820 0.195117 1.172905
-0.467690 -0.053956 1.225036
-0.451858 -0.006857 1.233068
-0.447332 0.010120 1.243387
-0.429141 -0.017782 1.242217
-0.468452 -0.047219 1.242406
-0.640694 0.191966 1.224267
-0.636623 0.199356 1.230769
-0.629481 0.191772 1.216320
-0.693084 0.227174 1.210107
-0.439171 -0.036068 1.241149
-0.471313 0.042255 1.336807
-0.450998 0.029381 1.350128
-0.525599 -0.006772 1.201722
-0.614830 0.054627 1.301954
-0.477208 -0.077627 1.295902
-0.480775 -0.084995 1.291322
-0.579984 -0.005546 1.222021
-0.585699 -0.007132 1.229308
-0.572268 0.001608 1.222641
-0.590569 -0.001100 1.241249
-0.673466 0.087641 1.212863
-0.697692 0.115346 1.189587
-0.524711 0.095801 1.222828
-0.642748 0.054637 1.203848
-0.652340 0.080869 1.192309
-0.657820 0.074723 1.188696
-0.635743 0.059963 1.200534
-0.548153 0.015722 1.193905
-0.659045 0.079645 1.202797
-0.641161 0.060674 1.212583
-0.569567 0.142973 1.259971
-0.508744 0.087902 1.291385
-0.570783 0.137273 1.256955
-0.451381 0.039206 1.293855
-0.590569 -0.001100 1.241249
-0.478982 0.045985 1.333502
-0.669059 0.083811 1.205113
-0.560482 -0.009625 1.358155
-0.536223 -0.055326 1.327731
-0.617912 0.166421 1.164754
-0.625166 0.153471 1.154838
-0.423645 -0.028060 1.261843
-0.410914 -0.010184 1.258902
-0.572032 0.144644 1.229144
-0.578118 0.146717 1.245768
-0.554748 0.123925 1.204805
-0.640694 0.191966 1.224267
-0.464641 -0.000381 1.366914
-0.486349 -0.051120 1.238388
-0.599200 0.123924 1.166908
-0.622419 0.099225 1.164446
-0.610785 0.113298 1.160924
-0.548153 0.015722 1.193905
-0.525599 -0.006772 1.201722
-0.645950 0.059320 1.217426
-0.449738 -0.019546 1.248881
-0.437332 0.003248 1.264761
-0.439003 0.020458 1.292577
-0.471666 -0.042747 1.248381
-0.448204 -0.100786 1.301338
-0.481869 -0.088335 1.357125
-0.472995 -0.121800 1.339283
-0.503387 -0.095928 1.375059
-0.467202 -0.054143 1.223367
-0.447208 -0.069311 1.249982
-0.443771 -0.081448 1.232133
-0.468496 -0.047690 1.242473
-0.581889 -0.028937 1.309637
-0.570985 -0.021977 1.343261
-0.650893 0.043627 1.266461
-0.721123 0.231296 1.188739
-0.730854 0.151015 1.216498
-0.691488 0.200547 1.247084
-0.528927 0.032782 1.378933
-0.479290 0.013513 1.388680
-0.525843 0.076976 1.343634
-0.472995 -0.121800 1.339283
-0.525711 -0.087816 1.252361
-0.459454 -0.119970 1.298048
-0.413664 -0.098087 1.264564
-0.442048 0.033870 1.275176
-0.448108 0.010264 1.243940
-0.455395 -0.008152 1.222839
-0.425506 -0.086501 1.276947
-0.439780 -0.116366 1.292220
-0.542443 -0.086662 1.310462
-0.707884 0.144883 1.218995
-0.720389 0.129450 1.169755
-0.731567 0.194661 1.160080
-0.660797 0.206908 1.236327
-0.680264 0.186770 1.238297
-0.563080 -0.016968 1.349084
-0.561486 -0.009936 1.358020
-0.606564 0.012760 1.332243
-0.597042 -0.023500 1.284031
-0.549404 -0.083022 1.332961
-0.581702 -0.040381 1.336509
-0.540437 -0.080224 1.356871
-0.560534 -0.006669 1.369347
-0.488286 -0.008857 1.398631
-0.657283 0.228092 1.215594
-0.536774 -0.056544 1.327884
-0.497470 -0.084937 1.322197
-0.500314 -0.055343 1.368578
-0.473204 0.060412 1.341854
-0.657283 0.228092 1.215594
-0.709732 0.227601 1.176022
-0.721123 0.231296 1.188739
-0.529871 -0.049573 1.329687
-0.545957 -0.055414 1.337994
-0.635993 0.059648 1.200400
-0.546963 0.013156 1.189194
-0.579342 -0.000774 1.218621
-0.650748 0.111120 1.297422
-0.627829 0.155867 1.304608
-0.663616 0.112290 1.290329
-0.472995 -0.121800 1.339283
-0.459454 -0.119970 1.298048
-0.439780 -0.116366 1.292220
-0.602248 0.019510 1.315433
-0.629790 0.061068 1.294790
-0.624376 0.066776 1.294752
-0.413664 -0.098087 1.264564
-0.606564 0.012760 1.332243
-0.450992 0.029366 1.350117
-0.460146 0.023577 1.367280
-0.430426 0.028759 1.339961
-0.712150 0.163715 1.204329
-0.677427 0.148436 1.239038
-0.689393 0.196065 1.218799
-0.664524 0.163730 1.250232
-0.634727 0.060045 1.303977
-0.543378 -0.042502 1.283512
-0.530170 -0.042793 1.252849
-0.558336 -0.049704 1.260550
-0.606564 0.012760 1.332243
-0.616417 0.058171 1.311362
-0.471652 0.041627 1.337076
-0.481672 0.037791 1.346589
-0.462792 0.053477 1.327702
-0.636377 0.025088 1.224415
-0.663619 0.086752 1.200550
-0.622048 0.038070 1.222867
-0.745404 0.184685 1.162434
-0.720389 0.129450 1.169755
-0.606620 0.068645 1.313056
-0.639458 0.112230 1.300023
-0.601981 0.078803 1.324880
-0.655458 0.182090 1.284512
-0.640070 0.188256 1.267179
-0.659493 0.185894 1.265257
-0.425506 -0.086501 1.276947
-0.481601 -0.079585 1.270305
-0.448204 -0.100786 1.301338
-0.711997 0.104062 1.239263
-0.723582 0.140522 1.233552
-0.707825 0.118541 1.224561
-0.564211 -0.048216 1.280856
-0.701606 0.103116 1.218116
-0.720389 0.129450 1.169755
-0.745404 0.184685 1.162434
-0.731567 0.194661 1.160080
-0.526762 -0.047309 1.227553
-0.558336 -0.049704 1.260550
-0.528966 -0.008701 1.207749
-0.529264 -0.004060 1.211100
-0.552957 0.014157 1.195150
-0.579342 -0.000774 1.218621
-0.573479 -0.025392 1.250165
-0.590937 -0.001268 1.240993
-0.551471 0.018024 1.199050
-0.659240 0.214271 1.222172
-0.636742 0.199629 1.230055
-0.645105 0.179144 1.231908
-0.686761 0.191789 1.263473
-0.418129 -0.003969 1.281050
-0.437332 0.003248 1.264761
-0.423745 -0.028107 1.261907
-0.659493 0.185894 1.265257
-0.680146 0.190539 1.247255
-0.686761 0.191789 1.263473
-0.680146 0.190539 1.247255
-0.421288 0.012774 1.309888
-0.439003 0.020458 1.292577
-0.525629 -0.006574 1.201801
-0.481442 -0.040446 1.219865
-0.536904 -0.015677 1.210281
-0.501948 0.075307 1.245159
-0.487507 0.041502 1.217543
-0.520181 0.089247 1.218878
-0.443204 0.015952 1.349708
-0.642980 0.054587 1.203652
-0.652676 0.079123 1.191632
-0.658039 0.074607 1.188280
-0.465051 0.000848 1.368305
-0.483556 -0.024791 1.370500
-0.506967 -0.018338 1.359412
-0.500314 -0.055343 1.368578
-0.635993 0.059648 1.200400
-0.529437 -0.072968 1.343100
-0.488286 -0.008857 1.398631
-0.540437 -0.080224 1.356871
-0.661446 0.079114 1.202394
-0.483303 -0.008910 1.379840
-0.641778 0.060087 1.213512
-0.593699 0.123264 1.313461
-0.531151 0.030325 1.370015
-0.441502 -0.054900 1.260783
-0.471666 -0.042747 1.248381
-0.459680 -0.073460 1.272240
-0.449738 -0.019546 1.248881
-0.479351 -0.079588 1.296969
-0.494746 -0.070310 1.335430
-0.497470 -0.084937 1.322197
-0.661446 0.079114 1.202394
-0.641778 0.060087 1.213512
-0.652676 0.079123 1.191632
-0.589933 0.023069 1.326072
-0.580718 0.013328 1.332438
-0.581566 0.030973 1.355776
-0.531151 0.030325 1.370015
-0.599383 0.080205 1.166136
-0.579105 0.107040 1.171414
-0.455395 -0.008152 1.222839
-0.624958 0.036293 1.294796
-0.626855 0.052128 1.316753
-0.603442 0.069338 1.312671
-0.558732 0.046826 1.348977
-0.586557 0.041591 1.343799
-0.643856 0.098828 1.289012
-0.460146 0.023577 1.367280
-0.443204 0.015952 1.349708
-0.430426 0.028759 1.339961
-0.573479 -0.025392 1.250165
-0.545671 -0.057804 1.273299
-0.590937 -0.001268 1.240993
-0.500314 -0.055343 1.368578
-0.483556 -0.024791 1.370500
-0.480293 -0.006162 1.383425
-0.624593 0.154278 1.154406
-0.598963 0.124040 1.166217
-0.635850 0.141271 1.149394
-0.622064 0.098614 1.162677
-0.572047 0.119323 1.183846
-0.551120 0.121153 1.214630
-0.561486 -0.009936 1.358020
-0.602248 0.019510 1.315433
-0.666597 0.181868 1.236203
-0.723582 0.140522 1.233552
-0.707949 0.156761 1.225208
-0.696312 0.142989 1.212404
-0.606620 0.068645 1.313056
-0.548830 0.000862 1.355366
-0.577636 0.022054 1.353535
-0.616087 0.176625 1.243766
-0.598375 0.183620 1.256600
-0.563080 -0.016968 1.349084
-0.468496 -0.047690 1.242473
-0.526762 -0.047309 1.227553
-0.481703 0.067571 1.323380
-0.598375 0.183620 1.256600
-0.473204 0.060412 1.341854
-0.496632 0.081931 1.283543
-0.449391 0.042745 1.283201
-0.489145 0.073751 1.243371
-0.467202 -0.054143 1.223367
-0.710107 0.125398 1.196234
-0.707884 0.144883 1.218995
-0.458408 0.046418 1.304275
-0.710107 0.125398 1.196234
-0.596494 0.123308 1.164607
-0.622064 0.098614 1.162677
-0.591100 0.134929 1.177996
-0.423745 -0.028107 1.261907
-0.416563 -0.026095 1.250392
-0.409072 0.003643 1.272352
-0.497050 -0.004948 1.362680
-0.531051 -0.051564 1.335324
-0.437646 -0.057947 1.249098
-0.459680 -0.073460 1.272240
-0.464738 -0.063582 1.244735
-0.625000 0.163537 1.171488
-0.624593 0.154278 1.154406
-0.635850 0.141271 1.149394
-0.613532 0.188935 1.189234
-0.620855 0.066409 1.183159
-0.639388 0.085085 1.174681
-0.424175 0.028268 1.303723
-0.409072 0.003643 1.272352
-0.449391 0.042745 1.283201
-0.572221 0.134864 1.211107
-0.571999 0.144653 1.229148
-0.579518 0.146723 1.245089
-0.549404 -0.083022 1.332961
-0.546829 -0.052540 1.268498
-0.655458 0.182090 1.284512
-0.666532 0.126321 1.289135
-0.686761 0.191789 1.263473
-0.567890 0.130538 1.196901
-0.587459 0.165405 1.220019
-0.579518 0.146723 1.245089
-0.571999 0.144653 1.229148
-0.598229 0.169535 1.238116
-0.557150 0.008514 1.207297
-0.557857 -0.018013 1.228195
-0.536904 -0.015677 1.210281
-0.572047 0.119323 1.183846
-0.584348 0.149494 1.185942
-0.567890 0.130538 1.196901
-0.437347 -0.112559 1.270105
-0.413664 -0.098087 1.264564
-0.459454 -0.119970 1.298048
-0.465051 0.000848 1.368305
-0.598375 0.183620 1.256600
-0.640070 0.188256 1.267179
-0.669615 0.083218 1.206472
-0.667433 0.115411 1.152647
-0.652676 0.079123 1.191632
-0.505592 0.089203 1.305374
-0.513269 0.088305 1.284555
-0.576120 0.146685 1.265398
-0.697986 0.113035 1.190576
-0.416563 -0.026095 1.250392
-0.428867 -0.018117 1.240844
-0.409072 0.003643 1.272352
-0.613532 0.188935 1.189234
-0.630778 0.186549 1.221040
-0.623598 0.199894 1.220808
-0.546829 -0.052540 1.268498
-0.561887 -0.063463 1.269420
-0.650893 0.043627 1.266461
-0.636377 0.025088 1.224415
-0.561887 -0.063463 1.269420
-0.581889 -0.028937 1.309637
-0.570985 -0.021977 1.343261
-0.506540 -0.060183 1.287585
-0.546019 0.008596 1.366427
-0.556030 0.016295 1.350703
-0.586523 0.149085 1.187641
-0.588888 0.155738 1.204790
-0.591100 0.134929 1.177996
-0.590902 0.165928 1.219723
-0.709732 0.227601 1.176022
-0.657283 0.228092 1.215594
-0.680264 0.186770 1.238297
-0.441502 -0.054900 1.260783
-0.633468 0.178822 1.254194
-0.636742 0.199629 1.230055
-0.631095 0.117229 1.300235
-0.459680 -0.073460 1.272240
-0.437646 -0.057947 1.249098
-0.564211 -0.048216 1.280856
-0.530170 -0.042793 1.252849
-0.507504 -0.079736 1.307935
-0.642980 0.054587 1.203652
-0.661446 0.079114 1.202394
-0.658039 0.074607 1.188280
-0.692927 0.122921 1.220025
-0.543378 -0.042502 1.283512
-0.584348 0.149494 1.185942
-0.588888 0.155738 1.204790
-0.467202 -0.054143 1.223367
-0.443771 -0.081448 1.232133
-0.688411 0.072707 1.255878
-0.666462 0.091445 1.287429
-0.641911 0.094796 1.313929
-0.647479 0.108646 1.297208
-0.639458 0.112230 1.300023
-0.437347 -0.112559 1.270105
-0.683805 0.191560 1.209298
-0.673679 0.147111 1.228841
-0.708396 0.152923 1.193841
-0.463690 0.022408 1.347078
-0.652367 0.076953 1.306223
-0.545957 -0.055414 1.337994
-0.711997 0.104062 1.239263
-0.676012 0.114659 1.282456
-0.723582 0.140522 1.233552
-0.503387 -0.095928 1.375059
-0.546963 0.013156 1.189194
-0.525629 -0.006574 1.201801
-0.563080 -0.016968 1.349084
-0.639388 0.085085 1.174681
-0.622064 0.098614 1.162677
-0.599383 0.080205 1.166136
-0.623598 0.199894 1.220808
-0.607203 0.166529 1.254654
-0.598229 0.169535 1.238116
-0.540154 0.080387 1.329301
-0.413664 -0.098087 1.264564
-0.677701 0.073714 1.201212
-0.557857 -0.018013 1.228195
-0.507223 -0.058476 1.233203
-0.701606 0.103116 1.218116
-0.479351 -0.079588 1.296969
-0.518685 -0.054572 1.315382
-0.494746 -0.070310 1.335430
-0.707949 0.156761 1.225208
-0.723582 0.140522 1.233552
-0.418129 -0.003969 1.281050
-0.443657 0.023262 1.257668
-0.596494 0.123308 1.164607
-0.579105 0.107040 1.171414
-0.556030 0.016295 1.350703
-0.622064 0.098614 1.162677
-0.598963 0.124040 1.166217
-0.635993 0.059648 1.200400
-0.696312 0.142989 1.212404
-0.707949 0.156761 1.225208
-0.666597 0.181868 1.236203
-0.479349 0.045646 1.329205
-0.545957 -0.055414 1.337994
-0.424175 0.028268 1.303723
-0.458408 0.046418 1.304275
-0.590902 0.165928 1.219723
-0.677701 0.073714 1.201212
-0.449391 0.042745 1.283201
-0.526387 0.049216 1.355729
-0.624376 0.066776 1.294752
-0.644697 0.079941 1.292925
-0.683805 0.191560 1.209298
-0.689393 0.196065 1.218799
-0.659240 0.214271 1.222172
-0.479349 0.045646 1.329205
-0.473204 0.060412 1.341854
-0.479290 0.013513 1.388680
-0.529871 -0.049573 1.329687
-0.646492 0.115839 1.312518
-0.663619 0.086752 1.200550
-0.677701 0.073714 1.201212
-0.450992 0.029366 1.350117
-0.462792 0.053477 1.327702
-0.437026 0.040000 1.337931
-0.471652 0.041627 1.337076
-0.529871 -0.049573 1.329687
-0.481869 -0.088335 1.357125
-0.464738 -0.063582 1.244735
-0.455395 -0.008152 1.222839
-0.428867 -0.018117 1.240844
-0.487653 -0.050467 1.237935
-0.468496 -0.047690 1.242473
-0.481672 0.037791 1.346589
-0.437026 0.040000 1.337931
-0.462792 0.053477 1.327702
-0.572221 0.134864 1.211107
-0.579518 0.146723 1.245089
-0.460146 0.023577 1.367280
-0.636742 0.199629 1.230055
-0.471652 0.041627 1.337076
-0.447208 -0.069311 1.249982
-0.448108 0.010264 1.243940
-0.513269 0.088305 1.284555
-0.564599 0.131188 1.254475
-0.576120 0.146685 1.265398
-0.443657 0.023262 1.257668
-0.448108 0.010264 1.243940
-0.442048 0.033870 1.275176
-0.624958 0.036293 1.294796
-0.616706 0.027515 1.303048
-0.626855 0.052128 1.316753
-0.540406 -0.011787 1.217012
-0.533794 -0.005835 1.214507
-0.708396 0.152923 1.193841
-0.714687 0.135992 1.191734
-0.712150 0.163715 1.204329
-0.455964 0.053448 1.315475
-0.431429 0.037251 1.325698
-0.437026 0.040000 1.337931
-0.460146 0.023577 1.367280
-0.450992 0.029366 1.350117
-0.513269 0.088305 1.284555
-0.489145 0.073751 1.243371
-0.501948 0.075307 1.245159
-0.500314 -0.055343 1.368578
-0.421288 0.012774 1.309888
-0.551471 0.018024 1.199050
-0.529264 -0.004060 1.211100
-0.552957 0.014157 1.195150
-0.551120 0.121153 1.214630
-0.528966 -0.008701 1.207749
-0.612054 0.071136 1.327307
-0.577636 0.022054 1.353535
-0.424175 0.028268 1.303723
-0.680146 0.190539 1.247255
-0.455395 -0.008152 1.222839
-0.487653 -0.050467 1.237935
-0.481442 -0.040446 1.219865
-0.659240 0.214271 1.222172
-0.618188 0.062759 1.185810
-0.617853 0.067718 1.186189
-0.612380 0.068671 1.178325
-0.618635 0.029761 1.232367
-0.614166 0.069691 1.183636
-0.613532 0.188935 1.189234
-0.586523 0.149085 1.187641
-0.553794 0.013900 1.203589
-0.526387 0.049216 1.355729
-0.593699 0.123264 1.313461
-0.540154 0.080387 1.329301
-0.553794 0.013900 1.203589
-0.562035 -0.023144 1.239908
-0.540406 -0.011787 1.217012
-0.557775 -0.017085 1.232457
-0.548830 0.000862 1.355366
-0.644697 0.079941 1.292925
-0.661221 0.078377 1.291553
-0.624376 0.066776 1.294752
-0.557775 -0.017085 1.232457
-0.575964 -0.002362 1.222073
-0.540406 -0.011787 1.217012
-0.566743 0.005791 1.213130
-0.557150 0.008514 1.207297
-0.579342 -0.000774 1.218621
-0.546963 0.013156 1.189194
-0.442048 0.033870 1.275176
-0.554161 0.000088 1.363491
-0.688411 0.072707 1.255878
-0.650893 0.043627 1.266461
-0.449191 0.043014 1.290035
-0.447954 0.038044 1.281015
-0.424205 0.023132 1.298493
-0.723582 0.140522 1.233552
-0.696312 0.142989 1.212404
-0.639388 0.085085 1.174681
-0.647334 0.085364 1.178076
-0.554161 0.000088 1.363491
-0.526387 0.049216 1.355729
-0.655165 0.090130 1.284698
-0.666056 0.095369 1.290261
-0.635482 0.088216 1.171323
-0.566743 0.005791 1.213130
-0.560594 0.009959 1.208574
-0.560594 0.009959 1.208574
-0.551471 0.018024 1.199050
-0.552957 0.014157 1.195150
-0.556030 0.016295 1.350703
-0.575964 -0.002362 1.222073
-0.449391 0.042745 1.283201
-0.584320 -0.000868 1.228925
-0.676012 0.114659 1.282456
-0.663616 0.112290 1.290329
-0.666532 0.126321 1.289135
-0.528966 -0.008701 1.207749
-0.529264 -0.004060 1.211100
-0.533794 -0.005835 1.214507
-0.528966 -0.008701 1.207749
-0.533794 -0.005835 1.214507
-0.540406 -0.011787 1.217012
-0.576120 0.146685 1.265398
-0.560594 0.009959 1.208574
-0.553794 0.013900 1.203589
-0.551471 0.018024 1.199050
-0.587459 0.165405 1.220019
-0.598229 0.169535 1.238116
-0.616087 0.176625 1.243766
-0.615351 0.047264 1.325889
-0.561887 -0.063463 1.269420
-0.603442 0.069338 1.312671
-0.562035 -0.023144 1.239908
-0.584320 -0.000868 1.228925
-0.575964 -0.002362 1.222073
-0.598229 0.169535 1.238116
-0.536991 -0.040652 1.349688
-0.625000 0.163537 1.171488
-0.635850 0.141271 1.149394
-0.641463 0.138605 1.211677
-0.630778 0.186549 1.221040
-0.613532 0.188935 1.189234
-0.463690 0.022408 1.347078
-0.506967 -0.018338 1.359412
-0.455964 0.053448 1.315475
-0.431429 0.037251 1.325698
-0.714687 0.135992 1.191734
-0.501948 0.075307 1.245159
-0.520181 0.089247 1.218878
-0.551120 0.121153 1.214630
-0.560594 0.009959 1.208574
-0.457243 0.048640 1.315193
-0.435396 0.035106 1.329216
-0.449191 0.043014 1.290035
-0.424205 0.023132 1.298493
-0.627829 0.155867 1.304608
-0.615351 0.047264 1.325889
-0.616706 0.027515 1.303048
-0.597348 0.059137 1.320985
-0.714687 0.135992 1.191734
-0.697986 0.113035 1.190576
-0.575964 -0.002362 1.222073
-0.584320 -0.000868 1.228925
-0.562035 -0.023144 1.239908
-0.558732 0.046826 1.348977
-0.581566 0.030973 1.355776
-0.580718 0.013328 1.332438
-0.480293 -0.006162 1.383425
-0.640246 0.052204 1.205884
-0.653845 0.075627 1.188579
-0.618188 0.062759 1.185810
-0.647334 0.085364 1.178076
-0.620855 0.066409 1.183159
-0.518685 -0.054572 1.315382
-0.506540 -0.060183 1.287585
-0.562035 -0.023144 1.239908
-0.673679 0.147111 1.228841
-0.645105 0.179144 1.231908
-0.667433 0.115411 1.152647
-0.697986 0.113035 1.190576
-0.449191 0.043014 1.290035
-0.424205 0.023132 1.298493
-0.447954 0.038044 1.281015
-0.630778 0.186549 1.221040
-0.652676 0.079123 1.191632
-0.576120 0.146685 1.265398
-0.607203 0.166529 1.254654
-0.502767 0.073545 1.245403
-0.565866 0.130469 1.255210
-0.513869 0.087533 1.285477
-0.555132 0.116830 1.215355
-0.540406 -0.011787 1.217012
-0.533794 -0.005835 1.214507
-0.553794 0.013900 1.203589
-0.597348 0.059137 1.320985
-0.471652 0.041627 1.337076
-0.669615 0.083218 1.206472
-0.553794 0.013900 1.203589
-0.560594 0.009959 1.208574
-0.552957 0.014157 1.195150
-0.660797 0.206908 1.236327
-0.655165 0.090130 1.284698
-0.666056 0.095369 1.290261
-0.584320 -0.000868 1.228925
-0.424205 0.023132 1.298493
-0.435396 0.035106 1.329216
-0.449191 0.043014 1.290035
-0.572047 0.119323 1.183846
-0.457243 0.048640 1.315193
-0.641778 0.060087 1.213512
-0.507223 -0.058476 1.233203
-0.480293 -0.006162 1.383425
-0.666056 0.095369 1.290261
-0.655165 0.090130 1.284698
-0.449738 -0.019546 1.248881
-0.437332 0.003248 1.264761
-0.439056 0.020095 1.292582
-0.470294 -0.041955 1.250047
-0.462844 -0.023516 1.229807
-0.486916 -0.050958 1.237171
-0.468694 -0.023300 1.230707
-0.493651 -0.046594 1.233450
-0.480499 0.037260 1.345938
-0.471355 0.042201 1.336780
-0.479696 0.045065 1.333027
-0.469418 0.046864 1.321362
-0.583083 -0.029080 1.310240
-0.603845 0.016253 1.314600
-0.649489 0.044000 1.264643
-0.573721 -0.032491 1.331230
-0.529274 0.032764 1.378910
-0.475124 0.036766 1.366120
-0.521911 0.054376 1.361340
-0.555629 -0.017213 1.230235
-0.540154 -0.010820 1.215410
-0.558085 -0.024103 1.229712
-0.537688 -0.015849 1.209456
-0.447377 0.031316 1.276569
-0.447336 0.010102 1.243400
-0.448772 0.021221 1.256579
-0.451603 0.006557 1.242640
-0.452074 -0.006700 1.233879
-0.457892 -0.007344 1.235114
-0.480385 0.013312 1.388148
-0.581874 -0.039874 1.336612
-0.555333 -0.074405 1.301803
-0.549237 -0.081970 1.332913
-0.587649 -0.036536 1.308634
-0.540564 -0.079222 1.355308
-0.560524 -0.006672 1.369347
-0.515197 -0.045086 1.379744
-0.475614 0.059153 1.341506
-0.526145 0.076783 1.343568
-0.536731 -0.056332 1.327782
-0.496920 -0.082108 1.320849
-0.501408 -0.076318 1.338763
-0.488504 -0.007762 1.397050
-0.555957 0.063614 1.177290
-0.568992 0.049567 1.177928
-0.600488 0.081107 1.171821
-0.635739 0.059966 1.200554
-0.561027 0.007130 1.199733
-0.579082 -0.001091 1.218782
-0.650545 0.111092 1.296749
-0.646169 0.129818 1.296025
-0.653318 0.121881 1.290519
-0.504103 0.011646 1.200714
-0.541213 0.020336 1.190842
-0.639314 0.141860 1.159803
-0.635470 0.140490 1.150553
-0.651395 0.131388 1.158551
-0.649569 0.127886 1.149020
-0.461510 0.022974 1.365268
-0.453434 0.017725 1.367123
-0.450992 0.029366 1.350117
-0.430425 0.028730 1.339961
-0.711976 0.163678 1.204387
-0.677287 0.148509 1.238842
-0.689393 0.196065 1.218799
-0.663974 0.162992 1.248723
-0.624778 0.163527 1.171525
-0.619995 0.181043 1.192331
-0.614129 0.177632 1.177149
-0.613640 0.187201 1.190643
-0.664315 0.098047 1.287140
-0.659749 0.112330 1.285313
-0.666913 0.103894 1.279685
-0.471355 0.042201 1.336780
-0.480499 0.037260 1.345938
-0.462670 0.053606 1.327874
-0.628797 0.030964 1.219925
-0.663551 0.086752 1.201684
-0.623361 0.038629 1.226242
-0.672294 0.079698 1.198050
-0.418873 0.009305 1.267423
-0.424080 0.028736 1.298397
-0.426694 0.027067 1.303194
-0.655377 0.182445 1.284733
-0.648224 0.183326 1.269866
-0.659404 0.186271 1.265490
-0.447377 0.031316 1.276569
-0.451382 0.039184 1.293844
-0.446594 0.043202 1.288011
-0.712317 0.103855 1.239178
-0.723131 0.140321 1.233860
-0.708046 0.118397 1.224502
-0.718872 0.145626 1.226978
-0.703225 0.107490 1.225875
-0.637792 0.090524 1.170934
-0.622296 0.099165 1.164340
-0.633858 0.085408 1.168743
-0.619549 0.097139 1.162613
-0.568933 -0.025292 1.238513
-0.572762 -0.024106 1.250914
-0.585718 -0.007133 1.229278
-0.590891 -0.001207 1.240678
-0.635739 0.059966 1.200554
-0.642721 0.054636 1.203844
-0.638877 0.056586 1.198631
-0.712512 0.145400 1.221658
-0.708046 0.118397 1.224502
-0.718872 0.145626 1.226978
-0.685104 0.190902 1.262163
-0.418357 -0.004050 1.281161
-0.437332 0.003248 1.264761
-0.419117 -0.014950 1.269475
-0.659404 0.186271 1.265490
-0.680024 0.190192 1.247434
-0.685298 0.191505 1.253774
-0.643889 0.183483 1.259264
-0.680024 0.190192 1.247434
-0.423288 0.012044 1.309539
-0.439056 0.020095 1.292582
-0.714298 0.135852 1.191739
-0.707429 0.139055 1.191244
-0.704935 0.123002 1.192878
-0.698120 0.129458 1.195000
-0.435356 0.016859 1.336467
-0.446143 0.025121 1.321519
-0.694034 0.182542 1.247191
-0.464644 -0.000380 1.366906
-0.483556 -0.024791 1.370500
-0.484520 0.003524 1.359668
-0.495183 -0.050976 1.359312
-0.504537 -0.019654 1.358310
-0.506970 -0.042264 1.364563
-0.488504 -0.007762 1.397050
-0.515197 -0.045086 1.379744
-0.530097 -0.072300 1.342926
-0.540564 -0.079222 1.355308
-0.484821 -0.077758 1.309091
-0.479317 -0.079409 1.296968
-0.505450 -0.059556 1.288908
-0.694034 0.182542 1.247191
-0.685104 0.190902 1.262163
-0.685298 0.191505 1.253774
-0.572747 0.058720 1.339479
-0.555512 -0.001359 1.353827
-0.540343 0.019116 1.365699
-0.441502 -0.054900 1.260783
-0.470294 -0.041955 1.250047
-0.459580 -0.071310 1.272770
-0.423920 -0.028174 1.262095
-0.449738 -0.019546 1.248881
-0.484821 -0.077758 1.309091
-0.494734 -0.070247 1.335430
-0.496920 -0.082108 1.320849
-0.588419 0.037527 1.327067
-0.664315 0.098047 1.287140
-0.667127 0.090728 1.288361
-0.659868 0.095921 1.290723
-0.616491 0.194250 1.205829
-0.540343 0.019116 1.365699
-0.570544 0.022608 1.343408
-0.607405 0.068456 1.314113
-0.580504 0.045048 1.331731
-0.602008 0.073730 1.314894
-0.628312 0.084068 1.295699
-0.645173 0.061524 1.283168
-0.453434 0.017725 1.367123
-0.443967 0.014680 1.348932
-0.430425 0.028730 1.339961
-0.495183 -0.050976 1.359312
-0.483556 -0.024791 1.370500
-0.496827 -0.038318 1.375863
-0.477611 -0.006660 1.380807
-0.625438 0.153385 1.155773
-0.600361 0.125914 1.164409
-0.635470 0.140490 1.150553
-0.610753 0.113284 1.160909
-0.487566 0.041431 1.217596
-0.572764 0.118611 1.184006
-0.520150 0.089277 1.218796
-0.554333 0.124102 1.205036
-0.666618 0.182287 1.236336
-0.712512 0.145400 1.221658
-0.707158 0.155891 1.225940
-0.695987 0.142860 1.212737
-0.548493 0.001191 1.355402
-0.576984 0.021726 1.351704
-0.616091 0.176713 1.243795
-0.600241 0.179327 1.255696
-0.584649 0.009452 1.331245
-0.556699 -0.011891 1.347744
-0.573948 -0.005950 1.340353
-0.461510 0.022974 1.365268
-0.476253 0.013371 1.373663
-0.483799 0.004200 1.374919
-0.583083 -0.029080 1.310240
-0.573721 -0.032491 1.331230
-0.481960 0.067214 1.323427
-0.599930 0.180951 1.264019
-0.482156 0.070218 1.331225
-0.668776 0.085384 1.205116
-0.664782 0.082465 1.197411
-0.651397 0.082399 1.183186
-0.600241 0.179327 1.255696
-0.451382 0.039184 1.293844
-0.426694 0.027067 1.303194
-0.446594 0.043202 1.288011
-0.424080 0.028736 1.298397
-0.632571 0.186775 1.270336
-0.640174 0.185800 1.265693
-0.599930 0.180951 1.264019
-0.423920 -0.028174 1.262095
-0.417154 -0.026126 1.250643
-0.419117 -0.014950 1.269475
-0.411560 -0.010106 1.259391
-0.497050 -0.004948 1.362680
-0.531051 -0.051564 1.335324
-0.437646 -0.057947 1.249098
-0.459913 -0.078240 1.263549
-0.465133 -0.062320 1.245758
-0.440612 -0.035126 1.239282
-0.428862 -0.017908 1.242204
-0.417154 -0.026126 1.250643
-0.555333 -0.074405 1.301803
-0.535660 -0.071781 1.330657
-0.549237 -0.081970 1.332913
-0.652327 0.080736 1.192306
-0.620872 0.066773 1.183235
-0.638167 0.085927 1.175955
-0.638716 0.112286 1.298931
-0.649024 0.115421 1.302718
-0.645965 0.115001 1.310868
-0.546825 -0.052044 1.269146
-0.655377 0.182445 1.284733
-0.666404 0.126400 1.288797
-0.647450 0.135250 1.300768
-0.685921 0.166843 1.268774
-0.568423 -0.050273 1.260727
-0.635405 0.025925 1.225122
-0.415783 0.022524 1.307177
-0.426694 0.027067 1.303194
-0.547566 0.016154 1.194391
-0.572415 0.001556 1.222376
-0.556452 0.008714 1.207363
-0.555629 -0.017213 1.230235
-0.540154 -0.010820 1.215410
-0.572764 0.118611 1.184006
-0.588690 0.137473 1.174854
-0.567890 0.130538 1.196901
-0.584490 0.149284 1.186280
-0.591403 0.165673 1.219712
-0.587919 0.148690 1.188371
-0.589069 0.160073 1.201636
-0.599930 0.180951 1.264019
-0.632571 0.186775 1.270336
-0.614737 0.166208 1.252756
-0.598657 0.168977 1.237838
-0.611781 0.170645 1.254955
-0.482156 0.070218 1.331225
-0.505221 0.089223 1.306260
-0.506380 0.090360 1.296172
-0.575699 0.147422 1.264988
-0.569576 0.142851 1.260032
-0.411560 -0.010106 1.259391
-0.599109 -0.023946 1.285353
-0.601603 -0.004635 1.279914
-0.559117 -0.037688 1.262412
-0.646595 0.032426 1.251164
-0.635405 0.025925 1.225122
-0.568423 -0.050273 1.260727
-0.561818 -0.060913 1.271959
-0.570369 -0.021876 1.341628
-0.449506 0.042301 1.283142
-0.472170 0.058840 1.316140
-0.459479 0.045717 1.303888
-0.469418 0.046864 1.321362
-0.477611 -0.006660 1.380807
-0.483799 0.004200 1.374919
-0.509347 -0.031693 1.371221
-0.485963 0.016698 1.367975
-0.483799 0.004200 1.374919
-0.476253 0.013371 1.373663
-0.657281 0.086138 1.283947
-0.667127 0.090728 1.288361
-0.666650 0.089427 1.282600
-0.639600 0.096393 1.307736
-0.649723 0.106755 1.304672
-0.646807 0.108431 1.297411
-0.643504 0.121162 1.301995
-0.630967 0.117236 1.299904
-0.577561 0.003263 1.352736
-0.560601 -0.009760 1.358164
-0.568083 0.002293 1.345819
-0.571442 0.029431 1.357791
-0.564420 0.030599 1.348678
-0.602348 0.078414 1.324751
-0.602008 0.073730 1.314894
-0.643984 0.099051 1.288692
-0.459580 -0.071310 1.272770
-0.437646 -0.057947 1.249098
-0.441502 -0.054900 1.260783
-0.636391 0.113524 1.298439
-0.655769 0.123275 1.296187
-0.666404 0.126400 1.288797
-0.653318 0.121881 1.290519
-0.642721 0.054636 1.203844
-0.664686 0.075053 1.204358
-0.662480 0.071969 1.193234
-0.555512 -0.001359 1.353827
-0.687638 0.134174 1.228383
-0.584490 0.149284 1.186280
-0.591197 0.135019 1.177975
-0.588888 0.155738 1.204790
-0.633544 0.178674 1.254139
-0.659339 0.194025 1.237411
-0.664782 0.082465 1.197411
-0.668776 0.085384 1.205116
-0.697493 0.115593 1.189428
-0.679268 0.091789 1.275334
-0.657576 0.081157 1.278623
-0.486922 0.067077 1.241217
-0.447232 0.019942 1.249580
-0.672240 0.094171 1.275032
-0.671620 0.102161 1.283501
-0.579984 -0.005545 1.222021
-0.684000 0.191495 1.209864
-0.673468 0.147691 1.228195
-0.708318 0.152696 1.193992
-0.462821 0.020065 1.345823
-0.443967 0.014680 1.348932
-0.647450 0.135250 1.300768
-0.612155 0.106552 1.309207
-0.655769 0.123275 1.296187
-0.712317 0.103855 1.239178
-0.675741 0.114734 1.281915
-0.723131 0.140321 1.233860
-0.679268 0.091789 1.275334
-0.592330 0.122885 1.310428
-0.627163 0.155767 1.303191
-0.601603 -0.004635 1.279914
-0.649489 0.044000 1.264643
-0.643971 0.040774 1.253046
-0.685298 0.191505 1.253774
-0.418873 0.009305 1.267423
-0.410438 0.002885 1.273173
-0.540154 0.080387 1.329301
-0.640174 0.185800 1.265693
-0.677339 0.073821 1.202070
-0.558085 -0.024103 1.229712
-0.527381 -0.056509 1.245734
-0.572762 -0.024106 1.250914
-0.580496 -0.006368 1.349486
-0.603727 0.018251 1.334457
-0.605009 0.013056 1.330130
-0.699171 0.094753 1.217073
-0.611781 0.170645 1.254955
-0.636623 0.199356 1.230769
-0.707158 0.155891 1.225940
-0.712638 0.157142 1.232263
-0.633858 0.085408 1.168743
-0.637792 0.090524 1.170934
-0.712638 0.157142 1.232263
-0.718872 0.145626 1.226978
-0.418873 0.009305 1.267423
-0.443800 0.023055 1.257828
-0.687296 0.072734 1.255062
-0.556486 0.016333 1.351473
-0.516922 -0.054706 1.315207
-0.516065 -0.041768 1.341892
-0.494734 -0.070247 1.335430
-0.556699 -0.011891 1.347744
-0.584649 0.009452 1.331245
-0.695987 0.142860 1.212737
-0.707158 0.155891 1.225940
-0.666618 0.182287 1.236336
-0.480469 0.046408 1.330447
-0.472870 0.054460 1.334840
-0.491110 0.058565 1.322373
-0.677339 0.073821 1.202070
-0.623734 0.199448 1.220971
-0.598657 0.168977 1.237838
-0.616491 0.194250 1.205829
-0.591403 0.165673 1.219712
-0.537688 -0.015849 1.209456
-0.481355 -0.040569 1.219786
-0.506224 -0.057025 1.234033
-0.579497 0.107238 1.172860
-0.526387 0.049216 1.355729
-0.625293 0.066507 1.295396
-0.655218 0.091271 1.297872
-0.629043 0.067597 1.309087
-0.652796 0.075928 1.305805
-0.496605 0.081956 1.283556
-0.489852 0.073447 1.243681
-0.478087 0.024720 1.351416
-0.472870 0.054460 1.334840
-0.475124 0.036766 1.366120
-0.480469 0.046408 1.330447
-0.484218 -0.008331 1.379841
-0.635738 0.104389 1.319465
-0.631763 0.102881 1.305573
-0.525693 0.095149 1.222729
-0.475614 0.059153 1.341506
-0.699171 0.094753 1.217073
-0.672294 0.079698 1.198050
-0.677339 0.073821 1.202070
-0.699717 0.103621 1.218061
-0.676908 0.116615 1.172440
-0.665732 0.121611 1.162588
-0.680223 0.110414 1.165889
-0.666529 0.116357 1.154137
-0.528883 0.029092 1.367147
-0.643971 0.040774 1.253046
-0.699717 0.103621 1.218061
-0.692062 0.121468 1.190690
-0.697493 0.115593 1.189428
-0.572316 0.134770 1.211120
-0.580616 0.146837 1.244574
-0.568524 -0.018866 1.249035
-0.568933 -0.025292 1.238513
-0.555629 -0.017213 1.230235
-0.588704 0.148590 1.263917
-0.509482 0.079434 1.310473
-0.500530 0.079874 1.302931
-0.513344 0.088188 1.284522
-0.564792 0.130552 1.254554
-0.509426 0.086543 1.291993
-0.570782 0.137273 1.256955
-0.647157 0.117720 1.304228
-0.643504 0.121162 1.301995
-0.650545 0.111092 1.296749
-0.667127 0.090728 1.288361
-0.657281 0.086138 1.283947
-0.659868 0.095921 1.290723
-0.667127 0.090728 1.288361
-0.666650 0.089427 1.282600
-0.657281 0.086138 1.283947
-0.588690 0.137473 1.174854
-0.596711 0.123214 1.164878
-0.607237 0.110472 1.166935
-0.659868 0.095921 1.290723
-0.525693 0.095149 1.222729
-0.554333 0.124102 1.205036
-0.556787 0.119598 1.206362
-0.493685 0.066010 1.234855
-0.525693 0.095149 1.222729
-0.495333 0.068754 1.240805
-0.520150 0.089277 1.218796
-0.493685 0.066010 1.234855
-0.506380 0.090360 1.296172
-0.489852 0.073447 1.243681
-0.509426 0.086543 1.291993
-0.495333 0.068754 1.240805
-0.646359 0.071155 1.281381
-0.569576 0.142851 1.260032
-0.570782 0.137273 1.256955
-0.562859 0.127272 1.228153
-0.556787 0.119598 1.206362
-0.562859 0.127272 1.228153
-0.554206 0.117559 1.215852
-0.562859 0.127272 1.228153
-0.502442 0.074812 1.245505
-0.680024 0.190192 1.247434
-0.671620 0.102161 1.283501
-0.666913 0.103894 1.279685
-0.675741 0.114734 1.281915
-0.659149 0.212662 1.222181
-0.671620 0.102161 1.283501
-0.583083 -0.029080 1.310240
-0.613640 0.187201 1.190643
-0.589069 0.160073 1.201636
-0.598248 0.165382 1.237448
-0.598657 0.168977 1.237838
-0.606833 0.166812 1.253974
-0.614737 0.166208 1.252756
-0.528883 0.029092 1.367147
-0.526387 0.049216 1.355729
-0.592330 0.122885 1.310428
-0.540154 0.080387 1.329301
-0.554333 0.124102 1.205036
-0.556787 0.119598 1.206362
-0.587919 0.148690 1.188371
-0.591197 0.135019 1.177975
-0.602811 0.125525 1.168710
-0.607237 0.110472 1.166935
-0.546825 -0.052044 1.269146
-0.561818 -0.060913 1.271959
-0.435356 0.016859 1.336467
-0.580616 0.146837 1.244574
-0.578854 0.149940 1.247781
-0.588704 0.148590 1.263917
-0.598248 0.165382 1.237448
-0.606833 0.166812 1.253974
-0.594849 0.169256 1.238536
-0.571999 0.144653 1.229148
-0.598507 0.024255 1.318307
-0.584649 0.009452 1.331245
-0.603360 0.019651 1.317356
-0.554161 0.000088 1.363491
-0.687296 0.072734 1.255062
-0.480385 0.013312 1.388148
-0.481501 0.003467 1.374383
-0.712512 0.145400 1.221658
-0.695987 0.142860 1.212737
-0.708318 0.152696 1.193992
-0.711976 0.163678 1.204387
-0.684000 0.191495 1.209864
-0.689393 0.196065 1.218799
-0.475614 0.059153 1.341506
-0.526387 0.049216 1.355729
-0.644990 0.079016 1.292502
-0.661172 0.078409 1.291669
-0.655118 0.090085 1.284897
-0.666555 0.093534 1.289632
-0.666404 0.126400 1.288797
-0.620872 0.066773 1.183235
-0.616917 0.067659 1.178209
-0.600488 0.081107 1.171821
-0.525630 -0.006469 1.201833
-0.675741 0.114734 1.281915
-0.635425 0.059384 1.303689
-0.666404 0.126400 1.288797
-0.663102 0.205083 1.215207
-0.659149 0.212662 1.222181
-0.636623 0.199356 1.230769
-0.556745 0.007053 1.201161
-0.459913 -0.078240 1.263549
-0.570369 -0.021876 1.341628
-0.587462 0.165387 1.220011
-0.616091 0.176713 1.243795
-0.663551 0.086752 1.201684
-0.587919 0.148690 1.188371
-0.602811 0.125525 1.168710
-0.593376 0.138628 1.174070
-0.600361 0.125914 1.164409
-0.561818 -0.060913 1.271959
-0.655118 0.090085 1.284897
-0.662484 0.087242 1.284066
-0.643504 0.121162 1.301995
-0.650545 0.111092 1.296749
-0.636391 0.113524 1.298439
-0.647157 0.117720 1.304228
-0.591403 0.165673 1.219712
-0.588888 0.155738 1.204790
-0.536235 -0.040665 1.348364
-0.502106 -0.053980 1.367227
-0.583992 0.000048 1.240343
-0.585718 -0.007133 1.229278
-0.590891 -0.001207 1.240678
-0.489036 -0.054888 1.264473
-0.655769 0.123275 1.296187
-0.462670 0.053606 1.327874
-0.457816 0.048558 1.316249
-0.435578 0.037507 1.331849
-0.431665 0.037819 1.325696
-0.692673 0.123139 1.219454
-0.714298 0.135852 1.191739
-0.704935 0.123002 1.192878
-0.495333 0.068754 1.240805
-0.627163 0.155767 1.303191
-0.604356 0.051738 1.318661
-0.616698 0.027550 1.302927
-0.597476 0.059271 1.321482
-0.615117 0.035349 1.309660
-0.707429 0.139055 1.191244
-0.698120 0.129458 1.195000
-0.685486 0.124836 1.211085
-0.574911 0.046791 1.342213
-0.568938 0.053791 1.345283
-0.573900 0.046787 1.339941
-0.663102 0.205083 1.215207
-0.645212 0.179120 1.232750
-0.580882 0.013259 1.332815
-0.566973 0.038108 1.347810
-0.578187 0.022698 1.339930
-0.655118 0.090085 1.284897
-0.644990 0.079016 1.292502
-0.559073 0.046022 1.350557
-0.496827 -0.038318 1.375863
-0.713726 0.150955 1.197573
-0.635915 0.057936 1.197919
-0.653879 0.075606 1.188563
-0.618232 0.062725 1.185797
-0.639182 0.085053 1.173281
-0.623221 0.170685 1.185219
-0.624778 0.163527 1.171525
-0.628381 0.156531 1.170502
-0.619995 0.181043 1.192331
-0.422293 0.023333 1.290324
-0.419813 0.021540 1.290426
-0.420830 0.021628 1.287914
-0.540902 -0.012139 1.216056
-0.561506 -0.023220 1.240617
-0.558303 -0.019178 1.229766
-0.629473 0.191770 1.216333
-0.630368 0.186458 1.221444
-0.640694 0.191965 1.224267
-0.629473 0.191770 1.216333
-0.630368 0.186458 1.221444
-0.665732 0.121611 1.162588
-0.661555 0.120745 1.166943
-0.651395 0.131388 1.158551
-0.643654 0.135808 1.162067
-0.639314 0.141860 1.159803
-0.639314 0.141860 1.159803
-0.643654 0.135808 1.162067
-0.676908 0.116615 1.172440
-0.692062 0.121468 1.190690
-0.675372 0.115423 1.179648
-0.428503 0.024017 1.302947
-0.426744 0.023232 1.305864
-0.432553 0.027487 1.310604
-0.684097 0.116595 1.195649
-0.643654 0.135808 1.162067
-0.661555 0.120745 1.166943
-0.641445 0.138829 1.211363
-0.578854 0.149940 1.247781
-0.594849 0.169256 1.238536
-0.588704 0.148590 1.263917
-0.606833 0.166812 1.253974
-0.502767 0.073545 1.245403
-0.565866 0.130469 1.255210
-0.513869 0.087533 1.285477
-0.555132 0.116830 1.215355
-0.711704 0.196561 1.225668
-0.719856 0.228931 1.187949
-0.741099 0.194720 1.171219
-0.611999 0.060365 1.312101
-0.597476 0.059271 1.321482
-0.603648 0.069380 1.312896
-0.580504 0.045048 1.331731
-0.604356 0.051738 1.318661
-0.459479 0.045717 1.303888
-0.426583 0.021036 1.295367
-0.457028 -0.008751 1.226775
-0.451214 0.006119 1.237029
-0.457892 -0.007344 1.235114
-0.451603 0.006557 1.242640
-0.447232 0.019942 1.249580
-0.448772 0.021221 1.256579
-0.447712 0.031712 1.265601
-0.447377 0.031316 1.276569
-0.449506 0.042301 1.283142
-0.451382 0.039184 1.293844
-0.459479 0.045717 1.303888
-0.422734 0.017871 1.290889
-0.506224 -0.057025 1.234033
-0.481355 -0.040569 1.219786
-0.493651 -0.046594 1.233450
-0.425126 0.019365 1.290679
-0.454008 0.042331 1.291515
-0.449403 0.037194 1.283278
-0.451470 0.040031 1.290932
-0.480499 0.037260 1.345938
-0.461510 0.022974 1.365268
-0.447129 0.040560 1.276046
-0.645952 0.059320 1.217426
-0.657208 0.074644 1.188624
-0.658677 0.075158 1.192793
-0.652327 0.080736 1.192306
-0.448177 0.035698 1.278678
-0.447883 0.035461 1.275466
-0.452580 0.041771 1.299726
-0.433862 0.036069 1.322920
-0.455016 0.047076 1.313130
-0.641162 0.060674 1.212583
-0.645952 0.059320 1.217426
-0.642721 0.054636 1.203844
-0.567890 0.130538 1.196901
-0.572316 0.134770 1.211120
-0.572764 0.118611 1.184006
-0.436217 0.033940 1.333762
-0.460956 0.051875 1.320643
-0.575529 -0.002277 1.220737
-0.584679 -0.000905 1.228602
-0.566730 0.005648 1.212881
-0.456435 0.048596 1.317864
-0.658896 0.079626 1.202779
-0.664686 0.075053 1.204358
-0.662480 0.071969 1.193234
-0.563575 -0.016839 1.349587
-0.431358 0.028179 1.310137
-0.425926 0.027308 1.306655
-0.427083 0.025229 1.312546
-0.657677 0.096245 1.289275
-0.683147 0.227148 1.198853
-0.660483 0.204032 1.230203
-0.680789 0.187263 1.238110
-0.659636 0.222975 1.213300
-0.629833 0.061043 1.294805
-0.424400 0.026015 1.297847
-0.423521 0.024896 1.294707
-0.557591 0.009771 1.202479
-0.561218 0.007941 1.205615
-0.553078 0.015069 1.195572
-0.668776 0.085384 1.205116
-0.658896 0.079626 1.202779
-0.426744 0.023232 1.305864
-0.422734 0.017871 1.290889
-0.419813 0.021540 1.290426
-0.651397 0.082399 1.183186
-0.537271 -0.010288 1.213117
-0.528839 -0.008795 1.208145
-0.540902 -0.012139 1.216056
-0.530776 -0.007269 1.207515
-0.534886 -0.009057 1.210834
-0.447129 0.040560 1.276046
-0.454008 0.042331 1.291515
-0.448620 0.043905 1.290339
-0.429501 0.031010 1.309947
-0.448620 0.043905 1.290339
-0.449786 0.045544 1.299406
-0.425605 0.027608 1.302588
-0.445031 0.039603 1.277908
-0.615138 0.047589 1.325653
-0.618235 0.059436 1.316900
-0.572762 -0.024106 1.250914
-0.568524 -0.018866 1.249035
-0.557591 0.009771 1.202479
-0.533602 -0.005931 1.214347
-0.553894 0.014219 1.203834
-0.537271 -0.010288 1.213117
-0.608198 0.070481 1.175703
-0.611771 0.071005 1.181495
-0.608460 0.072780 1.178476
-0.613279 0.067715 1.178145
-0.561218 0.007941 1.205615
-0.559738 0.010929 1.208874
-0.539501 -0.008945 1.219571
-0.680223 0.110414 1.165889
-0.666529 0.116357 1.154137
-0.651397 0.082399 1.183186
-0.637792 0.090524 1.170934
-0.657208 0.074644 1.188624
-0.652327 0.080736 1.192306
-0.638877 0.056586 1.198631
-0.635739 0.059966 1.200554
-0.641162 0.060674 1.212583
-0.618650 0.029716 1.232334
-0.540902 -0.012139 1.216056
-0.685486 0.124836 1.211085
-0.673468 0.147691 1.228195
-0.645212 0.179120 1.232750
-0.630368 0.186458 1.221444
-0.684097 0.116595 1.195649
-0.446426 0.040951 1.282629
-0.426583 0.021036 1.295367
-0.449403 0.037194 1.283278
-0.675372 0.115423 1.179648
-0.423521 0.024896 1.294707
-0.623221 0.170685 1.185219
-0.628381 0.156531 1.170502
-0.516065 -0.041768 1.341892
-0.516922 -0.054706 1.315207
-0.446143 0.025121 1.321519
-0.462821 0.020065 1.345823
-0.489036 -0.054888 1.264473
-0.504537 -0.019654 1.358310
-0.425126 0.019365 1.290679
-0.505450 -0.059556 1.288908
-0.484520 0.003524 1.359668
-0.422293 0.023333 1.290324
-0.620872 0.066773 1.183235
-0.633858 0.085408 1.168743
-0.616917 0.067659 1.178209
-0.447129 0.040560 1.276046
-0.447376 0.042016 1.285833
-0.446426 0.040951 1.282629
-0.566730 0.005648 1.212881
-0.563055 0.012022 1.209002
-0.561218 0.007941 1.205615
-0.558303 -0.019178 1.229766
-0.560811 -0.018642 1.236539
-0.556848 -0.016429 1.232900
-0.562136 -0.021868 1.233472
-0.447376 0.042016 1.285833
-0.451470 0.040031 1.290932
-0.449403 0.037194 1.283278
-0.587462 0.165387 1.220011
-0.571999 0.144653 1.229148
-0.448620 0.043905 1.290339
-0.462670 0.053606 1.327874
-0.455265 0.054387 1.316546
-0.457816 0.048558 1.316249
-0.578252 -0.001382 1.227510
-0.580032 -0.004411 1.224239
-0.435024 0.037951 1.327635
-0.433037 0.037716 1.333434
-0.433862 0.036069 1.322920
-0.431665 0.037819 1.325696
-0.437328 0.040447 1.337766
-0.435578 0.037507 1.331849
-0.455016 0.047076 1.313130
-0.556452 0.008714 1.207363
-0.547566 0.016154 1.194391
-0.556745 0.007053 1.201161
-0.561218 0.007941 1.205615
-0.584679 -0.000905 1.228602
-0.578252 -0.001382 1.227510
-0.574345 0.001269 1.224140
-0.457484 0.055570 1.320112
-0.456435 0.048596 1.317864
-0.540154 -0.010820 1.215410
-0.534229 -0.008797 1.203969
-0.530374 -0.003605 1.208441
-0.525630 -0.006469 1.201833
-0.572762 -0.024106 1.250914
-0.450499 0.044690 1.298954
-0.451415 0.045056 1.293256
-0.456430 0.045781 1.297054
-0.550421 0.014713 1.195135
-0.551666 0.018108 1.198886
-0.550487 0.016075 1.200551
-0.553078 0.015069 1.195572
-0.546650 -0.011010 1.224625
-0.561506 -0.023220 1.240617
-0.540902 -0.012139 1.216056
-0.425605 0.027608 1.302588
-0.612035 0.071044 1.327044
-0.562136 -0.021868 1.233472
-0.580032 -0.004411 1.224239
-0.626958 0.052102 1.316623
-0.618144 0.166079 1.165148
-0.593376 0.138628 1.174070
-0.620622 0.039011 1.320352
-0.640454 0.052094 1.205802
-0.559738 0.010929 1.208874
-0.553894 0.014219 1.203834
-0.563055 0.012022 1.209002
-0.551666 0.018108 1.198886
-0.550487 0.016075 1.200551
-0.641332 0.095330 1.314381
-0.538861 -0.011900 1.221536
-0.533602 -0.005931 1.214347
-0.539501 -0.008945 1.219571
-0.528839 -0.008795 1.208145
-0.529273 -0.004056 1.211100
-0.546650 -0.011010 1.224625
-0.566730 0.005648 1.212881
-0.556848 -0.016429 1.232900
-0.443800 0.023055 1.257828
-0.435024 0.037951 1.327635
-0.560811 -0.018642 1.236539
-0.561506 -0.023220 1.240617
-0.555222 0.011049 1.200324
-0.633540 0.087961 1.167708
-0.647334 0.085364 1.178076
-0.580504 0.045048 1.331731
-0.551917 0.012834 1.197315
-0.528839 -0.008795 1.208145
-0.538861 -0.011900 1.221536
-0.550421 0.014713 1.195135
-0.530776 -0.007269 1.207515
-0.447712 0.031712 1.265601
-0.633540 0.087961 1.167708
-0.628624 0.092775 1.167717
-0.632107 0.091111 1.170984
-0.630856 0.091880 1.162552
-0.445031 0.039603 1.277908
-0.448177 0.035698 1.278678
-0.633540 0.087961 1.167708
-0.614166 0.069691 1.183636
-0.634551 0.089738 1.173103
-0.613279 0.067715 1.178145
-0.545385 0.008073 1.364200
-0.618232 0.062725 1.185797
-0.637942 0.087964 1.176278
-0.617853 0.067718 1.186189
-0.639182 0.085053 1.173281
-0.649569 0.127886 1.149020
-0.622296 0.099165 1.164340
-0.424400 0.026015 1.297847
-0.426583 0.021036 1.295367
-0.590891 -0.001207 1.240678
-0.429501 0.031010 1.309947
-0.432553 0.027487 1.310604
-0.591619 0.036060 1.344929
-0.581410 0.030981 1.355592
-0.585681 0.044780 1.349367
-0.460956 0.051875 1.320643
-0.433037 0.037716 1.333434
-0.457484 0.055570 1.320112
-0.436217 0.033940 1.333762
-0.640252 0.055544 1.200905
-0.656453 0.075655 1.194931
-0.639011 0.058395 1.203960
-0.450326 0.033801 1.352716
-0.450992 0.029366 1.350117
-0.657694 0.072802 1.191877
-0.692062 0.121468 1.190690
-0.697493 0.115593 1.189428
-0.556452 0.008714 1.207363
-0.572415 0.001556 1.222376
-0.561027 0.007130 1.199733
-0.579082 -0.001091 1.218782
-0.614770 0.054635 1.301880
-0.598507 0.024255 1.318307
-0.614770 0.054635 1.301880
-0.615264 0.059171 1.311702
-0.624485 0.053687 1.313978
-0.596082 0.024246 1.330170
-0.630856 0.091880 1.162552
-0.625293 0.066507 1.295396
-0.548493 0.001191 1.355402
-0.556486 0.016333 1.351473
-0.527314 -0.080494 1.354912
-0.538014 -0.065191 1.331391
-0.524456 -0.083784 1.347383
-0.544562 -0.055608 1.336575
-0.652448 0.077814 1.191288
-0.653879 0.075606 1.188563
-0.425126 0.019365 1.290679
-0.534229 -0.008797 1.203969
-0.683748 0.196373 1.241383
-0.663245 0.208286 1.236269
-0.663114 0.212175 1.233528
-0.686466 0.188896 1.243778
-0.425605 0.027608 1.302588
-0.614129 0.177632 1.177149
-0.587919 0.148690 1.188371
-0.445031 0.039603 1.277908
-0.713726 0.150955 1.197573
-0.555222 0.011049 1.200324
-0.550487 0.016075 1.200551
-0.553894 0.014219 1.203834
-0.551917 0.012834 1.197315
-0.574345 0.001269 1.224140
-0.575529 -0.002277 1.220737
-0.534886 -0.009057 1.210834
-0.533602 -0.005931 1.214347
-0.423288 0.012044 1.309539
-0.415783 0.022524 1.307177
-0.501408 -0.076318 1.338763
-0.502106 -0.053980 1.367227
-0.635915 0.057936 1.197919
-0.635007 0.060555 1.200317
-0.573266 0.037956 1.354883
-0.574911 0.046791 1.342213
-0.420830 0.021628 1.287914
-0.447883 0.035461 1.275466
-0.445031 0.039603 1.277908
-0.425126 0.019365 1.290679
-0.451214 0.006119 1.237029
-0.591310 -0.002469 1.247829
-0.638167 0.085927 1.175955
-0.447129 0.040560 1.276046
-0.640252 0.055544 1.200905
-0.663002 0.073893 1.193798
-0.657694 0.072802 1.191877
-0.530776 -0.007269 1.207515
-0.529273 -0.004056 1.211100
-0.528839 -0.008795 1.208145
-0.468694 -0.023300 1.230707
-0.418357 -0.004050 1.281161
-0.410438 0.002885 1.273173
-0.600488 0.081107 1.171821
-0.619549 0.097139 1.162613
-0.579497 0.107238 1.172860
-0.436217 0.033940 1.333762
-0.433037 0.037716 1.333434
-0.449786 0.045544 1.299406
-0.460956 0.051875 1.320643
-0.457484 0.055570 1.320112
-0.452580 0.041771 1.299726
-0.461510 0.022974 1.365268
-0.425605 0.027608 1.302588
-0.428503 0.024017 1.302947
-0.462670 0.053606 1.327874
-0.437328 0.040447 1.337766
-0.455265 0.054387 1.316546
-0.431665 0.037819 1.325696
-0.530776 -0.007269 1.207515
-0.529273 -0.004056 1.211100
-0.623054 0.043633 1.302846
-0.615117 0.035349 1.309660
-0.447336 0.010102 1.243400
-0.481601 -0.079585 1.270305
-0.447758 -0.069809 1.249979
-0.468528 -0.047959 1.242495
-0.514971 -0.070981 1.346660
-0.507504 -0.079736 1.307935
-0.529417 -0.049246 1.330077
-0.452074 -0.006700 1.233879
-0.447336 0.010102 1.243400
-0.428862 -0.017908 1.242204
-0.491153 -0.081626 1.360484
-0.426261 -0.080507 1.267124
-0.457028 -0.008751 1.226775
-0.640694 0.191965 1.224267
-0.636623 0.199356 1.230769
-0.629473 0.191770 1.216333
-0.623734 0.199448 1.220971
-0.450326 0.033801 1.352716
-0.448620 0.043905 1.290339
-0.465891 -0.100189 1.327928
-0.447770 -0.100178 1.301599
-0.545252 -0.056805 1.273749
-0.540848 -0.043536 1.268599
-0.543282 -0.042542 1.283532
-0.517438 -0.043034 1.245776
-0.486916 -0.050958 1.237171
-0.462844 -0.023516 1.229807
-0.465133 -0.062320 1.245758
-0.440612 -0.035126 1.239282
-0.482076 -0.088588 1.356674
-0.596711 0.123214 1.164878
-0.471355 0.042201 1.336780
-0.450992 0.029366 1.350117
-0.426573 -0.087625 1.276832
-0.610753 0.113284 1.160909
-0.530374 -0.003605 1.208441
-0.525630 -0.006469 1.201833
-0.459042 -0.120802 1.298180
-0.480105 -0.111926 1.332525
-0.483018 -0.120251 1.332587
-0.494347 -0.097514 1.365348
-0.488912 -0.101023 1.370589
-0.501276 -0.093663 1.371752
-0.479317 -0.079409 1.296968
-0.422391 -0.096450 1.262240
-0.419088 -0.092184 1.253499
-0.415737 -0.099742 1.265342
-0.538676 -0.055019 1.244901
-0.525060 -0.058544 1.232481
-0.541404 -0.058253 1.242213
-0.579984 -0.005545 1.222021
-0.572415 0.001556 1.222376
-0.673478 0.087628 1.212872
-0.523300 -0.055583 1.235577
-0.450134 -0.082440 1.240462
-0.434273 -0.094806 1.249230
-0.450809 -0.086249 1.236610
-0.422391 -0.096450 1.262240
-0.709419 0.227442 1.176088
-0.707869 0.145463 1.218274
-0.731758 0.194394 1.159920
-0.554337 -0.055904 1.281040
-0.553761 -0.058108 1.262207
-0.558876 -0.059311 1.280447
-0.547566 0.016154 1.194391
-0.437152 -0.112893 1.270165
-0.459042 -0.120802 1.298180
-0.525234 -0.087082 1.253482
-0.529417 -0.049246 1.330077
-0.553411 -0.051680 1.314002
-0.544562 -0.055608 1.336575
-0.543282 -0.042542 1.283532
-0.506380 0.090360 1.296172
-0.509426 0.086543 1.291993
-0.569576 0.142851 1.260032
-0.570782 0.137273 1.256955
-0.451382 0.039184 1.293844
-0.530187 -0.043699 1.252924
-0.525123 -0.048564 1.230043
-0.542493 -0.049222 1.240342
-0.517438 -0.043034 1.245776
-0.560590 -0.049182 1.281533
-0.736884 0.161852 1.178939
-0.740247 0.184075 1.163001
-0.733246 0.160217 1.174058
-0.479696 0.045065 1.333027
-0.726177 0.132520 1.176081
-0.718906 0.125177 1.194865
-0.729445 0.152147 1.215460
-0.514971 -0.070981 1.346660
-0.527314 -0.080494 1.354912
-0.501276 -0.093663 1.371752
-0.427083 0.025229 1.312546
-0.425926 0.027308 1.306655
-0.431358 0.028179 1.310137
-0.496406 -0.102038 1.366701
-0.524456 -0.083784 1.347383
-0.528424 -0.087734 1.348556
-0.494347 -0.097514 1.365348
-0.493168 -0.062974 1.227643
-0.470126 -0.063926 1.232877
-0.447770 -0.100178 1.301599
-0.471547 -0.117361 1.338730
-0.439482 -0.117100 1.292362
-0.422256 -0.100609 1.259934
-0.726479 0.135666 1.172519
-0.726833 0.160268 1.166432
-0.717564 0.133253 1.170530
-0.740247 0.184075 1.163001
-0.551679 -0.063923 1.311966
-0.538014 -0.065191 1.331391
-0.447758 -0.069809 1.249979
-0.426261 -0.080507 1.267124
-0.419088 -0.092184 1.253499
-0.450809 -0.086249 1.236610
-0.434273 -0.094806 1.249230
-0.422256 -0.100609 1.259934
-0.490426 -0.083846 1.238478
-0.455265 0.054387 1.316546
-0.431665 0.037819 1.325696
-0.457816 0.048558 1.316249
-0.470784 -0.066545 1.229565
-0.493168 -0.062974 1.227643
-0.541467 -0.086265 1.310024
-0.528424 -0.087734 1.348556
-0.542100 -0.067805 1.332167
-0.547566 0.016154 1.194391
-0.525630 -0.006469 1.201833
-0.483018 -0.120251 1.332587
-0.551679 -0.063923 1.311966
-0.680789 0.187263 1.238110
-0.660483 0.204032 1.230203
-0.631763 0.102881 1.305573
-0.471547 -0.117361 1.338730
-0.480105 -0.111926 1.332525
-0.457937 -0.114131 1.299762
-0.530187 -0.043699 1.252924
-0.638716 0.112286 1.298931
-0.625114 0.048949 1.309934
-0.426573 -0.087625 1.276832
-0.525060 -0.058544 1.232481
-0.494347 -0.097514 1.365348
-0.496406 -0.102038 1.366701
-0.488912 -0.101023 1.370589
-0.491153 -0.081626 1.360484
-0.482076 -0.088588 1.356674
-0.558876 -0.059311 1.280447
-0.553761 -0.058108 1.262207
-0.553761 -0.058108 1.262207
-0.542493 -0.049222 1.240342
-0.538676 -0.055019 1.244901
-0.556214 -0.049067 1.261805
-0.437134 -0.105844 1.273726
-0.457937 -0.114131 1.299762
-0.464644 -0.000380 1.366906
-0.645952 0.059320 1.217426
-0.661238 0.223959 1.222800
-0.665087 0.226383 1.221142
-0.657283 0.210200 1.225734
-0.479317 -0.079409 1.296968
-0.657283 0.210200 1.225734
-0.690176 0.199755 1.245285
-0.686466 0.188896 1.243778
-0.683748 0.196373 1.241383
-0.716706 0.141307 1.220421
-0.716426 0.148102 1.221795
-0.731758 0.194394 1.159920
-0.719856 0.228931 1.187949
-0.709419 0.227442 1.176088
-0.741099 0.194720 1.171219
-0.622296 0.099165 1.164340
-0.659636 0.222975 1.213300
-0.666124 0.228532 1.216987
-0.726177 0.132520 1.176081
-0.554337 -0.055904 1.281040
-0.560590 -0.049182 1.281533
-0.437152 -0.112893 1.270165
-0.640694 0.191965 1.224267
-0.689340 0.229867 1.207794
-0.665087 0.226383 1.221142
-0.726833 0.160268 1.166432
-0.709353 0.127699 1.195731
-0.717564 0.133253 1.170530
-0.618144 0.166079 1.165148
-0.625438 0.153385 1.155773
-0.619549 0.097139 1.162613
-0.683147 0.227148 1.198853
-0.706419 0.234344 1.187968
-0.716426 0.148102 1.221795
-0.707869 0.145463 1.218274
-0.492030 -0.050531 1.225395
-0.468528 -0.047959 1.242495
-0.467677 -0.054231 1.225942
-0.456430 0.045781 1.297054
-0.451415 0.045056 1.293256
-0.450499 0.044690 1.298954
-0.582965 0.023927 1.347695
-0.573266 0.037956 1.354883
-0.581410 0.030981 1.355592
-0.591619 0.036060 1.344929
-0.585681 0.044780 1.349367
-0.623054 0.043633 1.302846
-0.618235 0.059436 1.316900
-0.611999 0.060365 1.312101
-0.625330 0.036240 1.294887
-0.616698 0.027550 1.302927
-0.559073 0.046022 1.350557
-0.568938 0.053791 1.345283
-0.566973 0.038108 1.347810
-0.583992 0.000048 1.240343
-0.590891 -0.001207 1.240678
-0.586269 0.031462 1.333738
-0.589320 0.022941 1.325739
-0.620622 0.039011 1.320352
-0.615138 0.047589 1.325653
-0.626958 0.052102 1.316623
-0.582965 0.023927 1.347695
-0.641162 0.060674 1.212583
-0.642721 0.054636 1.203844
-0.658896 0.079626 1.202779
-0.658677 0.075158 1.192793
-0.635739 0.059966 1.200554
-0.652327 0.080736 1.192306
-0.578187 0.022698 1.339930
-0.589320 0.022941 1.325739
-0.580882 0.013259 1.332815
-0.586269 0.031462 1.333738
-0.603648 0.069380 1.312896
-0.541404 -0.058253 1.242213
-0.542100 -0.067805 1.332167
-0.415737 -0.099742 1.265342
-0.523300 -0.055583 1.235577
-0.492030 -0.050531 1.225395
-0.470126 -0.063926 1.232877
-0.525123 -0.048564 1.230043
-0.540848 -0.043536 1.268599
-0.556214 -0.049067 1.261805
-0.631763 0.102881 1.305573
-0.733246 0.160217 1.174058
-0.716706 0.141307 1.220421
-0.439482 -0.117100 1.292362
-0.437134 -0.105844 1.273726
-0.544562 -0.055608 1.336575
-0.529417 -0.049246 1.330077
-0.706419 0.234344 1.187968
-0.608198 0.070481 1.175703
-0.618232 0.062725 1.185797
-0.613279 0.067715 1.178145
-0.718906 0.125177 1.194865
-0.444246 -0.079053 1.235361
-0.450134 -0.082440 1.240462
-0.467677 -0.054231 1.225942
-0.663114 0.212175 1.233528
-0.470784 -0.066545 1.229565
-0.553761 -0.058108 1.262207
-0.444246 -0.079053 1.235361
-0.689340 0.229867 1.207794
-0.553411 -0.051680 1.314002
-0.716706 0.141307 1.220421
-0.709353 0.127699 1.195731
-0.707869 0.145463 1.218274
-0.468528 -0.047959 1.242495
-0.467677 -0.054231 1.225942
-0.422391 -0.096450 1.262240
-0.422256 -0.100609 1.259934
-0.496406 -0.102038 1.366701
-0.465891 -0.100189 1.327928
-0.449738 -0.019546 1.248881
-0.437332 0.003248 1.264761
-0.479016 -0.016328 1.303250
-0.470294 -0.041955 1.250047
-0.463432 -0.023046 1.233237
-0.474976 -0.037770 1.234583
-0.468721 -0.023309 1.230400
-0.481151 -0.034738 1.231149
-0.481049 0.035123 1.343372
-0.471355 0.042201 1.336780
-0.479860 0.044602 1.332484
-0.469418 0.046864 1.321362
-0.459439 0.045747 1.303893
-0.451161 0.038974 1.293692
-0.454214 0.040946 1.290819
-0.644034 0.081843 1.296838
-0.624983 0.068933 1.299620
-0.626336 0.065382 1.295557
-0.644941 0.079040 1.292528
-0.555709 -0.016889 1.230409
-0.540101 -0.010493 1.215487
-0.558084 -0.024092 1.229725
-0.537552 -0.015234 1.210096
-0.445713 0.020867 1.259438
-0.446997 0.008423 1.245322
-0.448772 0.021221 1.256579
-0.451616 0.006575 1.242609
-0.453403 -0.006959 1.236472
-0.457981 -0.007238 1.234895
-0.456873 0.055774 1.322081
-0.432392 0.038690 1.325978
-0.455348 0.053488 1.316819
-0.434252 0.041044 1.331899
-0.546029 0.007727 1.363543
-0.557530 0.019982 1.359788
-0.549350 0.006255 1.365920
-0.561058 0.018674 1.362655
-0.580619 0.146900 1.244538
-0.572033 0.138615 1.231340
-0.575281 0.142629 1.229444
-0.576969 0.143167 1.245998
-0.511056 -0.074212 1.316664
-0.501255 -0.075727 1.338257
-0.520627 -0.065454 1.330362
-0.496547 -0.081919 1.322622
-0.574479 0.079370 1.173669
-0.556359 0.063357 1.178150
-0.568797 0.049645 1.178280
-0.587078 0.066992 1.174399
-0.586896 0.036612 1.189095
-0.578705 -0.000646 1.219184
-0.603923 0.028585 1.206056
-0.560420 0.008026 1.200939
-0.532064 0.039278 1.188869
-0.504307 0.011767 1.201116
-0.541223 0.020351 1.190879
-0.519918 -0.000967 1.199863
-0.639333 0.141867 1.159813
-0.649617 0.127975 1.149079
-0.651395 0.131388 1.158551
-0.635470 0.140490 1.150553
-0.450971 0.029349 1.350109
-0.463242 0.022182 1.362386
-0.453826 0.017301 1.366193
-0.441792 0.024595 1.353819
-0.663882 0.162930 1.248235
-0.702198 0.180000 1.212257
-0.677272 0.148502 1.238837
-0.688526 0.195266 1.218737
-0.613640 0.187201 1.190643
-0.621370 0.173278 1.181207
-0.620824 0.181332 1.192059
-0.614266 0.177662 1.177148
-0.481049 0.035123 1.343372
-0.480771 0.037260 1.345497
-0.471355 0.042201 1.336780
-0.471208 0.044845 1.338855
-0.423395 0.019053 1.285833
-0.423024 0.021204 1.284961
-0.426951 0.026808 1.302972
-0.423968 0.025375 1.291872
-0.424118 0.028466 1.298277
-0.425569 0.029191 1.302581
-0.447275 0.031416 1.276514
-0.451161 0.038974 1.293692
-0.445655 0.033844 1.275599
-0.445029 0.039821 1.281178
-0.449653 0.041571 1.293257
-0.446601 0.042774 1.287982
-0.619664 0.097979 1.166810
-0.634204 0.087703 1.172522
-0.623898 0.101835 1.165640
-0.638362 0.091775 1.171173
-0.588942 -0.003511 1.241403
-0.569043 -0.024848 1.238752
-0.574168 -0.023056 1.250595
-0.585721 -0.007120 1.229186
-0.634707 0.061271 1.201759
-0.640701 0.057034 1.202993
-0.638825 0.056782 1.198729
-0.664636 0.075056 1.204327
-0.658891 0.079579 1.202670
-0.663873 0.073742 1.200012
-0.660004 0.080130 1.206043
-0.418457 -0.004129 1.281206
-0.437332 0.003248 1.264761
-0.419117 -0.014950 1.269475
-0.496417 0.082211 1.283499
-0.485594 0.069201 1.264946
-0.489514 0.075369 1.260592
-0.491057 0.076058 1.283695
-0.423511 0.011809 1.309570
-0.437649 0.018838 1.293287
-0.420135 0.005034 1.295375
-0.704935 0.123002 1.192878
-0.707429 0.139055 1.191244
-0.698120 0.129458 1.195000
-0.714298 0.135852 1.191739
-0.435452 0.016732 1.336451
-0.446143 0.025121 1.321519
-0.428646 0.015645 1.323210
-0.444014 0.014510 1.348758
-0.454178 0.008386 1.359138
-0.462821 0.020065 1.345823
-0.464638 -0.000575 1.366600
-0.474459 -0.011760 1.370261
-0.484520 0.003524 1.359668
-0.483410 -0.024813 1.370166
-0.490636 -0.038285 1.366572
-0.504537 -0.019654 1.358310
-0.494918 -0.050805 1.358996
-0.496152 -0.061784 1.347965
-0.516065 -0.041768 1.341892
-0.494539 -0.069983 1.335309
-0.490600 -0.075227 1.322139
-0.515623 -0.055865 1.315858
-0.484736 -0.077596 1.309057
-0.477180 -0.077526 1.295945
-0.505441 -0.059564 1.288913
-0.558029 0.111731 1.196226
-0.539314 0.099006 1.203634
-0.559215 0.105431 1.189751
-0.541611 0.090955 1.195125
-0.459803 -0.071238 1.273127
-0.489036 -0.054888 1.264473
-0.468460 -0.075272 1.283413
-0.441601 -0.054695 1.261136
-0.470294 -0.041955 1.250047
-0.450880 -0.064440 1.265676
-0.424014 -0.028123 1.262283
-0.449738 -0.019546 1.248881
-0.432132 -0.042011 1.259800
-0.496547 -0.081919 1.322622
-0.484736 -0.077596 1.309057
-0.490600 -0.075227 1.322139
-0.489565 -0.084701 1.307081
-0.616621 0.194272 1.205773
-0.623311 0.187282 1.204234
-0.584460 0.041311 1.330903
-0.606630 0.069477 1.314658
-0.580431 0.045071 1.331674
-0.602749 0.073310 1.315418
-0.441792 0.024595 1.353819
-0.454178 0.008386 1.359138
-0.444014 0.014510 1.348758
-0.453826 0.017301 1.366193
-0.490636 -0.038285 1.366572
-0.483410 -0.024813 1.370166
-0.496805 -0.038178 1.375274
-0.488309 -0.022184 1.379480
-0.600361 0.125914 1.164409
-0.635470 0.140490 1.150553
-0.625442 0.153386 1.155775
-0.610754 0.113274 1.160917
-0.558830 0.125376 1.199122
-0.537338 0.106702 1.210968
-0.571787 0.127709 1.198755
-0.572035 0.135279 1.210874
-0.568652 0.131377 1.212591
-0.568079 0.124287 1.200421
-0.552064 -0.000209 1.358127
-0.564217 0.011255 1.353873
-0.560351 0.012576 1.350506
-0.548743 0.001264 1.355749
-0.560235 -0.015076 1.347132
-0.573685 -0.005149 1.340813
-0.569657 -0.001389 1.341583
-0.557092 -0.012142 1.347734
-0.462869 0.025053 1.365238
-0.476226 0.013354 1.373694
-0.463242 0.022182 1.362386
-0.476052 0.011759 1.371121
-0.524793 0.095964 1.223172
-0.538341 0.108295 1.215190
-0.521736 0.091949 1.220087
-0.664754 0.082515 1.197434
-0.653273 0.083301 1.182176
-0.652149 0.085612 1.183568
-0.663787 0.085008 1.199938
-0.449653 0.041571 1.293257
-0.425569 0.029191 1.302581
-0.446601 0.042774 1.287982
-0.424118 0.028466 1.298277
-0.595805 0.138432 1.177036
-0.592849 0.149597 1.188510
-0.588956 0.146127 1.190135
-0.591370 0.134964 1.178099
-0.424014 -0.028123 1.262283
-0.411557 -0.010119 1.259409
-0.419117 -0.014950 1.269475
-0.417385 -0.025878 1.250880
-0.606582 0.110566 1.162283
-0.619664 0.097979 1.166810
-0.607337 0.110514 1.166985
-0.619822 0.097286 1.163053
-0.449222 -0.068984 1.255247
-0.459881 -0.077085 1.264255
-0.464278 -0.060899 1.248926
-0.430359 -0.019032 1.245578
-0.426916 -0.042333 1.247949
-0.440761 -0.034993 1.242267
-0.417385 -0.025878 1.250880
-0.637974 0.085998 1.175996
-0.634707 0.061271 1.201759
-0.652371 0.080737 1.192288
-0.620400 0.067576 1.184546
-0.649458 0.111068 1.308062
-0.645641 0.117191 1.303664
-0.648966 0.115230 1.302770
-0.645808 0.114316 1.310313
-0.657134 0.074678 1.188725
-0.638825 0.056782 1.198729
-0.641741 0.055112 1.200290
-0.660217 0.072506 1.190160
-0.602132 0.169101 1.235936
-0.594849 0.166132 1.218265
-0.592205 0.167705 1.219514
-0.599689 0.171545 1.237546
-0.431337 0.028025 1.339579
-0.422880 0.027336 1.323936
-0.417096 0.021660 1.307013
-0.426951 0.026808 1.302972
-0.547985 0.016027 1.194463
-0.556627 0.008660 1.207232
-0.540101 -0.010493 1.215487
-0.555709 -0.016889 1.230409
-0.572415 0.001556 1.222376
-0.588690 0.137473 1.174854
-0.584787 0.148718 1.186540
-0.568491 0.130377 1.196903
-0.571557 0.118666 1.183684
-0.592615 0.159507 1.203171
-0.592849 0.149597 1.188510
-0.588986 0.160031 1.201666
-0.588889 0.150677 1.186658
-0.611831 0.170646 1.254928
-0.614766 0.166620 1.252617
-0.506448 0.090258 1.296185
-0.569781 0.142697 1.260010
-0.575664 0.147457 1.264991
-0.505221 0.089223 1.306260
-0.411557 -0.010119 1.259409
-0.423614 -0.003785 1.254498
-0.570440 0.002691 1.350547
-0.557521 -0.008612 1.354925
-0.568216 0.002041 1.345721
-0.555967 -0.009465 1.350961
-0.440761 -0.034993 1.242267
-0.429090 -0.018682 1.242823
-0.430359 -0.019032 1.245578
-0.439899 -0.035534 1.239389
-0.445029 0.039821 1.281178
-0.423024 0.021204 1.284961
-0.445655 0.033844 1.275599
-0.423968 0.025375 1.291872
-0.432392 0.038690 1.325978
-0.434325 0.035704 1.326760
-0.432571 0.036158 1.323905
-0.434488 0.034732 1.326142
-0.457901 0.048489 1.316733
-0.457921 0.049433 1.317684
-0.455877 0.050506 1.314914
-0.455348 0.053488 1.316819
-0.645211 0.179120 1.232748
-0.683751 0.191057 1.210385
-0.672670 0.200912 1.213585
-0.472963 0.058091 1.315983
-0.459439 0.045747 1.303893
-0.463761 0.056312 1.296894
-0.469418 0.046864 1.321362
-0.477766 -0.006672 1.379526
-0.483393 0.003894 1.373523
-0.488273 -0.001200 1.375270
-0.486001 0.016688 1.367895
-0.483671 0.004969 1.375672
-0.476226 0.013354 1.373694
-0.639537 0.096609 1.308022
-0.646119 0.102169 1.309630
-0.645705 0.104360 1.301729
-0.569547 -0.002957 1.356042
-0.560831 -0.010028 1.357444
-0.565078 0.030090 1.348763
-0.578992 0.048501 1.335811
-0.580992 0.049580 1.340878
-0.567361 0.030739 1.353385
-0.696827 0.116047 1.189686
-0.692059 0.121673 1.190644
-0.690649 0.111866 1.180075
-0.684651 0.117536 1.181434
-0.438154 -0.057396 1.249681
-0.441601 -0.054695 1.261136
-0.449222 -0.068984 1.255247
-0.450880 -0.064440 1.265676
-0.501813 -0.053025 1.366329
-0.524684 -0.054692 1.344573
-0.503216 -0.066029 1.353267
-0.521533 -0.042655 1.358372
-0.663873 0.073742 1.200012
-0.643620 0.055001 1.203669
-0.644472 0.057207 1.210745
-0.662355 0.072033 1.193364
-0.711108 0.163157 1.204308
-0.687638 0.134174 1.228383
-0.585057 0.156908 1.200918
-0.584787 0.148718 1.186540
-0.588956 0.146127 1.190135
-0.589108 0.155510 1.204869
-0.647093 0.174553 1.253654
-0.659328 0.194006 1.237312
-0.664754 0.082515 1.197434
-0.668812 0.085263 1.205012
-0.690649 0.111866 1.180075
-0.483510 0.062259 1.246276
-0.456294 0.040669 1.260485
-0.484496 0.052640 1.231051
-0.456612 0.028801 1.244431
-0.672870 0.088012 1.212590
-0.685422 0.104415 1.213005
-0.696827 0.116047 1.189686
-0.579999 -0.005486 1.222053
-0.562783 -0.022705 1.232572
-0.673468 0.147691 1.228195
-0.695026 0.177813 1.204243
-0.500589 -0.052557 1.230924
-0.505984 -0.054427 1.236157
-0.507966 -0.047351 1.225413
-0.527270 -0.056374 1.245820
-0.574350 0.021605 1.347202
-0.588376 0.039892 1.334254
-0.570458 0.022963 1.343838
-0.558337 -0.040495 1.266279
-0.541658 -0.057496 1.267601
-0.544358 -0.055882 1.274157
-0.555965 -0.042013 1.259729
-0.636995 0.106754 1.301997
-0.637298 0.110858 1.306442
-0.632020 0.104884 1.309933
-0.633099 0.101812 1.306150
-0.483671 0.004969 1.375672
-0.483393 0.003894 1.373523
-0.615664 0.070426 1.179891
-0.601372 0.054803 1.183360
-0.422047 0.008570 1.268690
-0.410835 0.002704 1.273245
-0.552493 0.003321 1.365319
-0.565157 0.015212 1.362769
-0.566044 0.012257 1.358428
-0.553618 0.000643 1.362091
-0.572296 -0.023880 1.250740
-0.558084 -0.024092 1.229725
-0.541973 -0.041142 1.238130
-0.604201 0.014028 1.330467
-0.591447 0.006523 1.344006
-0.603192 0.018247 1.333821
-0.591772 0.002502 1.340857
-0.525330 0.055442 1.194581
-0.495662 0.026815 1.208612
-0.636670 0.199253 1.230570
-0.633353 0.178544 1.253121
-0.611831 0.170646 1.254928
-0.649352 0.206194 1.227479
-0.634204 0.087703 1.172522
-0.638362 0.091775 1.171173
-0.460422 0.014799 1.231584
-0.451669 0.005895 1.237457
-0.466813 -0.000623 1.221284
-0.459065 -0.008621 1.228966
-0.420384 0.010674 1.267233
-0.444074 0.022951 1.257989
-0.556322 0.016336 1.351277
-0.545600 0.004198 1.356351
-0.569657 -0.001389 1.341583
-0.557092 -0.012142 1.347734
-0.654808 0.093704 1.287232
-0.652532 0.089794 1.292784
-0.654995 0.090092 1.284867
-0.653045 0.085693 1.289059
-0.675611 0.205723 1.219565
-0.683751 0.191057 1.210385
-0.688526 0.195266 1.218737
-0.672670 0.200912 1.213585
-0.477556 -0.017042 1.216692
-0.504491 -0.017761 1.208275
-0.623866 0.199452 1.220898
-0.592205 0.167705 1.219514
-0.616621 0.194272 1.205773
-0.599689 0.171545 1.237546
-0.522294 -0.031699 1.218220
-0.490541 -0.033173 1.216296
-0.547318 0.076659 1.184182
-0.565711 0.091786 1.178079
-0.626654 0.069732 1.304865
-0.645507 0.081839 1.301252
-0.629697 0.066635 1.308619
-0.648414 0.080097 1.304449
-0.500158 0.085309 1.281498
-0.493023 0.078140 1.258713
-0.571122 0.029171 1.356560
-0.615121 0.084301 1.323919
-0.632066 0.104321 1.315393
-0.636338 0.103585 1.318901
-0.611588 0.086613 1.320886
-0.554914 0.123373 1.205433
-0.505754 0.074718 1.245470
-0.527876 0.096555 1.230484
-0.529950 0.094719 1.231586
-0.502007 0.075171 1.245328
-0.666532 0.116369 1.154143
-0.679912 0.110722 1.166087
-0.665732 0.121611 1.162588
-0.676904 0.116856 1.172386
-0.609967 0.086961 1.315592
-0.518334 0.081261 1.214127
-0.519323 0.069996 1.204983
-0.569843 0.141883 1.243780
-0.564813 0.135355 1.224765
-0.568524 -0.018866 1.249035
-0.562783 -0.022705 1.232572
-0.555709 -0.016889 1.230409
-0.569043 -0.024848 1.238752
-0.509479 0.079426 1.310455
-0.584843 0.145665 1.265260
-0.500542 0.079838 1.302891
-0.484702 0.068023 1.240782
-0.493023 0.078140 1.258713
-0.490203 0.072875 1.243781
-0.495333 0.068754 1.240805
-0.570776 0.137273 1.256957
-0.512976 0.088991 1.284924
-0.564351 0.131415 1.255018
-0.509426 0.086543 1.291993
-0.506448 0.090258 1.296185
-0.500158 0.085309 1.281498
-0.509426 0.086543 1.291993
-0.490203 0.072875 1.243781
-0.525524 0.093750 1.223867
-0.521463 0.088569 1.219281
-0.598348 0.121868 1.169917
-0.588690 0.137473 1.174854
-0.596739 0.123133 1.165675
-0.591370 0.134964 1.178099
-0.524793 0.095964 1.223172
-0.538341 0.108295 1.215190
-0.525524 0.093750 1.223867
-0.554914 0.123373 1.205433
-0.556787 0.119598 1.206362
-0.493685 0.066010 1.234855
-0.616889 0.045235 1.199949
-0.493685 0.066010 1.234855
-0.521463 0.088569 1.219281
-0.525524 0.093750 1.223867
-0.495333 0.068754 1.240805
-0.570776 0.137273 1.256957
-0.565593 0.138364 1.246099
-0.569781 0.142697 1.260010
-0.568082 0.133858 1.247035
-0.556787 0.119598 1.206362
-0.562855 0.127272 1.228154
-0.553746 0.117939 1.215639
-0.568082 0.133858 1.247035
-0.502007 0.075171 1.245328
-0.527876 0.096555 1.230484
-0.568143 0.118609 1.192222
-0.488510 0.041022 1.218611
-0.675611 0.205723 1.219565
-0.658859 0.211639 1.221932
-0.565593 0.138364 1.246099
-0.589008 0.148640 1.263036
-0.588986 0.160031 1.201666
-0.613640 0.187201 1.190643
-0.602132 0.169101 1.235936
-0.610263 0.163499 1.254436
-0.598371 0.165253 1.237448
-0.614766 0.166620 1.252617
-0.585234 0.047702 1.343928
-0.603256 0.077591 1.324635
-0.607345 0.075531 1.327693
-0.474527 -0.039011 1.231830
-0.464262 -0.062740 1.246478
-0.486299 -0.051000 1.237540
-0.452192 -0.050836 1.240780
-0.562855 0.127272 1.228154
-0.554914 0.123373 1.205433
-0.560317 0.131807 1.227172
-0.556787 0.119598 1.206362
-0.602762 0.125348 1.168921
-0.598348 0.121868 1.169917
-0.573473 0.117154 1.185399
-0.431337 0.028025 1.339579
-0.435452 0.016732 1.336451
-0.580619 0.146900 1.244538
-0.578887 0.149921 1.247746
-0.589008 0.148640 1.263036
-0.587242 0.150353 1.262601
-0.610263 0.163499 1.254436
-0.606859 0.167187 1.253848
-0.598371 0.165253 1.237448
-0.594870 0.169244 1.238514
-0.575281 0.142629 1.229444
-0.572434 0.144509 1.229158
-0.603009 0.020158 1.317681
-0.584647 0.009436 1.331231
-0.587159 0.003931 1.331374
-0.598997 0.023938 1.318441
-0.455877 0.050506 1.314914
-0.434488 0.034732 1.326142
-0.457901 0.048489 1.316733
-0.432571 0.036158 1.323905
-0.612551 0.071505 1.175504
-0.615664 0.070426 1.179891
-0.617068 0.068091 1.178511
-0.634204 0.087703 1.172522
-0.630136 0.088497 1.166885
-0.459277 0.051145 1.321945
-0.439037 0.036518 1.336751
-0.462729 0.050253 1.327824
-0.435852 0.037998 1.331910
-0.695026 0.177813 1.204243
-0.702198 0.180000 1.212257
-0.620400 0.067576 1.184546
-0.620261 0.067056 1.182859
-0.637974 0.085998 1.175996
-0.637755 0.084656 1.173589
-0.633902 0.085436 1.168521
-0.653045 0.085693 1.289059
-0.644941 0.079040 1.292528
-0.656310 0.081215 1.288562
-0.648426 0.074731 1.292023
-0.662192 0.080788 1.296219
-0.651918 0.076044 1.304927
-0.661959 0.084415 1.299857
-0.653370 0.072601 1.300795
-0.601283 0.082172 1.173274
-0.601323 0.081778 1.171255
-0.528477 -0.003655 1.202482
-0.546254 0.014266 1.195166
-0.639606 0.090407 1.171058
-0.638362 0.091775 1.171173
-0.624120 0.100344 1.162227
-0.623898 0.101835 1.165640
-0.633007 0.062130 1.308283
-0.635021 0.059819 1.303478
-0.662686 0.204406 1.214986
-0.649352 0.206194 1.227479
-0.652652 0.198386 1.221256
-0.658859 0.211639 1.221932
-0.560317 0.131807 1.227172
-0.538214 -0.010706 1.209260
-0.556523 0.007250 1.201610
-0.459881 -0.077085 1.264255
-0.459803 -0.071238 1.273127
-0.604226 0.015199 1.323434
-0.590224 0.001295 1.335917
-0.544475 0.006875 1.359579
-0.554882 0.019767 1.355413
-0.591552 0.161951 1.220229
-0.587650 0.165011 1.220163
-0.525899 -0.006262 1.203534
-0.537552 -0.015234 1.210096
-0.602762 0.125348 1.168921
-0.593344 0.138598 1.174108
-0.595805 0.138432 1.177036
-0.600361 0.125914 1.164409
-0.452664 -0.049603 1.243563
-0.438154 -0.057396 1.249681
-0.662438 0.087290 1.284153
-0.660414 0.078983 1.291583
-0.658156 0.087435 1.283592
-0.594849 0.166132 1.218265
-0.589108 0.155510 1.204869
-0.592615 0.159507 1.203171
-0.591552 0.161951 1.220229
-0.583992 0.000048 1.240343
-0.585721 -0.007120 1.229186
-0.588942 -0.003511 1.241403
-0.568491 0.130377 1.196903
-0.572035 0.135279 1.210874
-0.571787 0.127709 1.198755
-0.568950 0.137370 1.210029
-0.434325 0.035704 1.326760
-0.457921 0.049433 1.317684
-0.692351 0.123343 1.219304
-0.714298 0.135852 1.191739
-0.704935 0.123002 1.192878
-0.495333 0.068754 1.240805
-0.451252 0.040552 1.283142
-0.458701 0.049949 1.278048
-0.488309 -0.022184 1.379480
-0.499615 -0.016273 1.374892
-0.707429 0.139055 1.191244
-0.707832 0.152023 1.194933
-0.698120 0.129458 1.195000
-0.685486 0.124836 1.211085
-0.662686 0.204406 1.214986
-0.652652 0.198386 1.221256
-0.655194 0.090848 1.297397
-0.496805 -0.038178 1.375274
-0.508979 -0.031786 1.370319
-0.713726 0.150955 1.197573
-0.624778 0.163525 1.171548
-0.630860 0.152782 1.164006
-0.628381 0.156531 1.170502
-0.621370 0.173278 1.181207
-0.623387 0.170747 1.185166
-0.620824 0.181332 1.192059
-0.623560 0.180591 1.201558
-0.623311 0.187282 1.204234
-0.629532 0.191776 1.216302
-0.630756 0.186603 1.221320
-0.640496 0.192020 1.223625
-0.629532 0.191776 1.216302
-0.630756 0.186603 1.221320
-0.665732 0.121611 1.162588
-0.661555 0.120745 1.166943
-0.651395 0.131388 1.158551
-0.643654 0.135808 1.162067
-0.639333 0.141867 1.159813
-0.639333 0.141867 1.159813
-0.643654 0.135808 1.162067
-0.676904 0.116856 1.172386
-0.684651 0.117536 1.181434
-0.675372 0.115423 1.179648
-0.692059 0.121673 1.190644
-0.684097 0.116595 1.195649
-0.643654 0.135808 1.162067
-0.661555 0.120745 1.166943
-0.641445 0.138829 1.211363
-0.594870 0.169244 1.238514
-0.587242 0.150353 1.262601
-0.578887 0.149921 1.247746
-0.606859 0.167187 1.253848
-0.668812 0.085263 1.205012
-0.665306 0.086061 1.202736
-0.435852 0.037998 1.331910
-0.434252 0.041044 1.331899
-0.566430 0.026723 1.344608
-0.459065 -0.008621 1.228966
-0.451669 0.005895 1.237457
-0.457981 -0.007238 1.234895
-0.451616 0.006575 1.242609
-0.448123 0.019430 1.250175
-0.448772 0.021221 1.256579
-0.448230 0.031132 1.265937
-0.449735 0.033369 1.273804
-0.451252 0.040552 1.283142
-0.454214 0.040946 1.290819
-0.459439 0.045747 1.303893
-0.505984 -0.054427 1.236157
-0.500589 -0.052557 1.230924
-0.493577 -0.046654 1.233350
-0.482105 -0.039218 1.221803
-0.481151 -0.034738 1.231149
-0.664938 0.083799 1.292146
-0.665334 0.089741 1.286221
-0.480771 0.037260 1.345497
-0.462869 0.025053 1.365238
-0.664636 0.075056 1.204327
-0.645802 0.058752 1.217128
-0.657134 0.074678 1.188725
-0.658677 0.075158 1.192793
-0.652371 0.080737 1.192288
-0.580327 0.105909 1.176315
-0.571557 0.118666 1.183684
-0.573473 0.117154 1.185399
-0.579224 0.106663 1.173819
-0.643844 0.060561 1.217767
-0.645802 0.058752 1.217128
-0.641136 0.060566 1.212520
-0.644472 0.057207 1.210745
-0.636995 0.106754 1.301997
-0.641975 0.109311 1.297775
-0.638815 0.111968 1.299051
-0.641203 0.103871 1.300013
-0.662355 0.072033 1.193364
-0.563556 -0.016548 1.349509
-0.577799 -0.006707 1.343996
-0.657704 0.096155 1.289300
-0.477766 -0.006672 1.379526
-0.474459 -0.011760 1.370261
-0.651920 0.072056 1.295438
-0.633245 0.059316 1.298720
-0.412961 0.013574 1.290148
-0.423395 0.019053 1.285833
-0.663787 0.085008 1.199938
-0.658891 0.079579 1.202670
-0.615838 0.029139 1.226549
-0.652149 0.085612 1.183568
-0.585881 0.013893 1.339733
-0.596542 0.023786 1.330095
-0.599676 0.022029 1.332937
-0.588657 0.010897 1.343406
-0.591272 -0.002472 1.247744
-0.590892 -0.001124 1.240312
-0.588942 -0.003511 1.241403
-0.703810 0.162938 1.198256
-0.462729 0.050253 1.327824
-0.461371 0.053592 1.328728
-0.572296 -0.023880 1.250740
-0.583992 0.000048 1.240343
-0.588942 -0.003511 1.241403
-0.590892 -0.001124 1.240312
-0.452192 -0.050836 1.240780
-0.452664 -0.049603 1.243563
-0.530374 -0.003605 1.208441
-0.528477 -0.003655 1.202482
-0.525899 -0.006262 1.203534
-0.666532 0.116369 1.154143
-0.653273 0.083301 1.182176
-0.679912 0.110722 1.166087
-0.639606 0.090407 1.171058
-0.634707 0.061271 1.201759
-0.652371 0.080737 1.192288
-0.641136 0.060566 1.212520
-0.685486 0.124836 1.211085
-0.673468 0.147691 1.228195
-0.645211 0.179120 1.232748
-0.630756 0.186603 1.221320
-0.684097 0.116595 1.195649
-0.623560 0.180591 1.201558
-0.623387 0.170747 1.185166
-0.675372 0.115423 1.179648
-0.628381 0.156531 1.170502
-0.516065 -0.041768 1.341892
-0.515623 -0.055865 1.315858
-0.446143 0.025121 1.321519
-0.462821 0.020065 1.345823
-0.489036 -0.054888 1.264473
-0.504537 -0.019654 1.358310
-0.437649 0.018838 1.293287
-0.505441 -0.059564 1.288913
-0.484520 0.003524 1.359668
-0.633902 0.085436 1.168521
-0.620261 0.067056 1.182859
-0.637755 0.084656 1.173589
-0.617068 0.068091 1.178511
-0.574168 -0.023056 1.250595
-0.575593 -0.021104 1.256656
-0.574168 -0.023056 1.250595
-0.612143 0.083764 1.311365
-0.642265 0.116849 1.302776
-0.639837 0.112180 1.311213
-0.587650 0.165011 1.220163
-0.568950 0.137370 1.210029
-0.585057 0.156908 1.200918
-0.572434 0.144509 1.229158
-0.456873 0.055774 1.322081
-0.459277 0.051145 1.321945
-0.548298 0.014059 1.201481
-0.547985 0.016027 1.194463
-0.546254 0.014266 1.195166
-0.439037 0.036518 1.336751
-0.437517 0.040203 1.337672
-0.466185 0.006634 1.375113
-0.476052 0.011759 1.371121
-0.556627 0.008660 1.207232
-0.548298 0.014059 1.201481
-0.556523 0.007250 1.201610
-0.552438 0.009436 1.196488
-0.546254 0.014266 1.195166
-0.540101 -0.010493 1.215487
-0.538214 -0.010706 1.209260
-0.530374 -0.003605 1.208441
-0.534210 -0.008550 1.204051
-0.528477 -0.003655 1.202482
-0.659089 0.088725 1.300296
-0.468825 -0.024189 1.222422
-0.639880 0.099007 1.318223
-0.618502 0.080086 1.323768
-0.618271 0.166108 1.165145
-0.593344 0.138598 1.174108
-0.615363 0.079881 1.311763
-0.633099 0.101812 1.306150
-0.612143 0.083764 1.311365
-0.637127 0.098768 1.304760
-0.640773 0.095538 1.313882
-0.619662 0.077352 1.319278
-0.617814 0.077352 1.314769
-0.610349 0.067867 1.318101
-0.464278 -0.060899 1.248926
-0.464262 -0.062740 1.246478
-0.630136 0.088497 1.166885
-0.612551 0.071505 1.175504
-0.444074 0.022951 1.257989
-0.445713 0.020867 1.259438
-0.482105 -0.039218 1.221803
-0.580431 0.045071 1.331674
-0.566430 0.026723 1.344608
-0.601196 0.077051 1.319398
-0.448230 0.031132 1.265937
-0.602749 0.073310 1.315418
-0.590169 0.040867 1.338909
-0.576127 0.022561 1.351802
-0.575264 0.025599 1.356101
-0.649617 0.127975 1.149079
-0.624120 0.100344 1.162227
-0.611530 0.114313 1.165989
-0.607337 0.110514 1.166985
-0.664682 0.088251 1.295865
-0.665147 0.093353 1.288587
-0.601283 0.082172 1.173274
-0.646278 0.104264 1.314328
-0.589020 0.093915 1.169618
-0.589555 0.094001 1.172493
-0.537230 -0.048095 1.339598
-0.535869 -0.040378 1.347846
-0.450342 0.033773 1.352689
-0.450971 0.029349 1.350109
-0.448123 0.019430 1.250175
-0.692059 0.121673 1.190644
-0.696827 0.116047 1.189686
-0.572415 0.001556 1.222376
-0.560420 0.008026 1.200939
-0.556627 0.008660 1.207232
-0.578705 -0.000646 1.219184
-0.619016 0.050412 1.301441
-0.615169 0.054437 1.302066
-0.613741 0.057897 1.306183
-0.597561 0.027375 1.322573
-0.615169 0.054437 1.302066
-0.598997 0.023938 1.318441
-0.615567 0.058768 1.311380
-0.620254 0.057206 1.314214
-0.425569 0.029191 1.302581
-0.449653 0.041571 1.293257
-0.426951 0.026808 1.302972
-0.451161 0.038974 1.293692
-0.608679 0.022043 1.319224
-0.611147 0.023205 1.323986
-0.615312 0.035712 1.312442
-0.629922 0.061157 1.295055
-0.626336 0.065382 1.295557
-0.556322 0.016336 1.351277
-0.545600 0.004198 1.356351
-0.649879 0.111447 1.300256
-0.649416 0.106804 1.304569
-0.703810 0.162938 1.198256
-0.711108 0.163157 1.204308
-0.584647 0.009436 1.331231
-0.583207 0.012867 1.335367
-0.552438 0.009436 1.196488
-0.534210 -0.008550 1.204051
-0.639803 0.114951 1.301278
-0.638815 0.111968 1.299051
-0.614266 0.177662 1.177148
-0.588889 0.150677 1.186658
-0.713726 0.150955 1.197573
-0.707832 0.152023 1.194933
-0.577264 0.003125 1.351944
-0.581301 -0.000725 1.351857
-0.579795 -0.005788 1.348862
-0.589266 0.043948 1.343167
-0.417096 0.021660 1.307013
-0.422880 0.027336 1.323936
-0.428646 0.015645 1.323210
-0.423511 0.011809 1.309570
-0.496152 -0.061784 1.347965
-0.501255 -0.075727 1.338257
-0.494539 -0.069983 1.335309
-0.503216 -0.066029 1.353267
-0.611226 0.071698 1.326933
-0.426916 -0.042333 1.247949
-0.432132 -0.042011 1.259800
-0.646691 0.108625 1.297697
-0.654995 0.090092 1.284867
-0.618475 0.029860 1.232449
-0.637974 0.085998 1.175996
-0.620400 0.067576 1.184546
-0.643620 0.055001 1.203669
-0.468825 -0.024189 1.222422
-0.468721 -0.023309 1.230400
-0.412961 0.013574 1.290148
-0.420135 0.005034 1.295375
-0.601323 0.081778 1.171255
-0.606582 0.110566 1.162283
-0.589020 0.093915 1.169618
-0.619822 0.097286 1.163053
-0.564439 -0.014882 1.353171
-0.660693 0.092515 1.296677
-0.661986 0.096011 1.289861
-0.494918 -0.050805 1.358996
-0.501813 -0.053025 1.366329
-0.461371 0.053592 1.328728
-0.437517 0.040203 1.337672
-0.612215 0.068671 1.322722
-0.580327 0.105909 1.176315
-0.446997 0.008423 1.245322
-0.445404 0.009816 1.243109
-0.452140 -0.006612 1.233727
-0.422004 -0.002376 1.252280
-0.429090 -0.018682 1.242823
-0.445404 0.009816 1.243109
-0.629532 0.191776 1.216302
-0.640496 0.192020 1.223625
-0.636670 0.199253 1.230570
-0.623866 0.199452 1.220898
-0.471208 0.044845 1.338855
-0.450342 0.033773 1.352689
-0.449735 0.033369 1.273804
-0.447275 0.031416 1.276514
-0.462579 -0.023590 1.230371
-0.439899 -0.035534 1.239389
-0.579224 0.106663 1.173819
-0.596739 0.123133 1.165675
-0.450971 0.029349 1.350109
-0.471355 0.042201 1.336780
-0.611530 0.114313 1.165989
-0.610754 0.113274 1.160917
-0.589555 0.094001 1.172493
-0.480578 -0.084597 1.291494
-0.470216 -0.081906 1.276588
-0.468460 -0.075272 1.283413
-0.477180 -0.077526 1.295945
-0.572415 0.001556 1.222376
-0.579999 -0.005486 1.222053
-0.452140 -0.006612 1.233727
-0.463432 -0.023046 1.233237
-0.453403 -0.006959 1.236472
-0.462579 -0.023590 1.230371
-0.570776 0.137273 1.256957
-0.506448 0.090258 1.296185
-0.509426 0.086543 1.291993
-0.569781 0.142697 1.260010
-0.660217 0.072506 1.190160
-0.484056 0.052308 1.328001
-0.641741 0.055112 1.200290
-0.536223 -0.055326 1.327731
-0.410835 0.002704 1.273245
-0.418457 -0.004129 1.281206
-0.479860 0.044602 1.332484
-0.455348 0.053488 1.316819
-0.432392 0.038690 1.325978
-0.455877 0.050506 1.314914
-0.432571 0.036158 1.323905
-0.546254 0.014266 1.195166
-0.528477 -0.003655 1.202482
-0.457901 0.048489 1.316733
-0.434488 0.034732 1.326142
-0.474976 -0.037770 1.234583
-0.474527 -0.039011 1.231830
-0.608867 0.025108 1.329040
-0.624384 0.053472 1.313417
-0.624867 0.049068 1.309861
-0.665306 0.086061 1.202736
-0.660004 0.080130 1.206043
-0.451161 0.038974 1.293692
-0.454214 0.040946 1.290819
-0.422004 -0.002376 1.252280
-0.423614 -0.003785 1.254498
-0.464638 -0.000575 1.366600
-0.466185 0.006634 1.375113
-0.643844 0.060561 1.217767
-0.642921 0.109279 1.315534
-0.563589 -0.012779 1.355878
-0.573243 -0.006325 1.355259
-0.420384 0.010674 1.267233
-0.422047 0.008570 1.268690
-0.622395 0.048970 1.305262
-0.486296 -0.049153 1.239964
-0.493577 -0.046654 1.233350
-0.636670 0.199253 1.230570
-0.640496 0.192020 1.223625
-0.618271 0.166108 1.165145
-0.625442 0.153386 1.155775
-0.630860 0.152782 1.164006
-0.624778 0.163525 1.171548
-0.516013 0.087645 1.282503
-0.512976 0.088991 1.284924
-0.554146 0.114719 1.217702
-0.553746 0.117939 1.215639
-0.564065 0.127323 1.254533
-0.564351 0.131415 1.255018
-0.640701 0.057034 1.202993
-0.658677 0.075158 1.192793
-0.658891 0.079579 1.202670
-0.641136 0.060566 1.212520
-0.634707 0.061271 1.201759
-0.652371 0.080737 1.192288
-0.486296 -0.049153 1.239964
-0.486299 -0.051000 1.237540
-0.668876 0.214008 1.233581
-0.689817 0.199167 1.244712
-0.683746 0.196352 1.241275
-0.663498 0.211538 1.232629
-0.437118 -0.105697 1.273819
-0.422508 -0.096322 1.262470
-0.419631 -0.102848 1.270494
-0.429214 -0.110145 1.280140
-0.551274 -0.054822 1.263410
-0.538676 -0.055019 1.244901
-0.554762 -0.058071 1.261803
-0.541404 -0.058253 1.242213
-0.490339 -0.110957 1.348204
-0.480007 -0.111929 1.332574
-0.488256 -0.106453 1.347508
-0.481666 -0.116693 1.332552
-0.419631 -0.102848 1.270494
-0.435938 -0.095045 1.287460
-0.429214 -0.110145 1.280140
-0.426524 -0.087270 1.277102
-0.728273 0.152385 1.214602
-0.729530 0.163734 1.211918
-0.729659 0.150188 1.196782
-0.434363 -0.090643 1.251961
-0.450209 -0.082363 1.240603
-0.444293 -0.078944 1.235507
-0.428292 -0.087987 1.246435
-0.716104 0.227756 1.183973
-0.706688 0.234117 1.188148
-0.715651 0.230625 1.180589
-0.708265 0.230757 1.190609
-0.542100 -0.067805 1.332167
-0.527807 -0.087037 1.347930
-0.524363 -0.083688 1.347254
-0.538014 -0.065191 1.331391
-0.483728 -0.100019 1.260110
-0.462615 -0.111754 1.275702
-0.472748 -0.114082 1.289520
-0.499606 -0.101779 1.270982
-0.495266 -0.112052 1.322925
-0.472160 -0.118533 1.318240
-0.481666 -0.116693 1.332552
-0.485882 -0.113895 1.308790
-0.687227 0.231036 1.204561
-0.665292 0.224956 1.220107
-0.666090 0.228407 1.216891
-0.689111 0.227711 1.206734
-0.419464 -0.091972 1.253954
-0.547619 -0.061216 1.311377
-0.560590 -0.049182 1.281533
-0.554337 -0.055904 1.281040
-0.553401 -0.051950 1.313963
-0.710843 0.214254 1.208925
-0.711072 0.196369 1.225025
-0.704773 0.201922 1.230235
-0.701316 0.229817 1.183776
-0.683281 0.226971 1.198994
-0.447741 -0.069538 1.250456
-0.467677 -0.054231 1.225942
-0.468553 -0.048469 1.242746
-0.444293 -0.078944 1.235507
-0.492046 -0.050676 1.225402
-0.467677 -0.054231 1.225942
-0.492341 -0.060362 1.231760
-0.470120 -0.064023 1.233708
-0.422508 -0.096322 1.262470
-0.437118 -0.105697 1.273819
-0.422256 -0.100609 1.259934
-0.437135 -0.110148 1.271546
-0.538014 -0.065191 1.331391
-0.544562 -0.055608 1.336575
-0.709506 0.128037 1.195758
-0.716433 0.125999 1.198763
-0.716934 0.124236 1.194657
-0.710024 0.126378 1.191869
-0.727720 0.212027 1.175045
-0.727867 0.213995 1.171224
-0.738939 0.195671 1.163797
-0.738193 0.194604 1.168056
-0.475252 -0.095558 1.344129
-0.485364 -0.103957 1.365105
-0.479554 -0.110873 1.352689
-0.481792 -0.088185 1.356624
-0.492341 -0.060362 1.231760
-0.470120 -0.064023 1.233708
-0.470784 -0.066545 1.229565
-0.493168 -0.062981 1.227705
-0.475252 -0.095558 1.344129
-0.506749 -0.078627 1.308082
-0.513922 -0.073546 1.322561
-0.465806 -0.100070 1.327916
-0.725248 0.144449 1.218504
-0.696160 0.201965 1.238357
-0.740026 0.184274 1.163478
-0.734074 0.159302 1.169833
-0.739087 0.184713 1.167793
-0.733102 0.160249 1.174015
-0.465806 -0.100070 1.327916
-0.449477 -0.117909 1.305560
-0.447755 -0.100081 1.301675
-0.462496 -0.117714 1.324663
-0.660093 0.222677 1.213717
-0.662819 0.226792 1.219597
-0.658710 0.219889 1.216693
-0.661321 0.223872 1.222725
-0.717715 0.143999 1.216556
-0.717882 0.127091 1.194443
-0.715922 0.141779 1.219769
-0.718135 0.124640 1.190376
-0.711197 0.126744 1.187814
-0.527807 -0.087037 1.347930
-0.504623 -0.105264 1.340689
-0.510534 -0.096186 1.358913
-0.523261 -0.095242 1.333356
-0.630771 0.062608 1.197430
-0.631460 0.058485 1.200809
-0.632011 0.059756 1.194376
-0.632701 0.055633 1.197754
-0.738193 0.194604 1.168056
-0.739087 0.184713 1.167793
-0.740726 0.194487 1.171615
-0.741862 0.184584 1.171693
-0.447755 -0.100081 1.301675
-0.481172 -0.078357 1.271037
-0.489141 -0.080394 1.281029
-0.733806 0.179032 1.192122
-0.707826 0.145525 1.218149
-0.453985 0.042165 1.291542
-0.452572 0.041872 1.299675
-0.449919 0.045299 1.299197
-0.451171 0.045799 1.291034
-0.716104 0.227756 1.183973
-0.727720 0.212027 1.175045
-0.730434 0.211900 1.178861
-0.719001 0.227619 1.188046
-0.428292 -0.087987 1.246435
-0.435192 -0.075915 1.258379
-0.578252 -0.001382 1.227510
-0.561465 -0.022669 1.240566
-0.560811 -0.018642 1.236539
-0.583717 -0.000650 1.229047
-0.657509 0.210154 1.225592
-0.660087 0.214642 1.231218
-0.658108 0.206943 1.228270
-0.660712 0.211268 1.234053
-0.720971 0.211099 1.168064
-0.709536 0.226637 1.176843
-0.523296 -0.055646 1.236122
-0.542494 -0.049222 1.240342
-0.525123 -0.048564 1.230043
-0.538676 -0.055019 1.244901
-0.686641 0.188890 1.244128
-0.707826 0.145525 1.218149
-0.680789 0.187263 1.238110
-0.714130 0.146492 1.223779
-0.536770 -0.083565 1.273925
-0.512780 -0.101593 1.290310
-0.541986 -0.082166 1.293833
-0.517428 -0.100344 1.308835
-0.471625 -0.116054 1.338414
-0.707826 0.145525 1.218149
-0.732301 0.183568 1.160843
-0.731322 0.193952 1.161126
-0.488256 -0.106453 1.347508
-0.471625 -0.116054 1.338414
-0.479554 -0.110873 1.352689
-0.480007 -0.111929 1.332574
-0.722808 0.129445 1.177608
-0.716129 0.131607 1.174586
-0.590576 0.033035 1.340532
-0.580892 0.046737 1.347760
-0.585851 0.031547 1.333784
-0.574882 0.046483 1.342065
-0.450209 -0.082363 1.240603
-0.450733 -0.085634 1.237082
-0.493977 -0.097582 1.365275
-0.485364 -0.103957 1.365105
-0.671219 0.225243 1.222948
-0.665292 0.224956 1.220107
-0.733102 0.160249 1.174015
-0.729255 0.137468 1.182495
-0.736790 0.161931 1.179108
-0.724145 0.134030 1.176481
-0.724145 0.134030 1.176481
-0.609787 0.069762 1.175251
-0.612781 0.065317 1.180618
-0.613087 0.067980 1.178255
-0.607159 0.068350 1.175502
-0.711381 0.230611 1.194990
-0.693366 0.227424 1.210383
-0.708265 0.230757 1.190609
-0.689111 0.227711 1.206734
-0.527197 -0.080390 1.354814
-0.529176 -0.049522 1.329989
-0.544562 -0.055608 1.336575
-0.514493 -0.070672 1.346512
-0.448228 -0.111654 1.286609
-0.449477 -0.117909 1.305560
-0.457930 -0.113841 1.299792
-0.439823 -0.115789 1.292412
-0.542494 -0.049222 1.240342
-0.556942 -0.049041 1.261511
-0.530187 -0.043699 1.252924
-0.540848 -0.043536 1.268599
-0.540724 -0.012207 1.216148
-0.540203 -0.014753 1.218314
-0.547807 -0.014050 1.221497
-0.715922 0.141779 1.219769
-0.715999 0.148726 1.220572
-0.717715 0.143999 1.216556
-0.491203 -0.081841 1.360338
-0.500981 -0.093449 1.371237
-0.494762 -0.096674 1.372029
-0.470112 -0.072774 1.259354
-0.435938 -0.095045 1.287460
-0.726253 0.135713 1.172491
-0.543232 -0.043888 1.283338
-0.560590 -0.049182 1.281533
-0.539531 -0.083993 1.310173
-0.551679 -0.063923 1.311966
-0.558284 -0.058894 1.280564
-0.723861 0.132837 1.196256
-0.416506 -0.095275 1.259438
-0.426401 -0.080704 1.267128
-0.416565 -0.099150 1.265331
-0.426186 0.024333 1.310117
-0.427734 0.025142 1.306935
-0.424468 0.026552 1.309807
-0.426015 0.027361 1.306625
-0.731322 0.193952 1.161126
-0.732301 0.183568 1.160843
-0.663151 0.224235 1.211116
-0.547619 -0.061216 1.311377
-0.551679 -0.063923 1.311966
-0.490339 -0.110957 1.348204
-0.449245 -0.104400 1.260917
-0.448769 -0.116389 1.284977
-0.437135 -0.110148 1.271546
-0.524363 -0.083688 1.347254
-0.508060 -0.091959 1.357957
-0.527197 -0.080390 1.354814
-0.511226 -0.089425 1.365795
-0.554762 -0.058071 1.261803
-0.523644 -0.083752 1.254667
-0.541404 -0.058253 1.242213
-0.632011 0.059756 1.194376
-0.643758 0.081012 1.179953
-0.626008 0.062987 1.188918
-0.650100 0.077656 1.185012
-0.458903 -0.118717 1.298795
-0.686479 0.217104 1.224615
-0.525070 -0.058582 1.232536
-0.506618 -0.081800 1.242717
-0.500981 -0.093449 1.371237
-0.492046 -0.050676 1.225402
-0.517484 -0.043446 1.245794
-0.490262 -0.045165 1.242273
-0.525123 -0.048564 1.230043
-0.499874 -0.080223 1.296800
-0.603329 0.068875 1.312609
-0.600066 0.058355 1.322201
-0.597359 0.059173 1.320783
-0.606952 0.067835 1.316220
-0.625556 0.036665 1.298454
-0.621054 0.044950 1.301097
-0.624739 0.036368 1.294717
-0.622224 0.043772 1.303247
-0.561864 0.045485 1.351027
-0.567468 0.054919 1.343467
-0.569047 0.053707 1.345419
-0.559047 0.046026 1.350046
-0.611861 0.060161 1.311899
-0.610864 0.060620 1.309035
-0.600066 0.058355 1.322201
-0.602203 0.051220 1.317038
-0.597359 0.059173 1.320783
-0.604482 0.051663 1.318320
-0.577929 0.022818 1.339779
-0.590576 0.033035 1.340532
-0.585851 0.031547 1.333784
-0.582836 0.024042 1.347609
-0.590214 0.024016 1.329866
-0.583021 0.015822 1.335684
-0.551917 0.012834 1.197315
-0.530270 -0.004251 1.211070
-0.550601 0.015858 1.200555
-0.531586 -0.007275 1.207830
-0.553260 -0.018552 1.233388
-0.562706 -0.025521 1.237511
-0.554501 -0.021404 1.230333
-0.561465 -0.022669 1.240566
-0.575488 -0.002076 1.220812
-0.556806 -0.016482 1.232896
-0.574247 0.000777 1.223867
-0.558047 -0.019335 1.229841
-0.591032 0.036151 1.344990
-0.583284 0.027149 1.352075
-0.448594 0.043711 1.290371
-0.428500 0.024019 1.302947
-0.451408 0.040078 1.290878
-0.425686 0.027652 1.302440
-0.574882 0.046483 1.342065
-0.573269 0.037879 1.354731
-0.566969 0.038107 1.347770
-0.580892 0.046737 1.347760
-0.614940 0.035622 1.309554
-0.618858 0.036352 1.315645
-0.610871 0.050455 1.323950
-0.626747 0.045024 1.308529
-0.627596 0.047889 1.313097
-0.618215 0.059347 1.316782
-0.625993 0.052175 1.316679
-0.622570 0.056202 1.318053
-0.577929 0.022818 1.339779
-0.573269 0.037879 1.354731
-0.582836 0.024042 1.347609
-0.566969 0.038107 1.347770
-0.620221 0.039454 1.320197
-0.618735 0.043433 1.323629
-0.615313 0.047460 1.325002
-0.625556 0.036665 1.298454
-0.616563 0.027733 1.302789
-0.618124 0.028775 1.304418
-0.624739 0.036368 1.294717
-0.603329 0.068875 1.312609
-0.606952 0.067835 1.316220
-0.573914 0.046775 1.339956
-0.583356 0.031717 1.330588
-0.561864 0.045485 1.351027
-0.569047 0.053707 1.345419
-0.625556 0.036665 1.298454
-0.614940 0.035622 1.309554
-0.622224 0.043772 1.303247
-0.618124 0.028775 1.304418
-0.590214 0.024016 1.329866
-0.588395 0.023082 1.325499
-0.577650 0.035012 1.356287
-0.589177 0.040217 1.348128
-0.581319 0.031087 1.355313
-0.585508 0.044142 1.349102
-0.653689 0.074961 1.188233
-0.635007 0.060555 1.200317
-0.652448 0.077814 1.191288
-0.636248 0.057702 1.197262
-0.626747 0.045024 1.308529
-0.618858 0.036352 1.315645
-0.627596 0.047889 1.313097
-0.620221 0.039454 1.320197
-0.618735 0.043433 1.323629
-0.625993 0.052175 1.316679
-0.434676 0.038174 1.327937
-0.433191 0.036283 1.322628
-0.437330 0.034748 1.328415
-0.435844 0.032857 1.323106
-0.433191 0.036283 1.322628
-0.452851 0.050065 1.312277
-0.435844 0.032857 1.323106
-0.455505 0.046639 1.312756
-0.591032 0.036151 1.344990
-0.589177 0.040217 1.348128
-0.585508 0.044142 1.349102
-0.583284 0.027149 1.352075
-0.581319 0.031087 1.355313
-0.577650 0.035012 1.356287
-0.452059 0.042626 1.299221
-0.456368 0.045665 1.297084
-0.453005 0.042858 1.293631
-0.455564 0.044930 1.294279
-0.467677 -0.054231 1.225942
-0.468553 -0.048469 1.242746
-0.688173 0.191667 1.241158
-0.508060 -0.091959 1.357957
-0.496214 -0.101935 1.366318
-0.493977 -0.097582 1.365275
-0.510534 -0.096186 1.358913
-0.717715 0.143999 1.216556
-0.717882 0.127091 1.194443
-0.726846 0.160325 1.166659
-0.709506 0.128037 1.195758
-0.719387 0.137505 1.169654
-0.448228 -0.111654 1.286609
-0.448769 -0.116389 1.284977
-0.551274 -0.054822 1.263410
-0.556942 -0.049041 1.261511
-0.427198 0.025221 1.312475
-0.425548 0.027351 1.312178
-0.663498 0.211538 1.232629
-0.663287 0.208240 1.236092
-0.724481 0.131890 1.174180
-0.725083 0.174829 1.214650
-0.724281 0.198991 1.198888
-0.502584 -0.077055 1.355352
-0.511226 -0.089425 1.365795
-0.453845 0.047148 1.293971
-0.456368 0.045665 1.297084
-0.454717 0.047795 1.296786
-0.455564 0.044930 1.294279
-0.718649 0.186446 1.218868
-0.688173 0.191667 1.241158
-0.715999 0.148726 1.220572
-0.701316 0.229817 1.183776
-0.680789 0.187263 1.238110
-0.709536 0.226637 1.176843
-0.517484 -0.043446 1.245794
-0.490262 -0.045165 1.242273
-0.419464 -0.091972 1.253954
-0.657509 0.210154 1.225592
-0.658108 0.206943 1.228270
-0.658710 0.219889 1.216693
-0.660093 0.222677 1.213717
-0.660515 0.204046 1.230202
-0.663151 0.224235 1.211116
-0.683281 0.226971 1.198994
-0.710024 0.126378 1.191869
-0.717726 0.133896 1.171312
-0.711197 0.126744 1.187814
-0.716129 0.131607 1.174586
-0.720971 0.211099 1.168064
-0.472160 -0.118533 1.318240
-0.457930 -0.113841 1.299792
-0.470889 -0.113649 1.318806
-0.458903 -0.118717 1.298795
-0.650100 0.077656 1.185012
-0.654110 0.080899 1.189083
-0.648858 0.080508 1.188065
-0.655351 0.078046 1.186028
-0.496214 -0.101935 1.366318
-0.682262 0.193621 1.244297
-0.683746 0.196352 1.241275
-0.489200 -0.100417 1.369845
-0.496214 -0.101935 1.366318
-0.493977 -0.097582 1.365275
-0.462496 -0.117714 1.324663
-0.470889 -0.113649 1.318806
-0.726846 0.160325 1.166659
-0.493168 -0.062981 1.227705
-0.490368 -0.083284 1.239301
-0.540848 -0.043536 1.268599
-0.530187 -0.043699 1.252924
-0.439823 -0.115789 1.292412
-0.470784 -0.066545 1.229565
-0.450733 -0.085634 1.237082
-0.476775 -0.086597 1.239759
-0.462756 -0.094251 1.246239
-0.660515 0.204046 1.230202
-0.534331 -0.087515 1.322652
-0.542100 -0.067805 1.332167
-0.422256 -0.100609 1.259934
-0.434276 -0.094804 1.249235
-0.717726 0.133896 1.171312
-0.554337 -0.055904 1.281040
-0.558284 -0.058894 1.280564
-0.719387 0.137505 1.169654
-0.422256 -0.100609 1.259934
-0.434276 -0.094804 1.249235
-0.434363 -0.090643 1.251961
-0.422508 -0.096322 1.262470
-0.523296 -0.055646 1.236122
-0.525070 -0.058582 1.232536
-0.429731 0.030260 1.309810
-0.424468 0.026552 1.309807
-0.426015 0.027361 1.306625
-0.425548 0.027351 1.312178
-0.553401 -0.051950 1.313963
-0.537040 -0.046125 1.309856
-0.544562 -0.055608 1.336575
-0.529176 -0.049522 1.329989
-0.416506 -0.095275 1.259438
-0.416565 -0.099150 1.265331
-0.489200 -0.100417 1.369845
-0.494762 -0.096674 1.372029
-0.426524 -0.087270 1.277102
-0.426401 -0.080704 1.267128
-0.529176 -0.049522 1.329989
-0.537040 -0.046125 1.309856
-0.481792 -0.088185 1.356624
-0.491203 -0.081841 1.360338
-0.468553 -0.048469 1.242746
-0.543232 -0.043888 1.283338
-0.451171 0.045799 1.291034
-0.447305 0.042070 1.285771
-0.449084 0.043142 1.283579
-0.448594 0.043711 1.290371
-0.435192 -0.075915 1.258379
-0.447741 -0.069538 1.250456
-0.502584 -0.077055 1.355352
-0.514493 -0.070672 1.346512
-0.607123 0.070206 1.173755
-0.628741 0.091598 1.162564
-0.630118 0.089871 1.164736
-0.553811 -0.017281 1.226955
-0.565895 0.003851 1.212133
-0.571899 0.000619 1.217591
-0.559738 0.010927 1.208871
-0.539408 -0.009183 1.219387
-0.561054 0.007903 1.205631
-0.540724 -0.012207 1.216148
-0.534886 -0.009057 1.210834
-0.533570 -0.006032 1.214074
-0.424400 0.026015 1.297847
-0.427214 0.022382 1.298354
-0.612781 0.065317 1.180618
-0.605842 0.071375 1.178741
-0.617088 0.065309 1.188974
-0.641110 0.089081 1.176538
-0.636805 0.089088 1.168183
-0.642425 0.086056 1.173298
-0.455438 0.051678 1.309483
-0.452141 0.048129 1.307154
-0.458091 0.048252 1.309961
-0.454794 0.044703 1.307633
-0.429906 0.033780 1.322924
-0.434403 0.030410 1.318366
-0.431751 0.033836 1.317889
-0.432560 0.030354 1.323403
-0.550540 0.014561 1.195143
-0.527605 -0.003806 1.209573
-0.528922 -0.006831 1.206334
-0.549224 0.017586 1.198382
-0.419921 0.021504 1.290384
-0.422734 0.017871 1.290889
-0.423631 0.018236 1.288533
-0.420817 0.021870 1.288026
-0.528958 -0.008687 1.208081
-0.527642 -0.005662 1.211320
-0.435751 0.034291 1.333898
-0.433097 0.037717 1.333420
-0.419921 0.021504 1.290384
-0.423521 0.024896 1.294707
-0.422006 0.024160 1.297837
-0.422293 0.023333 1.290324
-0.655351 0.078046 1.186028
-0.657694 0.072802 1.191877
-0.663159 0.073535 1.193413
-0.653689 0.074961 1.188233
-0.632701 0.055633 1.197754
-0.640252 0.055544 1.200905
-0.636248 0.057702 1.197262
-0.640907 0.051516 1.204932
-0.449812 0.036851 1.276631
-0.446998 0.040485 1.276125
-0.445185 0.038952 1.275197
-0.447999 0.035318 1.275703
-0.614140 0.069727 1.183651
-0.615456 0.066702 1.180411
-0.618925 0.064830 1.183569
-0.617609 0.067854 1.186808
-0.640907 0.051516 1.204932
-0.639666 0.054368 1.207987
-0.454336 0.051956 1.317585
-0.456990 0.048531 1.318065
-0.546566 -0.011197 1.224552
-0.540203 -0.014753 1.218314
-0.538887 -0.011728 1.221553
-0.547807 -0.014050 1.221497
-0.615456 0.066702 1.180411
-0.555222 0.011049 1.200324
-0.537256 -0.010335 1.212990
-0.557591 0.009771 1.202479
-0.534886 -0.009057 1.210834
-0.460833 0.051874 1.320693
-0.458180 0.055300 1.320214
-0.640252 0.055544 1.200905
-0.639011 0.058395 1.203960
-0.553906 0.014074 1.203563
-0.555222 0.011049 1.200324
-0.579493 -0.004235 1.224456
-0.578252 -0.001382 1.227510
-0.632107 0.091111 1.170984
-0.611771 0.071005 1.181495
-0.633423 0.088086 1.167745
-0.613087 0.067980 1.178255
-0.451287 0.045077 1.293322
-0.453005 0.042858 1.293631
-0.618404 0.062284 1.185735
-0.607159 0.068350 1.175502
-0.446998 0.040485 1.276125
-0.446426 0.040951 1.282629
-0.445200 0.039390 1.278253
-0.425686 0.027652 1.302440
-0.424092 0.026816 1.305289
-0.424400 0.026015 1.297847
-0.629866 0.095145 1.166307
-0.631184 0.092120 1.163069
-0.635792 0.086809 1.169901
-0.636805 0.089088 1.168183
-0.633423 0.088086 1.167745
-0.437330 0.034748 1.328415
-0.460833 0.051874 1.320693
-0.456990 0.048531 1.318065
-0.435751 0.034291 1.333898
-0.553260 -0.018552 1.233388
-0.552570 -0.014429 1.230009
-0.556806 -0.016482 1.232896
-0.454794 0.044703 1.307633
-0.432182 0.027579 1.310410
-0.434403 0.030410 1.318366
-0.452572 0.041872 1.299675
-0.453985 0.042165 1.291542
-0.451408 0.040078 1.290878
-0.533570 -0.006032 1.214074
-0.553906 0.014074 1.203563
-0.535939 -0.007310 1.216230
-0.556275 0.012796 1.205719
-0.447999 0.035318 1.275703
-0.423631 0.018236 1.288533
-0.448014 0.035758 1.278760
-0.425107 0.019700 1.290831
-0.528958 -0.008687 1.208081
-0.531586 -0.007275 1.207830
-0.528922 -0.006831 1.206334
-0.564654 0.006703 1.215188
-0.570657 0.003471 1.220644
-0.546566 -0.011197 1.224552
-0.455438 0.051678 1.309483
-0.452851 0.050065 1.312277
-0.452141 0.048129 1.307154
-0.657694 0.072802 1.191877
-0.656453 0.075655 1.194931
-0.630118 0.089871 1.164736
-0.608471 0.072786 1.178491
-0.628802 0.092895 1.167976
-0.609787 0.069762 1.175251
-0.628741 0.091598 1.162564
-0.605806 0.073231 1.176994
-0.607123 0.070206 1.173755
-0.627424 0.094623 1.165804
-0.534581 -0.011720 1.213197
-0.562909 0.012044 1.209117
-0.558604 0.012051 1.200762
-0.564225 0.009019 1.205877
-0.429529 0.031004 1.309931
-0.432182 0.027579 1.310410
-0.429529 0.031004 1.309931
-0.642425 0.086056 1.173298
-0.647347 0.085100 1.177928
-0.639255 0.084940 1.173052
-0.631184 0.092120 1.163069
-0.577150 0.001009 1.218607
-0.579493 -0.004235 1.224456
-0.584958 -0.003502 1.225992
-0.575488 -0.002076 1.220812
-0.554501 -0.021404 1.230333
-0.562051 -0.021494 1.233484
-0.558047 -0.019335 1.229841
-0.562706 -0.025521 1.237511
-0.551917 0.012834 1.197315
-0.552983 0.015083 1.195648
-0.550540 0.014561 1.195143
-0.433097 0.037717 1.333420
-0.458180 0.055300 1.320214
-0.435751 0.034291 1.333898
-0.460833 0.051874 1.320693
-0.634475 0.089834 1.173139
-0.639255 0.084940 1.173052
-0.635792 0.086809 1.169901
-0.637938 0.087964 1.176292
-0.424092 0.026816 1.305289
-0.426907 0.023183 1.305797
-0.647347 0.085100 1.177928
-0.647035 0.086617 1.179411
-0.534581 -0.011720 1.213197
-0.422293 0.023333 1.290324
-0.445200 0.039390 1.278253
-0.425107 0.019700 1.290831
-0.448014 0.035758 1.278760
-0.447305 0.042070 1.285771
-0.450119 0.038437 1.286278
-0.452851 0.050065 1.312277
-0.455505 0.046639 1.312756
-0.584958 -0.003502 1.225992
-0.561465 -0.022669 1.240566
-0.583717 -0.000650 1.229047
-0.562706 -0.025521 1.237511
-0.449240 0.037318 1.283137
-0.446426 0.040951 1.282629
-0.539408 -0.009183 1.219387
-0.559738 0.010927 1.208871
-0.564225 0.009019 1.205877
-0.561054 0.007903 1.205631
-0.558604 0.012051 1.200762
-0.618404 0.062284 1.185735
-0.618925 0.064830 1.183569
-0.551666 0.018108 1.198886
-0.552983 0.015083 1.195648
-0.432560 0.030354 1.323403
-0.435844 0.032857 1.323106
-0.574247 0.000777 1.223867
-0.575909 0.003862 1.221662
-0.449919 0.045299 1.299197
-0.431751 0.033836 1.317889
-0.562909 0.012044 1.209117
-0.538887 -0.011728 1.221553
-0.527605 -0.003806 1.209573
-0.530270 -0.004251 1.211070
-0.527642 -0.005662 1.211320
-0.549224 0.017586 1.198382
-0.551666 0.018108 1.198886
-0.550601 0.015858 1.200555
-0.445185 0.038952 1.275197
-0.583717 -0.000650 1.229047
-0.575909 0.003862 1.221662
-0.584958 -0.003502 1.225992
-0.577150 0.001009 1.218607
-0.615313 0.047460 1.325002
-0.622570 0.056202 1.318053
-0.553811 -0.017281 1.226955
-0.552570 -0.014429 1.230009
-0.449084 0.043142 1.283579
-0.422006 0.024160 1.297837
-0.571899 0.000619 1.217591
-0.570657 0.003471 1.220644
-0.624767 0.065840 1.191973
-0.626008 0.062987 1.188918
-0.564654 0.006703 1.215188
-0.565895 0.003851 1.212133
-0.661918 0.076387 1.196468
-0.663159 0.073535 1.193413
-0.434676 0.038174 1.327937
-0.454336 0.051956 1.317585
-0.458180 0.055300 1.320214
-0.433097 0.037717 1.333420
-0.450409 0.044757 1.298923
-0.452059 0.042626 1.299221
-0.429731 0.030260 1.309810
-0.431381 0.028130 1.310107
-0.454717 0.047795 1.296786
-0.451287 0.045077 1.293322
-0.453845 0.047148 1.293971
-0.450409 0.044757 1.298923
-0.433191 0.036283 1.322628
-0.429906 0.033780 1.322924
-0.560811 -0.018642 1.236539
-0.562051 -0.021494 1.233484
-0.611861 0.060161 1.311899
-0.610871 0.050455 1.323950
-0.604482 0.051663 1.318320
-0.618215 0.059347 1.316782
-0.449240 0.037318 1.283137
-0.426335 0.021263 1.295214
-0.450119 0.038437 1.286278
-0.427214 0.022382 1.298354
-0.423521 0.024896 1.294707
-0.426335 0.021263 1.295214
-0.535939 -0.007310 1.216230
-0.537256 -0.010335 1.212990
-0.556275 0.012796 1.205719
-0.557591 0.009771 1.202479
-0.663159 0.073535 1.193413
-0.639666 0.054368 1.207987
-0.661918 0.076387 1.196468
-0.640907 0.051516 1.204932
-0.420817 0.021870 1.288026
-0.426186 0.024333 1.310117
-0.431381 0.028130 1.310107
-0.427734 0.025142 1.306935
-0.427198 0.025221 1.312475
-0.458091 0.048252 1.309961
-0.455505 0.046639 1.312756
-0.428500 0.024019 1.302947
-0.449812 0.036851 1.276631
-0.422734 0.017871 1.290889
-0.426907 0.023183 1.305797
-0.600066 0.058355 1.322201
-0.606952 0.067835 1.316220
-0.565866 0.130469 1.255210
-0.502767 0.073545 1.245403
-0.555132 0.116830 1.215355
-0.513869 0.087533 1.285477
-0.618925 0.064830 1.183569
-0.618404 0.062284 1.185735
-0.590214 0.024016 1.329866
-0.580629 0.013531 1.332528
-0.583021 0.015822 1.335684
-0.588395 0.023082 1.325499
-0.580629 0.013531 1.332528
-0.575090 0.021820 1.337172
-0.583021 0.015822 1.335684
-0.564159 0.037658 1.346055
-0.561864 0.045485 1.351027
-0.559047 0.046026 1.350046
-0.567468 0.054919 1.343467
-0.569047 0.053707 1.345419
-0.616563 0.027733 1.302789
-0.612080 0.036283 1.308446
-0.618124 0.028775 1.304418
-0.637525 0.115980 1.302934
-0.643354 0.121055 1.301096
-0.642807 0.118694 1.304605
-0.638093 0.117993 1.300095
-0.670509 0.120446 1.284890
-0.666071 0.126391 1.288372
-0.672707 0.122841 1.283455
-0.667488 0.130191 1.287568
-0.627163 0.155767 1.303191
-0.648224 0.183326 1.269866
-0.655381 0.182429 1.284729
-0.592238 0.122861 1.310157
-0.473920 0.031580 1.361281
-0.482021 0.003580 1.374306
-0.479026 0.024852 1.351400
-0.478746 0.007398 1.383354
-0.496609 -0.005141 1.362444
-0.493225 -0.020830 1.375446
-0.503007 -0.015238 1.359721
-0.484892 -0.008046 1.379706
-0.540300 0.014558 1.378831
-0.558522 -0.003380 1.361102
-0.558998 -0.006870 1.367782
-0.542704 0.018237 1.369368
-0.646057 0.129778 1.296009
-0.647436 0.135252 1.300797
-0.656139 0.125478 1.294416
-0.651780 0.124050 1.291805
-0.647092 0.117770 1.304167
-0.643983 0.106817 1.297720
-0.642807 0.118694 1.304605
-0.649343 0.109556 1.299472
-0.572645 -0.029704 1.352880
-0.572357 -0.022255 1.345580
-0.525695 -0.065719 1.360449
-0.509815 -0.045423 1.373650
-0.515478 -0.044709 1.379470
-0.530958 -0.065795 1.365060
-0.659555 0.096288 1.291351
-0.660052 0.098690 1.287857
-0.663811 0.095438 1.290920
-0.664296 0.098031 1.287098
-0.665889 0.187629 1.267140
-0.659483 0.186019 1.265463
-0.547620 -0.050921 1.270046
-0.541231 -0.061114 1.301505
-0.553931 -0.058441 1.269468
-0.548598 -0.071824 1.301386
-0.690356 0.121652 1.213814
-0.663386 0.086659 1.201982
-0.696990 0.110621 1.216537
-0.672294 0.079698 1.198050
-0.600241 0.179327 1.255696
-0.481960 0.067214 1.323427
-0.491110 0.058565 1.322373
-0.616061 0.176881 1.243753
-0.712598 0.145450 1.221470
-0.707097 0.155630 1.226141
-0.706395 0.144225 1.218720
-0.699909 0.156128 1.224222
-0.570166 -0.022031 1.341654
-0.603631 0.016331 1.314448
-0.606661 0.007530 1.304551
-0.573434 -0.032903 1.331234
-0.707097 0.155630 1.226141
-0.703295 0.169768 1.239789
-0.697333 0.168821 1.234000
-0.712646 0.157147 1.232264
-0.555618 -0.073929 1.301994
-0.561977 -0.060566 1.272258
-0.555471 -0.001431 1.353898
-0.588419 0.037527 1.327067
-0.515478 -0.044709 1.379470
-0.530958 -0.065795 1.365060
-0.704415 0.166537 1.246818
-0.685610 0.166845 1.268452
-0.694942 0.179180 1.254266
-0.696325 0.153107 1.260144
-0.672707 0.122841 1.283455
-0.706377 0.138851 1.251910
-0.678350 0.116024 1.278943
-0.703225 0.107490 1.225875
-0.699717 0.103621 1.218061
-0.701294 0.115526 1.220055
-0.675125 0.114751 1.281194
-0.678350 0.116024 1.278943
-0.549405 -0.081697 1.332974
-0.541771 -0.079740 1.332787
-0.659723 0.112414 1.285440
-0.653327 0.121928 1.290598
-0.666071 0.126391 1.288372
-0.670509 0.120446 1.284890
-0.570166 -0.022031 1.341654
-0.573434 -0.032903 1.331234
-0.579139 -0.033571 1.334586
-0.674987 0.187068 1.243781
-0.673538 0.173718 1.230955
-0.683814 0.177569 1.237008
-0.666479 0.183087 1.236179
-0.513308 -0.030403 1.351818
-0.507593 -0.041654 1.364307
-0.526861 0.076367 1.343762
-0.540216 0.080444 1.329409
-0.535418 0.073464 1.336116
-0.537613 0.091174 1.333217
-0.656841 0.121597 1.295578
-0.651780 0.124050 1.291805
-0.655435 0.123534 1.296693
-0.653327 0.121928 1.290598
-0.675125 0.114751 1.281194
-0.666990 0.103845 1.279719
-0.653829 0.091604 1.284839
-0.654266 0.093451 1.289541
-0.653278 0.089768 1.287334
-0.654795 0.095472 1.286712
-0.693847 0.182374 1.247216
-0.687473 0.182005 1.241754
-0.562775 0.067888 1.339717
-0.592238 0.122861 1.310157
-0.602611 0.114136 1.310995
-0.550325 0.077116 1.336997
-0.644033 0.098946 1.289351
-0.653829 0.091604 1.284839
-0.632708 0.089260 1.292113
-0.713790 0.153880 1.239273
-0.667488 0.130191 1.287568
-0.540216 0.080444 1.329409
-0.550325 0.077116 1.336997
-0.499181 -0.022318 1.390585
-0.494847 -0.023544 1.385229
-0.643971 0.040774 1.253046
-0.649312 0.044097 1.264455
-0.482156 0.070218 1.331225
-0.472870 0.054460 1.334840
-0.475614 0.059153 1.341506
-0.643983 0.106817 1.297720
-0.649872 0.111911 1.295951
-0.644527 0.108815 1.294879
-0.649343 0.109556 1.299472
-0.696135 0.142705 1.212531
-0.706395 0.144225 1.218720
-0.484104 -0.007962 1.390157
-0.647436 0.135252 1.300797
-0.612200 0.106388 1.309052
-0.627163 0.155767 1.303191
-0.646338 0.071095 1.281402
-0.628448 0.084043 1.295895
-0.644873 0.061725 1.282911
-0.637060 0.114163 1.298282
-0.636489 0.112329 1.300785
-0.535237 -0.078488 1.349117
-0.540590 -0.078707 1.354888
-0.687296 0.072734 1.255062
-0.712326 0.103865 1.239178
-0.630973 0.117229 1.299902
-0.637060 0.114163 1.298282
-0.619460 0.107657 1.302894
-0.580497 -0.039805 1.335738
-0.549405 -0.081697 1.332974
-0.540590 -0.078707 1.354888
-0.555471 -0.001431 1.353898
-0.712326 0.103865 1.239178
-0.721623 0.140099 1.232684
-0.679277 0.091757 1.275346
-0.687296 0.072734 1.255062
-0.559996 -0.037273 1.264104
-0.547620 -0.050921 1.270046
-0.562358 -0.045224 1.257939
-0.553931 -0.058441 1.269468
-0.693847 0.182374 1.247216
-0.703295 0.169768 1.239789
-0.679920 0.190072 1.247548
-0.687473 0.182005 1.241754
-0.712817 0.122730 1.229410
-0.707196 0.118172 1.226193
-0.640174 0.185800 1.265693
-0.528507 0.028931 1.367266
-0.572685 0.058606 1.339241
-0.540154 0.018959 1.365729
-0.526355 0.049310 1.355867
-0.583245 -0.029233 1.310255
-0.607097 -0.001249 1.291501
-0.597249 -0.011969 1.286560
-0.601818 -0.004663 1.280042
-0.647506 0.052391 1.275056
-0.649312 0.044097 1.264455
-0.672698 0.103343 1.281216
-0.672276 0.094143 1.275064
-0.679277 0.091757 1.275346
-0.657558 0.081079 1.278653
-0.655435 0.123534 1.296693
-0.656841 0.121597 1.295578
-0.657154 0.087086 1.282237
-0.670510 0.103501 1.284694
-0.666990 0.103845 1.279719
-0.675125 0.114751 1.281194
-0.691912 0.166861 1.230657
-0.681785 0.163049 1.224301
-0.672698 0.103343 1.281216
-0.671889 0.101545 1.283576
-0.668490 0.101707 1.278483
-0.667527 0.093494 1.284434
-0.668490 0.101707 1.278483
-0.654795 0.095472 1.286712
-0.664296 0.098031 1.287098
-0.660052 0.098690 1.287857
-0.661398 0.086426 1.281478
-0.640256 0.109566 1.295655
-0.666561 0.089626 1.282561
-0.660846 0.084390 1.284303
-0.656590 0.085240 1.284734
-0.666045 0.087218 1.286043
-0.653278 0.089768 1.287334
-0.654266 0.093451 1.289541
-0.659555 0.096288 1.291351
-0.663811 0.095438 1.290920
-0.667034 0.090901 1.288248
-0.640256 0.109566 1.295655
-0.639698 0.107742 1.298158
-0.650380 0.113207 1.301621
-0.650905 0.115741 1.297764
-0.647092 0.117770 1.304167
-0.647624 0.120305 1.300319
-0.526355 0.049310 1.355867
-0.521911 0.054376 1.361340
-0.475614 0.059153 1.341506
-0.482156 0.070218 1.331225
-0.599114 -0.023635 1.285847
-0.568905 -0.050031 1.261678
-0.561977 -0.060566 1.272258
-0.610701 -0.009987 1.274645
-0.601818 -0.004663 1.280042
-0.646593 0.032505 1.251288
-0.643971 0.040774 1.253046
-0.699171 0.094753 1.217073
-0.699717 0.103621 1.218061
-0.532016 0.031337 1.372378
-0.540154 0.018959 1.365729
-0.528507 0.028931 1.367266
-0.699171 0.094753 1.217073
-0.677339 0.073821 1.202070
-0.488883 -0.007376 1.396387
-0.480697 0.013387 1.388095
-0.475671 0.036843 1.366111
-0.475614 0.059153 1.341506
-0.472870 0.054460 1.334840
-0.480469 0.046408 1.330447
-0.528287 0.032215 1.377609
-0.628798 0.030964 1.219927
-0.677339 0.073821 1.202070
-0.672294 0.079698 1.198050
-0.635405 0.025925 1.225122
-0.480469 0.046408 1.330447
-0.689752 0.152169 1.218048
-0.655381 0.182429 1.284729
-0.684770 0.190568 1.262111
-0.718872 0.145626 1.226978
-0.712646 0.157147 1.232264
-0.712598 0.145450 1.221470
-0.718872 0.145626 1.226978
-0.600241 0.179327 1.255696
-0.643776 0.184090 1.259085
-0.677339 0.073821 1.202070
-0.635405 0.025925 1.225122
-0.712598 0.145450 1.221470
-0.632599 0.186758 1.270343
-0.640174 0.185800 1.265693
-0.685298 0.191505 1.253774
-0.684770 0.190568 1.262111
-0.651266 0.185073 1.260011
-0.607097 -0.001249 1.291501
-0.526355 0.049310 1.355867
-0.535418 0.073464 1.336116
-0.656139 0.125478 1.294416
-0.672698 0.103343 1.281216
-0.666071 0.126391 1.288372
-0.671889 0.101545 1.283576
-0.668490 0.101707 1.278483
-0.656139 0.125478 1.294416
-0.651780 0.124050 1.291805
-0.650905 0.115741 1.297764
-0.644527 0.108815 1.294879
-0.649872 0.111911 1.295951
-0.638093 0.117993 1.300095
-0.647624 0.120305 1.300319
-0.643354 0.121055 1.301096
-0.637525 0.115980 1.302934
-0.636489 0.112329 1.300785
-0.639698 0.107742 1.298158
-0.650380 0.113207 1.301621
-0.660846 0.084390 1.284303
-0.657154 0.087086 1.282237
-0.656590 0.085240 1.284734
-0.661398 0.086426 1.281478
-0.666561 0.089626 1.282561
-0.666045 0.087218 1.286043
-0.587649 -0.036536 1.308634
-0.583245 -0.029233 1.310255
-0.597249 -0.011969 1.286560
-0.488883 -0.007376 1.396387
-0.480697 0.013387 1.388095
-0.555618 -0.073929 1.301994
-0.623361 0.038629 1.226242
-0.599948 0.180940 1.264023
-0.568905 -0.050031 1.261678
-0.561977 -0.060566 1.272258
-0.530866 -0.071354 1.342804
-0.536226 -0.071224 1.330812
-0.524377 -0.044206 1.342497
-0.522728 -0.061116 1.351748
-0.530580 -0.051757 1.335087
-0.632599 0.186758 1.270343
-0.599948 0.180940 1.264023
-0.599948 0.180940 1.264023
-0.616061 0.176881 1.243753
-0.648543 0.179279 1.247559
-0.696135 0.142705 1.212531
-0.696135 0.142705 1.212531
-0.674987 0.187068 1.243781
-0.666479 0.183087 1.236179
-0.667034 0.090901 1.288248
-0.667527 0.093494 1.284434
-0.685298 0.191505 1.253774
-0.697333 0.168821 1.234000
-0.499181 -0.022318 1.390585
-0.685298 0.191505 1.253774
-0.679920 0.190072 1.247548
-0.679920 0.190072 1.247548
-0.665889 0.187629 1.267140
-0.659483 0.186019 1.265463
-0.707196 0.118172 1.226193
-0.712817 0.122730 1.229410
-0.718872 0.145626 1.226978
-0.721623 0.140099 1.232684
-0.663386 0.086659 1.201982
-0.475671 0.036843 1.366111
-0.583245 -0.029233 1.310255
-0.670510 0.103501 1.284694
0 1
0 2
0 42
0 43
1 2
1 3
1 399
2 3
2 4
2 42
2 44
3 4
3 5
3 399
3 400
4 5
4 6
4 44
4 45
5 6
5 7
5 400
5 401
6 7
6 8
6 9
6 45
7 8
7 401
7 402
8 9
8 10
8 11
8 402
8 403
9 11
9 45
9 46
9 47
10 11
10 12
10 13
10 403
10 404
11 13
11 47
11 48
12 13
12 14
12 15
12 404
12 405
13 14
13 48
13 49
14 15
14 16
14 49
14 50
15 16
15 17
15 405
15 406
16 17
16 18
16 50
17 18
17 19
17 406
17 407
18 19
18 20
18 21
18 50
18 51
18 52
19 20
19 407
19 408
20 21
20 22
20 23
20 408
20 409
21 22
21 52
21 53
22 23
22 25
22 53
22 54
23 24
23 25
23 409
23 410
24 25
24 26
24 27
24 410
24 411
25 26
25 54
25 55
26 27
26 28
26 55
26 56
27 28
27 29
27 411
27 412
28 29
28 30
28 56
28 57
29 30
29 31
29 412
29 413
30 31
30 32
30 57
31 32
31 33
31 413
31 414
32 33
32 34
32 57
32 58
32 59
33 34
33 35
33 414
33 415
34 35
34 37
34 59
34 60
35 36
35 37
35 415
35 416
36 37
36 38
36 39
36 416
36 417
37 39
37 60
37 61
38 39
38 40
38 417
38 418
39 40
39 41
39 61
40 41
40 418
41 61
41 62
42 43
42 44
42 63
42 65
43 63
43 64
44 45
44 65
44 66
45 46
45 66
45 67
46 47
46 67
46 68
47 48
47 68
47 69
48 49
48 69
48 70
49 50
49 70
49 71
50 51
50 71
51 52
51 71
51 72
51 73
52 53
52 73
52 74
53 54
53 74
53 75
54 55
54 75
54 76
55 56
55 76
55 77
56 57
56 77
56 78
57 58
57 78
58 59
58 78
58 79
58 80
59 60
59 80
59 81
60 61
60 81
60 82
61 62
61 82
62 82
62 83
63 64
63 65
63 84
63 85
63 86
64 84
65 66
65 86
65 87
66 67
66 87
66 88
67 68
67 88
68 69
68 88
68 89
68 90
69 70
69 90
69 91
70 71
70 91
70 92
71 72
71 92
71 93
72 73
72 93
73 74
73 93
73 94
73 95
74 75
74 95
74 96
75 76
75 96
75 97
76 77
76 97
76 98
77 78
77 98
77 99
78 79
78 99
79 80
79 99
79 100
80 81
80 100
80 101
81 82
81 101
81 102
81 103
82 83
82 103
83 103
83 104
84 85
84 105
85 86
85 105
85 106
85 107
86 87
86 107
86 108
87 88
87 108
87 109
88 89
88 109
89 90
89 109
89 110
90 91
90 110
90 111
90 112
91 92
91 112
91 113
92 93
92 113
92 114
93 94
93 114
94 95
94 114
94 115
95 96
95 115
95 116
95 117
96 97
96 117
96 118
97 98
97 118
97 119
98 99
98 119
99 100
99 119
99 120
100 101
100 120
100 121
100 122
101 102
101 122
101 123
102 103
102 123
102 124
103 104
103 124
104 124
104 125
105 106
105 126
106 107
106 126
106 127
106 128
107 108
107 128
107 129
108 109
108 129
108 130
109 110
109 130
110 111
110 130
110 131
111 112
111 131
111 132
111 133
112 113
112 133
112 134
113 114
113 134
113 135
114 115
114 135
115 116
115 135
115 136
116 117
116 136
116 137
116 138
117 118
117 138
117 139
118 119
118 139
118 140
119 120
119 140
120 121
120 140
120 141
121 122
121 141
121 142
122 123
122 142
122 143
122 144
123 124
123 144
123 145
124 125
124 145
125 145
125 146
126 127
126 147
127 128
127 147
127 148
127 149
128 129
128 149
128 150
129 130
129 150
129 151
130 131
130 151
131 132
131 151
131 152
132 133
132 152
132 153
132 154
133 134
133 154
133 155
134 135
134 155
134 156
135 136
135 156
136 137
136 156
136 157
137 138
137 157
137 158
137 159
138 139
138 159
138 160
139 140
139 160
139 161
140 141
140 161
141 142
141 161
141 162
142 143
142 162
142 163
143 144
143 163
143 164
143 165
144 145
144 165
144 166
145 146
145 166
146 166
146 167
147 148
147 168
148 149
148 168
148 169
148 170
149 150
149 170
149 171
150 151
150 171
150 172
151 152
151 172
152 153
152 172
152 173
153 154
153 173
153 174
153 175
154 155
154 175
154 176
155 156
155 176
155 177
156 157
156 177
157 158
157 177
157 178
158 159
158 178
158 179
158 180
159 160
159 180
159 181
160 161
160 181
160 182
161 162
161 182
162 163
162 182
162 183
163 164
163 183
163 184
164 165
164 184
164 185
164 186
165 166
165 186
165 187
166 167
166 187
167 187
167 188
168 169
168 189
169 170
169 189
169 190
169 191
170 171
170 191
170 192
171 172
171 192
171 193
172 173
172 193
173 174
173 193
173 194
174 175
174 194
174 195
174 196
175 176
175 196
175 197
176 177
176 197
176 198
177 178
177 198
178 179
178 198
178 199
179 180
179 199
179 200
179 201
180 181
180 201
180 202
181 182
181 202
181 203
182 183
182 203
183 184
183 203
183 204
184 185
184 204
184 205
185 186
185 205
185 206
185 207
186 187
186 207
186 208
187 188
187 208
188 208
188 209
189 190
189 210
189 211
190 191
190 211
191 192
191 211
191 212
192 193
192 212
192 213
193 194
193 213
193 214
193 215
194 195
194 215
194 216
195 196
195 216
196 197
196 216
196 217
197 198
197 217
197 218
198 199
198 218
198 219
198 220
199 200
199 220
199 221
200 201
200 221
201 202
201 221
201 222
202 203
202 222
202 223
203 204
203 223
203 224
203 225
204 205
204 225
204 226
205 206
205 226
205 227
206 207
206 227
207 208
207 227
207 228
208 209
208 228
208 229
208 230
209 230
210 211
210 231
210 232
211 212
211 232
212 213
212 232
212 233
213 214
213 233
213 234
214 215
214 234
214 235
214 236
215 216
215 236
215 237
216 217
216 237
217 218
217 237
217 238
218 219
218 238
218 239
219 220
219 239
219 240
219 241
220 221
220 241
220 242
221 222
221 242
222 223
222 242
222 243
223 224
223 243
223 244
224 225
224 244
224 245
224 246
225 226
225 246
225 247
226 227
226 247
226 248
227 228
227 248
228 229
228 248
228 249
229 230
229 249
229 250
229 251
230 251
231 232
231 252
231 253
232 233
232 253
233 234
233 253
233 254
234 235
234 254
234 255
235 236
235 255
235 256
235 257
236 237
236 257
236 258
237 238
237 258
238 239
238 258
238 259
239 240
239 259
239 260
240 241
240 260
240 261
240 262
241 242
241 262
241 263
242 243
242 263
243 244
243 263
243 264
244 245
244 264
244 265
245 246
245 265
245 266
245 267
246 247
246 267
246 268
247 248
247 268
247 269
248 249
248 269
249 250
249 269
249 270
250 251
250 270
250 271
250 272
251 272
252 253
252 273
252 274
253 254
253 274
254 255
254 274
254 275
255 256
255 275
255 276
256 257
256 276
256 277
256 278
257 258
257 278
257 279
258 259
258 279
259 260
259 279
259 280
260 261
260 280
260 281
261 262
261 281
261 282
261 283
262 263
262 283
262 284
263 264
263 284
264 265
264 284
264 285
265 266
265 285
265 286
266 267
266 286
266 287
266 288
267 268
267 288
267 289
268 269
268 289
268 290
269 270
269 290
270 271
270 290
270 291
271 272
271 291
271 292
271 293
272 293
273 274
273 294
273 295
274 275
274 295
275 276
275 295
275 296
276 277
276 296
276 297
277 278
277 297
277 298
277 299
278 279
278 299
278 300
279 280
279 300
280 281
280 300
280 301
281 282
281 301
281 302
282 283
282 302
282 303
282 304
283 284
283 304
283 305
284 285
284 305
285 286
285 305
285 306
286 287
286 306
286 307
287 288
287 307
287 308
287 309
288 289
288 309
288 310
289 290
289 310
290 291
290 310
290 311
291 292
291 311
291 312
292 293
292 312
292 313
292 314
293 314
294 295
294 315
294 316
295 296
295 315
296 297
296 315
296 317
297 298
297 317
297 318
298 299
298 318
298 319
298 320
299 300
299 320
300 301
300 320
300 321
301 302
301 321
301 322
302 303
302 322
302 323
303 304
303 323
303 324
303 325
304 305
304 325
305 306
305 325
305 326
306 307
306 326
306 327
307 308
307 327
307 328
308 309
308 328
308 329
309 310
309 329
309 330
309 331
310 311
310 331
310 332
311 312
311 332
311 333
312 313
312 333
313 314
313 333
313 334
313 335
314 335
315 316
315 317
315 336
315 337
316 336
317 318
317 337
317 338
318 319
318 338
318 339
319 320
319 339
319 340
320 321
320 340
320 341
321 322
321 341
321 342
322 323
322 342
322 343
323 324
323 343
323 344
323 345
324 325
324 345
325 326
325 345
325 346
326 327
326 346
326 347
327 328
327 347
327 348
328 329
328 348
328 349
329 330
329 349
329 350
330 331
330 350
330 351
330 352
331 332
331 352
332 333
332 352
332 353
333 334
333 353
333 354
334 335
334 354
334 355
334 356
335 356
336 337
336 357
337 338
337 357
337 358
338 339
338 358
338 359
339 340
339 359
339 360
339 361
340 341
340 361
341 342
341 361
341 362
342 343
342 362
342 363
343 344
343 363
343 364
344 345
344 364
344 365
344 366
345 346
345 366
346 347
346 366
346 367
347 348
347 367
347 368
348 349
348 368
348 369
349 350
349 369
349 370
350 351
350 370
350 371
351 352
351 371
351 372
351 373
352 353
352 373
353 354
353 373
353 374
354 355
354 374
354 375
355 356
355 375
355 376
355 377
356 377
357 358
357 378
358 359
358 378
358 379
359 360
359 379
359 380
360 361
360 380
360 381
360 382
361 362
361 382
362 363
362 382
362 383
363 364
363 383
363 384
364 365
364 384
364 385
365 366
365 385
365 386
366 367
366 386
366 387
366 388
367 368
367 388
368 369
368 388
368 389
369 370
369 389
369 390
370 371
370 390
370 391
371 372
371 391
371 392
372 373
372 392
372 393
373 374
373 393
373 394
374 375
374 394
374 395
375 376
375 395
375 396
376 377
376 396
376 397
376 398
377 398
378 379
378 419
379 380
379 419
379 420
380 381
380 420
380 421
381 382
381 421
381 422
382 383
382 422
382 423
383 384
383 423
383 424
384 385
384 424
384 425
385 386
385 425
385 426
386 387
386 426
386 427
387 388
387 427
387 428
388 389
388 428
388 429
389 390
389 429
389 430
390 391
390 430
390 431
391 392
391 431
391 432
392 393
392 432
392 433
393 394
393 433
393 434
394 395
394 434
394 435
395 396
395 435
395 436
396 397
396 436
396 437
397 398
397 437
397 438
398 438
439 440
439 441
439 442
440 441
441 442
441 1193
441 1194
441 1195
441 1196
441 1197
441 1198
441 1200
441 1201
442 1197
443 444
443 445
444 445
444 446
444 1471
445 446
445 465
445 466
446 1471
447 448
447 449
448 449
448 450
448 500
449 450
450 500
450 501
450 666
450 1456
451 452
451 453
451 454
452 453
452 454
452 583
452 584
452 585
452 859
453 585
453 734
454 859
455 456
455 457
455 805
455 1035
456 457
456 805
456 806
456 1359
456 1360
457 1359
458 459
458 460
458 1161
459 460
459 461
459 1435
460 461
460 1161
461 1435
462 463
462 464
463 464
463 465
463 466
464 465
465 466
467 468
467 469
467 473
467 478
467 492
467 689
467 756
467 764
468 469
468 473
468 484
469 484
469 485
469 756
470 471
470 472
470 1418
471 472
472 1118
472 1418
473 492
474 475
474 476
474 597
474 634
474 641
475 476
475 477
475 641
476 477
476 478
476 597
476 598
476 824
477 478
477 479
478 479
478 492
478 688
478 689
478 824
479 492
480 481
480 482
480 728
480 1461
481 482
481 483
482 483
482 728
482 729
482 1036
484 485
484 632
485 632
485 633
485 710
485 756
486 487
486 488
486 493
486 494
486 614
486 804
487 488
487 490
487 494
487 653
487 667
488 653
488 804
489 490
489 491
489 652
489 653
489 1152
489 1180
489 1181
489 1333
490 491
490 653
490 667
491 1333
493 494
493 614
493 786
493 787
493 794
493 949
494 667
494 949
495 496
495 497
495 506
495 1463
496 497
496 821
496 1463
497 819
497 821
498 499
498 500
498 707
499 500
499 501
499 706
499 707
500 501
501 665
501 666
502 503
502 504
502 735
502 1037
503 504
503 505
503 735
504 505
504 740
504 861
505 739
505 740
506 507
506 508
506 1462
506 1463
507 508
507 594
507 1430
508 594
508 1462
509 510
509 511
509 513
509 663
509 675
509 679
510 511
510 663
510 664
510 690
510 870
511 513
511 858
511 870
512 513
512 514
512 675
512 777
512 785
513 514
513 675
513 845
513 858
514 691
514 692
514 777
514 845
515 516
515 517
516 517
518 519
518 520
518 521
518 630
518 631
519 520
519 521
520 630
520 823
522 523
522 524
522 547
522 875
523 524
523 554
523 596
523 617
523 814
523 815
523 875
524 547
524 554
524 555
524 709
525 526
525 527
525 532
525 831
526 527
526 531
527 531
527 532
527 722
528 529
528 530
528 1303
528 1421
529 530
530 1303
532 702
532 703
532 722
532 762
532 763
532 831
532 840
532 863
533 534
533 535
533 549
534 535
535 549
535 550
536 537
536 538
537 538
537 539
537 878
538 539
539 878
539 879
540 541
540 542
540 670
540 749
541 542
541 543
542 543
542 749
544 545
544 546
545 546
547 709
548 549
548 550
549 550
551 552
551 553
551 559
551 560
552 553
552 560
552 589
553 586
553 589
554 555
554 593
554 595
554 596
555 593
556 557
556 558
556 681
556 745
556 1010
557 558
557 680
557 681
557 704
557 834
558 704
558 705
558 744
558 745
559 560
559 567
559 568
560 568
561 562
561 563
561 569
561 576
561 619
561 620
562 563
562 576
562 839
563 569
563 570
564 565
564 566
564 1353
564 1380
565 566
565 924
565 1380
566 1353
567 568
567 753
567 754
568 753
569 570
569 620
569 621
569 622
570 622
571 572
571 573
571 753
571 754
572 573
572 574
572 575
573 575
573 753
574 575
574 791
574 792
575 791
576 619
576 757
576 839
577 578
577 579
577 790
577 792
578 579
578 588
578 1001
579 790
579 1001
580 581
580 582
580 583
580 584
580 690
580 699
580 812
580 813
581 582
581 583
581 859
582 812
583 584
583 859
584 585
584 675
584 679
584 690
584 785
585 691
585 693
585 698
585 734
585 785
586 587
586 588
586 589
587 588
587 589
587 1001
588 1001
590 591
590 592
590 1437
591 592
591 606
591 1391
592 1391
592 1437
592 1438
594 1429
594 1430
595 596
596 617
596 618
597 598
597 634
597 635
598 824
599 600
599 601
599 602
599 747
599 748
599 755
600 601
600 602
601 748
602 755
602 862
603 604
603 605
603 609
603 1470
604 605
604 883
604 1470
605 883
605 1389
605 1390
606 607
606 608
606 1391
607 608
607 609
607 1470
608 609
608 1391
609 1470
610 611
610 612
610 1276
610 1277
611 612
611 613
611 1277
612 613
612 1173
612 1175
612 1331
613 1331
614 615
614 616
614 745
614 786
614 804
614 1445
615 616
615 804
615 827
616 683
616 827
616 1445
617 618
619 620
621 622
621 869
622 869
623 624
623 625
624 625
624 1145
625 1137
625 1138
625 1145
625 1146
625 1377
626 627
626 628
626 629
626 700
627 628
627 629
627 694
627 696
628 690
628 694
628 700
629 696
629 697
629 816
630 631
630 823
631 823
632 633
633 710
633 714
634 635
634 639
634 641
635 639
635 765
636 637
636 638
637 638
637 788
637 789
638 788
639 640
639 641
639 723
639 730
639 765
640 641
640 723
642 643
642 644
642 736
642 737
643 644
644 737
645 646
645 647
645 648
645 650
646 647
647 648
648 649
648 650
649 650
649 651
649 684
650 651
651 684
651 767
652 653
652 654
652 1151
652 1152
652 1153
653 654
654 783
654 784
654 1153
655 656
655 657
655 810
656 657
656 712
656 713
657 712
657 809
657 810
657 1291
658 659
658 660
658 661
658 662
659 660
660 661
661 662
663 664
664 679
664 690
665 666
665 767
666 684
666 767
666 1456
667 949
668 669
668 670
668 749
669 670
669 671
669 1475
670 671
670 749
671 1475
671 1476
672 673
672 674
672 1408
672 1410
673 674
673 1219
673 1220
673 1408
674 1220
675 679
675 785
676 677
676 678
677 678
679 690
680 681
680 682
680 833
680 834
681 682
681 683
682 683
682 832
682 833
682 860
683 827
683 860
684 767
685 686
685 687
686 687
688 689
688 824
689 764
690 699
690 700
691 692
691 693
691 777
691 785
692 693
695 696
695 697
695 698
695 734
696 697
696 698
696 808
697 816
697 817
698 734
698 808
699 700
699 813
701 702
701 703
701 811
702 703
702 811
702 831
704 705
704 834
704 1458
705 1458
706 707
706 708
706 1036
707 708
708 729
708 1036
710 714
710 756
711 712
711 713
711 1290
711 1420
712 713
712 1290
712 1291
713 1139
713 1140
715 716
715 717
715 1378
716 717
716 793
717 793
717 1363
717 1378
718 719
718 720
718 769
718 770
718 809
718 1388
719 720
719 721
719 769
719 1314
720 721
720 809
720 810
720 822
721 1314
722 840
723 730
724 725
724 726
724 974
724 1437
724 1438
725 726
725 727
725 974
726 727
726 1464
727 1464
727 1465
728 729
728 1461
729 1036
730 765
730 766
731 732
731 733
731 1125
731 1178
732 733
732 1125
733 1176
733 1178
735 1037
735 1038
736 737
736 738
736 981
737 738
738 892
738 981
739 740
739 778
739 779
740 779
740 861
741 742
741 743
741 795
742 743
743 795
744 745
744 746
745 746
745 786
745 1010
745 1445
746 786
747 748
747 755
750 751
750 752
750 1031
750 1032
751 752
751 1027
751 1032
752 1025
752 1026
752 1027
753 754
755 862
756 764
757 758
757 759
757 760
757 839
758 759
758 760
758 761
759 761
759 839
762 763
762 863
765 766
768 769
768 770
768 905
768 906
769 770
769 1314
770 906
770 1388
771 772
771 773
771 802
772 773
772 802
772 803
772 1401
773 1333
773 1401
774 775
774 776
775 776
777 785
778 779
778 796
778 797
779 796
779 861
780 781
780 782
781 782
783 784
784 1153
786 787
787 794
788 789
788 1425
789 1425
789 1426
790 791
790 792
791 792
793 1358
793 1363
794 802
794 803
794 949
796 797
796 798
796 864
797 798
798 864
798 865
799 800
799 801
800 801
802 803
802 949
805 806
805 807
805 938
805 1035
805 1148
806 807
806 962
806 1360
806 1363
806 1377
807 936
807 938
807 962
809 810
809 1388
810 822
812 813
814 815
814 841
814 875
815 841
816 817
818 819
818 820
818 825
818 826
819 820
819 821
820 821
820 826
825 826
827 860
828 829
828 830
829 830
832 833
832 860
833 834
833 1458
834 1458
835 836
835 837
835 857
836 837
836 838
836 856
837 838
837 843
837 857
838 856
840 863
842 843
842 844
842 852
842 854
842 857
843 844
843 857
845 858
846 847
846 848
847 848
849 850
849 851
849 1468
850 851
851 1468
852 853
852 854
853 854
853 855
854 855
854 857
864 865
864 1276
864 1379
865 1379
866 867
866 868
866 995
866 996
867 868
867 995
871 872
871 873
872 873
872 874
872 1424
873 874
874 1424
874 1432
876 877
876 878
876 995
876 996
877 878
877 879
877 996
878 879
880 881
880 882
880 884
881 882
881 884
883 1389
885 886
885 887
885 1348
885 1349
885 1366
886 887
887 1366
887 1367
888 889
888 890
888 891
889 890
889 891
889 1347
890 1347
892 893
892 894
892 981
893 894
894 981
895 896
895 897
895 1040
895 1188
896 897
896 898
896 1131
897 898
897 1040
898 1130
898 1131
899 900
899 901
899 932
899 934
900 901
900 1033
900 1034
901 932
901 1034
902 903
902 904
902 907
903 904
903 907
905 906
906 1290
906 1311
906 1312
906 1388
908 909
908 910
908 1269
908 1326
908 1327
908 1332
908 1339
908 1340
909 910
909 1337
909 1338
909 1339
910 1265
910 1266
910 1269
910 1337
910 1412
911 912
911 913
911 914
911 957
912 913
912 914
914 956
914 957
915 916
915 917
916 917
918 919
918 920
919 920
921 922
921 923
921 928
921 929
921 931
922 923
922 928
922 930
922 1064
923 931
923 939
924 925
924 926
924 1380
925 926
925 927
925 1380
926 927
926 966
927 966
927 967
928 929
928 930
930 931
930 939
930 1064
931 939
932 933
932 934
933 934
935 936
935 937
935 1150
936 937
936 938
936 962
936 989
936 990
936 1150
938 990
938 1148
939 1064
940 941
940 942
941 942
943 944
943 945
943 1251
944 945
945 1251
945 1252
946 947
946 948
947 948
950 951
950 952
951 952
953 954
953 955
953 1136
953 1154
954 955
954 1000
954 1009
954 1014
955 999
955 1000
955 1136
956 957
956 1039
956 1361
956 1362
957 1039
958 959
958 960
958 961
958 970
959 960
959 961
959 972
960 970
960 971
961 972
961 973
962 1138
962 1150
962 1377
963 964
963 965
963 969
963 1089
964 965
964 969
964 1088
965 1087
965 1089
966 967
966 968
966 1469
967 968
968 1469
969 1086
969 1088
970 971
970 973
971 972
971 973
972 973
974 1438
975 976
975 977
975 978
975 1090
976 977
976 978
976 979
977 1090
977 1091
978 979
978 980
979 980
979 1091
980 1090
980 1091
982 983
982 984
982 985
982 1160
983 984
983 985
983 994
984 1159
984 1160
985 994
985 997
986 987
986 988
987 988
989 990
991 992
991 993
992 993
994 997
994 1159
995 996
997 1159
997 1160
998 999
998 1000
998 1015
999 1000
999 1014
999 1015
1000 1009
1002 1003
1002 1004
1003 1004
1003 1466
1004 1466
1004 1467
1005 1006
1005 1007
1005 1433
1005 1434
1006 1007
1006 1008
1007 1008
1007 1434
1009 1014
1009 1015
1011 1012
1011 1013
1011 1058
1011 1067
1011 1068
1012 1013
1012 1067
1013 1058
1013 1062
1013 1063
1014 1015
1016 1017
1016 1018
1017 1018
1019 1020
1019 1021
1019 1069
1020 1021
1020 1069
1022 1023
1022 1024
1023 1024
1025 1026
1026 1027
1026 1065
1026 1066
1027 1066
1028 1029
1028 1030
1028 1084
1029 1030
1030 1083
1030 1084
1031 1032
1031 1055
1032 1055
1032 1057
1033 1034
1035 1148
1037 1038
1037 1243
1038 1243
1038 1443
1038 1444
1039 1361
1040 1188
1040 1189
1041 1042
1041 1043
1042 1043
1044 1045
1044 1046
1045 1046
1045 1054
1046 1053
1046 1054
1047 1048
1047 1049
1048 1049
1050 1051
1050 1052
1050 1286
1050 1297
1050 1417
1051 1052
1051 1257
1051 1286
1051 1294
1051 1315
1051 1319
1051 1320
1051 1376
1052 1257
1053 1054
1055 1056
1055 1057
1056 1057
1058 1062
1058 1085
1059 1060
1059 1061
1060 1061
1062 1063
1062 1068
1062 1085
1063 1067
1063 1068
1065 1066
1065 1247
1066 1247
1067 1068
1070 1071
1070 1072
1070 1192
1071 1072
1071 1187
1072 1183
1072 1184
1072 1185
1072 1186
1072 1187
1072 1191
1072 1192
1073 1074
1073 1075
1073 1219
1073 1220
1074 1075
1074 1076
1074 1219
1075 1076
1077 1078
1077 1079
1078 1079
1080 1081
1080 1082
1081 1082
1083 1084
1083 1206
1084 1206
1086 1087
1086 1088
1086 1089
1087 1088
1087 1089
1090 1091
1092 1093
1092 1094
1092 1098
1092 1222
1093 1094
1093 1098
1094 1222
1094 1223
1095 1096
1095 1097
1095 1109
1095 1110
1096 1097
1097 1110
1099 1100
1099 1101
1099 1214
1100 1101
1101 1214
1101 1215
1102 1103
1102 1104
1103 1104
1103 1105
1104 1105
1104 1106
1105 1106
1105 1107
1106 1107
1108 1109
1108 1110
1109 1110
1111 1112
1111 1113
1111 1370
1111 1373
1112 1113
1112 1166
1112 1370
1113 1166
1113 1167
1114 1115
1114 1116
1114 1117
1115 1116
1115 1117
1118 1119
1118 1120
1118 1418
1119 1120
1119 1121
1120 1121
1120 1418
1122 1123
1122 1124
1122 1126
1122 1164
1123 1124
1123 1126
1123 1147
1124 1164
1124 1165
1126 1147
1126 1149
1127 1128
1127 1129
1128 1129
1130 1131
1132 1133
1132 1134
1132 1135
1132 1244
1132 1246
1133 1134
1133 1135
1133 1335
1134 1244
1135 1335
1135 1336
1136 1154
1136 1202
1137 1138
1138 1150
1138 1377
1138 1436
1139 1140
1141 1142
1141 1143
1142 1143
1142 1144
1143 1144
1145 1146
1145 1460
1146 1377
1146 1460
1147 1149
1147 1165
1149 1164
1149 1165
1150 1436
1151 1152
1151 1153
1152 1180
1154 1202
1155 1156
1155 1157
1155 1158
1155 1162
1156 1157
1156 1158
1156 1225
1157 1162
1157 1163
1158 1224
1158 1225
1159 1160
1162 1163
1162 1224
1163 1224
1163 1225
1164 1165
1166 1167
1166 1364
1167 1364
1167 1365
1168 1169
1168 1170
1168 1171
1169 1170
1169 1171
1169 1182
1170 1182
1172 1173
1172 1174
1172 1444
1172 1459
1173 1174
1173 1175
1174 1175
1174 1459
1175 1331
1176 1177
1176 1178
1177 1178
1177 1179
1178 1179
1180 1181
1180 1477
1181 1333
1181 1401
1181 1477
1183 1184
1183 1187
1184 1185
1185 1186
1186 1191
1188 1189
1188 1190
1189 1190
1189 1199
1190 1199
1191 1192
1193 1194
1193 1198
1194 1200
1195 1196
1196 1201
1197 1200
1198 1201
1203 1204
1203 1205
1203 1402
1204 1205
1204 1402
1204 1407
1205 1407
1205 1409
1207 1208
1207 1209
1208 1209
1210 1211
1210 1212
1210 1213
1211 1212
1211 1213
1214 1215
1216 1217
1216 1218
1216 1221
1217 1218
1217 1221
1219 1220
1222 1223
1222 1368
1223 1368
1223 1369
1224 1225
1226 1227
1226 1228
1226 1232
1226 1234
1226 1239
1227 1228
1227 1232
1227 1235
1227 1237
1228 1233
1228 1234
1228 1237
1229 1230
1229 1231
1230 1231
1230 1346
1230 1413
1231 1346
1232 1235
1232 1241
1233 1234
1233 1237
1233 1240
1234 1238
1234 1239
1234 1240
1235 1236
1235 1237
1235 1241
1235 1242
1236 1237
1238 1239
1241 1242
1243 1444
1244 1245
1244 1246
1244 1308
1244 1309
1245 1246
1245 1308
1248 1249
1248 1250
1248 1393
1248 1398
1248 1399
1249 1250
1249 1398
1250 1392
1250 1393
1251 1252
1251 1253
1252 1253
1252 1341
1252 1342
1253 1342
1254 1255
1254 1256
1254 1284
1254 1285
1255 1256
1256 1284
1257 1292
1257 1293
1257 1294
1258 1259
1258 1260
1258 1261
1258 1264
1258 1386
1259 1260
1259 1264
1261 1262
1261 1263
1261 1344
1261 1386
1262 1263
1262 1344
1262 1345
1263 1386
1264 1386
1265 1266
1266 1267
1266 1269
1267 1268
1267 1269
1268 1269
1268 1332
1269 1332
1270 1271
1270 1272
1270 1317
1270 1394
1270 1395
1271 1272
1271 1394
1272 1316
1272 1317
1273 1274
1273 1275
1274 1275
1276 1277
1276 1379
1277 1379
1278 1279
1278 1280
1278 1382
1278 1419
1279 1280
1279 1316
1279 1318
1279 1419
1280 1381
1280 1382
1281 1282
1281 1283
1281 1328
1281 1329
1281 1387
1281 1422
1282 1283
1282 1328
1282 1397
1282 1415
1283 1387
1283 1397
1284 1285
1286 1297
1286 1298
1286 1302
1286 1319
1287 1288
1287 1289
1287 1411
1287 1423
1287 1427
1288 1289
1288 1381
1288 1382
1289 1381
1289 1411
1290 1291
1290 1312
1290 1388
1290 1420
1291 1388
1292 1293
1292 1294
1292 1295
1294 1295
1294 1296
1294 1315
1295 1296
1296 1315
1297 1298
1297 1417
1298 1302
1299 1300
1299 1301
1300 1301
1302 1319
1303 1421
1304 1305
1304 1306
1304 1307
1304 1325
1305 1306
1305 1307
1305 1403
1305 1404
1306 1325
1306 1334
1307 1403
1308 1309
1308 1310
1308 1392
1309 1310
1310 1392
1310 1393
1311 1312
1311 1313
1312 1313
1312 1420
1315 1376
1316 1317
1316 1318
1317 1318
1318 1419
1319 1320
1320 1376
1321 1322
1321 1323
1321 1324
1321 1335
1322 1323
1322 1324
1322 1383
1322 1384
1323 1383
1324 1335
1324 1336
1325 1334
1325 1343
1325 1431
1326 1327
1326 1332
1327 1340
1328 1329
1328 1330
1329 1330
1329 1396
1329 1422
1330 1334
1330 1343
1330 1396
1333 1401
1334 1343
1335 1336
1337 1338
1337 1412
1338 1339
1339 1340
1341 1342
1343 1396
1343 1431
1344 1345
1346 1413
1348 1349
1348 1366
1350 1351
1350 1352
1350 1374
1351 1352
1352 1374
1352 1375
1354 1355
1354 1356
1354 1450
1355 1356
1355 1357
1355 1457
1356 1357
1356 1450
1357 1457
1358 1359
1358 1360
1358 1363
1359 1360
1360 1363
1361 1362
1363 1377
1363 1378
1364 1365
1366 1367
1368 1369
1370 1371
1370 1372
1370 1373
1371 1372
1371 1373
1374 1375
1377 1378
1381 1382
1383 1384
1383 1385
1384 1385
1384 1400
1385 1398
1385 1399
1385 1400
1389 1390
1389 1405
1390 1405
1390 1406
1392 1393
1394 1395
1397 1414
1397 1415
1398 1399
1398 1400
1403 1404
1405 1406
1405 1464
1406 1464
1406 1465
1407 1408
1407 1409
1408 1409
1408 1410
1409 1410
1411 1423
1414 1415
1414 1416
1415 1416
1423 1427
1424 1425
1424 1426
1424 1432
1425 1426
1426 1432
1428 1429
1428 1430
1429 1430
1433 1434
1437 1438
1439 1440
1439 1441
1440 1441
1440 1442
1441 1442
1443 1444
1443 1459
1444 1459
1446 1447
1446 1448
1446 1449
1446 1451
1446 1452
1447 1448
1447 1449
1448 1451
1451 1452
1453 1454
1453 1455
1454 1455
1462 1463
1464 1465
1466 1467
1472 1473
1472 1474
1473 1474
1475 1476
1478 1479
1478 1480
1478 1481
1479 1480
1480 1481
1480 1991
1480 1992
1480 2022
1480 2023
1481 2023
1482 1483
1482 1484
1482 1506
1482 1507
1483 1484
1483 1485
1483 1531
1484 1485
1484 1507
1485 1531
1485 1532
1486 1487
1486 1488
1486 1489
1487 1488
1487 1489
1487 1502
1487 1506
1488 1502
1490 1491
1490 1492
1491 1492
1491 1628
1491 1629
1491 1652
1492 1652
1492 1786
1492 1787
1493 1494
1493 1495
1493 1523
1493 1566
1494 1495
1494 1566
1494 1567
1494 1689
1494 1690
1495 1512
1495 1513
1495 1523
1495 1690
1496 1497
1496 1498
1496 1521
1496 1522
1496 1643
1496 1840
1497 1498
1497 1522
1497 1527
1498 1527
1498 1736
1498 1737
1498 1811
1498 1840
1499 1500
1499 1501
1499 1508
1499 1801
1500 1501
1500 1508
1500 1585
1500 1586
1500 1774
1500 1784
1500 1785
1500 1791
1501 1791
1502 1506
1502 1507
1503 1504
1503 1505
1504 1505
1506 1507
1508 1774
1508 1797
1508 1801
1509 1510
1509 1511
1509 1692
1509 1765
1509 1767
1510 1511
1510 1692
1511 1765
1512 1513
1512 1523
1513 1690
1514 1515
1514 1516
1515 1516
1517 1518
1517 1519
1517 1753
1517 1755
1517 1756
1518 1519
1518 1520
1518 1755
1519 1520
1519 1521
1519 1756
1519 1757
1520 1521
1520 1522
1521 1522
1521 1643
1521 1757
1524 1525
1524 1526
1524 1985
1525 1526
1526 1985
1526 2016
1527 1736
1528 1529
1528 1530
1529 1530
1529 1584
1530 1583
1530 1584
1531 1532
1533 1534
1533 1535
1533 1637
1533 1638
1533 1639
1533 1658
1533 1708
1533 1914
1534 1535
1534 1607
1534 1644
1534 1646
1534 1708
1535 1658
1536 1537
1536 1538
1536 1652
1536 1771
1537 1538
1537 1628
1537 1718
1537 1719
1537 1771
1538 1652
1538 1719
1538 1786
1538 1787
1538 1799
1539 1540
1539 1541
1540 1541
1540 1545
1541 1545
1542 1543
1542 1544
1542 1546
1542 1804
1543 1544
1543 1546
1543 1554
1543 1927
1543 1928
1543 1929
1546 1554
1546 1804
1547 1548
1547 1549
1547 1836
1547 2044
1548 1549
1549 1835
1549 1836
1550 1551
1550 1552
1550 1780
1550 1995
1551 1552
1551 1553
1551 1780
1552 1553
1552 1910
1553 1769
1553 1770
1553 1910
1554 1558
1554 1559
1554 1796
1554 1928
1555 1556
1555 1557
1555 1580
1555 1834
1555 1849
1556 1557
1556 1680
1556 1681
1557 1580
1557 1681
1558 1559
1558 1668
1559 1668
1559 1669
1559 1796
1559 1841
1559 1842
1560 1561
1560 1562
1561 1562
1563 1564
1563 1565
1563 1751
1563 1752
1563 1838
1564 1565
1564 1838
1565 1751
1566 1567
1567 1689
1568 1569
1568 1570
1568 1958
1569 1570
1569 1850
1570 1759
1570 1760
1570 1850
1570 1903
1570 1904
1570 1958
1571 1572
1571 1573
1571 1597
1571 2004
1572 1573
1572 1604
1572 1670
1572 1677
1572 1678
1572 1920
1572 1921
1572 2004
1573 1597
1573 1604
1574 1575
1574 1576
1574 1872
1575 1576
1575 1775
1575 1776
1575 1863
1575 1872
1576 1776
1576 1858
1577 1578
1577 1579
1577 1581
1577 1939
1578 1579
1579 1581
1579 1851
1579 1944
1579 1945
1580 1834
1581 1851
1581 1852
1581 1939
1581 1940
1582 1583
1582 1584
1583 1584
1585 1586
1585 1784
1586 1774
1587 1588
1587 1589
1587 1883
1587 1884
1588 1589
1588 1593
1588 1884
1589 1593
1589 1922
1590 1591
1590 1592
1590 1726
1590 1727
1591 1592
1591 1727
1593 1922
1594 1595
1594 1596
1594 1792
1595 1596
1595 2032
1596 1792
1596 1793
1596 2032
1598 1599
1598 1600
1598 1605
1598 1606
1599 1600
1599 1606
1599 1633
1600 1630
1600 1633
1601 1602
1601 1603
1602 1603
1602 1820
1603 1820
1603 1821
1604 1670
1605 1606
1605 1613
1606 1613
1606 1795
1607 1608
1607 1609
1607 1646
1608 1609
1608 1646
1608 1815
1609 1814
1609 1815
1610 1611
1610 1612
1610 1687
1611 1612
1611 1645
1611 1646
1611 1666
1611 1687
1612 1666
1612 1667
1613 1617
1613 1795
1614 1615
1614 1616
1614 1621
1614 1625
1614 1627
1615 1616
1615 1621
1616 1625
1617 1618
1617 1619
1617 1795
1618 1619
1618 1620
1619 1620
1619 1795
1619 1818
1620 1818
1620 1819
1622 1623
1622 1624
1622 1626
1622 1700
1622 1716
1622 1717
1623 1624
1623 1626
1623 1848
1624 1716
1625 1627
1626 1699
1626 1700
1626 1846
1626 1848
1628 1629
1628 1652
1628 1771
1628 1919
1629 1919
1630 1631
1630 1632
1630 1633
1631 1632
1631 1633
1631 1758
1632 1758
1632 1817
1634 1635
1634 1636
1635 1636
1635 1896
1636 1896
1637 1638
1637 1639
1637 2045
1638 1914
1639 1708
1639 1709
1639 2045
1640 1641
1640 1642
1640 1651
1641 1642
1642 1650
1642 1651
1643 1757
1643 1840
1644 1645
1644 1646
1644 1708
1645 1646
1645 1666
1646 1687
1646 1937
1647 1648
1647 1649
1648 1649
1650 1651
1652 1771
1652 1787
1653 1654
1653 1655
1653 1661
1653 1735
1654 1655
1654 1735
1654 1897
1655 1897
1655 1905
1656 1657
1656 1658
1656 1814
1656 1815
1657 1658
1657 1815
1657 1914
1658 1914
1659 1660
1659 1661
1660 1661
1660 1735
1661 1735
1662 1663
1662 1664
1662 1916
1662 1917
1663 1664
1663 1665
1663 1917
1664 1665
1664 1739
1665 1739
1665 1946
1666 1667
1666 1867
1667 1867
1667 1868
1667 1971
1668 1669
1668 1679
1669 1679
1669 1841
1670 1677
1671 1672
1671 1673
1672 1673
1674 1675
1674 1676
1674 1788
1674 1790
1674 1826
1674 1903
1675 1676
1675 1826
1675 1938
1676 1903
1676 1938
1677 1678
1680 1681
1680 1688
1681 1688
1682 1683
1682 1684
1682 1833
1683 1684
1683 1833
1683 1977
1684 1833
1685 1686
1685 1687
1685 1691
1685 1741
1685 1742
1686 1687
1686 1691
1686 1937
1687 1742
1687 1937
1689 1690
1691 1741
1691 1871
1693 1694
1693 1695
1693 1782
1694 1695
1695 1782
1695 1783
1696 1697
1696 1698
1696 1768
1696 1822
1697 1698
1697 1768
1697 1773
1698 1822
1698 1905
1699 1700
1701 1702
1701 1703
1701 1745
1701 1746
1702 1703
1703 1746
1704 1705
1704 1706
1704 1707
1705 1706
1705 1707
1708 1709
1710 1711
1710 1712
1711 1712
1711 1823
1711 1861
1712 1823
1713 1714
1713 1715
1713 1721
1713 2056
1714 1715
1714 1721
1716 1717
1716 1979
1717 1979
1718 1719
1718 1720
1719 1720
1719 1799
1720 1799
1720 1800
1721 2056
1722 1723
1722 1724
1722 1725
1722 1730
1723 1724
1723 1725
1723 2034
1724 1730
1724 1731
1725 2034
1725 2035
1726 1727
1726 1728
1726 1802
1726 1803
1727 1728
1728 1803
1729 1730
1729 1731
1729 1824
1729 1825
1730 1731
1730 1824
1732 1733
1732 1734
1733 1734
1736 1737
1737 1811
1738 1739
1738 1740
1738 1744
1738 1780
1739 1740
1739 1744
1739 1946
1740 1946
1741 1742
1741 1743
1741 1871
1742 1743
1743 1871
1744 1780
1744 1995
1745 1746
1745 1747
1746 1747
1748 1749
1748 1750
1749 1750
1749 1870
1750 1870
1751 1752
1753 1754
1753 1755
1753 1756
1753 1813
1753 1816
1754 1755
1754 1813
1756 1757
1758 1817
1758 1818
1759 1760
1759 1904
1759 1926
1759 1948
1760 1926
1761 1762
1761 1763
1761 1764
1761 1828
1762 1763
1762 1764
1762 1984
1763 1827
1763 1828
1764 1984
1765 1766
1765 1767
1766 1767
1766 2049
1767 2049
1768 1772
1768 1773
1769 1770
1769 1809
1770 1808
1770 1809
1770 1910
1772 1773
1774 1797
1775 1776
1775 1781
1775 1863
1776 1781
1776 1857
1776 1858
1777 1778
1777 1779
1777 1829
1777 2058
1778 1779
1778 2058
1779 1829
1779 2033
1780 1995
1781 1857
1782 1783
1782 1975
1783 1975
1783 1976
1784 1785
1785 1791
1785 1812
1786 1787
1786 1798
1786 1799
1788 1789
1788 1790
1788 1850
1788 1903
1789 1790
1789 1850
1791 1812
1792 1793
1792 1794
1793 1794
1793 2009
1794 2008
1794 2009
1796 1842
1796 1928
1796 1951
1797 1801
1798 1799
1798 1800
1799 1800
1802 1803
1805 1806
1805 1807
1805 2021
1806 1807
1806 1824
1806 1825
1807 1825
1807 2021
1808 1809
1808 1810
1808 1837
1808 1916
1809 1810
1810 1837
1811 1840
1813 1816
1814 1815
1817 1818
1817 1819
1818 1819
1820 1821
1822 1897
1822 1905
1823 1861
1823 1873
1824 1825
1827 1828
1829 2033
1830 1831
1830 1832
1831 1832
1831 1906
1832 1906
1833 1977
1834 1849
1835 1836
1835 1839
1836 1839
1836 2044
1837 1916
1837 1917
1841 1842
1842 1951
1842 2050
1842 2051
1843 1844
1843 1845
1843 1885
1843 1887
1844 1845
1844 1887
1846 1847
1846 1848
1847 1848
1850 1903
1851 1852
1851 1945
1853 1854
1853 1855
1853 1856
1854 1855
1854 1856
1854 1993
1855 1993
1855 1994
1857 1858
1859 1860
1859 1861
1859 1862
1860 1861
1860 1862
1860 1873
1861 1873
1863 1872
1864 1865
1864 1866
1864 1869
1864 2060
1865 1866
1865 1869
1865 1888
1865 1889
1866 1888
1867 1868
1868 1971
1869 2060
1874 1875
1874 1876
1875 1876
1875 1901
1876 1901
1877 1878
1877 1879
1877 1960
1878 1879
1879 1960
1880 1881
1880 1882
1881 1882
1881 1978
1882 1978
1882 1980
1883 1884
1883 1918
1884 1918
1885 1886
1885 1887
1886 1887
1888 1889
1890 1891
1890 1892
1891 1892
1893 1894
1893 1895
1894 1895
1897 1905
1898 1899
1898 1900
1899 1900
1899 1902
1900 1902
1903 1904
1904 1948
1907 1908
1907 1909
1908 1909
1908 2059
1909 2059
1911 1912
1911 1913
1911 1947
1912 1913
1912 1915
1912 1947
1913 1915
1913 1952
1915 1952
1916 1917
1920 1921
1920 1949
1920 2004
1921 1949
1923 1924
1923 1925
1924 1925
1924 1953
1924 1954
1924 1959
1925 1959
1927 1928
1927 1929
1927 1950
1928 1950
1928 1951
1928 2061
1928 2062
1930 1931
1930 1932
1930 2024
1931 1932
1931 1933
1931 2052
1932 1933
1932 1999
1932 2024
1933 1999
1933 2052
1934 1935
1934 1936
1935 1936
1939 1940
1941 1942
1941 1943
1942 1943
1944 1945
1953 1954
1953 1959
1953 1961
1955 1956
1955 1957
1956 1957
1959 1961
1962 1963
1962 1964
1963 1964
1965 1966
1965 1967
1966 1967
1968 1969
1968 1970
1969 1970
1972 1973
1972 1974
1973 1974
1975 1976
1978 1980
1978 2043
1980 2043
1981 1982
1981 1983
1982 1983
1985 2016
1986 1987
1986 1988
1986 1990
1987 1988
1987 2027
1988 1989
1988 1990
1988 2025
1988 2026
1988 2027
1988 2028
1989 1990
1989 2026
1991 1992
1992 2022
1993 1994
1996 1997
1996 1998
1997 1998
2000 2001
2000 2002
2001 2002
2001 2003
2002 2003
2005 2006
2005 2007
2006 2007
2008 2009
2010 2011
2010 2012
2011 2012
2013 2014
2013 2015
2014 2015
2017 2018
2017 2019
2018 2019
2018 2020
2019 2020
2022 2023
2025 2026
2025 2028
2027 2028
2029 2030
2029 2031
2030 2031
2034 2035
2036 2037
2036 2038
2036 2039
2037 2038
2037 2039
2040 2041
2040 2042
2041 2042
2046 2047
2046 2048
2047 2048
2050 2051
2053 2054
2053 2055
2054 2055
2054 2057
2055 2057
2061 2062
2063 2064
2063 2065
2063 2066
2064 2065
2065 2066
2065 2814
2065 2815
2065 2816
2065 2817
2065 2818
2065 2819
2065 2821
2065 2822
2066 2818
2067 2068
2067 2069
2067 2090
2067 2091
2068 2069
2068 2070
2069 2070
2069 2091
2071 2072
2071 2073
2072 2073
2072 2074
2072 2123
2073 2074
2074 2123
2074 2124
2074 2694
2075 2076
2075 2077
2075 2078
2076 2077
2076 2078
2076 2216
2076 2226
2076 2227
2076 2589
2077 2227
2077 2427
2078 2589
2079 2080
2079 2081
2079 2092
2079 2098
2079 2105
2079 2221
2079 2449
2079 2473
2080 2081
2080 2092
2080 2100
2081 2100
2081 2101
2081 2449
2082 2083
2082 2084
2082 2778
2082 2779
2083 2084
2083 2085
2083 3072
2084 2085
2084 2778
2085 3072
2085 3073
2086 2087
2086 2088
2087 2088
2087 2089
2087 2090
2088 2089
2089 2090
2089 2091
2090 2091
2092 2105
2093 2094
2093 2095
2093 2096
2093 2097
2093 2098
2093 2257
2093 2258
2093 2333
2094 2095
2094 2096
2094 2332
2095 2097
2096 2257
2096 2326
2096 2332
2097 2098
2097 2099
2098 2099
2098 2105
2098 2221
2098 2333
2098 2370
2099 2105
2100 2101
2100 2320
2101 2315
2101 2316
2101 2320
2101 2407
2101 2449
2102 2103
2102 2104
2102 2606
2102 2607
2103 2104
2104 2607
2106 2107
2106 2108
2106 2115
2106 2116
2106 2239
2106 2448
2107 2108
2107 2110
2107 2116
2107 2289
2107 2303
2108 2289
2108 2448
2109 2110
2109 2111
2109 2288
2109 2289
2109 2758
2109 2799
2109 2800
2109 2935
2110 2111
2110 2289
2110 2303
2111 2935
2112 2113
2112 2114
2112 2134
2112 2350
2112 2359
2112 2363
2113 2114
2113 2350
2113 2351
2113 2392
2113 2612
2114 2134
2114 2583
2114 2612
2115 2116
2115 2239
2115 2446
2115 2580
2115 3049
2116 2303
2116 2580
2117 2118
2117 2119
2117 2129
2117 3221
2118 2119
2118 2120
2118 3221
2119 2120
2119 2470
2119 2472
2120 2472
2121 2122
2121 2123
2121 2339
2122 2123
2122 2124
2122 2338
2122 2339
2123 2124
2124 2301
2124 2302
2124 2694
2125 2126
2125 2127
2125 2371
2125 2641
2126 2127
2126 2128
2126 2371
2127 2128
2127 2376
2127 2528
2128 2375
2128 2376
2129 2130
2129 2131
2129 3220
2129 3221
2130 2131
2130 2132
2130 2220
2130 3052
2131 2132
2131 3220
2132 2220
2133 2134
2133 2135
2133 2493
2133 2502
2134 2135
2134 2359
2134 2502
2134 2581
2134 2583
2135 2384
2135 2385
2135 2493
2135 2581
2136 2137
2136 2138
2137 2138
2139 2140
2139 2141
2139 2142
2139 2299
2139 2300
2139 2328
2139 2440
2140 2141
2140 2142
2141 2328
2142 2440
2143 2144
2143 2145
2144 2145
2146 2147
2146 2148
2146 2171
2146 2621
2147 2148
2147 2178
2147 2271
2147 2539
2147 2621
2148 2171
2148 2178
2148 2179
2148 2404
2149 2150
2149 2151
2149 2902
2149 3037
2150 2151
2151 2902
2152 2153
2152 2154
2152 2156
2152 2561
2153 2154
2153 2155
2154 2155
2154 2156
2154 2466
2154 2468
2154 2564
2154 2565
2154 2592
2156 2402
2156 2468
2156 2561
2157 2158
2157 2159
2158 2159
2158 2160
2158 2545
2159 2160
2160 2545
2160 2546
2161 2162
2161 2163
2161 2306
2161 2386
2162 2163
2162 2164
2163 2164
2163 2386
2165 2166
2165 2167
2166 2167
2168 2169
2168 2170
2168 2419
2169 2170
2170 2419
2170 2420
2171 2404
2172 2173
2172 2174
2172 2180
2172 2181
2173 2174
2173 2181
2173 2211
2173 2212
2174 2211
2175 2176
2175 2177
2176 2177
2176 2188
2176 2419
2177 2188
2178 2179
2178 2243
2178 2249
2178 2250
2178 2271
2179 2243
2180 2181
2180 2186
2180 2187
2181 2187
2182 2183
2182 2184
2182 2983
2183 2184
2183 2185
2183 2566
2183 2983
2184 2185
2184 2951
2184 2952
2185 2951
2186 2187
2186 2390
2186 2391
2187 2390
2188 2419
2188 2420
2189 2190
2189 2191
2189 2390
2189 2391
2190 2191
2190 2192
2190 2193
2191 2193
2191 2390
2192 2193
2192 2430
2192 2431
2193 2430
2194 2195
2194 2196
2194 2197
2194 2277
2194 2278
2194 2460
2195 2196
2195 2460
2195 2562
2196 2197
2196 2198
2197 2198
2197 2278
2197 2286
2197 2287
2198 2287
2199 2200
2199 2201
2199 2429
2199 2431
2200 2201
2200 2210
2200 2611
2201 2429
2201 2611
2202 2203
2202 2204
2202 2397
2202 2423
2203 2204
2203 2295
2203 2298
2203 2397
2205 2206
2205 2207
2205 2216
2205 2226
2205 2393
2205 2399
2205 2537
2205 2538
2206 2207
2206 2216
2206 2589
2207 2537
2208 2209
2208 2210
2208 2211
2208 2212
2209 2210
2209 2212
2209 2611
2210 2611
2211 2212
2213 2214
2213 2215
2213 3196
2214 2215
2214 2231
2214 2994
2215 2994
2215 3196
2216 2226
2216 2589
2217 2218
2217 2219
2218 2219
2220 3052
2220 3053
2221 2370
2221 2473
2222 2223
2222 2224
2222 2247
2222 2248
2222 2428
2222 2692
2223 2224
2223 2225
2223 2248
2223 2347
2223 2880
2223 2893
2223 3169
2223 3274
2224 2225
2225 3274
2226 2227
2226 2359
2226 2363
2226 2393
2226 2498
2226 2515
2227 2380
2227 2381
2227 2398
2227 2427
2227 2515
2228 2229
2228 2230
2228 2234
2228 3191
2229 2230
2229 2549
2229 3191
2230 2549
2230 2992
2230 2993
2231 2232
2231 2233
2231 2994
2231 2995
2232 2233
2232 2234
2232 3191
2233 2234
2233 2995
2234 3191
2235 2236
2235 2237
2235 2884
2235 2885
2236 2237
2236 2238
2236 2885
2237 2238
2237 2931
2238 2931
2238 2932
2239 2240
2239 2241
2239 2382
2239 2383
2239 2448
2239 2506
2239 3004
2239 3049
2240 2241
2240 2242
2240 2448
2240 2478
2241 2242
2241 2463
2241 2506
2242 2324
2242 2463
2242 2478
2242 2479
2243 2249
2244 2245
2244 2246
2245 2246
2247 2248
2247 2428
2247 2560
2248 2355
2248 2560
2248 2880
2249 2250
2250 2270
2250 2271
2250 2272
2251 2252
2251 2253
2252 2253
2252 2742
2253 2413
2253 2415
2253 2558
2253 2559
2253 2742
2254 2255
2254 2256
2255 2256
2257 2258
2257 2326
2257 2327
2258 2333
2259 2260
2259 2261
2259 2265
2259 2437
2259 2438
2259 2439
2260 2261
2260 2265
2261 2438
2261 2570
2262 2263
2262 2264
2263 2264
2265 2439
2265 2591
2266 2267
2266 2268
2267 2268
2267 2269
2268 2269
2268 2425
2268 2426
2269 2425
2270 2271
2270 2272
2271 2539
2271 2540
2273 2274
2273 2275
2273 2362
2274 2275
2274 2276
2274 2361
2274 2362
2275 2276
2275 3015
2275 3016
2276 3016
2277 2278
2277 2460
2279 2280
2279 2281
2279 2282
2279 2284
2280 2281
2281 2282
2282 2283
2282 2284
2283 2284
2283 2325
2283 2405
2284 2325
2285 2286
2285 2287
2285 2294
2285 2597
2286 2287
2286 2294
2288 2289
2288 2290
2288 2757
2288 2758
2288 2762
2289 2290
2290 2421
2290 2422
2290 2762
2291 2292
2291 2293
2291 2462
2292 2293
2292 2348
2292 2349
2293 2348
2293 2461
2293 2462
2293 2893
2294 2597
2295 2296
2295 2297
2295 2298
2295 2400
2296 2297
2296 2298
2296 2394
2297 2393
2297 2394
2297 2400
2298 2396
2298 2397
2298 2576
2299 2300
2299 2328
2299 2547
2299 2548
2300 2440
2301 2302
2301 2406
2302 2405
2302 2406
2302 2694
2302 3113
2303 2580
2304 2305
2304 2306
2304 2386
2305 2306
2305 2307
2305 2587
2306 2307
2306 2386
2307 2587
2307 2974
2308 2309
2308 2310
2308 3019
2308 3067
2309 2310
2309 2311
2309 3067
2310 2311
2310 2841
2311 2840
2311 2841
2312 2313
2312 2314
2313 2314
2315 2316
2315 2320
2316 2407
2316 2408
2317 2318
2317 2319
2318 2319
2321 2322
2321 2323
2321 2454
2321 2484
2321 2485
2322 2323
2322 2324
2322 2454
2322 2455
2323 2324
2323 2479
2323 2483
2323 2484
2324 2479
2325 2405
2325 2406
2326 2327
2326 2329
2326 2331
2326 2332
2327 2329
2327 2474
2328 2547
2329 2330
2329 2331
2329 2409
2329 2416
2329 2474
2330 2331
2330 2409
2331 2332
2333 2370
2334 2335
2334 2336
2334 2382
2334 2454
2334 2915
2335 2336
2335 2337
2335 2454
2335 2485
2335 3122
2336 2337
2337 3122
2338 2339
2338 2340
2338 2640
2339 2340
2340 2606
2340 2607
2340 2640
2341 2342
2341 2343
2341 2715
2341 2716
2342 2343
2343 2716
2344 2345
2344 2346
2345 2346
2347 2348
2347 2349
2347 2893
2347 3169
2348 2349
2348 2893
2349 3169
2349 3174
2350 2351
2350 2363
2351 2363
2351 2392
2351 2393
2352 2353
2352 2354
2352 2413
2352 2414
2352 2962
2353 2354
2353 2413
2353 2432
2353 2742
2354 2432
2354 2433
2354 2962
2355 2356
2355 2357
2355 2560
2355 2880
2355 2926
2356 2357
2356 2358
2356 2909
2356 2926
2356 2966
2357 2358
2357 2461
2357 2462
2357 2880
2358 2462
2358 2909
2359 2363
2359 2498
2359 2502
2360 2361
2360 2362
2360 2588
2360 3080
2361 2362
2361 2588
2363 2393
2364 2365
2364 2366
2365 2366
2367 2368
2367 2369
2367 2718
2367 2797
2368 2369
2368 2718
2369 2795
2369 2797
2371 2617
2371 2641
2372 2373
2372 2374
2372 2499
2372 2590
2373 2374
2373 2499
2373 2500
2373 2501
2374 2553
2374 2590
2375 2376
2375 2417
2375 2418
2376 2418
2376 2528
2377 2378
2377 2379
2377 2791
2377 2793
2378 2379
2378 3089
2379 2617
2379 2619
2379 2791
2379 3089
2380 2381
2380 2384
2380 2385
2381 2384
2381 2497
2381 2498
2381 2515
2382 2383
2382 2454
2382 2455
2382 2506
2382 2620
2382 2915
2383 2915
2383 3004
2384 2385
2384 2493
2384 2497
2387 2388
2387 2389
2387 2632
2387 2633
2388 2389
2388 2628
2388 2633
2389 2626
2389 2627
2389 2628
2390 2391
2392 2393
2392 2612
2393 2399
2393 2400
2395 2396
2395 2397
2395 2398
2395 2427
2396 2397
2396 2398
2396 2529
2396 2576
2397 2423
2397 2424
2398 2427
2398 2529
2399 2400
2399 2538
2401 2402
2401 2403
2401 2530
2402 2403
2402 2468
2402 2530
2402 2561
2403 2468
2405 2406
2407 2408
2407 2449
2409 2416
2410 2411
2410 2412
2410 2445
2411 2412
2411 2445
2411 2447
2411 3058
2412 2935
2412 3005
2412 3058
2413 2414
2413 2415
2413 2742
2414 2415
2414 2961
2414 2962
2414 3175
2415 2559
2415 3175
2416 2474
2416 2475
2417 2418
2417 2441
2417 2442
2418 2441
2418 2528
2419 2420
2421 2422
2422 2762
2423 2424
2425 2426
2425 3046
2426 3045
2426 3046
2428 2692
2429 2430
2429 2431
2430 2431
2432 2433
2433 2958
2433 2962
2434 2435
2434 2436
2435 2436
2435 2524
2436 2524
2437 2438
2437 2439
2438 2570
2439 2591
2441 2442
2441 2443
2442 2443
2442 2444
2443 2444
2443 2531
2444 2531
2444 2532
2445 2446
2445 2447
2445 2580
2446 2447
2446 2580
2446 3049
2449 2473
2450 2451
2450 2452
2450 2638
2450 2959
2450 2960
2451 2452
2451 2453
2451 2575
2451 2637
2451 2638
2451 2746
2452 2453
2452 2582
2452 2960
2452 2961
2453 2573
2453 2575
2453 2582
2454 2455
2454 2485
2455 2620
2456 2457
2456 2458
2456 2459
2456 2563
2457 2458
2457 2459
2457 2464
2458 2464
2458 2562
2458 2563
2460 2562
2460 2563
2461 2462
2461 2880
2461 2893
2465 2466
2465 2467
2465 2468
2466 2467
2466 2468
2466 2592
2469 2470
2469 2471
2469 2476
2469 2477
2470 2471
2470 2472
2471 2472
2471 2477
2474 2475
2476 2477
2478 2479
2479 2483
2480 2481
2480 2482
2480 2868
2481 2482
2481 2868
2483 2484
2484 2485
2484 3122
2485 3122
2486 2487
2486 2488
2486 2523
2487 2488
2487 2489
2487 2520
2487 2521
2487 2522
2488 2489
2488 2508
2488 2523
2489 2522
2490 2491
2490 2492
2491 2492
2493 2497
2494 2495
2494 2496
2495 2496
2497 2498
2498 2502
2498 2515
2499 2500
2500 2501
2500 3222
2501 3222
2503 2504
2503 2505
2504 2505
2506 2620
2507 2508
2507 2509
2507 2519
2507 2521
2507 2523
2508 2509
2508 2510
2508 2523
2509 2510
2511 2512
2511 2513
2512 2513
2512 2514
2513 2514
2516 2517
2516 2518
2516 2541
2517 2518
2518 2541
2518 2542
2519 2520
2519 2521
2520 2521
2521 2523
2525 2526
2525 2527
2526 2527
2531 2532
2531 2980
2532 2980
2532 2981
2533 2534
2533 2535
2533 2604
2533 2605
2534 2535
2534 2536
2534 2604
2535 2536
2537 2538
2539 2540
2539 2571
2539 2621
2540 2571
2541 2542
2543 2544
2543 2545
2543 2604
2543 2605
2544 2545
2544 2546
2544 2605
2545 2546
2547 2548
2549 2992
2550 2551
2550 2552
2550 2556
2550 2731
2551 2552
2551 2556
2553 2554
2553 2555
2553 2590
2554 2555
2555 2590
2556 2730
2556 2731
2557 2558
2557 2559
2557 2957
2558 2559
2559 2751
2559 2957
2559 3175
2560 2926
2562 2563
2564 2565
2565 2592
2566 2567
2566 2568
2566 2983
2567 2568
2567 2569
2567 2983
2568 2569
2568 2584
2569 2584
2569 2585
2572 2573
2572 2574
2572 2751
2572 2964
2573 2574
2573 2575
2573 2582
2573 2598
2573 2599
2573 2751
2575 2599
2575 2746
2577 2578
2577 2579
2578 2579
2581 2583
2582 2751
2582 2961
2582 3175
2584 2585
2584 2586
2584 3214
2585 2586
2586 3214
2587 2974
2587 3163
2588 3080
2593 2594
2593 2595
2594 2595
2594 2596
2594 3071
2594 3207
2595 2596
2596 3071
2598 2599
2600 2601
2600 2602
2600 2603
2601 2602
2601 2603
2604 2605
2606 2607
2607 2640
2608 2609
2608 2610
2608 3088
2609 2610
2609 3087
2609 3088
2613 2614
2613 2615
2613 3068
2613 3069
2614 2615
2614 2616
2615 2616
2615 3069
2617 2618
2617 2619
2617 2641
2617 3089
2618 2619
2618 2641
2622 2623
2622 2624
2622 2625
2622 3250
2622 3251
2623 2624
2623 2625
2625 3250
2626 2627
2627 2628
2627 2669
2627 2674
2628 2674
2629 2630
2629 2631
2629 3236
2629 3237
2629 3248
2630 2631
2631 3248
2631 3249
2632 2633
2632 2658
2633 2658
2633 2660
2634 2635
2634 2636
2634 2639
2635 2636
2635 2639
2635 3233
2635 3234
2636 3233
2637 2638
2637 2746
2642 2643
2642 2644
2642 2887
2642 3008
2643 2644
2643 2645
2643 2908
2643 3009
2643 3010
2644 2645
2644 2887
2645 2907
2645 2908
2646 2647
2646 2648
2646 2649
2646 2657
2647 2648
2647 2649
2647 2666
2648 2666
2648 2667
2649 2656
2649 2657
2650 2651
2650 2652
2650 2753
2650 2775
2651 2652
2651 2752
2651 2753
2651 2979
2652 2775
2653 2654
2653 2655
2653 2735
2653 2737
2653 2858
2654 2655
2654 2736
2654 2881
2655 2735
2655 2881
2656 2657
2658 2659
2658 2660
2659 2660
2661 2662
2661 2663
2661 2668
2662 2663
2662 2664
2662 2668
2662 2670
2663 2664
2663 2665
2664 2665
2666 2667
2668 2669
2668 2670
2669 2670
2669 2674
2670 2674
2671 2672
2671 2673
2671 2695
2671 2714
2672 2673
2672 2695
2672 2707
2673 2714
2673 2724
2673 2725
2673 2733
2675 2676
2675 2677
2675 2813
2676 2677
2676 2810
2677 2802
2677 2803
2677 2804
2677 2805
2677 2806
2677 2810
2677 2812
2677 2813
2678 2679
2678 2680
2678 2840
2678 2841
2679 2680
2679 2681
2679 2840
2680 2681
2682 2683
2682 2684
2682 2685
2683 2684
2683 2685
2686 2687
2686 2688
2686 3125
2686 3198
2687 2688
2687 3198
2687 3215
2687 3281
2688 3119
2688 3120
2688 3125
2689 2690
2689 2691
2689 2693
2689 2777
2690 2691
2690 2693
2693 2776
2693 2777
2694 3113
2695 2707
2695 2711
2696 2697
2696 2698
2696 2709
2696 3014
2697 2698
2697 2699
2697 2700
2698 2699
2698 3014
2699 2700
2699 2701
2700 2701
2700 2702
2701 2702
2701 2703
2702 2703
2702 2704
2703 2704
2703 2705
2704 2705
2704 2706
2705 2706
2707 2711
2708 2709
2708 2710
2709 2710
2709 3014
2710 3014
2712 2713
2712 2714
2712 2717
2712 2724
2713 2714
2713 2717
2713 2722
2714 2724
2715 2716
2715 3029
2715 3054
2716 3054
2717 2722
2717 2723
2719 2720
2719 2721
2719 2741
2720 2721
2720 2739
2720 2740
2720 2741
2722 2723
2722 2973
2723 2973
2724 2725
2724 2726
2724 2734
2725 2726
2725 2733
2725 2903
2726 2734
2726 2738
2727 2728
2727 2729
2728 2729
2730 2731
2730 2732
2731 2732
2733 2734
2733 2738
2733 2903
2734 2738
2735 2736
2735 2737
2735 2882
2736 2737
2736 2881
2736 2882
2737 2858
2738 2903
2739 2740
2740 2741
2743 2744
2743 2745
2744 2745
2747 2748
2747 2749
2747 2750
2747 3095
2748 2749
2748 2750
2748 3197
2749 3095
2749 3096
2750 3197
2751 2957
2751 2964
2751 3175
2752 2753
2752 2828
2752 2979
2753 2828
2753 2829
2754 2755
2754 2756
2754 2763
2754 2906
2755 2756
2756 2906
2756 2910
2756 2913
2757 2758
2757 2762
2758 2799
2759 2760
2759 2761
2759 2879
2759 2936
2759 2937
2760 2761
2760 3000
2760 3003
2761 2879
2761 3000
2763 2764
2763 2765
2763 2767
2763 2906
2764 2765
2764 2766
2764 2767
2766 2767
2767 2906
2768 2769
2768 2770
2769 2770
2769 3022
2769 3025
2770 3022
2771 2772
2771 2773
2771 2774
2771 2849
2771 2850
2772 2773
2772 2774
2773 2850
2773 2854
2773 2862
2776 2777
2776 2883
2776 2886
2777 2883
2778 2779
2780 2781
2780 2782
2780 2783
2780 2788
2781 2782
2781 2783
2781 2790
2782 2788
2782 2789
2783 2790
2783 2801
2784 2785
2784 2786
2784 2787
2784 2919
2785 2786
2785 2787
2785 2918
2786 2917
2786 2919
2787 2916
2787 2918
2788 2789
2788 2801
2789 2790
2789 2801
2790 2801
2791 2792
2791 2793
2792 2793
2792 2794
2792 2931
2793 2794
2794 2931
2794 2932
2795 2796
2795 2797
2796 2797
2796 2798
2797 2798
2799 2800
2799 3192
2800 2935
2800 3005
2800 3192
2802 2803
2802 2806
2803 2804
2804 2805
2805 2812
2806 2810
2807 2808
2807 2809
2807 2811
2807 2920
2808 2809
2808 2811
2808 2820
2809 2920
2809 2921
2811 2820
2811 2823
2812 2813
2814 2815
2814 2819
2815 2821
2816 2817
2817 2822
2818 2821
2819 2822
2820 2823
2820 2921
2823 2920
2823 2921
2824 2825
2824 2826
2824 3006
2825 2826
2825 3006
2825 3018
2826 3017
2826 3018
2827 2828
2827 2829
2827 2982
2827 3055
2828 2829
2828 3055
2829 2982
2830 2831
2830 2832
2831 2832
2831 2873
2831 2875
2832 2875
2833 2834
2833 2835
2833 2836
2833 2989
2834 2835
2834 2836
2834 2846
2835 2988
2835 2989
2836 2846
2836 2847
2837 2838
2837 2839
2837 2842
2837 2933
2838 2839
2838 2842
2838 3028
2839 2933
2839 2934
2840 2841
2842 3027
2842 3028
2843 2844
2843 2845
2844 2845
2846 2847
2846 2988
2847 2988
2847 2989
2848 2849
2848 2850
2848 2863
2849 2850
2849 2862
2849 2863
2850 2854
2851 2852
2851 2853
2852 2853
2852 2948
2853 2948
2853 2949
2854 2862
2854 2863
2855 2856
2855 2857
2856 2857
2859 2860
2859 2861
2859 2900
2859 2904
2859 2905
2860 2861
2860 2904
2861 2899
2861 2900
2861 2901
2862 2863
2864 2865
2864 2866
2865 2866
2865 2867
2866 2867
2869 2870
2869 2871
2870 2871
2872 2873
2872 2874
2872 2875
2872 3011
2872 3012
2873 2874
2873 2875
2874 3012
2876 2877
2876 2878
2876 2912
2877 2878
2878 2911
2878 2912
2879 2936
2880 2893
2881 2882
2883 2886
2883 3035
2884 2885
2884 2980
2884 2981
2885 2981
2886 3035
2886 3036
2887 3008
2887 3009
2888 2889
2888 2890
2888 2896
2888 2900
2889 2890
2889 2891
2889 2892
2890 2891
2890 2900
2891 2892
2894 2895
2894 2896
2894 2897
2894 2899
2895 2896
2895 2897
2895 2898
2896 2899
2896 2900
2897 2898
2899 2900
2899 2901
2899 2905
2901 2904
2901 2905
2902 3037
2904 2905
2906 2910
2907 2908
2907 2963
2908 2963
2909 2966
2910 2913
2910 2914
2911 2912
2913 2914
2916 2917
2916 2918
2916 2919
2917 2918
2917 2919
2920 2921
2922 2923
2922 2924
2922 2925
2922 2930
2923 2924
2923 2925
2923 2929
2924 2928
2924 2930
2925 2927
2925 2929
2926 2965
2926 2966
2927 2928
2927 2929
2927 2930
2928 2929
2928 2930
2931 2932
2933 2934
2933 3027
2934 3027
2934 3028
2935 3005
2936 2937
2936 3020
2936 3021
2937 3020
2938 2939
2938 2940
2938 3253
2938 3263
2939 2940
2939 2998
2939 3253
2940 2998
2940 2999
2941 2942
2941 2943
2941 2944
2942 2943
2942 2944
2945 2946
2945 2947
2945 2950
2945 2996
2946 2947
2946 2950
2946 2971
2947 2996
2947 2997
2948 2949
2948 3026
2949 3026
2950 2971
2950 2972
2951 2952
2953 2954
2953 2955
2953 3101
2954 2955
2954 2956
2954 3246
2955 2956
2955 3101
2956 3246
2956 3247
2957 2964
2958 2959
2958 2960
2958 2962
2959 2960
2960 2961
2960 2962
2961 2962
2961 3175
2965 2966
2967 2968
2967 2969
2967 2970
2967 3077
2967 3079
2968 2969
2968 2970
2968 3211
2968 3294
2969 3077
2970 3294
2971 2972
2971 2997
2972 2996
2972 2997
2974 3163
2974 3164
2975 2976
2975 2977
2975 2978
2976 2977
2976 2978
2976 3167
2976 3168
2976 3195
2977 3193
2977 3194
2977 3195
2978 3167
2978 3225
2978 3226
2980 2981
2984 2985
2984 2986
2984 2987
2984 2990
2985 2986
2985 2987
2985 3034
2986 2990
2986 2991
2987 3033
2987 3034
2988 2989
2990 2991
2990 3033
2991 3033
2991 3034
2992 2993
2992 3015
2993 3015
2993 3016
2994 2995
2996 2997
2998 2999
2998 3245
2999 3243
2999 3244
2999 3245
3000 3001
3000 3002
3000 3003
3001 3002
3001 3003
3001 3007
3002 3007
3004 3049
3005 3058
3008 3009
3008 3010
3009 3010
3011 3012
3011 3013
3012 3013
3015 3016
3017 3018
3017 3019
3018 3019
3018 3067
3019 3067
3020 3021
3022 3023
3022 3024
3022 3025
3023 3024
3023 3025
3027 3028
3029 3030
3029 3031
3029 3054
3030 3031
3030 3032
3030 3054
3031 3032
3033 3034
3035 3036
3035 3241
3036 3241
3036 3242
3038 3039
3038 3040
3038 3042
3038 3048
3038 3056
3038 3057
3038 3061
3038 3070
3038 3173
3039 3040
3039 3048
3040 3061
3041 3042
3041 3043
3041 3047
3042 3043
3042 3047
3042 3056
3042 3059
3042 3060
3042 3066
3042 3173
3043 3060
3044 3045
3044 3046
3044 3063
3044 3065
3045 3046
3046 3065
3047 3066
3048 3070
3050 3051
3050 3052
3051 3052
3051 3053
3052 3053
3056 3057
3056 3066
3057 3070
3059 3060
3059 3173
3061 3173
3062 3063
3062 3064
3063 3064
3063 3065
3064 3065
3068 3069
3071 3207
3072 3073
3074 3075
3074 3076
3074 3189
3074 3190
3074 3213
3075 3076
3075 3178
3075 3190
3076 3178
3076 3179
3077 3078
3077 3079
3077 3170
3077 3171
3078 3079
3078 3170
3081 3082
3081 3083
3081 3278
3081 3286
3081 3287
3082 3083
3082 3286
3083 3277
3083 3278
3084 3085
3084 3086
3084 3090
3084 3291
3085 3086
3085 3090
3085 3136
3086 3291
3087 3088
3090 3136
3090 3137
3091 3092
3091 3093
3091 3094
3091 3137
3091 3290
3092 3093
3092 3094
3092 3141
3093 3290
3094 3141
3095 3096
3095 3097
3096 3097
3096 3217
3096 3218
3097 3217
3098 3099
3098 3100
3098 3146
3098 3147
3099 3100
3100 3146
3102 3103
3102 3104
3102 3151
3102 3152
3102 3153
3102 3154
3103 3104
3103 3165
3104 3154
3104 3160
3104 3165
3104 3177
3104 3183
3104 3184
3104 3265
3105 3106
3105 3107
3105 3108
3106 3107
3106 3108
3106 3118
3108 3118
3108 3272
3109 3110
3109 3111
3110 3111
3110 3112
3111 3112
3114 3115
3114 3116
3114 3117
3114 3272
3114 3273
3115 3116
3115 3117
3115 3227
3116 3273
3117 3227
3117 3228
3118 3272
3118 3273
3119 3120
3119 3121
3119 3123
3119 3125
3120 3121
3121 3123
3123 3124
3123 3125
3124 3125
3124 3201
3125 3198
3125 3201
3125 3202
3126 3127
3126 3128
3126 3181
3126 3279
3126 3280
3127 3128
3127 3279
3128 3180
3128 3181
3129 3130
3129 3131
3130 3131
3132 3133
3132 3134
3132 3135
3133 3134
3133 3135
3133 3147
3133 3266
3134 3266
3136 3137
3136 3290
3137 3290
3138 3139
3138 3140
3138 3176
3138 3303
3139 3140
3139 3180
3139 3182
3139 3303
3140 3176
3140 3267
3142 3143
3142 3144
3142 3145
3142 3210
3142 3275
3143 3144
3143 3145
3143 3203
3144 3210
3144 3285
3144 3296
3145 3203
3145 3206
3145 3275
3146 3147
3146 3266
3147 3266
3148 3149
3148 3150
3148 3292
3148 3298
3148 3299
3149 3150
3149 3176
3149 3267
3150 3267
3150 3292
3151 3152
3151 3154
3151 3158
3152 3153
3154 3158
3154 3159
3154 3177
3155 3156
3155 3157
3156 3157
3158 3159
3159 3177
3160 3161
3160 3162
3160 3165
3160 3166
3160 3183
3161 3162
3161 3165
3161 3302
3162 3166
3163 3164
3165 3302
3166 3183
3167 3168
3167 3226
3168 3195
3169 3174
3170 3171
3170 3172
3170 3277
3171 3172
3172 3277
3172 3278
3176 3267
3177 3265
3178 3179
3180 3181
3180 3182
3181 3182
3182 3303
3183 3184
3184 3265
3185 3186
3185 3187
3185 3188
3185 3211
3186 3187
3186 3188
3186 3268
3186 3271
3187 3268
3188 3211
3188 3212
3189 3190
3189 3213
3189 3300
3189 3301
3193 3194
3193 3195
3193 3208
3193 3209
3194 3209
3194 3293
3195 3208
3198 3199
3198 3200
3198 3202
3198 3215
3198 3216
3198 3289
3199 3200
3199 3202
3200 3289
3201 3202
3203 3204
3203 3205
3203 3206
3204 3205
3204 3206
3204 3224
3205 3223
3205 3224
3208 3209
3208 3223
3209 3223
3209 3224
3209 3293
3210 3275
3210 3285
3211 3212
3211 3294
3212 3294
3213 3301
3215 3216
3215 3281
3216 3289
3217 3218
3217 3219
3218 3219
3220 3221
3223 3224
3224 3293
3225 3226
3225 3276
3226 3276
3227 3228
3227 3229
3228 3229
3230 3231
3230 3232
3231 3232
3233 3234
3233 3235
3234 3235
3236 3237
3236 3248
3238 3239
3238 3240
3238 3252
3238 3264
3239 3240
3239 3252
3240 3264
3241 3242
3243 3244
3243 3245
3246 3247
3248 3249
3250 3251
3253 3260
3253 3263
3254 3255
3254 3256
3255 3256
3255 3257
3255 3258
3255 3259
3256 3257
3257 3259
3258 3259
3260 3261
3260 3262
3260 3263
3261 3262
3261 3263
3268 3269
3268 3270
3268 3271
3269 3270
3269 3271
3269 3288
3270 3286
3270 3287
3270 3288
3272 3273
3277 3278
3279 3280
3282 3283
3282 3284
3283 3284
3285 3295
3285 3296
3286 3287
3286 3288
3292 3299
3295 3296
3295 3297
3296 3297
3298 3299
3300 3301
3304 3305
3304 3306
3304 3307
3305 3306
3305 4052
3306 3307
3306 4046
3306 4047
3306 4048
3306 4049
3306 4050
3306 4051
3306 4052
3306 4053
3306 4054
3307 4050
3308 3309
3308 3310
3308 3331
3308 3332
3309 3310
3309 3311
3309 4281
3310 3311
3310 3332
3311 4281
3311 4282
3312 3313
3312 3314
3313 3314
3313 3315
3313 3365
3314 3315
3315 3316
3315 3365
3315 3542
3316 3317
3316 3318
3316 3542
3316 3543
3316 3545
3317 3318
3317 3545
3319 3320
3319 3321
3319 3322
3319 3698
3319 3700
3319 3715
3319 3716
3320 3321
3320 3715
3320 4140
3321 3322
3321 4140
3321 4142
3322 3700
3323 3324
3323 3325
3323 3740
3323 4021
3324 3325
3324 3326
3324 4027
3325 3326
3325 4021
3326 4027
3326 4029
3327 3328
3327 3329
3327 4221
3327 4222
3328 3329
3328 3330
3328 3331
3329 3330
3329 4221
3330 3331
3330 3332
3331 3332
3333 3334
3333 3335
3333 3336
3333 4205
3333 4206
3334 3335
3334 3336
3336 4206
3337 3338
3337 3339
3337 3877
3338 3339
3338 3340
3338 3608
3338 3877
3338 3878
3339 3340
3339 3668
3340 3608
3340 3668
3340 3669
3340 3721
3341 3342
3341 3343
3341 3344
3341 3791
3342 3343
3342 3344
3342 3482
3342 3738
3342 3739
3343 3481
3343 3482
3344 3563
3344 3738
3344 3745
3344 3791
3345 3346
3345 3347
3345 3348
3346 3347
3346 3348
3346 3618
3346 3619
3347 3618
3347 4127
3347 4249
3349 3350
3349 3351
3349 3352
3349 3713
3349 3714
3349 4123
3349 4231
3350 3351
3350 3357
3350 3679
3350 3713
3351 3352
3351 3353
3351 3357
3351 3359
3351 3546
3352 3353
3352 3665
3352 4123
3353 3354
3353 3355
3353 3356
3353 3546
3353 3665
3354 3355
3354 3356
3354 4016
3355 3665
3355 3771
3355 4009
3355 4016
3356 3546
3357 3358
3357 3359
3357 3679
3357 3680
3358 3359
3358 3360
3358 3680
3358 3689
3358 3705
3358 3706
3359 3360
3359 3546
3359 3858
3359 3859
3360 3706
3360 3858
3360 3881
3361 3362
3361 3363
3361 3364
3361 4287
3362 3363
3362 3364
3362 3731
3363 3731
3363 3733
3364 4286
3364 4287
3365 3366
3365 3367
3365 3368
3365 3542
3366 3367
3366 4076
3366 4077
3367 3368
3367 4076
3368 3542
3369 3370
3369 3371
3369 3372
3369 3631
3369 3632
3370 3371
3370 3372
3370 3625
3371 3625
3371 3626
3372 3632
3372 3788
3373 3374
3373 3375
3373 3376
3373 3460
3374 3375
3374 3376
3374 4288
3375 3460
3375 3461
3376 4285
3376 4288
3377 3378
3377 3379
3378 3379
3378 3380
3379 3380
3379 4019
3380 4019
3380 4020
3381 3382
3381 3383
3381 4278
3381 4279
3382 3383
3382 3384
3382 4278
3383 3384
3383 3385
3383 3386
3384 3385
3385 3386
3387 3388
3387 3389
3387 4106
3387 4107
3388 3389
3388 3390
3388 3391
3389 3390
3389 4106
3390 3391
3390 3392
3391 3392
3393 3394
3393 3395
3393 4119
3393 4120
3394 3395
3394 3396
3395 3396
3395 4119
3397 3398
3397 3399
3397 3400
3398 3399
3398 3400
3398 3643
3398 3644
3400 3643
3401 3402
3401 3403
3402 3403
3402 3991
3402 3992
3402 4191
3402 4248
3403 4248
3404 3405
3404 3406
3404 3407
3405 3406
3405 3407
3405 3983
3406 3983
3406 3997
3408 3409
3408 3410
3408 3416
3408 3417
3409 3410
3409 3416
3409 3454
3410 3453
3410 3454
3411 3412
3411 3413
3411 3414
3411 3561
3411 3564
3411 3719
3411 3746
3412 3413
3412 3414
3412 3636
3412 3637
3412 3910
3413 3636
3413 3719
3413 3720
3413 3747
3413 3758
3414 3590
3414 3592
3414 3746
3414 3910
3415 3416
3415 3417
3415 3423
3415 3424
3416 3417
3416 3423
3418 3419
3418 3420
3418 3421
3418 4132
3418 4133
3419 3420
3419 3421
3419 4169
3419 4170
3420 4132
3421 4169
3422 3423
3422 3424
3422 3425
3423 3424
3423 3425
3423 3427
3425 3426
3425 3427
3426 3427
3426 3428
3427 3428
3427 3430
3428 3429
3428 3430
3429 3430
3429 3431
3430 3431
3430 3433
3431 3432
3431 3433
3432 3433
3432 3434
3432 3436
3433 3436
3434 3435
3434 3436
3435 3436
3435 3437
3436 3437
3436 3439
3437 3438
3437 3439
3438 3439
3438 3440
3439 3440
3439 3442
3440 3441
3440 3442
3441 3442
3441 3448
3441 3449
3442 3448
3443 3444
3443 3445
3443 3478
3443 3479
3443 3786
3443 3811
3444 3445
3444 3446
3444 3479
3444 3498
3444 3736
3445 3446
3445 3714
3445 3811
3445 4208
3446 3713
3446 3714
3446 3736
3446 3737
3447 3448
3447 3449
3447 3451
3447 3452
3448 3449
3448 3451
3450 3451
3450 3452
3450 3454
3450 3455
3451 3452
3451 3454
3453 3454
3453 3455
3454 3455
3456 3457
3456 3458
3456 3459
3456 4180
3457 3458
3457 3459
3457 4235
3458 4180
3458 4181
3459 4232
3459 4235
3460 3461
3460 4218
3461 4215
3461 4218
3462 3463
3462 3464
3462 3651
3462 3652
3462 3653
3462 3959
3463 3464
3463 3465
3463 3652
3463 4094
3463 4101
3464 3465
3464 3959
3465 4094
3465 4096
3466 3467
3466 3468
3466 3469
3466 3812
3467 3468
3467 3469
3467 4272
3467 4273
3468 3812
3468 3813
3469 4273
3470 3471
3470 3472
3470 4203
3470 4204
3471 3472
3471 3473
3471 4002
3472 3473
3472 4204
3473 4001
3473 4002
3474 3475
3474 3476
3474 3477
3474 4093
3475 3476
3475 3477
3475 4117
3476 4092
3476 4093
3477 4117
3477 4118
3478 3479
3478 3482
3478 3483
3478 3726
3478 3739
3478 3786
3479 3496
3479 3497
3479 3498
3479 3726
3480 3481
3480 3482
3480 3483
3480 3786
3480 3811
3481 3482
3482 3483
3482 3739
3483 3786
3484 3485
3484 3486
3484 3487
3484 3671
3485 3486
3485 3651
3485 3653
3485 3670
3485 3671
3485 4115
3486 3487
3486 3653
3486 3693
3486 3959
3487 3693
3487 3694
3488 3489
3488 3490
3488 3491
3488 3998
3489 3490
3489 3825
3489 3826
3489 3998
3489 3999
3490 3491
3490 3825
3492 3493
3492 3494
3492 4129
3493 3494
3493 3495
3493 3662
3494 3495
3494 4129
3494 4130
3495 3662
3495 3663
3496 3497
3496 3498
3496 3759
3497 3726
3498 3736
3498 3759
3498 3760
3499 3500
3499 3501
3499 3502
3499 3955
3499 3956
3500 3501
3500 3860
3501 3502
3501 3860
3501 3861
3502 3956
3503 3504
3503 3505
3504 3505
3504 3506
3505 3506
3505 3575
3505 3578
3506 3578
3507 3508
3507 3509
3507 3510
3507 3809
3508 3509
3508 3893
3508 3894
3509 3510
3509 3893
3510 3809
3510 3810
3511 3512
3511 3513
3511 3514
3511 4185
3512 3513
3512 3514
3512 4250
3513 4250
3513 4251
3514 4184
3514 4185
3515 3516
3515 3517
3515 3518
3515 3763
3516 3517
3516 3518
3516 3835
3516 3836
3517 3761
3517 3763
3518 3836
3519 3520
3519 3521
3519 3887
3519 3888
3520 3521
3521 3887
3522 3523
3522 3524
3522 3525
3522 3565
3522 3566
3523 3524
3523 3525
3523 3888
3524 3887
3524 3888
3525 3565
3526 3527
3526 3528
3526 3529
3526 3685
3526 3686
3526 4010
3527 3528
3527 3529
3527 3771
3527 4036
3528 4007
3528 4008
3528 4010
3528 4036
3529 3664
3529 3665
3529 3771
3530 3531
3530 3532
3530 3533
3530 3601
3530 4124
3530 4157
3530 4158
3530 4275
3531 3532
3531 3533
3531 4063
3532 4157
3533 4063
3533 4064
3533 4275
3534 3535
3534 3536
3534 3537
3534 4034
3534 4035
3535 3536
3535 4034
3536 3537
3536 3622
3537 3622
3537 3624
3538 3539
3538 3540
3538 3541
3538 3559
3538 3560
3539 3540
3539 3555
3540 3541
3540 3555
3540 3557
3541 3559
3542 3543
3543 3544
3543 3545
3544 3545
3544 4005
3545 4005
3545 4006
3546 3859
3547 3548
3547 3549
3547 3550
3547 3871
3547 3872
3548 3549
3548 3871
3549 3550
3549 3644
3550 3643
3550 3644
3551 3552
3551 3553
3551 3554
3551 4226
3552 3553
3552 4066
3552 4067
3553 3554
3553 4066
3554 4225
3554 4226
3555 3556
3555 3557
3556 3557
3556 3558
3556 3885
3557 3558
3558 3884
3558 3885
3559 3560
3561 3562
3561 3563
3561 3564
3561 3719
3562 3563
3562 3738
3562 3790
3563 3564
3563 3738
3563 3744
3563 3745
3564 3744
3564 3746
3565 3566
3565 3666
3565 3667
3566 3666
3567 3568
3567 3569
3567 3603
3567 4011
3567 4171
3568 3569
3568 3570
3568 3603
3568 3604
3569 3570
3569 3695
3569 4011
3569 4162
3570 3695
3570 3696
3571 3572
3571 3573
3571 3574
3571 4026
3572 3573
3572 3574
3572 4270
3573 4270
3573 4271
3574 4025
3574 4026
3575 3576
3575 3577
3575 3578
3576 3577
3576 3578
3576 3691
3577 3691
3577 3692
3579 3580
3579 3581
3579 3957
3579 3958
3580 3581
3580 3582
3580 3957
3581 3582
3583 3584
3583 3585
3584 3585
3584 3586
3584 4070
3585 3586
3586 4069
3586 4070
3587 3588
3587 3589
3587 3645
3587 3918
3587 3933
3587 3935
3588 3589
3588 3645
3588 3646
3589 3917
3589 3918
3590 3591
3590 3592
3590 3593
3590 3746
3590 4247
3590 4252
3591 3592
3591 3593
3591 3909
3592 3909
3592 3910
3593 4252
3594 3595
3594 3596
3594 3911
3594 4076
3595 3596
3595 4076
3595 4077
3596 3911
3596 3912
3597 3598
3597 3599
3597 3978
3597 3979
3598 3599
3599 3979
3600 3601
3600 3602
3600 3996
3600 4097
3600 4098
3600 4099
3600 4100
3601 3602
3601 4098
3601 4124
3601 4158
3602 3994
3602 3996
3602 4158
3602 4186
3603 3604
3603 4171
3603 4276
3603 4277
3604 4276
3605 3606
3605 3607
3605 3608
3605 3878
3605 4109
3605 4110
3606 3607
3606 3799
3606 4109
3606 4111
3606 4113
3607 3608
3607 3721
3607 3798
3607 3799
3608 3721
3608 3878
3609 3610
3609 3611
3610 3611
3610 3612
3611 3612
3611 3732
3612 3732
3612 3734
3613 3614
3613 3615
3613 4184
3614 3615
3614 3616
3614 4184
3614 4185
3615 3616
3615 3873
3616 3873
3616 3874
3617 3618
3617 3619
3617 3620
3617 3920
3617 3921
3618 3619
3618 3620
3618 4127
3620 3921
3620 4127
3620 4128
3621 3622
3621 3623
3621 3624
3621 3980
3622 3623
3622 3624
3623 3980
3623 3981
3625 3626
3625 3922
3626 3905
3626 3922
3627 3628
3627 3629
3627 3630
3627 3880
3628 3629
3628 3762
3628 3764
3629 3630
3629 3764
3630 3879
3630 3880
3631 3632
3631 3682
3632 3682
3632 3684
3632 3788
3632 3789
3633 3634
3633 3635
3633 4031
3633 4032
3634 3635
3634 3640
3634 3642
3635 3642
3635 4032
3636 3637
3636 3638
3636 3747
3637 3638
3637 3639
3637 3910
3637 4112
3638 3639
3638 3736
3638 3737
3638 3747
3638 3770
3638 3787
3639 3687
3639 3787
3639 4112
3639 4131
3640 3641
3640 3642
3641 3642
3641 3905
3641 3907
3642 3907
3643 3644
3645 3646
3645 3916
3645 4018
3646 4018
3647 3648
3647 3649
3647 3712
3647 4108
3648 3649
3648 3650
3649 3650
3649 3706
3649 3711
3649 3712
3650 3655
3650 3674
3650 3711
3651 3652
3651 3653
3651 4114
3651 4115
3652 4101
3652 4114
3652 4207
3653 3959
3654 3655
3654 3656
3654 3657
3654 4060
3655 3656
3655 3657
3655 3674
3657 3672
3657 3673
3657 3674
3657 4060
3658 3659
3658 3660
3658 3661
3658 4166
3659 3660
3659 4063
3659 4064
3659 4165
3659 4166
3660 3661
3660 3723
3660 3735
3660 4064
3661 3735
3661 4062
3662 3663
3664 3665
3664 4123
3665 3771
3665 4123
3666 3667
3666 4006
3667 4005
3667 4006
3668 3669
3668 3670
3668 3671
3669 3670
3669 3721
3669 4115
3669 4116
3670 3671
3670 4115
3672 3673
3672 4060
3672 4061
3673 3674
3673 3882
3674 3711
3674 3882
3675 3676
3675 3677
3675 3678
3675 3875
3675 3876
3675 4151
3676 3677
3676 3678
3676 4014
3676 4172
3677 4013
3677 4014
3677 4151
3677 4263
3678 3876
3678 3999
3678 4172
3678 4173
3679 3680
3679 3713
3679 3737
3679 3787
3680 3687
3680 3689
3680 3787
3681 3682
3681 3683
3681 3684
3681 3707
3682 3683
3682 3684
3683 3707
3683 3710
3684 3789
3685 3686
3686 4010
3687 3688
3687 3689
3687 3787
3687 4131
3688 3689
3688 3690
3688 4131
3689 3690
3689 3705
3690 3705
3690 4089
3691 3692
3691 4212
3692 4212
3692 4214
3693 3694
3693 3959
3695 3696
3695 4161
3695 4162
3697 3698
3697 3699
3697 4000
3698 3699
3698 3700
3698 3716
3698 3919
3698 4000
3699 3700
3701 3702
3701 3703
3701 3704
3701 3866
3701 3869
3702 3703
3702 3704
3702 3841
3703 3841
3703 3842
3704 3866
3705 3706
3705 3712
3705 4089
3705 4108
3706 3711
3706 3712
3706 3881
3707 3708
3707 3709
3707 3710
3708 3709
3708 3710
3708 3792
3709 3792
3709 3793
3711 3881
3711 3882
3712 4108
3713 3714
3713 3737
3714 4208
3714 4231
3715 3716
3715 3717
3715 4140
3715 4144
3715 4145
3716 3717
3716 3718
3716 3919
3717 3718
3717 3864
3717 4145
3718 3853
3718 3854
3718 3864
3718 3919
3718 4088
3719 3720
3720 3758
3721 3798
3721 4116
3721 4174
3722 3723
3722 3724
3722 3725
3722 3800
3722 4090
3722 4091
3723 3724
3723 3725
3723 3735
3723 4064
3724 4064
3724 4090
3724 4124
3724 4275
3725 3735
3725 3799
3725 3800
3725 4111
3726 3739
3726 3870
3727 3728
3727 3729
3727 3730
3727 4289
3728 3729
3728 3730
3728 4291
3728 4292
3729 4291
3730 4289
3730 4290
3731 3732
3731 3733
3732 3733
3732 3734
3733 3734
3735 4062
3735 4111
3736 3737
3736 3760
3736 3770
3737 3787
3738 3739
3738 3790
3738 3870
3739 3870
3740 3741
3740 3742
3740 3743
3740 4021
3740 4059
3741 3742
3741 3743
3743 4059
3744 3745
3744 3746
3744 4247
3745 3791
3746 4247
3747 3758
3747 3770
3748 3749
3748 3750
3748 3756
3748 3757
3749 3750
3750 3757
3751 3752
3751 3753
3751 3754
3751 3783
3752 3753
3752 3754
3752 3784
3753 3781
3753 3782
3753 3783
3754 3775
3754 3784
3755 3756
3755 3757
3756 3757
3758 3770
3758 3908
3759 3760
3760 3770
3761 3762
3761 3763
3761 3764
3762 3763
3762 3764
3765 3766
3765 3767
3766 3767
3766 3768
3766 3769
3767 3769
3768 3769
3770 3908
3771 4009
3771 4036
3772 3773
3772 3774
3772 3775
3773 3774
3774 3775
3774 3780
3774 3782
3774 3784
3774 3785
3775 3784
3776 3777
3776 3778
3776 3779
3777 3778
3777 3779
3777 3807
3779 3805
3779 3807
3780 3781
3780 3782
3781 3782
3781 3783
3782 3785
3784 3785
3786 3811
3788 3789
3790 3870
3792 3793
3792 4167
3792 4168
3793 4167
3794 3795
3794 3796
3794 3797
3794 3892
3794 3895
3795 3796
3795 3797
3796 3895
3798 3799
3798 3800
3798 4174
3798 4183
3799 3800
3799 4111
3800 4091
3800 4183
3801 3802
3801 3803
3801 3804
3801 4223
3802 3803
3802 3804
3804 4223
3804 4224
3805 3806
3805 3807
3805 3808
3806 3807
3806 3808
3809 3810
3809 4119
3810 4119
3810 4120
3811 4208
3812 3813
3812 4176
3813 4176
3813 4177
3814 3815
3814 3816
3814 3822
3814 3823
3815 3816
3815 3817
3815 3823
3816 3817
3818 3819
3818 3820
3819 3820
3819 3821
3820 3821
3820 3879
3821 3879
3821 3880
3822 3823
3822 3900
3823 3900
3823 3902
3824 3825
3824 3826
3824 3827
3824 3875
3824 4138
3824 4150
3824 4152
3825 3826
3825 3827
3826 3875
3826 3876
3826 3999
3827 4138
3827 4139
3828 3829
3828 3830
3828 3831
3829 3830
3829 3831
3832 3833
3832 3834
3832 3856
3832 3857
3833 3834
3833 3843
3833 3844
3833 3856
3834 3844
3835 3836
3835 3845
3835 3846
3835 3847
3836 3847
3837 3838
3837 3839
3837 3840
3837 3903
3837 3904
3838 3839
3838 3840
3838 4227
3839 4227
3839 4228
3840 3903
3841 3842
3841 4159
3842 4159
3842 4160
3843 3844
3845 3846
3846 3847
3848 3849
3848 3850
3848 3891
3848 4187
3849 3850
3849 3851
3849 4153
3849 4154
3850 3851
3850 3889
3850 3890
3850 3891
3850 4003
3851 4003
3851 4004
3851 4153
3852 3853
3852 3854
3852 3855
3852 3890
3852 3976
3852 4003
3852 4121
3853 3854
3853 3855
3853 3864
3853 3865
3854 4088
3854 4121
3855 3865
3855 4003
3856 3857
3856 4125
3856 4126
3857 4125
3858 3859
3858 3881
3860 3861
3860 3862
3861 3862
3861 3863
3862 3863
3862 4230
3863 4229
3863 4230
3864 3865
3864 4145
3864 4264
3865 4003
3865 4004
3865 4264
3865 4265
3865 4280
3866 3867
3866 3868
3866 3869
3867 3868
3867 3869
3867 4283
3868 4283
3868 4284
3871 3872
3871 4163
3871 4164
3872 4163
3873 3874
3873 4233
3874 4233
3874 4234
3875 3876
3875 4150
3875 4151
3876 3999
3877 3878
3877 4155
3877 4156
3878 4110
3878 4155
3879 3880
3881 3882
3883 3884
3883 3885
3883 3886
3883 4229
3884 3885
3884 3886
3886 4229
3886 4230
3887 3888
3889 3890
3889 3891
3889 3976
3889 3977
3890 3976
3890 4003
3891 4187
3892 3893
3892 3894
3892 3895
3893 3894
3893 3895
3896 3897
3896 3898
3896 4236
3897 3898
3897 4236
3897 4237
3899 3900
3899 3901
3899 3902
3899 3986
3899 3987
3900 3901
3900 3902
3901 3987
3903 3904
3903 4259
3903 4260
3904 4259
3905 3906
3905 3907
3905 3922
3906 3907
3906 3922
3909 3910
3909 4112
3910 4112
3911 3912
3911 3920
3912 3920
3912 3921
3913 3914
3913 3915
3914 3915
3914 3916
3914 4018
3915 3916
3915 3946
3915 3947
3916 3947
3916 4018
3917 3918
3918 3933
3919 4000
3919 4088
3919 4201
3920 3921
3923 3924
3923 3925
3923 3926
3923 3927
3924 3925
3924 3941
3925 3927
3925 3941
3925 3942
3926 3927
3926 3928
3927 3928
3927 3929
3928 3929
3928 3930
3929 3930
3929 3932
3930 3931
3930 3932
3931 3932
3933 3934
3933 3935
3934 3935
3936 3937
3936 3938
3936 3943
3937 3938
3937 3939
3937 3943
3937 3945
3938 3939
3938 3940
3939 3940
3941 3942
3943 3944
3943 3945
3944 3945
3944 3946
3944 3947
3945 3947
3946 3947
3948 3949
3948 3950
3948 4045
3949 3950
3949 4044
3950 4037
3950 4038
3950 4039
3950 4040
3950 4041
3950 4042
3950 4043
3950 4044
3950 4045
3951 3952
3951 3953
3951 3954
3951 4065
3951 4068
3952 3953
3952 3954
3953 4068
3955 3956
3957 3958
3957 4074
3957 4075
3958 4075
3960 3961
3960 3962
3960 4192
3960 4193
3961 3962
3961 3963
3961 3964
3962 3963
3962 4193
3963 3964
3963 3965
3964 3965
3964 3966
3965 3966
3965 3967
3966 3967
3966 3968
3967 3968
3967 3969
3968 3969
3968 3970
3969 3970
3971 3972
3971 3973
3972 3973
3972 3974
3973 3974
3973 3975
3974 3975
3974 4192
3975 4192
3975 4193
3976 3977
3976 4121
3977 4121
3977 4122
3978 3979
3978 4219
3979 4219
3979 4220
3980 3981
3982 3983
3982 3984
3982 4246
3983 3984
3983 3997
3983 4246
3985 3986
3985 3987
3985 3988
3985 4126
3986 3987
3986 3988
3988 4125
3988 4126
3989 3990
3989 3991
3990 3991
3990 3992
3991 3992
3992 4191
3993 3994
3993 3995
3993 3996
3993 4095
3993 4097
3994 3995
3994 3996
3994 4186
3996 4097
3997 4246
3998 3999
3998 4173
3998 4200
3999 4173
4000 4201
4000 4202
4001 4002
4001 4272
4001 4273
4002 4272
4003 4004
4004 4153
4004 4280
4005 4006
4007 4008
4007 4010
4007 4266
4008 4036
4008 4266
4008 4267
4009 4016
4009 4036
4009 4188
4009 4274
4011 4012
4011 4013
4011 4014
4011 4162
4011 4171
4012 4013
4012 4141
4012 4144
4012 4162
4013 4014
4013 4144
4013 4145
4013 4263
4014 4171
4014 4172
4015 4016
4015 4017
4015 4060
4015 4061
4015 4188
4016 4017
4016 4188
4017 4061
4019 4020
4019 4070
4020 4069
4020 4070
4021 4059
4022 4023
4022 4024
4022 4134
4022 4137
4023 4024
4024 4137
4025 4026
4025 4102
4025 4103
4026 4102
4027 4028
4027 4029
4028 4029
4030 4031
4030 4032
4030 4033
4030 4117
4031 4032
4031 4033
4033 4117
4033 4118
4034 4035
4036 4274
4037 4038
4037 4041
4038 4039
4039 4040
4040 4042
4041 4044
4042 4043
4043 4045
4046 4047
4046 4051
4047 4053
4048 4049
4048 4052
4049 4054
4050 4053
4051 4054
4055 4056
4055 4057
4055 4058
4055 4104
4056 4057
4056 4058
4056 4189
4056 4190
4057 4189
4058 4104
4058 4105
4060 4061
4062 4111
4062 4113
4063 4064
4063 4165
4064 4275
4065 4066
4065 4067
4065 4068
4066 4067
4066 4068
4069 4070
4071 4072
4071 4073
4071 4135
4071 4136
4072 4073
4072 4135
4074 4075
4074 4129
4074 4130
4075 4129
4076 4077
4078 4079
4078 4080
4079 4080
4079 4081
4079 4082
4080 4081
4081 4082
4083 4084
4083 4085
4084 4085
4084 4086
4085 4086
4085 4087
4086 4087
4088 4121
4088 4201
4089 4108
4090 4091
4090 4098
4090 4124
4091 4098
4091 4099
4091 4183
4092 4093
4092 4167
4092 4168
4093 4168
4094 4095
4094 4096
4094 4097
4094 4100
4094 4101
4095 4096
4095 4097
4097 4100
4098 4099
4098 4124
4099 4100
4099 4101
4099 4183
4099 4207
4100 4101
4101 4207
4102 4103
4104 4105
4104 4199
4105 4196
4105 4199
4106 4107
4106 4209
4106 4210
4107 4209
4109 4110
4109 4113
4110 4155
4111 4113
4112 4131
4114 4115
4114 4116
4114 4174
4114 4207
4115 4116
4116 4174
4117 4118
4119 4120
4121 4122
4121 4201
4122 4201
4122 4202
4123 4231
4124 4275
4125 4126
4127 4128
4127 4249
4129 4130
4132 4133
4134 4135
4134 4136
4134 4137
4135 4136
4135 4137
4138 4139
4138 4152
4138 4153
4138 4280
4139 4153
4139 4154
4140 4141
4140 4142
4140 4144
4141 4142
4141 4143
4141 4144
4141 4161
4141 4162
4142 4143
4143 4161
4144 4145
4145 4263
4145 4264
