10683583799272006843 4459 8192
0.167706 0.131404 0.118446
-0.081667 0.131404 0.188376
-0.081667 -0.131404 0.188376
0.167706 -0.131404 0.118446
0.081667 0.131404 -0.188376
-0.081667 0.131404 0.188376
0.167706 0.131404 0.118446
-0.167706 0.131404 -0.118446
0.081667 -0.131404 -0.188376
-0.167706 -0.131404 -0.118446
-0.167706 0.131404 -0.118446
0.081667 0.131404 -0.188376
-0.081667 -0.131404 0.188376
0.081667 -0.131404 -0.188376
0.167706 -0.131404 0.118446
-0.167706 -0.131404 -0.118446
0.167706 0.131404 0.118446
0.167706 -0.131404 0.118446
0.081667 0.131404 -0.188376
0.081667 -0.131404 -0.188376
-0.081667 0.131404 0.188376
-0.167706 -0.131404 -0.118446
-0.081667 -0.131404 0.188376
-0.167706 0.131404 -0.118446
-0.025356 -0.077383 1.699106
-0.042354 -0.065081 1.700873
-0.000000 0.003857 1.686545
-0.013390 -0.083018 1.703431
-0.000000 -0.085806 1.705441
-0.056296 -0.051782 1.699787
0.080678 -0.096646 1.789677
0.072422 -0.101148 1.837535
0.052798 -0.120955 1.798795
-0.066825 -0.034022 1.695655
0.089859 -0.082131 1.784632
0.095850 -0.072900 1.822670
0.101510 -0.056316 1.775021
-0.069684 -0.013243 1.692388
-0.070066 0.006710 1.688184
-0.064063 0.025936 1.684567
-0.055726 0.052097 1.678734
-0.036787 0.074253 1.669157
0.109250 0.023967 1.740467
0.112885 -0.007218 1.786991
0.109544 -0.018039 1.759788
-0.022398 0.088557 1.664290
-0.012483 0.104437 1.665158
0.111482 0.026695 1.769059
0.000000 0.112460 1.664861
-0.025356 -0.077383 1.699106
-0.043320 -0.076526 1.673397
-0.042354 -0.065081 1.700873
0.035187 -0.104159 1.858926
0.049852 -0.078130 1.864487
0.035614 -0.082595 1.868426
-0.031344 -0.084516 1.675376
-0.017130 -0.085978 1.669698
-0.013390 -0.083018 1.703431
0.071511 -0.099286 1.840337
0.072974 -0.062198 1.853682
0.084126 -0.086258 1.833145
0.087263 -0.063164 1.835691
-0.000000 -0.085352 1.668674
-0.000000 -0.085806 1.705441
-0.053554 -0.068686 1.671901
-0.056296 -0.051782 1.699787
0.102789 -0.019021 1.810232
0.086180 -0.017917 1.849437
0.089496 -0.000287 1.842934
-0.065306 -0.054802 1.672159
0.091026 0.036119 1.829312
0.103359 0.016002 1.789952
0.099426 0.048436 1.774746
-0.066825 -0.034022 1.695655
-0.071729 -0.032792 1.667714
-0.070066 0.006710 1.688184
-0.072872 -0.012271 1.663684
-0.071300 0.008471 1.659664
0.091497 0.067630 1.789435
-0.069684 -0.013243 1.692388
0.082527 0.005237 1.853555
-0.064063 0.025936 1.684567
-0.069952 0.018081 1.658255
-0.055864 0.052622 1.645224
0.069497 -0.029500 1.866549
0.048117 -0.055454 1.873350
-0.036787 0.074253 1.669157
-0.039164 0.076229 1.636636
0.047412 -0.009010 1.880153
0.035527 -0.035307 1.882530
-0.055726 0.052097 1.678734
-0.022398 0.088557 1.664290
-0.016467 0.102714 1.628282
-0.012483 0.104437 1.665158
0.000000 0.112460 1.664861
0.000000 0.111136 1.626508
-0.077732 0.028902 1.645369
-0.065560 0.056580 1.636408
-0.049919 0.079831 1.629355
0.035202 -0.009163 1.884630
0.061887 0.012740 1.871578
0.035384 0.015974 1.883963
-0.030009 0.097630 1.621744
-0.008796 0.112108 1.617155
-0.000000 0.114244 1.616420
0.048852 0.060789 1.866155
-0.000000 -0.100332 1.664409
-0.017667 -0.096539 1.667115
0.035536 0.063464 1.870617
-0.039151 -0.095328 1.673113
0.061327 0.074718 1.848063
0.047604 0.097655 1.843646
-0.069201 -0.071150 1.668967
0.036417 0.100052 1.846380
-0.080801 -0.048909 1.664259
0.071948 0.083454 1.830146
0.046492 0.120912 1.815732
0.036174 0.124660 1.817442
-0.083685 -0.022881 1.659132
-0.078551 0.019336 1.651926
0.036152 0.137215 1.788748
-0.087863 0.020637 1.652120
-0.020644 0.108940 1.617214
-0.043508 0.092999 1.624077
0.000000 0.117497 1.614715
-0.077275 0.045452 1.640776
-0.069434 0.060007 1.635900
-0.054068 0.084483 1.630659
-0.071482 0.061344 1.638863
0.074037 0.049859 1.850069
-0.083888 0.033136 1.649457
0.000000 0.119802 1.616482
-0.011114 0.117490 1.617092
-0.034321 0.103526 1.621814
0.085222 0.077370 1.804447
0.068358 0.103061 1.807162
0.000000 0.139803 1.608720
-0.022409 0.132944 1.611424
-0.027519 0.129653 1.613130
0.074249 0.105101 1.776836
-0.045873 0.114324 1.621732
-0.022253 0.135797 1.610358
-0.026766 0.130738 1.604849
-0.022409 0.132944 1.611424
-0.027519 0.129653 1.613130
-0.039946 0.125161 1.601841
-0.045873 0.114324 1.621732
-0.055504 0.118248 1.600690
-0.064158 0.114038 1.600019
-0.054333 0.105293 1.627247
-0.054333 0.105293 1.627247
-0.076501 0.102868 1.604650
-0.096006 0.073303 1.749690
-0.092750 0.068156 1.755697
-0.098790 0.057163 1.751258
-0.085880 0.078510 1.760881
-0.098790 0.057163 1.751258
-0.092750 0.068156 1.755697
-0.088945 0.073746 1.751925
-0.080716 0.080164 1.754171
-0.085880 0.078510 1.760881
-0.078908 0.084859 1.747462
-0.091945 0.074017 1.743878
-0.097286 0.064361 1.741769
-0.095068 0.071583 1.738575
-0.097286 0.064361 1.741769
-0.099075 0.058719 1.732192
0.107205 -0.036705 1.767360
0.105267 -0.018954 1.756381
-0.097893 0.056214 1.709696
0.097005 -0.056194 1.771277
-0.099075 0.058719 1.732192
-0.097990 0.066996 1.740386
0.088960 0.082771 1.763249
0.088041 0.082463 1.759915
0.076792 0.109019 1.765185
0.079383 0.092106 1.759550
-0.096927 0.075225 1.748567
0.102798 -0.037281 1.763548
-0.100650 0.068569 1.740350
0.086786 0.080946 1.759430
-0.101017 0.076992 1.752160
-0.086786 0.080946 1.759430
-0.100983 0.042509 1.716635
0.057145 0.132909 1.763902
0.053772 0.128609 1.757466
-0.100173 0.037898 1.704959
-0.096928 0.045126 1.670372
-0.101473 0.038397 1.717187
-0.093277 -0.024166 1.658686
0.085533 -0.080910 1.781295
-0.086113 -0.065267 1.670545
-0.079379 -0.078613 1.677351
-0.090237 -0.049949 1.664266
0.065578 -0.106567 1.790677
-0.028284 -0.107634 1.674294
-0.057401 -0.115457 1.689072
-0.045849 -0.123812 1.691048
-0.104703 -0.030094 1.676501
-0.108206 -0.015897 1.679549
-0.109017 -0.028631 1.682299
-0.102594 -0.050138 1.678169
-0.097080 -0.068389 1.681217
0.049996 -0.118433 1.794730
-0.088482 -0.084218 1.684007
0.033906 -0.129703 1.801944
0.036122 -0.125703 1.796571
-0.070336 -0.105113 1.687508
0.102217 0.075159 1.749972
0.099469 0.076645 1.748743
-0.108206 -0.015897 1.679549
-0.109017 -0.028631 1.682299
-0.118414 -0.026139 1.674802
0.105891 0.040749 1.721092
0.100596 0.068537 1.740364
-0.113439 -0.031169 1.679651
0.102988 0.043811 1.716489
-0.104703 -0.030094 1.676501
-0.109400 -0.032331 1.673360
0.100983 0.042509 1.716635
0.099075 0.058719 1.732192
0.097990 0.066996 1.740386
-0.112644 -0.034210 1.677222
0.106951 0.021691 1.738984
0.106087 0.027566 1.728719
-0.100476 0.026351 1.662364
0.104024 0.025020 1.735273
-0.105247 0.005009 1.671663
-0.080674 0.067552 1.644214
0.108170 -0.002777 1.750181
0.105574 0.011246 1.744567
-0.063802 0.093263 1.632588
-0.072001 0.081168 1.638356
-0.105247 0.005009 1.671663
0.056775 0.124704 1.783408
-0.117178 0.002229 1.662074
-0.113211 0.023290 1.648948
-0.100476 0.026351 1.662364
-0.080674 0.067552 1.644214
-0.091507 0.078030 1.617871
-0.072001 0.081168 1.638356
0.087242 0.090554 1.770794
-0.105295 0.048621 1.634303
0.093677 0.071647 1.773279
-0.063802 0.093263 1.632588
-0.084179 0.091309 1.610687
0.024400 -0.087548 1.876732
-0.000000 -0.089175 1.879120
0.025708 -0.106064 1.868310
-0.000000 -0.110581 1.869654
0.033135 0.146353 1.789845
0.033043 0.143508 1.786800
0.015486 0.154590 1.772716
0.015890 0.151771 1.769850
0.034922 0.117409 1.834706
0.036174 0.124660 1.817442
0.035145 0.136217 1.803586
0.036152 0.137215 1.788748
0.025968 0.142185 1.806256
0.033174 0.142949 1.800901
0.024817 0.134566 1.822496
-0.000000 0.145155 1.806258
-0.020675 -0.125897 1.696755
-0.017322 -0.110659 1.676436
0.034285 0.085820 1.862391
0.036417 0.100052 1.846380
-0.034709 -0.130308 1.699797
0.024765 0.123109 1.839002
-0.000000 0.125522 1.840798
0.024562 0.108283 1.854029
-0.000000 0.109741 1.855727
-0.112835 -0.032462 1.681901
0.024342 0.067832 1.878574
0.035536 0.063464 1.870617
-0.104037 -0.071269 1.688180
-0.050727 -0.128832 1.693077
-0.041682 -0.135254 1.704214
-0.076169 -0.110682 1.692678
-0.000000 0.090627 1.869219
-0.000000 0.068535 1.880513
-0.026308 -0.140387 1.706441
-0.018225 -0.144325 1.718129
0.000000 -0.144962 1.713172
0.035384 0.015974 1.883963
0.033997 0.042079 1.881173
0.024138 0.043784 1.886314
-0.000000 0.044348 1.888710
0.024152 0.017968 1.891075
-0.000000 0.018234 1.893492
-0.000000 -0.146111 1.720781
0.000000 -0.144962 1.713172
-0.057401 -0.115457 1.689072
-0.047588 -0.126944 1.689661
-0.060009 -0.118075 1.687131
-0.045849 -0.123812 1.691048
-0.104703 -0.030094 1.676501
-0.106948 -0.050797 1.676543
0.024265 -0.009543 1.892720
-0.000000 -0.009535 1.894766
-0.102594 -0.050138 1.678169
-0.000000 -0.037662 1.892584
-0.100784 -0.070714 1.679990
-0.097080 -0.068389 1.681217
-0.088482 -0.084218 1.684007
-0.084236 -0.096865 1.684450
0.024347 -0.063719 1.885024
-0.000000 -0.064629 1.887064
-0.070336 -0.105113 1.687508
-0.000000 0.153449 1.769638
0.000000 0.155799 1.771804
-0.037517 -0.134321 1.696815
-0.034709 -0.130308 1.699797
0.035187 -0.104159 1.858926
0.035614 -0.082595 1.868426
0.027193 -0.101425 1.866484
0.032317 -0.109071 1.864771
0.026384 0.120554 1.836927
-0.014840 -0.139075 1.710755
-0.014840 -0.139075 1.710755
0.000000 -0.135126 1.710768
-0.000000 -0.140514 1.712739
-0.000000 -0.140514 1.712739
-0.015307 -0.130285 1.702520
-0.000000 -0.106631 1.670127
0.000000 -0.106256 1.676392
0.000000 -0.133921 1.707236
0.000000 -0.127919 1.705449
-0.016194 -0.121603 1.697167
0.000000 0.141580 1.604494
-0.022253 0.135797 1.610358
-0.026702 0.135225 1.606512
0.035527 -0.035307 1.882530
0.035202 -0.009163 1.884630
0.000000 0.139803 1.608720
-0.030589 0.132925 1.603796
-0.029394 0.135340 1.607236
-0.023888 0.140357 1.604704
-0.000000 0.147311 1.606098
-0.024676 0.143426 1.606019
-0.047351 0.134069 1.712455
-0.050904 0.123295 1.619678
-0.066210 0.105973 1.630527
-0.087634 0.082115 1.694819
-0.072684 0.110248 1.725068
-0.086344 0.075731 1.650579
0.090628 0.085792 1.766183
-0.083156 0.094474 1.730311
-0.028273 0.144586 1.693727
0.000000 0.147528 1.712248
-0.000000 0.149703 1.690951
-0.011126 0.146989 1.713515
-0.037994 0.136079 1.729167
-0.053754 0.124831 1.732913
-0.063494 0.106655 1.742456
0.068299 0.118112 1.777049
0.046182 0.136757 1.783880
-0.000000 0.147311 1.606098
0.033043 0.143508 1.786800
-0.016921 0.140937 1.730755
-0.033420 0.130177 1.736221
-0.014130 0.136501 1.731571
-0.007452 0.143500 1.719396
0.030709 0.149242 1.763160
0.000000 0.144217 1.717922
-0.006596 0.137627 1.722466
0.029267 0.144774 1.756114
0.000000 0.155627 1.762491
-0.000000 0.150217 1.755476
0.000000 0.137965 1.720964
0.015890 0.151771 1.769850
-0.000000 0.153449 1.769638
-0.006596 0.137627 1.722466
0.000000 0.137692 1.750197
0.000000 0.137965 1.720964
-0.014130 0.136501 1.731571
0.033906 -0.129703 1.801944
0.031556 -0.130269 1.794389
0.036122 -0.125703 1.796571
-0.000000 0.145155 1.806258
0.000000 0.155799 1.771804
-0.049642 0.120118 1.739451
0.054790 -0.110576 1.846678
0.054838 -0.112214 1.843877
0.035565 -0.117516 1.850591
0.035509 -0.119544 1.847726
-0.049642 0.120118 1.739451
-0.058813 0.111452 1.752662
-0.038455 0.127491 1.751262
-0.063494 0.106655 1.742456
-0.078908 0.084859 1.747462
-0.080716 0.080164 1.754171
-0.033420 0.130177 1.736221
-0.012224 0.137005 1.750329
-0.079392 0.092115 1.759560
-0.080716 0.080164 1.754171
0.106844 -0.045864 1.808142
0.105394 0.065532 1.759246
-0.058813 0.111452 1.752662
-0.076781 0.109020 1.765190
-0.053772 0.128610 1.757467
0.000000 0.137692 1.750197
-0.012224 0.137005 1.750329
-0.000000 0.150217 1.755476
-0.029267 0.144774 1.756114
-0.038455 0.127491 1.751262
0.033054 -0.125611 1.854209
0.017553 -0.127037 1.858865
-0.000000 -0.130597 1.857424
0.035509 -0.119544 1.847726
0.035565 -0.117516 1.850591
-0.000000 -0.128561 1.859915
-0.120322 -0.032385 1.677482
-0.110258 -0.030363 1.688632
-0.121699 -0.025830 1.674554
-0.120701 -0.008532 1.667976
-0.118081 0.013873 1.655265
-0.113535 0.033830 1.643460
-0.086286 0.093568 1.610340
-0.070812 0.113144 1.600078
-0.101235 0.066007 1.625207
-0.057156 0.121160 1.600669
-0.070812 0.113144 1.600078
-0.041435 0.128277 1.602105
-0.066962 0.117625 1.602112
-0.042451 0.129843 1.604830
-0.075011 0.111223 1.604841
-0.087125 0.095513 1.613382
-0.109127 0.052201 1.636785
-0.117331 0.025548 1.651281
-0.101518 0.034052 1.676321
-0.090205 0.058047 1.657865
-0.065169 0.101911 1.629207
-0.050325 0.118669 1.618297
0.032380 -0.134559 1.802680
-0.103135 0.036966 1.703710
-0.078927 0.097185 1.618285
-0.087939 0.069400 1.641200
-0.000000 -0.141188 1.802812
0.017208 -0.135038 1.795135
-0.104387 0.029616 1.665405
-0.000000 -0.136844 1.795673
-0.102705 0.024605 1.719179
-0.103243 0.027202 1.728826
0.032749 -0.127392 1.790857
0.031556 -0.130269 1.794389
0.032677 -0.131513 1.776880
0.032749 -0.127392 1.790857
0.047774 -0.122052 1.762362
0.017208 -0.135038 1.795135
-0.000000 -0.136844 1.795673
0.016022 -0.138310 1.730097
-0.000000 -0.139755 1.732371
-0.104263 0.007023 1.734410
-0.104024 0.025020 1.735273
-0.109247 0.023976 1.740478
-0.105397 0.065532 1.759255
-0.105949 0.040778 1.721079
-0.103243 0.027202 1.728826
-0.106085 0.027565 1.728720
-0.101473 0.038397 1.717187
0.074897 -0.107354 1.704860
-0.104024 0.025020 1.735273
-0.100983 0.042509 1.716635
-0.102986 0.043810 1.716489
-0.105086 0.005034 1.725197
-0.103310 -0.029915 1.732550
0.034358 -0.132836 1.721783
-0.101571 -0.024866 1.746487
0.049996 -0.118433 1.794730
0.036122 -0.125703 1.796571
-0.106034 0.024161 1.717517
-0.108290 -0.004199 1.689719
-0.110490 -0.005484 1.681559
0.065578 -0.106567 1.790677
-0.121327 0.004370 1.664312
0.074760 -0.102270 1.746072
0.073292 -0.099674 1.749530
-0.122868 -0.017171 1.674652
-0.107581 -0.029074 1.695734
-0.108597 -0.009273 1.727165
-0.105575 0.011245 1.744566
-0.106030 -0.028734 1.730633
0.092124 -0.073526 1.741886
0.099735 -0.065372 1.725935
0.103307 -0.029914 1.732544
0.104812 -0.031297 1.694036
-0.104812 -0.031297 1.694035
-0.122888 -0.025518 1.677461
0.084758 -0.089581 1.742476
0.093335 -0.080541 1.725662
0.092071 -0.084117 1.702417
0.018225 -0.144325 1.718129
-0.000000 -0.146111 1.720781
-0.105217 -0.018918 1.756462
-0.102752 -0.037235 1.763662
-0.092128 -0.073523 1.741882
-0.097002 -0.056198 1.771277
-0.085458 -0.080832 1.781348
0.041682 -0.135254 1.704214
-0.073352 -0.099831 1.749518
0.076169 -0.110682 1.692678
-0.076349 -0.094563 1.786285
-0.050202 -0.118815 1.794657
0.087505 -0.098618 1.691545
-0.047734 -0.121991 1.762348
-0.100965 -0.067105 1.700627
-0.099735 -0.065373 1.725934
-0.100916 -0.069589 1.723305
-0.093335 -0.080541 1.725662
-0.092071 -0.084117 1.702417
-0.087505 -0.098618 1.691545
0.037517 -0.134321 1.696815
0.026308 -0.140387 1.706441
0.050727 -0.128832 1.693077
0.047588 -0.126944 1.689661
0.100784 -0.070714 1.679990
0.084236 -0.096865 1.684450
0.060009 -0.118075 1.687131
0.104037 -0.071269 1.688181
0.106948 -0.050797 1.676543
0.109400 -0.032331 1.673360
0.112644 -0.034210 1.677222
0.100965 -0.067105 1.700627
0.112835 -0.032462 1.681902
0.100916 -0.069589 1.723305
-0.074900 -0.107359 1.704861
-0.034358 -0.132835 1.721783
-0.016022 -0.138310 1.730097
-0.000000 -0.139755 1.732371
0.085533 -0.080910 1.781295
-0.084757 -0.089579 1.742476
-0.074764 -0.102274 1.746074
0.097005 -0.056194 1.771277
0.102798 -0.037281 1.763548
-0.032744 -0.127381 1.790860
-0.036121 -0.125703 1.796571
0.105267 -0.018954 1.756381
0.101571 -0.024866 1.746487
-0.032680 -0.131517 1.776881
0.104263 0.007023 1.734409
0.105574 0.011246 1.744567
0.106031 -0.028733 1.730633
0.107582 -0.029073 1.695734
-0.017208 -0.135038 1.795135
-0.031556 -0.130269 1.794389
0.110258 -0.030363 1.688632
-0.000000 -0.136844 1.795673
0.108259 -0.004224 1.689719
-0.000000 -0.139755 1.732371
0.122868 -0.017171 1.674652
0.110486 -0.005484 1.681561
0.122888 -0.025518 1.677461
-0.031556 -0.130269 1.794389
-0.036121 -0.125703 1.796571
-0.032744 -0.127381 1.790860
-0.032380 -0.134559 1.802680
-0.033906 -0.129703 1.801944
-0.000000 -0.141188 1.802812
-0.000000 -0.130597 1.857424
-0.033054 -0.125611 1.854209
-0.000000 -0.136844 1.795673
-0.017208 -0.135038 1.795135
0.120700 -0.008532 1.667976
0.121699 -0.025830 1.674554
0.120322 -0.032385 1.677482
-0.035509 -0.119544 1.847726
0.108598 -0.009272 1.727165
0.105086 0.005034 1.725197
-0.017553 -0.127037 1.858865
-0.000000 -0.110581 1.869654
-0.025708 -0.106064 1.868310
0.104024 0.025020 1.735273
0.106035 0.024163 1.717517
-0.000000 -0.128561 1.859915
-0.032317 -0.109071 1.864771
0.102705 0.024605 1.719179
-0.035565 -0.117516 1.850591
-0.035299 -0.104224 1.859089
0.103127 0.036959 1.703710
0.100196 0.037925 1.704957
-0.057144 0.132908 1.763901
-0.088943 0.082753 1.763246
-0.093920 0.071705 1.773221
-0.087268 -0.063169 1.835693
-0.102797 -0.019015 1.810242
-0.106896 -0.045873 1.808120
-0.101674 -0.056367 1.774987
-0.109892 -0.018113 1.759741
-0.112835 -0.007202 1.787001
-0.090069 -0.082326 1.784554
-0.095636 -0.072755 1.822612
-0.084119 -0.086253 1.833143
-0.071998 -0.100761 1.837536
-0.084987 -0.087842 1.830426
-0.068941 -0.108869 1.794291
0.121323 0.004370 1.664314
-0.054789 -0.110576 1.846677
-0.049852 -0.078130 1.864486
-0.071511 -0.099286 1.840338
0.118192 0.013798 1.655072
-0.035299 -0.104224 1.859089
-0.035565 -0.117516 1.850591
0.117447 0.025573 1.651255
-0.033906 -0.129703 1.801944
-0.054863 -0.112248 1.843864
-0.052598 -0.120682 1.798907
-0.035509 -0.119544 1.847726
0.104365 0.029601 1.665382
-0.111239 0.026616 1.768947
-0.103254 0.015960 1.789871
0.101888 0.034337 1.676319
-0.030709 0.149242 1.763160
-0.015486 0.154590 1.772716
-0.000000 0.145155 1.806258
0.000000 0.155799 1.771804
-0.025968 0.142185 1.806256
-0.015890 0.151771 1.769850
-0.000000 0.153449 1.769638
0.000000 0.155627 1.762491
-0.033043 0.143508 1.786800
-0.046180 0.136756 1.783880
0.101474 0.038397 1.717187
-0.068343 0.118136 1.777068
-0.056820 0.124748 1.783417
-0.036143 0.137206 1.788742
0.103243 0.027202 1.728826
-0.074205 0.105037 1.776814
-0.090880 0.085921 1.766287
-0.033043 0.143508 1.786800
-0.033174 0.142949 1.800901
-0.033135 0.146353 1.789845
-0.035145 0.136217 1.803586
-0.035406 -0.035245 1.882312
-0.024294 -0.063698 1.884962
-0.024274 -0.009547 1.892731
-0.035743 -0.058117 1.876896
0.103243 0.027202 1.728826
-0.035508 0.016018 1.884120
-0.035202 -0.009163 1.884630
-0.024145 0.017966 1.891067
-0.035691 0.063488 1.870788
-0.024313 0.043828 1.886483
-0.024335 0.067827 1.878567
0.101474 0.038397 1.717187
-0.034278 0.085813 1.862382
-0.024563 0.108284 1.854029
0.050285 0.118629 1.618275
0.065091 0.101921 1.629286
0.071305 0.099371 1.623888
0.083321 0.072240 1.648674
0.099141 0.035493 1.672782
0.094493 0.054970 1.649815
-0.024817 0.134566 1.822496
-0.026384 0.120554 1.836927
-0.024765 0.123109 1.839002
0.102497 0.067584 1.628263
0.079017 0.106625 1.607642
-0.034918 0.117403 1.834700
-0.024400 -0.087548 1.876732
-0.027285 -0.101464 1.866589
-0.000000 0.153449 1.769638
-0.015890 0.151771 1.769850
-0.000000 -0.064629 1.887064
-0.000000 -0.089175 1.879120
-0.000000 -0.037662 1.892584
-0.000000 -0.009535 1.894766
-0.000000 0.018234 1.893492
0.029394 0.135340 1.607236
0.042450 0.129842 1.604830
-0.000000 0.044348 1.888710
0.066981 0.117645 1.602110
-0.000000 0.068535 1.880513
0.050904 0.123295 1.619678
0.066203 0.105972 1.630528
0.024676 0.143426 1.606019
-0.000000 0.090627 1.869219
0.086460 0.075750 1.650557
-0.000000 0.109741 1.855727
-0.036725 0.100477 1.846870
-0.000000 0.125522 1.840798
-0.036165 0.124648 1.817428
0.107503 0.051316 1.633289
0.086327 0.093604 1.610357
0.070826 0.113157 1.600073
0.093570 0.080177 1.617245
-0.036143 0.137206 1.788742
-0.076918 0.094247 1.802064
0.030589 0.132925 1.603796
0.041435 0.128277 1.602105
0.057156 0.121160 1.600669
0.070826 0.113157 1.600073
-0.104818 -0.037658 1.763673
-0.108195 -0.002790 1.750156
-0.105217 -0.018918 1.756462
0.026766 0.130738 1.604849
0.039946 0.125161 1.601841
0.055504 0.118248 1.600690
-0.105575 0.011245 1.744566
-0.106951 0.021691 1.738984
0.064158 0.114038 1.600019
0.076501 0.102868 1.604650
0.099198 0.063443 1.625784
0.084177 0.091306 1.610682
0.117226 0.002204 1.662015
-0.088041 0.082463 1.759915
0.118411 -0.026140 1.674798
-0.036121 -0.125703 1.796571
-0.050202 -0.118815 1.794657
-0.085458 -0.080832 1.781348
-0.076349 -0.094563 1.786285
0.113439 -0.031169 1.679651
-0.097002 -0.056198 1.771277
0.085880 0.078510 1.760881
-0.102752 -0.037235 1.763662
-0.080658 0.074732 1.822040
-0.091029 0.036107 1.829277
-0.089498 -0.000285 1.842939
-0.046714 0.121099 1.815863
-0.061047 0.091594 1.837460
0.038456 0.127491 1.751263
0.058803 0.111440 1.752651
-0.074166 0.049933 1.850183
0.012224 0.137005 1.750329
0.000000 0.137692 1.750197
-0.061850 0.012724 1.871546
-0.048938 0.060911 1.866300
0.080714 0.080164 1.754170
-0.082519 0.005231 1.853548
-0.069499 -0.029499 1.866550
0.000000 0.137692 1.750197
0.012224 0.137005 1.750329
0.014130 0.136501 1.731571
-0.086179 -0.017916 1.849436
0.033418 0.130178 1.736221
0.058803 0.111440 1.752651
0.049640 0.120119 1.739450
0.038456 0.127491 1.751263
0.063494 0.106655 1.742456
0.078908 0.084859 1.747462
0.080714 0.080164 1.754170
-0.072974 -0.062199 1.853682
-0.036165 0.124648 1.817428
-0.036725 0.100477 1.846870
-0.035691 0.063488 1.870788
-0.035508 0.016018 1.884120
-0.047413 -0.009010 1.880155
-0.035202 -0.009163 1.884630
-0.035406 -0.035245 1.882312
-0.035743 -0.058117 1.876896
-0.048118 -0.055455 1.873352
0.037993 0.136080 1.729166
0.033418 0.130178 1.736221
0.049640 0.120119 1.739450
0.063494 0.106655 1.742456
0.053753 0.124832 1.732913
0.078908 0.084859 1.747462
0.083157 0.094474 1.730310
0.000000 0.137965 1.720964
0.006596 0.137627 1.722466
0.014130 0.136501 1.731571
0.016921 0.140937 1.730755
0.007452 0.143500 1.719396
0.025356 -0.077383 1.699106
-0.000000 0.003857 1.686545
0.042354 -0.065081 1.700873
0.013390 -0.083018 1.703431
-0.000000 -0.085806 1.705441
0.011126 0.146989 1.713515
0.000000 0.144217 1.717922
0.000000 0.137965 1.720964
0.006596 0.137627 1.722466
0.056296 -0.051782 1.699787
0.000000 0.147528 1.712248
0.066825 -0.034022 1.695655
0.069684 -0.013243 1.692388
0.070065 0.006710 1.688184
0.064063 0.025936 1.684567
0.055726 0.052097 1.678734
0.036787 0.074253 1.669157
0.022398 0.088557 1.664290
0.012483 0.104437 1.665158
0.000000 0.112460 1.664861
0.025356 -0.077383 1.699106
0.043320 -0.076526 1.673397
0.031344 -0.084516 1.675376
0.042354 -0.065081 1.700873
0.017130 -0.085978 1.669698
0.013390 -0.083018 1.703431
0.072685 0.110248 1.725067
0.047350 0.134069 1.712455
-0.000000 -0.085352 1.668674
-0.000000 -0.085806 1.705441
0.056296 -0.051782 1.699787
0.053554 -0.068686 1.671901
0.095067 0.071583 1.738575
0.091945 0.074017 1.743878
0.065306 -0.054802 1.672159
0.066825 -0.034022 1.695655
0.071728 -0.032793 1.667715
0.069684 -0.013243 1.692388
0.070065 0.006710 1.688184
0.072906 -0.012257 1.663684
0.064063 0.025936 1.684567
0.055861 0.052626 1.645236
0.069979 0.018102 1.658262
0.036787 0.074253 1.669157
0.039164 0.076229 1.636635
0.055726 0.052097 1.678734
-0.000000 0.149703 1.690951
0.028273 0.144586 1.693727
0.022398 0.088557 1.664290
0.012483 0.104437 1.665158
0.016467 0.102714 1.628282
-0.000000 0.147311 1.606098
0.000000 0.112460 1.664861
0.000000 0.111136 1.626508
0.065561 0.056534 1.636303
0.078579 0.019181 1.651533
0.049919 0.079832 1.629357
0.030009 0.097630 1.621744
0.008796 0.112108 1.617155
-0.000000 0.114244 1.616420
-0.000000 -0.100332 1.664409
0.017667 -0.096539 1.667115
0.000000 0.147528 1.712248
0.039150 -0.095327 1.673112
0.069201 -0.071150 1.668967
0.080796 -0.048909 1.664258
0.083523 -0.034745 1.661440
0.020644 0.108940 1.617214
0.043508 0.092999 1.624077
0.000000 0.117497 1.614715
0.077293 0.045317 1.640453
0.087855 0.020625 1.652090
0.069434 0.060008 1.635901
0.054068 0.084483 1.630659
0.071482 0.061344 1.638863
0.087624 0.082113 1.694822
0.083888 0.033136 1.649457
0.097905 0.056215 1.709693
0.000000 0.119802 1.616482
0.011114 0.117490 1.617092
0.034321 0.103526 1.621814
0.000000 0.139803 1.608720
0.022409 0.132944 1.611424
0.027519 0.129653 1.613130
0.045873 0.114324 1.621732
0.022253 0.135797 1.610358
0.022409 0.132944 1.611424
0.027519 0.129653 1.613130
0.045873 0.114324 1.621732
0.054333 0.105293 1.627247
0.054333 0.105293 1.627247
0.095977 0.073323 1.749660
0.098790 0.057163 1.751258
0.092750 0.068157 1.755697
0.098790 0.057163 1.751258
0.088945 0.073746 1.751925
0.092750 0.068157 1.755697
0.080714 0.080164 1.754170
0.085880 0.078510 1.760881
0.023888 0.140357 1.604704
0.097286 0.064361 1.741769
0.000000 0.141580 1.604494
0.026702 0.135225 1.606512
0.097286 0.064361 1.741769
0.099075 0.058719 1.732192
0.000000 0.139803 1.608720
0.022253 0.135797 1.610358
0.020675 -0.125897 1.696755
0.017322 -0.110659 1.676436
0.028284 -0.107634 1.674294
0.015307 -0.130285 1.702520
0.034709 -0.130308 1.699797
0.100983 0.042509 1.716635
0.016194 -0.121603 1.697167
0.093273 -0.024162 1.658684
0.079379 -0.078613 1.677351
0.086113 -0.065267 1.670545
0.000000 -0.127919 1.705449
0.000000 -0.106256 1.676392
0.090235 -0.049950 1.664266
0.057401 -0.115457 1.689072
0.045849 -0.123812 1.691048
0.108305 -0.015772 1.679831
0.104703 -0.030094 1.676500
0.109015 -0.028634 1.682294
0.000000 -0.133921 1.707236
0.000000 -0.127919 1.705449
0.102594 -0.050138 1.678169
0.097080 -0.068389 1.681217
0.000000 -0.135126 1.710768
-0.000000 -0.106631 1.670127
0.088482 -0.084218 1.684007
0.070336 -0.105113 1.687508
0.014840 -0.139075 1.710755
0.000000 -0.144962 1.713172
-0.000000 -0.140514 1.712739
0.109015 -0.028634 1.682294
0.108305 -0.015772 1.679831
0.104703 -0.030094 1.676500
-0.000000 -0.140514 1.712739
0.014840 -0.139075 1.710755
0.034709 -0.130308 1.699797
0.045849 -0.123812 1.691048
0.057401 -0.115457 1.689072
0.070336 -0.105113 1.687508
0.100557 0.026450 1.662583
0.088482 -0.084218 1.684007
0.097080 -0.068389 1.681217
0.102594 -0.050138 1.678169
0.080664 0.067540 1.644189
0.104703 -0.030094 1.676500
0.063802 0.093263 1.632588
0.072001 0.081168 1.638356
0.100557 0.026450 1.662583
0.080664 0.067540 1.644189
0.072001 0.081168 1.638356
0.063802 0.093263 1.632588
-0.025830 -0.077935 1.699957
-0.056518 -0.052069 1.700335
0.000000 0.003857 1.686545
0.000000 -0.086625 1.706363
0.000000 -0.086625 1.706363
0.000000 0.003857 1.686545
0.025830 -0.077935 1.699956
0.056518 -0.052069 1.700335
0.067191 -0.034003 1.695939
-0.067191 -0.034003 1.695939
0.101956 -0.056538 1.774881
0.095248 -0.071723 1.825194
0.081262 -0.097093 1.789391
0.072461 -0.100030 1.840989
0.070442 0.006773 1.688613
0.055752 0.052195 1.678741
-0.070442 0.006773 1.688613
-0.055752 0.052195 1.678740
-0.023288 0.089226 1.664641
0.023286 0.089227 1.664644
0.110097 0.023844 1.740246
0.113409 -0.007162 1.786996
0.107733 -0.036809 1.767105
0.000003 0.113872 1.666246
0.025830 -0.077935 1.699956
0.017182 -0.085978 1.669617
0.000000 -0.086625 1.706363
0.105702 0.065438 1.758991
0.031382 -0.084616 1.675023
-0.000001 -0.085310 1.668568
0.056518 -0.052069 1.700335
0.000003 0.113872 1.666246
-0.025830 -0.077935 1.699957
-0.031393 -0.084604 1.675006
-0.056518 -0.052069 1.700335
0.065327 -0.054838 1.671949
0.067191 -0.034003 1.695939
0.072161 -0.032738 1.667974
-0.017169 -0.085984 1.669674
0.000000 -0.086625 1.706363
0.072461 -0.100030 1.840989
0.095248 -0.071723 1.825194
0.077582 -0.037696 1.857375
-0.000001 -0.085310 1.668568
0.070442 0.006773 1.688613
0.070180 0.018131 1.658436
-0.065330 -0.054842 1.671921
-0.067191 -0.034003 1.695939
-0.072080 -0.032725 1.667978
-0.070442 0.006773 1.688613
-0.070132 0.018148 1.658482
0.094722 0.071825 1.773103
0.091462 0.036248 1.829552
0.102380 -0.019031 1.809938
0.055752 0.052195 1.678741
0.055850 0.052657 1.645274
-0.086267 -0.088417 1.831032
-0.071751 -0.099419 1.840586
-0.087481 -0.063259 1.835816
-0.091167 -0.000109 1.843741
-0.103092 -0.018923 1.810267
0.090403 -0.000225 1.843571
0.023286 0.089227 1.664644
-0.055752 0.052195 1.678740
-0.055823 0.052704 1.645447
0.000003 0.113872 1.666246
0.016646 0.102873 1.628489
-0.082605 0.075393 1.822790
-0.094387 0.071874 1.773247
0.048634 -0.055721 1.874235
-0.023288 0.089226 1.664641
0.072026 -0.010217 1.867153
0.035830 -0.035429 1.883075
0.035837 -0.104582 1.860041
0.069314 0.059500 1.634871
0.079301 0.018922 1.649935
-0.050076 -0.078244 1.864889
-0.070211 -0.029716 1.867499
0.030315 0.098038 1.621605
-0.016619 0.102873 1.628511
0.000003 0.113872 1.666246
-0.000060 0.113418 1.616655
-0.035596 -0.104332 1.859458
-0.035964 -0.035452 1.883363
-0.053044 0.082192 1.627570
-0.079476 0.018797 1.649057
0.036222 0.016102 1.885351
-0.030082 0.097745 1.621554
-0.000038 -0.100461 1.663943
0.063484 0.056295 1.859743
0.035962 0.063794 1.871249
0.039251 -0.095837 1.672506
-0.035819 0.016048 1.884749
-0.073793 0.009686 1.863764
0.069203 -0.071104 1.668887
-0.000060 0.113418 1.616655
0.083547 -0.034794 1.661346
-0.000038 -0.100461 1.663943
0.073170 0.084333 1.830799
0.037691 0.101505 1.848073
-0.039249 -0.095697 1.672508
0.037414 0.126179 1.818313
-0.069129 -0.071085 1.668961
-0.036478 0.064053 1.872145
-0.074754 0.050425 1.850886
-0.037907 0.101655 1.848448
-0.060277 0.104069 1.825549
-0.081198 -0.049317 1.663484
-0.036564 0.125175 1.817712
-0.000148 0.143166 1.605961
-0.038401 0.139774 1.790206
0.100716 0.026390 1.662229
-0.067171 0.116029 1.780429
0.021658 0.135338 1.609765
0.045819 0.114278 1.621812
-0.100750 0.026444 1.662245
-0.080880 0.067518 1.643750
-0.077448 0.109354 1.765336
-0.086724 0.080932 1.759830
-0.089382 0.082940 1.763028
-0.054315 0.105282 1.627265
0.039806 0.125220 1.601503
0.045819 0.114278 1.621812
0.021658 0.135338 1.609765
0.064252 0.114115 1.599812
0.054333 0.105293 1.627247
0.054333 0.105293 1.627247
0.076552 0.102885 1.604573
0.075757 0.111751 1.604733
-0.108159 -0.037005 1.767055
-0.104302 -0.018912 1.756291
-0.097363 -0.056343 1.771132
0.095894 0.073456 1.749511
0.098790 0.057163 1.751258
0.092745 0.068170 1.755802
0.086674 0.080913 1.759922
0.098790 0.057163 1.751258
0.092250 0.074162 1.743901
0.092745 0.068170 1.755802
-0.021516 0.135263 1.609928
-0.000148 0.143166 1.605961
-0.045869 0.114399 1.621726
0.080681 0.080191 1.754361
0.086674 0.080913 1.759922
0.097286 0.064361 1.741769
0.099907 0.058957 1.732216
0.097286 0.064361 1.741769
0.097979 0.067049 1.740334
0.099907 0.058957 1.732216
0.101139 0.077228 1.752008
-0.090382 -0.082450 1.784505
-0.076512 -0.094683 1.786282
-0.021516 0.135263 1.609928
-0.045869 0.114399 1.621726
-0.055189 0.117874 1.599843
-0.054315 0.105282 1.627265
-0.076557 0.102810 1.604446
0.087037 0.076038 1.650305
0.101219 0.042550 1.716404
0.100497 0.038336 1.704989
-0.070798 0.113084 1.599813
-0.095876 0.073442 1.749532
-0.092748 0.068179 1.755810
-0.098790 0.057163 1.751258
0.090312 0.057964 1.657689
-0.098790 0.057163 1.751258
-0.092748 0.068179 1.755810
-0.092565 0.074296 1.743999
-0.080276 0.079921 1.754268
-0.086724 0.080932 1.759830
0.101541 0.038331 1.717121
-0.069249 -0.109443 1.794174
0.102693 -0.037388 1.763473
0.093416 -0.024270 1.658447
-0.097199 0.064398 1.741714
-0.100978 0.059555 1.732080
0.089070 0.082853 1.763127
0.085064 0.097098 1.765653
0.067780 0.100336 1.753019
-0.050143 -0.118632 1.794675
0.086195 -0.065287 1.670278
0.105061 0.021087 1.738747
-0.097199 0.064398 1.741714
-0.034298 -0.130437 1.801799
-0.035712 -0.125277 1.796568
0.085865 -0.081148 1.781232
-0.101108 0.077579 1.751582
-0.106117 0.040976 1.720671
-0.100978 0.059555 1.732080
-0.100742 0.042610 1.716563
0.017790 -0.109743 1.676686
0.045813 -0.124264 1.690271
-0.106158 0.065566 1.759139
0.064886 -0.105562 1.791057
-0.105104 0.027602 1.729225
-0.109639 0.023948 1.740383
0.108346 -0.015717 1.679946
0.104849 -0.030041 1.676422
0.109018 -0.028576 1.682254
0.097655 -0.068830 1.680270
0.070193 -0.104887 1.687909
-0.086804 0.075926 1.650501
-0.100742 0.042610 1.716563
0.118473 -0.026097 1.674880
0.109018 -0.028576 1.682254
0.108346 -0.015717 1.679946
0.114164 -0.031664 1.679635
0.109455 -0.032310 1.673304
-0.093641 -0.024413 1.658037
0.107109 -0.050827 1.676502
0.052819 -0.121040 1.798803
0.033912 -0.129708 1.801939
0.036432 -0.126198 1.796462
0.104849 -0.030041 1.676422
-0.089067 -0.084726 1.682774
-0.025424 0.135655 1.822951
-0.015850 0.155456 1.773098
-0.038401 0.139774 1.790206
0.080745 0.067595 1.644220
0.063856 0.093298 1.632550
0.106284 0.040568 1.720810
0.101662 0.060486 1.731942
0.101219 0.042550 1.716404
-0.034950 0.117413 1.834721
-0.037907 0.101655 1.848448
-0.034405 0.085870 1.862466
-0.036564 0.125175 1.817712
-0.017814 -0.110096 1.676629
-0.027422 0.107333 1.852858
-0.000005 0.125672 1.840932
0.100716 0.026390 1.662229
0.000001 0.145180 1.806260
0.117352 0.002129 1.661847
-0.000007 0.110108 1.856300
-0.048101 -0.126711 1.691144
0.099140 0.063341 1.625669
-0.036478 0.064053 1.872145
-0.026313 0.066369 1.875498
-0.070357 -0.105016 1.687819
0.080745 0.067595 1.644220
0.086042 0.092641 1.608878
0.000001 0.068808 1.880981
-0.024736 0.089657 1.867688
-0.104758 -0.030036 1.676408
-0.108321 -0.015691 1.680053
-0.109039 -0.028589 1.682264
0.068031 0.116635 1.780859
0.038215 0.139560 1.790087
0.063856 0.093298 1.632550
-0.102605 -0.050116 1.678290
-0.024439 0.043988 1.887076
0.000152 -0.126879 1.706491
-0.035819 0.016048 1.884749
0.000000 0.044433 1.889275
0.000001 0.068808 1.880981
-0.024439 0.043988 1.887076
0.026808 -0.139257 1.708241
0.000152 -0.126879 1.706491
0.025509 0.135654 1.822956
0.038215 0.139560 1.790087
0.015869 0.155513 1.773098
0.114164 -0.031664 1.679635
0.104134 -0.071209 1.687906
0.107109 -0.050827 1.676502
0.000000 -0.009527 1.895724
-0.024328 -0.009531 1.893078
0.000000 -0.009527 1.895724
-0.000016 -0.064832 1.887821
0.087258 -0.098710 1.691338
0.052826 -0.129035 1.697103
0.060334 -0.118446 1.686914
0.045813 -0.124264 1.690271
-0.024305 -0.063755 1.885040
-0.035964 -0.035452 1.883363
-0.035596 -0.104332 1.859458
0.026808 -0.139257 1.708241
0.018444 -0.144804 1.718194
-0.108321 -0.015691 1.680053
-0.109039 -0.028589 1.682264
-0.118465 -0.026127 1.674817
0.000003 -0.110767 1.870061
-0.025735 -0.106174 1.868576
0.027572 0.107380 1.852967
-0.000005 0.125672 1.840932
0.000001 0.145180 1.806260
0.104849 -0.030041 1.676422
0.107109 -0.050827 1.676502
0.097655 -0.068830 1.680270
-0.000007 0.110108 1.856300
0.109455 -0.032310 1.673304
0.026302 0.066383 1.875551
0.035962 0.063794 1.871249
0.037691 0.101505 1.848073
0.024729 0.089653 1.867682
0.000001 0.068808 1.880981
0.084257 -0.096845 1.684617
0.070193 -0.104887 1.687909
-0.113456 -0.031114 1.679594
0.024462 0.044001 1.887081
0.000000 0.044433 1.889275
-0.000010 -0.145806 1.713636
0.000152 -0.126879 1.706491
0.026808 -0.139257 1.708241
0.000000 -0.009527 1.895724
-0.104758 -0.030036 1.676408
-0.110027 -0.032479 1.673028
-0.113293 -0.032560 1.681853
0.024317 -0.009536 1.893044
0.024312 -0.063754 1.885060
-0.000016 -0.064832 1.887821
0.025792 -0.106165 1.868574
0.000003 -0.110767 1.870061
0.029366 0.135581 1.606824
0.024249 0.142666 1.605875
-0.000148 0.143166 1.605961
0.000050 0.148177 1.605913
0.051723 0.123717 1.619227
0.028955 0.145874 1.693844
-0.057580 0.133375 1.763764
-0.058900 0.111516 1.752523
0.035837 -0.104582 1.860041
0.037414 0.126179 1.818313
0.089887 0.085304 1.733171
0.073205 0.110942 1.725189
-0.030938 0.149929 1.762325
-0.015850 0.155456 1.773098
0.000011 0.151207 1.755014
-0.000002 0.155842 1.771842
-0.063776 0.093346 1.632841
-0.035712 -0.125277 1.796568
-0.031616 -0.131019 1.794236
-0.034298 -0.130437 1.801799
-0.000002 0.155842 1.771842
-0.055299 -0.112836 1.844260
-0.035505 -0.119570 1.847778
-0.107270 -0.046002 1.808268
-0.113312 -0.007248 1.786888
0.000001 0.144576 1.718044
0.011107 0.147210 1.713754
0.000040 0.149091 1.701616
0.036222 0.016102 1.885351
-0.035505 -0.119570 1.847778
-0.033338 -0.123720 1.856761
0.039311 0.138069 1.729849
0.063825 0.107071 1.742781
0.000003 -0.110767 1.870061
-0.017027 -0.129279 1.856694
-0.000000 -0.130839 1.857577
0.035830 -0.035429 1.883075
-0.117453 0.002092 1.661776
-0.100750 0.026444 1.662245
-0.099171 0.063464 1.625839
-0.080880 0.067518 1.643750
-0.063776 0.093346 1.632841
0.013945 0.137199 1.732367
-0.015259 -0.137627 1.712505
0.057865 0.133637 1.763432
0.033598 0.130445 1.736353
-0.032639 -0.135127 1.802726
-0.000000 -0.140933 1.802656
-0.000001 0.137442 1.720866
-0.000001 0.137442 1.720866
-0.000173 0.138556 1.749820
0.013945 0.137199 1.732367
0.078921 0.084942 1.747546
-0.000102 -0.137627 1.795522
-0.048101 -0.126711 1.691144
-0.052874 -0.128815 1.697251
-0.086130 -0.098702 1.683799
0.030816 0.149639 1.762637
-0.026952 -0.142781 1.706522
-0.035712 -0.125277 1.796568
-0.032927 -0.131836 1.777014
-0.031616 -0.131019 1.794236
0.026495 0.133607 1.749757
0.000011 0.151207 1.755014
-0.000097 -0.141226 1.732782
-0.000102 -0.137627 1.795522
-0.102605 -0.050116 1.678290
-0.104758 -0.030036 1.676408
0.015869 0.155513 1.773098
-0.100983 -0.070757 1.680013
-0.089067 -0.084726 1.682774
-0.000002 0.155842 1.771842
-0.075273 -0.107655 1.704894
-0.034427 -0.133086 1.721900
0.033912 -0.129708 1.801939
0.034220 -0.129794 1.791212
0.036432 -0.126198 1.796462
0.000001 0.145180 1.806260
-0.000002 0.155842 1.771842
-0.050143 -0.118632 1.794675
-0.070357 -0.105016 1.687819
-0.074344 -0.100478 1.750064
0.033598 0.130445 1.736353
0.049725 0.119858 1.752004
0.063825 0.107071 1.742781
0.067780 0.100336 1.753019
0.078921 0.084942 1.747546
0.080681 0.080191 1.754361
0.035903 -0.118045 1.851050
0.054938 -0.112350 1.843987
0.026495 0.133607 1.749757
-0.093558 -0.074172 1.742088
-0.104295 -0.029887 1.733249
-0.103816 -0.071194 1.687878
0.080681 0.080191 1.754361
-0.106226 -0.028459 1.695275
0.000011 0.151207 1.755014
0.026495 0.133607 1.749757
-0.000173 0.138556 1.749820
0.106835 -0.045842 1.808205
0.049725 0.119858 1.752004
-0.015259 -0.137627 1.712505
0.120825 -0.032530 1.677534
0.111455 -0.029951 1.689555
0.123816 -0.017079 1.674891
-0.000010 -0.145806 1.713636
0.017012 -0.129260 1.856689
0.000003 -0.110767 1.870061
-0.000000 -0.130839 1.857577
0.120704 -0.008531 1.667979
-0.000010 -0.145806 1.713636
-0.015259 -0.137627 1.712505
0.000152 -0.126879 1.706491
0.086042 0.092641 1.608878
0.000152 -0.126879 1.706491
0.107780 0.051275 1.633066
0.058637 0.122424 1.602749
0.102599 0.067642 1.628286
0.117285 0.025271 1.650766
-0.076512 -0.094683 1.786282
0.104389 0.029713 1.665627
0.065293 0.102001 1.629236
-0.097363 -0.056343 1.771132
0.050213 0.118552 1.618261
-0.030307 0.132682 1.603241
-0.029791 0.135723 1.606861
-0.104302 -0.018912 1.756291
0.071500 0.099498 1.623963
-0.000148 0.143166 1.605961
-0.110023 -0.005476 1.681660
0.033193 -0.125220 1.854234
0.035903 -0.118045 1.851050
-0.123363 -0.017237 1.674725
-0.120832 -0.032533 1.677517
-0.105104 0.027602 1.729225
-0.031115 0.140760 1.608168
0.032427 -0.134982 1.802592
-0.000000 -0.140933 1.802656
0.105061 0.021087 1.738747
-0.121367 0.004371 1.664308
-0.120703 -0.008531 1.667980
0.000050 0.148177 1.605913
-0.116096 0.024817 1.650472
-0.073631 0.111088 1.725286
-0.051864 0.123516 1.619077
-0.000102 -0.137627 1.795522
0.101541 0.038331 1.717121
-0.028793 0.145577 1.693710
-0.100465 0.033571 1.675765
0.102693 -0.037388 1.763473
0.103646 -0.030070 1.732784
0.104360 0.005056 1.725211
0.105798 0.024137 1.717429
0.108491 -0.009282 1.727324
0.121342 0.004372 1.664313
-0.011121 0.147325 1.713741
0.000040 0.149091 1.701616
0.000001 0.144576 1.718044
-0.101780 0.066699 1.627516
-0.038952 0.137679 1.729752
-0.063927 0.107201 1.742832
-0.065634 0.101986 1.628882
-0.075549 0.111688 1.605025
-0.058770 0.122407 1.602799
0.034220 -0.129794 1.791212
0.034505 -0.133096 1.721889
-0.000102 -0.137627 1.795522
0.064886 -0.105562 1.791057
0.036432 -0.126198 1.796462
0.000050 0.148177 1.605913
-0.013962 0.137206 1.732365
-0.033611 0.130462 1.736363
-0.086522 0.093617 1.610172
-0.000001 0.137442 1.720866
0.104859 -0.031645 1.694088
-0.013962 0.137206 1.732365
-0.000173 0.138556 1.749820
-0.000001 0.137442 1.720866
0.093145 -0.073736 1.742096
-0.107639 0.051170 1.632963
-0.070798 0.113084 1.599813
0.085865 -0.081148 1.781232
-0.033611 0.130462 1.736363
-0.058900 0.111516 1.752523
-0.038728 0.128142 1.750601
-0.000097 -0.141226 1.732782
-0.063927 0.107201 1.742832
-0.080276 0.079921 1.754268
-0.080276 0.079921 1.754268
-0.000173 0.138556 1.749820
0.000011 0.151207 1.755014
-0.000010 -0.145806 1.713636
-0.038728 0.128142 1.750601
-0.025356 -0.077383 1.699106
-0.042354 -0.065081 1.700873
-0.000000 0.003857 1.686545
-0.013390 -0.083018 1.703431
-0.000000 -0.085806 1.705441
-0.056296 -0.051782 1.699787
0.080247 -0.096182 1.789770
0.084919 -0.087743 1.830520
0.068725 -0.108658 1.794384
-0.066825 -0.034022 1.695655
0.089902 -0.082128 1.784707
0.095455 -0.072734 1.822469
0.101558 -0.056287 1.775105
-0.069684 -0.013243 1.692388
-0.070066 0.006710 1.688184
-0.064063 0.025936 1.684567
-0.055726 0.052097 1.678734
-0.036787 0.074253 1.669157
0.110156 0.013319 1.746756
0.112524 -0.007284 1.786790
0.107521 -0.036767 1.767243
-0.022398 0.088558 1.664291
-0.012483 0.104437 1.665158
0.111195 0.026638 1.769009
0.108963 0.023979 1.740532
0.109097 0.042472 1.762149
0.035228 -0.104165 1.858958
0.050008 -0.078199 1.864711
0.035773 -0.082650 1.868601
0.000000 0.112460 1.664861
-0.025356 -0.077383 1.699106
-0.043320 -0.076526 1.673397
-0.042354 -0.065081 1.700873
0.071783 -0.099438 1.840589
0.077582 -0.037696 1.857375
-0.031358 -0.084503 1.675339
-0.017133 -0.085978 1.669731
-0.013390 -0.083018 1.703431
0.094312 -0.071362 1.824882
-0.000002 -0.085355 1.668725
-0.000000 -0.085806 1.705441
-0.053543 -0.068678 1.671893
-0.056296 -0.051782 1.699787
-0.065321 -0.054799 1.672172
-0.066825 -0.034022 1.695655
-0.071753 -0.032798 1.667729
-0.070066 0.006710 1.688184
-0.072878 -0.012269 1.663685
-0.071318 0.008475 1.659678
0.099456 0.048447 1.774749
0.090871 0.036055 1.829199
0.103364 0.015990 1.789956
0.102296 -0.019017 1.809938
-0.069684 -0.013243 1.692388
0.091543 0.067641 1.789474
0.089962 -0.000302 1.843203
0.097786 -0.038338 1.821224
0.083413 0.043139 1.840263
0.082496 0.005222 1.853485
-0.064063 0.025936 1.684567
-0.070129 0.018219 1.658427
-0.062206 0.037976 1.649332
-0.036787 0.074253 1.669157
-0.056092 0.052802 1.645444
-0.039168 0.076250 1.636649
0.048370 -0.055529 1.873747
-0.055726 0.052097 1.678734
0.047382 -0.009005 1.880122
0.035589 -0.035324 1.882568
-0.012483 0.104437 1.665158
-0.024694 0.093344 1.630474
-0.016530 0.102801 1.628331
-0.022398 0.088558 1.664291
0.000000 0.112460 1.664861
-0.000000 0.111305 1.626536
-0.073140 0.042414 1.639887
-0.065561 0.056602 1.636469
0.071430 -0.010322 1.866326
-0.049928 0.079835 1.629354
0.035238 -0.009167 1.884690
-0.030018 0.097636 1.621736
0.047687 0.014827 1.878556
0.062510 0.035256 1.866121
0.035306 0.041058 1.878590
0.035360 0.015931 1.883788
0.062553 0.055983 1.858732
0.035558 0.063607 1.870906
-0.008797 0.112107 1.617147
-0.000000 0.114244 1.616420
0.000016 -0.094466 1.664550
0.072112 0.083531 1.830225
0.047828 0.097832 1.843938
0.036394 0.100009 1.846345
-0.017687 -0.096553 1.667028
0.059511 0.103306 1.824945
-0.039149 -0.095325 1.673159
-0.069234 -0.071195 1.668897
0.036628 0.125299 1.817812
0.056523 0.120733 1.796272
-0.080807 -0.048913 1.664245
-0.083681 -0.022885 1.659130
-0.081328 0.009443 1.653327
-0.078617 0.019309 1.651905
-0.087784 0.020600 1.652164
-0.020653 0.108941 1.617182
-0.043237 0.092907 1.624521
0.000000 0.117504 1.614686
-0.052788 0.082623 1.629125
-0.077344 0.045487 1.640738
-0.054302 0.105283 1.627299
-0.071483 0.061342 1.638870
-0.083897 0.033137 1.649451
-0.000000 0.119802 1.616482
-0.011119 0.117488 1.617064
-0.034306 0.103518 1.621821
0.074916 0.102119 1.787393
0.000000 0.139826 1.608721
-0.022411 0.132943 1.611417
-0.027519 0.129653 1.613130
-0.045873 0.114324 1.621732
-0.022254 0.135798 1.610359
-0.026752 0.130722 1.604827
-0.022411 0.132943 1.611417
-0.027519 0.129653 1.613130
-0.039944 0.125159 1.601838
-0.045873 0.114324 1.621732
-0.055504 0.118248 1.600690
-0.064159 0.114041 1.600031
0.085333 0.077403 1.804483
-0.054302 0.105283 1.627299
0.090265 0.075605 1.778848
-0.076501 0.102871 1.604660
-0.069367 0.110699 1.600548
-0.078617 0.104598 1.604554
-0.096006 0.073303 1.749690
-0.092742 0.068147 1.755696
-0.098790 0.057163 1.751258
-0.085876 0.078500 1.760876
-0.098790 0.057163 1.751258
-0.092742 0.068147 1.755696
-0.088920 0.073699 1.751881
-0.083718 0.078687 1.754190
-0.085876 0.078500 1.760876
-0.085648 0.076615 1.751204
-0.091938 0.074002 1.743856
0.098997 -0.056923 1.771328
-0.097286 0.064361 1.741769
-0.095069 0.071582 1.738572
0.088990 0.082767 1.763224
0.088054 0.082471 1.759909
0.084663 0.097024 1.765548
0.079407 0.092124 1.759519
0.096991 -0.056137 1.771415
0.102426 -0.037278 1.763566
0.105817 -0.002739 1.750308
0.107541 -0.019146 1.756452
0.086786 0.080946 1.759430
-0.097286 0.064361 1.741769
-0.099075 0.058719 1.732192
0.087337 -0.082037 1.781162
0.057423 0.133129 1.763711
0.061728 0.115337 1.755676
0.052445 0.126754 1.757098
-0.097816 0.056206 1.709738
-0.099075 0.058719 1.732192
-0.097990 0.066996 1.740386
0.085479 -0.080809 1.781458
-0.096930 0.075252 1.748549
-0.103558 0.059815 1.734998
-0.105113 0.065430 1.759184
-0.102041 0.075054 1.749973
-0.100488 0.068474 1.740421
0.076237 -0.094448 1.786309
-0.000000 0.155216 1.762646
0.015622 0.153680 1.762731
0.000008 0.150409 1.755231
-0.086786 0.080946 1.759430
0.029084 0.142604 1.755505
0.065556 -0.106568 1.790749
-0.100983 0.042509 1.716635
-0.100244 0.037935 1.704961
-0.097051 0.045187 1.670364
-0.101452 0.038405 1.717211
-0.091568 0.000463 1.655508
0.050032 -0.118500 1.794704
0.052604 -0.120693 1.798901
0.033915 -0.129710 1.801939
0.036134 -0.125719 1.796561
-0.086115 -0.065269 1.670540
-0.079396 -0.078641 1.677297
-0.090256 -0.049955 1.664242
0.100762 0.076824 1.752254
0.096930 0.075252 1.748549
-0.093212 -0.024163 1.658813
0.102041 0.075054 1.749973
0.103553 0.059822 1.734999
0.100488 0.068474 1.740421
0.101483 0.060319 1.732073
0.103000 0.043807 1.716495
0.100983 0.042509 1.716635
0.099075 0.058719 1.732192
0.097990 0.066996 1.740386
-0.000045 -0.100377 1.664792
-0.028277 -0.107635 1.674245
0.104653 0.021362 1.739065
0.106011 0.027595 1.728752
0.107726 0.011432 1.744430
-0.057436 -0.115506 1.688970
-0.045841 -0.123798 1.691061
-0.062320 -0.096184 1.680582
-0.104678 -0.030165 1.676567
-0.106259 -0.028607 1.677498
0.046624 0.131880 1.786428
0.036032 0.137074 1.788675
-0.108209 -0.015887 1.679589
-0.108986 -0.028682 1.682359
0.066023 0.115072 1.779950
-0.102599 -0.050137 1.678163
-0.097080 -0.068389 1.681217
0.080062 0.095934 1.774664
-0.088484 -0.084220 1.684006
0.093573 0.071612 1.773258
-0.070349 -0.105129 1.687484
0.024388 -0.087548 1.876729
-0.000000 -0.089175 1.879120
0.025697 -0.106059 1.868298
-0.000000 -0.110581 1.869654
0.033135 0.146353 1.789845
0.033033 0.143488 1.786804
0.015472 0.154494 1.772684
0.015888 0.151763 1.769851
0.034845 0.117345 1.834623
0.036628 0.125299 1.817812
0.035153 0.136221 1.803586
0.036032 0.137074 1.788675
0.025928 0.142078 1.806210
0.033174 0.142949 1.800901
0.020759 0.148701 1.789601
0.024817 0.134566 1.822496
-0.000000 0.137508 1.821896
-0.000000 0.144760 1.806036
-0.108209 -0.015887 1.679589
-0.112714 -0.029819 1.679870
-0.118442 -0.026102 1.674879
0.034459 0.103377 1.849005
0.036394 0.100009 1.846345
-0.108986 -0.028682 1.682359
0.024788 0.123133 1.839023
-0.000000 0.125204 1.840621
0.024585 0.108153 1.853789
-0.000000 0.109741 1.855727
-0.117736 -0.031328 1.676391
0.034138 0.065037 1.873426
0.035558 0.063607 1.870906
0.034263 0.085762 1.862336
0.024442 0.089450 1.867205
-0.000000 0.090612 1.869194
0.024361 0.067729 1.878458
-0.000000 0.068535 1.880513
-0.113418 -0.031202 1.679683
0.035360 0.015931 1.883788
0.035306 0.041058 1.878590
0.034104 0.042105 1.881298
0.024331 0.043842 1.886554
-0.000000 0.044348 1.888710
0.024327 0.017996 1.891256
-0.000000 0.018234 1.893492
-0.106259 -0.028607 1.677498
-0.111925 -0.030533 1.676683
-0.112648 -0.034210 1.677209
0.024122 -0.009493 1.892310
-0.000000 -0.009535 1.894766
0.024101 -0.037206 1.890054
-0.000000 -0.037657 1.892551
-0.109390 -0.032350 1.673357
-0.104678 -0.030165 1.676567
-0.100507 0.026378 1.662396
0.024351 -0.063686 1.884699
-0.000000 -0.064629 1.887064
-0.105250 0.005015 1.671684
-0.000000 0.153449 1.769638
-0.000000 0.155891 1.771843
-0.000000 0.155891 1.771843
0.035228 -0.104165 1.858958
0.035773 -0.082650 1.868601
0.027251 -0.101440 1.866542
0.026229 -0.062788 1.881757
0.032311 -0.109069 1.864765
0.026422 0.131632 1.821559
-0.080701 0.067573 1.644232
0.026316 0.105982 1.851351
-0.063777 0.093260 1.632630
-0.071994 0.081167 1.638367
0.026208 0.066363 1.875438
0.026220 0.087633 1.864425
0.026290 0.017609 1.888065
0.026207 0.042963 1.883358
0.035589 -0.035324 1.882568
0.035238 -0.009167 1.884690
-0.105250 0.005015 1.671684
-0.117192 0.002247 1.662115
-0.113244 0.023299 1.648942
-0.100507 0.026378 1.662396
-0.080701 0.067573 1.644232
-0.091495 0.078042 1.617902
-0.071994 0.081167 1.638367
0.087250 0.090569 1.770857
-0.099160 0.063491 1.625894
0.092920 0.080580 1.769809
-0.063777 0.093260 1.632630
-0.084178 0.091309 1.610687
0.076763 0.107506 1.773958
-0.022871 -0.120310 1.689580
-0.017171 -0.110996 1.676254
-0.034711 -0.130296 1.699808
-0.015337 -0.130047 1.702740
-0.014857 -0.138991 1.710857
-0.112648 -0.032427 1.681872
0.057921 0.128208 1.780494
-0.109623 -0.051139 1.684752
-0.103378 -0.071441 1.683742
-0.103738 -0.071187 1.688216
-0.094635 -0.087200 1.686019
-0.087482 -0.098595 1.691589
-0.084267 -0.096899 1.684409
-0.076169 -0.110681 1.692654
0.046109 0.136706 1.783820
0.033033 0.143488 1.786804
-0.060085 -0.118192 1.687054
-0.052655 -0.128572 1.697344
-0.047638 -0.127053 1.689611
0.030732 0.149230 1.763096
-0.037555 -0.134408 1.696796
-0.029793 -0.140696 1.712278
-0.057436 -0.115506 1.688970
-0.045841 -0.123798 1.691061
-0.106898 -0.050778 1.676555
-0.102599 -0.050137 1.678163
0.015888 0.151763 1.769851
-0.100612 -0.070615 1.680062
-0.097080 -0.068389 1.681217
-0.088484 -0.084220 1.684006
-0.000000 0.153449 1.769638
0.033915 -0.129710 1.801939
0.031585 -0.130304 1.794380
0.036134 -0.125719 1.796561
-0.070349 -0.105129 1.687484
0.072024 -0.100786 1.837528
0.054799 -0.110596 1.846707
0.054864 -0.112249 1.843867
0.035569 -0.117522 1.850589
0.035528 -0.119561 1.847727
-0.034711 -0.130296 1.699808
0.035569 -0.117522 1.850589
0.034803 -0.120128 1.849855
0.035528 -0.119561 1.847727
0.106291 -0.045854 1.807912
0.105560 -0.044591 1.810752
0.110479 -0.025809 1.796933
0.109828 -0.024550 1.799757
0.111627 0.010786 1.780648
-0.026294 -0.140323 1.706441
0.107954 0.044245 1.764897
0.105133 0.065432 1.759184
0.103965 0.066972 1.761936
-0.014857 -0.138991 1.710857
0.032786 -0.123091 1.856494
0.017548 -0.127010 1.858854
0.032799 -0.124901 1.853901
0.016920 -0.128939 1.856334
-0.000000 -0.128561 1.859915
-0.000000 -0.130270 1.857246
0.000000 -0.135200 1.710702
-0.016582 -0.143033 1.710490
0.000000 -0.140511 1.712756
0.000000 -0.144930 1.713167
0.000000 -0.140511 1.712756
0.000010 -0.106584 1.670115
-0.000013 -0.106498 1.676282
0.000000 -0.133927 1.707234
-0.016140 -0.121746 1.697121
0.000001 -0.127874 1.705517
-0.013422 -0.109959 1.681252
-0.011624 0.140589 1.604424
-0.022254 0.135798 1.610359
-0.026700 0.135221 1.606509
0.000000 0.139826 1.608721
-0.000000 0.141529 1.604573
-0.030588 0.132925 1.603794
-0.029392 0.135340 1.607239
0.042017 0.137697 1.757012
-0.023939 0.140423 1.604694
-0.013082 0.146021 1.606032
-0.000000 0.145023 1.604316
0.033995 -0.126130 1.826275
-0.030373 0.139170 1.608442
0.032563 -0.130342 1.828115
0.000000 -0.136061 1.830182
0.032433 -0.134761 1.802690
0.000090 0.147817 1.606201
-0.050511 0.122855 1.619732
-0.025532 0.143672 1.637559
-0.046435 0.130236 1.646039
-0.000000 -0.140772 1.802681
0.017245 -0.135174 1.795137
-0.028292 0.144494 1.693700
-0.047277 0.133978 1.712442
0.000000 -0.136889 1.795674
-0.066209 0.106078 1.630580
-0.086523 0.075843 1.650602
-0.091681 0.077208 1.717933
-0.075532 0.104069 1.706558
-0.083140 0.094427 1.730265
-0.072571 0.110205 1.725129
0.032746 -0.127412 1.790855
0.031585 -0.130304 1.794380
0.032235 -0.130897 1.776794
0.032746 -0.127412 1.790855
0.047153 -0.121456 1.762082
0.017245 -0.135174 1.795137
-0.011163 0.147152 1.713523
0.000015 0.148887 1.701582
-0.015123 0.147507 1.679276
0.000000 0.147520 1.712233
-0.038030 0.136188 1.729201
-0.063570 0.106723 1.742529
-0.053794 0.124877 1.732926
0.047117 -0.124844 1.760403
-0.080748 0.085545 1.746222
0.034264 -0.132717 1.721779
0.050032 -0.118500 1.794704
0.036134 -0.125719 1.796561
0.065556 -0.106568 1.790749
0.074766 -0.102294 1.746049
0.073274 -0.099647 1.749578
-0.016928 0.140992 1.730775
-0.033427 0.130201 1.736260
-0.014130 0.136501 1.731571
0.000000 0.144207 1.717915
-0.007451 0.143493 1.719394
-0.006596 0.137627 1.722466
0.000000 0.137963 1.720966
0.074706 -0.107103 1.704803
-0.006596 0.137627 1.722466
-0.000000 0.137688 1.750194
0.000000 0.137963 1.720966
-0.014130 0.136501 1.731571
0.091963 -0.073493 1.741816
0.098833 -0.062219 1.735070
0.102941 -0.029802 1.732501
0.104113 -0.030387 1.719667
-0.049652 0.120136 1.739477
0.084872 -0.089645 1.742518
-0.078749 0.084630 1.747229
0.093369 -0.080567 1.725672
-0.080637 0.080088 1.754190
0.092032 -0.084121 1.702438
-0.049652 0.120136 1.739477
-0.058696 0.111378 1.752737
-0.038508 0.127576 1.751213
0.016030 -0.138320 1.730101
0.018172 -0.144225 1.718111
0.029786 -0.140687 1.712277
-0.000000 -0.139763 1.732374
0.000001 -0.146199 1.720801
-0.063570 0.106723 1.742529
-0.067627 0.100208 1.753323
-0.078749 0.084630 1.747229
-0.080637 0.080088 1.754190
-0.033427 0.130201 1.736260
-0.012241 0.137059 1.750299
0.000000 -0.136889 1.795674
0.052785 -0.128710 1.697368
-0.079403 0.092114 1.759544
-0.080637 0.080088 1.754190
-0.067627 0.100208 1.753323
-0.062599 0.116028 1.757906
-0.058696 0.111378 1.752737
0.087776 -0.098875 1.691535
-0.000000 0.137688 1.750194
-0.012241 0.137059 1.750299
0.000008 0.150409 1.755231
0.016583 -0.143033 1.710490
0.026280 -0.140336 1.706402
-0.029226 0.142836 1.755264
0.000000 -0.144930 1.713167
-0.038508 0.127576 1.751213
-0.052600 0.126930 1.756863
-0.120355 -0.032392 1.677510
0.084233 -0.096852 1.684439
0.100864 -0.070760 1.679945
0.075194 -0.110171 1.688865
-0.110286 -0.030367 1.688653
0.060004 -0.118087 1.687121
-0.121702 -0.025831 1.674554
-0.120703 -0.008531 1.667980
-0.118144 0.013851 1.655199
0.107030 -0.050821 1.676511
0.103852 -0.071237 1.688165
0.109389 -0.032350 1.673357
0.112533 -0.034176 1.677244
-0.107543 0.051304 1.633244
0.103499 -0.049135 1.696124
0.109720 -0.051170 1.684719
0.104819 -0.031283 1.694037
0.112648 -0.032427 1.681872
0.100636 -0.067010 1.700699
0.101644 -0.070294 1.704486
0.100804 -0.069557 1.723326
0.099462 -0.065273 1.725848
-0.086254 0.093565 1.610377
-0.093587 0.080180 1.617235
-0.057156 0.121159 1.600664
-0.070807 0.113169 1.600094
0.076237 -0.094448 1.786309
0.085479 -0.080809 1.781458
-0.070807 0.113169 1.600094
-0.041435 0.128277 1.602105
0.096991 -0.056137 1.771415
-0.058588 0.122241 1.602940
-0.042435 0.129810 1.604833
0.102426 -0.037278 1.763566
-0.074997 0.111235 1.604845
-0.078826 0.106532 1.607700
0.104360 0.005056 1.725211
0.105817 -0.002739 1.750308
-0.102592 0.067671 1.628384
-0.117814 0.025796 1.651465
0.106243 -0.028743 1.719553
0.107586 -0.029081 1.695734
0.110286 -0.030368 1.688653
-0.086969 0.095431 1.613376
0.108474 -0.009269 1.727180
0.122891 -0.017161 1.674665
0.110539 -0.005454 1.681593
0.122899 -0.025526 1.677466
-0.098722 0.035385 1.672874
-0.104598 0.029751 1.665530
-0.101346 0.034212 1.676292
-0.090366 0.058145 1.657853
0.120704 -0.008531 1.667979
0.121702 -0.025831 1.674554
0.120355 -0.032392 1.677510
-0.065197 0.101905 1.629177
0.106092 -0.028761 1.730633
-0.050352 0.118715 1.618322
0.104653 0.021362 1.739065
0.106062 0.024169 1.717554
0.102722 0.024610 1.719185
-0.103112 0.036974 1.703715
-0.059003 0.114503 1.615037
0.103112 0.036974 1.703715
0.100243 0.037935 1.704960
-0.087990 0.069441 1.641257
-0.078962 0.097230 1.618346
0.107913 -0.004303 1.689705
-0.101341 0.053110 1.642671
0.116199 -0.006132 1.675822
-0.109793 0.027084 1.657665
0.121342 0.004372 1.664313
0.118086 0.013871 1.655259
0.113527 0.033794 1.643407
0.117803 0.025813 1.651496
0.109751 0.027041 1.657629
-0.102711 0.024611 1.719187
-0.103224 0.027218 1.728837
0.104545 0.029709 1.665501
-0.104302 0.007019 1.734407
0.105177 0.021721 1.680937
0.101346 0.034212 1.676292
-0.104773 0.021386 1.739110
-0.102997 0.043808 1.716495
-0.105858 0.040710 1.721123
-0.109091 0.042467 1.762150
-0.109080 0.023964 1.740504
-0.101452 0.038405 1.717211
-0.106104 0.027579 1.728723
-0.104103 0.039673 1.717634
-0.103224 0.027218 1.728837
-0.100983 0.042509 1.716635
-0.105070 0.005034 1.725188
-0.101401 -0.040855 1.749794
-0.101597 -0.024868 1.746485
-0.102998 -0.029819 1.732504
-0.105177 0.021721 1.680937
-0.106050 0.024169 1.717555
-0.107914 -0.004303 1.689705
-0.108471 -0.009268 1.727180
-0.110534 -0.005457 1.681590
0.105738 0.040734 1.721161
0.104104 0.039673 1.717634
0.101453 0.038405 1.717211
0.107787 0.030463 1.730494
-0.116196 -0.006135 1.675819
0.103163 0.027213 1.728837
-0.121341 0.004372 1.664315
-0.122891 -0.017161 1.674665
0.103163 0.027213 1.728837
-0.107586 -0.029081 1.695734
0.101453 0.038405 1.717211
0.050352 0.118715 1.618322
0.065293 0.102001 1.629236
0.059003 0.114503 1.615037
0.071271 0.099353 1.623890
-0.105212 -0.018883 1.756538
-0.106091 -0.028762 1.730633
0.078826 0.106531 1.607700
0.086940 0.095396 1.613350
-0.106243 -0.028743 1.719553
-0.104033 -0.030368 1.719655
0.102395 0.067494 1.628231
0.094565 0.055028 1.649879
-0.122899 -0.025526 1.677466
0.090357 0.058136 1.657847
0.098721 0.035385 1.672874
-0.104819 -0.031283 1.694037
-0.102651 -0.037246 1.763499
0.029392 0.135340 1.607239
0.042435 0.129810 1.604833
0.058588 0.122241 1.602940
0.074997 0.111235 1.604845
-0.096687 -0.060733 1.738606
0.050922 0.123364 1.619653
0.066326 0.106083 1.630542
0.030252 0.138962 1.608593
-0.096983 -0.056132 1.771397
-0.091769 -0.073463 1.741813
-0.085497 -0.080812 1.781459
0.086408 0.075783 1.650605
-0.073292 -0.099651 1.749579
0.097073 0.045198 1.670363
-0.076236 -0.094448 1.786309
-0.065555 -0.106569 1.790749
-0.047151 -0.121453 1.762082
0.107478 0.051337 1.633332
-0.103499 -0.049135 1.696124
-0.100636 -0.067010 1.700699
-0.099688 -0.065350 1.725941
0.086254 0.093565 1.610377
0.078617 0.104598 1.604554
0.093591 0.080182 1.617236
-0.101644 -0.070294 1.704486
0.070807 0.113169 1.600094
-0.100804 -0.069557 1.723326
-0.093358 -0.080563 1.725667
-0.092034 -0.084122 1.702438
0.030588 0.132925 1.603794
0.041435 0.128277 1.602105
0.057156 0.121159 1.600664
0.070807 0.113169 1.600094
0.026752 0.130722 1.604827
0.039944 0.125159 1.601838
0.055504 0.118248 1.600690
0.069367 0.110699 1.600548
0.064159 0.114041 1.600031
0.105295 0.048594 1.634262
0.099128 0.063491 1.625916
0.091495 0.078042 1.617902
0.084178 0.091309 1.610687
0.076501 0.102871 1.604660
0.117219 0.002181 1.661988
0.118459 -0.026075 1.674938
-0.018171 -0.144227 1.718110
0.117736 -0.031328 1.676391
0.000001 -0.146199 1.720801
0.113418 -0.031202 1.679683
-0.074717 -0.107119 1.704805
-0.034248 -0.132660 1.721778
0.085876 0.078501 1.760876
0.040253 0.134370 1.754050
-0.016064 -0.138379 1.730108
-0.000000 -0.139763 1.732374
0.000000 -0.136889 1.795674
-0.000000 -0.139763 1.732374
-0.084829 -0.089623 1.742496
-0.074765 -0.102292 1.746049
0.049671 0.119821 1.752149
0.026164 0.133049 1.750535
0.012180 0.136892 1.750391
-0.000000 0.137688 1.750194
0.067659 0.100241 1.753324
0.080635 0.080088 1.754190
-0.000000 0.137688 1.750194
0.012180 0.136892 1.750391
0.014130 0.136501 1.731571
0.026164 0.133049 1.750535
0.033428 0.130203 1.736260
-0.047115 -0.124846 1.760403
0.049671 0.119821 1.752149
0.049653 0.120137 1.739477
0.063538 0.106703 1.742540
0.067659 0.100241 1.753324
0.078750 0.084632 1.747230
0.080635 0.080088 1.754190
-0.050032 -0.118500 1.794704
0.078750 0.084632 1.747230
0.080635 0.080088 1.754190
0.083718 0.078687 1.754190
0.085876 0.078501 1.760876
-0.032745 -0.127408 1.790855
-0.036134 -0.125719 1.796561
-0.032274 -0.130998 1.776800
0.080683 0.085483 1.746171
0.063538 0.106703 1.742540
0.038011 0.136136 1.729203
0.033428 0.130203 1.736260
0.049653 0.120137 1.739477
-0.017216 -0.135086 1.795133
-0.031584 -0.130301 1.794380
0.053770 0.124857 1.732929
-0.031584 -0.130301 1.794380
-0.036134 -0.125719 1.796561
-0.032745 -0.127408 1.790855
-0.032433 -0.134763 1.802690
-0.033915 -0.129710 1.801939
-0.000000 -0.140772 1.802681
0.000000 -0.136061 1.830182
-0.032563 -0.130342 1.828115
0.000000 -0.136889 1.795674
-0.017216 -0.135086 1.795133
0.085633 0.076600 1.751191
-0.033995 -0.126130 1.826275
0.086245 0.085722 1.738152
-0.100762 0.076824 1.752254
-0.034803 -0.120128 1.849855
-0.032799 -0.124901 1.853901
0.000000 0.137963 1.720966
0.006596 0.137627 1.722466
0.007451 0.143494 1.719394
0.011155 0.147028 1.713524
0.000000 0.147520 1.712233
0.014130 0.136501 1.731571
0.016929 0.141000 1.730775
-0.016920 -0.128939 1.856334
-0.000000 -0.130270 1.857246
-0.017548 -0.127010 1.858854
-0.000000 -0.110581 1.869654
-0.025697 -0.106059 1.868298
-0.000000 -0.128561 1.859915
0.000000 0.144207 1.717915
0.000000 0.137963 1.720966
0.006596 0.137627 1.722466
-0.035528 -0.119561 1.847727
-0.032786 -0.123091 1.856494
-0.032311 -0.109069 1.864765
-0.035569 -0.117522 1.850589
-0.035516 -0.104286 1.859306
-0.057274 0.133067 1.763644
-0.103965 0.066972 1.761936
-0.088941 0.082752 1.763246
-0.093152 0.071472 1.773002
-0.107616 0.044136 1.764707
0.072743 0.110307 1.725089
0.047408 0.134121 1.712414
-0.103290 0.015932 1.789862
-0.111637 0.010791 1.780655
-0.102264 -0.019012 1.809913
-0.109825 -0.024550 1.799756
-0.105560 -0.044591 1.810752
0.088733 0.084730 1.733115
-0.097596 -0.038333 1.821136
0.094994 0.071540 1.738569
0.091923 0.073991 1.743849
-0.110297 -0.001468 1.753120
-0.112724 -0.007309 1.786841
-0.111265 0.026645 1.769010
-0.107401 -0.036740 1.767327
-0.101519 -0.056284 1.775100
-0.106516 -0.045873 1.807947
-0.089902 -0.082128 1.784707
0.028332 0.144987 1.693711
0.000090 0.147817 1.606201
0.000015 0.148887 1.701582
-0.095455 -0.072734 1.822469
-0.094768 -0.071371 1.825277
-0.086871 -0.063173 1.835418
-0.084090 -0.086242 1.833110
0.025590 0.143764 1.637549
-0.068725 -0.108658 1.794384
-0.084862 -0.087722 1.830482
-0.080255 -0.096185 1.789776
-0.072024 -0.100786 1.837528
-0.054812 -0.110601 1.846726
-0.049903 -0.078154 1.864552
-0.071530 -0.099295 1.840361
-0.035516 -0.104286 1.859306
-0.035569 -0.117522 1.850589
0.024427 0.142929 1.606102
-0.033915 -0.129710 1.801939
-0.054864 -0.112249 1.843867
-0.052604 -0.120693 1.798901
-0.035528 -0.119561 1.847727
0.000000 0.147520 1.712233
0.092069 0.077443 1.717890
0.097798 0.056196 1.709742
-0.030734 0.149225 1.763086
-0.020759 0.148701 1.789601
-0.015472 0.154494 1.772684
-0.033135 0.146353 1.789845
-0.000000 0.144760 1.806036
-0.000000 0.155891 1.771843
-0.025928 0.142078 1.806210
-0.057935 0.128216 1.780500
-0.076784 0.109015 1.765213
-0.015619 0.153675 1.762737
-0.000000 0.153449 1.769638
-0.000000 0.155216 1.762646
-0.015888 0.151763 1.769851
-0.033032 0.143489 1.786805
-0.046117 0.136711 1.783812
-0.047020 0.132364 1.786621
-0.066185 0.115178 1.779913
-0.036033 0.137075 1.788676
-0.076724 0.107480 1.773963
-0.087118 0.090488 1.770751
-0.090740 0.085822 1.766205
-0.082248 0.094632 1.762361
-0.000000 0.145023 1.604316
0.012501 0.144020 1.604333
0.023883 0.140327 1.604764
0.011620 0.140570 1.604479
-0.000000 0.141529 1.604573
-0.091024 0.075992 1.778972
0.026701 0.135222 1.606508
-0.033032 0.143489 1.786805
-0.033174 0.142949 1.800901
0.022411 0.132943 1.611417
0.000000 0.139826 1.608721
-0.035154 0.136222 1.803586
-0.024100 -0.037208 1.890044
-0.026311 -0.062802 1.881800
-0.024351 -0.063686 1.884699
0.022254 0.135798 1.610359
-0.035581 -0.035292 1.882687
-0.035823 -0.058136 1.876993
-0.024388 -0.087548 1.876730
-0.024115 -0.009493 1.892295
-0.026274 0.017604 1.888031
-0.035331 -0.009169 1.884903
0.022897 -0.120232 1.689667
0.017148 -0.111032 1.676280
0.028240 -0.107582 1.674395
-0.024327 0.017996 1.891256
-0.035672 0.016028 1.884471
0.015332 -0.130133 1.702672
0.016139 -0.121746 1.697121
-0.024331 0.043842 1.886554
-0.026208 0.066363 1.875438
-0.026207 0.042963 1.883358
-0.024361 0.067729 1.878458
-0.034138 0.065037 1.873426
-0.034102 0.042104 1.881294
0.013427 -0.109900 1.681259
-0.000013 -0.106498 1.676282
0.000010 -0.106584 1.670115
-0.024442 0.089450 1.867205
-0.026316 0.105982 1.851352
-0.026220 0.087633 1.864425
-0.024585 0.108153 1.853789
-0.034459 0.103377 1.849005
-0.034268 0.085766 1.862346
0.000000 -0.133927 1.707234
0.000001 -0.127874 1.705517
0.000000 -0.135200 1.710702
-0.024788 0.123133 1.839023
-0.026422 0.131632 1.821559
-0.024817 0.134566 1.822496
-0.034845 0.117345 1.834623
0.014821 -0.139055 1.710742
0.000000 -0.140511 1.712756
-0.027165 -0.101409 1.866468
0.000000 -0.140511 1.712756
0.014821 -0.139055 1.710742
0.023889 -0.136139 1.707204
0.023889 -0.136139 1.707204
0.037551 -0.134405 1.696796
0.034690 -0.130400 1.699692
0.045843 -0.123806 1.691049
0.047634 -0.127048 1.689610
0.057435 -0.115504 1.688990
0.070349 -0.105129 1.687484
0.088484 -0.084220 1.684006
0.097080 -0.068389 1.681217
0.102598 -0.050137 1.678164
0.104676 -0.030164 1.676568
-0.000000 0.153449 1.769638
-0.015888 0.151763 1.769851
-0.000000 -0.064629 1.887064
-0.000000 -0.089175 1.879120
-0.000000 -0.037657 1.892551
-0.000000 -0.009535 1.894766
-0.000000 0.018234 1.893492
-0.000000 0.044348 1.888710
-0.000000 0.068535 1.880513
0.034690 -0.130400 1.699692
0.045843 -0.123806 1.691049
-0.035322 0.063418 1.870487
-0.035357 0.041065 1.878644
0.017106 -0.102039 1.667421
-0.000045 -0.100377 1.664792
-0.000000 0.090612 1.869194
-0.000000 0.109741 1.855727
0.063802 0.093263 1.632588
0.072001 0.081168 1.638356
0.054333 0.105293 1.627247
0.088891 0.052739 1.650384
0.100481 0.026400 1.662595
0.080514 0.067424 1.644105
-0.036410 0.100024 1.846375
-0.000000 0.125204 1.840621
-0.000000 0.137508 1.821896
0.108344 -0.015721 1.679950
-0.036609 0.125265 1.817788
0.054079 0.084488 1.630647
0.072001 0.081168 1.638356
0.071492 0.061347 1.638858
0.080514 0.067424 1.644105
0.063802 0.093263 1.632588
0.054333 0.105293 1.627247
0.100481 0.026400 1.662595
0.087894 0.020596 1.651996
0.083896 0.033138 1.649454
0.088891 0.052739 1.650384
0.108344 -0.015721 1.679950
0.093310 -0.024169 1.658656
-0.036033 0.137075 1.788676
0.106259 -0.028606 1.677498
0.111926 -0.030534 1.676683
0.108983 -0.028686 1.682348
-0.091977 0.067755 1.789578
0.112713 -0.029819 1.679870
-0.068717 0.103271 1.807238
0.079396 -0.078641 1.677298
0.070349 -0.105129 1.687484
0.062321 -0.096187 1.680571
-0.036609 0.125265 1.817788
0.057435 -0.115504 1.688990
-0.107513 -0.019144 1.756458
0.088484 -0.084220 1.684006
-0.105212 -0.018883 1.756538
-0.107730 0.011459 1.744490
-0.104773 0.021386 1.739110
0.086114 -0.065268 1.670543
0.097080 -0.068389 1.681217
0.104676 -0.030164 1.676568
0.102598 -0.050137 1.678164
0.090246 -0.049955 1.664253
0.106259 -0.028606 1.677498
0.108983 -0.028686 1.682348
-0.101483 0.060319 1.732073
0.069241 -0.071229 1.668725
0.050346 -0.086618 1.672416
0.039166 -0.095350 1.672920
0.028692 -0.097729 1.671051
0.000016 -0.094466 1.664550
-0.088054 0.082471 1.759909
-0.065555 -0.106569 1.790749
-0.050032 -0.118500 1.794704
-0.036134 -0.125719 1.796561
0.083516 -0.034754 1.661442
0.081329 0.009441 1.653323
0.080800 -0.048912 1.664250
-0.085497 -0.080812 1.781459
-0.076236 -0.094448 1.786309
-0.087337 -0.082037 1.781162
0.078616 0.019309 1.651907
0.000008 0.150409 1.755231
-0.000000 0.155216 1.762646
0.100983 0.042509 1.716635
-0.098997 -0.056923 1.771328
-0.096983 -0.056132 1.771397
0.099075 0.058719 1.732192
0.096006 0.073303 1.749690
0.097286 0.064361 1.741769
0.097286 0.064361 1.741769
0.098790 0.057163 1.751258
0.098790 0.057163 1.751258
0.088920 0.073699 1.751881
0.092742 0.068147 1.755696
0.092742 0.068147 1.755696
-0.102651 -0.037246 1.763499
0.045873 0.114324 1.621732
0.034330 0.103527 1.621791
0.045873 0.114324 1.621732
0.027519 0.129653 1.613130
-0.080945 0.074959 1.822222
0.022411 0.132943 1.611417
0.000000 0.139826 1.608721
0.022254 0.135798 1.610359
0.027519 0.129653 1.613130
0.011117 0.117488 1.617066
-0.090829 0.036045 1.829220
-0.090292 -0.000283 1.843418
-0.074088 0.049881 1.850014
-0.000000 0.119802 1.616482
-0.059689 0.103499 1.825173
0.043517 0.093002 1.624065
0.020648 0.108940 1.617189
0.000000 0.117504 1.614686
-0.061662 0.074940 1.848345
0.077264 0.045474 1.640857
-0.048599 0.060720 1.865831
0.069441 0.060008 1.635882
-0.062133 0.035149 1.865708
-0.073472 0.009531 1.863230
0.049919 0.079820 1.629323
0.065551 0.056608 1.636506
0.073137 0.042414 1.639892
0.030017 0.097636 1.621740
-0.069356 -0.029537 1.866523
-0.060209 -0.009222 1.873059
-0.077457 -0.037579 1.857097
-0.000000 0.114244 1.616420
0.008797 0.112107 1.617147
-0.047598 0.097661 1.843670
-0.036410 0.100024 1.846375
-0.035322 0.063418 1.870487
0.062206 0.037976 1.649332
0.070129 0.018219 1.658427
0.071318 0.008476 1.659679
-0.035357 0.041065 1.878644
0.072876 -0.012269 1.663683
0.071753 -0.032798 1.667729
-0.035331 -0.009169 1.884903
-0.035672 0.016028 1.884471
0.065321 -0.054799 1.672172
0.031349 -0.084513 1.675361
0.043320 -0.076526 1.673397
0.053543 -0.068678 1.671893
-0.035581 -0.035292 1.882687
0.017168 -0.085963 1.669601
-0.072799 -0.062162 1.853543
-0.000002 -0.085355 1.668725
-0.000000 0.111305 1.626536
0.016530 0.102801 1.628331
-0.035823 -0.058136 1.876993
-0.048041 -0.055430 1.873127
0.024694 0.093344 1.630474
0.039168 0.076250 1.636649
0.056092 0.052802 1.645444
0.000000 0.112460 1.664861
0.012483 0.104437 1.665158
0.022398 0.088558 1.664291
0.036787 0.074253 1.669157
0.064063 0.025936 1.684567
0.055726 0.052097 1.678734
0.070066 0.006710 1.688184
0.066825 -0.034022 1.695655
0.069684 -0.013243 1.692388
0.056296 -0.051782 1.699787
0.042354 -0.065081 1.700873
0.013390 -0.083018 1.703431
-0.000000 -0.085806 1.705441
0.025356 -0.077383 1.699106
0.025356 -0.077383 1.699106
-0.000000 0.003857 1.686545
0.042354 -0.065081 1.700873
0.012483 0.104437 1.665158
0.000000 0.112460 1.664861
0.036787 0.074253 1.669157
0.022398 0.088558 1.664291
0.064063 0.025936 1.684567
0.055726 0.052097 1.678734
0.070066 0.006710 1.688184
0.066825 -0.034022 1.695655
0.069684 -0.013243 1.692388
0.056296 -0.051782 1.699787
-0.000000 -0.085806 1.705441
0.013390 -0.083018 1.703431
0.053766 -0.116383 1.821977
0.034658 -0.124565 1.825532
0.033887 -0.129681 1.801957
0.052584 -0.120654 1.798931
0.070420 -0.104644 1.816561
0.068703 -0.108619 1.794430
0.082634 -0.091857 1.810733
0.080227 -0.096146 1.789820
0.092782 -0.077319 1.804163
0.089884 -0.082117 1.784707
0.104017 -0.050902 1.792076
0.101550 -0.056284 1.775105
0.108868 -0.031057 1.782727
0.107071 -0.036665 1.767409
0.110865 -0.012457 1.773901
0.109470 -0.018009 1.759864
0.111269 0.004197 1.766085
0.110048 -0.001443 1.753166
0.109664 0.013375 1.746859
0.110406 0.020308 1.758423
0.108957 0.023985 1.740548
0.109033 0.033954 1.752029
0.035290 -0.082461 1.868033
0.052319 -0.097558 1.854708
0.049650 -0.078003 1.864172
0.035062 -0.104138 1.858823
0.065422 -0.088515 1.849413
0.061884 -0.071348 1.859092
0.076999 -0.076741 1.842858
0.072602 -0.062056 1.853238
0.086681 -0.063133 1.835316
0.081648 -0.050540 1.846813
0.097427 -0.038308 1.821053
0.092204 -0.027787 1.835141
0.101717 -0.019057 1.809750
0.096616 -0.009660 1.826271
0.103159 -0.000629 1.799110
0.097850 0.008509 1.817803
0.097409 0.025473 1.809999
0.103179 0.015960 1.789918
0.095808 0.041873 1.801993
0.101632 0.032742 1.781160
0.093693 0.056335 1.794783
0.099197 0.048385 1.774714
0.091326 0.067583 1.789431
0.089272 -0.000289 1.842846
0.090342 0.018325 1.836025
0.083001 0.024699 1.846920
0.082025 0.005147 1.853089
0.079172 -0.012961 1.857483
0.085518 -0.017856 1.848982
0.047857 -0.055350 1.872855
0.059517 -0.051082 1.867542
0.047263 -0.033577 1.877811
0.059181 -0.031428 1.871802
0.035259 -0.035213 1.882055
0.035453 -0.057997 1.876542
0.069264 -0.045316 1.861983
0.076972 -0.037517 1.856728
0.068787 -0.029378 1.865650
0.075284 -0.028264 1.860326
0.047231 -0.008972 1.879798
0.060113 -0.009219 1.872860
0.035125 -0.009162 1.884542
0.061291 0.012584 1.870773
0.047578 0.014800 1.878392
0.061987 0.035078 1.865436
0.048071 0.038842 1.873157
0.035094 0.015906 1.883483
0.035179 0.040972 1.878310
0.061990 0.055625 1.858026
0.048341 0.060514 1.865427
0.035280 0.063376 1.870419
0.061319 0.074714 1.848056
0.048028 0.080348 1.855110
0.060249 0.090886 1.836721
0.047286 0.097289 1.843231
0.035780 0.082995 1.858850
0.036351 0.099965 1.846292
0.058967 0.102775 1.824652
0.046372 0.110355 1.830005
0.045977 0.120323 1.815380
0.057739 0.112041 1.811585
0.036243 0.113706 1.832529
0.036138 0.124610 1.817407
0.046151 0.127627 1.799358
0.056262 0.120443 1.796135
0.035987 0.132787 1.801748
0.070769 -0.010308 1.865398
0.072765 0.009417 1.862350
0.073622 0.030330 1.856690
0.082628 0.042883 1.839772
0.073417 0.049614 1.849462
0.081437 0.059900 1.831109
0.072463 0.067640 1.840092
0.079865 0.074415 1.821732
0.071120 0.082933 1.829649
0.078006 0.085267 1.812079
0.069517 0.094127 1.818756
0.076153 0.093665 1.801770
0.067978 0.102759 1.807018
0.074190 0.101600 1.787197
0.066284 0.110885 1.791779
0.089811 0.035827 1.828898
0.088384 0.052284 1.820828
0.086599 0.066371 1.812459
0.084545 0.077048 1.804228
0.082349 0.085500 1.795700
0.088696 0.076650 1.784302
0.083494 0.088452 1.779599
0.079947 0.093804 1.782803
0.104797 -0.037648 1.763695
0.107495 -0.019137 1.756473
0.098997 -0.056923 1.771328
0.082198 0.094603 1.762467
0.072737 0.105496 1.759477
0.074457 0.107059 1.761888
0.080696 0.093512 1.760041
0.088941 0.082752 1.763246
0.088054 0.082471 1.759909
0.096884 -0.056095 1.771408
0.102570 -0.037171 1.763642
0.105202 -0.018923 1.756449
0.079262 0.092032 1.759682
0.086786 0.080946 1.759430
0.071166 0.103993 1.759203
0.087337 -0.082036 1.781162
0.053671 0.128513 1.757597
0.065555 0.119413 1.760995
0.063856 0.117490 1.758555
0.055161 0.130706 1.760083
0.085335 -0.080720 1.781411
0.062334 0.115847 1.758292
0.052343 0.126658 1.757303
0.077928 -0.095655 1.786247
0.066769 -0.107833 1.790732
-0.000000 0.150056 1.755689
0.015081 0.151258 1.758494
0.014677 0.148557 1.755923
-0.000000 0.152806 1.758271
0.029618 0.146860 1.758962
0.029138 0.144459 1.756409
0.076237 -0.094412 1.786418
0.065361 -0.106284 1.790808
0.014307 0.146136 1.755562
0.028935 0.142192 1.756064
-0.000000 0.147582 1.755323
0.051162 -0.119746 1.795102
0.034741 -0.128407 1.797547
0.036097 -0.125671 1.796592
0.049985 -0.118341 1.794818
0.100759 0.076809 1.752265
0.099493 0.076628 1.748769
0.096919 0.075194 1.748588
0.100488 0.068474 1.740421
0.103542 0.059820 1.735002
0.101483 0.060319 1.732073
0.102788 0.067419 1.742499
0.105042 0.044318 1.720217
0.102941 0.043791 1.716518
0.100983 0.042509 1.716635
0.099075 0.058719 1.732192
0.097990 0.066996 1.740386
0.105958 0.025118 1.735063
0.106976 0.021656 1.738943
0.108280 0.026908 1.736206
0.104806 0.021309 1.739002
0.104045 0.024995 1.735237
0.107716 0.011425 1.744418
0.108171 -0.002785 1.750163
0.105572 0.011229 1.744535
0.105938 -0.002756 1.750264
0.090252 0.075605 1.778873
0.036033 0.137065 1.788676
0.046411 0.131664 1.786317
0.056500 0.124421 1.783270
0.065956 0.115015 1.779908
0.074025 0.104953 1.776807
0.080063 0.095942 1.774700
0.084410 0.088187 1.774363
0.093573 0.071612 1.773258
0.035062 -0.104138 1.858823
0.035290 -0.082461 1.868033
0.034117 -0.103244 1.861824
0.034078 -0.083821 1.870566
-0.000000 -0.089175 1.879120
0.025697 -0.106059 1.868298
0.024400 -0.087548 1.876732
-0.000000 -0.110581 1.869654
0.015472 0.154494 1.772684
0.033064 0.143556 1.786803
0.015889 0.151765 1.769851
0.033135 0.146353 1.789845
0.036138 0.124610 1.817407
0.035070 0.136145 1.803545
0.034949 0.127930 1.819412
0.035987 0.132787 1.801748
0.036033 0.137065 1.788676
0.033174 0.142949 1.800901
0.020759 0.148701 1.789601
0.025992 0.142142 1.806257
-0.000000 0.137508 1.821896
0.024817 0.134566 1.822496
-0.000000 0.144640 1.805997
0.036243 0.113706 1.832529
0.034459 0.103377 1.849005
0.036351 0.099965 1.846292
0.034729 0.117240 1.834552
-0.000000 0.125204 1.840621
0.024765 0.123109 1.839002
-0.000000 0.109741 1.855727
0.024585 0.108153 1.853789
0.034256 0.085754 1.862326
0.034138 0.065037 1.873426
0.035780 0.082995 1.858850
0.035280 0.063376 1.870419
-0.000000 0.090612 1.869194
0.024442 0.089450 1.867205
-0.000000 0.068535 1.880513
0.024361 0.067729 1.878458
0.035094 0.015906 1.883483
0.035179 0.040972 1.878310
0.034085 0.017198 1.885747
0.034092 0.042103 1.881285
-0.000000 0.044348 1.888710
0.024331 0.043842 1.886554
-0.000000 0.018234 1.893492
0.024327 0.017996 1.891256
0.035259 -0.035213 1.882055
0.034084 -0.009322 1.886832
0.034082 -0.036031 1.884410
0.035125 -0.009162 1.884542
-0.000000 -0.009535 1.894766
0.024326 -0.009497 1.892517
0.024331 -0.037248 1.890283
-0.000000 -0.037657 1.892551
0.034079 -0.061310 1.878583
0.035453 -0.057997 1.876542
0.024351 -0.063686 1.884699
-0.000000 -0.064629 1.887064
0.034658 -0.124565 1.825532
0.033564 -0.131523 1.802406
0.033887 -0.129681 1.801957
0.033997 -0.126131 1.826275
-0.000000 0.153449 1.769638
-0.000000 0.155698 1.771781
-0.000000 0.150647 1.789041
0.027133 -0.101404 1.866428
0.025988 -0.085833 1.873801
0.032311 -0.109069 1.864765
0.026388 0.131598 1.821529
0.027485 0.137512 1.809289
0.026268 0.105932 1.851309
0.026367 0.120538 1.836918
0.026208 0.066363 1.875438
0.026220 0.087633 1.864425
0.026200 0.017600 1.887961
0.026207 0.042963 1.883358
0.026171 -0.009423 1.889197
0.026114 -0.036711 1.887004
0.026038 -0.062715 1.881514
0.091054 0.082699 1.772722
0.087232 0.090563 1.770860
0.092805 0.080537 1.769823
0.090565 0.085771 1.766185
0.084250 0.096742 1.765750
0.076600 0.108885 1.765328
0.082951 0.097915 1.771739
0.076603 0.107393 1.773902
0.067552 0.121186 1.764653
0.056871 0.132571 1.763980
0.068148 0.117993 1.776959
0.057831 0.128144 1.780415
0.057414 0.130477 1.772220
0.044475 0.141944 1.763561
0.043030 0.139830 1.759455
0.046035 0.136580 1.783837
0.033064 0.143556 1.786803
0.045224 0.139367 1.773682
0.031430 0.146261 1.774264
0.030597 0.148998 1.763241
0.015592 0.153557 1.762862
-0.000000 0.155185 1.762666
0.015889 0.151765 1.769851
-0.000000 0.153449 1.769638
0.033894 -0.130126 1.796245
0.034741 -0.128407 1.797547
0.084233 -0.086287 1.833256
0.072011 -0.100774 1.837519
0.084848 -0.087713 1.830474
0.071466 -0.099254 1.840261
0.054855 -0.112236 1.843859
0.054683 -0.110482 1.846480
0.035543 -0.119566 1.847726
0.035569 -0.117523 1.850589
0.035543 -0.119566 1.847726
0.035569 -0.117523 1.850589
0.034803 -0.120128 1.849855
0.034999 -0.117736 1.852248
0.095435 -0.072722 1.822469
0.105560 -0.044591 1.810752
0.094768 -0.071371 1.825277
0.106282 -0.045850 1.807912
0.109751 -0.024565 1.799722
0.110539 -0.025823 1.796911
0.111513 0.010761 1.780598
0.112173 -0.007284 1.786802
0.112411 0.009423 1.777881
0.111319 -0.005988 1.789558
0.110146 0.027966 1.771691
0.111109 0.026619 1.768984
0.107944 0.044243 1.764896
0.105113 0.065430 1.759184
0.103965 0.066972 1.761936
0.109093 0.042472 1.762147
0.102035 0.075017 1.749997
0.032786 -0.123091 1.856494
0.017548 -0.127010 1.858854
0.016917 -0.128927 1.856332
0.032799 -0.124901 1.853901
-0.000000 -0.128561 1.859915
-0.000000 -0.130270 1.857246
0.106219 0.049678 1.744262
0.041969 0.137623 1.757054
0.040964 0.135463 1.756640
0.016696 -0.133938 1.829581
0.032442 -0.129812 1.828021
-0.000000 -0.135316 1.830049
0.032302 -0.134295 1.802762
0.016549 -0.138562 1.802736
0.016692 -0.138117 1.800497
0.032626 -0.133640 1.800553
-0.000000 -0.139983 1.802805
-0.000000 -0.139980 1.800396
0.017434 -0.136528 1.797478
-0.000000 -0.138240 1.797762
0.031521 -0.130226 1.794414
0.017168 -0.134835 1.795154
-0.000000 -0.136662 1.795682
0.035005 -0.126477 1.792258
0.032849 -0.127452 1.790897
0.036097 -0.125671 1.796592
0.031521 -0.130226 1.794414
0.030990 -0.131278 1.782973
0.032849 -0.127452 1.790897
0.032757 -0.127728 1.783350
-0.000000 -0.136662 1.795682
0.016402 -0.135747 1.782444
0.017168 -0.134835 1.795154
-0.000000 -0.137559 1.782229
0.034045 -0.127667 1.777727
0.032422 -0.131000 1.776855
0.038329 -0.125885 1.771197
0.037231 -0.129030 1.769885
0.047120 -0.121303 1.762123
0.046700 -0.124361 1.760301
0.016932 -0.136573 1.765483
-0.000000 -0.138430 1.765706
0.020750 -0.136445 1.747676
0.039298 -0.129280 1.740184
0.049985 -0.118341 1.794818
0.035005 -0.126477 1.792258
0.044102 -0.122247 1.784351
0.036097 -0.125671 1.796592
0.059085 -0.112434 1.776790
0.065361 -0.106284 1.790808
0.073140 -0.099550 1.749516
0.064428 -0.108539 1.752623
0.074568 -0.102085 1.746023
0.064982 -0.111285 1.749887
0.055329 -0.118813 1.754373
0.055330 -0.115770 1.756942
0.051717 -0.122335 1.733760
0.063751 -0.114148 1.729516
0.074822 -0.104498 1.725907
0.061862 -0.116373 1.708392
0.074318 -0.106712 1.704727
0.048519 -0.124687 1.712249
0.098443 -0.062094 1.734951
0.102144 -0.045261 1.731059
0.096425 -0.060670 1.738524
0.100326 -0.044646 1.734488
0.091274 -0.073247 1.741662
0.093292 -0.075121 1.738164
0.102513 -0.030213 1.730910
0.104350 -0.030383 1.727727
0.083010 -0.087161 1.745553
0.084610 -0.089496 1.742430
0.093270 -0.080494 1.725651
0.084569 -0.092730 1.724674
0.091942 -0.084064 1.702413
0.084537 -0.095022 1.703032
0.029686 -0.140469 1.712287
0.034261 -0.132656 1.721804
0.018151 -0.144076 1.718104
0.015968 -0.138100 1.730085
-0.000000 -0.139637 1.732363
0.007553 -0.145607 1.720360
-0.000000 -0.145918 1.720744
-0.000000 -0.139050 1.748246
0.041611 -0.135077 1.704253
0.052412 -0.128135 1.697461
0.062824 -0.121069 1.694722
0.095338 -0.087092 1.690049
0.087244 -0.098434 1.691604
0.076000 -0.110457 1.692768
0.028162 -0.140935 1.709305
0.016573 -0.142970 1.710500
0.026270 -0.140297 1.706410
0.017506 -0.144307 1.714263
0.006921 -0.145883 1.716555
0.006141 -0.144533 1.712819
-0.000000 -0.146144 1.716925
-0.000000 -0.144759 1.713160
0.039892 -0.135467 1.700388
0.037502 -0.134271 1.696830
0.050616 -0.128677 1.693128
0.047588 -0.126944 1.689661
0.094609 -0.087181 1.686035
0.086492 -0.098334 1.687630
0.092109 -0.086055 1.682738
0.084117 -0.096743 1.684558
0.075032 -0.109966 1.688902
0.072681 -0.107819 1.686034
0.062082 -0.120601 1.690392
0.059942 -0.117985 1.687198
0.103288 -0.071414 1.683769
0.100590 -0.070596 1.680098
0.109403 -0.051288 1.680362
0.106889 -0.050777 1.676569
0.112526 -0.034177 1.677250
0.109249 -0.034934 1.673542
0.104819 -0.031283 1.694037
0.109605 -0.051133 1.684758
0.112648 -0.032427 1.681872
0.103499 -0.049135 1.696124
0.100636 -0.067010 1.700699
0.103616 -0.071116 1.688200
0.101644 -0.070294 1.704486
0.100804 -0.069557 1.723326
0.099468 -0.065276 1.725853
0.101798 -0.046637 1.723448
0.104027 -0.030350 1.719660
0.072363 -0.099429 1.770075
0.076237 -0.094412 1.786418
0.085335 -0.080720 1.781411
0.084116 -0.083961 1.764653
0.093100 -0.067757 1.758356
0.096884 -0.056095 1.771408
0.097439 -0.056483 1.755093
0.102570 -0.037171 1.763642
0.101401 -0.040855 1.749794
0.105202 -0.018923 1.756449
0.101481 -0.024857 1.746492
0.105572 0.011229 1.744535
0.105938 -0.002756 1.750264
0.104155 0.007034 1.734417
0.103625 -0.007527 1.740147
0.107587 -0.029083 1.695728
0.106243 -0.028743 1.719553
0.115214 -0.031014 1.683610
0.110190 -0.030357 1.688580
0.107973 -0.016082 1.692594
0.110911 -0.017155 1.685148
0.107812 -0.012295 1.716088
0.116567 -0.017682 1.680152
0.122860 -0.025504 1.677446
0.122820 -0.017186 1.674623
0.121105 -0.030616 1.679804
0.122660 -0.029119 1.678118
0.121647 -0.030473 1.675955
0.120271 -0.032337 1.677479
0.121694 -0.025827 1.674554
0.121396 -0.018306 1.672074
0.106082 -0.028756 1.730633
0.102893 -0.029734 1.732507
0.108448 -0.009300 1.727100
0.103605 -0.009686 1.728323
0.104806 0.021309 1.739002
0.103433 0.019329 1.729843
0.105172 0.005021 1.725223
0.108156 0.005562 1.723623
0.103370 0.019983 1.720984
0.106355 0.020050 1.719572
0.105818 0.024091 1.717409
0.102108 0.028138 1.715888
0.102691 0.024591 1.719163
0.105209 0.027497 1.714476
0.100943 0.035926 1.708081
0.103762 0.034920 1.706545
0.100185 0.037911 1.704944
0.103015 0.036904 1.703707
0.107861 0.002179 1.713309
0.107799 -0.004306 1.689700
0.110318 -0.005523 1.681484
0.116087 -0.006200 1.675735
0.122379 -0.007500 1.670929
0.120694 -0.008535 1.667970
0.121252 0.004354 1.664292
0.119879 0.002681 1.662183
0.119664 0.014909 1.657626
0.118064 0.013875 1.655273
0.117512 0.025711 1.651485
0.115957 0.024202 1.649052
0.109681 0.027009 1.657578
0.112060 0.016685 1.663403
0.114414 0.005184 1.669920
0.104448 0.029684 1.665463
0.106973 0.018567 1.670703
0.108820 0.006560 1.676478
0.101349 0.034233 1.676292
0.105152 0.021717 1.680938
0.106748 0.008992 1.685049
0.106413 0.016002 1.708403
0.105174 0.024786 1.704816
0.102893 0.036209 1.697498
0.105661 0.040724 1.721192
0.104099 0.039678 1.717639
0.101451 0.038407 1.717211
0.106811 0.034874 1.725971
0.107762 0.030461 1.730498
0.105153 0.032708 1.723625
0.106019 0.027574 1.728745
0.103258 0.027202 1.728826
0.102445 0.031894 1.723728
0.103258 0.027202 1.728826
0.104045 0.024995 1.735237
0.102445 0.031894 1.723728
0.101451 0.038407 1.717211
0.099986 0.037253 1.696999
0.050352 0.118715 1.618322
0.065054 0.101902 1.629292
0.059008 0.114511 1.615043
0.071238 0.099331 1.623882
0.094583 0.055039 1.649904
0.087943 0.069405 1.641230
0.083167 0.072185 1.648710
0.090103 0.058038 1.657918
0.069524 0.110373 1.610900
0.078990 0.097253 1.618341
0.101260 0.053029 1.642598
0.094799 0.067971 1.634063
0.078834 0.106542 1.607708
0.086913 0.095402 1.613382
0.102317 0.067551 1.628374
0.108951 0.052134 1.636829
0.114649 0.035975 1.645776
0.106776 0.037326 1.651683
0.100372 0.039562 1.659357
0.095860 0.042648 1.667841
0.094678 0.082056 1.620397
0.087222 0.082853 1.625980
0.080298 0.084077 1.632579
0.074853 0.086735 1.639339
0.029392 0.135340 1.607239
0.042435 0.129810 1.604833
0.058570 0.122217 1.602946
0.074980 0.111212 1.604850
0.099437 0.034896 1.678103
0.050511 0.122855 1.619732
0.065878 0.105821 1.630654
0.030252 0.138962 1.608593
0.085871 0.075635 1.650740
0.092072 0.060941 1.660230
0.077126 0.089929 1.641169
0.098740 0.035458 1.672881
0.096758 0.045153 1.670436
0.098638 0.038605 1.675908
0.113501 0.033837 1.643492
0.107403 0.051321 1.633359
0.078612 0.104598 1.604564
0.086254 0.093565 1.610377
0.093546 0.080177 1.617267
0.101146 0.066002 1.625271
0.066924 0.117552 1.602122
0.071050 0.114752 1.602892
0.070774 0.113128 1.600143
0.066048 0.116154 1.599655
0.074552 0.109226 1.601879
0.030591 0.132925 1.603799
0.041435 0.128277 1.602105
0.057152 0.121152 1.600680
0.039951 0.125166 1.601849
0.028858 0.129498 1.603755
0.055504 0.118248 1.600690
0.073194 0.107003 1.602352
0.076501 0.102871 1.604660
0.069367 0.110700 1.600553
0.064158 0.114040 1.600031
0.109997 0.033031 1.643511
0.105274 0.048624 1.634325
0.099128 0.063491 1.625916
0.091495 0.078042 1.617902
0.084178 0.091309 1.610687
0.113223 0.023296 1.648954
0.114999 0.013491 1.654964
0.117137 0.002178 1.661961
0.117966 -0.008728 1.667995
0.118455 -0.018759 1.672152
0.118365 -0.026193 1.674673
0.118178 -0.029169 1.675565
0.117736 -0.031326 1.676396
0.113418 -0.031202 1.679683
0.112527 -0.032288 1.676202
0.109372 -0.032350 1.673408
0.078325 0.091397 1.757141
0.070580 0.103576 1.756662
0.085868 0.078498 1.760881
0.061581 0.115219 1.755751
0.051367 0.125587 1.754762
0.014025 0.144593 1.753021
-0.000000 0.146023 1.752782
0.028304 0.140631 1.753523
0.040214 0.134324 1.754099
0.049554 0.119670 1.752200
0.058597 0.111279 1.752804
0.038349 0.127283 1.751406
0.026101 0.132932 1.750603
0.012167 0.136841 1.750456
-0.000000 0.137680 1.750233
0.067573 0.100175 1.753364
0.075621 0.088231 1.753979
0.080602 0.080077 1.754214
0.083969 0.079034 1.756889
0.012167 0.136841 1.750456
-0.000000 0.137844 1.731919
-0.000000 0.137680 1.750233
0.014131 0.136499 1.731570
0.026101 0.132932 1.750603
0.033395 0.130093 1.736107
0.049554 0.119670 1.752200
0.049614 0.120067 1.739381
0.038349 0.127283 1.751406
0.075696 0.089728 1.745800
0.067573 0.100175 1.753364
0.075621 0.088231 1.753979
0.063272 0.106405 1.742152
0.058597 0.111279 1.752804
0.080602 0.080077 1.754214
0.078748 0.084637 1.747248
0.081353 0.079582 1.753014
0.080602 0.080077 1.754214
0.083748 0.078726 1.754210
0.081353 0.079582 1.753014
0.083969 0.079034 1.756889
0.076943 0.091127 1.744686
0.063272 0.106405 1.742152
0.075696 0.089728 1.745800
0.064936 0.107902 1.740955
0.080669 0.085460 1.746142
0.078748 0.084637 1.747248
0.051446 0.122575 1.737887
0.035303 0.133131 1.734770
0.049614 0.120067 1.739381
0.033395 0.130093 1.736107
0.052887 0.123588 1.733770
0.066046 0.108281 1.737695
0.037120 0.134623 1.729867
0.081881 0.085155 1.743919
0.078065 0.091244 1.741979
0.085569 0.076525 1.751129
0.066858 0.109405 1.736704
0.053669 0.124728 1.732866
0.037894 0.135766 1.729059
0.082996 0.086126 1.742809
0.078913 0.092350 1.741011
0.087367 0.077149 1.749811
0.006596 0.137627 1.722466
-0.000000 0.137970 1.720962
0.007453 0.143508 1.719399
0.011956 0.144769 1.716299
0.010121 0.145096 1.715192
0.014131 0.136499 1.731570
0.016894 0.140778 1.730711
0.015173 0.141357 1.729542
0.019434 0.141933 1.725599
0.017722 0.142551 1.724428
0.012816 0.146290 1.714685
0.011030 0.146694 1.713482
0.019722 0.143570 1.724245
-0.000000 0.137970 1.720962
0.006596 0.137627 1.722466
-0.000000 0.144236 1.717935
-0.000000 0.145612 1.713936
-0.000000 0.147565 1.712263
0.042641 0.135034 1.720763
0.056833 0.124177 1.726096
0.046882 0.133481 1.712443
0.059630 0.123243 1.719305
0.071948 0.109598 1.725006
0.069603 0.109671 1.730898
0.082934 0.094272 1.730178
0.081176 0.093508 1.735678
0.088668 0.084698 1.733096
0.086165 0.085639 1.738061
0.094899 0.071508 1.738577
0.091910 0.073975 1.743836
0.029928 0.141836 1.714930
0.036143 0.140215 1.703623
0.020655 0.145648 1.704148
0.028156 0.144112 1.693671
-0.000000 0.148439 1.701564
0.013285 0.147311 1.702449
-0.000000 0.148691 1.690979
0.015427 0.147404 1.691527
0.015115 0.147384 1.679253
-0.000000 0.148607 1.678799
0.027388 0.144069 1.681074
-0.000000 0.148354 1.663381
0.013917 0.146644 1.636802
-0.000000 0.147908 1.636671
0.014677 0.147116 1.663717
0.026438 0.144068 1.665123
0.025551 0.143714 1.637564
0.013004 0.145846 1.606167
-0.000000 0.147101 1.606273
0.024384 0.142720 1.606208
0.063875 0.117345 1.701126
0.051284 0.129127 1.695350
0.038353 0.138099 1.688052
0.084523 0.089572 1.712360
0.091377 0.077074 1.717948
0.075066 0.103716 1.706583
0.096569 0.064415 1.724476
0.041604 0.134901 1.670143
0.055897 0.123264 1.675372
0.068227 0.109836 1.681391
0.078373 0.096078 1.688011
0.087127 0.081922 1.694932
0.093420 0.068540 1.702053
0.097475 0.056109 1.709753
0.095255 0.058258 1.685781
0.098359 0.045926 1.693522
0.089963 0.072305 1.677516
0.082151 0.086855 1.669393
0.072602 0.101028 1.661361
0.060897 0.115664 1.653288
0.046114 0.129909 1.646099
0.012501 0.144020 1.604333
-0.000000 0.145023 1.604316
0.023882 0.140329 1.604772
0.011618 0.140561 1.604479
-0.000000 0.141529 1.604573
0.023235 0.137180 1.605400
0.026702 0.135226 1.606539
0.026795 0.130767 1.604894
0.027499 0.133641 1.604865
0.025033 0.131461 1.608338
0.011338 0.138703 1.608988
-0.000000 0.139770 1.608737
0.022250 0.135768 1.610338
0.022405 0.132945 1.611440
0.022835 -0.120670 1.689324
0.023814 -0.126179 1.698335
0.020641 -0.126062 1.696626
0.026378 -0.119538 1.689352
0.024760 -0.113389 1.681111
0.021440 -0.115392 1.682219
0.017642 -0.131138 1.705068
0.015284 -0.130341 1.702433
0.016061 -0.121887 1.696969
0.011872 -0.125214 1.701509
0.017858 -0.117839 1.691411
0.007560 -0.107643 1.677789
-0.000000 -0.117398 1.690794
-0.000000 -0.106602 1.676290
0.013340 -0.110138 1.681162
0.016946 -0.113714 1.685838
0.017142 -0.111029 1.676295
0.019913 -0.108801 1.674903
0.009861 -0.107908 1.671988
0.007576 -0.133081 1.706136
0.005852 -0.127352 1.704410
-0.000000 -0.133913 1.707239
-0.000000 -0.127994 1.705280
-0.000000 -0.135254 1.710606
0.008755 -0.134296 1.709335
-0.000000 -0.106617 1.670136
0.011496 -0.105261 1.670007
-0.000000 -0.103774 1.667861
0.014813 -0.139107 1.710670
0.006220 -0.140424 1.712408
0.000000 -0.140524 1.712704
0.006220 -0.140424 1.712408
0.000000 -0.140524 1.712704
0.014813 -0.139107 1.710670
0.023868 -0.136335 1.707043
0.023868 -0.136335 1.707043
0.034689 -0.130410 1.699684
0.045856 -0.123802 1.691049
0.070340 -0.105119 1.687495
0.057393 -0.115451 1.689103
0.081167 -0.094293 1.685316
0.088474 -0.084211 1.684012
0.097080 -0.068389 1.681217
0.102583 -0.050135 1.678180
0.104709 -0.035112 1.676639
0.104618 -0.030161 1.676631
0.034689 -0.130410 1.699684
0.045856 -0.123802 1.691049
0.017022 -0.102028 1.667781
0.022894 -0.104241 1.670558
-0.000000 -0.100286 1.665065
0.008712 -0.100425 1.665571
0.032080 -0.110913 1.678054
0.028247 -0.107568 1.674411
0.036138 -0.116576 1.683479
0.072001 0.081168 1.638356
0.063802 0.093263 1.632588
0.054333 0.105293 1.627247
0.088880 0.052743 1.650414
0.095606 0.037736 1.657026
0.080514 0.067424 1.644105
0.102621 0.017056 1.666173
0.105222 0.004972 1.671566
0.100280 0.026231 1.662301
0.106975 -0.005155 1.675899
0.108189 -0.015943 1.679441
0.108709 -0.023474 1.681396
0.080514 0.067424 1.644105
0.062446 0.073608 1.634534
0.072001 0.081168 1.638356
0.071456 0.061338 1.638884
0.054035 0.084469 1.630696
0.063802 0.093263 1.632588
0.044218 0.094532 1.625942
0.054333 0.105293 1.627247
0.100280 0.026231 1.662301
0.083864 0.033131 1.649472
0.095606 0.037736 1.657026
0.087749 0.020654 1.652308
0.078330 0.046890 1.644416
0.088880 0.052743 1.650414
0.108189 -0.015943 1.679441
0.092611 -0.010570 1.657158
0.106975 -0.005155 1.675899
0.093112 -0.024135 1.658928
0.091524 0.000465 1.655569
0.105222 0.004972 1.671566
0.089752 0.011451 1.653798
0.102621 0.017056 1.666173
0.106257 -0.028607 1.677498
0.109949 -0.030588 1.674916
0.111916 -0.030539 1.676693
0.108685 -0.028901 1.680946
0.112713 -0.029819 1.679870
0.108985 -0.028682 1.682333
0.081167 -0.094293 1.685316
0.070340 -0.105119 1.687495
0.073084 -0.086701 1.679115
0.062315 -0.096172 1.680602
0.057393 -0.115451 1.689103
0.048535 -0.106858 1.681350
0.079387 -0.078623 1.677336
0.088474 -0.084211 1.684012
0.086108 -0.065261 1.670562
0.097080 -0.068389 1.681217
0.102583 -0.050135 1.678180
0.090193 -0.049934 1.664310
0.104709 -0.035112 1.676639
0.092624 -0.036361 1.661687
0.108709 -0.023474 1.681396
0.108685 -0.028901 1.680946
0.106257 -0.028607 1.677498
0.108985 -0.028682 1.682333
0.104618 -0.030161 1.676631
0.069192 -0.071141 1.668932
0.062895 -0.077848 1.670300
0.050336 -0.086592 1.672475
0.039137 -0.095312 1.673000
0.028676 -0.097738 1.671094
0.007155 -0.094857 1.665190
0.000000 -0.094495 1.664777
0.017634 -0.096497 1.667246
0.083515 -0.034748 1.661478
0.083672 -0.022876 1.659182
0.083447 -0.010521 1.656771
0.082559 -0.001215 1.655148
0.080781 -0.048891 1.664306
0.075999 -0.062304 1.667000
0.081328 0.009452 1.653378
0.078624 0.019412 1.652095
0.100983 0.042509 1.716635
0.099075 0.058719 1.732192
0.096006 0.073303 1.749690
0.097286 0.064361 1.741769
0.097286 0.064361 1.741769
0.098790 0.057163 1.751258
0.098790 0.057163 1.751258
0.088962 0.073740 1.751898
0.086701 0.074205 1.752869
0.092751 0.068156 1.755700
0.085868 0.078498 1.760881
0.092751 0.068156 1.755700
0.045871 0.114324 1.621737
0.045871 0.114324 1.621737
0.034291 0.103515 1.621884
0.027518 0.129654 1.613130
0.000000 0.136515 1.610009
0.011338 0.138703 1.608988
0.010921 0.135415 1.610285
-0.000000 0.139770 1.608737
0.022250 0.135768 1.610338
0.022405 0.132945 1.611440
0.027518 0.129654 1.613130
0.021467 0.112246 1.618805
0.011095 0.117480 1.617167
0.000000 0.119803 1.616482
0.033580 0.100585 1.620696
0.043490 0.092992 1.624107
0.020635 0.108940 1.617267
0.009561 0.114677 1.615334
-0.000000 0.117487 1.614775
0.077260 0.045479 1.640870
0.081696 0.030743 1.646094
0.069417 0.060007 1.635937
0.061516 0.071543 1.632356
0.052951 0.082660 1.628874
0.058218 0.068971 1.632242
0.065553 0.056625 1.636559
0.073120 0.042517 1.640097
0.077713 0.028946 1.645522
0.049920 0.079856 1.629432
0.039175 0.089828 1.624986
-0.000000 0.114244 1.616420
0.008794 0.112110 1.617173
0.019161 0.106133 1.618559
0.030015 0.097651 1.621786
0.070199 0.018283 1.658503
0.066935 0.027169 1.653394
0.071245 0.008459 1.659619
0.072355 -0.001837 1.662208
0.072837 -0.012280 1.663672
0.072535 -0.021987 1.665205
0.071638 -0.032773 1.667657
0.069166 -0.043156 1.670225
0.065241 -0.054811 1.672105
0.031302 -0.084553 1.675486
0.043320 -0.076526 1.673397
0.053585 -0.068709 1.671923
0.059068 -0.061588 1.672220
0.025408 -0.086291 1.671796
0.017100 -0.086026 1.669838
0.007287 -0.085713 1.668950
0.000000 -0.085403 1.668775
-0.000000 0.110543 1.626396
0.006864 0.108795 1.627266
0.016423 0.102606 1.628295
0.024648 0.093287 1.630424
0.031813 0.085171 1.634368
0.039112 0.076188 1.636605
0.047188 0.065565 1.640467
0.056085 0.052798 1.645448
0.062260 0.038025 1.649390
0.000000 0.112460 1.664861
0.012483 0.104437 1.665158
0.022397 0.088556 1.664290
0.036787 0.074253 1.669157
0.055726 0.052097 1.678734
0.064063 0.025936 1.684567
0.070065 0.006710 1.688184
0.069684 -0.013243 1.692388
0.066824 -0.034022 1.695655
0.056296 -0.051782 1.699787
0.042354 -0.065081 1.700873
0.013390 -0.083018 1.703431
-0.000000 -0.085806 1.705441
0.025356 -0.077383 1.699106
0.012483 0.104437 1.665158
-0.000000 0.003857 1.686545
0.000000 0.112460 1.664861
0.036787 0.074253 1.669157
0.022397 0.088556 1.664290
0.064063 0.025936 1.684567
0.055726 0.052097 1.678734
0.070065 0.006710 1.688184
0.066824 -0.034022 1.695655
0.069684 -0.013243 1.692388
0.056296 -0.051782 1.699787
0.042354 -0.065081 1.700873
-0.000000 -0.085806 1.705441
0.013390 -0.083018 1.703431
0.025356 -0.077383 1.699106
-0.053766 -0.116383 1.821977
-0.033887 -0.129681 1.801957
-0.034658 -0.124565 1.825532
-0.052584 -0.120654 1.798931
-0.070420 -0.104644 1.816561
-0.068703 -0.108619 1.794430
-0.082634 -0.091857 1.810733
-0.080227 -0.096146 1.789820
-0.092782 -0.077319 1.804163
-0.089884 -0.082117 1.784707
-0.104017 -0.050902 1.792076
-0.101550 -0.056284 1.775105
-0.108868 -0.031057 1.782727
-0.107071 -0.036665 1.767409
-0.110865 -0.012457 1.773901
-0.109470 -0.018009 1.759864
-0.111269 0.004197 1.766085
-0.110048 -0.001443 1.753166
-0.109664 0.013375 1.746859
-0.110406 0.020308 1.758423
-0.108957 0.023985 1.740548
-0.109033 0.033954 1.752029
-0.035290 -0.082461 1.868033
-0.052319 -0.097558 1.854708
-0.035062 -0.104138 1.858823
-0.049650 -0.078003 1.864172
-0.065422 -0.088515 1.849413
-0.061884 -0.071348 1.859092
-0.076999 -0.076741 1.842858
-0.072602 -0.062056 1.853238
-0.086681 -0.063133 1.835316
-0.081648 -0.050540 1.846813
-0.097427 -0.038308 1.821053
-0.092204 -0.027787 1.835141
-0.101717 -0.019057 1.809750
-0.096616 -0.009660 1.826271
-0.103159 -0.000629 1.799110
-0.097850 0.008509 1.817803
-0.097409 0.025473 1.809999
-0.103179 0.015960 1.789918
-0.095808 0.041873 1.801993
-0.101632 0.032742 1.781160
-0.093693 0.056335 1.794783
-0.099197 0.048385 1.774714
-0.091326 0.067583 1.789431
-0.090342 0.018325 1.836025
-0.089272 -0.000289 1.842846
-0.082025 0.005147 1.853089
-0.083001 0.024699 1.846920
-0.079172 -0.012961 1.857483
-0.085518 -0.017856 1.848982
-0.047857 -0.055350 1.872855
-0.059517 -0.051082 1.867542
-0.047263 -0.033577 1.877811
-0.059181 -0.031428 1.871802
-0.035259 -0.035213 1.882055
-0.035453 -0.057997 1.876542
-0.069264 -0.045316 1.861983
-0.076972 -0.037517 1.856728
-0.068787 -0.029378 1.865650
-0.075284 -0.028264 1.860326
-0.047231 -0.008972 1.879798
-0.060113 -0.009219 1.872860
-0.035125 -0.009162 1.884542
-0.061291 0.012584 1.870773
-0.047578 0.014800 1.878392
-0.061987 0.035078 1.865436
-0.048071 0.038842 1.873157
-0.035094 0.015906 1.883483
-0.035179 0.040972 1.878310
-0.061990 0.055625 1.858026
-0.048341 0.060514 1.865427
-0.035280 0.063376 1.870419
-0.061319 0.074714 1.848056
-0.048028 0.080348 1.855110
-0.060249 0.090886 1.836721
-0.047286 0.097289 1.843231
-0.035780 0.082995 1.858850
-0.036351 0.099965 1.846292
-0.058967 0.102775 1.824652
-0.046372 0.110355 1.830005
-0.045977 0.120323 1.815380
-0.057739 0.112041 1.811585
-0.036243 0.113706 1.832529
-0.036138 0.124610 1.817407
-0.046151 0.127627 1.799358
-0.056262 0.120443 1.796135
-0.035987 0.132787 1.801748
-0.070769 -0.010308 1.865398
-0.072765 0.009417 1.862350
-0.073622 0.030330 1.856690
-0.082628 0.042883 1.839772
-0.073417 0.049614 1.849462
-0.081437 0.059900 1.831109
-0.072463 0.067640 1.840092
-0.079865 0.074415 1.821732
-0.071120 0.082933 1.829649
-0.078006 0.085267 1.812079
-0.069517 0.094127 1.818756
-0.076153 0.093665 1.801770
-0.067978 0.102759 1.807018
-0.074190 0.101600 1.787197
-0.066284 0.110885 1.791779
-0.089811 0.035827 1.828898
-0.088384 0.052284 1.820828
-0.086599 0.066371 1.812459
-0.084545 0.077048 1.804228
-0.082349 0.085500 1.795700
-0.088696 0.076650 1.784302
-0.083494 0.088452 1.779599
-0.079947 0.093804 1.782803
-0.107495 -0.019137 1.756473
-0.104797 -0.037648 1.763695
-0.098997 -0.056923 1.771328
-0.072737 0.105496 1.759477
-0.082198 0.094603 1.762467
-0.074457 0.107059 1.761888
-0.080696 0.093512 1.760041
-0.088941 0.082752 1.763246
-0.088054 0.082471 1.759909
-0.096884 -0.056095 1.771408
-0.102570 -0.037171 1.763642
-0.105202 -0.018923 1.756449
-0.079262 0.092032 1.759682
-0.086786 0.080946 1.759430
-0.071166 0.103993 1.759203
-0.087337 -0.082036 1.781162
-0.053671 0.128513 1.757597
-0.065555 0.119413 1.760995
-0.055161 0.130706 1.760083
-0.063856 0.117490 1.758555
-0.085335 -0.080720 1.781411
-0.062334 0.115847 1.758292
-0.052343 0.126658 1.757303
-0.077928 -0.095655 1.786247
-0.066769 -0.107833 1.790732
-0.000000 0.150056 1.755689
-0.015081 0.151258 1.758494
-0.000000 0.152806 1.758271
-0.014677 0.148557 1.755923
-0.029618 0.146860 1.758962
-0.029138 0.144459 1.756409
-0.076237 -0.094412 1.786418
-0.065361 -0.106284 1.790808
-0.014307 0.146136 1.755562
-0.028935 0.142192 1.756064
-0.000000 0.147582 1.755323
-0.051162 -0.119746 1.795102
-0.034741 -0.128407 1.797547
-0.049985 -0.118341 1.794818
-0.036097 -0.125671 1.796592
-0.100759 0.076809 1.752265
-0.099493 0.076628 1.748769
-0.096919 0.075194 1.748588
-0.103542 0.059820 1.735002
-0.100488 0.068474 1.740421
-0.101483 0.060319 1.732073
-0.102788 0.067419 1.742499
-0.105042 0.044318 1.720217
-0.102941 0.043791 1.716518
-0.099075 0.058719 1.732192
-0.100983 0.042509 1.716635
-0.097990 0.066996 1.740386
-0.105958 0.025118 1.735063
-0.108280 0.026908 1.736206
-0.106976 0.021656 1.738943
-0.104806 0.021309 1.739002
-0.104045 0.024995 1.735237
-0.107716 0.011425 1.744418
-0.108171 -0.002785 1.750163
-0.105572 0.011229 1.744535
-0.105938 -0.002756 1.750264
-0.090252 0.075605 1.778873
-0.036033 0.137065 1.788676
-0.046411 0.131664 1.786317
-0.056500 0.124421 1.783270
-0.065956 0.115015 1.779908
-0.074025 0.104953 1.776807
-0.080063 0.095942 1.774700
-0.084410 0.088187 1.774363
-0.093573 0.071612 1.773258
-0.035290 -0.082461 1.868033
-0.035062 -0.104138 1.858823
-0.034117 -0.103244 1.861824
-0.034078 -0.083821 1.870566
-0.000000 -0.089175 1.879120
-0.024400 -0.087548 1.876732
-0.025697 -0.106059 1.868298
-0.000000 -0.110581 1.869654
-0.033064 0.143556 1.786803
-0.015472 0.154494 1.772684
-0.015889 0.151765 1.769851
-0.033135 0.146353 1.789845
-0.036138 0.124610 1.817407
-0.035070 0.136145 1.803545
-0.035987 0.132787 1.801748
-0.034949 0.127930 1.819412
-0.036033 0.137065 1.788676
-0.033174 0.142949 1.800901
-0.020759 0.148701 1.789601
-0.025992 0.142142 1.806257
-0.000000 0.144640 1.805997
-0.024817 0.134566 1.822496
-0.000000 0.137508 1.821896
-0.036243 0.113706 1.832529
-0.036351 0.099965 1.846292
-0.034459 0.103377 1.849005
-0.034729 0.117240 1.834552
-0.000000 0.125204 1.840621
-0.024765 0.123109 1.839002
-0.000000 0.109741 1.855727
-0.024585 0.108153 1.853789
-0.035780 0.082995 1.858850
-0.034138 0.065037 1.873426
-0.034256 0.085754 1.862326
-0.035280 0.063376 1.870419
-0.000000 0.090612 1.869194
-0.024442 0.089450 1.867205
-0.000000 0.068535 1.880513
-0.024361 0.067729 1.878458
-0.035179 0.040972 1.878310
-0.034085 0.017198 1.885747
-0.034092 0.042103 1.881285
-0.035094 0.015906 1.883483
-0.000000 0.044348 1.888710
-0.024331 0.043842 1.886554
-0.000000 0.018234 1.893492
-0.024327 0.017996 1.891256
-0.035259 -0.035213 1.882055
-0.034084 -0.009322 1.886832
-0.035125 -0.009162 1.884542
-0.034082 -0.036031 1.884410
-0.000000 -0.009535 1.894766
-0.024326 -0.009497 1.892517
-0.024331 -0.037248 1.890283
-0.000000 -0.037657 1.892551
-0.034079 -0.061310 1.878583
-0.035453 -0.057997 1.876542
-0.024351 -0.063686 1.884699
-0.000000 -0.064629 1.887064
-0.034658 -0.124565 1.825532
-0.033564 -0.131523 1.802406
-0.033997 -0.126131 1.826275
-0.033887 -0.129681 1.801957
-0.000000 0.153449 1.769638
-0.000000 0.155698 1.771781
-0.000000 0.150647 1.789041
-0.027133 -0.101404 1.866428
-0.025988 -0.085833 1.873801
-0.032311 -0.109069 1.864765
-0.026388 0.131598 1.821529
-0.027485 0.137512 1.809289
-0.026268 0.105932 1.851309
-0.026367 0.120538 1.836918
-0.026208 0.066363 1.875438
-0.026220 0.087633 1.864425
-0.026200 0.017600 1.887961
-0.026207 0.042963 1.883358
-0.026171 -0.009423 1.889197
-0.026114 -0.036711 1.887004
-0.026038 -0.062715 1.881514
-0.087232 0.090563 1.770860
-0.091054 0.082699 1.772722
-0.092805 0.080537 1.769823
-0.090565 0.085771 1.766185
-0.084250 0.096742 1.765750
-0.076600 0.108885 1.765328
-0.076603 0.107393 1.773902
-0.082951 0.097915 1.771739
-0.067552 0.121186 1.764653
-0.056871 0.132571 1.763980
-0.068148 0.117993 1.776959
-0.057831 0.128144 1.780415
-0.057414 0.130477 1.772220
-0.044475 0.141944 1.763561
-0.043030 0.139830 1.759455
-0.046035 0.136580 1.783837
-0.033064 0.143556 1.786803
-0.045224 0.139367 1.773682
-0.031430 0.146261 1.774264
-0.030597 0.148998 1.763241
-0.015592 0.153557 1.762862
-0.000000 0.155185 1.762666
-0.015889 0.151765 1.769851
-0.000000 0.153449 1.769638
-0.033894 -0.130126 1.796245
-0.034741 -0.128407 1.797547
-0.084848 -0.087713 1.830474
-0.072011 -0.100774 1.837519
-0.084233 -0.086287 1.833256
-0.071466 -0.099254 1.840261
-0.054855 -0.112236 1.843859
-0.054683 -0.110482 1.846480
-0.035543 -0.119566 1.847726
-0.035569 -0.117523 1.850589
-0.034803 -0.120128 1.849855
-0.035569 -0.117523 1.850589
-0.035543 -0.119566 1.847726
-0.034999 -0.117736 1.852248
-0.106282 -0.045850 1.807912
-0.095435 -0.072722 1.822469
-0.105560 -0.044591 1.810752
-0.094768 -0.071371 1.825277
-0.110539 -0.025823 1.796911
-0.109751 -0.024565 1.799722
-0.112411 0.009423 1.777881
-0.112173 -0.007284 1.786802
-0.111513 0.010761 1.780598
-0.111319 -0.005988 1.789558
-0.111109 0.026619 1.768984
-0.110146 0.027966 1.771691
-0.105113 0.065430 1.759184
-0.107944 0.044243 1.764896
-0.103965 0.066972 1.761936
-0.109093 0.042472 1.762147
-0.102035 0.075017 1.749997
-0.032799 -0.124901 1.853901
-0.016917 -0.128927 1.856332
-0.032786 -0.123091 1.856494
-0.017548 -0.127010 1.858854
-0.000000 -0.128561 1.859915
-0.000000 -0.130270 1.857246
-0.106219 0.049678 1.744262
-0.041969 0.137623 1.757054
-0.040964 0.135463 1.756640
-0.016696 -0.133938 1.829581
-0.032442 -0.129812 1.828021
-0.000000 -0.135316 1.830049
-0.032302 -0.134295 1.802762
-0.032626 -0.133640 1.800553
-0.016692 -0.138117 1.800497
-0.016549 -0.138562 1.802736
-0.000000 -0.139980 1.800396
-0.000000 -0.139983 1.802805
-0.017434 -0.136528 1.797478
-0.000000 -0.138240 1.797762
-0.031521 -0.130226 1.794414
-0.017168 -0.134835 1.795154
-0.000000 -0.136662 1.795682
-0.035005 -0.126477 1.792258
-0.032849 -0.127452 1.790897
-0.036097 -0.125671 1.796592
-0.030990 -0.131278 1.782973
-0.031521 -0.130226 1.794414
-0.032849 -0.127452 1.790897
-0.032757 -0.127728 1.783350
-0.000000 -0.136662 1.795682
-0.017168 -0.134835 1.795154
-0.016402 -0.135747 1.782444
-0.000000 -0.137559 1.782229
-0.034045 -0.127667 1.777727
-0.032422 -0.131000 1.776855
-0.038329 -0.125885 1.771197
-0.037231 -0.129030 1.769885
-0.047120 -0.121303 1.762123
-0.046700 -0.124361 1.760301
-0.016932 -0.136573 1.765483
-0.000000 -0.138430 1.765706
-0.020750 -0.136445 1.747676
-0.039298 -0.129280 1.740184
-0.049985 -0.118341 1.794818
-0.035005 -0.126477 1.792258
-0.036097 -0.125671 1.796592
-0.044102 -0.122247 1.784351
-0.065361 -0.106284 1.790808
-0.059085 -0.112434 1.776790
-0.074568 -0.102085 1.746023
-0.064428 -0.108539 1.752623
-0.073140 -0.099550 1.749516
-0.064982 -0.111285 1.749887
-0.055329 -0.118813 1.754373
-0.055330 -0.115770 1.756942
-0.051717 -0.122335 1.733760
-0.063751 -0.114148 1.729516
-0.074822 -0.104498 1.725907
-0.061862 -0.116373 1.708392
-0.074318 -0.106712 1.704727
-0.048519 -0.124687 1.712249
-0.102144 -0.045261 1.731059
-0.096425 -0.060670 1.738524
-0.100326 -0.044646 1.734488
-0.098443 -0.062094 1.734951
-0.091274 -0.073247 1.741662
-0.093292 -0.075121 1.738164
-0.102513 -0.030213 1.730910
-0.104350 -0.030383 1.727727
-0.084610 -0.089496 1.742430
-0.083010 -0.087161 1.745553
-0.093270 -0.080494 1.725651
-0.084569 -0.092730 1.724674
-0.091942 -0.084064 1.702413
-0.084537 -0.095022 1.703032
-0.029686 -0.140469 1.712287
-0.018151 -0.144076 1.718104
-0.034261 -0.132656 1.721804
-0.015968 -0.138100 1.730085
-0.007553 -0.145607 1.720360
-0.000000 -0.139637 1.732363
-0.000000 -0.145918 1.720744
-0.000000 -0.139050 1.748246
-0.041611 -0.135077 1.704253
-0.052412 -0.128135 1.697461
-0.062824 -0.121069 1.694722
-0.095338 -0.087092 1.690049
-0.087244 -0.098434 1.691604
-0.076000 -0.110457 1.692768
-0.028162 -0.140935 1.709305
-0.016573 -0.142970 1.710500
-0.017506 -0.144307 1.714263
-0.026270 -0.140297 1.706410
-0.006921 -0.145883 1.716555
-0.006141 -0.144533 1.712819
-0.000000 -0.146144 1.716925
-0.000000 -0.144759 1.713160
-0.039892 -0.135467 1.700388
-0.037502 -0.134271 1.696830
-0.047588 -0.126944 1.689661
-0.050616 -0.128677 1.693128
-0.092109 -0.086055 1.682738
-0.084117 -0.096743 1.684558
-0.086492 -0.098334 1.687630
-0.094609 -0.087181 1.686035
-0.075032 -0.109966 1.688902
-0.072681 -0.107819 1.686034
-0.062082 -0.120601 1.690392
-0.059942 -0.117985 1.687198
-0.103288 -0.071414 1.683769
-0.100590 -0.070596 1.680098
-0.109403 -0.051288 1.680362
-0.106889 -0.050777 1.676569
-0.112526 -0.034177 1.677250
-0.109249 -0.034934 1.673542
-0.104819 -0.031283 1.694037
-0.109605 -0.051133 1.684758
-0.103499 -0.049135 1.696124
-0.112648 -0.032427 1.681872
-0.100636 -0.067010 1.700699
-0.103616 -0.071116 1.688200
-0.101644 -0.070294 1.704486
-0.099468 -0.065276 1.725853
-0.100804 -0.069557 1.723326
-0.101798 -0.046637 1.723448
-0.104027 -0.030350 1.719660
-0.072363 -0.099429 1.770075
-0.076237 -0.094412 1.786418
-0.085335 -0.080720 1.781411
-0.084116 -0.083961 1.764653
-0.093100 -0.067757 1.758356
-0.096884 -0.056095 1.771408
-0.097439 -0.056483 1.755093
-0.102570 -0.037171 1.763642
-0.101401 -0.040855 1.749794
-0.105202 -0.018923 1.756449
-0.101481 -0.024857 1.746492
-0.104155 0.007034 1.734417
-0.105938 -0.002756 1.750264
-0.105572 0.011229 1.744535
-0.103625 -0.007527 1.740147
-0.107587 -0.029083 1.695728
-0.106243 -0.028743 1.719553
-0.110190 -0.030357 1.688580
-0.115214 -0.031014 1.683610
-0.107973 -0.016082 1.692594
-0.110911 -0.017155 1.685148
-0.107812 -0.012295 1.716088
-0.116567 -0.017682 1.680152
-0.122860 -0.025504 1.677446
-0.122820 -0.017186 1.674623
-0.121105 -0.030616 1.679804
-0.122660 -0.029119 1.678118
-0.120271 -0.032337 1.677479
-0.121647 -0.030473 1.675955
-0.121694 -0.025827 1.674554
-0.121396 -0.018306 1.672074
-0.106082 -0.028756 1.730633
-0.102893 -0.029734 1.732507
-0.108448 -0.009300 1.727100
-0.103605 -0.009686 1.728323
-0.104806 0.021309 1.739002
-0.103433 0.019329 1.729843
-0.105172 0.005021 1.725223
-0.108156 0.005562 1.723623
-0.103370 0.019983 1.720984
-0.106355 0.020050 1.719572
-0.105818 0.024091 1.717409
-0.102108 0.028138 1.715888
-0.105209 0.027497 1.714476
-0.102691 0.024591 1.719163
-0.100943 0.035926 1.708081
-0.103762 0.034920 1.706545
-0.100185 0.037911 1.704944
-0.103015 0.036904 1.703707
-0.107861 0.002179 1.713309
-0.107799 -0.004306 1.689700
-0.110318 -0.005523 1.681484
-0.116087 -0.006200 1.675735
-0.122379 -0.007500 1.670929
-0.120694 -0.008535 1.667970
-0.121252 0.004354 1.664292
-0.119879 0.002681 1.662183
-0.119664 0.014909 1.657626
-0.118064 0.013875 1.655273
-0.117512 0.025711 1.651485
-0.115957 0.024202 1.649052
-0.112060 0.016685 1.663403
-0.109681 0.027009 1.657578
-0.114414 0.005184 1.669920
-0.104448 0.029684 1.665463
-0.106973 0.018567 1.670703
-0.108820 0.006560 1.676478
-0.101349 0.034233 1.676292
-0.105152 0.021717 1.680938
-0.106748 0.008992 1.685049
-0.106413 0.016002 1.708403
-0.105174 0.024786 1.704816
-0.102893 0.036209 1.697498
-0.104099 0.039678 1.717639
-0.105661 0.040724 1.721192
-0.101451 0.038407 1.717211
-0.105153 0.032708 1.723625
-0.106019 0.027574 1.728745
-0.107762 0.030461 1.730498
-0.106811 0.034874 1.725971
-0.103258 0.027202 1.728826
-0.102445 0.031894 1.723728
-0.104045 0.024995 1.735237
-0.103258 0.027202 1.728826
-0.102445 0.031894 1.723728
-0.101451 0.038407 1.717211
-0.099986 0.037253 1.696999
-0.059008 0.114511 1.615043
-0.071238 0.099331 1.623882
-0.065054 0.101902 1.629292
-0.050352 0.118715 1.618322
-0.087943 0.069405 1.641230
-0.094583 0.055039 1.649904
-0.083167 0.072185 1.648710
-0.090103 0.058038 1.657918
-0.069524 0.110373 1.610900
-0.078990 0.097253 1.618341
-0.094799 0.067971 1.634063
-0.101260 0.053029 1.642598
-0.078834 0.106542 1.607708
-0.086913 0.095402 1.613382
-0.102317 0.067551 1.628374
-0.108951 0.052134 1.636829
-0.114649 0.035975 1.645776
-0.106776 0.037326 1.651683
-0.100372 0.039562 1.659357
-0.095860 0.042648 1.667841
-0.094678 0.082056 1.620397
-0.087222 0.082853 1.625980
-0.080298 0.084077 1.632579
-0.074853 0.086735 1.639339
-0.029392 0.135340 1.607239
-0.042435 0.129810 1.604833
-0.058570 0.122217 1.602946
-0.074980 0.111212 1.604850
-0.099437 0.034896 1.678103
-0.065878 0.105821 1.630654
-0.050511 0.122855 1.619732
-0.030252 0.138962 1.608593
-0.092072 0.060941 1.660230
-0.085871 0.075635 1.650740
-0.077126 0.089929 1.641169
-0.098740 0.035458 1.672881
-0.096758 0.045153 1.670436
-0.098638 0.038605 1.675908
-0.113501 0.033837 1.643492
-0.107403 0.051321 1.633359
-0.078612 0.104598 1.604564
-0.086254 0.093565 1.610377
-0.093546 0.080177 1.617267
-0.101146 0.066002 1.625271
-0.066924 0.117552 1.602122
-0.071050 0.114752 1.602892
-0.070774 0.113128 1.600143
-0.066048 0.116154 1.599655
-0.074552 0.109226 1.601879
-0.030591 0.132925 1.603799
-0.041435 0.128277 1.602105
-0.057152 0.121152 1.600680
-0.039951 0.125166 1.601849
-0.028858 0.129498 1.603755
-0.055504 0.118248 1.600690
-0.073194 0.107003 1.602352
-0.076501 0.102871 1.604660
-0.069367 0.110700 1.600553
-0.064158 0.114040 1.600031
-0.105274 0.048624 1.634325
-0.109997 0.033031 1.643511
-0.099128 0.063491 1.625916
-0.091495 0.078042 1.617902
-0.084178 0.091309 1.610687
-0.113223 0.023296 1.648954
-0.114999 0.013491 1.654964
-0.117137 0.002178 1.661961
-0.117966 -0.008728 1.667995
-0.118455 -0.018759 1.672152
-0.118365 -0.026193 1.674673
-0.118178 -0.029169 1.675565
-0.117736 -0.031326 1.676396
-0.113418 -0.031202 1.679683
-0.112527 -0.032288 1.676202
-0.109372 -0.032350 1.673408
-0.070580 0.103576 1.756662
-0.078325 0.091397 1.757141
-0.085868 0.078498 1.760881
-0.051367 0.125587 1.754762
-0.061581 0.115219 1.755751
-0.014025 0.144593 1.753021
-0.000000 0.146023 1.752782
-0.028304 0.140631 1.753523
-0.040214 0.134324 1.754099
-0.049554 0.119670 1.752200
-0.058597 0.111279 1.752804
-0.038349 0.127283 1.751406
-0.026101 0.132932 1.750603
-0.012167 0.136841 1.750456
-0.000000 0.137680 1.750233
-0.067573 0.100175 1.753364
-0.075621 0.088231 1.753979
-0.080602 0.080077 1.754214
-0.083969 0.079034 1.756889
-0.012167 0.136841 1.750456
-0.000000 0.137844 1.731919
-0.014131 0.136499 1.731570
-0.000000 0.137680 1.750233
-0.026101 0.132932 1.750603
-0.033395 0.130093 1.736107
-0.049554 0.119670 1.752200
-0.038349 0.127283 1.751406
-0.049614 0.120067 1.739381
-0.067573 0.100175 1.753364
-0.075696 0.089728 1.745800
-0.075621 0.088231 1.753979
-0.063272 0.106405 1.742152
-0.058597 0.111279 1.752804
-0.080602 0.080077 1.754214
-0.078748 0.084637 1.747248
-0.081353 0.079582 1.753014
-0.080602 0.080077 1.754214
-0.083748 0.078726 1.754210
-0.083969 0.079034 1.756889
-0.081353 0.079582 1.753014
-0.076943 0.091127 1.744686
-0.063272 0.106405 1.742152
-0.064936 0.107902 1.740955
-0.075696 0.089728 1.745800
-0.080669 0.085460 1.746142
-0.078748 0.084637 1.747248
-0.035303 0.133131 1.734770
-0.049614 0.120067 1.739381
-0.033395 0.130093 1.736107
-0.051446 0.122575 1.737887
-0.052887 0.123588 1.733770
-0.066046 0.108281 1.737695
-0.037120 0.134623 1.729867
-0.081881 0.085155 1.743919
-0.078065 0.091244 1.741979
-0.085569 0.076525 1.751129
-0.066858 0.109405 1.736704
-0.053669 0.124728 1.732866
-0.037894 0.135766 1.729059
-0.082996 0.086126 1.742809
-0.078913 0.092350 1.741011
-0.087367 0.077149 1.749811
-0.006596 0.137627 1.722466
-0.000000 0.137970 1.720962
-0.007453 0.143508 1.719399
-0.010121 0.145096 1.715192
-0.011956 0.144769 1.716299
-0.014131 0.136499 1.731570
-0.015173 0.141357 1.729542
-0.016894 0.140778 1.730711
-0.019434 0.141933 1.725599
-0.017722 0.142551 1.724428
-0.012816 0.146290 1.714685
-0.011030 0.146694 1.713482
-0.019722 0.143570 1.724245
-0.000000 0.137970 1.720962
-0.000000 0.144236 1.717935
-0.006596 0.137627 1.722466
-0.000000 0.145612 1.713936
-0.000000 0.147565 1.712263
-0.046882 0.133481 1.712443
-0.056833 0.124177 1.726096
-0.042641 0.135034 1.720763
-0.059630 0.123243 1.719305
-0.071948 0.109598 1.725006
-0.069603 0.109671 1.730898
-0.082934 0.094272 1.730178
-0.081176 0.093508 1.735678
-0.088668 0.084698 1.733096
-0.086165 0.085639 1.738061
-0.094899 0.071508 1.738577
-0.091910 0.073975 1.743836
-0.029928 0.141836 1.714930
-0.036143 0.140215 1.703623
-0.020655 0.145648 1.704148
-0.028156 0.144112 1.693671
-0.000000 0.148691 1.690979
-0.013285 0.147311 1.702449
-0.000000 0.148439 1.701564
-0.015427 0.147404 1.691527
-0.015115 0.147384 1.679253
-0.000000 0.148607 1.678799
-0.027388 0.144069 1.681074
-0.000000 0.148354 1.663381
-0.013917 0.146644 1.636802
-0.014677 0.147116 1.663717
-0.000000 0.147908 1.636671
-0.025551 0.143714 1.637564
-0.026438 0.144068 1.665123
-0.013004 0.145846 1.606167
-0.000000 0.147101 1.606273
-0.024384 0.142720 1.606208
-0.051284 0.129127 1.695350
-0.063875 0.117345 1.701126
-0.038353 0.138099 1.688052
-0.084523 0.089572 1.712360
-0.091377 0.077074 1.717948
-0.075066 0.103716 1.706583
-0.096569 0.064415 1.724476
-0.041604 0.134901 1.670143
-0.055897 0.123264 1.675372
-0.068227 0.109836 1.681391
-0.078373 0.096078 1.688011
-0.087127 0.081922 1.694932
-0.093420 0.068540 1.702053
-0.097475 0.056109 1.709753
-0.095255 0.058258 1.685781
-0.098359 0.045926 1.693522
-0.089963 0.072305 1.677516
-0.082151 0.086855 1.669393
-0.072602 0.101028 1.661361
-0.060897 0.115664 1.653288
-0.046114 0.129909 1.646099
-0.012501 0.144020 1.604333
-0.000000 0.145023 1.604316
-0.023882 0.140329 1.604772
-0.011618 0.140561 1.604479
-0.000000 0.141529 1.604573
-0.023235 0.137180 1.605400
-0.026702 0.135226 1.606539
-0.026795 0.130767 1.604894
-0.027499 0.133641 1.604865
-0.025033 0.131461 1.608338
-0.011338 0.138703 1.608988
-0.000000 0.139770 1.608737
-0.022250 0.135768 1.610338
-0.022405 0.132945 1.611440
-0.022835 -0.120670 1.689324
-0.020641 -0.126062 1.696626
-0.023814 -0.126179 1.698335
-0.026378 -0.119538 1.689352
-0.024760 -0.113389 1.681111
-0.021440 -0.115392 1.682219
-0.017642 -0.131138 1.705068
-0.015284 -0.130341 1.702433
-0.016061 -0.121887 1.696969
-0.011872 -0.125214 1.701509
-0.017858 -0.117839 1.691411
-0.007560 -0.107643 1.677789
-0.000000 -0.106602 1.676290
-0.000000 -0.117398 1.690794
-0.013340 -0.110138 1.681162
-0.016946 -0.113714 1.685838
-0.017142 -0.111029 1.676295
-0.019913 -0.108801 1.674903
-0.009861 -0.107908 1.671988
-0.007576 -0.133081 1.706136
-0.005852 -0.127352 1.704410
-0.000000 -0.133913 1.707239
-0.000000 -0.127994 1.705280
-0.000000 -0.135254 1.710606
-0.008755 -0.134296 1.709335
-0.000000 -0.106617 1.670136
-0.011496 -0.105261 1.670007
-0.000000 -0.103774 1.667861
-0.014813 -0.139107 1.710670
-0.006220 -0.140424 1.712408
0.000000 -0.140524 1.712704
-0.006220 -0.140424 1.712408
0.000000 -0.140524 1.712704
-0.014813 -0.139107 1.710670
-0.023868 -0.136335 1.707043
-0.023868 -0.136335 1.707043
-0.034689 -0.130410 1.699684
-0.045856 -0.123802 1.691049
-0.070340 -0.105119 1.687495
-0.057393 -0.115451 1.689103
-0.081167 -0.094293 1.685316
-0.088474 -0.084211 1.684012
-0.097080 -0.068389 1.681217
-0.102583 -0.050135 1.678180
-0.104709 -0.035112 1.676639
-0.104618 -0.030161 1.676631
-0.034689 -0.130410 1.699684
-0.045856 -0.123802 1.691049
-0.017022 -0.102028 1.667781
-0.022894 -0.104241 1.670558
-0.008712 -0.100425 1.665571
-0.000000 -0.100286 1.665065
-0.032080 -0.110913 1.678054
-0.028247 -0.107568 1.674411
-0.036138 -0.116576 1.683479
-0.063802 0.093263 1.632588
-0.072001 0.081168 1.638356
-0.054333 0.105293 1.627247
-0.088880 0.052743 1.650414
-0.095606 0.037736 1.657026
-0.080514 0.067424 1.644105
-0.102621 0.017056 1.666173
-0.105222 0.004972 1.671566
-0.100280 0.026231 1.662301
-0.106975 -0.005155 1.675899
-0.108189 -0.015943 1.679441
-0.108709 -0.023474 1.681396
-0.080514 0.067424 1.644105
-0.072001 0.081168 1.638356
-0.062446 0.073608 1.634534
-0.071456 0.061338 1.638884
-0.054035 0.084469 1.630696
-0.063802 0.093263 1.632588
-0.054333 0.105293 1.627247
-0.044218 0.094532 1.625942
-0.100280 0.026231 1.662301
-0.083864 0.033131 1.649472
-0.087749 0.020654 1.652308
-0.095606 0.037736 1.657026
-0.088880 0.052743 1.650414
-0.078330 0.046890 1.644416
-0.092611 -0.010570 1.657158
-0.108189 -0.015943 1.679441
-0.106975 -0.005155 1.675899
-0.093112 -0.024135 1.658928
-0.091524 0.000465 1.655569
-0.105222 0.004972 1.671566
-0.089752 0.011451 1.653798
-0.102621 0.017056 1.666173
-0.106257 -0.028607 1.677498
-0.109949 -0.030588 1.674916
-0.111916 -0.030539 1.676693
-0.108685 -0.028901 1.680946
-0.112713 -0.029819 1.679870
-0.108985 -0.028682 1.682333
-0.073084 -0.086701 1.679115
-0.062315 -0.096172 1.680602
-0.070340 -0.105119 1.687495
-0.081167 -0.094293 1.685316
-0.048535 -0.106858 1.681350
-0.057393 -0.115451 1.689103
-0.088474 -0.084211 1.684012
-0.079387 -0.078623 1.677336
-0.086108 -0.065261 1.670562
-0.097080 -0.068389 1.681217
-0.102583 -0.050135 1.678180
-0.104709 -0.035112 1.676639
-0.090193 -0.049934 1.664310
-0.092624 -0.036361 1.661687
-0.108709 -0.023474 1.681396
-0.108685 -0.028901 1.680946
-0.108985 -0.028682 1.682333
-0.106257 -0.028607 1.677498
-0.104618 -0.030161 1.676631
-0.069192 -0.071141 1.668932
-0.062895 -0.077848 1.670300
-0.050336 -0.086592 1.672475
-0.039137 -0.095312 1.673000
-0.028676 -0.097738 1.671094
-0.007155 -0.094857 1.665190
0.000000 -0.094495 1.664777
-0.017634 -0.096497 1.667246
-0.083515 -0.034748 1.661478
-0.083672 -0.022876 1.659182
-0.083447 -0.010521 1.656771
-0.082559 -0.001215 1.655148
-0.080781 -0.048891 1.664306
-0.075999 -0.062304 1.667000
-0.081328 0.009452 1.653378
-0.078624 0.019412 1.652095
-0.100983 0.042509 1.716635
-0.099075 0.058719 1.732192
-0.096006 0.073303 1.749690
-0.097286 0.064361 1.741769
-0.097286 0.064361 1.741769
-0.098790 0.057163 1.751258
-0.098790 0.057163 1.751258
-0.088962 0.073740 1.751898
-0.086701 0.074205 1.752869
-0.092751 0.068156 1.755700
-0.085868 0.078498 1.760881
-0.092751 0.068156 1.755700
-0.045871 0.114324 1.621737
-0.045871 0.114324 1.621737
-0.034291 0.103515 1.621884
-0.027518 0.129654 1.613130
0.000000 0.136515 1.610009
-0.010921 0.135415 1.610285
-0.011338 0.138703 1.608988
-0.000000 0.139770 1.608737
-0.022405 0.132945 1.611440
-0.022250 0.135768 1.610338
-0.027518 0.129654 1.613130
-0.021467 0.112246 1.618805
-0.011095 0.117480 1.617167
0.000000 0.119803 1.616482
-0.033580 0.100585 1.620696
-0.043490 0.092992 1.624107
-0.020635 0.108940 1.617267
-0.009561 0.114677 1.615334
-0.000000 0.117487 1.614775
-0.077260 0.045479 1.640870
-0.081696 0.030743 1.646094
-0.069417 0.060007 1.635937
-0.061516 0.071543 1.632356
-0.052951 0.082660 1.628874
-0.058218 0.068971 1.632242
-0.065553 0.056625 1.636559
-0.073120 0.042517 1.640097
-0.077713 0.028946 1.645522
-0.049920 0.079856 1.629432
-0.039175 0.089828 1.624986
-0.000000 0.114244 1.616420
-0.008794 0.112110 1.617173
-0.019161 0.106133 1.618559
-0.030015 0.097651 1.621786
-0.070199 0.018283 1.658503
-0.066935 0.027169 1.653394
-0.071245 0.008459 1.659619
-0.072355 -0.001837 1.662208
-0.072837 -0.012280 1.663672
-0.072535 -0.021987 1.665205
-0.071638 -0.032773 1.667657
-0.069166 -0.043156 1.670225
-0.065241 -0.054811 1.672105
-0.031302 -0.084553 1.675486
-0.043320 -0.076526 1.673397
-0.053585 -0.068709 1.671923
-0.059068 -0.061588 1.672220
-0.025408 -0.086291 1.671796
-0.017100 -0.086026 1.669838
-0.007287 -0.085713 1.668950
0.000000 -0.085403 1.668775
-0.000000 0.110543 1.626396
-0.006864 0.108795 1.627266
-0.016423 0.102606 1.628295
-0.024648 0.093287 1.630424
-0.031813 0.085171 1.634368
-0.039112 0.076188 1.636605
-0.047188 0.065565 1.640467
-0.056085 0.052798 1.645448
-0.062260 0.038025 1.649390
0.000000 0.112460 1.664861
-0.012483 0.104437 1.665158
-0.022397 0.088556 1.664290
-0.036787 0.074253 1.669157
-0.055726 0.052097 1.678734
-0.064063 0.025936 1.684567
-0.070065 0.006710 1.688184
-0.069684 -0.013243 1.692388
-0.066824 -0.034022 1.695655
-0.056296 -0.051782 1.699787
-0.042354 -0.065081 1.700873
-0.000000 -0.085806 1.705441
-0.013390 -0.083018 1.703431
-0.025356 -0.077383 1.699106
-0.012483 0.104437 1.665158
0.000000 0.112460 1.664861
-0.000000 0.003857 1.686545
-0.036787 0.074253 1.669157
-0.022397 0.088556 1.664290
-0.064063 0.025936 1.684567
-0.055726 0.052097 1.678734
-0.070065 0.006710 1.688184
-0.066824 -0.034022 1.695655
-0.069684 -0.013243 1.692388
-0.056296 -0.051782 1.699787
-0.042354 -0.065081 1.700873
-0.000000 -0.085806 1.705441
-0.013390 -0.083018 1.703431
-0.025356 -0.077383 1.699106
0 1
0 2
0 3
1 2
2 3
4 5
4 6
4 7
5 6
5 7
8 9
8 10
8 11
9 10
10 11
12 13
12 14
12 15
13 14
13 15
16 17
16 18
17 18
17 19
18 19
20 21
20 22
20 23
21 22
21 23
24 25
24 26
24 27
25 26
25 29
26 27
26 28
26 29
26 33
26 37
26 38
26 39
26 40
26 41
26 45
26 46
26 48
27 28
29 33
30 31
30 32
30 34
30 35
30 190
30 194
31 32
31 35
31 58
31 60
31 382
32 194
32 203
32 205
32 206
32 382
33 37
34 35
34 36
34 170
34 190
35 36
35 60
35 61
35 395
36 167
36 170
36 395
37 38
38 39
39 40
40 41
41 45
42 43
42 44
42 47
42 213
42 223
42 224
42 229
42 396
43 44
43 47
43 66
43 71
43 167
43 395
44 167
44 168
44 229
45 46
46 48
47 71
47 72
47 396
49 50
49 51
49 55
49 56
49 57
50 51
50 55
50 64
50 109
51 64
51 65
52 53
52 54
52 381
52 383
53 54
53 58
53 59
53 85
53 381
54 85
54 89
55 56
55 107
55 109
56 57
56 62
56 106
56 107
57 62
57 63
58 59
58 60
58 381
58 382
59 60
59 61
59 67
59 84
59 85
60 61
61 66
61 67
61 395
62 63
62 106
64 65
64 69
64 109
64 112
65 69
65 73
66 67
66 68
66 70
66 71
66 395
67 68
67 80
67 84
68 70
68 80
69 73
69 74
69 112
69 114
70 71
70 72
70 78
70 80
70 115
70 129
70 134
71 72
72 78
72 243
72 396
73 74
73 79
74 76
74 79
74 114
74 118
75 76
75 77
75 79
75 81
76 77
76 79
76 118
77 81
77 82
77 118
77 119
78 134
78 139
78 241
78 243
80 84
80 100
80 129
81 82
81 83
81 90
82 83
82 119
83 86
83 87
83 90
83 96
83 97
83 119
84 85
84 88
84 100
85 88
85 89
86 87
86 90
86 91
87 91
87 92
87 97
87 98
87 102
88 89
88 99
88 100
88 101
89 99
91 92
91 93
92 93
92 94
92 95
92 102
92 103
93 94
94 95
95 103
95 104
96 97
96 119
96 121
96 125
97 98
97 125
97 126
98 102
98 123
98 126
99 101
100 101
100 105
100 129
101 105
101 108
102 103
102 122
102 123
103 104
103 122
103 124
104 124
105 108
105 110
105 111
105 129
106 107
106 195
106 263
106 323
107 109
107 195
108 111
108 113
109 112
109 195
109 196
110 111
110 115
110 129
111 113
111 115
111 116
112 114
112 191
112 192
112 196
112 207
113 116
113 117
114 118
114 191
114 193
115 116
115 129
115 134
115 135
116 117
116 120
116 135
116 234
117 120
118 119
118 189
118 193
119 121
119 189
120 234
120 355
120 357
121 125
121 130
121 189
121 225
122 123
122 124
122 132
122 133
123 126
123 127
123 133
124 131
124 132
125 126
125 128
125 130
126 127
126 128
127 128
127 133
127 140
127 149
127 231
127 232
128 130
128 228
128 232
130 225
130 228
131 132
131 136
132 133
132 136
132 137
132 138
132 140
133 140
134 135
134 139
135 139
135 234
136 137
136 141
137 138
137 141
138 140
139 234
139 241
139 354
140 149
142 143
142 144
142 145
142 330
142 334
143 144
143 329
143 330
144 145
144 146
145 146
145 147
145 334
145 422
146 147
146 148
146 150
147 148
147 420
147 422
148 150
148 151
148 420
148 421
149 231
150 151
150 244
151 244
151 245
151 417
151 418
151 421
152 153
152 154
152 155
152 165
152 172
152 177
152 182
153 154
153 155
154 165
155 182
155 393
155 394
156 157
156 158
156 162
156 163
157 158
157 159
157 160
158 159
158 161
158 162
159 160
159 161
161 162
161 346
161 353
162 163
162 164
162 346
163 164
163 166
164 166
164 169
164 342
164 346
165 171
165 172
166 169
166 183
167 168
167 170
167 178
167 395
168 178
168 229
168 230
169 183
169 186
169 187
169 342
169 344
170 178
170 190
171 172
171 179
171 462
171 463
172 177
172 179
173 174
173 175
173 208
173 243
173 345
173 396
174 175
174 176
174 180
174 208
174 209
175 176
175 184
175 185
175 241
175 345
175 354
175 720
176 180
176 712
176 720
176 726
177 179
177 181
177 182
177 704
179 181
179 456
179 463
180 209
180 712
180 853
181 455
181 456
181 581
181 704
182 393
182 704
183 186
183 188
184 185
184 354
184 355
184 362
184 365
185 365
185 719
185 720
186 187
186 188
186 429
186 434
186 441
186 470
187 344
187 429
187 430
188 441
188 442
189 193
189 198
189 199
189 201
189 225
189 227
190 194
191 192
191 193
191 201
191 202
192 202
192 204
192 207
193 201
194 203
195 196
195 197
195 262
195 263
196 197
196 207
197 262
197 266
198 199
198 200
198 201
199 200
199 227
201 202
202 204
203 206
204 207
205 206
205 382
205 384
208 209
208 213
208 214
208 396
209 214
209 221
209 853
210 211
210 212
210 233
211 212
211 215
211 217
211 218
212 215
212 233
212 235
212 411
212 413
212 414
213 214
213 216
213 224
213 396
213 621
214 216
214 220
214 221
215 218
215 222
215 271
215 411
216 219
216 220
216 621
217 218
218 222
218 295
218 296
219 220
219 621
220 221
220 865
221 853
221 865
222 271
222 274
222 296
223 224
223 226
223 229
223 230
224 226
224 621
224 625
225 227
225 228
226 230
226 625
228 232
229 230
231 232
233 235
233 236
233 237
234 354
234 355
235 236
235 414
235 415
236 237
236 242
236 415
236 416
237 238
237 242
238 239
238 240
238 242
239 240
239 242
239 245
239 419
240 244
240 245
241 243
241 345
241 354
242 416
242 419
243 345
243 396
244 245
245 417
245 419
246 247
246 248
246 305
246 306
246 314
247 248
247 249
247 306
248 249
248 314
248 315
248 405
248 406
249 406
249 410
250 251
250 252
250 259
251 252
251 253
251 256
251 257
251 259
252 253
252 258
252 259
252 308
252 309
252 378
252 379
253 308
254 255
254 256
254 264
254 265
254 316
255 256
255 257
255 265
256 257
256 258
256 259
256 316
258 259
258 260
258 261
258 316
258 378
260 261
260 267
260 268
260 316
261 268
262 263
262 266
262 322
262 327
263 323
263 324
263 327
264 265
264 269
264 272
264 273
264 316
265 273
266 318
266 319
266 322
267 268
267 269
267 316
268 269
268 270
269 270
269 272
269 278
269 316
270 278
271 274
271 411
271 412
271 486
271 505
272 273
272 278
272 279
272 284
272 285
273 283
273 284
274 296
274 301
274 505
274 509
274 510
275 276
275 277
275 292
275 293
275 310
276 277
276 280
276 281
276 310
276 525
276 526
277 293
277 304
277 510
277 525
278 279
279 285
279 286
280 281
280 282
280 310
280 311
280 317
281 282
281 289
281 290
281 526
281 527
282 317
282 321
283 284
283 285
283 287
283 297
283 332
284 285
285 286
285 287
286 287
286 288
287 288
287 297
287 298
288 298
289 290
289 527
289 528
291 292
291 293
291 294
291 307
292 293
292 294
292 310
293 304
293 307
294 310
294 311
295 296
295 299
296 299
296 301
297 298
297 300
297 305
297 331
297 332
298 300
299 301
299 302
300 305
300 306
301 302
301 303
301 304
301 510
302 303
303 304
303 307
304 307
304 510
305 306
305 313
305 314
305 331
308 309
310 311
311 317
312 313
312 314
312 315
312 409
313 314
313 331
314 315
315 405
315 409
317 321
318 319
318 320
319 320
319 322
319 325
322 325
322 326
322 327
323 324
324 326
324 327
325 326
326 327
328 329
328 330
328 333
328 336
328 337
329 330
329 333
330 334
330 335
330 336
331 332
334 335
334 422
334 424
335 336
335 338
335 340
335 424
335 432
336 337
336 338
337 338
338 339
338 340
338 347
338 349
338 356
339 340
339 343
339 347
339 351
339 352
340 341
340 343
340 432
341 342
341 343
341 344
341 431
341 432
342 343
342 344
342 346
343 346
343 352
343 353
344 430
344 431
346 353
347 349
347 350
347 351
348 349
348 350
348 361
348 363
349 350
349 356
350 351
350 358
350 361
351 352
351 358
351 359
351 380
352 353
352 380
353 380
354 355
355 357
355 362
357 362
357 369
358 359
358 360
358 361
359 360
359 380
360 361
360 364
361 363
361 364
361 368
362 365
362 366
362 369
363 368
364 368
365 366
365 367
365 719
365 722
366 367
366 369
366 370
367 722
367 723
369 370
371 372
371 373
371 374
372 373
372 374
372 392
374 391
374 392
375 376
375 377
375 408
375 433
376 377
376 433
376 438
376 443
377 443
378 379
381 382
381 383
382 383
382 384
383 384
385 386
385 387
385 388
385 391
386 387
386 388
386 389
386 390
387 391
387 392
388 389
389 390
391 392
393 394
393 397
393 398
393 704
394 397
397 398
397 399
397 404
398 399
398 580
398 581
398 622
398 627
398 704
399 403
399 404
399 580
400 401
400 402
401 402
401 403
401 404
402 403
402 618
403 404
403 580
403 611
403 618
405 406
405 407
405 408
405 409
405 433
405 437
406 407
406 410
407 410
407 437
408 409
408 433
411 412
411 413
411 487
412 471
412 472
412 478
412 486
412 487
413 414
413 477
413 487
414 415
414 474
414 477
415 416
415 428
415 474
416 419
416 427
416 428
417 418
417 419
417 425
417 426
418 423
418 425
419 426
419 427
420 421
420 422
420 423
420 424
421 423
422 424
423 424
423 425
423 432
424 432
425 426
425 432
425 435
426 427
426 435
427 428
427 435
427 436
428 436
428 439
428 472
428 474
429 430
429 434
429 439
429 471
429 472
430 431
430 436
430 439
431 432
431 435
431 436
432 435
433 437
433 438
434 470
434 471
435 436
436 439
437 438
437 440
438 440
439 472
441 442
441 452
441 464
441 470
442 452
442 453
444 445
444 446
444 448
445 446
445 447
445 448
445 450
445 460
445 466
446 447
446 468
446 469
447 460
447 468
447 473
447 475
447 476
448 449
448 450
449 450
449 451
450 451
450 466
450 491
450 492
451 492
452 453
452 464
452 465
452 467
452 480
452 493
453 480
454 455
454 456
454 458
454 587
454 588
454 608
454 692
454 698
455 456
455 581
455 582
455 608
456 458
456 459
456 463
457 458
457 459
457 461
458 459
458 461
458 698
459 462
459 463
460 466
460 475
460 488
460 489
460 490
460 498
460 500
460 503
461 697
461 698
462 463
464 465
464 470
464 479
464 481
465 467
465 481
465 486
465 494
465 495
465 506
466 491
466 498
467 493
467 494
468 469
468 473
470 471
470 479
471 472
471 478
471 479
471 481
472 474
472 477
472 487
473 476
473 529
474 477
475 476
475 488
476 482
476 488
476 529
477 487
478 481
478 486
479 481
480 493
481 486
482 483
482 484
482 488
482 529
482 532
482 533
483 484
483 485
483 488
483 489
483 522
483 524
484 485
484 533
484 537
484 539
484 541
484 567
485 522
485 523
485 541
485 542
485 545
486 505
486 506
488 489
489 490
489 524
490 503
490 518
490 522
490 524
491 492
491 498
491 512
491 896
492 896
493 494
494 495
494 496
495 496
495 497
495 499
495 506
495 530
496 497
497 499
497 501
498 500
498 511
498 512
498 513
499 501
499 502
499 504
499 530
499 531
500 503
500 513
500 516
500 517
501 502
502 504
502 534
502 535
503 515
503 516
503 518
504 525
504 531
504 534
504 538
505 506
505 507
505 509
506 507
506 508
506 530
507 508
507 509
508 509
508 525
508 530
509 510
509 525
510 525
511 512
511 513
511 514
511 903
511 904
512 895
512 896
512 903
513 514
513 517
514 517
514 904
514 905
515 516
515 518
515 519
515 908
515 909
515 910
516 517
516 906
516 908
517 905
517 906
518 519
518 521
518 522
518 523
519 520
519 521
519 910
519 912
520 521
520 710
520 898
520 900
520 912
521 523
521 710
522 523
522 524
523 545
523 564
523 710
525 526
525 530
525 531
525 538
526 527
526 538
527 528
527 538
527 543
527 546
527 548
529 532
530 531
532 533
533 536
533 537
534 535
534 538
534 544
536 537
536 539
536 540
537 539
538 543
538 544
539 540
539 567
539 571
539 575
539 636
540 571
541 542
541 547
541 566
541 567
542 545
542 547
543 544
543 546
545 547
545 550
545 551
545 564
546 548
547 550
547 566
547 572
547 578
547 610
549 550
549 551
549 562
549 563
549 595
550 551
550 595
550 602
550 607
550 610
551 563
551 564
552 553
552 554
552 555
552 556
552 561
553 554
553 556
555 556
555 557
555 559
555 561
555 565
556 565
557 558
557 559
557 560
557 561
558 559
558 568
558 573
559 565
559 568
559 570
559 574
559 576
560 561
562 563
562 595
562 599
562 703
562 705
563 564
563 705
564 705
564 710
565 576
566 567
566 572
567 572
567 575
568 569
568 570
568 573
569 570
569 573
569 663
570 574
570 658
570 659
570 663
571 636
572 575
572 578
572 579
574 576
574 577
574 659
575 579
575 636
575 643
576 577
577 635
577 659
578 579
578 610
579 610
579 643
579 650
579 839
579 874
580 611
580 620
580 622
581 582
581 627
581 704
582 608
582 609
582 626
582 627
582 686
582 714
582 715
583 584
583 585
583 590
583 591
583 732
583 740
584 585
584 588
584 609
584 715
584 716
584 732
585 586
585 587
585 588
585 589
585 590
586 587
586 589
586 691
586 711
587 588
587 691
587 692
588 608
588 609
589 590
589 593
589 594
589 708
589 709
589 711
590 591
590 593
591 592
591 593
591 598
591 740
592 593
592 594
592 598
592 604
592 605
593 594
594 605
594 707
594 709
595 599
595 602
596 597
596 598
596 600
596 601
596 604
597 598
597 600
597 740
597 748
597 749
598 604
598 740
599 602
599 681
599 701
599 703
600 601
600 748
601 604
601 606
602 607
602 651
602 655
602 681
603 604
603 605
603 606
603 706
604 605
604 606
605 706
605 707
607 610
607 650
607 651
608 609
609 715
610 650
611 616
611 618
611 619
611 620
612 613
612 614
612 615
612 628
612 629
612 630
612 660
612 661
613 614
613 615
613 652
613 679
614 660
615 629
615 631
615 652
615 653
616 617
616 618
616 619
617 618
619 620
619 624
620 622
620 623
620 624
621 625
622 623
622 626
622 627
623 624
623 626
623 686
623 717
624 717
624 741
626 627
626 686
628 629
628 630
628 631
628 661
628 685
629 630
629 631
631 653
631 657
631 680
631 685
632 633
632 634
632 635
632 638
633 634
633 635
633 658
633 659
633 662
633 664
634 637
634 638
634 639
634 664
634 665
635 659
636 643
637 638
637 639
637 640
637 641
639 641
639 665
639 666
639 669
640 641
640 642
640 644
640 678
641 642
641 669
641 671
642 644
642 645
642 671
642 675
643 874
644 645
644 653
644 657
644 678
645 653
645 654
645 675
645 677
645 679
646 647
646 648
646 656
646 667
646 668
646 670
646 672
646 673
647 648
647 649
647 673
648 649
648 651
648 655
648 656
649 650
649 651
649 673
649 676
650 651
650 676
650 839
651 655
652 653
652 654
652 679
653 654
653 657
654 679
655 656
655 681
655 682
655 684
656 670
656 682
656 683
657 678
657 680
658 659
658 662
658 663
660 661
662 663
662 664
664 665
665 666
666 669
667 668
667 672
667 674
667 687
667 861
667 864
668 670
668 687
668 688
668 689
669 671
670 683
670 689
670 690
671 675
672 673
672 674
672 788
672 789
673 676
673 788
673 837
674 789
674 808
674 809
674 813
674 861
675 677
676 837
676 839
677 679
678 680
680 685
681 684
681 701
682 683
682 684
682 700
682 702
683 700
684 701
684 702
686 714
686 717
686 718
687 688
687 694
687 695
687 864
688 689
688 695
688 696
689 690
689 696
689 699
690 699
690 700
691 692
691 693
691 711
691 713
692 693
692 697
692 698
693 697
693 713
694 695
694 848
694 849
694 864
695 696
695 849
695 850
696 699
696 850
697 698
699 700
699 850
699 852
700 702
700 852
700 918
701 702
701 703
701 915
701 916
702 916
702 917
702 918
703 705
703 899
703 915
705 710
705 898
705 899
706 707
707 709
708 709
708 711
710 898
711 713
712 726
712 853
712 855
714 715
714 718
714 721
715 716
715 721
715 727
716 727
716 732
717 718
717 741
717 742
718 721
718 725
718 742
719 720
719 722
720 726
721 724
721 725
721 727
722 723
724 725
724 727
724 728
724 744
724 745
725 742
725 743
725 744
727 728
727 732
728 732
728 740
728 745
728 749
729 730
729 731
729 757
729 758
730 731
730 733
730 736
731 733
731 758
732 740
733 735
733 736
734 735
734 736
734 737
734 738
734 739
735 736
735 737
737 738
738 739
740 749
741 742
742 743
743 744
744 745
744 746
745 746
745 747
745 749
746 747
747 748
747 749
748 749
750 751
750 752
750 754
750 760
750 767
750 789
750 809
751 752
751 759
751 760
752 753
752 754
753 754
753 755
753 756
753 788
754 788
754 789
755 756
755 795
755 857
755 859
756 788
756 794
756 795
756 837
757 758
759 760
759 761
759 770
760 761
760 767
761 767
761 768
761 769
761 770
761 772
762 763
762 764
762 765
763 764
763 765
763 766
763 771
763 773
763 774
763 775
763 776
763 777
763 778
763 779
763 780
763 781
764 771
765 766
767 772
767 808
767 809
767 824
768 769
768 772
769 770
771 773
773 774
774 775
775 776
776 777
777 778
778 779
779 780
780 781
782 783
782 784
782 785
782 786
782 787
783 784
783 785
783 793
783 825
784 786
784 823
784 825
785 792
785 793
786 787
786 790
786 822
786 823
787 790
787 791
788 789
788 837
789 809
790 791
790 822
792 793
792 796
792 797
793 796
793 825
793 826
794 795
794 837
794 839
794 862
794 866
795 856
795 857
795 862
796 797
796 798
796 826
796 827
797 798
797 799
798 799
798 801
798 827
798 828
799 800
799 801
800 801
800 802
800 804
801 804
801 817
801 828
802 803
802 804
802 807
803 804
803 805
803 806
803 807
803 816
803 817
804 817
805 806
805 807
805 810
806 810
806 812
806 816
806 818
806 819
808 809
808 813
808 824
810 811
810 812
811 812
811 814
812 814
812 815
812 819
812 820
813 861
813 863
814 815
815 820
815 821
816 817
816 818
816 832
816 834
817 828
817 832
817 833
817 876
818 819
818 830
818 834
819 820
819 829
819 830
820 821
820 829
820 831
821 831
822 823
822 870
822 871
822 892
823 825
823 871
825 826
825 871
825 882
826 827
826 877
826 878
826 882
826 894
827 828
827 878
827 881
828 876
828 881
829 830
829 831
829 841
829 842
830 834
830 835
830 842
831 840
831 841
832 833
832 834
832 836
832 838
833 838
833 876
833 907
834 835
834 836
835 836
835 842
835 846
835 851
835 913
835 914
836 838
836 911
836 914
837 839
838 907
838 911
839 866
839 874
840 841
840 843
841 842
841 843
841 844
841 845
841 846
842 846
843 844
843 847
844 845
844 847
845 846
846 851
848 849
848 864
848 868
849 850
850 852
851 913
852 918
853 854
853 855
853 865
854 855
854 865
856 857
856 858
856 862
857 858
857 859
858 859
858 860
859 860
861 863
861 864
862 866
863 864
863 867
863 868
864 868
866 874
867 868
869 870
869 871
869 872
869 873
869 875
869 883
870 871
870 875
870 880
870 892
871 882
871 883
872 873
872 875
872 887
872 888
872 891
873 883
873 891
873 902
875 879
875 880
875 888
876 881
876 884
876 885
876 889
876 907
877 878
877 890
877 893
877 894
878 881
878 889
878 890
879 880
880 892
881 889
882 883
882 894
884 885
884 886
884 907
885 886
885 889
887 888
887 891
889 890
890 893
891 901
891 902
893 894
895 896
895 897
895 903
896 897
898 899
898 900
899 915
901 902
903 904
904 905
905 906
906 908
907 911
908 909
909 910
910 912
911 914
913 914
915 916
916 917
917 918
919 920
919 921
919 922
920 921
920 928
921 922
921 928
921 935
921 936
921 937
921 950
923 924
923 925
924 925
924 926
924 927
924 933
924 934
924 938
924 942
925 926
926 927
927 933
928 935
929 930
929 931
929 941
929 1091
929 1104
929 1330
930 931
930 932
930 1330
931 932
931 1104
931 1112
931 1129
932 1129
932 1320
933 934
934 938
935 936
936 937
937 950
938 942
939 940
939 941
939 946
939 1100
939 1139
940 941
940 946
940 972
940 1330
941 1091
941 1100
941 1330
943 944
943 945
943 947
943 949
944 945
944 947
944 948
944 1007
944 1010
945 948
946 970
946 972
946 1068
946 1095
946 1139
947 949
947 954
947 1010
947 1013
948 1007
949 954
949 955
951 952
951 953
951 957
951 958
952 953
952 957
952 965
952 1019
952 1021
953 965
953 966
954 955
954 956
954 1013
954 1015
955 956
955 963
956 963
956 964
956 994
956 1015
957 958
957 962
957 1016
957 1019
958 962
959 960
959 961
959 988
959 992
959 1319
959 1320
960 961
960 972
960 980
960 1330
961 980
961 988
961 990
962 1016
963 964
963 973
964 973
964 974
964 994
965 966
965 967
965 1021
965 1026
966 967
966 968
967 968
967 969
967 1004
967 1026
968 969
968 982
969 982
969 983
969 1004
970 971
970 972
970 1017
970 1095
970 1096
970 1165
971 972
971 980
971 1008
971 1017
972 980
972 1330
973 974
973 981
974 981
974 985
974 993
974 994
974 997
975 976
975 977
975 1069
975 1090
975 1252
975 1254
976 977
976 995
976 996
976 1252
977 978
977 979
977 996
977 1254
978 979
978 986
978 996
978 1012
978 1023
979 986
979 987
979 1254
979 1255
980 990
980 1008
981 984
981 985
982 983
982 989
983 989
983 998
983 1003
983 1004
983 1006
984 985
984 1000
985 997
985 1000
986 987
986 1023
986 1025
986 1031
987 1031
987 1036
987 1038
987 1111
987 1255
988 990
988 991
988 992
989 998
989 999
990 991
990 1005
990 1008
991 992
991 1005
992 1319
993 994
993 997
993 1030
993 1137
994 1015
994 1030
994 1092
995 996
995 1001
995 1002
995 1252
996 1002
996 1011
996 1012
997 1000
997 1028
997 1033
997 1044
997 1137
997 1138
998 999
998 1006
998 1014
999 1014
1000 1028
1001 1002
1001 1252
1001 1253
1002 1011
1003 1004
1003 1006
1003 1035
1003 1039
1003 1247
1004 1026
1004 1034
1004 1035
1004 1127
1005 1008
1005 1009
1006 1014
1006 1039
1006 1060
1007 1010
1007 1109
1007 1170
1008 1009
1008 1017
1008 1018
1009 1018
1010 1013
1010 1109
1010 1110
1011 1012
1011 1022
1012 1022
1012 1023
1013 1015
1013 1099
1013 1110
1013 1119
1014 1058
1014 1059
1014 1060
1015 1092
1015 1099
1016 1019
1016 1146
1016 1345
1017 1018
1017 1020
1017 1165
1018 1020
1019 1021
1019 1146
1019 1153
1019 1157
1020 1165
1020 1166
1021 1026
1021 1133
1021 1157
1022 1023
1022 1024
1023 1024
1023 1025
1024 1025
1024 1027
1025 1027
1025 1029
1025 1031
1026 1127
1026 1133
1027 1029
1028 1032
1028 1033
1029 1031
1029 1237
1029 1243
1029 1244
1030 1092
1030 1115
1030 1137
1031 1036
1031 1237
1032 1033
1033 1044
1034 1035
1034 1127
1034 1163
1035 1247
1036 1037
1036 1038
1036 1237
1036 1238
1036 1419
1037 1038
1037 1080
1037 1081
1037 1105
1037 1419
1038 1105
1038 1111
1039 1060
1039 1247
1040 1041
1040 1042
1040 1043
1040 1231
1040 1347
1041 1042
1041 1043
1041 1045
1042 1231
1042 1232
1042 1233
1043 1045
1043 1046
1043 1047
1043 1347
1044 1138
1045 1046
1045 1167
1046 1047
1046 1159
1046 1167
1046 1344
1047 1344
1047 1347
1047 1348
1047 1354
1047 1358
1048 1049
1048 1050
1048 1069
1048 1114
1048 1254
1048 1255
1049 1050
1049 1113
1049 1114
1050 1069
1050 1070
1051 1052
1051 1053
1051 1054
1051 1065
1051 1066
1051 1068
1052 1053
1052 1065
1053 1054
1054 1068
1054 1095
1054 1096
1054 1097
1054 1325
1055 1056
1055 1057
1055 1063
1056 1057
1056 1061
1056 1063
1056 1064
1056 1241
1057 1061
1057 1062
1058 1059
1058 1060
1061 1062
1061 1241
1061 1283
1063 1064
1064 1076
1064 1077
1064 1241
1065 1066
1065 1067
1066 1067
1066 1068
1066 1140
1067 1140
1067 1141
1068 1095
1068 1139
1068 1140
1069 1070
1069 1090
1069 1254
1070 1090
1070 1098
1071 1072
1071 1073
1071 1355
1071 1356
1071 1359
1072 1073
1072 1074
1073 1074
1073 1075
1073 1079
1073 1355
1073 1394
1074 1075
1074 1272
1075 1079
1075 1270
1075 1271
1075 1272
1075 1393
1075 1403
1075 1411
1076 1077
1076 1078
1076 1083
1076 1235
1076 1241
1076 1352
1077 1078
1077 1089
1078 1083
1078 1089
1078 1351
1078 1369
1078 1383
1079 1394
1080 1081
1080 1082
1080 1101
1080 1105
1081 1082
1082 1101
1083 1351
1083 1352
1083 1358
1084 1085
1084 1086
1084 1093
1085 1086
1085 1087
1085 1088
1086 1087
1086 1093
1086 1094
1086 1374
1087 1088
1087 1374
1087 1391
1089 1369
1090 1098
1090 1102
1090 1252
1091 1100
1091 1104
1092 1099
1092 1115
1092 1116
1092 1118
1093 1094
1094 1120
1094 1121
1094 1374
1095 1096
1096 1097
1096 1165
1096 1275
1097 1275
1097 1325
1097 1331
1098 1102
1098 1103
1099 1118
1099 1119
1100 1139
1100 1377
1101 1105
1101 1107
1102 1103
1102 1252
1102 1253
1104 1112
1105 1106
1105 1107
1105 1111
1106 1107
1106 1108
1106 1111
1106 1113
1106 1114
1107 1108
1108 1113
1109 1110
1109 1170
1109 1175
1109 1176
1110 1119
1110 1175
1111 1114
1111 1255
1112 1129
1112 1131
1113 1114
1114 1255
1115 1116
1115 1117
1116 1117
1116 1118
1118 1119
1120 1121
1120 1374
1120 1375
1120 1379
1120 1392
1121 1365
1121 1379
1122 1123
1122 1124
1122 1125
1122 1149
1122 1151
1122 1333
1122 1335
1122 1340
1123 1124
1123 1125
1123 1126
1123 1132
1124 1149
1125 1126
1125 1128
1125 1333
1126 1128
1126 1132
1127 1133
1127 1162
1127 1163
1127 1168
1129 1130
1129 1131
1129 1320
1130 1131
1130 1319
1130 1320
1133 1157
1133 1168
1134 1135
1134 1136
1134 1142
1134 1145
1134 1147
1134 1148
1134 1150
1135 1136
1135 1150
1135 1251
1136 1145
1137 1138
1139 1140
1139 1141
1139 1377
1140 1141
1141 1377
1142 1143
1142 1144
1142 1145
1142 1147
1143 1144
1143 1145
1143 1155
1144 1147
1144 1155
1144 1156
1146 1153
1146 1274
1146 1345
1147 1148
1147 1152
1147 1156
1147 1161
1148 1150
1148 1152
1149 1151
1149 1154
1149 1158
1150 1251
1151 1154
1151 1340
1151 1346
1151 1349
1151 1385
1152 1160
1152 1161
1153 1157
1153 1274
1154 1158
1154 1159
1154 1344
1154 1346
1155 1156
1155 1169
1155 1171
1156 1161
1156 1169
1158 1159
1158 1167
1159 1167
1160 1161
1160 1169
1161 1169
1162 1163
1162 1164
1162 1168
1163 1164
1165 1166
1165 1275
1166 1275
1166 1288
1166 1299
1169 1171
1169 1184
1169 1185
1171 1184
1171 1192
1172 1173
1172 1174
1172 1183
1173 1174
1174 1183
1175 1176
1177 1178
1177 1179
1177 1201
1177 1202
1177 1203
1177 1211
1177 1240
1177 1308
1178 1179
1178 1240
1179 1308
1179 1309
1180 1181
1180 1182
1180 1333
1180 1334
1180 1405
1181 1182
1181 1187
1181 1205
1181 1206
1181 1214
1181 1381
1181 1398
1181 1405
1181 1409
1184 1185
1184 1186
1184 1191
1184 1192
1185 1186
1186 1191
1186 1199
1186 1200
1187 1188
1187 1189
1187 1214
1187 1395
1187 1396
1187 1398
1188 1189
1188 1190
1188 1194
1188 1195
1188 1396
1189 1190
1189 1214
1189 1215
1190 1194
1190 1215
1191 1192
1191 1193
1191 1200
1192 1193
1193 1200
1193 1260
1193 1261
1194 1195
1194 1422
1195 1396
1195 1416
1195 1422
1196 1197
1196 1198
1196 1268
1196 1269
1197 1198
1197 1216
1197 1223
1197 1224
1198 1216
1198 1268
1198 1363
1198 1364
1198 1371
1199 1200
1200 1261
1200 1264
1200 1265
1201 1202
1201 1207
1201 1209
1201 1210
1201 1211
1201 1212
1202 1203
1202 1207
1204 1205
1204 1206
1204 1208
1205 1206
1205 1208
1206 1214
1206 1215
1207 1212
1207 1213
1209 1210
1209 1212
1209 1217
1210 1211
1210 1217
1210 1259
1211 1240
1212 1213
1212 1217
1213 1217
1213 1218
1214 1215
1216 1224
1216 1225
1216 1364
1217 1218
1217 1222
1217 1226
1217 1259
1218 1222
1219 1220
1219 1221
1220 1221
1222 1226
1222 1227
1222 1228
1223 1224
1224 1225
1224 1297
1224 1298
1224 1300
1224 1324
1225 1324
1225 1326
1225 1364
1226 1227
1226 1259
1226 1267
1227 1228
1227 1229
1227 1239
1227 1267
1228 1229
1228 1230
1229 1230
1229 1239
1229 1337
1229 1361
1230 1337
1231 1232
1231 1235
1231 1347
1231 1354
1232 1233
1232 1234
1232 1235
1232 1236
1233 1234
1234 1236
1234 1258
1235 1236
1235 1241
1235 1242
1235 1352
1235 1354
1236 1242
1236 1257
1236 1258
1236 1262
1237 1238
1237 1243
1237 1423
1238 1419
1238 1423
1239 1267
1239 1361
1239 1362
1241 1242
1241 1263
1241 1283
1242 1262
1242 1263
1243 1244
1243 1245
1243 1420
1243 1421
1243 1423
1244 1245
1244 1246
1245 1246
1248 1249
1248 1250
1249 1250
1249 1277
1249 1284
1250 1260
1250 1277
1252 1253
1254 1255
1256 1257
1256 1258
1256 1279
1257 1258
1257 1262
1257 1273
1257 1279
1259 1267
1260 1261
1260 1277
1261 1265
1261 1277
1262 1263
1262 1273
1262 1276
1263 1276
1263 1283
1264 1265
1264 1266
1265 1266
1265 1277
1265 1278
1266 1278
1268 1269
1268 1270
1268 1371
1268 1373
1268 1410
1269 1270
1269 1271
1270 1271
1270 1403
1270 1410
1271 1272
1273 1276
1273 1279
1274 1345
1275 1288
1275 1293
1275 1331
1277 1278
1277 1284
1278 1284
1280 1281
1280 1282
1281 1282
1281 1321
1282 1313
1282 1321
1285 1286
1285 1287
1285 1289
1285 1311
1285 1332
1286 1287
1286 1289
1286 1303
1286 1304
1287 1300
1287 1301
1287 1303
1287 1311
1287 1324
1288 1293
1288 1294
1288 1299
1289 1295
1289 1304
1289 1332
1289 1336
1290 1291
1290 1292
1290 1310
1291 1292
1291 1295
1291 1296
1291 1303
1291 1304
1291 1310
1291 1312
1292 1296
1293 1294
1293 1331
1294 1299
1294 1302
1295 1296
1295 1304
1295 1336
1297 1298
1297 1300
1297 1301
1299 1302
1300 1301
1300 1324
1301 1311
1303 1304
1303 1312
1303 1322
1303 1324
1305 1306
1305 1307
1305 1362
1305 1367
1306 1307
1306 1367
1306 1376
1308 1309
1310 1312
1310 1350
1312 1322
1312 1350
1313 1314
1313 1315
1313 1321
1314 1315
1314 1316
1314 1321
1315 1316
1315 1317
1316 1317
1316 1318
1317 1318
1319 1320
1322 1323
1322 1324
1322 1350
1322 1353
1323 1324
1323 1326
1323 1353
1323 1357
1323 1360
1323 1365
1324 1326
1326 1360
1326 1363
1326 1364
1327 1328
1327 1329
1328 1329
1332 1336
1333 1334
1333 1335
1334 1335
1334 1351
1334 1384
1334 1405
1335 1340
1335 1351
1335 1385
1337 1338
1337 1339
1337 1361
1337 1367
1337 1368
1338 1339
1339 1368
1340 1385
1341 1342
1341 1343
1342 1343
1344 1346
1344 1348
1346 1348
1346 1349
1347 1354
1348 1349
1348 1351
1348 1358
1349 1351
1349 1385
1350 1353
1351 1358
1351 1383
1351 1384
1351 1385
1352 1354
1352 1358
1353 1357
1354 1358
1355 1356
1355 1394
1356 1359
1356 1366
1356 1375
1356 1392
1356 1394
1357 1365
1359 1366
1359 1372
1360 1363
1360 1365
1360 1370
1360 1373
1360 1379
1361 1362
1361 1367
1362 1367
1363 1364
1363 1370
1363 1371
1365 1379
1366 1372
1366 1374
1366 1375
1366 1378
1367 1368
1367 1376
1368 1376
1369 1380
1369 1382
1369 1383
1370 1371
1370 1373
1371 1373
1372 1378
1373 1379
1373 1389
1373 1410
1374 1375
1374 1378
1374 1390
1374 1391
1375 1392
1378 1386
1378 1387
1378 1390
1378 1400
1379 1389
1379 1392
1380 1381
1380 1382
1380 1409
1380 1412
1381 1382
1381 1384
1381 1405
1381 1409
1382 1383
1382 1384
1383 1384
1384 1405
1386 1387
1386 1388
1386 1390
1386 1401
1386 1404
1387 1388
1387 1400
1388 1404
1389 1392
1389 1393
1389 1403
1389 1410
1390 1391
1390 1401
1390 1402
1391 1402
1392 1393
1392 1394
1393 1394
1393 1403
1393 1411
1394 1411
1395 1396
1395 1397
1395 1398
1395 1399
1396 1397
1396 1416
1397 1416
1398 1399
1398 1409
1398 1412
1401 1402
1401 1404
1403 1410
1406 1407
1406 1408
1406 1413
1407 1408
1407 1413
1407 1415
1409 1412
1413 1414
1413 1415
1413 1417
1414 1415
1414 1417
1414 1418
1416 1422
1417 1418
1420 1421
1420 1423
1424 1425
1424 1426
1424 1427
1425 1426
1425 1429
1426 1427
1426 1428
1426 1429
1426 1433
1426 1437
1426 1438
1426 1439
1426 1440
1426 1441
1426 1445
1426 1446
1426 1453
1427 1428
1429 1433
1430 1431
1430 1432
1430 1434
1430 1435
1430 1583
1430 1596
1431 1432
1431 1435
1431 1457
1431 1462
1431 1771
1432 1596
1432 1602
1432 1608
1432 1609
1432 1771
1433 1437
1434 1435
1434 1436
1434 1569
1434 1583
1435 1436
1435 1462
1435 1780
1435 1781
1436 1444
1436 1569
1436 1780
1436 1782
1437 1438
1438 1439
1439 1440
1440 1441
1441 1445
1442 1443
1442 1444
1442 1447
1442 1448
1442 1579
1442 1630
1443 1444
1443 1447
1443 1782
1443 1783
1443 1784
1444 1569
1444 1577
1444 1579
1444 1782
1445 1446
1446 1453
1447 1448
1447 1449
1447 1784
1447 1786
1448 1449
1448 1628
1448 1629
1448 1630
1448 2016
1449 1786
1449 1787
1449 2016
1450 1451
1450 1452
1450 1772
1450 1774
1451 1452
1451 1457
1451 1458
1451 1489
1451 1772
1452 1489
1452 1492
1454 1455
1454 1456
1454 1459
1454 1460
1454 1461
1455 1456
1455 1459
1455 1465
1455 1519
1456 1465
1456 1466
1457 1458
1457 1462
1457 1771
1457 1772
1457 1773
1458 1462
1458 1479
1458 1480
1458 1482
1458 1489
1458 1501
1459 1460
1459 1517
1459 1519
1460 1461
1460 1463
1460 1513
1460 1517
1461 1463
1461 1464
1462 1480
1462 1781
1463 1464
1463 1513
1465 1466
1465 1467
1465 1519
1465 1520
1466 1467
1466 1468
1467 1468
1467 1469
1467 1520
1467 1523
1468 1469
1468 1477
1469 1471
1469 1477
1469 1523
1469 1524
1470 1471
1470 1472
1470 1477
1470 1483
1471 1472
1471 1477
1471 1524
1472 1483
1472 1484
1472 1524
1472 1525
1473 1474
1473 1475
1473 1478
1473 1645
1473 1786
1473 1788
1474 1475
1474 1476
1474 1478
1474 1479
1474 1481
1474 1552
1475 1476
1475 1784
1475 1786
1476 1479
1476 1480
1476 1781
1476 1783
1476 1784
1478 1552
1478 1554
1478 1645
1479 1480
1479 1481
1479 1482
1480 1781
1481 1482
1481 1506
1481 1509
1481 1514
1481 1552
1482 1501
1482 1506
1483 1484
1483 1485
1483 1490
1484 1485
1484 1525
1484 1526
1485 1487
1485 1490
1485 1499
1485 1526
1486 1487
1486 1488
1486 1490
1486 1496
1487 1488
1487 1490
1487 1499
1487 1500
1488 1494
1488 1496
1488 1500
1488 1502
1488 1504
1489 1491
1489 1492
1489 1501
1491 1492
1491 1501
1491 1503
1491 1505
1492 1503
1493 1494
1493 1495
1493 1496
1493 1497
1494 1495
1494 1496
1494 1504
1495 1497
1495 1498
1495 1504
1495 1511
1497 1498
1498 1511
1498 1512
1499 1500
1499 1526
1499 1527
1499 1532
1500 1502
1500 1531
1500 1532
1501 1505
1501 1506
1502 1504
1502 1529
1502 1531
1503 1505
1503 1508
1504 1511
1504 1528
1504 1529
1505 1506
1505 1507
1505 1508
1506 1507
1506 1509
1507 1508
1507 1509
1507 1510
1509 1510
1509 1514
1509 1515
1510 1515
1510 1516
1511 1512
1511 1528
1511 1530
1512 1530
1513 1517
1513 1626
1514 1515
1514 1518
1514 1539
1514 1552
1515 1516
1515 1518
1515 1521
1516 1521
1517 1519
1517 1626
1517 1627
1518 1521
1518 1522
1518 1539
1519 1520
1519 1627
1519 1631
1519 1633
1520 1523
1520 1612
1520 1613
1520 1633
1521 1522
1521 1636
1521 1637
1522 1539
1522 1636
1522 1640
1523 1524
1523 1612
1523 1614
1524 1525
1524 1607
1524 1614
1524 1617
1525 1526
1525 1527
1525 1607
1526 1527
1527 1532
1527 1535
1527 1607
1527 1700
1528 1529
1528 1530
1528 1537
1528 1538
1529 1531
1529 1533
1529 1538
1530 1536
1530 1537
1531 1532
1531 1533
1531 1534
1531 1715
1531 1716
1532 1534
1532 1535
1533 1538
1533 1543
1533 1715
1534 1535
1534 1713
1534 1716
1535 1700
1535 1713
1536 1537
1536 1540
1537 1538
1537 1540
1537 1541
1537 1542
1537 1543
1538 1543
1539 1552
1539 1554
1539 1640
1539 1643
1540 1541
1540 1544
1541 1542
1541 1544
1542 1543
1545 1546
1545 1547
1545 1548
1545 1809
1545 1812
1546 1547
1546 1808
1546 1809
1547 1548
1547 1549
1548 1549
1548 1550
1548 1812
1548 1941
1549 1550
1549 1551
1549 1553
1550 1551
1550 1936
1550 1941
1551 1553
1551 1555
1551 1556
1551 1936
1551 1937
1552 1554
1553 1555
1553 1733
1554 1643
1554 1645
1554 1730
1554 1732
1555 1556
1555 1557
1555 1733
1555 1734
1555 1934
1556 1557
1556 1937
1556 1940
1557 1934
1557 1940
1557 1946
1557 1947
1558 1559
1558 1560
1558 1561
1558 1581
1558 1589
1558 1591
1558 1600
1559 1560
1559 1561
1560 1581
1561 1600
1561 1897
1561 1898
1562 1563
1562 1564
1562 1568
1562 1570
1563 1564
1563 1565
1563 1566
1564 1565
1564 1567
1564 1568
1565 1566
1565 1567
1565 1852
1565 1877
1565 1879
1566 1879
1567 1568
1567 1836
1567 1852
1568 1570
1568 1571
1568 1836
1569 1576
1569 1577
1569 1583
1569 1590
1570 1571
1570 1582
1571 1582
1571 1587
1571 1834
1571 1836
1572 1573
1572 1574
1572 1615
1572 1645
1572 1732
1572 1788
1573 1574
1573 1575
1573 1580
1573 1615
1573 1616
1574 1575
1574 1584
1574 1585
1574 1730
1574 1732
1574 1735
1575 1580
1575 1585
1575 2092
1575 2104
1575 2105
1576 1577
1576 1590
1577 1578
1577 1579
1578 1579
1578 1628
1578 1630
1579 1630
1580 1616
1580 2092
1580 2396
1581 1588
1581 1589
1582 1587
1582 1603
1583 1590
1583 1596
1584 1585
1584 1586
1584 1735
1584 1742
1584 1750
1584 1755
1584 1814
1585 1586
1585 2093
1585 2100
1585 2104
1586 1601
1586 1814
1586 2093
1587 1603
1587 1604
1587 1605
1587 1833
1587 1834
1588 1589
1588 1995
1588 2003
1588 2373
1589 1591
1589 1595
1589 2373
1590 1596
1591 1594
1591 1595
1591 1600
1591 2147
1591 2379
1592 1593
1592 1594
1592 1595
1592 1995
1592 1996
1592 1997
1592 2373
1593 1594
1593 1997
1593 2147
1593 2172
1593 2175
1594 1595
1594 2147
1595 2373
1596 1602
1597 1598
1597 1599
1597 1766
1598 1599
1598 1601
1598 1755
1598 1762
1598 1766
1599 1601
1599 2102
1599 2103
1600 1897
1600 2379
1601 1755
1601 1814
1601 2093
1601 2101
1601 2102
1602 1608
1603 1604
1603 1606
1604 1605
1604 1606
1604 1960
1604 1962
1604 1973
1604 1988
1604 2009
1605 1833
1605 1960
1605 1963
1606 1988
1606 1989
1607 1617
1607 1700
1607 1703
1608 1609
1608 1611
1609 1610
1609 1611
1609 1771
1609 1773
1610 1611
1610 1773
1610 1775
1612 1613
1612 1614
1612 1641
1612 1642
1613 1633
1613 1642
1613 1644
1613 1646
1614 1617
1614 1641
1615 1616
1615 1618
1615 1787
1615 1788
1616 1618
1616 1620
1616 1625
1616 2396
1617 1634
1617 1635
1617 1638
1617 1641
1617 1703
1618 1619
1618 1620
1618 1787
1619 1620
1619 1621
1619 1622
1619 1787
1619 2013
1620 1621
1620 1625
1621 1622
1621 1624
1621 1625
1622 1623
1622 1624
1622 2013
1622 2014
1623 1624
1623 2014
1623 2015
1624 1625
1624 2397
1625 2396
1625 2397
1626 1627
1626 1737
1626 1801
1627 1631
1627 1632
1627 1736
1627 1737
1628 1629
1628 1630
1628 2018
1629 2013
1629 2014
1629 2015
1629 2016
1629 2018
1631 1632
1631 1633
1631 1646
1632 1736
1632 1738
1633 1646
1634 1635
1634 1641
1635 1638
1635 1639
1636 1637
1636 1640
1636 1742
1636 1750
1637 1750
1637 1751
1638 1639
1638 1703
1640 1643
1640 1735
1640 1742
1641 1642
1642 1644
1643 1730
1643 1735
1644 1646
1645 1732
1645 1788
1647 1648
1647 1649
1647 1701
1647 1702
1647 1709
1647 1710
1648 1649
1648 1650
1648 1702
1649 1650
1649 1709
1649 1711
1649 1790
1649 1791
1650 1791
1650 1794
1651 1652
1651 1653
1651 1660
1651 1661
1652 1653
1652 1654
1652 1657
1652 1658
1652 1660
1653 1654
1653 1661
1653 1704
1653 1705
1653 1706
1654 1704
1655 1656
1655 1657
1655 1668
1655 1669
1655 1712
1655 1714
1656 1657
1656 1658
1656 1669
1657 1658
1657 1659
1657 1660
1657 1712
1659 1660
1659 1661
1659 1662
1659 1663
1659 1664
1659 1712
1660 1661
1661 1664
1661 1706
1662 1663
1662 1671
1662 1672
1662 1712
1663 1664
1663 1672
1664 1706
1665 1666
1665 1667
1665 1670
1665 1723
1666 1667
1666 1670
1666 1675
1666 1683
1666 1691
1666 1692
1667 1675
1667 1723
1667 1724
1667 1912
1667 1918
1667 1919
1668 1669
1668 1678
1668 1714
1668 1718
1669 1677
1669 1678
1670 1691
1671 1672
1671 1673
1671 1712
1671 1714
1672 1673
1672 1674
1673 1674
1673 1679
1673 1714
1674 1679
1674 1680
1675 1683
1675 1912
1676 1677
1676 1678
1676 1686
1676 1717
1676 1720
1677 1678
1677 1685
1677 1686
1678 1717
1678 1718
1679 1680
1679 1681
1679 1714
1679 1718
1680 1681
1680 1682
1681 1682
1681 1687
1681 1717
1681 1718
1682 1687
1682 1688
1683 1692
1683 1693
1683 1741
1683 1912
1684 1685
1684 1686
1684 1719
1684 1722
1685 1686
1686 1719
1686 1720
1687 1688
1687 1689
1687 1717
1687 1720
1688 1689
1688 1690
1689 1690
1689 1694
1689 1695
1689 1719
1689 1720
1690 1695
1691 1692
1691 1698
1691 1699
1692 1693
1692 1698
1693 1698
1693 1741
1693 1743
1693 1744
1693 1760
1694 1695
1694 1696
1694 1719
1694 1721
1694 1722
1695 1696
1695 1697
1696 1697
1696 1701
1696 1710
1696 1721
1697 1701
1697 1702
1698 1699
1698 1760
1699 1760
1699 1761
1700 1703
1700 1713
1701 1702
1701 1710
1704 1705
1707 1708
1707 1709
1707 1711
1707 1777
1708 1709
1708 1710
1708 1721
1709 1710
1709 1711
1710 1721
1711 1777
1711 1790
1712 1714
1713 1716
1714 1718
1715 1716
1717 1718
1717 1720
1719 1720
1719 1722
1721 1722
1723 1724
1723 1725
1723 1726
1724 1725
1724 1919
1724 1920
1725 1726
1725 1731
1725 1920
1725 1925
1726 1727
1726 1731
1727 1728
1727 1729
1727 1731
1728 1729
1728 1731
1728 1734
1728 1935
1729 1733
1729 1734
1730 1732
1730 1735
1731 1925
1731 1935
1733 1734
1734 1934
1734 1935
1735 1742
1736 1737
1736 1738
1736 1739
1736 1804
1736 1806
1737 1801
1737 1802
1737 1806
1738 1739
1738 1740
1739 1740
1739 1796
1739 1803
1739 1804
1739 1805
1740 1796
1740 1798
1741 1743
1741 1912
1741 1916
1741 2039
1742 1750
1743 1744
1743 1745
1743 2039
1743 2059
1744 1745
1744 1746
1744 1760
1744 1763
1745 1746
1745 1747
1745 2059
1745 2060
1745 2069
1746 1747
1746 1748
1746 1763
1747 1748
1747 1749
1747 2069
1747 2090
1748 1749
1748 1752
1748 1763
1748 1765
1748 1770
1749 1752
1749 1753
1749 2090
1750 1751
1750 1755
1751 1755
1751 1762
1752 1753
1752 1754
1752 1758
1752 1770
1753 1754
1753 1756
1753 1757
1753 2090
1753 2091
1754 1756
1754 1758
1754 1759
1755 1762
1755 1814
1756 1757
1756 1759
1756 1776
1756 1785
1757 1785
1757 1797
1757 2086
1757 2091
1758 1759
1758 1770
1759 1776
1760 1761
1760 1763
1761 1763
1761 1764
1762 1766
1763 1764
1763 1765
1764 1765
1765 1770
1767 1768
1767 1769
1767 1779
1767 1818
1767 1822
1768 1769
1768 1822
1768 1828
1768 1838
1769 1838
1771 1773
1772 1773
1772 1774
1773 1774
1773 1775
1774 1775
1776 1785
1776 1789
1777 1778
1777 1779
1777 1790
1778 1779
1778 1790
1778 1792
1778 1818
1778 1820
1779 1818
1780 1781
1780 1782
1780 1783
1781 1783
1782 1783
1783 1784
1784 1786
1785 1789
1785 1797
1786 1787
1786 1788
1787 1788
1787 2013
1787 2016
1789 1797
1789 1799
1789 1800
1790 1791
1790 1792
1791 1792
1791 1793
1791 1794
1792 1793
1792 1820
1793 1794
1793 1795
1793 1820
1793 1821
1794 1795
1795 1821
1796 1798
1796 1803
1797 1799
1797 2086
1799 1800
1799 2086
1799 2088
1801 1802
1802 1804
1802 1805
1802 1806
1803 1805
1804 1805
1804 1806
1807 1808
1807 1809
1807 1810
1807 1811
1807 1815
1807 1816
1807 1817
1808 1809
1808 1810
1809 1812
1809 1813
1809 1815
1810 1811
1811 1817
1812 1813
1812 1941
1812 1944
1813 1815
1813 1819
1813 1824
1813 1944
1813 1969
1815 1816
1815 1819
1816 1817
1816 1819
1816 1823
1816 1825
1816 1846
1817 1823
1818 1820
1818 1822
1819 1824
1819 1825
1820 1821
1820 1822
1820 1827
1821 1827
1822 1827
1822 1828
1823 1845
1823 1846
1824 1825
1824 1826
1824 1832
1824 1969
1825 1826
1825 1829
1825 1846
1826 1829
1826 1830
1826 1832
1826 1835
1826 1837
1827 1828
1827 1831
1828 1831
1829 1830
1829 1844
1829 1846
1829 1848
1830 1837
1830 1848
1830 1850
1832 1833
1832 1835
1832 1967
1832 1969
1833 1834
1833 1835
1833 1963
1833 1967
1834 1835
1834 1836
1835 1836
1835 1837
1836 1837
1836 1849
1836 1852
1837 1849
1837 1850
1839 1840
1839 1841
1839 1843
1840 1841
1840 1842
1840 1843
1840 1851
1840 1853
1841 1842
1841 1854
1841 1855
1842 1851
1842 1854
1842 1856
1842 1857
1842 1858
1843 1853
1843 1884
1843 1887
1843 1895
1844 1845
1844 1846
1844 1847
1844 1848
1844 1859
1844 1863
1845 1846
1845 1847
1847 1862
1847 1863
1848 1850
1848 1859
1848 1860
1848 1875
1849 1850
1849 1852
1849 1875
1849 1877
1850 1875
1851 1853
1851 1857
1851 1866
1852 1877
1853 1866
1853 1884
1853 1885
1853 1886
1853 1896
1854 1855
1854 1856
1856 1858
1856 1938
1857 1858
1857 1866
1857 1876
1858 1871
1858 1876
1858 1938
1858 1939
1859 1860
1859 1861
1859 1863
1860 1861
1860 1875
1861 1863
1861 1864
1862 1863
1862 1865
1863 1864
1863 1865
1864 1865
1866 1876
1866 1878
1866 1880
1866 1896
1866 1902
1867 1868
1867 1869
1867 1870
1868 1869
1868 1870
1868 1894
1870 1893
1870 1894
1871 1872
1871 1873
1871 1876
1871 1939
1871 1942
1871 1945
1872 1873
1872 1874
1872 1876
1872 1878
1872 1933
1873 1874
1873 1945
1873 1948
1873 1968
1874 1926
1874 1928
1874 1930
1874 1933
1874 1952
1874 1953
1874 1968
1876 1878
1877 1879
1878 1880
1878 1931
1878 1932
1878 1933
1880 1902
1880 1922
1880 1930
1880 1931
1881 1882
1881 1883
1881 1889
1881 1893
1882 1883
1882 1889
1882 1890
1883 1893
1883 1894
1884 1885
1884 1887
1884 1888
1885 1886
1885 1888
1885 1906
1885 1907
1885 1909
1886 1896
1886 1907
1886 2299
1887 1888
1887 1895
1888 1909
1889 1890
1889 1891
1890 1891
1890 1892
1891 1892
1893 1894
1896 1902
1896 1915
1896 1917
1896 2299
1896 2302
1897 1898
1897 1899
1897 1900
1897 2240
1897 2379
1898 1899
1899 1900
1899 1901
1900 1901
1900 1911
1900 2171
1900 2227
1900 2240
1901 1910
1901 1911
1902 1913
1902 1914
1902 1915
1902 1922
1903 1904
1903 1905
1904 1905
1904 1908
1904 1910
1905 1908
1906 1907
1906 1909
1906 2292
1906 2297
1907 2297
1907 2299
1907 2300
1908 1910
1908 1911
1908 2171
1908 2219
1908 2228
1908 2390
1909 2292
1909 2293
1910 1911
1911 2171
1912 1916
1912 1918
1912 2036
1913 1914
1913 1915
1913 1917
1913 2304
1913 2305
1914 1921
1914 1922
1914 2305
1914 2306
1914 2307
1915 1917
1916 2010
1916 2012
1916 2022
1916 2036
1916 2039
1917 2302
1917 2303
1917 2304
1918 1919
1918 2020
1918 2036
1919 1920
1919 2019
1919 2020
1920 1925
1920 1951
1920 2019
1921 1922
1921 1923
1921 1924
1921 1927
1921 2307
1921 2308
1922 1926
1922 1927
1922 1930
1923 1924
1923 2308
1923 2350
1923 2351
1924 1927
1924 1929
1924 2089
1924 2351
1925 1935
1925 1950
1925 1951
1926 1927
1926 1928
1926 1930
1927 1928
1927 1929
1928 1929
1928 1953
1928 1954
1929 1954
1929 1966
1929 2089
1930 1931
1930 1933
1931 1932
1931 1933
1932 1933
1934 1935
1934 1947
1934 1955
1935 1950
1935 1955
1936 1937
1936 1941
1936 1943
1936 1944
1937 1943
1938 1939
1939 1942
1940 1943
1940 1946
1941 1944
1942 1945
1943 1944
1943 1946
1943 1974
1944 1969
1944 1974
1945 1948
1945 1949
1946 1947
1946 1974
1947 1955
1947 1974
1947 1978
1948 1949
1948 1956
1948 1968
1948 1970
1948 1971
1948 1972
1948 2021
1949 1970
1950 1951
1950 1955
1950 1978
1950 1980
1951 1980
1951 1982
1951 2019
1952 1953
1952 1956
1952 1968
1953 1954
1953 1956
1953 1979
1954 1958
1954 1959
1954 1966
1954 1979
1955 1978
1956 1968
1956 1971
1956 1979
1957 1958
1957 1959
1957 1964
1957 1965
1957 1981
1957 1983
1958 1959
1958 1979
1958 1981
1958 1990
1958 1992
1959 1965
1959 1966
1960 1961
1960 1962
1960 1963
1961 1962
1961 1963
1961 1977
1961 1980
1961 1982
1961 2008
1961 2012
1961 2017
1962 1973
1962 2008
1963 1967
1963 1977
1964 1965
1964 1983
1964 1984
1964 2084
1964 2085
1965 1966
1965 2085
1966 2085
1966 2087
1966 2089
1967 1969
1967 1974
1967 1977
1967 1978
1969 1974
1970 2021
1971 1972
1971 1975
1971 1976
1971 1979
1971 1992
1972 1976
1972 2021
1972 2023
1973 2008
1973 2009
1974 1978
1975 1976
1975 1992
1975 1993
1976 1993
1976 2023
1976 2038
1976 2054
1976 2218
1976 2392
1977 1978
1977 1980
1978 1980
1979 1992
1980 1982
1981 1983
1981 1987
1981 1990
1982 2017
1982 2019
1983 1984
1983 1986
1983 1987
1984 1985
1984 1986
1984 2084
1985 1986
1985 2058
1985 2079
1985 2084
1986 1987
1986 2034
1986 2058
1987 1990
1987 2034
1987 2035
1988 1989
1988 1991
1988 2004
1988 2009
1989 1991
1989 1994
1990 1992
1990 1993
1990 2035
1990 2038
1991 1994
1991 2004
1991 2006
1991 2007
1991 2028
1992 1993
1993 2038
1994 2028
1995 1996
1995 2001
1995 2003
1995 2373
1996 1997
1996 1998
1996 2000
1996 2001
1997 1998
1997 2175
1997 2189
1998 2000
1998 2187
1998 2189
1998 2364
1998 2365
1999 2000
1999 2001
1999 2002
1999 2003
2000 2001
2000 2002
2000 2365
2001 2003
2002 2365
2004 2007
2004 2009
2004 2011
2004 2029
2005 2006
2005 2007
2005 2040
2005 2045
2006 2007
2006 2028
2006 2040
2007 2029
2007 2033
2007 2045
2007 2061
2008 2009
2008 2010
2008 2012
2009 2010
2009 2011
2010 2011
2010 2012
2010 2022
2011 2022
2011 2029
2011 2032
2012 2017
2012 2020
2012 2036
2013 2014
2013 2016
2014 2015
2015 2018
2017 2019
2017 2020
2019 2020
2020 2036
2021 2023
2022 2032
2022 2033
2022 2039
2023 2392
2024 2025
2024 2026
2024 2041
2024 2042
2024 2046
2024 2047
2025 2026
2025 2027
2025 2037
2025 2047
2025 2052
2026 2027
2026 2030
2026 2042
2026 2043
2026 2044
2027 2030
2027 2031
2027 2034
2027 2035
2027 2037
2028 2040
2029 2032
2029 2033
2030 2031
2030 2044
2030 2062
2030 2063
2031 2034
2031 2062
2031 2064
2032 2033
2033 2039
2033 2059
2033 2060
2033 2061
2034 2035
2034 2058
2034 2064
2035 2037
2035 2038
2037 2038
2037 2052
2037 2054
2038 2054
2039 2059
2040 2045
2040 2049
2041 2042
2041 2046
2041 2048
2041 2070
2041 2243
2041 2247
2042 2043
2042 2070
2042 2071
2042 2072
2043 2044
2043 2066
2043 2072
2043 2073
2044 2063
2044 2066
2045 2049
2045 2050
2045 2061
2046 2047
2046 2048
2046 2176
2046 2177
2046 2201
2047 2052
2047 2176
2047 2217
2048 2201
2048 2211
2048 2243
2049 2050
2049 2051
2050 2051
2050 2053
2050 2061
2050 2098
2051 2053
2051 2055
2052 2054
2052 2217
2052 2218
2053 2055
2053 2056
2053 2057
2053 2098
2053 2099
2054 2218
2055 2056
2056 2057
2056 2118
2057 2099
2057 2111
2057 2118
2057 2123
2057 2125
2058 2064
2058 2079
2058 2080
2059 2060
2060 2061
2060 2065
2060 2069
2061 2065
2061 2067
2061 2068
2061 2098
2062 2063
2062 2064
2062 2082
2062 2083
2063 2066
2063 2077
2063 2083
2064 2080
2064 2081
2064 2082
2065 2067
2065 2068
2065 2069
2066 2077
2067 2068
2068 2069
2068 2090
2068 2098
2069 2090
2070 2071
2070 2074
2070 2075
2070 2247
2071 2072
2071 2075
2071 2076
2072 2073
2072 2076
2072 2078
2073 2077
2073 2078
2074 2075
2074 2247
2074 2250
2074 2408
2075 2076
2075 2405
2075 2408
2076 2078
2076 2405
2077 2078
2077 2083
2078 2083
2078 2328
2078 2405
2079 2080
2079 2084
2079 2329
2079 2330
2080 2081
2080 2329
2080 2331
2081 2082
2081 2327
2081 2331
2082 2083
2082 2326
2082 2327
2083 2326
2083 2328
2084 2085
2084 2330
2085 2087
2085 2330
2085 2335
2085 2354
2086 2088
2086 2091
2086 2094
2087 2089
2087 2354
2088 2094
2088 2097
2089 2351
2089 2354
2090 2091
2090 2098
2090 2099
2090 2111
2091 2094
2091 2111
2091 2125
2092 2105
2092 2396
2092 2403
2093 2100
2093 2101
2094 2095
2094 2096
2094 2097
2094 2125
2094 2131
2095 2096
2096 2131
2098 2099
2099 2111
2100 2101
2100 2104
2101 2102
2102 2103
2104 2105
2106 2107
2106 2108
2106 2150
2106 2151
2107 2108
2107 2109
2108 2109
2108 2110
2108 2151
2109 2110
2109 2112
2110 2112
2110 2113
2111 2125
2112 2113
2112 2114
2112 2115
2113 2114
2114 2115
2114 2116
2115 2116
2115 2117
2116 2117
2118 2123
2118 2124
2119 2120
2119 2121
2119 2126
2119 2127
2120 2121
2120 2122
2121 2122
2121 2126
2121 2144
2121 2401
2121 2402
2122 2402
2123 2124
2123 2125
2123 2132
2125 2131
2125 2132
2126 2127
2126 2144
2126 2146
2127 2130
2127 2133
2127 2146
2127 2176
2128 2129
2128 2130
2128 2133
2128 2153
2128 2156
2128 2177
2128 2194
2129 2130
2129 2155
2129 2156
2130 2133
2131 2132
2133 2176
2133 2177
2134 2135
2134 2136
2134 2137
2134 2138
2134 2143
2135 2136
2135 2138
2137 2138
2137 2139
2137 2141
2137 2143
2137 2145
2138 2145
2138 2166
2139 2140
2139 2141
2139 2142
2139 2143
2140 2141
2140 2157
2140 2158
2141 2145
2141 2148
2141 2149
2141 2157
2142 2143
2144 2146
2144 2186
2144 2401
2145 2148
2145 2166
2146 2176
2146 2183
2146 2186
2147 2172
2147 2173
2147 2379
2148 2149
2148 2166
2148 2167
2148 2169
2149 2157
2149 2159
2149 2167
2150 2151
2152 2153
2152 2154
2152 2155
2152 2156
2152 2163
2152 2164
2152 2165
2153 2154
2153 2156
2153 2194
2153 2196
2153 2216
2154 2163
2155 2156
2155 2165
2157 2158
2157 2159
2157 2162
2158 2162
2159 2160
2159 2161
2159 2162
2159 2167
2160 2161
2160 2162
2160 2312
2161 2167
2161 2168
2161 2259
2161 2294
2161 2312
2163 2164
2164 2165
2166 2169
2167 2168
2167 2169
2168 2169
2168 2170
2168 2294
2169 2170
2170 2254
2170 2258
2170 2294
2171 2219
2171 2226
2171 2227
2171 2233
2172 2173
2172 2174
2172 2175
2173 2174
2173 2239
2173 2240
2173 2379
2174 2175
2174 2178
2174 2239
2174 2246
2174 2353
2175 2178
2175 2179
2175 2189
2176 2177
2176 2183
2176 2217
2177 2194
2177 2201
2178 2179
2178 2180
2178 2353
2178 2415
2179 2180
2179 2181
2179 2188
2179 2189
2180 2181
2180 2182
2180 2184
2180 2415
2180 2416
2181 2182
2181 2188
2181 2192
2182 2184
2182 2192
2182 2197
2182 2198
2183 2185
2183 2186
2183 2217
2184 2198
2184 2199
2184 2416
2185 2186
2185 2217
2185 2218
2185 2395
2185 2398
2186 2398
2186 2400
2186 2401
2187 2188
2187 2189
2187 2190
2187 2361
2187 2364
2188 2189
2188 2190
2188 2192
2190 2191
2190 2192
2190 2361
2190 2393
2190 2404
2191 2192
2191 2193
2191 2393
2192 2193
2192 2197
2193 2197
2193 2204
2193 2388
2193 2393
2194 2195
2194 2196
2194 2201
2195 2196
2195 2201
2195 2211
2195 2241
2195 2242
2196 2216
2197 2198
2197 2203
2197 2204
2198 2199
2198 2200
2198 2203
2199 2200
2199 2416
2199 2435
2199 2455
2200 2203
2200 2205
2200 2208
2200 2455
2201 2211
2202 2203
2202 2204
2202 2205
2202 2214
2202 2380
2202 2381
2202 2387
2203 2204
2203 2205
2204 2387
2204 2388
2205 2208
2205 2213
2205 2214
2206 2207
2206 2208
2206 2209
2206 2210
2206 2213
2207 2208
2207 2209
2207 2455
2207 2459
2207 2460
2208 2213
2208 2455
2209 2210
2209 2459
2210 2213
2210 2215
2211 2242
2211 2243
2212 2213
2212 2214
2212 2215
2212 2382
2213 2214
2213 2215
2214 2381
2214 2382
2217 2218
2218 2392
2218 2395
2219 2228
2219 2231
2219 2232
2219 2233
2220 2221
2220 2222
2220 2223
2220 2224
2220 2225
2220 2249
2221 2222
2221 2224
2221 2248
2221 2309
2221 2310
2222 2248
2222 2249
2223 2224
2223 2225
2223 2334
2224 2309
2225 2249
2225 2252
2225 2289
2225 2290
2225 2334
2226 2227
2226 2233
2226 2234
2226 2235
2226 2237
2227 2237
2227 2238
2227 2239
2227 2240
2228 2229
2228 2230
2228 2231
2228 2390
2228 2391
2229 2230
2229 2231
2231 2232
2232 2233
2232 2236
2233 2234
2233 2236
2234 2235
2234 2236
2234 2355
2234 2359
2234 2419
2235 2237
2235 2238
2235 2246
2235 2355
2236 2359
2237 2238
2238 2239
2238 2246
2239 2240
2239 2246
2240 2379
2241 2242
2241 2244
2241 2245
2242 2243
2242 2244
2243 2244
2243 2247
2244 2245
2244 2247
2244 2251
2244 2256
2245 2251
2246 2353
2246 2355
2246 2409
2247 2250
2247 2256
2248 2249
2248 2252
2248 2310
2248 2349
2249 2252
2250 2256
2250 2408
2251 2256
2252 2289
2252 2291
2252 2336
2252 2349
2253 2254
2253 2255
2253 2257
2253 2260
2253 2313
2253 2314
2254 2255
2254 2257
2254 2258
2254 2259
2254 2294
2255 2259
2255 2311
2255 2313
2257 2258
2257 2260
2257 2262
2259 2294
2259 2311
2259 2312
2260 2261
2260 2262
2260 2266
2260 2314
2261 2262
2261 2266
2261 2267
2261 2272
2261 2275
2262 2267
2263 2264
2263 2265
2263 2268
2263 2269
2263 2276
2263 2298
2263 2318
2263 2319
2264 2265
2264 2276
2264 2278
2264 2322
2265 2319
2265 2322
2265 2360
2265 2376
2265 2377
2266 2270
2266 2272
2266 2314
2266 2315
2266 2316
2267 2275
2267 2321
2268 2269
2268 2285
2268 2286
2268 2287
2268 2296
2268 2298
2269 2276
2269 2277
2269 2286
2270 2271
2270 2272
2270 2273
2270 2316
2270 2317
2271 2272
2271 2273
2271 2274
2271 2281
2271 2284
2272 2274
2272 2275
2273 2279
2273 2281
2273 2317
2273 2324
2274 2275
2274 2284
2274 2320
2275 2320
2275 2321
2276 2277
2276 2278
2277 2278
2277 2286
2278 2322
2278 2323
2279 2280
2279 2281
2279 2282
2279 2324
2279 2325
2280 2281
2280 2282
2280 2283
2280 2288
2280 2289
2280 2291
2281 2283
2281 2284
2282 2288
2282 2325
2282 2333
2283 2284
2283 2291
2283 2332
2284 2320
2284 2332
2285 2286
2285 2287
2287 2295
2287 2296
2288 2289
2288 2290
2288 2333
2289 2290
2289 2291
2290 2333
2290 2334
2291 2332
2291 2336
2292 2293
2292 2297
2295 2296
2296 2298
2297 2300
2298 2318
2299 2300
2299 2301
2299 2302
2300 2301
2301 2302
2301 2303
2302 2303
2303 2304
2304 2305
2305 2306
2306 2307
2307 2308
2308 2350
2309 2310
2311 2312
2311 2313
2313 2314
2314 2315
2315 2316
2316 2317
2317 2324
2318 2319
2319 2360
2320 2321
2320 2332
2322 2323
2322 2377
2322 2378
2322 2454
2323 2378
2324 2325
2325 2333
2326 2327
2326 2328
2327 2331
2328 2405
2329 2330
2329 2331
2330 2335
2332 2336
2333 2334
2335 2352
2335 2354
2336 2349
2337 2338
2337 2339
2337 2341
2337 2342
2337 2406
2337 2407
2337 2420
2337 2426
2338 2339
2338 2340
2338 2341
2339 2340
2339 2345
2339 2346
2339 2424
2339 2426
2340 2346
2341 2342
2342 2407
2343 2344
2343 2345
2343 2346
2343 2347
2343 2348
2344 2345
2344 2348
2344 2384
2344 2389
2344 2424
2344 2431
2345 2346
2345 2424
2347 2348
2347 2371
2347 2372
2348 2368
2348 2369
2348 2370
2348 2371
2348 2383
2348 2384
2350 2351
2350 2352
2351 2352
2351 2354
2352 2354
2353 2409
2353 2415
2355 2409
2355 2419
2356 2357
2356 2358
2356 2362
2356 2366
2356 2367
2356 2374
2357 2358
2357 2360
2357 2362
2358 2360
2358 2374
2358 2375
2359 2419
2359 2438
2359 2439
2360 2375
2360 2376
2361 2363
2361 2364
2361 2404
2362 2367
2363 2364
2363 2365
2363 2404
2364 2365
2366 2367
2366 2369
2366 2370
2366 2374
2366 2385
2367 2369
2368 2369
2368 2371
2369 2370
2370 2383
2370 2385
2371 2372
2374 2375
2374 2385
2374 2449
2374 2452
2375 2376
2375 2451
2375 2452
2376 2377
2376 2450
2376 2451
2377 2450
2377 2454
2378 2454
2378 2456
2380 2381
2380 2387
2381 2382
2383 2384
2383 2385
2383 2445
2383 2446
2383 2449
2384 2389
2384 2442
2384 2443
2384 2445
2385 2449
2386 2387
2386 2388
2386 2393
2386 2394
2387 2388
2388 2393
2389 2431
2389 2441
2389 2442
2390 2391
2392 2395
2393 2394
2393 2404
2394 2404
2395 2398
2396 2397
2396 2399
2396 2403
2397 2399
2398 2400
2399 2403
2400 2401
2400 2402
2401 2402
2405 2408
2406 2407
2406 2414
2406 2420
2406 2421
2407 2413
2407 2414
2409 2415
2409 2417
2409 2419
2409 2423
2410 2411
2410 2412
2410 2413
2410 2414
2411 2412
2411 2414
2411 2418
2413 2414
2414 2418
2414 2421
2414 2422
2415 2416
2415 2417
2416 2417
2416 2428
2416 2435
2417 2423
2417 2425
2417 2427
2417 2428
2418 2422
2419 2423
2419 2438
2420 2421
2420 2426
2420 2429
2420 2432
2421 2422
2421 2432
2421 2437
2422 2436
2422 2437
2423 2425
2423 2438
2424 2426
2424 2430
2424 2431
2425 2427
2425 2438
2425 2440
2425 2444
2426 2429
2426 2430
2427 2428
2427 2444
2427 2448
2428 2433
2428 2434
2428 2435
2428 2448
2429 2430
2429 2432
2429 2462
2430 2431
2430 2462
2430 2463
2431 2441
2431 2463
2432 2437
2432 2458
2432 2461
2432 2462
2433 2434
2433 2435
2433 2453
2433 2455
2433 2460
2434 2447
2434 2448
2434 2453
2435 2455
2436 2437
2436 2457
2437 2457
2437 2458
2438 2439
2438 2440
2439 2440
2440 2444
2441 2442
2441 2463
2441 2468
2441 2469
2442 2443
2442 2468
2443 2445
2443 2468
2443 2470
2444 2448
2445 2446
2445 2470
2445 2472
2446 2449
2446 2471
2446 2472
2447 2448
2447 2453
2449 2452
2449 2471
2449 2473
2450 2451
2450 2454
2450 2477
2451 2452
2451 2474
2451 2477
2452 2473
2452 2474
2453 2459
2453 2460
2454 2456
2454 2475
2454 2477
2455 2460
2456 2475
2456 2476
2457 2458
2457 2464
2458 2461
2458 2464
2458 2465
2459 2460
2461 2462
2461 2465
2461 2466
2462 2463
2462 2466
2462 2467
2463 2467
2463 2469
2464 2465
2465 2466
2466 2467
2467 2469
2468 2469
2468 2470
2470 2472
2471 2472
2471 2473
2473 2474
2474 2477
2475 2476
2475 2477
2478 2479
2478 2480
2478 2492
2479 2480
2479 2481
2479 2482
2479 2483
2479 2484
2479 2485
2479 2486
2479 2487
2479 2488
2479 2489
2479 2490
2479 2491
2479 2492
2480 2490
2481 2482
2481 2484
2483 2484
2483 2486
2485 2486
2485 2487
2487 2489
2488 2489
2488 2490
2491 2492
2493 2494
2493 2495
2493 2496
2493 2497
2493 2781
2493 2784
2494 2495
2494 2784
2494 2786
2495 2496
2495 2641
2496 2497
2496 2498
2496 2628
2496 2640
2496 2641
2497 2498
2497 2499
2497 2781
2497 2782
2498 2499
2498 2500
2498 2627
2498 2628
2499 2500
2499 2501
2499 2782
2499 2792
2500 2501
2500 2502
2500 2627
2501 2502
2501 2503
2501 2792
2501 2795
2502 2503
2502 2504
2502 2619
2502 2627
2503 2504
2503 2505
2503 2795
2503 2797
2504 2505
2504 2506
2504 2606
2504 2619
2505 2506
2505 2507
2505 2797
2505 2799
2506 2507
2506 2508
2506 2604
2506 2606
2507 2508
2507 2509
2507 2799
2507 2800
2508 2509
2508 2510
2508 2604
2508 2605
2509 2510
2509 2511
2509 2512
2509 2800
2510 2511
2510 2605
2510 2661
2510 2662
2511 2512
2511 2513
2511 2657
2511 2661
2512 2513
2512 2514
2512 2800
2512 2803
2513 2514
2513 2656
2513 2657
2513 2658
2514 2658
2514 2803
2514 2807
2514 2815
2515 2516
2515 2517
2515 2518
2515 2549
2516 2517
2516 2518
2516 2519
2516 2783
2516 2785
2517 2519
2517 2520
2517 2544
2517 2549
2518 2785
2518 2787
2519 2520
2519 2521
2519 2780
2519 2783
2520 2521
2520 2522
2520 2544
2520 2545
2521 2522
2521 2523
2521 2780
2521 2794
2522 2523
2522 2524
2522 2545
2522 2550
2523 2524
2523 2525
2523 2793
2523 2794
2524 2525
2524 2526
2524 2550
2524 2551
2525 2526
2525 2527
2525 2793
2525 2796
2526 2527
2526 2528
2526 2543
2526 2551
2527 2528
2527 2529
2527 2796
2528 2529
2528 2530
2528 2538
2528 2543
2529 2530
2529 2531
2529 2532
2529 2796
2529 2798
2529 2801
2530 2531
2530 2538
2530 2539
2531 2532
2531 2533
2531 2539
2531 2596
2532 2533
2532 2534
2532 2798
2532 2802
2533 2534
2533 2535
2533 2596
2533 2597
2534 2535
2534 2536
2534 2802
2534 2804
2535 2536
2535 2537
2535 2597
2535 2598
2535 2599
2536 2537
2536 2673
2536 2804
2536 2806
2537 2599
2537 2600
2537 2601
2537 2665
2537 2673
2538 2539
2538 2541
2538 2542
2538 2543
2539 2540
2539 2541
2539 2596
2540 2541
2540 2582
2540 2583
2540 2584
2540 2596
2541 2542
2541 2581
2541 2582
2542 2543
2542 2553
2542 2581
2543 2551
2543 2553
2544 2545
2544 2546
2544 2548
2544 2549
2545 2546
2545 2547
2545 2550
2546 2547
2546 2548
2546 2554
2546 2556
2547 2550
2547 2552
2547 2554
2547 2555
2548 2549
2548 2556
2550 2551
2550 2552
2551 2552
2551 2553
2552 2553
2552 2555
2552 2581
2553 2581
2554 2555
2554 2556
2554 2557
2554 2558
2555 2557
2555 2581
2555 2582
2556 2558
2556 2561
2557 2558
2557 2559
2557 2582
2557 2583
2558 2559
2558 2560
2558 2561
2559 2560
2559 2563
2559 2583
2559 2585
2560 2561
2560 2562
2560 2563
2560 2564
2561 2562
2562 2564
2562 2565
2563 2564
2563 2566
2563 2585
2563 2587
2564 2565
2564 2566
2564 2567
2565 2567
2565 2570
2566 2567
2566 2568
2566 2587
2566 2589
2567 2568
2567 2569
2567 2570
2568 2569
2568 2572
2568 2573
2568 2589
2568 2591
2569 2570
2569 2571
2569 2573
2569 2576
2570 2571
2571 2576
2572 2573
2572 2574
2572 2575
2572 2591
2572 2593
2573 2574
2573 2576
2573 2577
2574 2575
2574 2577
2574 2578
2574 2580
2575 2578
2575 2579
2575 2593
2575 2595
2576 2577
2577 2580
2578 2579
2578 2580
2578 2666
2578 2667
2579 2595
2579 2667
2579 2668
2580 2666
2581 2582
2582 2583
2583 2584
2583 2585
2584 2585
2584 2586
2584 2596
2584 2597
2585 2586
2585 2587
2586 2587
2586 2588
2586 2597
2586 2598
2587 2588
2587 2589
2588 2589
2588 2590
2588 2598
2588 2599
2589 2590
2589 2591
2590 2591
2590 2592
2590 2599
2590 2600
2591 2592
2591 2593
2592 2593
2592 2594
2592 2600
2593 2594
2593 2595
2594 2595
2594 2600
2594 2603
2594 2669
2594 2670
2595 2668
2595 2669
2596 2597
2597 2598
2598 2599
2599 2600
2600 2601
2600 2602
2600 2603
2601 2602
2601 2665
2602 2603
2602 2665
2602 2671
2602 2672
2603 2670
2603 2671
2604 2605
2604 2606
2604 2613
2604 2614
2605 2614
2605 2615
2605 2662
2606 2613
2606 2619
2606 2624
2607 2608
2607 2609
2607 2610
2607 2611
2607 2757
2607 2758
2608 2609
2608 2610
2608 2618
2608 2622
2608 2625
2609 2621
2609 2622
2609 2758
2609 2759
2610 2611
2610 2612
2610 2616
2610 2618
2611 2612
2611 2644
2611 2673
2611 2756
2611 2757
2611 2806
2612 2616
2612 2617
2612 2644
2612 2645
2612 2646
2613 2614
2613 2624
2614 2615
2615 2662
2615 2664
2616 2617
2616 2618
2616 3098
2616 3099
2616 3100
2617 2646
2617 3100
2617 3377
2618 2625
2618 3099
2618 3101
2619 2624
2619 2627
2619 2635
2620 2621
2620 2622
2620 2623
2620 2626
2620 2816
2620 2817
2621 2622
2621 2623
2621 2759
2621 2762
2622 2625
2622 2626
2623 2762
2623 2763
2623 2767
2623 2768
2623 2816
2624 2635
2625 2626
2625 3101
2625 3102
2626 2817
2626 3102
2627 2628
2627 2635
2628 2635
2628 2636
2628 2640
2629 2630
2629 2631
2629 2632
2629 2639
2630 2631
2630 2632
2630 2633
2630 2774
2630 2775
2631 2633
2631 2634
2631 2637
2631 2639
2632 2775
2633 2634
2633 2768
2633 2773
2633 2774
2634 2637
2634 2638
2634 2768
2634 2816
2635 2636
2636 2640
2636 2643
2637 2638
2637 2639
2637 3103
2637 3105
2638 2816
2638 2817
2638 3105
2638 3106
2639 3103
2639 3104
2640 2641
2640 2642
2640 2643
2641 2642
2642 2643
2644 2645
2644 2805
2644 2806
2644 2808
2645 2646
2645 2647
2645 2650
2645 2808
2646 2647
2646 2655
2646 3377
2647 2648
2647 2649
2647 2650
2647 2655
2648 2649
2648 2650
2648 2651
2648 2815
2648 3009
2649 2651
2649 2652
2649 2654
2649 2655
2650 2805
2650 2808
2650 2815
2651 2652
2651 3009
2651 3010
2652 2653
2652 2654
2652 3010
2653 2654
2653 3010
2653 3011
2654 2655
2654 3378
2655 3377
2655 3378
2656 2657
2656 2658
2656 2659
2656 2660
2656 3013
2656 3015
2656 3016
2657 2659
2657 2661
2658 2815
2658 3013
2659 2660
2659 2661
2659 2663
2660 3016
2661 2662
2661 2663
2662 2663
2662 2664
2663 2664
2665 2672
2665 2673
2665 2754
2665 2756
2666 2667
2666 2769
2666 2770
2667 2668
2667 2765
2667 2769
2668 2669
2668 2764
2668 2765
2669 2670
2669 2761
2669 2764
2670 2671
2670 2760
2670 2761
2671 2672
2671 2755
2671 2760
2672 2754
2672 2755
2673 2756
2673 2806
2674 2675
2674 2676
2674 2789
2674 2791
2675 2676
2675 2677
2675 2729
2675 2730
2676 2677
2676 2679
2676 2740
2676 2742
2676 2791
2677 2729
2677 2740
2677 2741
2677 2753
2678 2679
2678 2680
2678 2681
2678 2732
2679 2680
2679 2681
2679 2740
2679 2742
2679 2809
2679 2810
2680 2731
2680 2732
2680 2740
2680 2741
2681 2810
2681 2813
2682 2683
2682 2684
2682 2685
2682 2692
2682 2737
2682 2738
2682 2739
2683 2684
2683 2685
2683 2687
2683 2690
2683 2691
2684 2737
2685 2691
2685 2692
2686 2687
2686 2688
2686 2689
2686 2697
2686 2700
2687 2688
2687 2689
2687 2690
2687 2691
2687 2744
2688 2700
2688 2743
2688 2744
2689 2690
2691 2692
2691 2693
2691 2744
2692 2693
2692 2696
2692 2739
2693 2695
2693 2696
2693 2744
2694 2695
2694 2696
2694 2701
2694 2702
2695 2696
2695 2702
2695 2743
2695 2744
2696 2739
2697 2698
2697 2699
2697 2700
2698 2699
2698 2700
2698 2705
2698 2745
2698 2746
2698 2748
2699 2705
2699 2707
2700 2743
2700 2746
2701 2702
2701 2703
2702 2703
2702 2704
2702 2743
2702 2746
2703 2704
2703 2709
2704 2709
2704 2710
2704 2745
2704 2746
2705 2706
2705 2707
2705 2747
2705 2748
2706 2707
2706 2708
2706 2716
2706 2747
2706 2750
2707 2708
2708 2714
2708 2716
2709 2710
2709 2711
2710 2711
2710 2712
2710 2745
2710 2748
2711 2712
2711 2717
2712 2717
2712 2718
2712 2747
2712 2748
2713 2714
2713 2715
2713 2722
2713 2724
2714 2715
2714 2716
2715 2716
2715 2722
2715 2749
2715 2751
2716 2749
2716 2750
2717 2718
2717 2719
2718 2719
2718 2720
2718 2747
2718 2750
2719 2720
2719 2725
2720 2725
2720 2726
2720 2749
2720 2750
2721 2722
2721 2723
2721 2724
2721 2730
2722 2723
2722 2724
2722 2751
2723 2729
2723 2730
2723 2751
2723 2752
2725 2726
2725 2727
2725 2728
2726 2727
2726 2749
2726 2751
2726 2752
2727 2728
2727 2731
2727 2752
2727 2753
2728 2731
2728 2732
2729 2730
2729 2752
2729 2753
2731 2732
2731 2741
2731 2753
2733 2734
2733 2735
2733 2736
2733 2788
2734 2735
2734 2736
2734 2778
2734 2821
2734 2824
2735 2778
2735 2779
2736 2788
2736 2790
2736 2819
2736 2821
2737 2738
2738 2739
2740 2741
2741 2753
2742 2791
2742 2809
2743 2744
2743 2746
2745 2746
2745 2748
2747 2748
2747 2750
2749 2750
2749 2751
2751 2752
2752 2753
2754 2755
2754 2756
2754 2757
2755 2757
2755 2758
2755 2760
2756 2757
2757 2758
2758 2759
2758 2760
2759 2760
2759 2761
2759 2762
2759 2764
2760 2761
2761 2764
2762 2763
2762 2764
2762 2766
2763 2766
2763 2767
2763 2771
2764 2765
2764 2766
2765 2766
2765 2769
2765 2771
2766 2771
2767 2768
2767 2771
2767 2772
2767 2773
2768 2773
2768 2816
2769 2770
2769 2771
2769 2772
2770 2772
2770 2776
2771 2772
2772 2773
2772 2776
2773 2774
2773 2776
2774 2775
2774 2776
2774 2777
2775 2777
2776 2777
2778 2779
2778 2824
2778 2827
2778 2829
2778 2832
2778 2834
2779 2834
2780 2781
2780 2782
2780 2783
2780 2794
2781 2782
2781 2783
2781 2784
2782 2792
2782 2794
2783 2784
2783 2785
2784 2785
2784 2786
2785 2786
2785 2787
2786 2787
2788 2789
2788 2790
2789 2790
2789 2791
2790 2791
2790 2809
2790 2812
2790 2819
2791 2809
2792 2793
2792 2794
2792 2795
2793 2794
2793 2795
2793 2796
2795 2796
2795 2797
2796 2797
2796 2801
2797 2799
2797 2801
2798 2799
2798 2800
2798 2801
2798 2802
2799 2800
2799 2801
2800 2802
2800 2803
2802 2803
2802 2804
2802 2807
2803 2807
2804 2805
2804 2806
2804 2807
2805 2806
2805 2807
2805 2808
2805 2815
2807 2815
2809 2810
2809 2811
2809 2812
2810 2811
2810 2813
2811 2812
2811 2813
2811 2814
2811 2818
2811 2820
2812 2818
2812 2819
2813 2814
2814 2820
2815 3009
2815 3012
2815 3013
2816 2817
2817 3102
2817 3106
2818 2819
2818 2820
2818 2822
2818 2825
2819 2821
2819 2822
2820 2825
2821 2822
2821 2823
2821 2824
2822 2823
2822 2825
2822 2826
2823 2824
2823 2826
2823 2827
2823 2828
2824 2827
2825 2826
2826 2828
2827 2828
2827 2829
2827 2830
2828 2830
2828 2831
2829 2830
2829 2832
2829 2833
2830 2831
2832 2833
2832 2834
2835 2836
2835 2837
2835 2841
2836 2837
2836 2838
2836 2840
2836 2841
2836 2843
2836 2844
2837 2838
2837 2854
2838 2843
2838 2854
2838 2855
2839 2840
2839 2841
2839 2842
2840 2841
2840 2842
2840 2844
2840 2849
2840 2850
2842 2850
2843 2844
2843 2845
2843 2855
2844 2845
2844 2846
2844 2849
2845 2846
2845 2847
2845 2855
2845 2857
2846 2847
2846 2848
2846 2849
2846 2851
2847 2848
2847 2857
2847 2863
2847 2864
2848 2851
2848 2852
2848 2863
2849 2850
2849 2851
2849 2892
2850 2892
2851 2852
2851 2888
2851 2892
2852 2863
2852 2865
2852 2886
2852 2888
2853 2854
2853 2855
2853 2856
2853 2857
2853 2858
2854 2855
2854 2856
2855 2857
2857 2858
2857 2864
2857 2936
2857 2937
2858 2937
2859 2860
2859 2861
2859 2879
2859 2880
2859 2936
2859 2939
2860 2861
2860 2862
2860 2864
2860 2936
2861 2862
2861 2866
2861 2867
2861 2880
2862 2863
2862 2864
2862 2865
2862 2866
2863 2864
2863 2865
2864 2936
2865 2866
2865 2870
2865 2886
2866 2867
2866 2868
2866 2870
2867 2868
2867 2869
2867 2880
2867 2882
2868 2869
2868 2870
2868 2894
2868 2895
2869 2882
2869 2884
2869 2895
2869 2897
2869 2898
2870 2885
2870 2886
2870 2893
2870 2894
2871 2872
2871 2873
2871 2875
2871 2876
2871 2933
2871 2934
2872 2873
2872 2874
2872 2877
2872 2878
2872 2934
2873 2874
2873 2875
2873 2940
2873 2942
2873 2944
2874 2877
2874 2944
2874 2968
2875 2876
2875 2879
2875 2940
2876 2879
2876 2880
2876 2881
2876 2933
2877 2878
2877 2967
2877 2968
2878 2934
2878 2935
2878 2952
2878 2967
2879 2880
2879 2939
2879 2940
2880 2881
2880 2882
2881 2882
2881 2883
2881 2931
2881 2932
2881 2933
2882 2883
2882 2884
2883 2884
2883 2896
2883 2929
2883 2930
2883 2931
2884 2896
2884 2897
2885 2886
2885 2887
2885 2893
2885 2899
2885 2902
2886 2887
2886 2888
2887 2888
2887 2890
2887 2902
2887 2903
2888 2889
2888 2890
2888 2892
2889 2890
2889 2891
2889 2892
2890 2891
2890 2903
2891 2903
2891 2905
2893 2894
2893 2899
2893 2907
2894 2895
2894 2907
2894 2909
2894 2917
2895 2898
2895 2915
2895 2917
2896 2897
2896 2911
2896 2912
2896 2930
2897 2898
2897 2912
2897 2915
2898 2915
2899 2900
2899 2901
2899 2902
2899 2907
2900 2901
2900 2902
2900 2903
2900 2904
2900 3273
2900 3279
2901 2907
2901 2908
2901 3279
2901 3281
2902 2903
2903 2904
2903 2905
2904 2905
2904 2906
2904 3273
2904 3274
2904 3275
2905 2906
2906 3275
2907 2908
2907 2909
2907 2910
2908 2910
2908 3281
2909 2910
2909 2917
2909 2918
2910 2918
2910 3281
2910 3282
2910 3284
2911 2912
2911 2913
2911 2919
2911 2930
2912 2913
2912 2914
2912 2915
2913 2914
2913 2919
2913 2920
2913 3286
2914 2915
2914 2916
2914 3285
2914 3286
2915 2916
2915 2917
2916 2917
2916 2918
2916 3283
2916 3285
2917 2918
2918 3283
2918 3284
2919 2920
2919 2921
2919 2926
2919 2930
2920 2921
2920 2922
2920 3286
2920 3287
2921 2922
2921 2923
2921 2926
2922 2923
2922 2924
2922 3287
2922 3288
2922 3289
2923 2924
2923 2926
2923 2927
2923 3095
2923 3096
2924 3096
2924 3097
2924 3289
2925 2926
2925 2927
2925 2928
2925 2935
2925 2951
2925 2954
2926 2927
2926 2928
2926 2929
2926 2930
2927 2953
2927 2954
2927 2964
2927 3095
2928 2929
2928 2934
2928 2935
2929 2930
2929 2931
2929 2933
2929 2934
2931 2932
2931 2933
2932 2933
2933 2934
2934 2935
2935 2951
2935 2952
2936 2937
2936 2938
2936 2939
2937 2938
2938 2939
2938 2940
2938 2941
2939 2940
2940 2941
2940 2942
2941 2942
2941 2943
2942 2943
2942 2944
2943 2944
2943 2945
2943 2946
2944 2946
2944 2968
2945 2946
2945 2948
2945 2950
2946 2950
2946 2968
2947 2948
2947 2949
2947 2971
2948 2949
2948 2950
2949 2950
2949 2970
2949 2971
2949 2972
2949 2973
2950 2968
2950 2970
2951 2952
2951 2954
2951 2955
2951 2957
2952 2957
2952 2967
2952 2969
2953 2954
2953 2958
2953 2959
2953 2961
2953 2964
2954 2955
2954 2956
2954 2958
2955 2956
2955 2957
2955 2985
2955 2986
2956 2958
2956 2986
2956 2987
2956 2988
2957 2969
2957 2985
2958 2959
2958 2960
2958 2988
2958 2989
2959 2960
2959 2961
2959 2962
2959 2965
2960 2965
2960 2966
2960 2989
2961 2962
2961 2964
2962 2963
2962 2964
2962 2965
2963 2964
2963 2965
2963 3093
2964 3093
2964 3094
2964 3095
2965 2966
2965 3091
2965 3092
2965 3093
2966 2989
2966 2990
2966 3090
2966 3091
2967 2968
2967 2969
2967 2970
2968 2970
2969 2970
2969 2973
2969 2974
2969 2985
2970 2973
2971 2972
2971 3019
2972 2973
2972 2975
2972 3018
2972 3019
2973 2974
2973 2975
2973 2976
2974 2976
2974 2985
2974 3006
2975 2976
2975 2977
2975 2979
2975 3018
2976 2977
2976 3006
2977 2978
2977 2979
2977 2980
2977 3006
2978 2979
2978 2980
2978 2981
2978 3020
2978 3021
2979 3018
2979 3020
2980 2981
2980 2982
2980 3006
2980 3007
2981 2982
2981 2983
2981 3021
2981 3375
2982 2983
2982 2984
2982 3007
2983 2984
2983 3022
2983 3223
2983 3225
2983 3375
2984 3007
2984 3008
2984 3022
2985 2986
2985 3006
2986 2987
2986 3005
2986 3006
2987 2988
2987 3002
2987 3005
2988 2989
2988 2991
2988 2999
2988 3002
2989 2990
2989 2991
2989 2992
2990 2992
2990 3089
2990 3090
2991 2992
2991 2993
2991 2999
2992 2993
2992 2994
2992 3089
2993 2994
2993 2995
2993 2998
2993 2999
2994 2995
2994 2996
2994 3087
2994 3088
2994 3089
2995 2996
2995 2997
2995 2998
2995 3039
2995 3061
2996 3061
2996 3087
2997 2998
2997 3000
2997 3039
2997 3040
2997 3041
2998 2999
2998 3000
2998 3001
2999 3001
2999 3002
3000 3001
3000 3003
3000 3041
3000 3042
3000 3058
3001 3002
3001 3003
3001 3004
3002 3004
3002 3005
3003 3004
3003 3008
3003 3051
3003 3058
3004 3005
3004 3007
3004 3008
3005 3006
3005 3007
3006 3007
3007 3008
3008 3022
3008 3051
3009 3010
3009 3012
3009 3014
3010 3011
3010 3014
3011 3014
3011 3017
3012 3013
3012 3014
3013 3014
3013 3015
3014 3015
3014 3016
3014 3017
3015 3016
3016 3017
3018 3019
3018 3020
3020 3021
3021 3375
3022 3051
3022 3225
3023 3024
3023 3025
3023 3047
3023 3048
3023 3052
3023 3053
3024 3025
3024 3026
3024 3045
3024 3046
3024 3053
3024 3057
3025 3026
3025 3031
3025 3048
3025 3049
3026 3031
3026 3032
3026 3045
3027 3028
3027 3029
3027 3030
3027 3033
3027 3040
3027 3041
3028 3029
3028 3033
3028 3034
3028 3045
3028 3046
3029 3030
3029 3046
3029 3055
3029 3056
3030 3041
3030 3042
3030 3056
3030 3059
3031 3032
3031 3035
3031 3049
3031 3050
3032 3035
3032 3036
3032 3044
3032 3045
3033 3034
3033 3037
3033 3038
3033 3040
3034 3037
3034 3043
3034 3044
3034 3045
3035 3036
3035 3050
3035 3063
3035 3071
3036 3043
3036 3044
3036 3063
3036 3064
3037 3038
3037 3043
3037 3062
3037 3066
3038 3039
3038 3040
3038 3061
3038 3062
3039 3040
3039 3061
3040 3041
3041 3042
3042 3058
3042 3059
3042 3060
3043 3044
3043 3064
3043 3065
3043 3066
3044 3045
3045 3046
3046 3055
3046 3057
3047 3048
3047 3052
3047 3054
3047 3072
3047 3233
3047 3237
3047 3239
3048 3049
3048 3072
3048 3073
3048 3074
3049 3050
3049 3067
3049 3070
3049 3074
3050 3067
3050 3068
3050 3069
3050 3071
3051 3058
3051 3060
3051 3225
3052 3053
3052 3054
3052 3206
3052 3230
3053 3057
3053 3229
3053 3230
3054 3206
3054 3209
3054 3233
3055 3056
3055 3057
3055 3226
3055 3227
3055 3228
3056 3059
3056 3224
3056 3226
3057 3228
3057 3229
3058 3060
3059 3060
3059 3224
3060 3224
3060 3225
3061 3062
3061 3082
3061 3083
3061 3087
3062 3066
3062 3083
3062 3084
3063 3064
3063 3071
3063 3078
3063 3079
3064 3065
3064 3079
3064 3086
3065 3066
3065 3085
3065 3086
3066 3084
3066 3085
3067 3068
3067 3069
3067 3070
3068 3069
3069 3070
3069 3071
3069 3080
3070 3074
3070 3080
3070 3081
3071 3078
3071 3080
3072 3073
3072 3075
3072 3076
3072 3238
3072 3239
3073 3074
3073 3075
3073 3077
3074 3077
3074 3081
3075 3076
3075 3077
3075 3387
3075 3390
3076 3238
3076 3390
3077 3081
3077 3387
3078 3079
3078 3080
3078 3081
3079 3081
3079 3086
3079 3301
3079 3302
3080 3081
3081 3302
3081 3387
3082 3083
3082 3087
3082 3303
3082 3304
3083 3084
3083 3303
3083 3305
3084 3085
3084 3300
3084 3305
3085 3086
3085 3300
3086 3300
3086 3301
3087 3088
3087 3304
3087 3308
3088 3089
3088 3306
3088 3308
3089 3090
3089 3306
3089 3307
3089 3309
3090 3091
3090 3309
3090 3310
3091 3092
3091 3310
3091 3311
3092 3093
3092 3311
3092 3338
3093 3094
3093 3095
3093 3338
3094 3095
3095 3096
3095 3336
3095 3338
3096 3097
3096 3335
3096 3336
3097 3289
3097 3290
3097 3334
3097 3335
3098 3099
3098 3100
3098 3113
3098 3114
3098 3115
3098 3116
3099 3101
3099 3108
3099 3113
3100 3116
3100 3377
3100 3386
3101 3102
3101 3107
3101 3108
3102 3106
3102 3107
3102 3109
3103 3104
3103 3105
3103 3111
3104 3111
3104 3112
3105 3106
3105 3110
3105 3111
3106 3109
3106 3110
3107 3108
3107 3109
3108 3113
3109 3110
3110 3111
3111 3112
3113 3114
3114 3115
3115 3116
3117 3118
3117 3119
3117 3120
3117 3121
3118 3119
3118 3120
3118 3160
3118 3161
3120 3121
3120 3122
3120 3160
3121 3122
3121 3125
3122 3124
3122 3125
3123 3124
3123 3125
3123 3130
3124 3125
3124 3129
3124 3130
3126 3127
3126 3128
3126 3129
3126 3132
3127 3128
3127 3129
3127 3130
3128 3131
3128 3132
3129 3130
3131 3132
3131 3133
3132 3133
3134 3135
3134 3136
3134 3137
3135 3136
3135 3137
3135 3142
3135 3153
3135 3383
3136 3142
3136 3143
3137 3383
3137 3385
3138 3139
3138 3140
3138 3141
3138 3142
3138 3151
3138 3152
3139 3140
3139 3141
3139 3146
3140 3142
3140 3143
3141 3144
3141 3146
3141 3148
3141 3149
3141 3152
3142 3143
3142 3151
3142 3153
3144 3145
3144 3146
3144 3148
3144 3150
3145 3146
3145 3147
3145 3150
3145 3166
3145 3168
3146 3147
3147 3165
3147 3166
3148 3149
3148 3150
3148 3154
3148 3155
3149 3152
3149 3154
3149 3158
3150 3155
3150 3156
3150 3168
3151 3152
3151 3153
3151 3157
3151 3159
3152 3157
3152 3158
3153 3159
3153 3383
3154 3155
3154 3158
3154 3183
3154 3185
3155 3156
3155 3178
3155 3179
3155 3183
3156 3168
3156 3172
3156 3178
3156 3190
3157 3158
3157 3159
3157 3187
3157 3189
3158 3185
3158 3187
3159 3189
3159 3382
3159 3383
3160 3161
3162 3163
3162 3164
3162 3167
3162 3169
3162 3173
3162 3174
3162 3175
3162 3176
3163 3164
3163 3169
3163 3170
3164 3170
3164 3171
3164 3176
3164 3177
3165 3166
3165 3167
3165 3174
3166 3167
3166 3168
3167 3168
3167 3169
3167 3174
3168 3169
3168 3172
3169 3170
3169 3172
3170 3171
3170 3172
3170 3190
3170 3192
3170 3195
3171 3177
3171 3194
3171 3195
3172 3190
3173 3174
3173 3175
3175 3176
3176 3177
3177 3194
3178 3179
3178 3180
3178 3190
3179 3180
3179 3181
3179 3182
3179 3183
3180 3181
3180 3190
3180 3191
3180 3210
3180 3211
3181 3182
3181 3210
3181 3215
3182 3183
3182 3184
3182 3213
3182 3215
3183 3184
3183 3185
3184 3185
3184 3186
3184 3213
3185 3186
3185 3187
3186 3187
3186 3188
3186 3213
3186 3214
3187 3188
3187 3189
3188 3189
3188 3214
3188 3216
3188 3376
3188 3379
3189 3379
3189 3381
3189 3382
3190 3191
3190 3192
3191 3192
3191 3193
3191 3211
3191 3212
3192 3193
3192 3195
3192 3197
3193 3197
3193 3200
3193 3212
3194 3195
3194 3196
3195 3196
3195 3197
3196 3197
3196 3198
3196 3199
3197 3198
3197 3200
3198 3199
3198 3200
3198 3204
3198 3205
3199 3201
3199 3204
3200 3205
3200 3212
3200 3217
3201 3202
3201 3203
3201 3204
3202 3203
3202 3204
3202 3206
3202 3207
3202 3209
3203 3207
3203 3208
3204 3205
3204 3206
3205 3206
3205 3217
3205 3230
3206 3209
3206 3230
3207 3208
3207 3209
3207 3231
3208 3231
3208 3232
3209 3231
3209 3233
3210 3211
3210 3215
3210 3219
3210 3220
3211 3212
3211 3218
3211 3219
3212 3217
3212 3218
3213 3214
3213 3215
3213 3221
3213 3222
3214 3216
3214 3222
3214 3223
3215 3220
3215 3221
3216 3223
3216 3375
3216 3376
3217 3218
3217 3229
3217 3230
3218 3219
3218 3228
3218 3229
3219 3220
3219 3227
3219 3228
3220 3221
3220 3227
3221 3222
3221 3226
3221 3227
3222 3223
3222 3224
3222 3226
3223 3224
3223 3225
3223 3375
3224 3225
3224 3226
3226 3227
