9832706475029345594 3124 1900
-4.500814 -3.787465 -1.506669
-0.339187 -4.382372 -1.502183
4.312852 -4.723854 -1.476559
2.936832 -5.177421 -1.467023
-5.308574 0.594745 -1.505716
4.158092 1.710705 -1.518049
4.285932 0.806366 -1.499187
4.870150 0.362903 -1.482046
-5.695090 0.064198 -1.117243
4.716089 0.540148 -1.494761
3.653453 1.908298 -1.537246
2.987768 4.005614 -1.529958
-0.111877 -5.077633 -0.799988
5.635396 -1.446601 -1.463903
4.870150 0.362903 -1.482046
6.050876 -1.853270 -0.549417
4.818442 -4.969862 0.009411
4.716089 0.540148 -1.494761
4.610932 -4.985263 -0.588570
-0.361449 -4.492745 -1.077110
3.003359 4.016873 -0.422789
-2.892509 -4.231005 -0.722338
-5.289086 -3.521769 -0.461469
-0.830864 -4.636715 -0.464728
5.364457 0.352011 -0.230926
4.542209 0.628792 1.015629
5.347973 -1.203158 0.643341
-6.426422 0.781044 0.029304
-5.455695 -3.651641 1.683156
-6.019362 -2.637582 0.749810
-2.130191 -4.482955 2.652606
-5.741142 -3.681827 1.079243
1.451551 -4.685811 3.003752
-0.154370 -4.431529 2.355242
-2.951658 -3.976707 1.815208
3.411210 -4.713586 2.624327
-6.878958 -1.881280 3.011662
-6.823278 2.195302 2.399392
-6.286272 -2.398784 1.500105
-7.237742 -0.562322 2.142147
-0.950478 -4.257171 2.988198
-2.752429 2.412574 2.692551
-7.104469 0.971473 2.123651
-2.943579 2.365538 2.316170
-7.653617 1.500375 4.171132
-6.849850 2.124362 3.421498
-6.386224 2.796654 4.099765
-1.451892 -3.974554 3.029846
1.919025 -3.998399 3.286616
4.203272 -3.226959 3.154523
4.586772 -2.652833 3.256907
-3.502893 -1.567351 4.874595
-7.588318 -1.600849 3.970364
-2.197018 2.161369 2.874999
-0.268133 2.262376 3.409195
1.376369 3.377765 3.522550
1.500534 2.687066 4.541042
3.247500 -3.477230 3.410703
-2.335150 2.040497 4.105296
-0.957187 -2.249708 5.496064
1.450804 -2.259289 6.171844
-0.203684 -3.686993 4.369984
3.300082 -3.111676 4.258845
3.207352 -3.073138 5.046173
-0.456727 -3.206985 4.397846
-7.817911 -1.278829 4.495697
-1.081003 2.377888 5.782824
-8.025815 -1.397134 4.443861
-6.507485 1.816030 4.303553
-5.815308 1.949783 4.787771
-5.765459 0.792465 5.065413
0.611583 2.581809 5.816027
-6.181571 -0.695485 5.094110
0.351597 -2.941730 6.372643
-3.668750 -1.461286 5.261580
-5.899644 2.040058 5.340014
-6.185253 -0.346215 5.956871
-3.946157 1.794748 5.429038
-0.541505 -3.056305 5.246820
-5.225754 2.224647 5.458174
-3.073871 2.049432 6.098686
-0.612878 -2.717476 5.538450
-0.140712 2.215243 6.530427
-3.327681 -1.007457 6.741042
-0.762793 -1.968342 6.375238
-4.894406 1.625704 5.809762
-0.612878 -2.717476 5.538450
-0.612878 -2.717476 5.538450
-1.838138 -1.180956 6.780104
-1.386514 -1.590528 6.918719
-4.500814 -3.787465 -1.506669
-3.752188 -3.969931 -1.479592
4.393464 -4.439416 -1.447416
4.312852 -4.723854 -1.476559
-2.950358 -4.106278 -1.491252
-5.211403 -1.222204 -1.490491
-0.222671 3.099572 -1.448418
5.218465 -3.018187 -1.473994
-5.308574 0.594745 -1.505716
4.158092 1.710705 -1.518049
0.034713 -4.926492 -1.502356
4.865966 0.372300 -1.482143
4.618414 0.590295 -1.506189
-0.410438 -4.298713 -1.503262
4.849294 -3.919373 -1.447173
-4.102701 1.514640 -1.536250
-3.090889 2.450345 -1.543991
3.609860 1.937082 -1.525420
3.204189 3.161413 -1.516203
2.987768 4.005614 -1.529958
-5.012185 -2.674565 -1.489126
4.278514 1.391394 -1.165696
1.354456 3.439556 -1.513840
4.615297 -4.971416 -0.608144
-0.125815 -5.079716 -0.770824
-4.222449 -3.972451 -1.474410
5.635361 -1.413158 -1.464025
4.865966 0.372300 -1.482143
-5.966985 -0.047924 -0.815008
-5.694806 0.064371 -1.117517
4.783558 0.505508 -1.486868
4.818085 -4.970325 0.008037
4.312852 -4.723854 -1.476559
6.091133 -1.910691 -0.473055
6.030200 -1.807859 -0.567440
3.004293 4.017548 -0.356463
5.068437 0.450330 -0.671644
3.979380 1.795080 -0.890476
-4.616067 1.298391 -1.008101
-0.871584 -4.626714 -0.464547
5.362303 0.354028 -0.244134
4.905575 0.503646 -0.067729
-5.454628 -3.558510 0.267060
-4.939515 1.471984 -0.471697
5.345689 -1.178209 0.626975
-5.785107 1.470907 0.158199
2.839025 3.869309 0.861130
2.361642 -5.196438 0.137749
-5.437745 -3.650915 1.702313
6.042908 -2.288352 -0.226924
4.746216 0.581984 0.553811
-6.163539 1.244555 0.347202
-7.026175 1.363587 1.184229
-5.284600 1.535905 0.712678
0.980730 -4.948948 0.092743
4.250504 -4.805205 1.211610
-5.741835 -3.682065 1.080945
-0.917999 -4.805890 1.684675
-2.210770 -4.460460 2.641340
-7.196281 0.659860 1.373561
-0.445724 -4.784275 0.832246
-3.273034 2.209414 1.144175
-6.102365 -2.782853 1.417655
-6.326146 1.816070 1.866425
-6.292522 -2.385547 1.501329
-3.823473 2.625389 2.171677
-5.438066 -3.199605 1.710716
-7.069904 1.140427 2.027178
-5.164479 -2.726468 1.808944
-5.960335 -2.129937 2.356258
-3.280457 -3.740173 2.174493
-6.578695 -1.914926 2.508704
-1.611292 -4.573316 2.750263
5.245534 -3.711271 2.044594
4.861195 -3.839101 2.504166
-3.338287 -2.872400 2.202128
-6.922391 -1.376960 2.593344
-4.274928 2.498053 2.528506
-0.513685 3.711595 2.218496
5.198620 -2.688792 2.319504
-2.966523 2.299405 2.637313
1.431149 -4.678448 3.018379
-6.632695 2.108552 2.265605
-7.358859 1.955180 3.660594
-3.232658 -2.507848 2.570124
-7.183777 1.272065 2.759975
-6.734565 2.165521 3.292472
-4.680812 2.526623 2.845814
-0.085091 3.693112 2.965781
-5.550194 2.650017 3.246375
-5.092227 2.541084 2.922104
-2.190701 -2.701972 2.861294
-7.515619 -1.629742 3.893916
1.805584 -4.505085 3.106725
4.543526 -1.930012 3.119872
-6.796004 -1.833254 3.102620
-1.230096 3.431128 2.819277
-1.431302 -3.740211 3.264588
-1.688115 -2.914879 3.308773
4.915132 -2.682417 2.879152
-4.850455 2.484588 3.185413
-2.310004 2.123013 3.079299
4.377750 -2.745095 3.193262
3.844014 -0.612995 3.337420
-4.975577 2.396716 3.656425
-0.356750 2.212647 3.399360
1.440567 3.415040 3.431777
1.315513 3.337951 3.592664
1.407385 -3.413315 3.601555
1.472806 2.706336 4.550933
3.156828 -3.509302 3.401209
-1.250163 -3.034622 3.404276
-0.910476 -3.009187 3.695132
4.047737 -2.948722 3.649373
-1.022076 -3.893257 3.495621
2.265178 -3.165627 3.760410
-7.633405 1.678918 4.026668
-6.681369 2.722050 4.173174
-5.063955 2.500753 3.370519
3.254141 -3.141665 4.231527
-6.922337 1.741518 4.049489
-0.235081 -3.699299 4.347507
-5.041578 2.436027 3.673948
-6.388371 1.838874 4.367748
-7.627357 1.527088 4.161163
-4.408064 2.228524 4.235689
0.274659 2.441504 4.484197
-0.300845 -3.651013 4.572563
-7.923231 -1.467743 4.322551
-7.654595 -1.320160 4.468995
-8.044147 -0.096453 4.355232
-7.651998 1.463359 4.197143
-7.884449 0.354061 4.316894
-6.759974 -0.004045 4.577239
1.357517 -2.849481 4.589283
1.569535 -2.454036 5.740325
-7.956014 -0.808567 4.503001
-4.800079 2.253999 4.039304
3.225016 -3.081006 5.037068
-6.012362 0.407169 4.694715
1.014053 -2.718343 5.815040
0.545549 2.571860 5.848818
-6.161070 -1.222221 5.039654
-5.742487 0.685911 4.935939
-6.356896 -1.069048 4.873135
-6.165730 -0.300297 5.037906
-0.543299 -2.966681 5.135844
0.335272 -2.955101 6.375748
-6.185229 -0.754561 4.982622
-5.708266 2.045954 5.166694
-6.177450 -0.591197 5.309734
-3.832626 1.782901 5.407931
-5.529210 -0.810909 5.378994
-5.568583 2.129213 5.418427
-3.849456 -0.801255 5.913077
-0.581648 -2.986017 5.745142
1.449030 -2.258106 6.173158
-5.851082 1.235222 5.608090
-5.159770 2.221874 5.396438
-0.140712 2.215243 6.530427
-4.369923 -0.741848 5.753898
-3.935749 1.793662 5.427103
-3.301663 -1.119429 6.458865
-0.669031 -2.236235 6.139068
-4.859438 1.624276 5.801337
-1.590711 2.422587 6.280790
-2.586221 0.844014 6.267130
-3.283138 1.937200 6.104596
0.923260 -2.056845 6.343770
-0.342238 -2.391324 6.367951
-2.816916 2.247899 6.315328
-0.557539 -2.860266 5.465668
-3.333940 -1.008801 6.740279
-4.842745 -0.541745 6.278809
-3.746435 -0.793844 5.982799
-1.267842 2.429260 6.125266
-0.004114 -2.438636 6.402133
-1.468932 0.351602 6.764828
0.199361 -1.646584 6.633606
-1.255122 2.119254 6.561794
-1.409040 -1.583040 6.910103
-0.732970 -1.807764 7.168715
-4.523529 -3.812655 -1.543405
4.459391 -4.304574 -1.474212
4.248244 -4.808741 -1.536361
2.948575 -5.214407 -1.498553
3.377275 -4.875482 -1.482455
-5.013668 -1.699076 -1.580076
-2.815425 -4.103877 -1.542031
-5.129351 0.170894 -1.561214
-0.281648 3.128423 -1.476429
0.592340 -5.032028 -1.499364
1.357363 -5.032856 -1.488810
5.068380 -3.166097 -1.482691
-5.341157 0.605239 -1.542160
4.086419 1.171365 -1.527396
4.076317 0.977188 -1.527037
4.189681 1.736394 -1.547070
-0.152521 -4.869959 -1.525527
-4.972418 1.115653 -1.558768
-2.386957 -4.244565 -1.549647
-0.542653 -4.238124 -1.540160
4.877908 -3.936069 -1.484623
-3.801111 1.523232 -1.580832
-3.111129 2.481604 -1.577357
3.464415 2.051835 -1.537464
3.006131 4.043283 -1.557232
-0.389143 -4.358423 -1.537871
-5.039035 -2.678418 -1.531708
-5.788788 -2.221573 -0.903324
-5.304766 0.419215 -1.551605
-4.228012 1.455649 -1.614098
-3.128181 2.584933 -1.102620
3.941540 1.783175 -1.551291
-2.903192 2.523152 -1.564579
2.689316 3.909839 -1.559975
0.154038 -5.018933 -1.551308
3.782932 -4.842846 -1.503934
-3.170891 -4.198123 -1.505002
-3.341193 -4.177516 -1.500336
-2.828111 -4.298114 -0.539045
-1.671292 -4.321814 -0.815974
-4.148436 -4.064180 -1.497938
5.664100 -2.084241 -1.502550
4.835448 0.519075 -1.517727
-6.000689 -0.089505 -0.890193
-5.712649 0.083382 -1.168811
4.626815 0.602748 -1.507479
4.293732 1.196027 -1.175845
3.486359 2.138132 -0.276324
0.418133 -5.105165 -0.413300
-4.286825 -4.170050 -0.726887
6.015588 -2.324464 -0.406411
-0.536049 -4.303336 -0.851323
5.203087 -4.246097 -0.407921
-6.287224 -1.632703 -0.512591
3.033037 4.061203 -0.216724
-0.161405 -5.132384 -0.727628
-0.218325 3.076695 -0.706819
5.276588 0.501127 -0.997445
4.665679 0.617961 -0.415473
-2.716717 2.731362 -0.461228
-0.664241 3.087796 -0.899590
-0.516064 -4.648513 -0.611856
-5.669637 0.590346 -0.747536
-1.802405 -4.323069 -0.736374
5.270150 -0.231495 -0.421443
-5.459545 0.943936 -0.596199
4.682833 0.632961 -0.722106
-4.472849 1.472828 -0.596477
-5.284236 -3.732936 -0.142882
-6.463042 0.799384 0.000355
-5.279629 1.516916 -0.489083
-1.970417 -4.657825 0.043618
-4.440171 1.506220 -0.501765
-4.438669 1.504485 -0.515593
-0.405753 -4.961779 -0.279421
-2.419764 -4.420588 -0.281649
-4.439402 1.582111 -0.081861
-0.843448 2.947699 -0.387008
-2.235751 -4.493430 2.706061
5.006267 -4.641560 -0.085800
-5.793356 -3.266651 0.455433
4.892889 -4.954240 0.165572
-5.867056 -2.801175 0.125474
5.197168 0.529328 0.214530
0.350665 -4.974481 0.220187
-4.510736 1.560389 0.407176
2.153644 -5.237273 0.296876
-5.781809 1.534367 0.113429
-6.298168 0.957865 0.087389
-6.182411 1.097964 0.177559
-1.913144 2.881616 1.073083
4.531039 0.672216 0.765240
-5.990973 1.262129 0.199210
-5.850946 1.372657 0.158914
-6.813814 1.383831 0.835743
-5.841378 1.482851 0.229372
-5.841378 1.482851 0.229372
-5.781809 1.534367 0.113429
-5.843976 1.458695 0.206941
-5.500822 1.568276 0.310323
5.231940 0.273519 0.287756
-5.180345 1.563771 0.573189
-0.621904 -4.884627 0.495953
-2.441646 2.729064 1.063958
5.001699 0.167457 0.980349
4.705789 -4.940259 0.734877
-2.248946 2.896673 1.060462
4.825143 -4.749664 0.742128
2.845148 3.891726 1.004501
3.107686 3.376968 1.130146
-7.252554 0.626484 1.367583
-3.138042 2.321656 1.307563
4.438833 0.823023 1.029880
4.375680 0.968738 1.065317
-6.171354 -2.754360 1.483410
-7.062716 1.395132 1.171200
-5.259287 -3.681067 1.832409
-6.394160 -2.286000 1.507663
2.922107 3.782016 1.124722
4.048899 -4.806440 1.463823
-5.805887 -3.683735 1.592337
2.329395 3.906790 2.029199
3.984517 -4.693563 2.112081
-6.119651 1.688157 1.609259
5.029859 -0.687178 1.583288
-5.538351 1.977107 1.910483
-2.871271 2.345411 1.590127
-6.278974 -2.383133 1.654781
-7.377745 0.049980 1.881099
-3.780501 2.684177 2.115778
-5.852784 -3.489198 1.691092
-2.916146 2.329212 1.566574
-2.929396 -3.988798 1.982132
-5.377957 -3.490382 1.781298
4.819450 -1.079803 1.892760
4.514066 -4.495525 1.923426
-2.647016 -4.231056 2.599623
-7.129174 1.068709 2.153759
-2.581897 2.392464 2.106712
2.959560 2.737382 1.820264
-7.269897 -0.667780 2.200954
-5.573312 1.958628 1.964326
-4.134455 -3.633228 2.067349
-5.011028 -2.659466 1.870957
-6.533241 -2.031685 2.592387
-5.393915 2.322858 2.409755
-5.364533 -3.354460 1.783224
5.294524 -3.717238 2.122839
-4.261128 2.325559 2.239267
2.704977 2.590896 2.475862
4.567172 -1.413906 2.600248
-2.775076 2.342927 2.334105
-2.922090 2.288442 1.639348
4.746503 -3.916993 2.679969
4.949638 -2.737627 2.422899
-3.276233 -2.795390 2.262918
-7.110557 1.173948 2.311939
-0.550048 3.754431 2.210187
1.370203 3.866692 2.743054
4.273152 -4.066002 2.309078
5.133026 -3.740587 2.355338
-6.997756 1.011728 2.166228
-6.919364 -0.876751 2.562891
-6.908090 1.050732 2.426742
-6.847197 -0.023015 2.482376
-6.841878 0.040287 2.401626
-6.859891 0.703670 2.402616
-7.436919 1.973693 3.787316
-2.699732 2.335498 2.279639
-0.099778 3.734504 2.992829
-0.295465 -4.449924 2.442838
-2.923933 -4.080366 2.429827
-6.955497 -1.452671 2.679341
-3.207467 -2.493658 2.673686
-7.015280 1.113714 2.646628
-7.237249 1.283856 2.773797
-7.485600 1.410794 3.179772
-1.562168 3.569263 2.768012
0.110374 -4.467138 2.851342
5.324278 -2.695675 2.180501
4.766387 -2.732928 2.696036
-2.920526 -2.750676 2.587162
4.147289 -1.022970 2.898258
-2.798048 2.423750 2.709696
-4.486902 2.540466 2.834245
4.596138 -2.621247 2.911623
-6.913751 -1.915492 3.022572
-4.558404 2.555981 2.781877
-1.948603 -3.058545 2.862802
4.788948 -2.667567 3.023505
2.955526 -4.485672 3.212078
3.842467 0.358036 3.310088
-6.742156 2.203754 3.481467
-1.194948 -4.215088 3.147909
-0.952373 -4.240200 3.132205
-1.498430 -3.765323 3.086346
-2.378602 2.192726 2.915975
-1.139083 3.412645 2.910083
0.737253 3.490231 3.253267
-1.529570 -3.643852 3.335357
4.118303 -2.813770 3.303725
4.217118 -1.207976 2.911646
-4.561660 2.349066 3.241456
-2.108211 2.049856 3.007861
-2.025454 2.157249 2.884948
0.883106 -4.034930 3.177950
3.341276 -3.541707 3.384017
4.406043 -2.655862 3.463731
4.295726 -1.211394 3.144771
4.118303 -2.813770 3.303725
-6.714928 -1.823247 3.223218
-0.919307 2.282945 3.178624
2.523522 -4.289536 3.381256
0.854378 -3.727592 3.772887
-1.208153 2.019950 3.280993
-0.404148 2.145308 3.469271
-4.413523 2.405732 3.451549
4.053713 -3.070391 3.348052
-7.679413 0.167931 3.727298
1.696382 -3.793844 3.322540
1.473419 -3.649554 3.329023
2.940244 -3.456322 3.577819
-1.033372 -3.384039 3.486024
-7.700632 1.679417 4.078309
-2.039935 2.050941 3.791405
-0.994281 -2.969030 3.660807
4.085670 -2.978177 3.663279
-1.029172 -3.863878 3.605385
1.457197 -3.436021 3.641308
-1.042195 -2.284489 5.303843
4.196630 -2.687205 3.688332
2.976025 -0.614049 4.152627
-6.818851 2.740441 4.266072
0.306841 2.636878 3.516891
-4.534531 2.375273 3.207261
-7.537593 -1.673363 3.882042
2.779784 0.167364 4.223232
-6.900469 1.693944 4.194850
-2.294452 2.089849 2.983593
-0.918813 -3.611165 3.636847
-0.307968 -3.731058 4.442804
-0.978496 -3.165906 3.582249
-6.317048 -1.221167 4.732089
2.976079 -0.027929 3.960337
3.684048 -2.882296 4.177194
2.969030 -3.189305 4.492821
-6.594426 1.941358 4.109023
3.572399 -2.397925 4.076631
-4.336506 2.351628 3.825091
1.308778 3.010705 4.003658
-0.373123 -3.545564 4.534678
-2.994703 2.271597 4.519816
-7.989236 -1.492796 4.354177
0.873109 2.774429 4.261098
1.393747 2.969620 4.132635
-7.961341 -0.865335 4.360007
-8.090219 -0.090383 4.373686
-6.452423 2.849570 4.191003
1.191496 3.086612 4.163100
-6.568515 1.943099 4.290243
-4.115192 1.982639 4.873755
-4.235380 2.331962 3.975569
2.784631 -0.485991 4.232514
-8.094640 -1.395002 4.498875
-7.976129 -0.743693 4.544837
-2.907126 2.071559 5.058280
1.394402 -2.481299 5.639426
-4.440456 2.329039 3.770346
-4.296394 2.266062 4.058835
1.490828 2.748945 4.569898
2.916167 -3.037596 5.004991
1.868424 0.751550 5.066341
-5.937313 1.753365 4.623581
-5.842339 1.956314 4.619073
-4.215375 2.213622 4.221250
3.330196 -2.920334 4.810584
-6.188277 -1.246805 5.073646
-5.778726 0.627169 4.917143
-4.902642 2.321154 4.957383
-0.639348 -2.696075 5.005175
-6.341128 -1.071345 4.927210
-6.212722 -0.305776 5.011486
-6.217750 -0.800340 4.952998
-0.858048 -2.401921 5.319740
-0.531327 -2.876827 4.757783
0.345076 -2.983334 6.415833
2.108642 -2.558728 5.665440
-3.423494 -1.565849 5.094418
-4.325004 -1.469384 5.006165
-5.567713 -1.286968 5.173217
-6.218087 -0.733018 4.985457
-5.998503 -0.843596 5.128102
-5.901707 -1.255279 5.162055
1.151376 -2.537529 6.009530
-5.310743 -1.052934 5.266922
-5.991052 2.066073 5.385570
-4.281665 -1.446329 5.210437
1.538038 0.942984 5.279555
-3.425973 -1.541342 5.143910
-4.830969 -1.240374 5.349761
1.487112 -1.141929 5.736518
-4.626643 -1.067563 5.318818
0.631956 2.620389 5.840452
-0.633124 -3.343769 6.277596
1.421211 -2.246016 6.249933
-3.246185 -1.443454 5.748304
-4.137657 -1.442342 5.517764
-5.890908 1.153472 5.660658
-5.231374 2.266234 5.485358
-0.576020 -2.713391 5.130162
-3.845635 -0.826177 5.639595
-6.225390 -0.357030 5.984656
-6.003014 0.414986 5.752451
-4.189682 -0.823173 5.603081
-4.771099 -0.735232 5.575558
-3.725924 1.814222 5.412502
-3.381815 -1.159217 6.311677
-4.039110 1.839131 5.483721
-0.868301 -2.285571 5.948694
1.443247 -1.113800 5.781226
-1.669115 2.475208 6.340496
-3.983959 -0.046367 6.111451
-2.710907 0.759395 6.237427
1.237041 -1.979802 6.324924
-3.420623 1.878214 6.074834
0.840867 -0.746725 6.356556
-2.904051 2.273799 6.363818
-0.639944 -3.056144 5.880796
-3.355207 -1.026696 6.781843
-3.635348 -0.902123 5.754991
-5.529659 -0.291183 6.291852
0.072335 -0.217815 6.854850
-3.297748 -0.046923 6.403397
0.211487 -1.847909 6.374504
-3.655389 -0.849723 5.969771
0.941755 -2.013452 6.459879
-2.051071 2.367501 6.163146
-1.140686 2.508657 6.074210
-0.351171 -2.163085 6.783164
-0.219174 -2.457726 6.454135
-0.062814 -2.374300 6.456780
0.074552 -1.737199 6.510146
-1.335471 2.063088 6.624255
-0.963455 2.456264 6.527820
-0.126660 2.235986 6.573697
-0.081763 -1.362742 7.023033
-3.046000 -0.946711 6.825678
-1.516826 -1.580379 6.913888
-0.357759 -1.834979 6.839051
0.083250 -1.014658 7.005653
-0.499546 -1.729038 7.177650
-0.744098 -1.825727 7.214031
-5.510005 2.585727 5.567608
-5.904295 1.622422 0.382422
-6.989999 1.256393 0.233777
-7.395430 2.335719 2.517128
5.426792 -3.630946 -1.642356
-5.141801 -4.018814 -0.822236
-6.059140 -3.900235 1.145899
2.662292 4.147465 -0.195393
1.793631 4.150531 1.877250
2.949664 3.812825 1.637001
2.702044 -4.631516 3.737823
4.439370 -2.775740 3.275322
-6.053011 1.902570 4.653633
-6.133430 2.171143 5.416044
-6.071174 0.088718 4.959435
-6.391248 -0.809405 5.079359
-5.489031 -0.997688 5.519533
-6.374351 -0.559569 6.096498
-6.391248 -0.809405 5.079359
-6.282033 -0.096187 -0.958305
-1.701095 2.892271 -0.949288
-3.259396 2.387001 1.300076
-1.005908 4.072312 2.075591
-0.782124 2.863121 6.737257
-2.194652 2.573852 6.639585
0.077690 1.673604 6.847596
-0.239177 2.311594 3.501807
5.802551 -2.792581 1.922256
5.352892 0.436201 -1.020193
-6.374351 -0.559569 6.096498
-5.747566 -0.354958 6.523018
-2.864192 2.581487 2.819218
-0.426391 -5.194968 -0.301255
-4.986607 2.724210 4.705096
4.482449 -2.714338 3.859364
4.710964 0.980862 1.336430
0.386375 -3.083721 6.578115
-0.735021 -1.765320 7.353205
-0.996289 -2.151662 6.340340
-3.512072 -1.221699 6.625175
-2.027572 -1.082348 6.996633
-0.735021 -1.765320 7.353205
-3.769373 3.155527 2.181336
2.547330 2.105926 4.340833
1.636635 2.969685 4.844413
-4.048511 -4.407891 -0.982156
-7.095217 2.198790 3.769302
-7.059133 3.103386 4.293479
-5.233757 2.548556 2.537920
-0.149848 -4.399708 3.055396
5.335018 0.598610 -1.669450
-6.628248 -2.428907 1.526676
-5.141801 -4.018814 -0.822236
-3.363517 -3.958632 2.505947
-2.426193 2.396814 4.451951
-3.860228 -0.808875 5.675927
-3.548985 -1.721005 5.304051
-6.069746 -1.758787 4.148556
-8.095217 -1.311905 4.775013
5.474163 -3.879264 2.228517
-0.298677 -3.843856 4.669898
-0.601725 -3.545699 6.000463
-0.951923 -3.047019 3.681005
-2.027572 -1.082348 6.996633
-2.091615 -1.495661 6.898140
-0.171322 -5.448495 -1.726486
-2.027572 -1.082348 6.996633
-3.512072 -1.221699 6.625175
5.426792 -3.630946 -1.642356
-7.395430 2.335719 2.517128
-1.077051 -4.080454 3.717109
-3.384978 -2.841352 2.332863
2.999629 -3.468426 3.514762
1.390645 -2.486965 6.261027
2.949664 3.812825 1.637001
-7.163021 -1.989016 3.433840
-7.633770 -1.819820 3.865709
4.636906 -5.160716 -1.687460
-0.657120 -3.485182 6.514050
4.252971 -5.127651 1.545198
-3.420694 2.008763 5.723530
3.040073 -3.217512 5.179049
2.999629 -3.468426 3.514762
3.147741 3.649697 -1.691944
3.074637 4.266591 -1.134041
-7.618438 1.137560 2.114323
1.067614 3.686125 3.726095
4.748602 0.658891 -0.566722
4.356443 1.737769 -1.662912
-0.782124 2.863121 6.737257
-8.096007 0.216472 3.907039
-8.095217 -1.311905 4.775013
-7.395430 2.335719 2.517128
-7.633770 -1.819820 3.865709
0.119805 2.492141 4.636623
3.040073 -3.217512 5.179049
-5.513083 -3.884362 1.971916
4.585614 0.617372 -1.653848
6.150854 -1.596222 -1.695386
-8.268048 -1.557081 4.503611
-8.096007 0.216472 3.907039
-5.571412 -2.492603 -1.744779
-6.954544 1.087182 2.441826
-5.663588 -3.328132 1.968955
-6.275305 -2.470708 1.938575
-8.268048 -1.557081 4.503611
-5.570272 0.856207 -1.700662
3.040073 -3.217512 5.179049
-5.663588 -3.328132 1.968955
-0.735021 -1.765320 7.353205
0.234985 -1.108171 7.172950
-5.570272 0.856207 -1.700662
-7.618438 1.137560 2.114323
5.025303 -5.175735 -0.343502
-5.571412 -2.492603 -1.744779
4.636906 -5.160716 -1.687460
1.390645 -2.486965 6.261027
0.342307 -0.998104 -2.484997
5.426792 -3.630946 -1.642356
-0.171322 -5.448495 -1.726486
-0.436441 -4.477005 -1.650213
-5.570272 0.856207 -1.700662
-3.322849 2.563430 -1.686968
3.147741 3.649697 -1.691944
4.356443 1.737769 -1.662912
4.585614 0.617372 -1.653848
0.342307 -0.998104 -2.484997
4.585614 0.617372 -1.653848
-6.599784 -2.417331 1.532133
-5.607719 -2.947722 -1.038098
5.101724 -1.776590 2.876153
4.385344 -2.754875 3.822993
5.796163 -2.804471 1.915889
5.354053 -1.645577 1.884103
-5.427701 2.291591 5.675455
-5.107556 2.445263 5.615317
-4.964572 2.728673 4.712040
-5.893361 1.650029 0.357117
-7.013350 1.265308 0.212805
6.306791 -1.673985 -0.524869
-3.139578 -1.193567 7.058450
-3.873458 -0.836087 5.669153
-3.139578 -1.193567 7.058450
6.275350 -2.889086 -0.214780
5.820485 -3.101448 -1.640918
-6.019429 -3.874141 1.113853
3.506402 2.331297 2.153735
1.935273 3.169358 3.102818
-8.066804 0.208846 3.893476
-8.276171 -0.870921 4.529645
-8.048294 0.354053 4.538173
1.153497 -3.070933 6.210572
1.016762 -3.794304 3.882370
3.024495 3.891859 1.683061
1.499327 4.074544 2.915745
-0.970693 -4.923263 -0.608287
-0.392078 -5.178766 -0.251020
4.599080 1.175792 -0.931788
4.595662 0.610959 -1.664171
3.620973 -3.764420 3.603646
3.615705 -3.389397 3.569089
-6.050444 1.946862 4.639647
-6.154816 0.101224 4.993051
-6.367420 -0.783023 5.048482
-6.370756 -0.580709 6.087316
-6.367420 -0.783023 5.048482
-5.540591 0.986870 -0.764463
-6.625901 0.930893 0.108447
-5.476712 1.885341 -0.655794
5.373790 -3.633579 -1.597161
5.742198 -3.509468 -0.220492
5.595829 -3.808494 -0.199124
-7.100676 -1.268538 2.797934
-6.959418 1.087073 2.450138
-1.700101 2.901061 -0.940997
-3.260710 2.453718 1.301838
-2.198231 2.059784 3.044221
-0.355071 2.228448 3.771776
-1.565029 2.809622 6.770110
0.085123 1.650791 6.875077
4.308824 1.212740 -1.688386
-6.413483 -0.351342 6.151923
-5.734742 -0.292198 6.499757
-6.054865 1.167512 5.836205
-3.415709 1.897373 5.708235
-2.427710 2.421275 4.436285
4.214663 -3.103777 3.831964
-6.273296 -1.518446 5.045727
-2.056854 -1.407910 6.861742
-4.329759 2.488410 2.465168
-5.543786 3.069135 3.330886
-4.951089 2.425645 3.879091
-1.877453 3.484135 2.924987
4.619557 0.928102 1.247647
-0.423009 -5.010159 -0.671463
-0.583999 -4.432186 -0.751236
-0.154763 -2.491634 6.688479
-0.637423 -2.009244 7.348156
-0.978149 -2.150913 6.299593
-5.231349 2.537644 2.560211
5.348135 -3.777832 -1.605888
5.291062 -3.728302 -0.366551
-0.143195 0.694210 6.929623
-3.799151 3.074771 2.155754
-4.329759 2.488410 2.465168
1.935273 3.169358 3.102818
1.347036 3.539276 3.819413
-7.045527 2.177817 3.781943
-7.045925 2.993226 4.261083
-1.461290 -5.015941 2.002402
-2.826427 -4.353310 1.406409
-6.599784 -2.417331 1.532133
-5.873634 3.016546 4.531267
-0.207955 -4.658271 2.426400
-0.135420 -4.312854 3.009344
-1.765005 -4.771803 2.977457
5.606073 0.681614 -0.270806
0.545389 -5.293849 -0.678723
0.487323 -5.361732 -1.630700
3.486997 2.458868 -0.730838
3.715505 2.153297 -1.673023
3.167034 4.290868 -1.125554
2.921997 4.323503 -1.704015
4.385778 -2.743893 3.166293
-3.325948 -3.837723 2.474711
-2.783726 -4.439996 2.730931
-4.074133 -4.440835 -0.970444
-4.282413 -4.368073 -1.650211
-3.852535 -4.240865 -1.646787
-3.573308 -1.638626 5.481891
-0.729405 -1.761718 7.385786
-7.538709 1.141125 2.132138
-1.116917 -4.139381 3.770276
-0.524226 -3.114092 4.611554
-1.016186 -3.100971 3.646294
3.293628 -3.454574 4.490104
3.120185 -3.396817 3.493059
3.615705 -3.389397 3.569089
1.033168 3.605239 3.690747
3.114450 -1.888591 4.540906
3.793259 -2.516392 4.348569
-3.967209 -1.782057 5.630913
-6.395073 -1.265143 4.895700
-8.021599 -1.300054 4.754583
-5.981188 -0.050457 -1.384415
5.420350 -3.722270 0.961740
5.571239 -3.377593 -0.224350
-0.303463 -3.872129 4.696763
-0.709247 -3.591156 6.014555
-6.258045 -0.114749 -0.962205
-2.033494 -1.038532 6.975244
-0.446072 -4.489655 -1.660744
3.024495 3.891859 1.683061
-8.048294 0.354053 4.538173
-2.127351 -2.915318 3.028640
-2.776840 2.549625 6.536403
5.436568 -3.541409 -0.264388
5.492104 -3.895184 2.194438
5.048532 -5.205213 -0.338360
-8.023849 1.434336 4.355150
-7.537123 1.392778 2.905662
1.128483 -3.952189 3.347507
3.034276 -3.632210 3.611253
-0.681468 -3.460253 6.496490
0.228011 -1.913274 6.504037
1.349837 -2.006734 6.589347
2.625321 -4.549967 3.594519
-7.167950 -1.989378 3.432630
3.115179 -5.493040 -1.634243
-0.681468 -3.460253 6.496490
4.207760 -5.059211 1.512895
3.378330 -5.003815 2.932145
-4.514924 2.432231 3.994344
-3.799151 3.074771 2.155754
-3.067450 2.707179 3.337511
-4.709447 -4.268439 -1.683463
-4.569993 1.981628 5.987899
-5.865159 0.558551 4.887578
-6.646468 2.013122 4.555099
-6.771860 1.891870 4.166815
-4.718144 1.486278 -0.582994
-0.008419 2.773649 6.454243
4.207760 -5.059211 1.512895
5.048532 -5.205213 -0.338360
-1.805686 -2.847852 3.527774
3.506402 2.331297 2.153735
5.055561 -0.320047 2.022984
3.306182 3.731291 -1.715470
2.625321 -4.549967 3.594519
-1.099041 3.394958 3.214219
4.469671 1.821304 -1.723297
-0.008419 2.773649 6.454243
0.267244 -1.095827 7.225296
0.085123 1.650791 6.875077
2.877450 -3.160609 5.391351
-8.276171 -0.870921 4.529645
-8.021599 -1.300054 4.754583
-7.404923 2.391023 2.491899
-7.816412 -1.791006 4.115146
3.351626 -3.187292 5.199484
-5.511306 -3.840123 1.954847
-6.771860 1.891870 4.166815
0.267244 -1.095827 7.225296
-0.729405 -1.761718 7.385786
-8.257496 -1.553453 4.499287
0.655450 3.058669 3.837015
-0.247580 2.342086 3.514840
-6.280312 -2.468768 1.938286
4.081572 -4.850057 2.192607
3.034276 -3.632210 3.611253
-7.208619 1.323166 0.942839
-8.023849 1.434336 4.355150
1.560961 2.910086 4.746883
-6.280312 -2.468768 1.938286
-3.315055 2.777271 -1.162140
-3.319060 2.586828 -1.693839
-6.148175 -3.635881 1.746305
1.349837 -2.006734 6.589347
0.487323 -5.361732 -1.630700
-6.258045 -0.114749 -0.962205
2.921997 4.323503 -1.704015
-0.143195 0.694210 6.929623
-5.540591 0.986870 -0.764463
-7.167950 -1.989378 3.432630
-5.556426 -2.475569 -1.707425
0.085123 1.650791 6.875077
5.412234 -3.378064 -1.590168
-7.770536 2.064367 3.972566
2.877450 -3.160609 5.391351
-0.143195 0.694210 6.929623
0.342512 -0.997888 -2.485213
0.342512 -0.997888 -2.485213
5.373790 -3.633579 -1.597161
5.348135 -3.777832 -1.605888
0.487323 -5.361732 -1.630700
0.487323 -5.361732 -1.630700
-0.184672 -5.269401 -1.659900
0.342512 -0.997888 -2.485213
-3.579103 -4.479038 -1.649060
-4.282413 -4.368073 -1.650211
-4.709447 -4.268439 -1.683463
-5.550777 -1.541102 -1.738030
-5.581612 0.853307 -1.691047
1.299620 3.664250 -1.687356
2.921997 4.323503 -1.704015
4.469671 1.821304 -1.723297
4.308824 1.212740 -1.688386
5.345407 0.592828 -1.680905
4.595662 0.610959 -1.664171
6.115983 -1.578018 -1.659924
1.357320 -4.912763 3.364888
-6.311406 -2.762169 1.101688
3.694843 2.167548 -0.956759
4.295055 1.890488 -1.217829
-3.278778 2.488315 1.290395
-3.426627 2.571481 1.505889
-1.584836 3.621238 2.102621
-2.837920 2.582088 2.755328
5.385386 -1.635877 1.891955
5.039966 -2.723819 3.114000
6.004415 -2.345249 1.163779
3.301982 -3.460349 4.495010
4.227619 -3.111747 3.837488
-5.521726 2.603935 5.562101
-5.099067 2.496618 5.617737
-5.337658 2.501703 5.158826
-4.963289 2.740469 4.712544
-5.916282 1.756012 0.318090
-7.023533 1.268497 0.194246
-4.857110 2.577933 3.293571
-4.695775 2.367824 3.340476
-5.511757 -0.993224 5.468973
-4.307642 -1.521248 5.722194
6.337782 -1.659651 -0.516214
6.086178 -1.582029 -1.639243
-3.117682 -1.148989 7.024624
-2.036234 -1.040548 6.980531
3.774877 0.139518 3.650926
-3.872510 -0.810004 5.666770
-3.523370 -1.224502 6.573081
-6.018032 -3.863624 1.113150
3.522322 2.356277 2.174027
3.076302 2.871012 1.872333
5.597334 0.123914 0.131910
-5.599250 1.830083 0.970672
-5.727406 2.145804 2.220435
-5.256777 2.630997 2.517202
4.448559 1.834921 -1.704422
5.784315 -3.090545 -1.616685
5.912101 -3.261645 -0.393930
-2.099694 3.013287 1.128098
-8.022662 0.346928 4.524203
-8.061621 0.202080 3.880540
-8.278237 -0.046171 4.622778
3.551753 2.926923 1.479056
-4.069565 -4.422415 -0.969178
1.038719 3.568316 3.673462
1.277985 -2.886774 4.834307
1.173479 -3.071479 6.227314
1.292478 -3.348832 4.629091
2.446731 4.090980 2.103354
-0.759328 -4.996590 -0.237778
4.708542 0.620756 -0.835656
-6.834177 3.036456 4.444483
-7.035100 2.981287 4.250551
-6.998253 2.799703 4.397125
3.606531 -3.768836 3.594023
3.614526 -3.395959 3.567778
3.115665 -3.393507 3.494281
-2.171146 -1.976095 5.688972
5.462976 -3.853144 2.177119
4.612149 -4.652748 2.021826
-0.512084 -4.990428 0.987357
-1.627356 3.736800 2.963048
-1.848471 3.337144 2.946376
-1.293936 3.531883 3.070720
-5.970769 1.979714 4.675941
-6.189811 2.163402 5.393040
-6.424588 -0.682787 5.457859
-6.352274 -0.779079 5.036968
-6.424588 -0.682787 5.457859
-6.352274 -0.779079 5.036968
-5.518191 0.975466 -0.734064
-5.889412 1.047364 -0.621605
-5.747461 1.620076 -0.668261
5.559988 -3.354578 -0.222692
5.373749 -3.633790 -1.597189
5.591182 -3.808045 -0.202077
-1.805091 -2.861270 3.532360
-7.105320 -0.960719 2.511580
-7.120722 -1.248001 2.805684
-6.958876 0.422679 2.449228
-0.097427 -1.438502 7.191749
-0.537813 -1.759981 7.422120
-0.614889 3.958584 2.309486
-1.279449 2.067150 3.438905
-2.181082 2.553972 6.044680
-1.565358 2.794513 6.784161
-2.180315 2.487280 6.633357
-1.279449 2.067150 3.438905
-2.207035 2.106081 3.046597
4.289904 1.222402 -1.672220
-0.018184 2.756110 6.428983
-6.415741 -0.351555 6.150999
-6.055068 1.168162 5.844623
-2.936667 2.362792 4.912223
-2.431970 2.423736 4.431291
-7.063523 0.926218 2.282800
-0.170490 -2.488977 6.665848
-6.282506 -2.429092 1.942388
-6.874179 -2.190342 1.824781
-6.545099 -2.397009 1.544924
-3.117682 -1.148989 7.024624
-6.367192 -1.072652 5.080212
-2.035074 -1.390011 6.834182
5.025760 -2.652478 2.491084
5.623897 -2.890947 2.089651
4.595782 0.921310 1.246605
-6.061134 -0.557756 6.316718
-6.343369 -0.578531 6.076734
-4.358169 2.639078 2.413544
-5.626389 2.935477 3.939098
-3.060549 2.718254 3.337676
-5.952297 -3.913594 1.395160
0.342869 -5.290487 0.190363
0.298248 -4.965974 0.301742
-1.685665 3.599006 1.189121
-0.974810 3.866674 1.855006
5.575954 0.694108 -0.279814
-0.430225 -5.017331 -0.674001
-0.971884 -4.891171 -0.564391
-0.592195 -4.422714 -0.737774
4.315826 -1.325927 3.450358
4.021711 -0.529403 3.213420
-6.521847 1.862292 4.436281
-6.767919 1.895193 4.163019
-0.984959 -2.161772 6.302704
-5.256777 2.630997 2.517202
4.440160 -4.053572 2.369148
4.718004 -4.375320 2.265941
3.984011 -3.820448 3.426472
5.349065 -3.771166 -1.605503
-6.061134 -0.557756 6.316718
-4.649456 -0.781741 6.673030
3.081418 -1.896201 4.508432
-0.724133 -1.756533 7.384590
-0.131795 0.693691 6.892574
-3.794658 3.041142 2.146675
-4.173365 1.928361 1.083683
1.625017 3.640236 3.466851
-2.590310 -4.529158 -0.800848
-6.659989 2.411463 3.436276
-5.613399 -2.951676 -1.042084
-6.311406 -2.762169 1.101688
5.103288 -4.891713 0.483947
-5.866717 3.027350 4.526690
5.326899 0.583051 -1.667389
-3.422042 -1.154935 5.970284
-3.028463 -4.431828 -1.679900
0.531981 -5.307801 -0.684947
0.489435 -5.401618 -1.655009
3.720530 2.156187 -1.676965
1.308849 3.661278 -1.686569
3.140583 4.251354 -1.123573
2.905209 4.309803 -1.690724
4.412515 -2.757919 3.187150
-7.594830 1.380874 2.881688
-7.532135 1.140927 2.136036
-3.570979 -4.495818 -1.648960
-4.119174 -4.236660 -1.644650
-0.997133 -3.098235 3.639892
-0.967363 -3.033452 4.064651
-1.068177 -2.893011 4.142987
5.200907 0.709507 0.515151
4.362315 -1.144710 2.901660
4.612495 -0.898869 2.308146
-3.384646 -1.483608 6.057674
2.306509 -2.801141 5.805638
2.883502 -3.144645 5.390336
3.161311 -3.121356 5.282756
-0.640375 -2.024204 7.335652
-6.947065 2.244524 3.633623
-7.201074 1.323271 0.940514
-0.503485 -3.121718 4.607626
4.491278 1.386917 -1.679826
-0.637608 -3.468059 6.486499
-0.699583 -3.585685 6.012938
-2.223159 0.523376 6.722502
3.225944 -3.444324 3.752257
3.614526 -3.395959 3.567778
1.625017 3.640236 3.466851
-6.952238 -0.428827 0.629997
-7.974924 1.461667 4.428050
-6.880661 1.668060 4.550243
-6.090319 1.525879 5.677493
-4.727528 1.558442 -0.605750
-0.299385 -3.861933 4.690469
3.081418 -1.896201 4.508432
3.585655 -2.858653 4.844810
4.364535 -2.756704 3.809297
-3.965257 -1.788075 5.609109
-3.584728 -1.622250 5.480017
-3.738007 -1.211758 5.705781
-8.025146 -1.294763 4.735562
-3.559878 -1.271687 5.851075
0.102679 2.667835 4.643985
-6.239020 -0.128555 -0.948349
-5.728456 0.462937 -1.697095
-5.983106 -2.255829 -0.981375
-5.452327 -2.365988 -1.439211
0.943736 -2.062895 6.722802
0.616319 -2.161129 6.520349
1.340045 -1.980770 6.559412
1.950472 3.183679 3.118728
-6.375500 0.353579 -0.694769
-0.394542 -4.759659 -1.653199
4.959601 -5.315892 -0.291601
5.024106 -5.160140 -0.363530
-0.018184 2.756110 6.428983
0.074220 2.676464 5.333103
3.161647 4.234245 -0.223519
-6.060381 1.958134 4.629944
3.420730 -4.281158 3.488170
3.374571 -5.024421 2.917758
4.082766 -4.849294 2.194149
-2.098819 -2.916060 3.006532
-3.400783 -2.880392 2.345177
1.453286 -3.365733 3.926005
1.760915 -3.895253 3.506870
2.126552 -3.210638 3.908232
-3.504677 -1.235382 5.495159
5.436564 -3.541417 -0.264388
-7.989245 1.417986 4.322124
3.086193 -5.526237 -0.217030
-1.631480 -3.805118 3.524688
-6.460454 1.085472 -0.008282
-6.879407 0.865052 0.007165
-6.616812 0.917324 0.127713
-5.942184 1.370540 -0.020095
3.035375 -3.624096 3.605679
0.374318 -3.082221 6.642626
3.420730 -4.281158 3.488170
2.623708 -4.538570 3.585611
-4.951393 2.433217 3.886231
3.140583 4.251354 -1.123573
3.161647 4.234245 -0.223519
-6.913680 -0.866220 -0.061428
4.853298 -2.069311 3.294108
-7.018379 1.085829 2.472682
5.434847 -3.730807 0.961112
-7.154943 -1.989107 3.437295
3.774877 0.139518 3.650926
-0.177798 -5.263812 -1.654117
4.730342 -4.530153 -1.613148
5.121751 -4.800389 -0.075724
3.561279 -5.153235 -1.623636
-4.315075 -4.405230 0.591539
-5.505288 -3.745567 -0.469727
-3.140494 2.876026 3.720177
-0.892946 -2.503612 5.596203
0.682594 -5.327594 -1.619754
5.051960 -0.321656 2.004371
-8.025146 -1.294763 4.735562
-8.278237 -0.046171 4.622778
-4.270080 -4.388304 -1.657748
-7.400320 1.839859 1.855191
-7.401987 2.384411 2.495965
-3.386606 2.141324 6.293206
-5.972759 1.414784 4.773207
-6.646213 2.009094 4.553396
-7.036720 2.180580 3.792382
4.893607 -2.846013 2.655095
3.301982 -3.460349 4.495010
0.198069 2.693921 5.004786
0.054490 2.504869 5.276609
0.924634 2.915344 4.522022
-8.243009 -0.880013 4.515152
-1.733680 0.336677 6.983843
4.651073 -5.043778 -1.639427
-4.391597 -0.790773 6.808804
3.289122 3.715618 -1.701757
2.623708 -4.538570 3.585611
-1.067094 -4.090583 3.744365
0.233129 -1.111856 7.186522
1.302919 -2.428419 6.186166
-8.022662 0.346928 4.524203
0.054490 2.504869 5.276609
-5.324494 -2.692745 1.996544
-5.981701 -2.741622 1.775878
-5.872901 1.671743 -0.548262
4.082766 -4.849294 2.194149
-2.772215 2.544100 6.524063
-2.962271 2.363918 6.511222
-7.205070 -1.299326 2.503694
-7.554081 -0.154032 2.026758
-6.879407 0.865052 0.007165
1.770665 -2.562439 6.197893
4.599315 0.610737 -1.667122
0.169796 2.318527 6.662674
0.233129 -1.111856 7.186522
5.761012 -0.442173 -1.672321
-5.864676 0.557151 4.895617
4.337048 -2.780545 3.482422
-8.257802 -1.552729 4.500012
-8.243009 -0.880013 4.515152
-6.212413 2.531646 2.640080
3.126289 -5.539858 -1.653477
-0.247035 2.352379 3.517009
-2.036234 -1.040548 6.980531
-7.769203 2.061380 3.971622
4.544171 -2.573763 3.032083
4.082766 -4.849294 2.194149
3.035375 -3.624096 3.605679
-7.201074 1.323271 0.940514
-0.704177 -4.506975 -1.663710
-0.441701 -4.490346 -1.653014
-6.415741 -0.351555 6.150999
-3.551017 -1.620845 5.228431
-5.981701 -2.741622 1.775878
-7.660444 -1.812410 3.855688
-8.257802 -1.552729 4.500012
-5.516426 -3.844830 1.954355
-3.342491 2.601993 -1.699148
-3.991185 1.805542 -1.710966
0.682594 -5.327594 -1.619754
1.038719 3.568316 3.673462
-5.568600 0.861648 -1.668111
3.585655 -2.858653 4.844810
3.368062 -3.199362 5.218306
-6.545099 -2.397009 1.544924
-6.367192 -1.072652 5.080212
3.182494 4.249300 -1.685212
-6.375500 0.353579 -0.694769
-5.769421 0.526062 -1.112095
-5.568600 0.861648 -1.668111
0.067492 1.648534 6.854845
0.169796 2.318527 6.662674
-5.769421 0.526062 -1.112095
-4.365663 -1.562781 5.163991
-0.131795 0.693691 6.892574
-3.570979 -4.495818 -1.648960
5.977514 -2.558129 -1.635158
5.413692 -3.374971 -1.590394
5.373749 -3.633790 -1.597189
5.157664 -4.200428 -1.612116
4.730342 -4.530153 -1.613148
3.561279 -5.153235 -1.623636
3.126289 -5.539858 -1.653477
0.342491 -0.997973 -2.485283
0.489435 -5.401618 -1.655009
-0.177798 -5.263812 -1.654117
-0.441701 -4.490346 -1.653014
-0.704177 -4.506975 -1.663710
0.342491 -0.997973 -2.485283
-4.119174 -4.236660 -1.644650
0.342491 -0.997973 -2.485283
-4.119174 -4.236660 -1.644650
-4.706778 -4.267782 -1.680803
-5.569605 -2.474896 -1.715943
-5.728456 0.462937 -1.697095
-5.568600 0.861648 -1.668111
-3.991185 1.805542 -1.710966
-3.342491 2.601993 -1.699148
3.182494 4.249300 -1.685212
3.289122 3.715618 -1.701757
4.448559 1.834921 -1.704422
4.491278 1.386917 -1.679826
4.289904 1.222402 -1.672220
5.326899 0.583051 -1.667389
5.761012 -0.442173 -1.672321
6.086178 -1.582029 -1.639243
1.700624 3.106148 4.055521
0.139587 -4.713812 2.983441
6.308755 -2.351143 -0.178378
6.357490 -1.986802 -0.491773
-5.964053 -2.889414 0.384158
-6.041956 -2.886358 0.121603
-5.962627 -3.573552 0.691136
-0.971221 -4.891160 -0.563665
-0.974070 -4.712362 -0.662620
-0.426612 -5.015273 -0.671610
4.313813 1.907012 -1.216126
-2.998398 2.431542 1.679703
-1.886589 3.499477 2.911743
-1.581657 3.617640 2.103339
-2.836257 2.585023 2.755578
-6.051913 -1.736181 4.152184
-6.582980 -2.199263 2.694976
4.183351 -2.928313 3.419322
4.412569 -2.761589 3.187595
-2.771108 2.522137 6.522665
5.220266 -2.053644 2.585356
5.476162 -2.773577 2.304728
5.390844 -1.639045 1.897479
3.755412 -3.047400 4.408457
3.301533 -3.462312 4.493829
4.854330 0.614200 -1.648686
5.330366 0.578909 -1.666535
-6.923028 -0.625757 4.917689
-8.022821 -1.289485 4.732720
-7.268599 -1.138816 4.884082
-5.521225 2.603673 5.561877
-5.098509 2.496620 5.615367
-5.110211 2.622317 5.028181
-5.116014 2.669296 4.703382
-0.971920 -1.937954 6.518406
-0.784405 -2.143321 6.629560
-7.150486 1.428898 0.868530
2.237578 -1.329978 5.511704
2.170044 -1.158449 5.325963
5.591140 -3.808007 -0.202062
5.552229 -3.529609 0.200398
-4.857059 2.577803 3.293567
-4.695201 2.366100 3.340526
-4.573247 2.619876 3.095028
-2.632859 -4.026031 2.782153
-4.966702 2.740391 4.717252
-4.851532 2.599086 4.185229
-5.629316 2.946186 3.938126
-5.535918 -1.544116 -1.715583
-5.985016 -0.824605 5.275836
-5.821916 -1.365393 5.329241
-4.790597 -1.455507 5.559757
-0.139414 0.694562 6.922215
6.069550 -1.578727 -1.629006
-3.115760 -1.138014 7.009978
-2.325431 -1.187301 7.033151
-3.326774 -0.379945 6.735133
4.277093 0.906303 2.464934
-4.558089 -0.832963 5.761625
-3.871732 -0.809589 5.666739
0.315608 3.670285 3.476835
1.042599 3.558835 3.657220
6.148878 -2.775369 -0.587747
3.189774 0.222346 4.091806
-6.024117 -3.864367 1.110941
3.121781 2.373894 2.996691
5.499959 0.519823 -0.660173
-1.096673 -3.341517 3.591135
-1.000030 -3.097890 3.647515
-1.869125 -2.998639 3.449159
-5.562281 2.198279 1.823769
-5.256200 2.655900 2.507190
4.447181 1.833685 -1.704695
5.788505 -3.091360 -1.619422
2.827628 -5.186913 2.101579
2.326948 -5.107709 1.233158
-6.554220 1.578722 0.217731
-7.018220 1.257336 0.209232
-0.769742 4.097093 2.312535
-1.281783 3.523793 3.030860
1.478462 3.597949 3.623606
1.888751 3.076705 3.401701
3.063659 2.856924 1.862388
1.239340 -1.159697 6.250013
1.220538 -0.368969 6.153272
-0.259719 -2.553623 6.642062
-0.312498 -2.255479 7.048676
-2.153693 3.081703 0.220080
-1.885180 2.977613 0.786251
4.688836 -0.616756 2.332268
4.352200 -1.145765 2.891890
-6.619045 0.919750 0.127875
-6.879469 0.864384 0.007233
1.620793 3.634854 3.459721
1.478462 3.597949 3.623606
1.620793 3.634854 3.459721
-8.089098 0.364781 4.394473
-8.057612 0.201706 3.880213
-8.276290 0.076836 4.232303
3.547353 2.922873 1.479750
-0.530744 -3.136423 4.600052
-4.069307 -4.421412 -0.969308
-4.464327 -4.359671 -0.758023
-0.099066 3.906978 3.155822
0.611570 4.097048 2.697068
-0.291437 -3.851229 4.682989
1.282241 -2.897123 4.838381
1.172710 -3.083691 6.215902
1.498097 4.046407 2.903151
-1.979455 -4.811837 -0.784591
4.592474 1.175717 -0.924418
4.628907 0.829295 -1.644876
0.737729 0.080020 6.544779
0.763935 -0.209331 6.572690
-6.834373 3.036335 4.446185
-7.034876 2.986814 4.254921
-6.998253 2.799703 4.397125
3.724968 -3.707043 3.461294
3.250107 -3.381945 3.541777
3.152295 -3.544646 3.552115
-1.384847 -1.987185 6.264190
-7.427616 0.698559 2.178555
-7.534799 1.144269 2.137685
-7.404270 1.045173 2.217603
-7.230125 1.090284 2.233464
0.603121 -2.163120 6.491972
-0.163944 -2.478746 6.659220
0.940780 -2.061225 6.423561
0.633805 -2.008557 6.618365
5.469645 -3.860119 2.174374
-0.510765 -4.993512 0.989718
-0.681644 -4.665780 2.506398
-1.848607 3.336859 2.946702
-6.184882 2.160441 5.389356
-6.002434 2.200423 5.429725
-1.004755 -4.428431 3.244766
-6.420552 -0.685106 5.459303
-6.345543 -0.788198 5.034282
-6.301094 -0.672913 5.189924
-5.888345 1.047249 -0.621147
-5.747321 1.619878 -0.668142
5.561877 -3.356881 -0.223265
5.519365 -3.301896 -1.594272
5.372806 -3.633988 -1.594702
5.742496 -3.509589 -0.220380
-1.810635 -2.869972 3.536808
4.691695 0.622230 -0.833300
4.229021 -3.127933 3.835579
-7.136325 -1.257387 2.805423
-6.986354 -0.325666 2.478468
-2.177801 2.482702 6.590329
-0.094117 -1.446151 7.201325
-0.531528 -1.763038 7.427517
4.470927 1.304439 -1.074054
4.270659 1.219308 -1.659958
4.553294 1.395701 -1.086349
-0.622293 3.949870 2.311504
-0.364142 2.287501 3.766878
-1.567587 2.793856 6.789825
-2.007202 2.095948 3.017334
-2.176271 2.148283 3.319777
-1.542101 2.203732 3.424945
4.442326 -4.057841 2.375398
4.676620 -4.217435 2.733120
1.558662 2.859745 4.730406
0.248752 3.397331 -1.704921
-8.183644 -0.836849 4.653954
-6.053395 1.167839 5.845095
3.359199 3.801020 -0.284177
3.035187 -3.636887 3.629951
2.147943 -3.420272 3.610521
2.521452 -3.509133 3.534923
-2.947075 2.374683 4.927106
-3.094170 2.109206 5.417193
-2.432269 2.418691 4.426341
-6.401605 -0.354736 6.144500
-7.477923 0.052927 2.270565
-5.895322 2.917859 3.481566
-5.537399 3.099992 3.338951
-5.758953 2.513335 2.647334
-3.561149 -1.696325 5.631335
-3.580702 -1.617165 5.478977
-3.360586 -1.735790 5.470342
-3.504677 -1.235382 5.495159
-6.932794 -2.139934 2.755890
-6.441360 -2.480074 1.705661
-3.519109 -1.219206 6.570241
3.615030 -3.401680 3.568224
-6.088962 1.525062 5.676477
-4.216701 -0.937264 6.868900
-6.260103 -1.519081 5.032977
-6.366170 -1.300265 5.203280
-2.705287 2.513075 2.220736
-2.036118 -1.388080 6.827227
-5.304399 -1.612927 4.846010
3.416073 -4.277827 3.481716
3.072772 -4.152585 3.648041
5.214521 -2.791646 2.283893
5.475518 -3.094039 2.116430
5.027188 -2.651130 2.493872
-4.306875 -1.517059 5.720723
5.091186 -1.760562 2.849158
4.527596 -1.567830 2.990261
4.711360 -1.627754 3.053688
-2.263629 2.852785 0.202097
-2.262819 2.928042 -0.301935
-7.392767 -0.033211 2.010299
-4.743427 1.564003 -0.601569
-4.664637 1.629219 -0.037938
3.933077 2.508752 1.020918
1.743399 -3.047785 4.342438
-6.330334 -2.884361 1.528479
-6.059459 -0.557303 6.313972
-5.798658 1.704605 1.327974
-4.503109 2.473839 3.993489
-4.326849 2.062702 5.057086
2.470883 -5.254259 0.823201
2.363266 -5.276871 1.138362
2.311906 -5.264213 0.785914
-4.565810 2.707632 2.671692
0.345155 -0.342973 6.942746
-1.989309 2.793041 -1.710252
-3.352859 2.650579 -1.718806
-5.951974 -3.913277 1.394450
1.143893 -2.292111 6.399136
-1.677500 3.567626 1.197511
-0.965223 3.816422 1.865807
5.565220 0.668777 -0.281032
4.490247 -2.793521 3.646487
-4.344759 2.613483 2.423530
-4.400622 2.753615 2.695119
-0.590374 -4.430418 -0.735501
-6.241700 -0.968782 5.246794
-6.345543 -0.788198 5.034282
-6.360725 -1.068251 5.073757
-5.336694 2.502352 5.157504
-4.997512 2.606986 5.037954
4.310876 -1.324411 3.449093
4.030135 -0.524731 3.211038
0.346682 -5.286473 0.183905
0.029782 -5.150439 0.358100
-6.521844 1.862281 4.436229
-6.718213 2.004440 4.245809
-6.767227 1.893252 4.160231
-5.951133 1.379681 -0.025427
-5.973152 1.479800 0.281943
-5.916395 1.759890 0.334473
-1.067363 -4.085998 3.743043
0.092937 -3.077201 6.617213
-5.256200 2.655900 2.507190
4.714839 -4.371327 2.262903
-4.136078 0.690610 6.160204
5.349113 -3.771192 -1.605523
5.291062 -3.728302 -0.366551
-3.148957 -2.992311 2.540601
-4.644342 -0.770762 6.664497
3.148603 -0.718364 4.320494
-2.036669 -1.030756 6.985641
-0.726389 -1.743188 7.412742
-4.206361 2.485491 1.769409
-6.953168 2.467234 3.698092
-2.829601 -4.357099 1.402653
4.711264 -1.065758 2.560849
-7.215843 -2.006558 3.165289
-7.282215 -1.149992 3.372303
-6.268689 -2.735192 0.847037
4.782482 -4.793681 1.016125
4.183319 -4.985720 1.504408
4.829590 -5.106493 0.815537
-5.338126 2.852620 4.538823
-5.916219 2.174424 5.596317
4.623463 0.943624 1.249647
4.832465 0.331427 1.281630
-6.385039 0.361892 -0.702891
-0.720082 -4.221323 3.794345
3.681238 -4.869000 2.729613
3.362935 -4.991482 2.917335
3.579891 -4.967203 2.723216
-6.302826 -0.490115 6.234495
-6.401605 -0.354736 6.144500
4.968953 -5.061247 0.482065
5.035727 -5.165381 -0.368018
-3.421950 -1.154886 5.970284
-3.625470 -1.122489 6.333241
0.682243 -5.330297 -1.618038
3.577626 -2.866445 4.836145
0.531836 -5.308150 -0.684940
-0.166308 -5.426515 -0.738921
0.488838 -5.405591 -1.655286
-5.320829 -2.664977 1.989211
-5.697164 -2.721640 1.949174
-5.306154 -3.134192 1.873567
3.086447 -5.183252 0.992885
2.470413 -5.418193 0.881478
1.347573 3.063969 4.070308
-6.360725 -1.068251 5.073757
-7.262663 -0.723315 0.959623
-5.507281 -3.738776 -0.472382
-4.861619 -4.105528 -0.250403
4.736760 -4.533605 -1.616015
3.141220 4.251657 -1.123795
-7.200090 1.322441 0.940489
4.161067 -3.116024 3.544623
-2.776865 -4.420032 2.727567
-7.619010 1.244939 2.508438
-3.875618 -4.484888 -0.944925
-3.571927 -4.493843 -1.648775
-7.210637 -1.303110 2.502970
-4.119174 -4.236660 -1.644650
-7.561685 -0.152427 2.027909
3.305260 -4.627065 3.348804
-2.223055 0.524190 6.724343
-2.636089 2.576168 4.385767
-3.133206 2.751361 4.247698
5.255546 0.211809 0.587943
5.264400 0.165895 0.994269
-3.062855 2.705969 3.339401
-3.558065 2.955848 2.639421
1.507859 3.169596 4.411680
1.184263 3.186131 4.372985
-3.383140 -1.481704 6.057286
3.429120 3.312905 -1.698262
2.302671 -2.800939 5.800829
2.883516 -3.145041 5.390580
0.169656 2.318037 6.660541
0.226625 2.707277 6.373917
-2.176271 2.148283 3.319777
-1.542101 2.203732 3.424945
-0.640716 -2.025679 7.331273
-0.726389 -1.743188 7.412742
-5.708082 -2.355148 -1.253080
-5.437502 -3.653525 1.976722
-4.400563 -3.914779 2.211363
-3.056035 -4.120191 2.058275
-6.947065 2.244524 3.633623
-7.397405 1.839935 1.855821
-7.200090 1.322441 0.940489
-7.525926 0.666844 1.389672
3.088635 -5.525751 -0.218954
-3.382285 -2.869956 2.323042
-7.366558 -0.843741 3.148063
-7.437712 -0.807793 3.382698
-7.685657 -0.582150 3.471663
-0.676070 -3.935265 4.385117
-1.423491 2.852278 6.595314
-0.637532 -3.468229 6.487279
-0.703767 -3.590270 6.010156
-0.133457 -4.317586 3.016611
0.338850 -4.037631 3.206207
-2.435295 -0.102588 6.803805
3.048313 -0.017222 4.125565
1.358894 -1.116322 6.299176
1.390719 -1.469854 6.394719
3.227264 -3.449352 3.751548
3.114524 -3.393556 3.493595
-7.067773 0.924045 2.287853
3.422982 2.972081 0.526880
-7.866357 1.730591 4.158247
-7.766993 2.055315 3.970454
5.636346 -3.300894 1.752181
-5.135414 1.810301 -0.644554
1.062590 -3.844052 3.909178
1.862425 -3.206139 4.084691
3.106502 1.322208 4.031793
-1.960896 -3.081243 3.385248
4.651971 -5.044007 -1.639903
4.857374 -5.151616 -0.614909
4.376311 -2.745766 3.820823
-3.965268 -1.788082 5.609149
0.959996 -0.250002 6.204693
-7.268599 -1.138816 4.884082
-7.876956 -1.389953 4.766611
-3.559878 -1.271687 5.851075
-8.022821 -1.289485 4.732720
0.101678 2.666614 4.644271
0.925273 2.907906 4.519470
-1.070294 -4.054943 4.000541
-5.873171 0.067576 -1.208947
-5.558743 0.140629 -1.689393
-5.733730 -0.009018 -1.712876
-6.100107 1.290538 0.230794
3.542605 2.353862 2.176986
-2.693598 -4.359860 0.204245
4.653406 -1.266554 2.529275
-0.378202 -3.734521 4.733272
-2.094603 3.001415 1.111863
-2.418566 2.836230 1.416516
-3.494680 -3.587849 2.416893
-5.528197 -2.452514 -1.682344
-5.454626 -2.366296 -1.440420
0.945520 -2.064661 6.725804
1.332586 -1.994684 6.550161
-5.490234 -2.212669 -1.693386
-6.055340 0.459307 -0.809103
-0.816216 2.797168 6.651762
-0.590398 3.633075 3.180335
4.858767 -0.841876 2.248224
-0.398937 -4.429940 -0.997366
-0.394707 -4.759728 -1.653311
-3.959780 0.691131 6.257806
4.857374 -5.151616 -0.614909
4.951041 -5.285371 -0.298251
4.749218 -5.267304 -0.579867
0.074389 2.677830 5.333411
-0.094793 2.640853 5.284315
-3.278223 2.478424 1.285457
1.972371 -5.344516 0.398254
2.196966 -5.251075 0.446502
-5.642982 -3.317734 1.984482
-5.323070 -3.225297 1.995121
-2.557229 -4.504373 -1.654987
-3.025272 -4.381436 -1.651720
3.995759 1.783084 0.904732
-6.059996 1.958081 4.629896
-6.809485 -0.000267 4.808866
-0.999605 4.005232 2.025783
3.338085 -3.281500 4.956683
-1.133153 -4.212801 3.616735
-7.492495 -0.995234 3.512553
2.883516 -3.145041 5.390580
-2.101234 -2.924195 3.014188
-6.391303 -1.264316 4.883223
1.538486 -3.517436 3.828683
1.610616 -3.752541 3.387428
1.763106 -3.900210 3.511589
1.730430 -3.735323 3.809505
-4.470232 2.157585 1.956473
-7.620467 0.786071 3.319455
-6.967162 0.423788 2.453979
5.436550 -3.541417 -0.264345
5.412745 -3.375170 -1.587896
4.470922 -0.909063 3.208952
4.450287 -1.242421 3.132321
4.160089 -0.915420 3.214995
-7.590657 1.384655 2.881007
-1.579747 -3.863010 3.257918
-1.833070 -3.609412 3.098192
-1.189253 -4.330494 3.291493
-6.551179 -2.396078 1.545136
-6.889853 -2.194515 1.818519
1.133196 -3.954144 3.341536
-6.462902 1.088606 -0.010425
1.939075 3.172208 3.111620
2.126443 3.693186 2.899889
-5.602144 1.848055 0.960542
3.090778 -3.358472 4.766443
0.372522 -3.078406 6.624301
3.090778 -3.358472 4.766443
3.367746 -3.196239 5.218447
0.280635 -1.779202 6.794724
-2.473805 2.885491 1.098496
3.416073 -4.277827 3.481716
3.607420 -3.773843 3.595245
-4.484340 2.576463 3.513110
-4.951308 2.429292 3.887408
3.141220 4.251657 -1.123795
3.161151 4.227585 -0.224542
2.950718 4.065732 0.980277
5.530311 -1.099723 0.862062
4.564740 0.599269 -1.639694
-7.018581 1.085286 2.472695
2.448367 4.071115 2.101727
5.835855 -2.143199 1.280116
5.756436 -2.103077 0.785529
-4.904252 1.800519 -0.534009
-0.177430 -5.263202 -1.654045
5.156995 -4.200064 -1.611816
5.143925 -4.812707 -0.085583
3.488634 -5.160722 -0.441361
3.556758 -5.154145 -1.624158
4.314426 -5.200595 -1.640355
-2.880782 -4.488516 0.069175
3.634014 3.108223 0.714609
-4.176219 2.397668 1.442307
-0.205490 -4.690574 2.429314
2.350543 4.126603 -1.675203
-2.972245 2.857299 -0.404459
-0.401637 -5.162884 -0.258158
5.072036 -0.314147 2.018532
-4.127084 -3.773513 2.271742
1.345120 3.520329 3.806277
5.572393 -0.431358 0.764874
-4.670141 -4.249923 -1.657150
-4.467456 -4.378564 -1.649160
4.550869 0.784381 0.879370
4.461183 1.152836 0.982849
-7.393333 2.372546 2.502646
-7.422881 2.081633 1.986869
-7.397405 1.839935 1.855821
4.554321 -2.729610 3.269189
-3.764078 2.041231 6.167523
-4.136828 2.029287 5.854243
-4.220011 2.015610 6.146892
0.537826 -0.109099 6.562059
-5.969692 1.414456 4.772840
-3.385398 2.142629 6.289865
-7.036720 2.180580 3.792382
4.865331 0.699047 0.401216
-0.364142 2.287501 3.766878
-0.317175 2.228050 3.585440
2.773092 -1.527195 4.755136
0.232917 -1.883484 6.474960
1.452747 -3.360947 3.919116
3.301533 -3.462312 4.493829
3.286860 1.511846 3.808383
6.164127 -2.397410 -0.358624
6.076580 -2.331948 -1.620289
0.053523 2.504533 5.276361
0.197664 2.694158 5.004762
0.657405 2.860886 5.076372
-2.145761 0.335138 6.632693
-6.215193 2.535867 2.642095
-5.758953 2.513335 2.647334
-6.828621 2.480489 2.417993
-3.062855 2.705969 3.339401
4.651971 -5.044007 -1.639903
-0.232912 3.317786 -1.682924
6.029690 -2.325106 1.165487
2.930407 2.226473 3.649932
-4.390867 -0.785048 6.812850
-4.644342 -0.770762 6.664497
-1.281642 2.082637 3.435402
-3.312919 2.746824 -1.157084
-5.625087 -3.498329 1.851884
-6.048221 1.023279 -0.247669
3.305260 -4.627065 3.348804
3.681238 -4.869000 2.729613
3.268720 3.711363 -1.694164
-7.674411 2.187380 3.637325
3.152295 -3.544646 3.552115
3.144063 -3.715275 3.580497
1.135787 -2.743399 6.249286
1.321172 -2.439111 6.182032
2.223472 -5.487895 0.239282
-8.249636 -1.552235 4.502772
-6.219960 1.681056 0.351358
2.008357 -3.299849 3.883672
2.292327 -5.466402 0.763461
-6.215193 2.535867 2.642095
-0.094793 2.640853 5.284315
0.157115 2.593562 5.050463
-6.330334 -2.884361 1.528479
3.305363 2.750250 2.012277
-3.990920 1.798978 -1.708779
4.711924 0.596478 -0.037777
-5.872627 1.671729 -0.548879
-2.964601 2.364117 6.517508
-2.039605 -0.088859 6.841743
2.347236 2.453811 3.975051
-2.732017 2.592159 2.885855
-8.249636 -1.552235 4.502772
-8.003657 -1.654168 4.281817
-1.728742 0.334184 6.968598
-3.855170 3.017615 2.764884
-6.879469 0.864384 0.007233
-5.821331 -3.773372 1.934717
4.336878 -2.778870 3.481972
3.338085 -3.281500 4.956683
-5.019810 -3.941207 -0.749079
1.308505 3.668534 -1.688622
-5.133885 -0.574651 6.586047
-8.011848 0.342577 4.524037
1.770846 -2.561637 6.198074
-5.059472 1.639328 6.047268
0.169656 2.318037 6.660541
5.946831 -2.552098 -1.615007
0.231918 -1.115833 7.183348
0.925273 2.907906 4.519470
5.501618 0.136625 -1.673726
-5.864676 0.557151 4.895617
-2.325431 -1.187301 7.033151
3.189774 0.222346 4.091806
0.231918 -1.115833 7.183348
5.981805 -2.128604 0.606110
-0.355112 2.234254 6.798260
4.544226 -2.573325 3.032111
3.106502 1.322208 4.031793
-0.139414 0.694562 6.922215
0.041378 -0.288144 7.112140
-0.703708 -4.502061 -1.659458
-0.441701 -4.490346 -1.653014
-5.488614 -2.862814 -1.667521
-3.550900 -1.613283 5.228617
3.453231 3.171362 -0.598821
-0.355112 2.234254 6.798260
-8.237658 -1.193364 4.645330
-6.834628 -0.268780 4.991370
0.626851 -5.250655 -1.636636
-8.107997 0.672280 4.345202
-2.718765 -4.292337 2.600058
-4.747466 1.405450 -1.674925
-6.420552 -0.685106 5.459303
-6.301094 -0.672913 5.189924
-4.269040 -4.373345 -1.651042
-6.154824 -3.628963 1.743954
5.765568 -0.441276 -1.673715
4.137327 1.025776 2.052980
3.579891 -4.967203 2.723216
-5.490234 -2.212669 -1.693386
-5.528197 -2.452514 -1.682344
-6.646631 2.008839 4.557072
3.183978 4.249637 -1.685793
-7.987176 1.417454 4.321363
-7.276144 -1.965161 3.637275
-7.145127 -1.976493 3.431926
0.197664 2.694158 5.004762
3.114524 -3.393556 3.493595
-5.551108 0.837053 -1.655763
-5.778836 0.534176 -1.121242
0.657405 2.860886 5.076372
0.342439 -0.997930 -2.485330
-5.535918 -1.544116 -1.715583
5.788505 -3.091360 -1.619422
5.519365 -3.301896 -1.594272
5.398141 -3.503371 -1.594240
5.372806 -3.633988 -1.594702
5.156995 -4.200064 -1.611816
4.736760 -4.533605 -1.616015
3.556758 -5.154145 -1.624158
3.437984 -5.264782 -1.616668
2.016443 -5.502852 -1.650072
1.450080 -5.340483 -1.614568
0.488838 -5.405591 -1.655286
-0.177430 -5.263202 -1.654045
-0.441701 -4.490346 -1.653014
-0.703708 -4.502061 -1.659458
-2.557229 -4.504373 -1.654987
-3.025272 -4.381436 -1.651720
0.342439 -0.997930 -2.485330
-4.119174 -4.236660 -1.644650
0.342439 -0.997930 -2.485330
-4.119174 -4.236660 -1.644650
-4.467456 -4.378564 -1.649160
-4.670141 -4.249923 -1.657150
-5.528197 -2.452514 -1.682344
-5.490234 -2.212669 -1.693386
-5.551108 0.837053 -1.655763
-5.254694 1.161621 -1.638799
-3.352859 2.650579 -1.718806
-1.989309 2.793041 -1.710252
-0.232912 3.317786 -1.682924
0.248752 3.397331 -1.704921
2.913563 4.282928 -1.678332
3.183978 4.249637 -1.685793
3.429120 3.312905 -1.698262
3.541978 2.847393 -1.692333
3.728790 2.163098 -1.676667
4.447181 1.833685 -1.704695
4.270659 1.219308 -1.659958
4.628907 0.829295 -1.644876
4.633937 0.764287 -1.641842
4.854330 0.614200 -1.648686
5.330366 0.578909 -1.666535
-6.553829 0.549168 -0.476357
-6.384101 0.360590 -0.701255
2.605751 2.127710 4.418680
2.349541 2.136110 4.708861
0.351107 -4.680078 3.102811
-1.833355 -3.608560 3.099708
6.294325 -2.351255 -0.182600
6.357115 -1.986688 -0.491619
-7.446963 -0.739081 2.282737
5.660562 -0.216882 0.518871
5.557057 -0.431304 0.762198
5.613206 -0.480882 0.616904
0.418195 -1.276618 7.055254
-5.966171 -2.889690 0.382887
-6.050247 -2.890617 0.121452
-0.971438 -4.888735 -0.562104
-0.974070 -4.712362 -0.662620
-0.461851 -4.741793 -0.803612
-0.425749 -5.014279 -0.671374
3.702143 2.176766 -0.957190
4.200934 1.931288 -0.840406
-3.024722 2.453193 1.947670
-2.998829 2.432172 1.679898
-1.893334 3.506068 2.909678
-2.850493 2.599657 2.750813
4.183946 -2.928154 3.421590
4.280533 -3.609914 3.436487
-2.771108 2.522137 6.522665
-2.387665 2.643308 6.200718
5.475200 -2.773244 2.304056
5.396302 -1.637384 1.900216
3.903100 -3.125848 4.206517
3.301820 -3.450136 4.184256
5.401762 0.684977 -0.950319
5.321568 0.574200 -1.660660
-7.158860 -0.769913 4.860342
-5.521225 2.603673 5.561877
-5.098509 2.496620 5.615367
-5.111962 2.625010 5.027555
-5.116014 2.669296 4.703382
-5.205588 2.443015 4.711302
-1.082036 -1.835464 6.785449
3.607420 -3.773843 3.595245
-6.392550 1.693257 0.827332
-7.149897 1.427483 0.869114
-6.694616 1.764847 1.047863
1.390651 -1.469507 6.394601
1.323162 -1.993042 6.535337
2.178056 -1.158641 5.335203
1.621910 -1.240958 5.828707
5.590920 -3.807818 -0.202121
5.558409 -3.532824 0.199835
-6.893298 -2.193161 1.815710
-4.856582 2.578288 3.294917
-4.695383 2.364925 3.340530
-2.636673 -4.025002 2.790989
-2.346385 -4.588554 2.867510
-4.966702 2.740391 4.717252
-5.208111 2.662097 3.763549
-5.525977 -1.542956 -1.708206
-0.163728 -2.479067 6.658434
-5.504776 -0.986560 5.454576
-5.985016 -0.824667 5.275847
-4.691823 -1.590990 5.430025
-4.789476 -1.454667 5.553337
6.062806 -1.579844 -1.620952
6.026268 -1.359546 -1.630506
6.104942 -1.277835 -0.666751
-7.830430 1.921355 4.126486
-7.865096 1.730018 4.158121
-1.580034 -3.863218 3.257909
-3.115739 -1.138595 7.010004
-3.328902 -0.377958 6.740285
-3.479777 -1.092405 6.992795
4.221178 0.177089 2.924704
4.179462 0.709973 2.809012
-0.192182 1.332090 6.897844
4.406946 -4.806359 1.819028
4.616666 -4.658619 2.022521
-7.198000 1.320569 0.938807
-3.870948 -0.809112 5.666075
0.314637 3.664951 3.473153
1.042444 3.557935 3.656655
6.264985 -2.880172 -0.224339
3.775740 0.141276 3.657104
3.237148 0.491012 4.041788
-6.321838 -2.772978 1.103730
-6.023198 -3.864152 1.110986
6.020114 -2.935826 0.652628
-1.434821 3.831105 2.405257
-0.999522 4.005263 2.025775
5.497199 0.519331 -0.659730
-1.096673 -3.341517 3.591135
-1.000030 -3.097890 3.647515
2.690113 -0.094583 4.644391
2.696140 -0.522909 4.681421
2.816844 -0.476787 4.401214
-5.277582 2.328274 2.079393
-5.562099 2.197958 1.823780
-5.168364 2.508154 2.277043
-1.477136 -0.898473 7.063366
-1.452485 -0.652353 6.975436
5.788354 -3.088900 -1.616359
5.620148 -3.257279 -1.605710
-7.018220 1.257336 0.209232
-6.554043 1.577702 0.220084
-1.069817 3.983855 2.594666
-1.281105 3.521816 3.028131
-3.309674 -3.825674 2.444663
1.478462 3.597949 3.623606
1.935844 3.168737 3.108505
3.064079 2.857049 1.862800
5.409478 -4.290036 -0.441874
1.239340 -1.159697 6.250013
1.217228 -0.369659 6.150482
-0.261244 -2.554857 6.646319
-0.312003 -2.255140 7.048811
-0.973360 -2.160891 6.298580
-2.151427 3.077404 0.220726
-1.884478 2.975209 0.786257
4.406946 -4.806359 1.819028
4.178116 -4.986916 1.503674
3.269045 3.712067 -1.693307
4.606878 -0.898755 2.305490
4.615115 -0.614583 2.497339
5.176229 -2.341263 3.047587
5.369847 -2.757030 2.579833
-6.618036 0.918349 0.127402
-6.879289 0.863674 0.008243
1.855501 3.598623 3.126463
1.620164 3.629808 3.457613
1.620164 3.629808 3.457613
-8.088431 0.364439 4.394385
-8.058786 0.200927 3.879583
3.548717 2.924016 1.481799
3.249169 2.961408 1.690130
-0.530971 -3.136576 4.600062
-4.292749 -4.329408 -0.494465
-4.008449 -4.361865 -0.649114
0.897574 -3.512638 4.477242
1.281765 -2.896094 4.837674
1.266304 -3.296992 4.619690
-1.978771 -4.807513 -0.783213
4.596839 1.179059 -0.923584
4.740639 0.929539 -0.842504
0.738921 0.080303 6.545996
0.893543 -0.157683 6.427629
1.070158 0.017603 6.285202
-6.834373 3.036335 4.446185
-7.033738 2.985725 4.256240
3.723137 -3.708550 3.460632
3.250122 -3.381991 3.541777
3.152295 -3.544646 3.552115
0.366996 2.862068 4.296566
0.103345 2.663580 4.643727
5.590012 0.123667 0.129842
-7.522328 0.667078 1.390658
-7.423542 0.505841 1.797945
-7.467652 0.780840 1.688032
-7.426100 0.698763 2.177940
-7.404270 1.045173 2.217603
1.347549 3.062665 4.069999
1.546177 3.171690 4.052854
1.249220 3.397956 3.970831
2.289619 -5.511034 -1.636379
3.301061 -3.461957 4.493574
3.071190 -3.444559 4.185733
0.602781 -2.163277 6.490407
0.940780 -2.061225 6.423561
5.357854 -4.072553 1.943218
5.463780 -3.855549 2.173681
-0.616336 -4.772494 1.901885
-1.630284 3.723128 2.959528
-1.846304 3.335653 2.938638
3.288544 -3.258051 4.686537
-5.966573 1.981095 4.674828
-6.184882 2.160441 5.389356
-6.002434 2.200423 5.429725
-0.419096 -4.880085 1.369724
-0.508848 -5.003107 0.990820
0.921951 1.780221 5.902424
0.582221 1.802813 6.329124
4.554291 0.787286 0.878596
4.630998 0.819118 1.084530
-1.004755 -4.428431 3.244766
-6.352934 -0.301873 5.038920
-6.345543 -0.788276 5.034297
-6.419775 -0.683079 5.458514
-5.095333 1.345530 -0.671160
-5.886218 1.047158 -0.619768
-5.747321 1.619878 -0.668142
4.379335 -2.741241 3.824766
5.560515 -3.354207 -0.223291
5.515175 -3.294191 -1.588193
5.398141 -3.503371 -1.594240
5.742496 -3.509589 -0.220380
-2.032803 -2.776903 3.469536
0.611222 -1.415223 6.938963
0.418195 -1.276618 7.055254
2.866433 3.946597 1.595200
2.445096 4.065679 2.098294
-5.868874 1.703732 0.886580
-5.603060 1.849869 0.961689
-5.990666 1.808007 0.612708
4.786179 0.659196 -0.581710
4.691695 0.622230 -0.833300
1.702318 3.785589 3.162037
-7.216313 -2.001926 3.165056
-6.918252 -2.129646 2.756271
4.224670 -3.125144 3.832793
-7.120454 -0.957555 2.523110
-7.126206 -1.253771 2.807535
-2.369458 2.656473 6.479214
-2.178039 2.484252 6.590539
3.416266 -4.277606 3.480838
3.400424 -4.555624 3.338797
-2.702404 2.567993 1.838143
-0.529696 -1.762944 7.428657
-0.342176 -2.073885 7.245005
-0.094171 -1.445438 7.200099
-0.117831 -1.746406 6.838511
4.470702 1.304333 -1.073845
4.271651 1.221288 -1.659811
4.552830 1.395747 -1.086088
3.050211 4.203889 0.107517
2.956728 4.184531 0.397699
4.463188 1.590789 1.128323
4.624618 0.946552 1.248895
-0.622088 3.942438 2.312939
-0.588049 2.306587 4.037549
-1.268718 2.772434 6.755419
-2.005919 2.098331 3.013639
-1.849234 2.162556 3.407955
-1.541546 2.208547 3.424394
-1.198364 2.133855 3.263281
-5.484045 -3.855152 -0.161496
-4.860012 -4.103058 -0.250260
-7.988626 0.961433 4.123596
5.779435 -0.551217 -1.008989
4.339125 -3.978871 3.016336
3.982004 -3.828099 3.433962
0.982862 2.762640 5.365084
0.250378 3.390759 -1.701287
-8.270093 -0.602794 4.601903
-4.816875 -4.064202 -1.648540
-4.660675 -4.243826 -1.650849
3.125778 -0.183849 4.230726
3.077943 -0.448309 4.255191
3.983704 -0.623695 3.562946
3.450960 3.198756 0.082902
1.167114 -3.547258 4.302175
1.131156 -3.580920 4.041595
3.036966 -3.646324 3.632061
2.148067 -3.421058 3.612732
2.521682 -3.510726 3.539614
-3.094110 2.109860 5.417675
-2.432747 2.406971 4.428397
-6.406817 -0.613246 5.649122
-7.044921 -0.392337 2.415809
-2.675476 2.292511 5.074324
-6.180781 2.776226 3.452391
-5.537370 3.097441 3.340573
-1.958650 2.350948 5.015568
-3.561149 -1.696325 5.631335
-3.580702 -1.617165 5.478977
-3.504677 -1.235382 5.495159
-6.826419 -2.159559 2.843345
-2.757056 -2.854427 2.742700
-2.202121 -2.785123 3.049749
-2.051980 3.205388 1.865005
-3.115739 -1.138595 7.010004
3.380006 -3.399862 3.670482
3.379002 -3.437133 3.864108
-6.088962 1.525062 5.676477
-6.200401 2.108206 5.562305
-3.962382 -1.040961 6.848101
-6.218737 -1.421686 5.254529
-6.260409 -1.521321 5.034083
-2.582740 -1.226796 6.980402
-4.880692 -3.968491 1.876564
2.623095 -4.535265 3.560655
-2.625763 0.535774 6.521402
5.214521 -2.791646 2.283893
5.634963 -2.904918 2.106534
5.027188 -2.651130 2.493872
-4.306346 -1.516274 5.719886
-4.428817 -1.120314 5.596317
5.089712 -1.761405 2.847733
4.527011 -1.568122 2.990309
4.711360 -1.627754 3.053688
1.185601 3.183573 4.372274
1.012567 3.003921 4.349757
2.974542 -1.210612 4.539166
-2.234108 3.064092 -0.060637
-2.260999 2.925421 -0.301439
-2.263261 2.851201 0.201826
-3.719614 2.410353 4.508771
-5.804938 -3.174662 -0.296216
-5.727469 -3.175897 -0.567048
-7.461023 0.149433 1.996451
-7.392767 -0.033211 2.010299
-7.473144 0.053503 2.269188
-4.609759 1.600678 -0.643142
3.926055 2.506170 1.022242
1.529795 -3.032753 4.591029
-1.085111 3.362619 3.181451
-6.256231 -2.681937 1.758004
-6.059211 -0.557864 6.312793
-6.342133 -0.577731 6.075438
-5.800995 1.710430 1.324839
-6.278745 -2.740857 0.844071
2.876845 4.186632 0.661746
2.470883 -5.254259 0.823201
2.363266 -5.276871 1.138362
2.311906 -5.264213 0.785914
5.021924 -1.078051 1.896513
-4.565947 2.703805 2.673991
-6.879289 0.863674 0.008243
0.224100 2.704132 6.371891
0.622157 2.731161 6.101230
1.105136 -0.464661 6.366946
1.031445 -0.974655 6.548479
0.206893 2.809092 5.754326
-2.858243 2.718993 -1.705078
4.439661 -4.060409 2.374648
-5.950422 -3.910812 1.393526
-2.277642 2.775216 -1.703357
0.344155 -5.295555 0.192215
0.768751 -5.102904 0.241852
3.955802 2.155072 -0.072731
-1.307775 3.715552 1.408959
-6.835798 2.465146 2.574054
-7.199230 2.420172 2.688953
5.560718 0.667694 -0.280976
1.410828 0.121608 5.765327
-0.817261 2.794769 6.648246
-0.588105 2.736409 6.641932
4.993251 -2.732255 3.082883
-4.394372 2.745030 2.695953
-4.242724 2.884681 2.476042
-6.365058 -1.299231 5.199904
-6.345543 -0.788276 5.034297
-6.361742 -1.068495 5.077449
-5.336531 2.502722 5.157651
-6.588505 -2.354824 2.256345
-6.276394 -2.415864 1.936175
-1.765776 -4.493950 -1.660590
4.051360 -0.469325 3.402497
3.914496 -0.071572 3.555582
0.028528 -5.152036 0.357416
-6.520284 1.863260 4.433299
-6.717010 2.005533 4.245195
-6.766674 1.891116 4.158485
-5.912484 1.748254 0.335305
-5.951133 1.379681 -0.025427
-5.973152 1.479800 0.281943
-1.063503 -4.085779 3.743279
-0.090384 -2.781727 6.579493
-1.400391 -4.951192 2.546912
-6.265198 -2.892097 1.643682
-6.325872 -2.882380 1.525122
-5.912397 -3.235891 1.791438
-4.804667 2.701390 2.597684
3.865251 2.113833 -1.668660
3.722996 2.150013 -1.670458
5.349586 -3.771224 -1.605118
-8.260017 -1.448728 4.604193
-8.237204 -1.193175 4.644926
-3.152480 -2.995939 2.550594
-4.844493 -0.677885 6.621105
5.175038 -4.396023 1.462834
-4.040041 2.894669 2.230767
-2.313063 -4.718050 -0.716410
4.208478 -0.526148 3.257480
4.468699 -0.911217 3.207907
4.025468 -0.526321 3.208678
-4.496675 -4.235232 0.015606
-4.338504 -4.219928 1.216254
-5.991541 -2.256383 -0.987777
4.588173 -1.090425 2.782684
4.352969 -1.147987 2.890328
4.685058 -1.277432 2.715024
4.339598 -0.984024 2.806272
4.160524 -0.915461 3.215313
-6.197177 -2.783510 0.573816
-7.383859 1.474476 1.434666
-7.145990 -1.972044 3.431543
-7.127141 -1.822942 3.289138
3.875427 2.194812 0.198658
3.525489 2.502945 0.382224
-6.979210 0.932678 0.272761
-7.086009 1.021047 0.537364
4.643983 -5.068717 1.050989
2.072685 -4.603816 3.504725
3.366803 3.370513 0.752801
2.946357 4.062182 0.979433
-6.734354 -0.240696 0.208847
0.943642 -5.037576 0.353563
4.778450 -4.789157 1.012354
4.827631 -5.103383 0.813483
4.978115 -4.846315 0.811043
-7.018507 1.085527 2.471932
-5.338126 2.852620 4.538823
-4.518312 1.766897 0.840903
-4.167166 1.956601 1.085878
1.875150 -0.110948 5.257418
-5.916219 2.174424 5.596317
-6.217821 -0.741449 5.146371
-0.208100 2.549910 4.968178
-0.095153 2.645856 5.282911
-6.271762 0.060482 -0.766154
-6.257732 -0.119518 -0.956205
-0.923295 -4.206929 3.734225
3.576152 -4.966196 2.724313
3.540758 -4.837869 2.915285
3.362889 -4.991422 2.917276
4.437397 -1.271209 3.316579
1.397299 2.621625 5.389228
-4.789283 2.457471 3.641928
-4.950226 2.425826 3.890500
-3.495033 -3.587978 2.417008
-0.140307 0.696734 6.927169
5.458077 0.730933 -0.486738
-5.946402 -3.082575 -0.064597
-5.804938 -3.174662 -0.296216
2.401553 2.595822 3.636684
-6.302826 -0.490115 6.234495
-6.436626 -0.471513 6.024516
4.965384 -5.057164 0.480899
5.024817 -5.116004 0.164903
-3.420730 -1.154145 5.969250
-3.625359 -1.122422 6.333148
5.566668 -0.053878 -1.666445
0.681904 -5.329266 -1.617313
3.589257 -3.071723 4.648608
3.754651 -3.044008 4.403183
3.884073 -2.798389 4.523305
3.125778 -0.183849 4.230726
3.483757 3.315100 0.953940
-2.897358 -4.476156 -0.491126
0.070348 -5.411873 -0.724736
0.195180 -5.382370 -1.648297
0.490976 -5.392595 -1.647154
-5.320543 -2.663021 1.988617
-5.306154 -3.134192 1.873567
-5.206220 -2.841894 1.913508
1.365929 0.428889 6.004438
1.506499 0.363219 5.695612
1.521187 1.135885 5.471935
2.639150 -5.198185 1.256537
2.469186 -5.414119 0.880394
-6.925483 -0.625803 4.929628
3.565570 2.579857 -1.680471
0.760341 3.617631 3.359345
-2.778854 2.475287 2.961776
-2.445909 2.308250 3.278821
-0.625765 3.238980 -1.236177
-0.233683 3.323153 -1.682745
-0.453385 3.260333 -1.688364
-0.534020 3.165783 -1.687387
2.144599 -0.093192 5.043651
2.391975 0.013536 4.789642
-5.734966 -3.721492 0.377515
4.888758 -4.062507 2.775877
-0.717218 3.934666 2.088234
4.897765 -4.732716 -0.545665
4.734581 -4.534756 -1.615242
-7.263216 1.640308 1.354035
4.692504 -0.203083 2.535611
2.915188 4.276250 -1.676155
2.617610 4.221349 -1.670092
-7.158016 1.186631 0.765195
-7.198000 1.320569 0.938807
4.161067 -3.116024 3.544623
-3.088202 -4.213748 2.494365
-2.776865 -4.420032 2.727567
-1.752825 -4.757013 2.956446
0.055282 -0.525566 7.158017
4.454095 1.193293 0.489718
3.881666 2.742477 0.936196
-5.068121 -1.263376 5.562733
-3.875618 -4.484888 -0.944925
-3.789652 -4.503798 -0.568311
-7.198359 -1.298389 2.498924
1.045562 3.938160 1.194785
1.394316 3.787501 0.726388
-3.849887 -4.249102 -1.649273
-0.957727 -3.034257 4.060367
-7.584950 0.033772 1.931852
-3.490663 0.930876 6.252047
-5.135414 1.810301 -0.644554
-7.247991 -1.337587 3.114326
5.471479 -3.092955 2.114026
-2.636257 2.574894 4.385438
-3.133343 2.745255 4.246008
4.278536 0.910568 2.465169
5.255546 0.211809 0.587943
5.030019 0.725020 0.841224
-5.625087 -3.498329 1.851884
-5.642960 -3.319174 1.981575
-5.840359 -3.517618 1.966763
-3.058067 2.711485 3.338861
-3.261584 2.815212 3.091359
5.094042 -2.801680 2.786772
-0.159570 2.477665 4.397339
-7.437847 2.284942 3.133955
-7.559651 2.239382 3.102854
-7.674777 2.187749 3.637241
1.276402 2.904314 4.595589
1.185601 3.183573 4.372274
4.263248 -0.634837 2.904883
4.478525 -0.581077 2.746168
-3.383140 -1.481704 6.057286
3.226554 -3.449258 3.751392
3.539185 2.846579 -1.691273
0.091506 -3.078358 6.621212
0.112746 -3.142925 6.579322
0.371305 -3.077103 6.624423
2.725997 -3.013985 5.508494
-0.024283 2.736185 6.421700
0.226823 2.559375 6.402799
0.224100 2.704132 6.371891
-1.541546 2.208547 3.424394
-1.849234 2.162556 3.407955
-0.788487 -1.875137 7.453271
-0.639469 -2.023240 7.329939
-0.727062 -1.742086 7.416970
-1.987087 2.776618 -1.701666
-5.515763 -3.828739 1.930311
-6.947065 2.244524 3.633623
-7.379529 0.911445 1.545306
-3.382285 -2.869956 2.323042
-0.875110 3.231664 -0.679037
-1.229615 3.059633 -0.293262
-7.368781 -0.843917 3.146605
-7.437712 -0.807793 3.382698
-7.688854 -0.582069 3.470178
-7.535655 -0.909914 3.334259
-8.000166 -1.651158 4.283403
6.025463 -2.324811 1.164990
6.169941 -2.381477 0.633364
4.493243 1.603408 -1.685406
-1.742571 2.663028 6.671791
-0.762591 -3.437677 6.477394
-3.238146 -4.447410 -1.645571
-0.383472 -5.072247 0.820504
-2.791201 -0.112598 6.731466
-3.630646 -4.492576 0.455770
-4.333571 -0.958468 5.693964
0.078064 -4.211542 3.047437
0.338731 -4.036574 3.206859
-4.092188 -0.884276 5.597323
0.055282 -0.525566 7.158017
-3.005460 0.302081 6.535636
-2.770057 0.135169 6.531248
-6.401498 -1.760483 4.024471
-6.056653 -1.761738 4.161674
3.048867 -0.016669 4.126914
0.924990 2.909660 4.521250
0.785516 2.905649 4.824382
-5.594350 -0.716812 -1.708694
-5.606837 -0.986026 -1.704900
3.114524 -3.393556 3.493595
-5.979702 -2.737905 1.767186
3.278604 0.769296 3.991551
0.294830 2.775159 5.495287
-7.132094 -0.418033 0.904260
-7.067773 0.924045 2.287853
-7.865096 1.730018 4.158121
-7.771594 1.527447 4.443509
-7.830430 1.921355 4.126486
-6.881069 1.670361 4.556953
-6.044983 1.163969 5.832110
-5.974141 0.770205 5.446036
-6.068327 1.113809 5.712244
1.461119 -3.398068 4.383747
-5.434012 -0.502978 6.526539
-5.801744 -0.493151 6.434028
-1.962170 -3.082165 3.385202
4.699686 -4.831872 -1.627985
4.642437 -5.035820 -1.629759
3.781924 -2.540253 4.345711
-3.965074 -1.785820 5.610187
-3.738007 -1.211758 5.705781
0.102780 -0.806051 7.190359
4.949827 -5.283550 -0.298699
5.052660 -5.102873 -0.119371
3.295824 1.518350 3.810104
3.369008 1.323206 3.858307
-7.268447 -1.138939 4.883459
-3.559878 -1.271687 5.851075
-7.627491 -1.172736 4.816890
-8.022510 -1.289712 4.732728
0.773018 3.002290 4.190271
-1.070294 -4.054943 4.000541
-0.773869 -4.082758 4.183036
-5.868759 0.068065 -1.209293
-5.718926 -0.008845 -1.698334
-2.384441 2.473191 4.702675
4.898799 -2.846345 2.660293
-5.628071 2.943551 3.940758
-5.867274 3.027987 4.529684
-2.693598 -4.359860 0.204245
-7.140163 -1.534750 2.774764
3.703165 -2.766225 4.439677
-4.762805 -1.009324 5.431673
5.272663 -1.654332 2.175992
2.956728 4.184531 0.397699
0.128904 2.724168 6.015140
0.206893 2.809092 5.754326
5.743033 -3.277287 0.911281
5.804381 -3.360409 0.162870
3.167983 4.230697 -0.838394
-0.290266 -3.852640 4.684567
-2.094603 3.001415 1.111863
-2.416327 2.831376 1.414546
-2.123824 3.037004 1.596420
-2.792603 -4.537095 -0.227828
-7.101709 -2.068814 3.297721
-5.440211 -1.848711 -1.708607
-5.533654 -2.451725 -1.682411
-5.705010 -2.354279 -1.249790
-5.454626 -2.366296 -1.440420
0.944213 -2.063953 6.723226
1.323162 -1.993042 6.535337
-5.495689 -2.211873 -1.696300
-5.459389 -2.355745 -1.690148
-5.512909 0.968218 -0.729402
-5.893439 0.427196 -0.942656
-6.061789 0.463594 -0.814785
-1.309573 -1.520577 7.220176
-1.082046 2.780262 6.544476
-7.528112 1.143530 2.136801
4.853745 -0.838554 2.240613
-0.398937 -4.429940 -0.997366
-0.389836 -4.758045 -1.650636
-6.002503 -3.038391 0.619451
-6.278745 -2.740857 0.844071
-4.137636 0.691183 6.159001
-3.960781 0.690298 6.257120
4.857374 -5.151616 -0.614909
4.749034 -5.267809 -0.579805
0.074830 2.676024 5.333619
-8.268916 0.137605 4.419172
-8.308763 -0.081621 4.489143
-3.133447 -4.003541 2.533470
2.152017 -2.828328 5.760961
2.287589 -2.837761 5.771964
2.301715 -2.801221 5.799875
2.172888 -2.746420 5.868647
1.972854 -5.339877 0.394489
2.188534 -5.369984 0.504316
2.196966 -5.251075 0.446502
-5.323250 -3.225610 1.997286
-3.024506 -4.378507 -1.649919
-1.002328 -1.656553 7.342589
3.751308 2.347214 0.882513
3.996238 1.783330 0.904795
-6.051457 0.359874 4.889431
-7.029856 -1.007044 4.833029
3.514679 -4.626584 3.085238
-5.009665 -4.071317 0.406304
3.207219 -3.302809 5.017751
-1.133084 -4.212020 3.616992
-7.484306 -0.993138 3.519216
2.725997 -3.013985 5.508494
-6.970996 -0.429947 0.620906
-2.103304 -2.924110 3.019697
-6.289880 -1.496396 4.540621
1.538486 -3.517436 3.828683
1.762693 -3.901572 3.521806
1.730430 -3.735323 3.809505
5.604717 -3.214314 1.948783
-2.302257 2.462055 5.249734
-6.098467 1.288377 0.231043
0.910702 -4.090909 3.275096
2.127631 3.693270 2.901544
-4.860624 1.796941 0.904004
-3.479777 -1.092405 6.992795
5.436550 -3.541417 -0.264345
5.412745 -3.375170 -1.587896
-7.645079 -0.861077 3.477177
4.448277 -1.242903 3.131472
5.533682 -0.759801 0.320728
-7.583868 1.385017 2.881980
-1.188136 -4.328837 3.286783
-6.890127 -1.743038 1.590320
1.064177 -3.839147 3.907944
1.133196 -3.954144 3.341536
-3.146973 2.723958 -1.709136
-3.215728 2.659373 -1.709338
1.935844 3.168737 3.108505
-0.718010 -3.383469 6.542806
-1.085023 1.016673 6.780012
1.466315 1.661862 5.511855
3.338652 -3.280481 4.956384
3.288544 -3.258051 4.686537
3.528385 -3.123127 5.058741
-4.604486 -4.208760 -0.330463
4.709960 -1.067819 2.557250
-2.469285 2.870064 1.097116
-0.620942 2.233393 3.755416
3.251889 3.483809 1.210239
3.083108 3.961123 1.192602
-6.842632 -0.989237 4.893797
3.149475 4.230280 -0.543439
-5.893439 0.427196 -0.942656
5.532085 -1.097580 0.863249
-0.452468 -4.639846 2.496055
-0.206280 -4.699512 2.431221
4.554223 0.634651 -1.637252
-0.620942 2.233393 3.755416
2.454115 3.815719 2.409153
3.161401 4.227607 -0.224511
4.963078 -4.254266 2.288045
-7.280542 -1.148004 3.372894
5.840447 -2.141439 1.281516
5.756436 -2.103077 0.785529
-6.505036 -1.678536 -0.565079
-4.747496 1.570384 -0.601724
-4.904770 1.792922 -0.533550
-4.996588 1.807145 -0.188080
4.827631 -5.103383 0.813483
-0.310923 -5.014339 -1.645730
-0.172046 -5.251910 -1.645523
1.165254 3.316920 4.257846
-3.394154 -0.120827 6.624401
2.326012 -5.112630 1.232778
5.225150 -4.595932 -0.415803
3.810097 -5.183260 -1.624190
4.477969 -1.392826 2.986862
-2.880620 -4.464783 0.067362
-4.634386 -4.035435 -0.112522
-7.323007 -0.685362 1.247247
3.429691 2.975032 0.525442
3.627341 3.103749 0.714979
1.256879 -2.489920 6.027063
0.039239 -0.289053 7.107309
3.742038 -5.088698 1.098699
-7.391949 2.366858 2.502113
6.328363 -1.658341 -0.517732
-2.591092 2.393574 3.484648
-2.445909 2.308250 3.278821
3.225352 -5.024553 2.006575
2.705029 -5.168044 1.439803
-3.419629 2.943874 2.874874
-3.560853 2.945782 2.641071
-2.899395 2.942797 -0.521842
-2.174582 2.152927 3.319639
-7.145990 -1.972044 3.431543
-7.276144 -1.964458 3.636941
3.106734 -1.887101 4.536490
-4.270132 2.869164 2.747645
-8.183724 -0.836756 4.651904
2.826609 -5.200053 2.101868
0.017101 -5.307139 -1.645577
-6.753294 2.905386 3.892063
-0.773377 2.180795 3.456864
1.454043 -3.361914 3.919482
-2.372105 2.315488 3.939816
-4.998136 2.606111 5.037443
3.208914 -2.118528 4.611471
-8.237204 -1.193175 4.644926
5.270753 -3.913801 -1.608920
-4.467456 -4.378564 -1.649160
4.461996 1.153104 0.982901
-7.458560 2.187574 2.559156
-0.104506 -3.321965 6.491415
-3.318665 -2.379646 3.463157
-3.764386 2.042757 6.166877
-4.222061 2.017005 6.151381
-1.102141 -2.150218 5.989263
0.198221 -0.145146 7.001678
3.295824 1.518350 3.810104
-0.004101 2.511764 4.596958
5.033765 -5.164191 -0.368307
5.045633 -4.754706 -0.324813
3.342537 -2.899598 5.067324
3.307968 -2.562873 4.921730
-7.036720 2.180580 3.792382
0.053523 2.504533 5.276361
0.055236 2.642727 4.979779
5.774160 -0.437704 -1.672827
3.256933 3.545082 -0.267748
2.683505 2.415212 3.593233
2.947407 -1.726769 4.642871
0.233541 -1.883764 6.475425
-8.310765 -0.352142 4.521400
-6.249336 -1.604846 4.212896
-4.796171 1.646178 0.452773
3.019832 3.962544 1.369318
0.157151 2.593914 5.050586
0.197382 2.695201 5.004844
-2.332307 0.271035 6.754990
-1.985382 0.227510 6.758929
-2.146916 0.335404 6.633691
0.433148 2.798376 5.244661
0.294830 2.775159 5.495287
-5.848784 -2.999229 1.939151
-4.106206 -1.704069 5.403740
-6.214602 2.533019 2.641735
-5.764457 2.527185 2.644731
-6.828621 2.480489 2.417993
-3.684746 3.024839 2.698007
-3.788264 3.012725 2.159853
-5.478551 -3.190167 -0.952267
-7.697167 -0.881470 3.721682
-3.419629 2.943874 2.874874
4.642437 -5.035820 -1.629759
1.702318 3.785589 3.162037
-1.129960 3.047090 -1.687254
-0.835068 3.121045 -1.689810
3.301061 -3.461957 4.493574
5.518747 -1.854542 1.708859
-1.096358 -2.471579 5.384604
3.059146 2.057804 3.650768
5.088864 -4.718575 1.042855
2.401553 2.595822 3.636684
-4.644232 -0.770334 6.664556
-4.391325 -0.784363 6.815608
3.202847 0.221618 4.105381
4.425714 1.070303 1.720781
-6.243747 -2.475382 1.836708
-2.810646 2.768197 -1.077483
-5.436494 -3.652671 1.972885
-6.047031 1.022623 -0.246686
-6.384101 0.360590 -0.701255
-6.895476 1.767202 4.528464
-6.276394 -2.415864 1.936175
-7.017884 -0.500867 4.828106
-0.974450 -1.943306 6.518876
5.505629 0.138212 -1.676302
3.152295 -3.544646 3.552115
-7.621589 1.248919 2.506222
3.144063 -3.715275 3.580497
0.588272 3.019107 3.624184
-5.437054 -3.353258 1.882279
-5.727469 -3.175897 -0.567048
-6.152248 -3.626659 1.744797
-6.169484 -3.411907 1.612923
-6.175601 -3.528033 1.495733
-7.383356 2.371329 2.769948
-3.282360 -2.351227 3.748845
-8.009620 0.544414 3.821963
5.614315 -3.373977 0.891674
-0.357015 2.233181 6.781296
4.428693 1.811558 -1.688933
-0.256007 1.945912 6.813275
-0.808640 1.294845 6.861970
-7.366814 1.680239 1.632466
-7.390678 1.836833 1.858370
-6.553829 0.549168 -0.476357
1.321172 -2.439111 6.182032
-4.844493 -0.677885 6.621105
-1.549957 -4.547092 3.167303
-1.809906 -4.231184 3.199645
-6.078221 1.451963 0.177510
-6.219960 1.681056 0.351358
2.008357 -3.299849 3.883672
2.292327 -5.466402 0.763461
-0.188499 0.999658 6.924707
-6.995170 -1.174403 4.962848
-7.029856 -1.007044 4.833029
-3.717944 -1.005111 6.895105
-0.208100 2.549910 4.968178
0.055236 2.642727 4.979779
0.117743 2.579989 5.038000
-5.256823 2.643382 2.515341
-4.804667 2.701390 2.597684
-4.565947 2.703805 2.673991
-5.892807 2.914356 3.484369
5.052660 -5.102873 -0.119371
-1.888649 -3.182078 3.196200
-3.826846 2.007649 -1.711485
-3.995152 1.808557 -1.708208
5.381251 0.741488 -0.072688
-5.631019 -1.253940 -1.700787
-5.868955 1.666840 -0.547249
-6.538219 -0.810840 5.003860
-6.842632 -0.989237 4.893797
-0.770434 4.090408 2.308101
1.165254 3.316920 4.257846
0.649865 3.061578 3.836967
1.249220 3.397956 3.970831
4.025468 -0.526321 3.208678
4.051087 -0.603766 3.028965
-8.107538 0.672187 4.344855
-5.727853 -0.432391 -1.699843
-1.727277 0.334083 6.962186
-2.730616 2.590760 2.876543
-0.950476 2.171894 3.468080
-7.458560 2.187574 2.559156
2.234709 -3.558634 3.476000
-8.153510 -1.561703 4.403889
-8.000166 -1.651158 4.283403
4.866200 0.699555 0.401103
5.196835 0.713606 0.509688
5.472332 -0.529476 0.097393
-4.270132 2.869164 2.747645
3.338652 -3.280481 4.956384
3.528385 -3.123127 5.058741
-6.345543 -0.788276 5.034297
-6.301154 -0.673011 5.190015
5.825917 -0.674355 -1.671682
-5.819424 -3.772006 1.932472
-6.321838 -2.772978 1.103730
4.336878 -2.778870 3.481972
1.360384 1.468851 5.771385
-2.768371 -2.954564 2.681055
-2.020669 2.445408 5.643493
-4.573099 1.963977 5.992730
4.965384 -5.057164 0.480899
5.024817 -5.116004 0.164903
-5.132195 -0.570336 6.584074
0.099469 0.457976 6.940054
0.055942 1.053083 6.946069
2.866433 3.946597 1.595200
4.051087 -0.603766 3.028965
5.054137 -1.850742 2.557529
-4.394372 2.745030 2.695953
2.033548 -2.720143 5.933289
4.372150 1.167024 -1.656208
-7.475454 2.281454 2.794307
-7.158016 1.186631 0.765195
-6.680909 1.964638 4.487131
5.899814 -2.718901 -1.621520
2.042979 3.036832 3.232865
2.218841 2.892599 3.478397
-5.864676 0.557151 4.895617
-8.260017 -1.448728 4.604193
-8.237204 -1.193175 4.644926
-5.949368 1.291632 -0.567840
-5.753120 -0.220349 -1.699308
2.448262 -2.882928 5.686880
-5.731032 2.157044 2.214392
-0.773377 2.180795 3.456864
-0.950476 2.171894 3.468080
-2.325526 -1.187005 7.029354
2.156576 3.960214 2.595094
2.325953 3.984349 2.346330
3.202847 0.221618 4.105381
2.928555 0.177717 4.353310
4.072724 -4.839794 2.185175
4.358404 -4.774031 2.122352
5.826303 -2.898280 -1.618564
-3.853632 3.007950 2.764512
-5.486498 2.626130 2.571292
3.268252 -2.338369 4.789621
4.544226 -2.573325 3.032111
-4.908282 -3.854954 -1.655328
-0.059013 0.100861 6.974815
-6.059030 0.720208 6.040227
-5.626013 -3.193186 -0.753589
-0.544079 2.586332 6.691290
5.899329 -1.129155 -1.651022
4.358404 -4.774031 2.122352
3.144063 -3.715275 3.580497
-7.383859 1.474476 1.434666
3.237148 0.491012 4.041788
-6.406817 -0.613246 5.649122
1.112227 -2.004130 6.686966
-4.406757 1.494917 -1.700875
-4.586516 1.460574 -1.691598
0.924990 2.909660 4.521250
0.985779 2.940870 4.386765
-6.390996 -1.263787 4.883651
-6.243747 -2.475382 1.836708
-7.889908 -1.762738 4.075029
3.453393 3.171586 -0.598898
3.681648 -4.869317 2.729879
-6.834865 -0.268776 4.992343
-6.808957 -0.000712 4.804797
0.626851 -5.250655 -1.636636
-8.088431 0.364439 4.394385
0.611222 -1.415223 6.938963
-1.000976 3.543383 3.179290
3.019832 3.962544 1.369318
0.658167 2.851705 5.077063
0.369284 2.747709 4.937804
-7.584246 2.204979 3.328052
-7.559651 2.239382 3.102854
-7.302961 1.435384 1.177361
2.448262 -2.882928 5.686880
1.152024 3.024370 4.367009
0.985779 2.940870 4.386765
-6.436626 -0.471513 6.024516
3.106734 -1.887101 4.536490
5.600679 -3.300097 1.205251
-0.476351 2.475632 4.845166
-6.345543 -0.788276 5.034297
-6.301154 -0.673011 5.190015
-4.269040 -4.373345 -1.651042
-5.896063 0.228399 -1.298357
3.195141 1.779882 3.640408
-6.979210 0.932678 0.272761
-0.476351 2.475632 4.845166
-1.231839 -4.470560 -1.662253
-6.964628 -2.139783 3.019076
-3.647874 -4.353536 -1.654653
-3.594112 -4.434309 -1.652555
5.865207 -0.903265 -1.662261
2.837149 -5.508938 -1.638078
-4.644232 -0.770334 6.664556
4.061170 -5.197524 -1.629201
0.018588 3.365033 -1.689433
3.195141 1.779882 3.640408
-6.338076 -2.838383 1.327857
-0.140307 0.696734 6.927169
-0.069553 0.417150 6.920255
-6.643334 2.011834 4.555391
3.138042 4.247712 -1.123910
-7.973006 1.456505 4.421548
1.027037 -1.811305 6.765628
0.843025 -1.593035 6.837376
0.106246 -1.001886 7.231992
-3.560853 2.945782 2.641071
-5.779275 0.535515 -1.122519
-5.651030 0.662436 -1.669909
2.947407 -1.726769 4.642871
1.936781 -2.650793 6.058527
1.769981 -2.560530 6.195132
-0.584927 2.394581 4.598329
1.603643 -2.411032 6.328889
0.197382 2.695201 5.004844
3.278604 0.769296 3.991551
3.540758 -4.837869 2.915285
0.843025 -1.593035 6.837376
3.320287 3.487047 -1.693440
-5.196045 -3.353482 -1.655653
-5.043854 -3.597408 -1.653563
2.840976 -1.398763 4.661001
-7.101709 -2.068814 3.297721
-6.964628 -2.139783 3.019076
-6.741009 -0.895328 4.883330
1.112227 -2.004130 6.686966
1.012567 3.003921 4.349757
-1.423834 2.968702 -1.689007
2.287589 -2.837761 5.771964
-7.432703 2.091136 2.289929
-4.111433 2.904405 2.854154
1.936781 -2.650793 6.058527
1.769981 -2.560530 6.195132
-7.475454 2.281454 2.794307
0.157151 2.593914 5.050586
0.102780 -0.806051 7.190359
-0.188499 0.999658 6.924707
-5.353350 -3.111712 -1.659094
0.342443 -0.997924 -2.485343
6.067292 -2.331659 -1.616333
5.826303 -2.898280 -1.618564
5.788354 -3.088900 -1.616359
5.412745 -3.375170 -1.587896
5.398141 -3.503371 -1.594240
5.349586 -3.771224 -1.605118
5.270753 -3.913801 -1.608920
5.018257 -4.262095 -1.614294
4.819859 -4.469030 -1.609339
4.699686 -4.831872 -1.627985
4.642437 -5.035820 -1.629759
4.312953 -5.189454 -1.633525
4.061170 -5.197524 -1.629201
3.437984 -5.264782 -1.616668
3.127360 -5.487858 -1.629231
2.289619 -5.511034 -1.636379
2.019088 -5.483545 -1.639701
1.453157 -5.330598 -1.609191
1.076330 -5.337099 -1.614569
0.626851 -5.250655 -1.636636
0.490976 -5.392595 -1.647154
0.017101 -5.307139 -1.645577
-0.172046 -5.251910 -1.645523
-0.441701 -4.490346 -1.653014
-0.703303 -4.502208 -1.658054
-1.765776 -4.493950 -1.660590
-2.027677 -4.448158 -1.658604
-2.796348 -4.453707 -1.654145
-3.024506 -4.378507 -1.649919
-3.449869 -4.523787 -1.641454
-3.575182 -4.488826 -1.644033
-3.647874 -4.353536 -1.654653
-3.849887 -4.249102 -1.649273
0.342443 -0.997924 -2.485343
-4.269040 -4.373345 -1.651042
-4.269040 -4.373345 -1.651042
-4.467456 -4.378564 -1.649160
-4.908282 -3.854954 -1.655328
-5.043854 -3.597408 -1.653563
-5.353350 -3.111712 -1.659094
-5.482410 -2.859826 -1.664095
-5.533654 -2.451725 -1.682411
-5.459389 -2.355745 -1.690148
-5.525977 -1.542956 -1.708206
-5.631019 -1.253940 -1.700787
-5.718926 -0.008845 -1.698334
-5.558743 0.140629 -1.689393
-5.548464 0.835594 -1.653906
-5.252952 1.157871 -1.637554
-4.745873 1.403603 -1.667788
-4.586516 1.460574 -1.691598
-4.187537 1.632725 -1.705506
-3.995152 1.808557 -1.708208
-3.350233 2.633932 -1.711751
-3.215728 2.659373 -1.709338
-2.858243 2.718993 -1.705078
-2.566870 2.743100 -1.702325
-1.423834 2.968702 -1.689007
-1.129960 3.047090 -1.687254
-0.534020 3.165783 -1.687387
-0.453385 3.260333 -1.688364
0.018588 3.365033 -1.689433
0.250378 3.390759 -1.701287
1.850291 3.860487 -1.682217
2.103744 3.989954 -1.679224
2.617610 4.221349 -1.670092
2.915188 4.276250 -1.676155
3.269045 3.712067 -1.693307
3.320287 3.487047 -1.693440
3.494491 3.117539 -1.700409
3.539185 2.846579 -1.691273
3.605731 2.298808 -1.674319
3.722996 2.150013 -1.670458
4.428693 1.811558 -1.688933
4.493243 1.603408 -1.685406
4.271651 1.221288 -1.659811
4.372150 1.167024 -1.656208
4.634583 0.764175 -1.642093
4.554223 0.634651 -1.637252
4.854330 0.614200 -1.648686
5.321568 0.574200 -1.660660
5.505629 0.138212 -1.676302
5.566668 -0.053878 -1.666445
5.825917 -0.674355 -1.671682
5.865207 -0.903265 -1.662261
6.026268 -1.359546 -1.630506
6.062806 -1.579844 -1.620952
6.083483 -2.233046 -1.609677
741 742
955 963
3069 3070
1317 1318
1319 1320
1963 1964
1965 1966
961 962
689 739
954 972
741 749
750 751
1312 1331
3035 3111
1945 1983
955 958
651 652
0 1
654 664
656 669
3035 3059
1945 1959
1312 1315
649 665
766 788
817 876
725 735
696 697
644 646
673 696
634 683
757 840
909 910
668 713
16 35
80 82
694 695
881 882
637 653
745 746
633 710
698 708
662 686
752 753
764 806
798 799
14 26
892 942
671 672
54 71
1109 1110
927 945
21 34
94 103
17 25
780 833
75 76
1224 1270
775 776
1024 1184
965 966
796 797
674 722
1122 1278
1001 1161
1108 1215
33 48
971 973
1116 1117
707 712
747 748
670 672
941 952
631 632
211 237
677 720
625 643
138 160
61 73
10 11
862 913
823 921
629 630
672 716
815 897
628 722
809 879
1026 1081
697 719
731 740
37 44
974 1187
785 935
66 80
703 737
882 906
894 907
835 891
675 699
802 803
658 705
770 771
53 54
1095 1114
1321 1322
899 948
191 195
777 778
1190 1251
885 886
116 117
626 643
659 711
43 58
650 710
1220 1285
3 18
59 88
1574 1868
320 358
1247 1303
128 143
916 953
984 997
290 291
629 738
676 725
1112 1159
891 937
931 947
267 269
24 26
415 427
710 718
1008 1010
130 134
221 223
1155 1170
787 920
682 724
714 715
967 968
32 33
109 112
759 896
1126 1128
692 701
1006 1177
1077 1167
36 38
808 809
1101 1115
660 662
791 792
40 61
1004 1221
678 704
1060 1070
212 213
1125 1244
635 706
96 112
765 766
1217 1218
805 807
1067 1068
1492 1739
1833 1874
172 173
178 197
1465 1466
1186 1188
1387 1909
490 495
1592 1593
889 926
813 815
70 72
1726 1901
1176 1263
59 64
39 42
754 755
8 27
663 664
690 691
151 170
431 478
761 904
767 768
184 193
795 882
661 687
83 88
1631 1672
1106 1107
656 689
95 110
1189 1190
2 3
647 648
1197 1270
793 795
1051 1105
2038 2353
256 260
1050 1051
785 901
2182 2183
1000 1241
1150 1160
137 144
643 730
216 231
1053 1055
1054 1074
233 239
105 106
870 950
1337 1852
1556 1557
1973 1974
642 681
982 1225
1602 1612
822 887
667 668
77 79
636 657
903 935
121 145
999 1243
1050 1195
793 880
607 617
1170 1210
0 22
594 596
250 252
1181 1242
1391 1734
790 873
943 946
2011 2012
1347 1349
196 199
204 217
60 73
1192 1203
1056 1174
978 1014
1021 1193
1016 1196
73 81
213 214
1033 1078
1642 1644
929 936
107 108
1257 1258
834 848
627 736
693 709
1226 1227
237 261
645 666
126 140
772 773
783 890
295 319
1627 1673
981 1038
2012 2161
763 767
684 694
1049 1213
655 666
326 380
30 40
877 919
869 870
824 825
1012 1013
289 293
125 136
55 56
321 340
133 143
1478 1588
46 69
1508 1509
1792 1796
1037 1058
36 52
90 110
1034 1213
242 250
154 158
991 992
1036 1088
839 856
905 949
915 917
1372 1686
393 430
761 762
330 363
985 986
998 1264
733 734
799 827
1803 1804
222 226
313 322
651 683
1102 1104
544 549
429 449
756 881
263 264
387 428
197 199
2161 2877
1467 1884
1549 1550
476 483
1381 1550
388 414
463 515
542 558
1650 1813
2228 2451
1097 1139
198 224
1810 1894
1161 1162
520 532
84 87
557 599
574 616
800 898
1156 1157
249 269
2105 2345
1332 1333
237 245
11 20
1039 1058
1906 1911
1070 1222
711 721
2453 2454
174 181
774 883
1896 1937
888 926
1064 1086
383 423
182 185
1146 1259
1671 1889
1076 1272
401 403
13 15
784 847
341 366
2365 2535
1059 1271
1636 1823
1670 1671
111 120
2214 2291
2434 2895
482 507
1557 1878
545 550
379 391
2307 2405
727 728
1141 1143
1700 1701
1735 1850
856 858
1651 1661
641 642
2726 2731
2628 2796
1644 1672
1342 1444
399 416
679 680
814 815
895 932
781 914
1187 1275
1286 1287
1325 1326
278 310
640 642
200 205
624 657
1912 1913
843 844
356 374
993 1084
743 744
1607 1813
1063 1064
522 551
2014 2451
886 912
890 933
1259 1296
1203 1245
1608 1889
1409 1612
451 461
1483 1484
829 830
45 68
1591 1835
1046 1159
1834 1856
803 826
769 924
1305 1334
277 298
407 425
604 606
859 861
1621 1623
168 186
147 150
97 104
1081 1137
820 822
2016 2661
532 533
2136 2589
760 836
983 1163
995 1045
581 590
1010 1269
990 1119
758 900
1416 1883
448 495
922 947
638 639
567 579
841 842
493 517
1351 1939
93 113
251 257
207 213
1123 1288
831 832
863 864
621 622
700 729
717 723
363 372
239 247
2428 2429
329 336
72 76
1350 1525
1096 1211
2318 2452
1827 1898
57 62
253 261
114 129
819 875
1400 1716
1539 1785
980 1090
217 236
2283 2688
1357 1797
1348 1560
2071 2076
230 237
1439 1443
786 787
559 560
591 597
441 470
1373 1835
1084 1101
1022 1204
1127 1184
1208 1209
1237 1239
1790 1791
1005 1018
1442 1781
1340 1341
1118 1180
1652 1849
464 509
306 327
262 264
1581 1880
810 864
176 210
1598 1599
2312 2930
2369 2594
598 608
258 268
2366 2706
1451 1935
2527 2801
593 606
1092 1137
1405 1406
355 363
979 1111
274 276
1157 1185
1232 1265
1992 2697
1829 1904
177 194
132 146
991 1253
460 467
2055 2226
487 505
187 188
376 384
120 126
299 325
619 623
434 436
1382 1789
1878 1925
1907 1913
848 849
1403 1480
827 828
496 510
1019 1132
1019 1304
1465 1575
2219 2222
1205 1206
1085 1207
1017 1240
1229 1230
1424 1425
342 344
117 126
152 156
2008 2317
244 252
486 487
816 913
1811 1857
29 38
194 215
755 864
1201 1202
1994 2528
506 533
753 948
1550 1826
1281 1302
1481 1794
1358 1782
382 387
2193 2698
855 884
2097 2098
603 621
170 191
209 228
466 511
590 599
1072 1204
555 556
229 235
1601 1602
1103 1254
857 871
62 63
439 464
283 292
400 412
1389 1390
1981 1982
1100 1223
1657 1658
317 338
1747 1820
1130 1131
527 528
19 23
1363 1364
1705 1708
2464 2673
248 254
883 951
1625 1876
302 331
2483 2809
1147 1160
1784 1901
1231 1255
100 103
79 85
992 1277
2163 2164
1042 1067
1640 1641
281 282
1196 1273
583 602
4 8
98 119
1471 1510
208 227
561 571
1079 1080
270 271
762 934
1178 1301
1296 1297
2598 2599
1923 1937
1352 1522
1388 1841
157 175
579 584
1484 1763
1385 1529
142 149
2036 2037
1358 1482
1175 1176
1152 1236
1688 1838
1762 1769
1729 1909
2133 2760
709 726
850 852
1461 1836
1009 1010
1544 1807
609 614
2583 2601
1596 1668
2408 2519
1674 1722
563 566
1120 1261
986 1031
1725 1784
2284 2482
2021 2022
2793 3034
1023 1191
976 1125
1464 1694
1014 1090
1135 1147
411 421
2094 2160
1414 1730
395 397
2007 2352
328 349
1485 1493
1087 1285
1436 1928
1554 1584
1559 1897
2449 2929
1503 1918
1172 1173
279 316
433 447
911 944
1853 1883
1041 1158
1299 1300
1061 1062
1007 1092
924 940
1546 1600
499 513
1069 1070
1075 1282
1252 1293
49 50
2041 2304
2477 2626
2339 2517
2124 2475
1251 1252
2615 2616
1371 1412
1441 1545
12 19
280 332
1393 1394
1437 1633
1335 1415
1191 1193
1138 1139
2013 2014
566 573
1047 1202
2759 2802
218 226
314 329
837 838
1124 1216
1313 1314
1957 1958
1290 1301
1214 1283
424 440
959 960
1793 1816
1998 2695
2732 2742
1240 1284
1267 1268
159 161
1383 1727
1946 1970
477 485
1198 1246
28 31
501 590
782 804
1055 1212
2087 2922
1564 1761
437 438
535 536
588 601
2120 2225
1015 1016
420 459
498 516
99 127
1506 1865
2788 2790
1846 1848
1942 1943
2113 2114
1169 1250
2109 2380
1456 1511
613 617
2147 2289
1336 1809
1470 1609
2267 2516
1996 2471
113 121
457 472
131 140
1486 1784
1495 1496
1661 1662
1362 1749
161 166
1002 1121
1658 1751
1754 1892
2649 2720
422 480
570 577
2250 2897
41 53
1903 1930
1044 1083
1420 1583
1435 1719
2175 2296
969 970
2135 2322
989 990
845 846
169 189
1140 1165
2249 2588
1020 1154
1113 1289
189 192
88 89
2337 2533
2209 2210
550 580
2044 2464
1417 1434
975 1293
1710 1944
148 162
1093 1095
1522 1637
2675 2746
1788 1789
2070 2119
1003 1121
2644 2645
163 164
2863 2884
337 342
1565 1888
1434 1877
471 499
2223 2450
2058 2673
2082 2425
1377 1789
994 1207
1052 1189
2261 2262
2664 2700
343 347
2077 2078
2472 2473
413 417
592 614
2138 2140
1480 1755
353 377
605 612
192 203
878 908
2051 2787
2902 2903
1622 1812
394 407
1632 1893
2066 2702
219 226
398 410
1821 1822
1777 1778
1474 1475
1035 1254
1955 1956
155 167
2735 2811
1703 1917
124 139
585 586
1058 1091
1486 1487
1151 1241
1573 1766
1365 1605
2024 2394
2188 2926
2104 2208
1646 1887
1219 1270
1310 1311
1696 1775
153 172
1235 1274
1577 1831
523 537
1682 1683
2727 2790
2198 2246
1712 1713
1819 1832
2538 2663
1491 1561
444 458
2159 2166
40 47
2170 2883
1543 1799
2552 2576
1507 1508
3004 3005
720 732
442 450
2141 2870
1395 1438
352 354
2204 2603
285 287
2346 2464
2143 2484
2373 2518
1040 1232
1542 1543
179 180
2243 2247
2003 2006
2227 2228
1748 1829
1611 1645
2176 2615
938 939
2493 2495
2092 2093
288 297
1635 1936
1837 1871
2348 2827
2746 2846
2427 2719
779 818
273 292
2268 2381
1349 1527
1030 1205
1422 1540
2586 2661
831 925
1684 1845
2520 2521
517 547
1715 1859
1291 1292
614 615
1899 1919
1733 1800
1134 1136
2152 2989
2062 2063
1620 1783
275 276
324 351
465 467
2168 2169
1647 1648
2019 2422
1244 1295
1327 1328
2481 2482
2817 2959
396 406
5 10
2032 2455
1406 1847
2240 2242
1431 1432
1308 1309
1526 1568
1099 1234
2340 2767
2112 2498
1504 1506
2707 2709
1634 1801
1951 1952
2358 2804
2771 2956
425 432
2334 2984
1855 1895
2004 2005
1066 1262
1182 1300
2436 2682
2375 2479
1446 1489
2237 2771
165 174
2049 2468
2455 2460
2522 2524
1675 1677
2190 2191
1760 1871
2659 2846
2195 2196
455 468
685 702
386 389
988 989
1142 1292
2145 2476
167 177
1519 1598
427 445
1386 1535
2609 2613
977 1011
918 923
1345 1407
2384 2654
2030 2140
1165 1168
2251 2500
868 943
516 519
2690 2691
789 866
2534 2541
6 9
1572 1766
1757 1758
2704 2705
462 484
2040 2674
2349 2551
2377 2722
1524 1855
2244 2747
1678 1719
872 893
526 541
350 408
1680 1681
1498 1585
190 194
2466 2753
348 357
1843 1844
2467 2723
1149 1150
428 447
2560 2939
1421 1663
225 246
575 599
1500 1851
1975 1976
1369 1455
1659 1660
1248 1260
1555 1828
2173 2174
1346 1740
1706 1885
1845 1882
2444 2446
1745 1746
1961 1962
2584 3004
402 405
1337 1338
2456 2499
2306 2307
1994 1995
1343 1566
2594 2906
2665 2777
135 141
1773 1774
220 222
1227 1249
1979 1980
2325 2936
2201 2530
1360 1361
1986 1987
2590 2605
1832 1879
2554 2721
1720 1721
1361 1903
2048 2104
1199 1200
1427 1776
449 469
2207 2208
91 115
2270 2271
1587 1801
333 346
2222 2745
2021 2410
3115 3116
2391 2392
1697 1837
286 318
2361 2362
2137 2744
1073 1282
1616 1802
188 201
2028 2390
2155 2774
2855 2856
2069 2441
2052 2593
2154 2501
610 611
2382 2722
1456 1457
2039 2183
2757 2758
1375 1476
404 443
1514 1873
525 530
987 989
272 312
123 139
2184 2256
78 86
2303 2621
1536 1538
2332 2333
1392 1931
2275 2277
1329 1330
2127 2129
1535 1703
440 455
996 1164
2273 2570
851 852
426 451
201 202
1499 1653
538 565
381 390
1767 1768
853 865
2561 2562
2371 2670
1463 1836
2189 2297
1082 1280
1397 1840
1425 1768
1993 2860
1548 1779
345 348
1971 1972
963 964
1 19
1344 1812
1365 1366
2024 2025
2673 2842
2229 2405
2264 2953
334 337
2098 2117
3083 3084
543 569
315 316
51 74
293 301
1432 1433
1152 1153
1171 1298
1323 1324
1497 1585
867 928
688 690
1656 1862
553 562
2338 2559
1380 1604
1512 1513
2269 2542
509 531
2015 2200
902 903
2762 2852
2043 2463
1728 1943
2566 2655
118 119
171 183
323 333
2579 2580
2081 2475
243 248
1448 1704
2418 2419
2621 2687
1709 1875
1355 1536
371 373
1458 1639
1401 1562
1723 1916
2763 2764
2274 2539
456 506
1825 1830
1890 1929
2842 2843
1335 1653
1482 1702
1606 1819
1649 1650
2095 2160
2166 2167
2101 2309
1528 1905
2356 2896
276 307
1654 1902
2177 2813
2205 2206
2156 2612
2085 2086
1025 1094
2245 2973
2415 2947
1530 1531
2672 2821
2363 2498
2681 2836
2602 2688
1502 1523
1068 1158
2620 2821
445 453
1770 1771
1505 1506
1786 1860
504 529
1516 1518
2252 2253
383 398
2758 2898
755 810
2107 2602
1423 1720
1990 1991
812 874
2469 2470
1869 1920
1115 1145
2426 2690
2865 2919
2315 2337
2319 2320
2487 2786
2805 2915
1624 1625
3049 3050
2150 2151
620 622
508 515
2031 2033
2564 2565
2551 2810
492 500
2132 2192
2362 2404
3053 3054
2128 2292
1570 1571
1411 1870
1418 1687
1030 1031
2034 2101
2439 2958
1692 1937
2980 3004
2005 2622
1805 1850
2046 2407
1356 1533
2485 2884
2543 2544
1576 1578
1693 1863
2496 2497
2607 2613
1462 1463
2059 2061
2258 2666
2122 2123
1453 1522
238 240
1629 1654
1603 1615
2364 2686
1537 1767
2387 2416
2710 2899
1866 1867
1168 1194
1518 1707
1501 1920
2741 2750
1359 1782
1460 1462
255 265
2100 2716
2618 2643
2617 2814
1552 1553
2422 2684
2506 2921
2653 2970
2130 2360
2537 2538
2121 2831
2630 2780
2525 2703
1494 1495
1752 1772
1376 1378
2045 2748
2656 2776
2179 2894
2347 2551
1736 1737
1885 1886
582 585
1088 1089
2573 2629
2782 2876
2393 2448
1698 1839
2118 2797
2119 2194
296 305
259 266
1702 1891
1408 1477
1947 1948
1589 1674
1617 1655
2142 2853
1594 1808
1396 1815
568 578
2689 2923
2699 2745
1988 1989
2814 2839
2397 2769
2277 2718
2413 2772
2965 2966
2489 2490
362 378
2272 2491
1374 1479
452 461
1379 1924
2658 2659
2157 2158
1551 1552
2546 2547
2064 3033
1743 1744
576 595
101 102
102 117
1995 2728
2042 2406
1163 1266
539 540
2241 2846
2575 2993
2761 2981
2899 2900
2671 2885
595 607
1749 1921
2437 2715
2125 2126
2257 2604
1566 1732
1579 1580
2144 2146
2494 2910
2832 2975
600 618
2129 2563
587 589
1780 1892
2938 2996
2248 2858
2111 2687
1459 1795
468 475
2328 2953
2693 2701
811 866
3019 3020
1665 1724
2443 2736
1166 1194
2253 2571
2341 2845
1532 1534
1667 1814
1691 1807
2202 2203
2874 2961
2220 2221
2510 2511
2301 2438
1479 1764
2183 2667
794 880
2151 2713
2869 2871
2803 2993
2342 2662
2020 2800
2841 2901
2962 3014
2516 2892
2065 2931
2108 2943
479 502
2083 2084
2047 2864
3079 3080
245 261
446 447
2029 2818
2409 2848
2995 3033
1663 1664
2833 2835
2212 2213
1353 1891
2447 2799
2396 2983
2798 3024
3093 3094
2789 2934
2018 2594
2096 2408
2457 2458
3101 3102
2380 2710
2926 2927
801 930
548 564
1369 1370
232 234
2131 2132
2239 2675
2242 2880
2406 2407
2514 2643
2951 2971
458 482
1043 1294
92 122
1525 1526
1399 1558
1599 1753
1057 1144
2581 2952
1384 1567
2017 2114
2075 2313
2639 2847
2197 2461
1926 1927
2504 2755
2806 2807
2652 2703
3000 3001
1424 1731
1590 1854
2106 2281
2217 2689
3091 3092
2115 2116
1426 1427
2933 3027
2103 2345
2116 2378
2305 2982
2937 3017
3073 3074
2657 2659
1419 1704
2685 2765
2379 2459
1580 1581
2314 2515
2060 2714
2756 2830
2386 2388
1798 1908
2311 2677
2401 2403
2600 2998
3016 3017
1496 1856
2784 2785
2879 3026
1367 1570
1511 1541
2203 2648
1688 1689
2359 2792
2026 2331
2002 2411
2577 2849
3043 3044
2134 2135
2411 2412
2465 2572
2417 2859
2574 2900
2317 2376
2946 3012
1997 1999
2298 2372
2596 2597
2423 2592
2323 2619
1027 1028
3099 3100
2545 2808
1824 1910
419 432
2329 2330
2199 2591
1472 1630
3075 3076
2218 2619
2001 2624
2285 2286
2976 3009
1449 1450
2153 2162
1398 1685
2503 2505
2281 2282
2050 2395
2073 2808
2928 2946
1521 1618
860 886
2330 2953
2079 2410
2837 2838
2299 2595
1447 1828
2310 2553
206 221
2683 2684
1569 1756
3105 3106
2131 2211
1129 1274
1339 1340
2099 2123
2072 2336
1666 1858
2187 2964
2778 2904
533 546
2327 2886
1179 1279
2733 2734
2795 3003
2126 2470
2224 2720
2383 2691
1977 1978
2945 2969
2402 2648
2486 2812
3051 3052
2646 2916
2367 2370
2023 2647
2536 2539
2234 2235
2009 2010
2548 2549
2663 2676
2322 2435
2826 2828
1032 1276
472 489
481 489
2440 2502
2623 2711
1402 1403
2080 2081
2887 2888
821 854
2231 2775
2729 2730
3061 3062
491 492
2238 2239
2074 2625
2266 2925
2295 2414
1547 1613
2000 2185
2186 2962
1717 1806
2768 2779
2749 2974
2766 2935
474 488
1315 1316
2088 2089
1914 1915
1959 1960
1255 1256
2398 2399
1306 1307
3059 3060
2102 2308
2696 2697
2280 3018
2526 2955
1509 1647
2861 2862
3087 3088
3008 3010
1515 1517
1065 1148
2035 3022
2354 2355
2917 2918
1582 1711
2344 2582
2488 2892
2569 2592
2478 2708
1695 1799
1841 1900
375 378
2291 2467
2507 2509
2492 2762
2012 2442
2754 3030
435 446
287 303
1071 1212
3047 3048
2717 2991
2263 2851
2669 2794
2304 2350
2866 3021
2278 2279
1690 1795
2610 2614
1354 1881
1561 1750
2739 3006
2773 2974
2389 2555
1493 1679
1741 1742
2498 2905
514 552
2638 2640
1758 1759
2264 2265
65 67
494 513
2480 2660
1938 1939
503 534
2512 2513
2068 2539
2737 2738
1933 1934
1969 1970
2540 2725
2770 2891
2400 2651
3063 3064
1817 1818
1967 1968
2180 2183
2694 3004
2321 2410
2090 2091
2232 2233
1450 1451
2571 2578
2491 2587
1476 1479
1028 1029
7 9
2957 3013
1676 1753
2893 2994
3007 3008
3028 3029
2631 2632
2230 2992
3097 3098
2501 2820
2236 2335
2891 2988
3119 3120
1595 1669
1445 1488
1713 1714
2110 3015
3103 3104
2781 2783
2967 2968
2942 2988
2445 2446
2474 2986
3067 3068
2149 2150
2823 2870
1098 1233
2431 2433
2357 2990
2532 2642
2254 2985
2053 2054
3121 3122
392 402
2067 2911
2459 2460
2294 2954
2335 2361
1415 1428
1429 1430
3081 3082
1628 1872
2462 2633
2438 2847
2529 2834
3109 3110
2316 2385
512 522
2557 2999
2881 2882
1133 1228
2585 2920
1563 1702
2875 2920
2825 2940
2172 2673
2146 2518
497 513
294 304
1520 1773
2567 2568
3045 3046
1597 1718
2679 2914
2216 2868
1413 1491
2171 2215
2641 2824
1553 1872
2302 2847
524 535
1643 1928
360 361
2626 2627
2424 2592
2420 2819
3117 3118
1739 1842
1586 1734
3002 3032
2293 2963
2889 2890
2977 2978
1473 1568
2752 2979
3071 3072
454 473
2647 2692
2850 2867
2872 2873
1410 1552
2259 2260
2712 2743
3057 3058
2056 2057
2556 2558
2430 2960
3055 3056
1487 1664
2287 2288
3037 3038
2913 2932
1468 1469
2164 2165
1452 1787
1613 1614
2139 2140
284 300
1638 1924
3107 3108
1469 1605
540 546
2921 3025
2296 2414
2368 2370
1738 1842
2949 2950
2740 2907
518 531
364 365
2276 2718
2611 2948
1183 1238
1048 1253
380 390
2326 2857
2178 2865
2745 2878
2923 2924
2148 2620
2497 2713
2724 2840
1864 1865
2140 2944
2820 2822
2908 3028
308 309
2374 2606
2737 3019
3085 3086
1454 1941
2550 2820
1368 1380
2027 2045
2324 2941
2300 2302
2353 2751
3041 3042
384 385
1953 1954
521 526
2791 3003
2636 2637
2432 2641
1440 1719
311 335
1626 1744
3113 3114
2343 2844
2523 2525
2613 2614
2508 2509
2290 2707
2351 2352
956 957
2650 2887
409 433
1610 1612
1861 1932
368 369
1404 1699
3089 3090
405 418
2634 2635
359 370
1949 1950
365 367
2829 3030
2181 2668
3065 3066
1477 1765
3039 3040
3095 3096
1488 1490
2608 2614
3077 3078
2810 2816
2779 2780
3011 3031
2255 2896
1875 1940
2210 2909
3111 3112
2091 2181
2853 2854
241 251
2559 2815
3036 3123
1619 1922
2421 2960
2986 2987
2531 2680
2677 2678
339 345
2912 2997
2972 3023
554 562
572 591
1984 1985
367 370
