5809497804576864603 5009 8192
-0.342209 -0.023101 1.511319
-0.355552 -0.031893 1.496749
-0.357141 -0.023920 1.494457
-0.216881 -0.139205 1.487562
-0.269399 -0.127932 1.437337
-0.328379 -0.111510 1.417439
-0.342720 -0.031097 1.512439
-0.343013 -0.015067 1.511752
-0.357141 -0.023920 1.494457
-0.355814 -0.015783 1.496096
-0.342209 -0.023101 1.511319
-0.362839 -0.002610 1.501198
-0.349867 -0.001890 1.517082
-0.373840 -0.097298 1.405094
-0.316250 -0.101173 1.456239
-0.361570 -0.104566 1.399951
-0.374248 0.002587 1.510796
-0.391603 -0.076496 1.411860
-0.361226 0.003360 1.526588
-0.385422 -0.002161 1.520723
-0.372445 -0.001373 1.536494
-0.392040 -0.015027 1.527249
-0.379186 -0.014212 1.543187
-0.391813 -0.031069 1.527938
-0.378930 -0.030312 1.543689
-0.371713 -0.043507 1.538440
-0.384614 -0.044157 1.522553
-0.360357 -0.048695 1.528826
-0.373386 -0.049365 1.513036
-0.396365 -0.035645 1.413594
-0.346668 -0.021388 1.458397
-0.327227 -0.039498 1.486002
-0.356588 -0.001197 1.418015
-0.319695 -0.008634 1.466536
-0.349141 -0.043969 1.518903
-0.362139 -0.044697 1.503090
-0.349667 -0.057604 1.463998
-0.398036 -0.051097 1.413192
-0.393170 -0.023410 1.523067
-0.391297 -0.017083 1.520246
-0.368268 -0.007492 1.500448
-0.377203 -0.003362 1.507658
-0.362715 -0.017701 1.496200
-0.361953 -0.024011 1.496080
-0.362543 -0.030263 1.496802
-0.361953 -0.024011 1.496080
-0.381543 -0.011951 1.407964
-0.367832 -0.040226 1.501624
-0.376109 -0.045811 1.509781
-0.326603 0.004380 1.423950
-0.354554 0.012942 1.389901
-0.323252 0.009869 1.408330
-0.420492 -0.007166 1.456203
-0.413338 -0.004876 1.454080
-0.412081 -0.011010 1.449103
-0.423747 -0.004674 1.462828
-0.374085 -0.002342 1.500771
-0.404835 -0.013391 1.447371
-0.365473 -0.010621 1.493985
-0.405921 -0.026732 1.444719
-0.294069 0.001352 1.465131
-0.283130 0.011805 1.432890
-0.428869 -0.010671 1.463416
-0.432209 -0.012659 1.470263
-0.433952 -0.020208 1.468162
-0.229007 0.013262 1.485807
-0.435042 -0.025956 1.473446
-0.392830 -0.010224 1.516909
-0.393170 -0.023410 1.523067
-0.213191 0.017368 1.478079
-0.210068 0.015952 1.498707
-0.208240 0.010217 1.519550
-0.384539 -0.002072 1.509548
-0.209782 -0.012759 1.552820
-0.212018 -0.036511 1.564275
-0.303070 -0.021181 1.494101
-0.208069 0.001606 1.537436
-0.377203 -0.003362 1.507658
-0.368268 -0.007492 1.500448
-0.412081 -0.011010 1.449103
-0.433952 -0.020208 1.468162
-0.428869 -0.010671 1.463416
-0.420492 -0.007166 1.456203
-0.415627 -0.045016 1.453850
-0.423223 -0.047756 1.464563
-0.428553 -0.041960 1.464527
-0.431714 -0.039401 1.471264
-0.433779 -0.032130 1.468639
-0.412525 -0.048424 1.455343
-0.428553 -0.041960 1.464527
-0.433779 -0.032130 1.468639
-0.261879 0.015015 1.435328
-0.408457 -0.038066 1.447657
-0.415627 -0.045016 1.453850
-0.408457 -0.038066 1.447657
-0.402021 -0.034209 1.445832
-0.405921 -0.026732 1.444719
-0.405921 -0.026732 1.444719
-0.401490 -0.026619 1.445334
-0.213521 -0.126985 1.526393
-0.401490 -0.026619 1.445334
-0.214941 -0.134979 1.508154
-0.362543 -0.030263 1.496802
-0.367832 -0.040226 1.501624
-0.368247 -0.042711 1.498177
-0.213869 -0.114626 1.543641
-0.376109 -0.045811 1.509781
-0.352637 -0.040925 1.528926
-0.345624 -0.034082 1.522517
-0.361386 -0.040797 1.536616
-0.343112 -0.022785 1.519699
-0.370698 -0.028207 1.544236
-0.343112 -0.022785 1.519699
-0.346102 -0.011409 1.521449
-0.352637 -0.040925 1.528926
-0.345624 -0.034082 1.522517
-0.281551 -0.082788 1.509160
-0.361386 -0.040797 1.536616
-0.214041 -0.093615 1.558484
-0.370698 -0.028207 1.544236
-0.362033 -0.004007 1.534904
-0.368972 -0.010834 1.541509
-0.362033 -0.004007 1.534904
-0.368972 -0.010834 1.541509
-0.353258 -0.004213 1.527343
-0.283525 -0.062444 1.516546
-0.213299 -0.064963 1.566293
-0.343112 -0.022785 1.519699
-0.346102 -0.011409 1.521449
-0.353258 -0.004213 1.527343
-0.386027 -0.007049 1.515281
-0.386027 -0.007049 1.515281
-0.391297 -0.017083 1.520246
-0.392506 -0.036871 1.518058
-0.385782 -0.040062 1.516581
-0.219997 -0.139225 1.468538
-0.361953 -0.024011 1.496080
-0.361720 -0.024430 1.491664
-0.362715 -0.017701 1.496200
-0.361720 -0.024430 1.491664
-0.361953 -0.024011 1.496080
-0.225021 -0.137142 1.450378
-0.232883 -0.135727 1.444876
-0.264878 -0.129908 1.430568
-0.281208 -0.127582 1.424566
-0.385782 -0.040062 1.516581
-0.383960 -0.045100 1.511173
-0.299744 -0.121703 1.409856
-0.276410 -0.122761 1.404258
-0.277495 -0.121300 1.398931
-0.323865 -0.112351 1.389993
-0.347556 -0.108914 1.384241
-0.343252 -0.108004 1.380330
-0.322125 0.011683 1.397396
-0.280557 0.013748 1.423105
-0.299469 0.010699 1.409919
-0.280727 0.012994 1.426685
-0.225520 0.017581 1.453691
-0.217260 0.017454 1.459730
-0.224036 -0.156302 1.448254
-0.218533 -0.153654 1.468577
-0.219104 -0.162862 1.490288
-0.214383 -0.154033 1.500324
-0.340440 -0.086047 1.517846
-0.354136 -0.091002 1.501903
-0.354625 -0.082639 1.500664
-0.229344 -0.159497 1.456079
-0.229823 -0.155936 1.446202
-0.342025 -0.093965 1.517913
-0.340155 -0.078065 1.519275
-0.354625 -0.082639 1.500664
-0.352383 -0.075099 1.503458
-0.340440 -0.086047 1.517846
-0.357868 -0.061865 1.510069
-0.225456 -0.163209 1.500662
-0.216782 -0.159519 1.513864
-0.345511 -0.064873 1.526096
-0.368875 -0.056361 1.519822
-0.356569 -0.059437 1.535916
-0.380960 -0.060823 1.528759
-0.223276 -0.145855 1.448411
-0.221137 -0.146192 1.457787
-0.368708 -0.063820 1.544847
-0.219997 -0.139225 1.468538
-0.389441 -0.073398 1.533387
-0.377311 -0.076390 1.549646
-0.211435 -0.149200 1.522240
-0.213789 -0.152571 1.537273
-0.391383 -0.089307 1.532035
-0.379069 -0.092286 1.547969
-0.207167 -0.135163 1.551921
-0.209703 -0.133679 1.568530
-0.373403 -0.105562 1.541274
-0.385655 -0.102455 1.525171
-0.362430 -0.111001 1.531408
-0.374737 -0.107829 1.515335
-0.350310 -0.106571 1.522481
-0.362569 -0.103507 1.506359
-0.209882 -0.117605 1.548203
-0.213521 -0.126985 1.526393
-0.214941 -0.134979 1.508154
-0.223494 -0.157031 1.524859
-0.391462 -0.080989 1.528088
-0.388684 -0.074604 1.526209
-0.221224 -0.146760 1.547301
-0.381974 -0.064819 1.522724
-0.363806 -0.065755 1.508414
-0.372437 -0.061416 1.515868
-0.359423 -0.076036 1.503119
-0.216881 -0.139205 1.487562
-0.359457 -0.082283 1.502117
-0.360870 -0.088440 1.502008
-0.359457 -0.082283 1.502117
-0.221183 0.038287 1.466697
-0.215600 0.036124 1.458146
-0.222145 0.036626 1.456391
-0.210810 0.038493 1.502221
-0.217721 0.039866 1.500783
-0.367587 -0.098134 1.505359
-0.376826 -0.103558 1.512493
-0.413679 -0.052562 1.463173
-0.401432 -0.053716 1.456991
-0.402677 -0.061004 1.453093
-0.396275 -0.072709 1.449810
-0.401240 -0.072378 1.449883
-0.207471 0.030425 1.500630
-0.402677 -0.061004 1.453093
-0.401240 -0.072378 1.449883
-0.413679 -0.052562 1.463173
-0.422646 -0.055847 1.469766
-0.426439 -0.058349 1.476188
-0.416811 -0.050061 1.470021
-0.429154 -0.065122 1.473064
-0.431133 -0.071325 1.477548
-0.389250 -0.066722 1.524116
-0.391462 -0.080989 1.528088
-0.363806 -0.065755 1.508414
-0.363918 -0.063171 1.504924
-0.374304 -0.058091 1.513985
-0.372437 -0.061416 1.515868
-0.208240 0.010217 1.519550
-0.203334 0.022651 1.533309
-0.210068 0.015952 1.498707
-0.429154 -0.065122 1.473064
-0.422646 -0.055847 1.469766
-0.213191 0.017368 1.478079
-0.413491 -0.090154 1.456171
-0.421813 -0.093175 1.466236
-0.426313 -0.086788 1.466851
-0.208112 0.033740 1.525769
-0.205446 0.025365 1.548481
-0.429449 -0.084677 1.473741
-0.208069 0.001606 1.537436
-0.430530 -0.076926 1.471987
-0.200084 0.006273 1.560857
-0.204809 -0.007394 1.556125
-0.410903 -0.094156 1.457237
-0.215737 0.035186 1.524732
-0.204560 -0.119271 1.569343
-0.207368 -0.089500 1.568391
-0.426313 -0.086788 1.466851
-0.430530 -0.076926 1.471987
-0.201848 -0.095939 1.583596
-0.199943 -0.067340 1.590481
-0.205854 -0.065677 1.573578
-0.205055 -0.039428 1.570928
-0.207228 -0.112176 1.586639
-0.204842 -0.083723 1.599337
-0.405234 -0.083496 1.451110
-0.413491 -0.090154 1.456171
-0.401240 -0.072378 1.449883
-0.398267 -0.080407 1.449895
-0.405234 -0.083496 1.451110
-0.203238 -0.051421 1.601119
-0.396275 -0.072709 1.449810
-0.217088 -0.111603 1.585570
-0.219127 -0.132523 1.567549
-0.360870 -0.088440 1.502008
-0.367587 -0.098134 1.505359
-0.368304 -0.100107 1.501660
-0.376826 -0.103558 1.512493
-0.215314 -0.082419 1.598259
-0.214350 0.025975 1.547729
-0.353792 -0.104418 1.532713
-0.345730 -0.097854 1.527350
-0.212957 0.003562 1.576169
-0.203165 0.003552 1.576811
-0.362737 -0.104110 1.540172
-0.341653 -0.086697 1.526166
-0.370666 -0.091441 1.549148
-0.366720 -0.074281 1.548586
-0.199025 -0.011617 1.575888
-0.341653 -0.086697 1.526166
-0.202753 -0.020584 1.591872
-0.212855 -0.020490 1.591123
-0.213797 -0.052794 1.600268
-0.345730 -0.097854 1.527350
-0.362737 -0.104110 1.540172
-0.353792 -0.104418 1.532713
-0.370666 -0.091441 1.549148
-0.358656 -0.067636 1.543177
-0.366720 -0.074281 1.548586
-0.358656 -0.067636 1.543177
-0.198813 -0.037400 1.587024
-0.349661 -0.068049 1.535893
-0.284389 -0.141156 1.423023
-0.282202 -0.135570 1.418920
-0.278194 -0.139718 1.422162
-0.343157 -0.075329 1.529388
-0.341653 -0.086697 1.526166
-0.343157 -0.075329 1.529388
-0.366225 -0.114580 1.400962
-0.367706 -0.116852 1.402359
-0.377017 -0.097624 1.404153
-0.349661 -0.068049 1.535893
-0.394589 -0.094989 1.416551
-0.377036 0.006387 1.420308
-0.375741 0.004221 1.409893
-0.395285 -0.009922 1.419857
-0.392680 -0.015857 1.412550
-0.364239 0.013809 1.412976
-0.363252 0.011377 1.407242
-0.225679 0.028677 1.453487
-0.225520 0.017581 1.453691
-0.260708 0.027921 1.435841
-0.298196 0.023131 1.431331
-0.277170 0.023145 1.426538
-0.284169 0.020913 1.424177
-0.381974 -0.064819 1.522724
-0.237989 -0.147205 1.441673
-0.232546 -0.144499 1.444434
-0.233197 -0.147487 1.444360
-0.268221 -0.145023 1.430136
-0.295911 -0.140582 1.446625
-0.319438 -0.131568 1.453457
-0.376912 -0.113432 1.415452
-0.324562 -0.127788 1.430063
-0.348270 -0.121942 1.416121
-0.388684 -0.074604 1.526209
-0.392314 -0.093625 1.521456
-0.385980 -0.097459 1.519739
-0.359457 -0.082283 1.502117
-0.358742 -0.081909 1.497597
-0.359457 -0.082283 1.502117
-0.358742 -0.081909 1.497597
-0.359423 -0.076036 1.503119
-0.385980 -0.097459 1.519739
-0.384599 -0.101982 1.513781
-0.233667 -0.150124 1.447507
-0.409819 -0.001580 1.483058
-0.387387 0.001603 1.496378
-0.393111 0.003689 1.475343
-0.309785 0.020206 1.434324
-0.340049 0.015658 1.424633
-0.320255 0.017341 1.440670
-0.419495 -0.015950 1.488876
-0.419140 -0.009055 1.488481
-0.413776 -0.007033 1.484955
-0.278675 0.029608 1.430443
-0.409819 -0.001580 1.483058
-0.400463 -0.003511 1.502893
-0.234771 0.031381 1.454913
-0.401308 -0.001465 1.478741
-0.393697 -0.002946 1.499014
-0.413776 -0.007033 1.484955
-0.386186 -0.001131 1.495764
-0.225503 0.030908 1.457726
-0.381076 0.004115 1.469939
-0.387387 0.001603 1.496378
-0.393697 -0.002946 1.499014
-0.386186 -0.001131 1.495764
-0.400463 -0.003511 1.502893
-0.419140 -0.009055 1.488481
-0.325845 -0.125721 1.483778
-0.322860 -0.123183 1.474376
-0.307740 -0.135357 1.469381
-0.421451 -0.014680 1.490395
-0.404248 -0.007549 1.505099
-0.402685 -0.009158 1.503612
-0.404248 -0.007549 1.505099
-0.413776 -0.007033 1.484955
-0.402685 -0.009158 1.503612
-0.419495 -0.015950 1.488876
-0.291043 -0.147113 1.474077
-0.405635 -0.020480 1.506148
-0.405786 -0.051135 1.507693
-0.420708 -0.031031 1.490648
-0.419495 -0.015950 1.488876
-0.345464 -0.104940 1.490079
-0.402786 -0.093389 1.426078
-0.407715 -0.019522 1.508194
-0.405635 -0.020480 1.506148
-0.405786 -0.051135 1.507693
-0.374372 -0.104627 1.436326
-0.419829 -0.052935 1.490748
-0.420708 -0.031031 1.490648
-0.403634 -0.087935 1.509109
-0.407454 -0.062789 1.509979
-0.406553 -0.081858 1.510614
-0.403634 -0.087935 1.509109
-0.413546 -0.094186 1.490335
-0.418653 -0.074448 1.490656
-0.405087 -0.088725 1.510675
-0.422892 -0.030402 1.492347
-0.407454 -0.062789 1.509979
-0.407715 -0.019522 1.508194
-0.421986 -0.052785 1.492496
-0.243842 -0.155175 1.500242
-0.241661 -0.150407 1.525043
-0.421268 -0.064336 1.492356
-0.422892 -0.030402 1.492347
-0.422892 -0.030402 1.492347
-0.421451 -0.014680 1.490395
-0.420708 -0.031031 1.490648
-0.276032 -0.134220 1.526536
-0.419140 -0.009055 1.488481
-0.409885 -0.083027 1.419176
-0.399610 -0.092219 1.413306
-0.421986 -0.052785 1.492496
-0.419829 -0.052935 1.490748
-0.323498 0.006937 1.492015
-0.288255 0.025989 1.484190
-0.322015 0.005606 1.480647
-0.286230 0.025173 1.472336
-0.419829 -0.052935 1.490748
-0.235620 0.034282 1.483476
-0.421268 -0.064336 1.492356
-0.421986 -0.052785 1.492496
-0.418653 -0.074448 1.490656
-0.344690 -0.011426 1.496318
-0.304478 -0.023720 1.548329
-0.316728 -0.008445 1.522112
-0.279364 -0.007964 1.551480
-0.316728 -0.008445 1.522112
-0.279364 -0.007964 1.551480
-0.266322 0.017870 1.527195
-0.406553 -0.081858 1.510614
-0.420516 -0.083078 1.492641
-0.405087 -0.088725 1.510675
-0.415432 -0.095481 1.491749
-0.401567 -0.094962 1.509975
-0.408620 -0.101085 1.489298
-0.385141 -0.112905 1.479313
-0.384123 -0.106626 1.502690
-0.408620 -0.101085 1.489298
-0.413546 -0.094186 1.490335
-0.396693 -0.104821 1.483913
-0.408620 -0.101085 1.489298
-0.415432 -0.095481 1.491749
-0.413546 -0.094186 1.490335
-0.420516 -0.083078 1.492641
-0.406553 -0.081858 1.510614
-0.420516 -0.083078 1.492641
-0.418653 -0.074448 1.490656
-0.420516 -0.083078 1.492641
-0.220383 0.031771 1.519645
-0.338857 0.005234 1.473212
-0.393142 -0.098792 1.505828
-0.396693 -0.104821 1.483913
-0.369428 -0.110550 1.495543
-0.369574 -0.116341 1.472273
-0.369756 -0.004927 1.442368
-0.340681 -0.122366 1.482796
-0.369574 -0.116341 1.472273
-0.385141 -0.112905 1.479313
-0.396693 -0.104821 1.483913
-0.401308 -0.001465 1.478741
-0.409819 -0.001580 1.483058
-0.393111 0.003689 1.475343
-0.353159 -0.040484 1.506876
-0.344690 -0.011426 1.496318
-0.413312 -0.037549 1.432701
-0.381076 0.004115 1.469939
-0.261250 0.034815 1.447004
-0.281290 0.032177 1.454851
-0.270008 0.031201 1.451131
-0.322800 0.018448 1.470825
-0.324379 0.023140 1.448191
-0.338632 0.016396 1.476653
-0.308408 0.025936 1.465278
-0.368679 0.010708 1.465168
-0.338632 0.016396 1.476653
-0.322800 0.018448 1.470825
-0.308408 0.025936 1.465278
-0.293816 0.026721 1.460006
-0.298097 0.026335 1.438573
-0.293816 0.026721 1.460006
-0.323854 0.020282 1.448236
-0.270008 0.031201 1.451131
-0.279876 0.029511 1.432646
-0.298097 0.026335 1.438573
-0.261220 0.032244 1.447896
-0.354198 -0.075852 1.504965
-0.354740 -0.057992 1.507357
-0.416430 -0.052218 1.433496
-0.393111 0.003689 1.475343
-0.368679 0.010708 1.465168
-0.324379 0.023140 1.448191
-0.281290 0.032177 1.454851
-0.312244 -0.062695 1.555313
-0.329858 -0.041218 1.534318
-0.354740 -0.057992 1.507357
-0.353159 -0.040484 1.506876
-0.354198 -0.075852 1.504965
-0.323854 0.020282 1.448236
-0.324379 0.023140 1.448191
-0.368679 0.010708 1.465168
-0.323854 0.020282 1.448236
-0.300549 -0.116593 1.530982
-0.291105 -0.085649 1.564864
-0.326353 -0.097108 1.524847
-0.324379 0.023140 1.448191
-0.298097 0.026335 1.438573
-0.298402 0.029044 1.438158
-0.298402 0.029044 1.438158
-0.261250 0.034815 1.447004
-0.298402 0.029044 1.438158
-0.279876 0.029511 1.432646
-0.279929 0.032078 1.431754
-0.270986 0.030434 1.431226
-0.270352 0.032504 1.429344
-0.294978 -0.144268 1.441983
-0.279856 -0.148088 1.435449
-0.270974 -0.152588 1.453992
-0.401567 -0.094962 1.509975
-0.393142 -0.098792 1.505828
-0.417154 -0.036850 1.424194
-0.418006 -0.065949 1.422729
-0.409325 -0.019722 1.421889
-0.384123 -0.106626 1.502690
-0.401567 -0.094962 1.509975
-0.369428 -0.110550 1.495543
-0.343122 -0.126145 1.461200
-0.316538 -0.132617 1.472483
-0.343122 -0.126145 1.461200
-0.356123 -0.118926 1.489935
-0.384123 -0.106626 1.502690
-0.340681 -0.122366 1.482796
-0.356123 -0.118926 1.489935
-0.356740 -0.124099 1.467024
-0.328905 -0.130231 1.477794
-0.401035 -0.010921 1.428849
-0.400011 -0.008836 1.420890
-0.328905 -0.130231 1.477794
-0.316538 -0.132617 1.472483
-0.356123 -0.118926 1.489935
-0.385141 -0.112905 1.479313
-0.356740 -0.124099 1.467024
-0.332917 -0.132687 1.457188
-0.332917 -0.132687 1.457188
-0.307036 -0.139551 1.468561
-0.288094 -0.146788 1.460781
-0.313055 -0.139108 1.449309
-0.313055 -0.139108 1.449309
-0.328905 -0.130231 1.477794
-0.307036 -0.139551 1.468561
-0.313055 -0.139108 1.449309
-0.303027 -0.139123 1.445686
-0.294978 -0.144268 1.441983
-0.321792 -0.133416 1.452885
-0.303027 -0.139123 1.445686
-0.286353 -0.143696 1.439065
-0.273647 -0.146852 1.433723
-0.279856 -0.148088 1.435449
-0.410337 -0.050602 1.415460
-0.408561 -0.038269 1.415574
-0.398036 -0.051097 1.413192
-0.396365 -0.035645 1.413594
-0.408680 -0.063132 1.413878
-0.303027 -0.139123 1.445686
-0.278671 -0.147097 1.457422
-0.286353 -0.143696 1.439065
-0.321792 -0.133416 1.452885
-0.356740 -0.124099 1.467024
-0.343122 -0.126145 1.461200
-0.332917 -0.132687 1.457188
-0.321792 -0.133416 1.452885
-0.381543 -0.011951 1.407964
-0.401692 -0.078447 1.411137
-0.343122 -0.126145 1.461200
-0.273647 -0.146852 1.433723
-0.255882 -0.153162 1.448802
-0.270986 0.030434 1.431226
-0.268509 0.028184 1.432034
-0.248270 0.030955 1.442993
-0.388254 -0.085693 1.407070
-0.268509 0.028184 1.432034
-0.266992 0.021108 1.430525
-0.268115 0.021463 1.432940
-0.270352 0.032504 1.429344
-0.270986 0.030434 1.431226
-0.270352 0.032504 1.429344
-0.250421 0.034210 1.442287
-0.246039 0.029445 1.440393
-0.266992 0.021108 1.430525
-0.244601 0.021469 1.441306
-0.288094 -0.146788 1.460781
-0.307036 -0.139551 1.468561
-0.278671 -0.147097 1.457422
-0.270974 -0.152588 1.453992
-0.262195 0.033295 1.448223
-0.313690 0.017667 1.463031
-0.269154 -0.149842 1.430264
-0.270974 -0.152588 1.453992
-0.244405 -0.156436 1.443328
-0.255882 -0.153162 1.448802
-0.244405 -0.156436 1.443328
-0.270974 -0.152588 1.453992
-0.354027 0.010287 1.435997
-0.265530 -0.147158 1.430232
-0.273647 -0.146852 1.433723
-0.240980 -0.151727 1.443578
-0.265530 -0.147158 1.430232
-0.240980 -0.151727 1.443578
-0.244405 -0.156436 1.443328
-0.237327 -0.148677 1.440745
-0.268115 0.021463 1.432940
-0.268381 0.017702 1.433660
-0.246320 0.015862 1.446239
-0.224530 0.034139 1.467861
-0.238235 -0.147938 1.442903
-0.261879 0.015015 1.435328
-0.277002 0.014647 1.426992
-0.259176 -0.129400 1.428760
-0.235890 -0.130242 1.444193
-0.235086 -0.137751 1.441321
-0.259429 -0.138026 1.426904
-0.237327 -0.148677 1.440745
-0.279856 -0.148088 1.435449
-0.269154 -0.149842 1.430264
-0.265530 -0.147158 1.430232
-0.262494 -0.146758 1.427190
-0.262494 -0.146758 1.427190
-0.237327 -0.148677 1.440745
-0.262494 -0.146758 1.427190
-0.319345 -0.130408 1.432375
-0.261292 -0.142253 1.428940
-0.265530 -0.147158 1.430232
-0.259429 -0.138026 1.426904
-0.259927 -0.134074 1.429577
-0.259176 -0.129400 1.428760
-0.272118 -0.148879 1.439932
-0.261292 -0.142253 1.428940
-0.238235 -0.147938 1.442903
-0.259927 -0.134074 1.429577
-0.235086 -0.137751 1.441321
-0.237327 -0.148677 1.440745
-0.236879 -0.132645 1.445182
-0.235890 -0.130242 1.444193
-0.260735 -0.129129 1.431612
-0.259991 -0.126932 1.430417
-0.259927 -0.134074 1.429577
-0.236879 -0.132645 1.445182
-0.259927 -0.134074 1.429577
-0.260735 -0.129129 1.431612
-0.267981 0.012859 1.432720
-0.245806 0.011936 1.446669
-0.267981 0.012859 1.432720
-0.245806 0.011936 1.446669
-0.246320 0.015862 1.446239
-0.250000 0.013751 1.454742
-0.244601 0.021469 1.441306
-0.335825 0.017277 1.416698
-0.270986 0.030434 1.431226
-0.248270 0.030955 1.442993
-0.246039 0.029445 1.440393
-0.231552 -0.155344 1.458809
-0.270352 0.032504 1.429344
-0.279929 0.032078 1.431754
-0.261220 0.032244 1.447896
-0.250421 0.034210 1.442287
-0.270484 0.008981 1.439129
-0.251851 0.010715 1.455616
-0.266992 0.021108 1.430525
-0.268381 0.017702 1.433660
-0.268115 0.021463 1.432940
-0.267981 0.012859 1.432720
-0.269461 0.012769 1.436226
-0.250000 0.013751 1.454742
-0.268381 0.017702 1.433660
-0.269461 0.012769 1.436226
-0.270484 0.008981 1.439129
-0.267981 0.012859 1.432720
-0.272213 0.012024 1.442994
-0.271071 0.009442 1.445465
-0.264746 -0.126679 1.437302
-0.264719 -0.129777 1.437062
-0.277580 -0.129928 1.423793
-0.244080 -0.132424 1.451410
-0.264719 -0.129777 1.437062
-0.238881 -0.131870 1.448020
-0.264723 -0.130322 1.440084
-0.264719 -0.129777 1.437062
-0.264723 -0.130322 1.440084
-0.264746 -0.126679 1.437302
-0.361570 -0.104566 1.399951
-0.264723 -0.130322 1.440084
-0.244080 -0.132424 1.451410
-0.243725 -0.129453 1.451937
-0.377889 0.002526 1.405433
-0.238881 -0.131870 1.448020
-0.243725 -0.129453 1.451937
-0.244080 -0.132424 1.451410
-0.264746 -0.126679 1.437302
-0.259176 -0.129400 1.428760
-0.259991 -0.126932 1.430417
-0.218318 -0.066697 1.593671
-0.220779 -0.094137 1.587883
-0.272213 0.012024 1.442994
-0.218627 -0.038130 1.590568
-0.221723 -0.116336 1.575830
-0.217855 -0.013280 1.580668
-0.271071 0.009442 1.445465
-0.251851 0.010715 1.455616
-0.217946 0.006137 1.567604
-0.223701 -0.134558 1.558106
-0.251851 0.010715 1.455616
-0.225783 -0.146449 1.540201
-0.271071 0.009442 1.445465
-0.347677 -0.006073 1.422768
-0.303036 -0.000014 1.436283
-0.310542 -0.011075 1.446746
-0.340149 0.006808 1.410793
-0.294689 0.005709 1.424443
-0.219609 0.027288 1.534073
-0.331825 0.013072 1.397376
-0.285668 0.005328 1.411544
-0.322749 0.010990 1.383647
-0.277417 -0.001445 1.397050
-0.228200 -0.157273 1.500932
-0.315240 0.002054 1.369895
-0.272450 -0.016102 1.384283
-0.310468 -0.012951 1.357499
-0.269506 -0.037377 1.376959
-0.307810 -0.034645 1.349894
-0.306670 -0.058173 1.346604
-0.267394 -0.061399 1.372381
-0.308263 -0.078323 1.348864
-0.269295 -0.084652 1.373879
-0.314154 -0.094232 1.359104
-0.275785 -0.102882 1.382942
-0.323545 -0.105214 1.372967
-0.285217 -0.113871 1.395986
-0.296196 -0.117575 1.411636
-0.333625 -0.109623 1.387831
-0.342728 -0.105886 1.403723
-0.307129 -0.115256 1.428369
-0.316748 -0.107155 1.444863
-0.247492 -0.111827 1.571737
-0.245103 -0.129127 1.556319
-0.357520 -0.080815 1.433077
-0.322979 -0.091452 1.457258
-0.324968 -0.070279 1.462825
-0.360976 -0.062852 1.440911
-0.360976 -0.062852 1.440911
-0.322793 -0.047716 1.461817
-0.324968 -0.070279 1.462825
-0.359837 -0.042459 1.440209
-0.248448 -0.090125 1.582768
-0.248510 -0.066005 1.587634
-0.270633 -0.065229 1.580026
-0.269153 -0.035904 1.371943
-0.272450 -0.016102 1.384283
-0.269506 -0.037377 1.376959
-0.246945 -0.041759 1.585421
-0.271948 -0.012797 1.379549
-0.267093 -0.061269 1.367007
-0.269295 -0.084652 1.373879
-0.269326 -0.085868 1.368723
-0.267394 -0.061399 1.372381
-0.322749 0.010990 1.383647
-0.309847 0.006712 1.369137
-0.315240 0.002054 1.369895
-0.318553 0.015896 1.384369
-0.277477 0.003059 1.393146
-0.304552 -0.009323 1.355707
-0.310468 -0.012951 1.357499
-0.301940 -0.033355 1.347463
-0.307810 -0.034645 1.349894
-0.300549 -0.116593 1.530982
-0.300587 -0.058895 1.343631
-0.308263 -0.078323 1.348864
-0.306670 -0.058173 1.346604
-0.345464 -0.104940 1.490079
-0.302382 -0.081201 1.346258
-0.343252 -0.108004 1.380330
-0.346511 -0.118517 1.378422
-0.347556 -0.108914 1.384241
-0.314154 -0.094232 1.359104
-0.319812 -0.111165 1.372054
-0.323545 -0.105214 1.372967
-0.309116 -0.099062 1.357252
-0.328628 -0.118148 1.371286
-0.323268 -0.110251 1.370849
-0.317112 -0.120105 1.374795
-0.315563 -0.110643 1.377380
-0.330705 -0.122627 1.393539
-0.276558 -0.105440 1.378383
-0.275785 -0.102882 1.382942
-0.287096 -0.117479 1.392386
-0.347759 -0.116286 1.413890
-0.330106 -0.126200 1.393893
-0.317517 -0.124394 1.375932
-0.285217 -0.113871 1.395986
-0.328622 -0.128912 1.407004
-0.306894 -0.130395 1.408844
-0.299160 -0.121521 1.409567
-0.331316 -0.116009 1.388772
-0.317778 -0.128232 1.423441
-0.296196 -0.117575 1.411636
-0.333625 -0.109623 1.387831
-0.341418 -0.111769 1.406298
-0.310858 -0.118931 1.427757
-0.299288 -0.132476 1.423077
-0.342728 -0.105886 1.403723
-0.350211 -0.100317 1.423506
-0.357520 -0.080815 1.433077
-0.296722 -0.128809 1.397557
-0.275689 -0.130948 1.399320
-0.277417 -0.001445 1.397050
-0.286956 0.010109 1.408990
-0.285668 0.005328 1.411544
-0.280015 -0.128871 1.421056
-0.291997 -0.123789 1.389818
-0.327632 -0.093372 1.459341
-0.357678 -0.084356 1.438769
-0.295253 -0.129994 1.391395
-0.321003 -0.110140 1.445656
-0.329890 -0.070817 1.465674
-0.361499 -0.064626 1.447539
-0.314448 -0.119595 1.372640
-0.361499 -0.064626 1.447539
-0.327647 -0.046905 1.464290
-0.359996 -0.042189 1.446587
-0.329890 -0.070817 1.465674
-0.291126 -0.125526 1.385840
-0.277495 -0.121300 1.398931
-0.292071 -0.116473 1.391484
-0.307129 -0.115256 1.428369
-0.276410 -0.122761 1.404258
-0.316748 -0.107155 1.444863
-0.322979 -0.091452 1.457258
-0.312155 -0.113263 1.374463
-0.324968 -0.070279 1.462825
-0.324968 -0.070279 1.462825
-0.322793 -0.047716 1.461817
-0.360976 -0.062852 1.440911
-0.359837 -0.042459 1.440209
-0.232883 -0.135727 1.444876
-0.232546 -0.144499 1.444434
-0.360976 -0.062852 1.440911
-0.225021 -0.137142 1.450378
-0.232883 -0.135727 1.444876
-0.297087 0.010558 1.423179
-0.294689 0.005709 1.424443
-0.294689 0.005709 1.424443
-0.306404 0.004302 1.436396
-0.303036 -0.000014 1.436283
-0.217260 0.017454 1.459730
-0.225679 0.028677 1.453487
-0.297087 0.010558 1.423179
-0.225520 0.017581 1.453691
-0.314487 -0.007807 1.447546
-0.310542 -0.011075 1.446746
-0.354149 -0.020955 1.438393
-0.347677 -0.006073 1.422768
-0.321731 -0.024965 1.457070
-0.346610 -0.002822 1.427543
-0.339823 0.012079 1.422725
-0.340149 0.006808 1.410793
-0.338400 0.011207 1.414628
-0.328844 0.018080 1.399692
-0.328844 0.018080 1.399692
-0.279195 0.020018 1.402584
-0.296402 0.018935 1.412601
-0.331825 0.013072 1.397376
-0.290136 0.021602 1.398995
-0.331825 0.013072 1.397376
-0.280557 0.013748 1.423105
-0.278288 0.010875 1.402061
-0.292071 -0.116473 1.391484
-0.286889 0.019176 1.396181
-0.287459 0.011218 1.395359
-0.245103 -0.129127 1.556319
-0.307408 0.020366 1.428756
-0.306391 0.017674 1.432348
-0.289644 -0.042642 1.567958
-0.244503 -0.019887 1.577638
-0.321876 0.021473 1.397240
-0.242241 -0.003019 1.565916
-0.242241 -0.003019 1.565916
-0.318714 0.022102 1.412870
-0.244503 -0.019887 1.577638
-0.353995 0.021117 1.393242
-0.312398 0.018904 1.382357
-0.328924 0.022847 1.372617
-0.246945 -0.041759 1.585421
-0.312391 0.021605 1.384392
-0.248510 -0.066005 1.587634
-0.309543 0.018739 1.379536
-0.248448 -0.090125 1.582768
-0.247492 -0.111827 1.571737
-0.286412 0.015990 1.392972
-0.310270 0.009284 1.381226
-0.288767 0.009150 1.394036
-0.313571 0.012060 1.382947
-0.329987 0.015458 1.374656
-0.335117 0.015647 1.375068
-0.335117 0.015647 1.375068
-0.349668 0.023976 1.381616
-0.354554 0.012942 1.389901
-0.322125 0.011683 1.397396
-0.299254 0.007981 1.404310
-0.299469 0.010699 1.409919
-0.329987 0.015458 1.374656
-0.313571 0.012060 1.382947
-0.289352 0.010367 1.397183
-0.299744 -0.121703 1.409856
-0.323865 -0.112351 1.389993
-0.323268 -0.110251 1.370849
-0.315563 -0.110643 1.377380
-0.289352 0.010367 1.397183
-0.278288 0.010875 1.402061
-0.280727 0.012994 1.426685
-0.281208 -0.127582 1.424566
-0.373840 -0.097298 1.405094
-0.391603 -0.076496 1.411860
-0.264878 -0.129908 1.430568
-0.213299 -0.064963 1.566293
-0.212018 -0.036511 1.564275
-0.214041 -0.093615 1.558484
-0.232883 -0.135727 1.444876
-0.209782 -0.012759 1.552820
-0.213869 -0.114626 1.543641
-0.344313 -0.039505 1.514917
-0.354408 -0.023908 1.494898
-0.340787 -0.022537 1.510848
-0.216835 -0.139298 1.487619
-0.280935 -0.126900 1.424172
-0.313785 -0.109060 1.443874
-0.299983 -0.122151 1.410188
-0.361592 -0.104726 1.400282
-0.288026 0.025375 1.484345
-0.266289 0.018025 1.527169
-0.223241 0.038470 1.492037
-0.243238 -0.001459 1.568514
-0.219461 -0.037483 1.592805
-0.219653 0.017908 1.556665
-0.249309 -0.065304 1.590197
-0.221641 -0.094543 1.589666
-0.249150 -0.090766 1.584253
-0.398860 -0.051255 1.413607
-0.347006 -0.075558 1.458460
-0.385072 -0.087423 1.408470
-0.245755 -0.130151 1.557469
-0.311967 -0.083600 1.552377
-0.300724 -0.117135 1.530952
-0.245755 -0.130151 1.557469
-0.328226 -0.039641 1.487171
-0.330226 0.015242 1.373921
-0.322180 0.012741 1.397537
-0.354704 0.012762 1.389556
-0.285857 0.019688 1.395689
-0.310169 0.021065 1.434537
-0.281449 0.021049 1.424057
-0.362615 -0.002462 1.500968
-0.340787 -0.022537 1.510848
-0.354408 -0.023908 1.494898
-0.396616 -0.035515 1.413688
-0.354049 0.002559 1.521502
-0.347641 -0.020049 1.459505
-0.209609 -0.012444 1.553180
-0.374869 0.003223 1.510787
-0.249150 -0.090766 1.584253
-0.291687 -0.041872 1.570520
-0.367405 0.002919 1.532546
-0.278349 0.019452 1.405029
-0.392956 -0.014025 1.527876
-0.371293 -0.015392 1.545216
-0.228209 -0.157372 1.524105
-0.300724 -0.117135 1.530952
-0.345599 -0.010805 1.497261
-0.317342 -0.007616 1.522805
-0.323020 0.005566 1.492046
-0.379797 -0.030821 1.544158
-0.364536 0.013186 1.407587
-0.276041 -0.122463 1.404071
-0.290626 -0.117214 1.390015
-0.322075 -0.130718 1.411328
-0.319246 -0.129510 1.432469
-0.348336 -0.122045 1.415996
-0.372779 -0.002679 1.403183
-0.309646 0.007866 1.368638
-0.322524 0.011427 1.383398
-0.328600 0.019767 1.399400
-0.356826 -0.000554 1.418319
-0.332117 0.013468 1.397468
-0.332117 0.013468 1.397468
-0.338912 0.011817 1.414917
-0.328600 0.019767 1.399400
-0.343338 -0.108371 1.380254
-0.346466 -0.118480 1.378123
-0.361592 -0.104726 1.400282
-0.306437 0.004831 1.437009
-0.366232 -0.049193 1.534027
-0.368231 -0.043237 1.497736
-0.274917 0.001184 1.397254
-0.394129 -0.023830 1.523535
-0.366597 -0.114873 1.400296
-0.394693 -0.095021 1.416180
-0.385072 -0.087423 1.408470
-0.386577 -0.003331 1.517597
-0.207916 0.010525 1.519664
-0.347836 -0.005824 1.422797
-0.355281 -0.020194 1.439249
-0.321860 -0.024385 1.458688
-0.361781 -0.023985 1.495823
-0.365665 -0.003480 1.500140
-0.329970 -0.070616 1.466715
-0.322772 -0.047750 1.461746
-0.310683 -0.011030 1.446770
-0.323357 -0.109829 1.371926
-0.314606 -0.121259 1.370951
-0.363647 -0.064953 1.448989
-0.359765 -0.042526 1.440167
-0.365665 -0.003480 1.500140
-0.400552 -0.027254 1.442818
-0.411793 -0.008562 1.447014
-0.293344 0.008099 1.425475
-0.293344 0.008099 1.425475
-0.357475 -0.080751 1.433059
-0.363647 -0.064953 1.448989
-0.360976 -0.062852 1.440911
-0.349762 0.024045 1.381664
-0.330226 0.015242 1.373921
-0.354704 0.012762 1.389556
-0.329169 0.022543 1.373347
-0.428896 -0.010657 1.463362
-0.423774 -0.003837 1.462668
-0.411793 -0.008562 1.447014
-0.432963 -0.012575 1.470405
-0.437003 -0.032796 1.469655
-0.360976 -0.062852 1.440911
-0.351570 -0.101772 1.424003
-0.313402 0.010454 1.381493
-0.394129 -0.023830 1.523535
-0.313402 0.010454 1.381493
-0.299566 0.011140 1.410258
-0.322180 0.012741 1.397537
-0.288316 0.009176 1.396665
-0.324968 -0.070279 1.462825
-0.299983 -0.122151 1.410188
-0.290626 -0.117214 1.390015
-0.323878 -0.112460 1.390003
-0.213281 0.017197 1.478101
-0.283338 0.013761 1.424205
-0.329970 -0.070616 1.466715
-0.323165 -0.092860 1.459438
-0.324968 -0.070279 1.462825
-0.316723 -0.108942 1.446203
-0.310643 -0.119992 1.427948
-0.296164 -0.117971 1.411808
-0.315457 -0.110418 1.377180
-0.286842 -0.119339 1.392058
-0.323357 -0.109829 1.371926
-0.323878 -0.112460 1.390003
-0.315457 -0.110418 1.377180
-0.437003 -0.032796 1.469655
-0.411793 -0.008562 1.447014
-0.430428 -0.044525 1.464852
-0.428896 -0.010657 1.463362
-0.332054 -0.116988 1.388704
-0.214961 -0.135324 1.508291
-0.412777 -0.049472 1.454459
-0.324292 -0.107787 1.370526
-0.342798 -0.106048 1.403774
-0.343338 -0.108371 1.380254
-0.278797 0.010824 1.402112
-0.283338 0.013761 1.424205
-0.288316 0.009176 1.396665
-0.278797 0.010824 1.402112
-0.299566 0.011140 1.410258
-0.400552 -0.027254 1.442818
-0.301968 -0.082657 1.344519
-0.273194 -0.104786 1.380865
-0.214214 -0.093711 1.558840
-0.213433 -0.114354 1.543393
-0.264352 -0.061592 1.370156
-0.300510 -0.058701 1.342742
-0.307908 -0.078459 1.348814
-0.310385 -0.012449 1.356628
-0.306733 -0.058121 1.346278
-0.412777 -0.049472 1.454459
-0.368231 -0.043237 1.497736
-0.376468 -0.047028 1.509969
-0.400552 -0.027254 1.442818
-0.275540 -0.130533 1.399279
-0.276041 -0.122463 1.404071
-0.303827 -0.008862 1.354568
-0.270211 -0.015008 1.383523
-0.213187 -0.064953 1.566203
-0.280718 -0.134450 1.417738
-0.280935 -0.126900 1.424172
-0.277328 -0.135753 1.422931
-0.341998 -0.022359 1.520088
-0.352468 -0.040941 1.529063
-0.398860 -0.051255 1.413607
-0.402588 -0.079221 1.410670
-0.347836 -0.005824 1.422797
-0.310683 -0.011030 1.446770
-0.359765 -0.042526 1.440167
-0.341998 -0.022359 1.520088
-0.371293 -0.015392 1.545216
-0.365261 -0.037979 1.540062
-0.365261 -0.037979 1.540062
-0.322772 -0.047750 1.461746
-0.360976 -0.062852 1.440911
-0.211375 -0.036588 1.563602
-0.324968 -0.070279 1.462825
-0.360976 -0.062852 1.440911
-0.324968 -0.070279 1.462825
-0.357475 -0.080751 1.433059
-0.323165 -0.092860 1.459438
-0.316723 -0.108942 1.446203
-0.342798 -0.106048 1.403774
-0.225635 0.028833 1.453346
-0.225618 0.017678 1.454027
-0.283338 0.013761 1.424205
-0.296164 -0.117971 1.411808
-0.324292 -0.107787 1.370526
-0.352468 -0.040941 1.529063
-0.217233 0.017569 1.459829
-0.225618 0.017678 1.454027
-0.273194 -0.104786 1.380865
-0.307908 -0.078459 1.348814
-0.264352 -0.061592 1.370156
-0.217233 0.017569 1.459829
-0.216127 0.036524 1.457901
-0.213281 0.017197 1.478101
-0.306733 -0.058121 1.346278
-0.310385 -0.012449 1.356628
-0.224762 -0.137115 1.450441
-0.232856 -0.135695 1.444806
-0.270211 -0.015008 1.383523
-0.274917 0.001184 1.397254
-0.216835 -0.139298 1.487619
-0.221262 -0.151290 1.449969
-0.224762 -0.137115 1.450441
-0.322524 0.011427 1.383398
-0.293344 0.008099 1.425475
-0.332117 0.013468 1.397468
-0.353076 -0.004143 1.527488
-0.271538 0.011969 1.445534
-0.270627 0.008831 1.439198
-0.251665 0.012819 1.456122
-0.270627 0.008831 1.439198
-0.271538 0.011969 1.445534
-0.251665 0.012819 1.456122
-0.264759 -0.126820 1.437292
-0.236010 -0.130311 1.444036
-0.261024 -0.128659 1.431167
-0.331554 -0.123669 1.392981
-0.347643 -0.116134 1.413880
-0.259180 -0.129393 1.428752
-0.376974 -0.113515 1.415382
-0.217352 -0.163988 1.490229
-0.229507 -0.156529 1.446015
-0.243881 -0.129866 1.452067
-0.236010 -0.130311 1.444036
-0.243881 -0.129866 1.452067
-0.238726 -0.131768 1.448038
-0.318874 -0.130287 1.453620
-0.402695 -0.093188 1.425929
-0.261024 -0.128659 1.431167
-0.238726 -0.131768 1.448038
-0.264945 -0.129900 1.437232
-0.264759 -0.126820 1.437292
-0.264945 -0.129900 1.437232
-0.243881 -0.129866 1.452067
-0.414745 -0.066458 1.431105
-0.357214 -0.058097 1.509539
-0.413774 -0.037403 1.432981
-0.341998 -0.022359 1.520088
-0.353076 -0.004143 1.527488
-0.264759 -0.126820 1.437292
-0.261024 -0.128659 1.431167
-0.264945 -0.129900 1.437232
-0.401187 -0.010858 1.428445
-0.267965 0.012879 1.432730
-0.270627 0.008831 1.439198
-0.268323 0.017688 1.433579
-0.268323 0.017688 1.433579
-0.245136 0.014883 1.446448
-0.266881 0.021295 1.430382
-0.377822 0.002516 1.405514
-0.251665 0.012819 1.456122
-0.270627 0.008831 1.439198
-0.245136 0.014883 1.446448
-0.214961 -0.135324 1.508291
-0.211489 -0.148320 1.548258
-0.386577 -0.003331 1.517597
-0.206945 -0.135191 1.551896
-0.430428 -0.044525 1.464852
-0.268323 0.017688 1.433579
-0.247463 0.032122 1.442900
-0.269185 0.029797 1.431556
-0.208694 -0.124655 1.578845
-0.387596 -0.042746 1.519025
-0.213433 -0.114354 1.543393
-0.247463 0.032122 1.442900
-0.274032 0.032937 1.429959
-0.269738 0.033482 1.451651
-0.387596 -0.042746 1.519025
-0.288055 0.030920 1.434361
-0.372779 -0.002679 1.403183
-0.376468 -0.047028 1.509969
-0.245136 0.014883 1.446448
-0.244508 0.021524 1.441239
-0.247463 0.032122 1.442900
-0.279805 0.029400 1.432793
-0.269185 0.029797 1.431556
-0.269738 0.033482 1.451651
-0.361781 -0.023985 1.495823
-0.361541 -0.024492 1.491575
-0.270627 0.008831 1.439198
-0.267965 0.012879 1.432730
-0.244508 0.021524 1.441239
-0.208895 0.039440 1.502056
-0.225610 0.031927 1.457305
-0.267965 0.012879 1.432730
-0.266881 0.021295 1.430382
-0.259986 -0.134032 1.429121
-0.361541 -0.024492 1.491575
-0.361781 -0.023985 1.495823
-0.240836 -0.151669 1.443550
-0.259986 -0.134032 1.429121
-0.261024 -0.128659 1.431167
-0.259180 -0.129393 1.428752
-0.240836 -0.151669 1.443550
-0.234809 -0.137678 1.441211
-0.240136 -0.153106 1.441442
-0.259986 -0.134032 1.429121
-0.261282 -0.142411 1.426839
-0.265730 -0.148533 1.428313
-0.265730 -0.148533 1.428313
-0.261282 -0.142411 1.426839
-0.240136 -0.153106 1.441442
-0.259986 -0.134032 1.429121
-0.279865 -0.148189 1.435400
-0.273646 -0.146846 1.433718
-0.265730 -0.148533 1.428313
-0.259180 -0.129393 1.428752
-0.234809 -0.137678 1.441211
-0.225635 0.028833 1.453346
-0.240136 -0.153106 1.441442
-0.249899 -0.156440 1.445315
-0.265730 -0.148533 1.428313
-0.225618 0.017678 1.454027
-0.207916 0.010525 1.519664
-0.255931 -0.153063 1.448770
-0.249899 -0.156440 1.445315
-0.240136 -0.153106 1.441442
-0.361781 -0.023985 1.495823
-0.232856 -0.135695 1.444806
-0.232917 -0.147756 1.443818
-0.255931 -0.153063 1.448770
-0.240538 -0.154258 1.454320
-0.273646 -0.146846 1.433718
-0.249899 -0.156440 1.445315
-0.270968 -0.152316 1.453885
-0.270968 -0.152316 1.453885
-0.278751 -0.147224 1.457332
-0.270968 -0.152316 1.453885
-0.213433 -0.114354 1.543393
-0.202843 -0.108476 1.577044
-0.214214 -0.093711 1.558840
-0.295196 -0.130567 1.396440
-0.279865 -0.148189 1.435400
-0.199700 -0.081955 1.587594
-0.213187 -0.064953 1.566203
-0.211375 -0.036588 1.563602
-0.270968 -0.152316 1.453885
-0.288095 -0.146825 1.460789
-0.294977 -0.144267 1.441984
-0.313055 -0.139107 1.449309
-0.369919 -0.062663 1.545941
-0.349097 -0.059267 1.530487
-0.374428 -0.057838 1.514006
-0.204905 -0.084035 1.600263
-0.288095 -0.146825 1.460789
-0.340785 -0.122550 1.482722
-0.383200 -0.062188 1.525151
-0.307037 -0.139548 1.468558
-0.204141 -0.051648 1.602895
-0.321789 -0.133413 1.452889
-0.340785 -0.122550 1.482722
-0.303027 -0.139123 1.445685
-0.278751 -0.147224 1.457332
-0.393081 -0.080478 1.528923
-0.380403 -0.092494 1.549179
-0.274032 0.032937 1.429959
-0.266881 0.021295 1.430382
-0.280718 -0.134450 1.417738
-0.274032 0.032937 1.429959
-0.269185 0.029797 1.431556
-0.202276 0.021376 1.559008
-0.268323 0.017688 1.433579
-0.273646 -0.146846 1.433718
-0.286354 -0.143696 1.439065
-0.321789 -0.133413 1.452889
-0.332916 -0.132686 1.457190
-0.343141 -0.126163 1.461170
-0.209609 -0.012444 1.553180
-0.343141 -0.126163 1.461170
-0.356742 -0.124100 1.467020
-0.368323 -0.111051 1.536483
-0.379532 -0.104471 1.509635
-0.344721 -0.102597 1.519282
-0.368257 -0.100296 1.501362
-0.198571 -0.011765 1.575734
-0.338714 -0.085709 1.516968
-0.203298 -0.019159 1.594049
-0.313055 -0.139107 1.449309
-0.383772 -0.110640 1.478352
-0.385136 -0.112961 1.479405
-0.343141 -0.126163 1.461170
-0.303027 -0.139123 1.445685
-0.286354 -0.143696 1.439065
-0.294977 -0.144267 1.441984
-0.279865 -0.148189 1.435400
-0.361720 -0.063616 1.507598
-0.358416 -0.081540 1.496963
-0.321789 -0.133413 1.452889
-0.303027 -0.139123 1.445685
-0.198255 -0.037547 1.586765
-0.328905 -0.130232 1.477794
-0.307037 -0.139548 1.468558
-0.313055 -0.139107 1.449309
-0.307037 -0.139548 1.468558
-0.332916 -0.132686 1.457190
-0.328905 -0.130232 1.477794
-0.284394 -0.142032 1.422428
-0.357214 -0.058097 1.509539
-0.346279 -0.105652 1.490661
-0.332916 -0.132686 1.457190
-0.356742 -0.124100 1.467020
-0.385136 -0.112961 1.479405
-0.356742 -0.124100 1.467020
-0.356124 -0.118930 1.489935
-0.411640 -0.049083 1.466041
-0.401349 -0.054421 1.457180
-0.409218 -0.053777 1.459490
-0.356124 -0.118930 1.489935
-0.328905 -0.130232 1.477794
-0.393577 -0.015078 1.412083
-0.383772 -0.110640 1.478352
-0.346279 -0.105652 1.490661
-0.325349 -0.124614 1.483856
-0.399496 -0.071967 1.446594
-0.382582 -0.105329 1.502750
-0.422662 -0.055801 1.469702
-0.427206 -0.057322 1.476539
-0.249309 -0.065304 1.590197
-0.243238 -0.001459 1.568514
-0.382582 -0.105329 1.502750
-0.406995 -0.099271 1.488095
-0.434185 -0.077578 1.472882
-0.274032 0.032937 1.429959
-0.269185 0.029797 1.431556
-0.279805 0.029400 1.432793
-0.288055 0.030920 1.434361
-0.298098 0.026331 1.438576
-0.393081 -0.080478 1.528923
-0.310621 0.026405 1.442942
-0.288055 0.030920 1.434361
-0.310621 0.026405 1.442942
-0.323851 0.020275 1.448238
-0.339121 0.019230 1.453683
-0.381043 0.004060 1.469982
-0.339121 0.019230 1.453683
-0.393180 0.003748 1.475218
-0.381043 0.004060 1.469982
-0.323851 0.020275 1.448238
-0.322799 0.018444 1.470824
-0.374428 -0.057838 1.514006
-0.323851 0.020275 1.448238
-0.293816 0.026719 1.460007
-0.361720 -0.063616 1.507598
-0.409218 -0.053777 1.459490
-0.434185 -0.077578 1.472882
-0.422662 -0.055801 1.469702
-0.339121 0.019230 1.453683
-0.308565 0.026087 1.464951
-0.298098 0.026331 1.438576
-0.418139 -0.090821 1.459581
-0.422277 -0.093966 1.465895
-0.298098 0.026331 1.438576
-0.405827 -0.091508 1.453445
-0.322799 0.018444 1.470824
-0.293816 0.026719 1.460007
-0.308565 0.026087 1.464951
-0.269738 0.033482 1.451651
-0.418139 -0.090821 1.459581
-0.262072 0.032235 1.438005
-0.386728 0.000390 1.497134
-0.393180 0.003748 1.475218
-0.386728 0.000390 1.497134
-0.386728 0.000390 1.497134
-0.401242 -0.001572 1.478831
-0.393180 0.003748 1.475218
-0.291484 -0.147843 1.474463
-0.409786 -0.001603 1.483074
-0.413770 -0.007037 1.484956
-0.399496 -0.071967 1.446594
-0.399496 -0.071967 1.446594
-0.408603 -0.101127 1.489414
-0.406995 -0.099271 1.488095
-0.383772 -0.110640 1.478352
-0.368257 -0.100296 1.501362
-0.379532 -0.104471 1.509635
-0.353560 -0.104488 1.532871
-0.400118 -0.093913 1.509473
-0.418764 -0.074464 1.490684
-0.405445 -0.062764 1.508090
-0.421532 -0.064351 1.492417
-0.418764 -0.074464 1.490684
-0.420404 -0.083033 1.492652
-0.420404 -0.083033 1.492652
-0.407238 -0.073402 1.510261
-0.421532 -0.064351 1.492417
-0.341510 -0.086743 1.526279
-0.420404 -0.083033 1.492652
-0.418764 -0.074464 1.490684
-0.415725 -0.095641 1.491966
-0.232856 -0.135695 1.444806
-0.362600 -0.070006 1.546941
-0.369308 -0.079526 1.549967
-0.366432 -0.101203 1.543762
-0.369308 -0.079526 1.549967
-0.366432 -0.101203 1.543762
-0.415725 -0.095641 1.491966
-0.408603 -0.101127 1.489414
-0.400118 -0.093913 1.509473
-0.382582 -0.105329 1.502750
-0.408603 -0.101127 1.489414
-0.385136 -0.112961 1.479405
-0.420404 -0.083033 1.492652
-0.405227 -0.088747 1.510843
-0.345599 -0.010805 1.497261
-0.317342 -0.007616 1.522805
-0.353560 -0.104488 1.532871
-0.338714 -0.085709 1.516968
-0.421532 -0.064351 1.492417
-0.420714 -0.031030 1.490649
-0.420714 -0.031030 1.490649
-0.422871 -0.021614 1.491730
-0.419474 -0.015959 1.488863
-0.419348 -0.009005 1.488525
-0.413770 -0.007037 1.484956
-0.419474 -0.015959 1.488863
-0.413770 -0.007037 1.484956
-0.406029 -0.020286 1.506246
-0.406713 -0.012624 1.507231
-0.422871 -0.021614 1.491730
-0.407797 -0.050947 1.509668
-0.419348 -0.009005 1.488525
-0.405227 -0.088747 1.510843
-0.407238 -0.073402 1.510261
-0.405445 -0.062764 1.508090
-0.407797 -0.050947 1.509668
-0.406029 -0.020286 1.506246
-0.405227 -0.088747 1.510843
-0.400118 -0.093913 1.509473
-0.407238 -0.073402 1.510261
-0.420714 -0.031030 1.490649
-0.341510 -0.086743 1.526279
-0.342947 -0.075272 1.529657
-0.341510 -0.086743 1.526279
-0.342947 -0.075272 1.529657
-0.362600 -0.070006 1.546941
-0.406029 -0.020286 1.506246
-0.406713 -0.012624 1.507231
-0.420714 -0.031030 1.490649
-0.393941 -0.002792 1.499063
-0.400781 -0.003253 1.503102
-0.393941 -0.002792 1.499063
-0.419348 -0.009005 1.488525
-0.400781 -0.003253 1.503102
-0.409786 -0.001603 1.483074
-0.386728 0.000390 1.497134
-0.401242 -0.001572 1.478831
-0.383200 -0.062188 1.525151
-0.413770 -0.007037 1.484956
-0.419348 -0.009005 1.488525
-0.409786 -0.001603 1.483074
-0.396616 -0.035515 1.413688
-0.388200 -0.100185 1.521531
-0.358416 -0.081540 1.496963
-0.418185 -0.036233 1.422887
-0.388200 -0.100185 1.521531
-0.418227 -0.066142 1.421628
-0.358416 -0.081540 1.496963
-0.358416 -0.081540 1.496963
-0.345201 -0.038217 1.514905
-0.355556 -0.031849 1.496818
-0.342012 -0.023165 1.511249
-0.216963 -0.139368 1.487624
-0.269434 -0.128026 1.437357
-0.304533 -0.119172 1.418633
-0.322293 -0.116073 1.407773
-0.347433 -0.108475 1.384146
-0.328148 -0.111028 1.417257
-0.354935 -0.023837 1.495915
-0.343019 -0.015046 1.511738
-0.354935 -0.023837 1.495915
-0.355820 -0.015790 1.496116
-0.384578 -0.086904 1.407491
-0.364249 -0.092605 1.421249
-0.373634 -0.096868 1.404756
-0.361575 -0.104654 1.400023
-0.390801 -0.075730 1.411019
-0.345910 -0.074616 1.457310
-0.395507 -0.064575 1.412184
-0.349621 -0.057576 1.463935
-0.342012 -0.023165 1.511249
-0.313707 -0.108921 1.443745
-0.318464 -0.091096 1.467105
-0.362844 -0.002628 1.501219
-0.398077 -0.051198 1.413339
-0.396506 -0.035603 1.413681
-0.350203 -0.002286 1.517008
-0.326994 -0.039546 1.485616
-0.346745 -0.021393 1.458505
-0.355589 0.001618 1.521483
-0.281976 -0.019835 1.508301
-0.374246 0.002560 1.510802
-0.363509 -0.009765 1.425396
-0.319704 -0.008617 1.466547
-0.367126 0.001926 1.531495
-0.385400 -0.002190 1.520713
-0.372468 -0.001681 1.536286
-0.392043 -0.015035 1.527267
-0.379223 -0.014257 1.542834
-0.391791 -0.031019 1.527969
-0.378955 -0.030310 1.543537
-0.371776 -0.043192 1.538095
-0.384630 -0.044133 1.522533
-0.387879 -0.022497 1.411079
-0.366317 -0.047009 1.533620
-0.373365 -0.049410 1.513066
-0.381432 -0.012546 1.406898
-0.354621 -0.047424 1.523564
-0.362146 -0.044722 1.503062
-0.391905 -0.023396 1.521127
-0.334473 -0.001883 1.436555
-0.323247 0.009862 1.408363
-0.294255 0.001879 1.465285
-0.391278 -0.017090 1.520243
-0.356514 -0.001014 1.418091
-0.368273 -0.007505 1.500459
-0.377196 -0.003384 1.507668
-0.362720 -0.017709 1.496218
-0.361946 -0.024015 1.495988
-0.283183 0.012156 1.432919
-0.362543 -0.030299 1.496715
-0.361946 -0.024015 1.495988
-0.367814 -0.040251 1.501754
-0.372598 -0.003125 1.402713
-0.376620 -0.043999 1.509279
-0.420485 -0.007170 1.456207
-0.413338 -0.004879 1.454071
-0.412078 -0.011045 1.449189
-0.423747 -0.004674 1.462828
-0.374083 -0.002342 1.500769
-0.404843 -0.013385 1.447439
-0.211813 -0.036563 1.563926
-0.283893 -0.040096 1.516337
-0.209708 -0.012829 1.552719
-0.208053 0.001598 1.537430
-0.365481 -0.010621 1.493986
-0.406646 -0.020799 1.445367
-0.428860 -0.010674 1.463422
-0.432212 -0.012661 1.470271
-0.433942 -0.020208 1.468168
-0.208188 0.010041 1.519503
-0.435030 -0.025961 1.473423
-0.395927 -0.023376 1.520178
-0.392807 -0.010242 1.516869
-0.210094 0.015767 1.498658
-0.213658 0.017234 1.478181
-0.262124 0.015589 1.435581
-0.384544 -0.002072 1.509557
-0.377196 -0.003384 1.507668
-0.368273 -0.007505 1.500459
-0.433773 -0.032131 1.468642
-0.412078 -0.011045 1.449189
-0.428501 -0.041899 1.464561
-0.433942 -0.020208 1.468168
-0.428860 -0.010674 1.463422
-0.420485 -0.007170 1.456207
-0.428501 -0.041899 1.464561
-0.419949 -0.045765 1.457718
-0.423170 -0.047803 1.464527
-0.431720 -0.039386 1.471271
-0.215046 -0.135022 1.508172
-0.433773 -0.032131 1.468642
-0.412745 -0.048005 1.455775
-0.419949 -0.045765 1.457718
-0.411572 -0.042261 1.450498
-0.411572 -0.042261 1.450498
-0.404422 -0.039960 1.448382
-0.406486 -0.032725 1.445829
-0.401363 -0.026704 1.445115
-0.405848 -0.026775 1.445087
-0.401363 -0.026704 1.445115
-0.405848 -0.026775 1.445087
-0.406486 -0.032725 1.445829
-0.405848 -0.026775 1.445087
-0.281116 -0.082392 1.508701
-0.406646 -0.020799 1.445367
-0.213623 -0.114336 1.543426
-0.214141 -0.093705 1.558590
-0.362543 -0.030299 1.496715
-0.367814 -0.040251 1.501754
-0.368262 -0.042577 1.498118
-0.213689 -0.127282 1.526604
-0.378861 -0.047047 1.507275
-0.352770 -0.040808 1.528827
-0.348608 -0.042306 1.521338
-0.345790 -0.034018 1.522492
-0.358957 -0.046657 1.530504
-0.357132 -0.041653 1.532628
-0.283515 -0.062455 1.516526
-0.213300 -0.064960 1.566296
-0.342449 -0.030411 1.515269
-0.343176 -0.022775 1.519687
-0.377073 -0.022193 1.544742
-0.370933 -0.016246 1.543162
-0.373936 -0.008156 1.541156
-0.370744 -0.028109 1.543682
-0.373457 -0.036386 1.542377
-0.346116 -0.011433 1.521537
-0.370744 -0.028109 1.543682
-0.365418 -0.037900 1.539777
-0.365418 -0.037900 1.539777
-0.343176 -0.022775 1.519687
-0.352770 -0.040808 1.528827
-0.345790 -0.034018 1.522492
-0.219980 -0.139205 1.468529
-0.357132 -0.041653 1.532628
-0.354567 0.012927 1.389805
-0.365939 -0.006678 1.538414
-0.357785 -0.003307 1.530963
-0.359774 0.001479 1.528416
-0.225090 -0.137186 1.450424
-0.232878 -0.135724 1.444875
-0.265084 -0.130057 1.430975
-0.281364 -0.127901 1.424635
-0.357785 -0.003307 1.530963
-0.365939 -0.006678 1.538414
-0.299615 -0.121318 1.409775
-0.276411 -0.122786 1.404239
-0.277545 -0.121328 1.398991
-0.323862 -0.112476 1.389986
-0.343203 -0.108199 1.380410
-0.347521 0.015176 1.382791
-0.322023 0.011888 1.397373
-0.282533 0.012595 1.423310
-0.299472 0.010724 1.409919
-0.280547 0.012847 1.426383
-0.353396 -0.004346 1.527244
-0.225435 0.017346 1.453602
-0.349215 -0.003311 1.519639
-0.370933 -0.016246 1.543162
-0.221708 -0.151023 1.449950
-0.223243 -0.158641 1.457920
-0.229542 -0.156130 1.446035
-0.218634 -0.153668 1.468614
-0.219195 -0.162632 1.490325
-0.214360 -0.154025 1.500314
-0.229354 -0.159460 1.456078
-0.343176 -0.022775 1.519687
-0.346116 -0.011433 1.521537
-0.353396 -0.004346 1.527244
-0.225450 -0.163212 1.500661
-0.216677 -0.159756 1.513911
-0.386010 -0.007066 1.515282
-0.223518 -0.145889 1.448526
-0.221548 -0.146294 1.457996
-0.219980 -0.139205 1.468529
-0.211419 -0.149168 1.522215
-0.212238 -0.147747 1.548266
-0.386010 -0.007066 1.515282
-0.207157 -0.135165 1.551915
-0.391278 -0.017090 1.520243
-0.391905 -0.023396 1.521127
-0.392535 -0.037345 1.518255
-0.208394 -0.124102 1.578095
-0.209882 -0.117605 1.548203
-0.213689 -0.127282 1.526604
-0.215046 -0.135022 1.508172
-0.388889 -0.035274 1.519200
-0.223357 -0.156834 1.524821
-0.385481 -0.039882 1.516543
-0.221293 -0.146781 1.547311
-0.361946 -0.024015 1.495988
-0.361710 -0.024464 1.491672
-0.362720 -0.017709 1.496218
-0.361710 -0.024464 1.491672
-0.216963 -0.139368 1.487624
-0.361946 -0.024015 1.495988
-0.215480 0.037460 1.468611
-0.216449 0.035753 1.458331
-0.221193 0.038304 1.466692
-0.222100 0.036584 1.456460
-0.212845 0.030798 1.468697
-0.376620 -0.043999 1.509279
-0.385481 -0.039882 1.516543
-0.388889 -0.035274 1.519200
-0.209603 0.031125 1.489825
-0.210766 0.038246 1.502165
-0.217686 0.039768 1.500782
-0.206259 0.028850 1.511721
-0.207938 0.034060 1.525907
-0.208188 0.010041 1.519503
-0.203488 0.022623 1.533318
-0.210094 0.015767 1.498658
-0.213658 0.017234 1.478181
-0.345489 -0.100988 1.519351
-0.354139 -0.090966 1.501978
-0.339937 -0.086065 1.517732
-0.208053 0.001598 1.537430
-0.352475 -0.083045 1.502153
-0.201233 0.012702 1.552373
-0.204809 -0.007394 1.556125
-0.200313 0.006257 1.560873
-0.339937 -0.086065 1.517732
-0.352475 -0.083045 1.502153
-0.352381 -0.075103 1.503466
-0.342043 -0.070875 1.522060
-0.215742 0.035163 1.524729
-0.357887 -0.061885 1.510085
-0.204635 -0.119268 1.569338
-0.207368 -0.089500 1.568391
-0.203155 -0.108476 1.577098
-0.350826 -0.061086 1.530747
-0.200923 -0.082073 1.588234
-0.205854 -0.065677 1.573578
-0.200188 -0.067324 1.590442
-0.205055 -0.039428 1.570928
-0.199511 -0.052214 1.589947
-0.368876 -0.056389 1.519827
-0.362815 -0.060691 1.540441
-0.206097 -0.098552 1.593677
-0.204946 -0.083588 1.599151
-0.380943 -0.060853 1.528747
-0.203355 -0.051531 1.600867
-0.368763 -0.064052 1.544713
-0.217092 -0.111586 1.585554
-0.219105 -0.132565 1.567579
-0.389447 -0.073410 1.533403
-0.377331 -0.076356 1.549378
-0.215316 -0.082400 1.598218
-0.391354 -0.089265 1.532072
-0.204546 0.019325 1.558400
-0.214337 0.026017 1.547719
-0.379077 -0.092255 1.547817
-0.373393 -0.105189 1.540974
-0.212972 0.003472 1.576110
-0.203317 0.003260 1.576646
-0.385666 -0.102426 1.525155
-0.368320 -0.109148 1.536223
-0.374723 -0.107880 1.515359
-0.356352 -0.109856 1.526503
-0.362577 -0.103527 1.506328
-0.198991 -0.011610 1.575895
-0.202848 -0.020638 1.591629
-0.212855 -0.020491 1.591096
-0.213794 -0.052801 1.600280
-0.390123 -0.080840 1.526245
-0.388666 -0.074613 1.526206
-0.203133 -0.035573 1.597041
-0.363812 -0.065769 1.508424
-0.372433 -0.061439 1.515876
-0.359429 -0.076042 1.503130
-0.359447 -0.082276 1.502024
-0.360871 -0.088464 1.501915
-0.359447 -0.082276 1.502024
-0.198932 -0.037397 1.587008
-0.367576 -0.098178 1.505485
-0.377096 -0.101631 1.512230
-0.284371 -0.141170 1.423030
-0.282336 -0.135488 1.418952
-0.278284 -0.139592 1.422354
-0.277456 -0.135647 1.423233
-0.263023 -0.143310 1.429543
-0.263742 -0.132816 1.429721
-0.366041 -0.113863 1.400956
-0.367102 -0.116417 1.402883
-0.375588 -0.110238 1.405258
-0.411636 -0.049088 1.466046
-0.401617 -0.054584 1.457523
-0.409194 -0.053798 1.459510
-0.413555 -0.052657 1.463355
-0.396856 -0.065992 1.451792
-0.402626 -0.061044 1.453180
-0.377069 0.006443 1.420327
-0.375674 0.004093 1.409839
-0.395308 -0.009909 1.419803
-0.392098 -0.014288 1.414767
-0.364202 0.013660 1.412952
-0.363147 0.011168 1.407149
-0.401123 -0.072415 1.449943
-0.276980 0.023442 1.426091
-0.225638 0.028776 1.453447
-0.262124 0.015589 1.435581
-0.401123 -0.072415 1.449943
-0.409194 -0.053798 1.459510
-0.402626 -0.061044 1.453180
-0.298153 0.022978 1.431310
-0.297895 0.019770 1.430186
-0.422656 -0.055834 1.469758
-0.426720 -0.057614 1.476222
-0.238135 -0.146979 1.442005
-0.232683 -0.144580 1.444543
-0.233136 -0.147445 1.444465
-0.272322 -0.146403 1.432623
-0.295891 -0.140385 1.446694
-0.300661 -0.136277 1.427358
-0.319419 -0.131543 1.453465
-0.376940 -0.113463 1.415429
-0.324558 -0.127779 1.430068
-0.348315 -0.121978 1.416055
-0.429085 -0.065147 1.473101
-0.431085 -0.071437 1.477519
-0.240076 -0.149361 1.444355
-0.320315 0.017638 1.440704
-0.350634 0.010885 1.430760
-0.313563 0.017253 1.463051
-0.389238 -0.066713 1.524077
-0.394071 -0.080223 1.525170
-0.298304 0.024747 1.434813
-0.276128 0.028076 1.446260
-0.261995 0.030272 1.438501
-0.278627 0.029165 1.430588
-0.363812 -0.065769 1.508424
-0.363831 -0.063251 1.504883
-0.374321 -0.058092 1.514001
-0.372433 -0.061439 1.515876
-0.225083 0.032489 1.460307
-0.225609 0.031053 1.457708
-0.234747 0.032646 1.454793
-0.430468 -0.076936 1.472025
-0.426267 -0.086730 1.466872
-0.429085 -0.065147 1.473101
-0.422656 -0.055834 1.469758
-0.413555 -0.052657 1.463355
-0.233678 -0.150163 1.447505
-0.426267 -0.086730 1.466872
-0.418028 -0.090761 1.459784
-0.421915 -0.093732 1.466021
-0.429440 -0.084572 1.473781
-0.430468 -0.076936 1.472025
-0.405731 -0.091464 1.453486
-0.413349 -0.090040 1.456368
-0.394093 -0.094229 1.416713
-0.309765 0.019991 1.434344
-0.340122 0.016223 1.424742
-0.418028 -0.090761 1.459784
-0.270021 -0.149894 1.458815
-0.241039 -0.154219 1.491615
-0.275922 -0.147663 1.474672
-0.338398 -0.117210 1.463795
-0.323094 -0.123801 1.474293
-0.325884 -0.125678 1.483801
-0.413349 -0.090040 1.456368
-0.405247 -0.083497 1.451113
-0.396379 -0.073238 1.449753
-0.401123 -0.072415 1.449943
-0.405247 -0.083497 1.451113
-0.396379 -0.073238 1.449753
-0.290579 -0.146043 1.473747
-0.306569 -0.136157 1.472263
-0.360871 -0.088464 1.501915
-0.367576 -0.098178 1.505485
-0.368671 -0.099635 1.501814
-0.379548 -0.104072 1.509732
-0.345348 -0.104883 1.490017
-0.377683 -0.103433 1.445881
-0.360851 -0.109400 1.533369
-0.349649 -0.105347 1.525118
-0.353905 -0.104276 1.532625
-0.401422 -0.082980 1.435744
-0.374471 -0.104831 1.436309
-0.358460 -0.105010 1.536206
-0.345847 -0.097734 1.527410
-0.354150 -0.067022 1.539518
-0.353905 -0.104276 1.532625
-0.341772 -0.093709 1.520804
-0.345847 -0.097734 1.527410
-0.341756 -0.086676 1.526144
-0.285891 -0.140960 1.503024
-0.244164 -0.156442 1.500573
-0.242201 -0.143142 1.538404
-0.370718 -0.091270 1.548519
-0.376287 -0.084744 1.550115
-0.374417 -0.098868 1.546098
-0.369382 -0.079474 1.549705
-0.370718 -0.091270 1.548519
-0.366528 -0.101107 1.543517
-0.366528 -0.101107 1.543517
-0.323588 0.007010 1.492100
-0.288280 0.026011 1.484135
-0.303748 0.016365 1.476890
-0.285726 0.023441 1.472131
-0.268383 0.028486 1.483806
-0.348713 -0.024797 1.502718
-0.304503 -0.023707 1.548335
-0.316739 -0.008448 1.522116
-0.279382 -0.007945 1.551485
-0.316739 -0.008448 1.522116
-0.279382 -0.007945 1.551485
-0.266253 0.017684 1.527095
-0.358460 -0.105010 1.536206
-0.343151 -0.075341 1.529377
-0.237038 0.030791 1.512924
-0.220244 0.030925 1.519458
-0.235568 0.034279 1.483388
-0.363019 -0.070174 1.546226
-0.354150 -0.067022 1.539518
-0.355439 -0.061711 1.537522
-0.349816 -0.068153 1.535771
-0.321900 0.005883 1.480481
-0.338258 0.004070 1.472693
-0.345341 -0.066762 1.528465
-0.336287 0.002223 1.470116
-0.394019 -0.007513 1.426979
-0.369797 -0.004744 1.442323
-0.371991 -0.004661 1.453615
-0.348713 -0.024797 1.502718
-0.344028 -0.011960 1.495763
-0.363019 -0.070174 1.546226
-0.369382 -0.079474 1.549705
-0.344028 -0.011960 1.495763
-0.341756 -0.086676 1.526144
-0.343151 -0.075341 1.529377
-0.341756 -0.086676 1.526144
-0.349816 -0.068153 1.535771
-0.381959 -0.064838 1.522722
-0.381959 -0.064838 1.522722
-0.325834 -0.096867 1.524327
-0.310539 -0.082623 1.550438
-0.353612 -0.075574 1.504506
-0.350038 -0.091295 1.498263
-0.353612 -0.075574 1.504506
-0.355205 -0.058100 1.507735
-0.407096 -0.066385 1.440781
-0.388666 -0.074613 1.526206
-0.390123 -0.080840 1.526245
-0.311590 -0.062472 1.554546
-0.329683 -0.041341 1.534168
-0.355205 -0.058100 1.507735
-0.352897 -0.040581 1.506643
-0.350038 -0.091295 1.498263
-0.300163 -0.116053 1.530424
-0.345348 -0.104883 1.490017
-0.392440 -0.094159 1.521622
-0.399988 -0.008980 1.421192
-0.398273 -0.011222 1.416783
-0.388563 -0.092674 1.522873
-0.409943 -0.083049 1.419195
-0.414699 -0.066370 1.431083
-0.417152 -0.065837 1.422624
-0.385663 -0.097322 1.519730
-0.413824 -0.037443 1.433030
-0.418782 -0.051305 1.424396
-0.416633 -0.036884 1.424308
-0.409133 -0.019840 1.422181
-0.359148 -0.081593 1.497814
-0.361367 -0.088762 1.498020
-0.359447 -0.082276 1.502024
-0.359447 -0.082276 1.502024
-0.359148 -0.081593 1.497814
-0.359429 -0.076042 1.503130
-0.400850 -0.011073 1.428746
-0.406029 -0.038510 1.442508
-0.377096 -0.101631 1.512230
-0.402516 -0.093384 1.425791
-0.399644 -0.092244 1.413312
-0.385663 -0.097322 1.519730
-0.388563 -0.092674 1.522873
-0.410205 -0.050611 1.415380
-0.408426 -0.038368 1.415654
-0.398077 -0.051198 1.413339
-0.396506 -0.035603 1.413681
-0.400127 -0.061391 1.411870
-0.394852 -0.028234 1.412328
-0.392516 -0.015963 1.413055
-0.381432 -0.012546 1.406898
-0.401873 -0.078678 1.411607
-0.408845 -0.063284 1.414282
-0.402453 -0.024762 1.414550
-0.394515 -0.075532 1.409376
-0.388392 -0.085860 1.407166
-0.409786 -0.001603 1.483074
-0.387382 0.001603 1.496372
-0.393180 0.003748 1.475218
-0.419348 -0.009005 1.488525
-0.409786 -0.001603 1.483074
-0.413770 -0.007037 1.484956
-0.262076 0.032758 1.448197
-0.400536 -0.003411 1.503050
-0.401307 -0.001466 1.478744
-0.393695 -0.002951 1.499012
-0.413770 -0.007037 1.484956
-0.292476 0.025735 1.458418
-0.386187 -0.001126 1.495764
-0.381076 0.004114 1.469936
-0.387382 0.001603 1.496372
-0.393695 -0.002951 1.499012
-0.386187 -0.001126 1.495764
-0.354102 0.010566 1.436017
-0.400536 -0.003411 1.503050
-0.419348 -0.009005 1.488525
-0.222131 0.034678 1.491244
-0.406561 -0.012658 1.506866
-0.402654 -0.009177 1.503608
-0.406561 -0.012658 1.506866
-0.402654 -0.009177 1.503608
-0.413770 -0.007037 1.484956
-0.419474 -0.015959 1.488863
-0.405723 -0.020483 1.506182
-0.420708 -0.031033 1.490648
-0.274327 0.030171 1.465478
-0.405723 -0.020483 1.506182
-0.407954 -0.028305 1.508624
-0.405303 -0.062741 1.508105
-0.420708 -0.031033 1.490648
-0.405723 -0.020483 1.506182
-0.319338 -0.130405 1.432383
-0.405303 -0.062741 1.508105
-0.407067 -0.073374 1.510276
-0.404563 -0.081371 1.509010
-0.316746 -0.128283 1.427540
-0.419838 -0.052939 1.490748
-0.404563 -0.081371 1.509010
-0.416714 -0.088726 1.491074
-0.418579 -0.074418 1.490660
-0.399820 -0.093455 1.508311
-0.405227 -0.088747 1.510843
-0.407067 -0.073374 1.510276
-0.399820 -0.093455 1.508311
-0.407696 -0.050968 1.509440
-0.392604 -0.096784 1.420816
-0.405227 -0.088747 1.510843
-0.407067 -0.073374 1.510276
-0.420404 -0.083033 1.492652
-0.422005 -0.052782 1.492501
-0.407696 -0.050968 1.509440
-0.421283 -0.064343 1.492356
-0.422557 -0.021612 1.491620
-0.419348 -0.009005 1.488525
-0.407954 -0.028305 1.508624
-0.422756 -0.030420 1.492310
-0.419474 -0.015959 1.488863
-0.422557 -0.021612 1.491620
-0.419348 -0.009005 1.488525
-0.335700 0.018251 1.418916
-0.420708 -0.031033 1.490648
-0.413770 -0.007037 1.484956
-0.422756 -0.030420 1.492310
-0.419838 -0.052939 1.490748
-0.421283 -0.064343 1.492356
-0.422005 -0.052782 1.492501
-0.418579 -0.074418 1.490660
-0.420708 -0.031033 1.490648
-0.229767 -0.157174 1.477474
-0.227931 -0.156772 1.500826
-0.422756 -0.030420 1.492310
-0.405227 -0.088747 1.510843
-0.415446 -0.095503 1.491758
-0.401545 -0.094917 1.509946
-0.240822 -0.154406 1.454441
-0.420404 -0.083033 1.492652
-0.384134 -0.106642 1.502697
-0.385142 -0.112913 1.479320
-0.356124 -0.118930 1.489935
-0.232889 -0.152029 1.451371
-0.408612 -0.101057 1.489286
-0.408612 -0.101057 1.489286
-0.384134 -0.106642 1.502697
-0.232878 -0.135724 1.444875
-0.277808 -0.130085 1.424198
-0.415446 -0.095503 1.491758
-0.406933 -0.099253 1.488087
-0.408612 -0.101057 1.489286
-0.376925 -0.097649 1.404318
-0.416714 -0.088726 1.491074
-0.365635 -0.111917 1.400386
-0.361575 -0.104654 1.400023
-0.420404 -0.083033 1.492652
-0.361748 0.015523 1.402151
-0.377758 0.002393 1.405474
-0.418579 -0.074418 1.490660
-0.420404 -0.083033 1.492652
-0.406933 -0.099253 1.488087
-0.218318 -0.066697 1.593671
-0.382677 -0.104559 1.501384
-0.385142 -0.112913 1.479320
-0.383772 -0.110640 1.478352
-0.220779 -0.094137 1.587883
-0.218627 -0.038130 1.590568
-0.221723 -0.116336 1.575830
-0.217855 -0.013280 1.580668
-0.401307 -0.001466 1.478744
-0.409786 -0.001603 1.483074
-0.217545 0.005508 1.567052
-0.393180 0.003748 1.475218
-0.223793 -0.134707 1.558196
-0.381076 0.004114 1.469936
-0.227057 -0.153685 1.523086
-0.322799 0.018444 1.470824
-0.308408 0.026060 1.465341
-0.339120 0.019230 1.453686
-0.338633 0.016378 1.476646
-0.218955 0.016197 1.555130
-0.338633 0.016378 1.476646
-0.322799 0.018444 1.470824
-0.308408 0.026060 1.465341
-0.293816 0.026719 1.460007
-0.270165 0.034148 1.450652
-0.270008 0.031200 1.451133
-0.298098 0.026331 1.438576
-0.293816 0.026719 1.460007
-0.323851 0.020275 1.448238
-0.270008 0.031200 1.451133
-0.279869 0.029529 1.432651
-0.298098 0.026331 1.438576
-0.261215 0.032221 1.447879
-0.310621 0.026405 1.442942
-0.270165 0.034148 1.450652
-0.323851 0.020275 1.448238
-0.339120 0.019230 1.453686
-0.393180 0.003748 1.475218
-0.323851 0.020275 1.448238
-0.310621 0.026405 1.442942
-0.339120 0.019230 1.453686
-0.298098 0.026331 1.438576
-0.288055 0.030920 1.434361
-0.288055 0.030920 1.434361
-0.247197 -0.111425 1.571315
-0.263946 -0.124018 1.550510
-0.244875 -0.128683 1.555932
-0.288055 0.030920 1.434361
-0.279869 0.029529 1.432651
-0.274206 0.032596 1.430274
-0.269234 0.029824 1.431524
-0.294977 -0.144267 1.441984
-0.279855 -0.148096 1.435442
-0.270967 -0.152304 1.453890
-0.244875 -0.128683 1.555932
-0.263946 -0.124018 1.550510
-0.383772 -0.110640 1.478352
-0.248374 -0.090073 1.582537
-0.270104 -0.087608 1.574853
-0.248695 -0.066022 1.588053
-0.291569 -0.064040 1.569167
-0.246939 -0.041770 1.585417
-0.289685 -0.042628 1.568013
-0.340703 -0.122428 1.482803
-0.244495 -0.019893 1.577632
-0.384134 -0.106642 1.502697
-0.382677 -0.104559 1.501384
-0.401545 -0.094917 1.509946
-0.356124 -0.118930 1.489935
-0.340703 -0.122428 1.482803
-0.343141 -0.126163 1.461170
-0.316495 -0.132516 1.472495
-0.300163 -0.116053 1.530424
-0.356742 -0.124100 1.467020
-0.328905 -0.130232 1.477794
-0.328905 -0.130232 1.477794
-0.316495 -0.132516 1.472495
-0.385142 -0.112913 1.479320
-0.356742 -0.124100 1.467020
-0.332916 -0.132686 1.457190
-0.332916 -0.132686 1.457190
-0.307037 -0.139548 1.468558
-0.288088 -0.146810 1.460794
-0.313055 -0.139107 1.449309
-0.313055 -0.139107 1.449309
-0.328905 -0.130232 1.477794
-0.307037 -0.139548 1.468558
-0.313055 -0.139107 1.449309
-0.303027 -0.139123 1.445685
-0.294977 -0.144267 1.441984
-0.321789 -0.133413 1.452889
-0.303027 -0.139123 1.445685
-0.346332 -0.118327 1.378521
-0.350759 -0.116304 1.382657
-0.347433 -0.108475 1.384146
-0.286354 -0.143696 1.439065
-0.273642 -0.146854 1.433719
-0.279855 -0.148096 1.435442
-0.343203 -0.108199 1.380410
-0.328615 -0.118104 1.371196
-0.327321 -0.109376 1.372789
-0.303027 -0.139123 1.445685
-0.278619 -0.147005 1.457443
-0.286354 -0.143696 1.439065
-0.317038 -0.119863 1.374820
-0.323281 -0.110020 1.372512
-0.315583 -0.110651 1.377394
-0.322135 -0.122060 1.381569
-0.321789 -0.133413 1.452889
-0.343141 -0.126163 1.461170
-0.356742 -0.124100 1.467020
-0.383772 -0.110640 1.478352
-0.332916 -0.132686 1.457190
-0.321789 -0.133413 1.452889
-0.344418 -0.119056 1.409091
-0.330564 -0.122401 1.393546
-0.342755 -0.123074 1.410302
-0.330146 -0.126407 1.393784
-0.317491 -0.124306 1.375970
-0.328481 -0.126416 1.404764
-0.318891 -0.128332 1.410231
-0.306910 -0.130549 1.408867
-0.317838 -0.128349 1.423460
-0.328812 -0.129497 1.406777
-0.321389 -0.130636 1.411381
-0.343141 -0.126163 1.461170
-0.273642 -0.146854 1.433719
-0.255913 -0.153101 1.448774
-0.267148 0.025395 1.430112
-0.267145 0.021068 1.430686
-0.268063 0.021477 1.432956
-0.299269 -0.132502 1.423084
-0.269234 0.029824 1.431524
-0.270463 0.032381 1.429526
-0.270463 0.032381 1.429526
-0.270463 0.032381 1.429526
-0.254817 0.034902 1.444276
-0.247427 0.032398 1.440836
-0.274206 0.032596 1.430274
-0.296719 -0.128729 1.397576
-0.278643 -0.131031 1.398967
-0.275853 -0.130388 1.399759
-0.280733 -0.134105 1.417947
-0.267148 0.025395 1.430112
-0.244510 0.021523 1.441257
-0.294237 -0.127392 1.392572
-0.267145 0.021068 1.430686
-0.296547 -0.140715 1.464444
-0.278209 -0.129479 1.396751
-0.295243 -0.129914 1.391403
-0.296547 -0.140715 1.464444
-0.291581 -0.125685 1.386053
-0.288088 -0.146810 1.460794
-0.307037 -0.139548 1.468558
-0.314444 -0.119597 1.372651
-0.278619 -0.147005 1.457443
-0.270967 -0.152304 1.453890
-0.292067 -0.123632 1.389975
-0.277545 -0.121328 1.398991
-0.292503 -0.117129 1.391532
-0.280084 -0.128843 1.421066
-0.276411 -0.122786 1.404239
-0.269144 -0.149722 1.430367
-0.270967 -0.152304 1.453890
-0.249931 -0.156335 1.445304
-0.255913 -0.153101 1.448774
-0.291693 -0.117690 1.388156
-0.312251 -0.113296 1.374517
-0.249931 -0.156335 1.445304
-0.270967 -0.152304 1.453890
-0.265614 -0.147065 1.430266
-0.273642 -0.146854 1.433719
-0.347388 -0.115838 1.413913
-0.232249 -0.151062 1.444779
-0.244878 -0.153502 1.444773
-0.265614 -0.147065 1.430266
-0.232683 -0.144580 1.444543
-0.225065 -0.145135 1.450939
-0.225090 -0.137186 1.450424
-0.232878 -0.135724 1.444875
-0.241030 -0.151563 1.443528
-0.244616 -0.155339 1.443102
-0.240440 -0.152879 1.441606
-0.244878 -0.153502 1.444773
-0.249931 -0.156335 1.445304
-0.225638 0.028776 1.453447
-0.223950 0.033354 1.454807
-0.220644 0.024772 1.455782
-0.225435 0.017346 1.453602
-0.217276 0.017581 1.459895
-0.265351 -0.148873 1.428615
-0.269144 -0.149722 1.430367
-0.244616 -0.155339 1.443102
-0.245961 0.021986 1.443639
-0.268381 0.017702 1.433661
-0.246438 0.015860 1.446293
-0.268063 0.021477 1.432956
-0.237492 -0.148540 1.440833
-0.238376 -0.147923 1.442919
-0.307269 0.020492 1.433494
-0.339823 0.012079 1.422725
-0.335559 0.016806 1.416739
-0.259174 -0.129403 1.428762
-0.236108 -0.130520 1.443999
-0.235174 -0.137737 1.441346
-0.259468 -0.138016 1.427001
-0.237492 -0.148540 1.440833
-0.281390 0.020273 1.425443
-0.280547 0.012847 1.426383
-0.282533 0.012595 1.423310
-0.281905 0.019731 1.422292
-0.278436 0.019408 1.405093
-0.279855 -0.148096 1.435442
-0.269144 -0.149722 1.430367
-0.265614 -0.147065 1.430266
-0.260631 -0.142772 1.426967
-0.240440 -0.152879 1.441606
-0.262552 -0.146624 1.427454
-0.265351 -0.148873 1.428615
-0.262552 -0.146624 1.427454
-0.263138 -0.145309 1.429372
-0.260631 -0.142772 1.426967
-0.261362 -0.142183 1.428970
-0.286934 0.019203 1.396242
-0.279359 0.018873 1.400846
-0.287434 0.011208 1.395341
-0.288201 0.019742 1.399402
-0.259468 -0.138016 1.427001
-0.259926 -0.134080 1.429577
-0.290146 0.021485 1.398877
-0.297875 0.021726 1.412127
-0.304121 0.018150 1.425407
-0.307825 0.019634 1.428720
-0.259174 -0.129403 1.428762
-0.306292 0.017847 1.432362
-0.241030 -0.151563 1.443528
-0.261362 -0.142183 1.428970
-0.263138 -0.145309 1.429372
-0.238376 -0.147923 1.442919
-0.259926 -0.134080 1.429577
-0.236294 -0.138538 1.443320
-0.282561 0.021578 1.426409
-0.308514 0.019690 1.415767
-0.318333 0.020203 1.409726
-0.322032 0.021614 1.397186
-0.237492 -0.148540 1.440833
-0.236294 -0.138538 1.443320
-0.235174 -0.137737 1.441346
-0.318789 0.022820 1.412642
-0.311507 0.022866 1.417610
-0.237040 -0.132640 1.445207
-0.236108 -0.130520 1.443999
-0.260741 -0.129133 1.431616
-0.260001 -0.126940 1.430428
-0.259926 -0.134080 1.429577
-0.237040 -0.132640 1.445207
-0.259926 -0.134080 1.429577
-0.329615 0.023232 1.374040
-0.345311 0.024500 1.384565
-0.260741 -0.129133 1.431616
-0.267965 0.012879 1.432730
-0.312387 0.021599 1.384370
-0.245943 0.012055 1.446584
-0.267965 0.012879 1.432730
-0.309626 0.018831 1.380085
-0.270481 0.008999 1.439144
-0.245943 0.012055 1.446584
-0.246438 0.015860 1.446293
-0.249981 0.013669 1.454483
-0.244510 0.021523 1.441257
-0.309055 0.015756 1.379570
-0.286439 0.015993 1.393020
-0.248363 0.030931 1.443000
-0.269234 0.029824 1.431524
-0.288769 0.009148 1.394028
-0.310140 0.009875 1.381515
-0.245961 0.021986 1.443639
-0.313579 0.012068 1.382953
-0.329996 0.015522 1.374438
-0.312387 0.018889 1.382346
-0.335284 0.022883 1.374032
-0.334937 0.015812 1.375468
-0.248363 0.030931 1.443000
-0.247427 0.032398 1.440836
-0.349402 0.022749 1.381764
-0.347521 0.015176 1.382791
-0.358617 0.018327 1.390644
-0.354567 0.012927 1.389805
-0.372598 -0.003125 1.402713
-0.274206 0.032596 1.430274
-0.261215 0.032221 1.447879
-0.254817 0.034902 1.444276
-0.269234 0.029824 1.431524
-0.249603 0.010868 1.454336
-0.270481 0.008999 1.439144
-0.268381 0.017702 1.433661
-0.268063 0.021477 1.432956
-0.267965 0.012879 1.432730
-0.269470 0.012778 1.436235
-0.249981 0.013669 1.454483
-0.268381 0.017702 1.433661
-0.269470 0.012778 1.436235
-0.270481 0.008999 1.439144
-0.272054 0.011919 1.442856
-0.270972 0.009377 1.445369
-0.271143 0.012016 1.445404
-0.272054 0.011919 1.442856
-0.270972 0.009377 1.445369
-0.352897 -0.040581 1.506643
-0.264574 -0.126808 1.437172
-0.264721 -0.129780 1.437064
-0.244085 -0.132413 1.451403
-0.264721 -0.129780 1.437064
-0.238891 -0.131867 1.448011
-0.264570 -0.130409 1.439966
-0.264721 -0.129780 1.437064
-0.264416 -0.127828 1.440223
-0.264574 -0.126808 1.437172
-0.264570 -0.130409 1.439966
-0.264416 -0.127828 1.440223
-0.244085 -0.132413 1.451403
-0.243912 -0.129717 1.451726
-0.264570 -0.130409 1.439966
-0.238891 -0.131867 1.448011
-0.243912 -0.129717 1.451726
-0.244085 -0.132413 1.451403
-0.238505 -0.129111 1.447598
-0.264574 -0.126808 1.437172
-0.238505 -0.129111 1.447598
-0.236108 -0.130520 1.443999
-0.259174 -0.129403 1.428762
-0.260001 -0.126940 1.430428
-0.359329 -0.116923 1.395076
-0.213300 -0.064960 1.566296
-0.211813 -0.036563 1.563926
-0.214141 -0.093705 1.558590
-0.395507 -0.064575 1.412184
-0.272054 0.011919 1.442856
-0.271143 0.012016 1.445404
-0.252393 0.013511 1.455335
-0.249603 0.010868 1.454336
-0.209708 -0.012829 1.552719
-0.213623 -0.114336 1.543426
-0.252130 0.010953 1.455281
-0.252393 0.013511 1.455335
-0.270972 0.009377 1.445369
-0.270972 0.009377 1.445369
-0.252130 0.010953 1.455281
-0.252130 0.010953 1.455281
-0.354215 -0.023297 1.432526
-0.310452 -0.011268 1.446362
-0.317151 -0.027380 1.454980
-0.347443 -0.006239 1.422586
-0.303036 -0.000014 1.436283
-0.340149 0.006808 1.410793
-0.294689 0.005709 1.424443
-0.331825 0.013072 1.397376
-0.285668 0.005328 1.411544
-0.322749 0.010990 1.383647
-0.277417 -0.001445 1.397050
-0.315240 0.002054 1.369895
-0.272450 -0.016102 1.384283
-0.310468 -0.012951 1.357499
-0.269506 -0.037377 1.376959
-0.307810 -0.034645 1.349894
-0.306670 -0.058173 1.346604
-0.232878 -0.135724 1.444875
-0.265084 -0.130057 1.430975
-0.281364 -0.127901 1.424635
-0.267394 -0.061399 1.372381
-0.308263 -0.078323 1.348864
-0.269295 -0.084652 1.373879
-0.314154 -0.094232 1.359104
-0.275785 -0.102882 1.382942
-0.323545 -0.105214 1.372967
-0.285217 -0.113871 1.395986
-0.296196 -0.117575 1.411636
-0.333625 -0.109623 1.387831
-0.217276 0.017581 1.459895
-0.342540 -0.105536 1.403521
-0.307129 -0.115256 1.428369
-0.316748 -0.107155 1.444863
-0.225435 0.017346 1.453602
-0.387879 -0.022497 1.411079
-0.390801 -0.075730 1.411019
-0.350422 -0.094867 1.419015
-0.322979 -0.091452 1.457258
-0.357365 -0.080527 1.432910
-0.324968 -0.070279 1.462825
-0.360976 -0.062852 1.440911
-0.360976 -0.062852 1.440911
-0.322727 -0.047857 1.461535
-0.324968 -0.070279 1.462825
-0.359617 -0.042616 1.440037
-0.384578 -0.086904 1.407491
-0.373634 -0.096868 1.404756
-0.269153 -0.035904 1.371943
-0.272450 -0.016102 1.384283
-0.269506 -0.037377 1.376959
-0.271948 -0.012797 1.379549
-0.267093 -0.061269 1.367007
-0.269295 -0.084652 1.373879
-0.269326 -0.085868 1.368723
-0.267394 -0.061399 1.372381
-0.322749 0.010990 1.383647
-0.309847 0.006712 1.369137
-0.315240 0.002054 1.369895
-0.318553 0.015896 1.384369
-0.277477 0.003059 1.393146
-0.304552 -0.009323 1.355707
-0.310468 -0.012951 1.357499
-0.301940 -0.033355 1.347463
-0.307810 -0.034645 1.349894
-0.300587 -0.058895 1.343631
-0.308263 -0.078323 1.348864
-0.306670 -0.058173 1.346604
-0.302382 -0.081201 1.346258
-0.314154 -0.094232 1.359104
-0.319812 -0.111165 1.372054
-0.323545 -0.105214 1.372967
-0.309116 -0.099062 1.357252
-0.292503 -0.117129 1.391532
-0.294730 -0.117050 1.395004
-0.276558 -0.105440 1.378383
-0.275785 -0.102882 1.382942
-0.287096 -0.117479 1.392386
-0.285217 -0.113871 1.395986
-0.299160 -0.121521 1.409567
-0.331316 -0.116009 1.388772
-0.279310 0.011164 1.405256
-0.279310 0.011164 1.405256
-0.289362 0.010372 1.397183
-0.278893 0.010867 1.402164
-0.278893 0.010867 1.402164
-0.289362 0.010372 1.397183
-0.296196 -0.117575 1.411636
-0.333625 -0.109623 1.387831
-0.341418 -0.111769 1.406298
-0.310858 -0.118931 1.427757
-0.329996 0.015522 1.374438
-0.334937 0.015812 1.375468
-0.342540 -0.105536 1.403521
-0.350179 -0.100258 1.423472
-0.350422 -0.094867 1.419015
-0.327321 -0.109376 1.372789
-0.277417 -0.001445 1.397050
-0.286956 0.010109 1.408990
-0.285668 0.005328 1.411544
-0.323281 -0.110020 1.372512
-0.327632 -0.093372 1.459341
-0.357678 -0.084356 1.438769
-0.321003 -0.110140 1.445656
-0.329890 -0.070817 1.465674
-0.361499 -0.064626 1.447539
-0.361499 -0.064626 1.447539
-0.327647 -0.046905 1.464290
-0.359996 -0.042189 1.446587
-0.329890 -0.070817 1.465674
-0.307129 -0.115256 1.428369
-0.315583 -0.110651 1.377394
-0.323862 -0.112476 1.389986
-0.294730 -0.117050 1.395004
-0.316748 -0.107155 1.444863
-0.322979 -0.091452 1.457258
-0.324968 -0.070279 1.462825
-0.324968 -0.070279 1.462825
-0.299615 -0.121318 1.409775
-0.322727 -0.047857 1.461535
-0.357365 -0.080527 1.432910
-0.299472 0.010724 1.409919
-0.299227 0.008068 1.404315
-0.315643 0.008866 1.391167
-0.313579 0.012068 1.382953
-0.322023 0.011888 1.397373
-0.360976 -0.062852 1.440911
-0.359617 -0.042616 1.440037
-0.360976 -0.062852 1.440911
-0.297087 0.010558 1.423179
-0.294689 0.005709 1.424443
-0.294689 0.005709 1.424443
-0.306404 0.004302 1.436396
-0.303036 -0.000014 1.436283
-0.297087 0.010558 1.423179
-0.314487 -0.007807 1.447546
-0.310452 -0.011268 1.446362
-0.354089 -0.020998 1.438347
-0.354215 -0.023297 1.432526
-0.321706 -0.025017 1.456966
-0.317151 -0.027380 1.454980
-0.346610 -0.002822 1.427543
-0.347443 -0.006239 1.422586
-0.340149 0.006808 1.410793
-0.338400 0.011207 1.414628
-0.328844 0.018080 1.399692
-0.328844 0.018080 1.399692
-0.331825 0.013072 1.397376
-0.331825 0.013072 1.397376
-0.287266 -0.103771 1.554526
-0.284350 0.020601 1.424140
-0.242264 -0.002944 1.565983
-0.242264 -0.002944 1.565983
-0.297895 0.019770 1.430186
-0.247197 -0.111425 1.571315
-0.248374 -0.090073 1.582537
-0.248695 -0.066022 1.588053
-0.246939 -0.041770 1.585417
-0.244495 -0.019893 1.577632
-0.282645 -0.124991 1.429824
-0.289353 -0.120963 1.442325
-0.269384 -0.128080 1.437344
-0.272826 -0.125429 1.452590
-0.339513 -0.110250 1.395574
-0.328015 -0.110858 1.417212
-0.322288 -0.116034 1.407764
-0.348103 -0.107214 1.406553
-0.304533 -0.119167 1.418634
-0.309456 -0.115202 1.430123
-0.364169 -0.092483 1.421142
-0.373626 -0.096850 1.404726
-0.384419 -0.086751 1.407336
-0.355512 -0.102807 1.411299
-0.390529 -0.075545 1.410773
-0.369857 -0.081411 1.427481
-0.395504 -0.064576 1.412182
-0.372770 -0.069604 1.433510
-0.334037 -0.105186 1.428527
-0.338075 -0.097152 1.439430
-0.341655 -0.087844 1.448296
-0.366800 -0.101238 1.402713
-0.375693 -0.054616 1.436634
-0.398082 -0.051211 1.413417
-0.374558 -0.036806 1.436419
-0.395954 -0.035717 1.413179
-0.349611 -0.038561 1.463872
-0.346361 -0.021765 1.458042
-0.369674 -0.021619 1.431727
-0.326371 -0.039719 1.484943
-0.324011 -0.021917 1.478028
-0.341055 -0.009633 1.448362
-0.363365 -0.010017 1.425247
-0.319520 -0.008867 1.466375
-0.349221 -0.057431 1.463472
-0.345771 -0.074501 1.457159
-0.325127 -0.059484 1.484395
-0.321546 -0.077111 1.477141
-0.387817 -0.022528 1.411059
-0.381357 -0.012546 1.407043
-0.354371 0.012218 1.389554
-0.348584 0.005623 1.409732
-0.364904 0.004082 1.397527
-0.337231 0.012072 1.399906
-0.323244 0.009634 1.408266
-0.326549 0.004140 1.423889
-0.307313 0.006080 1.436528
-0.334485 -0.001844 1.436559
-0.313912 -0.000271 1.452062
-0.356384 -0.001480 1.417881
-0.299635 0.010648 1.423582
-0.283112 0.011890 1.432856
-0.288720 0.007938 1.448124
-0.294132 0.001534 1.465207
-0.372516 -0.003133 1.402796
-0.228960 0.013128 1.485756
-0.213924 0.017633 1.478186
-0.210312 0.015998 1.498737
-0.229500 0.015603 1.467318
-0.229628 0.007806 1.505198
-0.208530 0.010751 1.519747
-0.236458 -0.037848 1.547647
-0.281783 -0.020018 1.508056
-0.234054 -0.015312 1.537615
-0.283887 -0.040099 1.516308
-0.231364 -0.000841 1.522681
-0.277942 -0.005660 1.494252
-0.208376 0.001972 1.537667
-0.209836 -0.012692 1.552892
-0.273658 0.003658 1.477701
-0.298915 -0.007586 1.480883
-0.269230 0.009696 1.460250
-0.265053 0.013297 1.444092
-0.313658 -0.108954 1.443706
-0.315981 -0.100850 1.455937
-0.294579 -0.113553 1.456582
-0.296243 -0.104866 1.470236
-0.275303 -0.118711 1.468731
-0.276922 -0.109691 1.483504
-0.235010 -0.129566 1.494586
-0.235105 -0.121200 1.511685
-0.278692 -0.098129 1.496898
-0.236014 -0.108700 1.527556
-0.297982 -0.094155 1.482458
-0.281108 -0.082388 1.508688
-0.300658 -0.079693 1.493609
-0.283291 -0.062376 1.516248
-0.303606 -0.061087 1.501157
-0.318229 -0.090762 1.466935
-0.237284 -0.089474 1.541381
-0.214214 -0.093727 1.558684
-0.213969 -0.114733 1.543750
-0.214029 -0.127449 1.526741
-0.215356 -0.135293 1.508286
-0.217243 -0.139693 1.487688
-0.234766 -0.134584 1.475984
-0.213315 -0.064976 1.566309
-0.237513 -0.064561 1.548996
-0.211815 -0.036573 1.563934
-0.302881 -0.021346 1.493853
-0.304823 -0.040210 1.501543
-0.234822 -0.135649 1.458653
-0.220426 -0.139672 1.468577
-0.225643 -0.137351 1.450697
-0.222922 -0.138430 1.457909
-0.233012 -0.135815 1.445093
-0.265084 -0.130057 1.430975
-0.281363 -0.127896 1.424635
-0.299611 -0.121323 1.409771
-0.280554 -0.121508 1.401682
-0.276616 -0.122864 1.404208
-0.323818 -0.112558 1.389963
-0.335588 -0.111551 1.387980
-0.347213 -0.107946 1.384278
-0.344692 -0.108282 1.381871
-0.347417 0.015068 1.382915
-0.330500 0.013399 1.392986
-0.282834 0.012716 1.423317
-0.299472 0.010724 1.409919
-0.262057 0.015147 1.435650
-0.280712 0.012989 1.426676
-0.233738 0.016941 1.449865
-0.225591 0.017490 1.453845
-0.215958 0.017878 1.467740
-0.322052 0.011598 1.397304
-0.224707 -0.155830 1.448531
-0.220401 -0.152243 1.458684
-0.223447 -0.158356 1.458036
-0.221854 -0.150892 1.450092
-0.218899 -0.153624 1.468647
-0.222116 -0.160310 1.468496
-0.217423 -0.154599 1.478932
-0.220732 -0.161693 1.479258
-0.229100 -0.158606 1.456140
-0.229782 -0.155908 1.446272
-0.228092 -0.160626 1.466831
-0.227053 -0.162297 1.477715
-0.226040 -0.163026 1.488925
-0.219381 -0.162166 1.490373
-0.225133 -0.162332 1.500645
-0.218119 -0.161408 1.501958
-0.214635 -0.153994 1.500350
-0.215999 -0.154812 1.489474
-0.221734 -0.146330 1.458055
-0.223518 -0.145889 1.448526
-0.218834 -0.141729 1.468866
-0.213279 -0.152091 1.511393
-0.216863 -0.159378 1.513838
-0.211862 -0.149175 1.522281
-0.215508 -0.156185 1.525649
-0.210380 -0.145377 1.532694
-0.214067 -0.152006 1.537017
-0.208895 -0.140749 1.542545
-0.212634 -0.146922 1.547829
-0.207458 -0.135089 1.551920
-0.211288 -0.140726 1.558172
-0.206057 -0.128054 1.560869
-0.210003 -0.133060 1.568096
-0.209882 -0.117605 1.548203
-0.211661 -0.131447 1.527871
-0.213196 -0.138114 1.510406
-0.224253 -0.160143 1.512708
-0.223300 -0.156622 1.524729
-0.222268 -0.152037 1.536288
-0.221157 -0.146537 1.547162
-0.220102 -0.140052 1.557541
-0.215314 -0.141319 1.491771
-0.221117 0.038077 1.466698
-0.216935 0.035747 1.458661
-0.222100 0.036584 1.456460
-0.215608 0.037223 1.468634
-0.220027 0.038990 1.477850
-0.214150 0.038076 1.479553
-0.213044 0.030834 1.468762
-0.214983 0.030425 1.458837
-0.211410 0.031145 1.479152
-0.209687 0.031121 1.489836
-0.212540 0.038426 1.490735
-0.218831 0.039624 1.489185
-0.207995 0.030442 1.500693
-0.210941 0.037969 1.502182
-0.217616 0.039422 1.500759
-0.206448 0.028829 1.511736
-0.209511 0.036380 1.513937
-0.216570 0.037906 1.512671
-0.216267 0.025378 1.460023
-0.214440 0.018870 1.467197
-0.212046 0.019941 1.478100
-0.206754 0.013659 1.521871
-0.205046 0.026197 1.522731
-0.203733 0.022577 1.533333
-0.208487 0.018098 1.502766
-0.208225 0.033577 1.525753
-0.206989 0.029626 1.537241
-0.205730 0.005422 1.538383
-0.202483 0.018073 1.543247
-0.201361 0.012705 1.552390
-0.204809 -0.007394 1.556125
-0.200431 0.006231 1.560857
-0.214873 0.030699 1.536347
-0.215684 0.034967 1.524676
-0.204675 -0.119247 1.569329
-0.207368 -0.089500 1.568391
-0.203322 -0.108448 1.577064
-0.202076 -0.095904 1.583563
-0.201045 -0.082053 1.588210
-0.205854 -0.065677 1.573578
-0.200188 -0.067324 1.590442
-0.199511 -0.052214 1.589947
-0.205055 -0.039428 1.570928
-0.207427 -0.111894 1.586180
-0.206215 -0.098423 1.593447
-0.205143 -0.083551 1.598617
-0.204223 -0.067733 1.601060
-0.203541 -0.051500 1.600434
-0.208726 -0.123522 1.577524
-0.216902 -0.111395 1.585201
-0.217937 -0.122546 1.576901
-0.219006 -0.132339 1.567363
-0.216069 -0.097385 1.592561
-0.214108 0.025423 1.547337
-0.205815 0.024675 1.548060
-0.213504 0.019206 1.557393
-0.204829 0.018779 1.558112
-0.213038 0.011876 1.566878
-0.204086 0.011684 1.567498
-0.199700 -0.001736 1.568716
-0.203529 0.002981 1.576273
-0.199159 -0.011632 1.575865
-0.203137 -0.007771 1.584329
-0.198913 -0.023654 1.582090
-0.202978 -0.020765 1.591422
-0.212683 -0.020655 1.590700
-0.212611 -0.007729 1.583708
-0.213593 -0.052861 1.599747
-0.214162 -0.067383 1.600109
-0.215110 -0.082307 1.597785
-0.203123 -0.035579 1.597021
-0.213217 -0.035898 1.596216
-0.212743 0.003027 1.575654
-0.199060 -0.037408 1.586981
-0.282322 -0.135431 1.419042
-0.278284 -0.139592 1.422354
-0.283544 -0.138386 1.420148
-0.277441 -0.135653 1.423227
-0.263055 -0.143181 1.429628
-0.263742 -0.132816 1.429721
-0.373586 -0.108266 1.404043
-0.366041 -0.113863 1.400956
-0.375215 -0.109890 1.405529
-0.366850 -0.115822 1.403000
-0.393430 -0.091276 1.413498
-0.391913 -0.089621 1.411663
-0.375493 0.003910 1.409911
-0.395180 -0.010170 1.419750
-0.374641 0.007280 1.414765
-0.392098 -0.014289 1.414767
-0.364188 0.013587 1.412943
-0.363069 0.011089 1.407189
-0.232998 0.018616 1.449386
-0.261881 0.016212 1.434695
-0.260751 0.027909 1.435910
-0.232748 0.028727 1.450374
-0.225746 0.018961 1.452950
-0.225791 0.028550 1.453761
-0.298153 0.022975 1.431314
-0.277194 0.023028 1.426770
-0.297921 0.019849 1.430160
-0.277966 0.026811 1.427279
-0.238135 -0.146979 1.442005
-0.232767 -0.144625 1.444673
-0.233136 -0.147445 1.444465
-0.297459 -0.137993 1.440663
-0.284366 -0.141119 1.423103
-0.272060 -0.144887 1.433044
-0.300778 -0.136628 1.427310
-0.319238 -0.130496 1.447316
-0.331747 -0.125855 1.439416
-0.325450 -0.128900 1.433989
-0.349540 -0.122372 1.420023
-0.354127 -0.119353 1.423954
-0.268214 -0.144852 1.430254
-0.263796 -0.146777 1.436520
-0.262518 -0.146077 1.433344
-0.345180 0.015705 1.425655
-0.331255 0.013272 1.443912
-0.320437 0.018234 1.440704
-0.350704 0.011160 1.430773
-0.313615 0.017111 1.456504
-0.298310 0.024787 1.434816
-0.292073 0.023995 1.451472
-0.262144 0.030220 1.438758
-0.276077 0.027935 1.446275
-0.261993 0.030046 1.441289
-0.278626 0.029074 1.430728
-0.233654 0.031102 1.453333
-0.234862 0.031294 1.455015
-0.225609 0.031053 1.457708
-0.224799 0.031801 1.460385
-0.300055 -0.134070 1.424034
-0.240105 -0.149574 1.444315
-0.233678 -0.150163 1.447505
-0.324516 -0.127657 1.430055
-0.348206 -0.121585 1.416063
-0.367887 -0.117001 1.407069
-0.376746 -0.112642 1.409149
-0.394071 -0.094300 1.416672
-0.340001 0.015615 1.424648
-0.319513 0.017385 1.436498
-0.309788 0.020099 1.434318
-0.276058 -0.148335 1.474617
-0.240974 -0.153641 1.491673
-0.241201 -0.154870 1.493900
-0.274382 -0.147776 1.472216
-0.324698 -0.125661 1.477535
-0.340406 -0.119140 1.466272
-0.338399 -0.117047 1.463872
-0.322912 -0.123380 1.474515
-0.307132 -0.136990 1.472153
-0.307644 -0.135218 1.469437
-0.289131 -0.145048 1.466077
-0.288840 -0.143913 1.463645
-0.290389 -0.145491 1.473741
-0.306086 -0.137742 1.478607
-0.325456 -0.124945 1.483653
-0.342317 -0.114141 1.480001
-0.322057 -0.122695 1.492897
-0.343106 -0.117581 1.471868
-0.376865 -0.099614 1.451810
-0.377488 -0.103238 1.445728
-0.345167 -0.104686 1.489865
-0.378505 -0.088600 1.461198
-0.375351 -0.104991 1.439467
-0.374409 -0.104550 1.436375
-0.306850 -0.133432 1.490370
-0.266145 -0.148962 1.500620
-0.262459 -0.152269 1.490912
-0.243827 -0.155173 1.500310
-0.246728 -0.151936 1.511846
-0.285023 -0.144445 1.490691
-0.279347 -0.148574 1.481274
-0.298404 -0.136106 1.495425
-0.285411 -0.139962 1.502562
-0.292310 -0.129326 1.516403
-0.309599 -0.125541 1.503259
-0.409552 -0.082896 1.419483
-0.399427 -0.091930 1.413406
-0.401069 -0.094267 1.417782
-0.407761 -0.081028 1.415383
-0.305598 0.012288 1.498821
-0.323193 0.006378 1.491818
-0.320875 0.003006 1.500422
-0.301800 0.018386 1.488476
-0.287955 0.024982 1.484007
-0.303986 0.017959 1.479845
-0.287143 0.025146 1.475776
-0.268977 0.028451 1.486223
-0.272216 0.027732 1.492785
-0.286113 0.021649 1.497555
-0.280579 0.015120 1.516995
-0.273319 0.023213 1.505790
-0.296288 0.013700 1.505424
-0.316531 -0.008750 1.521870
-0.303834 -0.024332 1.547421
-0.297071 -0.008888 1.538864
-0.324421 -0.023852 1.528990
-0.307236 0.003606 1.513148
-0.297071 -0.008888 1.538864
-0.289143 0.004050 1.528796
-0.316531 -0.008750 1.521870
-0.220297 0.031074 1.519466
-0.233220 0.026555 1.526283
-0.219232 0.026518 1.533641
-0.236920 0.030140 1.512706
-0.220582 0.031867 1.511402
-0.233810 0.031264 1.505695
-0.220420 0.032286 1.508584
-0.233817 0.031240 1.502618
-0.268376 0.028414 1.483801
-0.285641 0.023122 1.472273
-0.254761 0.029309 1.503093
-0.321771 0.005319 1.480756
-0.322290 0.007071 1.482588
-0.303544 0.016024 1.477051
-0.338253 0.004067 1.472688
-0.341401 0.002018 1.478576
-0.336287 0.002222 1.470116
-0.370538 -0.002695 1.446572
-0.369785 -0.004767 1.442318
-0.376522 -0.021584 1.465535
-0.340896 -0.002747 1.487424
-0.372750 -0.009615 1.458683
-0.343933 -0.012074 1.495671
-0.348602 -0.024869 1.502627
-0.343933 -0.012074 1.495671
-0.348602 -0.024869 1.502627
-0.382274 -0.039724 1.470784
-0.353004 -0.040573 1.506730
-0.406638 -0.020941 1.430449
-0.413175 -0.037563 1.432622
-0.399697 -0.022438 1.439275
-0.405587 -0.038512 1.442149
-0.395204 -0.012902 1.436859
-0.394249 -0.009589 1.433756
-0.400701 -0.011222 1.428643
-0.371879 -0.004789 1.453498
-0.305817 -0.100147 1.541294
-0.330294 -0.079360 1.530742
-0.325690 -0.096736 1.524184
-0.309931 -0.082337 1.549781
-0.350073 -0.091318 1.498292
-0.354785 -0.058085 1.507372
-0.384151 -0.054880 1.471621
-0.353457 -0.075490 1.504374
-0.383060 -0.070083 1.469070
-0.329419 -0.041435 1.533883
-0.354785 -0.058085 1.507372
-0.331352 -0.060447 1.534463
-0.353004 -0.040573 1.506730
-0.353457 -0.075490 1.504374
-0.350073 -0.091318 1.498292
-0.299799 -0.115619 1.530071
-0.318542 -0.111862 1.514892
-0.399988 -0.008980 1.421192
-0.398268 -0.011234 1.416813
-0.414644 -0.037640 1.420360
-0.418427 -0.051327 1.424676
-0.416268 -0.036960 1.424605
-0.416614 -0.051222 1.420380
-0.414910 -0.064862 1.418712
-0.416808 -0.065807 1.422936
-0.408289 -0.083235 1.426689
-0.414148 -0.066285 1.430758
-0.415242 -0.051834 1.432696
-0.408813 -0.019994 1.422473
-0.407403 -0.021506 1.418367
-0.393995 -0.007553 1.426964
-0.407662 -0.052423 1.442222
-0.406686 -0.066393 1.440457
-0.401501 -0.083031 1.435801
-0.397882 -0.091558 1.433140
-0.402052 -0.092903 1.425671
-0.228481 -0.155561 1.497848
-0.228218 -0.157277 1.500723
-0.401390 -0.050203 1.412634
-0.404494 -0.038945 1.416233
-0.399546 -0.038379 1.413058
-0.406090 -0.050522 1.415937
-0.400218 -0.061359 1.411519
-0.404858 -0.062629 1.414903
-0.394599 -0.075527 1.409098
-0.398352 -0.077617 1.412015
-0.388389 -0.085998 1.407066
-0.392554 -0.087080 1.409895
-0.399226 -0.026250 1.415037
-0.394899 -0.028240 1.412098
-0.389070 -0.019512 1.410177
-0.392480 -0.016005 1.413185
-0.401793 -0.078602 1.411483
-0.394769 -0.088461 1.410438
-0.408735 -0.063213 1.414019
-0.410086 -0.050596 1.415356
-0.408330 -0.038397 1.415564
-0.402337 -0.024860 1.414418
-0.394457 -0.015179 1.413599
-0.391167 -0.008454 1.424241
-0.376939 0.006311 1.420394
-0.262007 0.032462 1.448212
-0.276074 0.030271 1.453277
-0.292418 0.025520 1.458444
-0.313700 0.017888 1.463083
-0.334640 0.013588 1.449394
-0.354100 0.010563 1.436015
-0.236431 0.034136 1.462717
-0.224577 0.033735 1.467941
-0.276984 0.014630 1.426972
-0.235605 0.034187 1.483448
-0.222147 0.034632 1.491274
-0.263331 0.031815 1.468558
-0.274238 0.029654 1.465429
-0.319428 -0.130835 1.432333
-0.317425 -0.129472 1.428511
-0.296113 -0.140953 1.446602
-0.319579 -0.132000 1.453397
-0.271955 -0.148079 1.439978
-0.333687 -0.126961 1.444413
-0.356551 -0.120178 1.428888
-0.376731 -0.113023 1.415476
-0.392526 -0.096516 1.420862
-0.397378 -0.094898 1.429488
-0.394788 -0.097272 1.423388
-0.335685 0.018208 1.418925
-0.269979 -0.149723 1.458858
-0.240289 -0.155231 1.472741
-0.229770 -0.157058 1.477476
-0.265002 -0.149769 1.443435
-0.240688 -0.153744 1.454447
-0.231477 -0.155042 1.458901
-0.239747 -0.150643 1.447877
-0.232870 -0.151829 1.451425
-0.232130 -0.137412 1.444146
-0.277808 -0.130085 1.424198
-0.391062 -0.088753 1.410554
-0.376880 -0.097670 1.404394
-0.372898 -0.106574 1.403004
-0.370439 -0.102540 1.402358
-0.364038 -0.105836 1.399346
-0.365557 -0.111963 1.400568
-0.368038 0.010583 1.401877
-0.377425 0.003300 1.406957
-0.377589 0.002262 1.405547
-0.382872 -0.011889 1.407194
-0.366075 0.005789 1.397008
-0.368707 0.009959 1.400364
-0.375116 -0.002467 1.402730
-0.218318 -0.066697 1.593671
-0.220779 -0.094137 1.587883
-0.218627 -0.038130 1.590568
-0.221723 -0.116336 1.575830
-0.217855 -0.013280 1.580668
-0.217545 0.005508 1.567052
-0.223701 -0.134558 1.558106
-0.225542 -0.145970 1.540068
-0.226282 -0.150277 1.529730
-0.218688 0.015360 1.554688
-0.219033 0.021868 1.543665
-0.226775 -0.153148 1.522839
-0.227532 -0.156689 1.508351
-0.250105 0.017938 1.534140
-0.244194 0.025687 1.521461
-0.236119 0.019690 1.539677
-0.256047 0.006640 1.547993
-0.239297 0.009743 1.552879
-0.242075 -0.003335 1.565590
-0.260808 -0.006767 1.560040
-0.260808 -0.006767 1.560040
-0.244189 -0.020298 1.576953
-0.242075 -0.003335 1.565590
-0.264995 -0.023224 1.570259
-0.267459 -0.107035 1.563995
-0.263722 -0.123641 1.550237
-0.247100 -0.111284 1.571125
-0.244875 -0.128683 1.555932
-0.258420 -0.137783 1.533622
-0.241260 -0.149311 1.524588
-0.241932 -0.142434 1.538072
-0.252563 -0.147464 1.519275
-0.263722 -0.123641 1.550237
-0.244875 -0.128683 1.555932
-0.248374 -0.090073 1.582537
-0.269920 -0.087460 1.574529
-0.248510 -0.066005 1.587634
-0.270468 -0.065243 1.579650
-0.268515 -0.042930 1.577594
-0.246843 -0.041829 1.585137
-0.309062 -0.042437 1.553031
-0.311202 -0.062453 1.554176
-0.318542 -0.111862 1.514892
-0.299799 -0.115619 1.530071
-0.345167 -0.104686 1.489865
-0.350629 -0.116284 1.382790
-0.347020 -0.109611 1.380790
-0.348500 -0.116337 1.379699
-0.348849 -0.108870 1.383201
-0.328324 -0.116575 1.371237
-0.346121 -0.116536 1.378498
-0.345087 -0.109813 1.379554
-0.327868 -0.110428 1.371771
-0.325953 -0.116791 1.370877
-0.323261 -0.111056 1.371358
-0.323584 -0.117179 1.371281
-0.325617 -0.110696 1.371178
-0.315096 -0.112653 1.376008
-0.316372 -0.118097 1.374948
-0.345954 -0.118213 1.378975
-0.328626 -0.118075 1.371663
-0.322135 -0.122060 1.381569
-0.326246 -0.118258 1.371313
-0.324035 -0.118776 1.371836
-0.317089 -0.119824 1.375031
-0.338324 -0.124629 1.405090
-0.330667 -0.122503 1.393465
-0.330084 -0.126221 1.393840
-0.339232 -0.120502 1.404850
-0.356638 -0.108217 1.393282
-0.359395 -0.115130 1.394080
-0.342847 -0.123101 1.410209
-0.344655 -0.119291 1.408905
-0.317371 -0.123909 1.376175
-0.321797 -0.125622 1.382969
-0.328478 -0.126408 1.404764
-0.318891 -0.128332 1.410231
-0.306941 -0.130434 1.408854
-0.317898 -0.128267 1.423411
-0.321389 -0.130692 1.411370
-0.328812 -0.129497 1.406777
-0.319846 -0.129225 1.429000
-0.316763 -0.128173 1.427629
-0.299230 -0.132442 1.423164
-0.316840 -0.127956 1.423826
-0.305675 -0.129411 1.409027
-0.296780 -0.128451 1.397528
-0.278874 -0.131643 1.401954
-0.280699 -0.134088 1.417929
-0.276486 -0.131099 1.402887
-0.280952 -0.134271 1.419457
-0.278681 -0.130892 1.398992
-0.294235 -0.127375 1.392590
-0.276070 -0.130327 1.399770
-0.276579 -0.129896 1.398207
-0.278238 -0.129483 1.396785
-0.293089 -0.125785 1.390633
-0.298798 -0.130489 1.396818
-0.295384 -0.129441 1.391389
-0.293289 -0.127911 1.388157
-0.315456 -0.122170 1.373964
-0.314451 -0.119559 1.372874
-0.313263 -0.116132 1.373269
-0.291410 -0.122362 1.386019
-0.291999 -0.125598 1.386304
-0.292098 -0.123639 1.390025
-0.277551 -0.122637 1.398130
-0.292067 -0.121256 1.390049
-0.291891 -0.118770 1.390454
-0.275859 -0.124234 1.404624
-0.279856 -0.128049 1.419433
-0.280082 -0.128847 1.421066
-0.292081 -0.117912 1.388366
-0.291417 -0.119566 1.386991
-0.312286 -0.113388 1.374652
-0.312834 -0.112081 1.376155
-0.347388 -0.115838 1.413913
-0.232249 -0.151062 1.444779
-0.232767 -0.144625 1.444673
-0.225127 -0.145160 1.450987
-0.232130 -0.137412 1.444146
-0.223937 -0.138852 1.450259
-0.220800 -0.140146 1.457896
-0.216241 0.026269 1.457786
-0.220312 0.025991 1.455406
-0.220737 0.024824 1.455927
-0.225791 0.028550 1.453761
-0.220928 0.018934 1.455865
-0.225746 0.018961 1.452950
-0.216746 0.018950 1.460065
-0.223954 0.033357 1.454815
-0.307269 0.020492 1.433494
-0.339823 0.012079 1.422725
-0.335513 0.016664 1.416774
-0.331054 0.019594 1.417184
-0.309752 0.020889 1.429820
-0.281435 0.020293 1.425455
-0.280275 0.014084 1.425229
-0.282068 0.019793 1.422292
-0.280830 0.014123 1.423094
-0.278083 0.012706 1.405689
-0.278628 0.019145 1.405131
-0.283449 0.020424 1.421719
-0.279887 0.019947 1.405048
-0.288228 0.020377 1.420079
-0.282639 0.020081 1.403308
-0.296321 0.018968 1.412625
-0.288216 0.019562 1.399410
-0.279645 0.019767 1.402732
-0.280634 0.019679 1.401151
-0.278401 0.018630 1.402617
-0.277949 0.012312 1.402965
-0.279056 0.012056 1.400546
-0.279445 0.018838 1.400895
-0.287220 0.018849 1.396433
-0.287459 0.011218 1.395359
-0.287697 0.019194 1.397855
-0.297859 0.021715 1.412135
-0.290182 0.021432 1.398900
-0.305763 0.019402 1.424847
-0.304112 0.018170 1.425405
-0.306408 0.017795 1.429419
-0.307769 0.019751 1.428748
-0.306268 0.017889 1.432367
-0.297497 0.019528 1.429180
-0.284361 0.020456 1.424137
-0.282561 0.021578 1.426409
-0.308514 0.019691 1.415767
-0.318276 0.020037 1.409757
-0.320903 0.022315 1.398755
-0.329740 0.019015 1.413622
-0.328516 0.019073 1.407713
-0.321840 0.021009 1.397249
-0.311502 0.022822 1.417608
-0.318783 0.022805 1.412644
-0.345185 0.024121 1.384497
-0.353796 0.020789 1.393137
-0.329666 0.023122 1.374335
-0.313354 0.019715 1.383991
-0.312385 0.021563 1.384390
-0.288974 0.020451 1.396177
-0.310936 0.020394 1.382265
-0.287737 0.018892 1.394135
-0.309648 0.018769 1.380123
-0.309078 0.015857 1.379798
-0.286650 0.015985 1.393173
-0.287375 0.012191 1.392899
-0.309040 0.012186 1.379953
-0.288879 0.009205 1.394118
-0.310154 0.009946 1.381707
-0.329592 0.016838 1.373525
-0.312395 0.018720 1.382435
-0.312490 0.012839 1.381812
-0.328939 0.022221 1.373082
-0.332214 0.022494 1.372999
-0.332795 0.017116 1.373237
-0.335247 0.022888 1.374207
-0.335818 0.017134 1.374567
-0.348582 0.016626 1.382018
-0.358427 0.018184 1.390740
-0.349312 0.022713 1.381882
-0.356890 0.012809 1.389665
-0.348456 0.023622 1.382373
-0.357949 0.019129 1.391513
-0.332100 0.023486 1.374616
-0.334379 0.023609 1.375262
-0.361570 0.015017 1.402032
-0.359289 -0.116847 1.395095
-0.350136 -0.118161 1.382593
-0.348015 -0.118071 1.379897
-0.213315 -0.064976 1.566309
-0.211815 -0.036573 1.563934
-0.214214 -0.093727 1.558684
-0.398082 -0.051211 1.413417
-0.395504 -0.064576 1.412182
-0.395954 -0.035717 1.413179
-0.209836 -0.012692 1.552892
-0.213969 -0.114733 1.543750
-0.214029 -0.127449 1.526741
-0.208376 0.001972 1.537667
-0.208530 0.010751 1.519747
-0.210312 0.015998 1.498737
-0.213924 0.017633 1.478186
-0.215356 -0.135293 1.508286
-0.217243 -0.139693 1.487688
-0.220426 -0.139672 1.468577
-0.222922 -0.138430 1.457909
-0.225643 -0.137351 1.450697
-0.233012 -0.135815 1.445093
-0.265084 -0.130057 1.430975
-0.233012 -0.135815 1.445093
-0.281363 -0.127896 1.424635
-0.218037 0.017768 1.460296
-0.221416 0.018058 1.456669
-0.215958 0.017878 1.467740
-0.218037 0.017768 1.460296
-0.221416 0.018058 1.456669
-0.225591 0.017490 1.453845
-0.233738 0.016941 1.449865
-0.262057 0.015147 1.435650
-0.225591 0.017490 1.453845
-0.387817 -0.022528 1.411059
-0.390529 -0.075545 1.410773
-0.381357 -0.012546 1.407043
-0.372516 -0.003133 1.402796
-0.364904 0.004082 1.397527
-0.354371 0.012218 1.389554
-0.347417 0.015068 1.382915
-0.384419 -0.086751 1.407336
-0.373626 -0.096850 1.404726
-0.361556 -0.104142 1.399799
-0.366800 -0.101238 1.402713
-0.361556 -0.104142 1.399799
-0.354889 -0.106786 1.393694
-0.354889 -0.106786 1.393694
-0.347213 -0.107946 1.384278
-0.344692 -0.108282 1.381871
-0.276616 -0.122864 1.404208
-0.275443 -0.123548 1.401219
-0.276349 -0.122196 1.401156
-0.276059 -0.123182 1.399547
-0.276769 -0.121958 1.400008
-0.292583 -0.117174 1.391595
-0.277765 -0.121532 1.399113
-0.276349 -0.122196 1.401156
-0.276769 -0.121958 1.400008
-0.292583 -0.117174 1.391595
-0.294742 -0.117225 1.394978
-0.277765 -0.121532 1.399113
-0.280712 0.012989 1.426676
-0.282834 0.012716 1.423317
-0.279564 0.011272 1.405248
-0.279564 0.011272 1.405248
-0.289362 0.010372 1.397183
-0.279140 0.010958 1.402306
-0.279140 0.010958 1.402306
-0.289362 0.010372 1.397183
-0.334845 0.015951 1.375724
-0.332262 0.015889 1.374479
-0.330016 0.015607 1.374852
-0.313593 0.012146 1.383030
-0.330016 0.015607 1.374852
-0.332262 0.015889 1.374479
-0.334845 0.015951 1.375724
-0.327251 -0.109676 1.373050
-0.343031 -0.108473 1.380733
-0.325473 -0.110289 1.380042
-0.343031 -0.108473 1.380733
-0.327251 -0.109676 1.373050
-0.325368 -0.109876 1.372593
-0.325368 -0.109876 1.372593
-0.323339 -0.110182 1.372854
-0.323339 -0.110182 1.372854
-0.315624 -0.111596 1.377559
-0.313671 -0.111350 1.377911
-0.293298 -0.116881 1.389986
-0.315624 -0.111596 1.377559
-0.320063 -0.111373 1.383014
-0.320063 -0.111373 1.383014
-0.317885 -0.110449 1.383720
-0.323818 -0.112558 1.389963
-0.296106 -0.116615 1.393556
-0.294742 -0.117225 1.394978
-0.299611 -0.121323 1.409771
-0.299227 0.008068 1.404315
-0.299472 0.010724 1.409919
-0.315643 0.008866 1.391167
-0.313593 0.012146 1.383030
-0.322052 0.011598 1.397304
-0.247100 -0.111284 1.571125
-0.248374 -0.090073 1.582537
-0.248510 -0.066005 1.587634
-0.246843 -0.041829 1.585137
-0.244189 -0.020298 1.576953
-0.269194 -0.144102 1.511071
-0.259420 0.024552 1.513767
-0.275638 -0.133479 1.526147
-0.282061 -0.119334 1.541568
-0.282061 -0.119334 1.541568
-0.286914 -0.103381 1.554054
-0.290265 -0.084885 1.563674
-0.291323 -0.064004 1.568619
-0.289125 -0.042945 1.567073
-0.284581 -0.024314 1.560592
-0.279102 -0.008362 1.551091
-0.272879 0.005028 1.539779
-0.279102 -0.008362 1.551091
-0.265744 0.016476 1.526367
-0.331825 0.013072 1.397376
-0.318553 0.015896 1.384369
-0.322749 0.010990 1.383647
-0.328844 0.018080 1.399692
-0.338400 0.011207 1.414628
-0.328844 0.018080 1.399692
-0.340149 0.006808 1.410793
-0.331825 0.013072 1.397376
-0.297087 0.010558 1.423179
-0.306404 0.004302 1.436396
-0.286956 0.010109 1.408990
-0.297087 0.010558 1.423179
-0.314487 -0.007807 1.447546
-0.346610 -0.002822 1.427543
-0.347443 -0.006239 1.422586
-0.354215 -0.023297 1.432526
-0.354089 -0.020998 1.438347
-0.321706 -0.025017 1.456966
-0.317151 -0.027380 1.454980
-0.327647 -0.046905 1.464290
-0.322727 -0.047857 1.461535
-0.310452 -0.011268 1.446362
-0.359996 -0.042189 1.446587
-0.359617 -0.042616 1.440037
-0.303036 -0.000014 1.436283
-0.294689 0.005709 1.424443
-0.294689 0.005709 1.424443
-0.285668 0.005328 1.411544
-0.357678 -0.084356 1.438769
-0.360976 -0.062852 1.440911
-0.357365 -0.080527 1.432910
-0.361499 -0.064626 1.447539
-0.360976 -0.062852 1.440911
-0.361499 -0.064626 1.447539
-0.350422 -0.094867 1.419015
-0.350179 -0.100258 1.423472
-0.324968 -0.070279 1.462825
-0.329890 -0.070817 1.465674
-0.322979 -0.091452 1.457258
-0.324968 -0.070279 1.462825
-0.329890 -0.070817 1.465674
-0.327632 -0.093372 1.459341
-0.321003 -0.110140 1.445656
-0.316748 -0.107155 1.444863
-0.310858 -0.118931 1.427757
-0.307129 -0.115256 1.428369
-0.299160 -0.121521 1.409567
-0.296196 -0.117575 1.411636
-0.341418 -0.111769 1.406298
-0.277477 0.003059 1.393146
-0.309847 0.006712 1.369137
-0.271948 -0.012797 1.379549
-0.277417 -0.001445 1.397050
-0.272450 -0.016102 1.384283
-0.342540 -0.105536 1.403521
-0.331316 -0.116009 1.388772
-0.333625 -0.109623 1.387831
-0.319812 -0.111165 1.372054
-0.323545 -0.105214 1.372967
-0.287096 -0.117479 1.392386
-0.285217 -0.113871 1.395986
-0.302382 -0.081201 1.346258
-0.276558 -0.105440 1.378383
-0.309116 -0.099062 1.357252
-0.269326 -0.085868 1.368723
-0.275785 -0.102882 1.382942
-0.269295 -0.084652 1.373879
-0.267093 -0.061269 1.367007
-0.300587 -0.058895 1.343631
-0.314154 -0.094232 1.359104
-0.308263 -0.078323 1.348864
-0.306670 -0.058173 1.346604
-0.301940 -0.033355 1.347463
-0.307810 -0.034645 1.349894
-0.269153 -0.035904 1.371943
-0.304552 -0.009323 1.355707
-0.315240 0.002054 1.369895
-0.310468 -0.012951 1.357499
-0.267394 -0.061399 1.372381
-0.269506 -0.037377 1.376959
-0.322727 -0.047857 1.461535
-0.359617 -0.042616 1.440037
-0.354215 -0.023297 1.432526
-0.317151 -0.027380 1.454980
-0.360976 -0.062852 1.440911
-0.324968 -0.070279 1.462825
-0.357365 -0.080527 1.432910
-0.324968 -0.070279 1.462825
-0.322979 -0.091452 1.457258
-0.360976 -0.062852 1.440911
-0.316748 -0.107155 1.444863
-0.350422 -0.094867 1.419015
-0.307129 -0.115256 1.428369
-0.342540 -0.105536 1.403521
-0.296196 -0.117575 1.411636
-0.333625 -0.109623 1.387831
-0.323545 -0.105214 1.372967
-0.285217 -0.113871 1.395986
-0.314154 -0.094232 1.359104
-0.275785 -0.102882 1.382942
-0.308263 -0.078323 1.348864
-0.269295 -0.084652 1.373879
-0.267394 -0.061399 1.372381
-0.306670 -0.058173 1.346604
-0.269506 -0.037377 1.376959
-0.307810 -0.034645 1.349894
-0.272450 -0.016102 1.384283
-0.310468 -0.012951 1.357499
-0.315240 0.002054 1.369895
-0.277417 -0.001445 1.397050
-0.322749 0.010990 1.383647
-0.285668 0.005328 1.411544
-0.331825 0.013072 1.397376
-0.294689 0.005709 1.424443
-0.340149 0.006808 1.410793
-0.303036 -0.000014 1.436283
-0.310452 -0.011268 1.446362
-0.347443 -0.006239 1.422586
-0.270846 0.009468 1.445365
-0.249676 0.010981 1.454303
-0.252130 0.010953 1.455281
-0.271618 0.009206 1.442694
-0.270846 0.009468 1.445365
-0.252393 0.013511 1.455335
-0.271143 0.012016 1.445404
-0.252130 0.010953 1.455281
-0.270358 0.009194 1.439238
-0.248068 0.010990 1.451074
-0.250010 0.013783 1.454485
-0.252130 0.010953 1.455281
-0.249676 0.010981 1.454303
-0.252393 0.013511 1.455335
-0.248601 0.013581 1.451678
-0.248068 0.010990 1.451074
-0.248601 0.013581 1.451678
-0.270894 0.011767 1.439864
-0.272003 0.011993 1.442860
-0.250010 0.013783 1.454485
-0.247069 0.014435 1.448041
-0.246272 0.012326 1.446739
-0.247069 0.014435 1.448041
-0.269472 0.012821 1.436261
-0.264499 -0.127041 1.437222
-0.244048 -0.129765 1.451535
-0.240894 -0.129572 1.450447
-0.264416 -0.127828 1.440223
-0.259938 -0.127123 1.430471
-0.238571 -0.129160 1.447502
-0.236248 -0.130569 1.444066
-0.262272 -0.126244 1.434062
-0.259200 -0.129432 1.428890
-0.235526 -0.133311 1.442530
-0.239017 -0.131788 1.447847
-0.236248 -0.130569 1.444066
-0.238571 -0.129160 1.447502
-0.237077 -0.132660 1.445232
-0.264499 -0.127041 1.437222
-0.262721 -0.128868 1.434407
-0.264722 -0.129834 1.437057
-0.262272 -0.126244 1.434062
-0.240894 -0.129572 1.450447
-0.241076 -0.132369 1.450321
-0.244048 -0.129765 1.451535
-0.244162 -0.132326 1.451306
-0.260771 -0.129213 1.431633
-0.239017 -0.131788 1.447847
-0.262721 -0.128868 1.434407
-0.237077 -0.132660 1.445232
-0.264570 -0.130409 1.439966
-0.244162 -0.132326 1.451306
-0.264416 -0.127828 1.440223
-0.264570 -0.130409 1.439966
-0.264722 -0.129834 1.437057
-0.244162 -0.132326 1.451306
-0.264570 -0.130409 1.439966
-0.241076 -0.132369 1.450321
-0.260771 -0.129213 1.431633
-0.259938 -0.127123 1.430471
-0.270846 0.009468 1.445365
-0.272003 0.011993 1.442860
-0.271618 0.009206 1.442694
-0.271143 0.012016 1.445404
-0.270894 0.011767 1.439864
-0.270358 0.009194 1.439238
-0.269472 0.012821 1.436261
-0.268675 0.010747 1.434910
-0.267921 0.013106 1.432985
-0.268857 0.014650 1.434773
-0.246475 0.015973 1.446334
-0.268857 0.014650 1.434773
-0.268386 0.017710 1.433677
-0.246087 0.018618 1.444827
-0.268386 0.017710 1.433677
-0.267394 0.016747 1.431625
-0.268140 0.021464 1.432943
-0.267145 0.021075 1.430745
-0.246272 0.012326 1.446739
-0.268675 0.010747 1.434910
-0.268189 0.025190 1.432453
-0.247129 0.028587 1.442630
-0.268586 0.028141 1.432047
-0.246328 0.025492 1.442887
-0.246211 0.029326 1.440475
-0.248532 0.030752 1.442937
-0.247129 0.028587 1.442630
-0.247789 0.032165 1.440983
-0.250964 0.031973 1.443845
-0.250544 0.033950 1.442250
-0.254862 0.034728 1.444218
-0.255002 0.032424 1.445446
-0.246211 0.029326 1.440475
-0.267663 0.028897 1.429865
-0.247789 0.032165 1.440983
-0.268598 0.031165 1.429626
-0.261266 0.034657 1.446933
-0.261231 0.032159 1.447859
-0.255002 0.032424 1.445446
-0.271021 0.030409 1.431277
-0.250964 0.031973 1.443845
-0.274362 0.030302 1.431568
-0.270170 0.033784 1.450464
-0.270002 0.031161 1.451129
-0.279875 0.031989 1.431844
-0.270170 0.033784 1.450464
-0.261266 0.034657 1.446933
-0.288010 0.030841 1.434448
-0.274186 0.032542 1.430348
-0.254862 0.034728 1.444218
-0.269352 0.029747 1.431566
-0.248532 0.030752 1.442937
-0.245355 0.025633 1.440693
-0.246328 0.025492 1.442887
-0.246008 0.021979 1.443647
-0.245013 0.021543 1.441510
-0.246087 0.018618 1.444827
-0.245099 0.017605 1.442837
-0.261231 0.032159 1.447859
-0.279855 0.029545 1.432735
-0.268140 0.021464 1.432943
-0.246008 0.021979 1.443647
-0.246475 0.015973 1.446334
-0.245541 0.014382 1.444606
-0.267921 0.013106 1.432985
-0.245541 0.014382 1.444606
-0.267394 0.016747 1.431625
-0.245099 0.017605 1.442837
-0.267145 0.021075 1.430745
-0.245013 0.021543 1.441510
-0.235526 -0.133311 1.442530
-0.236508 -0.134759 1.444160
-0.260181 -0.130881 1.430522
-0.236508 -0.134759 1.444160
-0.260009 -0.134079 1.429625
-0.236374 -0.138534 1.443323
-0.260181 -0.130881 1.430522
-0.259032 -0.133294 1.427752
-0.260009 -0.134079 1.429625
-0.259200 -0.129432 1.428890
-0.263138 -0.145309 1.429372
-0.244884 -0.153453 1.444755
-0.241030 -0.151563 1.443528
-0.265618 -0.146988 1.430257
-0.235397 -0.137749 1.441450
-0.236374 -0.138534 1.443323
-0.236026 -0.143137 1.440869
-0.236935 -0.143245 1.442874
-0.260395 -0.138141 1.429095
-0.236935 -0.143245 1.442874
-0.238420 -0.147915 1.442914
-0.261423 -0.142174 1.429001
-0.260395 -0.138141 1.429095
-0.259487 -0.138033 1.427091
-0.261423 -0.142174 1.429001
-0.260631 -0.142772 1.426967
-0.263138 -0.145309 1.429372
-0.262552 -0.146624 1.427454
-0.265618 -0.146988 1.430257
-0.265351 -0.148873 1.428615
-0.269118 -0.149634 1.430398
-0.269076 -0.147399 1.431708
-0.262552 -0.146624 1.427454
-0.244616 -0.155339 1.443102
-0.265351 -0.148873 1.428615
-0.240440 -0.152879 1.441606
-0.260631 -0.142772 1.426967
-0.237624 -0.148512 1.440879
-0.259487 -0.138033 1.427091
-0.236026 -0.143137 1.440869
-0.273918 -0.149234 1.432709
-0.273645 -0.146787 1.433700
-0.279835 -0.148031 1.435462
-0.279396 -0.145451 1.436168
-0.259032 -0.133294 1.427752
-0.235397 -0.137749 1.441450
-0.241030 -0.151563 1.443528
-0.237624 -0.148512 1.440879
-0.238420 -0.147915 1.442914
-0.240440 -0.152879 1.441606
-0.249927 -0.156046 1.445201
-0.269118 -0.149634 1.430398
-0.256182 -0.155472 1.447757
-0.273918 -0.149234 1.432709
-0.249885 -0.153806 1.446521
-0.255908 -0.153021 1.448754
-0.256182 -0.155472 1.447757
-0.249927 -0.156046 1.445201
-0.244616 -0.155339 1.443102
-0.244884 -0.153453 1.444755
-0.249885 -0.153806 1.446521
-0.269076 -0.147399 1.431708
-0.255908 -0.153021 1.448754
-0.273645 -0.146787 1.433700
-0.262798 -0.151457 1.451368
-0.279396 -0.145451 1.436168
-0.262798 -0.151457 1.451368
-0.263238 -0.154041 1.450657
-0.270397 -0.149422 1.454275
-0.270957 -0.152084 1.453806
-0.279261 -0.149657 1.457179
-0.278606 -0.146957 1.457439
-0.279835 -0.148031 1.435462
-0.270957 -0.152084 1.453806
-0.286913 -0.146334 1.438580
-0.263238 -0.154041 1.450657
-0.294970 -0.144241 1.441985
-0.288078 -0.146754 1.460762
-0.303759 -0.141803 1.445593
-0.279261 -0.149657 1.457179
-0.288078 -0.146754 1.460762
-0.287344 -0.144050 1.460839
-0.297336 -0.143372 1.464544
-0.296531 -0.140684 1.464452
-0.307028 -0.139506 1.468541
-0.306156 -0.136848 1.468292
-0.312233 -0.136381 1.449232
-0.306156 -0.136848 1.468292
-0.296531 -0.140684 1.464452
-0.321784 -0.133398 1.452889
-0.303025 -0.139098 1.445670
-0.287344 -0.144050 1.460839
-0.294315 -0.141542 1.442245
-0.278606 -0.146957 1.457439
-0.267222 0.025364 1.430208
-0.245355 0.025633 1.440693
-0.250544 0.033950 1.442250
-0.270574 0.032320 1.429694
-0.271021 0.030409 1.431277
-0.274362 0.030302 1.431568
-0.274186 0.032542 1.430348
-0.270574 0.032320 1.429694
-0.268598 0.031165 1.429626
-0.269352 0.029747 1.431566
-0.267663 0.028897 1.429865
-0.268586 0.028141 1.432047
-0.267222 0.025364 1.430208
-0.268189 0.025190 1.432453
-0.270397 -0.149422 1.454275
-0.286354 -0.143673 1.439047
-0.343108 -0.126148 1.461238
-0.327890 -0.127711 1.477284
-0.331953 -0.130035 1.456817
-0.316495 -0.132528 1.472508
-0.322656 -0.136056 1.453139
-0.332892 -0.132647 1.457215
-0.331953 -0.130035 1.456817
-0.321784 -0.133398 1.452889
-0.344118 -0.128693 1.461779
-0.343108 -0.126148 1.461238
-0.313038 -0.139069 1.449323
-0.312233 -0.136381 1.449232
-0.356709 -0.124048 1.467054
-0.370751 -0.118641 1.473113
-0.369557 -0.116316 1.472288
-0.355617 -0.121596 1.466373
-0.294970 -0.144241 1.441985
-0.286354 -0.143673 1.439047
-0.286913 -0.146334 1.438580
-0.294315 -0.141542 1.442245
-0.303025 -0.139098 1.445670
-0.303759 -0.141803 1.445593
-0.317434 -0.135140 1.472906
-0.316495 -0.132528 1.472508
-0.328901 -0.130256 1.477824
-0.327890 -0.127711 1.477284
-0.313038 -0.139069 1.449323
-0.297336 -0.143372 1.464544
-0.307028 -0.139506 1.468541
-0.322656 -0.136056 1.453139
-0.317434 -0.135140 1.472906
-0.332892 -0.132647 1.457215
-0.328901 -0.130256 1.477824
-0.344118 -0.128693 1.461779
-0.356709 -0.124048 1.467054
-0.356122 -0.118895 1.489920
-0.370751 -0.118641 1.473113
-0.341777 -0.124833 1.483482
-0.370724 -0.112664 1.496511
-0.385049 -0.112743 1.479349
-0.354928 -0.116571 1.489096
-0.341777 -0.124833 1.483482
-0.340684 -0.122382 1.482804
-0.356122 -0.118895 1.489920
-0.369410 -0.110501 1.495539
-0.370724 -0.112664 1.496511
-0.355617 -0.121596 1.466373
-0.354928 -0.116571 1.489096
-0.340684 -0.122382 1.482804
-0.369557 -0.116316 1.472288
-0.382631 -0.104437 1.501357
-0.384081 -0.106405 1.502480
-0.393082 -0.098656 1.505773
-0.394699 -0.100375 1.507056
-0.398121 -0.106699 1.485001
-0.394699 -0.100375 1.507056
-0.408493 -0.100850 1.489310
-0.384081 -0.106405 1.502480
-0.401480 -0.094668 1.509670
-0.403064 -0.087788 1.509102
-0.405074 -0.088719 1.510675
-0.399654 -0.093293 1.508226
-0.383735 -0.110579 1.478375
-0.382631 -0.104437 1.501357
-0.369410 -0.110501 1.495539
-0.396671 -0.104732 1.483875
-0.279855 0.029545 1.432735
-0.279875 0.031989 1.431844
-0.287847 0.028266 1.435065
-0.288010 0.030841 1.434448
-0.281292 0.032038 1.454776
-0.298375 0.028981 1.438204
-0.310600 0.026328 1.442953
-0.294186 0.029358 1.459764
-0.298090 0.026324 1.438590
-0.310206 0.023619 1.443151
-0.310600 0.026328 1.442953
-0.298375 0.028981 1.438204
-0.324309 0.023002 1.448276
-0.323814 0.020258 1.448324
-0.339054 0.019152 1.453797
-0.338469 0.016408 1.453692
-0.354094 0.014888 1.459544
-0.353431 0.012169 1.459294
-0.323814 0.020258 1.448324
-0.307905 0.023032 1.465251
-0.322856 0.018620 1.470816
-0.338469 0.016408 1.453692
-0.310206 0.023619 1.443151
-0.293791 0.026617 1.460000
-0.324309 0.023002 1.448276
-0.308401 0.025787 1.465190
-0.368626 0.010624 1.465243
-0.353228 0.011723 1.482446
-0.354094 0.014888 1.459544
-0.338623 0.016501 1.476754
-0.381030 0.004165 1.470094
-0.368626 0.010624 1.465243
-0.367889 0.007946 1.464860
-0.381843 0.006783 1.470605
-0.270002 0.031161 1.451129
-0.287847 0.028266 1.435065
-0.281006 0.029340 1.455210
-0.298090 0.026324 1.438590
-0.294186 0.029358 1.459764
-0.281006 0.029340 1.455210
-0.281292 0.032038 1.454776
-0.293791 0.026617 1.460000
-0.308401 0.025787 1.465190
-0.307905 0.023032 1.465251
-0.323440 0.021364 1.470920
-0.322856 0.018620 1.470816
-0.338623 0.016501 1.476754
-0.337960 0.013782 1.476504
-0.352491 0.009045 1.482062
-0.353228 0.011723 1.482446
-0.366532 0.007552 1.487750
-0.365719 0.004933 1.487238
-0.377936 0.004346 1.492459
-0.377030 0.001812 1.491815
-0.366532 0.007552 1.487750
-0.381843 0.006783 1.470605
-0.339054 0.019152 1.453797
-0.323440 0.021364 1.470920
-0.337960 0.013782 1.476504
-0.353431 0.012169 1.459294
-0.352491 0.009045 1.482062
-0.367889 0.007946 1.464860
-0.365719 0.004933 1.487238
-0.381030 0.004165 1.470094
-0.392179 0.001120 1.474748
-0.393085 0.003656 1.475391
-0.377030 0.001812 1.491815
-0.392179 0.001120 1.474748
-0.401282 -0.001486 1.478778
-0.402314 0.000934 1.479565
-0.408426 -0.004085 1.482189
-0.409630 -0.001826 1.483140
-0.396671 -0.104732 1.483875
-0.385049 -0.112743 1.479349
-0.398121 -0.106699 1.485001
-0.383735 -0.110579 1.478375
-0.393082 -0.098656 1.505773
-0.406877 -0.099130 1.488025
-0.413276 -0.093970 1.490284
-0.399654 -0.093293 1.508226
-0.416608 -0.088662 1.491074
-0.403064 -0.087788 1.509102
-0.416608 -0.088662 1.491074
-0.420099 -0.082926 1.492665
-0.418002 -0.082400 1.491016
-0.418618 -0.089592 1.492648
-0.420677 -0.074671 1.492406
-0.418553 -0.074418 1.490711
-0.404882 -0.073117 1.508502
-0.419157 -0.064305 1.490649
-0.405231 -0.062743 1.508065
-0.418553 -0.074418 1.490711
-0.421285 -0.064351 1.492372
-0.419157 -0.064305 1.490649
-0.404452 -0.081331 1.509003
-0.418002 -0.082400 1.491016
-0.407359 -0.062789 1.509789
-0.421285 -0.064351 1.492372
-0.407006 -0.073370 1.510197
-0.420677 -0.074671 1.492406
-0.413276 -0.093970 1.490284
-0.415102 -0.095344 1.491730
-0.408493 -0.100850 1.489310
-0.406877 -0.099130 1.488025
-0.401480 -0.094668 1.509670
-0.415102 -0.095344 1.491730
-0.405074 -0.088719 1.510675
-0.418618 -0.089592 1.492648
-0.420099 -0.082926 1.492665
-0.406549 -0.081857 1.510652
-0.407692 -0.050968 1.509433
-0.407902 -0.039084 1.509032
-0.422473 -0.041090 1.492527
-0.421945 -0.052780 1.492483
-0.420393 -0.041465 1.490802
-0.419831 -0.052938 1.490749
-0.421945 -0.052780 1.492483
-0.422473 -0.041090 1.492527
-0.419831 -0.052938 1.490749
-0.405578 -0.051126 1.507698
-0.420656 -0.031036 1.490598
-0.422684 -0.030417 1.492290
-0.420417 -0.022573 1.489958
-0.422370 -0.021659 1.491585
-0.421228 -0.014712 1.490344
-0.418919 -0.009274 1.488529
-0.417252 -0.010951 1.487182
-0.419384 -0.015989 1.488827
-0.402502 -0.009298 1.503596
-0.419384 -0.015989 1.488827
-0.417252 -0.010951 1.487182
-0.404555 -0.014080 1.505033
-0.422370 -0.021659 1.491585
-0.407890 -0.028313 1.508486
-0.407506 -0.019588 1.507694
-0.422684 -0.030417 1.492290
-0.406400 -0.012802 1.506549
-0.421228 -0.014712 1.490344
-0.405822 -0.039459 1.507306
-0.407692 -0.050968 1.509433
-0.405578 -0.051126 1.507698
-0.407902 -0.039084 1.509032
-0.407359 -0.062789 1.509789
-0.405231 -0.062743 1.508065
-0.405862 -0.028931 1.506794
-0.407890 -0.028313 1.508486
-0.406549 -0.081857 1.510652
-0.404452 -0.081331 1.509003
-0.407006 -0.073370 1.510197
-0.404882 -0.073117 1.508502
-0.420393 -0.041465 1.490802
-0.405822 -0.039459 1.507306
-0.420656 -0.031036 1.490598
-0.405862 -0.028931 1.506794
-0.405552 -0.020502 1.506067
-0.407506 -0.019588 1.507694
-0.406400 -0.012802 1.506549
-0.404555 -0.014080 1.505033
-0.405552 -0.020502 1.506067
-0.420417 -0.022573 1.489958
-0.413701 -0.007104 1.484985
-0.398995 -0.005746 1.501631
-0.408426 -0.004085 1.482189
-0.393642 -0.003025 1.499020
-0.402502 -0.009298 1.503596
-0.404170 -0.007620 1.504943
-0.398995 -0.005746 1.501631
-0.400424 -0.003725 1.502775
-0.394845 -0.000768 1.499974
-0.393642 -0.003025 1.499020
-0.415132 -0.005081 1.486127
-0.404170 -0.007620 1.504943
-0.400424 -0.003725 1.502775
-0.418919 -0.009274 1.488529
-0.409630 -0.001826 1.483140
-0.394845 -0.000768 1.499974
-0.387360 0.001747 1.496534
-0.386329 -0.000672 1.495745
-0.386329 -0.000672 1.495745
-0.401282 -0.001486 1.478778
-0.402314 0.000934 1.479565
-0.387360 0.001747 1.496534
-0.413701 -0.007104 1.484985
-0.415132 -0.005081 1.486127
-0.393085 0.003656 1.475391
-0.377936 0.004346 1.492459
-0.379393 -0.103012 1.509428
-0.421461 -0.092772 1.466276
-0.416382 -0.094095 1.462069
-0.384484 -0.101687 1.513645
-0.360047 -0.096468 1.502739
-0.362679 -0.103013 1.506890
-0.364649 -0.101550 1.505528
-0.357815 -0.097646 1.503948
-0.385172 -0.101991 1.525139
-0.389338 -0.095135 1.526499
-0.385929 -0.100583 1.522791
-0.388768 -0.096240 1.529058
-0.385669 -0.069303 1.524968
-0.384697 -0.062795 1.520889
-0.388997 -0.067475 1.523395
-0.381788 -0.065077 1.522703
-0.389932 -0.080824 1.526207
-0.393721 -0.080234 1.524765
-0.393683 -0.087062 1.523493
-0.389898 -0.086989 1.525060
-0.430636 -0.078183 1.476105
-0.391998 -0.093301 1.521040
-0.428955 -0.084407 1.473656
-0.429059 -0.064639 1.477344
-0.392106 -0.073485 1.524731
-0.425956 -0.058644 1.476012
-0.388376 -0.092622 1.522845
-0.376133 -0.058928 1.522345
-0.368775 -0.057066 1.519962
-0.370407 -0.058017 1.517908
-0.374829 -0.058029 1.524654
-0.362999 -0.058567 1.515059
-0.364945 -0.059437 1.513270
-0.360282 -0.063046 1.508881
-0.358069 -0.062381 1.510427
-0.342564 -0.071114 1.522128
-0.346158 -0.065366 1.526045
-0.342008 -0.072244 1.524719
-0.345409 -0.066806 1.528418
-0.367602 -0.098030 1.505620
-0.363722 -0.093803 1.503355
-0.361014 -0.070484 1.505478
-0.364851 -0.063747 1.505216
-0.363876 -0.065935 1.508542
-0.361681 -0.068786 1.501822
-0.364683 -0.094611 1.499466
-0.401705 -0.085714 1.452133
-0.361573 -0.088602 1.498130
-0.398602 -0.079720 1.450801
-0.359492 -0.076118 1.503265
-0.359995 -0.075026 1.499370
-0.381595 -0.100193 1.516165
-0.376999 -0.101390 1.512355
-0.385515 -0.097172 1.519780
-0.388827 -0.098341 1.517648
-0.425794 -0.089435 1.470270
-0.374051 -0.102187 1.505406
-0.372178 -0.100644 1.508721
-0.360915 -0.088377 1.502148
-0.363722 -0.093803 1.503355
-0.359957 -0.081854 1.498099
-0.396989 -0.072987 1.450770
-0.396989 -0.072987 1.450770
-0.359957 -0.081854 1.498099
-0.397026 -0.066176 1.452040
-0.398706 -0.059951 1.454490
-0.359457 -0.082283 1.502117
-0.359457 -0.082283 1.502117
-0.385515 -0.097172 1.519780
-0.388376 -0.092622 1.522845
-0.381595 -0.100193 1.516165
-0.381267 -0.104192 1.518404
-0.375804 -0.105611 1.513764
-0.376999 -0.101390 1.512355
-0.391156 -0.088384 1.529162
-0.389898 -0.086989 1.525060
-0.374475 -0.107303 1.515592
-0.380248 -0.105803 1.520499
-0.390686 -0.089118 1.531871
-0.362552 -0.110280 1.531221
-0.366356 -0.107879 1.537925
-0.368327 -0.108780 1.536123
-0.360903 -0.109295 1.533294
-0.430672 -0.071372 1.477376
-0.411052 -0.093272 1.458056
-0.363111 -0.070271 1.545988
-0.371246 -0.070914 1.548437
-0.366778 -0.074322 1.548212
-0.366652 -0.065840 1.545651
-0.363111 -0.070271 1.545988
-0.366778 -0.074322 1.548212
-0.356293 -0.086020 1.537874
-0.368647 -0.064344 1.544289
-0.373509 -0.069710 1.547233
-0.388475 -0.074729 1.526175
-0.379628 -0.059900 1.517456
-0.377213 -0.062462 1.519602
-0.374287 -0.059075 1.513435
-0.372392 -0.061717 1.515969
-0.381563 -0.062078 1.526144
-0.380565 -0.061358 1.528672
-0.386166 -0.067161 1.528936
-0.385422 -0.066727 1.531625
-0.377213 -0.062462 1.519602
-0.372392 -0.061717 1.515969
-0.381788 -0.065077 1.522703
-0.385669 -0.069303 1.524968
-0.374564 -0.077419 1.549940
-0.378835 -0.084297 1.548902
-0.376281 -0.084719 1.550021
-0.377020 -0.076585 1.548820
-0.388927 -0.073605 1.533220
-0.391208 -0.080991 1.530521
-0.390740 -0.081320 1.533305
-0.389488 -0.073678 1.530442
-0.350064 -0.063203 1.532801
-0.349867 -0.068165 1.535726
-0.346151 -0.071043 1.532230
-0.346151 -0.071043 1.532230
-0.349867 -0.068165 1.535726
-0.354220 -0.067034 1.539423
-0.343434 -0.075384 1.529276
-0.343434 -0.075384 1.529276
-0.340192 -0.078982 1.522061
-0.341985 -0.080764 1.527153
-0.341985 -0.080764 1.527153
-0.341943 -0.086658 1.526069
-0.343314 -0.092487 1.526132
-0.345963 -0.097680 1.527334
-0.370799 -0.085345 1.549477
-0.370757 -0.091238 1.548393
-0.369427 -0.079516 1.549414
-0.369427 -0.079516 1.549414
-0.356853 -0.060054 1.535590
-0.351082 -0.061554 1.530685
-0.355516 -0.061786 1.537430
-0.354220 -0.067034 1.539423
-0.362907 -0.061016 1.540278
-0.361232 -0.062695 1.541859
-0.358783 -0.067760 1.542959
-0.343314 -0.092487 1.526132
-0.340140 -0.086364 1.520705
-0.341943 -0.086658 1.526069
-0.341857 -0.093664 1.520783
-0.358783 -0.067760 1.542959
-0.342404 -0.093745 1.517967
-0.340591 -0.086033 1.517882
-0.356723 -0.089951 1.501233
-0.354304 -0.090769 1.502360
-0.352489 -0.083055 1.502278
-0.355004 -0.082638 1.501153
-0.355004 -0.082638 1.501153
-0.352545 -0.075256 1.503711
-0.352489 -0.083055 1.502278
-0.355055 -0.075244 1.502512
-0.340647 -0.078235 1.519316
-0.354468 -0.068133 1.506518
-0.356874 -0.068494 1.505177
-0.340591 -0.086033 1.517882
-0.340140 -0.086364 1.520705
-0.366591 -0.100959 1.543316
-0.362875 -0.103837 1.539819
-0.358521 -0.104968 1.536121
-0.353957 -0.104243 1.532585
-0.349630 -0.101731 1.529558
-0.341943 -0.086658 1.526069
-0.373256 -0.104967 1.540754
-0.374412 -0.098838 1.546005
-0.376857 -0.099216 1.544663
-0.371011 -0.104276 1.542304
-0.376228 -0.092099 1.548663
-0.378779 -0.092094 1.547469
-0.358521 -0.104968 1.536121
-0.362875 -0.103837 1.539819
-0.366591 -0.100959 1.543316
-0.369307 -0.096618 1.546270
-0.370757 -0.091238 1.548393
-0.369307 -0.096618 1.546270
-0.370799 -0.085345 1.549477
-0.345174 -0.100168 1.522289
-0.345963 -0.097680 1.527334
-0.349630 -0.101731 1.529558
-0.349767 -0.105242 1.525073
-0.345908 -0.100622 1.519562
-0.356499 -0.109319 1.526532
-0.350764 -0.105989 1.522512
-0.355187 -0.108387 1.528866
-0.370078 -0.104701 1.509328
-0.368420 -0.106341 1.510903
-0.353957 -0.104243 1.532585
-0.368983 -0.099293 1.501973
-0.405996 -0.090384 1.454632
-0.367602 -0.098030 1.505620
-0.408923 -0.087527 1.453453
-0.413313 -0.090033 1.456425
-0.415887 -0.071690 1.461412
-0.401138 -0.066514 1.451203
-0.401106 -0.072427 1.450100
-0.402506 -0.078270 1.450128
-0.405200 -0.083474 1.451284
-0.408923 -0.087527 1.453453
-0.402506 -0.078270 1.450128
-0.401106 -0.072427 1.450100
-0.401106 -0.072427 1.450100
-0.401138 -0.066514 1.451203
-0.405200 -0.083474 1.451284
-0.430345 -0.071024 1.473194
-0.428945 -0.065181 1.473167
-0.417939 -0.090748 1.459908
-0.422349 -0.089600 1.463560
-0.413313 -0.090033 1.456425
-0.430313 -0.076936 1.472091
-0.430313 -0.076936 1.472091
-0.430345 -0.071024 1.473194
-0.426110 -0.086703 1.467027
-0.428854 -0.082339 1.469965
-0.417939 -0.090748 1.459908
-0.428854 -0.082339 1.469965
-0.426110 -0.086703 1.467027
-0.422349 -0.089600 1.463560
-0.418137 -0.053417 1.466869
-0.413511 -0.052703 1.463387
-0.422527 -0.055923 1.469842
-0.426251 -0.059976 1.472010
-0.416609 -0.051086 1.470090
-0.421666 -0.053974 1.473513
-0.411280 -0.050264 1.466078
-0.418137 -0.053417 1.466869
-0.413511 -0.052703 1.463387
-0.406200 -0.051586 1.461868
-0.401868 -0.054924 1.457876
-0.369195 -0.060401 1.509217
-0.367796 -0.062913 1.512157
-0.428945 -0.065181 1.473167
-0.426251 -0.059976 1.472010
-0.422527 -0.055923 1.469842
-0.405341 -0.056748 1.456268
-0.402596 -0.061111 1.453329
-0.409102 -0.053850 1.459734
-0.402596 -0.061111 1.453329
-0.405341 -0.056748 1.456268
-0.409102 -0.053850 1.459734
-0.372178 -0.100644 1.508721
-0.360915 -0.088377 1.502148
-0.359457 -0.082283 1.502117
-0.359492 -0.076118 1.503265
-0.359457 -0.082283 1.502117
-0.361014 -0.070484 1.505478
-0.363876 -0.065935 1.508542
-0.367796 -0.062913 1.512157
-0.388475 -0.074729 1.526175
-0.389932 -0.080824 1.526207
-0.417819 -0.048477 1.460315
-0.378784 -0.046027 1.506775
-0.383894 -0.044830 1.511006
-0.422917 -0.047281 1.464538
-0.360653 -0.037946 1.498497
-0.362291 -0.044169 1.503542
-0.364471 -0.043173 1.502094
-0.358256 -0.038648 1.499747
-0.384240 -0.043679 1.522463
-0.389235 -0.037307 1.523131
-0.385236 -0.042709 1.519994
-0.388459 -0.037975 1.525782
-0.389041 -0.005664 1.513326
-0.389042 -0.011642 1.518225
-0.385812 -0.007281 1.515285
-0.392620 -0.010494 1.516579
-0.395585 -0.023472 1.519736
-0.394681 -0.030347 1.519329
-0.391716 -0.023359 1.521077
-0.390900 -0.029568 1.520710
-0.433675 -0.032834 1.472845
-0.392252 -0.036586 1.517607
-0.431254 -0.039057 1.471125
-0.433865 -0.019149 1.472310
-0.394874 -0.016631 1.518790
-0.431615 -0.013027 1.470106
-0.388707 -0.035200 1.519155
-0.381029 -0.000542 1.513917
-0.374046 0.001937 1.511007
-0.375591 0.000512 1.509161
-0.379796 0.000823 1.516037
-0.368253 0.000564 1.506089
-0.370112 -0.000786 1.504508
-0.365130 -0.004308 1.500411
-0.362986 -0.003156 1.501764
-0.346174 -0.008131 1.513787
-0.350391 -0.002429 1.517103
-0.345408 -0.008820 1.516473
-0.349398 -0.003428 1.519603
-0.364628 -0.035728 1.498931
-0.367858 -0.040090 1.501872
-0.364963 -0.012170 1.498001
-0.369659 -0.006089 1.497062
-0.368318 -0.007665 1.500591
-0.365941 -0.011079 1.494194
-0.365574 -0.037170 1.495220
-0.404639 -0.039640 1.448791
-0.363319 -0.031035 1.493011
-0.402389 -0.033519 1.446588
-0.362770 -0.017803 1.496447
-0.363512 -0.017318 1.492473
-0.381163 -0.042644 1.513192
-0.376551 -0.043726 1.509369
-0.385352 -0.039706 1.516565
-0.388534 -0.041576 1.514740
-0.427546 -0.044036 1.468262
-0.373704 -0.045052 1.502456
-0.371966 -0.042846 1.505469
-0.362593 -0.030188 1.496936
-0.364628 -0.035728 1.498931
-0.362608 -0.024194 1.492066
-0.401679 -0.026695 1.445645
-0.362608 -0.024194 1.492066
-0.402579 -0.019835 1.446053
-0.401679 -0.026695 1.445645
-0.405001 -0.013610 1.447773
-0.361953 -0.024011 1.496080
-0.361953 -0.024011 1.496080
-0.385352 -0.039706 1.516565
-0.388707 -0.035200 1.519155
-0.381163 -0.042644 1.513192
-0.380254 -0.046230 1.515897
-0.376551 -0.043726 1.509369
-0.374775 -0.047528 1.511242
-0.391857 -0.030555 1.525004
-0.390900 -0.029568 1.520710
-0.373188 -0.048771 1.513208
-0.378979 -0.047400 1.518131
-0.391225 -0.030851 1.527760
-0.360583 -0.048034 1.528558
-0.364495 -0.045276 1.535063
-0.366375 -0.046663 1.533474
-0.359026 -0.046571 1.530418
-0.434575 -0.025974 1.473253
-0.412751 -0.047504 1.456008
-0.366027 -0.006809 1.538207
-0.373938 -0.008182 1.541064
-0.369070 -0.010974 1.541075
-0.370127 -0.002964 1.537470
-0.366027 -0.006809 1.538207
-0.369070 -0.010974 1.541075
-0.357407 -0.022477 1.531845
-0.372336 -0.001939 1.536020
-0.376370 -0.007458 1.539817
-0.391076 -0.017182 1.520220
-0.384489 -0.002613 1.509344
-0.381704 -0.004525 1.511688
-0.379410 -0.001638 1.505027
-0.377119 -0.003645 1.507787
-0.385896 -0.003843 1.518309
-0.384937 -0.002665 1.520682
-0.389714 -0.009071 1.521909
-0.388966 -0.008186 1.524488
-0.381704 -0.004525 1.511688
-0.377119 -0.003645 1.507787
-0.385812 -0.007281 1.515285
-0.389042 -0.011642 1.518225
-0.378902 -0.014465 1.542401
-0.377067 -0.022201 1.544577
-0.376330 -0.014810 1.543510
-0.379682 -0.022272 1.543525
-0.391491 -0.015193 1.527080
-0.392847 -0.023113 1.525427
-0.392269 -0.023002 1.528208
-0.392109 -0.015710 1.524360
-0.354372 0.000088 1.523695
-0.349477 -0.007179 1.523942
-0.353448 -0.004371 1.527206
-0.349477 -0.007179 1.523942
-0.353448 -0.004371 1.527206
-0.357814 -0.003337 1.530915
-0.346290 -0.011484 1.521442
-0.346290 -0.011484 1.521442
-0.342790 -0.015560 1.514603
-0.344200 -0.016865 1.519949
-0.344200 -0.016865 1.519949
-0.343410 -0.022797 1.519611
-0.343999 -0.028697 1.520462
-0.345908 -0.033989 1.522417
-0.371568 -0.022167 1.543881
-0.370778 -0.028098 1.543543
-0.370979 -0.016266 1.543030
-0.370979 -0.016266 1.543030
-0.361440 0.002663 1.526356
-0.355651 0.001291 1.521436
-0.359840 0.001384 1.528339
-0.357814 -0.003337 1.530915
-0.367190 0.001549 1.531382
-0.365270 0.000332 1.533087
-0.362148 -0.004177 1.534706
-0.343999 -0.028697 1.520462
-0.341801 -0.022989 1.514182
-0.343410 -0.022797 1.519611
-0.342538 -0.030379 1.515246
-0.362148 -0.004177 1.534706
-0.343142 -0.030909 1.512489
-0.342364 -0.023102 1.511362
-0.358257 -0.031306 1.496046
-0.355724 -0.031641 1.497162
-0.357519 -0.023903 1.494978
-0.354944 -0.023831 1.496037
-0.357519 -0.023903 1.494978
-0.355990 -0.015982 1.496484
-0.354944 -0.023831 1.496037
-0.358509 -0.016461 1.495402
-0.343409 -0.015253 1.511809
-0.358761 -0.008858 1.498457
-0.361132 -0.009709 1.497275
-0.342364 -0.023102 1.511362
-0.341801 -0.022989 1.514182
-0.365501 -0.037785 1.539549
-0.361530 -0.040592 1.536284
-0.357164 -0.041626 1.532575
-0.352829 -0.040787 1.528784
-0.348951 -0.038155 1.525285
-0.343410 -0.022797 1.519611
-0.371642 -0.042943 1.537798
-0.373459 -0.036369 1.542284
-0.375866 -0.037242 1.541106
-0.369469 -0.041761 1.539151
-0.376078 -0.029629 1.544153
-0.378636 -0.030119 1.543078
-0.357164 -0.041626 1.532575
-0.361530 -0.040592 1.536284
-0.365501 -0.037785 1.539549
-0.368688 -0.033480 1.542050
-0.370778 -0.028098 1.543543
-0.368688 -0.033480 1.542050
-0.371568 -0.022167 1.543881
-0.344928 -0.037007 1.517695
-0.345908 -0.033989 1.522417
-0.348951 -0.038155 1.525285
-0.348740 -0.042224 1.521286
-0.345667 -0.037914 1.515081
-0.354834 -0.046921 1.523530
-0.349695 -0.043433 1.518884
-0.353597 -0.045520 1.525671
-0.369336 -0.046475 1.506487
-0.367437 -0.047658 1.508182
-0.352829 -0.040787 1.528784
-0.408210 -0.044460 1.452036
-0.369153 -0.042001 1.498475
-0.367858 -0.040090 1.501872
-0.411517 -0.042195 1.450636
-0.415460 -0.044838 1.454082
-0.420297 -0.026480 1.456839
-0.406629 -0.020821 1.445443
-0.405848 -0.026775 1.445087
-0.406465 -0.032698 1.445907
-0.408418 -0.038012 1.447820
-0.411517 -0.042195 1.450636
-0.405848 -0.026775 1.445087
-0.406465 -0.032698 1.445907
-0.405848 -0.026775 1.445087
-0.406629 -0.020821 1.445443
-0.408418 -0.038012 1.447820
-0.434405 -0.026150 1.469052
-0.433788 -0.020226 1.468233
-0.419859 -0.045682 1.457822
-0.424284 -0.044645 1.461487
-0.415460 -0.044838 1.454082
-0.433623 -0.032104 1.468698
-0.433623 -0.032104 1.468698
-0.434405 -0.026150 1.469052
-0.428303 -0.041828 1.464721
-0.431521 -0.037506 1.467204
-0.419859 -0.045682 1.457822
-0.431521 -0.037506 1.467204
-0.428303 -0.041828 1.464721
-0.424284 -0.044645 1.461487
-0.424793 -0.008086 1.460057
-0.420393 -0.007243 1.456318
-0.428735 -0.010729 1.463504
-0.431835 -0.014912 1.466320
-0.428045 -0.008208 1.466861
-0.423503 -0.005163 1.462891
-0.418435 -0.004191 1.458583
-0.424793 -0.008086 1.460057
-0.420393 -0.007243 1.456318
-0.408708 -0.008632 1.450635
-0.374299 -0.002836 1.500794
-0.413337 -0.005386 1.454360
-0.372507 -0.004727 1.503963
-0.433788 -0.020226 1.468233
-0.431835 -0.014912 1.466320
-0.428735 -0.010729 1.463504
-0.411950 -0.011097 1.449419
-0.408732 -0.015417 1.446935
-0.415968 -0.008280 1.452652
-0.408732 -0.015417 1.446935
-0.411950 -0.011097 1.449419
-0.415968 -0.008280 1.452652
-0.371966 -0.042846 1.505469
-0.362593 -0.030188 1.496936
-0.361953 -0.024011 1.496080
-0.362770 -0.017803 1.496447
-0.361953 -0.024011 1.496080
-0.364963 -0.012170 1.498001
-0.368318 -0.007665 1.500591
-0.372507 -0.004727 1.503963
-0.391076 -0.017182 1.520220
-0.391716 -0.023359 1.521077
-0.164801 -0.398527 -0.016457
-0.230468 -0.364545 -0.015689
-0.180018 -0.388500 -0.053993
-0.222765 -0.369621 0.003312
-0.242223 -0.355845 -0.030931
-0.203238 -0.371316 -0.084101
-0.256878 -0.344374 -0.040922
-0.232187 -0.348657 -0.103836
-0.264033 -0.322740 -0.111266
-0.272999 -0.331254 -0.044683
-0.289008 -0.317770 -0.041846
-0.295657 -0.296103 -0.105663
-0.303338 -0.305241 -0.032690
-0.323964 -0.271353 -0.087575
-0.346183 -0.250913 -0.058774
-0.314586 -0.294894 -0.018110
-0.360139 -0.236784 -0.022078
-0.321651 -0.287741 0.000467
-0.364467 -0.230349 0.018920
-0.323842 -0.284483 0.021222
-0.320943 -0.285439 0.042123
-0.358742 -0.232237 0.060207
-0.313240 -0.290515 0.061124
-0.343524 -0.242264 0.097743
-0.301485 -0.299214 0.076366
-0.320305 -0.259448 0.127851
-0.286830 -0.310685 0.086357
-0.291355 -0.282108 0.147586
-0.270709 -0.323805 0.090118
-0.259510 -0.308024 0.155016
-0.254700 -0.337289 0.087281
-0.227886 -0.334661 0.149412
-0.199579 -0.359411 0.131325
-0.240370 -0.349819 0.078125
-0.177360 -0.379851 0.102524
-0.229122 -0.360166 0.063545
-0.222057 -0.367319 0.044968
-0.163404 -0.393980 0.065828
-0.219866 -0.370576 0.024213
-0.159076 -0.400416 0.024830
-0.222765 -0.369621 0.003312
-0.164801 -0.398527 -0.016457
-0.102780 -0.417621 -0.035822
-0.125136 -0.402890 -0.090967
-0.159249 -0.377644 -0.135201
-0.201780 -0.344354 -0.164194
-0.248565 -0.306278 -0.175109
-0.295025 -0.267145 -0.166877
-0.336612 -0.230784 -0.140304
-0.369256 -0.200755 -0.097991
-0.389759 -0.179997 -0.044080
-0.396117 -0.170542 0.016153
-0.387706 -0.173316 0.076810
-0.365350 -0.188048 0.131954
-0.331237 -0.213294 0.176188
-0.288706 -0.246584 0.205182
-0.241921 -0.284659 0.216097
-0.195461 -0.323793 0.207865
-0.153874 -0.360154 0.181292
-0.121231 -0.390183 0.138978
-0.100727 -0.410940 0.085067
-0.094369 -0.420395 0.024835
-0.102780 -0.417621 -0.035822
-0.038228 -0.426432 -0.054305
-0.067173 -0.407359 -0.125701
-0.111339 -0.374673 -0.182971
-0.166404 -0.331572 -0.220509
-0.226977 -0.282275 -0.234641
-0.287130 -0.231609 -0.223983
-0.340973 -0.184532 -0.189578
-0.383236 -0.145653 -0.134795
-0.409783 -0.118778 -0.064996
-0.418014 -0.106537 0.012987
-0.407124 -0.110128 0.091521
-0.378179 -0.129201 0.162917
-0.334013 -0.161887 0.220187
-0.278948 -0.204988 0.257725
-0.218375 -0.254285 0.271857
-0.158223 -0.304951 0.261199
-0.104380 -0.352028 0.226794
-0.062116 -0.390907 0.172011
-0.035570 -0.417782 0.102212
-0.027338 -0.430023 0.024229
-0.038228 -0.426432 -0.054305
-0.007555 -0.401798 -0.157340
0.027266 -0.424742 -0.071450
-0.060688 -0.362476 -0.226236
-0.126931 -0.310625 -0.271394
-0.199801 -0.251322 -0.288395
-0.272164 -0.190370 -0.275573
-0.336937 -0.133736 -0.234185
-0.387780 -0.086965 -0.168280
-0.419716 -0.054634 -0.084311
-0.429618 -0.039908 0.009502
-0.416517 -0.044229 0.103978
-0.381697 -0.067173 0.189868
-0.328564 -0.106495 0.258764
-0.262321 -0.158345 0.303922
-0.189451 -0.217649 0.320923
-0.117088 -0.278601 0.308101
-0.052315 -0.335234 0.266712
-0.001472 -0.382006 0.200808
0.030463 -0.414337 0.116839
0.040366 -0.429063 0.023026
0.027266 -0.424742 -0.071450
0.052249 -0.386343 -0.185105
0.092088 -0.412594 -0.086836
-0.008542 -0.341354 -0.263930
-0.084332 -0.282030 -0.315597
-0.167704 -0.214180 -0.335048
-0.250496 -0.144443 -0.320378
-0.324605 -0.079648 -0.273024
-0.382775 -0.026136 -0.197622
-0.419314 0.010855 -0.101551
-0.430643 0.027704 0.005783
-0.415655 0.022760 0.113875
-0.375816 -0.003491 0.212143
-0.315026 -0.048480 0.290969
-0.239235 -0.107803 0.342636
-0.155863 -0.175654 0.362087
-0.073071 -0.245390 0.347417
0.001038 -0.310186 0.300063
0.059208 -0.363698 0.224661
0.095746 -0.400689 0.128590
0.107076 -0.417537 0.021256
0.092088 -0.412594 -0.086836
0.110766 -0.361375 -0.208311
0.154642 -0.390287 -0.100084
0.043815 -0.311826 -0.295126
-0.039657 -0.246491 -0.352029
-0.131478 -0.171764 -0.373450
-0.222661 -0.094960 -0.357294
-0.304280 -0.023598 -0.305142
-0.368346 0.035338 -0.222097
-0.408587 0.076077 -0.116290
-0.421065 0.094633 0.001922
-0.404557 0.089189 0.120968
-0.360681 0.060277 0.229196
-0.293730 0.010729 0.316010
-0.210259 -0.054607 0.372913
-0.118437 -0.129334 0.394335
-0.027254 -0.206138 0.378178
0.054365 -0.277500 0.326026
0.118430 -0.336435 0.242981
0.158672 -0.377175 0.137175
0.171149 -0.395731 0.018962
0.154642 -0.390287 -0.100084
0.166555 -0.327509 -0.226389
0.213389 -0.358369 -0.110868
0.095092 -0.274621 -0.319054
0.005995 -0.204882 -0.379792
-0.092014 -0.125119 -0.402658
-0.189343 -0.043139 -0.385413
-0.276463 0.033033 -0.329745
-0.344846 0.095941 -0.241104
-0.387799 0.139426 -0.128166
-0.401118 0.159232 -0.001987
-0.383498 0.153421 0.125083
-0.336664 0.122561 0.240604
-0.265201 0.069673 0.333269
-0.176105 -0.000066 0.394007
-0.078095 -0.079829 0.416873
0.019233 -0.161809 0.399628
0.106353 -0.237981 0.343960
0.174737 -0.300888 0.255319
0.217690 -0.344373 0.142381
0.231009 -0.364180 0.016202
0.213389 -0.358369 -0.110868
0.218244 -0.285578 -0.238892
0.266881 -0.317627 -0.118921
0.144028 -0.230653 -0.335126
0.051499 -0.158228 -0.398204
-0.050285 -0.075393 -0.421950
-0.151362 0.009745 -0.404041
-0.241838 0.088851 -0.346229
-0.312855 0.154181 -0.254174
-0.357463 0.199341 -0.136886
-0.371295 0.219911 -0.005847
-0.352996 0.213876 0.126117
-0.304358 0.181827 0.246088
-0.230143 0.126902 0.342322
-0.137614 0.054477 0.405400
-0.035830 -0.028359 0.429146
0.065247 -0.113496 0.411237
0.155723 -0.192602 0.353425
0.226740 -0.257932 0.261370
0.271348 -0.303092 0.144082
0.285180 -0.323662 0.013043
0.266881 -0.317627 -0.118921
0.264558 -0.236616 -0.245513
0.313802 -0.269064 -0.124046
0.189418 -0.181006 -0.342947
0.095735 -0.107678 -0.406810
-0.007318 -0.023810 -0.430853
-0.109655 0.062389 -0.412720
-0.201258 0.142480 -0.354188
-0.273161 0.208625 -0.260985
-0.318325 0.254348 -0.142235
-0.332329 0.275174 -0.009562
-0.313802 0.269064 0.124046
-0.264558 0.236616 0.245513
-0.189418 0.181006 0.342946
-0.095735 0.107678 0.406810
0.007318 0.023810 0.430853
0.109655 -0.062389 0.412720
0.201258 -0.142480 0.354188
0.273161 -0.208625 0.260985
0.318325 -0.254348 0.142235
0.332329 -0.275174 0.009562
0.313802 -0.269064 -0.124046
0.352996 -0.213876 -0.126117
0.304359 -0.181827 -0.246088
0.230143 -0.126902 -0.342322
0.137614 -0.054477 -0.405400
0.035830 0.028359 -0.429146
-0.065247 0.113496 -0.411237
-0.155723 0.192602 -0.353425
-0.226740 0.257932 -0.261370
-0.271348 0.303092 -0.144082
-0.285180 0.323662 -0.013043
-0.266881 0.317627 0.118921
-0.218244 0.285578 0.238892
-0.144028 0.230653 0.335126
-0.051499 0.158228 0.398204
0.050285 0.075393 0.421950
0.151362 -0.009745 0.404041
0.241838 -0.088851 0.346229
0.312855 -0.154181 0.254174
0.357463 -0.199341 0.136886
0.371294 -0.219910 0.005847
0.352996 -0.213876 -0.126117
0.383498 -0.153421 -0.125083
0.336665 -0.122561 -0.240604
0.265202 -0.069673 -0.333269
0.176105 0.000066 -0.394007
0.078095 0.079829 -0.416873
-0.019233 0.161809 -0.399628
-0.106353 0.237981 -0.343960
-0.174737 0.300888 -0.255319
-0.217690 0.344373 -0.142381
-0.231009 0.364180 -0.016202
-0.213389 0.358369 0.110868
-0.166555 0.327509 0.226389
-0.095092 0.274621 0.319054
-0.005995 0.204882 0.379792
0.092014 0.125119 0.402658
0.189343 0.043139 0.385413
0.276463 -0.033033 0.329745
0.344846 -0.095940 0.241104
0.387799 -0.139426 0.128166
0.401118 -0.159232 0.001987
0.383498 -0.153421 -0.125083
0.404557 -0.089189 -0.120968
0.360681 -0.060277 -0.229196
0.293730 -0.010729 -0.316010
0.210259 0.054607 -0.372913
0.118437 0.129334 -0.394335
0.027254 0.206138 -0.378179
-0.054365 0.277500 -0.326026
-0.118431 0.336435 -0.242981
-0.158672 0.377175 -0.137175
-0.171149 0.395731 -0.018962
-0.154642 0.390286 0.100084
-0.110765 0.361375 0.208311
-0.043815 0.311826 0.295125
0.039657 0.246491 0.352028
0.131478 0.171764 0.373450
0.222661 0.094960 0.357294
0.304280 0.023598 0.305141
0.368346 -0.035338 0.222097
0.408587 -0.076077 0.116290
0.421064 -0.094633 -0.001922
0.404557 -0.089189 -0.120968
0.415655 -0.022760 -0.113875
0.375816 0.003491 -0.212143
0.315026 0.048480 -0.290969
0.239235 0.107803 -0.342636
0.155863 0.175654 -0.362087
0.073071 0.245390 -0.347417
-0.001038 0.310186 -0.300063
-0.059208 0.363698 -0.224661
-0.095746 0.400689 -0.128590
-0.107076 0.417537 -0.021256
-0.092087 0.412594 0.086836
-0.052248 0.386343 0.185104
0.008542 0.341354 0.263930
0.084332 0.282030 0.315597
0.167704 0.214180 0.335048
0.250496 0.144443 0.320378
0.324605 0.079648 0.273024
0.382775 0.026136 0.197622
0.419314 -0.010855 0.101551
0.430643 -0.027704 -0.005783
0.415655 -0.022760 -0.113875
0.416518 0.044229 -0.103978
0.381697 0.067173 -0.189868
0.328564 0.106495 -0.258764
0.262321 0.158345 -0.303922
0.189451 0.217649 -0.320923
0.117088 0.278601 -0.308101
0.052315 0.335234 -0.266713
0.001472 0.382006 -0.200808
-0.030464 0.414337 -0.116839
-0.040366 0.429063 -0.023026
-0.027266 0.424742 0.071450
0.007555 0.401798 0.157340
0.060688 0.362476 0.226236
0.126931 0.310625 0.271394
0.199801 0.251322 0.288395
0.272164 0.190370 0.275573
0.336937 0.133737 0.234185
0.387780 0.086965 0.168280
0.419715 0.054634 0.084311
0.429618 0.039908 -0.009502
0.416518 0.044229 -0.103978
0.378180 0.129201 -0.162917
0.407124 0.110128 -0.091521
0.334013 0.161887 -0.220187
0.278948 0.204988 -0.257725
0.218375 0.254285 -0.271857
0.158223 0.304951 -0.261199
0.104379 0.352028 -0.226794
0.062116 0.390907 -0.172011
0.035570 0.417782 -0.102212
0.027338 0.430023 -0.024229
0.038228 0.426432 0.054305
0.067173 0.407359 0.125701
0.111339 0.374673 0.182971
0.166404 0.331572 0.220509
0.226977 0.282275 0.234641
0.287130 0.231609 0.223983
0.340973 0.184532 0.189578
0.383236 0.145653 0.134795
0.409783 0.118778 0.064996
0.418014 0.106537 -0.012987
0.407124 0.110128 -0.091521
0.365350 0.188047 -0.131954
0.387706 0.173316 -0.076810
0.331237 0.213294 -0.176188
0.288706 0.246584 -0.205182
0.241921 0.284659 -0.216097
0.195461 0.323793 -0.207865
0.153874 0.360154 -0.181292
0.121231 0.390183 -0.138978
0.100727 0.410940 -0.085067
0.094369 0.420395 -0.024835
0.102780 0.417621 0.035822
0.125136 0.402890 0.090967
0.159249 0.377644 0.135201
0.201780 0.344354 0.164194
0.248565 0.306278 0.175109
0.295025 0.267145 0.166877
0.336612 0.230784 0.140304
0.369255 0.200755 0.097991
0.389759 0.179997 0.044080
0.396117 0.170542 -0.016153
0.387706 0.173316 -0.076810
0.343524 0.242264 -0.097743
0.358742 0.232237 -0.060207
0.320305 0.259448 -0.127851
0.291355 0.282108 -0.147586
0.259510 0.308024 -0.155016
0.227886 0.334661 -0.149413
0.199579 0.359411 -0.131325
0.177360 0.379851 -0.102524
0.163404 0.393980 -0.065828
0.159076 0.400416 -0.024830
0.164801 0.398527 0.016457
0.180018 0.388500 0.053993
0.203238 0.371316 0.084101
0.232187 0.348657 0.103836
0.264033 0.322740 0.111266
0.295657 0.296103 0.105663
0.323964 0.271353 0.087575
0.346183 0.250913 0.058774
0.360139 0.236784 0.022078
0.364467 0.230349 -0.018920
0.358742 0.232237 -0.060207
0.313240 0.290515 -0.061124
0.320943 0.285439 -0.042123
0.301486 0.299214 -0.076366
0.286830 0.310685 -0.086357
0.270709 0.323805 -0.090118
0.254700 0.337289 -0.087281
0.240370 0.349819 -0.078125
0.229122 0.360166 -0.063545
0.222057 0.367319 -0.044968
0.219866 0.370576 -0.024213
0.222765 0.369621 -0.003312
0.230468 0.364545 0.015689
0.242223 0.355845 0.030931
0.256878 0.344374 0.040922
0.272999 0.331254 0.044683
0.289008 0.317770 0.041846
0.303338 0.305241 0.032690
0.314586 0.294894 0.018110
0.321651 0.287741 -0.000467
0.323842 0.284483 -0.021222
0.320943 0.285439 -0.042123
-0.275243 -0.331612 0.023001
-0.275243 -0.331612 0.023001
-0.275243 -0.331612 0.023001
-0.275243 -0.331612 0.023001
-0.275243 -0.331612 0.023001
-0.275243 -0.331612 0.023001
-0.275243 -0.331612 0.023001
-0.275243 -0.331612 0.023001
-0.275243 -0.331612 0.023001
-0.275243 -0.331612 0.023001
-0.275243 -0.331612 0.023001
-0.275243 -0.331612 0.023001
-0.275243 -0.331612 0.023001
-0.275243 -0.331612 0.023001
-0.275243 -0.331612 0.023001
-0.275243 -0.331612 0.023001
-0.275243 -0.331612 0.023001
-0.275243 -0.331612 0.023001
-0.275243 -0.331612 0.023001
-0.275243 -0.331612 0.023001
0.275243 0.331612 -0.023001
0.275243 0.331612 -0.023001
0.275243 0.331612 -0.023001
0.275243 0.331612 -0.023001
0.275243 0.331612 -0.023001
0.275243 0.331612 -0.023001
0.275243 0.331612 -0.023001
0.275243 0.331612 -0.023001
0.275243 0.331612 -0.023001
0.275243 0.331612 -0.023001
0.275243 0.331612 -0.023001
0.275243 0.331612 -0.023001
0.275243 0.331612 -0.023001
0.275243 0.331612 -0.023001
0.275243 0.331612 -0.023001
0.275243 0.331612 -0.023001
0.275243 0.331612 -0.023001
0.275243 0.331612 -0.023001
0.275243 0.331612 -0.023001
0.275243 0.331612 -0.023001
0 1
0 2
0 6
0 110
1 2
1 6
1 35
1 44
1 47
2 44
2 45
3 4
3 5
3 101
3 135
4 5
4 135
4 142
4 143
4 144
5 14
5 15
5 99
5 101
5 144
5 147
5 151
6 34
6 35
6 108
6 110
7 8
7 9
7 10
7 11
7 12
7 112
7 128
8 9
8 10
8 42
8 43
9 11
9 42
10 112
11 12
11 16
11 40
11 41
11 42
12 16
12 18
12 124
12 128
13 14
13 15
13 17
14 15
14 17
14 99
14 105
14 116
15 151
16 18
16 19
16 41
16 130
17 36
17 37
17 116
18 19
18 20
18 122
18 124
19 20
19 21
19 39
19 130
20 21
20 22
20 122
20 123
21 22
21 23
21 38
21 39
22 23
22 24
22 111
22 123
23 24
23 25
23 26
23 38
23 134
24 25
24 111
25 26
25 27
25 109
25 111
26 27
26 28
26 134
27 28
27 34
27 107
27 109
28 34
28 35
28 48
28 134
29 30
29 31
29 36
29 37
29 46
30 31
30 32
30 33
30 46
30 75
31 36
31 74
31 75
31 125
32 33
32 46
32 49
32 50
32 60
33 60
33 75
33 76
34 35
34 107
34 108
35 47
35 48
36 37
36 116
36 125
38 39
38 134
39 130
40 41
40 42
41 130
42 43
44 45
44 47
46 50
47 48
48 134
49 50
49 51
49 60
49 61
49 65
50 51
50 153
50 908
51 61
51 153
51 155
52 53
52 54
52 55
52 62
53 54
53 55
53 56
53 57
53 72
54 57
54 59
55 62
55 63
55 67
55 72
56 57
56 58
56 72
56 77
56 78
57 58
57 59
57 98
57 139
58 78
58 138
58 139
59 98
60 65
60 71
60 76
61 65
61 91
61 154
61 155
61 156
62 63
62 64
63 64
63 66
63 67
64 66
64 87
65 69
65 70
65 71
65 91
65 157
65 158
66 67
66 68
66 86
66 87
66 133
67 68
67 72
67 131
67 132
68 132
68 133
68 145
69 70
69 158
70 71
71 76
72 77
72 131
73 74
73 75
73 76
74 75
74 125
74 126
75 76
77 78
77 131
78 138
79 80
79 81
79 82
79 89
79 90
79 92
79 93
79 97
80 81
80 90
81 82
83 84
83 85
83 88
83 94
84 85
84 86
84 88
84 106
84 146
85 86
85 87
86 87
86 133
86 146
88 94
88 95
88 104
88 106
89 90
89 93
91 156
91 157
92 93
92 97
94 95
94 96
95 96
95 100
95 104
95 137
96 100
98 139
99 101
99 105
100 137
102 103
102 104
102 136
102 137
103 104
103 106
104 106
104 137
105 116
105 118
106 145
106 146
107 108
107 109
108 110
109 111
111 123
112 128
113 114
113 115
113 117
113 119
113 120
113 121
113 127
113 129
114 115
114 117
115 127
116 118
116 125
117 119
118 125
118 126
119 121
120 121
120 129
122 123
122 124
124 128
125 126
131 132
133 145
133 146
135 141
135 142
136 137
138 139
138 140
139 140
141 142
142 143
143 144
144 147
144 148
145 146
147 148
147 149
147 150
147 151
147 880
148 149
149 880
150 151
150 152
150 919
150 920
151 152
152 919
153 155
153 908
153 914
153 915
154 155
154 156
154 921
154 922
155 921
157 158
159 160
159 161
159 166
159 167
159 180
159 181
160 161
160 162
160 181
160 183
161 162
161 166
161 174
161 175
162 175
162 183
162 186
162 200
162 209
163 164
163 165
163 168
163 288
164 165
164 168
164 197
164 211
164 218
165 211
165 212
166 167
166 174
166 666
167 180
167 331
167 348
167 666
168 196
168 197
168 284
168 288
169 170
169 171
169 172
169 173
169 176
169 292
169 310
170 171
170 172
170 208
170 210
171 173
171 208
172 292
173 176
173 177
173 206
173 207
173 208
174 175
174 201
174 666
174 729
175 186
175 187
175 201
176 177
176 178
176 304
176 310
177 178
177 179
177 205
177 207
178 179
178 182
178 302
178 304
179 182
179 184
179 203
179 205
180 181
180 331
180 849
181 183
181 849
181 851
182 184
182 185
182 290
182 302
183 209
183 851
184 185
184 188
184 202
184 203
185 188
185 189
185 289
185 290
186 187
186 190
186 199
186 200
187 190
187 191
187 201
187 204
188 189
188 192
188 193
188 202
188 340
189 192
189 289
190 191
190 198
190 199
190 258
191 204
191 258
191 266
191 275
191 276
192 193
192 194
192 287
192 289
193 194
193 195
193 340
194 195
194 196
194 283
194 287
195 196
195 197
195 219
195 340
196 197
196 283
196 284
197 218
197 219
198 199
198 258
198 259
198 930
198 933
199 200
199 933
200 209
201 204
201 717
201 729
202 203
202 340
203 205
204 276
204 715
204 717
205 207
206 207
206 208
208 210
211 212
211 218
213 214
213 215
213 217
213 366
213 619
214 215
214 216
214 217
214 225
214 245
214 858
214 859
215 366
215 859
216 217
216 225
216 249
216 257
217 257
217 455
217 619
218 219
219 340
220 221
220 222
220 229
220 231
221 222
221 223
221 231
221 237
221 238
222 223
222 224
223 224
223 237
223 344
225 240
225 241
225 242
225 245
225 249
226 227
226 228
227 228
227 243
227 244
227 260
227 261
227 268
227 269
228 244
229 230
229 231
229 232
230 231
230 232
230 233
230 234
231 234
231 238
232 233
232 253
233 234
233 235
233 251
233 253
233 339
234 235
234 238
234 328
234 338
235 338
235 339
235 346
236 237
236 238
236 239
236 345
237 238
237 344
237 345
238 239
238 328
239 328
240 241
240 242
240 252
241 249
241 250
241 252
241 254
242 245
243 244
243 261
245 858
246 247
246 248
246 256
246 272
247 248
247 251
247 256
247 280
247 347
248 251
248 253
249 250
249 257
250 254
250 257
250 282
250 285
250 286
251 253
251 339
251 347
252 254
252 255
252 932
254 255
254 286
254 291
255 265
255 291
255 929
255 932
256 271
256 272
256 279
256 280
257 282
257 455
257 724
258 259
258 262
258 266
259 262
259 263
259 264
259 928
259 930
260 261
260 269
262 263
262 266
262 267
263 264
263 265
263 267
263 273
263 303
264 265
264 928
265 291
265 303
265 928
265 929
266 267
266 275
266 281
267 273
267 281
267 295
268 269
270 271
270 272
270 274
271 272
271 274
271 279
271 342
273 293
273 294
273 295
273 303
274 342
275 276
275 281
275 707
275 710
276 710
276 715
277 278
277 279
277 341
277 342
278 279
278 280
279 280
279 342
280 346
280 347
281 295
281 706
281 707
282 285
282 714
282 724
283 284
283 287
284 288
285 286
285 294
285 711
285 714
286 291
286 293
286 294
287 289
289 290
290 302
291 293
291 303
292 310
293 294
293 303
294 295
294 709
294 711
295 706
295 709
296 297
296 298
296 299
296 300
296 301
296 308
296 309
296 314
297 298
297 299
299 301
300 301
300 314
302 304
304 310
305 306
305 307
305 332
305 333
305 635
305 813
306 307
306 813
306 817
306 818
306 822
307 329
307 332
307 687
307 822
308 309
308 314
311 312
311 313
311 695
311 786
311 796
311 800
312 313
312 315
312 335
312 337
312 800
313 315
313 585
313 695
313 925
315 335
315 389
315 393
315 417
315 585
316 317
316 318
316 320
316 321
316 354
316 461
316 608
317 318
317 319
317 321
317 699
317 893
318 319
318 461
318 542
319 528
319 542
319 565
319 567
319 577
319 699
320 321
320 353
320 354
321 353
321 662
321 868
321 893
322 323
322 324
322 361
322 366
323 324
323 621
324 326
324 358
324 361
324 621
325 326
325 327
325 352
325 354
325 358
325 885
326 327
326 358
326 621
326 622
327 622
327 873
327 874
327 878
327 885
328 338
329 330
329 331
329 332
329 348
329 641
329 666
329 687
329 848
329 927
329 931
330 331
330 848
331 348
331 849
332 333
332 641
333 334
333 375
333 383
333 407
333 635
333 641
334 335
334 336
334 374
334 375
334 635
335 336
335 337
335 374
335 393
336 337
336 635
336 804
336 808
337 796
337 800
337 801
337 804
339 346
339 347
341 342
343 344
343 345
344 345
346 347
348 666
349 350
349 351
349 360
349 372
350 351
350 360
350 478
350 480
351 480
352 353
352 354
352 662
352 884
352 885
352 891
353 354
353 662
353 868
354 358
354 600
354 601
354 608
355 356
355 357
355 411
355 412
355 413
355 415
356 357
356 359
357 359
357 466
357 467
358 361
358 600
360 372
360 377
361 366
361 600
361 619
362 363
362 364
362 365
362 367
363 364
363 365
363 380
363 381
365 367
365 476
366 619
366 859
367 476
367 504
368 369
368 370
368 371
368 481
369 370
369 371
369 378
370 481
370 482
371 378
371 379
372 376
372 377
373 374
373 375
373 383
373 388
373 389
373 393
373 414
373 779
374 375
374 393
375 383
376 377
376 405
376 410
377 405
378 379
378 390
378 391
379 390
380 381
380 382
381 382
381 384
381 387
383 407
383 408
383 414
384 385
384 386
384 387
385 386
385 394
385 395
385 399
385 401
385 424
386 387
388 389
388 492
388 779
389 393
389 416
389 417
389 492
389 494
389 527
390 391
390 392
390 397
391 392
392 396
392 397
394 395
396 397
396 398
396 402
396 524
396 525
397 398
398 402
399 400
399 401
399 457
400 401
400 457
400 458
401 424
402 524
403 404
403 405
403 406
404 405
404 406
404 409
404 451
405 410
406 409
407 408
407 641
407 666
407 729
408 414
408 717
408 729
408 883
409 451
409 452
411 412
411 413
411 418
412 415
413 418
413 419
414 779
414 883
416 417
416 527
416 568
416 578
417 578
417 585
418 419
419 426
419 427
419 428
420 421
420 422
420 433
420 435
420 456
420 470
421 422
421 423
421 425
421 435
421 455
422 423
422 456
422 461
422 601
422 608
423 425
423 600
423 601
425 455
425 600
425 619
426 427
426 428
426 453
426 454
428 445
428 450
429 430
429 431
429 500
429 502
430 431
430 432
430 500
430 886
430 887
431 432
432 887
432 889
433 434
433 435
433 470
434 435
434 890
435 455
435 714
435 724
435 890
436 437
436 438
437 438
437 439
438 439
438 440
439 440
439 447
440 441
440 443
440 447
441 442
441 443
442 443
443 538
443 546
444 445
444 446
444 448
444 449
444 464
445 446
445 448
445 450
446 464
448 449
448 450
451 452
453 454
455 619
455 724
456 461
456 470
456 541
456 542
457 458
457 459
458 459
458 460
459 460
459 462
460 462
460 534
461 542
461 608
462 532
462 533
462 534
463 464
463 465
463 573
463 574
464 465
464 573
466 467
466 468
466 472
467 468
468 472
469 470
469 471
469 493
470 471
470 541
471 493
471 494
471 526
471 528
471 541
472 495
472 496
472 505
472 506
472 507
473 474
473 475
473 669
473 670
474 475
474 483
474 484
475 484
475 669
476 486
476 487
476 504
477 478
477 479
477 480
478 479
478 480
479 497
479 498
481 482
481 483
482 483
482 484
483 484
485 486
485 487
485 488
486 487
486 488
488 489
488 490
488 491
489 490
489 491
489 663
491 582
491 584
491 663
492 493
492 494
493 494
494 526
494 527
495 496
497 498
497 514
498 514
498 515
499 500
499 501
499 503
499 509
499 510
499 760
499 886
500 501
500 502
500 886
501 502
501 503
503 510
503 783
505 506
505 507
507 511
507 512
508 509
508 510
508 748
508 749
508 783
509 510
509 748
509 758
509 760
510 783
511 512
511 513
512 513
512 516
512 517
514 515
514 668
515 591
515 592
515 667
515 668
516 517
516 518
517 518
517 519
518 519
518 520
519 520
521 522
521 523
521 551
521 552
522 523
522 602
522 603
523 551
524 525
525 529
525 530
525 531
526 527
526 528
526 564
526 565
527 564
527 568
528 541
528 542
528 565
529 530
529 531
531 535
531 536
531 537
532 533
532 572
533 569
533 570
533 572
535 536
535 537
537 543
537 544
537 545
538 539
538 540
538 546
538 547
539 540
539 548
540 548
540 549
540 550
541 542
543 544
543 545
544 554
544 555
544 596
544 597
544 598
546 547
549 550
549 553
550 551
550 552
550 553
551 552
554 555
556 557
556 558
556 559
556 560
556 575
556 576
557 558
557 561
558 561
558 563
559 560
561 562
561 563
562 563
562 628
562 629
562 630
564 565
564 566
564 568
565 566
565 567
566 567
566 568
566 926
567 577
568 578
568 926
569 570
569 571
569 572
570 571
570 580
570 581
571 580
573 574
573 575
574 575
575 576
575 579
576 579
577 699
577 910
578 585
578 926
580 581
581 609
581 610
581 611
581 612
582 583
582 584
583 584
583 616
584 616
584 618
585 925
585 926
586 587
586 588
586 589
586 590
587 588
587 589
589 590
591 592
591 593
591 594
592 593
593 594
593 595
594 595
594 655
595 655
595 656
595 657
596 597
596 598
596 599
598 599
598 605
599 605
600 601
600 619
601 608
602 603
602 604
602 632
603 604
604 632
604 633
605 606
605 607
605 613
606 607
606 613
609 610
611 612
611 642
611 643
612 642
613 614
613 615
613 620
614 615
615 620
616 617
616 618
617 618
618 677
618 678
618 679
620 645
620 646
620 647
621 622
621 923
622 878
622 923
623 624
623 625
623 626
624 625
624 698
624 703
624 704
624 705
625 626
625 627
626 627
626 631
627 631
628 629
629 630
629 634
630 634
632 633
634 636
634 637
634 638
635 808
635 813
636 637
636 638
636 639
638 639
638 640
639 640
640 649
640 650
640 651
641 666
642 643
642 644
643 644
643 652
643 653
645 646
645 647
645 648
647 648
647 700
648 700
648 701
649 650
649 651
649 685
649 686
650 685
652 653
652 654
652 690
653 654
654 689
654 690
656 657
656 671
656 672
657 671
658 659
658 660
658 661
658 716
659 660
659 661
659 664
660 716
661 664
661 665
662 868
662 888
662 891
662 893
664 665
664 669
664 670
665 670
666 729
667 668
669 670
671 672
671 718
672 718
673 674
673 675
673 676
674 675
674 676
674 680
676 680
677 678
677 679
677 708
678 708
678 712
678 713
680 681
680 682
680 683
681 682
681 683
681 684
683 684
685 686
686 693
686 694
687 822
687 924
687 927
688 689
688 690
688 691
688 692
689 690
691 692
693 694
695 786
695 787
695 925
696 697
696 698
696 703
697 698
698 703
699 893
699 909
699 910
700 701
700 702
701 702
703 705
704 705
706 707
706 709
706 896
706 898
707 710
707 898
707 900
707 901
708 712
709 711
709 892
709 896
710 715
710 883
710 901
711 714
711 890
711 892
712 713
714 724
714 890
715 717
715 883
717 729
717 883
719 720
719 721
719 722
719 757
720 721
720 722
720 723
721 755
721 757
722 723
722 725
723 725
723 726
725 726
725 727
726 727
726 728
727 728
727 730
728 730
728 731
730 731
730 732
731 732
731 733
732 733
732 734
733 734
733 735
733 736
734 735
735 736
735 737
736 737
736 738
737 738
737 739
738 739
738 740
739 740
739 741
740 741
740 742
741 742
741 743
741 744
742 743
743 744
743 745
743 746
744 745
745 746
745 747
745 750
746 747
747 750
747 751
748 749
748 758
750 751
750 752
750 753
751 752
752 753
754 755
754 756
754 757
755 756
755 757
758 759
758 760
759 760
759 764
760 764
760 886
761 762
761 763
761 765
761 766
761 769
761 775
761 777
761 780
762 763
762 765
762 819
763 769
764 886
764 887
765 771
765 774
765 775
765 819
766 767
766 768
766 769
766 780
766 784
767 768
767 769
767 797
767 798
768 784
768 791
768 797
770 771
770 772
770 773
770 871
770 877
771 772
771 773
771 774
771 775
772 775
772 776
773 774
773 820
773 871
774 819
774 820
775 776
775 777
776 777
776 778
777 778
777 780
777 782
778 782
779 883
780 781
780 782
780 784
781 782
781 784
781 788
784 788
784 791
785 786
785 787
785 792
785 793
786 787
786 792
786 796
788 789
788 790
788 791
789 790
789 791
789 797
789 799
789 806
789 807
790 807
790 810
791 797
792 793
792 794
792 796
793 794
793 795
794 795
794 796
794 802
794 830
795 830
795 837
795 842
795 918
796 800
796 801
796 802
797 798
797 799
798 799
798 803
799 803
799 806
801 802
801 804
801 805
801 826
802 826
802 830
802 835
803 806
803 809
804 805
804 808
805 808
805 817
805 826
806 807
806 809
806 811
806 812
806 838
807 810
807 811
808 813
808 817
809 838
810 811
810 814
811 812
811 814
811 815
812 815
812 827
812 838
812 840
813 817
814 815
814 816
815 816
815 824
815 825
815 827
816 825
816 850
817 818
817 823
817 826
818 822
818 823
818 836
818 839
819 820
819 821
820 821
820 853
820 871
821 853
821 854
822 839
822 924
823 826
823 835
823 836
823 837
824 825
824 827
824 828
824 841
825 828
825 829
825 850
826 835
827 840
827 841
828 829
828 841
828 843
829 850
830 835
830 842
831 832
831 833
831 834
831 846
832 833
832 834
832 844
832 845
832 866
833 846
833 847
833 864
833 866
834 844
835 837
835 842
836 837
836 839
837 842
837 917
837 918
838 840
839 924
840 841
841 843
844 845
845 863
845 866
846 847
847 864
847 865
849 851
849 852
851 852
853 854
853 871
855 856
855 857
855 860
856 857
856 860
856 862
856 867
856 870
857 862
857 863
858 859
858 861
859 861
860 870
860 872
862 863
862 864
862 866
862 867
863 866
864 865
864 866
864 867
865 867
865 869
867 869
867 870
869 870
869 875
870 872
870 875
871 877
872 875
873 874
873 876
873 878
873 879
873 881
874 876
874 884
874 885
876 881
876 884
876 888
876 897
876 899
878 879
878 923
879 881
879 882
879 916
881 882
881 899
881 902
882 902
882 904
882 916
883 901
884 885
884 888
884 891
886 887
887 889
888 891
888 893
888 894
888 895
888 897
888 909
890 892
892 896
893 909
894 895
894 897
894 899
894 905
894 906
895 906
895 907
895 909
896 898
897 899
898 900
899 902
899 903
899 905
900 901
902 903
902 904
903 904
903 905
903 911
903 912
904 912
904 916
905 906
905 911
906 907
907 909
907 910
908 914
909 910
911 912
911 913
912 913
912 916
913 916
914 915
917 918
919 920
921 922
924 927
925 926
927 931
928 929
928 930
929 932
930 933
934 935
934 936
934 1004
934 1005
934 1104
934 1105
935 936
935 1005
935 1262
936 1104
937 938
937 939
937 1072
937 1141
937 1142
938 939
938 940
938 986
938 1142
939 940
939 941
939 952
939 953
939 1072
940 941
940 986
940 987
940 1065
941 953
941 1065
941 1076
942 943
942 944
942 963
942 983
942 1403
943 944
943 945
943 947
943 982
943 983
944 947
944 1137
944 1227
944 1228
944 1305
944 1403
945 946
945 947
945 948
945 982
946 947
946 948
946 949
946 1293
946 1321
947 1305
947 1321
948 949
948 950
949 950
949 954
949 1206
949 1288
949 1293
950 954
951 952
951 953
951 958
951 968
952 953
952 958
952 1072
952 1085
952 1086
954 979
954 980
954 1199
954 1206
955 956
955 957
955 973
955 974
955 1342
955 1343
956 957
956 1343
957 973
958 968
958 970
958 971
958 1085
958 1100
958 1117
959 960
959 961
959 1044
960 961
960 995
960 1044
960 1081
961 991
961 995
962 963
962 964
962 976
962 1036
962 1046
962 1049
962 1077
963 964
963 983
963 985
963 1033
963 1036
963 1403
964 976
964 1125
964 1127
964 1403
965 966
965 967
965 969
965 972
965 1016
965 1017
966 967
966 969
966 1182
967 1016
968 970
968 991
969 972
969 975
969 1151
969 1182
970 971
970 991
970 995
970 1012
971 1012
971 1117
972 975
972 977
972 1011
972 1017
973 974
973 1362
974 1342
974 1362
974 1363
974 1448
974 1449
975 977
975 978
975 1151
976 1077
976 1078
976 1127
977 978
977 984
977 1007
977 1011
978 984
978 1114
978 1151
979 980
979 1165
979 1199
979 1266
979 1410
980 1356
980 1357
980 1410
981 982
981 983
981 1180
981 1181
981 1187
982 983
983 985
983 1187
984 1004
984 1007
984 1114
984 1212
985 1033
985 1187
985 1194
985 1354
986 987
988 989
988 990
988 1022
988 1161
988 1276
989 990
989 1171
989 1276
989 1302
989 1341
990 1008
990 1161
990 1162
990 1164
990 1171
991 995
992 993
992 994
992 1006
992 1090
992 1098
992 1099
993 994
993 996
993 1090
994 996
994 1006
994 1029
995 1012
995 1055
995 1081
997 998
997 999
997 1013
998 999
998 1003
998 1013
998 1014
999 1003
999 1028
1000 1001
1000 1002
1000 1021
1001 1002
1001 1008
1001 1021
1001 1022
1001 1161
1002 1008
1002 1010
1003 1014
1003 1015
1003 1020
1003 1028
1004 1005
1004 1105
1004 1114
1004 1212
1004 1215
1005 1215
1005 1262
1006 1029
1006 1099
1007 1011
1007 1212
1008 1009
1008 1010
1008 1161
1008 1162
1008 1164
1009 1010
1009 1107
1009 1164
1009 1171
1009 1172
1010 1106
1010 1107
1011 1017
1012 1054
1012 1055
1013 1014
1013 1024
1014 1015
1014 1023
1014 1024
1015 1018
1015 1019
1015 1020
1015 1023
1016 1017
1018 1019
1018 1023
1018 1050
1019 1020
1019 1050
1020 1028
1021 1022
1021 1062
1022 1052
1022 1062
1022 1161
1022 1276
1023 1024
1023 1042
1024 1042
1025 1026
1025 1027
1025 1038
1025 1200
1025 1222
1025 1223
1026 1027
1026 1223
1027 1038
1030 1031
1030 1032
1030 1043
1030 1075
1031 1032
1031 1043
1031 1056
1031 1057
1033 1034
1033 1035
1033 1036
1033 1194
1034 1035
1034 1036
1034 1046
1035 1194
1035 1214
1036 1046
1037 1038
1037 1039
1037 1040
1037 1041
1038 1039
1038 1040
1038 1200
1040 1041
1040 1045
1040 1200
1041 1045
1041 1202
1041 1207
1043 1057
1043 1059
1043 1060
1043 1071
1043 1075
1045 1200
1045 1207
1046 1047
1046 1048
1046 1049
1047 1048
1047 1049
1049 1077
1051 1052
1051 1053
1052 1053
1052 1062
1052 1096
1052 1097
1052 1276
1053 1062
1054 1055
1054 1131
1054 1132
1055 1079
1055 1080
1055 1081
1055 1132
1056 1057
1056 1058
1057 1058
1057 1059
1059 1060
1059 1061
1060 1061
1060 1063
1060 1071
1061 1063
1061 1084
1063 1071
1063 1074
1063 1083
1063 1084
1064 1065
1064 1066
1064 1076
1065 1066
1065 1076
1067 1068
1067 1069
1067 1070
1068 1069
1068 1070
1068 1073
1068 1082
1069 1073
1071 1074
1071 1075
1072 1086
1073 1082
1074 1075
1074 1083
1074 1089
1077 1078
1079 1080
1079 1081
1083 1084
1083 1087
1083 1088
1083 1089
1084 1087
1085 1086
1085 1100
1087 1088
1087 1098
1087 1099
1088 1089
1088 1090
1088 1091
1088 1098
1089 1091
1090 1091
1090 1098
1092 1093
1092 1094
1092 1095
1092 1202
1093 1094
1093 1095
1093 1232
1093 1233
1094 1202
1094 1207
1095 1232
1096 1097
1096 1101
1096 1276
1096 1302
1097 1101
1097 1102
1098 1099
1100 1117
1101 1102
1101 1103
1102 1103
1102 1264
1102 1434
1103 1264
1103 1302
1103 1341
1104 1105
1105 1114
1106 1107
1106 1495
1106 1498
1106 1500
1107 1172
1107 1500
1108 1109
1108 1110
1108 1150
1109 1110
1109 1115
1109 1149
1109 1150
1110 1115
1110 1116
1111 1112
1111 1113
1111 1130
1111 1183
1112 1113
1112 1183
1113 1130
1115 1116
1115 1118
1116 1118
1119 1120
1119 1121
1120 1121
1120 1122
1121 1122
1121 1123
1121 1124
1122 1123
1123 1124
1123 1128
1124 1128
1124 1129
1125 1126
1125 1127
1125 1228
1125 1403
1126 1127
1128 1129
1128 1133
1129 1133
1129 1134
1131 1132
1133 1134
1133 1135
1134 1135
1134 1139
1135 1139
1135 1140
1135 1143
1136 1137
1136 1138
1136 1253
1136 1257
1137 1138
1137 1227
1137 1228
1137 1253
1138 1227
1138 1258
1139 1140
1140 1143
1140 1144
1140 1148
1141 1142
1143 1144
1144 1148
1144 1149
1145 1146
1145 1147
1145 1165
1145 1198
1146 1147
1146 1165
1146 1166
1146 1263
1146 1264
1147 1263
1148 1149
1148 1150
1149 1150
1151 1182
1152 1153
1152 1154
1153 1154
1155 1156
1155 1157
1155 1191
1155 1192
1156 1157
1157 1192
1158 1159
1158 1160
1158 1167
1159 1160
1159 1163
1159 1167
1159 1251
1159 1252
1160 1163
1161 1162
1164 1171
1165 1166
1165 1198
1165 1199
1165 1266
1166 1264
1166 1266
1168 1169
1168 1170
1168 1239
1169 1170
1170 1238
1170 1239
1171 1172
1171 1341
1171 1357
1171 1410
1172 1179
1172 1356
1172 1357
1172 1500
1173 1174
1173 1175
1173 1231
1174 1175
1174 1178
1174 1231
1174 1234
1175 1178
1176 1177
1176 1178
1177 1178
1179 1180
1179 1181
1179 1356
1179 1498
1179 1500
1180 1181
1180 1356
1181 1187
1181 1498
1184 1185
1184 1186
1185 1186
1187 1354
1187 1498
1188 1189
1188 1190
1188 1193
1189 1190
1190 1193
1191 1192
1192 1203
1192 1204
1193 1303
1193 1304
1193 1306
1194 1214
1194 1354
1195 1196
1195 1197
1196 1197
1197 1224
1197 1225
1197 1226
1198 1199
1198 1201
1198 1208
1199 1201
1199 1206
1201 1206
1201 1208
1201 1273
1201 1274
1202 1207
1203 1204
1203 1205
1204 1205
1204 1220
1204 1221
1206 1274
1206 1288
1209 1210
1209 1211
1209 1226
1209 1300
1209 1301
1210 1211
1210 1213
1211 1213
1211 1373
1211 1392
1212 1215
1213 1373
1214 1354
1214 1495
1216 1217
1216 1218
1217 1218
1219 1220
1219 1221
1219 1393
1220 1221
1221 1386
1221 1393
1221 1396
1222 1223
1224 1225
1225 1226
1226 1229
1226 1230
1226 1301
1227 1258
1227 1305
1228 1253
1228 1403
1229 1230
1231 1234
1232 1233
1234 1241
1234 1242
1234 1243
1234 1265
1235 1236
1235 1237
1236 1237
1238 1239
1238 1240
1238 1259
1238 1260
1238 1261
1239 1240
1241 1242
1242 1243
1243 1265
1243 1267
1244 1245
1244 1246
1245 1246
1245 1247
1246 1247
1246 1252
1247 1251
1247 1252
1248 1249
1248 1250
1249 1250
1249 1327
1249 1329
1251 1252
1253 1257
1254 1255
1254 1256
1255 1256
1255 1272
1256 1272
1256 1277
1258 1305
1258 1312
1259 1260
1259 1268
1259 1269
1259 1270
1259 1271
1260 1261
1263 1264
1264 1266
1264 1341
1264 1434
1265 1267
1265 1297
1265 1307
1266 1341
1266 1410
1268 1269
1270 1271
1270 1289
1271 1289
1271 1290
1272 1277
1273 1274
1273 1275
1274 1275
1274 1278
1274 1288
1275 1278
1275 1279
1276 1302
1277 1281
1277 1283
1278 1279
1278 1280
1278 1288
1278 1293
1278 1334
1279 1280
1280 1312
1280 1319
1280 1334
1281 1282
1281 1283
1282 1283
1282 1284
1282 1338
1283 1284
1284 1338
1285 1286
1285 1287
1285 1291
1285 1298
1285 1299
1285 1438
1285 1479
1286 1287
1286 1330
1286 1331
1286 1451
1286 1478
1286 1479
1287 1291
1287 1330
1288 1293
1289 1290
1289 1292
1290 1292
1290 1335
1290 1336
1290 1352
1290 1353
1290 1359
1291 1298
1293 1321
1293 1334
1294 1295
1294 1296
1294 1325
1295 1296
1295 1297
1295 1325
1295 1355
1295 1364
1296 1297
1296 1308
1297 1307
1297 1308
1298 1299
1298 1499
1299 1315
1299 1438
1299 1439
1299 1499
1300 1301
1302 1341
1303 1304
1304 1306
1305 1312
1305 1319
1305 1321
1307 1308
1309 1310
1309 1311
1309 1322
1310 1311
1310 1313
1310 1314
1310 1322
1312 1319
1313 1314
1313 1323
1314 1323
1314 1324
1315 1316
1315 1317
1315 1420
1315 1439
1315 1499
1316 1317
1316 1318
1316 1499
1317 1318
1317 1320
1317 1420
1317 1430
1318 1320
1318 1497
1319 1321
1319 1334
1320 1430
1320 1497
1321 1334
1322 1326
1322 1328
1322 1332
1322 1333
1323 1324
1324 1415
1324 1416
1324 1417
1325 1355
1326 1327
1326 1328
1327 1328
1327 1329
1328 1329
1330 1331
1331 1451
1332 1333
1335 1336
1337 1338
1337 1339
1338 1339
1338 1340
1339 1340
1340 1344
1340 1345
1340 1348
1341 1410
1342 1343
1342 1448
1344 1345
1345 1348
1346 1347
1346 1348
1347 1348
1348 1443
1348 1445
1349 1350
1349 1351
1349 1360
1349 1361
1349 1384
1350 1351
1350 1358
1350 1384
1350 1387
1351 1358
1351 1360
1352 1353
1352 1359
1354 1495
1354 1498
1355 1364
1355 1365
1356 1357
1357 1410
1358 1387
1358 1502
1360 1361
1360 1366
1361 1366
1361 1372
1361 1384
1361 1491
1362 1363
1363 1449
1364 1365
1364 1421
1365 1421
1365 1422
1366 1372
1366 1394
1366 1395
1366 1496
1367 1368
1367 1369
1367 1370
1368 1369
1369 1370
1369 1371
1370 1371
1371 1374
1371 1375
1371 1376
1372 1491
1372 1496
1373 1391
1373 1392
1374 1375
1375 1376
1375 1377
1376 1377
1376 1378
1376 1379
1378 1379
1378 1380
1378 1408
1378 1409
1379 1380
1381 1382
1381 1383
1381 1407
1381 1490
1382 1383
1383 1385
1383 1386
1383 1407
1384 1387
1384 1491
1385 1386
1385 1396
1386 1396
1387 1502
1388 1389
1388 1390
1388 1402
1388 1414
1389 1390
1389 1402
1391 1392
1391 1405
1391 1406
1392 1406
1394 1395
1394 1397
1394 1413
1395 1397
1395 1419
1395 1496
1397 1413
1397 1418
1397 1419
1397 1501
1398 1399
1398 1400
1398 1404
1399 1400
1399 1401
1400 1401
1400 1404
1402 1414
1405 1406
1405 1488
1406 1487
1406 1488
1407 1483
1407 1490
1408 1409
1408 1411
1408 1412
1409 1411
1411 1412
1412 1493
1412 1494
1413 1501
1415 1416
1415 1433
1416 1417
1416 1432
1416 1433
1418 1419
1418 1501
1419 1496
1420 1430
1420 1439
1421 1422
1421 1423
1422 1423
1422 1474
1423 1474
1423 1480
1424 1425
1424 1426
1425 1426
1427 1428
1427 1429
1427 1466
1428 1429
1428 1464
1428 1466
1429 1463
1429 1464
1431 1432
1431 1433
1432 1433
1432 1452
1432 1453
1435 1436
1435 1437
1435 1450
1435 1475
1435 1476
1436 1437
1437 1450
1438 1439
1438 1479
1440 1441
1440 1442
1440 1446
1440 1447
1441 1442
1441 1443
1442 1443
1442 1447
1443 1444
1443 1445
1444 1445
1446 1447
1448 1449
1450 1475
1451 1477
1451 1478
1452 1453
1452 1454
1452 1455
1454 1455
1454 1456
1455 1456
1455 1457
1456 1457
1456 1458
1457 1458
1459 1460
1459 1461
1459 1482
1460 1461
1460 1483
1461 1482
1461 1483
1462 1463
1462 1464
1462 1465
1462 1486
1462 1487
1463 1464
1463 1465
1467 1468
1467 1469
1467 1472
1468 1469
1468 1470
1468 1472
1469 1470
1469 1481
1470 1481
1470 1484
1470 1485
1471 1472
1471 1473
1472 1473
1474 1480
1475 1476
1477 1478
1478 1479
1481 1484
1483 1490
1483 1492
1484 1485
1484 1489
1485 1489
1486 1487
1486 1488
1487 1488
1490 1492
1493 1494
1495 1498
1498 1500
1503 1504
1503 1505
1503 1551
1503 1552
1503 1628
1503 1634
1504 1505
1504 1512
1504 1552
1504 1564
1505 1512
1505 1634
1505 1635
1506 1507
1506 1508
1506 1511
1506 1525
1506 1604
1506 1648
1507 1508
1507 1648
1507 1655
1507 1656
1507 1657
1508 1509
1508 1511
1508 1657
1508 1660
1509 1510
1509 1511
1509 1660
1509 1663
1510 1511
1510 1519
1510 1663
1510 1664
1511 1519
1511 1525
1512 1564
1512 1565
1513 1514
1513 1515
1513 1524
1513 1527
1513 1530
1513 1645
1513 1672
1513 1682
1514 1515
1514 1524
1514 1561
1514 1562
1515 1527
1515 1561
1516 1517
1516 1518
1516 1520
1516 1521
1517 1518
1517 1519
1517 1521
1517 1525
1517 1526
1518 1519
1519 1525
1520 1521
1520 1522
1520 1523
1521 1523
1521 1526
1521 1618
1522 1523
1522 1528
1523 1528
1523 1529
1523 1531
1523 1618
1523 1632
1524 1645
1525 1526
1525 1604
1526 1604
1526 1618
1526 1620
1526 1625
1527 1530
1527 1533
1527 1535
1527 1559
1527 1560
1527 1561
1528 1529
1529 1531
1529 1532
1529 1547
1530 1533
1530 1672
1531 1532
1531 1534
1531 1576
1531 1632
1532 1534
1532 1536
1532 1537
1532 1547
1532 1550
1533 1535
1533 1538
1533 1653
1533 1672
1534 1537
1534 1576
1534 1577
1534 1578
1535 1538
1535 1539
1535 1560
1535 1686
1536 1537
1536 1550
1536 1554
1536 1558
1536 1567
1537 1554
1537 1556
1537 1578
1538 1539
1538 1540
1538 1651
1538 1653
1539 1540
1539 1541
1539 1557
1539 1686
1540 1541
1540 1542
1540 1638
1540 1651
1541 1542
1541 1543
1541 1553
1541 1557
1542 1543
1542 1544
1542 1636
1542 1638
1543 1544
1543 1545
1543 1546
1543 1553
1543 1701
1544 1545
1544 1636
1544 1640
1545 1546
1545 1548
1545 1640
1545 1644
1546 1548
1546 1549
1546 1701
1546 1703
1547 1550
1548 1549
1548 1551
1548 1630
1548 1644
1549 1551
1549 1552
1549 1568
1549 1703
1550 1567
1551 1552
1551 1628
1551 1630
1552 1564
1552 1566
1552 1568
1553 1557
1553 1701
1554 1555
1554 1556
1554 1558
1555 1556
1555 1558
1555 1563
1555 1650
1555 1665
1555 1666
1555 1668
1556 1563
1556 1578
1556 1584
1556 1588
1556 1589
1556 1590
1557 1686
1558 1567
1558 1650
1559 1560
1559 1561
1560 1686
1561 1562
1563 1590
1563 1667
1563 1668
1563 1669
1564 1565
1564 1566
1566 1568
1567 1650
1568 1703
1569 1570
1569 1571
1569 1572
1569 1581
1570 1571
1570 1572
1570 1573
1570 1574
1570 1591
1571 1574
1571 1580
1572 1581
1572 1582
1572 1587
1572 1591
1573 1574
1573 1579
1573 1591
1573 1592
1573 1593
1574 1579
1574 1580
1574 1612
1574 1708
1575 1576
1575 1577
1575 1632
1575 1633
1576 1577
1576 1632
1577 1578
1578 1584
1579 1593
1579 1707
1579 1708
1580 1612
1580 1613
1581 1582
1581 1583
1582 1583
1582 1585
1582 1586
1582 1587
1583 1585
1583 1605
1584 1588
1585 1586
1585 1603
1585 1605
1585 1696
1586 1587
1586 1694
1586 1695
1586 1696
1587 1591
1587 1692
1587 1694
1588 1589
1589 1590
1589 1671
1589 2484
1590 1669
1590 1671
1591 1592
1591 1692
1592 1593
1592 1692
1593 1707
1594 1595
1594 1596
1594 1597
1595 1596
1595 1597
1595 1598
1595 1599
1595 1607
1595 1608
1595 1616
1595 1617
1595 1619
1596 1607
1597 1598
1598 1599
1600 1601
1600 1602
1600 1603
1600 1605
1601 1602
1601 1606
1601 1609
1602 1603
1602 1606
1602 1626
1602 1696
1603 1605
1603 1696
1604 1625
1606 1609
1606 1610
1606 1624
1606 1626
1607 1608
1608 1616
1609 1610
1609 1611
1610 1611
1610 1614
1610 1624
1610 1706
1611 1614
1611 1615
1612 1613
1612 1708
1614 1615
1614 1706
1616 1617
1617 1619
1618 1620
1618 1621
1618 1632
1620 1621
1620 1625
1621 1632
1621 1633
1622 1623
1622 1624
1622 1705
1622 1706
1623 1624
1623 1626
1623 1716
1624 1626
1624 1706
1626 1696
1626 1716
1626 1717
1627 1628
1627 1629
1627 1630
1627 1631
1628 1629
1628 1630
1628 1634
1629 1634
1629 1635
1630 1631
1630 1644
1631 1644
1632 1633
1634 1635
1636 1637
1636 1638
1636 1639
1636 1640
1637 1638
1637 1639
1637 1651
1638 1651
1639 1640
1639 1644
1640 1644
1641 1642
1641 1643
1641 1646
1641 1647
1641 1649
1641 1658
1641 1659
1641 1673
1641 1681
1641 1683
1642 1643
1642 1673
1643 1649
1645 1682
1646 1647
1646 1649
1647 1681
1648 1654
1648 1655
1650 1665
1651 1652
1651 1653
1652 1653
1652 1670
1653 1670
1653 1672
1654 1655
1655 1656
1656 1657
1657 1660
1657 1661
1658 1659
1658 1683
1659 1673
1660 1661
1660 1662
1660 1663
1660 2528
1661 1662
1662 2527
1662 2528
1663 1664
1663 2550
1663 2554
1663 2565
1664 2550
1665 1666
1665 2546
1666 1668
1666 2545
1666 2546
1666 2578
1667 1668
1667 1669
1667 2535
1668 2535
1668 2537
1670 1672
1670 1682
1671 2484
1672 1682
1674 1675
1674 1676
1674 1677
1674 1687
1674 1688
1674 2279
1675 1676
1675 1677
1675 1678
1675 1680
1676 1680
1676 2087
1676 2279
1677 1678
1677 1679
1677 1688
1677 1689
1678 1679
1678 1680
1678 1684
1678 1685
1679 1685
1679 1689
1679 1690
1679 1700
1679 1709
1680 1684
1680 2076
1680 2087
1684 1685
1684 1702
1684 2076
1684 2077
1684 2120
1685 1690
1685 1691
1685 1702
1687 1688
1687 1825
1687 2279
1687 2282
1687 2283
1688 1689
1688 2283
1688 2284
1689 1709
1689 2284
1690 1691
1690 1693
1690 1699
1690 1700
1691 1693
1691 1697
1691 1702
1691 1704
1691 1759
1692 1694
1693 1697
1693 1698
1693 1699
1693 1742
1694 1695
1695 1696
1695 1718
1696 1717
1696 1718
1697 1742
1697 1744
1697 1753
1697 1758
1697 1759
1698 1699
1698 1742
1698 1743
1698 2441
1698 2448
1699 1700
1699 2448
1700 1709
1701 1703
1702 1704
1702 2120
1704 1759
1704 2118
1704 2120
1705 1706
1707 1708
1707 1710
1708 1710
1711 1712
1711 1713
1711 1715
1711 1719
1711 1720
1711 1721
1712 1713
1712 1714
1712 1715
1712 2292
1712 2293
1712 2295
1713 1714
1713 1721
1713 1849
1713 2024
1714 1849
1714 2292
1715 1719
1715 1727
1715 2295
1716 1717
1717 1718
1719 1720
1719 1722
1719 1726
1719 1727
1720 1721
1720 1722
1720 1723
1721 1723
1721 1740
1721 1926
1721 2024
1722 1723
1722 1724
1722 1725
1722 1726
1723 1725
1723 1740
1723 1764
1723 1765
1724 1725
1724 1726
1724 1731
1725 1731
1725 1733
1725 1764
1726 1727
1727 2295
1728 1729
1728 1730
1728 1773
1728 1774
1728 1890
1728 1898
1729 1730
1729 1732
1729 1774
1729 1786
1730 1732
1730 1898
1730 1900
1731 1733
1731 1734
1731 2447
1732 1786
1732 1787
1733 1734
1733 1735
1733 1764
1734 1735
1734 1749
1734 1775
1734 2440
1734 2447
1735 1764
1735 1769
1735 1775
1736 1737
1736 1738
1736 1739
1736 1924
1736 1946
1737 1738
1737 1784
1737 1785
1738 1739
1738 1741
1738 1784
1739 1741
1739 1745
1739 1924
1739 1934
1740 1765
1740 1926
1741 1745
1741 1751
1741 1782
1741 1783
1741 1784
1742 1743
1742 1744
1743 1744
1743 1746
1743 1747
1743 2439
1743 2441
1744 1746
1744 1753
1745 1751
1745 1752
1745 1930
1745 1934
1746 1747
1746 1748
1746 1753
1746 1754
1747 1748
1747 1749
1747 1750
1747 2439
1748 1750
1748 1754
1748 1756
1749 1750
1749 1775
1749 1788
1749 2439
1749 2440
1750 1756
1750 1781
1750 1788
1751 1752
1751 1755
1751 1783
1751 1948
1752 1755
1752 1757
1752 1928
1752 1930
1753 1754
1753 1758
1753 1762
1754 1756
1754 1762
1754 1778
1755 1757
1755 1760
1755 1780
1755 1948
1756 1778
1756 1781
1757 1760
1757 1761
1757 1907
1757 1928
1758 1759
1758 1762
1758 2110
1758 2112
1759 2112
1759 2118
1760 1761
1760 1763
1760 1779
1760 1780
1761 1763
1761 1766
1761 1905
1761 1907
1762 1778
1762 2106
1762 2110
1763 1766
1763 1767
1763 1770
1763 1779
1763 1969
1764 1765
1764 1768
1764 1769
1765 1768
1765 1926
1765 2125
1766 1767
1766 1905
1766 1906
1767 1770
1767 1771
1767 1906
1767 1910
1768 1769
1768 1777
1768 2113
1768 2116
1768 2125
1769 1775
1769 1776
1769 1777
1770 1771
1770 1772
1770 1969
1770 1973
1771 1772
1771 1773
1771 1889
1771 1910
1772 1773
1772 1774
1772 1790
1772 1973
1773 1774
1773 1889
1773 1890
1774 1786
1774 1789
1774 1790
1775 1776
1775 1788
1776 1777
1776 1781
1776 1788
1777 1778
1777 1781
1777 2111
1777 2113
1778 1781
1778 2106
1778 2111
1779 1780
1779 1969
1780 1948
1781 1788
1782 1783
1782 1784
1783 1948
1784 1785
1786 1787
1786 1789
1789 1790
1790 1973
1791 1792
1791 1793
1791 1795
1791 1826
1791 1827
1791 1828
1791 2237
1792 1793
1792 1794
1792 2237
1792 2245
1792 2246
1792 2248
1793 1794
1793 1795
1794 1795
1794 1796
1794 2092
1794 2248
1794 2266
1795 1796
1795 1823
1795 1826
1795 1835
1796 1823
1796 2091
1796 2092
1796 2472
1796 2473
1797 1798
1797 1799
1797 2098
1797 2278
1797 2438
1798 1799
1798 1830
1798 1832
1798 2278
1799 1830
1799 1865
1799 2096
1799 2098
1800 1801
1800 1802
1800 1803
1800 1821
1800 1822
1800 1839
1800 1847
1801 1802
1801 1804
1801 1805
1801 1846
1801 1847
1802 1803
1802 1805
1803 1821
1804 1805
1804 1812
1804 1846
1804 1880
1804 1982
1805 1812
1806 1807
1806 1808
1806 1810
1806 1811
1806 1837
1806 1937
1806 2021
1807 1808
1807 1809
1807 1811
1807 2101
1807 2102
1808 1809
1808 1936
1808 1937
1808 1967
1808 1968
1809 1968
1809 1997
1809 2102
1810 1811
1810 1837
1810 1867
1811 1867
1811 2101
1811 2306
1811 2307
1812 1880
1813 1814
1813 1815
1813 1819
1813 1820
1813 1843
1813 1844
1813 2313
1813 2314
1813 2347
1814 1815
1814 1843
1814 1850
1814 1851
1814 2488
1815 2314
1815 2488
1816 1817
1816 1818
1816 1879
1817 1818
1817 1852
1817 1853
1817 1854
1817 1855
1817 1856
1817 1868
1817 1875
1817 1879
1819 1820
1819 1841
1819 1844
1819 2305
1819 2340
1820 2340
1820 2347
1821 1822
1821 1833
1822 1833
1822 1834
1822 1839
1823 1824
1823 1825
1823 1835
1823 2091
1824 1825
1824 2091
1825 1835
1825 1857
1825 2279
1825 2282
1826 1827
1826 1835
1826 1869
1826 2082
1827 1828
1827 1829
1827 1869
1827 1871
1827 1881
1827 1882
1827 2039
1828 2039
1828 2043
1828 2237
1829 1830
1829 1831
1829 1872
1829 1873
1829 1882
1829 2039
1830 1831
1830 1832
1830 1865
1830 1872
1830 1893
1830 2053
1831 1832
1831 2039
1831 2229
1831 2230
1832 2220
1832 2222
1832 2229
1832 2278
1833 1834
1833 1862
1834 1839
1834 1840
1834 1861
1834 1862
1835 1857
1835 2082
1835 2087
1836 1837
1836 1838
1836 1841
1836 1866
1836 1867
1837 1838
1837 1867
1837 2021
1838 1841
1838 1842
1838 1913
1838 1932
1838 1935
1838 2015
1838 2021
1839 1840
1839 1847
1839 1949
1839 1957
1840 1861
1840 1957
1840 1958
1840 1966
1841 1842
1841 1844
1841 1866
1841 2305
1842 1843
1842 1844
1842 2010
1842 2015
1843 1844
1843 1851
1843 2010
1845 1846
1845 1847
1845 1848
1845 1983
1846 1847
1846 1982
1846 1983
1847 1848
1847 1949
1848 1949
1849 1850
1849 1851
1849 1927
1849 2024
1849 2292
1850 1851
1850 2291
1850 2292
1851 1927
1851 2010
1852 1853
1852 1854
1853 1868
1854 1855
1855 1856
1857 2087
1857 2279
1858 1859
1858 1860
1858 1861
1858 1862
1859 1860
1859 1863
1859 1864
1860 1861
1860 1863
1860 1886
1860 1966
1861 1862
1861 1966
1863 1864
1863 1876
1863 1877
1863 1885
1863 1886
1863 1979
1864 1876
1865 1988
1865 2003
1865 2053
1865 2096
1866 1867
1866 2067
1866 2305
1866 2338
1866 2354
1866 2355
1867 2067
1867 2306
1868 1875
1869 1870
1869 1871
1869 2082
1870 1871
1870 1902
1870 2076
1870 2077
1870 2082
1871 1881
1871 1902
1872 1873
1872 1874
1872 1893
1873 1874
1873 1882
1874 1881
1874 1882
1874 1887
1874 1888
1874 1893
1874 1901
1874 2178
1875 1879
1876 1877
1876 1878
1877 1878
1877 1978
1877 1979
1880 1982
1881 1882
1881 1901
1881 1902
1883 1884
1883 1885
1883 1978
1883 1979
1883 1980
1884 1885
1884 1886
1884 1986
1885 1886
1885 1979
1886 1966
1886 1986
1886 1989
1887 1888
1887 1892
1887 1953
1887 2178
1888 1892
1888 1893
1888 1987
1889 1890
1889 1891
1889 1894
1889 1910
1890 1891
1890 1898
1890 1899
1891 1894
1891 1899
1892 1953
1892 1956
1892 1971
1892 1987
1893 1987
1893 2053
1894 1910
1895 1896
1895 1897
1895 1944
1896 1897
1896 1908
1896 1909
1896 1923
1896 1941
1896 1942
1896 1944
1896 1945
1896 1947
1897 1923
1898 1899
1898 1900
1899 1900
1901 1902
1901 1903
1901 2161
1901 2178
1902 1903
1902 2077
1902 2120
1903 2118
1903 2120
1903 2160
1903 2161
1904 1905
1904 1906
1904 1907
1904 1910
1905 1906
1905 1907
1906 1910
1907 1928
1908 1909
1908 1942
1909 1923
1911 1912
1911 1913
1911 1920
1911 1922
1911 1932
1911 1933
1911 1938
1911 1940
1912 1913
1912 1914
1912 1915
1912 1922
1912 1925
1913 1914
1913 1932
1913 2015
1914 1915
1914 2015
1914 2033
1915 1925
1915 1927
1915 2033
1916 1917
1916 1918
1916 1943
1916 1960
1916 1962
1917 1918
1917 1919
1917 1960
1917 2168
1917 2170
1918 1919
1918 1943
1919 2170
1919 2605
1920 1921
1920 1922
1920 1940
1921 1922
1921 2606
1922 1925
1922 2125
1922 2606
1924 1931
1924 1934
1924 1946
1925 1926
1925 1927
1925 2125
1926 1927
1926 2024
1926 2125
1927 2010
1927 2024
1927 2033
1928 1929
1928 1930
1929 1930
1929 1931
1930 1931
1930 1934
1931 1934
1932 1933
1932 1935
1933 1935
1933 1936
1933 1938
1935 1936
1935 1937
1935 2021
1936 1937
1936 1938
1936 1967
1936 1984
1937 2021
1938 1939
1938 1940
1938 1984
1939 1940
1939 1984
1939 1985
1939 2414
1941 1942
1944 1945
1945 1947
1949 1957
1950 1951
1950 1952
1950 1963
1950 1964
1950 1965
1950 2603
1951 1952
1951 1959
1951 2164
1951 2166
1951 2603
1952 1959
1952 1961
1952 1963
1953 1954
1953 1956
1954 1955
1954 1956
1955 1956
1955 1985
1955 2414
1956 1971
1956 1974
1956 1985
1957 1958
1958 1966
1958 1990
1959 1960
1959 1961
1959 2166
1959 2168
1960 1961
1960 1962
1960 2168
1961 1962
1963 1965
1964 1965
1964 2151
1964 2603
1966 1989
1966 1990
1967 1968
1967 1977
1967 1984
1968 1977
1968 1997
1968 2001
1969 1973
1970 1971
1970 1972
1970 1987
1970 1988
1970 1999
1970 2000
1971 1972
1971 1974
1971 1975
1971 1987
1972 1975
1972 1991
1972 2000
1974 1975
1974 1976
1974 1977
1974 1984
1974 1985
1975 1976
1975 1991
1976 1977
1976 1991
1976 1992
1977 1984
1977 1992
1977 2001
1978 1979
1978 1980
1981 1982
1981 1983
1982 1983
1984 1985
1985 2414
1986 1989
1987 1988
1987 2053
1988 1999
1988 2002
1988 2003
1988 2053
1989 1990
1991 1992
1991 1993
1991 1995
1991 2000
1992 1993
1992 1994
1992 1996
1992 2001
1993 1994
1993 1995
1993 2442
1994 1996
1994 2489
1995 1999
1995 2000
1995 2002
1995 2442
1996 1997
1996 1998
1996 2001
1996 2489
1997 1998
1997 2001
1997 2102
1998 2102
1998 2394
1998 2489
1999 2000
1999 2002
2002 2003
2002 2442
2002 2490
2003 2096
2003 2490
2003 2500
2004 2005
2004 2006
2004 2011
2004 2023
2005 2006
2005 2011
2005 2124
2006 2123
2006 2124
2007 2008
2007 2009
2008 2009
2009 2114
2009 2115
2010 2015
2010 2033
2011 2023
2011 2025
2012 2013
2012 2014
2012 2016
2012 2017
2013 2014
2013 2016
2013 2028
2013 2029
2015 2033
2016 2017
2016 2121
2017 2121
2017 2141
2018 2019
2018 2020
2018 2022
2018 2126
2019 2020
2019 2022
2019 2026
2020 2126
2020 2127
2022 2026
2022 2027
2023 2025
2025 2060
2025 2061
2025 2062
2026 2027
2026 2034
2027 2034
2027 2035
2028 2029
2028 2030
2028 2031
2029 2030
2030 2031
2030 2032
2031 2032
2034 2035
2034 2040
2035 2040
2035 2052
2036 2037
2036 2038
2036 2044
2036 2045
2036 2047
2037 2038
2037 2044
2039 2043
2039 2228
2039 2230
2040 2041
2040 2042
2040 2052
2041 2042
2041 2052
2042 2049
2042 2050
2042 2051
2043 2228
2043 2237
2044 2047
2045 2046
2045 2047
2045 2048
2046 2047
2046 2048
2046 2105
2048 2105
2048 2107
2049 2050
2049 2051
2049 2173
2051 2171
2051 2172
2051 2173
2054 2055
2054 2056
2055 2056
2055 2057
2055 2058
2055 2059
2056 2059
2057 2058
2057 2059
2057 2078
2058 2062
2058 2078
2060 2061
2060 2062
2060 2063
2062 2063
2062 2078
2064 2065
2064 2066
2064 2068
2064 2069
2065 2066
2065 2068
2065 2070
2066 2069
2067 2306
2067 2307
2067 2354
2068 2070
2070 2073
2070 2075
2071 2072
2071 2073
2071 2074
2071 2075
2072 2073
2072 2074
2072 2103
2072 2104
2073 2075
2074 2097
2074 2100
2076 2077
2076 2082
2076 2087
2077 2120
2079 2080
2079 2081
2079 2083
2080 2081
2080 2083
2080 2089
2081 2089
2081 2090
2082 2087
2084 2085
2084 2086
2084 2088
2085 2086
2085 2088
2086 2179
2086 2180
2086 2183
2086 2184
2087 2279
2089 2090
2092 2266
2092 2473
2092 2474
2093 2094
2093 2095
2093 2097
2093 2100
2094 2095
2094 2097
2094 2108
2094 2109
2095 2108
2096 2098
2096 2099
2096 2500
2096 2501
2097 2100
2098 2099
2098 2199
2098 2200
2098 2438
2099 2200
2099 2501
2101 2102
2101 2307
2101 2364
2101 2392
2102 2392
2102 2394
2103 2104
2105 2107
2105 2162
2106 2110
2106 2111
2106 2610
2106 2611
2107 2162
2107 2169
2108 2109
2108 2216
2108 2217
2110 2112
2110 2608
2110 2609
2110 2610
2111 2113
2111 2611
2111 2612
2112 2118
2112 2160
2112 2608
2113 2116
2113 2606
2113 2612
2114 2115
2114 2117
2114 2119
2115 2117
2116 2125
2116 2606
2117 2119
2118 2120
2118 2160
2119 2142
2119 2143
2119 2144
2121 2133
2121 2134
2121 2141
2122 2123
2122 2124
2122 2139
2122 2140
2123 2124
2123 2139
2125 2606
2126 2127
2126 2128
2127 2128
2127 2129
2128 2129
2128 2130
2129 2130
2129 2131
2130 2131
2130 2396
2130 2397
2131 2396
2132 2133
2132 2134
2132 2135
2133 2134
2133 2135
2135 2136
2135 2137
2135 2138
2136 2137
2136 2138
2136 2379
2138 2378
2138 2379
2139 2140
2139 2149
2140 2149
2140 2242
2140 2395
2142 2143
2142 2144
2144 2145
2144 2146
2144 2147
2145 2146
2145 2147
2145 2148
2147 2148
2147 2153
2147 2154
2149 2395
2150 2151
2150 2152
2150 2163
2150 2164
2150 2603
2151 2152
2151 2603
2153 2154
2153 2155
2154 2155
2154 2156
2155 2156
2155 2240
2156 2240
2157 2158
2157 2159
2157 2188
2157 2189
2158 2159
2158 2268
2158 2269
2159 2188
2160 2161
2160 2608
2161 2178
2162 2169
2162 2176
2163 2164
2163 2165
2164 2165
2164 2166
2164 2603
2165 2166
2165 2167
2165 2168
2166 2168
2167 2168
2167 2170
2168 2170
2169 2176
2169 2177
2170 2605
2171 2172
2171 2173
2171 2174
2172 2174
2172 2175
2174 2175
2174 2181
2175 2181
2175 2182
2176 2177
2176 2214
2177 2214
2177 2253
2179 2180
2179 2185
2180 2185
2180 2186
2180 2187
2181 2182
2182 2191
2182 2192
2182 2256
2183 2184
2186 2187
2186 2190
2187 2188
2187 2189
2187 2190
2188 2189
2191 2192
2192 2256
2193 2194
2193 2195
2193 2196
2193 2197
2193 2218
2193 2219
2194 2195
2194 2201
2195 2201
2195 2203
2196 2197
2198 2199
2198 2200
2198 2204
2198 2205
2198 2213
2198 2221
2198 2438
2199 2200
2199 2438
2200 2204
2201 2202
2201 2203
2202 2203
2202 2318
2202 2319
2202 2320
2204 2205
2204 2206
2205 2206
2205 2210
2205 2211
2205 2213
2206 2211
2207 2208
2207 2209
2207 2214
2207 2253
2208 2209
2208 2232
2208 2233
2208 2253
2209 2232
2210 2211
2210 2212
2210 2213
2210 2224
2210 2260
2211 2212
2212 2260
2212 2272
2212 2273
2212 2566
2212 2567
2213 2221
2213 2223
2213 2224
2214 2253
2215 2216
2215 2217
2215 2218
2216 2217
2216 2218
2218 2219
2218 2231
2219 2231
2220 2221
2220 2222
2220 2278
2220 2438
2221 2222
2221 2223
2221 2438
2222 2223
2222 2225
2222 2229
2223 2224
2223 2225
2223 2226
2223 2227
2223 2255
2224 2255
2224 2257
2224 2260
2225 2226
2225 2229
2226 2227
2226 2228
2226 2229
2226 2230
2227 2228
2227 2245
2227 2255
2228 2230
2228 2237
2228 2245
2229 2230
2232 2233
2233 2276
2233 2277
2233 2280
2233 2281
2234 2235
2234 2236
2234 2238
2234 2239
2235 2236
2235 2401
2235 2402
2235 2403
2236 2238
2237 2245
2238 2239
2241 2242
2241 2243
2241 2244
2241 2249
2242 2243
2242 2244
2242 2395
2243 2249
2243 2250
2245 2246
2245 2251
2245 2255
2246 2247
2246 2248
2246 2251
2246 2254
2247 2248
2247 2254
2247 2264
2247 2266
2247 2267
2248 2266
2249 2250
2249 2252
2250 2252
2250 2366
2250 2368
2250 2369
2251 2254
2251 2255
2251 2257
2251 2263
2252 2366
2254 2263
2254 2264
2255 2257
2256 2258
2256 2259
2256 2261
2257 2260
2257 2263
2257 2265
2257 2272
2257 2273
2258 2259
2258 2261
2258 2262
2260 2273
2261 2262
2261 2271
2262 2271
2263 2264
2263 2265
2264 2265
2264 2267
2265 2272
2265 2567
2266 2267
2266 2474
2267 2474
2268 2269
2268 2270
2269 2270
2270 2296
2270 2297
2270 2298
2271 2274
2271 2275
2271 2289
2271 2290
2272 2273
2272 2567
2274 2275
2276 2277
2278 2438
2280 2281
2280 2341
2280 2343
2281 2343
2282 2283
2282 2284
2282 2285
2283 2284
2284 2285
2286 2287
2286 2288
2286 2289
2286 2303
2286 2304
2287 2288
2287 2289
2287 2290
2288 2303
2289 2290
2291 2292
2291 2293
2291 2294
2292 2293
2293 2294
2293 2295
2294 2295
2296 2297
2296 2298
2296 2323
2298 2322
2298 2323
2299 2300
2299 2301
2299 2302
2299 2378
2300 2301
2300 2302
2301 2404
2301 2405
2301 2406
2302 2378
2302 2398
2303 2304
2304 2351
2304 2352
2305 2338
2305 2340
2306 2307
2307 2349
2307 2350
2307 2354
2307 2364
2308 2309
2308 2310
2308 2311
2309 2310
2309 2434
2309 2436
2309 2437
2310 2311
2310 2312
2311 2312
2311 2321
2312 2321
2312 2322
2313 2314
2313 2315
2313 2316
2313 2347
2313 2604
2314 2315
2315 2316
2315 2317
2315 2536
2316 2317
2316 2604
2317 2330
2317 2332
2317 2536
2317 2539
2317 2604
2318 2319
2319 2320
2319 2324
2320 2324
2320 2325
2320 2326
2321 2322
2321 2323
2322 2323
2324 2325
2325 2326
2325 2327
2326 2327
2326 2328
2327 2328
2327 2333
2328 2333
2328 2334
2329 2330
2329 2331
2329 2332
2329 2335
2329 2370
2329 2377
2330 2331
2330 2332
2330 2539
2331 2377
2331 2380
2331 2539
2331 2540
2332 2335
2332 2336
2332 2337
2332 2604
2332 2607
2333 2334
2333 2339
2334 2339
2335 2336
2335 2350
2335 2367
2335 2370
2336 2337
2336 2338
2336 2348
2336 2349
2336 2350
2337 2338
2337 2340
2337 2607
2338 2340
2338 2348
2338 2355
2339 2358
2339 2359
2339 2360
2340 2607
2341 2342
2341 2343
2341 2344
2342 2343
2342 2344
2342 2345
2344 2345
2344 2346
2345 2346
2346 2361
2346 2362
2347 2604
2347 2607
2348 2349
2348 2355
2349 2350
2349 2354
2349 2355
2350 2363
2350 2364
2350 2367
2350 2385
2351 2352
2351 2353
2352 2353
2352 2356
2353 2356
2353 2357
2354 2355
2356 2357
2356 2429
2356 2432
2356 2435
2358 2359
2358 2360
2358 2415
2358 2416
2359 2415
2361 2362
2361 2365
2361 2419
2362 2365
2363 2364
2363 2384
2363 2385
2363 2386
2364 2386
2364 2390
2364 2392
2365 2418
2365 2419
2367 2370
2367 2385
2368 2369
2368 2371
2368 2399
2368 2400
2369 2371
2370 2376
2370 2377
2370 2385
2372 2373
2372 2374
2372 2375
2372 2446
2373 2374
2373 2375
2373 2382
2374 2446
2374 2449
2374 2450
2375 2382
2375 2388
2375 2389
2376 2377
2376 2380
2376 2381
2376 2383
2376 2385
2377 2380
2378 2379
2378 2398
2380 2381
2380 2540
2380 2576
2381 2383
2381 2576
2381 2577
2382 2388
2383 2384
2383 2385
2383 2577
2383 2579
2384 2385
2384 2386
2384 2387
2386 2387
2386 2390
2387 2390
2387 2391
2388 2389
2388 2396
2388 2397
2389 2397
2390 2391
2390 2392
2391 2392
2391 2393
2392 2393
2392 2394
2393 2394
2396 2397
2399 2400
2399 2451
2399 2454
2400 2451
2401 2402
2401 2403
2401 2407
2403 2407
2403 2408
2404 2405
2404 2406
2404 2443
2405 2443
2405 2444
2405 2445
2407 2408
2407 2409
2408 2409
2408 2410
2409 2410
2411 2412
2411 2413
2412 2413
2415 2416
2416 2422
2416 2423
2416 2424
2417 2418
2417 2419
2417 2420
2417 2421
2418 2419
2420 2421
2422 2423
2422 2424
2425 2426
2425 2427
2425 2428
2425 2433
2426 2427
2426 2428
2427 2433
2427 2434
2429 2430
2429 2431
2429 2432
2430 2431
2430 2432
2432 2435
2433 2434
2433 2437
2434 2437
2436 2437
2439 2440
2439 2441
2440 2447
2441 2448
2442 2490
2443 2444
2444 2445
2444 2452
2445 2452
2445 2453
2446 2449
2449 2450
2451 2454
2452 2453
2455 2456
2455 2457
2455 2458
2455 2499
2456 2457
2456 2458
2456 2459
2457 2497
2457 2499
2458 2459
2458 2460
2459 2460
2459 2461
2460 2461
2460 2462
2461 2462
2461 2463
2462 2463
2462 2464
2463 2464
2463 2465
2464 2465
2464 2466
2465 2466
2465 2467
2466 2467
2466 2468
2467 2468
2467 2469
2468 2469
2468 2470
2469 2470
2469 2471
2469 2475
2470 2471
2471 2475
2471 2476
2472 2473
2473 2474
2475 2476
2475 2477
2476 2477
2476 2478
2477 2478
2477 2479
2478 2479
2478 2480
2479 2480
2479 2481
2480 2481
2480 2482
2480 2483
2481 2482
2482 2483
2482 2485
2482 2486
2483 2485
2485 2486
2485 2487
2485 2491
2486 2487
2487 2491
2487 2492
2490 2500
2491 2492
2491 2493
2492 2493
2492 2494
2493 2494
2493 2495
2494 2495
2496 2497
2496 2498
2496 2499
2497 2498
2497 2499
2500 2501
2502 2503
2502 2504
2502 2505
2502 2506
2502 2509
2502 2515
2502 2517
2502 2519
2503 2504
2503 2505
2503 2551
2504 2509
2505 2511
2505 2514
2505 2515
2505 2551
2506 2507
2506 2508
2506 2509
2506 2519
2506 2522
2507 2508
2507 2509
2507 2529
2507 2530
2508 2522
2508 2526
2508 2529
2510 2511
2510 2512
2510 2513
2510 2599
2510 2602
2511 2512
2511 2513
2511 2514
2511 2515
2512 2515
2512 2516
2513 2514
2513 2552
2513 2599
2514 2551
2514 2552
2515 2516
2515 2517
2516 2517
2516 2518
2517 2518
2517 2519
2517 2521
2518 2521
2519 2520
2519 2521
2519 2522
2520 2521
2520 2522
2520 2523
2522 2523
2522 2526
2523 2524
2523 2525
2523 2526
2524 2525
2524 2526
2524 2529
2524 2531
2524 2533
2524 2534
2525 2534
2525 2542
2526 2529
2527 2528
2529 2530
2529 2531
2530 2531
2530 2532
2531 2532
2531 2533
2532 2533
2532 2541
2533 2534
2533 2541
2533 2543
2533 2544
2533 2564
2534 2542
2534 2543
2535 2537
2535 2538
2536 2539
2537 2538
2539 2540
2540 2575
2540 2576
2541 2564
2542 2543
2542 2547
2543 2544
2543 2547
2543 2548
2544 2548
2544 2557
2544 2564
2544 2568
2545 2546
2545 2578
2547 2548
2547 2549
2548 2549
2548 2555
2548 2556
2548 2557
2548 2574
2549 2574
2550 2554
2551 2552
2551 2553
2552 2553
2552 2583
2552 2599
2553 2583
2553 2584
2554 2565
2555 2556
2555 2557
2555 2558
2555 2569
2556 2558
2556 2559
2556 2574
2556 2582
2557 2568
2557 2569
2558 2559
2558 2569
2558 2570
2559 2582
2560 2561
2560 2562
2560 2563
2560 2580
2561 2562
2561 2563
2561 2571
2561 2573
2561 2593
2562 2580
2562 2581
2562 2591
2562 2593
2563 2571
2564 2568
2566 2567
2566 2572
2567 2572
2568 2569
2569 2570
2571 2573
2573 2593
2573 2594
2574 2582
2575 2576
2575 2579
2576 2577
2576 2579
2577 2579
2580 2581
2581 2591
2581 2592
2583 2584
2583 2599
2585 2586
2585 2587
2585 2588
2586 2587
2586 2588
2586 2589
2586 2595
2586 2598
2587 2589
2587 2590
2588 2598
2588 2600
2589 2590
2589 2591
2589 2593
2589 2595
2590 2593
2590 2594
2591 2592
2591 2593
2591 2595
2592 2595
2592 2596
2593 2594
2595 2596
2595 2597
2595 2598
2596 2597
2597 2598
2597 2601
2598 2600
2598 2601
2599 2602
2600 2601
2604 2607
2606 2612
2608 2609
2609 2610
2610 2611
2611 2612
2613 2614
2613 2615
2613 2621
2613 2622
2613 2719
2613 2720
2614 2615
2614 2616
2614 2622
2614 2686
2614 2688
2615 2616
2615 2714
2615 2718
2615 2719
2616 2688
2616 2690
2616 2708
2616 2714
2617 2618
2617 2619
2617 2620
2617 2724
2617 2725
2617 2726
2617 3381
2618 2619
2618 2620
2618 2621
2618 2622
2618 2631
2619 2621
2619 2721
2619 2724
2620 2626
2620 2631
2620 3378
2620 3381
2621 2622
2621 2720
2621 2721
2622 2631
2622 2686
2623 2624
2623 2625
2623 2626
2623 2627
2623 2628
2623 2631
2623 2632
2624 2625
2624 2626
2624 2634
2625 2627
2626 2631
2626 2634
2626 3378
2627 2628
2627 2629
2628 2629
2628 2630
2628 2632
2628 2633
2628 2648
2629 2630
2629 2635
2629 2636
2630 2635
2630 2648
2631 2632
2631 2686
2632 2633
2632 2686
2632 2687
2633 2648
2633 2650
2633 2687
2633 2701
2634 3378
2635 2636
2635 2637
2635 2639
2635 2647
2635 2648
2636 2637
2636 2638
2637 2638
2637 2639
2637 2640
2637 2641
2638 2641
2638 2651
2639 2640
2639 2642
2639 2647
2640 2641
2640 2642
2640 2643
2640 2644
2640 2646
2641 2644
2641 2645
2641 2651
2641 2652
2642 2643
2642 2647
2642 2649
2642 2713
2643 2646
2643 2683
2643 2712
2643 2713
2644 2645
2644 2646
2644 2660
2644 2661
2645 2652
2645 2660
2645 2662
2645 2667
2646 2661
2646 2666
2646 2683
2647 2648
2647 2649
2648 2649
2648 2650
2649 2650
2649 2700
2649 2713
2650 2698
2650 2700
2650 2701
2651 2652
2652 2667
2653 2654
2653 2655
2653 2656
2653 2728
2654 2655
2654 2656
2654 2657
2654 2658
2654 2660
2654 2662
2655 2662
2655 2667
2656 2657
2656 2728
2656 2729
2656 2737
2657 2658
2657 2663
2657 2731
2657 2737
2658 2659
2658 2660
2658 2663
2659 2660
2659 2661
2659 2663
2659 2664
2659 2665
2660 2661
2660 2662
2661 2665
2661 2666
2662 2667
2663 2664
2663 2730
2663 2731
2664 2665
2664 2685
2664 2730
2664 2732
2664 2733
2665 2666
2665 2684
2665 2685
2666 2682
2666 2683
2666 2684
2668 2669
2668 2670
2668 2671
2668 2672
2668 2682
2668 2684
2669 2670
2669 2671
2669 2736
2670 2672
2670 2673
2671 2684
2671 2685
2671 2734
2671 2735
2671 2736
2671 3360
2671 3361
2672 2673
2672 2678
2672 2679
2672 2682
2673 2678
2673 2680
2674 2675
2674 2676
2674 2677
2674 2709
2674 2710
2674 2711
2675 2676
2675 2677
2675 2678
2675 2679
2675 2712
2676 2678
2676 2680
2676 2681
2676 2711
2677 2699
2677 2700
2677 2710
2677 2712
2677 2713
2678 2679
2678 2680
2679 2682
2679 2683
2679 2712
2680 2681
2681 2711
2682 2683
2682 2684
2683 2712
2684 2685
2685 2732
2685 2734
2686 2687
2686 2688
2687 2688
2687 2689
2687 2701
2688 2689
2688 2690
2689 2690
2689 2691
2689 2696
2689 2701
2690 2691
2690 2692
2690 2708
2691 2692
2691 2693
2691 2694
2691 2696
2692 2693
2692 2706
2692 2707
2692 2708
2693 2694
2693 2695
2693 2705
2693 2706
2694 2695
2694 2696
2694 2697
2694 2702
2695 2702
2695 2703
2695 2704
2695 2705
2696 2697
2696 2698
2696 2701
2697 2698
2697 2699
2697 2702
2697 2710
2698 2699
2698 2700
2698 2701
2699 2700
2699 2710
2700 2713
2702 2703
2702 2709
2702 2710
2703 2704
2703 2709
2704 2705
2705 2706
2706 2707
2707 2708
2707 2715
2708 2714
2708 2715
2709 2710
2709 2711
2712 2713
2714 2715
2714 2716
2714 2717
2714 2718
2715 2717
2716 2717
2716 2718
2718 2719
2719 2720
2720 2721
2720 2722
2720 2723
2721 2722
2721 2724
2721 3395
2722 2723
2722 3392
2722 3393
2722 3394
2722 3395
2722 3396
2723 3392
2724 2725
2724 3414
2724 3425
2725 2726
2725 2727
2725 3413
2725 3414
2726 2727
2726 3381
2727 3413
2728 2729
2728 3411
2729 2737
2729 3409
2729 3410
2729 3411
2729 3435
2730 2731
2730 2733
2730 3399
2731 2737
2731 3399
2731 3401
2732 2733
2732 2734
2734 2735
2735 3361
2736 3360
2737 3435
2738 2739
2738 2740
2738 2741
2738 2746
2738 2747
2738 3245
2739 2740
2739 2741
2739 2742
2739 2756
2740 2742
2740 2743
2740 2746
2740 2748
2741 2756
2741 2757
2741 3245
2742 2743
2742 2744
2742 2756
2742 2758
2743 2744
2743 2745
2743 2748
2743 2749
2744 2745
2744 2755
2744 2758
2744 2779
2745 2749
2745 2750
2745 2751
2745 2755
2746 2747
2746 2748
2746 3110
2746 3112
2747 2914
2747 3112
2747 3245
2748 2749
2748 3107
2748 3110
2749 2750
2749 3107
2750 2751
2750 2752
2750 3055
2750 3107
2751 2752
2751 2753
2751 2754
2751 2755
2752 2753
2752 2774
2752 3055
2752 3056
2752 3140
2753 2754
2753 2759
2753 2760
2753 2774
2754 2755
2754 2759
2754 2773
2754 2779
2755 2779
2756 2757
2756 2758
2756 3247
2756 3250
2757 2884
2757 3245
2757 3246
2757 3247
2758 2779
2758 3250
2758 3352
2758 3353
2759 2760
2759 2761
2759 2773
2760 2761
2760 2762
2760 2774
2760 2775
2761 2762
2761 2763
2761 2772
2761 2773
2762 2763
2762 2764
2762 2775
2762 2776
2763 2764
2763 2765
2763 2772
2764 2765
2764 2766
2764 2776
2764 2777
2765 2766
2765 2767
2765 2771
2765 2772
2766 2767
2766 2768
2766 2777
2766 2778
2767 2768
2767 2769
2767 2771
2768 2769
2768 2770
2768 2778
2768 2831
2769 2770
2769 2771
2769 2814
2770 2814
2770 2828
2770 2830
2770 2831
2771 2772
2771 2814
2771 2815
2771 3340
2771 3345
2772 2773
2772 3345
2772 3346
2773 2779
2773 3346
2773 3351
2774 2775
2774 3139
2774 3140
2775 2776
2775 3136
2775 3139
2776 2777
2776 3135
2776 3136
2777 2778
2777 3134
2777 3135
2778 2831
2778 3134
2779 3351
2779 3352
2780 2781
2780 2782
2780 2783
2780 2784
2780 2911
2780 3087
2781 2782
2781 2783
2781 2786
2781 2787
2781 3258
2782 2910
2782 2911
2782 3258
2783 2784
2783 2785
2783 2786
2783 2788
2784 2785
2784 2791
2784 3087
2784 3090
2785 2788
2785 2789
2785 2790
2785 2791
2786 2787
2786 2788
2786 2798
2786 2799
2786 2800
2787 2798
2787 3251
2787 3252
2787 3258
2788 2789
2788 2800
2789 2790
2789 2792
2789 2800
2789 2804
2790 2791
2790 2792
2790 2793
2790 2794
2791 2794
2791 3090
2792 2793
2792 2795
2792 2804
2793 2794
2793 2795
2793 2796
2793 2797
2794 2797
2794 2989
2794 3090
2795 2796
2795 2801
2795 2802
2795 2804
2796 2797
2796 2802
2796 2805
2796 2813
2797 2813
2797 2983
2797 2987
2797 2989
2798 2799
2798 3251
2798 3253
2798 3257
2799 2800
2799 3257
2799 3350
2799 3362
2800 2804
2800 3349
2800 3350
2801 2802
2801 2803
2801 2804
2801 2807
2801 3348
2802 2803
2802 2805
2803 2805
2803 2806
2803 2807
2803 2808
2804 3348
2804 3349
2805 2806
2805 2812
2805 2813
2806 2808
2806 2812
2806 2833
2806 2834
2807 2808
2807 2809
2807 2810
2807 3347
2807 3348
2808 2809
2808 2834
2809 2810
2809 2811
2809 2834
2809 2836
2810 2811
2810 2822
2810 2839
2810 2841
2810 3344
2810 3347
2811 2836
2811 2838
2811 2839
2812 2813
2812 2833
2812 2985
2812 3138
2813 2983
2813 2985
2814 2815
2814 2816
2814 2828
2815 2816
2815 2817
2815 2818
2815 2819
2815 3338
2815 3340
2816 2817
2816 2823
2816 2828
2817 2818
2817 2823
2817 2824
2818 2819
2818 2820
2818 2824
2818 2825
2819 2820
2819 2821
2819 2822
2819 3338
2820 2821
2820 2825
2820 2826
2820 2827
2821 2822
2821 2827
2821 2850
2821 2853
2822 2841
2822 2843
2822 2853
2822 3338
2822 3339
2822 3344
2823 2824
2823 2828
2823 2829
2824 2825
2824 2829
2824 2832
2825 2826
2825 2832
2825 2849
2826 2827
2826 2847
2826 2848
2826 2849
2827 2847
2827 2850
2827 2851
2828 2829
2828 2830
2829 2830
2829 2832
2829 3129
2829 3131
2830 2831
2830 3131
2831 3131
2831 3134
2832 2849
2832 3129
2833 2834
2833 2835
2833 3137
2833 3138
2834 2835
2834 2836
2835 2836
2835 2837
2835 3137
2836 2837
2836 2838
2837 2838
2837 2852
2837 3133
2837 3137
2838 2839
2838 2840
2838 2852
2839 2840
2839 2841
2840 2841
2840 2842
2840 2846
2840 2852
2841 2842
2841 2843
2842 2843
2842 2844
2842 2845
2842 2846
2843 2844
2843 2853
2844 2845
2844 2850
2844 2853
2845 2846
2845 2850
2845 2851
2845 3130
2845 3132
2846 2852
2846 3132
2847 2848
2847 2851
2847 3128
2847 3130
2848 2849
2848 3128
2849 3128
2849 3129
2850 2851
2850 2853
2851 3130
2852 3132
2852 3133
2854 2855
2854 2856
2854 2857
2854 3211
2854 3214
2854 3215
2854 3216
2854 3218
2855 2856
2855 2857
2855 2858
2855 2886
2855 2894
2856 2886
2856 2912
2856 3211
2857 2858
2857 2859
2857 3114
2857 3218
2858 2859
2858 2882
2858 2894
2858 2896
2859 2882
2859 3113
2859 3114
2859 3357
2859 3358
2860 2861
2860 2862
2860 2864
2860 2865
2860 3117
2860 3120
2861 2862
2861 2863
2861 2916
2861 3120
2861 3198
2861 3200
2861 3244
2861 3335
2862 2863
2862 2864
2862 2917
2862 2918
2862 2919
2863 2916
2863 2917
2864 2865
2864 2919
2864 2959
2864 3072
2865 3066
2865 3072
2865 3115
2865 3117
2866 2867
2866 2868
2866 2869
2866 2870
2866 2871
2866 3121
2866 3122
2867 2868
2867 2869
2867 3036
2867 3037
2867 3049
2867 3077
2867 3078
2867 3079
2868 2870
2868 2900
2868 3079
2869 3070
2869 3077
2869 3122
2869 3123
2870 2871
2870 2897
2870 2900
2870 2920
2871 2920
2871 3121
2871 3260
2871 3261
2871 3334
2872 2873
2872 2874
2872 2875
2872 2876
2872 3366
2872 3368
2873 2874
2873 2879
2873 3088
2873 3366
2873 3367
2874 2875
2874 2879
2874 2881
2874 2904
2874 2907
2875 2876
2875 2877
2875 2904
2875 2908
2876 2877
2876 3368
2877 2908
2877 2910
2878 2879
2878 2880
2878 2881
2878 2902
2878 2907
2878 3259
2879 2880
2879 2881
2879 3088
2879 3264
2879 3294
2880 3259
2880 3291
2880 3292
2880 3294
2881 2907
2882 2883
2882 2884
2882 2896
2882 2913
2882 3113
2883 2884
2883 3113
2884 2913
2884 2914
2884 3245
2884 3246
2885 2886
2885 2887
2885 2888
2885 2889
2885 3093
2885 3095
2885 3097
2886 2887
2886 2888
2886 2894
2886 2912
2887 2894
2887 2895
2887 3097
2888 2912
2888 3093
2888 3094
2889 2890
2889 2891
2889 3093
2889 3095
2889 3096
2889 3098
2890 2891
2890 2892
2890 2893
2890 3098
2890 3099
2891 2892
2891 2915
2891 3093
2892 2893
2892 2915
2892 2916
2892 2917
2893 2917
2893 2918
2893 3099
2893 3100
2894 2895
2894 2896
2895 2896
2895 2913
2895 3097
2895 3108
2895 3111
2896 2913
2897 2898
2897 2899
2897 2900
2897 2920
2898 2899
2898 2900
2898 2901
2898 3084
2898 3085
2899 2901
2899 2902
2899 2920
2899 2921
2899 2922
2900 3079
2900 3085
2901 2902
2901 2903
2901 3082
2901 3083
2901 3084
2902 2903
2902 2907
2902 2922
2902 3259
2903 2905
2903 2907
2903 3081
2903 3082
2904 2905
2904 2906
2904 2907
2904 2908
2905 2906
2905 2907
2905 3080
2905 3081
2906 2908
2906 2909
2906 3080
2908 2909
2908 2910
2909 2910
2909 2911
2909 3080
2909 3086
2910 2911
2910 3254
2910 3258
2911 3086
2911 3087
2912 3094
2912 3210
2912 3211
2913 2914
2913 3111
2914 3111
2914 3112
2914 3245
2915 2916
2915 3093
2915 3207
2915 3208
2915 3209
2916 2917
2916 3199
2916 3200
2916 3208
2916 3244
2917 2918
2918 2919
2918 3100
2919 2959
2919 3100
2919 3101
2920 2921
2920 3104
2920 3260
2921 2922
2921 3104
2922 3104
2922 3259
2922 3262
2922 3263
2923 2924
2923 2925
2923 2926
2923 2933
2923 2935
2923 2949
2923 2953
2924 2925
2924 2926
2924 3055
2924 3106
2924 3107
2925 2949
2925 2950
2925 3055
2925 3056
2926 2933
2926 2934
2926 3105
2926 3106
2927 2928
2927 2929
2927 2930
2927 2931
2927 2932
2927 2936
2927 2937
2927 2940
2928 2929
2928 2940
2928 2942
2928 2945
2929 2930
2929 2945
2929 2946
2929 3096
2929 3098
2929 3099
2930 2932
2930 3096
2931 2932
2931 2933
2931 2935
2931 2936
2932 2933
2932 2934
2932 3095
2932 3096
2933 2934
2933 2935
2934 3095
2934 3105
2935 2936
2935 2952
2935 2953
2936 2937
2936 2947
2936 2952
2936 2954
2937 2938
2937 2939
2937 2940
2937 2947
2938 2939
2938 2940
2938 2941
2938 2943
2938 2944
2939 2943
2939 2947
2939 2957
2939 3170
2940 2941
2940 2942
2941 2942
2941 2944
2941 3052
2941 3053
2942 2945
2942 3053
2942 3102
2943 2944
2943 3023
2943 3170
2944 3023
2944 3027
2944 3051
2944 3052
2945 2946
2945 3102
2945 3103
2946 3099
2946 3100
2946 3101
2946 3103
2947 2954
2947 2957
2948 2949
2948 2950
2948 2951
2948 2952
2948 2955
2948 3442
2949 2950
2949 2952
2949 2953
2950 2951
2950 3056
2950 3140
2951 3139
2951 3140
2951 3157
2951 3159
2951 3442
2952 2953
2952 2954
2952 2955
2954 2955
2954 2956
2954 2957
2955 2956
2955 3442
2956 2957
2956 3170
2956 3171
2956 3442
2956 3444
2957 3170
2958 2959
2958 2960
2958 2961
2958 3043
2958 3044
2958 3054
2959 2960
2959 2961
2959 3071
2959 3072
2959 3101
2960 3054
2960 3101
2960 3103
2961 3042
2961 3043
2961 3071
2961 3073
2962 2963
2962 2964
2962 2965
2962 2974
2962 2979
2963 2964
2963 2965
2963 2995
2963 2998
2963 3003
2964 2979
2964 2982
2964 3003
2964 3005
2965 2966
2965 2967
2965 2971
2965 2974
2965 2995
2966 2967
2966 2968
2966 2969
2966 2970
2966 2971
2967 2968
2967 2994
2967 2995
2967 2996
2968 2969
2968 2991
2968 2992
2968 2996
2969 2970
2969 2988
2969 2990
2969 2991
2969 2993
2970 2971
2970 2973
2970 2993
2971 2972
2971 2973
2971 2974
2972 2973
2972 2974
2972 2981
2972 3443
2972 3455
2973 2993
2973 3443
2974 2979
2974 2981
2975 2976
2975 2977
2975 2978
2975 3006
2975 3007
2976 2977
2976 2978
2976 3168
2976 3450
2976 3451
2977 3451
2977 3452
2978 3006
2978 3028
2978 3031
2978 3168
2979 2980
2979 2981
2979 2982
2980 2981
2980 2982
2980 3453
2980 3454
2981 3453
2981 3455
2982 3005
2983 2984
2983 2985
2983 2986
2983 2987
2984 2985
2984 2986
2984 3141
2984 3142
2984 3143
2985 3138
2985 3143
2986 2987
2986 2988
2986 2993
2986 3142
2987 2988
2987 2989
2988 2989
2988 2990
2988 2993
2989 2990
2989 3090
2990 2991
2990 3089
2990 3090
2991 2992
2991 3089
2991 3091
2991 3092
2992 2996
2992 3082
2992 3092
2993 3142
2993 3443
2994 2995
2994 2996
2994 2997
2994 2999
2994 3083
2995 2997
2995 2998
2996 3082
2996 3083
2997 2998
2997 2999
2997 3000
2997 3018
2998 3003
2998 3004
2998 3018
2999 3000
2999 3001
2999 3083
2999 3084
3000 3001
3000 3016
3000 3018
3000 3049
3001 3049
3001 3078
3001 3079
3001 3084
3001 3085
3002 3003
3002 3004
3002 3005
3002 3008
3002 3009
3002 3013
3002 3014
3003 3004
3003 3005
3004 3013
3004 3015
3004 3018
3005 3008
3006 3007
3006 3031
3008 3009
3008 3010
3009 3010
3009 3014
3009 3025
3009 3050
3010 3024
3010 3025
3011 3012
3011 3013
3011 3015
3011 3017
3011 3040
3011 3047
3012 3013
3012 3014
3012 3039
3012 3040
3012 3046
3013 3014
3013 3015
3014 3046
3014 3050
3015 3016
3015 3017
3015 3018
3016 3017
3016 3018
3016 3049
3017 3036
3017 3047
3017 3049
3019 3020
3019 3021
3019 3022
3019 3034
3019 3446
3019 3447
3019 3448
3020 3021
3020 3022
3020 3029
3020 3030
3020 3032
3020 3169
3021 3032
3021 3033
3021 3034
3021 3035
3022 3169
3022 3448
3022 3449
3023 3026
3023 3027
3024 3025
3024 3026
3025 3026
3025 3027
3025 3050
3026 3027
3027 3050
3027 3051
3028 3029
3028 3030
3028 3031
3028 3168
3028 3169
3029 3030
3029 3031
3029 3032
3030 3169
3032 3033
3033 3035
3033 3172
3034 3035
3034 3446
3035 3172
3036 3037
3036 3047
3036 3049
3037 3047
3037 3048
3037 3076
3037 3077
3038 3039
3038 3040
3038 3041
3038 3048
3038 3074
3038 3075
3039 3040
3039 3041
3039 3042
3039 3043
3039 3045
3039 3046
3040 3047
3040 3048
3041 3042
3041 3073
3041 3074
3042 3043
3042 3073
3043 3044
3043 3045
3044 3045
3044 3052
3044 3053
3044 3054
3045 3046
3045 3051
3045 3052
3046 3050
3046 3051
3047 3048
3048 3075
3048 3076
3049 3078
3050 3051
3051 3052
3052 3053
3053 3054
3053 3102
3054 3102
3054 3103
3055 3056
3055 3107
3056 3140
3057 3058
3057 3059
3057 3060
3057 3061
3057 3341
3058 3059
3058 3060
3058 3067
3058 3075
3058 3076
3059 3067
3059 3068
3059 3341
3059 3343
3060 3061
3060 3062
3060 3073
3060 3074
3060 3075
3061 3062
3061 3063
3061 3064
3061 3341
3061 3342
3062 3064
3062 3071
3062 3073
3063 3064
3063 3065
3063 3066
3063 3342
3063 3370
3064 3066
3064 3071
3064 3072
3065 3066
3065 3115
3065 3116
3065 3370
3065 3376
3066 3072
3066 3115
3067 3068
3067 3069
3067 3070
3067 3076
3067 3077
3068 3069
3068 3343
3068 3369
3069 3070
3069 3124
3069 3369
3069 3371
3070 3077
3070 3123
3070 3124
3071 3072
3071 3073
3073 3074
3074 3075
3075 3076
3076 3077
3078 3079
3079 3085
3080 3081
3080 3086
3080 3091
3080 3092
3081 3082
3081 3092
3082 3083
3082 3092
3083 3084
3084 3085
3086 3087
3086 3089
3086 3091
3087 3089
3087 3090
3088 3264
3088 3265
3088 3367
3088 3397
3089 3090
3089 3091
3091 3092
3093 3094
3093 3209
3094 3206
3094 3209
3094 3210
3095 3096
3095 3097
3095 3105
3096 3098
3097 3105
3097 3108
3098 3099
3099 3100
3100 3101
3101 3103
3102 3103
3104 3260
3104 3261
3104 3262
3105 3106
3105 3108
3105 3109
3106 3107
3106 3109
3106 3110
3107 3110
3108 3109
3108 3111
3109 3110
3109 3111
3109 3112
3110 3112
3111 3112
3113 3358
3114 3218
3114 3239
3114 3357
3114 3359
3115 3116
3115 3117
3116 3117
3116 3118
3116 3376
3116 3377
3117 3118
3117 3119
3117 3120
3118 3119
3118 3377
3118 3379
3119 3120
3119 3197
3119 3379
3119 3380
3120 3197
3120 3198
3121 3122
3121 3123
3121 3126
3121 3331
3121 3334
3122 3123
3123 3124
3123 3125
3123 3126
3123 3127
3124 3127
3124 3371
3125 3126
3125 3127
3125 3329
3125 3372
3125 3373
3126 3327
3126 3329
3126 3331
3127 3371
3127 3372
3128 3129
3128 3130
3128 3438
3128 3439
3128 3440
3129 3131
3129 3437
3129 3438
3130 3132
3130 3440
3130 3441
3131 3134
3131 3161
3131 3437
3132 3133
3132 3146
3132 3441
3133 3137
3133 3146
3134 3135
3134 3161
3135 3136
3135 3158
3135 3161
3136 3139
3136 3157
3136 3158
3137 3138
3137 3145
3137 3146
3138 3143
3138 3145
3139 3140
3139 3157
3141 3142
3141 3143
3141 3144
3141 3453
3141 3455
3142 3443
3142 3455
3143 3144
3143 3145
3144 3145
3144 3146
3144 3147
3144 3453
3144 3454
3145 3146
3146 3147
3146 3441
3147 3454
3148 3149
3148 3150
3148 3151
3148 3452
3149 3150
3149 3151
3149 3167
3151 3166
3151 3167
3151 3451
3151 3452
3152 3153
3152 3154
3152 3162
3152 3163
3152 3446
3152 3447
3153 3154
3153 3155
3153 3446
3154 3155
3154 3162
3156 3157
3156 3158
3156 3159
3156 3160
3156 3444
3156 3445
3157 3158
3157 3159
3158 3160
3158 3161
3159 3442
3159 3444
3160 3161
3160 3445
3161 3437
3162 3163
3162 3164
3163 3164
3163 3165
3163 3447
3163 3448
3164 3165
3164 3166
3164 3167
3165 3166
3165 3448
3165 3449
3165 3450
3166 3167
3166 3450
3166 3451
3168 3169
3168 3449
3168 3450
3169 3449
3170 3171
3171 3444
3171 3445
3173 3174
3173 3175
3173 3176
3173 3198
3173 3336
3173 3337
3174 3175
3174 3176
3174 3178
3174 3179
3174 3383
3174 3384
3175 3178
3175 3337
3176 3197
3176 3198
3176 3382
3176 3383
3177 3178
3177 3179
3177 3180
3177 3181
3177 3184
3177 3188
3177 3190
3178 3179
3178 3187
3178 3188
3178 3337
3179 3180
3179 3384
3179 3415
3180 3184
3180 3415
3180 3416
3181 3182
3181 3183
3181 3184
3181 3190
3181 3191
3182 3183
3182 3184
3182 3185
3182 3417
3182 3419
3183 3185
3183 3186
3183 3191
3183 3192
3184 3416
3184 3417
3185 3186
3185 3230
3185 3242
3185 3243
3185 3419
3185 3421
3185 3422
3186 3192
3186 3229
3186 3230
3187 3188
3187 3189
3187 3194
3187 3337
3188 3189
3188 3190
3189 3190
3189 3191
3189 3192
3189 3194
3189 3201
3189 3202
3190 3191
3191 3192
3192 3201
3192 3228
3192 3229
3193 3194
3193 3195
3193 3196
3193 3199
3193 3203
3194 3195
3194 3196
3194 3202
3194 3336
3194 3337
3195 3202
3195 3203
3195 3204
3195 3205
3196 3199
3196 3200
3196 3335
3196 3336
3197 3198
3197 3380
3197 3382
3198 3335
3198 3336
3199 3200
3199 3203
3199 3208
3200 3244
3200 3335
3201 3202
3201 3226
3201 3228
3202 3205
3202 3225
3202 3226
3203 3204
3203 3207
3203 3208
3204 3205
3204 3206
3204 3207
3205 3206
3205 3212
3205 3213
3205 3225
3206 3207
3206 3209
3206 3210
3206 3212
3207 3208
3207 3209
3210 3211
3210 3212
3211 3212
3211 3213
3211 3214
3212 3213
3213 3214
3213 3225
3214 3215
3214 3219
3214 3220
3214 3225
3215 3216
3215 3217
3215 3219
3215 3221
3216 3217
3216 3218
3216 3237
3216 3238
3216 3239
3217 3221
3217 3237
3217 3386
3218 3239
3219 3220
3219 3221
3219 3222
3219 3223
3220 3223
3220 3224
3220 3225
3220 3226
3221 3222
3221 3386
3222 3223
3222 3386
3222 3388
3223 3224
3223 3233
3223 3234
3223 3388
3224 3226
3224 3227
3224 3232
3224 3233
3225 3226
3226 3227
3226 3228
3227 3228
3227 3229
3227 3232
3228 3229
3229 3230
3229 3231
3229 3232
3230 3231
3230 3241
3230 3242
3231 3232
3231 3233
3231 3235
3231 3241
3232 3233
3233 3234
3233 3235
3234 3235
3234 3236
3234 3388
3234 3390
3234 3391
3235 3236
3235 3241
3236 3240
3236 3241
3236 3390
3236 3423
3237 3238
3237 3385
3237 3386
3238 3239
3238 3359
3238 3385
3239 3359
3240 3241
3240 3243
3240 3423
3241 3242
3241 3243
3242 3243
3243 3422
3243 3423
3246 3247
3246 3248
3247 3248
3247 3249
3247 3250
3248 3249
3248 3355
3248 3356
3249 3250
3249 3354
3249 3355
3250 3353
3250 3354
3251 3252
3251 3253
3252 3253
3252 3254
3252 3258
3253 3254
3253 3255
3253 3256
3253 3257
3254 3256
3254 3258
3255 3256
3255 3257
3255 3363
3255 3364
3256 3364
3256 3365
3257 3362
3257 3363
3259 3263
3259 3290
3259 3291
3260 3261
3261 3262
3261 3298
3261 3299
3261 3304
3261 3334
3262 3263
3262 3298
3262 3301
3262 3302
3263 3290
3263 3301
3264 3265
3264 3266
3264 3293
3264 3294
3265 3266
3265 3267
3265 3397
3265 3398
3266 3267
3266 3268
3266 3269
3266 3270
3266 3293
3267 3268
3267 3398
3267 3400
3268 3269
3268 3278
3268 3279
3268 3400
3269 3270
3269 3271
3269 3276
3269 3278
3270 3271
3270 3272
3270 3293
3271 3272
3271 3273
3271 3276
3272 3273
3272 3274
3272 3288
3272 3292
3272 3293
3273 3274
3273 3275
3273 3276
3273 3277
3273 3284
3274 3275
3274 3285
3274 3287
3274 3288
3275 3284
3275 3285
3275 3286
3276 3277
3276 3278
3276 3281
3277 3281
3277 3282
3277 3284
3278 3279
3278 3280
3278 3281
3279 3280
3279 3400
3279 3403
3280 3281
3280 3282
3280 3283
3280 3403
3280 3404
3281 3282
3282 3283
3282 3284
3282 3308
3282 3310
3282 3313
3283 3313
3283 3314
3283 3316
3283 3404
3284 3286
3284 3308
3285 3286
3285 3287
3285 3295
3285 3296
3285 3297
3286 3297
3286 3307
3286 3308
3287 3288
3287 3289
3287 3290
3287 3295
3288 3289
3288 3292
3289 3290
3289 3291
3289 3292
3290 3291
3290 3295
3290 3301
3291 3292
3292 3293
3292 3294
3293 3294
3295 3296
3295 3301
3296 3297
3296 3298
3296 3301
3296 3302
3297 3298
3297 3299
3297 3300
3297 3307
3298 3299
3298 3302
3299 3300
3299 3303
3299 3304
3300 3303
3300 3305
3300 3306
3300 3307
3301 3302
3303 3304
3303 3305
3303 3330
3303 3332
3303 3333
3304 3330
3304 3331
3304 3334
3305 3306
3305 3321
3305 3322
3305 3332
3306 3307
3306 3319
3306 3321
3307 3308
3307 3309
3307 3319
3308 3309
3308 3310
3309 3310
3309 3311
3309 3319
3310 3311
3310 3312
3310 3313
3311 3312
3311 3319
3312 3313
3312 3314
3312 3315
3312 3319
3312 3320
3313 3314
3314 3315
3314 3316
3315 3316
3315 3317
3315 3320
3316 3317
3316 3404
3316 3432
3317 3320
3317 3408
3317 3432
3317 3434
3318 3319
3318 3320
3318 3321
3318 3322
3318 3323
3318 3406
3318 3407
3318 3408
3319 3320
3319 3321
3320 3408
3321 3322
3322 3323
3322 3324
3322 3332
3322 3333
3323 3324
3323 3325
3323 3405
3323 3406
3324 3325
3324 3328
3324 3330
3324 3333
3325 3326
3325 3328
3325 3375
3325 3405
3326 3327
3326 3328
3326 3329
3326 3374
3326 3375
3327 3328
3327 3329
3327 3331
3328 3330
3328 3331
3329 3373
3329 3374
3330 3331
3330 3333
3331 3334
3332 3333
3335 3336
3336 3337
3338 3339
3338 3340
3339 3344
3340 3345
3341 3342
3341 3343
3342 3370
3343 3369
3344 3347
3345 3346
3346 3351
3347 3348
3348 3349
3349 3350
3350 3362
3351 3352
3352 3353
3353 3354
3354 3355
3355 3356
3357 3358
3357 3359
3359 3385
3360 3361
3362 3363
3363 3364
3364 3365
3366 3367
3366 3368
3367 3397
3369 3371
3370 3376
3371 3372
3372 3373
3373 3374
3374 3375
3375 3405
3376 3377
3377 3379
3378 3381
3379 3380
3380 3382
3382 3383
3383 3384
3384 3415
3385 3386
3385 3387
3386 3387
3386 3388
3387 3388
3387 3389
3388 3389
3388 3391
3389 3391
3390 3391
3390 3423
3390 3429
3390 3430
3392 3393
3393 3396
3394 3395
3394 3396
3397 3398
3398 3400
3399 3401
3399 3402
3400 3403
3401 3402
3403 3404
3404 3432
3404 3433
3405 3406
3406 3407
3407 3408
3408 3434
3408 3436
3409 3410
3409 3435
3410 3411
3412 3413
3412 3414
3412 3418
3413 3414
3414 3418
3414 3420
3414 3424
3414 3425
3415 3416
3416 3417
3417 3419
3418 3420
3419 3421
3420 3424
3421 3422
3421 3426
3421 3427
3422 3423
3422 3427
3422 3429
3423 3429
3424 3425
3426 3427
3426 3428
3427 3428
3427 3429
3428 3429
3428 3431
3429 3430
3429 3431
3430 3431
3432 3433
3432 3434
3432 3436
3433 3436
3434 3436
3437 3438
3438 3439
3439 3440
3440 3441
3442 3444
3443 3455
3444 3445
3446 3447
3447 3448
3448 3449
3449 3450
3450 3451
3451 3452
3453 3454
3453 3455
3456 3457
3456 3458
3456 3459
3457 3458
3457 3459
3457 3466
3457 3505
3457 3506
3458 3506
3458 3532
3459 3466
3459 3467
3460 3461
3460 3462
3460 3464
3460 3465
3460 3468
3460 3469
3460 3470
3461 3462
3461 3463
3461 3464
3462 3463
3462 3470
3464 3465
3464 3481
3465 3468
3465 3480
3465 3481
3466 3467
3466 3483
3466 3505
3466 3508
3467 3482
3467 3483
3468 3469
3468 3473
3468 3477
3468 3480
3469 3470
3469 3471
3469 3472
3469 3473
3470 3471
3471 3472
3471 3479
3472 3473
3472 3475
3472 3478
3472 3479
3473 3474
3473 3475
3473 3477
3474 3475
3474 3476
3474 3477
3475 3476
3475 3478
3475 3489
3475 3492
3475 3493
3476 3492
3477 3480
3478 3479
3478 3488
3478 3489
3479 3488
3480 3481
3482 3483
3483 3508
3484 3485
3484 3486
3484 3487
3484 3491
3484 3496
3484 3497
3484 3498
3485 3486
3485 3487
3486 3490
3486 3491
3487 3496
3488 3489
3489 3493
3490 3491
3490 3510
3491 3498
3491 3500
3491 3504
3491 3510
3492 3493
3494 3495
3494 3496
3494 3497
3494 3499
3495 3496
3496 3497
3497 3498
3497 3499
3498 3499
3498 3500
3499 3500
3499 3501
3500 3501
3500 3502
3500 3504
3501 3502
3501 3503
3502 3503
3502 3504
3502 3511
3502 3513
3502 3515
3502 3516
3503 3516
3504 3510
3504 3511
3505 3506
3505 3507
3505 3508
3506 3507
3506 3531
3506 3532
3507 3508
3507 3509
3507 3528
3507 3530
3507 3531
3508 3509
3509 3530
3509 3535
3510 3511
3510 3512
3511 3512
3511 3513
3512 3513
3512 3514
3513 3514
3513 3515
3513 3519
3514 3519
3514 3525
3515 3516
3515 3518
3515 3519
3515 3521
3516 3521
3517 3518
3517 3519
3517 3520
3517 3523
3517 3524
3517 3525
3517 3526
3518 3519
3518 3520
3518 3521
3518 3522
3519 3525
3520 3522
3520 3523
3521 3522
3522 3523
3522 3534
3523 3524
3523 3530
3523 3534
3524 3526
3524 3527
3524 3528
3524 3530
3525 3526
3526 3527
3527 3528
3527 3529
3528 3529
3528 3530
3528 3531
3528 3533
3529 3533
3530 3534
3530 3535
3531 3532
3531 3533
3532 3533
3534 3535
3536 3537
3536 3538
3536 3539
3536 3540
