17201326309345311627 2946 7394
0.141240 -0.457063 -0.045892
0.071500 -0.474667 -0.023232
0.120146 -0.457063 -0.087291
0.060822 -0.474667 -0.044190
0.087291 -0.457063 -0.120146
0.044190 -0.474667 -0.060822
0.045892 -0.457063 -0.141240
0.023232 -0.474667 -0.071500
-0.000000 -0.457063 -0.148509
-0.000000 -0.474667 -0.075180
-0.023232 -0.474667 -0.071500
-0.045892 -0.457063 -0.141240
-0.044190 -0.474667 -0.060822
-0.087291 -0.457063 -0.120146
-0.120146 -0.457063 -0.087291
-0.060822 -0.474667 -0.044190
-0.141240 -0.457063 -0.045892
-0.071500 -0.474667 -0.023232
-0.148509 -0.457063 0.000000
-0.075180 -0.474667 0.000000
-0.071500 -0.474667 0.023232
-0.141240 -0.457063 0.045892
-0.120146 -0.457063 0.087291
-0.060822 -0.474667 0.044190
-0.044190 -0.474667 0.060822
-0.087291 -0.457063 0.120146
-0.023232 -0.474667 0.071500
-0.045892 -0.457063 0.141240
-0.000000 -0.457063 0.148509
-0.000000 -0.474667 0.075180
0.045892 -0.457063 0.141240
0.023232 -0.474667 0.071500
0.087291 -0.457063 0.120146
0.044190 -0.474667 0.060822
0.120146 -0.457063 0.087291
0.060822 -0.474667 0.044190
0.071500 -0.474667 0.023232
0.141240 -0.457063 0.045892
0.075180 -0.474667 0.000000
0.148509 -0.457063 0.000000
0.071500 -0.474667 -0.023232
0.141240 -0.457063 -0.045892
0.176512 -0.428204 -0.128243
0.207502 -0.428204 -0.067422
0.128243 -0.428204 -0.176512
0.067422 -0.428204 -0.207502
-0.000000 -0.428204 -0.218181
-0.067422 -0.428204 -0.207502
-0.128243 -0.428204 -0.176512
-0.176512 -0.428204 -0.128243
-0.207502 -0.428204 -0.067422
-0.218181 -0.428204 0.000000
-0.207502 -0.428204 0.067422
-0.176512 -0.428204 0.128243
-0.128243 -0.428204 0.176512
-0.067422 -0.428204 0.207502
-0.000000 -0.428204 0.218181
0.067422 -0.428204 0.207502
0.128243 -0.428204 0.176512
0.176512 -0.428204 0.128243
0.207502 -0.428204 0.067422
0.218181 -0.428204 0.000000
0.207502 -0.428204 -0.067422
0.268655 -0.388801 -0.087291
0.228532 -0.388801 -0.166038
0.166038 -0.388801 -0.228532
0.087291 -0.388801 -0.268655
-0.000000 -0.388801 -0.282480
-0.087291 -0.388801 -0.268655
-0.166038 -0.388801 -0.228531
-0.228531 -0.388801 -0.166038
-0.268655 -0.388801 -0.087291
-0.282480 -0.388801 0.000000
-0.268655 -0.388801 0.087291
-0.228531 -0.388801 0.166038
-0.166038 -0.388801 0.228531
-0.087291 -0.388801 0.268655
-0.000000 -0.388801 0.282480
0.087291 -0.388801 0.268655
0.166038 -0.388801 0.228531
0.228531 -0.388801 0.166038
0.268655 -0.388801 0.087291
0.282480 -0.388801 0.000000
0.268655 -0.388801 -0.087291
0.323192 -0.339824 -0.105012
0.274924 -0.339824 -0.199744
0.199744 -0.339824 -0.274924
0.105012 -0.339824 -0.323192
-0.000000 -0.339824 -0.339825
-0.105012 -0.339824 -0.323192
-0.199744 -0.339824 -0.274924
-0.274924 -0.339824 -0.199744
-0.323192 -0.339824 -0.105012
-0.339824 -0.339824 0.000000
-0.323192 -0.339824 0.105012
-0.274924 -0.339824 0.199744
-0.199744 -0.339824 0.274924
-0.105012 -0.339824 0.323192
-0.000000 -0.339824 0.339824
0.105012 -0.339824 0.323192
0.199744 -0.339824 0.274924
0.274924 -0.339824 0.199744
0.323192 -0.339824 0.105012
0.339824 -0.339824 0.000000
0.323192 -0.339824 -0.105012
0.369772 -0.282480 -0.120146
0.314547 -0.282480 -0.228532
0.228532 -0.282480 -0.314547
0.120146 -0.282480 -0.369772
-0.000000 -0.282480 -0.388801
-0.120146 -0.282480 -0.369772
-0.228531 -0.282480 -0.314547
-0.314547 -0.282480 -0.228531
-0.369772 -0.282480 -0.120146
-0.388801 -0.282480 0.000000
-0.369772 -0.282480 0.120146
-0.314547 -0.282480 0.228531
-0.228531 -0.282480 0.314547
-0.120146 -0.282480 0.369772
-0.000000 -0.282480 0.388801
0.120146 -0.282480 0.369772
0.228531 -0.282480 0.314547
0.314546 -0.282480 0.228531
0.369772 -0.282480 0.120146
0.388801 -0.282480 0.000000
0.369772 -0.282480 -0.120146
0.407246 -0.218181 -0.132322
0.346424 -0.218181 -0.251692
0.251692 -0.218181 -0.346424
0.132322 -0.218181 -0.407246
-0.000000 -0.218181 -0.428204
-0.132322 -0.218181 -0.407246
-0.251692 -0.218181 -0.346424
-0.346424 -0.218181 -0.251692
-0.407246 -0.218181 -0.132322
-0.428204 -0.218181 0.000000
-0.407246 -0.218181 0.132322
-0.346424 -0.218181 0.251692
-0.251692 -0.218181 0.346424
-0.132322 -0.218181 0.407246
-0.000000 -0.218181 0.428204
0.132322 -0.218181 0.407246
0.251692 -0.218181 0.346424
0.346424 -0.218181 0.251692
0.407246 -0.218181 0.132322
0.428204 -0.218181 0.000000
0.407246 -0.218181 -0.132322
0.434693 -0.148509 -0.141240
0.369772 -0.148509 -0.268655
0.268655 -0.148509 -0.369772
0.141240 -0.148509 -0.434693
-0.000000 -0.148509 -0.457063
-0.141240 -0.148509 -0.434693
-0.268655 -0.148509 -0.369772
-0.369772 -0.148509 -0.268655
-0.434693 -0.148509 -0.141240
-0.457063 -0.148509 0.000000
-0.434693 -0.148509 0.141240
-0.369772 -0.148509 0.268655
-0.268655 -0.148509 0.369772
-0.141240 -0.148509 0.434693
-0.000000 -0.148509 0.457063
0.141240 -0.148509 0.434693
0.268655 -0.148509 0.369772
0.369772 -0.148509 0.268655
0.434693 -0.148509 0.141240
0.457063 -0.148509 0.000000
0.434693 -0.148509 -0.141240
0.451436 -0.075180 -0.146680
0.384014 -0.075180 -0.279003
0.279003 -0.075180 -0.384014
0.146680 -0.075180 -0.451436
-0.000000 -0.075180 -0.474668
-0.146680 -0.075180 -0.451436
-0.279003 -0.075180 -0.384014
-0.384014 -0.075180 -0.279003
-0.451436 -0.075180 -0.146680
-0.474668 -0.075180 0.000000
-0.451436 -0.075180 0.146680
-0.384014 -0.075180 0.279003
-0.279003 -0.075180 0.384014
-0.146680 -0.075180 0.451436
-0.000000 -0.075180 0.474668
0.146680 -0.075180 0.451436
0.279003 -0.075180 0.384014
0.384014 -0.075180 0.279003
0.451436 -0.075180 0.146680
0.474667 -0.075180 0.000000
0.451436 -0.075180 -0.146680
0.457063 -0.000000 -0.148509
0.388801 -0.000000 -0.282481
0.282481 -0.000000 -0.388801
0.148509 -0.000000 -0.457063
-0.000000 -0.000000 -0.480585
-0.148509 -0.000000 -0.457063
-0.282480 -0.000000 -0.388801
-0.388801 -0.000000 -0.282480
-0.457063 -0.000000 -0.148509
-0.480584 -0.000000 0.000000
-0.457063 -0.000000 0.148509
-0.388801 -0.000000 0.282480
-0.282480 -0.000000 0.388801
-0.148509 -0.000000 0.457063
-0.000000 -0.000000 0.480584
0.148509 -0.000000 0.457063
0.282480 -0.000000 0.388801
0.388801 -0.000000 0.282480
0.457063 -0.000000 0.148509
0.480584 -0.000000 0.000000
0.457063 -0.000000 -0.148509
0.451436 0.075180 -0.146680
0.384014 0.075180 -0.279003
0.279003 0.075180 -0.384014
0.146680 0.075180 -0.451436
-0.000000 0.075180 -0.474668
-0.146680 0.075180 -0.451436
-0.279003 0.075180 -0.384014
-0.384014 0.075180 -0.279003
-0.451436 0.075180 -0.146680
-0.474668 0.075180 0.000000
-0.451436 0.075180 0.146680
-0.384014 0.075180 0.279003
-0.279003 0.075180 0.384014
-0.146680 0.075180 0.451436
-0.000000 0.075180 0.474668
0.146680 0.075180 0.451436
0.279003 0.075180 0.384014
0.384014 0.075180 0.279003
0.451436 0.075180 0.146680
0.474667 0.075180 0.000000
0.451436 0.075180 -0.146680
0.434693 0.148509 -0.141240
0.369772 0.148509 -0.268655
0.268655 0.148509 -0.369772
0.141240 0.148509 -0.434693
-0.000000 0.148509 -0.457063
-0.141240 0.148509 -0.434693
-0.268655 0.148509 -0.369772
-0.369772 0.148509 -0.268655
-0.434693 0.148509 -0.141240
-0.457063 0.148509 0.000000
-0.434693 0.148509 0.141240
-0.369772 0.148509 0.268655
-0.268655 0.148509 0.369772
-0.141240 0.148509 0.434693
-0.000000 0.148509 0.457063
0.141240 0.148509 0.434693
0.268655 0.148509 0.369772
0.369772 0.148509 0.268655
0.434693 0.148509 0.141240
0.457063 0.148509 0.000000
0.434693 0.148509 -0.141240
0.407246 0.218181 -0.132322
0.346424 0.218181 -0.251692
0.251692 0.218181 -0.346424
0.132322 0.218181 -0.407246
-0.000000 0.218181 -0.428204
-0.132322 0.218181 -0.407246
-0.251692 0.218181 -0.346424
-0.346424 0.218181 -0.251692
-0.407246 0.218181 -0.132322
-0.428204 0.218181 0.000000
-0.407246 0.218181 0.132322
-0.346424 0.218181 0.251692
-0.251692 0.218181 0.346424
-0.132322 0.218181 0.407246
-0.000000 0.218181 0.428204
0.132322 0.218181 0.407246
0.251692 0.218181 0.346424
0.346424 0.218181 0.251692
0.407246 0.218181 0.132322
0.428204 0.218181 0.000000
0.407246 0.218181 -0.132322
0.369772 0.282480 -0.120146
0.314547 0.282480 -0.228532
0.228532 0.282480 -0.314547
0.120146 0.282480 -0.369772
-0.000000 0.282480 -0.388801
-0.120146 0.282480 -0.369772
-0.228531 0.282480 -0.314547
-0.314547 0.282480 -0.228531
-0.369772 0.282480 -0.120146
-0.388801 0.282480 0.000000
-0.369772 0.282480 0.120146
-0.314547 0.282480 0.228531
-0.228531 0.282480 0.314547
-0.120146 0.282480 0.369772
-0.000000 0.282480 0.388801
0.120146 0.282480 0.369772
0.228531 0.282480 0.314547
0.314546 0.282480 0.228531
0.369772 0.282480 0.120146
0.388801 0.282480 0.000000
0.369772 0.282480 -0.120146
0.323192 0.339824 -0.105012
0.274924 0.339824 -0.199744
0.199744 0.339824 -0.274924
0.105012 0.339824 -0.323192
-0.000000 0.339824 -0.339825
-0.105012 0.339824 -0.323192
-0.199744 0.339824 -0.274924
-0.274924 0.339824 -0.199744
-0.323192 0.339824 -0.105012
-0.339824 0.339824 0.000000
-0.323192 0.339824 0.105012
-0.274924 0.339824 0.199744
-0.199744 0.339824 0.274924
-0.105012 0.339824 0.323192
-0.000000 0.339824 0.339824
0.105012 0.339824 0.323192
0.199744 0.339824 0.274924
0.274924 0.339824 0.199744
0.323192 0.339824 0.105012
0.339824 0.339824 0.000000
0.323192 0.339824 -0.105012
0.228532 0.388801 -0.166038
0.268655 0.388801 -0.087291
0.166038 0.388801 -0.228532
0.087291 0.388801 -0.268655
-0.000000 0.388801 -0.282480
-0.087291 0.388801 -0.268655
-0.166038 0.388801 -0.228531
-0.228531 0.388801 -0.166038
-0.268655 0.388801 -0.087291
-0.282480 0.388801 0.000000
-0.268655 0.388801 0.087291
-0.228531 0.388801 0.166038
-0.166038 0.388801 0.228531
-0.087291 0.388801 0.268655
-0.000000 0.388801 0.282480
0.087291 0.388801 0.268655
0.166038 0.388801 0.228531
0.228531 0.388801 0.166038
0.268655 0.388801 0.087291
0.282480 0.388801 0.000000
0.268655 0.388801 -0.087291
0.176512 0.428204 -0.128243
0.207502 0.428204 -0.067422
0.128243 0.428204 -0.176512
0.067422 0.428204 -0.207502
-0.000000 0.428204 -0.218181
-0.067422 0.428204 -0.207502
-0.128243 0.428204 -0.176512
-0.176512 0.428204 -0.128243
-0.207502 0.428204 -0.067422
-0.218181 0.428204 0.000000
-0.207502 0.428204 0.067422
-0.176512 0.428204 0.128243
-0.128243 0.428204 0.176512
-0.067422 0.428204 0.207502
-0.000000 0.428204 0.218181
0.067422 0.428204 0.207502
0.128243 0.428204 0.176512
0.176512 0.428204 0.128243
0.207502 0.428204 0.067422
0.218181 0.428204 0.000000
0.207502 0.428204 -0.067422
0.141240 0.457063 -0.045892
0.120146 0.457063 -0.087291
0.087291 0.457063 -0.120146
0.045892 0.457063 -0.141240
-0.000000 0.457063 -0.148509
-0.045892 0.457063 -0.141240
-0.087291 0.457063 -0.120146
-0.120146 0.457063 -0.087291
-0.141240 0.457063 -0.045892
-0.148509 0.457063 0.000000
-0.141240 0.457063 0.045892
-0.120146 0.457063 0.087291
-0.087291 0.457063 0.120146
-0.045892 0.457063 0.141240
-0.000000 0.457063 0.148509
0.045892 0.457063 0.141240
0.087291 0.457063 0.120146
0.120146 0.457063 0.087291
0.141240 0.457063 0.045892
0.148509 0.457063 0.000000
0.141240 0.457063 -0.045892
0.071500 0.474667 -0.023232
0.060822 0.474667 -0.044190
0.044190 0.474667 -0.060822
0.023232 0.474667 -0.071500
-0.000000 0.474667 -0.075180
-0.023232 0.474667 -0.071500
-0.044190 0.474667 -0.060822
-0.060822 0.474667 -0.044190
-0.071500 0.474667 -0.023232
-0.075180 0.474667 0.000000
-0.071500 0.474667 0.023232
-0.060822 0.474667 0.044190
-0.044190 0.474667 0.060822
-0.023232 0.474667 0.071500
-0.000000 0.474667 0.075180
0.023232 0.474667 0.071500
0.044190 0.474667 0.060822
0.060822 0.474667 0.044190
0.071500 0.474667 0.023232
0.075180 0.474667 0.000000
0.071500 0.474667 -0.023232
-0.000000 -0.480584 0.000000
-0.000000 -0.480584 0.000000
-0.000000 -0.480584 0.000000
-0.000000 -0.480584 0.000000
-0.000000 -0.480584 0.000000
-0.000000 -0.480584 0.000000
-0.000000 -0.480584 0.000000
-0.000000 -0.480584 0.000000
-0.000000 -0.480584 0.000000
-0.000000 -0.480584 0.000000
-0.000000 -0.480584 0.000000
-0.000000 -0.480584 0.000000
-0.000000 -0.480584 0.000000
-0.000000 -0.480584 0.000000
-0.000000 -0.480584 0.000000
-0.000000 -0.480584 0.000000
-0.000000 -0.480584 0.000000
-0.000000 -0.480584 0.000000
-0.000000 -0.480584 0.000000
-0.000000 -0.480584 0.000000
-0.000000 0.480584 0.000000
-0.000000 0.480584 0.000000
-0.000000 0.480584 0.000000
-0.000000 0.480584 0.000000
-0.000000 0.480584 0.000000
-0.000000 0.480584 0.000000
-0.000000 0.480584 0.000000
-0.000000 0.480584 0.000000
-0.000000 0.480584 0.000000
-0.000000 0.480584 0.000000
-0.000000 0.480584 0.000000
-0.000000 0.480584 0.000000
-0.000000 0.480584 0.000000
-0.000000 0.480584 0.000000
-0.000000 0.480584 0.000000
-0.000000 0.480584 0.000000
-0.000000 0.480584 0.000000
-0.000000 0.480584 0.000000
-0.000000 0.480584 0.000000
-0.000000 0.480584 0.000000
-0.122914 0.032916 0.477128
-0.123859 0.016065 0.435903
-0.110485 -0.007273 0.432353
-0.120588 -0.003982 0.412670
-0.091738 -0.023164 0.468330
-0.100243 -0.032427 0.438787
-0.105265 0.015352 0.502564
-0.127062 0.040188 0.528026
-0.099823 -0.026439 0.424138
-0.092325 -0.033700 0.430534
-0.081936 -0.027635 0.474076
-0.098643 0.027465 0.517503
-0.227398 -0.021935 0.430272
-0.217122 -0.007345 0.419135
-0.230383 -0.039107 0.354889
-0.121581 0.049524 0.537203
-0.214840 -0.032856 0.244495
-0.199995 -0.004704 0.307345
-0.195475 0.011938 0.385974
-0.209105 -0.029947 0.160239
-0.172220 0.039321 0.532700
-0.168119 0.050837 0.543477
-0.107427 0.041102 0.526669
-0.095614 0.030765 0.517066
-0.236912 -0.058504 0.176795
-0.232503 -0.060852 0.182979
-0.089580 0.019988 0.506994
-0.081791 -0.005858 0.486625
-0.078071 -0.025976 0.472576
-0.088662 -0.037249 0.438667
-0.108345 -0.012096 0.416417
-0.135889 0.002999 0.397818
-0.161896 0.019960 0.434423
-0.186453 0.003321 0.402195
-0.090584 -0.017794 0.428005
-0.087021 -0.024365 0.438717
-0.108345 -0.012096 0.416417
-0.078575 -0.026685 0.435941
-0.100479 -0.004242 0.417023
-0.069842 -0.020558 0.461327
-0.083820 0.003129 0.480538
-0.077090 -0.016328 0.463586
-0.074444 -0.023943 0.447795
-0.233960 -0.050416 0.362016
-0.230314 -0.033890 0.442463
-0.092325 -0.033700 0.430534
-0.088662 -0.037249 0.438667
-0.099823 -0.026439 0.424138
-0.233360 -0.048636 0.451029
-0.238410 -0.054776 0.419091
-0.235757 -0.042839 0.412545
-0.078071 -0.025976 0.472576
-0.081791 -0.005858 0.486625
-0.083820 0.003129 0.480538
-0.067525 -0.017861 0.459726
-0.082898 0.010009 0.477865
-0.069842 -0.020558 0.461327
-0.244376 -0.080541 0.375345
-0.238814 -0.065610 0.376934
-0.074444 -0.023943 0.447795
-0.069842 -0.020558 0.461327
-0.075912 -0.023764 0.433937
-0.078575 -0.026685 0.435941
-0.239191 -0.068945 0.423411
-0.078575 -0.026685 0.435941
-0.090584 -0.017794 0.428005
-0.100479 -0.004242 0.417023
-0.108345 -0.012096 0.416417
-0.120714 0.010350 0.396624
-0.120588 -0.003982 0.412670
-0.135889 0.002999 0.397818
-0.134047 0.018485 0.384152
-0.145566 0.006372 0.392428
-0.145566 0.006372 0.392428
-0.153863 0.027052 0.381674
-0.081791 -0.005858 0.486625
-0.089580 0.019988 0.506994
-0.096941 0.043733 0.504990
-0.228859 -0.055530 0.236181
-0.095614 0.030765 0.517066
-0.107427 0.041102 0.526669
-0.110642 0.054170 0.517004
-0.121581 0.049524 0.537203
-0.128930 0.066022 0.514508
-0.235488 -0.060235 0.220732
-0.108416 0.041058 0.448911
-0.106942 0.057012 0.481830
-0.121764 0.058817 0.451157
-0.129225 0.037053 0.410686
-0.183665 0.014597 0.383090
-0.182641 0.010850 0.361933
-0.200579 0.057878 0.476381
-0.208871 0.042906 0.514661
-0.192235 0.060051 0.511263
-0.141573 0.027351 0.391323
-0.147188 0.055268 0.429642
-0.180893 -0.026456 0.152817
-0.150369 0.010855 0.359666
-0.135376 0.070026 0.491898
-0.156001 0.071567 0.473037
-0.187237 0.031064 0.476600
-0.194370 0.000486 0.414241
-0.185741 0.031732 0.525971
-0.207677 0.001052 0.495746
-0.191072 0.036778 0.534210
-0.211661 0.012040 0.514302
-0.206464 -0.009863 0.429782
-0.215819 -0.028875 0.453914
-0.212662 -0.027542 0.144216
-0.199694 -0.024820 0.140910
-0.226090 -0.035738 0.452027
-0.223830 -0.039999 0.158834
-0.226031 -0.027037 0.489047
-0.242830 -0.074036 0.177229
-0.178785 0.049082 0.541045
-0.194254 0.043253 0.534570
-0.206783 0.032253 0.526746
-0.221716 0.002169 0.505234
-0.230784 -0.023376 0.487964
-0.230887 -0.027298 0.482105
-0.230538 -0.033714 0.452983
-0.176949 0.012610 0.376454
-0.152337 0.013200 0.373891
-0.230307 -0.032896 0.445297
-0.210690 -0.009189 0.428442
-0.199278 0.001759 0.410575
-0.177993 0.011763 0.383965
-0.190486 0.006646 0.398917
-0.220826 -0.021664 0.437963
-0.210217 -0.007246 0.426511
-0.180517 0.012897 0.390537
-0.181419 0.006402 0.394900
-0.171307 0.006376 0.393164
-0.145169 -0.004860 0.303935
-0.133719 0.013154 0.378549
-0.182587 0.024668 0.386130
-0.171307 0.006376 0.393164
-0.181419 0.006402 0.394900
-0.145759 0.015496 0.378712
-0.194743 0.018353 0.391432
-0.190486 0.006646 0.398917
-0.206801 0.007336 0.407901
-0.210690 -0.009189 0.428442
-0.216234 -0.007700 0.429249
-0.166804 -0.030110 0.156821
-0.199278 0.001759 0.410575
-0.219238 -0.005508 0.428866
-0.163900 -0.027658 0.140301
-0.228479 -0.017919 0.439376
-0.216234 -0.007700 0.429249
-0.232098 -0.023928 0.450092
-0.237955 -0.026846 0.448367
-0.240589 -0.023859 0.464235
-0.234711 -0.018876 0.479662
-0.241793 -0.020293 0.478786
-0.222111 0.006074 0.497105
-0.241793 -0.020293 0.478786
-0.235301 -0.004266 0.484909
-0.244256 -0.017416 0.477756
-0.222111 0.006074 0.497105
-0.225328 0.010621 0.492939
-0.241793 -0.020293 0.478786
-0.243236 -0.020394 0.463702
-0.240589 -0.023859 0.464235
-0.146261 -0.031565 0.228520
-0.131714 -0.019153 0.306577
-0.240889 -0.024806 0.447794
-0.237955 -0.026846 0.448367
-0.237955 -0.026846 0.448367
-0.231049 -0.015642 0.438943
-0.228479 -0.017919 0.439376
-0.230307 -0.032896 0.445297
-0.210690 -0.009189 0.428442
-0.230538 -0.033714 0.452983
-0.107323 -0.036024 0.343717
-0.092121 -0.021874 0.415445
-0.230887 -0.027298 0.482105
-0.230784 -0.023376 0.487964
-0.221716 0.002169 0.505234
-0.168119 0.050837 0.543477
-0.174910 0.065214 0.517936
-0.178785 0.049082 0.541045
-0.102323 -0.050142 0.351233
-0.099006 -0.032073 0.392417
-0.206783 0.032253 0.526746
-0.221716 0.002169 0.505234
-0.194254 0.043253 0.534570
-0.196023 0.038017 0.421429
-0.174481 0.029879 0.394283
-0.184953 0.052948 0.435240
-0.209306 0.027746 0.444752
-0.221583 -0.000240 0.444500
-0.173039 0.069038 0.496724
-0.137830 -0.059630 0.172709
-0.219553 -0.127147 0.424687
-0.231105 -0.110234 0.390592
-0.228861 -0.104667 0.422254
-0.219962 -0.132620 0.394555
-0.219962 -0.132620 0.394555
-0.227232 -0.135435 0.393559
-0.231105 -0.110234 0.390592
-0.229787 -0.090093 0.421870
-0.234347 -0.087503 0.390649
-0.232242 -0.085566 0.419995
-0.236394 -0.093939 0.386096
-0.131871 -0.053933 0.226023
-0.229787 -0.090093 0.421870
-0.236394 -0.093939 0.386096
-0.100392 -0.089101 0.411775
-0.104463 -0.095374 0.377966
-0.103207 -0.096942 0.410082
-0.108674 -0.118227 0.414576
-0.112381 -0.125715 0.382971
-0.106580 -0.054731 0.325993
-0.120664 -0.138258 0.418778
-0.124674 -0.145095 0.387161
-0.139572 -0.152922 0.422502
-0.143798 -0.158526 0.391965
-0.160554 -0.157647 0.424685
-0.163237 -0.161965 0.394306
-0.184808 -0.154883 0.426255
-0.187432 -0.159050 0.396022
-0.206223 -0.147613 0.396277
-0.119254 -0.065327 0.273519
-0.130362 -0.069590 0.222696
-0.231092 -0.092559 0.235076
-0.230271 -0.104914 0.202593
-0.232214 -0.095927 0.199075
-0.232913 -0.104581 0.200057
-0.229022 -0.077483 0.229152
-0.228740 -0.079266 0.201165
-0.112656 -0.063668 0.303072
-0.226887 -0.079352 0.197941
-0.229022 -0.077483 0.229152
-0.228740 -0.079266 0.201165
-0.136854 -0.095179 0.193996
-0.134860 -0.069948 0.223503
-0.140924 -0.074599 0.189780
-0.105769 -0.086523 0.333052
-0.099476 -0.070782 0.345105
-0.132479 -0.092280 0.225421
-0.135809 -0.116809 0.227569
-0.140594 -0.119452 0.196379
-0.103643 -0.097489 0.344612
-0.094234 -0.082252 0.358664
-0.145809 -0.138210 0.230093
-0.151520 -0.139874 0.199518
-0.161774 -0.153897 0.232752
-0.166182 -0.153164 0.202353
-0.081350 -0.063104 0.438724
-0.088269 -0.054230 0.402806
-0.089674 -0.033840 0.429126
-0.191071 -0.160872 0.236230
-0.193489 -0.160064 0.205156
-0.089054 -0.074714 0.390011
-0.209016 -0.153735 0.205601
-0.210071 -0.152564 0.237165
-0.220434 -0.141387 0.205576
-0.228423 -0.123071 0.236440
-0.227348 -0.125904 0.204190
-0.234097 -0.105463 0.202552
-0.232913 -0.104581 0.200057
-0.230271 -0.104914 0.202593
-0.238671 -0.103870 0.200779
-0.140924 -0.074599 0.189780
-0.134860 -0.069948 0.223503
-0.141485 -0.050349 0.250349
-0.140924 -0.074599 0.189780
-0.138641 -0.075569 0.173224
-0.135266 -0.072551 0.191628
-0.108809 -0.003508 0.413784
-0.180001 -0.162881 0.204193
-0.193489 -0.160064 0.205156
-0.166182 -0.153164 0.202353
-0.194209 -0.163387 0.204916
-0.135322 0.012467 0.387176
-0.209016 -0.153735 0.205601
-0.145930 0.013871 0.386939
-0.211124 -0.156859 0.205640
-0.091849 -0.042143 0.397312
-0.223611 -0.143499 0.205605
-0.220434 -0.141387 0.205576
-0.231027 -0.126970 0.204172
-0.227348 -0.125904 0.204190
-0.164281 -0.156116 0.201867
-0.151520 -0.139874 0.199518
-0.148588 -0.142265 0.199085
-0.097301 -0.047958 0.393009
-0.094524 -0.055353 0.396423
-0.137027 -0.120704 0.195887
-0.140594 -0.119452 0.196379
-0.133060 -0.095340 0.193442
-0.136854 -0.095179 0.193996
-0.140924 -0.074599 0.189780
-0.135266 -0.072551 0.191628
-0.231086 -0.047617 0.407505
-0.232995 -0.054963 0.411582
-0.191071 -0.160872 0.236230
-0.176131 -0.164016 0.234799
-0.161774 -0.153897 0.232752
-0.191850 -0.164556 0.236073
-0.224988 -0.140906 0.237361
-0.210071 -0.152564 0.237165
-0.228423 -0.123071 0.236440
-0.212257 -0.155622 0.237119
-0.101056 -0.108070 0.363114
-0.094974 -0.101678 0.394530
-0.232138 -0.124046 0.236481
-0.236711 -0.099363 0.235643
-0.231092 -0.092559 0.235076
-0.159690 -0.157083 0.232288
-0.142631 -0.140542 0.229613
-0.145809 -0.138210 0.230093
-0.132033 -0.117980 0.227033
-0.135809 -0.116809 0.227569
-0.128515 -0.092421 0.224830
-0.132479 -0.092280 0.225421
-0.130362 -0.069590 0.222696
-0.134860 -0.069948 0.223503
-0.236716 -0.093646 0.423959
-0.095590 -0.096571 0.415398
-0.099339 -0.095105 0.414354
-0.103207 -0.096942 0.410082
-0.099479 -0.098190 0.408287
-0.099339 -0.095105 0.414354
-0.222986 -0.135231 0.395334
-0.206223 -0.147613 0.396277
-0.085534 -0.080092 0.453832
-0.208736 -0.150662 0.396957
-0.187432 -0.159050 0.396022
-0.103113 -0.024420 0.426690
-0.085940 -0.061731 0.450344
-0.188685 -0.162753 0.396665
-0.163074 -0.165928 0.394863
-0.163237 -0.161965 0.394306
-0.143798 -0.158526 0.391965
-0.098131 -0.033589 0.444867
-0.142223 -0.162133 0.392387
-0.121781 -0.147819 0.387342
-0.124674 -0.145095 0.387161
-0.108741 -0.127407 0.383042
-0.112381 -0.125715 0.382971
-0.101844 -0.104264 0.377840
-0.104463 -0.095374 0.377966
-0.113781 -0.006598 0.417397
-0.111393 -0.008322 0.434273
-0.236716 -0.093646 0.423959
-0.237092 -0.096791 0.421527
-0.229787 -0.090093 0.421870
-0.224650 -0.129405 0.424826
-0.206302 -0.145937 0.425301
-0.219553 -0.127147 0.424687
-0.184808 -0.154883 0.426255
-0.186182 -0.158808 0.425196
-0.138129 0.007335 0.392483
-0.139013 0.010002 0.409089
-0.160433 -0.162030 0.423749
-0.160554 -0.157647 0.424685
-0.139572 -0.152922 0.422502
-0.147398 0.010096 0.397581
-0.151921 0.009367 0.407005
-0.149527 0.007849 0.387369
-0.176144 0.009582 0.399759
-0.184015 0.009084 0.411949
-0.137879 -0.156876 0.421406
-0.188434 0.006944 0.397785
-0.173959 0.016345 0.398641
-0.117634 -0.141249 0.417427
-0.120664 -0.138258 0.418778
-0.152078 0.021799 0.383665
-0.175582 0.022212 0.385688
-0.150887 0.020558 0.391129
-0.104908 -0.120109 0.412922
-0.108674 -0.118227 0.414576
-0.099479 -0.098190 0.408287
-0.103207 -0.096942 0.410082
-0.149403 0.012696 0.380977
-0.228861 -0.104667 0.422254
-0.100392 -0.089101 0.411775
-0.110046 -0.079384 0.340400
-0.104463 -0.095374 0.377966
-0.121784 -0.038604 0.347598
-0.117177 -0.065761 0.304191
-0.209445 -0.008098 0.442487
-0.091376 -0.065113 0.444220
-0.106625 -0.105411 0.355071
-0.101056 -0.108070 0.363114
-0.101844 -0.104264 0.377840
-0.227032 -0.030640 0.452733
-0.106303 -0.096838 0.344486
-0.092020 -0.084508 0.447991
-0.116362 -0.027843 0.395848
-0.085534 -0.080092 0.453832
-0.087618 -0.073014 0.454450
-0.099339 -0.095105 0.414354
-0.098131 -0.033589 0.444867
-0.114985 -0.011493 0.436593
-0.138070 -0.005621 0.406675
-0.140297 0.006177 0.410686
-0.152659 -0.002602 0.402700
-0.154816 -0.023963 0.379616
-0.235804 -0.088898 0.438756
-0.241625 -0.093038 0.423408
-0.223563 -0.061017 0.413767
-0.216286 -0.032036 0.439914
-0.226423 -0.058978 0.454058
-0.170497 0.005030 0.410540
-0.182818 0.005044 0.413884
-0.189264 -0.015284 0.399206
-0.240603 -0.078428 0.463229
-0.213310 -0.033976 0.382803
-0.205044 -0.011679 0.442559
-0.181064 -0.023269 0.381257
-0.231780 -0.090868 0.439394
-0.245020 -0.104986 0.373606
-0.245132 -0.101238 0.389560
-0.223395 -0.033079 0.453610
-0.235796 -0.069116 0.467724
-0.237608 -0.074974 0.467694
-0.236045 -0.079004 0.464488
-0.236710 -0.064696 0.314612
-0.231408 -0.075997 0.346542
-0.235016 -0.064678 0.295763
-0.236094 -0.110965 0.391850
-0.241062 -0.102266 0.387870
-0.236394 -0.093939 0.386096
-0.239609 -0.104452 0.375167
-0.241062 -0.102266 0.387870
-0.239931 -0.101194 0.363188
-0.232557 -0.066606 0.314426
-0.225522 -0.058690 0.316852
-0.233267 -0.072063 0.238224
-0.215545 -0.050464 0.266677
-0.241011 -0.067608 0.466819
-0.157207 -0.042826 0.312012
-0.183299 -0.034368 0.349832
-0.241062 -0.102266 0.387870
-0.237092 -0.096791 0.421527
-0.221853 -0.066097 0.231718
-0.230173 -0.074054 0.240055
-0.218377 -0.056660 0.204260
-0.168546 -0.052536 0.205499
-0.101844 -0.104264 0.377840
-0.128474 -0.068163 0.244623
-0.239609 -0.104452 0.375167
-0.239931 -0.101194 0.363188
-0.232557 -0.066606 0.314426
-0.154314 -0.057006 0.174114
-0.138641 -0.075569 0.173224
-0.174967 -0.049903 0.172912
-0.230173 -0.074054 0.240055
-0.219357 -0.059740 0.179834
-0.229022 -0.077483 0.229152
-0.205924 -0.051578 0.177543
-0.160747 -0.049245 0.154059
-0.177546 -0.039147 0.150056
-0.213698 -0.044086 0.154968
-0.237909 -0.078902 0.179686
-0.142475 -0.053554 0.148875
-0.133067 -0.071868 0.162272
-0.242830 -0.074036 0.177229
-0.240137 -0.064920 0.166015
-0.234624 -0.076368 0.196015
-0.227569 -0.042954 0.148719
-0.234540 -0.075773 0.228336
-0.235335 -0.079196 0.201467
-0.180616 -0.029033 0.137708
-0.166301 -0.032012 0.138140
-0.151289 -0.042637 0.142448
-0.211569 -0.030489 0.141479
-0.234540 -0.075773 0.228336
-0.229022 -0.077483 0.229152
-0.235335 -0.079196 0.201467
-0.232214 -0.095927 0.199075
-0.228740 -0.079266 0.201165
-0.133067 -0.071868 0.162272
-0.142475 -0.053554 0.148875
-0.134860 -0.069948 0.223503
-0.128474 -0.068163 0.244623
-0.228740 -0.079266 0.201165
-0.226887 -0.079352 0.197941
-0.237909 -0.078902 0.179686
-0.117177 -0.065761 0.304191
-0.236716 -0.093646 0.423959
-0.240137 -0.064920 0.166015
-0.231780 -0.090868 0.439394
-0.227569 -0.042954 0.148719
-0.236045 -0.079004 0.464488
-0.237608 -0.074974 0.467694
-0.211569 -0.030489 0.141479
-0.235796 -0.069116 0.467724
-0.180616 -0.029033 0.137708
-0.166301 -0.032012 0.138140
-0.223395 -0.033079 0.453610
-0.151289 -0.042637 0.142448
-0.205044 -0.011679 0.442559
-0.182818 0.005044 0.413884
-0.170497 0.005030 0.410540
-0.140297 0.006177 0.410686
-0.136943 -0.067162 0.192354
-0.114985 -0.011493 0.436593
-0.087618 -0.073014 0.454450
-0.092020 -0.084508 0.447991
-0.106625 -0.105411 0.355071
-0.106303 -0.096838 0.344486
-0.176901 0.007701 0.390747
-0.140869 -0.074578 0.189765
-0.154331 -0.057036 0.174117
-0.138534 -0.075707 0.173167
-0.204078 -0.054454 0.206510
-0.219318 -0.060007 0.179857
-0.213406 -0.045370 0.154590
-0.105428 0.015154 0.502725
-0.122500 0.033624 0.476808
-0.099333 -0.031966 0.438694
-0.141519 -0.050595 0.250405
-0.177833 -0.040966 0.149456
-0.168601 -0.053569 0.205357
-0.127084 0.039979 0.528248
-0.215410 -0.050572 0.266733
-0.118375 -0.002424 0.411997
-0.092402 -0.034146 0.430034
-0.227973 -0.080324 0.201083
-0.082065 -0.028273 0.474471
-0.228620 -0.020978 0.430387
-0.195743 0.011825 0.385926
-0.214668 -0.032598 0.244512
-0.208746 -0.029775 0.160240
-0.093778 0.030908 0.518649
-0.228798 -0.077266 0.229607
-0.237892 -0.079125 0.179518
-0.134818 -0.069927 0.223440
-0.114343 -0.066639 0.302375
-0.131263 -0.069257 0.163173
-0.115974 -0.027681 0.395403
-0.157295 -0.042445 0.311918
-0.141522 -0.052440 0.147885
-0.219628 -0.041708 0.172052
-0.150034 0.051077 0.541512
-0.172193 0.039335 0.532588
-0.244840 -0.073468 0.177006
-0.228188 -0.043026 0.148365
-0.121090 0.050166 0.536634
-0.233886 -0.067766 0.313984
-0.231007 -0.074150 0.240177
-0.180368 -0.027792 0.137122
-0.165288 -0.030893 0.137282
-0.081763 -0.005885 0.486617
-0.213405 -0.033522 0.382730
-0.213016 -0.025874 0.141630
-0.088491 -0.037285 0.438679
-0.181110 -0.021355 0.380473
-0.108278 -0.011677 0.416618
-0.140844 0.006725 0.411394
-0.170572 0.005708 0.409468
-0.135200 0.002911 0.397675
-0.232415 -0.095769 0.199658
-0.234900 -0.078803 0.201424
-0.227973 -0.080324 0.201083
-0.238752 -0.103474 0.201184
-0.187427 0.005658 0.401537
-0.235282 -0.094177 0.386111
-0.240384 -0.104213 0.362556
-0.138534 -0.075707 0.173167
-0.135822 -0.072613 0.191787
-0.140869 -0.074578 0.189765
-0.131263 -0.069257 0.163173
-0.114343 -0.066639 0.302375
-0.134818 -0.069927 0.223440
-0.128979 -0.069083 0.223129
-0.231976 -0.090956 0.439723
-0.239262 -0.079471 0.464499
-0.238805 -0.096784 0.421920
-0.247924 -0.102188 0.389177
-0.235809 -0.069173 0.467914
-0.240065 -0.067935 0.466915
-0.075896 -0.023961 0.433986
-0.086997 -0.024657 0.438851
-0.108278 -0.011677 0.416618
-0.221263 -0.033776 0.454967
-0.099642 -0.003876 0.416566
-0.235858 -0.110810 0.391967
-0.247924 -0.102188 0.389177
-0.231386 -0.110477 0.390745
-0.235282 -0.094177 0.386111
-0.067342 -0.018335 0.459940
-0.083126 0.009992 0.478032
-0.076630 -0.016657 0.463842
-0.227394 -0.135007 0.394068
-0.235480 -0.042831 0.412663
-0.232313 -0.085321 0.420367
-0.229974 -0.055420 0.236070
-0.231976 -0.090956 0.439723
-0.238805 -0.096784 0.421920
-0.221263 -0.033776 0.454967
-0.239262 -0.079471 0.464499
-0.170572 0.005708 0.409468
-0.147510 0.010227 0.397867
-0.183297 0.008905 0.413539
-0.092402 -0.034146 0.430034
-0.088491 -0.037285 0.438679
-0.234900 -0.078803 0.201424
-0.235242 -0.060394 0.220739
-0.140844 0.006725 0.411394
-0.109132 -0.003846 0.413213
-0.082065 -0.028273 0.474471
-0.081763 -0.005885 0.486617
-0.235809 -0.069173 0.467914
-0.177323 0.014337 0.376127
-0.114110 -0.010602 0.437144
-0.097624 -0.091741 0.429643
-0.095751 -0.096364 0.415386
-0.085686 -0.080637 0.454540
-0.102390 -0.097144 0.410683
-0.094935 -0.101737 0.394647
-0.101902 -0.104264 0.377830
-0.101697 -0.110471 0.362142
-0.207425 -0.008435 0.444381
-0.183297 0.008905 0.413539
-0.152430 0.015556 0.373786
-0.150611 0.021273 0.390886
-0.134154 0.012333 0.378821
-0.114110 -0.010602 0.437144
-0.108278 -0.011677 0.416618
-0.109441 0.002980 0.408503
-0.099642 -0.003876 0.416566
-0.135200 0.002911 0.397675
-0.089199 -0.062009 0.453140
-0.175686 0.022551 0.385922
-0.176399 0.010053 0.400517
-0.179648 -0.164392 0.203156
-0.191596 -0.164020 0.237797
-0.211312 -0.157650 0.205348
-0.159440 -0.157921 0.232371
-0.224180 -0.143813 0.205659
-0.211819 -0.154839 0.238970
-0.230269 -0.123929 0.238456
-0.171249 0.005743 0.393048
-0.145607 0.006683 0.392630
-0.134078 0.018182 0.384311
-0.145607 0.006683 0.392630
-0.153848 0.027003 0.382174
-0.171249 0.005743 0.393048
-0.236724 -0.099252 0.236185
-0.150373 -0.141372 0.197681
-0.142307 -0.140805 0.229458
-0.138779 -0.120291 0.194506
-0.213016 -0.025874 0.141630
-0.131343 -0.118021 0.227353
-0.134704 -0.095680 0.192173
-0.128979 -0.069083 0.223129
-0.135822 -0.072613 0.191787
-0.244840 -0.073468 0.177006
-0.100958 -0.089009 0.411847
-0.095751 -0.096364 0.415386
-0.097624 -0.091741 0.429643
-0.081763 -0.005885 0.486617
-0.083126 0.009992 0.478032
-0.093778 0.030908 0.518649
-0.085686 -0.080637 0.454540
-0.110261 -0.079330 0.340454
-0.100061 0.051796 0.494604
-0.101697 -0.110471 0.362142
-0.104032 -0.095528 0.378025
-0.121090 0.050166 0.536634
-0.138933 -0.059904 0.173020
-0.101902 -0.104264 0.377830
-0.124081 -0.048611 0.270795
-0.130630 0.066905 0.518800
-0.150034 0.051077 0.541512
-0.224982 -0.130297 0.425551
-0.219666 -0.127016 0.424494
-0.238805 -0.096784 0.421920
-0.232313 -0.085321 0.420367
-0.075896 -0.023961 0.433986
-0.117624 -0.141265 0.417444
-0.104683 -0.120186 0.413027
-0.120537 -0.138259 0.418721
-0.207425 -0.008435 0.444381
-0.067342 -0.018335 0.459940
-0.102390 -0.097144 0.410683
-0.128684 0.038082 0.410114
-0.142101 -0.162326 0.392587
-0.138805 -0.154261 0.423682
-0.113234 0.060690 0.466793
-0.166549 -0.029269 0.156669
-0.160417 -0.162164 0.423727
-0.185327 -0.156374 0.427586
-0.189125 -0.163521 0.396963
-0.141522 -0.052440 0.147885
-0.165288 -0.030893 0.137282
-0.108562 -0.127489 0.383105
-0.104032 -0.095528 0.378025
-0.101902 -0.104264 0.377830
-0.180368 -0.027792 0.137122
-0.228188 -0.043026 0.148365
-0.122932 -0.147081 0.385695
-0.143784 -0.158827 0.392020
-0.163064 -0.166141 0.394901
-0.187421 -0.159294 0.396066
-0.143859 0.069148 0.450467
-0.206666 -0.147848 0.396559
-0.175233 0.067394 0.518197
-0.237892 -0.079125 0.179518
-0.227973 -0.080324 0.201083
-0.131950 -0.019312 0.306647
-0.182471 0.024845 0.386031
-0.187288 0.030829 0.476681
-0.234692 -0.075787 0.228324
-0.234692 -0.075787 0.228324
-0.228798 -0.077266 0.229607
-0.102390 -0.097144 0.410683
-0.095751 -0.096364 0.415386
-0.100958 -0.089009 0.411847
-0.092507 -0.022001 0.415694
-0.201557 0.011874 0.505378
-0.135531 -0.116961 0.227452
-0.134818 -0.069927 0.223440
-0.179601 0.049413 0.542808
-0.106236 -0.054887 0.325689
-0.161507 -0.154112 0.232836
-0.211524 0.011777 0.514410
-0.206306 -0.009903 0.429782
-0.140869 -0.074578 0.189765
-0.231007 -0.074150 0.240177
-0.228798 -0.077266 0.229607
-0.240384 -0.104213 0.362556
-0.247924 -0.102188 0.389177
-0.233886 -0.067766 0.313984
-0.223756 -0.038094 0.452499
-0.226468 -0.026984 0.489135
-0.207746 0.032795 0.527158
-0.221274 0.002036 0.505116
-0.180823 -0.159347 0.204676
-0.220926 -0.141385 0.205985
-0.208888 -0.153578 0.205771
-0.230453 -0.032602 0.445438
-0.199295 0.001761 0.410565
-0.232415 -0.095769 0.199658
-0.230269 -0.123929 0.238456
-0.220926 -0.141385 0.205985
-0.211819 -0.154839 0.238970
-0.208888 -0.153578 0.205771
-0.191596 -0.164020 0.237797
-0.180823 -0.159347 0.204676
-0.161507 -0.154112 0.232836
-0.182471 0.024845 0.386031
-0.135531 -0.116961 0.227452
-0.150373 -0.141372 0.197681
-0.194580 0.017858 0.391450
-0.187427 0.005658 0.401537
-0.138779 -0.120291 0.194506
-0.206643 0.007198 0.407950
-0.206306 -0.009903 0.429782
-0.220495 -0.005270 0.428489
-0.199295 0.001761 0.410565
-0.134818 -0.069927 0.223440
-0.134704 -0.095680 0.192173
-0.140869 -0.074578 0.189765
-0.227973 -0.080324 0.201083
-0.228798 -0.077266 0.229607
-0.241029 -0.025118 0.447706
-0.220495 -0.005270 0.428489
-0.232621 -0.024346 0.450043
-0.231386 -0.110477 0.390745
-0.219666 -0.127016 0.424494
-0.206666 -0.147848 0.396559
-0.240586 -0.023850 0.464209
-0.226468 -0.026984 0.489135
-0.094337 -0.082670 0.358689
-0.244155 -0.016858 0.477411
-0.225561 0.010931 0.492921
-0.185327 -0.156374 0.427586
-0.187421 -0.159294 0.396066
-0.138805 -0.154261 0.423682
-0.143784 -0.158827 0.392020
-0.120537 -0.138259 0.418721
-0.122932 -0.147081 0.385695
-0.244155 -0.016858 0.477411
-0.241029 -0.025118 0.447706
-0.240586 -0.023850 0.464209
-0.104032 -0.095528 0.378025
-0.235282 -0.094177 0.386111
-0.232313 -0.085321 0.420367
-0.230453 -0.032602 0.445438
-0.206306 -0.009903 0.429782
-0.223756 -0.038094 0.452499
-0.225561 0.010931 0.492921
-0.201201 0.059111 0.475964
-0.206894 0.051287 0.503573
-0.196731 0.039222 0.420854
-0.080984 -0.062850 0.438897
-0.089199 -0.062009 0.453140
-0.179601 0.049413 0.542808
-0.221274 0.002036 0.505116
-0.207746 0.032795 0.527158
-0.221274 0.002036 0.505116
-0.122900 0.032327 0.477250
-0.123811 0.016141 0.435852
-0.110444 -0.007277 0.432326
-0.120734 -0.004061 0.412691
-0.091743 -0.023154 0.468323
-0.100034 -0.032375 0.438738
-0.213810 -0.021256 0.314690
-0.199919 -0.005220 0.307417
-0.213548 -0.024508 0.281110
-0.105310 0.015304 0.502565
-0.116211 0.032087 0.519792
-0.127189 0.040108 0.527936
-0.105407 -0.019614 0.421808
-0.092456 -0.034014 0.430283
-0.227816 -0.021374 0.430714
-0.196117 0.012532 0.385889
-0.228567 -0.026025 0.405547
-0.083013 -0.030204 0.468654
-0.081859 -0.027086 0.473952
-0.098719 0.027359 0.517508
-0.216648 -0.034803 0.205508
-0.208803 -0.029922 0.160189
-0.218316 -0.042340 0.171880
-0.131618 0.045908 0.537690
-0.237169 -0.058434 0.176875
-0.232499 -0.060929 0.182909
-0.172221 0.039587 0.532364
-0.168322 0.045270 0.541488
-0.213916 -0.032921 0.244510
-0.150135 0.051454 0.540887
-0.121560 0.050233 0.535731
-0.106624 0.041877 0.527260
-0.094736 0.031293 0.517346
-0.089121 0.020198 0.507139
-0.081793 -0.005933 0.486645
-0.078342 -0.025771 0.472594
-0.082831 -0.032156 0.454355
-0.088964 -0.036995 0.438634
-0.234752 -0.043423 0.412629
-0.097502 -0.025174 0.423621
-0.108196 -0.012122 0.416235
-0.238288 -0.065741 0.437966
-0.238071 -0.055075 0.419125
-0.118002 -0.003347 0.409495
-0.134121 0.006789 0.410477
-0.233612 -0.046999 0.383553
-0.135459 0.003892 0.397594
-0.161857 0.003340 0.397605
-0.185997 0.006214 0.413699
-0.186411 0.003070 0.402351
-0.161868 0.019835 0.434463
-0.230181 -0.044603 0.323381
-0.244399 -0.080470 0.375323
-0.238770 -0.065606 0.376935
-0.157576 0.032977 0.476382
-0.238453 -0.060696 0.397537
-0.241696 -0.073707 0.402937
-0.090501 -0.017889 0.427839
-0.087052 -0.024394 0.438792
-0.094827 -0.017918 0.428438
-0.078575 -0.026685 0.435941
-0.104264 -0.006893 0.418753
-0.077091 -0.016325 0.463571
-0.077355 -0.007797 0.470145
-0.083760 0.003077 0.480642
-0.069767 -0.020611 0.461436
-0.074444 -0.023943 0.447795
-0.229161 -0.055393 0.236151
-0.108196 -0.012122 0.416235
-0.097502 -0.025174 0.423621
-0.092456 -0.034014 0.430283
-0.088964 -0.036995 0.438634
-0.235242 -0.060394 0.220739
-0.082831 -0.032156 0.454355
-0.078342 -0.025771 0.472594
-0.081793 -0.005933 0.486645
-0.183360 0.013278 0.376527
-0.182891 -0.000122 0.300712
-0.077355 -0.007797 0.470145
-0.083049 0.010019 0.478017
-0.083760 0.003077 0.480642
-0.067517 -0.017885 0.459720
-0.069767 -0.020611 0.461436
-0.074444 -0.023943 0.447795
-0.069767 -0.020611 0.461436
-0.072023 -0.020775 0.446243
-0.078575 -0.026685 0.435941
-0.075897 -0.023776 0.433955
-0.078575 -0.026685 0.435941
-0.090501 -0.017889 0.427839
-0.101089 -0.004830 0.417216
-0.172033 -0.013920 0.229119
-0.150318 0.011529 0.359534
-0.180775 -0.026215 0.152704
-0.104264 -0.006893 0.418753
-0.108196 -0.012122 0.416235
-0.109455 0.002972 0.408549
-0.118002 -0.003347 0.409495
-0.134497 0.006364 0.394739
-0.124254 0.007561 0.397139
-0.134497 0.006364 0.394739
-0.136072 0.015856 0.385429
-0.145607 0.006697 0.392736
-0.162765 0.006580 0.392795
-0.145607 0.006697 0.392736
-0.147794 0.021902 0.382855
-0.162765 0.006580 0.392795
-0.163951 0.023413 0.383533
-0.134094 0.018416 0.384485
-0.212937 -0.027395 0.144173
-0.196290 -0.027709 0.151047
-0.223186 -0.040411 0.158908
-0.236409 -0.062010 0.173769
-0.153814 0.027477 0.382630
-0.081793 -0.005933 0.486645
-0.089121 0.020198 0.507139
-0.094736 0.031293 0.517346
-0.100362 0.051345 0.494489
-0.179760 -0.024561 0.139733
-0.199725 -0.024832 0.141038
-0.106624 0.041877 0.527260
-0.114020 0.060783 0.503876
-0.243423 -0.074062 0.177453
-0.234270 -0.049285 0.158754
-0.176980 0.012908 0.376385
-0.152445 0.012866 0.374208
-0.180445 0.013150 0.390556
-0.121560 0.050233 0.535731
-0.131373 0.064737 0.518473
-0.150135 0.051454 0.540887
-0.095303 -0.000786 0.431785
-0.220884 -0.021576 0.438170
-0.213709 -0.004810 0.424798
-0.128864 0.038054 0.410149
-0.116899 0.027210 0.418864
-0.108600 0.040972 0.449007
-0.145082 -0.004771 0.303915
-0.134282 0.012619 0.378677
-0.114279 0.060056 0.467250
-0.145758 0.015490 0.378713
-0.211815 0.031920 0.464729
-0.206192 0.050466 0.503194
-0.199868 0.057238 0.476315
-0.173439 0.063879 0.454365
-0.190208 0.063869 0.495855
-0.166755 -0.030095 0.156812
-0.141595 0.027520 0.391166
-0.169704 -0.028917 0.150018
-0.164904 -0.028461 0.140762
-0.159827 0.055911 0.430840
-0.135452 0.070010 0.491987
-0.143594 0.064956 0.451576
-0.151635 -0.036993 0.193289
-0.132184 -0.019353 0.306727
-0.174984 0.066041 0.518086
-0.156075 0.070747 0.473541
-0.187171 0.030147 0.476804
-0.117943 0.002534 0.392672
-0.185002 0.017643 0.435850
-0.092891 -0.022529 0.415580
-0.107167 -0.035918 0.343689
-0.194058 0.000391 0.414300
-0.192941 0.009976 0.435461
-0.185356 0.031354 0.526116
-0.099001 -0.032042 0.392436
-0.201735 0.012034 0.505165
-0.101952 -0.049893 0.351083
-0.191014 0.036806 0.534146
-0.123922 -0.048480 0.270748
-0.211540 0.011888 0.514334
-0.206495 -0.009672 0.429862
-0.216307 -0.020396 0.480504
-0.216424 -0.028356 0.453663
-0.226086 -0.035250 0.452233
-0.225974 -0.033851 0.446139
-0.226739 -0.026103 0.488669
-0.226264 -0.029256 0.483155
-0.234954 -0.071634 0.185649
-0.234848 -0.076433 0.196056
-0.168175 0.050607 0.542139
-0.178703 0.048869 0.541046
-0.193605 0.042432 0.534046
-0.207582 0.032769 0.527068
-0.221343 0.002068 0.505062
-0.150100 -0.039806 0.145388
-0.227159 -0.012870 0.495858
-0.230594 -0.023308 0.487763
-0.230976 -0.027336 0.482106
-0.230133 -0.030226 0.468764
-0.230601 -0.033745 0.452986
-0.230347 -0.032189 0.445996
-0.131751 -0.068772 0.163862
-0.138497 -0.059746 0.172937
-0.142986 -0.053693 0.148982
-0.131875 -0.054002 0.226009
-0.222815 -0.022432 0.437367
-0.210664 -0.009155 0.428522
-0.199295 0.001761 0.410565
-0.190486 0.006648 0.398919
-0.181405 0.006421 0.394949
-0.171271 0.006449 0.393376
-0.180264 0.021973 0.386336
-0.171271 0.006449 0.393376
-0.181405 0.006421 0.394949
-0.192420 0.015803 0.392037
-0.190486 0.006648 0.398919
-0.118632 -0.065172 0.273359
-0.107330 -0.055062 0.326272
-0.206646 0.007231 0.407955
-0.210664 -0.009155 0.428522
-0.216224 -0.007671 0.429298
-0.199295 0.001761 0.410565
-0.130385 -0.069594 0.222690
-0.219461 -0.005577 0.428864
-0.194567 0.018187 0.391588
-0.182328 0.024488 0.386651
-0.112484 -0.063599 0.303055
-0.103118 -0.097505 0.344467
-0.228485 -0.017915 0.439372
-0.216224 -0.007671 0.429298
-0.232129 -0.023948 0.450098
-0.237955 -0.026846 0.448367
-0.240589 -0.023859 0.464235
-0.234617 -0.018909 0.479573
-0.094152 -0.082258 0.358627
-0.241860 -0.020331 0.478914
-0.231546 -0.006305 0.486366
-0.241860 -0.020331 0.478914
-0.235254 -0.004322 0.484960
-0.244364 -0.017335 0.477726
-0.096880 -0.066152 0.361194
-0.231546 -0.006305 0.486366
-0.225083 0.010769 0.492931
-0.241860 -0.020331 0.478914
-0.243116 -0.020471 0.463728
-0.240589 -0.023859 0.464235
-0.240889 -0.024806 0.447794
-0.237955 -0.026846 0.448367
-0.081302 -0.063038 0.438766
-0.088917 -0.074736 0.389990
-0.092642 -0.060278 0.382729
-0.237955 -0.026846 0.448367
-0.231049 -0.015642 0.438943
-0.228485 -0.017915 0.439372
-0.222815 -0.022432 0.437367
-0.089902 -0.034062 0.428895
-0.210664 -0.009155 0.428522
-0.230347 -0.032189 0.445996
-0.230601 -0.033745 0.452986
-0.230133 -0.030226 0.468764
-0.095301 -0.021161 0.423217
-0.109101 -0.003806 0.413670
-0.230976 -0.027336 0.482106
-0.135281 0.012553 0.387199
-0.145930 0.013871 0.386939
-0.087907 -0.054088 0.402723
-0.091901 -0.042174 0.397367
-0.230594 -0.023308 0.487763
-0.227159 -0.012870 0.495858
-0.168175 0.050607 0.542139
-0.178703 0.048869 0.541046
-0.221963 0.006040 0.497091
-0.221343 0.002068 0.505062
-0.221963 0.006040 0.497091
-0.097386 -0.048007 0.393039
-0.094648 -0.055413 0.396450
-0.221343 0.002068 0.505062
-0.217696 0.025524 0.502746
-0.207582 0.032769 0.527068
-0.193605 0.042432 0.534046
-0.193466 0.053729 0.523955
-0.230931 -0.047576 0.407493
-0.232939 -0.055035 0.411596
-0.236146 -0.059239 0.393947
-0.100938 -0.107811 0.363081
-0.095038 -0.101724 0.394549
-0.196635 0.038823 0.421054
-0.174440 0.029842 0.394325
-0.095756 -0.096300 0.415322
-0.221746 -0.000260 0.444483
-0.085886 -0.077248 0.443397
-0.086878 -0.084698 0.447177
-0.085968 -0.061750 0.450420
-0.084867 -0.079558 0.453628
-0.088923 -0.051398 0.436476
-0.097874 -0.033599 0.444293
-0.103018 -0.024396 0.426657
-0.113806 -0.006641 0.417387
-0.111664 -0.008820 0.434221
-0.138102 0.007431 0.392505
-0.139136 0.009752 0.409027
-0.118126 -0.002362 0.426359
-0.147528 0.009872 0.397271
-0.151920 0.009352 0.406993
-0.149532 0.007854 0.387376
-0.176074 0.009465 0.399732
-0.184034 0.009121 0.411950
-0.219412 -0.126983 0.424469
-0.231105 -0.110234 0.390592
-0.228861 -0.104667 0.422254
-0.188265 0.006879 0.397810
-0.174010 0.016377 0.398645
-0.150228 0.015785 0.395935
-0.175626 0.022278 0.385730
-0.150731 0.020881 0.390717
-0.219960 -0.132622 0.394552
-0.219960 -0.132622 0.394552
-0.227226 -0.135442 0.393545
-0.231105 -0.110234 0.390592
-0.153043 0.018644 0.377273
-0.229787 -0.090093 0.421870
-0.234347 -0.087503 0.390649
-0.232242 -0.085566 0.419995
-0.149400 0.012675 0.380980
-0.236384 -0.093942 0.386095
-0.229787 -0.090093 0.421870
-0.180192 0.007419 0.393267
-0.209976 -0.008094 0.426062
-0.236384 -0.093942 0.386095
-0.100925 -0.088991 0.411830
-0.103987 -0.095367 0.377919
-0.103207 -0.096942 0.410082
-0.108674 -0.118227 0.414576
-0.112408 -0.125716 0.382974
-0.209413 -0.008073 0.442538
-0.120664 -0.138258 0.418778
-0.124674 -0.145095 0.387161
-0.227085 -0.030608 0.452746
-0.139572 -0.152922 0.422502
-0.143798 -0.158526 0.391965
-0.160554 -0.157647 0.424685
-0.163237 -0.161965 0.394306
-0.237222 -0.059489 0.456798
-0.184667 -0.154713 0.426032
-0.187432 -0.159050 0.396022
-0.206223 -0.147613 0.396277
-0.203458 -0.142518 0.426083
-0.230869 -0.092534 0.235344
-0.230269 -0.104914 0.202595
-0.232218 -0.095927 0.199069
-0.230538 -0.101921 0.234878
-0.232913 -0.104581 0.200057
-0.229259 -0.077267 0.229038
-0.236708 -0.088946 0.438866
-0.228740 -0.079266 0.201165
-0.241909 -0.093074 0.423455
-0.240436 -0.078558 0.463258
-0.226854 -0.079180 0.197951
-0.229259 -0.077267 0.229038
-0.228740 -0.079266 0.201165
-0.226763 -0.074966 0.233942
-0.136854 -0.095179 0.193996
-0.134766 -0.069889 0.223481
-0.140837 -0.074586 0.189755
-0.132479 -0.092280 0.225421
-0.135809 -0.116809 0.227569
-0.140594 -0.119452 0.196379
-0.145809 -0.138210 0.230093
-0.151520 -0.139874 0.199518
-0.244193 -0.104209 0.374145
-0.245142 -0.101251 0.389563
-0.161813 -0.153759 0.232680
-0.166260 -0.152872 0.202230
-0.180853 -0.159015 0.204373
-0.176993 -0.160001 0.234983
-0.191121 -0.160693 0.236137
-0.193599 -0.159653 0.204982
-0.243874 -0.099763 0.362475
-0.236525 -0.064436 0.314739
-0.209016 -0.153735 0.205601
-0.209913 -0.152464 0.237074
-0.220434 -0.141387 0.205576
-0.221476 -0.138715 0.237265
-0.227348 -0.125904 0.204190
-0.228286 -0.123019 0.236520
-0.234847 -0.064745 0.295754
-0.234097 -0.105463 0.202552
-0.232913 -0.104581 0.200057
-0.230269 -0.104914 0.202595
-0.238714 -0.103866 0.200710
-0.237558 -0.099895 0.236578
-0.234561 -0.102360 0.234766
-0.230538 -0.101921 0.234878
-0.233425 -0.072098 0.238258
-0.140837 -0.074586 0.189755
-0.134766 -0.069889 0.223481
-0.139371 -0.062817 0.226461
-0.134766 -0.069889 0.223481
-0.134210 -0.069333 0.227055
-0.180042 -0.162730 0.204129
-0.193599 -0.159653 0.204982
-0.180853 -0.159015 0.204373
-0.194209 -0.163387 0.204916
-0.209016 -0.153735 0.205601
-0.241010 -0.067593 0.466900
-0.211124 -0.156859 0.205640
-0.223611 -0.143499 0.205605
-0.220434 -0.141387 0.205576
-0.231027 -0.126970 0.204172
-0.227348 -0.125904 0.204190
-0.236877 -0.096557 0.421760
-0.239257 -0.100076 0.404380
-0.240983 -0.102172 0.387816
-0.236877 -0.096557 0.421760
-0.239257 -0.100076 0.404380
-0.233892 -0.106222 0.420715
-0.236039 -0.110910 0.391935
-0.240983 -0.102172 0.387816
-0.224875 -0.130263 0.425734
-0.164281 -0.156116 0.201867
-0.166260 -0.152872 0.202230
-0.151520 -0.139874 0.199518
-0.099498 -0.098178 0.408296
-0.101902 -0.104264 0.377830
-0.101902 -0.104264 0.377830
-0.099498 -0.098178 0.408296
-0.108740 -0.127407 0.383042
-0.104908 -0.120109 0.412922
-0.148588 -0.142265 0.199085
-0.121781 -0.147819 0.387342
-0.117634 -0.141249 0.417427
-0.137879 -0.156876 0.421406
-0.142223 -0.162133 0.392387
-0.160433 -0.162030 0.423749
-0.163074 -0.165928 0.394863
-0.186182 -0.158808 0.425196
-0.188685 -0.162753 0.396665
-0.208736 -0.150662 0.396957
-0.206255 -0.145967 0.425291
-0.221166 -0.130766 0.423652
-0.222986 -0.135231 0.395334
-0.239529 -0.104482 0.375164
-0.239628 -0.100991 0.363292
-0.137027 -0.120704 0.195887
-0.140594 -0.119452 0.196379
-0.235202 -0.074148 0.325324
-0.232726 -0.066939 0.314379
-0.133060 -0.095340 0.193442
-0.136854 -0.095179 0.193996
-0.231590 -0.067387 0.297043
-0.140837 -0.074586 0.189755
-0.230394 -0.074169 0.240023
-0.231303 -0.073995 0.231879
-0.226763 -0.074966 0.233942
-0.135822 -0.072613 0.191787
-0.191121 -0.160693 0.236137
-0.176169 -0.163883 0.234730
-0.176993 -0.160001 0.234983
-0.191850 -0.164556 0.236073
-0.224862 -0.140827 0.237289
-0.209913 -0.152464 0.237074
-0.221476 -0.138715 0.237265
-0.212257 -0.155622 0.237119
-0.228286 -0.123019 0.236520
-0.232141 -0.124048 0.236485
-0.161813 -0.153759 0.232680
-0.159690 -0.157083 0.232288
-0.142631 -0.140542 0.229613
-0.145809 -0.138210 0.230093
-0.132033 -0.117980 0.227033
-0.135809 -0.116809 0.227569
-0.128515 -0.092421 0.224830
-0.132479 -0.092280 0.225421
-0.130385 -0.069594 0.222690
-0.134766 -0.069889 0.223481
-0.236716 -0.093646 0.423959
-0.234638 -0.075794 0.228346
-0.235347 -0.079201 0.201452
-0.099112 -0.094880 0.414236
-0.103207 -0.096942 0.410082
-0.099112 -0.094880 0.414236
-0.229259 -0.077267 0.229038
-0.234638 -0.075794 0.228346
-0.229259 -0.077267 0.229038
-0.230869 -0.092534 0.235344
-0.235347 -0.079201 0.201452
-0.206223 -0.147613 0.396277
-0.237855 -0.079013 0.179618
-0.226854 -0.079180 0.197951
-0.228740 -0.079266 0.201165
-0.187432 -0.159050 0.396022
-0.163237 -0.161965 0.394306
-0.143798 -0.158526 0.391965
-0.226966 -0.043418 0.148670
-0.239352 -0.065368 0.165998
-0.124674 -0.145095 0.387161
-0.112408 -0.125716 0.382974
-0.211594 -0.030441 0.141450
-0.103987 -0.095367 0.377919
-0.180613 -0.029054 0.137700
-0.166301 -0.032012 0.138140
-0.152246 -0.043119 0.142769
-0.236716 -0.093646 0.423959
-0.229787 -0.090093 0.421870
-0.219412 -0.126983 0.424469
-0.203458 -0.142518 0.426083
-0.184667 -0.154713 0.426032
-0.135822 -0.072613 0.191787
-0.160554 -0.157647 0.424685
-0.139572 -0.152922 0.422502
-0.120664 -0.138258 0.418778
-0.108674 -0.118227 0.414576
-0.103207 -0.096942 0.410082
-0.228861 -0.104667 0.422254
-0.100925 -0.088991 0.411830
-0.092091 -0.065360 0.444398
-0.103987 -0.095367 0.377919
-0.110303 -0.079320 0.340451
-0.121926 -0.038676 0.347645
-0.120596 -0.059266 0.311598
-0.107360 -0.043343 0.403556
-0.105133 -0.107478 0.364247
-0.101902 -0.104264 0.377830
-0.105394 -0.105095 0.354855
-0.112703 -0.072924 0.314582
-0.116151 -0.065106 0.304030
-0.097454 -0.091553 0.429382
-0.114002 -0.017053 0.430186
-0.091227 -0.084101 0.447650
-0.116540 -0.027926 0.395894
-0.087979 -0.079431 0.453617
-0.087623 -0.073010 0.454259
-0.099112 -0.094880 0.414236
-0.089065 -0.062398 0.451436
-0.177792 0.011513 0.383899
-0.101079 -0.034874 0.445087
-0.114284 -0.011064 0.436321
-0.137898 -0.005493 0.406612
-0.121472 -0.004058 0.427638
-0.140345 0.006028 0.410571
-0.152659 -0.002602 0.402700
-0.154816 -0.023955 0.379611
-0.223562 -0.061019 0.413767
-0.216497 -0.031871 0.439870
-0.226455 -0.058994 0.454067
-0.189247 0.001759 0.420535
-0.189174 -0.015390 0.399277
-0.182406 0.004766 0.414165
-0.116151 -0.065106 0.304030
-0.170491 0.005033 0.410544
-0.112703 -0.072924 0.314582
-0.213440 -0.033818 0.382755
-0.202291 -0.014953 0.423164
-0.205671 -0.011123 0.442430
-0.105394 -0.105095 0.354855
-0.105133 -0.107478 0.364247
-0.181065 -0.023269 0.381257
-0.097454 -0.091553 0.429382
-0.091227 -0.084101 0.447650
-0.087979 -0.079431 0.453617
-0.087623 -0.073010 0.454259
-0.231615 -0.090715 0.439305
-0.089065 -0.062398 0.451436
-0.223297 -0.033139 0.453631
-0.101079 -0.034874 0.445087
-0.114284 -0.011064 0.436321
-0.121472 -0.004058 0.427638
-0.140345 0.006028 0.410571
-0.235808 -0.069097 0.467752
-0.237620 -0.074977 0.467703
-0.236008 -0.078745 0.464369
-0.170491 0.005033 0.410544
-0.182406 0.004766 0.414165
-0.234462 -0.085198 0.453727
-0.189247 0.001759 0.420535
-0.205671 -0.011123 0.442430
-0.223297 -0.033139 0.453631
-0.231413 -0.075996 0.346543
-0.236384 -0.093942 0.386095
-0.235808 -0.069097 0.467752
-0.237620 -0.074977 0.467703
-0.239529 -0.104482 0.375164
-0.240983 -0.102172 0.387816
-0.236008 -0.078745 0.464369
-0.234462 -0.085198 0.453727
-0.239628 -0.100991 0.363292
-0.231615 -0.090715 0.439305
-0.236716 -0.093646 0.423959
-0.235202 -0.074148 0.325324
-0.232726 -0.066939 0.314379
-0.225474 -0.058736 0.316847
-0.138623 -0.075477 0.173336
-0.140837 -0.074586 0.189755
-0.134218 -0.071876 0.162398
-0.215554 -0.050609 0.266717
-0.232218 -0.095927 0.199069
-0.228740 -0.079266 0.201165
-0.183289 -0.034757 0.349897
-0.157239 -0.042864 0.312040
-0.186328 -0.047992 0.273178
-0.168510 -0.052939 0.205498
-0.204227 -0.053959 0.206617
-0.174967 -0.049906 0.172912
-0.205925 -0.051573 0.177544
-0.180613 -0.029054 0.137700
-0.177541 -0.039149 0.150059
-0.211594 -0.030441 0.141450
-0.152246 -0.043119 0.142769
-0.160703 -0.049171 0.154114
-0.166301 -0.032012 0.138140
-0.226966 -0.043418 0.148670
-0.213710 -0.044046 0.155001
-0.221947 -0.066026 0.231690
-0.230394 -0.074169 0.240023
-0.231590 -0.067387 0.297043
-0.142986 -0.053693 0.148982
-0.237855 -0.079013 0.179618
-0.239352 -0.065368 0.165998
-0.218263 -0.057660 0.204229
-0.243423 -0.074062 0.177453
-0.141446 -0.050231 0.250335
-0.134218 -0.071876 0.162398
-0.129934 -0.057727 0.273001
-0.138623 -0.075477 0.173336
-0.134210 -0.069333 0.227055
-0.219354 -0.059726 0.179842
-0.154331 -0.057036 0.174117
-0.213589 -0.008263 0.388120
-0.217103 -0.007198 0.419141
-0.207799 0.001817 0.402439
-0.196789 0.006883 0.363862
-0.195340 0.011801 0.385847
-0.213188 -0.018944 0.316102
-0.200182 -0.004802 0.307402
-0.213578 -0.024504 0.281109
-0.202056 -0.011154 0.271545
-0.215024 -0.029525 0.243836
-0.204028 -0.017917 0.233461
-0.216657 -0.034799 0.205509
-0.206575 -0.024447 0.196212
-0.213688 -0.013898 0.354518
-0.198540 0.000884 0.335967
-0.228755 -0.030207 0.380233
-0.229093 -0.034871 0.355625
-0.227417 -0.022053 0.430212
-0.228233 -0.026161 0.405630
-0.218449 -0.039885 0.167446
-0.208737 -0.030245 0.160167
-0.222234 -0.039425 0.162364
-0.212603 -0.029683 0.154922
-0.236897 -0.058553 0.176890
-0.233195 -0.060882 0.182985
-0.218406 -0.042237 0.171900
-0.216328 -0.038023 0.205880
-0.214421 -0.032742 0.244481
-0.213204 -0.026857 0.281707
-0.212673 -0.021647 0.314835
-0.229474 -0.039402 0.355015
-0.228509 -0.034455 0.380253
-0.227906 -0.030401 0.405974
-0.227010 -0.024992 0.434271
-0.233103 -0.044202 0.383205
-0.232375 -0.040340 0.408941
-0.231458 -0.037533 0.426306
-0.230187 -0.034251 0.442520
-0.236013 -0.054153 0.434471
-0.234569 -0.050451 0.449237
-0.239048 -0.054806 0.419082
-0.235758 -0.042879 0.412559
-0.234378 -0.046828 0.383545
-0.233832 -0.050638 0.362013
-0.235051 -0.056707 0.339809
-0.230005 -0.044601 0.323413
-0.240287 -0.069797 0.359552
-0.238770 -0.065606 0.376935
-0.243542 -0.080593 0.375328
-0.242634 -0.077288 0.388613
-0.238780 -0.062433 0.397982
-0.241353 -0.073703 0.402880
-0.237637 -0.057648 0.419435
-0.239646 -0.069021 0.423444
-0.238494 -0.065819 0.437975
-0.237364 -0.061351 0.453354
-0.238692 -0.060697 0.397555
-0.228727 -0.047540 0.291545
-0.228802 -0.052519 0.254047
-0.221470 -0.043542 0.228869
-0.229026 -0.055501 0.236144
-0.223641 -0.048171 0.194931
-0.231564 -0.060348 0.191746
-0.230664 -0.054294 0.230247
-0.232073 -0.058123 0.196899
-0.183386 0.013462 0.376482
-0.182621 0.010502 0.361983
-0.181134 0.005756 0.331731
-0.158772 0.005871 0.329380
-0.150281 0.011435 0.359543
-0.182885 -0.000469 0.300735
-0.162616 0.000003 0.301593
-0.185619 -0.006820 0.266611
-0.167691 -0.007002 0.264395
-0.188643 -0.013586 0.230635
-0.172003 -0.013679 0.229083
-0.191891 -0.020222 0.194261
-0.176347 -0.020169 0.193130
-0.195089 -0.026492 0.157822
-0.180728 -0.026444 0.156060
-0.195749 -0.026038 0.154263
-0.206753 -0.028451 0.156741
-0.180591 -0.025938 0.152723
-0.196264 -0.028150 0.150970
-0.206118 -0.030128 0.153542
-0.180658 -0.028186 0.149355
-0.212268 -0.030891 0.151143
-0.222946 -0.040672 0.158819
-0.236424 -0.062030 0.173766
-0.232402 -0.063764 0.182042
-0.198510 -0.025612 0.146427
-0.180527 -0.025778 0.145047
-0.199705 -0.025020 0.141034
-0.179778 -0.024790 0.139659
-0.212429 -0.027674 0.144260
-0.227346 -0.040082 0.151936
-0.233725 -0.049639 0.158844
-0.240394 -0.062886 0.168696
-0.176826 0.012455 0.376614
-0.152445 0.012866 0.374208
-0.183600 0.014726 0.383085
-0.182287 0.012533 0.385828
-0.182264 0.011510 0.380569
-0.181420 0.011819 0.377264
-0.203049 0.002957 0.408344
-0.212848 -0.005899 0.424669
-0.223717 -0.020847 0.436570
-0.192267 0.010005 0.394845
-0.182772 0.013120 0.391474
-0.144891 -0.004452 0.303844
-0.141357 0.001016 0.329694
-0.150610 -0.011793 0.265074
-0.137093 0.008361 0.359578
-0.145765 0.015498 0.378713
-0.134351 0.012493 0.378704
-0.156090 -0.018201 0.229486
-0.161469 -0.024083 0.193987
-0.166691 -0.029843 0.156711
-0.168729 -0.027874 0.152854
-0.169747 -0.029248 0.150035
-0.165401 -0.029870 0.145883
-0.164212 -0.028822 0.149145
-0.164894 -0.028467 0.140714
-0.217509 -0.030581 0.146176
-0.150408 -0.036343 0.193021
-0.154953 -0.040884 0.161677
-0.145260 -0.031175 0.228278
-0.139187 -0.025309 0.264683
-0.131217 -0.019001 0.306430
-0.123822 -0.015264 0.338331
-0.116644 -0.008378 0.373972
-0.118309 0.002318 0.392741
-0.093242 -0.022794 0.415610
-0.098617 -0.028461 0.387468
-0.104724 -0.008354 0.408512
-0.107237 -0.035809 0.343726
-0.102949 -0.032628 0.365033
-0.098696 -0.031921 0.392334
-0.093097 -0.025858 0.420101
-0.103548 -0.036969 0.365657
-0.107984 -0.040688 0.342055
-0.130849 -0.023908 0.305720
-0.138596 -0.029782 0.265793
-0.144739 -0.035106 0.229460
-0.149988 -0.039839 0.193652
-0.153626 -0.043048 0.164022
-0.152293 -0.039715 0.154844
-0.238639 -0.070065 0.180682
-0.242847 -0.074007 0.177518
-0.240292 -0.075993 0.182594
-0.235571 -0.071554 0.185660
-0.236536 -0.077059 0.187224
-0.233690 -0.070667 0.194475
-0.235023 -0.076402 0.196031
-0.230499 -0.063045 0.193150
-0.152226 -0.040788 0.150370
-0.151041 -0.040485 0.145329
-0.145534 -0.047055 0.158497
-0.144983 -0.048585 0.154841
-0.142212 -0.050593 0.151218
-0.138322 -0.060046 0.172866
-0.136155 -0.059067 0.166093
-0.136243 -0.062875 0.163574
-0.135325 -0.062445 0.159092
-0.144125 -0.049844 0.185173
-0.137950 -0.059371 0.182931
-0.137285 -0.057641 0.185832
-0.136212 -0.056813 0.191862
-0.138958 -0.045227 0.219971
-0.131972 -0.054081 0.226003
-0.131597 -0.053048 0.220967
-0.129224 -0.051939 0.242190
-0.115001 -0.043673 0.311199
-0.123976 -0.048542 0.270785
-0.107556 -0.055064 0.326342
-0.119751 -0.058778 0.273349
-0.112330 -0.057692 0.305645
-0.108768 -0.066695 0.317538
-0.125477 -0.061728 0.243611
-0.129327 -0.062581 0.226878
-0.125459 -0.067257 0.243777
-0.129172 -0.068173 0.227180
-0.119505 -0.065256 0.273574
-0.112891 -0.063638 0.303125
-0.109635 -0.071225 0.314276
-0.104239 -0.081877 0.337101
-0.099364 -0.070681 0.345038
-0.105715 -0.086582 0.332980
-0.100629 -0.092723 0.350234
-0.094143 -0.082276 0.358636
-0.103542 -0.097476 0.344599
-0.102300 -0.050163 0.351275
-0.096917 -0.066193 0.361209
-0.092208 -0.079254 0.371332
-0.084654 -0.050853 0.434509
-0.086341 -0.054310 0.418902
-0.089750 -0.034035 0.428841
-0.091716 -0.037059 0.412512
-0.083209 -0.066986 0.423390
-0.081483 -0.062939 0.438903
-0.085676 -0.070597 0.408489
-0.088635 -0.057961 0.402878
-0.088715 -0.074865 0.389967
-0.092444 -0.062110 0.382203
-0.098568 -0.044696 0.372581
-0.094293 -0.040005 0.395432
-0.095258 -0.021150 0.423213
-0.109655 -0.004432 0.413667
-0.122797 0.005115 0.398871
-0.135316 0.012391 0.387152
-0.145930 0.013871 0.386939
-0.087423 -0.054130 0.402615
-0.091490 -0.041917 0.397246
-0.097530 -0.046466 0.373575
-0.092427 -0.060264 0.382697
-0.097242 -0.047931 0.393006
-0.094759 -0.055536 0.396494
-0.095431 -0.059343 0.381417
-0.099198 -0.049998 0.376583
-0.230931 -0.047576 0.407493
-0.232939 -0.055035 0.411596
-0.235888 -0.059360 0.393972
-0.233324 -0.050210 0.384329
-0.096332 -0.095659 0.377002
-0.093834 -0.092631 0.393175
-0.094607 -0.101656 0.394486
-0.097614 -0.105269 0.379746
-0.093486 -0.087919 0.411186
-0.093393 -0.097516 0.408647
-0.099758 -0.100575 0.359898
-0.102585 -0.104995 0.354362
-0.100727 -0.107643 0.363075
-0.094781 -0.096435 0.415121
-0.091919 -0.084451 0.425360
-0.092618 -0.092417 0.429079
-0.085040 -0.077555 0.443329
-0.086961 -0.084446 0.447106
-0.083970 -0.063543 0.441169
-0.088971 -0.051429 0.436460
-0.086006 -0.061764 0.450324
-0.091432 -0.048613 0.447891
-0.084190 -0.073458 0.452909
-0.085198 -0.079583 0.453430
-0.098115 -0.033788 0.444099
-0.096709 -0.035788 0.430844
-0.103081 -0.024437 0.426637
-0.113892 -0.006937 0.417321
-0.103704 -0.022095 0.439294
-0.111799 -0.008908 0.434191
-0.129208 0.003764 0.401855
-0.138280 0.006760 0.392347
-0.139286 0.009431 0.408976
-0.129955 0.004967 0.415556
-0.118240 -0.002551 0.426350
-0.147527 0.009872 0.397271
-0.151918 0.009431 0.407075
-0.147330 0.007886 0.388651
-0.176144 0.009591 0.399768
-0.170945 0.008805 0.408845
-0.183900 0.008821 0.411940
-0.188363 0.006350 0.397500
-0.173782 0.015931 0.398376
-0.150228 0.015785 0.395935
-0.175241 0.021591 0.385738
-0.174255 0.020460 0.393061
-0.152169 0.021558 0.383893
-0.150989 0.020315 0.390822
-0.176022 0.018345 0.380022
-0.153284 0.018141 0.377414
-0.148735 0.012661 0.374377
-0.149423 0.012702 0.380979
-0.180335 0.007651 0.393316
-0.198720 0.000667 0.409795
-0.191906 0.004399 0.420405
-0.209950 -0.008100 0.426083
-0.201185 -0.001696 0.432058
-0.220553 -0.021991 0.437651
-0.209193 -0.008605 0.442325
-0.219742 -0.020351 0.447415
-0.227058 -0.033206 0.443636
-0.226713 -0.030878 0.452552
-0.231934 -0.049244 0.450786
-0.232868 -0.044679 0.458387
-0.237527 -0.059425 0.456482
-0.237481 -0.057234 0.463297
-0.239948 -0.081620 0.422899
-0.243637 -0.085683 0.404871
-0.240919 -0.092935 0.423340
-0.243910 -0.096764 0.406062
-0.237230 -0.078673 0.438324
-0.236127 -0.088898 0.438749
-0.238695 -0.075076 0.452746
-0.236990 -0.084706 0.453057
-0.244778 -0.089879 0.389181
-0.244694 -0.101164 0.389491
-0.245128 -0.093501 0.374228
-0.243789 -0.104194 0.374169
-0.244203 -0.091987 0.367374
-0.241545 -0.079394 0.351279
-0.243388 -0.099662 0.362594
-0.241643 -0.086167 0.344908
-0.238005 -0.065728 0.331177
-0.237732 -0.072485 0.324845
-0.233876 -0.055755 0.317725
-0.235936 -0.064502 0.314851
-0.232120 -0.056395 0.293681
-0.234690 -0.064760 0.295766
-0.232170 -0.060635 0.258996
-0.233841 -0.068928 0.260939
-0.232282 -0.063627 0.238567
-0.232917 -0.072171 0.238256
-0.240157 -0.078447 0.463257
-0.240888 -0.071291 0.459802
-0.240614 -0.067800 0.466504
-0.241106 -0.073300 0.466835
-0.236877 -0.096557 0.421760
-0.239258 -0.100077 0.404380
-0.240983 -0.102172 0.387816
-0.236877 -0.096557 0.421760
-0.239258 -0.100077 0.404380
-0.233917 -0.106233 0.420718
-0.234926 -0.108217 0.407416
-0.236061 -0.110920 0.391938
-0.240983 -0.102172 0.387816
-0.224875 -0.130263 0.425734
-0.227289 -0.135366 0.393688
-0.099218 -0.098291 0.408262
-0.101222 -0.101692 0.393862
-0.101637 -0.104321 0.377993
-0.101637 -0.104321 0.377993
-0.101222 -0.101692 0.393862
-0.108732 -0.127411 0.383041
-0.104908 -0.120109 0.412922
-0.099218 -0.098291 0.408262
-0.121781 -0.147819 0.387342
-0.117634 -0.141249 0.417427
-0.137879 -0.156876 0.421406
-0.142223 -0.162133 0.392387
-0.160433 -0.162030 0.423749
-0.163074 -0.165928 0.394863
-0.186182 -0.158808 0.425196
-0.188685 -0.162753 0.396665
-0.208736 -0.150662 0.396957
-0.206255 -0.145967 0.425291
-0.221166 -0.130766 0.423652
-0.222986 -0.135231 0.395334
-0.240073 -0.104280 0.375188
-0.239554 -0.101026 0.363276
-0.238137 -0.088632 0.346020
-0.235147 -0.074164 0.325319
-0.232726 -0.066939 0.314379
-0.231825 -0.067194 0.297008
-0.231031 -0.071177 0.261361
-0.230529 -0.074074 0.239991
-0.231263 -0.073984 0.231852
-0.226763 -0.074966 0.233942
-0.231097 -0.064164 0.232987
-0.228696 -0.057954 0.231555
-0.232798 -0.064294 0.231367
-0.233834 -0.073805 0.230640
-0.233967 -0.069477 0.199192
-0.234692 -0.077599 0.199190
-0.235307 -0.060363 0.220701
-0.235809 -0.062555 0.206063
-0.235097 -0.069247 0.222106
-0.235474 -0.071240 0.206131
-0.234491 -0.075823 0.228226
-0.235154 -0.079235 0.201702
-0.237242 -0.095389 0.199902
-0.238340 -0.103898 0.201299
-0.235885 -0.092116 0.234543
-0.237357 -0.100106 0.235935
-0.229229 -0.077299 0.228952
-0.234491 -0.075823 0.228226
-0.229229 -0.077299 0.228952
-0.230872 -0.092530 0.235331
-0.232024 -0.100372 0.236401
-0.235154 -0.079235 0.201702
-0.233107 -0.079086 0.186311
-0.227400 -0.078793 0.198030
-0.228740 -0.079266 0.201165
-0.238177 -0.078198 0.180088
-0.241493 -0.075430 0.175693
-0.239153 -0.065230 0.166233
-0.232264 -0.052691 0.155230
-0.226629 -0.043396 0.149093
-0.216649 -0.033757 0.143494
-0.211492 -0.030767 0.141626
-0.199416 -0.029245 0.139606
-0.180604 -0.029039 0.137818
-0.166301 -0.032012 0.138140
-0.152246 -0.043119 0.142769
-0.143133 -0.053691 0.149125
-0.137199 -0.064906 0.156823
-0.134150 -0.057195 0.220875
-0.138340 -0.060865 0.192321
-0.132006 -0.064449 0.221060
-0.130614 -0.069677 0.222801
-0.136576 -0.066937 0.192352
-0.135243 -0.072582 0.191575
-0.136880 -0.071986 0.190879
-0.136959 -0.067374 0.188438
-0.134713 -0.071934 0.184233
-0.135242 -0.067405 0.183974
-0.135856 -0.068058 0.173818
-0.134771 -0.072752 0.174110
-0.132327 -0.071923 0.167802
-0.134280 -0.067279 0.167630
-0.132217 -0.068731 0.164014
-0.138065 -0.063691 0.171456
-0.137981 -0.062175 0.182954
-0.138762 -0.061793 0.187821
-0.135243 -0.072582 0.191575
-0.130614 -0.069677 0.222801
-0.133060 -0.095340 0.193442
-0.128515 -0.092421 0.224830
-0.132033 -0.117980 0.227033
-0.137027 -0.120704 0.195887
-0.142631 -0.140542 0.229613
-0.148588 -0.142265 0.199085
-0.159690 -0.157083 0.232288
-0.164281 -0.156116 0.201867
-0.180042 -0.162730 0.204129
-0.176169 -0.163883 0.234730
-0.234561 -0.102360 0.234766
-0.234097 -0.105463 0.202552
-0.232141 -0.124048 0.236485
-0.231027 -0.126970 0.204172
-0.224862 -0.140827 0.237289
-0.223611 -0.143499 0.205605
-0.212257 -0.155622 0.237119
-0.211124 -0.156859 0.205640
-0.191850 -0.164556 0.236073
-0.194209 -0.163387 0.204916
-0.180535 0.012693 0.390371
-0.177943 0.011872 0.383957
-0.176922 0.007667 0.390718
-0.177836 0.011838 0.380011
-0.149511 0.007822 0.387343
-0.122654 -0.066133 0.274279
-0.116211 -0.065350 0.304058
-0.112787 -0.073022 0.314518
-0.108904 -0.087170 0.333133
-0.106738 -0.097230 0.344315
-0.105505 -0.105010 0.354908
-0.103621 -0.107124 0.364005
-0.099112 -0.094880 0.414236
-0.096678 -0.091396 0.429165
-0.090872 -0.084088 0.447526
-0.087979 -0.079431 0.453617
-0.087623 -0.073010 0.454259
-0.089058 -0.062407 0.451413
-0.094427 -0.049732 0.448494
-0.101133 -0.034891 0.445011
-0.106353 -0.022767 0.441196
-0.114321 -0.011142 0.436178
-0.121534 -0.004063 0.427688
-0.132897 0.002584 0.416391
-0.140502 0.006014 0.411109
-0.151491 0.005364 0.409210
-0.170580 0.005091 0.410598
-0.182342 0.004722 0.414201
-0.189089 0.001612 0.420608
-0.197829 -0.004685 0.431912
-0.205743 -0.011135 0.442350
-0.216175 -0.022487 0.448784
-0.223322 -0.033195 0.453433
-0.228895 -0.045885 0.458823
-0.233239 -0.058174 0.463808
-0.235776 -0.069180 0.467573
-0.237568 -0.074959 0.467658
-0.236350 -0.078651 0.464211
-0.234504 -0.085047 0.453651
-0.233296 -0.090122 0.439034
-0.236716 -0.093646 0.423959
-0.128490 -0.068234 0.244613
-0.134350 -0.069303 0.227098
-0.137790 -0.074187 0.182867
-0.140589 -0.074430 0.189658
-0.138603 -0.075086 0.173502
-0.135525 -0.074024 0.166599
-0.134264 -0.071561 0.162664
-0.232143 -0.095933 0.199188
-0.228740 -0.079266 0.201165
-0.232913 -0.104581 0.200057
-0.151491 0.005364 0.409210
-0.170580 0.005091 0.410598
-0.152658 -0.002602 0.402711
-0.171828 -0.001963 0.403394
-0.181069 -0.023266 0.381246
-0.183316 -0.034416 0.349840
-0.154770 -0.023217 0.379385
-0.155906 -0.034172 0.348599
-0.157206 -0.041802 0.311825
-0.184874 -0.042132 0.311115
-0.160118 -0.046993 0.274974
-0.186352 -0.047621 0.273116
-0.160317 -0.050354 0.239847
-0.184944 -0.050984 0.239572
-0.168526 -0.052846 0.205500
-0.187873 -0.052807 0.206610
-0.174952 -0.050100 0.172864
-0.194308 -0.049101 0.173842
-0.177548 -0.039629 0.149792
-0.196930 -0.038614 0.150934
-0.180604 -0.029039 0.137818
-0.199416 -0.029245 0.139606
-0.152246 -0.043119 0.142769
-0.160636 -0.049113 0.154145
-0.166301 -0.032012 0.138140
-0.216649 -0.033757 0.143494
-0.211492 -0.030767 0.141626
-0.213517 -0.044619 0.154664
-0.226629 -0.043396 0.149093
-0.232264 -0.052691 0.155230
-0.223439 -0.057048 0.164968
-0.143133 -0.053691 0.149125
-0.137199 -0.064906 0.156823
-0.153073 -0.056675 0.158241
-0.146079 -0.066177 0.165171
-0.229718 -0.067168 0.171260
-0.239153 -0.065230 0.166233
-0.233156 -0.074130 0.177170
-0.241493 -0.075430 0.175693
-0.238177 -0.078198 0.180088
-0.233107 -0.079086 0.186311
-0.228778 -0.074579 0.184005
-0.134264 -0.071561 0.162664
-0.142638 -0.070704 0.168139
-0.135525 -0.074024 0.166599
-0.138603 -0.075086 0.173502
-0.223581 -0.065966 0.181743
-0.219587 -0.059509 0.179947
-0.205880 -0.052160 0.177401
-0.154402 -0.057492 0.174156
-0.147294 -0.064814 0.179491
-0.137790 -0.074187 0.182867
-0.142599 -0.069742 0.180765
-0.204203 -0.054398 0.206607
-0.218253 -0.057812 0.204238
-0.222284 -0.068795 0.199311
-0.227400 -0.078793 0.198030
-0.150389 -0.054175 0.202091
-0.145080 -0.068703 0.189974
-0.140589 -0.074430 0.189658
-0.139429 -0.062878 0.226487
-0.134766 -0.069889 0.223481
-0.134350 -0.069303 0.227098
-0.146616 -0.050846 0.228755
-0.205295 -0.052133 0.238564
-0.217170 -0.054371 0.229802
-0.221947 -0.066026 0.231690
-0.226763 -0.074966 0.233942
-0.134653 -0.060810 0.246271
-0.128490 -0.068234 0.244613
-0.141364 -0.050225 0.250316
-0.136528 -0.048205 0.275055
-0.130000 -0.057764 0.273019
-0.129888 -0.044024 0.307619
-0.120596 -0.059266 0.311598
-0.122654 -0.066133 0.274279
-0.116211 -0.065350 0.304058
-0.215511 -0.050906 0.266746
-0.214222 -0.044500 0.304527
-0.222756 -0.061520 0.263222
-0.231031 -0.071177 0.261361
-0.230529 -0.074074 0.239991
-0.223768 -0.059024 0.297073
-0.231825 -0.067194 0.297008
-0.225565 -0.058621 0.316831
-0.232726 -0.066939 0.314379
-0.215121 -0.039361 0.354113
-0.213150 -0.034032 0.382776
-0.121978 -0.038554 0.347640
-0.116547 -0.027932 0.395898
-0.138166 -0.005700 0.406772
-0.211164 -0.027452 0.409723
-0.189100 -0.015441 0.399318
-0.231819 -0.075843 0.346557
-0.238137 -0.088632 0.346020
-0.235147 -0.074164 0.325319
-0.239554 -0.101026 0.363276
-0.235014 -0.091168 0.368084
-0.236677 -0.093834 0.386109
-0.240073 -0.104280 0.375188
-0.240983 -0.102172 0.387816
-0.231109 -0.110229 0.390601
-0.236677 -0.093834 0.386109
-0.222638 -0.133749 0.392148
-0.226365 -0.067318 0.382231
-0.234347 -0.087503 0.390649
-0.223801 -0.060928 0.413774
-0.232242 -0.085566 0.419995
-0.229051 -0.080785 0.443548
-0.233296 -0.090122 0.439034
-0.236716 -0.093646 0.423959
-0.234504 -0.085047 0.453651
-0.236350 -0.078651 0.464211
-0.232119 -0.072929 0.459884
-0.235776 -0.069180 0.467573
-0.237568 -0.074959 0.467658
-0.226736 -0.058899 0.454005
-0.233239 -0.058174 0.463808
-0.228895 -0.045885 0.458823
-0.216384 -0.031921 0.439867
-0.223322 -0.033195 0.453433
-0.216175 -0.022487 0.448784
-0.205743 -0.011135 0.442350
-0.206865 -0.018623 0.432125
-0.202258 -0.014950 0.423135
-0.188615 -0.005541 0.409500
-0.197829 -0.004685 0.431912
-0.189089 0.001612 0.420608
-0.182342 0.004722 0.414201
-0.123297 -0.011481 0.418614
-0.140502 0.006014 0.411109
-0.121534 -0.004063 0.427688
-0.132897 0.002584 0.416391
-0.114321 -0.011142 0.436178
-0.114479 -0.017388 0.430455
-0.109503 -0.027142 0.434207
-0.106353 -0.022767 0.441196
-0.107812 -0.043483 0.403662
-0.103346 -0.038790 0.438243
-0.101133 -0.034891 0.445011
-0.096862 -0.052987 0.441485
-0.094427 -0.049732 0.448494
-0.092310 -0.065402 0.444397
-0.089058 -0.062407 0.451413
-0.087623 -0.073010 0.454259
-0.091762 -0.073594 0.446828
-0.087979 -0.079431 0.453617
-0.090872 -0.084088 0.447526
-0.093642 -0.078914 0.442542
-0.098806 -0.085241 0.425304
-0.096678 -0.091396 0.429165
-0.100511 -0.088984 0.411753
-0.099112 -0.094880 0.414236
-0.109779 -0.060017 0.364143
-0.103336 -0.082486 0.378432
-0.098091 -0.072247 0.410107
-0.112787 -0.073022 0.314518
-0.111146 -0.079514 0.340617
-0.108904 -0.087170 0.333133
-0.109031 -0.089789 0.350448
-0.106738 -0.097230 0.344315
-0.107675 -0.097789 0.360038
-0.105505 -0.105010 0.354908
-0.103621 -0.107124 0.364005
-0.104030 -0.095271 0.378301
-0.101637 -0.104321 0.377993
-0.228861 -0.104667 0.422254
-0.229787 -0.090093 0.421870
-0.219412 -0.126983 0.424469
-0.108674 -0.118227 0.414576
-0.103207 -0.096942 0.410082
-0.120664 -0.138258 0.418778
-0.139572 -0.152922 0.422502
-0.160554 -0.157647 0.424685
-0.184667 -0.154713 0.426032
-0.203458 -0.142518 0.426083
-0.236716 -0.093646 0.423959
-0.112374 -0.125718 0.383065
-0.105503 -0.103112 0.378088
-0.124674 -0.145095 0.387161
-0.143798 -0.158526 0.391965
-0.163237 -0.161965 0.394306
-0.187432 -0.159050 0.396022
-0.206223 -0.147613 0.396277
-0.220014 -0.132556 0.394676
-0.104030 -0.095271 0.378301
-0.103207 -0.096942 0.410082
-0.103207 -0.096942 0.410082
-0.099112 -0.094880 0.414236
-0.100511 -0.088984 0.411753
-0.229787 -0.090093 0.421870
-0.132479 -0.092280 0.225421
-0.134766 -0.069889 0.223481
-0.135809 -0.116809 0.227569
-0.145809 -0.138210 0.230093
-0.161813 -0.153759 0.232680
-0.176993 -0.160001 0.234983
-0.228286 -0.123019 0.236520
-0.230552 -0.101907 0.234833
-0.221476 -0.138715 0.237265
-0.209913 -0.152464 0.237074
-0.191121 -0.160693 0.236137
-0.140589 -0.074430 0.189658
-0.136854 -0.095179 0.193996
-0.140594 -0.119452 0.196379
-0.151520 -0.139874 0.199518
-0.166260 -0.152872 0.202230
-0.180853 -0.159015 0.204373
-0.227348 -0.125904 0.204190
-0.230269 -0.104914 0.202595
-0.220434 -0.141387 0.205576
-0.209016 -0.153735 0.205601
-0.193599 -0.159653 0.204982
-0.134766 -0.069889 0.223481
-0.230552 -0.101907 0.234833
-0.228286 -0.123019 0.236520
-0.230269 -0.104914 0.202595
-0.227348 -0.125904 0.204190
-0.221476 -0.138715 0.237265
-0.220434 -0.141387 0.205576
-0.209913 -0.152464 0.237074
-0.209016 -0.153735 0.205601
-0.191121 -0.160693 0.236137
-0.193599 -0.159653 0.204982
-0.176993 -0.160001 0.234983
-0.180853 -0.159015 0.204373
-0.161813 -0.153759 0.232680
-0.166260 -0.152872 0.202230
-0.145809 -0.138210 0.230093
-0.151520 -0.139874 0.199518
-0.135809 -0.116809 0.227569
-0.140594 -0.119452 0.196379
-0.132479 -0.092280 0.225421
-0.136854 -0.095179 0.193996
-0.134766 -0.069889 0.223481
-0.140589 -0.074430 0.189658
-0.229229 -0.077299 0.228952
-0.228740 -0.079266 0.201165
-0.228740 -0.079266 0.201165
-0.229229 -0.077299 0.228952
-0.232143 -0.095933 0.199188
-0.230872 -0.092530 0.235331
-0.232024 -0.100372 0.236401
-0.232913 -0.104581 0.200057
-0.219412 -0.126983 0.424469
-0.203458 -0.142518 0.426083
-0.220014 -0.132556 0.394676
-0.206223 -0.147613 0.396277
-0.184667 -0.154713 0.426032
-0.187432 -0.159050 0.396022
-0.160554 -0.157647 0.424685
-0.163237 -0.161965 0.394306
-0.139572 -0.152922 0.422502
-0.143798 -0.158526 0.391965
-0.120664 -0.138258 0.418778
-0.124674 -0.145095 0.387161
-0.108674 -0.118227 0.414576
-0.112374 -0.125718 0.383065
-0.105503 -0.103112 0.378088
-0.104030 -0.095271 0.378301
-0.236677 -0.093834 0.386109
-0.229787 -0.090093 0.421870
-0.231109 -0.110229 0.390601
-0.228861 -0.104667 0.422254
-0.224642 0.007687 0.479350
-0.224460 0.010366 0.493044
-0.214474 0.031608 0.485987
-0.217379 0.025313 0.502840
-0.208210 0.042467 0.514467
-0.205454 0.050036 0.502995
-0.211361 0.031761 0.464777
-0.223282 0.004445 0.462435
-0.194649 0.018330 0.391561
-0.206622 0.007279 0.407998
-0.195210 0.027178 0.404395
-0.207662 0.018430 0.425597
-0.195728 0.037765 0.421576
-0.196566 0.053051 0.456481
-0.208942 0.027633 0.444823
-0.196475 0.045593 0.437785
-0.199204 0.056219 0.476627
-0.219238 -0.005508 0.428866
-0.221382 -0.000418 0.444548
-0.191644 0.059221 0.510920
-0.193177 0.053403 0.523758
-0.174774 0.064195 0.517564
-0.176538 0.058705 0.528925
-0.171863 0.067518 0.475786
-0.186875 0.063115 0.477278
-0.172959 0.068269 0.496669
-0.189731 0.062579 0.495846
-0.171933 0.059184 0.529097
-0.170761 0.063273 0.521608
-0.152896 0.066541 0.516226
-0.152470 0.064986 0.519740
-0.154027 0.070395 0.495373
-0.155867 0.069512 0.473514
-0.243236 -0.020394 0.463702
-0.244364 -0.017335 0.477726
-0.230926 -0.007429 0.459088
-0.235322 -0.004278 0.484945
-0.240889 -0.024806 0.447794
-0.231049 -0.015642 0.438943
-0.187300 0.020579 0.388972
-0.185249 0.026492 0.395279
-0.182763 0.025293 0.386498
-0.184312 0.040267 0.416218
-0.184492 0.051476 0.435874
-0.185942 0.058759 0.455962
-0.158138 0.064319 0.453322
-0.172944 0.062551 0.454756
-0.159757 0.054836 0.431488
-0.172695 0.053890 0.433201
-0.161343 0.042888 0.412126
-0.173340 0.042159 0.413655
-0.162492 0.029617 0.393475
-0.174402 0.029078 0.394690
-0.175909 0.026556 0.384775
-0.163751 0.027420 0.383955
-0.177603 0.054720 0.533619
-0.193580 0.048930 0.528494
-0.178599 0.048701 0.540805
-0.193534 0.042392 0.533932
-0.207790 0.038118 0.520078
-0.206600 0.032370 0.526423
-0.215932 0.020607 0.507671
-0.215654 0.014570 0.514004
-0.221963 0.006040 0.497091
-0.221502 0.002184 0.505065
-0.232020 -0.006340 0.486744
-0.221502 0.002184 0.505065
-0.221963 0.006040 0.497091
-0.227282 -0.012879 0.495956
-0.229689 -0.008203 0.487748
-0.172141 0.055183 0.534091
-0.168149 0.050613 0.542058
-0.150796 0.056768 0.533278
-0.150181 0.050925 0.540427
-0.151566 0.060133 0.527901
-0.230615 -0.023310 0.487779
-0.234526 -0.018684 0.479538
-0.230976 -0.027336 0.482106
-0.233733 -0.021848 0.466692
-0.230131 -0.030222 0.468764
-0.232426 -0.023247 0.454350
-0.230601 -0.033745 0.452986
-0.230347 -0.032189 0.445996
-0.231946 -0.023761 0.450101
-0.227097 -0.017774 0.441820
-0.222865 -0.022311 0.437485
-0.210664 -0.009155 0.428522
-0.216176 -0.007699 0.429323
-0.216176 -0.007699 0.429323
-0.228452 -0.017933 0.439388
-0.237955 -0.026846 0.448367
-0.240589 -0.023859 0.464235
-0.237955 -0.026846 0.448367
-0.241860 -0.020331 0.478914
-0.232020 -0.006340 0.486744
-0.241860 -0.020331 0.478914
-0.241860 -0.020331 0.478914
-0.240589 -0.023859 0.464235
-0.237955 -0.026846 0.448367
-0.228452 -0.017933 0.439388
-0.163933 0.023415 0.383663
-0.174582 0.022956 0.384952
-0.180239 0.021954 0.386441
-0.184517 0.017778 0.389538
-0.192438 0.015818 0.392047
-0.204152 0.005412 0.408407
-0.199278 0.001797 0.410596
-0.190485 0.006651 0.398921
-0.210664 -0.009155 0.428522
-0.171268 0.006464 0.393397
-0.162765 0.006607 0.392825
-0.181405 0.006420 0.394946
-0.171268 0.006464 0.393397
-0.162765 0.006607 0.392825
-0.170401 0.003707 0.398174
-0.161860 0.003986 0.397480
-0.181405 0.006420 0.394946
-0.179988 0.003476 0.400241
-0.190485 0.006651 0.398921
-0.186398 0.003143 0.402440
-0.194058 0.000391 0.414300
-0.199278 0.001797 0.410596
-0.210664 -0.009155 0.428522
-0.205937 -0.009990 0.429944
-0.222865 -0.022311 0.437485
-0.218393 -0.023299 0.437871
-0.226053 -0.033657 0.446328
-0.230347 -0.032189 0.445996
-0.226203 -0.035148 0.452210
-0.230601 -0.033745 0.452986
-0.225031 -0.031543 0.468287
-0.230131 -0.030222 0.468764
-0.226369 -0.029164 0.483134
-0.230976 -0.027336 0.482106
-0.226614 -0.026139 0.488652
-0.230615 -0.023310 0.487779
-0.222961 -0.014028 0.496837
-0.227282 -0.012879 0.495956
-0.221502 0.002184 0.505065
-0.216465 0.000058 0.505347
-0.215654 0.014570 0.514004
-0.211451 0.011815 0.514418
-0.203020 0.028678 0.527109
-0.206600 0.032370 0.526423
-0.190991 0.036959 0.533914
-0.193534 0.042392 0.533932
-0.176394 0.043944 0.539453
-0.178599 0.048701 0.540805
-0.168293 0.045328 0.541325
-0.168149 0.050613 0.542058
-0.150181 0.050925 0.540427
-0.151444 0.045325 0.539509
-0.215989 -0.020693 0.480695
-0.216422 -0.024560 0.466688
-0.211971 -0.008432 0.489163
-0.201510 0.011857 0.505252
-0.207852 0.001124 0.495704
-0.216544 -0.028339 0.453570
-0.211956 -0.019475 0.447006
-0.192957 0.009988 0.435451
-0.205711 -0.003770 0.444458
-0.210824 -0.012784 0.470570
-0.201460 0.005388 0.473153
-0.187171 0.030147 0.476804
-0.193445 0.023406 0.519208
-0.185390 0.031430 0.526052
-0.172225 0.039652 0.532323
-0.152646 0.040296 0.531414
-0.185002 0.017643 0.435850
-0.157576 0.032977 0.476382
-0.185997 0.006221 0.413693
-0.162597 0.007757 0.408149
-0.161869 0.019848 0.434447
-0.144035 0.063561 0.452130
-0.147279 0.053972 0.430315
-0.135728 0.051652 0.430207
-0.131457 0.060831 0.451908
-0.126016 0.048844 0.431295
-0.122280 0.057461 0.451617
-0.139728 0.068324 0.471181
-0.115091 0.058357 0.467873
-0.125613 0.063993 0.469285
-0.135550 0.068923 0.491925
-0.129205 0.064326 0.514082
-0.131583 0.063643 0.518047
-0.119990 0.063728 0.487152
-0.125069 0.059085 0.524703
-0.129263 0.059774 0.525080
-0.114518 0.060153 0.503659
-0.110910 0.053767 0.516963
-0.097314 0.043545 0.504859
-0.101581 0.050667 0.494390
-0.107929 0.055974 0.481906
-0.130418 0.055731 0.529748
-0.132180 0.050997 0.537929
-0.129501 0.036786 0.410901
-0.139347 0.040244 0.410819
-0.150128 0.042210 0.411101
-0.152842 0.029085 0.392647
-0.141669 0.026763 0.391583
-0.131989 0.025602 0.394820
-0.134130 0.018571 0.384569
-0.140909 0.020564 0.383346
-0.145657 0.025024 0.382957
-0.153779 0.026967 0.383140
-0.092128 0.031814 0.495397
-0.098746 0.041156 0.481111
-0.087878 0.020540 0.486657
-0.094299 0.027209 0.468751
-0.083934 0.009521 0.478212
-0.086531 0.006774 0.464408
-0.103537 0.042304 0.466556
-0.202340 0.054533 0.489567
-0.109209 0.040635 0.449295
-0.119972 0.018514 0.406234
-0.117114 0.027095 0.418979
-0.121139 0.010187 0.396982
-0.112855 0.035513 0.435726
-0.090913 0.002799 0.447555
-0.095602 -0.000972 0.431958
-0.101468 0.023810 0.444805
-0.107653 0.014050 0.422154
-0.101231 -0.004883 0.417328
-0.109655 0.003112 0.408739
-0.071938 -0.020734 0.446223
-0.084501 -0.005380 0.447509
-0.067466 -0.017887 0.459726
-0.075180 -0.004390 0.468522
-0.075942 -0.023769 0.434037
-0.087033 -0.015362 0.426393
-0.123888 0.054840 0.529090
-0.121936 0.049715 0.535114
-0.109427 0.048134 0.521223
-0.107387 0.041162 0.526688
-0.096084 0.037915 0.511066
-0.095768 0.030689 0.517000
-0.089949 0.026003 0.501125
-0.090031 0.019922 0.506860
-0.085727 0.014007 0.492246
-0.085413 0.006097 0.496140
-0.083744 0.003066 0.480657
-0.082001 -0.005832 0.486442
-0.154976 0.023389 0.382876
-0.147766 0.021989 0.383093
-0.143496 0.017686 0.384290
-0.136063 0.015901 0.385506
-0.124262 0.007559 0.397148
-0.112321 0.000371 0.408481
-0.134512 0.006324 0.394734
-0.145602 0.006787 0.392840
-0.154370 0.006788 0.392546
-0.145809 0.003951 0.396523
-0.145602 0.006787 0.392840
-0.135519 0.003849 0.397718
-0.134512 0.006324 0.394734
-0.154500 0.003949 0.396509
-0.154370 0.006788 0.392546
-0.128793 0.003866 0.399100
-0.128793 0.003866 0.399100
-0.131465 0.002983 0.401078
-0.118026 -0.003305 0.409584
-0.120534 -0.003927 0.412531
-0.118026 -0.003305 0.409584
-0.104235 -0.006899 0.418722
-0.108275 -0.012154 0.416303
-0.090501 -0.017889 0.427839
-0.078575 -0.026685 0.435941
-0.078575 -0.026685 0.435941
-0.074444 -0.023943 0.447795
-0.069789 -0.020596 0.461440
-0.069789 -0.020596 0.461440
-0.077355 -0.007797 0.470145
-0.079821 -0.016051 0.479382
-0.080124 -0.008107 0.470645
-0.082001 -0.005832 0.486442
-0.083744 0.003066 0.480657
-0.077157 -0.016267 0.463619
-0.078653 -0.025538 0.472498
-0.079579 -0.028863 0.467115
-0.082919 -0.032068 0.454339
-0.082148 -0.021539 0.448871
-0.088818 -0.036100 0.438563
-0.087327 -0.024109 0.438949
-0.092234 -0.033302 0.430713
-0.097542 -0.025178 0.423669
-0.090035 -0.022350 0.434270
-0.094848 -0.017821 0.428520
-0.103093 -0.017208 0.419424
-0.101606 -0.011342 0.422056
-0.108275 -0.012154 0.416303
-0.104235 -0.006899 0.418722
-0.074444 -0.023943 0.447795
-0.078575 -0.026685 0.435941
-0.069789 -0.020596 0.461440
-0.077355 -0.007797 0.470145
-0.090501 -0.017889 0.427839
-0.123789 0.016163 0.435841
-0.122900 0.032327 0.477250
-0.127192 0.040146 0.527912
-0.134121 0.006789 0.410477
-0.122080 0.002545 0.420693
-0.108275 -0.012154 0.416303
-0.110548 -0.013329 0.418299
-0.105499 -0.019522 0.422085
-0.103093 -0.017208 0.419424
-0.100423 -0.026584 0.424537
-0.097542 -0.025178 0.423669
-0.095305 -0.034678 0.431227
-0.092234 -0.033302 0.430713
-0.091958 -0.036856 0.440018
-0.088818 -0.036100 0.438563
-0.086590 -0.033358 0.455762
-0.082919 -0.032068 0.454339
-0.083039 -0.029760 0.468590
-0.079579 -0.028863 0.467115
-0.082080 -0.027065 0.473845
-0.078653 -0.025538 0.472498
-0.083899 -0.017360 0.481120
-0.079821 -0.016051 0.479382
-0.085846 -0.008077 0.488001
-0.082001 -0.005832 0.486442
-0.089114 0.003374 0.497424
-0.085413 0.006097 0.496140
-0.093231 0.016800 0.508099
-0.090031 0.019922 0.506860
-0.099036 0.027471 0.517227
-0.095768 0.030689 0.517000
-0.109715 0.036850 0.526414
-0.107387 0.041162 0.526688
-0.123728 0.045401 0.535256
-0.121936 0.049715 0.535114
-0.131654 0.046128 0.537419
-0.132180 0.050997 0.537929
-0.116211 0.032087 0.519792
-0.105260 0.015315 0.502591
-0.098515 0.002419 0.490769
-0.094851 -0.011873 0.477783
-0.091807 -0.023356 0.468460
-0.094982 -0.026294 0.456257
-0.100383 -0.032242 0.438900
-0.104086 -0.021058 0.433544
-0.109704 -0.006862 0.432066
-0.104631 0.001218 0.474724
-0.105315 -0.009929 0.449671
0 1
0 2
0 42
0 43
1 2
1 3
1 399
2 3
2 4
2 42
2 44
3 4
3 5
3 399
3 400
4 5
4 6
4 44
4 45
5 6
5 7
5 400
5 401
6 7
6 8
6 45
7 8
7 9
7 401
7 402
8 9
8 11
8 45
8 46
8 47
9 10
9 11
9 402
9 403
10 11
10 12
10 13
10 403
10 404
11 13
11 47
11 48
12 13
12 14
12 15
12 404
12 405
13 14
13 48
13 49
14 15
14 16
14 49
14 50
15 16
15 17
15 405
15 406
16 17
16 18
16 50
17 18
17 19
17 406
17 407
18 19
18 20
18 21
18 50
18 51
18 52
19 20
19 407
19 408
20 21
20 22
20 23
20 408
20 409
21 22
21 52
21 53
22 23
22 25
22 53
22 54
23 24
23 25
23 409
23 410
24 25
24 26
24 410
24 411
25 26
25 27
25 54
25 55
26 27
26 28
26 29
26 411
26 412
27 28
27 55
27 56
28 29
28 30
28 56
28 57
29 30
29 31
29 412
29 413
30 31
30 32
30 57
31 32
31 33
31 413
31 414
32 33
32 34
32 57
32 58
32 59
33 34
33 35
33 414
33 415
34 35
34 37
34 59
35 36
35 37
35 415
35 416
36 37
36 38
36 39
36 416
36 417
37 39
37 59
37 60
38 39
38 40
38 417
38 418
39 40
39 41
39 60
39 61
40 41
40 418
41 61
41 62
42 43
42 44
42 63
42 64
42 65
43 63
44 45
44 65
44 66
45 46
45 66
45 67
46 47
46 67
46 68
47 48
47 68
47 69
48 49
48 69
48 70
49 50
49 70
49 71
50 51
50 71
51 52
51 71
51 72
51 73
52 53
52 73
52 74
53 54
53 74
53 75
54 55
54 75
55 56
55 75
55 76
55 77
56 57
56 77
56 78
57 58
57 78
57 79
58 59
58 79
58 80
59 60
59 80
60 61
60 80
60 81
60 82
61 62
61 82
62 82
62 83
63 64
63 84
64 65
64 84
64 85
64 86
65 66
65 86
65 87
66 67
66 87
66 88
67 68
67 88
68 69
68 88
68 89
68 90
69 70
69 90
69 91
70 71
70 91
70 92
71 72
71 92
71 93
72 73
72 93
73 74
73 93
73 94
74 75
74 94
74 95
74 96
75 76
75 96
75 97
76 77
76 97
76 98
77 78
77 98
77 99
78 79
78 99
78 100
79 80
79 100
79 101
80 81
80 101
81 82
81 101
81 102
81 103
82 83
82 103
83 103
83 104
84 85
84 105
85 86
85 105
85 106
85 107
86 87
86 107
86 108
87 88
87 108
87 109
88 89
88 109
89 90
89 109
89 110
90 91
90 110
90 111
90 112
91 92
91 112
91 113
92 93
92 113
92 114
93 94
93 114
94 95
94 114
94 115
95 96
95 115
95 116
95 117
96 97
96 117
96 118
97 98
97 118
97 119
98 99
98 119
99 100
99 119
99 120
100 101
100 120
100 121
100 122
101 102
101 122
101 123
102 103
102 123
102 124
103 104
103 124
104 124
104 125
105 106
105 126
106 107
106 126
106 127
106 128
107 108
107 128
107 129
108 109
108 129
108 130
109 110
109 130
110 111
110 130
110 131
111 112
111 131
111 132
111 133
112 113
112 133
112 134
113 114
113 134
113 135
114 115
114 135
115 116
115 135
115 136
116 117
116 136
116 137
116 138
117 118
117 138
117 139
118 119
118 139
118 140
119 120
119 140
120 121
120 140
120 141
121 122
121 141
121 142
122 123
122 142
122 143
122 144
123 124
123 144
123 145
124 125
124 145
125 145
125 146
126 127
126 147
127 128
127 147
127 148
127 149
128 129
128 149
128 150
129 130
129 150
129 151
130 131
130 151
131 132
131 151
131 152
132 133
132 152
132 153
132 154
133 134
133 154
133 155
134 135
134 155
134 156
135 136
135 156
136 137
136 156
136 157
137 138
137 157
137 158
137 159
138 139
138 159
138 160
139 140
139 160
139 161
140 141
140 161
141 142
141 161
141 162
142 143
142 162
142 163
143 144
143 163
143 164
143 165
144 145
144 165
144 166
145 146
145 166
146 166
146 167
147 148
147 168
148 149
148 168
148 169
148 170
149 150
149 170
149 171
150 151
150 171
150 172
151 152
151 172
152 153
152 172
152 173
153 154
153 173
153 174
153 175
154 155
154 175
154 176
155 156
155 176
155 177
156 157
156 177
157 158
157 177
157 178
158 159
158 178
158 179
158 180
159 160
159 180
159 181
160 161
160 181
160 182
161 162
161 182
162 163
162 182
162 183
163 164
163 183
163 184
164 165
164 184
164 185
164 186
165 166
165 186
165 187
166 167
166 187
167 187
167 188
168 169
168 189
169 170
169 189
169 190
169 191
170 171
170 191
170 192
171 172
171 192
171 193
172 173
172 193
173 174
173 193
173 194
174 175
174 194
174 195
174 196
175 176
175 196
175 197
176 177
176 197
176 198
177 178
177 198
178 179
178 198
178 199
179 180
179 199
179 200
179 201
180 181
180 201
180 202
181 182
181 202
181 203
182 183
182 203
183 184
183 203
183 204
184 185
184 204
184 205
185 186
185 205
185 206
185 207
186 187
186 207
186 208
187 188
187 208
188 208
188 209
189 190
189 210
189 211
190 191
190 211
191 192
191 211
191 212
192 193
192 212
192 213
193 194
193 213
193 214
193 215
194 195
194 215
194 216
195 196
195 216
196 197
196 216
196 217
197 198
197 217
197 218
198 199
198 218
198 219
198 220
199 200
199 220
199 221
200 201
200 221
201 202
201 221
201 222
202 203
202 222
202 223
203 204
203 223
203 224
203 225
204 205
204 225
204 226
205 206
205 226
205 227
206 207
206 227
207 208
207 227
207 228
208 209
208 228
208 229
208 230
209 230
210 211
210 231
210 232
211 212
211 232
212 213
212 232
212 233
213 214
213 233
213 234
214 215
214 234
214 235
214 236
215 216
215 236
215 237
216 217
216 237
217 218
217 237
217 238
218 219
218 238
218 239
219 220
219 239
219 240
219 241
220 221
220 241
220 242
221 222
221 242
222 223
222 242
222 243
223 224
223 243
223 244
224 225
224 244
224 245
224 246
225 226
225 246
225 247
226 227
226 247
226 248
227 228
227 248
228 229
228 248
228 249
229 230
229 249
229 250
229 251
230 251
231 232
231 252
231 253
232 233
232 253
233 234
233 253
233 254
234 235
234 254
234 255
235 236
235 255
235 256
235 257
236 237
236 257
236 258
237 238
237 258
238 239
238 258
238 259
239 240
239 259
239 260
240 241
240 260
240 261
240 262
241 242
241 262
241 263
242 243
242 263
243 244
243 263
243 264
244 245
244 264
244 265
245 246
245 265
245 266
245 267
246 247
246 267
246 268
247 248
247 268
247 269
248 249
248 269
249 250
249 269
249 270
250 251
250 270
250 271
250 272
251 272
252 253
252 273
252 274
253 254
253 274
254 255
254 274
254 275
255 256
255 275
255 276
256 257
256 276
256 277
256 278
257 258
257 278
257 279
258 259
258 279
259 260
259 279
259 280
260 261
260 280
260 281
261 262
261 281
261 282
261 283
262 263
262 283
262 284
263 264
263 284
264 265
264 284
264 285
265 266
265 285
265 286
266 267
266 286
266 287
266 288
267 268
267 288
267 289
268 269
268 289
268 290
269 270
269 290
270 271
270 290
270 291
271 272
271 291
271 292
271 293
272 293
273 274
273 294
273 295
274 275
274 295
275 276
275 295
275 296
276 277
276 296
276 297
277 278
277 297
277 298
277 299
278 279
278 299
278 300
279 280
279 300
280 281
280 300
280 301
281 282
281 301
281 302
282 283
282 302
282 303
282 304
283 284
283 304
283 305
284 285
284 305
285 286
285 305
285 306
286 287
286 306
286 307
287 288
287 307
287 308
287 309
288 289
288 309
288 310
289 290
289 310
290 291
290 310
290 311
291 292
291 311
291 312
292 293
292 312
292 313
292 314
293 314
294 295
294 315
294 316
295 296
295 315
296 297
296 315
296 317
297 298
297 317
297 318
298 299
298 318
298 319
298 320
299 300
299 320
300 301
300 320
300 321
301 302
301 321
301 322
302 303
302 322
302 323
303 304
303 323
303 324
303 325
304 305
304 325
304 326
305 306
305 326
306 307
306 326
306 327
307 308
307 327
307 328
308 309
308 328
308 329
309 310
309 329
309 330
310 311
310 330
310 331
311 312
311 331
311 332
311 333
312 313
312 333
313 314
313 333
313 334
313 335
314 335
315 316
315 317
315 336
316 336
316 337
317 318
317 336
317 338
318 319
318 338
318 339
319 320
319 339
319 340
320 321
320 340
320 341
321 322
321 341
321 342
322 323
322 342
322 343
323 324
323 343
323 344
323 345
324 325
324 345
325 326
325 345
325 346
326 327
326 346
326 347
326 348
327 328
327 348
327 349
328 329
328 349
329 330
329 349
329 350
330 331
330 350
330 351
331 332
331 351
331 352
332 333
332 352
332 353
332 354
333 334
333 354
334 335
334 354
334 355
334 356
335 356
336 337
336 338
336 357
336 358
337 357
338 339
338 358
338 359
339 340
339 359
339 360
339 361
340 341
340 361
341 342
341 361
341 362
342 343
342 362
342 363
343 344
343 363
343 364
344 345
344 364
344 365
344 366
345 346
345 366
346 347
346 366
346 367
347 348
347 367
347 368
348 349
348 368
348 369
349 350
349 369
349 370
350 351
350 370
350 371
351 352
351 371
351 372
351 373
352 353
352 373
353 354
353 373
353 374
353 375
354 355
354 375
354 376
355 356
355 376
355 377
356 377
357 358
357 378
358 359
358 378
358 379
359 360
359 379
359 380
360 361
360 380
360 381
361 362
361 381
361 382
362 363
362 382
362 383
363 364
363 383
363 384
364 365
364 384
364 385
365 366
365 385
365 386
366 367
366 386
366 387
366 388
367 368
367 388
368 369
368 388
368 389
369 370
369 389
369 390
369 391
370 371
370 391
371 372
371 391
371 392
372 373
372 392
372 393
373 374
373 393
373 394
374 375
374 394
374 395
375 376
375 395
375 396
376 377
376 396
376 397
376 398
377 398
378 379
378 419
379 380
379 419
379 420
380 381
380 420
380 421
381 382
381 421
381 422
382 383
382 422
382 423
383 384
383 423
383 424
384 385
384 424
384 425
385 386
385 425
385 426
386 387
386 426
386 427
387 388
387 427
387 428
388 389
388 428
388 429
389 390
389 429
389 430
390 391
390 430
390 431
391 392
391 431
391 432
392 393
392 432
392 433
393 394
393 433
393 434
394 395
394 434
394 435
395 396
395 435
395 436
396 397
396 436
396 437
397 398
397 437
397 438
398 438
439 440
439 441
439 445
439 446
439 459
439 471
439 539
440 441
440 442
440 470
440 471
441 442
441 443
441 444
441 445
441 447
442 447
442 469
442 470
443 444
443 445
443 449
443 450
444 447
444 448
444 449
444 468
445 446
445 450
446 450
446 454
446 459
447 448
447 469
448 468
449 450
449 466
449 467
449 468
450 454
450 461
450 462
450 465
450 466
451 452
451 453
451 482
451 483
451 567
451 568
452 453
452 455
452 457
452 568
453 455
453 482
453 517
453 859
453 861
454 459
454 460
454 461
455 456
455 457
455 458
455 464
455 517
455 523
456 457
456 458
456 529
456 535
457 528
457 529
457 568
457 569
457 804
458 463
458 464
458 535
458 547
458 548
458 550
459 460
459 539
459 541
459 543
460 543
460 553
461 462
462 465
463 464
463 550
463 552
464 523
464 552
464 901
465 466
466 467
467 468
470 471
470 472
470 511
471 472
471 539
472 511
472 539
472 540
472 564
472 566
472 570
472 571
473 474
473 475
473 476
473 477
474 475
474 476
474 478
474 480
474 481
474 484
474 485
474 486
475 477
475 486
476 481
478 479
478 480
478 481
479 480
479 491
480 485
480 490
480 491
482 483
482 489
482 496
482 497
482 734
482 859
483 487
483 488
483 489
483 567
484 485
484 486
485 490
487 488
487 502
487 567
487 827
487 848
487 872
488 489
488 497
488 502
488 735
489 734
489 735
490 491
492 493
492 494
492 495
492 514
492 515
493 494
493 495
493 498
493 499
493 500
494 500
494 505
494 515
494 516
494 524
494 525
496 497
496 502
496 841
496 853
496 854
496 859
497 502
497 734
497 735
498 499
498 500
498 501
500 501
500 503
500 504
500 505
502 840
502 841
502 848
503 504
504 505
505 506
505 507
505 524
506 507
506 508
507 508
507 509
507 510
507 524
507 527
508 509
509 510
509 512
510 512
510 513
510 527
510 533
511 571
512 513
512 575
513 533
513 574
513 575
513 627
514 515
515 516
515 518
516 518
516 519
516 520
516 525
517 523
517 861
517 870
517 903
518 519
519 520
519 521
520 521
520 522
520 525
521 522
521 618
522 525
522 537
522 618
522 619
522 631
523 901
523 903
523 904
524 525
524 526
524 527
525 526
525 537
526 527
526 534
526 537
526 538
527 533
527 534
528 529
528 565
528 569
529 535
529 536
529 560
529 565
530 531
530 532
530 538
530 599
530 626
530 628
530 629
530 631
531 532
531 598
531 599
531 623
531 625
532 619
532 620
532 625
532 631
533 534
533 627
534 538
534 627
534 628
535 536
535 548
535 572
535 583
535 586
536 560
536 561
536 572
536 573
536 577
536 815
537 538
537 631
538 628
538 631
539 540
539 541
539 542
539 545
540 545
540 564
541 542
541 543
541 544
542 544
542 545
542 546
542 551
543 544
543 553
543 554
543 555
544 551
544 555
544 556
545 546
545 549
545 562
545 563
545 564
546 549
546 551
547 548
547 550
547 925
547 928
548 586
548 928
548 930
549 551
549 558
549 559
549 562
550 552
550 923
550 925
551 556
551 557
551 558
552 901
552 920
552 923
553 554
554 555
555 556
556 557
557 558
558 559
559 562
560 561
560 565
560 809
561 808
561 809
561 815
562 563
563 564
564 566
565 569
565 809
565 944
566 570
567 568
567 822
567 827
568 802
568 804
568 822
569 804
569 944
570 571
572 573
572 583
572 603
572 604
573 577
573 604
573 614
573 709
573 714
574 575
574 576
574 578
574 626
574 627
575 576
576 578
576 579
577 714
577 716
577 815
578 579
578 580
578 626
579 580
579 584
580 581
580 582
580 584
580 585
580 626
580 629
581 582
581 584
582 585
582 609
583 586
583 603
583 632
585 608
585 609
585 629
585 630
586 632
586 930
586 931
586 933
587 588
587 589
587 590
588 589
588 610
588 611
589 590
589 591
589 592
589 610
589 612
589 615
590 591
591 592
591 593
592 593
592 594
592 615
592 616
592 617
593 594
594 617
595 596
595 597
595 598
596 597
596 598
596 599
596 630
597 600
597 601
597 630
598 599
598 623
598 624
599 629
599 630
600 601
600 602
601 602
601 605
601 630
602 605
602 606
603 604
603 632
603 644
603 652
604 613
604 614
604 621
604 652
605 606
605 607
605 608
605 630
607 608
607 609
608 609
608 630
610 611
610 612
612 615
613 614
613 621
613 622
614 622
614 690
614 709
615 616
616 617
618 619
618 620
619 620
619 631
620 625
621 622
621 652
621 678
621 718
621 726
622 690
622 718
623 624
623 625
626 627
626 628
626 629
627 628
629 630
632 644
632 914
632 915
632 933
632 938
633 634
633 635
633 636
633 659
633 661
634 635
634 636
634 645
634 646
635 645
636 661
637 638
637 639
637 764
637 765
638 639
638 764
638 788
638 862
639 862
639 863
639 864
640 641
640 642
640 643
640 758
641 642
641 643
641 842
641 860
642 758
642 842
642 852
643 860
643 865
643 866
644 652
644 662
644 663
644 938
645 646
647 648
647 649
647 760
648 649
648 650
648 651
649 650
649 760
650 651
650 653
651 653
651 654
652 662
652 670
652 677
652 678
653 654
653 655
654 655
654 656
655 656
655 657
656 657
656 658
657 658
657 659
658 659
658 660
659 660
659 661
660 661
662 663
662 670
662 917
662 921
663 708
663 916
663 917
663 938
664 665
664 666
664 668
664 697
665 666
665 667
665 697
665 698
666 667
666 668
666 669
668 669
670 677
670 921
671 672
671 673
671 877
671 879
671 890
671 896
672 673
672 877
672 878
674 675
674 676
674 679
674 680
674 681
675 676
675 679
677 678
677 682
677 921
677 943
678 682
678 683
678 689
678 693
678 726
678 727
679 680
680 681
680 684
681 684
681 685
682 683
682 744
682 942
682 943
683 693
683 744
684 685
684 686
685 686
685 687
686 687
686 691
687 691
687 692
688 689
688 690
688 693
688 766
688 769
688 770
689 690
689 693
689 718
689 727
690 709
690 718
690 769
691 692
691 694
691 695
692 694
693 744
693 745
693 759
693 766
694 695
694 696
695 696
695 697
696 697
696 698
697 698
699 700
699 701
699 702
699 721
699 722
699 746
699 747
700 701
700 702
700 912
701 722
702 747
702 909
702 911
702 912
703 704
703 705
703 886
703 887
704 705
704 882
705 820
705 821
705 873
705 880
705 882
705 886
706 707
706 708
707 708
707 914
707 938
708 938
709 714
709 769
709 783
709 793
710 711
710 712
710 713
710 723
710 737
710 739
710 749
711 712
711 713
711 715
712 723
712 724
713 715
713 717
713 739
714 716
714 793
715 717
715 719
715 720
716 793
716 800
716 815
717 719
717 739
717 743
718 726
718 727
719 720
719 721
719 740
719 743
720 721
720 722
721 722
721 740
721 746
723 724
723 725
723 749
724 725
724 728
724 729
725 728
725 749
725 750
726 727
728 729
728 730
728 750
728 752
729 730
729 731
730 731
730 732
730 733
730 752
730 754
730 756
731 732
732 733
733 756
734 735
736 737
736 738
736 739
736 741
737 738
737 739
737 749
738 749
738 750
738 751
739 741
739 743
740 741
740 742
740 743
740 746
741 742
741 743
742 746
742 747
742 748
744 745
744 881
744 942
745 759
745 762
745 881
746 747
747 748
747 909
747 910
748 910
749 750
750 751
750 752
751 752
751 753
752 753
752 754
753 754
753 755
754 755
754 756
755 756
755 757
756 757
758 852
759 762
759 763
759 766
759 941
761 762
761 763
762 763
762 881
763 941
764 765
764 767
764 788
764 789
765 767
765 768
766 770
766 940
766 941
767 768
767 771
767 789
767 792
768 771
768 772
768 773
769 770
769 775
769 783
769 784
770 775
770 940
771 772
771 792
772 773
772 774
772 776
772 792
772 795
773 774
774 776
774 777
774 778
775 784
775 939
775 940
776 777
776 795
776 803
777 778
777 779
777 803
777 806
778 779
778 780
779 780
779 781
779 806
779 811
779 813
780 781
780 782
781 782
781 813
783 784
783 793
783 794
784 794
784 937
784 939
785 786
785 787
786 787
786 788
786 816
786 862
786 863
787 816
788 789
788 790
788 816
788 862
789 790
789 791
789 792
790 791
790 816
791 792
791 795
791 796
792 795
793 794
793 798
793 800
794 798
794 799
794 937
795 796
795 797
795 803
796 797
797 803
797 806
797 807
798 799
798 800
798 801
798 805
798 810
799 801
799 802
799 936
799 937
800 810
800 815
801 802
801 804
801 805
801 944
802 804
802 822
802 935
802 936
803 806
804 944
805 809
805 810
805 944
806 807
806 811
807 811
807 812
808 809
808 810
808 815
809 810
809 944
810 815
811 812
811 813
812 813
812 814
813 814
817 818
817 819
817 823
817 829
817 833
818 819
818 820
818 821
818 823
818 824
818 828
819 824
819 825
819 826
820 821
820 823
820 830
820 839
820 873
821 828
821 882
822 827
822 932
822 934
822 935
823 829
823 830
823 832
823 834
823 835
824 825
824 828
825 826
827 872
827 932
829 831
829 832
829 833
830 835
830 836
830 839
831 832
832 834
834 835
835 836
835 837
836 837
836 838
836 839
837 838
837 845
838 839
838 845
839 845
839 851
839 873
839 874
840 841
840 848
840 922
840 924
841 854
841 876
841 922
842 843
842 844
842 849
842 852
842 860
843 844
843 849
843 850
843 855
844 852
844 855
844 856
844 857
844 858
845 846
845 847
845 851
846 847
846 850
847 849
847 850
847 851
848 872
848 924
848 926
848 927
849 850
849 851
849 860
849 869
849 871
849 874
850 855
851 874
852 858
853 854
853 859
853 875
853 883
853 884
854 875
854 876
855 856
856 857
857 858
859 861
859 884
859 885
860 865
860 867
860 868
860 869
861 870
861 885
861 889
862 863
863 864
865 866
865 867
867 868
868 869
868 871
868 878
869 871
870 889
870 891
870 903
871 873
871 874
871 877
871 878
871 879
871 880
872 927
872 929
872 932
873 874
873 880
875 876
875 883
876 922
877 878
877 879
879 880
879 890
879 892
880 886
880 888
880 892
883 884
884 885
885 889
886 887
886 888
886 893
887 893
887 897
887 898
888 892
888 893
888 894
889 891
890 892
890 895
890 896
891 903
892 894
892 895
893 894
893 897
893 906
893 907
894 895
894 905
894 906
894 908
895 896
895 900
895 902
895 908
896 899
896 900
897 898
897 907
899 900
900 902
901 904
901 918
901 919
901 920
902 908
903 904
904 918
905 906
905 908
906 907
909 910
909 911
911 912
911 913
912 913
914 915
914 938
915 933
916 917
917 921
918 919
919 920
921 943
922 924
923 925
924 926
925 928
926 927
927 929
928 930
929 932
930 931
931 933
932 934
934 935
935 936
936 937
937 939
942 943
945 946
945 947
945 954
945 970
946 947
946 954
946 955
946 956
947 955
947 972
948 949
948 950
948 956
948 958
949 950
949 958
949 961
949 969
950 955
950 956
950 969
950 980
950 988
951 952
951 953
951 957
951 962
951 967
952 953
952 957
952 959
952 978
952 994
952 999
952 1146
953 959
953 960
953 962
953 989
954 956
954 970
954 971
954 973
954 974
955 956
955 972
955 975
955 984
955 985
955 988
956 958
956 974
957 967
957 977
957 978
957 981
958 961
958 968
958 974
958 982
958 983
958 987
959 960
959 991
959 994
960 989
960 991
961 968
961 969
962 967
962 986
962 989
963 964
963 965
963 1014
963 1018
963 1028
963 1117
964 965
964 966
964 1047
964 1117
965 966
965 976
965 1028
965 1030
965 1041
966 976
966 1047
966 1058
966 1086
966 1124
967 981
967 986
968 983
969 979
969 980
970 971
971 973
971 1099
971 1101
972 975
973 974
973 990
973 992
973 993
973 1061
973 1066
973 1099
974 987
974 990
975 985
976 1040
976 1041
976 1086
976 1091
976 1134
977 978
977 981
977 1157
978 1146
978 1154
978 1157
979 980
980 988
982 983
982 987
982 1000
982 1001
984 985
984 988
987 990
987 1000
987 1029
987 1031
987 1033
987 1056
990 993
990 1056
990 1057
991 994
992 993
992 1061
993 1057
994 999
994 1076
994 1077
995 996
995 997
995 998
995 1173
996 997
996 998
996 1148
998 1073
998 1075
998 1082
998 1148
998 1173
999 1076
999 1146
999 1154
999 1161
999 1176
1000 1001
1000 1012
1000 1029
1001 1012
1002 1003
1002 1004
1002 1005
1003 1004
1003 1005
1003 1008
1003 1104
1003 1106
1005 1104
1005 1124
1005 1128
1006 1007
1006 1008
1006 1055
1006 1106
1006 1158
1007 1008
1008 1106
1009 1010
1009 1011
1010 1011
1010 1013
1010 1014
1010 1028
1011 1028
1011 1166
1013 1014
1013 1018
1014 1018
1014 1028
1015 1016
1015 1017
1015 1019
1015 1024
1016 1017
1016 1024
1016 1026
1016 1038
1016 1039
1017 1019
1017 1038
1018 1117
1020 1021
1020 1022
1020 1027
1020 1109
1020 1111
1021 1022
1021 1023
1021 1111
1022 1023
1022 1027
1022 1140
1024 1025
1024 1026
1025 1026
1025 1045
1026 1039
1026 1044
1026 1045
1027 1109
1027 1127
1027 1140
1028 1030
1028 1166
1028 1167
1029 1031
1029 1032
1030 1041
1030 1147
1030 1163
1030 1167
1031 1032
1031 1033
1031 1034
1033 1034
1033 1046
1033 1056
1034 1046
1035 1036
1035 1037
1035 1042
1036 1037
1036 1042
1036 1043
1036 1058
1036 1059
1036 1060
1036 1068
1037 1047
1037 1068
1037 1117
1038 1039
1039 1044
1040 1041
1040 1091
1040 1142
1040 1143
1040 1147
1041 1147
1042 1043
1042 1048
1043 1048
1043 1060
1043 1153
1044 1045
1047 1058
1047 1067
1047 1068
1047 1117
1048 1153
1048 1230
1048 1231
1049 1050
1049 1051
1050 1051
1050 1052
1050 1053
1050 1208
1051 1208
1051 1230
1051 1231
1052 1053
1052 1054
1053 1054
1053 1055
1053 1208
1054 1055
1055 1158
1055 1208
1056 1057
1058 1059
1058 1060
1058 1067
1058 1124
1059 1067
1059 1068
1060 1124
1060 1144
1060 1153
1061 1066
1062 1063
1062 1064
1062 1065
1063 1064
1063 1065
1063 1078
1063 1120
1064 1096
1064 1113
1064 1120
1064 1123
1065 1078
1065 1079
1066 1092
1066 1094
1066 1098
1066 1099
1066 1102
1067 1068
1069 1070
1069 1071
1069 1072
1069 1083
1069 1172
1070 1071
1070 1072
1070 1074
1070 1159
1071 1073
1071 1074
1071 1172
1071 1174
1072 1083
1072 1084
1072 1159
1073 1074
1073 1075
1073 1173
1073 1174
1074 1075
1075 1082
1075 1149
1076 1077
1078 1079
1078 1080
1078 1120
1079 1080
1079 1081
1080 1081
1080 1120
1080 1145
1080 1185
1081 1185
1081 1188
1081 1189
1082 1148
1082 1149
1083 1084
1083 1085
1083 1172
1084 1085
1084 1087
1084 1155
1084 1159
1085 1087
1085 1088
1086 1124
1086 1133
1086 1134
1087 1088
1087 1089
1087 1155
1088 1089
1088 1090
1088 1162
1089 1090
1089 1155
1089 1156
1090 1162
1091 1134
1091 1142
1092 1093
1092 1094
1092 1102
1093 1094
1094 1098
1095 1096
1095 1097
1096 1097
1096 1100
1096 1113
1096 1118
1096 1123
1097 1100
1097 1103
1099 1101
1099 1102
1100 1103
1100 1107
1100 1123
1101 1102
1101 1105
1102 1105
1103 1107
1103 1108
1104 1106
1104 1124
1106 1124
1106 1144
1106 1158
1107 1108
1107 1123
1107 1139
1107 1141
1108 1141
1108 1232
1109 1110
1109 1111
1109 1126
1109 1127
1110 1111
1110 1112
1110 1126
1111 1112
1113 1118
1114 1115
1114 1116
1114 1121
1114 1122
1114 1130
1114 1135
1115 1116
1115 1119
1115 1130
1116 1119
1116 1122
1119 1130
1119 1132
1120 1123
1120 1139
1120 1145
1121 1122
1121 1125
1121 1135
1121 1136
1121 1137
1122 1125
1122 1126
1123 1139
1124 1128
1124 1129
1124 1133
1124 1144
1125 1126
1125 1127
1125 1137
1126 1127
1127 1137
1127 1138
1127 1140
1128 1129
1129 1133
1130 1131
1130 1132
1130 1135
1131 1132
1131 1135
1135 1136
1136 1137
1136 1138
1137 1138
1138 1140
1139 1141
1139 1145
1139 1227
1139 1229
1141 1227
1141 1228
1141 1232
1142 1143
1144 1153
1144 1158
1145 1188
1145 1229
1146 1154
1147 1163
1147 1164
1148 1149
1150 1151
1150 1152
1150 1215
1150 1220
1151 1152
1152 1220
1153 1158
1153 1208
1153 1230
1154 1157
1154 1160
1154 1161
1154 1168
1154 1169
1155 1156
1155 1159
1157 1160
1157 1170
1158 1208
1160 1169
1160 1170
1160 1171
1161 1168
1161 1175
1161 1176
1163 1164
1163 1167
1165 1166
1165 1167
1166 1167
1168 1169
1168 1175
1169 1171
1170 1171
1172 1174
1173 1174
1177 1178
1177 1179
1177 1198
1177 1199
1178 1179
1178 1180
1178 1199
1179 1180
1179 1181
1180 1181
1180 1182
1181 1182
1181 1183
1182 1183
1182 1184
1183 1184
1183 1187
1184 1186
1184 1187
1185 1188
1186 1187
1186 1190
1186 1195
1186 1196
1187 1190
1188 1189
1188 1191
1188 1229
1189 1191
1189 1194
1190 1196
1191 1192
1191 1193
1191 1194
1191 1229
1192 1193
1192 1194
1193 1217
1193 1218
1193 1226
1193 1227
1193 1229
1195 1196
1195 1197
1196 1197
1198 1199
1200 1201
1200 1202
1200 1206
1201 1202
1201 1223
1201 1224
1202 1206
1202 1207
1202 1223
1202 1225
1203 1204
1203 1205
1203 1221
1203 1222
1204 1205
1204 1211
1204 1222
1205 1211
1205 1212
1206 1207
1206 1209
1207 1209
1207 1210
1207 1225
1207 1233
1208 1230
1209 1210
1210 1233
1211 1212
1211 1213
1211 1214
1212 1214
1213 1214
1213 1215
1213 1216
1214 1216
1215 1216
1215 1220
1216 1220
1217 1218
1217 1219
1217 1226
1218 1219
1221 1222
1223 1224
1223 1225
1226 1227
1226 1228
1226 1234
1226 1235
1227 1228
1227 1229
1228 1232
1228 1234
1230 1231
1232 1234
1234 1235
1236 1237
1236 1238
1236 1245
1236 1246
1236 1247
1236 1290
1237 1238
1237 1239
1237 1280
1237 1286
1237 1290
1238 1239
1238 1240
1238 1241
1238 1245
1238 1248
1239 1248
1239 1276
1239 1279
1239 1280
1239 1282
1239 1334
1240 1241
1240 1245
1240 1253
1240 1254
1240 1255
1241 1248
1241 1249
1241 1253
1241 1273
1242 1243
1242 1244
1242 1251
1242 1252
1242 1264
1242 1287
1242 1303
1243 1244
1243 1251
1243 1256
1243 1257
1243 1313
1244 1256
1244 1264
1245 1246
1245 1255
1246 1247
1246 1255
1247 1255
1247 1259
1247 1262
1247 1290
1248 1249
1248 1275
1248 1276
1249 1273
1249 1275
1250 1251
1250 1252
1250 1274
1250 1277
1250 1278
1250 1367
1250 1368
1250 1568
1251 1252
1251 1312
1251 1313
1251 1362
1251 1368
1251 1536
1252 1274
1252 1281
1252 1287
1253 1254
1253 1271
1253 1272
1253 1273
1254 1255
1254 1270
1254 1271
1255 1259
1255 1267
1255 1268
1255 1269
1255 1270
1256 1257
1256 1258
1256 1264
1257 1258
1257 1260
1257 1313
1257 1329
1257 1345
1257 1346
1257 1347
1258 1260
1258 1261
1258 1264
1258 1308
1259 1262
1259 1263
1259 1265
1259 1266
1259 1267
1260 1261
1260 1347
1260 1348
1261 1308
1261 1348
1261 1413
1262 1263
1262 1290
1262 1392
1262 1399
1262 1403
1263 1265
1263 1403
1263 1415
1263 1416
1263 1417
1264 1303
1264 1308
1265 1266
1265 1415
1266 1267
1267 1268
1268 1269
1269 1270
1270 1271
1271 1272
1272 1273
1274 1278
1274 1281
1274 1507
1274 1508
1275 1276
1276 1279
1277 1278
1277 1291
1277 1292
1277 1568
1277 1579
1277 1582
1278 1291
1278 1508
1279 1334
1280 1282
1280 1283
1280 1286
1281 1287
1281 1507
1281 1509
1282 1283
1282 1334
1282 1338
1283 1284
1283 1285
1283 1286
1283 1338
1283 1339
1283 1436
1284 1285
1284 1286
1284 1394
1284 1397
1284 1398
1285 1397
1285 1433
1285 1434
1285 1435
1285 1436
1286 1290
1286 1392
1286 1394
1287 1288
1287 1289
1287 1303
1287 1509
1287 1604
1287 1611
1288 1289
1288 1291
1288 1292
1288 1581
1288 1595
1288 1596
1288 1603
1288 1604
1289 1291
1289 1509
1290 1392
1291 1292
1291 1508
1291 1509
1292 1579
1292 1581
1293 1294
1293 1295
1293 1296
1293 1297
1294 1295
1294 1296
1294 1298
1294 1301
1294 1302
1294 1305
1294 1306
1294 1307
1294 1309
1295 1297
1295 1304
1295 1305
1296 1302
1297 1304
1298 1299
1298 1300
1298 1301
1298 1309
1298 1310
1298 1311
1299 1300
1299 1301
1300 1311
1301 1302
1303 1308
1303 1611
1303 1619
1303 1678
1303 1702
1304 1305
1305 1306
1306 1307
1307 1309
1308 1413
1308 1414
1308 1702
1308 1703
1309 1310
1310 1311
1312 1313
1312 1360
1312 1362
1312 1760
1313 1327
1313 1328
1313 1329
1313 1360
1314 1315
1314 1316
1314 1317
1314 1318
1315 1316
1315 1317
1315 1321
1315 1351
1315 1353
1315 1366
1315 1371
1316 1350
1316 1351
1317 1318
1317 1319
1317 1320
1317 1321
1319 1320
1319 1321
1319 1322
1321 1322
1321 1323
1321 1366
1322 1323
1323 1324
1323 1325
1323 1326
1323 1366
1324 1325
1325 1326
1325 1330
1326 1330
1326 1332
1326 1366
1326 1370
1327 1328
1327 1329
1327 1372
1327 1381
1328 1360
1328 1361
1328 1372
1328 1373
1328 1375
1328 1549
1329 1346
1329 1381
1329 1383
1330 1331
1330 1332
1331 1332
1331 1333
1332 1333
1332 1335
1332 1344
1332 1369
1332 1370
1333 1335
1333 1336
1334 1338
1335 1336
1335 1337
1335 1344
1336 1337
1336 1340
1337 1340
1337 1341
1337 1344
1338 1339
1339 1436
1340 1341
1340 1342
1341 1342
1341 1343
1341 1344
1341 1349
1342 1343
1342 1438
1343 1349
1343 1437
1343 1438
1343 1451
1344 1349
1344 1369
1344 1382
1345 1346
1345 1347
1345 1355
1345 1359
1345 1719
1345 1723
1346 1354
1346 1355
1346 1383
1347 1348
1347 1359
1348 1358
1348 1359
1348 1413
1349 1382
1349 1451
1349 1513
1350 1351
1351 1352
1351 1353
1352 1353
1352 1356
1353 1356
1353 1357
1353 1371
1353 1374
1354 1355
1354 1383
1354 1384
1354 1725
1354 1726
1355 1723
1355 1725
1356 1357
1356 1363
1357 1363
1357 1364
1357 1374
1357 1386
1358 1359
1358 1413
1358 1414
1358 1713
1358 1720
1359 1719
1359 1720
1360 1361
1360 1539
1360 1545
1360 1760
1361 1545
1361 1549
1362 1536
1362 1552
1362 1760
1363 1364
1363 1365
1364 1365
1364 1386
1364 1390
1365 1390
1365 1495
1366 1370
1366 1371
1367 1368
1367 1553
1367 1560
1367 1563
1367 1568
1368 1536
1368 1553
1369 1370
1369 1371
1369 1374
1369 1382
1369 1385
1369 1387
1370 1371
1371 1374
1372 1373
1372 1381
1372 1388
1372 1389
1373 1375
1373 1389
1373 1393
1373 1489
1374 1386
1374 1387
1375 1489
1375 1490
1375 1549
1376 1377
1376 1378
1376 1468
1376 1503
1376 1512
1376 1515
1377 1378
1377 1380
1377 1503
1377 1504
1377 1506
1378 1379
1378 1380
1378 1512
1379 1380
1379 1385
1379 1387
1379 1391
1379 1512
1380 1390
1380 1391
1380 1506
1381 1383
1381 1384
1381 1388
1381 1420
1381 1428
1382 1385
1382 1513
1383 1384
1384 1420
1384 1726
1385 1387
1385 1512
1385 1513
1386 1387
1386 1390
1386 1391
1387 1391
1388 1389
1388 1404
1388 1428
1388 1430
1389 1393
1389 1396
1389 1402
1389 1404
1390 1391
1390 1495
1390 1496
1390 1506
1392 1394
1392 1398
1392 1399
1392 1401
1393 1395
1393 1396
1393 1487
1393 1489
1394 1398
1395 1396
1395 1400
1395 1481
1395 1486
1395 1487
1396 1400
1396 1402
1397 1398
1397 1406
1397 1433
1398 1401
1398 1406
1399 1401
1399 1403
1399 1405
1400 1402
1400 1481
1400 1492
1401 1405
1401 1406
1401 1407
1402 1404
1402 1443
1402 1466
1402 1492
1402 1500
1403 1405
1403 1417
1403 1418
1404 1430
1404 1442
1404 1443
1405 1407
1405 1411
1405 1418
1405 1419
1406 1407
1406 1408
1406 1410
1406 1431
1406 1432
1406 1433
1407 1408
1407 1409
1407 1411
1407 1412
1408 1409
1408 1410
1409 1410
1409 1412
1409 1424
1409 1425
1409 1426
1410 1426
1410 1431
1411 1412
1411 1419
1411 1421
1411 1422
1411 1423
1412 1423
1412 1424
1413 1414
1414 1703
1414 1713
1414 1714
1414 1715
1415 1416
1416 1417
1417 1418
1418 1419
1419 1421
1420 1427
1420 1428
1420 1429
1420 1726
1420 1727
1421 1422
1422 1423
1423 1424
1424 1425
1425 1426
1426 1431
1427 1428
1427 1429
1427 1733
1427 1817
1427 1819
1428 1430
1428 1733
1429 1727
1429 1819
1430 1442
1430 1448
1430 1733
1431 1432
1432 1433
1433 1434
1434 1435
1435 1436
1437 1438
1437 1439
1437 1440
1437 1451
1438 1439
1439 1440
1439 1441
1440 1441
1440 1444
1440 1450
1440 1451
1441 1444
1441 1447
1442 1443
1442 1448
1442 1452
1442 1624
1442 1774
1443 1452
1443 1453
1443 1460
1443 1466
1444 1445
1444 1446
1444 1447
1444 1449
1444 1450
1444 1512
1445 1446
1445 1447
1446 1449
1446 1479
1448 1623
1448 1624
1448 1733
1449 1478
1449 1479
1449 1512
1449 1515
1450 1451
1450 1512
1451 1512
1451 1513
1452 1453
1452 1774
1452 1776
1453 1460
1453 1510
1453 1776
1453 1780
1454 1455
1454 1456
1454 1457
1455 1456
1455 1480
1455 1482
1456 1457
1456 1458
1456 1459
1456 1480
1456 1483
1456 1484
1456 1485
1457 1458
1458 1459
1458 1461
1459 1461
1459 1462
1459 1485
1459 1488
1459 1493
1460 1466
1460 1475
1460 1476
1460 1510
1461 1462
1462 1493
1462 1494
1462 1497
1463 1464
1463 1465
1463 1467
1464 1465
1464 1467
1464 1468
1464 1470
1464 1515
1465 1469
1465 1470
1466 1476
1466 1500
1466 1501
1467 1468
1467 1499
1468 1499
1468 1503
1468 1515
1469 1470
1469 1471
1470 1471
1470 1472
1470 1478
1470 1515
1471 1472
1471 1473
1472 1473
1472 1477
1472 1478
1474 1475
1474 1476
1474 1481
1474 1491
1474 1516
1474 1518
1474 1520
1475 1476
1475 1510
1475 1511
1475 1514
1475 1516
1476 1491
1476 1501
1477 1478
1477 1479
1478 1479
1478 1515
1480 1482
1480 1483
1481 1486
1481 1491
1481 1492
1481 1520
1481 1522
1483 1484
1484 1485
1485 1488
1486 1487
1486 1522
1486 1523
1487 1489
1487 1523
1487 1525
1488 1493
1489 1490
1489 1525
1490 1525
1490 1530
1490 1549
1491 1492
1491 1501
1492 1500
1492 1501
1493 1494
1494 1497
1494 1498
1495 1496
1496 1505
1496 1506
1497 1498
1499 1502
1499 1503
1500 1501
1502 1503
1502 1504
1503 1504
1504 1505
1504 1506
1505 1506
1507 1508
1507 1509
1508 1509
1510 1511
1510 1649
1510 1780
1510 1781
1511 1514
1511 1648
1511 1649
1512 1513
1512 1515
1514 1516
1514 1517
1514 1648
1514 1706
1514 1783
1516 1517
1516 1518
1516 1519
1517 1519
1517 1783
1517 1784
1517 1785
1518 1519
1518 1520
1518 1521
1518 1786
1518 1788
1519 1785
1519 1786
1520 1521
1520 1522
1521 1522
1521 1524
1521 1788
1521 1790
1521 1791
1522 1523
1522 1524
1523 1524
1523 1525
1523 1526
1523 1527
1524 1527
1524 1791
1524 1792
1525 1526
1525 1528
1525 1530
1526 1527
1526 1528
1526 1529
1526 1793
1527 1792
1527 1793
1528 1529
1528 1530
1528 1531
1528 1538
1529 1531
1529 1532
1529 1793
1529 1797
1530 1538
1530 1540
1530 1549
1531 1532
1531 1536
1531 1537
1531 1538
1531 1552
1531 1760
1532 1536
1532 1553
1532 1560
1532 1797
1532 1798
1532 1800
1533 1534
1533 1535
1533 1541
1533 1572
1534 1535
1534 1541
1534 1551
1534 1554
1535 1551
1536 1552
1536 1553
1537 1538
1537 1539
1537 1540
1537 1760
1538 1540
1539 1540
1539 1545
1539 1760
1540 1545
1540 1549
1541 1571
1541 1572
1542 1543
1542 1544
1542 1666
1542 1712
1543 1544
1543 1642
1543 1644
1543 1666
1544 1642
1544 1643
1544 1804
1545 1549
1546 1547
1546 1548
1546 1550
1546 1701
1547 1548
1547 1550
1547 1768
1547 1803
1548 1701
1548 1768
1548 1787
1550 1803
1550 1807
1550 1808
1551 1554
1552 1760
1553 1560
1555 1556
1555 1557
1555 1704
1556 1557
1556 1558
1556 1559
1557 1558
1557 1704
1558 1559
1558 1561
1559 1561
1559 1562
1560 1563
1560 1800
1560 1801
1560 1802
1561 1562
1561 1564
1562 1564
1562 1565
1563 1568
1563 1630
1563 1802
1564 1565
1564 1566
1565 1566
1565 1567
1566 1567
1566 1569
1567 1569
1567 1570
1568 1582
1568 1630
1569 1570
1569 1571
1569 1572
1570 1571
1571 1572
1573 1574
1573 1575
1573 1576
1573 1578
1574 1575
1574 1576
1574 1577
1574 1609
1574 1610
1575 1577
1575 1578
1575 1580
1576 1610
1578 1580
1579 1581
1579 1582
1579 1810
1579 1812
1579 1813
1581 1596
1581 1636
1581 1637
1581 1813
1582 1630
1582 1806
1582 1809
1582 1810
1583 1584
1583 1585
1583 1586
1583 1838
1583 1842
1583 1844
1583 1851
1584 1585
1584 1586
1586 1838
1586 1839
1587 1588
1587 1589
1587 1590
1587 1591
1587 1592
1588 1589
1588 1590
1590 1591
1591 1592
1591 1593
1592 1593
1592 1594
1593 1594
1593 1597
1594 1597
1594 1598
1595 1596
1595 1603
1595 1638
1595 1667
1595 1668
1596 1637
1596 1638
1597 1598
1597 1599
1597 1600
1598 1599
1599 1600
1599 1601
1599 1602
1600 1601
1601 1602
1601 1605
1601 1606
1602 1605
1603 1604
1603 1668
1603 1671
1604 1611
1604 1671
1604 1672
1604 1675
1605 1606
1605 1607
1606 1607
1606 1608
1607 1608
1607 1609
1608 1609
1608 1610
1609 1610
1611 1619
1611 1675
1611 1677
1612 1613
1612 1614
1612 1615
1612 1617
1612 1634
1612 1635
1612 1690
1613 1614
1613 1615
1613 1821
1614 1635
1615 1616
1615 1617
1615 1708
1615 1711
1615 1821
1616 1617
1616 1618
1616 1708
1616 1709
1616 1710
1617 1618
1617 1689
1617 1690
1618 1689
1618 1710
1619 1677
1619 1678
1619 1679
1620 1621
1620 1622
1620 1849
1620 1852
1621 1622
1621 1850
1622 1846
1622 1848
1622 1850
1622 1852
1623 1624
1624 1774
1625 1626
1625 1627
1625 1628
1625 1645
1625 1682
1625 1684
1625 1692
1626 1627
1626 1628
1626 1629
1627 1645
1627 1646
1628 1629
1628 1631
1628 1684
1629 1631
1629 1632
1629 1633
1630 1802
1630 1805
1630 1806
1631 1632
1631 1684
1631 1688
1632 1633
1632 1634
1632 1685
1632 1688
1633 1634
1633 1635
1634 1635
1634 1685
1634 1690
1636 1637
1636 1813
1637 1638
1638 1667
1639 1640
1639 1641
1639 1728
1639 1729
1639 1739
1640 1641
1640 1642
1640 1643
1641 1642
1641 1644
1641 1730
1641 1739
1642 1643
1642 1644
1643 1804
1644 1665
1644 1666
1644 1730
1645 1646
1645 1647
1645 1654
1645 1692
1646 1647
1647 1654
1647 1669
1647 1670
1648 1649
1648 1705
1648 1706
1649 1781
1650 1651
1650 1652
1650 1722
1650 1724
1651 1652
1651 1653
1651 1737
1651 1738
1652 1653
1652 1655
1652 1656
1652 1721
1652 1722
1653 1656
1653 1736
1653 1737
1654 1669
1654 1692
1654 1693
1655 1656
1655 1657
1655 1658
1655 1718
1655 1721
1656 1657
1656 1735
1656 1736
1657 1658
1657 1659
1657 1735
1658 1659
1658 1660
1658 1718
1659 1660
1659 1661
1659 1732
1659 1734
1659 1735
1660 1661
1660 1662
1660 1716
1660 1717
1660 1718
1661 1662
1661 1663
1661 1664
1661 1732
1662 1663
1662 1716
1663 1664
1663 1665
1663 1666
1663 1712
1663 1716
1664 1665
1664 1731
1664 1732
1665 1666
1665 1730
1665 1731
1666 1712
1667 1668
1668 1671
1669 1670
1669 1673
1669 1693
1669 1695
1670 1673
1670 1674
1671 1672
1672 1675
1673 1674
1673 1676
1673 1680
1673 1695
1673 1697
1673 1699
1674 1676
1675 1677
1676 1680
1677 1679
1678 1679
1678 1702
1678 1707
1679 1707
1680 1699
1681 1682
1681 1683
1681 1684
1681 1686
1682 1683
1682 1684
1682 1691
1682 1692
1683 1691
1684 1686
1684 1688
1685 1686
1685 1687
1685 1688
1685 1689
1685 1690
1686 1687
1686 1688
1687 1689
1689 1690
1691 1692
1691 1693
1691 1694
1692 1693
1693 1694
1693 1695
1694 1695
1694 1696
1695 1696
1695 1697
1696 1697
1696 1698
1697 1698
1697 1699
1698 1699
1698 1700
1699 1700
1701 1787
1702 1703
1702 1707
1703 1715
1705 1706
1706 1783
1708 1709
1708 1711
1709 1710
1711 1821
1711 1822
1712 1716
1713 1714
1714 1715
1716 1717
1717 1718
1718 1721
1719 1720
1719 1723
1721 1722
1722 1724
1723 1725
1725 1726
1726 1727
1728 1729
1729 1739
1730 1731
1730 1739
1731 1732
1732 1734
1733 1817
1733 1818
1734 1735
1735 1736
1736 1737
1737 1738
1740 1741
1740 1742
1740 1752
1740 1758
1741 1742
1741 1743
1741 1746
1741 1752
1741 1753
1741 1754
1741 1759
1741 1761
1742 1743
1742 1747
1742 1748
1743 1744
1743 1745
1743 1746
1743 1747
1743 1749
1743 1750
1744 1745
1744 1746
1744 1755
1744 1767
1744 1824
1744 1846
1744 1848
1745 1750
1745 1751
1745 1848
1746 1753
1746 1755
1747 1748
1747 1749
1749 1750
1750 1751
1751 1848
1751 1850
1752 1754
1752 1758
1753 1755
1753 1761
1753 1762
1753 1763
1753 1764
1754 1756
1754 1757
1754 1759
1755 1763
1755 1767
1756 1757
1757 1759
1759 1761
1761 1762
1762 1764
1763 1764
1763 1765
1763 1766
1763 1767
1764 1765
1765 1766
1765 1775
1766 1767
1766 1775
1767 1775
1767 1782
1767 1823
1767 1824
1768 1769
1768 1770
1768 1777
1768 1787
1768 1803
1769 1770
1769 1777
1769 1778
1769 1789
1770 1787
1770 1789
1770 1794
1770 1795
1770 1796
1770 1799
1771 1772
1771 1773
1771 1778
1771 1779
1772 1773
1772 1775
1772 1777
1772 1778
1772 1782
1773 1775
1774 1776
1775 1782
1776 1780
1777 1778
1777 1782
1777 1803
1777 1816
1777 1820
1777 1823
1777 1825
1778 1779
1778 1789
1779 1789
1780 1781
1782 1823
1783 1784
1784 1785
1785 1786
1786 1788
1787 1799
1788 1790
1789 1794
1790 1791
1791 1792
1792 1793
1793 1797
1794 1795
1795 1796
1796 1799
1797 1798
1798 1800
1800 1801
1801 1802
1802 1805
1803 1807
1803 1811
1803 1814
1803 1816
1805 1806
1806 1809
1807 1808
1807 1811
1809 1810
1810 1812
1811 1814
1812 1813
1814 1815
1814 1816
1815 1816
1815 1840
1816 1820
1816 1840
1817 1818
1817 1819
1820 1825
1820 1826
1820 1827
1820 1838
1820 1839
1820 1840
1820 1844
1821 1822
1823 1824
1823 1825
1824 1825
1824 1826
1824 1846
1825 1826
1826 1827
1826 1828
1826 1846
1826 1852
1827 1828
1827 1829
1827 1844
1828 1829
1828 1831
1828 1834
1828 1852
1829 1831
1829 1837
1829 1844
1829 1851
1830 1831
1830 1832
1830 1835
1831 1832
1831 1834
1831 1835
1831 1837
1832 1836
1832 1837
1833 1834
1833 1835
1833 1841
1834 1835
1834 1841
1834 1847
1834 1849
1834 1852
1836 1837
1836 1843
1837 1842
1837 1843
1837 1851
1838 1839
1838 1844
1839 1840
1841 1847
1842 1843
1842 1845
1842 1851
1843 1845
1844 1851
1846 1848
1846 1852
1847 1849
1848 1850
1849 1852
1853 1854
1853 1855
1853 1856
1853 1857
1853 1866
1853 1868
1853 1871
1854 1855
1854 1870
1854 1871
1854 1957
1854 1958
1855 1857
1855 1957
1855 1960
1856 1857
1856 1866
1856 1867
1856 1918
1856 1919
1857 1918
1857 1953
1857 1960
1857 1961
1858 1859
1858 1860
1858 1866
1858 1867
1858 1869
1858 1882
1859 1860
1859 1861
1859 1867
1859 1920
1859 1923
1860 1861
1860 1862
1860 1880
1860 1881
1860 1882
1861 1862
1861 1863
1861 1923
1861 1925
1862 1863
1862 1864
1862 1879
1862 1880
1863 1864
1863 1865
1863 1925
1863 1927
1864 1865
1864 1872
1864 1878
1864 1879
1865 1872
1865 1873
1865 1927
1865 1929
1866 1867
1866 1868
1866 1869
1867 1919
1867 1920
1868 1869
1868 1871
1868 1884
1868 1885
1869 1882
1869 1883
1869 1884
1870 1871
1870 1885
1870 1886
1870 1958
1870 1959
1871 1885
1872 1873
1872 1874
1872 1876
1872 1877
1872 1878
1873 1874
1873 1875
1873 1929
1873 1931
1873 1934
1874 1875
1874 1876
1874 1940
1875 1934
1875 1937
1875 1939
1875 1940
1876 1877
1876 1940
1876 1941
1876 1942
1877 1878
1877 1914
1877 1915
1877 1942
1878 1879
1878 1914
1879 1880
1879 1912
1879 1914
1880 1881
1880 1911
1880 1912
1881 1882
1881 1910
1881 1911
1882 1883
1882 1898
1882 1910
1883 1884
1883 1896
1883 1897
1883 1898
1884 1885
1884 1887
1884 1896
1885 1886
1885 1887
1885 1888
1885 1889
1886 1889
1886 1890
1886 1959
1887 1888
1887 1895
1887 1896
1888 1889
1888 1894
1888 1895
1889 1890
1889 1891
1889 1893
1889 1894
1890 1891
1890 1892
1890 1959
1890 2132
1890 2134
1891 1892
1891 1893
1891 1905
1891 1906
1891 1907
1892 1907
1892 1908
1892 2134
1892 2136
1893 1894
1893 1905
1893 1909
1893 2073
1894 1895
1894 2072
1894 2073
1895 1896
1895 2072
1895 2075
1896 1897
1896 1899
1896 1900
1896 2075
1897 1898
1897 1899
1897 2151
1897 2154
1897 2156
1898 1910
1898 2156
1899 1900
1899 1901
1899 2150
1899 2151
1900 1901
1900 1902
1900 1903
1900 1909
1900 2074
1900 2075
1901 1902
1901 2146
1901 2148
1901 2150
1902 1903
1902 1904
1902 2139
1902 2146
1903 1904
1903 1905
1903 1909
1904 1905
1904 1906
1904 2138
1904 2139
1905 1906
1905 1909
1906 1907
1906 2138
1906 2142
1907 1908
1907 2142
1907 2144
1908 2136
1908 2144
1908 2165
1909 2073
1909 2074
1910 1911
1910 2156
1910 2158
1910 2160
1911 1912
1911 1913
1911 2160
1911 2162
1912 1913
1912 1914
1912 1916
1913 1916
1913 2162
1913 2210
1914 1915
1914 1916
1914 1917
1915 1917
1915 1942
1915 2007
1916 1917
1916 2210
1916 2211
1916 2215
1917 2007
1917 2213
1917 2215
1917 2216
1918 1919
1918 1953
1918 1955
1918 1956
1919 1920
1919 1921
1919 1922
1919 1951
1919 1956
1920 1921
1920 1923
1920 1924
1921 1922
1921 1924
1921 1962
1921 1963
1922 1951
1922 1952
1922 1963
1922 1965
1922 1966
1922 2122
1923 1924
1923 1925
1923 1926
1924 1926
1924 1962
1924 1964
1925 1926
1925 1927
1926 1927
1926 1928
1926 1964
1926 1968
1927 1928
1927 1929
1927 1930
1928 1930
1928 1968
1928 1969
1929 1930
1929 1931
1929 1932
1930 1932
1930 1969
1930 1970
1931 1932
1931 1933
1931 1934
1932 1933
1932 1935
1932 1970
1932 1971
1933 1934
1933 1935
1933 1936
1933 1937
1934 1937
1935 1936
1935 1938
1935 1971
1935 1972
1936 1937
1936 1938
1936 1943
1936 1944
1937 1939
1937 1943
1938 1944
1938 1972
1939 1940
1939 1943
1939 1947
1939 1976
1940 1941
1940 1948
1940 1949
1940 1976
1941 1942
1941 1949
1941 1950
1941 2000
1942 2000
1942 2003
1942 2007
1943 1944
1943 1945
1943 1947
1944 1945
1944 1946
1944 1972
1944 1973
1944 1975
1945 1946
1945 1947
1945 2240
1945 2241
1945 2242
1946 1975
1946 2242
1946 2243
1947 1976
1947 2239
1947 2240
1948 1949
1948 1976
1948 2238
1948 2239
1949 1950
1949 2236
1949 2237
1949 2238
1950 2000
1950 2001
1950 2235
1950 2236
1951 1952
1951 1956
1951 2120
1951 2121
1951 2290
1952 2121
1952 2122
1952 2123
1953 1954
1953 1955
1953 1961
1954 1955
1954 1961
1954 2287
1954 2288
1955 1956
1955 2288
1955 2290
1956 2290
1957 1958
1957 1960
1957 2113
1957 2125
1958 1959
1958 2125
1958 2127
1959 2127
1959 2129
1959 2132
1960 1961
1960 2113
1961 2113
1961 2124
1961 2287
1962 1963
1962 1964
1962 1980
1962 1981
1963 1965
1963 1981
1963 1982
1964 1968
1964 1980
1965 1966
1965 1967
1965 1982
1965 1983
1966 1967
1966 2062
1966 2063
1966 2122
1966 2123
1967 1983
1967 1984
1967 2062
1968 1969
1968 1979
1968 1980
1969 1970
1969 1977
1969 1978
1969 1979
1970 1971
1970 1974
1970 1978
1970 1999
1971 1972
1971 1974
1972 1973
1972 1974
1973 1974
1973 1975
1973 2008
1973 2009
1974 1999
1974 2008
1975 2009
1975 2243
1976 2239
1977 1978
1977 1979
1977 1997
1977 1998
1978 1998
1978 1999
1979 1980
1979 1996
1979 1997
1980 1981
1980 1994
1980 1995
1980 1996
1981 1982
1981 1988
1981 1994
1982 1983
1982 1988
1982 1989
1983 1984
1983 1986
1983 1987
1983 1989
1984 1987
1984 2060
1984 2061
1984 2062
1985 1986
1985 1987
1985 1990
1985 1991
1985 2059
1986 1987
1986 1989
1986 1990
1986 1992
1987 2059
1987 2060
1988 1989
1988 1992
1988 1993
1988 1994
1989 1992
1990 1991
1990 1992
1990 2050
1990 2057
1990 2058
1991 2049
1991 2050
1991 2059
1992 1993
1992 2044
1992 2057
1993 1994
1993 2025
1993 2027
1993 2044
1994 1995
1994 2025
1994 2026
1995 1996
1995 2024
1995 2026
1996 1997
1996 2021
1996 2024
1997 1998
1997 2017
1997 2021
1998 1999
1998 2010
1998 2013
1998 2017
1999 2008
1999 2010
1999 2011
2000 2001
2000 2002
2000 2003
2001 2002
2001 2234
2001 2235
2002 2003
2002 2004
2002 2234
2003 2004
2003 2005
2003 2007
2004 2005
2004 2006
2004 2231
2004 2234
2005 2006
2005 2007
2005 2213
2006 2213
2006 2214
2006 2231
2006 2232
2007 2213
2008 2009
2008 2011
2009 2011
2009 2012
2009 2243
2009 2244
2010 2011
2010 2013
2010 2014
2011 2012
2011 2014
2011 2015
2011 2016
2012 2016
2012 2244
2012 2245
2013 2014
2013 2017
2013 2018
2013 2262
2013 2263
2014 2015
2014 2262
2015 2016
2015 2260
2015 2261
2015 2262
2016 2245
2016 2246
2016 2261
2017 2018
2017 2019
2017 2020
2017 2021
2018 2019
2018 2263
2019 2020
2019 2263
2019 2264
2020 2021
2020 2023
2020 2247
2020 2248
2020 2264
2021 2022
2021 2023
2021 2024
2022 2023
2022 2024
2022 2032
2022 2247
2023 2247
2024 2026
2024 2031
2024 2032
2025 2026
2025 2027
2025 2029
2026 2028
2026 2029
2026 2031
2027 2029
2027 2030
2027 2038
2027 2039
2027 2044
2028 2029
2028 2031
2028 2035
2028 2036
2029 2030
2029 2036
2030 2036
2030 2037
2030 2038
2030 2040
2031 2032
2031 2033
2031 2035
2032 2033
2032 2034
2032 2247
2032 2249
2033 2034
2033 2035
2033 2328
2034 2249
2034 2250
2034 2328
2034 2329
2035 2036
2035 2292
2035 2328
2036 2037
2036 2292
2036 2293
2037 2040
2037 2293
2037 2294
2038 2039
2038 2040
2038 2041
2038 2043
2039 2041
2039 2042
2039 2044
2039 2045
2040 2043
2040 2294
2040 2295
2040 2296
2041 2042
2041 2043
2041 2082
2041 2083
2042 2045
2042 2046
2042 2076
2042 2082
2043 2083
2043 2296
2043 2297
2044 2045
2044 2057
2044 2066
2044 2071
2045 2046
2045 2056
2045 2067
2045 2070
2045 2071
2046 2055
2046 2056
2046 2076
2047 2048
2047 2049
2047 2051
2047 2052
2047 2091
2048 2049
2048 2050
2048 2051
2048 2053
2048 2054
2048 2064
2049 2050
2049 2059
2049 2091
2049 2097
2050 2058
2050 2064
2050 2065
2051 2052
2051 2053
2051 2086
2051 2088
2052 2088
2052 2090
2052 2091
2053 2054
2053 2055
2053 2080
2053 2086
2054 2055
2054 2056
2054 2064
2054 2067
2055 2056
2055 2076
2055 2077
2055 2080
2056 2067
2057 2058
2057 2066
2058 2065
2058 2066
2059 2060
2059 2097
2059 2098
2059 2099
2060 2061
2060 2099
2061 2062
2061 2099
2061 2102
2061 2103
2062 2063
2062 2103
2063 2103
2063 2109
2063 2123
2063 2291
2064 2065
2064 2067
2064 2069
2065 2066
2065 2068
2065 2069
2066 2068
2066 2071
2067 2069
2067 2070
2068 2069
2068 2070
2068 2071
2069 2070
2070 2071
2072 2073
2072 2074
2072 2075
2073 2074
2074 2075
2076 2077
2076 2078
2076 2079
2076 2082
2076 2084
2077 2078
2077 2080
2077 2081
2078 2079
2078 2081
2078 2179
2078 2180
2079 2084
2079 2180
2079 2181
2080 2081
2080 2085
2080 2086
2081 2085
2081 2179
2082 2083
2082 2084
2083 2084
2083 2297
2084 2181
2084 2297
2084 2298
2085 2086
2085 2087
2085 2179
2085 2299
2085 2300
2086 2087
2086 2088
2087 2088
2087 2089
2087 2300
2087 2301
2088 2089
2088 2090
2088 2094
2088 2095
2089 2095
2089 2301
2089 2302
2090 2091
2090 2092
2090 2094
2091 2092
2091 2093
2091 2096
2091 2097
2092 2093
2092 2094
2092 2303
2092 2304
2093 2096
2093 2304
2093 2305
2094 2095
2094 2303
2095 2302
2095 2303
2096 2097
2096 2100
2096 2305
2096 2306
2096 2307
2097 2098
2097 2100
2098 2099
2098 2100
2098 2101
2099 2101
2099 2102
2099 2105
2099 2106
2100 2101
2100 2307
2100 2308
2101 2106
2101 2308
2101 2309
2102 2103
2102 2104
2102 2105
2103 2104
2103 2107
2103 2109
2104 2105
2104 2107
2104 2108
2104 2311
2105 2106
2105 2309
2105 2310
2105 2311
2106 2309
2107 2108
2107 2109
2107 2110
2107 2115
2107 2291
2108 2110
2108 2111
2108 2311
2108 2312
2108 2313
2109 2291
2110 2111
2110 2112
2110 2113
2110 2114
2110 2115
2110 2124
2110 2289
2111 2112
2111 2313
2111 2314
2112 2113
2112 2125
2112 2126
2112 2314
2113 2124
2113 2125
2114 2115
2114 2117
2114 2119
2114 2289
2115 2119
2115 2291
2116 2117
2116 2118
2116 2120
2116 2121
2116 2288
2117 2118
2117 2119
2117 2288
2117 2289
2118 2119
2118 2121
2118 2123
2119 2123
2119 2291
2120 2121
2120 2288
2120 2290
2121 2123
2122 2123
2123 2291
2124 2287
2124 2289
2125 2126
2125 2127
2125 2128
2126 2128
2126 2314
2126 2315
2126 2316
2127 2128
2127 2129
2127 2130
2128 2130
2128 2316
2128 2317
2129 2130
2129 2131
2129 2132
2130 2131
2130 2317
2130 2318
2131 2132
2131 2133
2131 2318
2132 2133
2132 2134
2133 2134
2133 2135
2133 2318
2133 2319
2134 2135
2134 2136
2135 2136
2135 2137
2135 2319
2135 2320
2135 2321
2136 2137
2136 2165
2136 2166
2137 2166
2137 2321
2138 2139
2138 2140
2138 2142
2138 2143
2139 2140
2139 2141
2139 2146
2140 2141
2140 2143
2140 2168
2140 2327
2141 2146
2141 2147
2141 2168
2141 2169
2142 2143
2142 2144
2142 2145
2143 2145
2143 2325
2143 2326
2143 2327
2144 2145
2144 2164
2144 2165
2145 2164
2145 2324
2145 2325
2146 2147
2146 2148
2147 2148
2147 2149
2147 2169
2147 2170
2148 2149
2148 2150
2148 2152
2149 2152
2149 2170
2149 2199
2149 2200
2150 2151
2150 2152
2151 2152
2151 2153
2151 2154
2152 2153
2152 2200
2152 2201
2153 2154
2153 2155
2153 2201
2153 2202
2154 2155
2154 2156
2154 2157
2155 2157
2155 2202
2155 2203
2156 2157
2156 2158
2157 2158
2157 2159
2157 2203
2157 2204
2158 2159
2158 2160
2158 2161
2159 2161
2159 2204
2159 2205
2160 2161
2160 2162
2161 2162
2161 2163
2161 2205
2161 2206
2162 2163
2162 2209
2162 2210
2163 2206
2163 2207
2163 2208
2163 2209
2164 2165
2164 2167
2164 2323
2164 2324
2165 2166
2165 2167
2166 2167
2166 2321
2166 2322
2167 2322
2167 2323
2168 2169
2168 2327
2169 2170
2170 2199
2171 2172
2171 2173
2171 2504
2171 2505
2171 2514
2172 2173
2172 2174
2172 2175
2172 2176
2173 2174
2173 2177
2173 2504
2173 2506
2174 2175
2174 2177
2174 2178
2175 2176
2175 2178
2175 2439
2176 2439
2176 2440
2177 2178
2177 2197
2177 2198
2177 2506
2178 2198
2178 2439
2178 2441
2179 2180
2179 2299
2179 2524
2180 2181
2181 2298
2182 2183
2182 2184
2182 2515
2182 2516
2182 2523
2183 2184
2183 2185
2183 2186
2184 2185
2184 2187
2184 2188
2184 2515
2184 2517
2185 2186
2185 2188
2185 2507
2185 2509
2186 2507
2186 2508
2187 2188
2187 2189
2187 2190
2187 2517
2187 2518
2188 2189
2188 2509
2188 2510
2189 2190
2189 2191
2189 2510
2190 2191
2190 2192
2190 2518
2191 2192
2191 2193
2191 2510
2191 2511
2191 2512
2192 2193
2192 2194
2192 2518
2192 2519
2192 2520
2193 2194
2193 2195
2193 2196
2193 2512
2194 2195
2194 2520
2195 2196
2195 2197
2195 2198
2195 2520
2195 2521
2196 2197
2196 2512
2196 2513
2197 2198
2197 2506
2197 2513
2198 2441
2198 2521
2198 2522
2199 2200
2200 2201
2201 2202
2202 2203
2203 2204
2204 2205
2205 2206
2206 2208
2207 2208
2207 2209
2207 2211
2207 2212
2207 2219
2207 2225
2208 2225
2209 2210
2209 2211
2210 2211
2211 2212
2211 2215
2211 2217
2212 2217
2212 2219
2213 2214
2213 2216
2213 2218
2214 2218
2214 2220
2214 2232
2214 2233
2215 2216
2215 2217
2216 2217
2216 2218
2217 2218
2217 2219
2218 2219
2218 2220
2219 2220
2219 2225
2220 2233
2221 2222
2221 2223
2221 2226
2221 2230
2221 2335
2221 2337
2222 2223
2222 2224
2222 2277
2222 2278
2222 2337
2223 2224
2223 2226
2223 2227
2223 2228
2223 2229
2224 2229
2224 2277
2226 2227
2226 2230
2227 2228
2228 2229
2229 2277
2229 2536
2230 2335
2230 2336
2231 2232
2231 2234
2232 2233
2234 2235
2235 2236
2236 2237
2237 2238
2238 2239
2239 2240
2240 2241
2241 2242
2242 2243
2243 2244
2244 2245
2245 2246
2246 2261
2246 2334
2247 2248
2247 2249
2248 2249
2248 2251
2248 2264
2249 2250
2249 2251
2249 2252
2250 2252
2250 2329
2250 2551
2251 2252
2251 2253
2251 2254
2251 2264
2252 2253
2252 2331
2253 2254
2253 2255
2253 2330
2253 2331
2254 2255
2254 2256
2254 2263
2254 2264
2255 2256
2255 2257
2255 2258
2255 2330
2256 2257
2256 2263
2257 2258
2257 2259
2257 2260
2257 2262
2257 2263
2258 2259
2258 2330
2258 2332
2258 2333
2259 2260
2259 2261
2259 2333
2259 2334
2260 2261
2260 2262
2261 2334
2262 2263
2263 2264
2265 2266
2265 2267
2265 2540
2266 2267
2266 2268
2266 2529
2266 2530
2267 2268
2267 2269
2267 2270
2267 2540
2267 2541
2267 2542
2268 2269
2268 2529
2268 2531
2269 2270
2269 2271
2269 2531
2269 2532
2270 2271
2270 2272
2270 2542
2270 2543
2271 2272
2271 2273
2271 2532
2271 2533
2272 2273
2272 2274
2272 2543
2273 2274
2273 2275
2273 2276
2273 2533
2274 2275
2274 2543
2274 2544
2274 2545
2275 2276
2275 2285
2275 2286
2275 2545
2275 2550
2276 2285
2276 2533
2276 2534
2276 2539
2277 2278
2277 2279
2277 2535
2277 2536
2278 2279
2278 2280
2278 2337
2278 2546
2278 2547
2279 2280
2279 2281
2279 2535
2280 2281
2280 2282
2280 2546
2280 2548
2281 2282
2281 2283
2281 2535
2281 2537
2281 2538
2282 2283
2282 2284
2282 2548
2282 2549
2283 2284
2283 2285
2283 2538
2284 2285
2284 2286
2284 2549
2285 2286
2285 2538
2285 2539
2286 2549
2286 2550
2287 2288
2287 2289
2288 2289
2288 2290
2292 2293
2292 2328
2293 2294
2294 2295
2295 2296
2296 2297
2297 2298
2299 2300
2299 2524
2300 2301
2301 2302
2302 2303
2303 2304
2304 2305
2305 2306
2306 2307
2307 2308
2308 2309
2309 2310
2310 2311
2311 2312
2312 2313
2313 2314
2314 2315
2315 2316
2316 2317
2317 2318
2318 2319
2319 2320
2320 2321
2321 2322
2322 2323
2323 2324
2324 2325
2325 2326
2326 2327
2328 2329
2329 2551
2330 2331
2330 2332
2332 2333
2333 2334
2335 2336
2335 2337
2337 2547
2338 2339
2338 2340
2338 2468
2339 2340
2339 2341
2339 2466
2340 2341
2340 2344
2340 2428
2340 2468
2341 2342
2341 2344
2341 2430
2341 2463
2341 2466
2342 2343
2342 2344
2342 2425
2342 2430
2343 2344
2343 2345
2343 2346
2343 2347
2343 2424
2343 2425
2344 2345
2344 2426
2344 2427
2344 2428
2345 2346
2345 2411
2345 2426
2346 2347
2346 2348
2346 2409
2346 2411
2347 2348
2347 2349
2347 2416
2347 2424
2348 2349
2348 2350
2348 2408
2348 2409
2349 2350
2349 2351
2349 2402
2349 2415
2349 2416
2350 2351
2350 2352
2350 2401
2350 2408
2351 2352
2351 2353
2351 2402
2352 2353
2352 2354
2352 2387
2352 2395
2352 2401
2353 2354
2353 2355
2353 2386
2353 2391
2353 2402
2354 2355
2354 2356
2354 2361
2354 2387
2355 2356
2355 2357
2355 2365
2355 2386
2356 2357
2356 2358
2356 2361
2356 2362
2357 2358
2357 2359
2357 2364
2357 2365
2358 2359
2358 2362
2359 2364
2360 2361
2360 2362
2360 2369
2361 2362
2361 2369
2361 2371
2361 2387
2363 2364
2363 2365
2363 2366
2364 2365
2365 2366
2365 2367
2365 2368
2365 2386
2366 2367
2367 2368
2367 2374
2368 2373
2368 2374
2368 2385
2368 2386
2369 2370
2369 2371
2370 2371
2370 2372
2370 2380
2371 2372
2371 2387
2372 2380
2372 2381
2372 2387
2372 2388
2373 2374
2373 2375
2373 2376
2373 2384
2373 2385
2374 2376
2375 2376
2375 2377
2375 2378
2375 2379
2375 2384
2376 2377
2377 2378
2378 2379
2378 2394
2379 2384
2379 2393
2379 2394
2380 2381
2380 2382
2381 2382
2381 2383
2381 2388
2381 2390
2382 2383
2383 2389
2383 2390
2384 2385
2384 2393
2385 2386
2385 2392
2385 2393
2386 2391
2386 2392
2387 2388
2387 2395
2387 2396
2388 2390
2388 2396
2389 2390
2389 2397
2390 2396
2390 2397
2391 2392
2391 2402
2391 2403
2392 2393
2392 2403
2392 2404
2393 2394
2393 2404
2393 2405
2394 2405
2394 2574
2394 2575
2395 2396
2395 2398
2395 2401
2396 2397
2396 2398
2396 2399
2397 2399
2398 2399
2398 2400
2398 2401
2398 2406
2399 2400
2400 2406
2400 2407
2401 2406
2401 2408
2402 2403
2402 2415
2403 2404
2403 2415
2403 2417
2404 2405
2404 2417
2404 2419
2405 2419
2405 2574
2406 2407
2406 2408
2406 2410
2407 2410
2407 2413
2408 2409
2408 2410
2409 2410
2409 2411
2410 2411
2410 2412
2410 2413
2410 2414
2411 2412
2411 2426
2412 2414
2412 2426
2412 2494
2412 2495
2413 2414
2414 2494
2415 2416
2415 2417
2415 2420
2416 2420
2416 2422
2416 2424
2417 2418
2417 2419
2417 2420
2417 2421
2418 2419
2418 2421
2420 2421
2420 2422
2420 2423
2421 2423
2422 2423
2422 2424
2422 2431
2422 2433
2423 2433
2424 2425
2424 2431
2424 2442
2425 2429
2425 2430
2425 2442
2425 2444
2426 2427
2426 2491
2426 2495
2427 2428
2427 2467
2427 2472
2427 2475
2427 2491
2428 2467
2428 2468
2428 2470
2429 2430
2429 2444
2429 2457
2429 2461
2429 2462
2430 2462
2430 2463
2431 2432
2431 2433
2431 2435
2431 2442
2432 2433
2432 2434
2432 2435
2434 2435
2434 2437
2435 2436
2435 2437
2435 2442
2435 2443
2436 2437
2436 2438
2436 2443
2436 2528
2437 2438
2439 2440
2439 2441
2439 2522
2441 2522
2442 2443
2442 2444
2443 2444
2443 2445
2443 2528
2444 2445
2444 2446
2444 2454
2444 2457
2445 2446
2445 2447
2445 2448
2445 2528
2446 2447
2446 2449
2446 2451
2446 2454
2447 2448
2447 2449
2448 2528
2449 2450
2449 2451
2450 2451
2450 2453
2451 2452
2451 2453
2451 2454
2451 2455
2452 2453
2452 2455
2454 2455
2454 2456
2454 2457
2454 2458
2455 2456
2456 2458
2457 2458
2457 2459
2457 2461
2458 2459
2459 2460
2459 2461
2460 2461
2460 2464
2461 2462
2461 2464
2462 2463
2462 2464
2462 2465
2463 2465
2463 2466
2464 2465
2465 2466
2467 2469
2467 2470
2467 2472
2468 2470
2469 2470
2469 2471
2469 2472
2471 2472
2471 2474
2472 2473
2472 2474
2472 2475
2473 2474
2473 2475
2473 2476
2473 2477
2474 2477
2475 2476
2475 2478
2475 2491
2475 2492
2475 2493
2476 2477
2476 2478
2476 2479
2477 2479
2478 2479
2478 2480
2478 2481
2478 2493
2479 2481
2480 2481
2480 2483
2480 2486
2480 2487
2480 2493
2481 2482
2481 2483
2482 2483
2482 2484
2483 2484
2483 2485
2483 2486
2484 2485
2485 2486
2485 2488
2486 2487
2486 2488
2487 2488
2487 2489
2487 2490
2487 2493
2488 2490
2489 2490
2489 2492
2489 2493
2489 2502
2491 2492
2491 2495
2491 2497
2492 2493
2492 2497
2492 2499
2492 2502
2494 2495
2494 2496
2495 2496
2495 2497
2496 2497
2496 2498
2497 2498
2497 2499
2498 2499
2498 2500
2499 2500
2499 2501
2499 2502
2500 2501
2501 2502
2501 2503
2502 2503
2504 2505
2504 2506
2505 2514
2506 2513
2507 2508
2507 2509
2509 2510
2510 2511
2511 2512
2512 2513
2515 2516
2515 2517
2516 2523
2517 2518
2518 2519
2519 2520
2520 2521
2521 2522
2525 2526
2525 2527
2525 2594
2525 2596
2525 2597
2526 2527
2527 2597
2529 2530
2529 2531
2531 2532
2532 2533
2533 2534
2534 2539
2535 2536
2535 2537
2537 2538
2538 2539
2540 2541
2541 2542
2542 2543
2543 2544
2544 2545
2545 2550
2546 2547
2546 2548
2548 2549
2549 2550
2552 2553
2552 2554
2552 2579
2552 2580
2553 2554
2553 2555
2553 2556
2554 2555
2554 2578
2554 2579
2554 2581
2555 2556
2555 2557
2556 2557
2556 2558
2557 2558
2557 2559
2558 2559
2558 2560
2559 2560
2559 2561
2560 2561
2560 2562
2560 2563
2561 2563
2562 2563
2562 2564
2563 2564
2563 2565
2564 2565
2564 2566
2564 2567
2565 2567
2566 2567
2566 2568
2566 2569
2567 2569
2568 2569
2568 2570
2568 2571
2569 2571
2570 2571
2570 2572
2571 2572
2571 2573
2572 2573
2574 2575
2576 2577
2576 2578
2577 2578
2577 2579
2578 2579
2578 2581
2579 2580
2582 2583
2582 2584
2582 2600
2582 2601
2583 2584
2583 2585
2583 2586
2584 2585
2584 2600
2585 2586
2585 2587
2586 2587
2586 2588
2586 2589
2587 2589
2588 2589
2588 2590
2588 2591
2589 2591
2590 2591
2590 2592
2590 2593
2591 2593
2592 2593
2592 2594
2592 2595
2593 2595
2594 2595
2594 2596
2595 2596
2596 2597
2598 2599
2598 2600
2599 2600
2599 2601
2600 2601
2602 2603
2602 2604
2602 2608
2602 2609
2602 2637
2602 2638
2603 2604
2603 2605
2603 2638
2603 2663
2603 2665
2603 2667
2604 2605
2604 2607
2604 2608
2604 2618
2604 2814
2605 2606
2605 2607
2605 2661
2605 2663
2606 2607
2606 2621
2606 2622
2606 2658
2606 2661
2607 2621
2607 2628
2607 2814
2608 2609
2608 2615
2608 2616
2608 2618
2609 2616
2609 2620
2609 2637
2610 2611
2610 2612
2610 2641
2610 2642
2610 2706
2611 2612
2611 2613
2611 2619
2611 2706
2611 2707
2612 2613
2612 2614
2612 2642
2612 2644
2613 2614
2613 2616
2613 2619
2613 2620
2614 2616
2614 2617
2614 2644
2614 2645
2615 2616
2615 2617
2615 2618
2615 2645
2615 2646
2616 2617
2616 2620
2617 2645
2618 2626
2618 2646
2618 2814
2619 2620
2619 2640
2619 2690
2619 2691
2619 2707
2620 2637
2620 2640
2621 2622
2621 2623
2621 2627
2621 2628
2622 2623
2622 2624
2622 2657
2622 2658
2623 2624
2623 2627
2623 2630
2623 2631
2624 2629
2624 2630
2624 2657
2624 2672
2625 2626
2625 2627
2625 2633
2625 2634
2625 2646
2625 2648
2626 2627
2626 2628
2626 2646
2626 2814
2627 2628
2627 2631
2627 2633
2628 2814
2629 2630
2629 2672
2629 2674
2629 2676
2630 2631
2630 2632
2630 2676
2631 2632
2631 2633
2631 2784
2631 2785
2631 2786
2632 2676
2632 2786
2633 2634
2633 2784
2634 2647
2634 2648
2634 2775
2634 2781
2634 2784
2635 2636
2635 2637
2635 2639
2635 2693
2635 2695
2636 2637
2636 2638
2636 2695
2636 2697
2637 2638
2637 2639
2637 2640
2638 2667
2638 2697
2639 2640
2639 2692
2639 2693
2639 2694
2640 2691
2640 2692
2641 2642
2641 2643
2641 2704
2641 2705
2641 2706
2642 2643
2642 2644
2642 2654
2643 2654
2643 2655
2643 2704
2644 2645
2644 2650
2644 2652
2644 2654
2645 2646
2645 2648
2645 2650
2646 2648
2647 2648
2647 2649
2647 2650
2647 2775
2648 2650
2649 2650
2649 2651
2649 2652
2649 2775
2649 2776
2650 2652
2651 2652
2651 2653
2651 2654
2651 2776
2651 2799
2652 2654
2653 2654
2653 2656
2653 2799
2653 2800
2653 2806
2654 2655
2654 2656
2655 2656
2655 2703
2655 2704
2656 2702
2656 2703
2656 2806
2656 2844
2657 2658
2657 2659
2657 2672
2658 2659
2658 2660
2658 2661
2659 2660
2659 2672
2659 2673
2660 2661
2660 2662
2661 2662
2661 2663
2662 2663
2662 2664
2663 2664
2663 2665
2663 2666
2664 2666
2665 2666
2665 2667
2667 2697
2668 2669
2668 2670
2669 2670
2669 2671
2669 2696
2670 2671
2670 2677
2671 2677
2671 2678
2671 2696
2672 2673
2672 2674
2673 2674
2673 2675
2674 2675
2674 2676
2674 2795
2674 2796
2675 2796
2676 2786
2676 2789
2676 2795
2677 2678
2677 2679
2678 2679
2678 2680
2678 2681
2678 2696
2678 2698
2679 2681
2680 2681
2680 2682
2680 2698
2680 2699
2681 2682
2681 2683
2682 2683
2682 2685
2682 2699
2682 2700
2683 2684
2683 2685
2684 2685
2684 2686
2684 2687
2685 2686
2685 2700
2685 2701
2686 2687
2686 2689
2686 2701
2687 2688
2687 2689
2688 2689
2689 2701
2690 2691
2690 2707
2690 2710
2691 2692
2693 2694
2693 2695
2696 2698
2698 2699
2699 2700
2700 2701
2702 2703
2702 2711
2702 2712
2702 2844
2703 2704
2703 2711
2704 2705
2704 2711
2704 2713
2705 2706
2705 2713
2706 2707
2706 2709
2706 2713
2707 2708
2707 2709
2707 2710
2708 2709
2708 2710
2709 2713
2711 2712
2711 2713
2712 2844
2712 2852
2714 2715
2714 2716
2714 2718
2714 2719
2715 2716
2715 2717
2715 2858
2716 2717
2716 2719
2716 2773
2717 2773
2717 2857
2717 2858
2718 2719
2718 2720
2718 2721
2719 2721
2719 2772
2719 2773
2720 2721
2720 2723
2721 2722
2721 2723
2721 2772
2722 2723
2722 2725
2722 2761
2722 2772
2723 2724
2723 2725
2724 2725
2724 2726
2724 2727
2725 2727
2725 2760
2725 2761
2725 2762
2726 2727
2726 2728
2726 2729
2727 2728
2727 2759
2727 2760
2728 2729
2728 2730
2728 2759
2729 2730
2729 2731
2730 2731
2730 2732
2730 2759
2731 2732
2731 2733
2732 2733
2732 2734
2732 2754
2732 2755
2732 2759
2733 2734
2733 2735
2734 2735
2734 2736
2734 2754
2735 2736
2735 2737
2736 2737
2736 2738
2736 2754
2737 2738
2737 2739
2738 2739
2738 2740
2738 2741
2738 2754
2738 2756
2739 2740
2740 2741
2740 2742
2740 2743
2741 2743
2741 2756
2741 2757
2741 2758
2742 2743
2742 2744
2742 2745
2743 2744
2743 2757
2743 2766
2744 2745
2744 2746
2744 2766
2744 2767
2745 2746
2745 2747
2746 2747
2746 2748
2746 2767
2746 2768
2747 2748
2747 2749
2748 2749
2748 2750
2748 2768
2749 2750
2749 2751
2750 2751
2750 2753
2750 2768
2750 2769
2751 2752
2751 2753
2752 2753
2752 2933
2752 2934
2753 2769
2753 2933
2754 2755
2754 2756
2754 2763
2755 2759
2755 2760
2755 2763
2756 2758
2756 2763
2756 2764
2757 2758
2757 2764
2757 2765
2757 2766
2758 2764
2759 2760
2760 2762
2760 2763
2761 2762
2761 2764
2761 2765
2761 2770
2761 2772
2762 2763
2762 2764
2763 2764
2764 2765
2765 2766
2765 2767
2765 2768
2765 2770
2765 2771
2765 2774
2766 2767
2767 2768
2768 2769
2768 2771
2769 2771
2769 2900
2769 2933
2770 2772
2770 2774
2771 2774
2771 2898
2771 2899
2771 2900
2772 2773
2772 2774
2773 2774
2773 2853
2773 2857
2773 2901
2774 2898
2774 2901
2775 2776
2775 2777
2775 2778
2775 2781
2776 2777
2776 2798
2776 2799
2777 2778
2777 2779
2777 2797
2777 2798
2778 2779
2778 2780
2778 2781
2778 2783
2779 2780
2779 2797
2779 2815
2779 2817
2779 2819
2780 2782
2780 2783
2780 2815
2781 2783
2781 2784
2782 2783
2782 2787
2782 2794
2782 2813
2782 2815
2783 2784
2783 2787
2784 2785
2784 2787
2784 2790
2785 2786
2785 2788
2785 2790
2785 2791
2786 2788
2786 2789
2787 2790
2787 2794
2788 2789
2788 2791
2788 2795
2788 2832
2789 2795
2790 2791
2790 2792
2790 2793
2790 2794
2791 2792
2791 2832
2791 2834
2792 2793
2792 2807
2792 2834
2792 2836
2793 2794
2793 2807
2793 2808
2794 2808
2794 2813
2795 2796
2795 2832
2795 2833
2796 2833
2797 2798
2797 2802
2797 2816
2797 2817
2798 2799
2798 2800
2798 2801
2798 2802
2799 2800
2800 2801
2800 2805
2800 2806
2801 2802
2801 2803
2801 2804
2801 2805
2802 2803
2802 2816
2802 2818
2803 2804
2803 2818
2803 2847
2803 2848
2804 2805
2804 2845
2804 2846
2804 2847
2805 2806
2805 2845
2806 2844
2806 2845
2807 2808
2807 2809
2807 2836
2807 2838
2808 2809
2808 2810
2808 2813
2809 2810
2809 2811
2809 2838
2809 2840
2810 2811
2810 2812
2810 2813
2810 2815
2810 2822
2811 2812
2811 2829
2811 2840
2811 2842
2812 2820
2812 2822
2812 2827
2812 2829
2813 2815
2815 2819
2815 2822
2816 2817
2816 2818
2816 2823
2816 2825
2817 2819
2817 2823
2818 2825
2818 2848
2818 2849
2819 2822
2819 2823
2820 2821
2820 2822
2820 2827
2821 2822
2821 2823
2821 2824
2821 2827
2821 2831
2822 2823
2823 2824
2823 2825
2824 2825
2824 2831
2824 2849
2824 2865
2824 2867
2825 2849
2826 2827
2826 2828
2826 2830
2826 2869
2826 2870
2827 2828
2827 2829
2827 2830
2827 2831
2828 2829
2828 2870
2828 2871
2828 2872
2828 2873
2829 2842
2829 2873
2830 2831
2830 2867
2830 2868
2830 2869
2831 2867
2832 2833
2832 2834
2833 2834
2833 2835
2834 2835
2834 2836
2835 2836
2835 2837
2836 2837
2836 2838
2837 2838
2837 2839
2838 2839
2838 2840
2839 2840
2839 2841
2840 2841
2840 2842
2841 2842
2841 2843
2842 2843
2842 2873
2844 2845
2844 2852
2845 2846
2845 2851
2845 2852
2846 2847
2846 2851
2847 2848
2847 2850
2847 2851
2848 2849
2848 2850
2848 2859
2848 2862
2849 2862
2849 2865
2849 2866
2850 2851
2850 2859
2851 2852
2853 2854
2853 2855
2853 2857
2853 2858
2853 2901
2854 2855
2854 2856
2854 2858
2855 2856
2855 2860
2855 2861
2855 2901
2856 2860
2857 2858
2859 2862
2860 2861
2860 2864
2861 2863
2861 2864
2861 2901
2862 2866
2863 2864
2863 2901
2863 2902
2863 2903
2863 2904
2864 2903
2865 2866
2865 2867
2867 2868
2869 2870
2870 2871
2872 2873
2874 2875
2874 2876
2874 2878
2874 2879
2875 2876
2875 2877
2875 2878
2875 2896
2876 2877
2877 2896
2878 2879
2878 2880
2878 2881
2878 2882
2878 2895
2878 2896
2879 2880
2880 2881
2881 2882
2881 2883
2881 2884
2882 2884
2882 2893
2882 2894
2882 2895
2883 2884
2883 2885
2884 2885
2884 2887
2884 2894
2885 2886
2885 2887
2886 2887
2886 2888
2886 2889
2887 2888
2887 2894
2887 2897
2888 2889
2888 2890
2888 2897
2889 2890
2889 2891
2890 2891
2890 2892
2890 2897
2891 2892
2892 2897
2893 2894
2893 2895
2894 2897
2895 2896
2898 2899
2898 2901
2898 2902
2898 2943
2898 2944
2898 2945
2899 2900
2899 2935
2899 2936
2899 2944
2900 2929
2900 2931
2900 2933
2900 2935
2901 2902
2902 2904
2902 2943
2903 2904
2903 2906
2904 2905
2904 2906
2904 2943
2905 2906
2905 2907
2905 2908
2905 2942
2905 2943
2906 2908
2907 2908
2907 2909
2907 2910
2907 2941
2907 2942
2908 2910
2909 2910
2909 2911
2909 2912
2909 2941
2910 2912
2911 2912
2911 2913
2911 2940
2911 2941
2912 2913
2912 2914
2913 2914
2913 2915
2913 2916
2913 2939
2913 2940
2914 2916
2915 2916
2915 2917
2915 2918
2915 2939
2916 2918
2917 2918
2917 2919
2917 2920
2917 2939
2918 2920
2919 2920
2919 2921
2919 2922
2919 2938
2919 2939
2920 2922
2921 2922
2921 2923
2921 2937
2921 2938
2922 2923
2922 2924
2923 2924
2923 2925
2923 2936
2923 2937
2924 2925
2924 2926
2925 2926
2925 2927
2925 2936
2926 2927
2926 2928
2927 2928
2927 2929
2927 2935
2927 2936
2928 2929
2928 2930
2929 2930
2929 2931
2929 2935
2930 2931
2930 2932
2931 2932
2931 2933
2931 2934
2932 2934
2933 2934
2935 2936
2936 2937
2936 2944
2937 2938
2937 2944
2938 2939
2938 2944
2939 2940
2939 2944
2939 2945
2940 2941
2940 2942
2940 2945
2941 2942
2942 2943
2942 2945
2943 2945
2944 2945
