11132839078535198494 3795 1900
1.208595 1.353730 -2.584834
1.155618 1.980331 -2.694615
1.437408 0.428534 -0.698828
-3.412030 -4.728482 -0.571116
-3.667558 -5.000448 -0.564188
-0.471939 0.732808 1.210034
-3.022371 -7.831060 0.060785
-3.020296 -6.950263 0.057629
5.934953 -6.546161 -0.674489
5.379021 -4.519139 -0.483501
-3.526899 -2.484216 -0.068364
-3.094916 -3.741949 0.400463
-6.135703 -2.752082 -0.019966
-6.114182 -3.913939 0.002487
-3.026600 -5.526607 0.828201
0.345875 -0.779891 -0.888154
0.942072 -0.117342 0.118604
4.231264 -7.672385 1.673385
3.772036 -7.895703 -0.669703
1.295631 -2.310458 0.767796
4.986088 2.817913 0.575768
5.395526 -0.169425 -0.024573
4.849890 4.213449 0.650101
4.313176 4.541328 0.230772
-3.425475 4.157167 1.627331
-3.221298 -5.000732 2.576380
5.655191 -4.099657 0.798877
5.775511 -4.040445 1.235273
-0.358394 -2.262351 1.122488
2.524099 -1.486015 1.066692
2.400256 -2.986896 1.992791
3.758450 -5.630823 1.387361
-4.934960 -1.294864 0.644057
-5.544536 -1.682808 2.355241
3.486365 -5.120889 1.232409
-0.048323 -6.907532 1.140846
-5.815207 -3.493048 0.628719
-5.080753 -3.233495 1.305462
-5.142955 5.965710 1.992918
-5.483453 6.049262 1.152276
-1.012639 6.112452 1.351712
-2.243927 -7.865072 1.015542
-2.933283 3.050893 2.753982
1.186003 -6.270346 2.325839
0.786581 -6.369946 0.359255
4.447780 -7.298678 4.099796
5.342332 -5.552567 2.151138
-1.083207 -0.916203 2.447798
-1.440400 0.787041 2.463988
-1.135291 -0.448044 2.211782
4.447780 -7.298678 4.099796
-3.430926 4.394286 2.499619
-1.287144 0.212378 2.604299
2.693453 -2.145521 3.114182
1.830204 -1.163997 3.448770
2.822383 -7.654155 3.310298
2.721311 -7.790301 3.865860
2.634323 -3.255317 3.438158
1.730988 -3.129223 3.646782
-1.033002 0.213088 4.019663
-1.715163 -0.355224 4.194354
-3.514488 3.818439 4.137285
5.596120 -8.083940 4.181797
3.457615 -6.112746 3.873140
-3.139759 2.235800 4.573459
-2.839941 3.987975 4.425081
-4.252525 2.316586 4.204674
-2.308105 -7.683362 4.894163
-2.376753 -5.480236 4.771088
2.838963 -4.813404 4.455209
-2.357953 -6.393479 4.901638
-2.308105 -7.683362 4.894163
-6.154866 0.645862 4.794313
-4.779105 0.934316 4.838233
0.797307 1.150896 -2.437913
2.770659 0.189176 -1.493039
-6.063637 1.366401 -1.149290
-5.847712 3.506659 -1.147531
-3.511176 7.238867 -0.781654
-3.050192 8.283798 -1.155870
3.696827 -7.887275 -0.668216
5.515561 -7.280756 -0.675122
3.952326 -7.372035 -0.335016
3.139343 -7.745364 -0.666693
5.356328 -6.465592 -0.281941
5.229736 -4.549958 -0.263923
0.577192 6.682517 -0.048116
-0.065849 6.575343 -0.359480
3.898626 -7.874434 0.117042
3.952326 -7.372035 -0.335016
-5.661081 -1.847700 -0.073628
-5.497284 -2.175557 0.103972
-5.990522 2.744345 0.022983
-5.875966 3.972116 -0.169429
6.138825 -7.853238 -0.028003
6.096045 -7.464177 0.025782
-4.293692 -0.724788 0.188013
-4.775429 -0.248922 -0.075761
-5.166220 -4.122062 -0.026094
0.426328 5.229691 0.325121
-5.128098 -4.117796 0.385725
-2.665535 -2.157794 0.739950
-3.662592 -5.027670 -0.541461
-3.642694 -4.638449 0.425416
1.123091 -3.727854 0.322263
-0.155624 -4.810685 1.490413
-5.852223 5.582262 0.463773
-5.637345 5.111299 0.725439
1.056604 5.004210 0.814342
2.639300 -0.844190 0.589471
0.502192 4.983621 1.120790
-3.511845 5.650241 1.124746
5.392983 0.713633 0.859077
1.274773 -1.953529 0.910757
2.068681 -1.561947 0.507922
5.994627 0.064619 0.995931
2.857498 -5.176481 1.500755
2.523209 -1.446441 0.968252
2.908238 0.991952 0.707795
3.760847 -6.529190 1.160208
2.768657 -5.691350 1.025598
-0.266380 1.758333 1.124700
-4.408756 1.355379 0.860694
0.249537 5.012774 1.192598
3.769937 -5.629988 1.384594
1.366643 -3.001176 0.731076
1.995491 -2.024019 0.901697
3.395635 1.502793 0.959256
-1.204963 -7.008556 1.362953
-2.637762 -2.358474 1.217698
-5.892673 5.558136 1.676894
-5.753394 5.197699 0.967067
0.258498 1.676711 1.029969
4.725004 3.237983 1.591977
-3.345737 5.452607 0.793362
3.982943 2.124127 1.759512
-5.392951 -1.971526 1.789563
6.264065 3.877944 2.175330
4.324910 4.128683 1.858589
4.672389 3.875803 1.794277
-2.541689 -6.460820 1.514503
-5.540286 -1.629869 2.340986
-4.329134 -0.206111 1.855275
-5.494407 0.812622 2.484170
3.081215 0.559372 2.313943
-5.705147 1.098628 1.896584
-4.329134 -0.206111 1.855275
-4.781346 -0.077742 1.951315
0.018316 4.903009 1.947596
-2.089722 -6.670419 2.404962
5.685472 -5.405519 2.011297
5.665541 -5.116378 2.061963
4.052802 4.374393 2.082967
-1.958554 -5.993474 2.925571
0.506606 -6.122858 2.701400
-5.055898 5.634283 2.049043
-4.218670 4.458097 3.877372
-2.349798 -3.100043 2.548200
-2.061420 -3.114682 2.250486
5.746004 3.604983 2.369639
2.598929 -7.429998 2.603786
-4.662393 0.314969 2.592369
0.502192 4.983621 1.120790
3.993580 -6.969008 3.171830
2.623515 -3.787686 2.601168
2.732479 -2.350780 2.914225
-4.682449 1.476361 2.713024
1.800354 -1.361449 3.242203
-0.294193 -6.253572 3.030453
4.298779 -7.856697 3.488147
2.211869 -2.216643 2.974701
-2.260991 2.393338 2.991870
-2.872456 3.065512 3.302055
1.938982 -0.314160 2.798069
1.948646 -0.839706 3.112670
-1.038975 2.949481 3.102339
-2.072257 -0.351355 3.303088
-1.301000 -0.151628 3.441238
0.084731 2.536434 3.116822
-1.586238 3.627990 3.354092
3.729450 -6.982304 3.482953
0.828700 2.398901 3.727105
-5.900000 -0.016490 3.734332
-5.638906 0.243695 4.071814
-2.072257 -0.351355 3.303088
-1.980140 -0.354620 3.469272
-4.611092 1.722281 3.808333
0.225602 -3.321167 4.139321
-2.565331 -6.839026 3.730549
-3.454544 -6.512654 4.000100
-1.171546 -0.573650 4.247826
-1.666827 -0.303644 4.304813
-4.523326 2.128409 4.241250
-1.505992 -6.497140 3.855568
-1.568149 -5.535846 4.075289
-3.373325 5.138694 4.121725
-3.383219 5.156111 4.112604
-3.022366 5.000621 4.383666
-0.693803 -3.092925 4.231964
-4.909239 3.595515 4.306381
2.803226 -5.316578 4.338435
3.021508 -7.055233 3.892615
-4.815551 3.076234 4.190447
-2.390126 2.216009 4.964315
-1.527905 5.185668 5.480184
-0.192528 -4.451440 5.164704
-1.913305 -2.796880 4.834865
-2.096639 -2.500703 4.687749
-2.730203 1.737168 5.061843
-5.354946 3.734346 5.031757
-5.326308 1.825640 6.216871
0.006465 -4.664762 5.225086
-5.478082 4.139084 5.369311
-5.382991 -3.287394 4.978065
-5.456393 -3.662069 5.772506
-4.654730 2.091542 6.182416
-5.340048 2.147041 -1.797995
-5.380862 2.301942 -2.206301
-2.914703 -0.352057 -1.408785
-2.898929 -0.334228 -1.338863
1.432919 0.395767 -0.706056
0.498628 7.640987 -1.440322
1.286849 6.546194 -0.763979
-3.639842 7.878035 -1.224327
-3.084471 8.267525 -1.156599
5.036067 5.166871 -0.446801
0.498628 7.640987 -1.440322
1.436367 -0.606494 -0.528958
0.668939 -2.545533 -0.669689
0.939477 -1.355699 -0.427264
1.686900 2.893023 -0.142976
5.273599 4.936094 -0.427181
3.975584 7.342162 -0.293329
4.496972 6.042117 0.222678
1.135384 6.570653 -0.473366
3.711556 7.213653 -0.103761
-0.237799 1.509905 0.689726
2.504938 3.148474 -1.006941
1.014034 5.177131 0.268399
4.127268 -1.879850 0.345957
3.784344 7.282620 -0.137849
0.967215 -8.327592 -0.017779
1.305721 -8.198192 0.084910
6.013365 -7.277374 0.100952
5.487583 -2.947312 -0.477743
0.196210 -3.465558 -0.051278
-0.346519 -2.800220 -0.057935
-4.485004 -1.018670 -0.075481
5.797645 0.643855 0.237121
-0.705023 2.726994 0.122867
-1.710636 2.561200 0.343895
0.994599 4.941832 0.311255
1.143527 4.800488 0.326634
-3.935199 -6.573370 -0.075628
1.451970 -1.474433 -0.038296
-4.888531 -1.217148 0.100899
-4.485004 -1.018670 -0.075481
-4.476669 -0.999561 -0.060826
4.888541 3.681461 0.051256
5.417068 3.867318 0.001367
0.976760 -5.037910 -0.104917
1.109484 -5.412319 0.073946
4.996698 0.006795 -0.207756
1.101682 4.606981 0.319612
3.092393 4.486292 0.217451
1.109484 -5.412319 0.073946
-5.701615 0.464516 1.988466
-6.094641 0.693878 0.001173
5.494762 0.729858 0.153857
3.898663 5.117239 0.097902
3.908024 5.243199 0.070149
5.713243 -6.765536 0.939077
1.307870 -5.783354 -0.242706
-1.127638 -4.628779 -0.019428
4.460253 -0.241064 0.214517
0.830823 2.030964 0.538861
0.703742 2.158752 -0.090665
-0.739204 -4.075415 0.186322
-5.439501 -3.392806 0.902415
0.750122 3.996576 1.044503
-0.364098 -3.485685 0.484554
3.901744 3.596216 0.515008
0.691335 -6.955557 0.736390
-4.258729 -6.126890 1.251899
3.064482 -1.453549 0.585034
5.592427 3.645237 0.780872
4.829370 -3.844170 0.474631
5.205940 -4.020428 0.829179
2.640763 -1.266234 0.254018
-5.604772 0.330084 0.377498
5.383824 3.941887 0.767231
4.593030 -4.760195 1.085614
5.640750 0.621508 0.352852
5.267861 3.081263 0.509265
2.307832 3.625476 0.889644
5.370718 3.632887 1.005096
1.062246 3.753922 0.673080
3.807499 4.195746 0.821248
0.204570 5.155580 0.894493
-4.042582 -5.595257 1.556958
2.547187 -1.397416 0.984127
2.092011 -1.573071 0.527557
-5.574672 -0.167354 0.815547
5.235488 0.711851 0.618226
5.677147 2.323457 0.487754
-1.122898 -8.184834 1.064713
-0.472124 -3.436227 0.934461
-5.410377 -3.862057 0.069093
-3.327266 -2.093741 1.028726
4.515922 2.872935 1.424816
-5.840174 5.762846 1.063371
-4.640089 -3.385020 1.069384
-4.972789 -3.281193 0.737093
5.529813 2.556114 1.032923
1.119576 3.514858 1.068653
5.560449 -4.376872 0.797268
2.989030 1.333136 1.008015
5.002823 3.084461 1.080624
0.116689 5.489622 1.045780
-2.445739 -7.919178 1.089530
5.138324 -7.815430 1.522463
-3.180735 -2.342367 1.245222
-3.652951 -2.303678 1.004794
2.864216 0.983653 1.172926
1.176898 3.167045 0.988396
-5.854911 5.653343 1.410852
5.266441 -4.929971 1.641088
5.775157 -4.056195 1.176415
5.799654 -4.021579 0.830020
4.228436 2.431059 1.093664
4.107904 2.248163 1.036310
3.783137 -5.653137 1.430023
4.432048 -5.052820 1.293139
4.284168 2.139669 0.980611
3.663134 1.029732 0.883868
-6.307787 5.577048 1.190534
-2.718534 -4.689029 0.896060
-2.854818 -4.660569 1.383698
-3.180110 2.055885 1.717765
-3.307814 1.748017 1.270737
3.091351 -5.187746 1.732637
-2.658834 -2.432302 1.895485
0.549756 5.056281 1.385644
3.551213 -5.118094 1.272611
-0.292159 -2.213225 1.241585
-0.247213 -2.527822 1.055677
1.420615 -6.660419 2.128638
0.784032 -6.386197 0.357016
5.436999 4.142982 1.853089
5.854817 4.026072 1.397089
5.292549 -7.958274 2.337937
3.549856 -5.382625 1.982715
-3.663473 -3.729542 1.695543
-3.207057 -3.409965 1.907253
-0.495991 -4.475741 2.068048
-3.026458 -7.518252 2.402089
-4.280419 -0.327252 1.924016
0.770764 5.222685 2.676656
1.144730 -6.617509 1.973645
-1.190560 -3.399388 2.456016
3.161891 -8.014217 1.928929
3.556007 -7.362854 2.180748
-0.584331 -4.228506 1.952314
-3.399847 1.208043 2.091450
-3.312819 1.357195 1.998109
-4.532271 -5.381978 2.965286
5.835495 -5.272926 2.108019
5.309370 -5.236072 1.913538
-1.483433 -1.014123 2.266103
5.907015 -5.602510 2.198314
5.788923 -5.266088 2.067028
-0.863135 -3.679518 2.062803
0.130678 0.026370 2.257543
0.039290 -0.249272 1.775988
-3.194285 -3.612680 2.468292
-1.760870 2.417531 2.680400
-1.184586 2.276519 2.471575
-2.755539 -7.084955 2.387205
-3.589669 -4.619828 1.877596
-1.678228 -0.505026 2.446598
-4.515407 -0.213458 2.268542
-0.995073 0.700641 2.212716
4.336225 -6.280705 2.659467
-4.649156 0.329348 2.502146
5.818745 -6.138926 2.424659
-4.663932 1.476319 2.675091
-1.081944 0.935698 2.328777
-4.799551 0.947510 2.738992
2.690598 -5.511649 2.721864
2.758823 -5.286395 2.573426
-3.348667 -4.037098 1.765142
3.310588 3.410252 3.342401
-1.216817 -0.447974 2.959986
3.725805 -6.436807 2.880116
6.004964 -6.803677 2.883406
2.784634 -5.289015 2.614051
-1.301473 -0.800093 2.612501
-2.368105 -6.377525 2.175184
-2.105550 -6.834024 2.369306
2.725730 -5.505980 2.560930
-2.096912 2.452568 2.628461
2.977263 1.500885 2.832055
3.133401 2.008909 3.266424
-3.946121 -4.362902 2.976290
-2.854366 1.885856 3.674629
-2.119106 2.477139 3.046712
1.573221 2.130173 3.470485
3.365792 3.699692 3.369791
-1.883103 2.210341 3.234643
2.975734 -7.533810 2.966953
2.531550 1.724760 3.175560
-2.184609 2.377868 3.536847
2.915277 -7.352668 3.619642
0.227880 -1.480529 3.678086
1.710328 -3.137447 3.593016
-3.097154 2.547725 3.534829
-2.553015 -6.690409 3.331152
-2.611073 -6.693308 3.778326
2.204531 -3.179583 3.702996
-2.941233 3.203712 3.583288
0.227880 -1.480529 3.678086
-3.097154 2.547725 3.534829
3.463436 -4.168709 3.853325
-0.177091 -1.422719 3.869678
-2.653704 2.445120 4.296099
2.306681 -8.123204 3.749350
2.435818 -8.367115 3.867147
3.604041 -4.180769 3.995659
-0.217456 1.958436 4.277061
-6.257195 -0.707033 4.050457
-0.106923 1.680254 4.089112
-0.037024 -2.925155 3.783995
6.085200 -8.014952 3.929709
6.210583 -7.785700 3.953053
0.414633 -3.132428 4.223995
0.205249 -1.294192 4.192735
2.290789 2.532989 4.184827
-0.728333 -7.627503 3.944126
-0.520127 -7.587439 4.417518
-5.731952 -4.361216 3.282436
-4.076773 2.702273 4.264753
0.739246 5.346458 4.210054
0.721370 1.580426 4.212287
-4.224600 3.135487 4.179645
-3.562914 -5.386079 3.963169
-3.170843 -5.742633 4.061787
-4.078526 3.276202 4.221757
-4.607964 3.086111 4.127203
-2.368712 0.567616 4.700102
2.117863 2.689710 4.516068
-0.632851 -5.335362 5.071585
0.788975 5.011910 4.385609
-0.016110 -5.399415 4.758631
0.925764 2.076512 4.289139
2.290789 2.532989 4.184827
0.140462 5.660101 4.767156
-2.585791 0.776421 4.895272
1.498762 3.992422 4.762340
1.488607 1.720365 4.760871
1.926505 2.334763 4.559304
-2.162547 6.092427 4.906405
-2.182882 5.962064 4.766658
1.098754 4.864936 4.819293
1.735661 4.908289 4.692576
0.128322 -0.675610 4.741005
0.371385 -0.478428 4.746483
1.411371 1.808820 4.982092
1.619097 3.736094 4.945186
-4.618072 -2.765928 5.214643
-2.018205 -4.805970 5.007333
-2.625101 -4.872644 5.040122
-2.717851 -5.114481 5.358201
-1.447471 -3.229722 5.500144
-1.854755 -2.972697 5.243611
0.040497 2.564976 5.115716
0.089014 2.696991 5.002288
-4.273890 -2.902037 5.949360
-1.973984 -3.737695 5.252731
-2.962655 -3.745794 5.385829
-2.840865 -4.487958 5.358733
-0.907321 3.731322 5.190392
-1.038186 3.646041 5.284573
-5.990034 -0.692037 5.771691
-5.809623 -0.625651 5.810159
-5.186528 2.728387 6.009773
-5.126816 2.727790 6.090899
-2.662619 -3.271420 6.569779
-2.733200 -3.270767 6.038996
-2.863839 -7.818769 0.230071
-2.276198 -7.663216 0.412236
-5.974290 8.135007 0.184216
-5.851641 7.922957 4.001063
6.178387 7.892954 4.181242
6.209740 3.941001 4.188988
5.337819 3.980363 6.783402
5.579538 -3.702560 6.932787
-3.343378 -4.000968 0.059565
-5.328445 -4.061554 0.177647
-5.885381 8.188289 0.116108
-6.051650 8.283842 0.031448
5.906661 4.617355 0.822921
5.936586 4.562216 3.481346
-2.664134 4.952272 2.700613
-2.676049 4.674133 2.829106
6.249129 7.935972 5.079009
-1.738719 8.253513 5.758213
6.027037 8.199352 8.657731
-1.778772 7.643984 6.116246
5.385220 -7.931982 7.322083
5.395883 -7.953105 8.640693
5.744906 7.977409 9.239398
-5.605766 8.008790 9.246250
-4.062675 4.413767 0.100979
-2.974594 4.867435 0.015294
-6.118018 7.702502 -0.024645
-6.175344 7.924542 0.009033
-4.032936 4.316286 0.138383
-2.972308 4.852198 0.132864
-2.240216 -7.908280 3.814154
5.976462 -0.429546 1.466610
5.823952 -0.543396 1.492821
5.825556 -3.469049 2.335177
5.805592 -2.932581 2.267952
-2.454943 -8.306136 4.052416
-3.521152 -4.689470 4.184095
-3.484881 -7.926178 4.196411
6.453906 -3.997292 4.923879
-3.355055 8.518154 4.793851
6.316963 -7.877161 4.921232
-1.775063 8.392830 4.946984
1.959014 8.359772 5.769412
1.948089 8.391356 8.622702
-3.112693 -7.501633 8.691080
-1.484331 8.104062 7.328305
-1.562892 8.109618 8.709672
-3.500140 -7.711209 8.869915
-5.554633 7.542855 8.999659
5.691621 7.460801 8.972655
5.825093 0.997301 0.759759
5.834449 0.142489 0.605736
6.016860 1.118666 -0.016538
5.795925 1.121409 1.024417
3.620260 4.173913 1.369895
3.712765 3.765551 0.201043
5.317093 3.518167 0.419742
5.313128 4.273059 -0.008062
3.685275 -0.162749 0.795287
3.668048 -0.165830 0.789453
1.186064 -1.882802 1.023905
1.400400 -2.181160 0.977511
-6.541664 -0.665359 4.781418
-5.843214 -0.622489 5.017241
2.508830 -6.817715 1.039628
2.225556 -6.288095 1.284210
-2.954593 2.012527 4.300317
-2.789678 0.900540 3.177973
-3.566698 6.816262 0.578841
-3.399917 6.467552 0.013474
0.878490 2.541721 3.093851
-1.158919 2.584041 3.390002
-3.113906 -3.683165 2.509113
-5.013217 -3.335708 1.963650
0.179617 5.246453 3.537748
-0.078057 5.218824 4.143044
-3.345073 -3.322649 4.377823
-3.121569 -3.033407 3.441843
-2.717359 -5.180046 4.474576
-2.574854 -5.006688 4.581907
-1.503023 -3.633332 2.996975
-1.368833 -3.630967 3.274453
-2.828437 -6.769701 0.179936
-3.382051 -6.288617 1.633184
-3.499002 4.497819 4.003760
-3.317543 5.298932 4.063880
-1.936643 2.186013 5.231087
-1.945041 2.183361 5.257007
-2.517852 3.498253 5.098533
-2.361147 2.037966 5.430722
0.753578 4.472199 5.028139
-0.645359 4.872494 5.062739
2.264644 -1.310624 3.423351
2.315267 -1.915522 3.203422
0.245362 -7.026202 3.151316
1.464624 -6.726271 2.128514
0.563506 -1.255414 3.150283
1.055522 -0.364124 3.494572
-0.690434 -8.546658 4.109746
-0.413096 -8.600070 3.941605
2.920574 -5.627618 2.506106
2.132939 -5.382242 2.979999
2.864249 -3.524558 2.016979
2.314138 -1.779492 1.625405
4.153056 -4.307226 1.055795
4.811734 -4.667857 1.341969
-2.530233 0.806270 0.994022
-2.058866 0.465036 0.907125
-4.112998 -0.087787 -0.911324
-2.967513 -0.495947 -1.488209
1.395834 -4.253541 0.873620
1.982617 -2.075004 1.347800
3.522673 -3.512174 1.789797
3.698737 -3.223061 1.610596
0.707071 -3.500129 -0.150599
0.681045 -2.701589 -0.170583
-4.076933 -0.988331 3.310865
-4.759587 -1.005495 3.212288
-2.386795 0.865265 0.963784
-3.434443 -0.043881 1.206118
3.391798 -4.940669 2.534431
2.649488 -4.897923 2.771162
-1.099016 4.218297 5.577215
-1.790857 5.491428 5.351046
-1.303481 5.847538 1.547847
-2.339887 6.603857 0.871749
-5.920215 -3.687651 4.882555
-5.544449 -3.577289 4.895669
-5.409672 -0.922385 5.278786
-5.989459 -0.420824 5.557611
-5.980700 -2.463593 5.467810
-6.133068 -2.473418 4.899558
-5.674007 -4.005392 6.906881
-5.808784 -3.841403 5.784302
-1.536189 -4.042421 4.015828
-3.536375 -3.987257 3.965396
-2.484675 -6.489943 3.721014
-2.486989 -6.633916 4.677544
-5.944311 -4.514666 1.589487
-6.293974 -4.024997 1.175870
-3.633138 -5.378429 -0.629131
-4.756717 -2.401478 -0.323819
-4.485059 1.267206 1.267709
-4.297128 1.642992 0.487787
-3.321995 -3.335784 1.007662
-3.256891 -4.006458 1.074849
-5.765361 -3.402608 5.668315
-4.654946 -3.620739 5.839440
-4.130430 -4.277310 3.982309
-4.796176 -4.502923 4.054766
-3.499514 -4.771914 5.311849
-2.705325 -4.604365 4.510181
-5.150330 1.786019 4.446698
-5.202658 1.127591 4.463017
-4.756389 -2.571671 5.115397
-4.695494 -3.420113 4.396603
-4.656007 -1.814757 3.319274
-4.651655 -2.724339 2.908939
-2.729906 -3.374041 3.175976
-2.729906 -3.321977 3.175976
-4.744227 -2.720662 5.043424
-3.960163 -2.769693 4.499740
-1.181534 -4.566209 0.085972
-0.036999 -1.350204 2.122067
-5.217675 -2.376726 0.506167
-6.000781 -2.205194 0.034385
-2.347701 2.835067 0.942417
-2.182767 3.742431 0.323980
-2.621539 -2.072238 0.517301
-2.212833 -3.585974 -0.004398
-4.670104 5.438886 3.453866
-4.634441 4.573914 5.111205
-2.718283 -5.940898 0.485177
-2.743015 -5.930820 0.479070
-6.322969 -0.055244 3.559552
-6.133824 0.128052 3.166532
-5.672786 4.339797 -1.212601
-5.679676 4.383761 -1.206012
-5.347629 2.723749 0.629355
-5.148387 1.395382 0.436020
-5.861115 2.834626 -1.727909
-5.705573 1.827427 -1.013852
-5.602006 3.060024 5.536564
-5.595516 2.445205 3.360518
-2.953583 -8.456717 4.007141
-3.154422 -7.402755 3.999444
0.302695 -2.931126 3.990556
0.403777 -3.826380 4.442874
-2.612512 -4.658198 5.155738
-2.583284 -5.143858 4.900122
2.150720 -3.366568 3.479397
-0.305410 -3.407739 4.143174
-3.840304 -7.781675 4.624118
-3.979427 -7.444312 4.328551
5.397513 -7.352007 2.000988
5.503459 -7.309645 3.995507
5.755455 -6.225373 1.926452
5.843071 -6.248073 2.576001
5.753063 -5.195817 2.165156
5.741343 -5.505815 2.165034
5.675194 -4.030192 1.278770
5.682350 -3.974176 1.277251
-1.275884 -7.929574 -0.008993
-1.667089 -7.923728 1.192401
2.616903 2.084589 3.767515
2.304389 2.003879 4.068914
4.362009 5.068185 0.525510
5.330401 5.324627 -1.159526
4.310894 7.321671 -0.513007
4.626108 5.962538 0.263562
0.859348 4.424438 4.246702
0.644243 5.336033 3.782526
-4.363488 1.380917 3.967458
-3.882921 1.966159 3.875737
2.464997 1.116261 3.108834
1.246352 1.757287 2.203543
-3.681858 3.556924 4.085787
-4.366126 3.546031 4.133617
-5.606044 4.715754 -0.014020
-5.284086 4.783102 -0.346129
3.999301 -7.956434 0.238037
3.999634 -8.088179 -0.041816
1.765838 -7.342865 2.320942
4.007175 -7.325658 2.361609
5.234537 -7.951298 4.075497
5.605351 -8.019661 2.989342
2.589757 -7.102398 4.066972
2.096166 -7.034739 4.093585
2.965235 -2.944004 0.647007
3.284152 -1.908437 -0.159836
5.822351 0.999527 0.747412
5.856407 1.131951 0.616867
5.610104 0.764904 0.028982
5.447752 0.689771 0.975313
5.097733 2.411041 0.935297
5.310153 3.343129 0.509248
4.553206 3.561282 0.610487
4.740235 3.558800 -0.000997
5.303055 3.284241 0.926672
4.176928 3.473672 0.854399
5.314169 3.543865 0.003954
5.313802 4.279827 0.004915
6.286515 3.793349 2.368085
6.259663 3.967941 1.948899
6.136711 4.014858 2.251878
5.956095 3.795153 1.336080
1.168025 -2.037854 0.814462
1.382586 -2.164924 0.784715
1.269549 -3.170408 0.633432
1.179555 -1.881735 1.017111
-5.844625 -0.631316 5.057009
-6.881750 0.091261 4.909748
2.518584 -6.854279 1.119089
2.891068 -7.252847 0.623995
2.966865 -7.184524 0.776621
2.958727 -7.222891 0.784178
-1.895655 0.482027 2.397046
-0.346425 -1.659164 1.011188
-4.575504 -6.096530 2.053260
-4.811872 -6.242942 2.218943
-3.806290 5.419719 0.495594
-4.130251 4.774650 0.831756
-0.905041 2.851852 4.371887
0.288233 2.564355 4.178801
-0.793398 1.958628 3.338583
-0.717482 1.883031 3.962400
-5.380924 1.836176 4.485930
-5.407456 3.350236 4.434040
-5.395291 1.449088 4.531808
-5.382441 1.202524 4.539776
-1.013671 6.392178 1.645244
-0.748843 6.617166 2.267422
-3.121569 -3.033407 3.441843
-2.990999 -3.268209 4.261565
-3.131453 -6.350074 2.442044
-3.150466 -6.245374 2.532633
-0.889532 -4.099953 3.036390
-1.090031 -4.309879 3.051969
-4.522181 -3.203735 2.746989
-4.451195 -3.306798 2.864566
-1.849236 -4.310662 4.692539
-1.772859 -4.398206 4.676545
-2.585626 -3.642491 4.045294
-2.913185 -3.953145 4.250799
-4.454062 -5.490601 1.383572
-4.288361 -5.714436 1.228824
-2.941270 -7.650358 0.270622
-2.414066 -7.167923 0.610990
-3.597798 -4.403718 4.355258
-3.266509 -5.234552 4.935013
-2.943391 5.405070 4.296371
-2.960195 5.394294 4.254915
1.602979 4.306592 4.854227
1.111839 4.463247 4.900028
-2.537850 -0.692507 4.275290
-2.537667 -0.687610 4.249304
0.727867 2.450764 4.823103
1.396962 2.317717 4.758234
-2.206194 3.843881 5.067180
-2.132759 3.851979 4.804782
-1.347251 -0.482903 4.012515
-0.944865 -0.453582 4.195786
-1.861549 2.497488 5.062063
-2.615058 2.659313 5.076327
2.753700 -2.227086 3.142638
2.682961 -1.839334 3.269166
-1.569307 -2.138416 4.995121
-1.568443 -2.170339 4.983369
1.273446 -7.230777 2.378913
1.005953 -6.132854 2.517323
-1.425883 -4.135985 4.419955
-1.974273 -4.322030 4.784918
2.866176 -2.667193 2.755564
2.722614 -4.191542 2.248900
0.313240 -5.637303 3.127268
0.022636 -6.531844 3.473290
-0.413096 -8.600070 3.941605
0.043920 -7.289104 3.523857
4.567572 -2.801049 0.378840
4.519783 -2.806423 0.361355
2.489743 -3.996078 1.927574
2.286337 -4.813725 2.452181
2.363391 -3.964358 1.982455
2.638084 -3.484358 1.614751
4.597252 -4.877956 1.028862
4.639094 -4.781129 0.963737
0.735378 1.433245 1.710268
1.324467 1.490503 1.593948
1.375797 2.696190 0.827694
1.542434 2.589325 0.486574
0.917281 5.944305 0.323108
0.606052 6.025392 0.398869
2.272321 5.017798 -0.763574
2.540205 4.969834 -1.165360
1.368379 -0.134559 -0.692743
1.327289 -0.711451 -1.297798
0.260746 4.213884 1.988682
-0.339905 4.664038 2.353938
3.383921 -3.463558 1.640171
2.975868 -3.136697 1.591598
3.369275 -5.319484 1.878777
2.731534 -5.105770 1.605181
4.695659 -6.783566 0.060162
4.369662 -6.445797 0.343648
5.408275 -2.650452 -0.308789
5.253078 -2.152737 -0.533107
3.394569 -1.804251 0.753693
3.841068 -1.330007 -0.112328
-4.076933 -0.988331 3.310865
-4.741308 -1.073234 3.161767
3.601955 0.830039 0.578137
3.450896 0.158929 0.681687
-5.747238 -1.033168 2.018213
-5.828817 -0.958765 2.446297
3.077689 -4.653145 2.613654
3.035527 -4.214046 2.502864
-1.098954 4.218340 5.577267
-1.117305 4.189379 5.384849
1.426643 1.681438 4.854422
1.166212 1.511429 4.939047
-0.591203 4.950132 1.826611
1.473195 2.886936 2.448516
-0.958254 5.987629 1.275900
-0.967562 6.084743 1.436530
-5.506642 -3.935845 4.891087
-4.924039 -3.911370 4.927274
-5.574695 -0.975154 4.950345
-5.690501 -1.961136 4.892934
-5.677444 -3.552327 5.031171
-5.323088 -3.577744 5.206703
-5.278049 -1.851835 6.155880
-5.867579 -1.990393 5.072005
-5.392791 -2.426590 4.777053
-5.492439 -1.684590 4.780036
-5.518208 -3.545554 6.952290
-5.753135 -3.614138 7.185332
-5.736924 -3.999923 6.616848
-5.829419 -4.134267 7.552386
-1.540046 -4.159957 2.596923
-1.609091 -4.166609 0.996068
-3.476233 -5.299073 3.996443
-3.390668 -6.602040 3.901522
-6.347597 -3.956306 2.536074
-6.347328 -3.956067 2.504971
-6.287212 -3.963939 0.458935
-6.276767 -3.971530 0.000000
-6.130012 -3.477959 1.435701
-6.067091 -2.916425 1.469547
-6.223376 2.812563 3.028831
-6.148882 2.917121 1.012726
-4.728215 -2.404096 -0.297377
-4.592381 -3.234817 -0.366201
1.163580 1.330120 0.000226
0.439668 2.715599 0.003483
-2.510012 0.474176 2.690794
-2.707659 0.690738 2.539576
-1.816899 -1.881624 2.121756
-0.805839 -2.586355 1.682878
-1.634083 2.960377 0.549671
-1.838917 2.726875 0.561298
-2.718346 0.334370 2.473499
-3.368393 -0.522110 1.961989
-5.765361 -3.402608 5.668315
-4.654946 -3.620739 5.839440
-1.752730 -4.324246 4.949161
-4.125928 -4.111677 4.949432
-2.872140 -3.872560 4.802469
-4.791884 -4.462179 4.858910
-2.998614 -4.900788 5.675464
-3.188066 -4.904277 5.433958
-2.862967 -4.083642 6.439020
-3.074536 -4.115503 6.600912
-5.230243 0.488565 4.983959
-5.176046 0.489222 4.986367
-5.144633 -3.241791 4.991144
-5.235960 -3.788321 5.004159
-5.462493 0.757853 3.511091
-5.452457 -0.602170 3.361659
-4.725494 -0.533034 5.425790
-4.715580 -0.129083 5.210340
-4.639235 -0.889643 2.965275
-5.429092 -0.812615 2.854192
-3.226935 -3.173983 2.320267
-3.235039 -3.172113 1.309529
-3.319475 -3.518260 2.842673
-3.754783 -3.509278 3.541662
-1.674366 -2.718795 4.535259
-1.773850 -2.718440 3.673556
-3.317730 -3.506450 1.817139
-2.940242 -3.505996 1.976068
-5.743736 -0.550086 0.164188
-5.825808 -0.665620 0.776605
-3.276788 -2.871663 0.112540
-3.312644 -2.975376 0.539530
1.353936 4.768188 0.316573
0.946314 4.258247 0.260045
-3.447075 2.062937 0.306900
-3.006731 2.148514 1.346722
-1.317432 -0.272746 4.591363
-1.618703 -0.287530 3.638141
3.701207 -1.728202 0.578528
3.809178 -2.131535 0.603247
-4.550192 4.565235 4.441235
-4.428924 4.788509 3.864866
-5.568828 6.190709 0.848730
-5.372256 5.920040 1.659877
-6.323775 5.629175 1.256160
-6.081989 5.693793 1.249372
-3.123166 -6.266129 1.657024
-2.887811 -6.190477 1.604234
-2.467669 -3.892980 1.836542
-2.452310 -3.863947 1.283436
-6.150046 -0.102035 0.453297
-6.173632 0.113853 1.470710
3.772676 -1.261086 0.052884
3.565544 -0.991583 0.037269
1.148823 2.180336 0.047006
1.016380 2.490074 -0.016485
2.842041 3.160027 0.350273
2.597429 2.819760 0.149777
2.858090 5.491904 -0.004382
2.822198 5.058886 0.013681
-5.853950 5.672484 -0.144323
-5.841536 5.708138 -0.029748
-5.347629 2.723749 0.629355
-5.351025 2.729237 0.586604
-5.985165 3.497439 -1.351639
-5.920428 3.332025 -1.302619
-5.387516 1.385894 4.344745
-4.506642 1.669837 4.257585
-4.531126 1.317290 2.480241
-4.615798 1.619116 1.630011
-3.262450 -7.942912 2.318561
-3.354097 -7.647938 3.999213
-2.679031 -6.826920 3.644608
-2.659063 -6.874784 3.795072
1.657061 -3.075172 3.676975
2.072634 -3.126734 3.640489
2.565995 -8.186351 3.772371
2.489326 -8.383595 3.827384
-3.056818 -5.061276 5.009783
-1.923673 -5.141367 4.969155
0.558261 -8.360500 4.222775
0.615535 -7.684143 4.317399
2.799962 -3.921831 3.643731
3.073933 -3.953855 3.590851
-1.543738 -4.676422 5.324055
-0.255631 -4.917096 5.435698
0.291645 -5.178473 4.947018
0.328049 -4.409493 5.007569
5.841923 -7.628843 0.257658
5.726283 -7.726321 -0.068490
6.121697 -7.348820 -0.002598
5.406698 -7.350851 -0.010201
5.900743 -8.097807 0.398051
6.096556 -7.872360 0.505758
5.539438 -7.556720 0.444028
6.096556 -7.872360 0.505758
5.584537 -4.403524 0.971023
5.572494 -5.612157 1.958605
5.542790 -3.381569 -0.001846
5.984558 -3.382886 0.092236
5.542790 -3.381569 -0.001846
5.984558 -3.382886 0.092236
-2.488358 -7.490873 0.726443
-2.005909 -7.523700 1.176762
-1.333461 -7.920030 -0.020331
-2.874281 -7.990512 -0.019835
2.616903 2.084600 3.767515
2.504114 2.027677 3.856804
0.799216 6.415219 3.408184
1.040368 5.978400 3.545627
4.363744 5.028964 0.515040
4.364990 5.071546 0.523460
5.200349 4.859023 -0.445116
4.644737 5.785001 -0.601169
4.097102 4.191984 2.177161
3.631988 3.998862 2.555439
5.291134 5.011868 -0.227857
5.221580 5.289983 -0.514455
3.919914 7.222803 -0.801151
4.246833 6.599349 -0.573236
2.346093 -1.412867 2.282479
1.806962 -0.476178 2.761364
3.242794 1.039196 -2.206758
1.692643 1.762801 -2.611518
2.683033 -1.913109 2.332657
2.519575 -2.000866 2.366727
2.398872 -0.710988 2.620100
2.312855 -0.431033 2.759898
-4.630638 2.678561 4.173836
-4.611884 2.556866 4.203455
-5.378125 4.652210 0.878410
-5.557134 4.710047 -0.042703
-1.893963 -7.057090 1.777266
-1.738736 -6.738377 1.215143
2.665039 -8.094952 -0.033911
3.756556 -8.164213 -0.035027
4.000001 -7.968313 0.024939
4.000000 -7.967246 1.203061
2.860409 -7.622477 2.615793
2.784793 -7.569003 3.714458
4.743001 -7.983027 2.367298
4.859200 -8.102136 3.090554
5.649000 -8.254483 4.233783
5.808149 -7.387005 4.211071
3.034629 -7.228914 4.147410
3.000131 -7.332821 4.095699
3.117873 -3.535612 1.014435
3.650724 -4.124867 1.296893
5.444608 -6.533956 3.011118
5.488657 -6.096564 2.695486
5.569049 0.997982 0.693026
5.513441 1.086425 0.580625
5.513078 3.380403 0.471629
5.350316 3.094645 0.573626
5.812960 0.796781 0.924785
5.818494 0.995100 0.750031
5.313455 2.116893 -0.035592
5.586051 2.612886 1.105072
5.117871 -0.095501 0.453652
5.232017 -0.206024 0.381920
4.161416 3.650419 0.560144
4.308340 4.111397 0.670158
4.352884 4.067914 0.523732
4.425004 3.691764 0.472569
5.049440 3.613888 0.419656
5.141858 3.558738 -0.000004
1.604262 3.560881 0.201825
1.686451 3.587051 0.357123
2.893739 3.536078 0.420641
1.531964 3.535555 0.193464
6.035201 3.540562 0.002434
5.314169 3.543865 0.003954
5.379088 4.211720 1.401914
5.615705 4.451114 1.163247
6.285619 3.793419 2.367875
6.379430 3.897289 2.446414
3.632135 -0.472521 0.815027
3.633543 -0.613692 0.846301
1.382331 -2.164533 0.785220
1.401871 -2.171529 0.969332
2.774616 -0.104929 0.917014
2.511408 -0.091822 0.964929
1.358487 -0.441645 3.088381
1.297549 -0.255467 2.840422
-5.925648 0.124873 4.962848
-5.992114 0.103966 4.959557
-6.336052 -0.500712 4.944366
-6.877640 0.095409 4.901681
2.859878 -7.048516 0.335211
3.208662 -7.083251 0.264312
2.101702 -6.197641 0.901234
2.107271 -6.165258 0.828050
-2.966972 1.959458 4.257692
-3.113946 2.220519 4.472134
-2.657866 0.847185 3.310810
-2.604040 0.724354 3.168845
-4.209191 -4.380188 3.927118
-4.090545 -4.219533 4.779322
-3.712118 -4.545518 4.318146
-3.990777 -4.317542 4.298248
-3.501974 6.692813 0.417517
-3.642799 6.378127 0.566589
-0.803954 1.923530 3.322174
-0.717482 1.883031 3.962400
-3.208962 2.530639 3.556173
-3.079888 3.073421 3.583340
-1.158525 2.585575 3.390743
-2.127894 2.848780 3.541209
-2.925207 -2.966354 2.391966
-3.925761 -2.853091 2.104612
-6.185482 4.320177 3.941490
-6.254111 4.310706 3.943394
-5.557181 4.040859 4.479637
-5.550893 4.375370 4.434869
-1.099785 6.135561 0.832651
-1.195149 6.531142 2.367813
0.306558 5.483844 0.163731
0.685537 4.989980 0.273376
-3.049560 -3.466877 4.449940
-3.232979 -3.605345 4.373332
-2.390433 -3.420039 4.443979
-2.813636 -3.293909 4.507173
-3.426782 -5.093576 3.596484
-3.254557 -5.199673 3.535306
-0.896943 -2.673480 0.878713
-0.987653 -2.806790 0.798553
-1.477511 -4.239711 4.454911
-1.337888 -4.169468 4.644201
-4.250253 -3.986510 2.722294
-4.363961 -4.132542 2.900182
-2.032897 -3.420053 3.863418
-2.487625 -3.734744 3.828417
-1.315044 -3.346674 2.417922
-1.243215 -3.165567 2.587418
0.607571 -6.906599 0.199767
0.678264 -6.679956 0.359580
-4.793563 -5.032522 0.841593
-4.463867 -5.496944 1.380001
-1.006179 -4.707129 3.310427
-0.899996 -4.752056 3.519756
0.514793 -4.606073 0.258413
0.462328 -4.716947 0.391650
-3.674958 -6.992179 -0.344941
-2.929614 -6.627839 0.277472
-3.591326 -4.405582 4.351832
-3.816501 -3.803061 3.814253
-2.883325 5.530252 4.259211
-2.943391 5.405070 4.296371
1.347057 4.995719 4.795307
1.772036 4.899348 4.764026
1.565369 4.328135 4.847284
1.566629 4.455426 4.813010
-1.478523 4.992969 5.181669
-1.408584 5.105591 5.116614
-2.363026 -0.232196 4.300145
-2.362583 -0.239862 4.339652
-0.017600 -0.256627 4.597240
-0.042810 -0.240826 4.572233
1.396976 2.317679 4.758371
1.545065 2.298272 4.760557
0.968304 1.630337 4.942809
0.731445 0.006263 4.817783
-2.129544 3.448128 4.861917
-2.049635 3.184973 4.952250
-2.282737 1.903605 5.390193
-2.490500 1.252536 5.126236
-0.515151 -0.435286 4.096549
-0.017009 -0.693362 4.021016
2.663300 -1.279947 3.419537
1.688499 -1.353549 3.395312
2.701612 -4.046338 2.524424
2.676552 -4.047792 2.523337
-1.891773 -3.186419 4.923890
-1.893700 -3.223932 4.949710
-0.726934 -0.553128 4.924780
-0.688151 -0.801491 4.879632
0.112176 -7.027586 3.253131
-0.277931 -7.152849 3.531320
0.657031 -7.452531 2.800134
0.753849 -7.415256 2.757967
0.143124 -6.570134 3.018359
0.106807 -6.579954 3.009047
0.866603 -2.124311 3.405434
0.935368 -2.328737 2.797443
1.244851 -2.981034 2.608840
0.775862 -3.457992 2.438812
1.002339 -5.327426 2.688478
0.704130 -4.462697 2.173398
-0.305942 -0.734285 4.358747
0.129517 -1.088776 3.894000
1.247000 -3.787870 2.418376
1.232525 -3.791981 2.395518
2.138913 -2.295159 1.632388
2.065565 -2.881388 1.927853
4.604816 -4.351870 0.987929
4.596858 -4.335724 1.021078
3.670808 -5.128263 2.221550
3.288311 -5.674804 2.712234
4.744947 -2.455643 0.406294
4.168358 -2.064598 0.588316
3.823252 -4.440958 1.313193
3.778209 -4.726943 1.465759
4.406718 -4.107333 0.811739
4.605462 -4.315097 0.781096
0.011915 0.712203 0.848445
1.338476 0.611413 -0.830786
-1.742941 2.158687 2.848679
-1.775653 2.251557 2.447641
-1.584495 8.063819 -0.819115
-1.175174 7.932378 -0.909183
1.423448 5.815550 0.204883
1.279601 5.881326 0.407968
2.403506 3.072449 -0.531313
2.520699 2.924001 -0.684980
-4.174100 0.183011 -0.239390
-4.228089 0.342638 -0.491979
-3.825258 1.227968 0.299733
-3.970578 1.266652 0.550559
-0.519100 -1.534502 -0.860981
-0.524010 -1.515305 -1.057668
-1.449635 3.000571 3.451257
-1.597082 2.915645 3.519542
0.316217 3.151423 2.930521
0.273603 3.958136 2.442217
3.715065 -4.767910 1.402793
4.127792 -5.274888 1.617544
1.499520 -1.465781 0.385189
1.700625 -1.377064 0.380764
1.880286 -2.142065 1.720333
1.749818 -1.828835 1.564477
1.148677 -5.396039 0.299764
1.175579 -5.225438 0.024265
4.594229 -5.065053 0.557804
4.558708 -4.087678 0.760768
2.806848 -2.984307 1.824381
2.874038 -3.179862 1.683694
5.403018 -2.650584 -0.303856
5.527695 -2.397046 -0.440315
1.519425 -6.475351 -0.212399
1.185965 -6.525363 -0.378331
0.983901 -3.745892 0.049326
1.152535 -3.845027 0.431318
4.290491 -1.416227 0.025164
4.324969 -1.616768 0.188322
-4.626189 -3.337644 0.484045
-4.799172 -3.367152 0.670574
-4.084360 -1.073812 3.304210
-2.805442 -0.974263 3.888661
-4.888455 -2.127057 3.762964
-4.906256 -1.564316 3.571733
5.043765 2.541788 -0.081077
4.957816 2.612601 -0.119540
-5.747232 -1.033167 2.018213
-5.828817 -0.958765 2.446297
3.297513 -5.085225 2.536251
3.390519 -4.913721 2.538478
1.012925 -4.365633 2.647500
1.049454 -4.082388 2.751244
1.038702 2.784204 5.112913
0.825895 2.998574 5.198994
0.727569 2.446109 5.100745
0.755060 2.364683 5.275781
0.061285 2.637453 5.431562
0.092812 2.637308 5.386725
-0.591422 4.950171 1.826414
1.422450 2.896163 2.402823
-0.958156 5.987710 1.275892
-0.927833 6.009295 1.265923
-5.561266 -3.494262 3.924116
-5.529011 -3.556077 3.924656
-5.852625 -3.853709 4.885201
-5.733478 -3.922849 4.885146
-6.202529 -2.262848 3.863388
-6.265104 -2.965571 3.942649
-5.630360 -1.990647 5.662360
-5.639754 -1.762963 5.789005
-5.484208 -1.602188 5.590041
-5.432580 -1.381351 5.572684
-5.940118 -3.754488 5.096125
-5.898999 -3.674550 5.278658
-5.521391 -0.903949 5.107551
-5.543277 -0.613242 5.269584
-5.995255 -2.466329 5.767157
-6.147230 -1.190275 5.628346
-5.344766 -2.420797 5.211432
-5.453700 -1.681684 5.222928
-6.215755 -4.180137 6.176980
-6.137010 -4.269792 6.264978
-5.614017 -3.487778 7.289351
-6.043217 -3.479540 7.477355
-6.095400 -3.724898 6.261116
-6.056528 -3.731075 6.263587
-1.614572 -4.164981 1.000000
-1.539985 -4.029687 2.596842
-4.269372 -4.174975 4.000877
-4.276650 -4.174974 -0.001622
-2.839621 -6.668008 4.684326
-2.989598 -5.640089 4.744929
-6.089668 -4.086222 3.188818
-6.075830 -3.927977 3.116757
-5.551577 -4.068301 2.077888
-5.551867 -4.098108 2.117319
-5.338549 -3.393049 0.449999
-5.338549 -3.393049 1.325392
-6.075629 -4.285658 3.301413
-5.848540 -3.989047 3.360781
-6.147600 -4.000804 0.149576
-6.146670 -4.000010 -0.001143
-6.101227 -1.217634 2.479323
-6.125781 -1.055437 2.438369
-5.906845 -3.456319 2.085318
-5.895165 -2.878617 2.047626
-5.969120 3.393083 4.001863
-5.975534 3.971694 4.000000
-6.160816 2.617196 3.533047
-6.147291 2.481424 3.513501
-6.319798 1.170971 0.327632
-6.175916 1.170971 0.330881
-3.611839 -4.483903 2.791904
-3.761879 -4.095229 2.805968
-4.582080 -3.564523 0.503713
-4.457217 -3.735327 0.474142
-3.659973 -4.624329 1.714650
-3.931640 -4.603958 0.370265
-4.433424 0.913706 1.422264
-4.464099 0.731802 1.449823
-1.462039 1.409230 2.128447
-1.482726 1.145716 1.802699
-3.364658 -2.342719 1.547570
-4.073871 -2.087537 1.473952
-3.594957 -4.064029 1.070851
-3.628271 -4.007833 0.797930
-4.696959 -2.624901 0.288297
-4.605637 -2.903623 0.223596
-0.753502 -0.920011 2.212250
-0.824237 -0.821710 2.091544
0.782054 -1.871262 0.312056
0.527887 -1.141388 0.738120
-0.014562 2.502495 0.367114
0.067532 2.695073 0.179652
-2.233998 -1.495452 2.468046
-2.284254 -1.803143 2.275944
-4.631823 -3.794507 5.549914
-5.011909 -3.585570 5.591676
-2.208202 -4.276232 5.415092
-1.763432 -4.323047 5.237815
-4.793565 -4.458203 4.862079
-4.955239 -3.926984 4.882002
-5.077038 -3.620587 3.899281
-3.153267 -3.038075 3.854362
-2.846885 -4.911911 5.860962
-3.188915 -4.056995 6.908267
-3.330545 -3.956089 7.005252
-2.832487 -4.968448 5.973579
-3.629306 -4.297473 6.295580
-3.686384 -4.254080 6.404377
-3.489563 -4.187104 6.214884
-3.605046 -4.200931 6.474973
-3.374628 -4.249068 6.448140
-3.327604 -4.144002 6.289724
-5.150330 1.786019 4.446698
-5.202658 1.127591 4.463017
-5.230121 -3.021817 4.994428
-5.198340 -3.241852 4.988687
-5.471188 1.269857 3.905448
-5.524453 1.049108 5.114608
-5.516656 -0.013831 5.256869
-5.524448 -0.260363 5.127603
-4.718093 -0.133414 5.206376
-4.725681 -0.265411 5.390283
-5.464791 -3.568547 3.744797
-5.443478 -4.082814 3.255737
-4.258745 -3.231894 6.517736
-4.258995 -3.159292 6.517487
-3.234541 -3.224713 1.310070
-3.259821 -3.224460 1.310291
-4.588878 -3.321977 2.154028
-3.643932 -3.172613 2.138676
-3.695502 -3.504717 4.474268
-4.026745 -3.504717 4.147107
-2.045124 -3.508138 3.813294
-1.911345 -3.297335 3.567649
-4.023912 -3.505474 2.561144
-3.609681 -3.505305 3.303610
-4.667361 -0.843852 -0.001099
-3.919536 -2.148228 -0.000054
-5.743736 -0.550086 0.164188
-4.860490 -0.997546 0.092643
-4.073650 1.963627 0.941433
-4.537109 1.709331 0.770451
2.886605 0.176384 0.707809
2.180397 -0.093145 0.686719
2.138008 2.777641 0.592516
2.134386 2.727675 0.106331
-3.781930 1.622435 1.189166
-3.734648 1.761840 1.158426
1.004049 0.738695 1.703941
0.301649 0.567243 2.908440
-3.788919 4.511560 0.476714
-3.498852 4.452154 0.444666
0.657614 -2.293221 0.333801
0.385553 -2.408111 0.416911
-6.065400 4.122599 4.374087
-6.084097 4.179760 4.261142
-4.902338 4.190700 4.756014
-4.689379 4.258364 4.721859
-4.307920 6.203452 2.061658
-4.598214 6.497987 0.898200
-4.982085 6.312636 1.011403
-4.960911 6.272834 1.086860
-2.815530 -7.151883 2.438524
-2.723957 -7.343405 0.803052
-3.119211 -5.817789 1.421879
-3.122407 -6.102125 1.644672
-2.556623 -3.863832 1.463142
-2.590001 -3.864063 1.310456
-2.570324 -7.617857 0.943236
-2.505284 -7.525434 0.805541
-2.520411 -6.684955 1.408516
-2.451953 -6.627063 1.368032
-3.119211 -5.817789 1.421879
-3.122370 -5.597426 1.470682
-6.151280 -0.129929 3.164731
-6.136011 0.128218 3.175678
-5.966798 -0.078793 1.507701
-6.146802 -0.078793 1.505912
1.941960 -0.851480 0.198310
1.423098 -1.147072 0.213934
1.208419 0.421039 0.003498
1.558019 0.778931 0.009324
4.746214 3.695584 0.194071
5.536654 3.467317 0.186508
3.334444 4.605164 0.030829
3.331451 4.762164 0.032998
3.502360 0.606918 0.626497
3.764622 0.666781 0.523298
2.948668 1.801325 1.103763
2.883092 1.426356 1.133607
5.743067 -1.604799 0.162537
5.986292 -1.599903 0.158033
2.633944 -0.319016 0.226120
2.669412 -0.333413 0.087140
3.408365 4.548399 0.189651
3.430266 4.547841 0.353697
1.990870 5.309979 0.147076
1.879398 5.632182 0.168144
3.629991 4.809289 -0.025035
3.253619 4.871214 0.021650
2.988213 4.253758 0.357262
2.735853 4.176857 0.387060
4.058735 4.811716 0.191636
4.161548 4.392892 0.297486
-5.889707 5.654611 -0.009880
-5.834975 5.664213 -0.036436
-5.359238 4.277164 5.439823
-5.411509 4.150400 6.260487
-5.341286 5.429997 -1.284626
-5.374800 5.698324 -1.071209
-5.600259 2.074064 1.715622
-5.580957 2.008675 1.939102
-4.982767 4.603878 3.459971
-5.312038 4.895327 3.477923
-5.464480 1.396161 2.463254
-5.417751 1.133889 2.602667
-3.311634 -6.998606 4.176986
-3.033981 -7.262416 3.818803
-1.949744 -7.263707 3.777388
-2.223142 -7.308708 3.796522
-3.293613 -7.988927 0.453111
-3.235177 -7.941038 2.322282
-3.296174 -5.900959 4.121231
-3.175922 -5.823138 4.148460
3.404167 -3.938814 3.704881
3.671680 -3.926260 3.656422
2.063671 -3.145553 3.607648
1.657061 -3.075172 3.676975
2.140408 -7.200426 4.072757
2.132481 -7.196475 4.046845
2.640232 -7.675616 3.845878
3.131720 -7.678803 3.673175
-2.872368 -6.793379 4.627357
-2.471649 -6.798809 4.727241
-3.085800 -5.478813 4.934873
-3.061086 -5.180595 5.093699
-1.022164 -5.159311 5.242212
-1.022272 -5.125861 5.235948
2.352611 -7.574609 3.776524
2.451303 -6.012386 4.003243
-0.417185 -3.605968 4.320464
-0.412455 -3.433800 4.376208
-0.251616 -4.679008 4.890015
-0.115477 -4.849382 4.949567
2.543777 -7.901335 3.980109
2.561210 -7.868818 3.841918
-3.265276 -6.928112 4.766937
-3.893366 -7.657723 4.628159
5.691577 -7.719849 3.820366
5.764301 -7.565055 4.130261
5.768688 -7.844766 0.313477
5.757074 -7.863305 0.321881
6.322225 -8.084924 3.974269
5.989454 -8.260154 4.036751
6.379948 -7.783463 3.949326
6.122664 -8.120861 4.007348
5.803465 -8.285808 3.988679
5.980182 -8.268926 3.959537
5.750569 -6.232449 1.926000
5.846260 -6.247079 2.581072
5.861813 -6.116714 2.508710
6.033108 -5.632357 2.440521
5.979076 -6.289618 2.586706
5.803225 -6.266767 1.928607
5.770221 -5.057051 0.000818
5.600347 -5.057051 0.000818
5.660261 -6.696348 3.407038
5.723614 -6.735293 2.467837
-0.331924 -7.298000 0.843175
0.980481 -7.422057 0.662494
-1.340377 -7.484241 0.880276
-0.959789 -7.466989 0.604890
-0.278985 -7.459214 0.746286
-0.466281 -7.450046 0.666894
2.755130 1.726792 3.526332
2.497614 1.591199 3.820743
4.145571 2.074240 1.832284
4.084381 3.049941 2.075000
1.618250 5.700974 3.204939
1.611467 5.704753 3.247654
1.078635 6.682864 3.071368
1.076013 6.680456 3.114897
4.306497 6.293342 -0.525827
4.416401 6.285712 -0.923346
5.213527 5.324875 -0.919859
5.248490 5.309970 -0.898647
4.244136 6.310338 -0.247427
4.605480 5.773192 -0.114512
3.852269 3.798396 2.857007
3.401923 3.635458 3.461249
4.553481 2.786503 1.343254
4.346919 2.707081 1.373260
4.503648 2.320532 1.757674
4.750960 2.548435 1.494858
0.738617 6.260870 3.769346
0.849492 6.313534 3.646601
3.776816 6.900588 -0.897308
3.675705 7.088770 -0.959415
-3.222524 1.341156 4.020583
-2.443439 -0.118899 4.193681
3.434233 0.338852 2.384513
3.429843 0.679209 2.439429
2.470854 1.085141 3.031141
2.023568 0.205342 2.648557
1.896550 -2.386569 2.857728
1.931362 -2.390304 2.901202
2.699348 -1.394977 2.357179
2.446347 -1.443954 2.475088
2.441863 -0.843645 2.535542
2.421144 -0.697323 2.603006
-4.179952 3.789374 4.011140
-4.157014 2.540533 4.236168
-4.163326 2.426707 4.235083
-4.170735 3.546703 4.088051
-3.599611 4.218454 3.193257
-3.579773 4.191964 3.502383
0.734380 -6.369370 2.136040
0.410351 -6.259328 2.331403
1.298447 -6.730158 1.657072
1.348794 -6.672037 1.888346
2.952563 -7.848064 1.431961
2.782445 -7.829867 1.553669
1.258394 -7.954341 1.495094
2.782348 -7.897337 1.460184
2.810210 -8.052723 1.068944
1.257623 -7.985632 1.189757
3.136582 -7.998350 2.993094
3.462042 -8.288543 3.635607
2.535860 -7.967005 2.652773
1.771184 -7.966699 2.377027
0.857659 -7.546143 1.495685
0.913620 -7.536228 1.497079
5.595588 -8.026366 4.000000
5.160675 -8.024894 4.001159
5.605822 -7.339878 0.276236
5.605822 -7.332197 1.671544
5.556130 -8.165558 4.019515
5.115583 -8.431447 4.053489
3.293257 -7.840634 4.021091
1.873970 -7.944151 3.939292
1.920376 -7.944238 3.891167
3.159731 -7.800106 4.019734
2.843628 -8.147526 3.875218
2.869940 -8.147654 3.848197
3.598145 -4.042644 1.720784
3.813091 -4.498248 1.986451
5.293669 1.947594 0.858736
5.365754 2.139445 0.797397
5.481191 0.771628 0.489205
5.413388 1.805686 0.000001
5.491128 1.449361 0.000001
5.458304 3.613337 0.173077
5.487737 3.561667 0.242363
5.938738 2.910771 0.634421
5.929488 2.780537 0.606688
5.796571 0.689969 0.969182
5.813377 0.796157 0.922180
5.686227 0.839261 0.547697
5.586818 -0.278414 0.000001
5.262856 -0.238490 0.000001
5.554859 2.639787 1.100306
5.585393 2.604635 1.101860
6.018861 -0.238490 0.195278
6.018861 -0.238490 -0.000000
5.298438 2.410233 0.000000
5.237968 2.410233 0.000000
3.661496 4.004251 1.002861
2.769932 3.923018 0.693563
2.859775 3.978819 0.579488
3.603390 3.997528 0.973734
2.478643 4.177521 0.613005
2.365213 4.154911 0.468310
5.141578 4.194536 0.000001
5.542456 4.156106 0.000001
4.099382 4.192666 0.351144
3.920430 4.213231 0.231227
2.725819 4.158134 0.262360
2.656493 4.181548 0.307989
3.187097 3.560921 0.263595
3.087064 3.566326 0.292180
4.173733 3.473254 0.843658
2.893733 3.678012 1.000000
2.774302 4.169795 0.215940
2.774302 4.169795 0.138153
4.182455 4.226491 0.422996
5.542456 4.193677 0.195278
5.304084 4.277670 0.455160
5.345568 4.264373 1.610569
5.565456 4.470805 1.351124
5.378991 4.211668 1.401845
5.486076 3.599902 2.024374
5.605695 3.564474 2.010996
5.448107 4.003629 2.390937
5.423713 3.995176 2.381008
3.622444 -0.755458 0.885470
3.639600 -0.764297 0.879315
1.665809 -0.295877 3.874178
1.650155 -0.120488 3.846006
1.284241 -1.671786 0.967849
1.136451 -0.798371 1.406159
1.330983 -0.317087 1.062020
1.319712 -0.139305 1.070208
1.431684 -0.190139 2.328101
1.486660 -0.204711 2.720176
1.371219 -0.460999 1.988577
1.372014 -0.463913 2.057430
-6.680732 -0.414937 4.869224
-6.875403 -0.201166 4.853634
-5.994965 0.115322 3.950508
-5.940014 0.077319 3.960858
-6.703944 -0.449147 4.712611
-6.899037 -0.234860 4.697084
-5.946091 0.055448 3.993793
-5.984929 0.058350 4.730635
-5.505714 0.464220 4.945779
-5.526035 0.485936 4.972527
3.219916 -7.143804 0.321429
3.264116 -7.258238 0.558546
2.780532 -6.003144 1.262126
3.082103 -6.583301 1.042638
3.930474 -6.356110 1.007170
3.879688 -6.255902 1.028026
2.238612 -6.268287 1.245431
2.252564 -6.267934 1.263014
-0.391692 -1.641544 1.050412
-0.450880 -1.661926 1.004826
-2.538454 1.221579 3.034130
-2.888190 1.938203 4.200211
-4.671647 -5.855430 1.944429
-4.624273 -5.906700 1.959667
-3.656614 -4.907362 3.977575
-4.754987 -5.633622 2.245872
-4.805245 -5.641566 2.270453
-3.983568 -4.611655 6.738849
-3.933438 -4.572364 6.740568
-3.611824 -4.848497 3.913089
-5.063849 -5.990627 2.162001
-5.052386 -6.044479 2.190532
-4.824847 -5.839940 2.678200
-4.753678 -5.923329 2.691890
-4.181904 -4.165071 6.812372
-4.146827 -4.156253 6.811943
-3.541087 5.967397 1.180641
-3.311950 6.432883 0.981678
-3.947762 5.454720 1.256600
-3.846681 5.705676 1.073014
-3.904429 5.052069 1.598523
-3.731435 4.943003 1.527690
-2.831998 2.443539 4.422437
-3.086621 2.501499 4.457084
0.385084 1.712187 3.081809
-0.147431 1.720546 3.223762
-1.209170 1.977936 4.089725
-0.982943 1.947714 4.058605
-1.379591 2.068765 3.930361
-1.360158 2.054973 4.062170
-0.134438 1.774743 3.221203
-0.403583 1.848345 3.279243
-0.904502 1.998019 3.351606
-1.093841 2.051923 3.373297
-2.032098 2.227924 3.503538
-1.700419 2.164010 3.473456
-2.992899 3.400748 3.641529
-2.989335 3.431528 3.616232
-4.056670 -3.855486 1.309726
-3.879625 -3.912872 1.352286
-4.668964 -2.691078 1.296739
-4.409980 -2.746181 1.374202
-4.988375 -3.351920 1.889214
-4.991474 -3.417527 1.853372
-5.751585 0.702618 4.846257
-5.688285 0.363343 4.856871
-5.392254 1.835817 4.486679
-5.426116 2.305368 4.422674
-6.009891 3.403971 4.776113
-6.078666 3.611745 4.760633
-5.374992 0.702082 4.590292
-6.001644 3.402156 4.737014
-6.065479 3.614003 4.722937
-5.382441 1.202524 4.539764
-5.586319 0.369312 4.873086
-5.520502 0.367798 4.772492
0.345166 5.287703 2.784854
0.114002 5.239321 3.496239
-0.792656 6.691182 2.229858
-0.768257 6.665493 2.243502
-4.976177 -1.523105 -0.000003
-4.414508 -1.460944 -0.000002
-2.985230 -3.395727 4.231738
-3.049560 -3.466877 4.449940
-3.035711 -2.855531 3.082355
-2.938204 -3.216636 3.993836
-3.117221 -5.611530 3.167139
-3.082833 -5.637636 3.494508
-3.768558 -4.482158 3.647441
-3.724434 -4.487030 3.679835
-0.476582 -2.865049 0.486012
-0.618085 -3.056633 0.660790
-1.490445 -5.722031 3.509874
-1.691102 -5.899708 3.406089
-4.457882 -3.118354 2.725348
-4.451195 -3.306798 2.864566
-1.528661 -6.899168 1.798464
-1.491747 -6.917847 1.785862
-2.662089 -4.699518 4.237183
-2.808203 -5.061982 4.274860
-1.279249 -4.421455 3.449211
-1.257023 -4.383101 3.375742
-3.649801 -1.902362 0.872474
-3.736157 -1.941212 0.892598
0.010627 -6.732122 0.835035
-0.074104 -6.493147 0.980454
-4.392339 -5.428777 1.295546
-4.792731 -5.034760 0.841586
-0.867857 -5.403825 3.197916
-0.794579 -5.268734 3.060744
-5.263518 -2.948390 1.237977
-5.527013 -2.951703 0.849833
0.512897 -4.779604 0.681323
0.643296 -4.811285 0.614132
-4.547149 -6.125076 1.016639
-4.275104 -6.222155 0.872089
-2.697230 -3.342485 4.227417
-2.815947 -3.225529 4.074891
-3.240557 5.701548 4.061647
-3.290954 5.293163 4.082811
-2.943264 5.405022 4.296347
-2.970056 5.410835 4.277270
-3.735104 2.591692 4.124375
-3.755157 2.596043 4.110098
0.536099 4.021109 4.904430
0.537610 4.021946 4.931594
1.341391 3.871674 4.894806
1.636254 3.801072 4.946415
-1.497738 4.806052 5.157607
-1.263220 4.905641 5.011022
-0.681426 -0.415861 4.332366
-0.705114 -0.410742 4.332438
-2.570999 -0.685968 4.276932
-2.300251 0.386709 4.537200
-2.570812 -0.681069 4.250946
-1.139476 -1.009212 4.092595
-1.114516 -1.024688 4.117566
-2.363026 -0.232196 4.300145
-1.294157 -0.438879 4.266204
-1.360820 4.760626 4.861623
-1.078682 4.877810 4.861719
-2.482070 5.429112 4.351843
-2.612722 5.266462 4.284807
-3.850270 3.206903 4.219594
-3.928933 2.820966 4.218412
1.307604 4.322983 5.016981
1.496500 4.500892 4.997816
0.287500 -0.803196 4.322521
0.132827 -0.707353 4.351250
2.181455 -0.906785 3.603560
2.181119 -0.890977 3.579962
2.214218 -0.889047 3.581558
2.181119 -0.890977 3.579962
2.677369 -4.039046 2.496470
2.666733 -3.857279 2.573207
-1.583938 -2.163906 4.962999
-1.735922 -2.245621 5.128180
-1.894437 -2.327322 5.259553
-1.882474 -2.216852 5.326558
-0.762602 -0.551839 4.916262
-0.743055 -0.546419 4.903055
0.212387 -4.782375 3.024128
0.581488 -4.769987 2.545649
1.260477 -7.239565 2.419353
1.245881 -7.238353 2.397335
0.570921 -5.712065 3.015080
0.555488 -5.710973 2.992686
-0.945123 -8.510720 4.119305
-0.938680 -8.534052 4.119266
-0.393561 -6.713619 3.422344
-0.387118 -6.736950 3.422305
0.997739 -3.073290 2.613465
0.429501 -3.806966 2.889792
2.541864 -4.204774 2.676747
2.699321 -4.188295 2.255386
2.802306 -2.335769 3.297092
2.801653 -2.203263 3.340516
-1.324225 -1.041024 5.038022
-1.157703 -0.924385 4.950713
-0.580215 -7.131238 3.523896
-1.013722 -7.302372 3.821636
2.612910 -1.536017 1.034837
2.642448 -1.542440 1.021161
2.123917 -2.316759 1.618380
2.081788 -2.899388 1.891879
2.971307 -4.674387 2.059846
2.969936 -4.696951 2.070520
4.820427 -3.693451 0.569111
3.941087 -3.431806 0.991955
4.286322 -3.589114 1.172066
4.435227 -4.010200 1.264729
4.615638 -2.548923 0.187949
4.744947 -2.455643 0.406294
2.637603 -3.482031 1.617139
2.535490 -3.871538 1.822957
3.696844 -4.829309 1.560069
3.778209 -4.726943 1.465759
4.703269 -4.174785 1.178163
4.680970 -4.117640 1.166865
-0.237010 0.116750 0.838922
-0.566118 -0.374650 0.055596
-1.934822 2.661752 2.712744
-1.889640 2.052176 2.984823
1.375433 2.697415 0.826519
0.719555 3.687993 1.304732
-1.121728 7.657428 -0.746979
-1.065086 7.743097 -0.784779
1.759495 5.765090 0.547258
1.241898 5.920284 0.644980
2.571768 2.944780 -0.790978
2.516206 2.928065 -0.685784
-3.572808 7.818101 -0.636233
-3.205569 7.888713 -0.774328
-3.015389 4.909247 1.442902
-3.155447 4.966995 1.598642
-3.989766 0.890965 -0.041409
-3.883531 1.009536 0.077309
-4.160959 6.376051 -0.287223
-4.287088 6.589032 -0.494479
1.078380 -0.864110 -1.145938
1.327312 -0.711361 -1.297726
-6.053171 1.978443 -0.947569
-6.026363 1.835296 -1.069493
-1.936980 3.619664 3.459411
-1.225477 4.071564 2.765598
-0.046421 -4.554027 -0.586966
0.053017 -4.171072 -0.586966
4.379468 -3.233324 0.861890
4.356602 -3.178821 0.866716
4.117709 -3.058795 1.193458
4.406972 -3.099869 1.047207
4.863088 -6.873957 0.002326
4.551554 -7.044631 0.170915
3.246794 -1.673096 1.065489
3.132624 -1.496025 0.988112
2.544446 -5.344097 1.287750
2.731398 -5.109682 1.602005
4.492767 -5.068614 0.916854
4.754029 -4.841702 0.810590
4.742029 -6.943274 0.241911
4.666625 -6.775245 0.372067
1.894737 -3.875412 1.080871
2.173785 -3.727670 1.368240
3.344035 -6.566001 0.379643
3.245305 -6.515491 0.398473
1.168473 -0.803206 -0.388372
1.181169 -0.883478 -0.460541
3.688241 -0.655829 -0.285036
3.673715 -0.704965 -0.536680
0.931454 -2.617090 0.022501
0.835469 -2.628417 -0.048438
3.524882 -3.756122 1.213198
3.617625 -3.777238 1.228957
1.505541 -2.549734 1.102100
1.447873 -2.768701 0.907170
-5.321542 -1.982411 1.812591
-5.297287 -1.979525 1.826367
-4.683732 -2.218153 0.593015
-4.859683 -2.551541 0.723620
-4.205244 -2.774885 3.840824
-2.927665 -2.680063 4.428098
-2.893697 -1.709437 4.244059
-2.235314 -1.780591 4.231122
3.210495 0.107487 0.669137
3.285120 0.303109 0.626613
-3.459354 0.068450 1.990182
-3.422126 0.102068 1.981632
0.494692 6.194646 0.849200
0.444067 6.198905 0.846340
3.363100 -3.652111 2.157734
3.495338 -3.390650 1.821160
4.314117 -4.333652 1.566200
4.290148 -4.400319 1.572201
-1.359973 -3.537670 2.078549
-1.500301 -4.061580 1.862134
1.571564 1.496702 4.891869
0.750763 2.362334 5.271125
0.489453 2.681777 5.190951
-0.163073 3.310342 5.350885
-0.136815 3.283354 5.531708
-1.000960 4.098833 5.581918
-0.805109 3.862406 5.486205
-1.068522 3.693097 5.571178
0.388709 2.763237 5.328845
0.380146 2.772017 5.294175
-1.880692 5.978673 5.472796
-1.912444 5.968446 5.490959
-0.612049 4.995370 2.008290
-0.621605 4.926513 1.836129
-2.498967 6.824296 0.583446
-2.439080 6.854678 0.501186
-6.042926 -4.312834 3.944070
-5.866170 -4.420286 3.962359
-5.463804 -3.567106 4.155120
-5.529993 -3.554979 4.154762
-6.379591 -3.494513 3.964286
-6.370551 -3.743037 3.961796
-5.587367 -3.502257 3.953609
-5.606009 -3.180118 3.952746
-4.902551 -4.445097 4.063658
-4.905177 -4.388181 3.993856
-6.565822 -2.559596 4.878340
-6.567595 -2.256924 4.801733
-6.390250 -1.230508 3.990886
-6.377942 -0.953189 3.990886
-6.367230 -1.666539 3.925329
-6.366941 -1.234758 4.023115
-6.270949 -0.957921 3.982779
-6.353750 -0.954263 4.022724
-5.677680 -1.639638 5.896081
-5.861431 -2.049174 5.798133
-5.660754 -1.118775 5.409352
-5.676826 -1.473477 5.364716
-5.421793 -2.010503 4.920177
-5.406438 -2.162876 5.026730
-5.922660 -3.438351 5.372635
-5.918752 -3.603294 5.318005
-5.737123 -0.642925 5.234304
-5.694474 -0.350043 5.214219
-5.744418 0.170499 5.040475
-5.820457 0.180529 4.998105
-5.872860 -0.811606 4.882801
-5.595652 -0.718623 5.798923
-6.057240 -3.579439 5.877308
-6.107800 -3.596872 5.849089
-5.422654 -0.796979 5.392005
-5.390998 -0.794365 5.578835
-5.501718 -1.685412 4.802050
-5.444011 -2.428607 4.802050
-6.041035 -4.373797 6.259254
-6.002334 -4.439604 6.367073
-6.000566 -4.410615 6.400482
-5.903296 -4.408350 6.199409
-6.325244 -3.726139 7.310338
-6.344189 -3.909000 6.876325
-5.808784 -3.841403 5.784302
-5.698271 -4.013075 6.915673
-5.539914 -4.159608 3.999998
-5.459914 -4.159608 3.999998
-1.539921 -4.029605 -0.000001
-1.539919 -4.159606 -0.000001
-1.686428 -4.223755 2.532626
-1.619919 -4.208446 2.596803
-4.873251 -4.332623 0.103018
-4.206584 -4.306247 0.149785
-3.542418 -5.678401 4.692031
-3.479139 -6.020034 4.667588
-3.150054 -6.160700 3.792846
-3.111949 -6.544556 3.735468
-3.399177 -4.587342 4.045421
-3.305045 -4.575830 4.030198
-5.892299 -4.220404 3.087994
-5.752363 -4.246515 3.017582
-6.180468 -3.826709 1.458721
-6.131830 -3.714116 1.669994
-5.915331 -4.430604 2.641063
-5.877904 -4.446892 2.648156
-5.923319 -4.335914 3.786923
-5.545238 -4.375332 3.786923
-6.197172 -4.037206 1.139477
-6.203398 -3.605745 1.542376
-6.267309 -3.968772 0.301026
-6.262514 -3.982852 0.300411
-5.751181 -4.367180 2.937310
-5.751181 -4.367179 3.111647
-5.905727 -2.880645 2.035080
-5.974814 -0.507760 1.795299
-6.026470 -0.109209 0.448398
-6.026470 -0.109063 0.377666
-5.813294 -1.217555 2.304172
-5.849558 -2.741683 2.304172
-6.151387 -2.701986 2.627245
-6.153299 -1.290240 2.627244
-6.020923 -0.758957 1.851870
-5.992513 -0.761692 1.722327
-5.892224 -3.293660 1.633468
-5.948705 -3.290925 1.750104
-6.099579 -2.903871 2.436021
-6.090955 -2.741606 2.436021
-6.106870 -0.480904 2.608919
-6.122679 -0.480904 2.502652
-5.948781 -2.741606 1.495094
-5.891778 -1.217652 1.460184
-5.994660 3.952680 4.002027
-5.994660 3.971694 4.002027
-5.975534 -0.028306 2.985016
-5.958791 0.231530 2.976954
-6.129395 2.881657 3.403609
-6.248059 2.814467 3.029248
-5.975534 1.827363 2.021465
-5.975534 1.672792 1.902975
-6.160317 2.688168 3.460535
-6.210262 2.750927 2.979243
-6.465858 2.613813 0.394639
-6.480973 2.750175 0.394639
-6.026352 2.666713 3.707891
-6.040432 2.665165 3.709020
-6.354722 1.237289 0.068303
-6.354722 1.374487 0.068303
-6.067447 1.437993 0.161171
-6.081656 1.437993 0.161171
-3.089510 -5.788816 1.585697
-3.251586 -5.656034 -0.343669
-4.418263 -2.978644 0.751354
-4.508386 -3.578523 1.871058
-4.417581 -3.465246 0.739458
-4.647345 -2.480808 0.804860
-4.223677 -3.606309 0.720099
-4.006169 -3.618105 1.813950
-4.641978 -3.475974 -0.376138
-4.809828 -3.573058 -0.368719
-4.763450 -3.650123 -0.010124
-4.697751 -3.752886 -0.022715
-3.969912 -3.897779 3.105818
-3.975993 -3.894207 3.078055
-3.929484 -4.603778 0.369609
-3.815835 -4.696913 1.722747
-3.352133 -4.858623 3.507212
-3.348144 -4.858700 3.535657
1.644429 -1.697653 0.000002
1.696936 -1.278826 0.000002
-5.039952 -0.531998 1.765067
-5.194384 -0.455874 1.905109
-3.143841 2.058218 1.623140
-3.037562 2.105819 1.597101
-3.352239 -2.399214 1.237786
-3.362736 -2.337864 1.543457
-1.744411 -0.918269 2.596423
-1.994187 -0.973226 2.686498
-3.044823 -3.027126 1.160638
-2.987105 -3.121611 1.412318
1.103554 0.152709 0.468193
1.044164 0.275217 0.442664
-1.557324 2.827044 0.525417
-1.583134 2.938703 0.463187
-4.220561 -3.860096 0.036863
-4.285573 -3.886342 -0.027495
-2.205920 -4.435006 0.389637
-2.361077 -4.630127 0.130560
-4.885934 3.011702 -0.082724
-4.770987 2.972468 0.034833
0.093947 2.426549 0.329240
0.422973 2.363953 0.128737
-2.232340 0.376236 3.010228
-2.244889 0.492240 2.966158
-3.061755 -2.043084 2.016525
-3.154554 -2.169452 2.029568
-4.357209 -3.460235 5.094244
-4.306269 -3.460927 5.093941
-5.011909 -3.585570 5.591676
-4.861517 -3.573337 5.723644
-3.747386 -4.055140 5.494577
-3.885323 -3.538757 4.949431
-1.709856 -3.648756 4.949732
-3.776739 -4.140222 5.461362
-2.871863 -3.871508 4.804873
-2.882876 -3.832163 4.843988
-3.527549 -3.118761 4.065487
-3.157848 -3.005366 4.055465
-3.945946 -3.897937 3.831085
-3.653651 -3.805977 3.838181
-2.971948 -3.630547 3.839391
-2.941018 -3.729536 3.860434
-3.633063 -4.563627 6.581525
-3.679703 -4.472198 6.704932
-2.838156 -3.722261 4.705806
-2.860109 -3.756589 4.699796
-3.728296 -4.284597 4.296576
-3.724948 -4.354115 4.589583
-3.326792 -4.838827 4.795130
-3.322169 -4.830022 4.796807
-3.830036 -4.460240 6.064929
-3.805962 -4.564783 5.998742
-2.892179 -5.186121 6.071231
-2.887496 -5.191110 6.052885
-3.834378 -4.343211 6.461045
-3.777509 -4.276995 6.469503
-2.898799 -4.549686 5.174796
-2.911429 -4.816405 5.607217
-3.102806 -4.703631 5.502117
-2.892138 -4.676536 6.434455
-5.202167 1.777432 4.444291
-5.200725 1.778034 4.411181
-5.194894 1.555216 5.070041
-5.239219 1.254295 5.060213
-5.177615 -3.022524 5.021468
-5.176527 -3.022071 4.996496
-5.071175 0.040067 2.579041
-5.072263 0.039614 2.604013
-5.524448 -0.260363 5.127603
-4.755379 0.014283 5.340679
-4.885722 -0.784539 2.990792
-5.295142 -0.461229 2.944807
-4.728734 -0.418815 5.437907
-4.726591 -0.265973 5.388727
-4.646999 -1.280970 3.040028
-4.672025 -1.408826 3.171193
-4.621520 -1.547354 2.455378
-5.406220 -1.500615 2.400790
-1.158414 -3.172613 4.954679
-1.158820 -3.172613 4.929683
-3.250537 -3.224677 2.320573
-3.225541 -3.224677 2.320166
-2.798369 -3.231762 2.678993
-1.979564 -3.231762 2.622947
-1.784823 -3.309518 5.382819
-3.157727 -3.504718 6.150949
-1.947987 -3.504717 5.952783
-1.881966 -3.440784 5.386425
-3.654932 -3.517779 6.117806
-3.788333 -3.517780 6.199486
-4.464887 -3.505305 3.654916
-4.488143 -2.741465 3.698413
-4.643415 -2.741465 3.628684
-4.619528 -2.741465 3.607403
-5.081923 1.271793 0.817733
-4.968710 1.110394 0.852032
-3.422290 -4.852415 0.260756
-3.524456 -4.674241 0.176436
-4.181426 1.825011 0.356759
-4.539369 1.690482 0.258288
-5.641705 -1.721443 0.551122
-5.240767 -2.338674 0.522711
1.349882 4.762734 0.322778
1.258940 4.896175 0.919048
-2.477829 3.066181 0.717131
-2.427122 2.963972 0.829369
-0.128181 -1.360951 2.229369
-0.361044 -1.824522 1.572300
-0.573058 -0.852201 3.174654
-1.602466 -0.284249 3.635122
-3.788670 4.512185 0.476933
-3.755040 4.501618 0.189747
1.205577 -2.681786 -0.045392
1.168134 -2.783441 0.434809
-4.103178 -0.820038 0.214144
-3.941787 -0.659941 0.353566
-3.797854 6.198944 2.431492
-3.955988 5.956976 2.806041
-5.213471 5.746538 2.102779
-5.224937 5.768974 2.111307
-5.431028 6.019448 1.182874
-4.575544 6.480149 1.120994
-5.597678 6.395647 0.301621
-5.628150 6.378324 0.302111
-5.987586 5.565055 1.676710
-5.892129 5.617033 1.685822
-3.122370 -4.996733 1.109191
-3.122370 -5.099302 1.147645
-2.581773 -6.018867 1.441154
-2.539686 -5.823213 1.580359
-2.452409 -4.278931 1.166759
-2.452409 -4.130650 1.194849
-2.805220 -7.134155 0.898952
-2.805953 -7.327353 0.846889
-2.452409 -7.432036 0.963933
-2.452409 -7.482812 0.893444
-3.060066 -6.254658 1.448825
-3.113680 -6.182807 1.717771
-2.452409 -3.864063 1.464922
-2.452409 -3.864063 1.283421
-2.452409 -6.020181 1.829956
-2.452409 -6.093916 1.986402
-6.231879 -0.084855 2.842758
-6.200724 -0.035914 2.741432
-6.201580 0.048196 2.362739
-6.193989 0.034792 2.278827
-6.051430 0.137254 3.798073
-6.051172 0.137254 3.772136
-5.994472 -0.125764 3.957006
-5.986520 -0.125764 3.157045
-6.142654 0.064389 2.052025
-6.147922 0.082360 1.912763
-6.247038 0.021573 2.506813
-6.242635 0.024093 2.498492
-6.159920 0.069321 2.350240
-6.109678 0.074694 2.084721
-6.090113 0.104897 0.506426
-6.089130 -0.078793 0.506436
1.165470 0.000246 0.074838
1.066467 0.011132 0.239095
5.039567 -1.037682 0.140058
4.709076 -0.860023 0.036257
3.540436 -0.849784 0.145491
3.628339 -0.974621 0.175361
5.049653 3.014824 0.183645
5.536654 3.467317 0.186508
2.482984 4.520010 0.059307
2.500417 4.427845 0.228012
1.018535 2.488158 -0.015924
1.149240 2.181465 0.046536
3.772629 1.793814 0.484497
3.792472 1.529337 0.501665
3.043891 1.190759 1.001377
2.929077 1.225332 0.991123
5.855085 -1.709574 0.087468
5.986152 -1.598906 0.157727
2.084043 3.561623 -0.046457
2.708992 3.423614 0.140133
4.881779 4.768950 -0.000001
4.323215 4.991309 -0.000001
3.671298 4.321880 0.434027
3.430444 4.547589 0.353627
5.705883 4.517631 0.149216
5.810849 4.496141 0.157159
3.111901 4.874283 -0.020182
2.983032 5.024893 0.032819
2.679306 4.980655 0.135268
2.665802 4.972644 0.045474
2.798673 4.673674 0.281672
2.721014 4.304518 0.483511
3.532207 4.747000 0.388731
3.494033 4.882999 0.355843
-5.976240 5.726916 -0.767023
-6.034455 5.716666 -0.751620
-5.834921 5.513549 1.068678
-5.776017 5.522775 1.066290
-5.545363 3.610582 3.598045
-5.557461 4.879100 3.780276
-5.411075 2.719872 0.590073
-5.210730 1.391532 0.400117
-4.671293 3.130660 5.421078
-5.599585 3.078038 5.610845
-4.933696 2.997871 -0.994478
-4.778602 2.457088 0.741882
-5.681148 5.247434 0.731789
-5.417491 5.254302 0.828032
-4.428718 1.387955 5.376468
-4.459397 1.501099 5.056838
-4.672713 1.918810 1.408829
-4.690680 2.062745 1.521715
-3.611869 -8.006471 4.309289
-3.444557 -8.123300 4.315829
-3.058932 -8.284162 3.786923
-2.946923 -8.360163 3.786923
-3.167917 -8.165914 3.999998
-3.167352 -8.050038 0.600172
-3.289301 -7.990716 0.451608
-3.110768 -8.223062 3.999998
-3.034064 -8.278357 0.616833
-3.105253 -8.222955 0.616833
-2.362155 -7.417298 1.450128
-2.362155 -7.417298 2.300085
-2.592383 -6.242118 3.845373
-2.606652 -6.138452 3.880458
1.658653 -3.075039 3.674848
1.662410 -3.104043 3.690445
2.664290 -3.451241 3.630004
2.668075 -3.480457 3.645718
0.017814 -3.217752 4.197545
-0.165717 -3.232832 4.274600
2.489090 -8.382944 3.827070
2.499286 -8.378963 3.852465
2.539483 -8.130344 3.751900
2.539982 -8.106237 3.754332
2.657870 -4.392871 4.393005
2.649840 -4.388774 4.367322
-0.509651 -5.242417 5.180206
-0.449524 -5.767741 4.875408
-3.288867 -5.032992 4.951328
-3.287679 -4.999511 4.956295
-3.072646 -5.559121 4.911144
-1.388533 -5.597001 4.768143
-3.809164 -7.971477 4.392618
-3.785138 -7.972724 4.395277
-2.197563 -6.844014 4.781355
-2.173537 -6.845261 4.784015
-0.512860 -7.716442 4.301641
-1.522856 -7.842941 4.473760
3.073933 -3.953855 3.590851
2.801225 -3.920324 3.644208
-0.342457 -4.503068 5.298425
-0.245253 -4.707206 5.389382
3.103036 -7.239371 3.417015
3.273499 -6.974251 3.409774
-2.658807 -7.617452 4.376216
-2.611072 -7.676194 4.690331
5.883525 -7.547774 3.782074
5.868629 -7.710174 3.461329
5.691747 -7.719969 3.820402
5.703669 -7.703566 3.809826
5.837409 -7.734199 0.434123
5.825332 -7.922023 0.117990
5.880672 -7.981141 -0.026623
5.910175 -8.002142 -0.009923
6.171058 -8.203253 4.006632
6.321143 -8.079408 3.976014
6.383613 -7.983672 3.957916
6.312981 -8.075956 3.974018
6.214432 -7.634197 3.630633
6.213514 -7.715190 3.643893
5.943070 -8.196342 -0.003978
5.781128 -8.228864 -0.003978
6.120061 -7.350451 -0.000006
5.401413 -7.350453 -0.000006
6.021341 -7.383255 2.562529
6.021330 -6.976481 2.562529
6.021326 -6.726928 2.425199
6.021317 -6.260139 2.562529
5.991186 -4.479538 -0.000001
5.991186 -3.757941 -0.000002
5.721679 -5.197719 2.131110
5.745767 -5.505189 2.164522
5.613955 -6.260147 2.551899
5.727927 -6.260146 2.562536
5.770221 -3.939304 -0.001340
5.523499 -6.556375 -0.000863
5.523499 -3.935325 -0.004115
5.523499 -6.283305 0.237447
5.737952 -4.065886 0.342414
5.674459 -4.063810 1.014357
5.730157 -5.289733 1.239112
5.692593 -5.831656 1.687695
-2.855215 -8.025985 0.000000
-2.833941 -8.012119 0.000000
-2.855215 -7.438494 -0.000000
-2.855215 -7.438494 1.055742
-1.674207 -7.932256 1.252261
-1.348478 -7.904010 0.921978
-0.278999 -7.459411 0.746018
-0.466281 -7.450046 0.666894
-1.213928 -7.701385 1.608693
-1.221620 -7.722846 1.617145
2.831459 2.734679 3.505201
2.847148 2.740478 3.486622
4.123668 2.074828 1.814036
4.139358 2.080627 1.795457
0.354079 6.274560 3.816337
0.332115 6.265550 3.840429
0.491808 5.213275 4.444194
0.463763 5.189648 4.409789
1.581271 6.143274 2.759236
1.566284 6.130319 2.739077
1.859869 3.896371 4.175992
2.427783 4.143198 3.595477
4.290269 6.337451 -0.664672
4.542897 5.949772 -0.594542
5.342197 5.336149 -1.133871
5.248577 5.310602 -0.898513
5.463229 4.183647 0.112887
5.469133 4.220351 0.123085
4.782969 4.782836 1.096130
4.760930 4.776961 1.081276
1.842627 7.150761 1.858019
1.733790 7.438142 1.845399
4.620049 6.594087 -0.273985
4.532435 6.867626 -0.409219
2.155210 2.932100 4.859685
2.182813 2.621834 4.785422
5.287221 5.014723 -0.226724
5.221580 5.289983 -0.514455
0.857324 4.444995 4.276946
1.520071 3.911752 4.118418
3.932006 4.474887 2.147819
4.287643 3.798589 2.253140
-2.456553 -0.323631 4.627877
-2.265739 -0.578555 4.660151
2.825435 1.648504 3.020506
2.464675 1.369336 2.624710
0.925547 2.119723 -2.726854
0.161711 2.410147 -1.734913
1.743764 -1.848605 3.088737
1.722422 -1.787030 3.110158
2.469333 -2.691070 2.273992
2.394536 -2.408015 2.402827
2.218550 -1.562891 2.849167
2.005321 -0.953650 3.032243
-4.702777 2.466654 4.224704
-4.713530 2.464274 4.182684
-4.153612 3.790324 4.037542
-4.602297 2.997117 4.182800
-4.626426 2.996800 4.184692
-4.144388 3.547955 4.114596
-3.614730 5.019781 -0.399534
-3.792101 5.009596 -0.550323
-3.464030 4.536898 0.073152
-3.439557 4.515042 0.336516
-1.140908 -7.143362 1.018849
-0.599340 -7.136338 0.787648
1.245821 -7.747067 1.743364
3.481308 -7.976389 1.576630
1.333330 -8.205808 0.267455
2.666670 -8.002555 0.267456
1.639580 -8.107942 1.559360
1.639580 -8.105350 1.461519
3.302633 -8.003285 2.235721
3.214516 -8.029667 2.224908
0.872796 -7.919577 1.752488
1.245821 -7.747067 1.743364
1.767040 -8.026742 2.304172
1.856726 -8.026747 2.442215
2.952563 -7.845453 2.425881
2.782445 -7.818854 2.304172
1.255880 -7.936578 1.184276
1.258307 -7.990820 1.184625
1.851130 -7.863693 2.412880
1.913162 -8.128329 2.708103
1.924908 -8.453510 2.166373
1.924908 -8.448889 2.142955
2.179212 -7.780279 2.539685
2.829692 -7.329930 2.860019
2.535860 -7.330054 2.652773
2.535860 -7.555143 2.652773
3.455054 -7.343589 2.553258
3.985497 -7.343589 1.111570
0.374812 -7.718457 0.122839
0.410596 -7.710212 0.128639
4.811893 -8.018321 3.981617
5.077689 -7.916969 4.029470
5.595588 -8.026366 1.000000
5.161389 -8.026366 1.000000
4.448228 -8.211366 3.997370
4.811892 -8.181304 3.981616
4.545191 -7.280364 3.994945
4.767483 -7.153858 3.982748
5.027934 -7.277301 3.024897
5.027934 -7.230267 3.024897
4.937218 -6.552022 4.166546
4.772107 -6.670471 4.038661
2.481114 -7.590625 3.972000
3.058787 -7.234259 4.147785
3.269437 -6.303850 4.342451
3.296894 -7.846799 4.045819
3.162603 -7.807735 4.053051
1.995283 -7.496925 4.022120
2.446250 -7.929188 3.904201
2.443938 -7.935709 3.931124
-1.727060 5.035141 3.181892
-1.793213 4.989083 3.046818
-0.701685 4.704835 1.571208
-1.571193 4.684927 1.838812
5.999970 -7.999990 0.998857
5.999970 -7.999990 2.983873
-6.000000 4.000000 1.000000
-6.000000 -0.000000 1.000000
6.083619 -0.943551 1.461756
5.882935 -1.116113 1.495094
5.882957 0.931055 1.495094
5.882957 2.883887 1.495094
3.443344 -8.000000 1.318808
3.443344 -8.000000 2.573919
-3.170507 -6.627321 0.376853
-3.000311 -6.533156 0.333661
-3.000000 -4.000000 2.985016
-3.000000 -8.000001 2.985016
2.140444 7.824607 6.002838
2.134369 7.559421 6.147945
1.680993 7.427592 6.002982
1.680998 7.824605 6.002838
-6.441576 8.249768 4.147786
-5.947466 8.285007 3.923511
-6.491955 -2.957947 4.947283
-5.960147 -2.959881 4.941541
-5.309497 -3.363927 4.000607
-6.068470 -3.363100 3.803277
-3.073343 -7.388145 3.999967
-3.319766 -7.612661 3.999985
5.966034 -8.314615 3.784016
6.333087 -7.948133 3.991356
5.030879 8.564493 4.950128
5.028541 8.028847 4.946169
6.578193 3.042879 4.162255
6.553285 3.053170 4.953917
6.499842 -8.167992 4.152418
6.584933 -7.460145 4.153166
-2.045912 -8.505628 4.161858
-2.046502 -8.224430 3.943989
-5.556329 8.575396 8.802668
-5.886897 8.431936 8.724866
-3.392939 -4.072178 9.400227
-3.984422 -4.007994 9.395502
-5.880013 -1.036109 9.402499
-6.400391 -1.040440 9.274221
6.072225 -1.036077 9.402462
6.592333 -1.036082 9.274611
6.173883 -8.113112 9.392917
6.373662 -7.021751 9.392149
-2.950080 -5.033278 9.402795
-2.689747 -5.025653 9.052314
-2.472786 -8.086139 7.239430
-2.458226 -7.466727 6.831337
5.545131 -8.099466 7.326169
5.541772 -8.094826 8.772644
-2.360813 -7.461417 4.917426
-2.360813 -7.461417 8.917426
6.400149 7.658168 8.903967
6.384486 8.046665 8.923930
-1.716127 7.565480 6.242021
-1.716127 7.565480 6.821959
5.820307 -0.049679 6.850260
5.827308 -3.834505 6.876744
5.854331 0.077706 6.245234
5.997429 0.075504 6.165284
5.855982 3.954672 6.826085
5.855276 4.095434 6.906298
-6.224043 2.500835 5.435416
-6.224041 1.487851 5.435417
-3.208519 -4.032570 7.885243
-3.208688 -4.032578 8.874113
-1.982762 -5.188655 9.204071
0.247347 -5.197747 9.200034
4.826700 1.363583 9.257103
4.979718 1.534218 9.256360
-3.410127 8.583628 4.800149
-3.409419 8.824028 4.680173
-6.241521 -0.959885 3.933573
-5.588221 -0.959883 3.941540
-5.933893 -4.239902 0.000678
-6.195878 -4.502191 0.050150
-2.953040 -3.986584 2.755170
-2.953040 -3.986584 1.521837
-3.554292 -4.307457 4.842531
-3.553650 -4.108099 5.063161
-5.779690 5.026805 -0.000407
-5.762528 5.003373 0.399157
6.232934 4.206650 -0.000358
5.272934 4.206650 0.000428
6.221877 4.386730 1.521837
6.221877 4.186730 1.521837
5.975491 8.163901 0.600873
5.844234 8.214926 0.452275
5.261667 7.681813 -0.001610
5.518232 7.324575 0.303560
-5.222042 7.703130 -0.012953
-5.221545 7.703360 4.013072
-5.223826 7.857922 0.304755
-5.627629 8.260245 0.304243
6.734746 -6.755180 8.982293
6.734746 -6.860742 8.982293
6.735432 4.991769 4.270080
6.735432 5.216982 4.270080
-1.932155 4.796504 0.268771
-1.900874 4.796468 -0.000002
1.710862 5.026142 3.191600
-1.735394 5.025538 3.191371
-0.009427 4.712393 1.682231
-0.629092 4.698239 1.476956
2.367324 5.051815 2.626740
2.402567 4.868260 2.130655
-2.552885 4.823954 2.246528
-2.625048 5.051815 2.626740
-6.000014 1.191097 0.000009
-5.999601 1.191449 0.333533
-6.000316 -0.000001 0.268920
-6.147980 0.000005 0.151169
5.859681 -1.116035 2.304172
6.031508 -0.956240 2.435316
6.097003 -2.910970 2.743132
6.097052 -3.080997 2.608737
5.997560 -0.308676 1.395933
5.997681 -0.344389 1.248816
6.147058 -0.000169 -0.001000
6.127850 -0.000745 0.178392
5.916586 3.343732 2.036022
5.916374 3.432527 2.173905
6.075972 0.401419 1.462221
6.071877 0.931045 1.464108
6.097074 0.919002 2.608737
5.997702 0.906770 2.643919
-6.031501 -2.657392 2.435316
-6.031489 -2.510955 2.442333
-6.096451 -0.959461 2.573979
-6.096750 -0.967023 2.465064
-6.097043 -3.218502 1.415561
-6.097043 -3.218793 2.487508
0.672744 -7.916496 1.835219
0.762126 -7.916435 1.835033
1.035405 -8.097043 1.284052
1.023153 -7.997701 1.248808
5.000000 4.262114 1.000000
6.000000 4.262114 1.000000
-3.213965 -5.198610 -0.000172
-3.261100 -5.225911 0.090022
0.000000 -7.999998 4.000000
-2.000000 -7.999998 4.000000
2.137470 7.567964 6.148139
2.140444 7.824607 6.002838
1.900304 7.709539 6.897675
2.024020 7.680939 6.881424
1.683867 7.568013 6.148073
1.680998 7.427733 6.226289
-1.592599 7.567903 6.238587
-1.592599 7.567903 6.818526
-6.434741 7.540221 4.009373
-6.433763 7.040121 4.009705
-6.495432 7.040070 4.948229
-5.959168 7.040126 4.941541
-6.128166 -4.348172 4.009367
-5.471531 -4.423173 4.009373
-4.971429 -3.947601 4.941541
-2.971429 -3.947596 4.941541
-5.909465 -4.318527 0.452242
-6.264021 -3.963946 0.452251
-2.355015 -7.387999 0.599900
-2.354823 -7.387805 3.999998
-1.319702 8.597269 4.355515
-1.623211 8.597269 4.355515
5.741941 -8.346612 0.300062
5.792713 -8.327115 3.999998
-0.983156 8.565109 4.953854
-0.971461 8.028837 4.946169
5.528458 8.504773 4.014001
5.028358 8.503796 4.014334
6.293546 -0.958533 3.946169
6.402655 -0.962527 3.959820
6.007752 -8.453610 4.949979
6.231616 -8.414911 4.906980
5.631603 -7.543096 3.945735
5.568270 -7.572628 3.945357
-3.435683 -8.115637 4.014239
-3.516333 -7.711427 4.014379
-3.511882 -6.960764 4.012080
-3.594440 -6.960028 4.164397
-4.903666 8.525908 8.729631
-4.903666 7.705439 8.729631
-3.983580 -4.602490 8.729511
-3.983884 -4.637495 9.070895
6.067578 7.614104 9.394559
5.863513 7.901803 9.396237
-5.878441 2.963730 9.389873
-6.167342 2.963730 9.376932
-5.554446 -4.503214 9.255072
-4.903665 -4.501440 9.253063
6.070629 -5.035884 9.389873
5.830606 -5.035882 9.174791
5.934082 -7.722650 9.210775
6.034118 -7.803448 9.396237
-3.449628 -7.033320 9.254414
-3.580946 -7.033677 8.804863
-4.903841 -4.501440 9.253063
-4.903843 -4.299465 9.376932
1.318054 -7.275296 6.226069
1.281059 -7.466648 6.147830
-0.458072 -7.628926 7.051468
1.196595 -7.634861 7.051463
5.317904 -7.272874 6.229502
5.282283 -7.466085 6.153239
6.020499 -8.405936 8.701110
6.020663 -8.406132 8.542655
-2.356943 -7.457550 4.917426
-2.356943 -7.457550 4.998045
-6.074126 -3.425218 8.835505
-6.321159 -3.652153 8.833225
-5.358388 7.453228 8.894409
-5.358388 7.453228 4.894408
6.400239 7.658247 4.902264
6.400149 7.658168 8.903967
-1.958171 7.425312 6.006270
-1.958171 7.822183 6.006270
-5.381163 7.707057 6.162903
-5.381148 7.707117 6.901106
6.530910 -3.942366 7.938130
6.531034 -3.942419 4.923265
5.829736 -3.831157 6.614084
5.830611 -3.831168 6.824287
5.714164 -0.189116 7.060924
5.714164 -0.189116 6.837473
5.820241 3.967154 6.640304
5.820337 3.966991 6.850260
6.111712 3.828048 7.060226
5.714164 3.827548 7.060923
-6.273730 4.038211 8.681655
-6.273730 4.173903 8.681655
-6.266373 0.374329 6.757236
-6.266664 0.374761 5.758469
-6.237721 1.448259 7.034631
-6.204352 1.488033 8.408694
-6.225432 2.587857 8.408726
-6.225787 2.587644 8.265998
-6.224557 1.400577 5.435447
-6.224280 0.387706 5.435447
1.781098 3.758679 3.965286
-2.218902 3.758679 3.965286
0.447329 -6.998808 9.201230
0.287460 -7.159394 9.202073
3.020190 1.572455 9.251069
3.020189 3.798308 9.251071
4.832883 1.877430 9.311616
4.912286 1.846584 9.245539
-6.513365 -1.359543 4.800149
-6.512940 -1.702206 4.781381
-6.703029 4.335188 4.541855
-6.668512 4.495700 4.588135
3.611328 8.654105 4.263664
3.598071 8.757898 4.541855
6.760120 2.067597 4.541855
6.656327 2.054347 4.263664
-6.866365 -0.371961 4.941541
-6.489450 -0.763056 4.941647
6.293546 3.041474 3.946169
5.646132 3.041474 3.946169
-6.437123 -4.252464 0.010535
-6.428013 -4.243795 0.080531
-5.826996 8.134463 0.319640
-5.851279 8.159303 0.370813
-2.953040 -3.986584 3.988503
-2.953040 -4.386584 2.755170
-3.551472 -4.110277 7.612017
-3.551472 -4.110277 8.845350
-5.943800 4.926754 4.000409
-5.781859 4.926782 4.000450
5.770662 4.697624 0.317316
5.770662 4.728187 0.700266
6.258205 4.207419 4.008891
5.272934 4.206650 3.999695
6.221877 4.186730 3.988503
5.821877 4.186730 2.755170
6.194769 7.849627 2.909605
6.196955 7.681532 2.909605
5.672262 8.207627 -0.000001
5.672200 8.207850 4.001985
5.668354 7.282589 3.786938
5.524556 7.329343 3.786922
5.524554 7.329344 0.300411
5.668354 7.282619 0.300411
-6.040709 7.756976 -0.000416
-6.160248 7.876493 -0.000286
-6.184494 7.702027 3.786922
-6.184525 7.853226 3.786940
-5.613213 7.683320 0.300416
-6.184638 7.702072 0.300493
5.591329 0.367164 -0.818434
5.591329 -7.262844 -0.818434
5.365788 -8.675909 8.958228
5.365788 -8.655515 8.941059
-1.913506 4.760132 0.000000
-2.997412 4.760132 0.000000
-1.932451 4.943038 0.149787
-1.932451 4.943038 -0.000000
1.749428 4.983189 0.152570
1.770133 4.983208 0.211168
-2.053911 4.998561 3.280799
-2.054507 4.997458 0.178803
0.691919 4.680305 1.506555
0.677900 4.711391 1.562019
-1.597368 4.711231 0.374247
-1.571846 4.680217 0.387414
3.775665 4.439330 0.421119
3.743355 4.373139 0.416437
2.556475 4.767712 2.442350
2.556421 4.768063 2.264819
2.413064 5.057395 2.645943
2.233408 5.111965 2.795910
-2.579302 5.057395 2.645943
-2.396565 5.066013 2.658750
-2.229004 4.846996 2.084973
-2.758975 4.846935 2.084954
-6.260729 1.437535 0.249672
-6.260724 1.437544 0.090167
-6.097704 2.801359 0.333504
-6.213719 2.801359 0.249672
-6.017009 2.904843 3.354789
-6.017009 2.964960 3.354789
6.014939 -3.830664 1.424271
6.014939 -3.830674 1.314748
6.031297 -0.956289 2.435286
5.859681 -1.116035 2.304172
5.916655 -3.443320 2.035923
5.916655 -3.354238 2.035923
5.869804 -3.354248 1.777955
5.869804 -3.443330 1.777955
5.916655 -0.655996 1.640347
5.869804 -0.655996 1.617749
6.097022 -2.898750 2.465135
6.097022 -2.898828 2.708103
5.882935 -2.898750 2.412880
5.882935 -3.060762 2.412880
6.097022 -2.910970 2.743103
6.097022 -2.898828 2.708103
6.014961 0.169336 1.424271
6.014961 0.169326 1.314748
6.031319 3.043711 2.435286
5.859703 3.054101 2.425881
5.916677 0.556680 2.035923
5.916677 0.556680 2.173532
5.869826 0.645752 1.777955
5.916677 0.645762 1.777955
5.916677 3.344004 1.640347
5.869826 3.344004 1.617749
6.097044 1.101250 2.465135
6.097044 1.101172 2.708103
5.882957 1.101250 2.412880
5.882957 0.939238 2.412880
6.097044 2.896117 2.743103
5.997702 2.908259 2.778103
-3.270596 -4.017009 0.795860
-3.270742 -4.017009 0.606348
-6.146655 -1.221172 -0.001143
-6.146655 -1.221165 0.148648
-6.068879 -2.202267 2.440503
-6.003736 -2.202303 2.440458
-5.916677 -0.698029 2.230685
-5.869826 -0.698020 2.208089
-5.916677 -2.932377 1.640347
-5.916677 -2.932377 1.777955
-6.097104 -3.186732 2.464257
-6.096832 -3.153732 2.573994
-6.097045 -0.440448 2.502652
-6.097044 -0.440448 2.608919
3.701449 -8.014961 2.872915
3.641332 -8.014961 2.872915
2.741693 -8.031319 2.304172
2.741683 -7.859703 2.304172
1.603398 -8.003736 1.448000
1.603398 -8.003736 1.575080
0.762144 -7.916677 1.640347
0.762144 -7.916677 1.777955
0.673053 -7.869826 1.584264
0.762135 -7.869826 1.584264
3.323969 -7.882957 1.495094
1.047437 -7.882957 1.495094
1.205412 -8.097043 2.743103
1.217555 -8.097042 2.708103
-5.729404 4.279125 0.795860
-5.729258 4.279125 0.606348
-3.144663 -6.561846 0.368917
-3.097704 -6.535161 0.333504
-3.097699 -6.535161 3.829065
-3.144708 -6.561982 3.836132
-3.144678 -5.445599 0.373053
-3.097704 -5.471614 0.333504
4.247104 -8.017012 1.351037
4.246948 -8.017012 1.161525
-1.000000 -7.999998 2.985016
-2.000000 -7.999998 2.985016
4.988290 7.554809 6.905781
4.988306 7.544211 6.809238
5.537694 7.567904 6.148784
5.537694 7.567904 6.908332
5.537694 7.725750 6.906420
5.537783 7.725585 6.998354
2.367396 8.145916 5.822601
2.366809 8.076397 5.862116
-1.598297 7.530094 6.002442
-1.601667 7.533350 6.213320
-1.003985 7.554717 6.275228
-1.003906 7.520306 6.178596
1.921218 7.567904 6.908331
1.680998 7.567901 6.908331
-1.592599 7.680530 6.881186
-1.592599 7.567903 6.818526
-1.716306 7.710267 6.160350
-1.591882 7.681236 6.176843
-5.963504 8.566855 4.901963
-6.173113 8.496112 4.902036
-6.235636 3.040124 3.941540
-6.235636 7.040131 3.941540
-6.334778 -3.886542 3.959664
-6.212298 -3.925792 3.941539
-5.585980 -3.497649 4.170822
-5.588221 -2.959881 4.171649
-6.298036 -3.802563 3.999998
-6.265112 -3.968412 3.999998
-5.882217 -4.287299 0.300511
-5.917176 -4.331123 0.300432
-3.051911 -8.254972 3.786769
-2.939591 -8.330671 3.786923
-3.281487 -7.961044 0.451607
-3.250653 -7.929911 0.454095
-0.971473 8.585710 4.164584
-0.971473 8.585710 4.906172
6.308537 -7.942109 3.999998
6.342683 -7.777238 3.999998
6.365003 -7.574682 0.299796
6.108325 -7.339962 0.298923
3.028080 8.586473 4.164175
5.028529 8.585720 4.164584
5.528358 8.305671 3.946168
5.828478 8.308857 3.946167
6.575046 -0.958516 4.163987
6.573951 -0.958516 4.906172
6.397682 -4.958540 3.964986
6.397682 -6.958545 3.964986
6.575603 -7.458396 4.164159
6.574560 -6.958362 4.164453
1.029706 -8.222562 3.946168
1.029706 -8.326697 3.964986
-3.516333 -7.711427 4.014379
-3.509706 -6.958731 4.014880
-2.664486 -6.958728 3.946168
-2.664486 -2.958721 3.946168
-6.167342 7.613339 9.376930
-6.167342 6.963537 9.376930
3.095950 8.561111 9.070682
5.095852 8.561110 9.070682
-2.724002 -4.666774 9.044919
-2.705318 -5.036269 9.044919
6.658223 7.613517 8.729631
6.560220 7.945170 8.729631
-6.466033 -1.036075 8.729631
-6.466036 2.963730 8.729631
-6.369319 -3.685786 9.253063
-6.369319 -3.035788 9.253063
6.561502 6.963720 9.253063
6.561504 2.963732 9.253063
6.658222 -5.035886 8.729631
5.837754 -5.035884 8.729631
6.477141 -7.984953 9.253063
6.561504 -7.685798 9.253063
1.096186 -8.501437 9.253063
-1.979805 -8.501440 9.253063
-2.370125 -8.614000 9.105564
-2.430019 -8.613999 9.105564
-1.674747 -7.453399 6.064861
-1.853916 -7.453492 6.064867
0.937768 -7.453490 6.064868
0.937753 -7.442895 5.968295
-2.458072 -8.097247 7.327489
1.541928 -8.097247 7.327488
1.541928 -7.466586 6.818307
1.541928 -7.607950 6.897303
1.488744 -7.770124 7.075469
1.541928 -7.770124 7.075469
2.325135 -7.416627 6.812301
2.145912 -7.440473 6.812451
1.541772 -7.464166 6.151997
1.541772 -7.464166 6.911545
1.696714 -7.585362 6.888795
1.696654 -7.585196 6.980730
5.028662 -8.041775 5.826026
4.982963 -8.041896 5.825965
5.666114 -8.435589 4.917553
5.666114 -8.435648 4.998202
-3.327554 -7.683824 4.917380
-3.327600 -7.683824 4.998030
-6.074843 -3.425879 4.913839
-6.074843 -3.425879 4.994459
-5.354521 8.173562 4.894408
-5.354521 7.449358 4.894408
6.154117 7.429485 4.982883
6.154117 7.429485 4.902264
-5.265933 7.530869 6.637069
-1.835093 7.540954 6.610870
-4.827661 7.517793 6.488866
-4.663542 7.552295 6.488834
-5.381239 8.196142 7.331140
-5.381239 8.196142 8.772863
-5.381239 7.706845 6.163025
-5.381239 7.706845 6.900955
-1.764858 7.756006 7.014874
-1.716127 7.756008 7.014874
-1.778266 8.452729 8.884573
-1.778266 8.452729 4.896661
6.375770 4.738764 8.797877
6.149554 4.737344 8.795747
6.395892 -4.606465 4.906772
6.375770 -4.624227 8.797877
5.841266 -3.171205 6.281878
5.841238 -3.352097 6.281906
5.841237 -0.532496 6.281907
5.830671 -0.532477 6.185334
5.854332 -0.189116 6.914977
6.111036 -0.189116 7.060924
5.995697 -0.011952 6.166238
5.995697 -0.011952 6.904168
5.996725 -3.962353 6.903440
6.012661 -3.866640 6.923772
5.806796 0.845568 6.395386
5.806644 0.845444 6.492079
5.714162 0.321171 6.009483
5.714162 0.321171 6.232934
5.995697 0.144026 6.166238
5.966958 0.191725 6.182574
6.012179 4.094369 6.913064
6.012177 3.998640 6.913064
6.499955 0.355263 7.475085
6.499955 0.287059 7.475085
-6.240429 3.665333 6.779675
-6.240374 3.665292 5.779326
-6.273730 5.302216 5.713030
-6.273730 5.438009 5.713030
-6.240371 -3.591001 5.779326
-6.240384 0.366630 5.756396
-6.273728 -1.954077 5.713030
-6.273728 -1.886167 5.609533
-6.239389 2.544240 6.984750
-6.239389 2.487668 6.928418
-6.224346 2.500703 5.237690
-6.224564 1.487851 5.237721
-6.209037 2.641826 6.893782
-6.209037 2.641826 6.555810
-6.240627 2.544240 5.034821
-6.240627 3.644240 4.984822
-6.239388 0.344240 8.484822
-6.239388 1.444240 8.484822
-6.239389 0.400827 6.928297
-6.239389 0.344240 6.984750
-6.224346 1.400581 5.237690
-6.224564 0.387847 5.237721
6.259210 -7.793829 7.793737
6.259210 -7.793829 4.793753
-3.236917 -5.173353 5.613483
-3.211048 -5.082563 5.613483
-4.940166 -4.233537 5.610453
-4.919808 -4.207683 5.641434
1.857781 -3.819762 9.067709
5.857786 -3.819762 9.067709
0.498824 -5.337767 9.142896
0.514863 -5.376584 9.142914
0.307328 -6.919005 9.194640
0.207353 -7.018981 9.194640
2.977404 1.526332 9.193919
2.993803 1.486795 9.193967
4.978914 1.531131 9.250964
4.785244 1.568660 9.250964
2.966207 3.609958 9.201042
3.009509 3.609958 9.258087
2.038456 -8.529411 4.281679
2.016860 -8.568454 4.244531
-6.590102 -1.466333 4.244532
-6.597499 -1.444744 4.264247
-6.523816 -1.488437 4.456456
-6.523816 -1.540313 4.462449
-6.563534 4.386638 4.310983
-6.556131 4.408317 4.291245
-3.409761 8.643903 4.199847
-3.391987 8.583752 4.217599
-3.409761 8.643903 4.199847
-3.391987 8.583752 4.217599
3.617274 8.768826 4.570861
3.598788 8.757776 4.541430
6.582372 2.016181 4.441062
6.582312 1.994582 4.300700
6.646275 -2.115834 4.244532
6.653672 -2.137424 4.264247
6.579988 -2.093729 4.456456
6.579988 -2.099325 4.441062
-6.897217 2.474357 4.901545
-6.539547 2.817552 4.901544
6.294016 7.041481 3.944727
5.646132 7.041481 3.946169
6.573951 3.041491 4.274854
6.573951 3.041491 4.780902
-2.951137 -8.180552 0.319654
-2.916223 -8.225244 0.351142
-6.257830 8.169134 0.014960
-6.031636 7.943042 0.014885
5.874065 8.161947 -0.000053
5.927752 8.121541 0.014885
6.176965 -8.022000 0.014891
6.177868 -8.008173 0.319654
-3.153039 -4.386584 1.521837
-3.153039 -4.386584 2.755170
-3.351472 -4.510277 6.378684
-3.376937 -4.484812 5.265401
-5.966601 4.704059 0.317316
-5.966601 4.734468 0.700171
5.974402 4.999749 -0.000358
5.954798 5.019397 -0.000401
5.974402 3.719322 0.800428
5.974402 3.719322 0.000428
-5.827773 4.595996 3.988503
-5.827773 4.195996 3.988503
5.821877 4.186730 3.988503
5.821877 4.586730 2.755170
5.346811 7.545476 0.411989
5.346410 7.545877 0.302008
5.723300 8.093464 -0.000418
5.842819 8.213003 -0.000286
5.312882 7.540295 4.003669
5.524314 7.328864 4.003669
5.313331 7.540532 0.300394
5.402233 7.418214 0.300411
-5.529388 7.358043 0.321276
-5.586121 7.338168 0.321276
-6.040709 7.756976 -0.000416
-6.052374 7.745865 0.463826
-5.631580 7.300312 3.786922
-5.487782 7.347004 3.786938
-5.926577 7.347035 0.300411
-5.782779 7.300281 0.300394
-4.002090 4.408749 0.149787
-2.998940 4.943035 0.149787
5.405747 8.563614 8.943945
5.381647 8.563614 8.953928
5.228716 8.584334 8.941121
5.228716 8.552604 8.939666
6.740065 -6.860239 8.984803
6.740065 -6.860239 8.955718
1.886630 5.109166 0.030589
1.876475 5.155365 0.057769
2.120366 5.152508 0.060761
2.137382 5.151121 0.053650
-1.870381 5.181872 0.059298
-1.861513 5.181872 0.053650
-1.853481 5.242402 0.053650
-1.853481 5.273154 0.053650
5.409455 -8.635587 9.022885
5.399473 -8.635587 8.998786
5.244081 -8.649634 8.996546
5.210943 -8.635587 8.992308
6.683414 6.890987 8.933949
6.717033 6.890987 8.933949
-5.201146 8.563614 8.941735
-5.211128 8.563614 8.917636
-5.028854 8.563614 8.999457
-5.045755 8.571763 9.001916
-6.491030 -3.160037 8.933949
-6.524650 -3.160037 8.933949
6.730517 4.945891 4.293286
6.721868 4.958083 4.284694
6.756052 5.218474 4.334169
6.777381 5.218474 4.310631
-6.713372 1.095849 4.262167
-6.713372 1.113148 4.262167
-1.930859 5.033591 1.434940
-1.930859 5.033591 1.363652
1.509424 5.495073 0.058149
-1.502959 5.495073 0.058149
2.988257 4.784832 0.263851
2.988257 4.784832 4.014961
-2.539160 4.763986 0.213431
-2.512412 4.763986 0.213431
1.736304 4.416226 0.217381
1.721201 4.416226 0.174684
2.034912 4.760146 0.178941
1.979209 4.760146 0.088004
-0.009521 4.711232 1.682268
0.643501 4.711231 0.314363
0.664526 4.711231 0.332373
0.577891 4.711231 1.509525
-0.634316 4.711231 1.474749
-0.602202 4.711231 1.492751
-1.620459 4.711231 2.237985
-1.588354 4.711231 2.255987
3.266367 4.691994 0.795290
3.216035 4.716861 0.799956
2.763481 4.751047 2.853592
2.763452 5.111979 2.795910
2.440439 4.825473 2.247365
2.440439 4.768063 2.264819
2.400840 5.066240 2.659123
2.413071 5.057381 2.645928
-2.378706 4.972795 2.642585
-2.408594 4.984186 2.673160
-2.228921 4.846935 2.084953
-2.758975 4.846935 2.084954
2.036880 4.998572 3.011356
2.036880 4.719773 3.011630
6.016980 -6.899297 0.605206
6.016980 -6.899140 0.794717
-6.162757 1.375313 0.373066
-6.144708 1.217886 0.373066
-6.153359 1.266133 0.373066
-6.162757 1.282584 0.373066
-6.213727 2.801359 0.055610
-6.213727 2.801359 0.000000
-6.144708 2.554601 3.836472
-6.144708 2.554499 3.822504
-6.019126 0.019013 4.000000
-6.019126 0.019013 0.268599
6.031298 -2.898828 1.588580
6.062928 -2.896465 1.574694
6.068826 -1.639580 2.342647
6.003715 -1.639570 2.313408
5.901514 -0.402217 2.062922
5.885986 -0.402217 2.042912
5.916655 -3.443320 1.777955
5.869804 -3.443330 1.777955
5.916655 -0.566914 1.640347
5.916655 -0.655996 1.640347
6.097022 -3.068945 2.479382
6.097022 -3.600478 2.479382
5.882935 -3.481113 1.495094
6.075859 -3.598594 1.462206
6.097022 -3.635478 1.393052
6.097022 -0.343256 2.487528
6.097022 -0.378262 2.464249
6.097022 -3.600478 1.413345
6.017009 0.169180 0.307536
6.017009 0.109063 0.307536
5.859703 1.101172 1.588580
5.859703 0.931055 1.466871
6.068848 1.647578 1.545842
6.068848 1.603398 1.545841
5.916677 0.556680 2.230685
5.916677 0.556680 2.368294
5.916677 3.433086 2.173532
5.916677 3.433086 2.035923
6.066013 0.902598 1.392656
6.066013 0.427969 1.392657
6.097044 2.883887 2.479382
6.097044 1.101250 2.479382
5.882957 0.939238 2.412880
6.071287 0.939238 2.436021
5.997702 0.906770 2.643919
5.997703 0.329521 2.643919
6.097044 0.399521 1.318808
6.097044 0.931055 1.318808
-6.014961 -3.335004 2.872915
-6.014961 -3.390064 2.872915
-6.031320 -1.115127 1.588580
-6.062950 -1.117292 1.574694
-6.068848 -2.161849 2.342647
-6.003737 -2.161858 2.313408
-5.886008 -3.164807 1.919393
-5.901536 -3.164807 1.888614
-5.869826 -2.932377 2.368294
-5.869826 -3.013965 2.368294
-5.916677 -0.698029 1.446655
-5.869826 -0.698020 1.424058
-6.075632 -0.474373 2.436555
-6.071287 -0.966817 2.436021
-6.097044 -3.185727 1.283808
-6.097043 -2.677974 1.283808
-5.997706 -0.408392 2.525921
-5.997696 -0.375350 2.510782
3.783760 -8.017010 3.896092
3.843877 -8.017010 3.896092
1.217652 -8.062949 1.460311
1.217555 -8.031319 1.466868
0.673053 -7.869826 2.013326
0.762135 -7.869826 2.013326
0.762144 -7.916677 1.972718
0.762144 -7.916677 1.835109
3.201723 -7.916677 1.446655
3.201723 -7.869826 1.424058
2.911811 -8.097043 2.479382
2.940258 -8.066013 2.500070
0.005879 -8.019139 1.253900
0.005879 -8.019139 1.234886
2.765978 -7.997701 2.778103
2.753836 -8.097043 2.743103
-5.729404 4.279125 0.795860
-5.789521 4.279125 0.795860
4.000000 4.262114 2.985016
4.000000 4.262114 4.000000
-2.999984 -6.535141 0.000000
-3.213727 -6.535161 0.000000
-3.144708 -6.781913 3.836472
-3.144708 -6.781791 4.000000
-3.189958 -5.389134 4.000000
-3.189958 -5.280633 4.000000
-3.017009 -6.926602 1.351037
-3.017009 -6.986719 1.351037
5.783672 -8.017012 1.161525
5.783828 -8.017012 1.351037
-1.000000 -7.999998 4.000000
0.000000 -7.999998 4.000000
2.018788 7.544147 6.243011
5.419138 7.544148 6.243011
4.825436 7.554808 6.695607
4.825436 7.520216 6.695607
2.449612 7.520216 6.388892
2.449612 7.544273 6.388892
2.103784 7.567903 6.226289
2.103784 7.567903 6.830827
5.413383 7.680867 6.880901
5.413241 7.568181 6.816836
5.483735 7.882696 5.972689
5.487092 7.725848 6.061861
5.396794 7.689583 6.160828
5.451570 7.726232 6.139990
5.297474 7.424559 7.051684
5.211599 7.424559 7.051684
5.297474 7.568981 6.906555
5.309836 7.585501 6.915947
2.024534 7.681417 6.176752
2.024658 7.568732 6.240819
2.041336 7.568983 6.906554
2.053698 7.585235 6.915794
-1.597688 7.544147 6.817641
1.802662 7.544148 6.817641
1.208959 7.554808 6.485433
1.371829 7.554809 6.485433
-1.166864 7.554808 6.485433
-1.166864 7.520216 6.485433
1.717639 7.567903 6.226289
1.717639 7.567903 6.830828
1.921218 7.725750 6.150696
1.921306 7.725585 6.058761
1.680998 7.824675 6.005433
0.102474 7.824676 6.005428
1.693360 7.585501 6.141169
1.693360 7.841543 5.995619
1.717639 7.570220 6.830827
1.681140 7.570220 6.830827
1.872854 7.758428 7.011442
1.872854 7.871439 7.075688
-1.716306 7.726302 6.151234
-1.630093 7.726302 6.151234
-1.476032 7.570220 6.908331
-1.476032 7.570220 6.830826
-5.948285 8.528332 4.941539
-6.150074 8.461428 4.941539
-6.490343 7.040126 4.080109
-6.516053 7.040126 4.159956
-6.521012 7.040130 4.218949
-6.521012 7.063083 4.218949
-5.588221 -2.959881 3.941540
-6.235636 -2.959883 3.941540
-6.520170 -3.727874 4.901544
-6.516041 -3.459881 4.901545
-4.971620 -3.576299 4.171649
-5.491542 -3.575799 4.171570
-3.982911 -4.461596 4.946170
-3.959958 -4.461600 4.946170
-6.276760 -3.971530 -0.000000
-6.276760 -3.971530 0.300411
-6.143749 -4.025789 0.600172
-6.234382 -3.935154 0.454095
-6.010461 -4.254107 0.616833
-6.081650 -4.198705 0.616833
-2.325699 -7.358685 3.786923
-2.325699 -7.358685 3.999998
-3.317892 -7.757085 3.999998
-3.317892 -7.757085 0.599999
-3.076071 -8.109056 0.519999
-3.102338 -8.078228 0.600172
-3.105016 -8.200556 0.615776
-3.167543 -8.137980 0.615776
-0.971473 8.585710 4.164584
-0.971466 8.560004 4.084738
5.957318 -8.292641 3.999998
5.957318 -8.292641 0.599999
5.383192 -7.367723 0.600172
5.383191 -7.367723 3.999998
6.342153 -7.777208 0.300411
6.308119 -7.941842 0.300411
6.183771 -8.111376 0.601229
6.190864 -8.118465 0.600172
3.028539 8.560014 4.084738
5.028539 8.560014 4.084738
6.496205 7.794106 4.014840
6.477962 8.002929 4.014895
6.011183 7.761161 4.946168
6.017074 7.041481 4.946168
6.573951 -0.958516 4.906172
6.573954 3.041484 4.906172
6.531074 -3.470018 4.950798
6.018053 -3.470016 4.950797
5.782338 -8.426205 4.014840
5.991161 -8.407962 4.014895
5.029713 -7.947073 4.946168
5.749393 -7.941182 4.946168
1.029723 -8.502967 4.906172
5.029723 -8.502970 4.906172
-2.815690 -8.507471 4.164583
-2.547697 -8.503341 4.164584
-3.288563 -7.924639 3.946167
-2.661952 -7.497261 3.945342
-3.604206 -6.610476 4.221569
-3.604207 -6.306966 4.221563
-4.903666 8.429192 9.253063
-4.903666 8.561112 9.070680
-5.393502 7.689054 8.728007
-5.416455 7.689044 8.728008
5.095852 8.525908 8.729631
5.095852 7.705439 8.729631
-3.395576 -4.074246 9.395957
-3.175117 -4.229637 9.395957
0.046161 8.486297 9.188495
-0.013733 8.486297 9.188494
5.863145 7.900785 9.395956
5.961644 7.829547 9.395956
-5.629180 2.963344 9.044919
-5.629178 6.963534 9.044919
-6.426425 -0.145952 9.188494
-6.481877 -0.145952 9.105564
-5.751683 -3.035788 9.211979
-5.874192 -3.035788 9.395956
-5.388964 -4.599749 8.728031
-5.411918 -4.599753 8.728032
6.651523 3.978624 9.152665
6.699694 3.978624 9.069233
6.066380 -1.035687 9.395956
6.066380 -5.035884 9.395956
6.587578 -5.035687 9.219174
6.601659 -5.035687 9.201548
6.561504 -7.685798 9.253063
6.561504 -7.035788 9.253063
5.096050 -8.527523 9.219163
5.096050 -8.541603 9.201537
0.320996 -8.639627 9.069235
0.320996 -8.591458 9.152667
-2.629611 -8.006315 9.395956
-1.979806 -8.006315 9.395956
-3.502566 -6.031761 9.188495
-3.558018 -6.031761 9.105564
-2.327701 -7.442832 6.397076
-2.327701 -7.442832 6.242792
-1.853931 -7.442955 6.598845
-1.853931 -7.453492 6.695387
0.937768 -7.418899 6.485215
0.937768 -7.453491 6.485215
1.277748 -7.466587 6.148565
1.277748 -7.723291 6.002618
-2.458072 -7.624434 6.906200
-2.363307 -7.624434 6.906200
-2.457916 -8.061776 5.813055
-2.457916 -8.099670 5.730394
-2.363307 -7.624985 6.151015
-2.303092 -7.588334 6.171852
-2.193912 -7.468904 6.908113
-2.207057 -7.468905 6.895660
-2.289283 -7.483918 6.915575
-2.302896 -7.467665 6.906335
1.447162 -7.624985 6.151014
1.386928 -7.588334 6.171852
1.373139 -7.596953 6.979833
1.446772 -7.639836 7.004209
1.672143 -7.422363 6.846746
5.411371 -7.422362 6.846745
2.325014 -7.451069 6.488647
2.325014 -7.416477 6.488647
4.758530 -7.440535 6.602276
4.758530 -7.416477 6.602276
1.765639 -7.272841 6.834040
1.765639 -7.272841 6.229502
1.541772 -7.605977 6.163026
1.541772 -7.622012 6.153910
3.541772 -7.626504 6.008642
3.541772 -7.720937 6.008642
1.710815 -7.481764 6.144383
1.696947 -7.465243 6.153774
1.793139 -7.466481 6.848295
1.752631 -7.466483 6.848494
4.982963 -8.041684 7.237455
4.982963 -8.058206 7.246847
5.277592 -7.721313 6.008205
5.277592 -7.465243 6.153774
5.393217 -7.466481 6.806096
5.393217 -7.466481 6.531771
6.020000 -8.405437 8.542655
6.185975 -8.301501 8.542655
5.833301 -8.431913 4.917598
6.017830 -8.393764 4.917598
-2.356941 -8.181759 8.917431
-2.356941 -8.181759 8.836811
-5.743247 -4.396399 4.913839
-5.929202 -4.357956 4.913839
-5.747128 8.419878 4.975028
-5.580795 8.419878 4.975028
6.266437 8.175620 8.685716
6.182838 8.259224 8.685716
6.396849 7.657894 4.902264
6.396849 7.822947 4.902264
-2.269688 7.541850 5.971976
-2.269688 7.517792 5.971976
-2.433795 7.541851 6.812670
-2.433795 7.517793 6.812670
-4.827661 7.541850 5.971976
-4.827661 7.552384 6.068519
-5.381239 7.565480 6.911764
-5.139178 7.565481 6.911764
-5.299902 7.706846 6.900954
-5.381239 7.706845 6.900955
-2.228151 8.073976 5.865549
-2.186275 8.073974 5.865549
-1.946127 7.567800 6.164669
-1.868351 7.567797 6.165530
-1.737307 8.198565 7.352888
-1.737298 8.198566 7.329935
-1.797679 7.707820 6.900184
-1.841382 7.678996 6.883796
-5.176115 7.567798 6.229721
-5.188016 7.567798 6.215269
-5.255967 7.678996 6.883796
-5.255842 7.566310 6.819730
1.799366 8.264987 5.989452
1.799366 8.290925 5.989452
2.005963 8.139744 7.239452
2.005963 8.139744 7.265389
-1.829482 8.124885 5.331743
-1.829482 8.124885 5.305805
-1.825859 7.443852 8.896714
-1.825859 7.443851 4.897447
6.531034 -3.942419 7.938130
6.531034 -3.942419 7.977997
6.524738 4.056261 4.923265
6.543362 4.101273 4.923265
6.107614 4.652291 7.952310
6.308134 4.599946 7.952310
6.534348 -4.043752 5.337334
6.534348 -4.043756 5.371832
6.517632 -4.325803 8.379471
6.499665 -4.310495 8.379471
5.830576 -0.053999 6.670003
5.830577 -3.830619 6.670003
5.806643 -3.352112 6.492079
5.841238 -3.352112 6.492079
5.841237 -0.713369 6.702252
5.806644 -0.713369 6.702252
6.111034 -3.695493 6.009484
5.714162 -3.695493 6.009484
5.975530 -3.805764 6.178180
5.854298 -3.805764 6.247103
6.012179 0.077706 6.913064
6.012014 0.077804 7.005000
5.976267 -3.805567 6.088504
5.984698 -3.791817 6.083710
5.856649 -3.806080 6.822977
5.856649 -3.793849 6.809529
6.431852 -0.440551 7.240888
6.448375 -0.440551 7.250279
5.855410 -0.189116 6.157207
5.871929 -0.175367 6.147815
5.856649 -0.148400 6.809528
5.856651 -0.148400 6.535204
6.499955 -3.661400 5.493293
6.499955 -3.661227 5.586848
5.830700 0.664551 6.185362
5.806643 0.664551 6.185362
5.830702 3.484167 6.815883
5.830702 3.303294 6.815882
6.484994 0.054369 4.776079
6.484993 0.054369 5.736053
5.966958 0.191725 6.887832
5.966958 0.191725 6.182574
5.975364 3.937937 6.984162
5.975528 3.937819 6.892227
6.431852 3.529973 5.829519
6.431852 2.074369 5.829519
5.856650 0.191942 6.535204
5.856648 0.204409 6.535204
6.487416 2.074369 7.356100
6.487416 4.071190 7.356101
6.044859 4.094369 6.052319
6.044859 4.040654 6.052319
5.856648 3.938667 6.914977
5.856648 3.926575 6.901664
6.491648 2.084121 4.774937
6.491648 2.064617 4.774935
-6.273730 5.166539 8.185115
-6.273730 5.157291 8.207220
-6.240625 3.665741 6.756344
-6.240630 7.622736 6.756344
-6.273730 6.099618 7.302284
-6.273730 6.121935 7.280180
-6.273730 5.166539 6.204866
-6.273730 5.157291 6.226972
-6.273730 7.441010 5.555051
-6.273730 7.559431 5.555051
-6.268594 0.344934 8.720014
-6.240627 0.366443 8.744837
-6.240627 0.366443 4.791289
-6.240627 0.387954 4.767966
-6.273728 -3.527248 6.948217
-6.273728 -3.527248 6.985829
-6.273728 -3.342080 5.599601
-6.273728 -3.416445 5.593181
-6.224194 1.487858 8.068308
-6.224194 1.487857 7.906157
-6.239389 2.544240 6.984750
-6.239389 2.487668 6.928418
-6.239388 2.544240 8.484822
-6.239388 1.444240 8.484822
-6.225432 2.587858 8.068308
-6.225447 3.600577 8.068308
-6.240627 2.544240 6.984750
-6.240627 2.600827 6.928297
-6.205621 3.600713 8.408726
-6.240627 3.600713 8.408726
-6.225432 2.587858 5.311958
-6.225432 3.600577 5.311958
-6.224194 1.400577 7.312980
-6.224194 0.387858 7.312980
-6.239389 0.400819 6.450190
-6.239389 0.344240 6.484768
-6.239722 0.387858 8.088318
-6.224194 0.387858 8.068308
6.275435 5.561262 8.250597
6.275435 5.500464 8.250597
6.281898 5.084477 4.793753
6.259210 5.096663 4.793753
6.259210 -6.829163 8.444501
6.259210 -5.353300 8.444501
-3.236902 -5.173353 8.100304
-3.211048 -5.193696 8.100304
-3.208597 -8.032578 7.855288
-3.208681 -4.032578 7.855289
-3.224907 -5.296826 7.609894
-3.224907 -5.296826 7.538391
-5.010810 -4.233522 5.364922
-5.030942 -4.207668 5.364922
-3.119823 -4.207667 5.610599
-3.140167 -4.233521 5.610598
1.857791 -3.819762 9.067709
1.857791 -7.819762 9.067709
0.293484 -7.216575 9.142913
-2.022445 -7.216575 9.142914
-1.474338 -7.040273 9.260091
-1.464888 -7.070683 9.239868
0.135815 -7.227773 9.150037
0.135815 -7.227773 8.885974
4.821094 3.997510 9.250964
4.856211 4.049773 9.193900
4.912195 2.107315 9.245388
4.912195 1.846652 9.245388
2.966207 1.787569 8.936978
2.966207 1.706349 8.936978
2.038440 -8.529441 4.281708
2.038475 -8.639154 4.574286
1.994246 -8.502168 4.306904
1.993827 -8.535439 4.297707
1.784949 -8.491750 4.203243
1.799603 -8.491750 4.200000
-6.747044 -1.341537 4.663040
-6.513398 -1.341537 4.779953
-6.615329 -1.502771 4.453023
-6.615329 -1.540304 4.453023
-6.513398 -1.359490 4.800000
-6.753398 -1.359575 4.680000
-6.545143 4.370185 4.261958
-6.547229 4.354606 4.267507
-6.667762 4.354085 4.588933
-6.662267 4.348487 4.574286
-6.514863 4.248611 4.796315
-6.514863 4.245312 4.779953
-3.410081 8.583661 4.800000
-3.395427 8.583661 4.796315
-3.494899 8.771651 4.541288
-3.495301 8.777523 4.556951
-3.736130 8.649335 4.215126
-3.748811 8.644884 4.203257
3.868195 8.569732 4.217645
3.868195 8.569732 4.779953
3.646662 8.771353 4.577657
3.631288 8.771206 4.577246
3.526235 8.629732 4.200000
3.511512 8.630955 4.203257
3.765392 8.640549 4.776453
3.773276 8.633500 4.779979
6.719358 1.900646 4.574286
6.609646 1.900683 4.281708
6.811954 1.815511 4.680000
6.810785 1.800788 4.676883
6.645001 1.914106 4.234781
6.647837 1.897774 4.242358
6.663760 -2.021936 4.432372
6.579988 -2.021936 4.441062
6.768634 -1.989723 4.570817
6.763433 -1.983805 4.556951
6.650784 -1.973494 4.256571
6.645454 -1.980931 4.242358
-6.476048 -0.959888 4.941541
-6.516044 -0.959893 4.901544
6.577933 3.041486 4.906450
6.577937 3.041486 4.223577
6.955127 3.607241 4.906173
6.975514 3.655058 4.906172
-6.030021 -4.256413 0.352913
-6.010678 -4.237070 0.369902
-6.225125 -4.437028 0.064942
-6.227215 -4.439118 0.038948
-3.172744 -8.481534 0.053291
-3.174772 -8.483562 0.027424
-3.414982 -8.233614 0.010763
-3.419851 -8.238482 0.027424
-6.267755 8.178998 0.024861
-6.257830 8.169073 0.015039
-6.072105 7.889385 0.319636
-6.077300 7.894580 0.351034
6.316866 8.208588 0.064942
6.306593 8.198316 0.088349
6.068897 -8.230498 0.352913
6.264001 -8.411115 0.064942
6.253728 -8.400842 0.088349
6.049554 -8.211155 0.369902
-3.153039 -4.386584 1.521837
-3.153039 -4.386584 2.755170
-3.353040 -4.186585 0.408555
-3.353040 -3.986585 0.208492
-3.151472 -4.510277 5.035363
-3.151472 -4.110277 5.035429
-3.551472 -4.110277 5.065339
-3.551472 -4.110277 6.378684
-5.762861 5.006400 0.386410
-5.762861 5.002238 0.398785
-5.966486 4.506095 2.684724
-5.966486 4.532033 2.684724
-5.759887 4.380852 1.434724
-5.759887 4.406790 1.434724
5.978080 4.428924 0.000070
5.978080 4.469720 0.000000
5.954829 4.721961 3.494312
5.954829 4.721874 0.798877
5.977376 4.499661 3.684724
5.977376 4.525599 3.684724
-5.975218 4.205275 0.066353
-6.016015 4.205275 0.066284
-5.920712 3.997975 3.434725
-5.946650 3.997975 3.434725
5.981750 4.210327 4.006365
6.022548 4.210327 4.007668
6.079210 4.003676 1.184724
6.079210 4.003676 1.158786
-5.827774 4.195996 0.020410
-5.827774 4.195996 0.178582
-5.827774 4.195996 1.521837
-5.827774 4.195996 0.208426
5.821877 4.586730 0.178516
6.021877 4.586730 0.378453
6.021877 4.586730 0.020410
6.021877 4.586730 -0.011496
6.077422 7.739840 0.454095
6.077422 7.739840 -0.000000
6.182537 7.847799 0.300411
6.182537 7.847799 0.002487
5.819552 8.237249 4.003372
5.668354 8.237249 4.003372
6.174546 7.540537 0.300411
6.085673 7.418214 0.300411
5.402233 7.418214 0.300411
5.649866 7.665848 0.300411
5.340124 7.965696 3.580637
5.296305 7.830835 3.580637
-5.806286 8.230297 0.454095
-5.786169 8.233392 0.463816
-5.636784 8.222087 0.000000
-5.636784 8.222087 4.000000
-5.365459 7.435907 4.003372
-5.276588 7.558228 4.003372
-6.048899 7.435907 0.300411
-5.926577 7.347035 0.300411
-5.487782 8.208219 0.300411
-5.613092 7.683539 0.300411
-2.998940 4.922350 0.178666
-2.998940 4.943035 0.149787
5.405747 8.563614 8.943945
5.379437 8.563614 8.917636
5.337261 8.584334 8.999400
5.337261 8.552604 9.000855
6.740065 -6.877538 8.955718
6.717033 -6.877538 8.933949
1.886630 5.109166 0.030589
2.112759 5.109166 0.030589
2.120366 5.181872 0.060761
2.137382 5.181872 0.053650
-1.870381 5.242402 0.059298
-1.861513 5.242402 0.053650
-2.098363 5.109181 0.038144
-2.094720 5.116573 0.029467
5.409455 -8.635587 9.022885
5.216559 -8.635587 9.022885
5.227180 -8.635587 8.941063
5.210943 -8.635587 8.948214
6.740065 6.769133 8.984803
6.740065 6.769133 8.955718
-5.237438 8.563614 8.943945
-5.213338 8.563614 8.953928
-5.044576 8.605152 8.956416
-5.044576 8.576404 8.956416
-6.491030 -3.160037 9.006573
-6.524650 -3.160037 9.006573
6.735432 4.991769 4.270080
6.735432 5.216982 4.270080
6.756052 5.218474 4.334169
6.756052 4.990277 4.334169
-6.713372 1.095849 4.262167
-6.734006 1.095849 4.282664
510 511
536 537
494 495
2765 2766
2567 2568
1284 1285
2753 2754
2689 2690
3409 3410
3399 3400
2889 2890
2923 2924
3039 3040
2487 2488
2687 2688
2477 2478
3613 3614
2527 2528
3753 3754
3371 3372
2951 2952
2715 2716
3379 3380
3621 3622
2937 2938
2933 2934
3509 3510
2985 2986
650 651
3015 3016
3569 3570
492 493
2989 2990
526 528
490 491
2533 2534
3521 3522
429 439
3153 3154
3445 3446
3193 3194
2641 2642
504 506
2577 2578
2975 2976
3305 3306
3283 3284
2637 2638
3349 3350
3357 3358
3359 3360
524 525
628 629
40 51
2775 2776
2943 2944
20 21
2695 2696
3151 3152
3033 3034
744 745
848 849
1254 1255
530 531
45 46
2 5
3719 3720
500 501
678 679
220 236
35 41
17 18
74 75
2009 2010
892 893
155 156
3623 3624
598 599
2853 2854
670 671
2423 2424
710 711
2543 2544
2719 2720
67 68
2096 2097
76 77
1194 1195
8 9
558 559
104 105
266 267
876 877
1338 1339
43 44
894 895
560 561
622 623
2909 2910
2915 2916
2617 2618
2633 2634
3365 3366
2927 2928
682 683
3559 3560
496 497
2475 2476
694 695
2481 2482
2045 2046
84 85
80 81
239 244
135 144
590 591
1458 1459
658 659
197 204
32 33
122 142
14 25
2267 2268
200 201
3225 3226
29 30
1012 1013
960 961
19 28
2305 2306
1536 1537
2677 2678
24 42
656 657
1400 1401
702 703
1150 1151
281 294
570 571
582 583
800 801
1282 1283
866 867
696 697
140 153
527 529
554 555
1104 1105
1476 1477
3315 3316
226 234
160 163
880 881
986 987
1562 1563
63 69
994 995
2447 2448
2025 2026
1560 1561
2013 2014
754 755
221 222
299 365
576 577
1374 1375
232 233
3609 3610
164 165
610 611
3555 3556
578 579
612 613
804 805
2525 2526
2979 2980
253 283
1664 1665
2015 2016
10 11
1236 1237
1903 1904
128 149
606 607
72 73
1386 1387
1572 1573
50 62
533 534
1058 1059
1622 1623
2709 2710
1312 1313
904 905
2059 2060
666 667
2263 2264
716 717
305 319
53 54
2425 2426
596 597
15 16
1506 1507
342 357
508 509
974 975
3733 3734
3709 3710
868 869
884 885
1618 1619
3097 3098
2749 2750
2739 2740
1272 1273
70 71
2403 2404
2261 2262
1847 1848
333 334
1046 1047
738 739
690 691
2173 2174
2483 2484
1919 1920
92 93
668 669
228 229
750 751
542 543
858 859
1396 1397
2553 2554
2741 2742
3085 3086
3703 3704
1354 1355
2150 2151
230 237
78 79
888 889
1923 1924
516 517
378 403
1010 1011
512 513
1026 1027
64 66
125 126
161 166
12 13
1624 1625
712 713
1979 1980
308 341
634 635
890 891
726 727
620 621
2048 2049
638 639
796 797
1777 1778
968 969
3115 3116
924 925
2051 2052
3087 3088
642 643
654 655
2519 2520
1028 1029
3025 3026
3589 3590
3027 3028
1024 1025
1867 1868
1002 1003
1781 1782
2769 2770
834 835
406 410
584 585
672 673
2607 2608
776 777
540 541
1540 1541
2359 2360
315 326
1176 1177
1098 1099
722 723
698 699
169 180
249 250
102 103
1286 1287
940 941
1132 1133
2311 2312
36 37
243 271
735 736
1096 1097
3269 3270
2539 2540
2713 2714
3021 3022
3031 3032
3591 3592
3597 3598
3599 3600
910 911
1831 1832
674 675
1514 1515
564 565
802 803
3011 3012
2867 2868
2613 2614
3281 3282
926 927
1222 1223
2707 2708
644 645
477 478
227 254
854 855
451 455
1376 1377
808 809
2541 2542
1636 1637
193 194
167 170
2747 2748
1728 1729
188 189
1843 1844
264 297
1158 1159
2185 2186
2464 2465
1484 1485
113 114
178 181
1815 1816
624 625
720 721
1965 1966
148 162
171 172
2559 2560
3549 3550
732 733
278 307
1366 1367
2123 2124
648 649
82 83
187 198
588 589
864 865
2265 2266
1212 1213
1504 1505
1020 1021
57 58
652 653
956 957
411 415
119 124
1921 1922
99 123
38 39
2473 2474
175 179
958 959
59 60
112 115
630 631
1326 1327
1032 1033
213 214
6 7
932 933
154 168
1292 1293
1086 1087
538 539
544 545
914 915
2395 2396
760 761
404 424
245 246
1372 1373
2285 2286
2377 2378
878 879
2133 2134
1036 1037
320 350
1134 1135
2171 2172
822 823
374 390
824 825
1444 1445
384 394
1186 1187
572 573
912 913
1420 1421
468 476
2147 2148
2657 2658
3391 3392
2939 2940
616 617
1566 1567
176 177
130 131
1076 1077
592 593
360 361
908 909
3093 3094
2213 2214
602 603
748 749
2505 2506
774 775
2141 2142
2497 2498
1126 1127
608 609
1564 1565
976 977
2397 2398
1526 1527
790 791
2155 2156
700 701
2871 2872
2959 2960
3383 3384
1318 1319
1380 1381
22 23
2921 2922
61 65
1720 1721
118 127
860 861
1274 1275
1971 1972
2913 2914
1030 1031
2523 2524
2903 2904
1008 1009
550 551
2693 2694
2981 2982
2997 2998
1650 1651
740 741
2165 2166
728 729
1154 1155
626 627
1178 1179
96 97
262 274
828 829
2971 2972
210 215
86 87
1750 1751
2343 2344
1060 1061
109 117
1188 1189
3369 3370
3377 3378
2337 2338
980 981
2507 2508
758 759
1360 1361
1262 1263
505 507
273 277
636 637
116 120
3551 3552
285 293
2355 2356
838 839
450 452
282 347
1174 1175
604 605
1656 1657
1214 1215
143 145
401 402
836 837
704 705
970 971
784 785
556 557
798 799
3681 3682
223 224
1500 1501
409 412
383 387
88 89
632 633
419 421
2353 2354
133 139
2409 2410
1845 1846
1987 1988
300 301
382 393
2241 2242
136 141
2229 2230
1022 1023
810 811
431 434
289 302
1905 1906
1496 1497
2631 2632
1524 1525
992 993
640 641
1350 1351
1182 1183
562 563
684 685
922 923
275 276
2549 2550
2579 2580
462 463
2665 2666
3413 3414
2935 2936
3419 3420
2925 2926
552 553
3073 3074
3333 3334
2733 2734
1092 1093
580 581
1172 1173
1827 1828
984 985
724 725
471 479
0 1
488 489
108 110
752 753
309 317
1106 1107
930 931
1004 1005
348 349
375 376
918 919
2167 2168
137 159
173 174
3161 3164
469 470
48 52
304 313
2301 2302
3311 3312
3289 3290
3451 3452
1805 1806
331 343
2401 2402
814 815
2243 2244
186 192
31 34
1416 1417
352 353
203 208
2513 2514
1238 1239
2003 2004
2421 2422
618 619
594 595
852 853
1917 1918
359 371
55 56
106 107
2625 2626
2531 2532
1300 1301
1302 1303
3229 3230
368 379
2763 2764
446 447
2569 2570
1582 1583
284 288
832 833
190 191
1156 1157
874 875
1724 1725
258 259
372 373
3659 3660
366 367
397 398
454 459
2501 2502
1094 1095
338 339
340 351
1680 1681
1336 1337
1378 1379
902 903
1120 1121
938 939
1823 1824
1688 1689
2047 2050
385 387
676 677
1851 1852
830 831
420 435
286 287
472 473
2493 2494
2731 2732
279 296
442 453
209 212
1038 1039
521 522
199 202
121 132
3759 3760
444 445
2893 2894
2643 2644
2629 2630
2515 2516
2503 2504
2517 2518
486 487
2565 2566
2495 2496
3205 3206
3231 3232
321 322
2581 2582
3179 3180
2789 2790
2599 2600
47 49
265 272
826 827
1454 1455
2135 2136
1468 1469
3337 3338
310 335
101 129
437 438
1498 1499
780 781
998 999
1574 1575
3373 3374
355 377
518 523
325 335
2121 2122
414 418
3247 3248
336 337
3075 3076
1714 1717
392 396
2635 2636
1418 1419
2645 2646
2627 2628
2917 2918
182 183
714 715
2463 2468
770 771
3071 3072
1166 1167
292 303
3245 3246
2177 2178
1382 1383
2035 2036
2341 2342
820 821
247 255
311 312
1334 1335
146 147
532 535
1710 1711
3223 3224
2181 2182
662 663
1977 1978
1508 1509
680 681
1754 1755
1278 1279
2671 2672
2379 2380
706 707
440 443
1368 1369
280 306
2361 2362
946 947
3109 3110
1953 1954
872 873
408 411
906 907
26 27
1833 1834
730 731
842 843
3739 3740
1837 1838
413 423
988 989
990 991
416 417
1817 1818
2583 2584
1913 1914
1110 1111
1440 1441
788 789
1949 1950
1242 1243
840 841
692 693
920 921
1450 1451
1198 1199
216 217
1138 1139
2443 2446
2521 2522
1332 1333
260 261
1570 1571
948 949
1879 1880
2453 2454
1054 1055
356 380
138 152
1230 1231
1492 1493
2253 2254
1885 1886
1530 1531
2063 2064
964 965
111 134
400 405
1316 1317
1464 1465
928 929
1308 1309
157 158
1512 1513
792 793
98 100
1470 1471
1196 1197
1062 1063
1520 1521
2653 2654
1762 1763
2431 2432
916 917
90 91
2339 2340
316 323
1006 1007
436 449
2393 2394
1610 1611
2439 2440
2557 2558
3707 3708
3095 3096
1901 1902
1855 1856
2031 2032
2703 2704
2491 2492
2691 2692
3527 3528
856 857
1640 1641
1869 1870
94 95
2163 2164
816 817
1554 1555
1787 1788
291 332
1875 1876
1742 1743
614 615
2085 2086
290 295
1991 1992
2529 2530
2225 2226
2101 2102
1436 1437
2745 2746
3089 3090
600 601
1426 1427
1490 1491
441 451
2001 2002
369 370
1294 1295
206 207
298 318
241 242
1228 1229
1090 1091
2551 2552
1218 1219
3 4
548 549
2929 2930
2511 2512
1082 1083
344 345
2325 2326
1330 1331
3171 3172
2455 2456
1587 1588
2350 2352
1881 1882
314 324
1402 1403
1088 1089
2321 2322
2444 2445
2081 2082
978 979
448 456
1955 1956
1078 1079
2509 2510
1486 1487
428 430
2661 2662
1370 1371
3747 3748
327 328
1989 1990
2907 2908
2931 2932
1708 1709
1538 1539
1446 1447
1042 1043
2723 2724
2659 2660
944 945
1434 1435
2271 2272
942 943
2245 2246
2233 2234
1698 1699
1472 1473
3023 3024
862 863
1102 1103
457 467
2685 2686
1270 1271
2585 2586
2499 2500
225 231
818 819
1730 1731
882 883
1863 1864
586 587
1190 1191
1682 1683
1873 1874
1596 1597
248 268
1220 1221
1016 1017
1925 1926
746 747
1626 1627
2319 2320
1758 1759
1861 1862
1941 1942
846 847
2667 2668
2391 2392
2399 2400
2407 2408
3079 3080
346 358
772 773
2389 2390
982 983
1072 1073
2317 2318
1248 1249
1226 1227
464 465
3635 3636
3667 3668
1945 1946
2069 2070
1552 1553
886 887
2941 2942
686 687
2345 2346
708 709
568 569
1770 1771
2387 2388
896 897
1390 1391
502 503
2103 2104
1783 1784
3083 3084
2127 2128
1246 1247
1204 1205
3385 3386
2639 2640
2489 2490
2111 2112
1452 1453
3341 3342
1322 1323
2911 2912
425 426
3103 3104
1897 1898
3741 3742
205 211
1388 1389
2555 2556
2727 2728
2729 2730
1961 1962
391 407
1734 1735
2995 2996
3429 3430
2619 2620
3463 3464
3317 3318
150 151
1772 1773
1206 1207
1748 1749
764 765
1648 1649
1644 1645
1152 1153
2175 2176
2663 2664
1192 1193
2451 2452
1424 1425
1736 1737
354 362
1124 1125
1694 1695
1346 1347
2201 2202
1544 1545
3705 3706
3735 3736
1328 1329
972 973
1050 1053
2269 2270
1320 1321
2313 2314
3181 3182
1356 1357
388 389
1456 1457
1947 1948
381 386
1704 1705
2073 2074
3465 3466
3541 3542
786 787
1462 1463
2071 2072
2575 2576
1835 1836
2219 2220
3393 3394
2589 2590
2547 2548
2799 2800
3645 3646
898 899
3335 3336
3381 3382
1070 1071
1654 1655
2479 2480
2179 2180
2235 2236
1438 1439
2419 2420
1044 1045
3627 3628
1686 1687
432 433
3641 3642
1232 1233
1264 1265
3631 3632
2029 2030
1789 1790
1412 1413
1122 1123
1200 1201
1891 1892
1118 1119
1234 1235
734 737
2457 2458
1164 1165
1548 1551
2381 2382
2413 2416
936 937
458 466
934 935
1224 1225
566 567
1939 1940
756 757
2349 2351
1116 1117
1997 1998
2193 2194
1556 1557
2315 2316
1202 1203
1428 1429
2807 2808
2823 2824
1108 1109
3487 3488
2785 2786
2881 2882
2461 2462
238 251
1128 1129
1799 1800
1726 1727
2673 2674
1738 1739
1448 1449
2417 2418
514 515
2649 2650
395 399
1690 1691
2545 2546
3207 3208
3791 3792
1266 1267
2717 2718
1358 1359
329 330
2987 2988
3769 3770
1480 1481
1394 1395
1760 1761
1410 1411
2669 2670
1883 1884
2573 2574
3789 3790
3387 3388
1877 1878
1586 1595
3003 3004
2699 2700
1975 1976
1528 1529
1534 1535
1352 1353
2161 2162
2065 2066
1715 1716
1821 1822
2887 2888
3403 3404
1216 1217
1712 1713
1785 1786
966 967
1857 1858
2591 2592
1684 1685
1612 1613
1584 1585
3271 3272
1907 1908
1310 1311
3347 3348
3327 3328
1112 1113
2877 2878
2435 2436
2679 2680
2697 2698
2675 2676
1558 1559
2701 2702
498 499
3375 3376
3367 3368
3215 3216
1935 1936
3515 3516
1752 1753
2249 2250
2563 2564
2275 2276
1510 1511
2363 2364
1268 1269
2280 2281
2093 2094
422 427
2159 2160
2197 2198
2561 2562
2293 2294
2485 2486
1341 1342
1859 1860
252 263
1696 1697
1208 1209
1797 1798
3047 3048
2329 2330
363 364
482 483
3467 3468
1348 1349
844 845
1084 1085
1600 1601
1244 1245
1250 1251
2033 2034
3343 3344
2053 2054
2231 2232
3777 3778
460 461
519 520
2223 2224
1702 1703
184 185
1865 1866
3473 3474
3227 3228
1969 1970
2865 2866
3279 3280
2829 2830
2857 2858
3183 3184
718 719
2587 2588
1014 1015
3469 3470
850 851
1957 1958
1314 1315
1931 1932
2239 2240
1068 1069
1608 1609
2139 2140
954 955
1791 1792
2273 2274
2221 2222
2787 2788
1210 1211
480 481
2203 2204
1130 1131
1478 1479
2991 2992
3547 3548
2957 2958
474 475
3293 3294
2595 2596
1114 1115
1414 1415
1494 1495
2947 2948
1638 1639
1634 1635
1406 1407
1056 1057
2783 2784
1288 1289
2007 2008
1048 1049
1959 1960
1532 1533
2655 2656
2205 2206
2815 2816
766 767
2845 2846
1324 1325
2725 2726
1502 1503
2895 2896
1298 1299
3101 3102
2759 2760
2083 2084
2905 2906
3361 3362
2751 2752
2977 2978
3475 3476
1432 1433
2335 2336
3479 3480
2433 2434
2597 2598
2535 2536
3273 3274
2149 2152
3307 3308
2021 2022
1546 1547
3585 3586
2537 2538
2809 2810
2825 2826
2743 2744
2953 2954
1839 1840
2623 2624
2137 2138
2107 2108
1064 1065
2169 2170
2791 2792
962 963
1051 1052
1995 1996
2681 2682
3731 3732
2089 2090
2471 2472
1422 1423
2153 2154
1404 1405
2227 2228
1605 1606
996 997
3423 3424
1040 1041
2593 2594
3105 3106
3113 3114
2755 2756
2757 2758
3745 3746
2761 2762
3743 3744
3757 3758
3755 3756
3111 3112
2195 2196
1296 1297
1384 1385
1756 1757
2831 2832
2771 2772
1148 1149
1276 1277
1142 1143
2603 2604
1460 1461
2255 2256
1066 1067
1430 1431
1306 1307
1136 1137
2793 2794
1482 1483
2711 2712
3065 3066
3749 3750
3043 3044
2215 2216
2466 2467
762 763
1576 1579
3529 3530
1819 1820
2075 2076
1304 1305
1260 1261
3219 3220
2817 2818
2837 2838
2849 2850
3221 3222
3257 3258
2041 2042
2037 2038
3013 3014
2705 2706
2899 2900
2277 2278
1692 1693
1591 1592
2017 2018
1973 1974
1140 1141
2077 2078
1344 1345
1983 1984
3321 3322
2891 2892
1801 1802
3291 3292
3301 3302
3501 3502
2019 2020
269 270
2883 2884
2885 2886
2621 2622
1392 1393
2847 2848
1340 1343
1018 1019
2115 2116
1628 1629
2087 2088
812 813
3017 3018
2055 2056
3397 3398
1034 1035
950 951
2237 2238
1718 1719
1853 1854
1893 1894
2067 2068
3575 3576
3477 3478
1240 1241
1593 1594
2331 2332
768 769
2207 2208
2839 2840
2347 2348
1658 1659
1549 1550
1887 1888
1168 1169
1676 1677
2287 2288
2647 2648
3099 3100
2191 2192
2797 2798
2813 2814
1849 1850
2605 2606
2189 2190
1889 1890
3275 3276
2721 2722
2247 2248
2023 2024
3159 3160
2841 2842
1933 1934
2601 2602
2611 2612
3265 3266
2827 2828
235 240
2105 2106
2919 2920
2571 2572
2615 2616
1616 1617
2879 2880
484 485
3421 3422
3401 3402
2999 3000
1408 1409
1668 1673
2427 2428
2949 2950
2993 2994
2869 2870
3485 3486
3425 3426
1746 1747
3001 3002
1895 1896
3407 3408
3417 3418
1993 1994
2095 2098
3007 3008
2079 2080
3431 3432
3455 3456
3035 3036
1985 1986
3543 3544
3185 3188
2429 2430
1951 1952
3313 3314
3531 3532
2961 2962
3553 3554
2873 2874
1589 1590
2251 2252
3433 3434
3345 3346
2283 2284
1943 1944
3351 3352
2609 2610
3203 3204
2801 2802
2803 2804
2851 2852
3255 3256
3443 3444
3353 3354
1398 1399
2119 2120
1963 1964
2199 2200
1614 1615
3323 3324
3297 3298
1744 1745
2209 2210
3629 3630
3673 3674
3329 3330
3355 3356
2333 2334
3241 3242
3489 3490
3633 3634
2279 2282
2967 2968
2965 2966
3471 3472
2969 2970
2683 2684
2973 2974
1080 1081
1981 1982
2875 2876
3029 3030
3593 3594
3019 3020
3587 3588
1620 1621
3493 3494
3325 3326
1662 1663
1706 1707
3583 3584
218 219
2781 2782
3441 3442
3435 3436
1362 1363
3049 3050
3615 3616
1666 1667
3197 3198
3237 3238
3149 3150
2735 2736
1915 1916
2011 2012
2651 2652
1074 1075
1258 1259
1100 1101
3295 3296
1642 1643
3081 3082
2405 2406
3009 3010
1646 1647
1937 1938
1577 1578
2863 2864
3601 3602
1604 1607
3059 3060
3061 3062
2833 2834
2777 2778
3077 3078
2859 2860
1671 1672
1841 1842
2773 2774
1674 1675
2737 2738
1442 1443
2257 2258
3605 3606
1602 1603
1967 1968
2795 2796
2843 2844
3251 3252
3267 3268
3277 3278
3213 3214
3107 3108
3173 3174
2945 2946
3395 3396
2259 2260
1871 1872
3051 3052
3005 3006
1568 1569
3679 3680
2099 2100
1669 1670
688 689
3169 3170
2897 2898
1542 1543
3189 3190
3233 3234
1732 1733
3497 3498
1252 1253
2861 2862
3123 3124
2437 2438
900 901
3561 3562
2955 2956
3055 3056
646 647
2805 2806
2821 2822
3243 3244
3259 3260
2835 2836
3683 3684
806 807
2091 2092
1909 1910
1911 1912
2373 2374
1290 1291
3186 3187
2983 2984
3513 3514
2459 2460
3261 3262
2819 2820
3201 3202
1598 1599
778 779
2963 2964
1162 1163
3157 3158
3037 3038
664 665
3177 3178
3217 3218
2901 2902
1518 1519
1522 1523
2411 2412
1000 1001
1516 1517
1740 1741
952 953
3577 3578
3045 3046
2779 2780
3210 3211
3041 3042
3491 3492
1999 2000
2109 2110
3727 3728
3723 3724
3717 3718
3459 3460
3209 3212
1144 1145
1700 1701
1652 1653
742 743
2327 2328
3511 3512
1280 1281
1146 1147
1170 1171
1779 1780
2383 2384
1256 1257
1929 1930
1722 1723
3625 3626
1184 1185
1580 1581
3581 3582
3643 3644
3763 3764
2449 2450
2811 2812
2855 2856
3165 3166
3167 3168
1927 1928
3319 3320
3063 3064
3249 3250
3133 3134
1678 1679
3761 3762
2187 2188
3595 3596
3195 3196
3235 3236
3523 3524
3427 3428
3447 3448
3525 3526
3285 3286
3309 3310
3637 3638
3517 3518
3239 3240
1474 1475
794 795
2303 2304
2371 2372
3135 3136
3141 3142
3787 3788
1764 1765
2291 2292
1795 1796
1825 1826
2125 2126
2289 2290
3619 3620
3611 3612
3617 3618
3253 3254
3695 3696
3685 3686
3699 3702
2157 2158
3737 3738
3145 3146
3119 3120
3765 3766
3579 3580
3767 3768
3571 3572
870 871
3129 3130
3057 3058
3053 3054
3067 3068
3121 3122
3781 3782
3793 3794
3785 3786
2061 2062
2057 2058
1793 1794
2375 2376
1899 1900
2469 2470
3091 3092
3162 3163
1630 1631
2295 2296
3700 3701
3697 3698
660 661
1466 1467
574 575
1180 1181
1809 1810
2299 2300
2385 2386
1768 1769
3155 3156
2767 2768
2183 2184
1807 1808
782 783
1776 1778
3687 3688
3117 3118
3783 3784
3131 3132
3137 3138
3689 3690
3507 3508
3503 3504
3713 3714
3715 3716
3729 3730
2211 2212
3505 3506
3721 3722
3725 3726
3607 3608
256 257
2357 2358
3603 3604
3199 3200
1364 1365
1160 1161
2131 2132
2129 2130
2369 2370
2143 2144
2367 2368
2145 2146
1829 1830
1766 1767
2365 2366
2297 2298
1774 1775
2414 2415
1803 1804
2309 2310
1811 1812
2307 2308
1813 1814
3449 3450
3483 3484
3287 3288
3481 3482
3545 3546
3573 3574
3567 3568
2441 2442
3519 3520
3457 3458
3539 3540
1488 1489
3439 3440
3405 3406
3331 3332
3339 3340
3495 3496
3389 3390
2323 2324
3299 3300
3411 3412
3415 3416
3751 3752
1660 1661
3303 3304
195 196
1632 1633
3175 3176
2117 2118
3565 3566
2027 2028
3263 3264
3537 3538
3461 3462
3139 3140
3499 3500
3125 3126
546 547
3453 3454
3771 3772
3671 3672
3535 3536
3437 3438
3691 3692
3563 3564
3657 3658
3779 3780
3147 3148
3143 3144
3693 3694
3677 3678
3533 3534
3655 3656
3651 3652
3647 3648
3649 3650
3069 3070
3675 3676
3661 3662
3663 3664
3653 3654
3669 3670
3639 3640
2005 2006
2039 2040
2043 2044
3191 3192
3711 3712
3557 3558
3775 3776
3665 3666
3773 3774
3127 3128
2113 2114
3363 3364
2217 2218
