8489852666218193104 3533 1900
1.067686 -0.484712 -1.537088
1.133037 -0.598808 -2.835392
1.591904 -0.335511 -2.324312
1.065278 -1.265193 -2.894091
0.392617 -1.550179 -2.911504
-0.189487 -1.070408 -2.936516
1.225176 1.656008 -2.001565
1.645163 0.502025 -1.639219
1.591904 -0.335511 -2.324312
-1.069766 1.104465 1.760106
-1.064619 0.543312 1.939452
0.972798 1.426585 -0.434782
0.398711 0.019789 -2.913381
1.133037 -0.598808 -2.835392
-1.041909 1.277267 0.405362
-0.186890 1.318944 0.266420
-1.037217 0.706996 1.608304
0.392617 -1.550179 -2.911504
-1.002168 0.824402 0.383227
-0.899941 -1.347209 -2.897198
0.265991 -2.193838 -2.671757
1.067686 -0.484712 -1.537088
-1.021523 1.253605 -2.897880
0.655879 0.841090 2.147277
0.972798 1.426585 -0.434782
-0.189487 -1.070408 -2.936516
-1.041909 1.277267 0.405362
1.456299 -1.789401 -2.927209
-1.064619 0.543312 1.939452
-0.274809 0.601048 2.036550
-0.310734 1.159309 1.767254
-0.186890 1.318944 0.266420
1.119704 0.689369 1.625624
1.645163 0.502025 -1.639219
0.125674 0.975054 1.794299
0.655879 0.841090 2.147277
1.119704 0.689369 1.625624
1.591904 -0.335511 -2.324312
0.931475 -0.377149 -0.458248
-1.533423 0.370858 2.295560
0.177500 0.514382 2.116635
0.145126 0.467161 2.850575
-0.473408 2.031266 -2.715536
-0.978561 0.542683 2.404984
-1.023608 0.974713 -0.101646
-0.186890 1.318944 0.266420
-0.456802 -2.423046 -2.557982
-0.473408 2.031266 -2.715536
-1.266984 -0.263306 2.611957
1.480742 -1.800280 -0.369696
-1.021523 1.253605 -2.897880
-1.381973 -0.161414 -2.926178
-0.186890 1.318944 0.266420
1.225176 1.656008 -2.001565
0.265991 -2.193838 -2.671757
0.655879 0.841090 2.147277
0.758953 0.831052 2.578953
1.119704 0.689369 1.625624
-0.669590 -1.827099 -0.535086
-0.339331 -2.383882 -2.068830
0.145126 0.467161 2.850575
0.404687 -1.932821 -1.324264
0.758953 0.831052 2.578953
0.951006 -2.301264 -1.354368
-0.978561 0.542683 2.404984
-1.061489 -0.352122 0.969581
0.840060 -0.236540 3.119885
-1.312734 -1.011102 -2.766078
-1.215400 -0.900117 -0.840316
0.994596 -1.839192 1.344662
0.970874 -0.953852 -0.363959
0.142070 -0.033005 3.547103
0.068711 -0.800457 3.154314
-0.431894 -1.181346 2.629751
-0.490464 -0.602908 2.671124
-0.892822 -0.983221 2.306079
0.883687 -0.711843 3.018474
0.541816 -1.028922 2.862120
-0.241494 -2.242793 -1.081806
-0.892822 -0.983221 2.306079
1.480742 -1.800280 -0.369696
-1.040752 -0.918956 0.941438
1.252578 -0.006894 2.640408
1.280107 -0.002735 1.908582
-0.200600 -1.748981 2.317098
-1.061489 -0.352122 0.969581
-0.605200 -1.207749 -0.069447
0.408497 -1.675053 2.442324
0.473072 -1.049444 1.809256
0.522915 -1.593258 1.631784
-1.381973 -0.161414 -2.926178
0.050958 -0.833610 2.830591
-0.431894 -1.181346 2.629751
-1.040752 -0.918956 0.941438
-1.215400 -0.900117 -0.840316
0.142070 -0.033005 3.547103
0.840060 -0.236540 3.119885
-0.640381 -1.248478 -0.589937
-0.530103 -1.799638 -0.051440
-0.536279 -1.810823 0.393170
0.244183 -0.004697 3.050845
0.522915 -1.593258 1.631784
0.912338 -0.742086 1.772251
1.455730 -1.378190 1.305894
0.994596 -1.839192 1.344662
-0.241494 -2.242793 -1.081806
1.038006 0.291635 2.737414
0.142070 -0.033005 3.547103
-0.064492 -0.191602 3.151228
1.345928 -2.329037 -2.719877
1.026772 -1.013150 -1.541048
0.663862 1.389683 1.756087
0.713901 1.508282 0.594150
1.133037 -0.598808 -2.835392
1.065278 -1.265193 -2.894091
0.392617 -1.550179 -2.911504
-0.103120 -0.205823 -2.918972
-0.186890 1.318944 0.266420
1.697129 0.303300 -2.540932
1.591904 -0.335511 -2.324312
-0.310734 1.159309 1.767254
-1.070692 0.603713 1.952940
-0.527129 0.864496 -2.931695
1.297515 0.904506 -2.904154
1.133037 -0.598808 -2.835392
-0.186890 1.318944 0.266420
-1.069766 1.104465 1.760106
0.597104 -2.290959 -3.061928
-0.899941 -1.347209 -2.897198
0.265991 -2.193838 -2.671757
1.067686 -0.484712 -1.537088
-1.021523 1.253605 -2.897880
0.655879 0.841090 2.147277
1.297515 0.904506 -2.904154
0.972798 1.426585 -0.434782
0.265991 -2.193838 -2.671757
-0.189487 -1.070408 -2.936516
1.456299 -1.789401 -2.927209
0.078306 1.678451 -2.968375
-1.070692 0.603713 1.952940
-0.280883 0.661449 2.050038
0.049521 1.501468 1.715316
0.125674 0.975054 1.794299
-0.280883 0.661449 2.050038
0.655879 0.841090 2.147277
1.156221 0.702081 1.630771
1.591904 -0.335511 -2.324312
1.280107 -0.002735 1.908582
0.931475 -0.377149 -0.458248
-0.597126 0.394985 3.100863
0.177500 0.514382 2.116635
-1.312734 -1.011102 -2.766078
-1.023608 0.974713 -0.101646
-0.186890 1.318944 0.266420
-0.991592 1.469216 -0.608513
-0.899941 -1.347209 -2.897198
-0.186890 1.318944 0.266420
-0.473408 2.031266 -2.715536
0.970874 -0.953852 -0.363959
1.480742 -1.800280 -0.369696
-1.789683 0.775476 -1.926888
0.078306 1.678451 -2.968375
1.225176 1.656008 -2.001565
0.369316 -2.060756 -2.142065
0.655879 0.841090 2.147277
0.758953 0.831052 2.578953
1.156221 0.702081 1.630771
-0.640381 -1.248478 -0.589937
-0.986611 1.726819 -2.558731
0.898491 -2.553956 -2.644696
-0.181069 0.559802 3.270757
-1.599546 -0.064862 0.500184
0.404687 -1.932821 -1.324264
-0.502990 -0.055218 3.023214
1.280107 -0.002735 1.908582
0.951006 -2.301264 -1.354368
-1.061489 -0.352122 0.969581
0.970874 -0.953852 -0.363959
0.840060 -0.236540 3.119885
-1.706714 0.596490 -0.529047
-1.002402 -0.422981 2.795336
0.994596 -1.839192 1.344662
0.970874 -0.953852 -0.363959
0.912338 -0.742086 1.772251
-0.183735 0.160996 3.359954
0.142070 -0.033005 3.547103
0.068711 -0.800457 3.154314
-0.431894 -1.181346 2.629751
0.883687 -0.711843 3.018474
0.068711 -0.800457 3.154314
0.541816 -1.028922 2.862120
0.883687 -0.711843 3.018474
-0.241494 -2.242793 -1.081806
-1.381973 -0.161414 -2.926178
-1.040752 -0.918956 0.941438
1.280107 -0.002735 1.908582
-0.200600 -1.748981 2.317098
-1.061489 -0.352122 0.969581
-0.605200 -1.207749 -0.069447
-1.852007 0.164869 -1.970849
0.408497 -1.675053 2.442324
0.473072 -1.049444 1.809256
0.522915 -1.593258 1.631784
-1.381973 -0.161414 -2.926178
-0.200600 -1.748981 2.317098
-0.376294 -1.763260 2.032380
0.011655 -2.003914 1.059370
-1.040752 -0.918956 0.941438
0.142070 -0.033005 3.547103
0.840060 -0.236540 3.119885
-0.605200 -1.207749 -0.069447
-0.530103 -1.799638 -0.051440
-0.054038 -2.052635 0.340457
0.504424 -1.676521 1.015601
0.522915 -1.593258 1.631784
0.994596 -1.839192 1.344662
1.038006 0.291635 2.737414
0.142070 -0.033005 3.547103
-0.490464 -0.602908 2.671124
0.003818 -0.752722 3.515033
-0.064492 -0.191602 3.151228
1.591904 -0.335511 -2.324312
-0.186890 1.318944 0.266420
1.252578 -0.006894 2.640408
0.900161 -0.221069 3.189507
1.380928 -0.462149 -2.712325
-0.103120 -0.205823 -2.918972
0.893730 1.559496 -0.487382
-0.186890 1.318944 0.266420
-1.081768 0.671338 2.002817
1.567974 -0.202824 -1.552014
-0.628501 0.839151 1.838379
-0.599258 0.221342 -2.914365
-0.527129 0.864496 -2.931695
0.972798 1.426585 -0.434782
0.968862 0.874063 -0.637062
0.978486 1.448484 -0.529987
1.297515 0.904506 -2.904154
-0.320420 1.193301 1.825833
1.591904 -0.335511 -2.324312
0.597104 -2.290959 -3.061928
-0.899941 -1.347209 -2.897198
-1.381973 -0.161414 -2.926178
-0.565210 1.708119 -0.806132
-0.296353 0.711185 2.298682
0.850649 0.865621 0.395089
0.078306 1.678451 -2.968375
1.456299 -1.789401 -2.927209
-1.021523 1.253605 -2.897880
-0.291958 0.729074 2.099915
-1.582588 0.397401 1.594911
1.364331 0.597840 0.486311
0.964185 -0.359643 0.114542
0.939673 1.674708 -2.789814
0.402690 1.810303 -2.807829
-1.533423 0.370858 2.295560
-0.603867 0.461303 3.116266
0.177500 0.514382 2.116635
1.531807 -2.227708 -2.258329
-1.312734 -1.011102 -2.766078
-1.897725 0.392111 -2.502998
-1.013901 0.568796 2.457423
-1.033262 1.342952 0.002002
1.156221 0.702081 1.630771
0.754126 0.871003 1.550354
-0.991592 1.469216 -0.608513
-1.646563 0.485366 0.373487
-0.473408 2.031266 -2.715536
1.602222 -1.703975 -2.730848
1.528691 -1.400605 -1.266214
0.901416 -2.460848 -2.152364
0.369316 -2.060756 -2.142065
-1.852007 0.164869 -1.970849
0.771655 0.856346 2.641240
-0.931094 0.093839 2.598571
1.474248 -1.238939 -0.286092
0.970874 -0.953852 -0.363959
-1.291367 -0.965391 -1.888489
0.963496 -2.162080 -0.738337
0.404687 -1.932821 -1.324264
1.103135 0.727337 2.567966
-0.796294 -0.119269 3.012393
0.175718 -0.042092 3.605975
-1.162349 -0.281564 -0.625543
-1.706714 0.596490 -0.529047
-1.002402 -0.422981 2.795336
-0.552207 0.038170 3.265149
-1.215400 -0.900117 -0.840316
0.980420 -1.908745 0.937661
0.759253 -0.719022 3.242208
0.042397 -0.865014 2.890767
0.068711 -0.800457 3.154314
0.541816 -1.028922 2.862120
0.936548 -0.763393 1.835462
0.963174 -0.480982 3.067480
-0.247607 -2.282119 -1.404530
0.528530 -0.075315 3.419833
-0.241494 -2.242793 -1.081806
-0.339453 -1.298193 2.758386
-0.415078 -1.200005 2.360201
-0.559795 -1.220154 0.360374
0.399937 -1.706458 2.502501
0.573603 -1.605219 2.472234
0.543896 -1.624906 2.060836
-0.209160 -1.780386 2.377275
-0.457739 -1.776648 1.155252
-0.536279 -1.810823 0.393170
-0.484482 -1.213502 -0.061454
-0.530103 -1.799638 -0.051440
-0.669590 -1.827099 -0.535086
1.020630 -1.860701 1.404508
-0.045771 -0.135038 3.541889
0.037466 -0.761809 3.573905
-0.064492 -0.191602 3.151228
0.983481 -0.399642 -0.444964
1.693525 0.340146 -2.734001
-0.591714 0.219702 -2.976735
1.693525 0.340146 -2.734001
1.322666 0.918648 -2.924769
-0.591714 0.219702 -2.976735
-1.079565 1.309839 -2.976214
0.589502 0.845072 2.069988
1.200376 0.581285 2.692845
-0.591714 0.219702 -2.976735
-1.390923 -1.009051 -2.780509
-1.077353 -0.892792 0.850306
-1.043760 1.244687 1.695454
1.200376 0.581285 2.692845
1.322666 0.918648 -2.924769
-0.291909 0.754131 2.204243
-0.568911 -0.013434 3.222722
-1.390923 -1.009051 -2.780509
-0.667207 -1.255695 -0.548103
1.576372 -2.151351 -1.954356
0.272236 0.056261 3.126419
1.200376 0.581285 2.692845
-1.390923 -1.009051 -2.780509
-0.591714 0.219702 -2.976735
1.032515 -0.410998 -0.432526
0.272236 0.056261 3.126419
-1.043760 1.244687 1.695454
-0.291909 0.754131 2.204243
-1.043760 1.244687 1.695454
0.484663 -1.773952 0.260566
1.525918 -1.483143 1.324689
-0.667207 -1.255695 -0.548103
-1.079565 1.309839 -2.976214
1.525918 -1.483143 1.324689
-0.076733 -2.116454 0.033908
-0.667207 -1.255695 -0.548103
-0.332876 -1.777742 2.341503
-0.332876 -1.777742 2.341503
-0.076733 -2.116454 0.033908
-0.332876 -1.777742 2.341503
0.484663 -1.773952 0.260566
0.353633 -2.109625 -2.019871
0.484663 -1.773952 0.260566
-0.568911 -0.013434 3.222722
0.056572 -0.865939 3.140049
0.272236 0.056261 3.126419
0.094912 1.740827 -3.039029
0.353633 -2.109625 -2.019871
0.386016 -1.547340 -3.000154
-0.291909 0.754131 2.204243
0.589502 0.845072 2.069988
1.049165 -1.023744 -1.581692
-0.591714 0.219702 -2.976735
1.162759 -0.615902 -2.845320
0.397319 0.018535 -2.942188
-0.603418 0.219012 -2.945495
-1.406655 -0.173316 -2.949006
-1.043291 1.266485 -2.921726
0.371367 -2.093547 -2.137794
-1.406655 -0.173316 -2.949006
1.085420 -1.253204 -2.920231
0.078628 1.701732 -2.993973
-0.529458 0.864587 -2.961581
0.895430 -2.587560 -2.646668
1.085420 -1.253204 -2.920231
-0.603418 0.219012 -2.945495
-1.043291 1.266485 -2.921726
1.177095 0.726139 1.631903
0.650562 0.868716 2.164927
-0.316084 1.224054 1.889063
-1.406655 -0.173316 -2.949006
-0.915132 -1.354503 -2.925143
-1.015351 1.742938 -2.567741
0.078628 1.701732 -2.993973
-0.129209 1.445496 -0.682327
-1.072393 1.289585 0.406180
-1.101040 1.115378 1.765941
0.997344 -0.932321 -0.365609
1.511030 -1.410848 1.377242
-1.819609 0.786659 -1.925469
-1.043291 1.266485 -2.921726
1.322666 0.918648 -2.924769
1.254414 1.672423 -2.001085
-1.560337 -0.188805 1.586669
-1.560337 -0.188805 1.586669
-1.028642 0.599059 2.490103
0.172026 0.521195 2.931919
0.650562 0.868716 2.164927
0.172026 0.521195 2.931919
0.924507 -0.210006 3.210602
1.177095 0.726139 1.631903
-0.129209 1.445496 -0.682327
0.078628 1.701732 -2.993973
-1.022778 -0.450743 2.839045
-1.028642 0.599059 2.490103
-1.336450 -1.033018 -2.770715
-0.671831 -1.258278 -0.586113
0.512378 -1.709794 1.017881
1.511030 -1.410848 1.377242
0.997344 -0.932321 -0.365609
0.963516 -0.784108 1.875646
0.940566 -0.742092 3.085012
0.400894 -1.967007 -1.318318
-0.671831 -1.258278 -0.586113
-1.336450 -1.033018 -2.770715
-1.406655 -0.173316 -2.949006
-1.030229 0.960165 -0.535265
-1.015351 1.742938 -2.567741
-1.628154 -0.083461 0.500794
-1.090024 -0.370272 0.970244
-0.453076 -1.205113 2.641311
-0.632437 -1.805736 -0.011877
-1.713999 0.004145 -0.564167
-1.819609 0.786659 -1.925469
-0.396772 -1.789049 2.036196
0.222075 -1.893204 2.122855
-0.632437 -1.805736 -0.011877
-0.396772 -1.789049 2.036196
0.222075 -1.893204 2.122855
0.940566 -0.742092 3.085012
1.511030 -1.410848 1.377242
0.222075 -1.893204 2.122855
-0.055562 -2.086278 0.343008
-0.632437 -1.805736 -0.011877
0.400894 -1.967007 -1.318318
-0.055562 -2.086278 0.343008
-1.022778 -0.450743 2.839045
-0.453076 -1.205113 2.641311
0.190283 -0.004626 3.680696
0.924507 -0.210006 3.210602
0.035752 -0.826609 3.189700
0.190283 -0.004626 3.680696
0.400894 -1.967007 -1.318318
0.172026 0.521195 2.931919
0.650562 0.868716 2.164927
1.366523 -2.349336 -2.736246
0.950801 -2.334463 -1.346860
1.366523 -2.349336 -2.736246
0.895430 -2.587560 -2.646668
1.054795 -1.018134 -1.538597
0.997344 -0.932321 -0.365609
1.054795 -1.018134 -1.538597
1.013540 -0.416038 -0.442222
0.683535 1.420143 1.814666
0.650562 0.868716 2.164927
0.397319 0.018535 -2.942188
0.397319 0.018535 -2.942188
1.322666 0.918648 -2.924769
1.322666 0.918648 -2.924769
1.177095 0.726139 1.631903
-0.162485 -0.057961 3.526297
-0.057134 -0.176155 3.507951
0.198286 -0.066846 3.697049
-0.993032 1.728323 -2.635449
-1.047959 1.267381 -2.938705
-0.141572 -1.123462 -2.971902
-0.650942 1.305387 1.774504
-1.031494 1.287212 1.095902
1.084658 1.536331 -1.016324
1.689541 0.518778 -1.595678
1.600425 0.511018 -2.868886
1.058594 -0.534212 -2.949330
-0.141572 -1.123462 -2.971902
-0.205718 -1.078676 -2.828639
0.916978 1.578938 -0.480149
-0.296270 1.199860 1.819632
-0.068945 1.489974 -1.387208
-0.265557 -1.102885 -2.957096
-0.205718 -1.078676 -2.828639
1.600425 0.511018 -2.868886
0.487700 0.579658 -2.943157
-1.032583 0.709202 2.082889
-1.051929 0.719606 1.662193
-0.601426 0.490121 2.230900
0.384058 -1.532044 -2.841681
0.408354 0.738354 -3.002778
1.102871 1.618768 -1.387794
0.997798 0.972336 -0.475120
1.197793 0.915366 -1.987642
1.018872 -1.286082 -2.946735
0.373735 -1.624759 -2.970363
-0.024546 1.058749 -2.965349
0.485479 0.656672 -2.779142
0.408354 0.738354 -3.002778
1.274458 0.908619 -2.939446
-0.650942 1.305387 1.774504
1.133613 -1.297133 -2.955104
0.406284 0.010536 -2.928980
1.403750 -0.479225 -2.729272
1.140791 -0.592921 -2.833949
-0.532344 0.859138 -2.955845
-0.606851 0.208861 -2.906260
0.408354 0.738354 -3.002778
-0.024546 1.058749 -2.965349
1.102871 1.618768 -1.387794
-1.032583 0.709202 2.082889
1.551709 -0.408404 -2.298575
1.666670 -0.267848 -2.316244
1.150503 -0.532495 -1.984998
1.093799 -1.185980 -2.821909
1.084658 1.536331 -1.016324
1.421099 -0.442907 -1.996181
0.296045 -2.173485 -2.904075
1.416445 -0.236830 -0.519289
1.140791 -0.592921 -2.833949
1.353037 -1.711503 -3.027085
0.661934 -2.365239 -3.028367
1.149795 -0.492258 -1.589867
1.150503 -0.532495 -1.984998
0.373735 -1.624759 -2.970363
0.661934 -2.365239 -3.028367
1.149795 -0.492258 -1.589867
1.140791 -0.592921 -2.833949
1.150503 -0.532495 -1.984998
0.078628 1.701732 -2.993973
-0.361338 1.251117 1.925131
-0.300205 0.743327 2.309602
1.514834 0.577457 -0.451137
-0.851934 -1.797685 -2.882676
1.102871 1.618768 -1.387794
-1.111494 0.680091 2.108119
-0.601426 0.490121 2.230900
1.390830 0.617097 0.488653
1.076655 -0.493828 -1.532739
-0.532344 0.859138 -2.955845
-1.047959 1.267381 -2.938705
1.102871 1.618768 -1.387794
-0.931943 -1.362933 -2.950821
-0.300205 0.743327 2.309602
-0.507622 0.570020 3.191644
0.179990 0.546897 2.130188
0.595054 1.115029 2.045281
0.521841 0.854441 2.141733
1.443916 0.038552 0.317545
1.526211 -2.302219 -2.480527
-0.931943 -1.362933 -2.950821
-1.178804 -1.159295 -2.847490
-1.390342 -0.632706 -2.873893
-0.361406 1.848813 -2.932168
-1.111494 0.680091 2.108119
0.371367 -2.093547 -2.137794
0.296045 -2.173485 -2.904075
0.661934 -2.365239 -3.028367
0.296045 -2.173485 -2.904075
-1.471865 0.413108 2.428895
1.163721 0.717931 1.591185
0.717783 0.890566 2.140736
0.277051 -2.219502 -2.668271
-1.044267 1.132325 -1.928536
0.403921 1.838569 -2.826176
0.831572 1.919849 -2.410299
0.831572 1.919849 -2.410299
-1.670571 0.454257 0.393509
-0.889507 0.578525 2.656443
0.717783 0.890566 2.140736
-1.929351 0.393959 -2.514819
-0.509683 1.990023 -2.755186
-1.051367 0.972703 -0.102614
-1.172241 0.516997 2.501807
1.552676 -2.091194 -1.851104
1.526211 -2.302219 -2.480527
1.526211 -2.302219 -2.480527
0.943071 -2.355539 -1.480361
0.885024 -2.568095 -2.521531
1.274458 0.908619 -2.939446
1.207129 1.650535 -1.983901
1.443916 0.038552 0.317545
1.390830 0.617097 0.488653
-1.370039 -0.152387 -2.965187
-1.420317 -0.251873 -2.877861
-1.569190 -0.045913 -2.785922
1.163721 0.717931 1.591185
-1.613379 0.413270 1.597182
-1.267578 0.041158 2.568851
-1.267578 0.041158 2.568851
-0.633667 0.441283 3.024494
0.943071 -2.355539 -1.480361
-0.931943 -1.362933 -2.950821
-0.851934 -1.797685 -2.882676
1.529722 -1.847397 -0.922480
1.506133 -1.631573 0.167579
-0.883652 1.852753 -2.542308
-0.993032 1.728323 -2.635449
-0.068945 1.489974 -1.387208
0.036821 0.597660 3.085142
-1.044092 1.418426 -0.529492
-1.060537 1.362902 0.004185
-1.017788 0.944987 -0.573555
0.175547 0.461083 2.920820
0.513877 0.754435 2.794490
-1.370039 -0.152387 -2.965187
-1.501714 -0.263292 2.578103
-1.579849 -0.043829 2.529280
-1.377061 -0.151476 2.680098
-1.233232 -0.275806 2.781797
0.175547 0.461083 2.920820
-1.044267 1.132325 -1.928536
-0.633667 0.441283 3.024494
-0.889507 0.578525 2.656443
1.123774 0.752158 2.576348
0.875166 -2.309520 -1.342633
-1.801714 0.770021 -1.615245
-1.044267 1.132325 -1.928536
-1.823926 0.740398 -2.042482
-0.560190 0.016535 3.250035
0.175547 0.461083 2.920820
-1.055078 1.030182 -0.541126
-0.955474 1.542355 -0.702954
-1.000566 -0.430497 2.714267
-0.180723 0.603536 3.366058
0.996811 -0.385515 0.051408
1.001177 -0.531211 3.087947
-1.524966 -0.195207 1.561821
-1.613379 0.413270 1.597182
-1.524966 -0.195207 1.561821
-1.025024 -0.438270 2.857642
-0.560190 0.016535 3.250035
0.722012 0.293362 2.764621
1.203735 0.484076 2.776160
1.033633 0.399764 2.803549
0.974795 -0.768062 1.738978
0.875166 -2.309520 -1.342633
0.943071 -2.355539 -1.480361
-0.931943 -1.362933 -2.950821
-0.637417 0.391253 3.232094
0.777568 0.086672 2.920816
-0.494023 -2.406153 -2.576170
-0.851934 -1.797685 -2.882676
-0.126201 0.268394 3.371458
0.036821 0.597660 3.085142
-0.180723 0.603536 3.366058
-1.745649 0.039005 -1.223969
-1.420317 -0.251873 -2.877861
-0.436045 -1.201663 2.683656
-1.025024 -0.438270 2.857642
0.932964 -0.750533 3.090846
0.777568 0.086672 2.920816
-1.777559 0.595751 -1.130825
-1.670571 0.454257 0.393509
-1.643418 -0.064747 0.470769
-1.002446 -0.810050 2.418826
1.498310 -1.748544 0.089429
1.298516 -1.736400 1.274550
-0.341338 -2.417501 -2.064500
-0.797153 -1.070090 2.341127
-1.721489 0.567001 -0.489503
-1.713999 0.004145 -0.564167
-0.401284 -1.279361 2.812905
0.037261 -0.870862 2.908038
-1.661250 0.675816 -0.543289
-1.740601 0.546702 -0.705496
-0.671831 -1.258278 -0.586113
-0.398774 -1.680149 2.374589
-0.444824 -1.200888 2.375578
0.904424 -0.202732 3.150553
1.001177 -0.531211 3.087947
-0.625796 -1.231198 -0.065038
-1.082588 -0.365462 0.972377
-1.067266 -0.939333 0.943004
0.605874 -1.617484 2.478800
-1.121152 -0.871446 0.412905
-0.355586 -1.592585 2.545345
0.408252 -1.758514 2.536740
-0.205767 -1.776189 2.444019
-1.121152 -0.871446 0.412905
-1.137300 -0.985594 -0.566069
-0.205767 -1.776189 2.444019
0.408252 -1.758514 2.536740
-1.137300 -0.985594 -0.566069
0.150161 -1.925326 2.039271
0.554590 -1.056819 2.877054
0.242949 -1.881896 2.192744
0.605874 -1.617484 2.478800
-0.398774 -1.680149 2.374589
-0.444824 -1.200888 2.375578
0.914126 -0.202376 3.279253
0.932964 -0.750533 3.090846
0.241509 0.076713 3.132633
-0.268633 -2.241097 -1.075161
-0.444824 -1.200888 2.375578
0.926572 -0.794156 1.863116
0.518110 -1.096138 1.852791
-0.387495 -1.989260 -0.044922
-0.062974 -2.128736 -0.065313
-0.644297 -1.787810 -0.101233
-0.387495 -1.989260 -0.044922
-0.516802 -1.218529 -0.049377
-0.625796 -1.231198 -0.065038
0.959282 -0.740502 2.599516
0.959282 -0.740502 2.599516
-0.396772 -1.789049 2.036196
-0.671831 -1.258278 -0.586113
-0.476133 -1.828859 0.849207
-0.396772 -1.789049 2.036196
-0.588931 -1.237550 0.362754
-0.565078 -1.829396 0.396913
-0.067324 -2.089256 0.402951
0.974795 -0.768062 1.738978
0.331299 -1.827309 1.055444
0.008613 -2.037097 1.037898
1.300571 -0.908085 1.746162
1.300571 -0.908085 1.746162
1.511030 -1.410848 1.377242
-0.006479 -2.073780 0.248460
-0.387495 -1.989260 -0.044922
0.430083 -1.818988 0.221644
-0.006479 -2.073780 0.248460
1.511030 -1.410848 1.377242
-0.062974 -2.128736 -0.065313
-0.184019 -2.153733 -0.369004
1.298516 -1.736400 1.274550
0.890649 -1.835414 1.470417
0.890649 -1.835414 1.470417
-0.268633 -2.241097 -1.075161
0.408491 -1.941678 -1.158867
0.890649 -1.835414 1.470417
1.298516 -1.736400 1.274550
0.722012 0.293362 2.764621
0.037261 -0.870862 2.908038
0.040674 -0.833661 3.144758
-0.560190 0.016535 3.250035
-0.538779 -0.006660 3.408512
-0.609761 -1.006889 2.664354
-0.538779 -0.006660 3.408512
-0.057134 -0.176155 3.507951
0.411143 -0.981634 3.235640
0.042607 -0.783984 3.643996
0.042607 -0.783984 3.643996
-0.542930 -0.052262 3.099159
-0.170664 -0.510942 3.077060
-0.542930 -0.052262 3.099159
0.040674 -0.833661 3.144758
0.045557 -0.831778 3.243105
-0.548755 -0.611189 2.699702
1.498310 -1.748544 0.089429
1.506133 -1.631573 0.167579
0.780439 0.808857 2.730353
-0.341338 -2.417501 -2.064500
0.397397 -1.999171 -1.351105
0.513877 0.754435 2.794490
0.241509 0.076713 3.132633
0.175547 0.461083 2.920820
0.972759 -0.953724 -0.391602
0.996811 -0.385515 0.051408
0.994194 -1.066919 -1.351232
0.521841 0.854441 2.141733
1.133613 -1.297133 -2.955104
0.885024 -2.568095 -2.521531
0.956709 -2.566633 -2.687874
1.416445 -0.236830 -0.519289
0.463828 1.423023 1.812977
1.353037 -1.711503 -3.027085
1.483970 -1.777710 -2.957675
1.149795 -0.492258 -1.589867
1.120664 -0.387327 -0.529711
0.038008 1.531115 1.723841
-0.068945 1.489974 -1.387208
0.038008 1.531115 1.723841
0.927808 1.427487 0.043415
0.720405 1.452288 1.737459
1.054795 -1.018134 -1.538597
1.095449 -1.088056 -2.324320
0.038008 1.531115 1.723841
-0.296270 1.199860 1.819632
1.018872 -1.286082 -2.946735
1.095449 -1.088056 -2.324320
0.729692 1.533255 0.596875
0.927808 1.427487 0.043415
1.093799 -1.185980 -2.821909
0.485479 0.656672 -2.779142
1.008120 1.451010 -0.514536
0.885024 -2.568095 -2.521531
-0.361338 1.251117 1.925131
0.979614 -0.212607 2.588712
-0.162485 -0.057961 3.526297
0.201797 0.150967 3.571582
0.585884 -0.072162 3.406499
1.056406 -2.516829 -2.692766
-1.015854 1.686590 -2.211648
0.882002 -1.312305 -2.981761
0.368804 -1.485607 -2.968752
-0.141138 -1.120656 -2.928294
-0.276943 -1.108192 -2.954996
-0.652759 0.160441 -2.962519
0.487700 0.579658 -2.943157
-1.096768 1.178491 1.557558
0.399692 1.767075 0.091339
1.001665 1.576011 -0.797026
1.022017 1.512852 -0.607331
1.727827 0.411718 -2.068108
1.736675 0.120521 -2.408090
1.698061 -0.162590 -2.331230
0.551997 -0.519710 -3.063078
-0.205718 -1.078676 -2.828639
-0.141138 -1.120656 -2.928294
0.773359 -0.339961 -2.991685
0.551997 -0.519710 -3.063078
1.204101 -0.588414 -2.803230
1.093608 -0.563561 -2.927451
1.709228 0.198228 -2.555113
1.736675 0.120521 -2.408090
1.598906 0.487575 -2.840406
0.916978 1.578938 -0.480149
-0.685205 1.459621 0.758210
-0.455874 1.407625 1.148526
-1.086455 1.089766 1.789147
-1.086660 0.831921 1.893797
-1.086455 1.089766 1.789147
-0.189092 1.363327 1.765251
1.723799 -0.042791 -1.973387
-0.154619 -0.626949 -2.926641
-0.104204 -0.202470 -2.889593
0.835723 0.707092 -3.000361
1.709228 0.198228 -2.555113
-0.167661 1.363185 -0.163089
-0.216113 1.306882 0.544051
-0.216113 1.306882 0.544051
-0.167661 1.363185 -0.163089
-1.054643 0.723189 1.651372
-0.919429 1.196507 1.772407
1.547930 -0.392901 -2.296962
1.421099 -0.442907 -1.996181
0.366919 -1.513563 -2.837044
0.383423 -1.535289 -2.840025
-0.585054 0.241930 -2.961280
-0.158003 -0.166465 -2.940267
0.487700 0.579658 -2.943157
-0.598462 0.874134 -2.975599
-0.493223 0.878067 -2.952493
1.001665 1.576011 -0.797026
1.088892 1.555184 -1.063258
-0.611323 1.554931 0.554407
1.005273 1.435868 -0.438896
0.997798 0.972336 -0.475120
0.916978 1.578938 -0.480149
1.626128 0.592156 -1.554939
1.680688 0.519197 -1.509845
1.649346 0.591781 -1.682729
1.032134 -1.272576 -2.885447
0.383423 -1.535289 -2.840025
0.325693 -0.022996 -2.947893
0.449546 0.702393 -2.944050
-0.014219 1.021435 -2.989073
0.478042 0.651088 -2.781852
1.207627 1.573761 -1.670571
0.800264 1.428057 0.335831
0.742163 -1.933375 -3.079068
0.340586 -1.879426 -2.973611
0.399707 0.015017 -2.892785
0.403940 0.143602 -2.940763
0.073672 0.997872 -2.909924
0.560811 0.740634 -2.988200
1.280371 0.909625 -2.921968
1.306060 0.883041 -2.960488
1.102871 1.618768 -1.387794
-1.028325 0.694070 2.074773
-0.395693 1.261695 1.900970
0.186226 1.647167 0.704752
1.496885 -0.319334 -1.456207
1.723799 -0.042791 -1.973387
0.340586 -1.879426 -2.973611
1.460517 0.803289 -2.903767
0.721846 1.930803 -1.716989
-1.307471 -0.061660 -3.006431
-0.493223 0.878067 -2.952493
-0.075249 1.042000 -2.925959
-0.075249 1.042000 -2.925959
-0.008179 1.109994 -2.886363
1.280371 0.909625 -2.921968
0.503047 1.808685 -0.415987
-0.888936 -1.347326 -2.882095
-0.782422 -1.282026 -2.964667
-0.888936 -1.347326 -2.882095
-1.021768 1.247981 -2.945356
-0.014219 1.021435 -2.989073
1.460517 0.803289 -2.903767
1.291602 1.003472 -2.453573
0.997798 0.972336 -0.475120
-1.031709 1.291131 1.034918
-0.920273 1.405391 0.717887
-1.111494 0.680091 2.108119
-0.657759 0.874023 1.843762
0.924556 0.939491 0.069717
1.280439 0.892384 -2.090686
1.018291 0.864034 -0.164034
1.636870 0.493183 -1.193745
-0.975054 -0.059557 -3.017292
-0.551084 1.737235 -0.792078
-0.657759 0.874023 1.843762
-1.057964 0.745343 2.066173
1.680688 0.519197 -1.509845
1.636870 0.493183 -1.193745
1.095449 -1.088056 -2.324320
0.405889 -2.290483 -2.990125
1.280371 0.909625 -2.921968
1.306060 0.883041 -2.960488
0.399692 1.767075 0.091339
1.149795 -0.492258 -1.589867
1.150503 -0.532495 -1.984998
0.813296 -2.273607 -3.045531
0.296045 -2.173485 -2.904075
0.237930 -2.251487 -2.963392
-1.402188 -0.148264 -2.937849
-1.111870 0.794878 0.564811
-1.054643 0.723189 1.651372
-1.162495 0.670383 1.727811
0.725259 1.509331 0.524696
1.150503 -0.532495 -1.984998
1.161562 -0.692497 -2.857543
1.154360 -1.316109 -2.944564
-0.095864 1.459177 -0.080660
-0.689209 0.544440 2.221301
-0.260298 0.810584 2.102356
0.866318 1.269537 0.580701
1.154360 -1.316109 -2.944564
1.032134 -1.272576 -2.885447
-0.908418 -1.665673 -2.902988
-1.307471 -0.061660 -3.006431
1.175176 1.610323 -1.649374
1.209375 1.632717 -1.927992
-0.167661 1.363185 -0.163089
-1.595449 0.419849 1.640464
-1.054643 0.723189 1.651372
-1.273750 0.585956 1.645479
-0.971250 0.642477 2.440370
-0.266206 0.738226 2.104903
0.463091 0.804500 2.148584
0.720381 1.282067 1.916285
0.664336 1.475250 1.745749
1.398711 0.605912 0.407306
1.311392 -0.132926 0.817932
1.038013 -0.470087 -1.537035
1.062207 -0.962017 -1.468515
1.051001 -0.996892 -1.310066
1.629282 -1.718055 -2.764053
0.767114 -2.548327 -2.621324
0.349795 -2.304521 -2.925156
0.349795 -2.304521 -2.925156
-0.643677 -2.067316 -2.931534
-0.339072 -2.238657 -2.987857
-1.031274 1.222183 -2.684720
1.284224 1.545325 -2.064700
-1.040923 1.339166 0.383262
-0.689209 0.544440 2.221301
-0.305034 0.731605 2.303961
0.822852 0.945291 1.096560
0.852417 0.871562 0.334398
-0.784497 -1.315954 -2.204526
-1.366006 -0.625645 -2.906946
-1.402188 -0.148264 -2.937849
-1.019492 1.226514 -2.752549
0.054756 1.713667 -2.997903
0.936460 1.709460 -2.808516
-0.606602 0.478461 2.193039
0.027378 0.600658 3.088226
0.544282 0.958245 2.092588
0.543433 1.241427 1.945952
0.862651 0.862478 1.462668
1.398711 0.605912 0.407306
1.460288 0.506453 0.080372
1.437056 0.022162 0.402790
1.056406 -2.516829 -2.692766
1.012002 -2.546229 -2.596578
-1.244741 -1.076549 -2.824556
-0.391973 1.838291 -2.930114
0.463091 0.804500 2.148584
0.602803 1.070494 2.084200
1.541401 -2.212979 -2.166752
1.012002 -2.546229 -2.596578
0.353540 -2.071038 -2.136829
0.296045 -2.173485 -2.904075
0.237930 -2.251487 -2.963392
-0.238154 -2.435200 -2.626440
-0.436431 -2.411883 -2.610016
0.363691 1.825969 -2.864130
0.139736 1.755663 -2.965649
1.228159 1.562187 -2.411441
-0.167661 1.363185 -0.163089
-0.115830 1.421681 -0.821024
-1.014976 1.418794 -0.066652
-1.008379 0.820195 0.389644
-1.040518 0.558301 2.548440
-0.893843 0.580787 2.645215
0.593809 0.892245 2.147662
1.334199 0.645915 0.800683
0.907847 -2.488937 -2.132694
-1.074321 -1.255030 -2.865881
1.326606 1.272811 -2.587309
-0.970845 1.555842 -0.851980
-1.040923 1.339166 0.383262
-1.062856 1.269532 0.361809
-0.893843 0.580787 2.645215
0.544282 0.958245 2.092588
0.593809 0.892245 2.147662
1.629282 -1.718055 -2.764053
-0.763081 -1.972872 -2.811074
-1.332158 -1.031745 -2.533514
-1.648970 0.059853 -2.734063
-0.122314 1.808104 -2.964334
-1.051367 0.972703 -0.102614
-1.051592 1.328112 -0.001820
-1.592720 0.559488 0.434516
-1.579849 -0.043829 2.529280
-0.305034 0.731605 2.303961
1.533872 -2.019016 -1.411868
1.533872 -2.019016 -1.411868
1.332217 -2.320554 -2.100902
0.889839 -2.488182 -2.108182
0.277051 -2.219502 -2.668271
-1.856895 0.667834 -2.167603
-1.630078 0.374052 1.591567
-1.623833 0.259707 2.096956
1.153696 0.724395 1.587879
1.316240 0.449621 1.710527
0.950923 -0.363361 0.047571
0.274844 -2.179524 -2.165891
-0.238154 -2.435200 -2.626440
-1.392969 -0.556437 -2.846818
-1.149126 -0.279447 -0.593385
-1.336724 -0.140987 -2.890676
-1.648970 0.059853 -2.734063
-1.818486 0.746745 -1.956102
-1.008379 0.820195 0.389644
-0.624868 0.435627 3.051577
0.750239 0.905920 2.592639
1.083418 -1.057364 -1.173117
0.959907 -0.963727 -0.407609
0.828740 -2.339446 -1.557880
0.849863 -2.479362 -2.121028
-0.470830 -2.412997 -2.527519
-0.574937 -2.313283 -2.636698
-1.903770 0.316433 -2.527348
-0.474487 1.964378 -2.779058
-1.667153 0.384770 0.492030
1.297837 -0.025278 1.937550
0.950923 -0.363361 0.047571
0.447388 -2.075186 -1.544416
-1.561270 -0.068003 -2.785146
-1.501714 -0.263292 2.578103
-1.579849 -0.043829 2.529280
0.890767 -0.272523 1.623251
1.437808 -1.096088 0.412430
1.260249 -2.191155 -1.372381
1.332217 -2.320554 -2.100902
-1.015854 1.686590 -2.211648
-0.993032 1.728323 -2.635449
-0.428462 1.916860 -1.970587
-1.370337 -0.159422 2.695364
-0.119121 0.637541 3.250958
-0.373223 0.674142 2.961335
0.812808 -2.277743 -1.351233
-0.133745 -2.344965 -2.079444
-0.329502 -2.400771 -2.068953
-1.314902 -0.994516 -1.955103
-1.402188 -0.148264 -2.937849
-1.000313 0.886260 -0.275286
-1.622158 -0.087289 0.629537
-1.591943 -0.099926 1.606176
1.529722 -1.847397 -0.922480
1.514321 -1.840850 -0.593144
1.529722 -1.847397 -0.922480
-0.574937 -2.313283 -2.636698
-0.470830 -2.412997 -2.527519
-1.051367 0.972703 -0.102614
-1.233232 -0.275806 2.781797
0.170557 0.463259 2.896580
1.025435 -2.250678 -1.160853
0.812808 -2.277743 -1.351233
-1.111870 0.794878 0.564811
0.268013 0.576274 2.914371
0.513877 0.754435 2.794490
1.123774 0.752158 2.576348
-0.133745 -2.344965 -2.079444
0.353540 -2.071038 -2.136829
-1.854448 0.554150 -1.899220
-1.047715 1.366368 -2.875351
-0.551084 1.737235 -0.792078
-1.055078 1.030182 -0.541126
-1.026426 0.094950 2.601777
-0.893843 0.580787 2.645215
0.027378 0.600658 3.088226
0.009702 0.437875 3.331002
1.297837 -0.025278 1.937550
1.316240 0.449621 1.710527
-1.315103 -0.956158 -1.698446
-1.033091 1.560299 -1.716282
-0.573686 1.926934 -2.025569
-1.032056 1.467078 -0.767905
-1.524966 -0.195207 1.561821
-0.867090 -0.158126 3.000379
-0.119121 0.637541 3.250958
-0.970845 1.555842 -0.851980
-0.624868 0.435627 3.051577
-0.621641 0.392223 3.227749
-0.373223 0.674142 2.961335
1.448350 -1.976667 -0.870119
-1.004600 1.576127 -1.144447
-0.970845 1.555842 -0.851980
-1.592720 0.559488 0.434516
-1.591943 -0.099926 1.606176
-1.622158 -0.087289 0.629537
-1.121260 -0.421277 2.810083
-0.981377 -0.408823 2.869642
-0.564741 0.025155 3.222212
-0.981377 -0.408823 2.869642
-0.536621 0.528114 3.177170
0.803306 0.337333 2.786069
1.070288 0.291579 2.893820
1.183081 0.569258 2.747922
1.220928 0.425353 2.760427
0.979614 -0.212607 2.588712
1.399546 -1.812534 0.185388
0.983730 -2.123387 -0.358787
0.812808 -2.277743 -1.351233
-1.270410 -0.952707 -1.276286
-1.670571 0.454257 0.393509
-1.609453 0.419916 0.430666
-1.592720 0.559488 0.434516
-1.660107 0.097285 0.503753
-0.485444 0.431041 3.358282
-0.180723 0.603536 3.366058
0.709282 0.245806 2.792712
-1.882788 0.286753 -1.964697
-1.033091 1.560299 -1.716282
-1.683882 0.504439 0.068058
-0.124185 0.337248 3.361207
-0.181357 0.214083 3.383268
0.446543 0.029456 3.107892
0.229214 0.130337 3.109795
0.534136 0.131055 2.907892
0.709282 0.245806 2.792712
-0.247407 -2.287466 -1.296591
-0.670908 -1.255118 -0.623146
-1.420317 -0.251873 -2.877861
-1.592119 0.172770 0.456891
-1.609453 0.419916 0.430666
-0.564741 0.025155 3.222212
0.601372 -0.861550 3.344568
-0.237959 -1.066830 2.820705
0.036670 -0.847529 2.885576
-0.220796 -1.004675 2.919289
-0.482544 -1.195419 2.660600
-1.622290 -0.081741 0.463779
-1.000566 -0.430497 2.714267
-0.535986 -1.180634 2.514631
0.836206 -0.575292 3.316950
0.485356 -0.405276 3.349517
0.585884 -0.072162 3.406499
0.274790 0.048943 3.588469
0.950762 -0.092733 3.107369
0.894502 -0.206379 3.062709
0.408975 -1.934540 -1.161934
-0.681157 -1.263211 -1.200878
-1.745649 0.039005 -1.223969
-1.368023 -0.209304 -1.531425
-1.683882 0.504439 0.068058
-1.690176 0.531767 -0.035699
-1.093135 -0.360996 0.854205
-1.721489 0.567001 -0.489503
-1.004600 1.576127 -1.144447
-1.229570 -0.312176 0.632217
-1.002446 -0.810050 2.418826
-1.008066 -0.891900 2.010563
-0.797153 -1.070090 2.341127
-0.414858 -1.197786 2.698269
-0.482544 -1.195419 2.660600
0.947622 -0.325529 2.585402
0.983774 -0.763258 1.823995
0.408975 -1.934540 -1.161934
0.070811 -2.090433 -1.119870
-0.247407 -2.287466 -1.296591
-1.042100 -0.335032 0.969048
-1.100645 -0.316285 0.227107
-1.019087 -0.395502 1.946309
-1.098560 -0.460980 1.030279
-1.653394 0.677897 -0.504356
-1.705454 0.636649 -0.543560
-1.100034 -0.480211 0.915699
-1.715181 0.322909 -0.576358
-1.731777 0.400844 -0.542340
-1.740601 0.546702 -0.705496
-1.022192 -0.737585 0.957062
-1.073628 -0.870877 1.006091
-0.414858 -1.197786 2.698269
-1.074102 -0.918015 0.910659
-1.686724 0.034995 -0.565511
0.408975 -1.934540 -1.161934
0.439551 -2.036085 -1.351232
-0.681157 -1.263211 -1.200878
-1.389233 -0.749593 -1.977261
-1.315103 -0.956158 -1.698446
-1.797095 0.103079 -1.195803
-0.584853 -1.188852 1.252942
-0.400571 -1.289919 2.788596
0.411143 -0.981634 3.235640
0.514629 -1.039240 2.868845
0.947622 -0.325529 2.585402
0.187339 -1.910146 2.037328
-0.658721 -1.202605 0.252470
-1.746943 0.041184 -1.027714
-1.698086 -0.007100 -0.640650
0.107217 -1.077896 2.857285
-0.400571 -1.289919 2.788596
-0.008354 -1.453044 2.524520
0.520952 -1.146163 1.833605
0.605874 -1.617484 2.478800
0.187339 -1.910146 2.037328
0.296123 -1.850614 2.194536
-1.121152 -0.871446 0.412905
-1.087598 -0.838287 0.793421
-0.365659 -1.587744 2.536752
-0.309785 -1.437061 2.700671
0.414204 -1.766964 2.533306
-0.408779 -1.764981 2.067505
-0.436548 -1.672506 1.989233
-0.398774 -1.680149 2.374589
0.414204 -1.766964 2.533306
0.296123 -1.850614 2.194536
0.008613 -2.037097 1.037898
-0.140923 -1.879661 2.060673
-1.084985 -0.979088 0.045968
-0.229404 -1.842449 2.283502
0.268589 -1.855282 2.368588
0.414204 -1.766964 2.533306
0.192725 -1.880890 2.200844
-0.445269 -1.786645 1.419096
0.268589 -1.855282 2.368588
-0.446069 -1.286564 2.369426
-1.149126 -0.279447 -0.593385
-1.207212 -0.371127 -0.626498
-1.140142 -0.953314 -0.216841
0.997114 -0.586687 3.097787
0.898467 -0.202161 3.281742
1.477734 -1.099336 1.016129
1.506133 -1.631573 0.167579
1.509165 -1.510484 0.906016
0.458120 -1.785899 -0.233919
0.321387 -1.792170 1.058154
0.898467 -0.202161 3.281742
0.926572 -0.794156 1.863116
0.952778 -1.740765 1.605032
-0.387495 -1.989260 -0.044922
-0.085181 -2.132960 -0.060823
-0.544624 -1.878372 0.043902
0.927329 -0.195205 3.130582
0.894502 -0.206379 3.062709
0.847383 -0.178232 3.143344
0.479673 -1.068126 1.935310
-0.566572 -1.824326 0.414514
-0.535981 -1.852609 0.357541
-0.597603 -1.793861 0.253730
-0.638384 -1.426816 0.044637
-0.521416 -1.542923 -0.002701
-1.242896 -0.890375 -0.813696
-1.207212 -0.371127 -0.626498
-1.149126 -0.279447 -0.593385
-1.126987 -0.991905 -0.559857
-0.507705 -1.773693 1.042477
0.894502 -0.206379 3.062709
0.959282 -0.740502 2.599516
-0.670908 -1.255118 -0.623146
-1.140142 -0.953314 -0.216841
-0.476133 -1.828859 0.849207
0.008613 -2.037097 1.037898
0.983774 -0.763258 1.823995
0.929434 -0.741697 3.086125
0.947139 -0.291791 3.039997
-1.270410 -0.952707 -1.276286
0.413027 -1.790269 0.987855
0.516636 -1.693162 0.972764
-0.688892 -1.528146 -0.563306
-0.651470 -1.249790 -0.578772
-0.813047 -1.241193 -1.141904
-0.681157 -1.263211 -1.200878
-0.619307 -1.801191 0.071122
0.413027 -1.790269 0.987855
0.321387 -1.792170 1.058154
-0.688892 -1.528146 -0.563306
-0.651470 -1.249790 -0.578772
0.520952 -1.146163 1.833605
0.820024 -0.959115 1.836234
-0.688892 -1.528146 -0.563306
1.026187 -0.827009 1.867418
1.026187 -0.827009 1.867418
0.926572 -0.794156 1.863116
1.033760 -1.924192 0.941374
0.306528 -1.897072 0.237510
0.408975 -1.934540 -1.161934
-0.688481 -1.826488 -0.530737
-0.042900 -2.109223 -0.030831
-0.018379 -2.082361 0.232445
1.509165 -1.510484 0.906016
0.413027 -1.790269 0.987855
1.091855 -1.876331 1.394283
0.306528 -1.897072 0.237510
0.044878 -2.047375 0.306220
0.838706 -1.808323 1.503290
0.543223 -1.661744 1.380723
1.033760 -1.924192 0.941374
0.306528 -1.897072 0.237510
-0.720034 -2.073827 -1.661054
-0.184019 -2.153733 -0.369004
0.306528 -1.897072 0.237510
0.430342 -1.813951 0.212515
0.306528 -1.897072 0.237510
1.309541 -1.728049 1.278203
0.838706 -1.808323 1.503290
1.506377 -1.398891 1.368835
-0.184019 -2.153733 -0.369004
-0.042900 -2.109223 -0.030831
0.516636 -1.693162 0.972764
1.309541 -1.728049 1.278203
1.029521 0.128188 2.952525
-0.554355 0.029574 3.279602
0.192539 -0.483491 3.498666
0.036670 -0.847529 2.885576
-0.762314 -0.238222 2.983757
-0.558828 -0.050129 3.066331
-0.409307 -0.084588 3.443316
-0.318174 0.166349 3.383907
-0.554355 0.029574 3.279602
-0.541851 0.049124 3.410694
-0.541851 0.049124 3.410694
-0.365933 0.042795 3.471973
-0.517153 -1.083344 2.716080
-0.575200 -0.689300 2.694405
-0.057134 -0.176155 3.507951
-0.162485 -0.057961 3.526297
0.038848 -0.776501 3.628412
0.155352 0.009598 3.678659
0.196206 -0.108580 3.732646
-1.026167 -0.578405 2.738543
-0.981377 -0.408823 2.869642
-0.057134 -0.176155 3.507951
-0.315459 -0.610466 2.841242
-0.533066 -0.035634 3.075038
0.088394 -0.867883 3.245889
-0.220796 -1.004675 2.919289
-0.170664 -0.510942 3.077060
-0.315459 -0.610466 2.841242
-0.315459 -0.610466 2.841242
-0.400762 -0.559385 2.790656
-0.147866 -0.183351 3.136890
0.038848 -0.776501 3.628412
-0.093076 -0.270343 3.170843
-0.147866 -0.183351 3.136890
0.042231 -0.813695 3.246648
0.295352 -2.153673 -2.097379
1.183081 0.569258 2.747922
0.663301 0.464841 2.774039
0.663301 0.464841 2.774039
0.803306 0.337333 2.786069
1.123774 0.752158 2.576348
0.578345 0.062046 2.999347
0.534136 0.131055 2.907892
0.229214 0.130337 3.109795
0.170557 0.463259 2.896580
0.750239 0.905920 2.592639
0.889839 -2.488182 -2.108182
1.529722 -1.847397 -0.922480
1.247134 0.655910 1.207739
0.991816 -1.058948 -1.289070
0.959907 -0.963727 -0.407609
0.975723 -0.393023 -0.421021
1.541401 -2.212979 -2.166752
1.021108 -0.495265 -0.416996
0.983164 -0.402015 -0.542781
1.053350 -1.029314 -1.546529
1.414370 -0.227474 -0.486061
0.146636 1.532430 1.742456
0.729565 1.524705 0.881592
1.090029 -0.565740 -1.529659
0.463828 1.423023 1.812977
-0.266206 0.738226 2.104903
1.065669 -1.088834 -1.922804
1.095449 -1.088056 -2.324320
1.478247 -2.074876 -2.801128
1.483970 -1.777710 -2.957675
1.053350 -1.029314 -1.546529
1.511103 0.558372 -0.373280
1.460288 0.506453 0.080372
1.723799 -0.042791 -1.973387
0.664336 1.475250 1.745749
0.724795 1.446106 1.646517
0.729565 1.524705 0.881592
0.724795 1.446106 1.646517
0.463828 1.423023 1.812977
0.006313 1.019878 1.856281
-0.260298 0.810584 2.102356
1.095449 -1.088056 -2.324320
1.528716 0.562842 -0.567213
1.527080 0.012600 -0.522038
1.149795 -0.492258 -1.589867
0.996245 0.880506 -1.006897
1.680688 0.519197 -1.509845
0.800264 1.428057 0.335831
1.093799 -1.185980 -2.821909
0.399707 0.015017 -2.892785
1.019580 1.417816 -0.505734
-1.086455 1.089766 1.789147
-1.086660 0.831921 1.893797
-0.095864 1.459177 -0.080660
-0.296636 1.199406 1.797798
1.732329 0.400167 -1.951315
-1.074321 -1.255030 -2.865881
0.186226 1.647167 0.704752
0.976265 -0.185267 3.071036
0.928149 -0.175855 3.135184
-0.465410 0.857576 -2.976740
-0.071880 1.010166 -2.991233
0.711978 0.246686 2.806074
1.101206 -0.108622 2.885094
0.976265 -0.185267 3.071036
1.246099 -1.679708 1.407824
-0.155239 -0.034452 3.519550
0.896094 -0.207722 3.275752
0.585884 -0.072162 3.406499
0.998057 -2.556735 -2.646930
0.790825 -2.555241 -2.582283
0.740776 -2.532605 -2.643008
1.056406 -2.516829 -2.692766
0.034136 1.710259 -2.993725
0.040576 1.738791 -2.930508
-0.577368 -0.048506 2.994915
-0.625864 -0.109593 3.039289
-0.188354 0.711469 2.127577
-0.240107 0.825214 2.101530
1.126792 -0.582471 -2.824591
0.609282 0.728638 -2.924124
-0.319136 -1.120668 -2.918517
-0.592002 0.910263 -2.898299
0.511548 -1.489530 -2.906797
0.384951 -1.492825 -2.963162
-1.297686 -0.119720 -2.914535
-0.493618 -0.047844 3.250050
-0.846938 -1.332628 -2.906661
-1.095352 1.249163 -2.928792
-0.174517 -1.068019 -2.823339
-0.117715 -1.138946 -2.927716
0.420601 -1.579290 -2.963777
-0.059360 -0.138806 -2.957166
-0.463403 -0.059685 3.077410
-0.577368 -0.048506 2.994915
-0.602002 0.140527 -2.958567
-0.676494 0.178550 -2.863955
0.537700 0.629948 -2.948584
-0.588657 0.188329 -2.819993
-0.625757 0.259948 -2.856169
-0.931855 1.188500 1.769997
0.136514 1.613091 0.541601
0.503755 1.795162 -0.312700
0.516440 1.816412 -0.518812
1.004448 1.573541 -0.800184
1.004448 1.573541 -0.800184
1.009429 1.514054 -0.616112
1.727827 0.411718 -2.068108
1.697851 -0.170282 -2.328418
1.322241 -0.533662 -2.365436
1.173311 -0.561075 -2.317559
-0.129297 -0.816793 -2.989504
-0.070327 -0.265443 -2.960901
1.052646 -0.559836 -2.948226
0.773359 -0.339961 -2.991685
1.126792 -0.582471 -2.824591
1.102881 -0.574322 -2.916070
1.736675 0.120521 -2.408090
1.709228 0.198228 -2.555113
1.047153 1.539169 -0.935455
-1.086660 0.831921 1.893797
-1.098906 1.096253 1.736613
-1.096768 1.178491 1.557558
-0.998281 0.930760 1.918286
-0.631343 1.307431 1.777173
-0.242280 1.270948 0.931145
1.706606 0.478699 -1.683018
1.641509 -0.294476 -2.343335
1.461763 -0.454524 -2.336665
1.641509 -0.294476 -2.343335
1.620898 -0.321850 -2.401886
-0.208516 -1.106913 -2.823465
-0.190332 -0.967050 -2.883727
-0.174517 -1.068019 -2.823339
-0.258447 -1.096651 -2.773845
-0.011934 -0.165002 -2.909093
-0.501260 0.112691 -2.901112
-0.179136 -0.166515 -2.934187
0.499795 0.388258 -2.968888
1.252353 0.891493 -1.950302
1.009521 1.531139 -1.029628
0.840947 1.687146 -0.830351
0.856265 1.629731 -0.793141
-0.187822 1.330461 0.125070
-1.024976 0.711760 1.706407
1.683447 0.385407 -1.639736
1.649346 0.591781 -1.682729
1.086890 -0.527939 -2.172421
0.644565 -1.487480 -2.986939
0.378359 -1.595327 -2.844126
0.404634 0.178018 -2.932471
-0.541826 0.762038 -2.905610
-0.594678 0.370127 -2.914836
1.738872 0.326491 -2.407709
-0.775762 1.445309 1.338818
1.005273 1.435868 -0.438896
1.684956 0.520983 -1.511331
1.626128 0.592156 -1.554939
1.029751 -1.088885 -2.908382
-0.479375 -1.187999 -2.914494
0.164961 -0.038391 -2.973731
0.332124 -0.015748 -2.911676
0.824717 -0.336290 -2.913462
0.471611 0.073515 -2.966910
-0.594678 0.370127 -2.914836
-0.625757 0.259948 -2.856169
0.421230 0.722176 -2.914831
0.547705 0.672873 -2.817788
1.695146 0.352771 -2.609570
1.156772 0.976958 -1.662698
1.081006 0.951273 -1.155943
-0.089810 1.476450 -0.530243
-0.123228 1.445095 -0.143532
-0.882476 1.407463 0.950939
-1.064736 1.227865 1.342459
-1.002036 0.773770 2.051304
0.024795 1.529218 0.864830
0.208950 1.612046 0.540509
1.613291 -0.279040 -2.024960
0.984937 -1.335399 -2.962244
0.332124 -0.015748 -2.911676
0.450396 -0.021801 -2.895286
-0.625757 0.259948 -2.856169
-0.364321 0.927713 -2.937448
0.073672 0.997872 -2.909924
0.424956 0.697085 -2.750456
0.538291 0.678058 -2.739347
1.248467 0.897553 -2.905959
1.288975 0.881450 -2.950295
1.292715 0.894757 -2.231977
-0.663408 1.558708 0.566584
0.234819 1.680229 0.573047
0.415034 1.685304 0.545889
0.946860 1.429995 -0.034808
1.433281 -0.436889 -2.021188
1.049282 -1.194970 -2.930851
1.044341 -1.272561 -2.886144
0.356206 -1.779040 -2.931163
-0.887852 0.074905 -2.920871
-0.538892 0.917773 -2.979162
-0.090186 1.037199 -2.937235
1.248467 0.897553 -2.905959
1.102871 1.618768 -1.387794
-1.031709 1.291131 1.034918
-1.072769 1.225560 1.257377
1.317949 -0.484758 -1.986464
1.092603 -1.178035 -2.774806
1.103428 -1.123202 -2.816822
0.296045 -2.173485 -2.904075
-0.090186 1.037199 -2.937235
-0.051401 1.147259 -3.007654
-0.066694 1.040852 -2.844708
-0.011597 1.124004 -2.868608
0.004810 1.014009 -2.979660
-1.018120 0.756307 1.144212
-0.299683 1.217959 1.800691
-0.242280 1.270948 0.931145
0.940513 1.425006 0.009587
0.904106 1.479025 -0.020091
-0.898076 -1.464907 -2.987687
-0.765337 1.513512 0.530959
-0.304346 1.099460 2.055139
-0.299683 1.217959 1.800691
0.044355 1.499658 1.003224
0.883433 0.873161 0.072026
0.808950 -2.285590 -3.045634
-0.660684 1.557913 0.491658
-1.054414 1.284159 0.760337
-1.066484 1.258887 0.668017
-0.321157 0.893611 2.221615
1.216094 -1.840359 -3.055305
-1.323311 0.167001 -3.035680
1.191621 1.580075 -1.646316
-0.143213 1.394055 -0.529697
-0.195615 1.352969 1.748100
1.156299 -0.499653 -1.708902
1.343130 -1.699462 -3.020918
1.054834 -2.315428 -2.902607
-0.887651 -1.300131 -2.956378
-1.350679 -0.095188 -2.977164
0.070278 1.662035 -2.929802
1.261641 0.921028 -2.931268
1.179263 1.612620 -1.691761
-1.066484 1.258887 0.668017
-0.594941 0.579222 2.264712
-0.293398 0.787951 2.275909
1.430942 -0.348749 -1.478543
1.092603 -1.178035 -2.774806
1.016865 -1.262987 -2.800650
1.044341 -1.272561 -2.886144
1.162949 -1.337244 -2.951925
1.360000 -2.312903 -2.791403
-1.008203 1.370063 0.387743
-1.118164 0.674771 2.102147
-1.030356 0.684357 2.121274
-0.993169 0.671093 2.077634
-0.687627 0.538082 2.212597
-0.293398 0.787951 2.275909
-0.270161 0.818779 2.077186
1.271338 -0.365489 -1.547157
1.089038 -1.099906 -2.248063
-1.027158 1.263916 -2.830499
0.034136 1.710259 -2.993725
-1.036694 1.331352 0.383739
-1.273750 0.585956 1.645479
-0.687627 0.538082 2.212597
-0.315537 0.707111 2.104626
-0.322178 0.712118 2.281098
0.164380 0.555475 2.077619
0.349272 0.881636 2.043421
0.722964 1.295599 1.896561
0.722744 1.445216 1.655352
0.773589 1.189866 1.550876
0.719355 1.181787 1.512078
0.829722 0.868998 0.597428
1.382256 0.611836 0.486267
1.425410 0.572872 0.268401
1.434492 -0.210504 -0.455126
1.373828 -0.227536 -0.487720
0.990264 -0.402374 -0.536566
1.006045 -0.431748 -0.961660
1.044526 -0.477800 -1.509350
1.062207 -0.962017 -1.468515
1.630122 -1.730484 -2.771744
1.553515 -2.098806 -2.614707
1.484057 -2.113944 -2.742836
1.056406 -2.516829 -2.692766
0.640352 -2.361436 -3.012397
0.756626 -2.423473 -2.908250
-0.915395 -1.547805 -2.951069
-1.436006 -0.132136 -2.901919
-1.388735 -0.125705 -2.939968
-1.280034 1.206278 -2.916026
1.209375 1.632717 -1.927992
-1.410835 0.543806 1.578291
-0.612329 0.475037 2.167494
-0.555117 0.532084 2.229502
0.793086 0.866192 1.142552
1.425410 0.572872 0.268401
0.983828 -1.054825 -1.295323
1.395562 -2.340519 -2.668000
1.353892 -2.309623 -2.717299
0.225884 -2.263789 -2.945675
-0.013281 -2.365153 -2.858558
-0.895933 -1.704860 -2.893296
-1.374746 -0.862456 -2.830487
-1.364351 -0.724673 -2.874543
0.070278 1.662035 -2.929802
0.097114 1.690619 -2.969263
0.780757 1.724551 -2.843941
0.164380 0.555475 2.077619
0.184043 0.502354 2.131474
0.349272 0.881636 2.043421
0.783081 0.958805 1.518621
0.770396 0.868852 1.312989
1.460288 0.506453 0.080372
1.005371 -0.451217 -0.422969
1.327280 -2.413655 -2.551457
-1.332158 -1.031745 -2.533514
-1.297686 -0.119720 -2.914535
-1.340703 -0.147455 -2.856301
-1.019419 1.152957 -2.261811
-1.006274 1.202733 -2.695679
1.038398 1.516052 -2.839206
1.110298 1.755762 -2.161336
-1.062856 1.269532 0.361809
-1.622315 0.371410 1.591007
-1.284258 0.562799 1.585793
0.173350 0.497962 2.472186
0.461113 0.809774 2.146581
0.461113 0.809774 2.146581
1.536841 -2.210913 -2.202895
1.565019 -2.118833 -2.184295
1.009878 -2.540198 -2.583940
0.872690 -2.551414 -2.508112
0.960669 -2.540784 -2.485663
0.353750 -2.069495 -2.129788
-0.761489 -1.960688 -2.814143
-1.387319 -0.238836 -2.922158
-0.497676 1.710185 -0.741788
-1.028970 1.021694 0.386701
-0.893433 0.587799 2.642600
1.054448 -0.360036 0.027470
1.028096 -0.610960 -0.436423
1.510493 -1.370379 -1.447274
-0.601641 -2.270578 -2.661753
-1.374854 -0.977544 -2.689673
-1.432378 -0.856791 -2.761229
-1.374854 -0.977544 -2.689673
-1.669663 0.096972 -2.715288
0.956924 1.711718 -2.774308
-1.538462 0.581924 0.526775
-1.168609 0.523074 2.483841
-1.357036 0.460642 2.472606
1.311289 0.653355 0.911147
0.973267 -1.022339 -0.914771
1.531904 -2.206947 -2.143205
1.472021 -2.236875 -2.161530
1.472021 -2.236875 -2.161530
-1.458628 -0.802011 -2.719019
-1.364351 -0.724673 -2.874543
0.990581 1.752300 -2.638930
-1.051592 1.328112 -0.001820
-1.607148 0.414216 1.565068
-1.575820 0.373620 2.085798
-1.548853 0.407806 2.106570
-1.160181 0.492610 2.526495
0.184043 0.502354 2.131474
1.154185 0.724577 1.590448
0.986763 -0.798170 -0.396940
1.005371 -0.451217 -0.422969
1.540034 -2.005912 -1.390586
1.476128 -2.196958 -1.872591
0.849863 -2.479362 -2.121028
-0.269741 -2.436471 -2.480647
-0.248906 -2.438541 -2.616255
-1.453901 -0.600582 -2.789089
-1.372793 -0.621529 -2.910850
-1.903770 0.316433 -2.527348
-0.382339 1.830183 -2.924188
-0.631382 1.689158 -0.522517
1.130644 0.749196 1.685834
1.192827 0.601282 1.634212
1.330127 0.396863 1.626835
0.950923 -0.363361 0.047571
1.503735 -1.986911 -1.403514
1.154023 -2.332317 -1.815564
-0.413257 -2.411606 -2.324065
-1.402583 -0.563452 -2.845042
-1.408755 -0.522777 -2.894262
-0.883271 1.834631 -2.548921
-0.474487 1.964378 -2.779058
-0.580854 1.733050 -0.797602
-1.009858 0.820969 0.385370
-1.593911 0.417888 1.620899
-1.257280 0.169044 2.538002
0.776743 0.895465 2.202183
1.568223 -1.595307 -1.404110
0.850068 -2.358520 -1.586226
-0.634438 1.954440 -2.690450
-1.629526 0.317259 1.588342
-1.629526 0.317259 1.588342
1.154185 0.724577 1.590448
1.192827 0.601282 1.634212
0.950923 -0.363361 0.047571
1.517402 -1.300923 -0.341457
0.936763 -2.362858 -1.557755
-0.993071 1.728328 -2.632638
-0.883271 1.834631 -2.548921
-0.477456 1.771707 -1.147639
-1.275439 -0.039621 2.623684
-0.871768 0.553481 2.675036
0.900591 -0.286666 1.351054
1.529722 -1.847397 -0.922480
1.368823 -2.132072 -1.367402
1.131128 -2.244851 -1.367547
0.976040 -2.329778 -1.418440
0.447334 -2.107449 -1.650006
-1.044092 1.418426 -0.529492
-1.370337 -0.159422 2.695364
-1.275439 -0.039621 2.623684
0.211274 0.591857 2.826922
-0.274507 -2.405481 -2.110205
-1.317398 -0.997288 -1.988225
-0.999712 1.489004 -0.551447
-0.676763 0.478858 2.983048
0.743887 0.905640 2.592558
1.318945 0.337491 1.958243
1.140845 -2.200677 -1.178646
0.801748 -2.264704 -1.350786
-0.330703 -2.390311 -2.069381
-1.404058 -0.188823 -1.561144
-1.053408 1.133403 -0.068176
-1.585615 0.564359 0.472282
-1.555059 -0.052248 2.552115
-1.370337 -0.159422 2.695364
-1.126284 -0.261745 2.827642
0.169492 0.465236 2.899299
1.341836 0.146358 1.993895
0.903784 -2.311760 -1.226906
-1.847681 0.679646 -2.147197
-1.836445 0.725115 -2.007328
-0.573686 1.926934 -2.025569
-1.501196 -0.261954 2.566067
0.480200 0.754576 2.785950
0.226484 -2.157470 -2.126810
0.226484 -2.157470 -2.126810
-0.015757 -2.290851 -2.090490
-1.374517 -0.714074 -1.974766
-1.792798 0.086835 -1.611111
-1.789697 0.774452 -1.603600
-1.726431 0.831574 -1.573789
-0.557964 1.799622 -1.178457
-1.032930 1.463079 -0.749170
-1.040620 1.439650 -0.805521
-1.044092 1.418426 -0.529492
-1.532998 -0.215495 2.081085
-1.284468 -0.256398 2.762985
0.166284 0.454371 3.145063
0.010508 0.596693 3.090508
0.643281 0.766881 2.767083
0.480200 0.754576 2.785950
1.129106 0.750425 2.577081
0.942412 -2.229357 -0.913668
-0.253623 -2.389394 -2.048360
-1.884126 0.247727 -1.912868
-1.828906 0.119558 -1.996600
-0.970845 1.555842 -0.851980
-0.957534 1.478664 -0.806743
-1.032598 1.188051 -0.541597
-1.592012 -0.098846 1.605383
-1.370874 -0.322722 2.679242
-0.536841 0.532785 3.182217
0.169492 0.465236 2.899299
0.643281 0.766881 2.767083
1.493965 -1.792161 -0.334626
-1.789697 0.774452 -1.603600
-1.004224 0.919845 -0.543825
-1.599839 0.513298 0.430708
-1.198374 -0.381779 2.759002
-0.622095 0.387501 3.220603
-0.622095 0.387501 3.220603
0.195757 0.309332 2.979957
0.966475 -0.518512 1.495431
0.939185 -2.168019 -0.861725
0.439585 -2.030015 -1.351755
0.419844 -2.060843 -1.563657
-1.302432 -0.985440 -1.808249
-1.797646 0.704913 -1.497097
-0.879971 1.797811 -2.049288
-1.003579 1.567325 -1.128096
-1.659209 0.105005 0.534117
-1.370874 -0.322722 2.679242
-1.198374 -0.381779 2.759002
-1.002363 -0.435205 2.716062
-0.603784 0.427088 3.236600
-0.012324 0.401217 3.351341
0.289292 0.113306 3.124689
0.220244 0.124689 3.089551
0.298184 0.044288 3.135884
0.534136 0.131055 2.907892
0.803306 0.337333 2.786069
0.988081 0.373453 2.803966
1.040352 0.316029 2.866457
1.095513 0.394467 2.787852
1.294741 0.207698 2.668727
1.310439 0.061962 2.582637
1.315874 0.144636 2.594184
0.896768 -0.264275 1.896315
1.413599 -1.804443 0.144796
1.507895 -1.636624 0.160411
1.399546 -1.812534 0.185388
0.951436 -2.202386 -0.771407
0.409712 -1.913746 -1.164387
0.364922 -1.996705 -1.184915
0.400542 -1.943327 -1.358754
0.339717 -2.040092 -1.373843
-1.306626 -0.948805 -1.570933
-1.668462 0.456126 0.387558
-1.609453 0.419916 0.430666
-0.666772 0.353148 3.210700
-0.540220 0.427389 3.313350
-0.603784 0.427088 3.236600
0.774551 0.132375 2.885219
0.711978 0.246686 2.806074
0.711978 0.246686 2.806074
1.083623 0.256096 2.903864
1.362632 -1.681862 0.161366
-0.136626 -2.269619 -1.342086
-1.753301 0.753112 -1.537360
-1.566885 0.208251 0.484296
-1.011621 -0.405295 2.299888
-1.002363 -0.435205 2.716062
-1.027178 -0.541169 2.750306
0.202607 0.175314 3.546061
0.578345 0.062046 2.999347
0.534136 0.131055 2.907892
1.258506 -0.008510 2.627302
0.896768 -0.264275 1.896315
0.953281 -0.384345 1.568906
-1.797646 0.704913 -1.497097
-0.997651 1.578296 -1.170972
-1.670420 0.288461 0.393651
-1.592310 0.195537 0.435917
-1.601899 0.105964 0.503450
-1.138887 -0.371155 1.399239
-1.027178 -0.541169 2.750306
-0.997573 -0.487285 2.823737
-0.774263 -0.241334 2.962927
-0.977803 -0.402687 2.867211
-0.622095 0.387501 3.220603
-0.554355 0.029574 3.279602
0.737690 -0.632218 3.324417
0.546357 -0.835275 3.365651
0.413257 -0.980436 3.235293
-0.037222 -0.912573 2.876168
-0.204702 -1.082704 2.862808
-0.232476 -0.994321 2.913381
-0.484380 -1.190457 2.642334
-1.013711 -0.673891 2.588467
-1.659990 0.045109 0.487737
-1.659990 0.045109 0.487737
-1.601899 0.105964 0.503450
-1.659746 0.001785 0.402066
-1.339741 -0.253636 0.632553
-0.318770 -1.121006 2.772764
0.413257 -0.980436 3.235293
0.732817 -0.897946 3.167759
0.427217 -0.069115 3.556395
0.968521 -0.040415 3.073291
0.891396 -0.205471 3.061972
0.976206 -0.659036 1.642277
0.430415 -1.851578 -0.713257
0.362358 -1.988952 -1.103204
0.126675 -2.116083 -1.059103
-0.681157 -1.263211 -1.200878
-1.457647 -0.099686 -1.533882
-1.783174 0.075616 -1.468287
-1.690176 0.531767 -0.035699
-1.019087 -0.395502 1.946309
-1.143989 -0.349127 0.877888
-1.721489 0.567001 -0.489503
-1.229570 -0.312176 0.632217
-1.019087 -0.395502 1.946309
-0.400742 -1.182999 2.687120
-0.484380 -1.190457 2.642334
-0.400742 -1.182999 2.687120
-0.329683 -1.196292 2.857436
-0.400146 -1.210415 2.811035
0.157480 -1.106021 2.844462
0.942041 -0.828535 1.005430
0.946240 -0.796995 1.505718
-1.022949 1.059923 -1.615195
-1.228843 -0.309907 0.549211
-1.229570 -0.312176 0.632217
-1.053559 -0.346253 1.012458
-0.993677 -0.813209 2.410877
-1.013579 -0.349679 0.967520
-1.737837 0.143943 -0.523152
-1.721489 0.567001 -0.489503
-1.053559 -0.346253 1.012458
-1.094814 -0.403282 0.866404
-1.668247 0.664183 -0.506898
-1.728696 0.429235 -0.554113
-1.715537 0.593198 -0.539416
-1.701182 0.651229 -0.585495
-1.715537 0.593198 -0.539416
-1.701182 0.651229 -0.585495
-1.013579 -0.349679 0.967520
-0.419009 -1.185852 2.404378
-1.698721 -0.007134 -0.503391
-1.742539 0.342344 -0.645304
-1.728960 0.406748 -0.517444
-0.419009 -1.185852 2.404378
-0.400742 -1.182999 2.687120
-0.428350 -1.301941 2.704286
-0.423306 -1.183962 2.327657
-1.679785 0.301612 -0.565556
-1.683735 0.074720 -0.567357
-0.383960 -1.320797 2.788037
0.870576 -0.117387 3.131191
-0.295557 -2.270095 -1.303140
-1.778643 0.634921 -1.207062
-0.409902 -1.604728 2.463541
-0.383960 -1.320797 2.788037
-0.395278 -1.231283 2.714961
0.933677 -0.744435 3.061165
0.934844 -0.784900 1.652204
-0.418364 -1.413283 2.365680
-0.305044 -1.434819 2.697448
0.187339 -1.910146 2.037328
-0.440679 -1.773594 1.437992
-0.543018 -1.194115 0.399945
-1.084551 -0.974698 0.130367
-1.150537 -0.274250 -0.599839
-0.982549 -0.999955 0.940205
-0.454736 -1.271372 2.327002
-0.305044 -1.434819 2.697448
0.526396 -1.263576 2.837055
0.595903 -1.615001 2.474205
0.296123 -1.850614 2.194536
-1.084551 -0.974698 0.130367
-1.092148 -0.981191 -0.037402
-1.441851 -0.156265 -1.208339
-1.717656 0.018907 -1.158161
-1.118467 -0.870006 0.430912
-1.072642 -0.919861 0.913344
-0.365659 -1.587744 2.536752
0.571250 -1.329344 2.778692
0.569365 -1.158341 2.837079
0.463809 -1.449304 2.729227
-0.365659 -1.587744 2.536752
-0.205767 -1.776189 2.444019
-0.205767 -1.776189 2.444019
-0.441440 -1.672645 1.965411
-1.086611 -0.946212 0.436286
-1.060107 -0.979609 0.406922
-0.431523 -1.644306 2.081501
0.558447 -1.658805 2.162302
0.296123 -1.850614 2.194536
0.207881 -1.885402 2.228596
0.052026 -1.867814 2.222751
-0.325610 -1.817243 1.960991
-0.388174 -1.781115 1.942222
0.580161 -1.549875 2.582237
-0.003237 -1.840023 2.352049
-0.352187 -1.779671 2.045008
0.284834 -1.851619 2.391795
-0.352187 -1.779671 2.045008
0.350303 -1.822972 2.449058
-1.233174 -0.787584 -0.612059
-1.207212 -0.371127 -0.626498
0.993740 -0.562118 3.131185
0.896094 -0.207722 3.275752
0.976538 -0.760567 1.828584
0.448740 -1.807151 -0.383429
-0.146182 -2.245160 -1.054080
-0.247876 -2.265960 -1.145654
-0.438140 -1.796344 1.415341
0.564185 -1.640613 2.048579
0.922568 -0.801026 1.858383
0.748950 -1.740114 1.618428
0.605698 -1.664864 1.672411
0.429927 -1.794932 0.550422
-0.527495 -1.880429 0.031364
-0.362295 -1.970509 -0.048980
-0.527495 -1.880429 0.031364
-0.479395 -1.886878 -0.037753
-0.543423 -1.879353 -0.107675
-0.689897 -1.512070 -0.538957
-0.664282 -1.495877 -0.580794
-0.581782 -1.729793 0.411431
0.579692 -1.575243 1.983729
0.956665 -0.737888 2.598767
0.473999 -1.063756 1.939359
0.539302 -1.627380 1.374905
0.007842 -2.027164 1.036745
-0.062988 -2.063211 0.567637
-0.175513 -1.959804 0.714511
-0.550762 -1.817135 0.428471
-0.512163 -1.861835 0.404274
-0.512163 -1.861835 0.404274
-0.555806 -1.843656 0.294745
-0.500811 -1.307711 -0.052769
-0.637480 -1.565199 0.052380
-0.532183 -1.602431 -0.047133
-0.500811 -1.307711 -0.052769
-1.244185 -0.896938 -0.893256
-0.575981 -1.207446 0.080995
0.943496 -0.283570 3.097704
0.891396 -0.205471 3.061972
0.995825 -0.598170 3.073858
0.933677 -0.744435 3.061165
-0.587329 -1.262421 0.370116
-0.600835 -1.219690 -0.091300
-1.175962 -0.960685 -0.598859
-0.550762 -1.817135 0.428471
-1.224580 -0.901653 -0.784931
-0.481143 -1.211033 -0.038334
-0.628979 -1.336438 0.067933
-0.575981 -1.207446 0.080995
-0.481143 -1.211033 -0.038334
-0.600835 -1.219690 -0.091300
-0.236108 -1.982586 0.581509
-0.529429 -1.598178 0.014734
0.320669 -1.779393 1.075630
0.539302 -1.627380 1.374905
0.594492 -1.038170 1.972678
0.515581 -1.656959 0.960895
0.437529 -1.773756 1.056834
-0.637002 -1.238752 -0.642807
-0.686592 -1.321042 -0.619727
-0.529429 -1.598178 0.014734
-0.513804 -1.785422 0.045847
0.404155 -1.775817 0.984038
-0.513804 -1.785422 0.045847
-0.588677 -1.246905 -0.589680
0.484365 -1.731575 0.951033
0.515581 -1.656959 0.960895
0.515581 -1.656959 0.960895
-0.651411 -1.696080 -0.131160
-0.543423 -1.879353 -0.107675
0.564780 -1.591047 1.734142
0.531807 -1.195490 1.825860
0.576074 -1.053714 1.837870
0.820024 -0.959115 1.836234
-0.377676 -2.003753 -0.084748
-0.377676 -2.003753 -0.084748
1.001636 -0.839835 1.868433
0.976538 -0.760567 1.828584
0.934844 -0.784900 1.652204
-0.112070 -2.193165 -0.665727
-0.298457 -2.210501 -1.086132
-0.174043 -2.208042 -1.081293
-0.084263 -2.123896 -0.064963
-0.020024 -2.085340 0.213884
0.076040 -2.033029 0.277487
0.076040 -2.033029 0.277487
1.506377 -1.398891 1.368835
1.302451 -0.909289 1.697497
-0.196665 -2.102609 -0.092549
0.305020 -1.899564 0.258355
0.155020 -1.876422 0.235004
1.063188 -1.881126 1.423449
0.465303 -1.657599 0.541404
-0.169917 -2.149567 -0.328153
0.300024 -1.900624 0.233702
1.159316 -1.823443 1.322698
1.356108 -1.667716 1.301936
1.293394 -1.076460 1.725345
1.401680 -1.352240 1.547454
1.317080 -1.018699 1.705263
1.302451 -0.909289 1.697497
1.462412 -1.246048 1.537408
1.506377 -1.398891 1.368835
0.430342 -1.813951 0.212515
1.356108 -1.667716 1.301936
1.317080 -1.018699 1.705263
1.506377 -1.398891 1.368835
0.119536 0.121972 3.570207
0.087456 -0.864932 3.101848
0.035259 -0.818822 2.889933
-0.237651 -0.087596 3.514342
-0.370488 -0.090813 3.449494
-0.479175 -0.046767 3.433913
-0.370488 -0.090813 3.449494
-0.554355 0.029574 3.279602
-0.494805 0.064687 3.449102
-0.549990 0.037613 3.400532
-0.327773 0.075650 3.453043
-0.308828 0.106902 3.410014
-0.549990 0.037613 3.400532
-0.123818 -0.181040 3.483476
-0.237651 -0.087596 3.514342
0.012080 -0.112786 3.744960
0.155352 0.009598 3.678659
0.196206 -0.108580 3.732646
0.196206 -0.108580 3.732646
0.090571 -0.863780 3.244135
0.006392 -0.859803 3.113173
-0.037222 -0.912573 2.876168
-0.162168 -0.995193 2.932477
-0.577368 -0.048506 2.994915
0.074209 -0.357350 3.718432
-0.463403 -0.059685 3.077410
0.090571 -0.863780 3.244135
0.011533 -0.749107 3.156900
0.025542 -0.790117 3.117844
-0.080474 -0.540253 3.151925
-0.307847 -0.606393 2.863397
-0.421772 -0.571183 2.784678
-0.209595 -0.410692 3.092918
-0.317729 -0.252032 3.118728
-0.147822 -0.184383 3.136156
-0.048872 -0.170784 3.246851
0.042275 -0.738306 3.642826
-0.122637 -0.269667 3.174553
-0.077310 -0.283590 3.151030
-0.056753 -0.182553 3.076046
-0.147822 -0.184383 3.136156
-0.563511 0.047928 3.206643
-0.548462 0.019828 3.089075
1.173696 0.591814 2.725163
1.034961 0.448958 2.814763
0.814492 0.483405 2.760929
0.915078 0.384238 2.766883
0.803306 0.337333 2.786069
0.663301 0.464841 2.774039
1.292090 -0.023781 1.940488
1.310747 0.116925 1.941614
0.400259 -1.985818 -1.564058
0.439297 -2.068620 -1.504745
0.478960 -2.090138 -1.529575
0.419844 -2.060843 -1.563657
0.975723 -0.393023 -0.421021
1.247134 0.655910 1.207739
0.975723 -0.393023 -0.421021
1.353892 -2.309623 -2.717299
1.382266 -2.311569 -2.740928
0.176606 0.948756 1.894021
-0.315537 0.707111 2.104626
-0.198379 1.351201 1.780179
0.739321 1.526083 0.716932
1.177798 -0.482974 -1.488700
1.343130 -1.699462 -3.020918
1.211738 -1.463438 -2.993827
1.090029 -0.565740 -1.529659
0.259155 0.917865 1.944425
-0.270161 0.818779 2.077186
-0.227739 1.006522 1.958388
-0.195615 1.352969 1.748100
-0.029380 1.474643 1.716596
0.718867 1.509812 1.045625
1.122759 -0.470456 -1.311024
1.126318 -0.498695 -1.592003
1.036528 -0.992052 -1.518501
1.122759 -0.470456 -1.311024
1.105078 -0.455558 -1.079723
1.105078 -0.455558 -1.079723
-0.240107 0.825214 2.101530
1.090029 -0.565740 -1.529659
1.059155 -1.086523 -1.926270
0.725508 1.477623 1.344842
-0.101631 0.943630 1.949925
-0.012910 1.014447 1.865670
-0.101631 0.943630 1.949925
1.044526 -0.477800 -1.509350
1.044526 -0.477800 -1.509350
1.058306 -1.032324 -1.546067
0.079521 0.999887 1.865174
-1.047876 -1.277778 -2.895195
0.372544 0.000946 -2.879135
-0.208516 -1.106913 -2.823465
0.976265 -0.185267 3.071036
0.968521 -0.040415 3.073291
-1.498120 0.677377 -2.979071
0.426372 -0.978193 3.233236
0.592227 0.891580 2.146218
0.726728 1.023221 2.081506
-1.510571 1.021257 -2.624919
-1.062803 0.749434 2.043377
1.229145 -1.683156 1.416368
-0.155239 -0.034452 3.519550
0.847383 -0.178232 3.143344
-1.497461 -0.263694 2.568511
0.889189 -2.557173 -2.630620
0.918496 -2.545973 -2.720495
0.043950 1.735322 -2.945824
-0.577368 -0.048506 2.994915
-0.625864 -0.109593 3.039289
-0.379839 0.977888 2.088758
-0.196265 0.714406 2.123202
-0.240107 0.825214 2.101530
1.104746 -0.577371 -2.909423
1.137881 -0.638015 -2.870358
-1.340703 -0.147455 -2.856301
0.786030 0.813390 -2.985678
-0.319136 -1.120668 -2.918517
-0.272334 -1.100984 -2.774774
-0.546338 0.833052 -2.850008
-0.592002 0.910263 -2.898299
0.621006 -1.423191 -2.965898
-1.340703 -0.147455 -2.856301
-0.521436 -0.017605 3.116586
-0.846938 -1.332628 -2.906661
-0.891636 -1.341252 -2.879291
0.375815 -0.043875 -2.949629
0.264922 -0.045696 -2.885339
0.336226 -0.008914 -2.919650
0.192183 0.957015 -2.976477
-1.006274 1.202733 -2.695679
0.531807 -1.195490 1.825860
-0.175664 -1.053149 -2.937020
-0.117544 -1.141492 -2.928655
-0.117544 -1.141492 -2.928655
0.178320 0.030675 3.554556
0.186182 0.044707 3.437749
0.377480 -1.603928 -2.848458
-0.059360 -0.138806 -2.957166
-0.467778 -0.060017 3.070020
-0.577368 -0.048506 2.994915
-0.501260 0.112691 -2.901112
-0.676494 0.178550 -2.863955
0.540537 0.665450 -2.814924
0.538291 0.678058 -2.739347
-0.588657 0.188329 -2.819993
-0.239263 -1.082059 -2.763916
1.626665 -1.727360 -2.779081
1.613877 -1.856043 -2.709270
-0.984512 1.219526 1.633803
-0.931855 1.188500 1.769997
-0.955391 1.219740 1.616795
-0.881206 1.318840 1.607496
-0.477773 1.432444 0.986656
-0.222437 1.301627 0.572743
-0.210137 1.299442 0.477620
0.503755 1.795162 -0.312700
0.446128 1.767702 -0.260441
1.006206 1.575640 -0.809169
1.009429 1.514054 -0.616112
1.073101 1.348651 -0.925613
1.730928 0.412331 -2.069381
1.697851 -0.170282 -2.328418
1.636084 -0.143419 -2.447012
1.683320 -0.118353 -2.399724
1.521792 -0.374344 -2.546233
1.114409 -0.564844 -2.627991
0.938931 -1.283993 -2.967829
-0.114160 -0.294585 -2.890961
0.894614 -0.441791 -2.983942
1.126763 -0.582860 -2.824721
1.235781 -0.549139 -2.791024
1.418828 -0.444771 -2.687669
1.709556 0.198941 -2.555592
1.106821 1.449211 -1.058939
1.045034 1.481177 -0.989108
-0.122393 1.446487 -0.136276
-0.019126 1.511354 -0.058241
-0.273604 1.353542 0.689396
-1.085581 0.837354 1.890450
-1.022217 0.897713 1.933117
-1.018769 1.073281 1.853269
-0.629810 1.307744 1.777490
1.014854 1.435794 -0.492524
1.022612 1.442653 -0.555748
1.706606 0.478699 -1.683018
1.732329 0.400167 -1.951315
1.641645 -0.295565 -2.342134
1.547930 -0.392901 -2.296962
1.147436 -0.875392 -2.809474
0.048262 -1.269039 -2.915878
-0.190332 -0.967050 -2.883727
-0.229897 -1.030699 -2.954425
-0.110903 -0.275407 -2.847017
-0.044492 -0.188634 -2.878476
-0.110903 -0.275407 -2.847017
-0.134761 -0.174918 -2.864569
-0.179136 -0.166515 -2.934187
-0.134761 -0.174918 -2.864569
-0.134761 -0.174918 -2.864569
0.069116 -0.131131 -2.891437
1.235781 -0.549139 -2.791024
1.315728 -0.553424 -2.739851
1.418828 -0.444771 -2.687669
1.695146 0.352771 -2.609570
1.695146 0.352771 -2.609570
1.738872 0.326491 -2.407709
1.295088 0.863072 -1.948841
1.091875 0.895997 -1.674313
1.004058 1.526101 -0.997121
1.047837 1.539652 -0.935943
-0.196128 1.403199 -0.152385
-0.939092 1.341318 1.281075
-1.096279 1.184804 1.521469
-1.089761 1.184927 1.540851
-0.629810 1.307744 1.777490
0.124453 1.605028 0.521281
0.235137 1.681615 0.509218
1.005273 1.435868 -0.438896
1.005273 1.435868 -0.438896
1.626807 0.593437 -1.552582
1.433281 -0.436889 -2.021188
1.095561 -0.539324 -2.314513
0.875513 -1.312182 -2.969452
0.795195 -1.370130 -2.904737
0.281768 -1.457259 -2.908422
0.361016 -1.496595 -2.822011
0.361016 -1.496595 -2.822011
0.361016 -1.496595 -2.822011
0.281768 -1.457259 -2.908422
-0.405054 -1.122624 -2.970632
0.652759 -0.237273 -2.980191
0.467881 0.568339 -2.916879
0.481528 0.545551 -2.912948
0.459956 0.614717 -2.952190
-0.594678 0.370127 -2.914836
0.474160 0.577346 -2.785738
1.086069 1.548938 -1.072049
1.004058 1.526101 -0.997121
-0.533223 1.497541 0.684857
-1.027158 0.709558 1.788641
-0.641436 1.238547 1.792362
0.944077 1.429451 -0.032544
1.678862 0.520634 -1.517423
0.377480 -1.603928 -2.848458
0.235479 -0.016187 -2.964736
0.432783 0.147476 -2.920294
0.438120 0.341731 -2.907389
0.437930 0.637220 -2.969948
-0.625757 0.259948 -2.856169
0.421230 0.722176 -2.914831
0.639863 0.702391 -2.914211
1.175220 1.153946 -1.573917
-0.182637 1.337497 0.036271
-0.956636 1.294364 1.212540
-1.030332 1.281945 1.207339
0.092993 1.580142 0.710640
0.197612 1.588070 0.538837
0.254072 1.646450 0.541936
1.662778 0.332392 -1.520536
0.356206 -1.779040 -2.931163
0.336226 -0.008914 -2.919650
0.393950 0.055100 -2.901399
0.447690 -0.020903 -2.892768
-0.555420 0.654261 -2.910134
0.073672 0.997872 -2.909924
0.073672 0.997872 -2.909924
0.393813 0.814011 -2.981463
1.288975 0.881450 -2.950295
0.424956 0.697085 -2.750456
1.041875 0.833540 -2.911701
1.138437 0.894746 -1.951988
1.102871 1.618768 -1.387794
-0.952158 1.343053 1.170127
-1.021460 0.686544 2.032729
-0.398750 1.263665 1.892478
0.183345 1.650871 0.679174
0.944077 1.429451 -0.032544
0.980146 0.875769 -0.822039
1.678862 0.520634 -1.517423
1.433281 -0.436889 -2.021188
0.356206 -1.779040 -2.931163
-0.802876 0.115941 -2.907851
-0.676494 0.178550 -2.863955
-0.475171 0.920346 -2.978163
1.041875 0.833540 -2.911701
1.181040 1.391656 -1.514713
-0.182637 1.337497 0.036271
-0.398750 1.263665 1.892478
-0.024937 1.494481 0.969733
0.192998 1.649025 0.727945
1.672720 0.130077 -1.639894
1.656660 -0.071804 -1.596018
1.346011 -0.471183 -1.989237
1.095527 -1.174768 -2.787698
1.103428 -1.123202 -2.816822
1.046050 -1.272397 -2.895043
-0.705728 -1.239424 -2.976293
-0.793135 1.069832 -2.918542
-0.310674 1.000664 -3.001339
-0.066694 1.040852 -2.844708
-0.090186 1.037199 -2.937235
1.014487 0.855543 -2.968255
1.250644 0.896840 -2.909028
1.171186 1.363932 -1.531906
-0.987764 1.356020 0.690562
-0.330688 1.247155 1.896888
0.259380 1.646792 0.701833
0.460107 1.660021 0.703800
0.940513 1.425006 0.009587
0.903647 1.479229 -0.020471
0.949019 0.874076 -0.534061
1.057539 -1.269517 -2.876907
0.332627 -1.931211 -2.910031
-0.846938 -1.332628 -2.906661
1.162407 0.905636 -2.117118
1.198193 1.414227 -1.674850
-0.685420 1.551210 0.543835
-0.980098 0.663046 2.081452
-0.470542 0.845437 2.058707
-0.304346 1.099460 2.055139
-0.290273 1.152194 1.869357
-0.008057 1.499317 1.041803
0.060435 1.478719 1.006880
0.725259 1.509331 0.524696
0.899634 0.873652 -0.120233
0.949019 0.874076 -0.534061
1.297671 -0.437962 -1.579978
1.143530 -0.659990 -2.307356
0.788789 -2.294312 -3.043871
-0.973726 0.034331 -2.924303
1.205029 0.904738 -2.407177
1.211118 1.530543 -1.685151
1.177500 1.473471 -1.583773
1.182212 1.587285 -1.605641
-0.723589 1.518963 0.521679
-0.833989 1.467929 0.551769
-0.310430 0.935466 2.196266
0.589800 1.593748 0.708537
1.451875 -0.365407 -1.626967
1.380127 -0.404639 -1.615787
1.097905 -1.072130 -2.301775
1.091948 -1.149646 -2.642928
1.095527 -1.174768 -2.787698
0.915884 -2.278472 -3.002599
0.296396 -2.174471 -2.903779
1.254937 0.926546 -2.941990
1.288975 0.881450 -2.950295
1.470610 0.786577 -2.901078
1.187900 1.581811 -1.666980
0.465952 1.852710 -1.111216
-0.143213 1.394055 -0.529697
-0.143213 1.394055 -0.529697
-1.095561 0.662286 2.064367
-1.118164 0.674771 2.102147
-0.304346 1.099460 2.055139
1.156592 -0.507976 -1.734926
1.149663 -0.528816 -1.985615
1.013262 -1.259897 -2.802933
0.640352 -2.361436 -3.012397
-0.887651 -1.300131 -2.956378
-0.897939 -1.155249 -2.946670
-0.990991 1.255788 -2.953973
0.627100 1.890648 -1.261398
0.704058 1.925677 -1.610646
0.386016 1.784792 -1.118369
-1.000459 1.311588 0.692560
-1.252139 0.635552 1.550815
-1.030356 0.684357 2.121274
-0.293398 0.787951 2.275909
-0.280708 1.048735 1.916607
0.025894 1.527460 1.311327
0.739131 1.526240 0.742554
1.554419 0.558779 -0.816146
1.121172 -0.651284 -1.969685
1.082075 -1.097533 -2.253273
1.057539 -1.269517 -2.876907
-0.909814 -1.473435 -2.979058
-0.936826 -1.445122 -2.899668
-0.833867 -1.331545 -2.729792
-0.891636 -1.341252 -2.879291
-0.994688 -1.239815 -2.934662
-1.430781 0.465302 -3.017897
-1.002168 1.226759 -2.907134
0.097114 1.690619 -2.969263
-0.065508 1.509811 -0.867054
-1.088906 0.666771 2.273172
-0.980098 0.663046 2.081452
-1.030356 0.684357 2.121274
-0.555117 0.532084 2.229502
-0.332373 0.706185 2.280394
0.113828 1.570757 1.317087
0.916816 1.006270 0.170029
1.309170 -0.364039 -1.520875
0.756626 -2.423473 -2.908250
-0.784814 -1.752050 -2.944354
-0.833867 -1.331545 -2.729792
-1.027158 1.263916 -2.830499
-1.045381 1.360254 -2.881956
0.034136 1.710259 -2.993725
0.068071 1.654753 -2.917412
1.223208 1.048217 -2.910236
0.735430 1.889427 -1.685786
0.774653 1.897004 -1.657193
-0.071816 1.482610 -0.784656
-0.121357 1.414396 -0.748349
-1.111397 0.708665 1.648900
-1.273750 0.585956 1.645479
-0.565190 0.526524 2.324987
-0.315537 0.707111 2.104626
-0.236577 0.718777 2.065165
-0.032871 0.649037 2.140134
0.169160 0.556417 2.085060
0.349272 0.881636 2.043421
0.532124 1.223662 1.905324
0.527041 1.286888 1.909107
0.609858 1.273140 1.934654
0.527041 1.286888 1.909107
0.633062 1.462119 1.764475
0.690869 1.195120 1.504210
0.761875 1.092308 1.506742
0.805308 0.968945 1.315783
0.796958 0.906052 1.154961
1.166890 0.745094 0.472566
1.425410 0.572872 0.268401
1.376328 -0.232502 -0.491579
1.316323 -0.243969 -0.527650
1.313574 -0.292714 -0.558527
1.121660 -0.386025 -0.527923
1.044526 -0.477800 -1.509350
1.001807 -0.922570 -1.258112
1.008311 -1.070188 -1.439233
0.987617 -1.042885 -1.473238
1.066089 -0.930728 -1.457748
0.998594 -1.099633 -1.521073
1.613457 -1.626171 -2.256199
1.461562 -2.312019 -2.553327
1.390879 -2.338165 -2.677127
1.390879 -2.338165 -2.677127
1.382266 -2.311569 -2.740928
0.367607 -2.314155 -2.916407
-0.898970 -1.592603 -2.965782
-0.926563 -1.538332 -2.934808
-0.825566 -1.330159 -2.550356
-1.106992 -1.220348 -2.837583
-1.377441 1.150551 -2.831926
-1.280034 1.206278 -2.916026
-0.636284 1.658825 -0.301165
-1.465020 0.509300 1.577651
-1.284258 0.562799 1.585793
-0.986943 0.650885 2.359777
-0.612329 0.475037 2.167494
-0.602197 0.437811 2.358825
-0.555117 0.532084 2.229502
0.132969 0.564665 2.189476
0.169160 0.556417 2.085060
0.798091 0.866999 1.097924
1.415796 0.538497 0.445882
1.382256 0.611836 0.486267
1.421367 0.437406 0.465502
0.990596 -1.057209 -1.295631
0.990596 -1.057209 -1.295631
1.601235 -1.562194 -1.920223
1.461562 -2.312019 -2.553327
1.170068 -2.470911 -2.670467
0.296396 -2.174471 -2.903779
0.336323 -2.277305 -2.925975
0.273594 -2.211101 -2.666640
-0.953184 -1.562203 -2.873841
-0.897139 -1.703081 -2.893991
-0.825566 -1.330159 -2.550356
-1.244741 -1.076549 -2.824556
-1.708677 0.663769 -2.762887
-1.403394 1.118809 -2.704608
0.068071 1.654753 -2.917412
0.097114 1.690619 -2.969263
0.382217 1.822133 -2.845005
0.786255 1.911954 -1.760261
0.731353 1.905101 -1.746768
0.184043 0.502354 2.131474
0.461113 0.809774 2.146581
0.502739 0.954662 2.075702
0.627886 1.170348 2.035908
0.768701 0.870349 1.358548
0.762637 0.905720 1.310254
0.775596 0.870391 1.271657
1.383354 0.477722 0.486416
1.521118 -2.280054 -2.461578
0.734424 -2.528946 -2.640478
0.027837 -2.335134 -2.677679
-1.378643 -0.124152 -2.938900
-1.297686 -0.119720 -2.914535
-1.006274 1.202733 -2.695679
-0.122837 1.807031 -2.961873
-0.057139 1.816033 -2.858370
0.901880 1.897666 -2.100744
0.846211 1.901002 -1.919172
-0.114282 1.428148 -0.860716
-1.604175 0.380434 1.590211
-1.168838 0.523473 2.481958
0.178271 0.496897 2.298091
0.601230 1.042903 2.077792
1.412358 0.500371 0.540689
0.982710 -0.400863 -0.535928
1.536841 -2.210913 -2.202895
0.872690 -2.551414 -2.508112
0.960669 -2.540784 -2.485663
0.335137 -2.110848 -2.412695
-0.161645 -2.414864 -2.704002
-1.388975 -0.229418 -2.906200
-1.325186 -0.168527 -2.546382
-1.093535 1.221544 -2.665752
0.578296 1.872935 -2.650439
-0.114282 1.428148 -0.860716
-1.031919 1.119678 0.381434
-1.035967 1.331591 0.383654
-1.479165 0.407529 2.397091
-1.160181 0.492610 2.526495
0.592227 0.891580 2.146218
0.558999 0.929486 2.057894
1.060000 -0.358054 0.028028
1.510493 -1.370379 -1.447274
0.152598 -2.285624 -2.656976
-0.248906 -2.438541 -2.616255
-1.432378 -0.856791 -2.761229
-1.374854 -0.977544 -2.689673
-1.398643 -0.227313 -2.851431
-1.667886 0.095480 -2.715950
-1.830928 0.549976 -2.626898
-1.008218 1.652160 -2.685136
-0.122837 1.807031 -2.961873
0.760112 1.790471 -2.657191
0.482251 1.893170 -1.890521
-1.022309 0.924335 0.393301
-1.575820 0.373620 2.085798
-1.550117 0.407779 2.101743
1.214853 -0.274745 0.047588
1.531904 -2.206947 -2.143205
1.551196 -2.092214 -1.857231
1.483140 -2.235444 -2.161391
1.483140 -2.235444 -2.161391
1.536841 -2.210913 -2.202895
-0.601641 -2.270578 -2.661753
-1.361231 -0.745101 -2.861744
-0.243345 1.915264 -2.851096
-0.079316 1.478247 -1.249274
-0.087021 1.458729 -1.154403
-1.022309 0.924335 0.393301
-1.575689 0.438059 1.575505
-1.577051 0.395188 2.011675
-1.575820 0.373620 2.085798
-1.287153 0.280000 2.541658
-1.219595 0.337474 2.520991
0.702075 0.885971 2.131605
0.702285 0.940165 2.131613
1.152354 0.722283 1.589628
1.418877 0.039578 0.653777
0.946489 -0.340057 0.048862
0.998223 -0.770525 -0.397418
1.020762 -0.850305 -0.432185
1.560473 -1.528990 -1.424260
1.478721 -2.185189 -1.841695
1.340986 -2.227583 -1.847361
1.253862 -2.332705 -2.148375
0.863535 -2.483758 -2.120930
0.046113 -2.298753 -2.657624
-1.416304 -0.652641 -2.829211
-1.372793 -0.621529 -2.910850
-1.793452 0.212834 -2.609424
-0.382339 1.830183 -2.924188
0.456821 1.880076 -1.950783
0.315146 1.805238 -1.904260
-0.631382 1.689158 -0.522517
-1.246250 0.263297 2.533948
-0.868447 0.549472 2.675538
-0.888906 0.583206 2.641351
1.135996 0.742668 1.678854
1.192827 0.601282 1.634212
1.152354 0.722283 1.589628
1.349131 0.092730 1.064139
1.399443 0.051877 0.982143
0.949023 -0.359935 0.083295
0.957168 -0.940032 -0.410843
1.534302 -1.901156 -1.092986
1.511675 -1.993118 -1.405469
1.033057 -2.382362 -1.817574
0.890205 -2.478543 -2.097744
0.288525 -2.165677 -2.158541
0.112759 -2.247999 -2.145079
-0.136626 -2.373641 -2.646323
-0.472993 -2.402977 -2.540381
-0.766772 -1.307816 -1.989872
-1.440273 -0.545355 -2.816581
-1.295049 -0.186581 -2.246018
-1.911113 0.325846 -2.528160
-1.793452 0.212834 -2.609424
-0.990781 1.727077 -2.630223
-0.474487 1.964378 -2.779058
-0.367646 1.956162 -2.782525
-0.463569 1.663985 -0.788083
-0.964668 0.833512 0.383510
-1.629966 0.362994 1.574931
-1.518857 0.142838 2.482106
-1.235479 0.151139 2.546355
0.766436 0.893176 2.253551
1.178130 0.729255 2.088346
0.997114 -0.731512 0.232023
1.513887 -1.335722 -0.830685
1.540591 -1.362052 -0.887533
1.539692 -2.001394 -1.384931
-0.411470 -2.411100 -2.317890
-0.766772 -1.307816 -1.989872
-0.630493 1.955671 -2.691935
-0.054717 1.510534 -1.572690
-0.079316 1.478247 -1.249274
-0.054717 1.510534 -1.572690
-1.010518 0.820801 0.384990
-0.964668 0.833512 0.383510
-1.578657 -0.091693 2.544611
-1.320908 0.050805 2.579832
1.321729 0.450497 1.709222
1.192827 0.601282 1.634212
0.952002 -0.911795 0.111378
0.447500 -2.111369 -1.665060
-1.192549 -1.082091 -1.955797
-1.911113 0.325846 -2.528160
-0.883271 1.834631 -2.548921
-0.486621 1.720300 -0.850633
-0.586714 1.734217 -0.812825
-1.612730 0.241885 1.589979
-1.281128 -0.040587 2.630419
1.321729 0.450497 1.709222
0.922217 -0.320263 0.755038
0.975806 -0.478814 0.374546
0.960566 -0.685408 0.241329
1.528745 -1.845827 -0.902999
1.533164 -1.946935 -1.225253
1.534302 -1.901156 -1.092986
1.215596 -2.169437 -1.193767
0.940249 -2.361761 -1.553513
-1.848369 0.680899 -2.145879
-0.719722 1.912375 -2.642373
-0.475459 1.677103 -0.834066
-1.039766 1.418342 -0.529550
-1.012998 0.865387 0.075063
-1.565850 -0.048048 2.551947
-0.615889 0.418624 2.978955
1.287988 0.629444 1.899695
1.283257 0.574088 1.928329
0.988018 -0.663731 0.373821
0.912451 -2.246721 -1.355832
-1.317398 -0.997288 -1.988225
-1.017344 1.673716 -2.098756
-1.005674 0.872522 -0.117935
-1.600122 0.063487 1.601859
-1.600122 0.063487 1.601859
0.170425 0.464070 2.899271
1.318945 0.337491 1.958243
1.337930 0.187721 1.639116
0.838296 -2.279721 -1.380309
0.863018 -2.325697 -1.394396
0.976040 -2.329778 -1.418440
-1.584844 -0.062335 -1.980491
-1.827036 0.728967 -1.991135
-1.827036 0.728967 -1.991135
-1.052949 1.238386 -0.520676
-1.339971 0.689422 0.425662
-0.381426 0.641430 3.101118
0.166382 0.454397 3.145118
0.164507 0.499330 2.829159
1.177266 -2.131742 -0.913933
0.378760 -2.001430 -1.669711
-1.296494 -0.992008 -1.955793
-1.701431 0.039744 -1.955131
-1.835933 0.121430 -1.930594
-1.009614 1.108099 -1.976619
-1.022329 1.132138 -1.982749
-0.942266 1.555276 -0.770525
-0.995195 0.870890 -0.051527
-1.478179 0.631284 0.406947
-1.615747 0.033877 1.333865
-1.592300 0.069964 1.286307
-1.590440 -0.108868 1.632001
-0.559819 0.485174 2.985920
0.294985 0.597538 2.901727
0.457573 0.715621 2.824555
1.121235 0.757973 2.401468
1.348716 0.100512 1.685977
1.320532 0.059841 1.659388
1.519556 -1.355444 -0.337554
0.987017 -2.263840 -1.125787
0.818120 -2.270944 -1.349514
0.832227 -2.295306 -1.328402
0.589658 -2.156266 -1.403987
0.353213 -2.069446 -2.129696
0.298311 -2.150374 -2.104721
0.051143 -2.260206 -2.102956
-0.330703 -2.390311 -2.069381
-0.740103 -1.293047 -1.765066
-1.294014 -0.996010 -1.868900
-1.296494 -0.992008 -1.955793
-1.654185 -0.016391 -1.737971
-1.848311 0.616661 -1.910192
-1.810093 0.744681 -1.956739
-1.727339 0.831181 -1.573687
-0.586748 1.777028 -1.153557
-1.046479 1.363172 -0.798012
-1.611357 -0.080216 1.058858
-1.497461 -0.263694 2.568511
-0.370479 0.621106 3.127126
-0.153936 0.662200 3.135454
-0.146909 0.632930 3.285238
0.170425 0.464070 2.899271
0.170425 0.464070 2.899271
0.654326 0.769754 2.764681
1.129839 0.751642 2.577599
1.318945 0.337491 1.958243
1.341406 0.132533 1.912216
1.493931 -1.579660 -0.337033
1.511943 -1.834681 -0.566313
-0.060176 -2.311334 -2.070425
-0.034009 -2.286242 -2.087692
-0.262632 -2.391115 -2.051743
-1.841802 0.135352 -1.733800
-1.865127 0.473110 -1.907995
-0.996982 1.703225 -2.056909
-0.730088 1.729054 -1.172175
-0.970845 1.555842 -0.851980
-0.957534 1.478664 -0.806743
-1.010156 1.454814 -0.798378
-1.604922 0.494719 0.523102
-1.597979 -0.106910 1.217483
-1.370874 -0.322722 2.679242
-1.284468 -0.256398 2.762985
-0.146909 0.632930 3.285238
0.189893 0.324703 2.963029
0.779380 0.815672 2.721446
1.129839 0.751642 2.577599
0.747388 0.903672 2.592482
1.298696 0.038228 1.816140
1.303872 -0.047890 1.701025
0.944014 -0.862106 0.674559
0.828804 -2.234317 -1.157606
0.378760 -2.001430 -1.669711
-1.306650 -0.979589 -1.780952
-1.306650 -0.979589 -1.780952
-1.294014 -0.996010 -1.868900
-1.789697 0.774452 -1.603600
-1.022949 1.059923 -1.615195
-0.970845 1.555842 -0.851980
-1.563814 0.544354 0.429764
-1.606084 0.498597 0.436286
-1.665908 0.405666 0.512688
-1.552837 -0.182624 1.579734
-1.134678 -0.261055 2.832142
-1.040024 -0.232279 2.878633
0.156016 0.324466 3.367877
1.275591 -0.048859 1.732847
1.513476 -1.785186 -0.378144
0.941909 -2.172670 -0.875561
0.854697 -2.258532 -1.112523
0.439585 -2.030015 -1.351755
0.419844 -2.060843 -1.563657
-1.845830 0.259380 -1.565345
-0.844185 1.672882 -1.170623
-1.644468 0.387399 0.472077
-1.547485 -0.158108 1.062020
-1.614497 -0.083769 0.629404
-1.497109 -0.195902 1.602044
-0.972686 -0.394682 2.860547
-0.993208 -0.428993 2.726485
-0.810430 -0.268095 2.933191
0.050854 0.337310 3.397208
0.289292 0.113306 3.124689
0.538203 0.134225 2.907520
0.795435 0.275297 2.807213
0.996689 0.324766 2.827875
1.034961 0.448958 2.814763
1.095513 0.394467 2.787852
1.095513 0.394467 2.787852
1.288603 0.252080 2.633625
1.276968 0.448775 2.581174
1.265186 0.226946 2.594236
0.899990 -0.262204 1.850744
1.507085 -1.589577 0.406369
1.509433 -1.636823 0.162007
0.397700 -1.897578 -1.168318
0.369932 -1.989863 -1.184804
0.403389 -1.943143 -1.321519
0.368555 -1.900935 -1.364115
0.256592 -2.079769 -1.317017
-0.173027 -2.326610 -1.754624
-1.332051 -0.826096 -1.682168
-1.695147 0.023188 -1.685055
-1.821958 0.129673 -1.543098
-1.004487 0.921668 -0.558053
-1.256978 0.767966 -0.014849
-1.665347 0.309658 0.489503
-0.536841 0.532785 3.182217
-0.603574 0.429238 3.237166
-0.288843 0.600726 3.328069
-0.442676 0.485811 3.369410
-0.173784 0.594126 3.361884
0.194521 0.186884 3.537870
0.581528 0.063710 2.999672
0.669473 0.098821 2.920766
0.774517 0.130967 2.890554
0.774517 0.130967 2.890554
0.899873 0.190550 2.855933
1.216084 0.422788 2.764110
1.312476 0.151938 2.599032
0.965713 -0.488457 1.507506
1.446318 -1.680429 0.160626
1.408823 -1.804480 0.196932
-0.209741 -2.333472 -1.691709
0.026606 -2.237966 -1.762386
-1.352456 -0.809784 -1.644761
-1.413154 -0.184573 -1.565300
-1.009360 1.073592 -1.597046
-1.004487 0.921668 -0.558053
-1.439233 0.681404 -0.010173
-1.682085 0.503841 0.138958
-1.668462 0.456126 0.387558
-1.672217 0.305633 0.362959
-1.566885 0.208251 0.484296
-1.498457 -0.180784 0.906387
-1.006006 -0.414731 2.460008
-1.016196 -0.482587 2.723318
-1.027178 -0.541169 2.750306
-0.997573 -0.487285 2.823737
-0.972686 -0.394682 2.860547
-0.810430 -0.268095 2.933191
-0.622241 0.388694 3.220518
0.525215 -0.053908 3.107991
0.703384 0.063830 2.967933
0.819014 0.108483 2.912702
1.298071 0.218624 2.667501
0.899990 -0.262204 1.850744
0.913589 -0.511298 1.547862
0.413018 -1.912272 -1.129171
0.362988 -1.988579 -1.103272
0.091411 -2.096419 -1.328480
0.164893 -2.125284 -1.304929
-1.817656 0.388143 -1.415163
-1.798140 0.702828 -1.487448
-0.965215 1.676820 -1.619453
-0.997812 1.584365 -1.193023
-1.682085 0.503841 0.138958
-1.597188 0.206030 0.435648
-1.601899 0.105964 0.503450
-1.662695 0.100978 0.547782
-1.614497 -0.083769 0.629404
-1.491333 -0.173413 0.972182
-1.024175 -0.601914 2.714740
-0.622241 0.388694 3.220518
-0.565674 0.127287 3.258693
0.155352 0.009598 3.678659
0.276968 0.049136 3.577689
0.737690 -0.632218 3.324417
0.578887 -0.830046 3.363085
0.712720 -0.905890 3.175099
0.638735 -0.878881 3.308453
0.073052 -0.939920 2.906668
-0.196675 -1.039039 2.841504
-0.196675 -1.039039 2.841504
-0.484380 -1.190457 2.642334
-0.420210 -1.156993 2.719966
-0.620806 -0.987212 2.665582
-0.929658 -0.788239 2.614516
-1.502510 -0.168889 0.631429
-1.608120 0.106433 0.430126
-1.686353 0.475627 0.012808
-1.635166 -0.021681 0.450784
-1.575859 -0.119103 0.606747
-1.358882 -0.245933 0.630306
-0.529692 -1.187145 2.529630
-0.318770 -1.121006 2.772764
0.175635 -0.983439 2.901286
0.486450 -1.018766 3.050440
0.712720 -0.905890 3.175099
0.377910 -0.074083 3.600523
0.716426 0.023820 2.983977
0.762280 0.076633 2.930806
0.819014 0.108483 2.912702
1.105723 0.049362 2.942333
0.893633 -0.261925 1.941676
0.891606 -0.229247 2.575256
0.893633 -0.261925 1.941676
1.506167 -1.563221 0.575583
0.209126 -2.023275 -1.140406
0.031367 -2.118258 -1.331768
-0.693042 -1.268295 -1.257656
-1.319990 -0.227614 -1.473682
-1.560449 -0.082487 -1.506055
-1.828950 0.293419 -1.510069
-1.778701 0.634683 -1.206188
-1.668726 -0.000663 0.203828
-1.013711 -0.673891 2.588467
-1.021650 -0.394702 1.909891
-1.397471 -0.221442 0.571614
-1.493101 -0.155096 0.422625
-1.612710 -0.092364 0.406322
-1.614712 -0.085693 0.296262
-1.686353 0.475627 0.012808
-1.719849 0.566649 -0.489651
-1.674126 -0.002519 0.088336
-1.229570 -0.312176 0.632217
-0.686411 -1.119527 2.413553
-0.529692 -1.187145 2.529630
-0.484380 -1.190457 2.642334
-0.336411 -1.187232 2.850769
0.305391 -0.960197 2.877825
0.518779 -1.040479 2.862316
0.791426 -0.340341 3.383678
0.638032 -0.198737 3.432506
0.585884 -0.072162 3.406499
0.942837 -0.792468 1.592809
1.373218 -1.779715 0.501302
0.035044 -2.164984 -1.138308
-1.437656 -0.129615 -1.504824
-1.228843 -0.309907 0.549211
-1.114351 -0.302211 0.556345
-1.053559 -0.346253 1.012458
-0.988813 -0.816228 2.407601
-1.002080 -0.339172 0.969716
-1.731274 0.366626 -0.496518
-1.087827 -0.319171 0.412754
-0.818423 -1.057471 2.349836
-1.042685 -0.462173 0.965563
-1.681494 0.645688 -0.508911
-1.728696 0.429235 -0.554113
-1.692813 0.684869 -0.730737
-1.715537 0.593198 -0.539416
-1.710210 0.623529 -0.586102
-1.715537 0.593198 -0.539416
-0.722217 -1.081934 2.380849
-0.411831 -1.190033 2.575632
-0.394043 -1.173729 2.688427
-0.886880 -1.038836 2.060662
-0.880210 -0.993189 2.022874
-1.653901 -0.038241 -0.512310
-1.745439 0.335088 -0.642565
-1.722505 0.665195 -0.988775
-1.706118 0.321833 -0.621608
-1.712681 0.401353 -0.520297
-1.740693 0.143230 -0.522080
-1.091411 -0.311577 0.268167
-1.098159 -0.520058 0.933503
-1.022192 -0.737585 0.957062
-0.395278 -1.231283 2.714961
-1.092061 -0.706210 0.929505
-1.659712 0.004115 -0.527561
-1.680161 0.303929 -0.566401
-1.683335 0.047851 -0.582607
-1.683335 0.047851 -0.582607
-1.022192 -0.737585 0.957062
-0.420854 -1.261045 2.801690
0.600181 -1.016340 2.962878
0.775630 -0.108110 3.130095
1.060435 -0.055092 3.038788
0.137969 -2.044142 -1.121603
-0.355000 -2.277793 -1.479902
-0.456323 -2.219965 -1.500979
-1.445835 -0.152910 -1.465656
-1.697417 -0.006068 -0.640075
-1.084341 -0.750144 1.016176
-0.395278 -1.231283 2.714961
-0.367505 -1.416386 2.704079
0.518779 -1.040479 2.862316
0.565161 -1.029263 2.888195
0.933677 -0.744435 3.061165
0.977017 -0.608118 3.124154
0.903013 -0.107182 3.125323
0.940054 -0.783124 1.701460
0.018916 -2.169483 -1.068575
-0.031050 -2.139334 -1.112037
-0.775449 -1.832411 -1.184458
-1.798203 0.304286 -1.203769
-1.439531 -0.145770 -0.555472
-1.089502 -0.788450 0.897054
-0.439985 -1.183531 2.042275
0.569365 -1.158341 2.837079
0.557769 -1.659125 2.157506
0.154722 -1.952682 1.759886
0.187783 -1.911477 2.037382
-0.388174 -1.781115 1.942222
-0.276372 -1.875352 1.467475
-0.440679 -1.773594 1.437992
-0.810361 -1.118087 0.399523
-1.084863 -0.975814 0.155554
-1.074224 -0.961342 0.104248
-1.191377 -0.345708 -0.552345
-1.157617 -0.271735 -0.630519
-1.560386 -0.078862 -1.196470
-1.727788 0.025338 -0.921539
-1.105483 -0.824765 0.414122
-1.072642 -0.919861 0.913344
-1.071108 -0.893460 1.010450
-1.035181 -0.955515 1.000951
0.526396 -1.263576 2.837055
0.293799 -1.849653 2.194205
0.103921 -1.878031 2.030106
-0.047803 -1.896014 2.053388
-0.150469 -1.881137 2.017914
-1.062681 -0.978962 0.390388
-1.206025 -0.708546 -0.461409
-1.207192 -0.425520 -0.533035
-1.425757 -0.173537 -1.183045
-1.775493 0.105253 -1.198772
-1.118579 -0.869451 0.438803
-1.072642 -0.919861 0.913344
-0.477334 -1.182926 1.430808
-0.365659 -1.587744 2.536752
-0.326782 -1.487099 2.627565
-0.203740 -1.442161 2.629257
-0.041440 -1.475685 2.536859
0.067534 -1.469354 2.516130
-0.187104 -1.518997 2.568841
0.526396 -1.263576 2.837055
0.472231 -1.430860 2.751227
0.425449 -1.377244 2.688386
0.372617 -1.387890 2.679368
-0.205889 -1.776207 2.444366
-0.966055 -1.010393 0.967723
-1.023511 -0.988709 0.780723
-1.086611 -0.946212 0.436286
-1.033818 -0.977295 0.407502
-0.426445 -1.650178 2.003432
-0.458345 -1.440388 2.029634
-0.382607 -1.762318 2.203469
-0.385986 -1.674988 2.370000
0.207881 -1.885402 2.228596
0.106431 -1.860186 2.211297
-0.388174 -1.781115 1.942222
-0.434165 -1.700717 1.944388
0.428145 -1.569174 2.673217
0.462344 -1.447168 2.718862
-0.231685 -1.848216 2.286153
-0.231685 -1.848216 2.286153
-0.382607 -1.762318 2.203469
-0.403057 -1.767209 2.067826
0.412056 -1.758027 2.533618
-0.001255 -1.864509 2.238269
-0.225176 -1.854793 2.063270
-0.324419 -1.807332 1.961644
-0.324419 -1.807332 1.961644
0.350303 -1.822972 2.449058
0.595903 -1.615001 2.474205
0.289990 -1.846469 2.401133
-1.418262 -0.135564 -1.204802
-1.213594 -0.389246 -0.624316
-1.140142 -0.953314 -0.216841
0.431895 -1.753138 2.007490
1.276177 0.017126 2.620929
1.219658 -0.036415 2.652786
0.964844 -0.767584 1.834699
1.506787 -1.488704 1.015950
-0.031050 -2.139334 -1.112037
-0.733550 -1.953307 -1.177999
-0.663950 -1.256483 -1.174247
-1.323477 -0.235804 -1.195370
-1.437368 -0.166907 -1.266182
0.563442 -1.049073 2.115777
0.994145 -0.585869 3.073827
0.965762 -0.382700 3.196856
0.949438 -0.300969 3.266369
0.741392 -0.937586 1.843483
0.701748 -1.629369 1.701006
0.605698 -1.664864 1.672411
0.615845 -1.710332 1.431138
0.438135 -1.791142 0.581674
0.095610 -2.014575 0.402252
0.005640 -2.023223 0.388438
-0.063096 -2.061164 0.567786
-0.298286 -2.016365 0.001428
-0.479395 -1.886878 -0.037753
-0.365151 -1.970456 -0.048025
-0.424028 -1.943509 -0.092624
-0.543423 -1.879353 -0.107675
-0.543423 -1.879353 -0.107675
-0.648144 -1.541568 -0.557876
-0.686543 -1.568498 -0.510780
-0.702036 -1.525095 -0.601175
-0.668359 -1.628596 -0.548820
-0.676934 -1.492055 -0.585772
-1.237066 -0.559707 -0.810918
-1.204111 -0.891040 -0.466467
-0.590488 -1.550192 0.425451
-0.071475 -1.970161 1.475346
0.548896 -1.667589 1.961388
0.958774 -0.527538 3.091041
0.943979 -0.756632 2.327484
0.564087 -1.590738 1.732828
0.319844 -1.854240 1.110010
0.158667 -1.938856 1.099324
0.007842 -2.027164 1.036745
-0.036665 -2.051580 0.741424
-0.238770 -1.930598 0.758503
-0.180664 -1.992670 0.780429
-0.581377 -1.749786 0.400954
-0.550762 -1.817135 0.428471
-0.603408 -1.609525 0.277298
-0.558091 -1.832432 0.288950
-0.509502 -1.488303 -0.020093
-0.509502 -1.488303 -0.020093
-0.500811 -1.307711 -0.052769
-0.654043 -1.388713 -0.084178
-0.678267 -1.309202 -0.549467
-1.251582 -0.382642 -1.048115
-0.534365 -1.202328 0.393029
0.579434 -1.578907 1.954451
0.990767 -0.516904 3.127656
0.889326 -0.208107 3.062125
0.994145 -0.585869 3.073827
0.933677 -0.744435 3.061165
0.727998 -0.935043 2.092236
0.521460 -1.133302 1.963294
-0.587329 -1.262421 0.370116
-0.802563 -1.190127 -0.539513
-1.248462 -0.470875 -0.944459
-1.216465 -0.508882 -1.012319
-1.218823 -0.741042 -0.803451
-1.231592 -0.813909 -0.622563
-1.181309 -0.961069 -0.600381
-1.132105 -0.990862 -0.508476
-0.015908 -2.020303 1.136667
-0.550762 -1.817135 0.428471
-0.581377 -1.749786 0.400954
-0.585513 -1.667293 0.410413
-0.466670 -1.205450 -0.049394
-0.487056 -1.223879 -0.033983
-1.256816 -0.569662 -0.984936
-0.694858 -1.235261 -0.558728
-0.941572 -1.098838 -0.546334
-0.271563 -1.950880 0.741421
0.940181 -0.282225 3.039427
0.597686 -0.084030 3.122671
-0.626670 -1.233376 -0.546182
-0.529429 -1.598178 0.014734
-0.173286 -1.971677 0.693592
0.007842 -2.027164 1.036745
0.089263 -1.999989 1.015715
0.197847 -1.894068 1.042587
0.605698 -1.664864 1.672411
0.564087 -1.590738 1.732828
0.539526 -1.629218 1.377374
0.605962 -1.615528 1.738228
0.564087 -1.590738 1.732828
0.558330 -1.058257 1.968512
0.894380 -0.217441 2.833405
0.941846 -0.404427 2.602022
0.404399 -1.775938 0.983991
0.242500 -1.907865 1.007844
-0.558091 -1.832432 0.288950
-0.442207 -1.919685 0.263139
-0.650308 -1.581182 -0.089875
-0.645068 -1.785119 -0.147118
-0.688120 -1.455826 -0.543226
-0.604409 -1.271002 -0.584611
-0.678638 -1.261980 -1.113080
-0.619307 -1.801191 0.071122
-0.172769 -2.021973 0.587203
0.320669 -1.779393 1.075630
-0.604409 -1.271002 -0.584611
-0.561406 -1.233513 -0.604561
-0.634014 -1.426184 -0.581302
-0.503521 -1.895831 0.023289
0.520913 -1.656360 1.037576
-0.634014 -1.426184 -0.581302
0.555957 -1.062280 1.913800
0.670225 -0.983747 1.957701
0.936489 -0.776985 2.065189
0.918042 -0.265732 2.574373
0.575591 -1.053563 1.839961
0.839351 -0.949636 1.840276
0.516221 -1.102520 1.756225
0.712988 -0.952454 1.900824
-0.663950 -1.256483 -1.174247
-0.685591 -1.826084 -0.531775
-0.378330 -2.003967 -0.083727
-0.185464 -2.094486 0.025897
-0.017690 -2.080146 0.257218
0.517378 -1.658390 0.982500
1.001636 -0.839835 1.868433
0.964844 -0.767584 1.834699
0.922568 -0.801026 1.858383
0.448740 -1.807151 -0.383429
-0.266440 -2.238467 -1.054845
-0.174043 -2.208042 -1.081293
-0.665815 -1.996131 -1.057376
-0.685591 -1.826084 -0.531775
-0.084263 -2.123896 -0.064963
-0.042900 -2.109223 -0.030831
-0.030908 -2.075979 0.360253
-0.017690 -2.080146 0.257218
0.076040 -2.033029 0.277487
0.447275 -1.786607 0.498846
0.513647 -1.647726 0.957575
1.001636 -0.839835 1.868433
0.464404 -1.775775 -0.128411
-0.542407 -2.056571 -1.088344
-0.042900 -2.109223 -0.030831
0.497036 -1.704965 0.582850
1.085093 -0.821518 1.841544
-0.144312 -2.245798 -1.053378
-0.196665 -2.102609 -0.092549
0.163076 -1.986050 0.222711
0.126655 -1.936660 0.247439
0.126655 -1.936660 0.247439
0.311289 -1.883631 0.337859
0.287905 -1.829488 0.387642
1.058691 -1.878015 1.422081
1.028374 -1.683327 1.588673
1.029497 -1.929679 0.969362
0.507100 -1.686685 0.661383
0.497036 -1.704965 0.582850
0.491211 -1.711990 0.474942
0.294585 -1.850069 0.223767
0.301523 -1.902127 0.216906
0.145527 -1.860580 0.235812
0.268931 -1.884445 0.240311
0.930425 -1.912549 0.956324
-0.169917 -2.149567 -0.328153
-0.071582 -2.136050 -0.253246
0.057407 -2.080446 -0.328567
1.159316 -1.823443 1.322698
1.232549 -0.879224 1.779477
1.356108 -1.667716 1.301936
0.668833 -1.850942 0.545909
-0.207358 -2.172803 -0.561400
-0.183115 -2.164645 -0.454542
-0.069707 -2.113745 -0.333240
1.280210 -1.737820 1.269537
1.291738 -1.032497 1.751737
1.189092 -1.828577 1.035338
-0.087285 -2.153306 -0.359003
1.192983 -1.778964 1.126091
1.296968 -1.122220 1.702972
1.314707 -1.242978 1.642998
1.317080 -1.018699 1.705263
1.292144 -0.909227 1.697674
1.365513 -1.051913 1.677727
1.123745 -1.870574 0.943435
-0.207358 -2.172803 -0.561400
1.317080 -1.018699 1.705263
-0.394043 -1.173729 2.688427
0.298184 0.044288 3.135884
0.446543 0.029456 3.107892
-0.731147 -0.220788 2.989506
-0.565674 0.127287 3.258693
0.129687 0.126746 3.569521
0.162534 0.057026 3.552538
0.085415 -0.867217 3.102337
-0.653203 -0.303717 2.951631
0.079219 0.091987 3.565545
-0.237651 -0.087596 3.514342
-0.388062 0.010124 3.472244
-0.476147 -0.053625 3.257597
-0.557764 0.028430 3.283891
-0.527417 -0.025814 3.229224
-0.476147 -0.053625 3.257597
-0.327773 0.075650 3.453043
-0.388062 0.010124 3.472244
-0.388579 0.043380 3.472053
-0.306143 0.155909 3.412173
-0.314702 0.179122 3.371062
-0.494805 0.064687 3.449102
-0.108560 -0.972485 2.854523
-0.076577 -0.937872 2.894588
-0.576997 -0.690299 2.697858
-0.123818 -0.181040 3.483476
-0.155239 -0.034452 3.519550
-0.010854 -0.364527 3.685427
0.155352 0.009598 3.678659
0.035259 -0.818822 2.889933
-0.162168 -0.995193 2.932477
-0.400562 -0.087840 3.093777
-0.041211 -0.158754 3.518226
0.029736 -0.796757 3.116742
-0.070566 -0.868160 3.093048
-0.048872 -0.170784 3.246851
-0.041211 -0.158754 3.518226
0.045908 -0.812283 3.243335
-0.080474 -0.540253 3.151925
-0.065664 -0.758136 3.130478
-0.185273 -0.524628 3.056795
0.025576 -0.791980 3.051278
-0.319990 -0.250939 3.119908
0.045908 -0.812283 3.243335
-0.209595 -0.410692 3.092918
-0.147822 -0.184383 3.136156
-0.059575 -0.360027 3.312072
0.039492 -0.792921 3.540143
-0.212197 -0.378683 3.130084
-0.048872 -0.170784 3.246851
0.042778 -0.728374 3.647462
-0.059634 -0.275453 3.241930
-0.074609 -0.249712 3.072553
-0.056753 -0.182553 3.076046
-0.077612 -0.276346 3.146399
-0.078501 -0.272874 3.230136
0.039492 -0.792921 3.540143
-0.003394 -0.632672 3.270314
-0.030532 -0.451876 3.297371
-0.549619 0.030536 3.091533
0.131816 -2.189848 -1.743958
0.399580 -1.952941 -1.392392
1.509433 -1.636823 0.162007
1.223472 0.549271 2.584478
0.915078 0.384238 2.766883
0.803579 0.337875 2.785692
1.186929 0.606942 2.572759
1.283696 0.089319 1.945120
1.291157 -0.023488 1.937046
1.164873 -0.127814 1.824795
1.495503 -1.792616 -0.333687
0.403853 -1.975431 -1.536095
0.389502 -1.989637 -1.569125
0.389502 -1.989637 -1.569125
0.189258 -2.165889 -1.782694
0.117842 -2.174649 -1.769068
1.198213 -2.315749 -1.829396
0.966963 -0.966661 -0.435416
0.957168 -0.940032 -0.410843
1.042212 -0.362214 0.067363
0.954858 -0.824271 -0.408566
1.247134 0.655910 1.207739
1.560996 -1.440124 -1.456348
0.976157 -0.390946 -0.390998
0.966934 -0.401927 -0.423415
1.360186 -2.311456 -2.714326
1.382266 -2.311569 -2.740928
1.080059 -0.433773 -0.907781
1.427207 -0.123966 -0.499394
0.902554 0.866073 0.520268
0.199521 0.914697 1.941948
-0.198379 1.351201 1.780179
-0.301558 1.216438 1.801529
0.199922 1.552734 1.675591
0.900781 0.935348 0.284132
0.905835 0.915670 0.190657
0.896577 0.928885 0.093052
1.569453 0.209911 -0.809091
1.577700 0.385765 -0.795578
1.275454 -0.359215 -1.549572
1.126318 -0.498695 -1.592003
1.126318 -0.498695 -1.592003
1.046294 -0.487473 -1.575338
1.082124 -1.029293 -1.911545
1.343130 -1.699462 -3.020918
1.478247 -2.074876 -2.801128
1.030527 -0.995540 -1.522188
0.717070 1.442391 1.657700
0.468833 1.432325 1.826889
0.163062 0.940302 1.874855
-0.268999 0.835038 2.072039
-0.280708 1.048735 1.916607
-0.030542 1.474704 1.715474
1.537788 0.416645 -0.474693
1.523086 0.561374 -0.562935
1.122759 -0.470456 -1.311024
1.480127 -1.773491 -2.952054
1.064609 -0.781547 -1.514742
1.122759 -0.470456 -1.311024
1.102803 -0.448909 -1.075329
1.502139 0.555930 -0.363493
1.460542 0.506521 0.080456
0.725508 1.477623 1.344842
0.163062 0.940302 1.874855
1.502139 0.555930 -0.363493
1.438491 0.626817 -0.398605
1.519761 0.341426 -0.498870
1.221499 -0.410584 -1.118984
1.051860 -1.029056 -1.544837
1.164326 -0.409996 -1.088295
0.079521 0.999887 1.865174
-0.015474 1.017433 1.866620
0.152271 1.519482 1.741068
1.072729 -0.933274 -1.540348
-0.069214 0.963760 1.894453
-0.063901 0.927135 1.964940
-0.015474 1.017433 1.866620
1.044526 -0.477800 -1.509350
1.046294 -0.487473 -1.575338
-0.891636 -1.341252 -2.879291
1.103428 -1.123202 -2.816822
0.348677 -0.000255 -2.857974
0.393950 0.055100 -2.901399
-0.862329 1.307314 1.632537
-1.074556 1.106508 1.782622
1.732329 0.400167 -1.951315
132 133
342 346
462 463
133 145
146 147
85 90
193 197
338 339
333 347
32 33
138 156
479 480
770 771
45 47
624 625
349 350
175 181
424 425
52 53
114 177
365 366
148 195
637 665
331 332
411 446
351 352
387 388
405 406
155 167
242 283
1032 1033
355 356
315 316
1147 1269
325 326
409 410
151 167
353 354
24 111
276 293
420 421
182 183
430 431
299 300
890 891
37 38
897 898
243 267
67 68
1415 1416
391 392
412 413
403 404
176 180
93 94
438 439
645 646
772 773
278 288
432 433
758 760
6 11
1028 1054
426 427
228 238
434 435
563 597
1382 1395
491 492
343 344
30 31
123 124
161 162
65 75
371 373
328 360
416 417
141 222
323 324
336 337
50 51
128 129
129 155
449 450
63 109
160 179
1165 1318
1300 1301
390 397
377 378
79 81
389 390
601 610
845 901
117 134
372 374
393 394
960 1407
383 400
876 883
1126 1299
169 175
398 399
329 330
0 1
113 130
562 569
460 461
622 628
384 385
473 474
455 456
16 18
140 170
49 63
578 579
414 415
516 532
566 586
655 656
153 154
345 348
319 320
395 396
706 707
102 104
453 454
111 112
251 263
1870 1932
822 871
245 264
575 576
322 359
334 335
194 198
198 207
517 525
361 362
536 559
199 203
593 594
751 752
407 408
533 565
540 564
917 918
7 8
1839 1954
1109 1125
2890 2961
767 768
357 358
77 88
277 287
1232 1233
375 376
340 341
896 959
57 62
369 459
1052 1102
961 1202
657 692
127 137
240 247
1206 1212
59 78
367 368
269 275
70 80
158 159
585 613
674 682
678 679
1113 1114
125 152
1145 1361
744 745
444 445
22 42
401 402
447 448
440 441
12 13
120 139
130 221
519 520
531 536
1200 1250
1941 1957
1945 1962
542 543
466 643
321 327
266 284
3040 3064
363 364
442 443
370 379
1375 1376
547 763
418 419
43 48
48 64
616 617
1180 1181
1210 1278
1487 1584
1577 1578
608 618
116 136
14 15
541 551
968 1017
702 711
967 1037
237 253
526 527
475 501
2320 2353
208 209
188 189
271 279
494 500
87 89
186 187
58 78
993 1002
28 29
285 286
523 524
535 589
544 602
1136 1205
774 775
230 239
256 261
190 200
1039 1040
948 981
1008 1378
292 301
470 471
983 984
554 555
171 197
640 641
422 423
1157 1187
1397 1398
166 174
305 306
46 54
1306 1316
72 74
5 19
19 25
381 382
629 630
721 726
39 48
61 105
172 192
4 5
1248 1249
727 728
865 882
792 1089
40 41
2 13
939 940
217 219
282 312
436 437
82 83
114 115
823 850
170 185
559 560
206 212
756 757
23 36
55 57
317 318
828 829
830 831
1186 1191
289 296
250 255
17 20
1117 1118
548 785
673 684
73 84
223 224
118 119
96 106
209 216
693 704
34 111
258 270
469 488
238 244
2723 2774
66 82
219 220
1720 1735
1036 1069
922 1403
573 574
991 992
1442 1563
796 884
910 1419
1505 1595
715 716
538 539
778 779
504 505
1441 1509
3 27
226 232
457 458
69 103
795 836
529 530
1184 1314
428 429
1320 1324
122 131
233 248
872 873
794 808
298 304
91 92
966 1001
262 265
186 220
291 313
676 680
935 936
157 168
626 627
3122 3153
181 213
661 662
580 581
1055 1247
214 215
286 311
553 567
780 781
210 211
518 782
380 386
708 709
290 298
838 839
742 743
26 44
556 577
9 10
739 740
235 236
260 272
144 150
689 690
800 859
1146 1166
1274 1287
953 985
671 672
88 101
201 202
142 143
1099 1173
1110 1137
949 950
2395 2494
2429 2493
659 660
841 887
2764 2883
855 856
2612 2753
1506 1576
1086 1087
252 314
1937 2092
1276 1277
1022 1030
1281 1286
180 218
135 163
1473 1474
1215 1216
467 468
1267 1268
1404 1405
534 558
1082 1112
847 896
241 259
1167 1168
620 621
1774 1900
833 870
793 794
489 495
506 507
599 600
121 126
451 452
648 747
1025 1053
21 110
1878 1890
1586 1636
1027 1048
1096 1097
652 653
670 705
86 97
60 100
1907 1942
737 738
956 994
483 498
1018 1373
1019 1074
249 257
615 651
1209 1329
1531 1532
694 695
71 100
95 100
906 1410
3129 3175
719 720
487 509
2758 2795
1092 1093
308 309
826 867
895 925
842 856
1952 1953
3329 3385
2607 2649
882 1001
1733 1775
649 703
1767 1837
76 77
572 587
1524 1543
1805 1818
178 191
1273 1279
274 281
930 952
787 1259
1124 1164
666 667
687 688
776 777
1043 1066
1312 1319
1000 1010
2058 2059
1024 1071
902 903
2834 2903
107 108
10 43
1020 1021
1057 1372
288 310
229 261
1049 1377
1746 2196
1766 2198
231 238
611 612
528 552
2208 2230
149 173
1385 1392
603 609
1041 1050
724 725
729 730
1988 2055
1090 1105
944 974
225 239
1393 1394
1940 1961
1056 1064
817 818
1447 1560
570 595
878 879
1029 1065
3507 3508
764 769
591 592
3030 3198
2470 2517
98 99
1127 1201
2908 2909
798 863
35 56
164 165
619 691
754 755
2392 2407
2795 2937
1078 1103
571 620
1077 1091
1328 1344
2867 2987
1245 1252
1683 1684
957 958
1235 1238
1791 1847
651 664
824 825
300 307
1690 1799
1498 1499
1247 1305
1058 1059
1641 1642
1009 1044
1884 2150
1098 1128
2393 2427
184 217
788 789
1422 1423
1133 1337
485 486
789 1095
1401 1402
1762 1832
927 1384
2032 2033
1856 1893
1349 1356
2467 2468
1011 1045
1175 1176
998 1374
2057 2090
2088 2100
1154 1155
302 303
1351 1354
2879 2880
1188 1196
2360 2384
2361 2419
1517 1555
1645 1646
2104 2105
2273 3289
1366 1371
1516 1535
741 746
1185 1195
1388 1389
1951 2000
1369 1370
2720 3468
521 522
911 912
921 1406
1229 1241
1350 1357
1513 1526
1449 1521
1321 1325
797 900
1679 1697
2038 2113
1213 1214
1758 1788
2818 2960
2165 2177
1533 1534
3298 3320
1427 2132
1062 1063
874 915
1208 1209
712 713
246 254
2516 3490
1342 1360
1222 1223
638 734
1661 1717
1239 1271
1583 1619
1131 1138
1381 1388
472 508
490 514
1699 1707
790 1162
1613 1648
1265 1288
1497 1523
1182 1183
1304 1313
1510 1541
1711 1740
853 861
1151 1159
3414 3437
1013 1014
1303 1315
1322 1323
1912 1913
1858 1896
2817 2890
273 280
1429 1430
1161 1246
1617 1627
2505 2506
1475 1476
1152 1153
598 623
892 893
1203 1204
634 714
1734 1748
696 697
718 722
1293 1294
1160 1161
1310 1311
955 990
815 889
1469 1515
2483 2484
1217 1225
860 913
1731 1732
668 669
943 1394
972 973
1038 1084
971 1026
1244 1270
2166 2175
1916 2160
1383 1400
2577 2604
654 658
642 644
1257 1266
1728 1757
1928 1929
549 550
1390 1391
1255 1256
196 205
204 205
1934 2037
1804 1851
1158 1177
698 699
499 786
2005 2006
834 835
1343 1347
1072 1073
2204 2214
2698 2722
722 723
2687 2755
2756 2757
3343 3364
295 297
2292 2324
2379 2414
1622 2223
1462 1486
3124 3189
2802 2835
1994 2070
899 1408
904 905
1433 1434
2747 2828
2280 2387
1783 1806
2311 2373
1500 1525
2130 2140
2136 2138
2804 2816
2308 2364
3494 3509
2295 2381
1752 1761
2065 2066
1308 1309
2679 2680
1472 1490
1482 1483
1108 1119
1985 1999
2955 3059
502 503
858 868
3415 3419
2658 2677
1716 2197
2652 2735
2330 2363
3009 3411
2214 2224
2238 3021
1295 1302
1902 1984
3339 3356
3424 3434
3430 3443
2655 2688
2067 2068
805 814
1545 1562
1605 1625
2565 3476
2070 2075
3193 3266
1352 1353
224 294
806 809
809 810
1930 2159
2457 2473
1016 1061
2027 2029
3323 3334
2986 3037
2420 2453
2049 2067
1785 1810
1330 1331
584 604
3130 3146
1047 1132
545 546
2531 2532
1904 1925
2377 2406
1080 1081
1254 1307
1700 1751
1587 1599
512 515
1901 1933
2034 2071
3106 3136
1501 1551
3022 3057
1632 1633
1975 1976
1742 1754
3125 3126
2885 3448
3274 3275
1914 1915
1655 1686
2161 2163
932 933
2350 2413
1284 1285
1291 1292
843 844
2618 2654
2327 2328
750 753
1807 1809
820 821
1413 1414
2116 2127
2263 2365
1995 2018
2158 2165
1910 1911
1088 1136
2678 2699
1564 1594
2170 2178
1664 1665
3418 3432
2773 2858
1134 1139
3422 3423
2206 2207
1935 1936
2974 3391
2996 2997
1593 1601
1234 1275
2366 2438
1749 1792
2629 2683
2245 3278
2912 2968
1790 1801
2251 2973
1171 1174
631 639
650 731
2147 2154
2243 3354
3497 3498
2009 2015
2013 2014
941 942
2762 2789
2635 2711
3233 3313
2581 3492
2752 2839
2324 2430
647 736
2106 2107
2440 2525
1809 1826
3073 3084
2052 2098
1787 1843
1067 1098
247 268
936 937
3028 3291
675 677
2580 2606
1085 1362
3328 3341
1796 1797
3000 3001
2780 2832
988 989
2515 3501
2331 2437
2498 2499
2797 2895
3232 3277
2914 2945
496 497
977 1418
2417 2497
681 686
2682 2705
1148 1149
1219 1237
2975 3388
2926 3449
799 819
588 607
2271 2409
1964 1965
1745 1765
1454 1522
2002 2023
2798 2810
1459 1500
2382 2416
2394 2428
3082 3120
1453 1510
2812 2901
2790 2799
2487 2609
557 561
1849 1879
732 733
1141 1142
1540 1556
1143 1144
970 1386
605 606
1339 1355
1440 2225
2221 2227
1226 1236
1230 1240
1425 1426
1706 1759
3179 3184
1656 1725
1565 1566
1424 1862
2693 2761
1051 1068
2414 2476
2258 2444
2215 2220
2218 2219
1635 1675
2120 2135
2995 3010
3039 3065
1817 1831
1971 1990
1224 1225
2576 2603
1023 1035
2553 2554
3053 3110
3357 3370
3243 3244
938 996
1979 1980
2733 2840
1921 1958
1757 1772
2210 2211
3128 3230
2237 2524
1887 2189
2831 2860
1637 1638
2566 2600
3067 3087
1135 1364
2000 2012
2589 2714
1484 1536
3234 3252
1647 2200
2898 2945
1094 1104
663 664
1685 1712
1824 2184
1789 2191
2684 2732
3425 3426
1345 1346
2466 2514
920 1409
2862 2864
2911 2913
2972 2973
2412 2445
1741 1753
2448 2462
1820 1821
1431 1432
3493 3504
1844 1860
2614 2670
2826 2827
1919 2162
3055 3056
2745 2772
2102 2103
2035 2072
3169 3170
2269 2342
978 1046
2571 3505
3502 3524
1721 1738
2763 2773
2656 2657
3107 3140
2858 2859
2489 2490
2275 2332
3258 3317
2744 2787
2050 2109
1596 2213
3221 3321
1515 1530
2347 2348
1464 1465
2433 2434
3017 3049
2108 2122
1485 1537
1724 1794
2046 2047
1511 1559
2922 2923
2768 2783
2548 2549
965 1012
2300 2301
1660 1677
3208 3315
2669 2710
2938 2962
1702 1755
3204 3257
1747 1776
2248 2630
1466 1503
2077 2079
801 802
3119 3150
986 987
1211 1231
1220 1221
1992 2021
2905 2985
2654 2673
2156 2157
2586 2613
568 759
2239 2240
1833 1841
1854 1855
3225 3332
1714 1715
2334 2372
1015 1047
3363 3384
2725 2777
3316 3340
2707 2731
2537 2583
3014 3042
3165 3166
2942 2943
3141 3161
3240 3303
3173 3190
2386 2423
2388 2389
2861 2900
2729 2730
3090 3138
3097 3152
887 964
2173 2174
1467 1468
1195 1198
2439 2502
1592 1598
816 1412
3248 3297
3020 3054
3311 3318
632 633
2865 2936
2760 2850
1332 1336
2086 2095
2094 2097
595 596
2424 2472
1450 1654
3499 3519
2637 2638
1671 1712
1363 1365
2674 2713
2385 2401
2307 2345
1190 1194
3171 3172
1512 2233
3108 3109
2541 2672
2775 2791
1800 2190
3444 3445
683 685
2426 2441
3397 3398
1264 1288
1777 1778
3246 3247
2022 2029
1989 2036
2111 2112
875 909
3147 3228
510 511
3227 3263
3235 3236
1553 1554
2710 2736
2737 2767
1106 1107
484 783
761 762
1075 1076
3116 3346
2010 2011
2785 2807
2119 2124
2521 2585
2771 2796
2915 3389
2739 2754
2906 2988
2727 3463
1121 1326
2246 2874
2560 3495
1835 1844
995 1005
2662 2678
2559 3495
493 513
840 857
1628 1629
3484 3485
2828 2857
3215 3238
3164 3180
2598 2627
1608 1621
1769 1770
1443 1521
2288 2333
846 848
1600 2232
2584 2611
1659 1676
3436 3440
3478 3479
1798 1819
1680 1708
2043 2044
2302 2316
3491 3503
3112 3205
3255 3256
3345 3368
3474 3506
1918 1949
1781 1782
3137 3168
1743 1744
804 827
813 814
1479 1480
2479 2511
1651 1666
1631 1691
1674 1692
2555 2622
811 812
2003 2004
1649 1650
2501 2536
2917 2949
2918 2950
3429 3435
2936 3036
2712 2713
2621 2642
710 717
1528 1547
1070 1156
1981 1991
2241 2615
3072 3076
3135 3149
2875 2896
3366 3377
2518 3527
1806 1836
1822 1823
1983 2039
2096 2101
2899 3456
3416 3428
2315 2346
2782 2806
227 234
2252 2461
1034 1051
476 477
3011 3016
1471 1490
2998 2999
1827 1828
946 947
3360 3361
3005 3018
765 766
1678 1705
3199 3330
734 735
2849 2873
1379 1380
2019 2028
478 784
2408 2442
2522 2538
590 614
635 636
2349 2413
2830 2881
2073 2074
464 465
1340 1341
2815 2816
2718 2719
2314 2344
3300 3307
3305 3310
2128 2137
2247 2630
979 997
1960 1972
3152 3166
1695 1696
3264 3265
3302 3308
2249 2636
1060 1100
2402 2455
3002 3003
1698 1808
3143 3144
2854 2877
3412 3413
3176 3187
2446 2458
2123 2124
1845 1901
2610 2611
2852 2853
1115 1116
2964 2965
1885 1886
2259 2260
2847 2868
1872 1889
3194 3231
1709 1710
2666 2667
3353 3367
1990 1998
1316 1317
2808 2821
3202 3203
2125 2129
2154 2155
1079 1083
1558 1612
2309 2454
885 886
1623 1684
2539 2634
1122 1123
3026 3101
2176 2181
2186 2188
2060 2085
2686 2740
2284 2424
1802 1803
3295 3296
3249 3299
2289 2290
2450 2480
877 916
931 963
924 934
2558 2624
1712 1723
2235 2236
1825 1874
1667 1668
2578 2579
1140 1333
3068 3088
2318 2319
2844 2866
2703 2704
2741 2770
2881 2882
1973 1974
481 482
1811 1939
3292 3314
2781 2803
914 951
2171 2172
1538 1585
1282 1283
852 923
928 929
832 919
2142 2167
2045 2126
3522 3523
3217 3218
1452 1493
2265 3418
582 583
2283 2287
1455 1456
3154 3155
748 749
3331 3342
3035 3105
1959 1963
2587 2588
2572 2602
2081 2082
2856 2878
2778 2779
2570 2645
3216 3322
1445 1446
3191 3202
2695 2746
2504 2540
2304 2329
2574 2575
2959 3034
2766 2814
1931 1982
862 863
3181 3182
1736 1737
1470 1489
1101 1111
1834 1857
1730 1744
1764 1765
3115 3197
3219 3220
1571 1572
3379 3380
3250 3262
2631 2664
2939 2990
2358 2359
2205 2228
2940 2941
3290 3312
2528 2592
3177 3178
1218 1261
2471 2486
2378 2411
2685 2709
2281 2282
1334 1335
3012 3014
3506 3514
3326 3345
2590 2690
1120 1135
2076 2080
2083 2084
2824 2910
1172 1189
3134 3192
849 851
1508 1519
1197 1207
1155 1338
2765 2813
2488 2543
1556 1567
3066 3070
2963 3013
2989 3045
2503 2523
1514 1527
1526 1544
2950 2977
3118 3200
2786 2820
2250 3446
1439 1440
2056 2089
2179 2180
3100 3114
1812 1850
2001 2026
969 980
1927 1950
2117 2118
1457 1458
2921 2951
2650 2665
807 808
1974 1979
2242 2460
2477 2478
2872 2907
2561 2562
1926 1944
2114 2115
1227 1228
3293 3304
2916 2946
3211 3287
2367 2368
2370 2371
1620 2202
1997 2008
3183 3188
2016 2025
1367 1368
1897 1898
1863 2187
2398 2432
2643 2661
3052 3098
3451 3452
1591 1607
3427 3431
2182 2183
1570 1664
3050 3051
2239 2696
2253 2254
1597 2216
864 888
1582 1588
2567 3475
3390 3395
1437 2183
1396 1399
2485 2500
1917 2143
2063 2064
2312 2313
1494 1495
2303 3532
3399 3400
3103 3104
2087 2091
3260 3274
2145 2146
3229 3270
2277 2278
2278 3393
3333 3347
803 1417
1552 1582
3245 3280
1609 1610
3421 3426
1986 1987
2724 3467
3038 3047
1251 1282
1289 1290
1996 2033
3078 3079
2020 2041
1877 1878
3062 3063
2463 2512
1894 1895
1606 1618
2605 2629
2947 2948
3123 3160
2563 2625
1242 1243
2547 2639
3454 3455
3337 3350
1905 1906
3086 3094
3381 3382
1943 1964
2279 2369
2354 2415
1756 1763
3004 3019
1348 1355
3276 3281
2957 3462
3006 3409
3157 3158
3174 3184
2534 3483
2660 2695
700 701
2596 2597
3405 3408
2121 2139
2133 2134
2708 2734
3043 3044
2069 2079
1520 1557
791 976
975 982
3371 3372
3410 3417
1722 1739
2896 2897
945 1385
3058 3115
2192 2193
3206 3207
3369 3374
1358 1359
2675 2759
2689 2742
1163 1258
1793 1938
1169 1170
2428 2475
3261 3273
2405 3528
3007 3008
2274 2276
1704 1766
1488 1507
2492 2507
1253 1296
1297 1298
2337 2338
2044 2104
2721 2722
3212 3344
3285 3286
3069 3077
3335 3336
3209 3288
3376 3378
880 881
2932 2984
3510 3517
3237 3267
1272 1280
1701 1754
1448 2148
2971 2972
1573 1574
3375 3379
1518 1519
2550 2594
1779 1848
2261 2262
1657 1658
2593 2595
2813 3460
1481 1502
1896 2141
2201 2209
3511 3512
3355 3363
1643 2208
2222 2229
2836 2837
2699 3466
1867 1869
854 1411
1883 1884
2800 2829
1546 1575
2236 3101
3142 3173
1006 1007
3156 3159
2422 2435
2092 2093
2264 2668
2894 2939
2848 2871
2601 2644
1868 1899
1428 2144
2244 3397
2513 2533
3515 3520
1693 1694
2928 2929
2792 2833
1259 1260
3433 3445
1846 1874
2321 2322
1444 1561
2952 2978
1875 1876
1589 1590
2391 2425
2362 2421
2323 3531
2296 2297
2469 2482
2024 2030
1908 1909
3481 3482
962 1031
2442 2443
1920 1948
1946 1947
2343 2344
1477 1478
2981 2982
2671 2738
2702 3469
2431 2465
2053 2078
2272 2653
2226 2231
2041 2054
2697 2718
1978 1998
537 767
3254 3277
1739 1750
2336 2340
3113 3253
1581 1651
2029 2031
3213 3214
2647 2648
1760 1768
3145 3185
2925 3027
2979 3029
3403 3404
3394 3420
869 894
1771 1814
1813 1891
1829 1830
2870 2891
1615 1616
2841 2886
2887 2888
2838 2863
1610 1611
2599 2600
2876 2944
3046 3071
2700 2701
3338 3358
1438 2164
2846 2889
3033 3201
2551 2552
2042 2110
3325 3327
2519 2520
3092 3121
1460 1461
3282 3283
2403 2404
1602 1624
3239 3240
3279 3306
3480 3519
2788 2825
2527 2546
907 951
2509 2591
1199 1214
1192 1193
2663 3469
3070 3089
2819 2869
1780 1786
1866 2185
2919 2920
1923 1924
1536 1566
2632 2633
2048 2049
3195 3196
3528 3529
3133 3148
3099 3111
3251 3259
3151 3167
3365 3373
1955 1956
3048 3062
2339 2341
1865 1888
2007 2017
1864 2187
2481 2482
3487 3525
3488 3489
2298 2299
3210 3288
1880 1881
2099 2101
2399 2400
3500 3513
1033 1068
3518 3521
1420 1421
2924 2978
3477 3496
3095 3106
2694 2715
2464 2465
2418 2449
2255 2256
1129 1130
1529 1548
3241 3242
3268 3269
1977 1987
2811 2855
3439 3441
1838 1891
2149 2153
1630 1673
1672 1729
2843 2935
2904 3460
1681 1682
2257 2633
1178 1179
2691 2692
3351 3352
2927 2954
2285 2286
3031 3102
2352 2380
1003 1004
1853 1922
3060 3117
1966 1967
1968 1969
2991 2992
2396 2397
3016 3041
2194 2195
1713 1795
3093 3096
3447 3461
3461 3462
2933 2956
926 1387
1463 1539
3139 3140
2646 2681
2451 2452
2357 2383
3127 3186
1579 1580
1662 1663
2305 2306
1496 2234
1784 1792
1639 1640
1625 1687
1262 1263
1859 1861
1503 1504
1568 1569
2953 2980
1435 1436
2526 2542
2616 2617
1718 1719
2930 2931
3450 3453
2564 2598
954 964
2948 3024
2749 2750
1491 1492
2460 2510
2529 2530
3024 3025
1795 1840
3064 3066
1634 1635
2967 2994
3222 3223
3348 3349
2131 2133
2628 2644
2969 2970
3514 3516
1626 1689
3383 3386
3401 3402
2623 2661
2822 2823
2325 2326
2983 3032
2061 2062
1644 2217
2556 2557
3079 3108
3091 3387
3301 3319
2892 2893
1549 1550
1815 1816
3392 3396
2317 2351
1652 1653
2268 2270
1962 1970
2625 2626
999 1042
2436 2437
3080 3081
2748 2776
2474 2491
1150 1327
2410 2445
2168 2169
3284 3294
2568 2569
2966 2990
2884 2902
1594 1604
1842 1882
2993 3015
2619 2620
2151 2152
1892 1905
3074 3075
2651 2668
1669 1670
3309 3324
2794 2867
2641 2659
2459 2477
3162 3163
1542 2233
3131 3132
2801 2802
866 867
908 909
2266 2267
2456 3526
1688 1725
2716 2717
1703 1773
1451 1493
2051 2052
2582 2608
2544 2545
3288 3289
2900 3457
2573 2574
1726 1727
1614 1625
2310 2335
3406 3407
2769 2784
3083 3085
3061 3105
2447 2508
3359 3362
2495 2496
2934 2958
2676 2677
2976 3023
1852 1903
2535 3486
3224 3226
1871 1873
2805 2845
2793 2842
3458 3459
3464 3465
2199 2200
1563 1603
2376 2390
2706 2728
2726 2751
3470 3471
2809 2851
2640 2743
3472 3473
2291 2293
2294 3530
2203 2212
1993 2040
3271 3272
836 837
2374 2375
3438 3442
2355 2356
