11363634164992497393 3693 1900
-1.260046 -0.336671 1.209411
-1.265517 -0.535596 1.459411
-1.240748 0.365063 2.409411
-1.265517 -0.535596 1.459411
1.240149 -0.405428 1.209411
1.215858 -0.603835 1.557714
1.239324 -0.405405 2.409411
1.233304 -0.654333 2.284911
-1.235278 0.563988 1.459411
-1.240748 0.365063 2.409411
-1.240748 0.365063 2.409411
1.259447 0.296307 2.409411
-1.235278 0.563988 1.459411
-1.240748 0.365063 1.209411
-1.240748 0.365063 2.409411
1.259447 0.296307 2.409411
1.240149 -0.405428 1.209411
-1.260046 -0.336671 1.209411
-1.265517 -0.535596 1.459411
-1.266891 -0.585577 2.284911
-1.250315 0.550000 0.250000
-1.250315 0.351000 1.200000
1.250540 0.550000 0.250000
1.250826 -0.351000 -0.000000
1.250826 -0.600000 1.075500
1.231998 -0.550000 0.348303
-1.250315 0.600000 1.075500
-1.250315 0.550000 0.250000
-1.250315 0.600000 1.075500
1.250000 0.600000 1.075500
-1.250315 0.550000 0.250000
-1.250315 0.600000 1.075500
-1.250315 -0.351000 1.200000
-1.250315 0.351000 1.200000
-1.250315 0.351000 -0.000000
-1.250315 -0.351000 -0.000000
-1.250315 -0.351000 1.200000
1.250826 -0.351000 1.200000
-0.264219 -0.215874 2.359411
-0.111407 -0.220077 2.359411
-0.482873 0.593316 2.183439
0.514750 0.565881 2.284911
0.271030 0.463538 1.209411
0.118218 0.467741 1.209411
-0.109558 0.512232 2.160472
-0.243523 0.536715 2.183439
-0.264219 -0.215874 2.359411
-0.245145 0.477733 1.209411
-0.100253 0.185517 2.359411
-1.184982 0.562605 2.183439
-1.233589 0.613961 2.183439
0.503833 0.168904 2.409411
0.514750 0.565881 2.284911
-0.482873 0.593316 2.183439
-0.981142 0.556999 1.459411
-1.227153 0.563765 1.459411
-1.240434 0.365055 2.409411
-0.253065 0.189720 2.359411
-1.259732 -0.336680 2.409411
-0.981142 0.556999 2.183439
-0.981142 0.556999 1.459411
-0.264219 -0.215874 2.359411
-1.270889 -0.336373 1.209411
-1.227153 0.563765 1.459411
-1.240434 0.365055 2.409411
-1.259732 -0.336680 2.409411
-0.986613 0.358075 1.209411
-1.236262 0.364940 1.209411
1.110932 0.382435 2.059411
1.105108 0.170647 2.257848
1.087126 -0.483263 1.559411
1.085752 -0.533194 1.938821
-1.099079 -0.022679 1.236296
1.092950 -0.271475 1.286789
-0.273762 -0.562870 2.122770
0.481763 -0.633666 2.183439
0.295333 -0.628539 2.122770
0.242413 -0.577065 2.122770
0.089601 -0.572862 2.122770
0.089601 -0.572862 2.122770
-0.120950 -0.567072 2.122770
1.245059 -0.405562 1.209411
1.000729 0.155240 2.409411
0.989575 -0.250354 2.384941
1.259217 0.296314 1.209411
0.272652 0.522520 2.183439
0.514750 0.565881 2.183439
0.263466 0.188521 2.359411
0.271030 0.463538 1.209411
0.119840 0.526722 2.183439
1.265466 0.545236 2.183439
1.258622 0.296330 2.409411
0.514750 0.565881 2.183439
1.259217 0.296314 1.209411
1.004801 0.303310 1.209411
1.264092 0.495255 2.183439
1.264632 0.495240 1.459411
1.010271 0.502235 2.183439
0.514750 0.565881 2.183439
-0.100253 0.185517 2.359411
0.985503 -0.398425 1.209411
1.010271 0.502235 1.459411
-0.111407 -0.220077 2.359411
-0.120950 -0.567072 2.183439
-0.273762 -0.562870 2.122770
-0.264219 -0.215874 2.359411
-0.273762 -0.562870 2.122770
-0.272140 -0.503888 1.209411
-0.264219 -0.215874 2.359411
-1.265202 -0.535605 2.183439
-1.266577 -0.585586 2.183439
-1.266577 -0.585586 2.284911
0.481763 -0.633666 2.284911
-1.270761 -0.535452 1.459411
-1.011381 -0.542585 1.459411
-0.264219 -0.215874 2.359411
-1.011381 -0.542585 2.183439
-1.001839 -0.195590 2.370099
0.244035 -0.518083 1.209411
0.242413 -0.577065 2.122770
0.251955 -0.230069 2.359411
0.242413 -0.577065 2.183439
0.980032 -0.597349 2.183439
0.099143 -0.225867 2.359411
0.980032 -0.597349 2.183439
1.232479 -0.654310 2.284911
1.239324 -0.405405 2.409411
0.980032 -0.597349 1.459411
0.989575 -0.250354 2.384941
0.980032 -0.597349 2.183439
1.264092 0.495255 2.183439
0.099143 -0.225867 2.359411
-0.973787 0.203206 2.410650
0.503833 0.168904 2.409411
0.272799 0.527869 2.122770
0.514750 0.565881 2.284911
-0.257760 -0.278749 2.259296
0.242051 -0.292494 2.259296
-0.243376 0.542064 2.122770
-0.118349 0.192562 2.173321
-0.119328 -0.508091 1.209411
-1.265202 -0.535605 2.183439
-1.270761 -0.535452 1.459411
0.258185 0.202874 1.150000
0.258185 -0.202873 1.150000
0.258185 0.555351 0.913359
0.499000 0.600000 1.075500
0.105315 0.490996 -0.000000
0.105315 0.550000 0.974028
-0.105315 0.202874 1.150000
-0.258185 0.555351 0.913359
-0.258185 0.555351 0.913359
-0.258185 0.550000 0.974028
-0.105315 0.202874 1.150000
-1.200000 0.550000 0.974028
-1.250000 0.600000 0.974028
0.499000 0.202874 1.200000
-0.258185 0.202874 1.150000
0.499000 0.600000 1.075500
-1.242187 0.550000 0.250000
-0.996083 0.550000 0.250000
-0.258185 0.202874 1.150000
-0.258185 0.202874 1.150000
-0.996083 -0.202874 1.160688
-0.996083 0.550000 0.250000
-0.105315 -0.202873 1.150000
-0.105315 0.202874 1.150000
-1.261162 -0.351000 -0.000000
-1.250000 -0.351000 1.200000
-0.996083 0.202874 1.200000
-1.245827 0.351000 -0.000000
-1.098040 0.482963 0.470590
-1.098040 -0.250000 1.033013
1.100000 -0.250000 1.033013
-1.098040 0.250000 0.166987
-1.098040 -0.495723 0.534737
-1.098040 -0.396677 0.904381
1.100000 -0.250000 1.033013
-1.098040 -0.250000 1.033013
0.499000 -0.600000 1.075500
0.258185 -0.550000 0.913359
-0.499000 -0.202874 1.160688
-0.258185 -0.490996 -0.000000
-0.258185 -0.550000 0.913359
0.105315 -0.550000 0.913359
1.250540 0.550000 0.250000
1.255737 -0.351000 -0.000000
1.250000 0.550000 0.974028
1.231998 -0.550000 0.348303
0.996083 0.351000 -0.000000
1.250596 0.351000 -0.000000
0.258185 0.215875 1.150000
0.105315 0.550000 0.974028
1.250000 0.600000 0.974028
1.250000 0.600000 1.075500
0.996083 0.550000 0.974028
1.250000 0.550000 0.974028
0.996083 0.351000 -0.000000
0.996083 0.550000 0.250000
0.499000 0.202874 1.200000
0.499000 0.202874 1.200000
0.996083 0.202874 1.200000
0.105315 0.202874 1.150000
-0.105315 0.202874 1.150000
0.996083 -0.351000 -0.000000
0.996083 0.351000 -0.000000
-0.105315 -0.550000 0.974028
-0.258185 -0.202873 1.150000
-1.200000 -0.550000 0.974028
-1.255561 -0.550000 0.250000
-0.258185 -0.490996 -0.000000
-0.105315 -0.490996 -0.000000
-1.250000 -0.550000 0.974028
-1.250000 -0.351000 1.200000
-0.258185 -0.202874 1.150000
0.499000 -0.600000 1.075500
-0.499000 -0.600000 0.974028
-0.499000 -0.202874 1.160688
-0.258185 -0.202873 1.150000
-0.996083 -0.550000 0.974028
-0.996083 -0.550000 0.250000
0.258185 -0.490996 -0.000000
0.499000 -0.600000 0.974028
0.996083 -0.550000 0.974028
0.105315 -0.202873 1.150000
1.250000 -0.600000 1.075500
1.250000 -0.600000 0.974028
0.499000 -0.600000 1.075500
0.996083 -0.550000 0.250000
1.231998 -0.550000 0.348303
0.996083 -0.550000 0.974028
0.258185 0.490996 -0.000000
0.105315 -0.202873 1.150000
-0.258185 0.202874 1.150000
-0.991683 0.203899 1.151621
1.139738 0.210880 1.154204
-0.216604 0.211905 1.150052
-0.250000 -0.489071 0.830345
-0.250000 -0.265547 1.049885
-0.258185 -0.550000 0.913359
0.105315 -0.550000 0.913359
-1.200000 0.550000 0.974028
-1.250000 0.351000 1.200000
-1.191388 0.329651 1.566201
-1.086863 0.492844 1.680002
-1.195244 0.189448 2.167726
-1.205600 -0.187112 2.155821
-1.205600 -0.187112 2.155821
0.263109 0.175525 2.359411
0.110297 0.179727 2.359411
-0.096181 0.333588 1.209411
-0.248993 0.337790 1.209411
-0.243376 0.542064 2.122770
0.272799 0.527869 2.122770
0.514750 0.565881 2.284911
0.514750 0.565881 2.183439
-0.253065 0.189720 2.359411
0.503833 0.168904 2.409411
-0.243523 0.536715 1.459411
-0.243376 0.542064 2.122770
-0.100253 0.185517 2.359411
-0.243523 0.536715 2.183439
-0.264219 -0.215874 2.359411
-1.234963 0.563980 2.183439
-1.184982 0.562605 2.000753
-0.990685 0.210004 2.409411
-1.227153 0.563765 1.459411
-0.264219 -0.215874 2.359411
-0.100253 0.185517 2.359411
-1.233589 0.613961 2.284911
-1.233589 0.613961 2.183439
-1.246870 0.131017 1.934770
-0.253065 0.189719 2.359411
1.038885 0.424120 1.416574
1.036207 0.326754 1.416574
-0.482873 0.593316 2.284911
-0.482873 0.593316 2.183439
-1.236262 0.364940 1.209411
-0.253065 0.189719 2.359411
-1.188547 0.432984 2.022423
-1.196015 0.161430 2.061640
-0.981142 0.556999 2.183439
-0.253065 0.189720 2.359411
-0.986613 0.358075 1.209411
-0.981142 0.556999 1.459411
-1.187403 0.474578 2.000753
-0.986543 0.360627 2.162965
-1.190382 0.366233 2.162965
-0.982781 0.497415 1.711866
-0.983563 0.468972 2.000753
-1.265202 -0.535605 1.557714
-1.215221 -0.536979 1.557714
-0.264219 -0.215874 2.359411
1.004076 -0.003383 1.308120
1.005533 0.049597 1.209411
-1.270761 -0.535452 1.459411
-1.270889 -0.336373 1.209411
-0.998939 -0.090159 1.209411
-0.997482 -0.037179 1.308120
-1.253296 -0.102642 2.409411
-1.236262 0.364940 1.209411
-1.253296 -0.102642 1.934770
-0.265369 -0.555434 1.742978
-0.259444 -0.339982 1.399565
0.257533 0.270507 1.361913
-0.242278 0.284252 1.361913
1.207248 0.247096 2.072830
1.112306 0.432366 1.680002
-1.105053 -0.239895 2.242424
1.092157 -0.300319 2.242424
1.199710 -0.027043 2.208072
1.209950 0.345347 1.783282
1.209950 0.345347 1.783282
1.207248 0.247096 2.072830
-1.200820 -0.013307 1.410750
-1.194604 0.212737 1.463001
-1.200820 -0.013307 1.410750
-1.211061 -0.385697 1.835541
-1.208359 -0.287446 1.545992
1.087126 -0.483263 1.559411
1.190734 -0.353421 1.545992
1.092950 -0.271475 1.360975
1.188032 -0.451673 1.835541
1.193493 -0.253087 2.155821
1.188032 -0.451673 1.835541
-0.515860 -0.606231 2.284911
-0.509016 -0.357325 2.409411
-0.273762 -0.562870 1.459411
-0.120950 -0.567072 1.459411
0.488607 -0.384760 2.409411
0.481763 -0.633666 2.183439
0.295333 -0.628539 2.122770
0.242413 -0.577065 2.122770
-0.510562 -0.605423 2.286648
0.089601 -0.572862 2.122770
-0.120950 -0.567072 2.122770
1.215858 -0.603835 1.557714
1.245760 -0.171367 1.700714
1.252185 0.062292 1.700714
1.211298 0.394358 1.591411
1.245760 -0.171367 2.409411
1.245760 -0.171367 1.934770
0.514750 0.565881 2.183439
0.263466 0.188521 2.359411
1.260527 0.365634 2.061640
1.214111 0.496629 2.183439
1.214111 0.496629 2.000753
1.269771 0.495099 1.557714
0.272652 0.522520 1.459411
0.272652 0.522520 2.183439
0.110297 0.179727 2.359411
0.110297 0.179727 2.359411
0.119840 0.526722 2.183439
1.265466 0.545236 2.183439
1.252185 0.062292 1.934770
1.265466 0.545236 2.284911
0.514750 0.565881 2.284911
0.514750 0.565881 2.183439
0.104720 -0.023070 1.209411
0.995152 -0.047557 2.409411
1.000729 0.155240 2.409411
1.210546 0.367008 2.022423
1.203079 0.095454 2.061640
1.000729 0.155240 2.409411
1.010271 0.502235 2.183439
0.263466 0.188521 2.359411
1.211298 0.394358 1.591411
1.010271 0.502235 1.459411
1.010271 0.502235 1.809411
1.206628 0.224517 2.225146
1.211690 0.408602 2.000753
1.206628 0.224517 1.393676
1.198992 -0.053163 1.309411
-0.120950 -0.567072 2.183439
-0.264219 -0.215874 2.359411
-0.273762 -0.562870 2.122770
-1.261638 -0.405984 2.022423
-1.215221 -0.536979 2.183439
-1.011381 -0.542585 2.183439
-1.270761 -0.535452 1.459411
-1.011381 -0.542585 1.459411
-0.268291 -0.363945 1.209411
-0.120950 -0.567072 1.459411
-0.115479 -0.368147 1.209411
-1.266577 -0.585586 2.183439
-1.266577 -0.585586 2.284911
-1.253296 -0.102642 1.934770
-1.261638 -0.405984 2.022423
-1.204189 -0.135805 2.061640
-1.253296 -0.102642 2.183439
-0.264219 -0.215874 2.359411
-1.009256 -0.465315 1.416574
1.012896 -0.520925 1.454249
-1.009256 -0.465315 1.454249
-1.253296 -0.102642 2.409411
-1.011381 -0.542585 2.183439
-1.001839 -0.195590 2.370099
-0.996262 0.007207 1.209411
-1.005911 -0.343660 1.209411
-1.209821 -0.340607 2.162965
-1.200102 0.012813 2.309411
-1.005981 -0.346213 1.455858
-1.001522 -0.184062 1.347471
0.242413 -0.577065 2.122770
0.242413 -0.577065 2.183439
0.251955 -0.230069 2.359411
0.242413 -0.577065 2.183439
1.233853 -0.604329 2.183439
1.183872 -0.602955 2.183439
0.980032 -0.597349 2.183439
1.215858 -0.603835 1.557714
1.245059 -0.405562 1.209411
0.095071 -0.373937 1.209411
0.980032 -0.597349 2.183439
1.233853 -0.604329 2.183439
1.245760 -0.171367 1.934770
1.244886 -0.203155 2.061640
1.245760 -0.171367 2.183439
0.104720 -0.023070 1.209411
0.488607 -0.384760 2.409411
1.245760 -0.171367 2.409411
0.492680 -0.236689 2.370099
0.257532 -0.027272 1.209411
1.245760 -0.171367 2.409411
1.101440 -0.167398 2.409411
1.185511 -0.543370 1.711866
1.186293 -0.514928 2.000753
0.985433 -0.400977 2.162965
1.189272 -0.406583 2.162965
0.981671 -0.537764 1.711866
0.985433 -0.400977 1.455858
-0.253065 0.189719 2.359411
-0.493790 0.196339 2.409411
0.272799 0.527869 2.122770
0.514750 0.565881 2.183439
-0.263905 -0.502189 2.039757
0.242051 -0.292494 2.259296
-1.100000 0.250000 0.166987
-1.100000 0.482963 0.470590
-1.100000 0.433013 0.850000
-1.200000 0.176701 0.958315
-1.200000 0.200000 0.253590
-1.200000 0.316958 0.356790
-0.258185 0.202874 1.150000
-0.105315 0.202874 1.150000
-0.105315 -0.351000 -0.000000
-0.258185 -0.351000 -0.000000
-0.258185 0.555351 0.913359
-0.499000 0.600000 0.974028
0.258185 0.555351 0.913359
0.258185 0.351000 -0.000000
0.105315 0.351000 -0.000000
-0.499000 0.202874 1.200000
-0.258185 0.351000 -0.000000
-0.105315 0.351000 -0.000000
0.499000 0.600000 1.075500
-0.499000 0.600000 1.075500
-0.258185 0.555351 0.913359
-0.499000 0.600000 0.974028
-0.258185 -0.202873 1.150000
-1.250000 0.420330 0.852228
-1.250000 0.420330 0.813012
-1.200000 0.550000 0.791342
-0.996083 0.550000 0.250000
-0.258185 -0.202873 1.150000
-0.105315 0.550000 0.250000
-0.105315 0.202874 1.150000
-1.250000 0.600000 0.974028
-1.250000 0.116874 0.725359
-1.250000 0.116873 0.974028
-0.499000 0.202874 1.200000
-0.258185 0.202874 1.150000
-1.250000 0.600000 1.075500
-0.499000 0.600000 1.075500
-0.996083 0.351000 -0.000000
-0.996083 0.472701 0.244838
-0.996083 0.375299 0.207163
-0.499000 0.202874 1.200000
-1.200000 0.420330 0.813012
-0.996083 0.202874 1.200000
-0.996083 -0.000000 1.100000
-0.996083 0.550000 0.250000
-1.200000 0.461940 0.791342
-1.200000 0.461940 0.791342
-1.200000 0.490393 0.502455
-1.200000 0.447690 0.382000
-1.200000 0.277785 0.184265
-1.200000 -0.447690 0.382000
-1.200000 -0.550000 0.348303
-0.105315 -0.202873 1.150000
-0.105315 -0.202874 1.150000
-0.258185 -0.202874 1.150000
-0.996083 0.044403 0.098708
-1.261162 -0.351000 -0.000000
1.003790 -0.097403 -0.000000
-0.996083 -0.044403 0.098708
-1.250000 0.116873 1.200000
1.003790 -0.097403 0.045708
-1.245827 0.351000 -0.000000
-1.250000 0.116874 0.725359
0.250000 -0.548109 0.533567
0.250000 -0.326803 0.190153
0.250000 -0.020776 0.084198
0.250000 0.297667 0.152502
1.100000 0.221144 1.048436
1.100000 0.250000 0.166987
-1.098040 0.032702 1.098929
-1.098040 -0.250000 1.033013
1.200000 0.026130 0.998661
-1.098040 0.250000 0.166987
1.200000 0.200000 0.253590
1.200000 0.398661 0.573870
-1.200000 -0.300372 0.336581
-1.200000 -0.026130 0.201339
-1.200000 0.200000 0.253590
-1.200000 -0.026130 0.201339
1.100000 -0.482963 0.729410
1.200000 -0.026130 0.201339
1.100000 -0.221144 0.151564
1.200000 -0.398661 0.626130
1.200000 0.200000 0.253590
1.200000 -0.200000 0.946410
-0.499000 -0.600000 1.075500
-0.499000 -0.600000 0.974028
0.499000 -0.202873 1.160688
0.258185 -0.351000 -0.000000
0.105315 -0.351000 -0.000000
0.499000 -0.351000 1.200000
0.499000 -0.600000 1.075500
0.493726 -0.599047 1.077237
-0.258185 -0.550000 0.913359
-0.105315 -0.550000 0.913359
1.231998 -0.550000 0.348303
1.250000 -0.116874 0.491303
1.231998 -0.550000 0.348303
1.250000 0.116874 0.491303
1.250000 0.116873 1.200000
1.250000 0.116874 0.725359
0.258185 0.550000 0.974028
0.258185 0.215875 1.150000
1.250000 0.420330 0.852228
1.200000 0.550000 0.974028
1.200000 0.550000 0.791342
1.255682 0.550000 0.348303
0.258185 0.550000 0.250000
0.258185 0.351000 -0.000000
0.105315 0.202874 1.150000
0.105315 0.550000 0.250000
0.105315 0.351000 -0.000000
1.250000 0.600000 0.974028
1.250000 0.116874 0.725359
1.250000 0.116873 0.974028
0.499000 0.600000 0.974028
1.200000 0.550000 0.600000
0.105315 -0.000000 0.000000
0.996083 -0.000000 0.000000
1.200000 0.420330 0.813012
0.499000 0.600000 0.974028
0.996083 0.202874 1.200000
1.250000 0.116873 1.200000
0.996083 0.550000 0.974028
0.996083 0.550000 0.250000
0.996083 0.550000 0.600000
0.996083 0.191342 1.061940
0.996083 0.461940 0.791342
0.996083 -0.000000 1.100000
1.200000 -0.000000 1.100000
0.996083 0.191342 0.138060
0.996083 -0.000000 0.100000
-0.105315 -0.550000 0.974028
-0.258185 -0.202873 1.150000
-0.258185 -0.191342 1.061940
-1.200000 -0.550000 0.791342
-1.250000 -0.550000 0.974028
-1.200000 -0.550000 0.791342
-1.255561 -0.550000 0.250000
-0.105315 -0.351000 -0.000000
-1.250000 -0.351000 1.200000
-1.250000 -0.116874 1.200000
-1.250000 -0.116874 0.725359
-1.200000 -0.151452 0.757159
-0.258185 -0.202874 1.150000
-0.499000 -0.202874 1.160688
1.026833 -0.375299 0.207163
-0.996083 -0.375299 0.207163
-1.200000 -0.550000 0.600000
-1.261162 -0.351000 -0.000000
1.026833 -0.375299 0.207163
-0.996083 -0.375299 0.207163
-0.105315 -0.000000 0.000000
-0.996083 -0.202874 1.160688
0.105315 -0.550000 0.974028
-0.996083 -0.000000 0.000000
-0.996083 -0.550000 0.250000
-0.996083 -0.351000 -0.000000
-1.200000 -0.353553 0.953553
-1.200000 -0.461940 0.791342
-1.200000 -0.277785 0.184265
-1.200000 -0.000000 0.100000
0.258185 0.215875 1.150000
0.258185 -0.202874 1.150000
0.258185 -0.550000 0.974028
1.250000 -0.420330 0.852228
1.250000 -0.420330 0.813012
1.231998 -0.550000 0.348303
0.996083 -0.550000 0.250000
0.105315 -0.351000 -0.000000
0.105315 -0.550000 0.250000
0.996083 -0.550000 0.974028
1.250000 -0.550000 0.974028
1.250000 -0.116873 0.725359
1.250000 -0.227487 0.757159
1.250000 -0.148673 0.852228
0.499000 -0.351000 1.200000
1.250000 -0.351000 1.200000
1.200000 -0.420330 0.813012
1.200000 -0.148673 0.852228
0.996083 -0.202874 1.175530
0.258185 0.000000 0.000000
1.105626 -0.116873 1.200000
1.200000 -0.490392 0.502455
1.200000 -0.461940 0.791342
1.250000 -0.227487 0.757159
1.200000 -0.461940 0.791342
1.200000 -0.490392 0.502455
1.200000 -0.447690 0.382000
1.200000 -0.277785 0.184265
-0.991683 0.203899 1.151621
-0.979005 0.196543 1.201239
1.139738 0.210880 1.154204
-0.216604 0.211905 1.150052
-0.250000 -0.489071 0.830345
0.250000 -0.265547 1.049885
0.312500 -0.600000 0.913359
0.105315 -0.550000 0.913359
1.227248 -0.186387 1.965511
1.029668 -0.119650 2.245523
1.020812 -0.201832 2.217828
1.185494 -0.442676 1.998123
1.195617 -0.366568 2.073700
1.230615 -0.114523 2.207609
1.186723 -0.037839 2.019468
1.236134 -0.033167 2.216751
1.173805 -0.500442 1.912070
1.175765 -0.588477 1.911260
1.195617 -0.366568 2.073700
1.209280 -0.281993 2.134823
1.029668 -0.119650 2.245523
1.035177 -0.038301 2.254666
1.030973 0.153612 2.217685
1.035177 -0.038301 2.254666
1.046504 -0.035876 2.303424
1.016390 0.238701 2.173842
0.996107 0.312289 2.114758
1.016390 0.238701 2.173842
1.237555 0.064450 2.207193
1.236134 -0.033167 2.216751
0.656970 -0.215618 2.414923
0.653205 -0.215916 2.403378
1.256878 -0.627294 2.081668
0.714503 -0.608899 2.184160
0.680199 -0.331104 2.421991
1.032190 -0.266201 2.304975
0.651716 -0.231640 2.376981
0.652072 -0.216744 2.376989
1.259349 0.563029 2.190413
0.596658 0.550861 2.315468
0.638869 0.382919 2.392405
0.656117 0.296048 2.429670
1.052437 0.241520 2.303689
0.659783 0.228352 2.377756
0.674865 -0.327832 2.405967
0.653205 -0.215916 2.403378
0.660713 -0.215499 2.426247
0.659996 0.240056 2.390714
0.659783 0.228352 2.377756
0.659783 0.228352 2.377756
0.659996 0.240056 2.390714
0.596658 0.550861 2.315468
0.598897 0.494019 2.215669
0.596658 0.550861 2.315468
0.595925 0.550848 2.306981
0.718056 -0.603136 2.221131
0.722217 -0.598103 2.257867
0.680199 -0.331104 2.421991
1.168126 -0.343355 1.901947
1.217962 -0.351623 1.895277
1.219191 -0.186174 1.922836
1.175765 -0.588477 1.911260
1.173805 -0.500442 1.912070
1.170933 -0.038833 1.955557
1.169121 -0.187328 1.927066
1.170933 -0.038833 1.955557
1.172645 0.044232 1.971825
1.195724 0.316921 2.077094
1.176708 0.370686 2.012678
1.075719 0.370887 2.028811
0.971110 0.507390 2.038584
0.962136 -0.592932 1.878595
1.166855 -0.588241 1.864064
1.169121 -0.187328 1.927066
1.170933 -0.038833 1.955557
1.176841 0.206656 2.000953
1.174380 0.132421 1.988311
0.974350 0.376928 2.035304
0.971110 0.507390 2.038584
1.176766 0.317068 2.007958
1.176708 0.370686 2.012678
1.000693 -0.562954 2.130357
1.253264 -0.143572 2.084767
1.237005 0.562542 2.091364
1.259349 0.563029 2.190413
0.983500 -0.441450 2.036265
0.994197 -0.368497 2.111718
1.298372 -0.125452 2.306308
1.176624 0.085111 2.330345
1.309219 0.085155 2.305311
1.063621 0.166784 2.352088
1.046789 -0.201496 2.353426
1.056569 -0.035188 2.352410
1.063621 0.166784 2.352088
1.000693 -0.562954 2.130357
0.673192 -0.306668 2.423436
1.063621 0.166784 2.352088
0.670666 0.152264 2.426205
0.995446 0.508467 2.136699
0.597074 0.500321 2.211871
0.962136 -0.592932 1.878595
1.191952 0.512204 2.099618
1.173851 0.511496 2.024993
1.226731 0.299437 2.002347
1.240096 0.513110 2.090533
1.240096 0.513110 2.090533
1.223672 0.512487 2.022464
1.167728 -0.419852 1.890111
1.217708 -0.430078 1.883951
1.168126 -0.343355 1.901947
1.167728 -0.419852 1.890111
1.219191 -0.186174 1.922836
1.169121 -0.187328 1.927066
1.222935 0.079160 1.974743
1.172645 0.044232 1.971825
-0.245210 0.351436 2.245290
-0.250061 0.259176 2.127909
-0.252028 0.181540 2.189220
-0.087465 0.412731 1.779531
0.265275 0.254291 2.129829
0.265275 0.254291 2.129829
0.272449 0.392696 1.875965
0.267000 0.317022 2.054535
0.268288 0.363864 1.968444
0.328799 0.426939 2.202208
0.168420 0.389636 2.359157
-0.499148 0.001503 2.402257
-0.298672 0.423619 2.197955
-0.091421 0.416319 2.197624
0.236409 0.396072 2.360874
0.232880 0.285082 2.390326
-0.208180 0.363903 2.351696
-0.211741 0.258702 2.382344
0.167949 0.370023 2.407517
0.168420 0.389636 2.359157
-0.141663 0.362073 2.351696
-0.208180 0.363903 2.351696
-0.255407 0.070327 2.366813
-0.245585 0.371635 2.187510
-0.496853 0.084957 2.368465
-0.247886 0.378058 1.968444
-0.247084 0.407211 1.874866
-0.257965 0.011544 2.264723
0.270163 0.378840 2.191932
0.267000 0.317022 2.054535
-0.499148 0.001503 2.402257
-0.486468 0.427879 2.259721
-0.753662 0.443328 2.261396
-0.486606 0.402603 2.358114
-0.768082 0.423167 2.360765
-0.735346 0.246150 2.308522
-0.733817 0.204974 2.324467
-0.495134 0.146221 2.432198
-0.746402 0.153415 2.432257
-0.732931 0.100187 2.383256
-0.722633 0.017779 2.353294
-0.728765 0.007818 2.402257
-0.730193 0.091374 2.368465
-0.735364 0.246645 2.308330
-0.735346 0.246150 2.308522
-0.762802 0.372933 2.374069
-0.768082 0.423167 2.360765
0.398753 0.390195 2.217153
0.398492 0.421718 2.223330
0.398766 0.372637 2.213707
0.313280 0.128151 2.343833
0.379492 0.365394 2.251727
-0.108106 0.405569 1.699509
-0.110847 0.405591 1.698654
-0.080552 0.405359 1.708105
0.234443 0.457544 1.814458
0.196434 0.460822 1.803666
-0.244605 0.497353 1.685717
-0.151525 0.490531 1.706318
-0.080552 0.405359 1.708105
-0.087465 0.412731 1.779531
0.282450 0.400015 1.816642
0.136524 0.409382 1.775920
0.135018 0.405805 1.783435
0.136235 0.404871 1.774852
0.136524 0.409382 1.775920
-0.080552 0.405359 1.708105
-0.108106 0.405569 1.699509
0.158364 0.464105 1.792857
0.196434 0.460822 1.803666
-0.151525 0.490531 1.706318
-0.244605 0.497353 1.685717
0.263790 0.118155 2.347816
0.260488 0.080209 2.240263
-0.454024 0.000695 2.400164
-0.459276 0.000407 2.402257
-0.313630 0.030866 2.409382
-0.257965 0.011544 2.264723
-0.160540 0.009671 2.264485
-0.102623 0.066430 2.366876
-0.257551 0.024057 2.357235
-0.258053 0.008354 2.307932
-0.258174 0.003935 2.294402
-0.258053 0.008354 2.307932
0.329694 0.394877 2.361157
0.269090 0.146199 2.427125
0.269229 0.146823 2.426959
0.086509 0.113190 2.428676
0.030420 0.097181 2.425048
0.002398 0.071425 2.366201
0.263790 0.118155 2.347816
0.313280 0.128151 2.343833
-0.162454 0.054123 2.415050
-0.041983 0.061855 2.366275
-0.104238 0.035264 2.313002
-0.104914 0.016054 2.262151
-0.380931 0.017448 2.406226
-0.313630 0.030866 2.409382
-0.376166 0.005758 2.365345
-0.349218 0.007510 2.353294
-0.092451 0.347825 2.245412
-0.095074 0.373856 1.968444
-0.094272 0.403008 1.874866
0.116386 0.361063 2.249336
0.110367 0.182285 2.191434
0.107982 0.095526 2.236982
0.011916 0.371050 2.188853
0.012134 0.352601 2.246994
0.398766 0.372637 2.213707
0.398753 0.390195 2.217153
0.137977 0.436006 1.782021
0.137779 0.432079 1.781214
0.002398 0.071425 2.366201
0.070439 0.086729 2.361575
0.002398 0.071425 2.366201
0.030420 0.097181 2.425048
-0.162454 0.054123 2.415050
1.101159 -0.827161 1.459411
0.012201 -0.385096 1.460540
0.033611 -0.312232 1.405196
0.748577 -0.749172 1.738653
0.149303 -0.537450 1.416622
0.170361 -0.442350 1.454817
0.890845 -0.601716 1.454817
0.148924 -0.537366 1.454427
0.869929 -0.696847 1.454249
0.890845 -0.601716 1.454817
0.759399 -0.700247 1.738653
0.235100 -0.117776 1.340376
0.221926 -0.169143 1.295513
0.220736 -0.168880 1.255411
0.941220 -0.328246 1.255411
0.976344 -0.190782 1.332926
0.255861 -0.031416 1.332926
0.178632 0.302289 1.455858
1.086163 0.280733 1.570111
0.353627 0.385609 1.416574
0.332591 0.290505 1.416574
1.075117 0.230793 1.570905
0.332591 0.290505 1.454249
1.048125 0.108765 1.471737
0.332591 0.290505 1.454249
1.048125 0.108765 1.471737
0.178081 0.299796 1.209411
0.327343 0.266780 1.209411
-0.042189 -0.574260 1.468177
0.016258 -0.383378 1.221873
0.204796 -0.261564 1.372988
0.223559 -0.169650 1.351573
0.076341 -0.137087 1.341945
0.097901 -0.041953 1.330017
1.052339 -0.816362 1.557714
1.052339 -0.816362 1.459411
0.944043 -0.329016 1.351573
0.965891 -0.233946 1.338287
0.866108 -0.714121 1.711866
0.875331 -0.672426 1.591411
1.145522 -0.377552 1.339400
1.165898 -0.287117 1.331813
1.080837 -0.687527 1.533394
1.093892 -0.628504 1.458947
0.866108 -0.714121 1.711866
1.165898 -0.287117 1.331813
0.965891 -0.233946 1.338287
1.326361 0.190964 1.601417
1.278095 0.204267 1.599459
1.052339 -0.816362 1.459411
1.184064 -0.220844 1.744184
1.232253 -0.234494 1.746413
0.327343 0.266780 1.209411
0.178081 0.299796 1.209411
0.327343 0.266780 1.209411
0.143070 0.144023 1.349963
0.120631 0.052922 1.331788
1.010315 -0.054907 1.359979
1.085505 0.277757 1.478139
0.989146 -0.139187 1.337584
0.370321 0.461084 1.459411
1.085505 0.277757 1.478139
1.090805 0.301718 1.809411
1.184064 -0.220844 1.744184
1.157507 -0.340907 1.748833
1.165898 -0.287117 1.331813
1.047826 0.107414 1.209411
1.056550 0.146853 1.550204
1.064077 0.180880 1.607780
1.080006 0.252898 1.809411
1.165898 -0.287117 1.331813
0.965891 -0.233946 1.338287
0.187754 0.343528 1.507322
0.169447 -0.447055 1.488192
0.130955 -0.612558 1.460025
0.359679 0.412970 1.485915
0.370321 0.461084 1.483705
0.369519 0.461261 1.483853
0.220793 0.492894 1.505687
-0.041968 -0.574309 1.492541
0.169447 -0.447055 1.488192
0.231194 0.491858 1.504450
0.221059 0.494099 1.505596
0.359679 0.412970 1.485915
0.369519 0.461261 1.483853
1.183356 -0.455553 1.750224
1.175083 -0.492954 1.732347
1.074292 -0.717115 1.591918
1.067735 -0.746761 1.678929
1.131974 -0.456336 1.756422
1.141449 -0.413500 1.765535
0.984004 -0.740199 1.711866
0.865055 -0.718883 1.761379
1.131915 -0.456606 1.750071
1.131974 -0.456336 1.756422
1.090805 0.301718 1.822893
1.079720 0.251604 1.822865
1.124308 0.294307 1.806626
1.090805 0.301718 1.809411
1.234293 0.192131 1.769804
1.150368 0.228999 1.794917
1.106090 0.247119 1.809500
1.012458 -0.742524 1.700937
0.910919 -0.785081 1.736490
0.853235 -0.772321 1.760997
0.910919 -0.785081 1.736490
1.124308 0.294307 1.806626
1.106090 0.247119 1.809500
1.210222 -0.334093 1.764666
1.179782 -0.240204 1.787607
1.131974 -0.456336 1.756422
1.147299 -0.462918 1.752239
0.974191 -0.799076 1.711233
1.012458 -0.742524 1.700937
1.210222 -0.334093 1.764666
1.179782 -0.240204 1.787607
1.194134 -0.399005 0.763287
1.238140 -0.403714 0.715067
1.189019 -0.406071 0.724345
1.194134 -0.399005 0.763287
1.183658 -0.134600 0.765214
1.193127 -0.101743 0.808982
1.016148 -0.239081 0.963268
1.240567 -0.533222 0.692581
1.191498 -0.535750 0.701849
0.995264 -0.394064 0.826854
1.003951 -0.320845 0.902307
1.025975 -0.153511 1.008417
1.032569 -0.071116 1.036111
1.048285 0.215754 1.093748
1.226966 0.212586 0.970385
1.235316 0.118629 0.997782
1.045400 0.290543 1.094278
1.187315 0.014981 0.810057
1.009444 0.286734 0.964431
1.026360 0.202078 1.008274
1.042559 -0.154128 1.094902
0.738386 -0.557841 1.048456
0.730972 -0.568845 0.974749
0.724068 -0.466581 1.118048
1.039118 -0.217543 1.095564
0.663391 -0.240639 1.166531
0.674486 -0.331005 1.104334
0.663460 -0.277715 1.141194
1.048285 0.215754 1.093748
0.581290 0.587238 1.106057
0.628101 0.420519 1.182994
0.629059 0.368224 1.105663
0.597017 0.487384 1.032621
0.662185 0.190954 1.166673
1.048285 0.215754 1.093748
0.663460 -0.277715 1.141194
0.657944 -0.213875 1.167554
0.657837 -0.193455 1.167570
0.662185 0.190954 1.166673
0.666227 0.190825 1.216794
0.628101 0.420519 1.182994
0.647731 0.334156 1.220259
0.585090 0.530479 1.006258
0.581290 0.587238 1.106057
0.734365 -0.562987 1.011720
0.716168 -0.516843 0.977535
0.674486 -0.331005 1.104334
0.696966 -0.422000 1.040555
1.227168 -0.297826 0.685866
1.223061 -0.132445 0.713469
1.231909 -0.132397 0.756100
1.173829 -0.134935 0.717655
1.182585 -0.535760 0.654652
1.181707 -0.509180 0.656678
1.186560 0.369854 0.867682
1.170296 0.184838 0.778900
1.171558 0.013553 0.746146
1.065117 0.420501 0.819400
1.186560 0.369854 0.867682
1.170987 0.096634 0.762414
1.223125 -0.047931 0.732642
1.182585 -0.535760 0.654652
1.181707 -0.509180 0.656678
1.223849 -0.132406 0.713425
1.223061 -0.132445 0.713469
1.219035 0.234203 0.779438
1.170296 0.184838 0.778900
1.065117 0.420501 0.819400
0.963621 0.423753 0.825893
1.159346 0.563754 0.815582
1.166074 0.423076 0.803267
1.219402 -0.516136 0.882491
1.015791 -0.515050 0.920946
1.289342 -0.562066 0.972557
1.291536 -0.262944 1.098784
1.225522 0.567189 0.881122
1.221073 0.616517 0.881952
1.015791 -0.515050 0.920946
1.051933 -0.152461 1.144015
1.003951 -0.320845 0.902307
1.057138 0.014053 1.142999
1.051933 -0.152461 1.144015
1.301331 -0.069530 1.096896
0.987146 0.359736 0.905347
0.963621 0.423753 0.825893
0.716168 -0.516843 0.977535
0.696966 -0.422000 1.040555
1.015791 -0.515050 0.920946
1.058634 0.216142 1.142677
0.570444 0.586179 1.004840
0.981093 0.555822 0.927288
1.177421 0.564960 0.890207
1.159346 0.563754 0.815582
1.218036 0.353229 0.792936
1.225522 0.567189 0.881122
1.225522 0.567189 0.881122
1.209122 0.566115 0.813053
0.978073 -0.546077 0.669184
1.178829 -0.367410 0.680700
1.229070 -0.376258 0.674540
1.223574 -0.100645 0.720636
1.177123 -0.290931 0.692535
1.178829 -0.367410 0.680700
1.223849 -0.132406 0.713425
1.173829 -0.134935 0.717655
1.170296 0.184838 0.778900
1.220298 0.132931 0.765332
-0.285184 -0.334435 0.918563
-0.252295 -0.178573 1.026488
-0.314254 -0.479297 0.665455
-0.298621 -0.403259 0.844792
-0.308311 -0.450746 0.759033
-0.476653 -0.225875 0.982023
-0.458969 -0.140905 1.027571
-0.654637 -0.330803 0.845124
-0.664185 -0.376679 0.759033
-0.724878 -0.380126 0.982669
-0.260373 -0.447384 1.142285
-0.238271 -0.344470 1.172933
0.071974 -0.548252 1.148703
-0.173126 -0.358029 1.172933
-0.195228 -0.460943 1.142285
0.067369 -0.573105 1.050310
-0.238271 -0.344470 1.172933
-0.255869 -0.421654 1.189302
-0.173126 -0.358029 1.172933
-0.190724 -0.435213 1.189302
-0.566515 -0.400478 1.198105
-0.570445 -0.419700 1.149746
-0.156577 -0.455219 1.035879
0.077315 -0.525516 1.040256
-0.159778 -0.475166 0.978099
-0.164591 -0.510446 0.665455
-0.166700 -0.520576 0.567986
-0.668678 -0.391088 0.982520
-0.667852 -0.379118 1.042015
-0.654637 -0.330803 0.845124
-0.664185 -0.376679 0.759033
0.376544 -0.206473 1.170483
0.372309 -0.211210 1.143882
0.067369 -0.573105 1.050310
0.077315 -0.525516 1.040256
0.353533 -0.521612 1.176934
0.349065 -0.567872 1.164658
0.366741 -0.284983 1.159054
0.364424 -0.298780 1.153633
0.374968 -0.278029 1.208357
0.371727 -0.348912 1.222845
0.367878 -0.294141 1.173844
0.364424 -0.298780 1.153633
0.366741 -0.284983 1.159054
0.371727 -0.348912 1.222845
0.353774 -0.519118 1.177596
0.349065 -0.567872 1.164658
-0.615408 -0.305397 1.180915
-0.730106 -0.396349 1.151746
-0.794159 -0.362249 1.004296
-0.764922 -0.403740 1.083842
-0.730106 -0.396349 1.151746
-0.180997 -0.505375 0.459857
-0.164006 -0.507635 0.455623
-0.684146 -0.408224 0.606882
-0.573266 -0.434562 0.575201
-0.159778 -0.475166 0.978099
-0.164893 -0.511895 0.470370
-0.175950 -0.565024 0.470490
-0.172344 -0.547698 0.467500
-0.336999 -0.515305 0.507258
-0.335911 -0.510660 0.506151
-0.573266 -0.434562 0.575201
-0.547790 -0.466890 0.571803
-0.548679 -0.470721 0.572609
-0.647433 -0.474867 0.605047
-0.684146 -0.408224 0.606882
-0.610602 -0.484812 0.594255
-0.166785 -0.520986 0.459581
-0.164006 -0.507635 0.455623
-0.185473 -0.147959 1.205639
-0.522666 -0.166957 1.221755
-0.587215 -0.163696 1.219205
-0.032567 -0.151792 1.199971
-0.086559 -0.135176 1.147824
0.006590 -0.135094 1.143882
-0.235378 -0.100318 1.052740
-0.246538 -0.149496 1.157465
-0.101769 -0.105524 1.056530
-0.080408 -0.105964 1.056886
-0.350787 -0.135848 1.156790
-0.305413 -0.134273 1.156864
-0.449382 -0.094843 1.041454
-0.606366 -0.098870 1.030852
-0.498571 -0.095028 1.038443
-0.522666 -0.166957 1.221755
-0.502824 -0.166894 1.222845
-0.503191 -0.115941 1.078465
-0.449382 -0.094843 1.041454
-0.606366 -0.098870 1.030852
-0.616324 -0.135635 1.138405
-0.498571 -0.095028 1.038443
-0.449382 -0.094843 1.041454
-0.195720 -0.116750 1.093711
-0.239438 -0.119106 1.103591
-0.185473 -0.147959 1.205639
-0.032567 -0.151792 1.199971
0.112636 -0.147555 1.192995
0.116170 -0.147558 1.192846
-0.101769 -0.105524 1.056530
-0.179499 -0.103868 1.055074
-0.306292 -0.424661 1.036000
-0.514180 -0.400774 1.039924
-0.514523 -0.407828 0.759033
-0.523777 -0.435453 0.666575
-0.413121 -0.429071 0.979442
-0.309480 -0.444455 0.978189
-0.514180 -0.400774 1.039924
-0.555145 -0.499754 0.578161
-0.573712 -0.494773 0.583446
-0.309480 -0.444455 0.978189
-0.345985 -0.556250 0.516788
-0.345985 -0.556250 0.516788
-0.336999 -0.515305 0.507258
-0.350787 -0.135848 1.156790
-0.305413 -0.134273 1.156864
-0.350787 -0.135848 1.156790
-1.250000 -0.336366 0.011168
-1.250000 -0.474000 0.308000
-0.257664 0.353553 0.248844
-0.255061 0.277785 0.198634
-0.996083 0.550000 0.529242
-0.996083 0.550000 0.344299
-0.888896 0.550000 0.344299
-0.996083 0.472701 0.207163
-0.888896 0.499892 0.344299
-0.888896 0.499892 0.344299
-0.996083 0.499892 0.344299
-0.996083 0.472701 0.244838
-0.101352 0.191342 0.156289
-0.100331 0.097545 0.132533
-0.249404 0.097403 0.086102
-0.248185 0.097403 0.046000
-0.253379 -0.097403 0.022104
-0.991278 -0.097403 0.022104
-0.258185 -0.353553 0.246447
-0.258185 -0.277785 0.184265
-0.996083 -0.548028 0.530747
-0.888896 -0.550000 0.529242
-0.888896 -0.549358 0.344789
-0.258185 -0.375299 0.207163
-0.996083 -0.354586 0.222970
-0.888896 -0.498502 0.345360
-0.888896 -0.498502 0.345360
-0.996083 -0.477361 0.361494
-0.104773 -0.191342 0.140552
-0.102539 -0.097545 0.122377
-0.256345 0.550000 0.250613
-0.079016 0.550000 0.258766
-0.255061 0.277785 0.198634
-0.096436 0.277785 0.195785
-0.992959 0.277785 0.198634
-0.996083 0.550000 0.250000
-0.257664 0.353553 0.248844
-0.079016 0.550000 0.258766
-0.091268 0.353553 0.251129
-0.995562 0.353553 0.248844
-1.200000 0.181548 0.540660
-1.200000 0.448354 0.382507
-1.200000 0.357601 0.249536
-1.198876 0.281953 0.192618
-0.992846 0.351000 0.014892
-0.996083 0.415735 0.322215
-0.995562 0.353553 0.248844
-0.992959 0.277785 0.198634
-0.990536 0.191342 0.163576
-1.200000 0.550000 0.348303
-1.200000 -0.337197 0.010534
-1.200000 0.550000 0.250000
-0.992846 0.351000 0.014892
-0.996083 -0.351000 -0.000000
-0.258185 -0.277785 0.184265
-0.256719 -0.191342 0.144800
-0.105315 -0.277785 0.184265
-0.996083 -0.262016 0.196299
-1.200000 -0.459546 0.525996
-0.992047 -0.097545 0.128173
-0.989806 0.000000 0.128876
-0.105315 -0.353553 0.246447
-0.996083 -0.550000 0.600000
-0.996083 -0.500000 0.600000
-0.996083 -0.330944 0.263702
-1.197922 -0.080380 0.132268
-1.199789 -0.162508 0.161035
-0.996083 -0.550000 0.600000
-0.996083 -0.330944 0.263702
-1.200000 -0.234683 0.217159
-0.996083 -0.262016 0.196299
-1.199789 -0.162508 0.161035
-0.089004 0.378283 0.282017
-0.258185 0.380090 0.278781
-0.089004 0.378283 0.282017
-0.079242 0.550000 0.283129
-0.258185 -0.550000 0.274294
-0.257363 -0.550000 0.274442
-0.105315 -0.548766 0.296275
-0.105315 -0.395789 0.297910
-0.258185 -0.550000 0.274294
-0.257363 -0.550000 0.274442
-0.258185 -0.549206 0.274364
-0.257363 -0.550000 0.274442
-0.257363 -0.550000 0.274442
-0.105315 -0.550000 0.296185
-0.996083 -0.550000 0.600000
-0.996083 -0.550000 0.613482
-1.200000 0.063052 0.539422
-1.200000 0.057144 0.569871
-1.055161 0.550000 0.527079
-1.119963 0.550000 0.501822
-1.200000 0.448354 0.382507
-1.200000 0.181548 0.540660
-0.996083 -0.550000 0.600000
-0.996083 -0.500000 0.600000
-1.200000 -0.059913 0.534773
-1.200000 0.063052 0.539422
-1.200000 -0.528038 0.545282
-1.200000 -0.468740 0.552899
-1.200000 -0.468740 0.552899
-1.200000 -0.459546 0.525996
-1.022799 -0.499991 0.600089
-0.996083 -0.500000 0.600000
-1.116828 0.490393 0.502455
-0.996083 0.495269 0.551968
-1.030396 -0.550000 0.597215
-1.022799 -0.499991 0.600089
-1.159853 -0.473989 0.560393
-1.200000 -0.528038 0.545282
-1.250000 0.045015 0.555254
-1.250000 0.124967 0.545960
-1.250000 0.207715 0.522936
-1.250000 0.250484 0.507340
-1.159853 -0.473989 0.560393
-1.200000 -0.468740 0.552899
-1.192919 0.273983 1.367897
-1.188494 0.434915 1.501182
-0.096140 0.182356 2.362665
-0.111407 -0.220077 2.359411
-0.268291 -0.363945 1.209411
-0.248993 0.337790 1.209411
0.272651 0.522520 1.459411
0.119840 0.526722 1.459411
-0.243523 0.536715 1.459411
-0.482873 0.593316 2.284911
0.514750 0.565881 2.284911
-1.238528 0.434359 2.061640
-1.238528 0.434359 2.022423
-0.981142 0.556999 2.183439
-0.981142 0.556999 1.459411
-1.234963 0.563980 2.183439
-1.233589 0.613961 2.183439
-0.873996 0.554053 1.738653
-0.873996 0.554053 1.553710
-1.245996 0.162805 2.061640
-1.246870 0.131017 1.934770
-0.981142 0.556999 1.809411
-1.240434 0.365055 2.409411
-0.096140 0.182356 2.362665
-0.253065 0.189720 2.359411
-1.246870 0.131017 2.409411
-1.187403 0.474578 2.000753
-1.212409 -0.434708 1.591411
-1.215221 -0.536979 1.557714
-0.100253 0.185517 2.359411
-0.111407 -0.220077 2.359411
1.004076 -0.003383 1.308120
-1.253296 -0.102642 1.700714
-1.225080 -0.337633 1.209411
-0.990685 0.210004 2.409411
-1.246870 0.131017 2.409411
-0.998939 -0.090159 1.209411
1.000178 -0.145135 1.209411
-1.190453 0.363680 1.209411
-1.253296 -0.102642 2.183439
0.273414 0.472945 1.577788
0.271447 0.401414 2.265794
-0.254854 0.201969 1.208077
0.264505 0.149003 1.208077
-0.265700 -0.567442 1.742978
-0.263905 -0.502189 2.039757
-1.084111 0.521629 1.680001
-1.105053 -0.239895 2.242424
1.092157 -0.300319 2.242424
-1.091308 0.259916 1.376398
1.199900 -0.020127 2.313623
1.209435 0.326593 2.142574
1.086434 -0.508406 1.559411
1.084980 -0.561281 1.938821
-1.099079 -0.022679 1.310482
1.185131 -0.557184 1.842459
1.188548 -0.432919 1.476248
-1.091308 0.259916 1.376398
-0.274539 -0.591157 1.459411
-0.268291 -0.363945 1.209411
-0.504944 -0.209254 2.370099
0.492680 -0.236689 2.370099
0.481763 -0.633666 2.284911
-0.515860 -0.606231 2.183439
0.481763 -0.633666 2.183439
0.481763 -0.633666 2.183439
1.189012 -0.603096 1.557714
1.186684 -0.500684 1.591411
1.219195 0.496489 1.557714
1.211298 0.394358 1.591411
1.252185 0.062292 2.409411
1.245760 -0.171367 2.409411
1.252185 0.062292 1.934770
1.245760 -0.171367 1.934770
1.210546 0.367008 2.022423
1.010271 0.502235 2.183439
1.258622 0.296330 2.409411
1.253060 0.094080 2.061640
1.252185 0.062292 1.934770
1.265466 0.545236 2.284911
1.010271 0.502235 1.809411
1.208640 0.297704 1.209411
1.219195 0.496489 1.557714
1.258622 0.296330 2.409411
1.203079 0.095454 2.061640
1.214111 0.496629 2.000753
1.214111 0.496629 2.183439
1.252185 0.062292 2.409411
-0.111407 -0.220077 2.359411
-1.266577 -0.585586 2.183439
-1.215221 -0.536979 1.557714
-1.011381 -0.542585 1.459411
-1.011381 -0.542585 2.183439
-1.001839 -0.195590 2.370099
-1.011381 -0.542585 1.553710
-0.904235 -0.545532 1.553710
-0.515860 -0.606231 2.183439
-0.515860 -0.606231 2.284911
-0.504944 -0.209254 2.370099
-1.215221 -0.536979 2.183439
-0.111407 -0.220077 2.359411
-1.212800 -0.448952 2.000753
-1.213582 -0.477394 1.711866
1.232479 -0.654310 2.183439
0.980032 -0.597349 2.183439
1.189012 -0.603096 1.557714
0.980032 -0.597349 1.738653
0.980032 -0.597349 1.553710
1.245760 -0.171367 1.934770
1.232479 -0.654310 2.284911
1.232479 -0.654310 2.183439
0.251955 -0.230069 2.359411
0.481763 -0.633666 2.183439
1.244886 -0.203155 2.061640
0.492680 -0.236689 2.370099
0.989575 -0.250354 2.384941
1.186684 -0.500684 1.591411
1.186293 -0.514928 2.000753
1.242719 -0.281939 1.966570
1.000169 0.175323 2.399965
-1.025802 0.216216 2.337319
0.986738 -0.245503 2.346757
0.994459 -0.252031 2.380155
-0.243376 0.542064 2.214069
-1.200000 -0.255338 1.053275
-1.200000 0.231179 1.068651
0.258185 0.202874 1.150000
0.258185 -0.202873 1.150000
0.258185 -0.351000 -0.000000
0.105315 -0.351000 -0.000000
0.258185 0.351000 -0.000000
0.105315 0.351000 -0.000000
-0.105315 0.550000 0.250000
-0.499000 0.600000 1.075500
-0.499000 0.600000 0.974028
-0.107206 0.555049 1.000747
-1.250000 0.420330 0.852228
-1.250000 0.420330 0.813012
-1.200000 0.550000 0.791342
-1.196360 0.550000 0.250000
-1.250000 0.550000 0.974028
-1.250000 0.148673 0.852228
-1.250000 0.116874 0.725359
-1.250000 0.600000 1.075500
-1.200000 0.351000 -0.000000
-1.250000 0.351000 1.200000
-1.250000 0.116874 0.725359
-1.200000 0.420330 0.813012
-1.200000 0.148673 0.852228
-1.250000 0.116873 0.974028
-1.200000 0.490393 0.502455
-1.200000 0.461940 0.791342
-1.250000 -0.550000 0.348303
-1.200000 -0.550000 0.348303
-0.258185 -0.202873 1.150000
-0.258185 0.202874 1.150000
-0.996083 0.044403 0.098708
-0.996083 0.097403 -0.000000
-1.210728 0.550000 0.348303
-1.196360 0.550000 0.250000
-1.250000 0.116874 0.491303
-1.200000 0.447690 0.382000
-0.996083 0.202874 1.200000
-0.996083 -0.202874 1.160688
-0.996083 0.351000 -0.000000
-1.200000 0.351000 -0.000000
0.260309 0.500465 0.368377
0.260309 0.176400 -0.001335
0.250000 -0.265547 1.111214
-0.250000 -0.265547 1.111214
0.250000 -0.494844 0.830345
0.250000 -0.560121 0.533567
-1.098040 0.433013 0.850000
-1.098040 0.032702 1.098929
1.100000 0.511812 0.470590
1.100000 0.250000 0.166987
-1.200000 0.261269 0.158486
-1.200000 -0.030781 0.091004
1.100000 -0.511060 0.729410
1.100000 0.250000 0.166987
1.100000 -0.250000 1.033013
-1.098040 0.250000 0.166987
0.258185 -0.578298 0.250000
0.258185 -0.351000 -0.000000
-0.258185 -0.578298 0.250000
0.499000 -0.351000 1.200000
0.499000 -0.202873 1.160688
-0.499000 -0.600000 1.075500
-0.493726 -0.599047 1.077237
0.258185 -0.578297 1.013534
0.105315 -0.578297 1.013534
-0.258185 -0.578297 1.013534
1.250000 -0.116874 0.491303
1.200000 -0.447690 0.382000
1.250000 0.116874 0.491303
1.200000 0.447690 0.382000
1.250000 -0.116874 1.200000
1.250000 -0.116874 0.725359
1.250000 0.420330 0.852228
1.200000 0.420330 0.813012
1.250000 0.550000 0.974028
0.996083 0.550000 0.974028
0.996083 0.550000 0.529242
0.888896 0.550000 0.529242
1.250000 0.116873 0.974028
0.499000 0.600000 1.075500
0.263538 0.600000 0.974028
1.205086 0.550000 0.348303
0.996083 0.550000 0.250000
0.263538 0.600000 0.974028
1.200000 0.550000 0.791342
1.250000 0.116873 1.200000
0.996083 0.202874 1.200000
1.250000 0.116873 1.200000
-1.200000 -0.461940 0.791342
-1.200000 -0.550000 0.791342
-1.200000 -0.550000 0.974028
-0.996083 -0.550000 0.974028
-1.200000 -0.550000 0.348303
-1.250000 -0.600000 0.974028
-1.250000 -0.351000 1.200000
-1.200000 -0.148674 0.852228
-1.250000 -0.116874 0.974028
-0.499000 -0.600000 0.974028
-0.996083 -0.550000 0.250000
-1.200000 -0.550000 0.348303
-1.250000 -0.116874 1.200000
-1.200000 -0.447690 0.382000
1.250000 -0.420330 0.852228
0.996083 -0.550000 0.974028
0.996083 -0.550000 0.250000
0.996083 -0.550000 0.344299
0.888896 -0.550000 0.344299
1.250000 -0.116874 0.725359
1.250000 -0.148673 0.852228
0.499000 -0.600000 1.075500
0.499000 -0.600000 0.974028
0.996083 -0.550000 0.600000
0.996083 -0.351000 -0.000000
0.499000 -0.600000 0.974028
0.258185 -0.202874 1.150000
1.250000 -0.420330 0.852228
0.105315 -0.202873 1.150000
0.105315 -0.550000 0.974028
1.200000 -0.447690 0.382000
0.996083 -0.490392 0.502455
-1.031358 0.208117 1.127908
1.004084 0.190446 1.145453
-0.101117 0.567022 1.017331
-0.105315 0.550000 0.250000
-1.191388 0.329651 1.566201
-1.205600 -0.187112 2.155821
-1.107012 -0.239842 2.242424
-1.194604 0.212737 1.463001
-0.253065 0.189720 2.359411
-0.096140 0.182356 2.362665
-0.115479 -0.368147 1.209411
-0.268291 -0.363945 1.209411
0.267181 0.323595 1.209411
0.114369 0.327797 1.209411
0.272651 0.522520 1.459411
0.267181 0.323595 1.209411
-0.243523 0.536715 1.459411
0.514750 0.565881 2.284911
0.272799 0.527869 2.122770
-0.243376 0.542064 2.122770
-0.096140 0.182356 2.362665
-0.090210 0.546315 2.122770
-0.243376 0.542064 2.122770
-1.238528 0.434359 2.061640
-1.184982 0.562605 2.000753
-1.195706 0.562900 1.557714
-1.181344 0.562505 1.459411
-0.243523 0.536715 1.459411
-0.248993 0.337790 1.209411
-0.111407 -0.220077 2.359411
-0.090711 0.532512 1.459411
-0.096140 0.182356 2.362665
-1.233589 0.613961 2.284911
-1.240434 0.365055 2.409411
-1.246870 0.131017 1.934770
-1.245996 0.162805 2.061640
-0.983267 0.479730 1.416574
1.038885 0.424120 1.454249
-0.983267 0.479730 1.454249
1.036207 0.326754 1.416574
-0.096181 0.333588 1.209411
-1.188547 0.432984 2.022423
-1.196015 0.161430 2.061640
-1.184982 0.562605 2.183439
-0.248993 0.337790 1.209411
-0.981142 0.556999 2.183439
-0.981142 0.556999 1.809411
-1.001839 -0.195590 2.370099
-0.981142 0.556999 1.809411
-1.186621 0.503020 1.711866
-1.187795 0.460334 1.591411
-1.192465 0.290493 1.393676
-1.200102 0.012813 1.309411
-1.215221 -0.536979 1.557714
1.004076 -0.003383 1.308120
1.005533 0.049597 1.209411
-1.265202 -0.535605 1.557714
-1.253296 -0.102642 1.700714
-1.224952 -0.536712 1.459411
-1.195706 0.562900 1.557714
1.005533 0.049597 1.209411
1.000178 -0.145135 1.209411
-1.187795 0.460334 1.591411
-1.253296 -0.102642 2.409411
-1.001839 -0.195590 2.370099
-1.190453 0.363680 1.209411
-1.225080 -0.337633 1.209411
0.271909 0.418237 2.068362
0.272351 0.434291 1.577788
-0.249553 0.394729 1.491119
0.265845 0.197715 2.274981
0.266671 0.227750 1.357183
-0.253751 0.242061 1.357183
-0.265369 -0.555434 1.742978
-0.259444 -0.339982 1.399565
-0.265369 -0.555434 1.742978
-0.263905 -0.502189 2.039757
1.105108 0.170647 2.257848
1.204489 0.146762 1.463001
1.110933 0.382435 2.059411
1.209950 0.345347 1.783282
1.105108 0.170647 2.257848
1.092157 -0.300319 2.242424
1.105902 0.199492 1.376398
-1.091308 0.259916 1.376398
-1.106219 -0.210997 1.360975
-1.200820 -0.013307 1.410750
-1.107012 -0.239842 2.242424
-1.113416 -0.472716 1.938821
-1.205600 -0.187112 2.155821
-1.211061 -0.385697 1.835541
1.084736 -0.570171 1.938821
-1.108514 -0.365768 1.479738
-1.099079 -0.022679 1.310482
1.193493 -0.253087 2.155821
1.085752 -0.533194 1.938821
1.092157 -0.300319 2.242424
1.105902 0.199492 1.376398
1.204489 0.146762 1.463001
-0.273762 -0.562870 2.122770
0.492680 -0.236689 2.370099
-0.273762 -0.562870 1.459411
-0.120950 -0.567072 1.459411
0.488607 -0.384760 2.409411
0.476517 -0.632568 2.286648
-0.510562 -0.605423 2.286648
-0.510562 -0.605423 2.286648
0.089601 -0.572862 2.122770
0.089601 -0.572862 1.459411
0.481763 -0.633666 2.183439
0.089601 -0.572862 2.122770
1.189012 -0.603096 1.557714
1.186684 -0.500684 1.591411
1.189012 -0.603096 1.557714
1.252185 0.062292 1.700714
1.252185 0.062292 2.409411
1.252185 0.062292 1.934770
1.245760 -0.171367 1.934770
1.252185 0.062292 1.934770
1.260527 0.365634 2.022423
1.214111 0.496629 2.000753
0.267181 0.323595 1.209411
0.114369 0.327797 1.209411
1.265466 0.545236 2.183439
1.010271 0.502235 1.738653
0.903125 0.505181 1.738653
1.252185 0.062292 2.183439
1.265466 0.545236 2.284911
1.214111 0.496629 1.809411
1.208640 0.297704 1.209411
1.004801 0.303310 1.209411
0.114369 0.327797 1.209411
1.219195 0.496489 1.557714
1.210546 0.367008 2.022423
1.252185 0.062292 1.934770
1.214111 0.496629 2.000753
1.252185 0.062292 2.409411
0.263466 0.188521 2.359411
0.267181 0.323595 1.209411
0.995152 -0.047557 1.209411
1.010271 0.502235 1.809411
1.211298 0.394358 1.591411
1.206628 0.224517 2.225146
1.211690 0.408602 2.000753
1.198992 -0.053163 1.309411
0.995152 -0.047557 1.309411
-0.120950 -0.567072 2.183439
-1.212800 -0.448952 2.000753
-1.215221 -0.536979 2.000753
-1.215221 -0.536979 2.183439
-1.011381 -0.542585 2.183439
-1.224952 -0.536712 1.459411
-1.011381 -0.542585 1.459411
-0.268291 -0.363945 1.209411
-0.273762 -0.562870 1.459411
-0.263902 -0.204347 2.271351
-1.011381 -0.542585 2.183439
-1.265202 -0.535605 2.183439
-1.259732 -0.336680 2.409411
-1.253296 -0.102642 2.409411
-1.011381 -0.542585 1.738653
-0.904235 -0.545532 1.738653
-1.204189 -0.135805 2.061640
-1.253296 -0.102642 2.183439
1.012896 -0.520925 1.416574
-1.011381 -0.542585 1.459411
-1.215221 -0.536979 1.557714
1.012896 -0.520925 1.454249
-0.509016 -0.357325 2.409411
-0.504944 -0.209254 2.370099
-0.111407 -0.220077 2.359411
-1.001522 -0.184062 2.271351
-1.008960 -0.454558 2.000753
-1.213582 -0.477394 1.711866
-1.212800 -0.448952 2.000753
-1.200102 0.012813 1.309411
-0.996262 0.007207 1.309411
0.263466 0.188521 2.359411
1.233853 -0.604329 2.183439
1.183872 -0.602955 2.000753
0.980032 -0.597349 1.459411
0.099143 -0.225867 2.359411
0.089601 -0.572862 1.459411
1.233853 -0.604329 2.183439
1.232479 -0.654310 2.183439
0.980032 -0.597349 1.738653
0.980032 -0.597349 1.553710
1.245760 -0.171367 1.934770
1.232479 -0.654310 2.284911
1.183872 -0.602955 1.809411
0.985503 -0.398424 1.209411
1.239324 -0.405405 2.409411
1.194905 -0.201780 2.061640
1.237418 -0.474709 2.061640
1.183872 -0.602955 2.000753
1.245760 -0.171367 2.409411
0.989575 -0.250354 2.384941
0.985503 -0.398424 1.209411
0.980032 -0.597349 1.459411
1.000729 0.155240 2.409411
1.186293 -0.514928 2.000753
1.186684 -0.500684 1.591411
0.981671 -0.537764 1.711866
-1.025802 0.216216 2.337319
1.000169 0.175323 2.399965
-1.040161 -0.204550 2.359267
-1.068398 -0.194129 2.339359
-1.200000 0.316958 0.356790
-1.100000 0.482963 0.470590
-1.200000 0.176701 0.958315
-1.100000 0.032702 1.098929
-1.200000 0.378314 0.728420
-1.200000 0.176701 0.958315
0.105315 0.202874 1.150000
0.105315 -0.202873 1.150000
0.258185 -0.351000 -0.000000
0.258185 0.351000 -0.000000
0.258185 0.555351 0.913359
0.499000 0.600000 0.974028
0.105315 0.550000 0.250000
0.499000 0.202874 1.200000
-0.499000 0.202874 1.200000
0.105315 0.550000 0.974028
-0.258185 0.555351 0.913359
-0.258185 0.555351 0.913359
-0.258185 -0.202873 1.150000
-1.250000 0.420330 0.852228
-1.250000 0.420330 0.813012
-1.200000 0.550000 0.791342
-1.200000 0.550000 0.791342
-0.996083 0.550000 0.250000
-0.105315 -0.202873 1.150000
-0.105315 0.351000 -0.000000
-0.105315 0.202874 1.150000
-0.101117 0.199827 1.153254
-1.250000 0.600000 0.974028
-0.996083 0.550000 0.344299
-0.888896 0.550000 0.344299
-1.200000 0.151452 0.757159
1.026833 0.375299 0.207163
-0.996083 0.375299 0.207163
-1.250000 0.600000 1.075500
-1.200000 0.550000 0.600000
-1.200000 0.351000 -0.000000
-0.996083 0.351000 -0.000000
-0.499000 0.202874 1.200000
-1.200000 0.148673 0.852228
-0.996083 0.202874 1.200000
-0.996083 0.351000 -0.000000
-0.996083 0.550000 0.250000
-0.996083 0.550000 0.600000
-1.200000 0.353553 0.953553
-1.200000 -0.000000 1.100000
-0.996083 0.353553 0.246447
-0.996083 0.191342 0.138060
-1.250000 -0.550000 0.348303
-1.200000 -0.550000 0.348303
-0.258185 -0.202873 1.150000
-0.258185 0.202874 1.150000
-0.996083 0.044403 0.098708
-0.996083 0.097403 -0.000000
-1.210728 0.550000 0.348303
-1.196360 0.550000 0.250000
-1.250000 0.116874 0.491303
-1.200000 0.447690 0.382000
-0.996083 0.202874 1.200000
-0.996083 -0.202874 1.160688
-0.996083 0.351000 -0.000000
-1.200000 0.351000 -0.000000
-0.260310 0.445737 0.858950
0.260309 0.445737 0.858950
0.260310 -0.265442 1.049510
-0.260309 -0.265442 1.049510
0.260310 0.028917 1.118145
-0.260310 -0.073087 1.114806
0.250000 -0.548109 0.533567
0.250000 -0.326803 0.190153
-0.250000 0.089574 0.087521
-0.250000 0.297667 0.152502
1.100000 0.221144 1.048436
1.100000 0.433013 0.850000
1.100000 0.250000 0.166987
1.200000 0.200000 0.253590
-1.098040 0.433013 0.850000
1.200000 0.026130 0.998661
-1.098040 0.221144 1.048436
1.200000 -0.200000 0.946410
1.200000 0.398661 0.573870
1.200000 0.300372 0.863419
-1.200000 -0.026130 0.201339
-1.200000 0.200000 0.253590
-1.200000 0.200000 0.253590
-1.200000 -0.200000 0.946410
1.100000 -0.455490 0.350000
1.100000 -0.519953 0.729410
1.200000 -0.026130 0.201339
1.100000 -0.221144 0.151564
1.100000 0.250000 0.166987
1.100000 -0.221144 0.151564
1.200000 -0.026130 0.201339
1.100000 0.250000 0.166987
1.200000 -0.398661 0.626130
1.200000 -0.200000 0.946410
-0.499000 -0.600000 1.075500
-0.499000 -0.600000 0.974028
0.258185 -0.550000 0.250000
0.105315 -0.550000 0.250000
-0.258185 -0.550000 0.250000
0.499000 -0.600000 1.075500
0.499000 -0.600000 0.974028
0.105315 -0.550000 0.913359
0.258185 -0.550000 0.913359
-0.258185 -0.550000 0.913359
0.499000 -0.600000 0.974028
0.258185 -0.550000 0.913359
1.205142 -0.550000 0.348303
1.250000 0.116874 0.491303
1.250000 0.116874 0.491303
1.200000 0.447690 0.382000
1.250000 -0.116874 1.200000
1.250000 -0.116874 0.725359
1.250000 0.420330 0.852228
1.250000 0.420330 0.813012
1.200000 0.550000 0.791342
0.258185 0.351000 -0.000000
0.105315 0.202874 1.150000
0.105315 0.550000 0.974028
1.250000 0.600000 0.974028
0.996083 0.550000 0.344299
0.888896 0.550000 0.344299
1.250000 0.116874 0.725359
0.499000 0.600000 0.974028
1.200000 0.351000 -0.000000
1.205086 0.550000 0.348303
0.996083 -0.000000 1.200000
0.996083 0.202874 1.200000
1.200000 0.148673 0.852228
1.200000 0.550000 0.791342
0.258185 0.351000 -0.000000
0.996083 0.550000 0.250000
0.996083 -0.000000 0.000000
1.200000 0.461940 0.791342
1.250000 0.116874 0.725359
1.200000 0.461940 0.791342
0.996083 0.461940 0.791342
1.200000 0.461940 0.791342
0.996083 0.191342 0.138060
0.996083 -0.000000 0.100000
-0.105315 -0.202874 1.150000
-0.258185 -0.550000 0.913359
-1.250000 -0.550000 0.974028
-1.200000 -0.550000 0.348303
-0.996083 -0.550000 0.250000
-0.258185 -0.202873 1.150000
-0.258185 -0.351000 -0.000000
-0.258185 -0.550000 0.250000
-0.105315 -0.550000 0.250000
-0.105315 -0.351000 -0.000000
-1.250000 -0.600000 1.075500
-1.250000 -0.351000 1.200000
-0.996083 -0.550000 0.529242
-0.996083 -0.550000 0.344299
-1.200000 -0.461940 0.791342
-1.200000 -0.151452 0.757159
1.026833 -0.472701 0.207163
1.026833 -0.375299 0.207163
-0.499000 -0.600000 1.075500
-0.996083 -0.472701 0.244838
-0.996083 -0.375299 0.207163
-0.499000 -0.351000 1.200000
-1.200000 -0.550000 0.974028
-0.105315 -0.202873 1.150000
-1.200000 -0.490393 0.502455
-1.200000 -0.447690 0.382000
-1.200000 -0.353553 0.953553
-1.200000 -0.461940 0.791342
-1.200000 -0.277785 0.184265
-1.200000 -0.000000 0.100000
0.258185 0.215875 1.150000
1.250000 -0.420330 0.813012
1.205142 -0.550000 0.348303
1.205142 -0.351000 -0.000000
0.258185 -0.550000 0.250000
0.258185 -0.202874 1.150000
0.105315 -0.202873 1.150000
0.105315 -0.550000 0.974028
1.250000 -0.600000 0.974028
0.888896 -0.550000 0.529242
0.888896 -0.550000 0.344299
1.200000 -0.151452 0.757159
1.250000 -0.227487 0.757159
1.250000 -0.600000 1.075500
0.499000 -0.600000 1.075500
0.499000 -0.600000 0.974028
1.250000 -0.227487 0.757159
1.200000 -0.151452 0.757159
1.200000 -0.550000 0.791342
1.200000 -0.550000 0.974028
0.258185 0.351000 -0.000000
0.996083 0.351000 -0.000000
0.996083 -0.550000 0.250000
0.996083 -0.550000 0.600000
0.996083 -0.550000 0.600000
1.250000 -0.227487 0.757159
0.996083 -0.353553 0.953553
1.200000 -0.353553 0.953553
1.200000 -0.447690 0.382000
1.200000 -0.277785 0.184265
-1.031358 0.208117 1.127908
-1.061159 0.227229 1.176336
0.993114 -0.198103 1.137346
-1.062657 -0.203243 1.129948
-0.101117 0.567022 0.923085
-1.191388 0.329651 1.566201
-1.189702 0.390984 1.937831
-1.195244 0.189448 2.167726
-1.205600 -0.187112 2.155821
-0.253065 0.189720 2.359411
-0.264219 -0.215874 2.359411
0.110297 0.179727 2.359411
0.099143 -0.225867 2.359411
0.247883 -0.378140 1.209411
0.267181 0.323595 1.209411
0.272799 0.527869 2.122770
0.514750 0.565881 2.183439
0.119840 0.526722 1.459411
-0.243523 0.536715 1.459411
-0.243376 0.542064 2.122770
0.272799 0.527869 2.122770
0.119840 0.526722 2.183439
-0.243376 0.542064 2.122770
-0.243376 0.542064 2.122770
-0.243523 0.536715 2.183439
-0.264219 -0.215874 2.359411
-1.234963 0.563980 2.183439
-1.184982 0.562605 2.000753
-1.184982 0.562605 2.183439
-0.981142 0.556999 2.183439
-1.195706 0.562900 1.557714
-1.181344 0.562505 1.459411
-0.243523 0.536715 1.459411
-0.248993 0.337790 1.209411
-0.096181 0.333587 1.209411
-0.090711 0.532512 1.459411
-0.090784 0.529862 2.224693
-1.240434 0.365055 2.409411
-1.246870 0.131017 1.934770
-1.246870 0.131017 2.183439
-0.983267 0.479730 1.416574
1.038885 0.424120 1.454249
-0.983267 0.479730 1.454249
1.036207 0.326754 1.416574
-1.240434 0.365055 2.409411
-1.246870 0.131017 2.409411
-0.253065 0.189720 2.359411
-1.246870 0.131017 2.409411
-0.986613 0.358075 1.209411
-0.981142 0.556999 1.459411
-1.187403 0.474578 2.000753
-1.190382 0.366233 2.162965
-1.186621 0.503020 1.711866
-1.187795 0.460334 1.591411
-0.991002 0.198477 1.347471
-0.996262 0.007207 1.209411
-0.111407 -0.220077 2.359411
-0.111407 -0.220077 2.359411
1.004076 -0.003383 1.308120
-1.212409 -0.434708 1.591411
-1.253296 -0.102642 1.700714
-1.225080 -0.337633 1.209411
-1.224952 -0.536712 1.459411
1.000178 -0.145135 1.209411
-0.998939 -0.090159 1.209411
-1.246870 0.131017 2.409411
-1.253296 -0.102642 2.409411
1.000178 -0.145135 1.255120
-1.005911 -0.343660 1.209411
-1.225080 -0.337633 1.209411
-0.248513 0.432549 2.068362
0.272351 0.434291 1.577788
-0.249553 0.394729 1.491119
-0.249553 0.394729 1.491119
0.272351 0.434291 1.577788
-0.250147 0.373124 2.151320
0.240367 -0.353727 1.399565
-0.259444 -0.339982 1.399565
0.235747 -0.521705 2.039757
0.242051 -0.292494 2.259296
1.110932 0.382435 2.059411
1.112306 0.432366 1.680002
1.204489 0.146762 1.463001
1.092157 -0.300319 2.242424
1.209950 0.345347 1.783282
1.193493 -0.253087 2.155821
-1.106219 -0.210997 1.360975
-1.200820 -0.013307 1.410750
-1.107012 -0.239842 2.242424
-1.113416 -0.472716 1.938821
-1.205600 -0.187112 2.155821
-1.211061 -0.385697 1.835541
1.193493 -0.253087 2.155821
1.198273 -0.079283 1.410750
1.188032 -0.451673 1.835541
1.204489 0.146762 1.463001
1.193493 -0.253087 2.155821
1.188032 -0.451673 1.835541
-0.111407 -0.220077 2.359411
-0.504944 -0.209254 2.370099
0.242413 -0.577065 1.459411
0.089601 -0.572862 1.459411
-0.273762 -0.562870 1.459411
-0.120950 -0.567072 1.459411
0.481763 -0.633666 2.183439
0.295333 -0.628539 2.122770
-0.273762 -0.562870 2.122770
0.089601 -0.572862 2.122770
1.214055 0.496631 1.459411
1.219195 0.496489 1.557714
1.252185 0.062292 1.700714
0.989575 -0.250354 2.384941
1.245760 -0.171367 2.409411
0.985503 -0.398425 1.209411
1.194482 -0.404171 1.209411
1.260527 0.365634 2.061640
1.260527 0.365634 2.022423
1.264092 0.495255 2.183439
1.010271 0.502235 2.183439
1.010271 0.502235 1.459411
0.267181 0.323595 1.209411
0.119840 0.526722 2.183439
0.119840 0.526722 1.459411
1.265466 0.545236 2.183439
1.265466 0.545236 2.284911
1.252185 0.062292 1.934770
1.203155 0.098232 1.966570
1.253060 0.094080 2.061640
1.010271 0.502235 1.809411
1.208640 0.297704 1.209411
1.004801 0.303310 1.209411
1.210546 0.367008 2.022423
1.214111 0.496629 2.000753
1.214111 0.496629 2.183439
0.263466 0.188521 2.359411
0.503833 0.168904 2.409411
0.257532 -0.027272 1.209411
1.010271 0.502235 2.183439
1.010271 0.502235 1.459411
1.010271 0.502235 1.809411
1.010271 0.502235 1.809411
1.206628 0.224517 2.225146
1.198992 -0.053163 2.309411
1.206628 0.224517 1.393676
1.198992 -0.053163 1.309411
-0.120950 -0.567072 2.183439
-0.264219 -0.215874 2.359411
-1.261638 -0.405984 2.022423
-1.215221 -0.536979 2.000753
-1.265202 -0.535605 2.183439
-1.215221 -0.536979 1.557714
-0.264219 -0.215874 2.359411
-0.268291 -0.363945 1.209411
-0.111407 -0.220077 2.359411
-0.120950 -0.567072 1.459411
-1.266577 -0.585586 2.183439
-1.001839 -0.195590 2.370099
-1.253296 -0.102642 1.934770
-1.253296 -0.102642 2.183439
-0.264219 -0.215874 2.359411
-0.504944 -0.209254 2.370099
-1.009256 -0.465315 1.416574
-0.515860 -0.606231 2.183439
1.012896 -0.520925 1.454249
-1.009256 -0.465315 1.454249
-0.105830 -0.017280 1.209411
-1.215221 -0.536979 2.183439
-1.001839 -0.195590 2.370099
-0.504944 -0.209254 2.370099
-0.264219 -0.215874 2.359411
-0.258642 -0.013078 1.209411
-1.212409 -0.434708 1.591411
-0.996262 0.007207 1.209411
-1.011381 -0.542585 1.459411
-1.001522 -0.184062 2.271351
-1.008960 -0.454558 2.000753
-1.213582 -0.477394 1.711866
-1.212409 -0.434708 1.591411
-1.200102 0.012813 1.309411
-0.996262 0.007207 1.309411
0.242413 -0.577065 2.122770
0.481763 -0.633666 2.183439
1.237418 -0.474709 2.061640
1.237418 -0.474709 2.022423
1.183872 -0.602955 2.000753
0.980032 -0.597349 1.459411
0.099143 -0.225867 2.359411
0.089601 -0.572862 1.459411
1.232479 -0.654310 2.183439
0.872886 -0.594403 1.738653
0.872886 -0.594403 1.553710
1.194828 -0.204557 1.966570
1.242719 -0.281939 1.966570
1.232479 -0.654310 2.284911
0.481763 -0.633666 2.284911
1.183872 -0.602955 1.809411
0.985503 -0.398424 1.209411
0.488607 -0.384760 2.409411
1.239324 -0.405405 2.409411
1.187437 -0.473334 2.022423
0.989575 -0.250354 2.384941
1.101440 -0.167398 2.409411
1.185511 -0.543370 1.711866
1.186684 -0.500684 1.591411
0.980032 -0.597349 1.809411
0.995152 -0.047557 1.209411
1.189272 -0.406583 2.162965
1.198992 -0.053163 2.309411
1.198992 -0.053163 1.309411
0.995152 -0.047557 1.309411
0.306710 0.161531 2.411398
-0.211252 0.197605 2.359463
-1.200000 0.316958 0.356790
-1.100000 0.032702 1.098929
-1.100000 -0.250000 1.033013
-1.200000 0.200000 0.253590
-0.258185 0.202874 1.150000
-0.258185 -0.202873 1.150000
0.105315 0.202874 1.150000
0.105315 -0.202873 1.150000
0.105315 -0.351000 -0.000000
0.105315 0.351000 -0.000000
0.499000 0.600000 1.075500
0.499000 0.600000 0.974028
-0.258185 0.202874 1.150000
0.499000 0.202874 1.200000
-0.258185 0.550000 0.250000
-0.258185 0.555351 0.913359
0.258185 0.555351 0.913359
-0.258185 0.555351 0.913359
-0.258185 0.555351 0.913359
-0.499000 0.600000 0.974028
-0.258185 -0.202873 1.150000
-1.250000 0.550000 0.974028
-1.200000 0.550000 0.974028
-0.996083 0.550000 0.974028
-1.210728 0.550000 0.348303
-1.196360 0.550000 0.250000
-0.258185 0.550000 0.250000
-0.258185 -0.202873 1.150000
-0.105315 0.351000 -0.000000
-0.996083 0.550000 0.974028
-1.250000 0.550000 0.974028
-1.250000 0.600000 0.974028
-1.250000 0.351000 1.200000
-1.250000 0.116874 0.725359
-1.250000 0.116873 0.974028
-0.499000 0.202874 1.200000
-0.258185 0.202874 1.150000
-1.250000 0.600000 1.075500
-0.499000 0.600000 1.075500
-0.996083 0.472701 0.244838
-0.996083 0.375299 0.207163
-0.105315 -0.000000 0.000000
-0.258185 0.202874 1.150000
-1.250000 0.351000 1.200000
-1.250000 0.116873 1.200000
-1.250000 0.116873 1.200000
-0.996083 0.550000 0.974028
-0.996083 0.550000 0.600000
-1.200000 0.461940 0.791342
-1.200000 0.490393 0.502455
-1.200000 0.447690 0.382000
-1.200000 0.277785 0.184265
-1.200000 -0.447690 0.382000
-1.250000 -0.550000 0.348303
-0.105315 -0.202873 1.150000
-0.105315 -0.202874 1.150000
1.003790 0.097403 -0.000000
-0.996083 0.097403 -0.000000
-1.250000 -0.116874 0.491303
-1.215335 -0.351000 -0.000000
1.003790 -0.097403 -0.000000
-1.250000 0.116873 1.200000
-1.250000 -0.116874 1.200000
1.003790 -0.097403 0.045708
-1.200000 0.351000 -0.000000
-1.215335 -0.351000 -0.000000
-1.200000 0.351000 -0.000000
-1.250000 -0.116874 0.725359
0.260309 0.445737 0.858950
0.260309 0.225131 1.065570
-0.260310 0.225131 1.065570
-0.260310 0.407902 0.281708
0.260309 0.225131 1.065570
-0.260310 0.255177 0.147772
0.250000 -0.326803 0.190153
-0.250000 -0.326803 0.190153
-0.250000 -0.489071 0.830345
-0.250000 -0.265547 1.049885
1.100000 0.433013 0.850000
-1.098040 0.482963 0.470590
-1.098040 0.433013 0.850000
1.200000 0.026130 0.998661
1.200000 -0.200000 0.946410
-1.100000 -0.221144 0.151564
-1.200000 -0.026130 0.201339
-1.200000 -0.200000 0.946410
-1.200000 -0.398661 0.626130
-1.200000 -0.398661 0.626130
-1.200000 -0.300372 0.336581
1.100000 -0.433013 0.350000
1.200000 -0.300372 0.336581
1.100000 -0.221144 0.151564
1.200000 -0.398661 0.626130
1.200000 -0.200000 0.946410
1.200000 -0.398661 0.626130
-0.105315 -0.202873 1.150000
0.499000 -0.202873 1.160688
0.258185 -0.550000 0.250000
0.258185 -0.351000 -0.000000
-0.258185 -0.550000 0.250000
0.499000 -0.600000 0.974028
0.258185 -0.550000 0.913359
-0.258185 -0.550000 0.913359
-0.258185 -0.550000 0.913359
-0.105315 -0.550000 0.913359
1.205142 -0.550000 0.348303
1.250000 -0.116874 0.491303
1.205142 -0.550000 0.348303
1.250000 0.116874 0.491303
1.250000 0.116873 1.200000
1.250000 0.116874 0.725359
1.250000 -0.116874 0.725359
1.250000 0.116874 0.725359
1.250000 0.420330 0.852228
1.250000 0.550000 0.974028
1.205086 0.550000 0.348303
0.258185 0.550000 0.250000
0.258185 0.351000 -0.000000
0.105315 0.202874 1.150000
0.105315 0.550000 0.250000
0.996083 0.550000 0.974028
1.250000 0.550000 0.974028
1.250000 0.351000 1.200000
1.250000 0.116874 0.725359
1.250000 0.148673 0.852228
1.250000 0.116873 0.974028
1.200000 0.550000 0.600000
0.996083 -0.000000 0.000000
1.200000 0.550000 0.791342
1.200000 0.550000 0.974028
1.250000 0.116873 1.200000
0.996083 0.202874 1.200000
1.250000 0.116873 1.200000
1.200000 0.490393 0.502455
0.996083 0.550000 0.600000
1.200000 0.461940 0.791342
1.200000 0.461940 0.791342
0.996083 0.191342 1.061940
0.996083 0.461940 0.791342
0.996083 -0.000000 1.100000
1.200000 -0.000000 1.100000
0.996083 0.191342 0.138060
0.996083 -0.000000 0.100000
-0.105315 -0.550000 0.974028
-0.258185 -0.191342 1.061940
-1.250000 -0.420330 0.813012
-1.200000 -0.550000 0.974028
-0.996083 -0.550000 0.974028
-1.209734 -0.550000 0.250000
-0.996083 -0.550000 0.250000
-0.258185 -0.351000 -0.000000
-0.258185 -0.550000 0.250000
-0.105315 -0.351000 -0.000000
-1.250000 -0.600000 1.075500
-1.250000 -0.351000 1.200000
-0.996083 -0.550000 0.529242
-0.996083 -0.550000 0.344299
-1.250000 -0.420330 0.813012
-1.200000 -0.151452 0.757159
-0.499000 -0.202874 1.160688
-1.250000 -0.600000 1.075500
-0.499000 -0.600000 1.075500
-0.996083 -0.472701 0.244838
-0.996083 -0.375299 0.207163
-0.105315 -0.000000 0.000000
-0.105315 -0.550000 0.913359
-0.996083 -0.202874 1.160688
-0.258185 -0.000000 0.000000
-0.996083 -0.550000 0.974028
-0.996083 -0.000000 0.000000
-0.996083 -0.351000 -0.000000
-0.996083 -0.550000 0.600000
-1.250000 -0.116874 0.725359
-0.996083 -0.191342 1.061940
-0.996083 0.000000 1.100000
-0.996083 -0.490393 0.502455
-0.996083 -0.353553 0.246447
0.258185 -0.202874 1.150000
0.258185 -0.550000 0.974028
1.250000 -0.420330 0.852228
1.250000 -0.420330 0.813012
1.205142 -0.550000 0.348303
0.996083 -0.550000 0.250000
0.258185 -0.550000 0.250000
0.105315 0.202874 1.150000
0.105315 -0.202873 1.150000
0.105315 -0.202873 1.150000
1.250000 -0.600000 0.974028
1.250000 -0.116873 0.725359
1.200000 -0.151452 0.757159
1.250000 -0.148673 0.852228
0.258185 -0.202873 1.150000
0.499000 -0.600000 1.075500
0.499000 -0.600000 0.974028
1.250000 -0.351000 1.200000
1.200000 -0.420330 0.813012
1.200000 -0.550000 0.791342
0.105315 -0.202873 1.150000
1.250000 -0.116873 1.200000
1.105626 -0.116873 1.200000
0.996083 0.000000 0.000000
0.996083 -0.351000 -0.000000
1.200000 -0.461940 0.791342
1.200000 -0.353553 0.953553
1.200000 -0.490392 0.502455
1.200000 -0.447690 0.382000
-0.991683 0.203899 1.151621
-0.258185 0.202874 1.150000
1.139738 0.210880 1.154204
0.898923 0.210880 1.204205
-0.252255 -0.078541 2.305134
-1.191388 0.329651 1.566201
-1.086863 0.492844 1.680002
-0.239556 0.383224 1.505031
-0.244381 0.207758 2.257847
-0.243588 0.236603 1.376398
-1.189702 0.390984 1.937831
-1.195244 0.189448 2.167726
0.110297 0.179727 2.359411
0.099143 -0.225867 2.359411
-0.104610 0.027106 1.308120
-0.115479 -0.368147 1.209411
-0.268291 -0.363945 1.209411
-0.103153 0.080086 1.209411
0.267181 0.323595 1.209411
0.114369 0.327797 1.209411
0.503833 0.168904 2.409411
-0.482873 0.593316 2.284911
-0.092836 0.455243 1.416574
0.119840 0.526722 1.459411
0.114369 0.327797 1.209411
-0.253065 0.189720 2.359411
-0.493790 0.196339 2.409411
-0.090711 0.532512 1.459411
-0.092836 0.455243 1.454249
0.172609 0.575290 2.284911
-0.140732 0.583907 2.284911
0.272651 0.522520 2.122770
0.119840 0.526722 2.122770
-0.090711 0.532512 2.122770
0.172609 0.575290 2.284911
0.238883 0.564641 2.336241
-0.243523 0.536715 2.122770
-0.243523 0.536715 2.183439
-0.253382 0.178192 2.271351
-1.234963 0.563980 2.183439
-1.184982 0.562605 2.000753
-1.234963 0.563980 1.557714
-1.234963 0.563980 1.459411
-0.243523 0.536715 1.459411
-0.248993 0.337790 1.209411
-0.096181 0.333587 1.209411
-0.090711 0.532512 1.459411
-0.090711 0.532512 2.183439
-1.233589 0.613961 2.284911
-1.240434 0.365055 2.409411
-0.981142 0.556999 1.553710
-0.873996 0.554053 1.553710
-1.246870 0.131017 1.934770
-1.246870 0.131017 2.183439
-0.983267 0.479730 1.416574
-0.981142 0.556999 1.738653
-0.982520 0.506911 1.553710
-0.983267 0.479730 1.454249
-0.105830 -0.017280 1.309411
-0.996262 0.007207 2.309411
-0.090711 0.532512 2.183439
0.014564 0.529617 2.183439
-1.246870 0.131017 2.409411
-0.090711 0.532512 2.183439
-0.253065 0.189720 2.359411
-1.186621 0.503020 1.711866
-1.187795 0.460334 1.591411
-0.981142 0.556999 1.809411
-1.187403 0.474578 2.000753
-0.986543 0.360627 2.162965
-1.190382 0.366233 2.162965
-0.982781 0.497415 1.711866
-0.983563 0.468972 2.000753
-1.265202 -0.535605 1.557714
-1.215221 -0.536979 1.557714
-0.263902 -0.204347 2.271351
-0.264219 -0.215874 2.359411
-0.255965 0.084289 1.209411
-0.993584 0.104573 1.209411
-1.234963 0.563980 1.557714
-0.261320 -0.110444 1.209411
-1.187795 0.460334 1.591411
-1.246870 0.131017 2.409411
-1.253296 -0.102642 2.409411
-0.261320 -0.110444 1.255120
-1.005911 -0.343660 1.209411
-1.259732 -0.336680 1.209411
-0.238557 0.419547 2.059411
0.261678 0.421219 1.588267
-0.239556 0.383224 1.505031
-0.239556 0.383224 1.505031
-0.240127 0.362475 2.139084
-0.243588 0.236603 1.376398
0.240983 -0.331313 1.412735
-0.258828 -0.317568 1.412735
0.237023 -0.475314 2.030555
0.242478 -0.276953 2.242424
1.110932 0.382435 2.059411
1.112306 0.432366 1.680002
1.204489 0.146762 1.463001
1.199710 -0.027043 2.208072
1.209950 0.345347 1.783282
1.193493 -0.253087 2.155821
-1.106219 -0.210997 1.360975
-1.200820 -0.013307 1.410750
-1.107012 -0.239842 2.242424
-1.093267 0.259970 1.376398
-0.257333 -0.263208 2.242424
-1.194604 0.212737 1.463001
-1.205600 -0.187112 2.155821
-0.243588 0.236603 1.376398
1.085752 -0.533194 1.938821
1.198273 -0.079283 1.410750
1.092950 -0.271475 1.360975
1.188032 -0.451673 1.835541
1.204489 0.146762 1.463001
1.193493 -0.253087 2.155821
-0.509016 -0.357325 2.409411
-0.515860 -0.606231 2.284911
-0.329431 -0.611358 2.122770
-0.515860 -0.606231 2.183439
0.094403 -0.398227 1.416574
0.091726 -0.495593 1.416574
0.089601 -0.572862 1.459411
0.095071 -0.373937 1.209411
-0.120950 -0.567072 1.459411
-0.115479 -0.368147 1.209411
0.481763 -0.633666 2.183439
0.295333 -0.628539 2.122770
0.142444 -0.521635 2.336241
0.139622 -0.624257 2.284911
-0.329431 -0.611358 2.122770
-0.273762 -0.562870 2.122770
-0.170897 -0.513018 2.336241
-0.239993 -0.604991 2.336241
0.110297 0.179727 2.359411
0.109980 0.168199 2.271351
0.258753 0.017114 1.308120
1.239324 -0.405405 1.209411
1.233853 -0.604330 1.459411
1.252185 0.062292 1.700714
0.992474 -0.144923 1.209411
1.211298 0.394358 1.591411
1.252185 0.062292 2.409411
0.254854 -0.124638 1.255120
1.252185 0.062292 1.934770
1.245760 -0.171367 1.934770
0.272652 0.522520 2.183439
0.265168 0.250408 2.359411
0.265168 0.250408 2.359411
1.260527 0.365634 2.022423
1.214111 0.496629 2.000753
1.010271 0.502235 1.459411
0.267181 0.323595 1.209411
1.010271 0.502235 2.183439
1.010271 0.502235 1.738653
1.010271 0.502235 1.553710
0.903125 0.505181 1.738653
1.252185 0.062292 1.934770
0.263109 0.175524 2.359411
0.503833 0.168904 2.409411
1.265466 0.545236 2.284911
0.514750 0.565881 2.284911
0.514750 0.565881 2.183439
1.010271 0.502235 1.809411
1.208640 0.297704 1.209411
1.004801 0.303310 1.209411
0.263109 0.175524 2.359411
0.901747 0.455093 1.738653
0.995152 -0.047557 1.309411
1.203079 0.095454 2.061640
1.214111 0.496629 2.000753
0.257532 -0.027272 1.209411
0.014564 0.529617 2.183439
0.119840 0.526722 2.183439
1.010271 0.502235 1.459411
1.004801 0.303310 1.209411
1.010271 0.502235 1.809411
1.211690 0.408602 2.000753
1.211690 0.408602 2.000753
1.000412 0.143712 2.271351
1.007850 0.414208 2.000753
0.995152 -0.047557 2.309411
1.198992 -0.053163 2.309411
1.000412 0.143712 1.347471
0.995152 -0.047557 1.309411
-0.111090 -0.208549 2.271351
-0.111407 -0.220077 2.359411
-0.263902 -0.204347 2.271351
-1.261638 -0.405984 2.022423
-1.215221 -0.536979 2.183439
-1.011381 -0.542585 2.183439
-1.265202 -0.535605 1.459411
-1.011381 -0.542585 1.459411
-0.258642 -0.013078 1.309411
-0.268291 -0.363945 1.209411
-0.258642 -0.013078 1.309411
-1.266577 -0.585586 2.183439
-1.266577 -0.585586 2.284911
-1.259732 -0.336680 2.409411
-0.904235 -0.545532 1.738653
-1.261638 -0.405984 2.022423
-1.204429 -0.144548 1.966570
-0.271637 -0.485600 1.416574
-0.268959 -0.388234 1.416574
-0.515860 -0.606231 2.284911
-0.902857 -0.495443 1.738653
-0.271637 -0.485600 1.454249
-1.009256 -0.465315 1.454249
-0.509016 -0.357325 2.409411
-0.120950 -0.567072 2.183439
-1.253296 -0.102642 2.409411
-0.006132 -0.222972 2.359411
-1.011381 -0.542585 2.183439
-1.001839 -0.195590 2.370099
-0.996262 0.007207 1.309411
-1.011381 -0.542585 1.459411
-0.996262 0.007207 1.209411
-0.996262 0.007207 1.309411
-1.253296 -0.102642 1.934770
-1.209821 -0.340607 2.162965
-1.212800 -0.448952 2.000753
-1.207738 -0.264867 1.393676
-1.200102 0.012813 1.309411
0.257532 -0.027272 1.309411
0.242413 -0.577065 2.122770
1.233853 -0.604329 2.183439
1.183872 -0.602955 2.183439
0.980032 -0.597349 2.183439
1.183872 -0.602955 1.557714
0.242413 -0.577065 1.459411
0.095071 -0.373937 1.209411
0.089601 -0.572862 1.459411
0.980032 -0.597349 2.183439
1.233853 -0.604329 2.183439
1.232479 -0.654310 2.183439
0.980032 -0.597349 1.738653
0.872886 -0.594403 1.738653
0.980032 -0.597349 1.553710
1.245760 -0.171367 1.934770
0.492680 -0.236689 2.370099
0.874263 -0.544314 1.553710
1.232479 -0.654310 2.284911
0.481763 -0.633666 2.284911
1.183872 -0.602955 1.809411
0.244538 -0.499795 1.454249
0.982157 -0.520080 1.454249
0.488607 -0.384760 2.409411
1.194905 -0.201780 2.061640
0.989575 -0.250354 2.370099
0.492680 -0.236689 2.370099
0.989575 -0.250354 2.370099
0.257532 -0.027272 1.209411
1.245760 -0.171367 2.409411
1.101440 -0.167398 2.409411
1.185511 -0.543370 1.711866
1.186293 -0.514928 2.000753
1.186293 -0.514928 2.000753
1.189272 -0.406583 2.162965
1.185511 -0.543370 1.711866
1.186684 -0.500684 1.591411
-0.986258 0.210908 2.361032
-0.253065 0.189719 2.359411
1.144550 0.159294 2.363616
0.903825 0.165914 2.413616
-0.250000 -0.065263 1.095722
-0.250000 -0.160720 1.073465
-1.200000 0.316958 0.356790
-1.100000 0.482963 0.470590
-0.250000 0.396677 0.295619
-0.250000 0.250000 0.166987
-1.200000 0.378314 0.728420
-1.200000 0.176701 0.958315
0.105315 0.202874 1.150000
0.105315 -0.202873 1.150000
0.105315 0.044403 0.098708
0.105315 0.097403 -0.000000
-0.105315 -0.351000 -0.000000
-0.258185 -0.351000 -0.000000
0.258185 0.351000 -0.000000
0.105315 0.351000 -0.000000
0.499000 0.202874 1.200000
-0.499000 0.600000 1.075500
-0.105315 0.472701 0.207162
0.105315 0.472701 0.207162
0.105315 0.550000 0.250000
0.105315 0.351000 -0.000000
-0.258185 0.202874 1.150000
-0.499000 0.202874 1.200000
-0.105315 0.550000 0.250000
0.156730 0.600000 1.075500
-0.156730 0.600000 1.075500
0.258185 0.550000 0.913359
0.105315 0.550000 0.913359
-0.105315 0.550000 0.913359
0.156730 0.600000 1.075500
0.156730 0.497339 1.126830
-0.258185 0.550000 0.913359
-0.258185 0.550000 0.974028
-0.258185 0.191342 1.061940
-1.250000 0.550000 0.974028
-1.200000 0.550000 0.791342
-0.996083 0.202874 1.200000
-0.258185 0.550000 0.250000
-0.258185 0.351000 -0.000000
-0.105315 0.351000 -0.000000
-0.105315 0.550000 0.250000
-0.105315 0.550000 0.974028
-1.250000 0.600000 1.075500
-1.250000 0.351000 1.200000
-0.888896 0.550000 0.529242
-1.250000 0.116874 0.725359
-1.250000 0.116873 0.974028
-0.996083 0.472701 0.207163
-0.996083 0.550000 0.529242
-0.996083 0.499892 0.344299
-0.996083 0.472701 0.244838
-0.105315 -0.000000 0.100000
-0.888896 0.499892 0.529242
-0.996083 -0.000000 1.100000
-0.996083 -0.000000 1.200000
-0.996083 0.550000 0.974028
-0.105315 0.550000 0.974028
-0.000000 0.550000 0.974028
-1.250000 0.116873 1.200000
-0.105315 0.550000 0.974028
-0.258185 0.202874 1.150000
-1.200000 0.490393 0.502455
-1.200000 0.447690 0.382000
-1.200000 0.461940 0.791342
-0.996083 0.353553 0.953553
-1.200000 0.353553 0.953553
-0.996083 0.490393 0.502455
-0.996083 0.353553 0.246447
-1.250000 -0.550000 0.348303
-1.200000 -0.550000 0.348303
-0.258185 -0.191342 1.061940
-0.258185 -0.202874 1.150000
-0.258185 0.097403 -0.000000
-0.996083 0.097403 -0.000000
-1.250000 0.550000 0.348303
-0.258185 -0.097403 -0.000000
-0.996083 -0.097403 -0.000000
-1.200000 0.447690 0.382000
-1.250000 0.116873 1.200000
-1.250000 -0.116874 1.200000
-0.996083 -0.351000 -0.000000
-1.250000 -0.351000 -0.000000
-0.250000 0.433013 0.850000
0.250000 0.448436 0.378856
-0.250000 0.396677 0.295619
-0.250000 0.396677 0.295619
0.250000 0.448436 0.378856
-0.250000 0.375920 0.929673
0.250000 -0.304381 0.203323
-0.250000 -0.304381 0.203323
0.250000 -0.448436 0.821144
0.250000 -0.250000 1.033013
1.100000 0.433013 0.850000
1.100000 0.482963 0.470590
1.200000 0.200000 0.253590
1.100000 -0.250000 1.033013
1.200000 0.398661 0.573870
1.200000 -0.200000 0.946410
-1.100000 -0.221144 0.151564
-1.200000 -0.026130 0.201339
-1.100000 -0.250000 1.033013
-1.100000 0.250000 0.166987
-0.250000 -0.250000 1.033013
-1.200000 0.200000 0.253590
-1.200000 -0.200000 0.946410
-0.250000 0.250000 0.166987
1.100000 -0.482963 0.729410
1.100000 -0.433013 0.350000
1.200000 -0.026130 0.201339
1.100000 -0.221144 0.151564
1.200000 0.200000 0.253590
1.200000 -0.200000 0.946410
-0.499000 -0.351000 1.200000
-0.499000 -0.600000 1.075500
-0.312500 -0.600000 0.913359
-0.499000 -0.600000 0.974028
-0.105315 -0.375299 0.207163
-0.105315 -0.472701 0.207163
0.105315 -0.550000 0.250000
0.105315 -0.351000 -0.000000
-0.105315 -0.550000 0.250000
-0.105315 -0.351000 -0.000000
0.499000 -0.600000 0.974028
0.312500 -0.600000 0.913359
0.156730 -0.497339 1.126830
0.156730 -0.600000 1.075500
-0.312500 -0.600000 0.913359
-0.223271 -0.591177 1.126830
-0.156730 -0.497339 1.126830
-0.223271 -0.591177 1.126830
0.105315 0.202874 1.150000
0.105315 0.191342 1.061940
0.258185 0.044403 0.098708
1.250000 -0.351000 -0.000000
1.250000 0.550000 0.348303
1.250000 -0.550000 0.250000
0.996083 -0.097403 -0.000000
1.200000 0.447690 0.382000
1.250000 0.116873 1.200000
0.258185 -0.097403 0.045708
1.250000 0.116874 0.725359
1.250000 -0.116874 0.725359
0.258185 0.550000 0.974028
0.258185 0.277785 1.150000
0.258185 0.550000 0.974028
1.250000 0.420330 0.813012
1.200000 0.550000 0.791342
0.996083 0.550000 0.250000
0.258185 0.550000 0.250000
0.258185 0.351000 -0.000000
0.996083 0.550000 0.974028
1.250000 0.550000 0.974028
0.996083 0.550000 0.529242
0.996083 0.550000 0.344299
0.888896 0.550000 0.529242
1.250000 0.116874 0.725359
0.258185 0.202874 1.150000
0.499000 0.202874 1.200000
0.258185 0.375299 0.207163
0.996083 0.375299 0.207163
0.996083 0.550000 0.600000
1.200000 0.351000 -0.000000
0.996083 0.351000 -0.000000
0.888896 0.499892 0.529242
0.996083 -0.000000 0.100000
1.200000 0.148673 0.852228
1.200000 0.550000 0.791342
0.258185 -0.000000 0.000000
0.000000 0.550000 0.974028
0.105315 0.550000 0.974028
0.996083 -0.000000 0.100000
0.996083 0.351000 -0.000000
0.996083 0.550000 0.600000
1.200000 0.461940 0.791342
1.200000 0.461940 0.791342
0.996083 0.191342 1.061940
0.996083 0.461940 0.791342
0.996083 -0.000000 1.100000
1.200000 -0.000000 1.100000
0.996083 0.191342 0.138060
0.996083 -0.000000 0.100000
-0.105315 -0.191342 1.061940
-0.105315 -0.202874 1.150000
-0.258185 -0.277785 1.150000
-1.250000 -0.420330 0.813012
-1.200000 -0.550000 0.974028
-0.996083 -0.550000 0.974028
-1.250000 -0.550000 0.250000
-0.996083 -0.550000 0.250000
-0.258185 0.000000 0.100000
-0.258185 -0.351000 -0.000000
-1.250000 -0.600000 0.974028
-1.250000 -0.351000 1.200000
-0.888896 -0.550000 0.529242
-1.250000 -0.420330 0.813012
-1.200000 -0.157421 0.757159
-0.258185 -0.202874 1.150000
-0.258185 -0.472701 0.207163
-0.258185 -0.375299 0.207163
-0.499000 -0.600000 1.075500
-0.499000 -0.600000 0.974028
-0.888896 -0.499892 0.529242
-0.258185 -0.472701 0.244838
-0.996083 -0.472701 0.244838
-0.105315 -0.550000 0.974028
-1.250000 -0.116874 1.200000
0.000000 -0.202874 1.150000
-0.996083 -0.550000 0.974028
-0.996083 -0.202874 1.160688
-0.996083 -0.000000 0.100000
-0.996083 -0.550000 0.250000
-0.996083 -0.000000 0.100000
-0.996083 -0.550000 0.600000
-1.250000 -0.116874 0.725359
-1.200000 -0.353553 0.953553
-1.200000 -0.461940 0.791342
-1.200000 -0.277785 0.184265
-1.200000 -0.000000 0.100000
0.258185 0.000000 0.100000
0.258185 -0.550000 0.913359
1.250000 -0.420330 0.852228
1.200000 -0.550000 0.974028
0.996083 -0.550000 0.974028
1.200000 -0.550000 0.348303
0.258185 -0.550000 0.250000
0.105315 -0.351000 -0.000000
0.105315 -0.550000 0.250000
0.996083 -0.550000 0.974028
1.250000 -0.550000 0.974028
1.250000 -0.351000 1.200000
0.996083 -0.550000 0.344299
1.250000 -0.116873 0.725359
0.499000 -0.202873 1.160688
0.888896 -0.499892 0.344299
1.250000 -0.600000 1.075500
0.499000 -0.600000 1.075500
0.888896 -0.499892 0.344299
0.996083 -0.550000 0.344299
1.200000 -0.550000 0.600000
0.499000 -0.351000 1.200000
1.200000 -0.420330 0.813012
1.200000 -0.148673 0.852228
0.996083 -0.202873 1.160688
1.250000 -0.116873 1.200000
0.499000 -0.202873 1.160688
0.996083 -0.202873 1.160688
0.258185 0.000000 0.000000
1.250000 -0.116873 1.200000
1.105626 -0.116873 1.200000
1.200000 -0.490392 0.502455
1.200000 -0.461940 0.791342
1.200000 -0.461940 0.791342
1.250000 -0.227487 0.757159
1.200000 -0.490392 0.502455
1.200000 -0.447690 0.382000
-0.991683 0.203899 1.151621
-0.258185 0.202874 1.150000
1.139738 0.210880 1.154204
0.898923 0.210880 1.204205
-1.191844 0.313071 2.072830
-0.236833 0.482233 1.874674
-0.237445 0.459984 1.970131
-1.101933 -0.055175 2.305134
-1.104558 -0.150595 2.282876
-1.190251 0.370993 1.632710
-1.189493 0.398570 1.706009
-0.237184 0.469478 1.680001
-0.238133 0.434964 1.588267
-1.203632 -0.115559 2.187725
-1.107012 -0.239842 2.242424
-1.205600 -0.187112 2.155821
-1.190590 0.358673 2.009169
-1.191388 0.329651 1.566201
-1.190251 0.370993 1.632710
-1.197259 0.116176 2.195314
-1.195244 0.189448 2.167726
-0.253065 0.189720 2.359411
-0.100253 0.185517 2.359411
-0.107051 -0.061666 1.308120
0.103500 -0.067456 1.308120
0.105941 0.021316 1.308120
-0.103153 0.080086 1.255120
0.107398 0.074296 1.255120
-0.103153 0.080086 1.209411
0.107398 0.074296 1.209411
0.514750 0.565881 2.284911
0.503833 0.168904 2.409411
0.328321 0.571008 2.122770
0.514750 0.565881 2.183439
0.005022 0.182622 2.359411
0.115037 0.352087 1.416574
0.119840 0.526722 1.459411
0.503833 0.168904 2.359411
0.115037 0.352087 1.454249
-0.248993 0.337790 1.209411
-0.096181 0.333587 1.209411
0.236303 0.470839 2.336241
-0.296443 0.588189 2.122770
0.239125 0.573461 2.284911
0.119840 0.526722 2.122770
-0.207248 0.585736 2.284911
-0.143554 0.481285 2.336241
-0.140974 0.575087 2.336241
-0.210070 0.483114 2.336241
-0.207490 0.576917 2.336241
0.172367 0.566471 2.336241
0.172609 0.575290 2.284911
-0.253382 0.178192 2.271351
-0.258642 -0.013078 1.309411
-0.090711 0.532512 2.183439
-0.243523 0.536715 2.183439
-0.253382 0.178192 2.271351
-0.243523 0.536715 2.122770
-1.238528 0.434359 2.061640
-1.234963 0.563980 2.000753
-1.184982 0.562605 1.557714
-1.184982 0.562605 1.459411
-0.243523 0.536715 1.459411
-0.248993 0.337790 1.209411
-0.096181 0.333587 1.209411
-0.090711 0.532512 1.459411
-1.234963 0.563980 2.183439
-1.233589 0.613961 2.183439
-1.100186 0.213015 2.409411
-0.873996 0.554053 1.738653
-0.873996 0.554053 1.553710
-1.245996 0.162805 1.966570
-1.196015 0.161430 1.966570
-1.246870 0.131017 2.183439
-0.248325 0.362079 1.416574
-0.985945 0.382364 1.416574
-1.246870 0.131017 1.934770
-0.493790 0.196339 2.359411
-0.493790 0.196339 2.409411
-0.482873 0.593316 2.183439
-0.245648 0.459445 1.454249
-0.983267 0.479730 1.454249
-0.484247 0.543335 2.183439
-0.105830 -0.017280 1.309411
-0.253065 0.189719 2.359411
-0.996262 0.007207 2.309411
-1.188547 0.432984 2.061640
-1.196015 0.161430 2.061640
-1.184982 0.562605 2.000753
-1.193724 0.244725 1.934770
-1.102550 0.127048 2.409411
-0.981142 0.556999 2.183439
-0.988625 0.284887 2.359411
-0.981142 0.556999 1.459411
-0.996262 0.007207 2.309411
-0.981142 0.556999 1.809411
-1.187403 0.474578 2.000753
-0.986543 0.360627 2.162965
-0.988625 0.284887 2.225146
-1.188673 0.428391 1.531626
-1.190382 0.366233 1.455858
-0.982781 0.497415 1.711866
-0.983955 0.454728 1.591411
-0.988625 0.284887 1.393676
-0.991002 0.198477 1.347471
-1.187795 0.460334 1.591411
-1.184982 0.562605 1.557714
-1.212409 -0.434708 1.591411
-0.100253 0.185517 2.359411
-0.111407 -0.220077 2.359411
-0.257421 0.031309 1.308120
-1.209751 -0.338055 1.209411
-1.259732 -0.336680 1.209411
-1.190453 0.363680 1.209411
-1.184982 0.562605 1.459411
-1.203314 -0.104017 1.700714
-1.246870 0.131017 1.700714
-0.998939 -0.090159 1.209411
-0.259863 -0.057464 1.308120
-1.196889 0.129642 1.700714
-1.102550 0.127048 2.409411
-0.990685 0.210004 2.409411
-1.100186 0.213015 2.409411
-1.001839 -0.195590 2.409411
-0.998939 -0.090159 1.255120
0.262366 0.446239 1.970131
-0.254879 -0.173961 2.282876
-0.257333 -0.263208 2.242424
0.262978 0.468488 1.874674
-0.236745 0.485438 1.776710
-0.237184 0.469478 1.680001
-0.238133 0.434964 1.588267
-0.239556 0.383224 1.505031
-0.242093 0.290963 2.206088
-0.240127 0.362475 2.139084
-0.263476 -0.486589 1.648691
0.256223 0.222858 1.376399
-0.243588 0.236603 1.376399
-0.264088 -0.508838 1.744148
-0.263737 -0.496083 1.938821
-0.262788 -0.461569 2.030555
0.243271 -0.248108 1.360975
0.240983 -0.331313 1.412735
0.240288 -0.356596 2.185331
0.242478 -0.276953 2.242424
1.207248 0.247096 2.072830
0.262978 0.468488 1.874674
0.262366 0.446239 1.970131
0.247556 -0.092286 2.305134
1.208841 0.305017 1.632710
0.250249 0.005642 2.308341
1.209600 0.332594 1.706009
0.262627 0.455733 1.680001
0.261678 0.421219 1.588267
1.195461 -0.181535 2.187725
1.092157 -0.300319 2.242424
1.193493 -0.253087 2.155821
1.208503 0.292697 2.009169
1.193493 -0.253087 2.155821
1.195461 -0.181535 2.187725
1.201834 0.050200 2.195314
1.203849 0.123472 2.167726
-1.108507 -0.294202 1.412735
-1.207343 -0.250507 2.109783
-1.208815 -0.304025 2.052621
-1.113767 -0.485471 1.744148
-0.246042 0.147357 1.335946
-1.106219 -0.210997 1.360975
-1.113855 -0.488677 1.842113
-0.251360 -0.045992 1.310482
-0.254018 -0.142663 1.326448
-1.211061 -0.385697 1.835541
-1.210990 -0.383136 1.757264
-0.261365 -0.409829 2.113792
-0.259523 -0.342851 2.185331
-1.107012 -0.239842 2.242424
-1.209952 -0.345367 1.986113
-1.210710 -0.372944 1.912814
-1.210501 -0.365358 1.680991
-1.209613 -0.333047 1.609653
-1.205600 -0.187112 2.155821
-0.243588 0.236603 1.376398
1.088695 -0.426192 1.479738
1.190278 -0.370001 2.052621
0.251144 0.038191 1.313689
0.253768 0.133612 1.335946
1.194134 -0.229798 1.451096
1.189141 -0.411343 1.986113
1.196149 -0.156526 1.423508
1.188383 -0.438920 1.912814
1.188032 -0.451673 1.835541
1.200425 -0.001035 1.413313
1.202522 0.075209 1.431097
0.239016 -0.402825 1.479738
1.087126 -0.483263 1.559411
0.237447 -0.459897 1.559411
1.191750 -0.316483 2.109783
1.190278 -0.370001 2.052621
1.198273 -0.079283 1.410750
1.196149 -0.156526 1.423508
0.488607 -0.384760 2.409411
0.481763 -0.633666 2.284911
-0.504944 -0.209254 2.409411
-0.329431 -0.611358 2.122770
-0.328056 -0.561377 2.122770
-0.514486 -0.556250 2.183439
-0.006132 -0.222972 2.409411
0.094403 -0.398227 1.416574
0.091726 -0.495593 1.416574
0.089601 -0.572862 1.459411
0.095071 -0.373937 1.209411
-0.268291 -0.363945 1.209411
-0.115479 -0.368147 1.209411
0.242413 -0.577065 2.122770
0.139622 -0.624257 2.284911
-0.240235 -0.613811 2.284911
0.206138 -0.626086 2.284911
0.089601 -0.572862 2.122770
-0.120950 -0.567072 2.122770
-0.240235 -0.613811 2.284911
-0.239993 -0.604991 2.336241
0.139622 -0.624257 2.284911
0.139864 -0.615438 2.336241
0.139622 -0.624257 2.284911
0.206138 -0.626086 2.284911
1.214111 0.496629 1.557714
0.099460 -0.214339 2.271351
0.099143 -0.225867 2.359411
0.258753 0.017114 1.308120
0.996372 -0.003171 1.308120
0.997829 0.049809 1.255120
0.260210 0.070094 1.209411
0.997829 0.049809 1.209411
1.214111 0.496629 1.459411
1.195779 -0.169992 1.700714
0.254854 -0.124638 1.209411
0.992474 -0.144923 1.209411
1.195779 -0.169992 1.934770
1.202204 0.063666 1.700714
1.245760 -0.171367 2.409411
1.245760 -0.171367 1.934770
1.252185 0.062292 1.934770
1.202204 0.063666 1.934770
0.119840 0.526722 2.183439
0.513376 0.515900 2.183439
0.272652 0.522520 2.122770
1.264092 0.495255 2.183439
1.214111 0.496629 2.000753
1.214111 0.496629 1.459411
1.010271 0.502235 1.459411
0.272652 0.522520 1.459411
0.257532 -0.027272 1.309411
0.262792 0.163997 2.271351
0.114369 0.327797 1.209411
1.265466 0.545236 2.183439
1.265466 0.545236 2.284911
1.258622 0.296330 2.409411
0.903125 0.505181 1.738653
1.203079 0.095454 1.966570
1.205245 0.174239 1.966570
0.270527 0.445250 1.416574
1.008146 0.424966 1.416574
1.005469 0.327599 1.416574
0.267849 0.347884 1.454249
1.005469 0.327600 1.454249
0.901747 0.455093 1.738653
1.008894 0.452146 1.738653
1.214111 0.496629 1.809411
1.008146 0.424966 1.454249
1.005469 0.327600 1.454249
0.104720 -0.023070 1.309411
1.210546 0.367008 2.022423
1.210546 0.367008 2.061640
1.002788 0.230123 2.359411
1.010271 0.502235 2.183439
0.119840 0.526722 2.122770
1.252185 0.062292 2.409411
1.000729 0.155240 2.359411
1.010271 0.502235 2.183439
1.002788 0.230123 2.359411
0.995152 -0.047557 1.309411
1.004801 0.303310 1.209411
0.995152 -0.047557 1.209411
0.995152 -0.047557 1.309411
1.002788 0.230123 2.225146
1.000412 0.143712 2.271351
1.006580 0.368020 1.531626
1.004871 0.305863 1.455858
1.008633 0.442650 1.711866
1.008897 0.452254 1.809411
1.000412 0.143712 1.347471
0.997833 0.049951 1.319018
-0.111090 -0.208549 2.271351
-0.113466 -0.294960 2.359411
-0.328056 -0.561377 2.122770
-0.514486 -0.556250 2.183439
-0.273762 -0.562870 2.183439
-0.266278 -0.290758 2.359411
-1.261638 -0.405984 2.022423
-1.265202 -0.535605 2.000753
-1.215221 -0.536979 1.557714
-0.273762 -0.562870 1.459411
-0.268291 -0.363945 1.209411
-0.120950 -0.567072 1.459411
-1.266577 -0.585586 2.183439
-1.265202 -0.535605 2.183439
-1.001839 -0.195590 2.409411
-1.111340 -0.192578 2.409411
-1.011381 -0.542585 1.738653
-1.254170 -0.134430 1.966570
-1.256336 -0.213214 1.966570
-1.253296 -0.102642 2.183439
-1.009256 -0.465315 1.416574
-1.006579 -0.367949 1.416574
-1.253296 -0.102642 1.934770
-0.515860 -0.606231 2.284911
-1.215221 -0.536979 1.809411
-0.271637 -0.485600 1.454249
-0.268959 -0.388234 1.454249
-1.010004 -0.492496 1.738653
-1.001839 -0.195590 2.359411
-0.509016 -0.357325 2.409411
-0.008191 -0.297855 2.359411
-1.215221 -0.536979 2.000753
-1.203314 -0.104017 1.934770
-0.258642 -0.013078 1.309411
-0.258642 -0.013078 1.209411
-1.003898 -0.270473 2.359411
-1.213582 -0.477394 1.711866
-1.212409 -0.434708 1.591411
-1.005911 -0.343660 1.209411
-0.996262 0.007207 1.309411
-1.212800 -0.448952 2.000753
-1.007690 -0.408370 2.087196
-0.998943 -0.090301 2.299804
-1.213582 -0.477394 1.711866
-1.212409 -0.434708 1.591411
-0.996262 0.007207 2.309411
-1.207738 -0.264867 1.393676
-1.205361 -0.178457 1.347471
-1.008960 -0.454558 2.000753
-1.009743 -0.483000 1.906956
0.099460 -0.214339 2.271351
0.242413 -0.577065 2.183439
0.483137 -0.583685 2.183439
0.249896 -0.304953 2.359411
1.237418 -0.474709 2.061640
1.237418 -0.474709 2.022423
1.236274 -0.516302 2.000753
1.233853 -0.604329 2.000753
1.183872 -0.602955 2.000753
0.980032 -0.597349 1.459411
0.089601 -0.572862 1.459411
0.099460 -0.214339 2.271351
1.232479 -0.654310 2.284911
1.239324 -0.405405 2.409411
0.980032 -0.597349 1.738653
0.872886 -0.594403 1.738653
0.980032 -0.597349 1.553710
1.194905 -0.201780 1.966570
0.251955 -0.230069 2.359411
0.244538 -0.499795 1.416574
0.247215 -0.402429 1.416574
0.984835 -0.422714 1.416574
0.981410 -0.547260 1.553710
0.984835 -0.422714 1.454249
1.232479 -0.654310 2.284911
0.481763 -0.633666 2.284911
0.099143 -0.225867 2.359411
0.981410 -0.547260 1.738653
0.981410 -0.547260 1.553710
0.985503 -0.398424 1.209411
0.104720 -0.023070 1.309411
0.104720 -0.023070 1.209411
-0.006132 -0.222972 2.359411
-0.008191 -0.297855 2.359411
1.194905 -0.201780 2.061640
-0.015674 -0.569967 2.122770
-0.015674 -0.569967 2.183439
1.186293 -0.514928 2.000753
1.185511 -0.543370 1.906956
0.980032 -0.597349 1.459411
0.980032 -0.597349 1.809411
1.189272 -0.406583 2.162965
1.191355 -0.330843 2.225146
0.992470 -0.145065 2.299804
1.185511 -0.543370 1.711866
1.186684 -0.500684 1.591411
0.995152 -0.047557 2.309411
1.193732 -0.244432 1.347471
1.196310 -0.150671 1.319018
0.982453 -0.509322 2.000753
0.981671 -0.537764 1.906956
-1.100000 0.329673 0.224080
-1.100000 0.396677 0.295619
-0.250000 0.495723 0.665263
-1.100000 -0.065263 1.095722
-1.100000 -0.160720 1.073465
-0.250000 0.498930 0.567298
-0.250000 0.482963 0.470590
-0.250000 0.129409 1.082963
-0.250000 0.221144 1.048436
-1.200000 0.378314 0.728420
-1.200000 0.396098 0.652147
-1.100000 -0.250000 1.033013
-1.200000 0.316958 0.356790
-1.200000 0.358315 0.423299
-1.200000 0.396098 0.652147
-1.200000 0.378314 0.728420
-0.250000 -0.250000 1.033013
-0.258185 -0.202873 1.150000
-0.105315 -0.202873 1.150000
-0.105315 -0.044403 0.098708
-0.105315 0.044403 0.098708
0.105315 0.097403 -0.000000
0.105315 -0.097403 -0.000000
-0.105315 0.097403 0.045708
0.105315 0.097403 0.045708
0.258185 -0.351000 -0.000000
0.105315 -0.351000 -0.000000
0.499000 0.600000 1.075500
-0.499000 0.600000 1.075500
-0.499000 0.600000 0.974028
0.312500 0.600000 0.913359
-0.000000 0.202874 1.150000
0.105315 0.472701 0.207162
0.499000 0.202874 1.150000
-0.105315 0.375299 0.244837
0.105315 0.375299 0.244837
-0.105315 0.472701 0.244837
0.105315 0.472701 0.244837
0.156730 0.600000 1.075500
-0.156730 0.600000 1.075500
-0.312500 0.600000 0.913359
0.223271 0.600000 1.075500
-0.223271 0.600000 1.075500
-0.156730 0.497339 1.126830
-0.223271 0.497339 1.126830
-0.223271 0.591177 1.126830
0.223271 0.600000 1.075500
0.223271 0.591177 1.126830
-0.223271 0.600000 1.075500
-0.258185 0.191342 1.061940
-0.258185 -0.000000 0.100000
-0.105315 0.550000 0.974028
-0.499000 0.550000 0.974028
-0.312500 0.550000 0.913359
-0.258185 0.277785 1.150000
-0.258185 0.550000 0.974028
-1.250000 0.550000 0.974028
-1.250000 0.550000 0.791342
-1.200000 0.550000 0.348303
-1.200000 0.550000 0.250000
-0.258185 0.550000 0.250000
-0.258185 0.191342 1.061940
-0.105315 0.351000 -0.000000
-0.105315 0.550000 0.250000
-1.250000 0.600000 0.974028
-1.105626 0.202874 1.200000
-0.888896 0.550000 0.529242
-0.888896 0.550000 0.344299
-1.250000 0.148673 0.757159
-1.250000 0.227488 0.757159
-1.250000 0.116873 0.974028
-0.258185 0.375299 0.207163
-0.499000 0.202874 1.150000
-0.499000 0.202874 1.200000
-0.258185 0.375299 0.244837
-1.250000 0.600000 1.075500
-0.499000 0.600000 0.974028
-0.258185 0.472701 0.244837
-0.258185 0.375299 0.244837
-0.499000 0.550000 0.974028
-0.105315 -0.000000 0.000000
-0.996083 0.202874 1.150000
-0.996083 0.202874 1.200000
-1.200000 0.550000 0.791342
-1.200000 0.550000 0.974028
-1.250000 0.116873 1.200000
-1.200000 0.232000 0.725359
-1.105626 0.116874 1.200000
-0.996083 0.550000 0.974028
-0.996083 0.277785 1.150000
-0.996083 0.550000 0.600000
-0.996083 -0.000000 1.100000
-1.200000 0.461940 0.791342
-1.200000 0.277785 1.015735
-1.200000 0.191342 1.061940
-1.200000 0.415735 0.322215
-1.200000 0.447690 0.382000
-0.996083 0.490393 0.502455
-0.996083 0.447690 0.382000
-0.996083 0.277785 0.184265
-0.996083 0.191342 0.138060
-1.200000 0.447690 0.382000
-1.250000 -0.550000 0.348303
-1.200000 -0.550000 0.348303
-0.105315 0.202874 1.150000
-0.105315 0.191342 1.061940
-0.258185 0.044403 0.098708
-1.200000 -0.351000 -0.000000
-1.250000 -0.351000 -0.000000
-1.200000 0.351000 -0.000000
-1.250000 0.116874 0.491303
-1.250000 -0.116874 0.725359
-1.200000 -0.116874 0.725359
-0.258185 -0.044403 0.098708
-1.200000 0.116874 0.491303
-1.105626 0.116874 1.200000
-0.996083 0.202874 1.200000
-1.105626 0.202874 1.200000
-0.996083 -0.202874 1.200000
-0.996083 0.351000 -0.000000
-1.250000 0.116874 0.725359
-0.250000 0.473465 0.760720
-0.250000 0.433013 0.850000
-0.250000 -0.160720 1.073465
-0.250000 -0.065263 1.095722
0.250000 0.498930 0.567298
0.250000 0.482963 0.470590
-0.250000 0.448436 0.378856
-0.250000 0.396677 0.295619
-0.250000 0.304381 0.996677
-0.250000 0.375920 0.929673
0.250000 -0.433013 0.350000
0.250000 -0.495722 0.534737
0.250000 -0.498929 0.632702
0.250000 -0.482963 0.729409
0.250000 -0.448436 0.821144
0.250000 -0.221144 0.151564
0.250000 -0.304381 0.203323
0.250000 -0.329673 0.975920
0.250000 -0.375920 0.270327
0.250000 -0.250000 1.033013
1.100000 0.329673 0.224080
1.100000 0.396677 0.295619
0.250000 0.495723 0.665263
0.250000 -0.160720 1.073465
1.200000 0.358315 0.423299
0.250000 0.498930 0.567298
1.200000 0.385903 0.496598
0.250000 0.482963 0.470590
0.250000 0.448436 0.378856
1.200000 0.378314 0.728420
1.200000 0.396098 0.652147
1.100000 -0.250000 1.033013
1.200000 0.316958 0.356790
1.200000 0.358315 0.423299
1.200000 0.103402 0.985903
1.200000 0.176701 0.958315
0.250000 -0.250000 1.033013
-1.100000 -0.304381 0.203323
-1.200000 -0.263419 0.900372
-0.250000 -0.473465 0.439280
-1.100000 0.160720 0.126535
-1.100000 -0.221144 0.151564
-0.250000 -0.032701 0.101071
-0.250000 -0.129409 0.117037
-1.200000 -0.398661 0.626130
-1.200000 -0.396098 0.547853
-0.250000 -0.329673 0.975920
-1.100000 0.250000 0.166987
-0.250000 -0.250000 1.033013
-0.250000 -0.433013 0.350000
-1.200000 -0.200000 0.946410
-1.200000 0.200000 0.253590
-1.200000 0.052148 0.203902
-1.200000 -0.026130 0.201339
-1.200000 -0.378314 0.471580
-1.200000 -0.345991 0.400242
-1.200000 -0.200000 0.946410
1.100000 -0.375920 0.270327
0.250000 -0.495723 0.534737
0.250000 -0.473465 0.439280
0.250000 0.065263 0.104278
1.100000 -0.448436 0.821144
0.250000 -0.032702 0.101071
1.100000 -0.482963 0.729410
1.200000 -0.385903 0.703402
1.200000 -0.398661 0.626130
1.200000 0.052148 0.203902
1.200000 0.128420 0.221686
1.100000 0.250000 0.166987
1.200000 0.200000 0.253590
1.100000 -0.433013 0.350000
1.200000 0.200000 0.253590
1.200000 0.128420 0.221686
1.200000 -0.398661 0.626130
1.200000 -0.396098 0.547853
0.499000 -0.351000 1.200000
0.499000 -0.600000 1.075500
-0.499000 -0.202874 1.200000
-0.499000 -0.600000 0.974028
-0.312500 -0.550000 0.913359
-0.499000 -0.550000 0.974028
0.000000 -0.202874 1.200000
0.105315 -0.375299 0.207163
0.105315 -0.550000 0.250000
0.105315 -0.351000 -0.000000
0.105315 -0.375299 0.244838
-0.258185 -0.351000 -0.000000
-0.105315 -0.351000 -0.000000
0.223271 -0.497339 1.126830
-0.156730 -0.497339 1.126830
0.156730 -0.497339 1.126830
-0.258185 -0.550000 0.913359
-0.223271 -0.497339 1.126830
-0.105315 -0.550000 0.913359
-0.258185 -0.550000 0.913359
-0.223271 -0.600000 1.075500
-0.223271 -0.591177 1.126830
0.156730 -0.600000 1.075500
0.156730 -0.591177 1.126830
-0.156730 -0.600000 1.075500
-0.223271 -0.600000 1.075500
1.200000 -0.447690 0.382000
1.200000 -0.550000 0.348303
0.105315 -0.191342 1.061940
0.105315 0.191342 1.061940
0.258185 0.044403 0.098708
0.996083 0.044403 0.098708
0.996083 0.097403 0.045708
0.996083 0.097403 -0.000000
1.200000 0.351000 -0.000000
1.200000 0.550000 0.250000
1.250000 -0.116874 0.491303
0.258185 -0.097403 -0.000000
1.250000 -0.116874 0.725359
1.200000 0.116874 0.491303
1.250000 -0.116874 1.200000
0.258185 -0.097403 0.045708
1.250000 -0.116874 0.725359
1.200000 0.116874 0.725359
0.105315 0.191342 1.061940
0.105315 0.550000 0.974028
0.258185 0.277785 1.150000
0.258185 0.550000 0.913359
1.250000 0.550000 0.974028
1.200000 0.550000 0.791342
0.499000 0.277785 1.150000
1.200000 0.550000 0.250000
0.258185 0.550000 0.250000
0.258185 0.351000 -0.000000
0.105315 0.351000 -0.000000
0.105315 0.550000 0.250000
1.250000 0.600000 0.974028
1.250000 0.600000 1.075500
1.250000 0.351000 1.200000
0.996083 0.550000 0.529242
0.996083 0.550000 0.344299
0.888896 0.550000 0.529242
1.200000 0.148673 0.757159
0.258185 0.472701 0.207162
0.996083 0.472701 0.207163
0.996083 0.375299 0.207163
0.996083 0.375299 0.244837
1.250000 0.600000 1.075500
0.499000 0.600000 1.075500
0.888896 0.499892 0.344299
0.996083 0.499892 0.344299
1.200000 0.351000 -0.000000
0.105315 -0.000000 0.000000
0.105315 -0.000000 0.100000
0.888896 0.499892 0.529242
1.200000 0.420330 0.813012
1.200000 0.420330 0.852228
1.200000 0.148673 0.852228
0.996083 0.277785 1.150000
0.000000 0.550000 0.974028
0.996083 0.202874 1.150000
0.258185 -0.000000 0.100000
0.996083 0.550000 0.974028
1.200000 0.461940 0.791342
0.996083 0.550000 0.250000
0.996083 0.351000 -0.000000
0.996083 0.550000 0.600000
1.200000 0.415735 0.877785
1.200000 0.353553 0.953553
0.996083 0.277785 1.015735
0.996083 0.191342 1.061940
0.996083 0.415735 0.322215
0.996083 0.353553 0.246447
1.200000 -0.000000 1.100000
0.996083 -0.000000 1.100000
1.200000 0.097545 0.109607
1.200000 -0.000000 0.100000
-0.105315 -0.351000 -0.000000
-0.105315 -0.277785 1.150000
-0.312500 -0.550000 0.913359
-0.499000 -0.550000 0.974028
-0.258185 -0.550000 0.974028
-0.258185 -0.550000 0.913359
-1.250000 -0.420330 0.813012
-1.200000 -0.550000 0.974028
-1.200000 -0.550000 0.791342
-1.200000 -0.550000 0.348303
-0.258185 -0.550000 0.250000
-0.258185 -0.351000 -0.000000
-0.105315 -0.550000 0.250000
-1.250000 -0.600000 0.974028
-0.996083 -0.202874 1.200000
-0.996083 -0.550000 0.344299
-0.888896 -0.550000 0.344299
-1.250000 -0.148674 0.757159
-1.250000 -0.227488 0.757159
-1.250000 -0.116874 0.974028
-0.996083 -0.472701 0.207163
-1.250000 -0.116874 0.725359
-0.499000 -0.202874 1.150000
-0.996083 -0.202874 1.150000
-1.250000 -0.600000 1.075500
-0.499000 -0.600000 0.974028
-1.200000 -0.550000 0.600000
-0.258185 -0.472701 0.244838
-0.258185 -0.375299 0.244838
-0.996083 -0.472701 0.244838
-0.499000 -0.550000 0.974028
-0.996083 -0.202874 1.150000
-1.200000 -0.420330 0.813012
0.000000 -0.277785 1.150000
-0.996083 -0.277785 1.150000
-0.996083 -0.550000 0.974028
-1.250000 -0.116874 1.200000
-1.105626 -0.116874 1.200000
-0.996083 -0.277785 1.150000
-1.200000 -0.490393 0.502455
-0.996083 -0.351000 -0.000000
-0.996083 -0.000000 0.100000
-1.200000 -0.500000 0.600000
-0.996083 -0.415735 0.877785
-1.200000 -0.415735 0.322215
-1.200000 -0.353553 0.246447
-1.200000 -0.490393 0.502455
-1.200000 -0.500000 0.600000
-0.996083 -0.277785 0.184265
-0.996083 -0.191342 0.138060
-0.996083 -0.461940 0.791342
-0.996083 -0.490393 0.697545
0.105315 -0.191342 1.061940
0.258185 -0.550000 0.974028
0.258185 -0.277785 1.150000
0.258185 -0.191342 1.061940
1.250000 -0.420330 0.852228
1.250000 -0.461940 0.791342
1.250000 -0.550000 0.791342
1.200000 -0.550000 0.791342
1.200000 -0.550000 0.250000
0.258185 -0.550000 0.250000
0.996083 -0.550000 0.974028
1.250000 -0.550000 0.974028
1.250000 -0.351000 1.200000
0.996083 -0.550000 0.529242
0.888896 -0.550000 0.529242
0.996083 -0.550000 0.344299
1.200000 -0.227487 0.757159
1.250000 -0.148673 0.852228
0.258185 -0.472701 0.207163
0.996083 -0.472701 0.207163
0.888896 -0.499892 0.344299
0.996083 -0.499892 0.344299
1.250000 -0.600000 1.075500
0.499000 -0.600000 1.075500
0.105315 -0.202873 1.150000
0.996083 -0.499892 0.529242
0.996083 -0.499892 0.344299
1.200000 -0.351000 -0.000000
0.888896 -0.499892 0.529242
0.996083 -0.499892 0.529242
1.200000 -0.420330 0.813012
0.000000 -0.277785 1.150000
0.000000 -0.550000 0.913359
0.000000 -0.550000 0.974028
0.105315 -0.550000 0.913359
1.200000 -0.461940 0.791342
1.200000 -0.490393 0.697545
0.996083 -0.550000 0.250000
0.996083 -0.550000 0.600000
0.996083 -0.353553 0.953553
0.996083 -0.277785 1.015735
1.200000 -0.415735 0.322215
1.200000 -0.353553 0.246447
1.200000 -0.490392 0.502455
1.200000 -0.500000 0.600000
1.200000 -0.191342 0.138060
1.200000 -0.097545 0.109607
16 17
10 11
14 15
36 37
28 29
72 73
308 309
1362 1363
1644 1645
177 178
1494 1496
505 509
172 173
2259 2261
1971 1972
1561 1562
1434 1435
1764 1765
392 393
2132 2133
1800 1801
583 584
587 588
2237 2238
1351 1352
2032 2033
111 112
132 133
235 236
629 630
47 115
2 3
1590 1601
1792 1793
187 188
139 140
210 218
107 108
118 120
87 88
163 164
1994 2001
2207 2208
599 618
365 422
350 358
2138 2139
2122 2134
267 381
2120 2121
1914 1915
1939 1959
1699 1738
1682 1698
1960 1963
217 227
179 181
480 481
3001 3002
40 41
52 53
215 216
1378 1379
1375 1376
1324 1325
326 329
1781 1782
1665 1666
221 231
3350 3351
2960 2961
3159 3160
2575 2583
147 148
206 211
20 21
8 9
1591 1592
1742 1743
2155 2156
546 547
2299 2300
1943 1944
2358 2364
465 466
1607 1608
62 63
185 186
22 23
100 101
106 107
182 183
2686 2690
3361 3362
3649 3655
2325 2332
3541 3552
2425 2430
3200 3211
1715 1716
3260 3261
45 51
2753 2755
3312 3317
3453 3458
2754 2758
2492 2494
2493 2497
26 27
30 31
18 19
2173 2174
2308 2315
1700 1701
2502 2503
2495 2496
1852 1853
2756 2757
3472 3473
520 521
2763 2764
1785 1786
1563 1564
1499 1506
256 257
2407 2412
156 157
2193 2194
2668 2674
1323 1438
2162 2163
2629 2630
3274 3275
1534 1538
2341 2342
2844 2853
2166 2167
613 614
472 473
549 552
1888 1892
2218 2219
3564 3565
2368 2374
2887 2888
3668 3669
90 92
353 357
355 356
2548 2549
2124 2131
1447 1450
3391 3392
2817 2825
2556 2564
2446 2454
2993 3003
2864 2865
2789 2792
2528 2531
881 882
883 884
1222 1223
570 590
2115 2136
3664 3665
2725 2726
3527 3528
2728 2729
2855 2856
3139 3140
3136 3137
2594 2595
2632 2633
872 873
3171 3172
3560 3561
2811 2812
2982 2983
3143 3144
3168 3169
2464 2465
874 875
864 865
2988 2989
1215 1216
1516 1524
2648 2649
233 234
2387 2388
2908 2909
24 25
208 209
141 142
95 96
1986 1990
59 60
122 127
348 349
373 382
2090 2091
2114 2123
2433 2434
2962 2973
219 220
1780 1783
223 228
2693 2694
2797 2801
3352 3364
296 300
1348 1353
1626 1627
167 170
493 498
2240 2247
2245 2246
1251 1252
81 84
1605 1714
1982 1983
1319 1320
1776 1777
2189 2190
34 35
204 205
32 33
56 58
64 65
1355 1356
1674 1675
1876 1878
2288 2289
534 535
557 558
665 666
2195 2198
258 259
1987 1991
1577 1580
1583 1588
2612 2617
1668 1669
1868 1873
1910 1916
2280 2284
2872 2877
2676 2681
3544 3549
2414 2420
2944 2952
3153 3158
3331 3341
168 169
2276 2277
592 593
2141 2142
555 561
1900 1901
631 632
435 436
74 76
2862 2863
2602 2603
659 660
1183 1193
1629 1630
2040 2041
2042 2043
1834 1835
1357 1358
2179 2180
1830 1831
1632 1633
2250 2251
1832 1833
252 253
1988 1989
2196 2197
2475 2476
2736 2737
2738 2739
1483 1484
136 137
2480 2481
304 305
2045 2046
2255 2256
2741 2742
3044 3045
75 124
222 230
97 98
2541 2550
1407 1411
3110 3114
2942 2945
3332 3334
3499 3503
1429 1430
3616 3617
477 479
1806 1808
2340 2347
2885 2895
199 201
3152 3182
1408 1413
2125 2137
2627 2636
1426 1427
1554 1555
1481 1482
1439 1440
342 343
1347 1354
496 499
536 537
2290 2291
2791 2793
299 301
340 341
3147 3148
1676 1677
2530 2532
1511 1512
1880 1881
3537 3539
1487 1488
1858 1859
1638 1643
2078 2079
2286 2287
336 337
532 533
1617 1618
149 150
259 260
89 99
1581 1582
1455 1464
923 924
104 105
262 375
1064 1065
2712 2713
2450 2451
2408 2413
158 199
452 456
2669 2675
265 281
363 364
2689 2708
500 501
1836 1837
1477 1478
1826 1827
82 83
1757 1760
1652 1657
1412 1413
3029 3031
278 292
1980 1981
2399 2400
1344 1345
3016 3017
1978 1979
1774 1775
2187 2188
2660 2661
143 144
1441 1442
2185 2186
3417 3419
1469 1470
1818 1819
2201 2223
165 166
2365 2366
725 726
302 303
1634 1635
2857 2859
2597 2599
1317 1318
410 411
4 5
1670 1671
128 129
1396 1397
1893 1894
1941 1942
1489 1490
1361 1364
1493 1495
2005 2015
723 724
669 670
116 117
395 396
2600 2601
2860 2861
2067 2068
1008 1009
1557 1558
1945 1946
2359 2372
1707 1731
192 202
1886 1887
351 352
152 161
600 601
405 406
102 103
261 272
1370 1371
1365 1366
1057 1075
1854 1855
1367 1368
999 1000
563 564
2318 2319
2828 2829
1653 1654
399 400
2175 2176
70 71
175 176
2759 2760
1812 1813
3525 3526
2745 2746
2567 2568
1732 1733
2143 2144
2260 2261
437 438
2049 2050
2484 2485
171 174
1648 1649
2057 2058
538 539
2486 2488
1639 1641
2051 2053
1862 1863
2274 2275
2266 2267
323 324
2061 2063
2065 2066
247 317
1650 1651
2059 2060
245 246
1976 1977
510 511
2747 2749
1974 1975
770 803
1184 1186
842 844
1328 1336
1390 1395
1606 1609
2087 2097
2106 2109
1544 1552
560 562
2227 2228
2349 2352
3579 3583
1655 1656
717 718
3161 3178
3188 3189
2432 2445
2972 2991
2823 2824
3238 3239
2581 2582
3550 3578
2692 2704
3551 3570
2842 2843
3634 3635
2075 2076
239 240
271 285
1335 1341
1761 1763
1061 1062
1507 1508
2028 2029
1475 1476
1509 1510
1824 1825
1877 1879
338 339
2527 2529
2089 2105
2540 2559
412 418
2802 2820
2209 2222
3363 3381
548 554
576 589
2333 2345
2331 2348
397 398
2350 2351
2381 2382
1810 1811
2800 2813
1961 1962
3289 3290
3683 3684
367 368
1329 1336
2107 2108
2539 2551
3015 3023
3402 3415
662 721
1373 1374
1497 1498
1189 1196
845 856
920 921
1548 1556
1199 1200
502 503
1048 1049
2795 2796
3355 3356
3677 3679
3628 3629
3647 3648
2534 2535
3204 3205
3389 3390
2999 3000
3186 3187
917 925
1389 1393
1694 1695
575 586
2030 2031
295 296
266 277
1454 1459
1741 1751
1758 1759
2154 2165
3259 3279
1545 1553
593 594
2525 2526
0 1
2786 2788
12 13
3021 3022
1588 1589
2001 2002
2430 2431
2970 2971
606 607
2878 2879
544 545
1917 1918
2278 2279
2297 2298
2672 2673
2690 2691
2771 2772
2773 2774
3505 3506
3594 3606
3604 3605
283 284
1575 1576
2017 2018
3209 3210
382 383
2410 2411
2512 2513
2003 2004
2510 2511
3117 3118
2618 2619
2088 2099
2562 2563
3531 3532
3548 3568
3654 3673
913 919
197 198
463 474
1791 1805
1809 1810
3581 3582
2047 2048
887 888
1327 1335
386 387
2576 2606
1452 1461
1883 1903
2326 2353
2837 2866
1106 1107
2416 2417
2677 2678
3339 3340
237 238
2257 2258
1923 1924
1239 1240
1291 1292
1234 1243
1159 1183
320 322
1772 1773
2658 2659
1848 1849
312 313
2397 2398
2268 2269
2271 2273
306 310
316 318
512 513
241 242
1359 1360
1485 1486
2249 2253
1628 1631
1636 1637
212 213
91 130
1491 1492
439 440
1860 1861
134 135
1578 1579
145 146
449 455
1660 1667
425 426
2642 2643
288 289
2458 2459
1416 1417
1734 1735
2482 2483
2391 2395
68 69
1640 1642
1844 1846
1840 1841
1612 1613
371 372
2112 2113
2609 2610
483 484
620 621
623 624
1465 1466
2229 2230
2314 2316
2902 2903
597 598
1937 1938
2869 2870
2743 2744
2270 2272
2110 2111
369 370
1703 1704
2356 2357
1369 1372
2719 2720
506 507
2182 2183
319 321
429 430
775 776
2338 2339
2371 2376
2096 2100
376 388
6 7
1458 1460
1927 1930
2695 2696
2765 2766
3554 3555
3658 3668
3108 3109
125 126
1749 1752
3262 3263
527 528
1919 1920
2334 2335
3497 3498
2504 2505
2592 2596
3223 3229
1593 1594
2435 2436
1394 1398
3163 3164
1753 1754
3328 3342
2160 2168
279 280
1462 1463
2588 2589
2847 2848
1326 1334
2994 2995
1543 1549
2294 2305
2360 2371
3650 3663
1624 1625
2080 2081
1349 1350
1527 1528
2312 2313
773 774
978 979
792 793
625 626
1967 1968
485 486
2231 2232
113 114
379 380
1418 1419
543 553
1052 1072
708 727
1520 1521
228 229
604 605
189 190
93 94
1717 1718
2579 2580
195 196
2733 2734
2210 2211
2301 2302
2803 2804
2840 2841
2472 2473
608 609
2880 2881
3656 3657
413 414
2620 2621
1874 1875
2281 2282
2149 2150
433 434
1984 1985
1778 1779
447 448
457 458
2199 2200
2296 2307
2616 2631
3208 3224
2876 2891
3603 3620
779 780
66 67
2007 2008
2439 2440
2981 2984
2126 2127
3219 3222
468 469
550 551
2214 2215
2304 2306
2698 2699
3613 3615
938 939
2103 2104
191 200
159 160
54 55
2546 2547
2389 2390
2910 2911
431 432
470 471
2216 2217
2809 2810
85 86
2650 2651
1104 1105
1432 1433
2904 2905
764 766
2128 2129
581 582
3543 3547
3251 3252
1559 1560
1762 1763
2997 3004
3387 3393
2023 2024
1337 1340
1391 1402
2006 2014
2013 2016
3164 3184
2213 2225
2224 2226
2303 2311
577 578
1535 1541
2375 2379
2845 2858
2882 2896
1752 1756
1719 1720
2586 2598
3411 3421
3536 3540
2239 2248
3533 3535
3142 3145
3146 3150
1387 1388
1678 1679
2532 2533
2292 2293
2793 2794
1385 1386
2034 2035
2469 2470
2242 2243
2731 2732
2487 2489
2062 2064
1845 1847
2262 2263
314 315
514 515
1850 1851
1068 1069
730 731
2779 2780
2362 2363
1522 1523
709 714
1405 1406
1726 1727
1539 1540
1912 1913
551 559
1519 1526
2306 2311
2699 2711
3371 3386
389 394
417 420
1687 1697
2008 2014
2440 2449
504 508
1646 1647
2055 2056
2490 2491
2499 2500
517 518
1856 1857
2761 2762
243 244
2392 2393
1770 1771
2264 2265
2751 2752
1768 1769
2654 2655
2037 2038
1838 1839
1712 1713
2329 2330
633 634
1266 1297
569 591
202 203
79 80
334 335
2934 2935
2936 2937
3125 3126
2931 2932
3324 3325
2670 2671
3335 3336
3337 3338
2082 2083
1315 1316
754 755
1046 1047
904 905
929 930
1029 1030
698 699
1249 1252
1705 1706
286 287
427 428
2456 2457
2569 2570
1736 1737
2147 2148
377 378
1710 1711
2177 2178
2577 2578
3156 3157
1905 1906
1479 1480
1804 1805
1828 1829
2814 2815
3410 3420
565 566
1531 1532
1965 1966
2203 2204
2320 2321
2327 2328
2717 2718
2830 2831
2838 2839
3590 3591
1997 1998
2874 2875
1690 1691
2098 2099
2552 2553
408 409
2614 2615
641 642
2252 2254
359 360
1895 1896
719 720
2152 2161
603 622
1940 1964
3662 3676
3206 3218
857 858
2940 2941
2767 2768
2775 2776
3596 3597
2506 2507
3353 3354
3112 3113
3202 3203
330 331
2073 2074
2514 2515
401 402
2571 2572
1907 1908
567 568
2322 2323
2832 2833
1814 1815
2394 2396
2477 2479
2019 2020
2354 2355
2656 2657
595 596
1935 1936
2383 2384
2867 2868
2607 2608
2644 2645
3322 3323
1621 1622
2701 2702
2442 2443
574 585
1740 1750
2153 2164
1681 1689
3155 3175
1790 1803
1004 1005
1515 1525
2687 2688
263 264
1995 1996
2426 2427
1739 1755
572 573
753 818
3341 3343
2950 2953
3111 3123
1921 1922
1948 1949
2336 2337
3671 3672
1421 1422
1746 1747
2158 2159
3277 3278
1332 1333
2542 2543
2977 2978
1203 1204
2805 2806
3367 3368
3556 3557
541 542
3357 3358
3384 3385
345 346
1400 1401
1585 1604
2101 2102
1957 1958
3601 3602
1229 1230
1346 1352
696 697
932 933
1273 1274
928 958
1271 1272
307 311
516 519
2498 2501
1055 1056
1784 1973
1338 1339
1569 1570
1034 1035
441 442
2181 2184
1565 1568
936 937
1283 1284
524 527
1500 1501
2892 2897
419 421
1661 1664
2634 2637
1729 1730
1152 1155
1177 1178
1277 1278
2947 2948
2069 2070
180 184
453 454
525 526
1443 1444
1504 1505
1866 1867
1871 1872
3326 3327
250 251
77 78
332 334
1573 1574
2405 2406
3121 3125
38 39
42 43
48 57
2929 2930
268 282
248 249
327 328
1321 1322
1662 1663
2071 2072
2418 2419
445 446
450 451
530 531
1445 1446
2283 2285
2664 2665
2666 2667
2679 2680
3508 3509
3515 3516
3318 3319
1571 1572
2402 2403
3119 3120
153 162
443 444
885 886
911 912
1138 1192
2524 2531
2027 2036
2785 2792
690 691
700 701
1129 1130
757 826
772 779
2638 2641
2898 2901
2379 2380
2900 2901
3630 3631
423 424
2640 2641
1006 1007
44 138
3490 3491
1658 1659
1842 1843
3063 3064
2748 2750
1566 1567
2922 2923
3083 3088
2052 2054
2169 2170
617 619
1044 1045
2116 2117
1680 1696
2537 2558
1788 1789
2798 2819
2361 2377
1032 1033
354 362
2545 2557
1748 1753
2626 2635
2884 2894
1891 1897
2808 2818
1723 1724
1536 1537
715 716
415 416
1423 1428
1595 1596
1456 1457
1303 1304
950 951
704 705
834 835
897 898
2714 2715
1933 1934
2385 2386
2906 2907
3398 3399
3009 3010
1610 1611
2021 2022
2452 2453
2171 2172
2646 2647
3294 3295
2145 2146
3236 3237
3243 3244
922 923
1295 1296
347 366
2466 2468
2727 2730
2787 2790
2233 2234
2883 2886
2889 2890
2625 2628
1136 1137
1144 1148
961 962
996 998
610 611
2520 2521
2781 2782
678 679
1017 1018
2682 2683
2949 2951
2516 2517
2777 2778
1171 1172
814 815
1021 1022
293 294
1615 1616
297 298
2401 2404
2662 2663
1471 1472
1820 1821
1225 1226
976 1023
758 759
3214 3215
1620 1623
1165 1166
1420 1431
1381 1382
1672 1673
1383 1384
1693 1702
638 639
1342 1343
2119 2140
3013 3014
487 488
1533 1542
3523 3524
1219 1220
2623 2624
3264 3265
1208 1209
1517 1518
1546 1547
1797 1798
1889 1890
3566 3567
3609 3610
3659 3660
3666 3667
3674 3675
1409 1410
1685 1686
1721 1722
2437 2438
3173 3174
984 985
712 713
3678 3680
2560 2561
2447 2448
3201 3230
2709 2710
2821 2822
3542 3576
3595 3627
645 646
821 854
1187 1188
1058 1059
1598 1600
2010 2012
475 476
2220 2221
1928 1929
2343 2344
981 1054
2039 2044
1082 1085
1042 1043
1094 1097
710 711
1869 1870
2191 2192
193 194
225 226
467 472
522 523
1448 1449
1550 1551
1796 1802
1864 1865
1947 1952
1953 1954
2373 2374
2852 2853
3329 3330
3365 3376
3607 3618
1377 1380
254 255
269 270
275 276
384 385
1424 1425
1684 1688
2092 2093
2157 2162
2584 2585
2938 2941
967 968
973 974
2604 2605
3190 3191
2611 2639
3233 3234
3280 3281
2706 2707
2871 2899
3569 3570
1473 1474
1822 1823
2205 2206
1586 1587
1999 2000
980 1026
743 744
1614 1619
895 896
2077 2078
893 894
1248 1250
3359 3360
2428 2429
2968 2969
3133 3141
891 892
989 990
655 656
3081 3082
3070 3075
3051 3052
2735 2740
3037 3038
3439 3441
3196 3197
3192 3193
3073 3076
3303 3306
3444 3447
3394 3395
3586 3587
2474 2478
3033 3036
746 749
747 771
3043 3046
3480 3481
3681 3682
3482 3484
3287 3288
3299 3300
3047 3048
3308 3309
3644 3645
3297 3298
3056 3058
3433 3434
3248 3249
3459 3463
3432 3440
3241 3248
3198 3199
3306 3307
3426 3427
3435 3436
3483 3485
3049 3050
3685 3686
3034 3035
3592 3593
3437 3438
3691 3692
3584 3585
3445 3458
3400 3401
3642 3643
3242 3245
3293 3296
3074 3089
3689 3690
3449 3450
3633 3636
3640 3641
3638 3639
3246 3247
3101 3103
3007 3008
843 844
767 768
3090 3102
1217 1218
1255 1260
3479 3492
3462 3469
3588 3589
3687 3688
2913 2914
3054 3055
3291 3292
1084 1086
3428 3429
3430 3431
3011 3012
2652 2653
3422 3423
1089 1090
1111 1112
1108 1139
3060 3061
3468 3470
3637 3644
1087 1088
2919 2920
3092 3093
3041 3042
3077 3078
3301 3302
3442 3443
2915 2916
3039 3040
3464 3465
3304 3305
3424 3425
3194 3195
3461 3471
846 847
3005 3006
1258 1259
819 820
867 868
3225 3226
3621 3622
273 274
3378 3379
878 879
2508 2509
3115 3116
3269 3270
1925 1926
2769 2770
2850 2851
2590 2591
3176 3177
3220 3221
748 750
1185 1186
649 652
993 994
1211 1212
653 654
1256 1263
1267 1269
889 890
1244 1245
1015 1016
667 668
901 902
799 800
812 813
1227 1228
914 915
1799 1807
3267 3284
3559 3574
1253 1254
1241 1242
1232 1237
860 861
2954 2955
2956 2957
1246 1247
1156 1157
899 900
946 947
1268 1270
1950 1951
1955 1956
1233 1238
1201 1202
1231 1235
916 918
2573 2574
3134 3135
2462 2463
2522 2523
3250 3276
2834 2835
2723 2724
2783 2784
3405 3406
464 571
3646 3670
2964 2992
492 495
3320 3321
3018 3026
3407 3414
643 644
688 689
3258 3287
1529 1530
1708 1709
3231 3240
3651 3652
3653 3681
2538 2565
2558 2566
3256 3257
462 482
1453 1466
1884 1902
1898 1904
2309 2317
2688 2716
2799 2826
2819 2827
3546 3580
264 285
2427 2455
986 987
636 637
1264 1265
694 695
2976 2998
3028 3030
3366 3388
3416 3418
692 693
2421 2422
1083 1158
640 642
647 648
1100 1101
1098 1099
1309 1310
3166 3167
3369 3370
3611 3612
3217 3218
3460 3478
3493 3494
3062 3064
3066 3067
2921 2923
3474 3475
2912 2924
3053 3065
3071 3072
3486 3487
3079 3080
3094 3096
3097 3098
3104 3105
3310 3311
3315 3316
3451 3452
3456 3457
2925 2926
3091 3095
3313 3314
3454 3455
2927 2928
3068 3069
3476 3477
3466 3467
3495 3496
3099 3100
3057 3059
2917 2918
3446 3448
3488 3489
3084 3085
3106 3107
3086 3087
1181 1182
736 737
1076 1077
728 729
1066 1067
1132 1133
702 703
2933 2935
3253 3268
3575 3577
3181 3185
2536 2554
2836 2849
3625 3632
3282 3283
3228 3235
988 991
1091 1131
2518 2519
1123 1126
1080 1081
751 790
1121 1122
745 796
801 802
49 50
154 155
1404 1414
831 857
732 733
1070 1071
855 856
1289 1290
870 871
1040 1041
971 972
1307 1308
838 839
1169 1170
2094 2095
2369 2370
579 580
752 756
3396 3397
926 927
876 931
762 763
1092 1096
3344 3345
3510 3512
3511 3514
3122 3124
3131 3132
1093 1095
3521 3522
992 1031
1001 1002
1010 1021
1153 1154
963 964
344 361
460 478
540 556
602 615
1451 1462
1513 1514
2873 2893
1584 1602
740 741
742 765
848 849
1992 1993
151 152
1109 1110
2423 2424
2963 2965
3151 3183
2684 2685
2324 2346
3598 3599
119 121
403 404
3285 3286
1019 1020
1969 1970
829 830
836 837
3501 3513
997 1060
706 707
787 788
760 761
1102 1103
3346 3349
3347 3348
2958 2959
3517 3518
3519 3520
3127 3128
3129 3130
822 823
627 628
734 735
1073 1074
954 955
877 880
685 686
1221 1224
965 966
1305 1306
1127 1128
832 833
782 783
1013 1014
738 739
1078 1079
909 910
650 651
3266 3272
2846 2854
3661 3667
2587 2593
3216 3227
2697 2705
2807 2816
3558 3571
862 869
2544 2555
3165 3173
1205 1207
906 907
995 1053
959 960
1003 1063
2985 2986
407 408
2118 2135
2967 2996
2987 2990
3019 3020
1392 1399
3222 3232
3149 3150
290 291
2460 2461
3207 3231
1261 1262
1293 1294
2202 2212
3377 3380
3545 3553
109 110
3212 3213
2086 2092
3154 3162
461 478
612 616
1467 1468
1816 1817
1911 1931
2295 2310
2721 2722
2939 2945
3358 3384
3373 3374
3382 3383
3403 3404
3408 3409
3412 3413
3500 3502
3600 3626
3608 3617
3619 3624
1330 1331
1744 1745
2613 2622
2974 2975
982 983
2966 2994
1596 1603
2979 2980
3024 3027
859 908
903 951
1115 1116
1050 1051
942 943
934 935
1173 1174
1088 1164
1117 1118
494 497
2241 2244
3534 3538
3529 3530
3025 3032
2467 2471
3138 3140
1311 1312
1162 1163
1197 1198
1175 1176
948 949
777 778
1024 1025
635 687
769 823
1194 1195
944 945
1313 1314
1213 1214
975 977
810 811
797 798
1147 1149
1787 1788
1882 1883
3572 3573
2084 2085
2151 2152
3179 3180
3254 3255
863 866
1725 1728
3170 3172
391 393
2130 2133
1597 1599
2009 2011
2409 2415
2441 2444
2943 2946
3271 3273
3333 3338
1206 1210
2700 2703
3504 3507
3614 3623
3562 3563
3372 3375
682 683
1766 1767
1436 1437
956 957
1287 1288
840 841
808 809
1257 1298
1299 1300
1113 1114
1301 1302
1027 1028
1036 1037
661 722
1236 1274
672 673
1160 1161
1011 1012
1190 1191
1167 1168
1140 1141
789 791
850 851
1134 1135
674 675
676 677
781 784
671 684
969 970
1119 1120
1124 1125
663 664
824 825
1150 1151
1285 1286
657 658
940 941
680 681
804 805
952 953
1794 1795
816 817
528 529
325 333
1502 1503
1142 1143
806 807
1145 1146
852 853
1179 1180
794 795
1281 1282
1275 1276
1279 1280
1038 1039
827 828
785 786
374 390
207 214
1403 1415
2025 2026
46 61
459 491
489 490
1909 1932
2235 2236
1885 1899
1683 1692
123 131
224 232
2367 2378
