12740644561392886305 2797 7617
-0.164801 -0.398527 -0.016457
-0.230468 -0.364545 -0.015689
-0.180018 -0.388500 -0.053993
-0.222765 -0.369621 0.003312
-0.242223 -0.355845 -0.030931
-0.203238 -0.371316 -0.084101
-0.256878 -0.344374 -0.040922
-0.232187 -0.348657 -0.103836
-0.264033 -0.322740 -0.111266
-0.272999 -0.331254 -0.044683
-0.289008 -0.317770 -0.041846
-0.295657 -0.296103 -0.105663
-0.303338 -0.305241 -0.032690
-0.323964 -0.271353 -0.087575
-0.346183 -0.250913 -0.058774
-0.314586 -0.294894 -0.018110
-0.360139 -0.236784 -0.022078
-0.321651 -0.287741 0.000467
-0.364467 -0.230349 0.018920
-0.323842 -0.284483 0.021222
-0.320943 -0.285439 0.042123
-0.358742 -0.232237 0.060207
-0.313240 -0.290515 0.061124
-0.343524 -0.242264 0.097743
-0.301485 -0.299214 0.076366
-0.320305 -0.259448 0.127851
-0.286830 -0.310685 0.086357
-0.291355 -0.282108 0.147586
-0.270709 -0.323805 0.090118
-0.259510 -0.308024 0.155016
-0.254700 -0.337289 0.087281
-0.227886 -0.334661 0.149412
-0.199579 -0.359411 0.131325
-0.240370 -0.349819 0.078125
-0.177360 -0.379851 0.102524
-0.229122 -0.360166 0.063545
-0.222057 -0.367319 0.044968
-0.163404 -0.393980 0.065828
-0.219866 -0.370576 0.024213
-0.159076 -0.400416 0.024830
-0.222765 -0.369621 0.003312
-0.164801 -0.398527 -0.016457
-0.102780 -0.417621 -0.035822
-0.125136 -0.402890 -0.090967
-0.159249 -0.377644 -0.135201
-0.201780 -0.344354 -0.164194
-0.248565 -0.306278 -0.175109
-0.295025 -0.267145 -0.166877
-0.336612 -0.230784 -0.140304
-0.369256 -0.200755 -0.097991
-0.389759 -0.179997 -0.044080
-0.396117 -0.170542 0.016153
-0.387706 -0.173316 0.076810
-0.365350 -0.188048 0.131954
-0.331237 -0.213294 0.176188
-0.288706 -0.246584 0.205182
-0.241921 -0.284659 0.216097
-0.195461 -0.323793 0.207865
-0.153874 -0.360154 0.181292
-0.121231 -0.390183 0.138978
-0.100727 -0.410940 0.085067
-0.094369 -0.420395 0.024835
-0.102780 -0.417621 -0.035822
-0.038228 -0.426432 -0.054305
-0.067173 -0.407359 -0.125701
-0.111339 -0.374673 -0.182971
-0.166404 -0.331572 -0.220509
-0.226977 -0.282275 -0.234641
-0.287130 -0.231609 -0.223983
-0.340973 -0.184532 -0.189578
-0.383236 -0.145653 -0.134795
-0.409783 -0.118778 -0.064996
-0.418014 -0.106537 0.012987
-0.407124 -0.110128 0.091521
-0.378179 -0.129201 0.162917
-0.334013 -0.161887 0.220187
-0.278948 -0.204988 0.257725
-0.218375 -0.254285 0.271857
-0.158223 -0.304951 0.261199
-0.104380 -0.352028 0.226794
-0.062116 -0.390907 0.172011
-0.035570 -0.417782 0.102212
-0.027338 -0.430023 0.024229
-0.038228 -0.426432 -0.054305
-0.007555 -0.401798 -0.157340
0.027266 -0.424742 -0.071450
-0.060688 -0.362476 -0.226236
-0.126931 -0.310625 -0.271394
-0.199801 -0.251322 -0.288395
-0.272164 -0.190370 -0.275573
-0.336937 -0.133736 -0.234185
-0.387780 -0.086965 -0.168280
-0.419716 -0.054634 -0.084311
-0.429618 -0.039908 0.009502
-0.416517 -0.044229 0.103978
-0.381697 -0.067173 0.189868
-0.328564 -0.106495 0.258764
-0.262321 -0.158345 0.303922
-0.189451 -0.217649 0.320923
-0.117088 -0.278601 0.308101
-0.052315 -0.335234 0.266712
-0.001472 -0.382006 0.200808
0.030463 -0.414337 0.116839
0.040366 -0.429063 0.023026
0.027266 -0.424742 -0.071450
0.052249 -0.386343 -0.185105
0.092088 -0.412594 -0.086836
-0.008542 -0.341354 -0.263930
-0.084332 -0.282030 -0.315597
-0.167704 -0.214180 -0.335048
-0.250496 -0.144443 -0.320378
-0.324605 -0.079648 -0.273024
-0.382775 -0.026136 -0.197622
-0.419314 0.010855 -0.101551
-0.430643 0.027704 0.005783
-0.415655 0.022760 0.113875
-0.375816 -0.003491 0.212143
-0.315026 -0.048480 0.290969
-0.239235 -0.107803 0.342636
-0.155863 -0.175654 0.362087
-0.073071 -0.245390 0.347417
0.001038 -0.310186 0.300063
0.059208 -0.363698 0.224661
0.095746 -0.400689 0.128590
0.107076 -0.417537 0.021256
0.092088 -0.412594 -0.086836
0.110766 -0.361375 -0.208311
0.154642 -0.390287 -0.100084
0.043815 -0.311826 -0.295126
-0.039657 -0.246491 -0.352029
-0.131478 -0.171764 -0.373450
-0.222661 -0.094960 -0.357294
-0.304280 -0.023598 -0.305142
-0.368346 0.035338 -0.222097
-0.408587 0.076077 -0.116290
-0.421065 0.094633 0.001922
-0.404557 0.089189 0.120968
-0.360681 0.060277 0.229196
-0.293730 0.010729 0.316010
-0.210259 -0.054607 0.372913
-0.118437 -0.129334 0.394335
-0.027254 -0.206138 0.378178
0.054365 -0.277500 0.326026
0.118430 -0.336435 0.242981
0.158672 -0.377175 0.137175
0.171149 -0.395731 0.018962
0.154642 -0.390287 -0.100084
0.166555 -0.327509 -0.226389
0.213389 -0.358369 -0.110868
0.095092 -0.274621 -0.319054
0.005995 -0.204882 -0.379792
-0.092014 -0.125119 -0.402658
-0.189343 -0.043139 -0.385413
-0.276463 0.033033 -0.329745
-0.344846 0.095941 -0.241104
-0.387799 0.139426 -0.128166
-0.401118 0.159232 -0.001987
-0.383498 0.153421 0.125083
-0.336664 0.122561 0.240604
-0.265201 0.069673 0.333269
-0.176105 -0.000066 0.394007
-0.078095 -0.079829 0.416873
0.019233 -0.161809 0.399628
0.106353 -0.237981 0.343960
0.174737 -0.300888 0.255319
0.217690 -0.344373 0.142381
0.231009 -0.364180 0.016202
0.213389 -0.358369 -0.110868
0.218244 -0.285578 -0.238892
0.266881 -0.317627 -0.118921
0.144028 -0.230653 -0.335126
0.051499 -0.158228 -0.398204
-0.050285 -0.075393 -0.421950
-0.151362 0.009745 -0.404041
-0.241838 0.088851 -0.346229
-0.312855 0.154181 -0.254174
-0.357463 0.199341 -0.136886
-0.371295 0.219911 -0.005847
-0.352996 0.213876 0.126117
-0.304358 0.181827 0.246088
-0.230143 0.126902 0.342322
-0.137614 0.054477 0.405400
-0.035830 -0.028359 0.429146
0.065247 -0.113496 0.411237
0.155723 -0.192602 0.353425
0.226740 -0.257932 0.261370
0.271348 -0.303092 0.144082
0.285180 -0.323662 0.013043
0.266881 -0.317627 -0.118921
0.264558 -0.236616 -0.245513
0.313802 -0.269064 -0.124046
0.189418 -0.181006 -0.342947
0.095735 -0.107678 -0.406810
-0.007318 -0.023810 -0.430853
-0.109655 0.062389 -0.412720
-0.201258 0.142480 -0.354188
-0.273161 0.208625 -0.260985
-0.318325 0.254348 -0.142235
-0.332329 0.275174 -0.009562
-0.313802 0.269064 0.124046
-0.264558 0.236616 0.245513
-0.189418 0.181006 0.342946
-0.095735 0.107678 0.406810
0.007318 0.023810 0.430853
0.109655 -0.062389 0.412720
0.201258 -0.142480 0.354188
0.273161 -0.208625 0.260985
0.318325 -0.254348 0.142235
0.332329 -0.275174 0.009562
0.313802 -0.269064 -0.124046
0.352996 -0.213876 -0.126117
0.304359 -0.181827 -0.246088
0.230143 -0.126902 -0.342322
0.137614 -0.054477 -0.405400
0.035830 0.028359 -0.429146
-0.065247 0.113496 -0.411237
-0.155723 0.192602 -0.353425
-0.226740 0.257932 -0.261370
-0.271348 0.303092 -0.144082
-0.285180 0.323662 -0.013043
-0.266881 0.317627 0.118921
-0.218244 0.285578 0.238892
-0.144028 0.230653 0.335126
-0.051499 0.158228 0.398204
0.050285 0.075393 0.421950
0.151362 -0.009745 0.404041
0.241838 -0.088851 0.346229
0.312855 -0.154181 0.254174
0.357463 -0.199341 0.136886
0.371294 -0.219910 0.005847
0.352996 -0.213876 -0.126117
0.383498 -0.153421 -0.125083
0.336665 -0.122561 -0.240604
0.265202 -0.069673 -0.333269
0.176105 0.000066 -0.394007
0.078095 0.079829 -0.416873
-0.019233 0.161809 -0.399628
-0.106353 0.237981 -0.343960
-0.174737 0.300888 -0.255319
-0.217690 0.344373 -0.142381
-0.231009 0.364180 -0.016202
-0.213389 0.358369 0.110868
-0.166555 0.327509 0.226389
-0.095092 0.274621 0.319054
-0.005995 0.204882 0.379792
0.092014 0.125119 0.402658
0.189343 0.043139 0.385413
0.276463 -0.033033 0.329745
0.344846 -0.095940 0.241104
0.387799 -0.139426 0.128166
0.401118 -0.159232 0.001987
0.383498 -0.153421 -0.125083
0.404557 -0.089189 -0.120968
0.360681 -0.060277 -0.229196
0.293730 -0.010729 -0.316010
0.210259 0.054607 -0.372913
0.118437 0.129334 -0.394335
0.027254 0.206138 -0.378179
-0.054365 0.277500 -0.326026
-0.118431 0.336435 -0.242981
-0.158672 0.377175 -0.137175
-0.171149 0.395731 -0.018962
-0.154642 0.390286 0.100084
-0.110765 0.361375 0.208311
-0.043815 0.311826 0.295125
0.039657 0.246491 0.352028
0.131478 0.171764 0.373450
0.222661 0.094960 0.357294
0.304280 0.023598 0.305141
0.368346 -0.035338 0.222097
0.408587 -0.076077 0.116290
0.421064 -0.094633 -0.001922
0.404557 -0.089189 -0.120968
0.415655 -0.022760 -0.113875
0.375816 0.003491 -0.212143
0.315026 0.048480 -0.290969
0.239235 0.107803 -0.342636
0.155863 0.175654 -0.362087
0.073071 0.245390 -0.347417
-0.001038 0.310186 -0.300063
-0.059208 0.363698 -0.224661
-0.095746 0.400689 -0.128590
-0.107076 0.417537 -0.021256
-0.092087 0.412594 0.086836
-0.052248 0.386343 0.185104
0.008542 0.341354 0.263930
0.084332 0.282030 0.315597
0.167704 0.214180 0.335048
0.250496 0.144443 0.320378
0.324605 0.079648 0.273024
0.382775 0.026136 0.197622
0.419314 -0.010855 0.101551
0.430643 -0.027704 -0.005783
0.415655 -0.022760 -0.113875
0.416518 0.044229 -0.103978
0.381697 0.067173 -0.189868
0.328564 0.106495 -0.258764
0.262321 0.158345 -0.303922
0.189451 0.217649 -0.320923
0.117088 0.278601 -0.308101
0.052315 0.335234 -0.266713
0.001472 0.382006 -0.200808
-0.030464 0.414337 -0.116839
-0.040366 0.429063 -0.023026
-0.027266 0.424742 0.071450
0.007555 0.401798 0.157340
0.060688 0.362476 0.226236
0.126931 0.310625 0.271394
0.199801 0.251322 0.288395
0.272164 0.190370 0.275573
0.336937 0.133737 0.234185
0.387780 0.086965 0.168280
0.419715 0.054634 0.084311
0.429618 0.039908 -0.009502
0.416518 0.044229 -0.103978
0.378180 0.129201 -0.162917
0.407124 0.110128 -0.091521
0.334013 0.161887 -0.220187
0.278948 0.204988 -0.257725
0.218375 0.254285 -0.271857
0.158223 0.304951 -0.261199
0.104379 0.352028 -0.226794
0.062116 0.390907 -0.172011
0.035570 0.417782 -0.102212
0.027338 0.430023 -0.024229
0.038228 0.426432 0.054305
0.067173 0.407359 0.125701
0.111339 0.374673 0.182971
0.166404 0.331572 0.220509
0.226977 0.282275 0.234641
0.287130 0.231609 0.223983
0.340973 0.184532 0.189578
0.383236 0.145653 0.134795
0.409783 0.118778 0.064996
0.418014 0.106537 -0.012987
0.407124 0.110128 -0.091521
0.365350 0.188047 -0.131954
0.387706 0.173316 -0.076810
0.331237 0.213294 -0.176188
0.288706 0.246584 -0.205182
0.241921 0.284659 -0.216097
0.195461 0.323793 -0.207865
0.153874 0.360154 -0.181292
0.121231 0.390183 -0.138978
0.100727 0.410940 -0.085067
0.094369 0.420395 -0.024835
0.102780 0.417621 0.035822
0.125136 0.402890 0.090967
0.159249 0.377644 0.135201
0.201780 0.344354 0.164194
0.248565 0.306278 0.175109
0.295025 0.267145 0.166877
0.336612 0.230784 0.140304
0.369255 0.200755 0.097991
0.389759 0.179997 0.044080
0.396117 0.170542 -0.016153
0.387706 0.173316 -0.076810
0.343524 0.242264 -0.097743
0.358742 0.232237 -0.060207
0.320305 0.259448 -0.127851
0.291355 0.282108 -0.147586
0.259510 0.308024 -0.155016
0.227886 0.334661 -0.149413
0.199579 0.359411 -0.131325
0.177360 0.379851 -0.102524
0.163404 0.393980 -0.065828
0.159076 0.400416 -0.024830
0.164801 0.398527 0.016457
0.180018 0.388500 0.053993
0.203238 0.371316 0.084101
0.232187 0.348657 0.103836
0.264033 0.322740 0.111266
0.295657 0.296103 0.105663
0.323964 0.271353 0.087575
0.346183 0.250913 0.058774
0.360139 0.236784 0.022078
0.364467 0.230349 -0.018920
0.358742 0.232237 -0.060207
0.313240 0.290515 -0.061124
0.320943 0.285439 -0.042123
0.301486 0.299214 -0.076366
0.286830 0.310685 -0.086357
0.270709 0.323805 -0.090118
0.254700 0.337289 -0.087281
0.240370 0.349819 -0.078125
0.229122 0.360166 -0.063545
0.222057 0.367319 -0.044968
0.219866 0.370576 -0.024213
0.222765 0.369621 -0.003312
0.230468 0.364545 0.015689
0.242223 0.355845 0.030931
0.256878 0.344374 0.040922
0.272999 0.331254 0.044683
0.289008 0.317770 0.041846
0.303338 0.305241 0.032690
0.314586 0.294894 0.018110
0.321651 0.287741 -0.000467
0.323842 0.284483 -0.021222
0.320943 0.285439 -0.042123
-0.275243 -0.331612 0.023001
-0.275243 -0.331612 0.023001
-0.275243 -0.331612 0.023001
-0.275243 -0.331612 0.023001
-0.275243 -0.331612 0.023001
-0.275243 -0.331612 0.023001
-0.275243 -0.331612 0.023001
-0.275243 -0.331612 0.023001
-0.275243 -0.331612 0.023001
-0.275243 -0.331612 0.023001
-0.275243 -0.331612 0.023001
-0.275243 -0.331612 0.023001
-0.275243 -0.331612 0.023001
-0.275243 -0.331612 0.023001
-0.275243 -0.331612 0.023001
-0.275243 -0.331612 0.023001
-0.275243 -0.331612 0.023001
-0.275243 -0.331612 0.023001
-0.275243 -0.331612 0.023001
-0.275243 -0.331612 0.023001
0.275243 0.331612 -0.023001
0.275243 0.331612 -0.023001
0.275243 0.331612 -0.023001
0.275243 0.331612 -0.023001
0.275243 0.331612 -0.023001
0.275243 0.331612 -0.023001
0.275243 0.331612 -0.023001
0.275243 0.331612 -0.023001
0.275243 0.331612 -0.023001
0.275243 0.331612 -0.023001
0.275243 0.331612 -0.023001
0.275243 0.331612 -0.023001
0.275243 0.331612 -0.023001
0.275243 0.331612 -0.023001
0.275243 0.331612 -0.023001
0.275243 0.331612 -0.023001
0.275243 0.331612 -0.023001
0.275243 0.331612 -0.023001
0.275243 0.331612 -0.023001
0.275243 0.331612 -0.023001
-0.276056 0.020610 1.738785
-0.275757 0.040485 1.724397
-0.346201 0.015288 1.679633
-0.342573 0.033885 1.667952
-0.277870 0.007259 1.744852
-0.365626 -0.000355 1.673188
-0.282277 -0.010084 1.749840
-0.353486 -0.015795 1.690393
-0.355762 -0.030977 1.693448
-0.282277 -0.010084 1.749840
-0.353486 -0.015795 1.690393
-0.269529 0.043697 1.666441
-0.235433 0.068210 1.639796
-0.249310 0.045729 1.682655
-0.278414 0.060391 1.611043
-0.285544 -0.050978 1.754335
-0.355502 -0.071292 1.692372
-0.281223 -0.092039 1.748098
-0.234813 0.059445 1.677824
-0.349540 -0.101668 1.683360
-0.277202 -0.105427 1.742355
-0.270928 -0.122212 1.735508
-0.326922 -0.118966 1.688291
-0.270504 -0.140685 1.717384
-0.292521 0.084778 1.615441
-0.243497 0.097272 1.618975
-0.278051 0.092163 1.594011
-0.240509 0.092508 1.615570
-0.247710 0.094398 1.612051
-0.228395 0.105036 1.626978
-0.302793 0.039721 1.638547
-0.313511 0.052787 1.601041
-0.351586 0.033624 1.599979
-0.293232 -0.138539 1.636248
-0.308324 -0.122186 1.651686
-0.272969 -0.125737 1.679067
-0.335009 -0.134251 1.592687
-0.249802 -0.134656 1.690193
-0.356953 -0.114624 1.609395
-0.248962 -0.151600 1.644498
-0.250961 -0.127713 1.698949
-0.322421 -0.141128 1.592983
-0.355871 0.032389 1.657873
-0.374479 0.032398 1.639209
-0.400623 -0.002107 1.643089
-0.355762 -0.030977 1.693448
-0.254449 -0.152857 1.620830
-0.234606 -0.157296 1.628120
-0.388040 -0.061818 1.627951
-0.402911 -0.075685 1.609467
-0.407511 -0.051312 1.614557
-0.407318 -0.024826 1.613477
-0.383163 -0.010001 1.622619
-0.395711 0.011531 1.597853
-0.389515 -0.088601 1.654682
-0.381267 -0.129940 1.619686
-0.370067 -0.131440 1.630957
-0.378815 0.016508 1.601590
-0.395652 0.013065 1.636837
-0.389242 0.030453 1.626886
-0.414711 0.012611 1.617888
-0.409339 0.027843 1.609477
-0.372965 0.040288 1.568119
-0.405387 -0.032862 1.649835
-0.424240 -0.033365 1.631572
-0.419186 -0.002179 1.624836
-0.419515 -0.087350 1.623695
-0.391797 -0.070885 1.658979
-0.424721 -0.052569 1.631918
-0.380001 -0.101523 1.603243
-0.392590 -0.098686 1.595214
-0.371144 -0.110331 1.598594
-0.335944 0.014489 1.621911
-0.347960 0.012683 1.611741
-0.341785 0.001592 1.632066
-0.364143 -0.012031 1.632733
-0.233170 -0.153310 1.669225
-0.230746 -0.135372 1.717405
-0.378248 -0.118050 1.573271
-0.401462 0.014780 1.599956
-0.410232 -0.011775 1.612649
-0.413764 -0.038947 1.617677
-0.412792 -0.064073 1.615700
-0.409801 -0.078322 1.611356
-0.394269 -0.112205 1.587798
-0.403886 -0.124369 1.600926
-0.399801 0.033907 1.579510
-0.409189 0.017981 1.593986
-0.415052 0.023240 1.599384
-0.403516 0.041964 1.581726
-0.420225 0.008959 1.607129
-0.417657 -0.009311 1.607603
-0.427193 -0.020763 1.617994
-0.355502 -0.071292 1.692372
-0.420873 -0.036764 1.613389
-0.427193 -0.020763 1.617994
-0.428691 -0.037041 1.620214
-0.427363 -0.067244 1.617806
-0.419688 -0.063562 1.611527
-0.416626 -0.077492 1.606835
-0.411977 -0.088799 1.600766
-0.400321 -0.111874 1.582351
-0.350035 -0.134834 1.648516
-0.338947 -0.135836 1.661512
-0.427363 -0.067244 1.617806
-0.419616 -0.093531 1.606365
-0.419616 -0.093531 1.606365
-0.407734 -0.117337 1.587929
-0.389978 -0.136347 1.560247
-0.407734 -0.117337 1.587929
-0.374707 -0.131699 1.558522
-0.358737 -0.049902 1.692577
-0.379617 -0.132886 1.551275
-0.349540 -0.101668 1.683360
-0.382896 -0.141825 1.550470
-0.430958 0.029927 1.601924
-0.413682 0.043678 1.577697
-0.415052 0.023240 1.599384
-0.426115 0.024550 1.596326
-0.403516 0.041964 1.581726
-0.420225 0.008959 1.607129
-0.431741 0.011354 1.603855
-0.440589 -0.019623 1.615726
-0.443125 -0.017587 1.623077
-0.444609 -0.034376 1.625682
-0.427193 -0.020763 1.617994
-0.443297 -0.070265 1.623011
-0.428691 -0.037041 1.620214
-0.442416 -0.053030 1.617562
-0.427363 -0.067244 1.617806
-0.436055 -0.084167 1.609081
-0.419616 -0.093531 1.606365
-0.423910 -0.111298 1.591198
-0.407734 -0.117337 1.587929
-0.404450 -0.132542 1.564925
-0.389978 -0.136347 1.560247
-0.396840 -0.138714 1.553981
-0.407734 -0.117337 1.587929
-0.382896 -0.141825 1.550470
-0.430120 0.026570 1.598260
-0.407566 -0.140782 1.571180
-0.392043 -0.152793 1.548050
-0.376230 -0.153635 1.556521
-0.440805 -0.003191 1.613312
-0.445997 -0.034487 1.620044
-0.444276 -0.069630 1.617250
-0.435003 -0.098773 1.603065
-0.444276 -0.069630 1.617250
-0.421715 -0.122491 1.584655
-0.400825 -0.142374 1.554121
-0.363263 -0.152703 1.585362
-0.368798 -0.147328 1.600146
-0.361255 -0.128070 1.563846
-0.367787 -0.126164 1.559427
-0.369863 -0.134260 1.555012
-0.374156 -0.137609 1.546248
-0.363963 -0.139385 1.550217
-0.377047 -0.145308 1.544433
-0.352640 -0.161022 1.573663
-0.343927 -0.142631 1.639302
-0.383715 -0.145875 1.538445
-0.377047 -0.145308 1.544433
-0.387370 -0.149648 1.537424
-0.346606 -0.144413 1.564085
-0.366653 -0.148717 1.547228
-0.332813 -0.158622 1.576588
-0.369142 -0.148555 1.539281
-0.366653 -0.148717 1.547228
-0.344370 -0.158346 1.556393
-0.332813 -0.158622 1.576588
-0.370206 -0.150440 1.533805
-0.325729 -0.150645 1.647813
-0.324106 -0.148463 1.591258
-0.272084 -0.158185 1.688046
-0.323688 -0.150923 1.583151
-0.326582 -0.169874 1.572638
-0.316423 -0.170735 1.599409
-0.332813 -0.158622 1.576588
-0.314149 -0.163622 1.584768
-0.325323 -0.164154 1.572170
-0.314149 -0.163622 1.584768
-0.329277 -0.159709 1.624112
-0.331679 -0.157201 1.622035
-0.320547 -0.167025 1.610546
-0.312988 -0.154446 1.585829
-0.274921 -0.160429 1.600242
-0.314149 -0.163622 1.584768
-0.272833 -0.171458 1.590187
-0.293900 -0.170690 1.578113
-0.272833 -0.171458 1.590187
-0.273463 -0.153995 1.602083
-0.270834 -0.164684 1.591715
-0.272833 -0.171458 1.590187
-0.269919 -0.175037 1.581465
-0.237742 -0.166327 1.621179
-0.246556 -0.167257 1.606813
-0.248034 -0.173522 1.606037
-0.297803 -0.174449 1.607410
-0.233347 -0.171188 1.616835
-0.248034 -0.173522 1.606037
-0.253961 -0.172783 1.670592
-0.271796 -0.180905 1.584187
-0.241772 -0.183208 1.602924
-0.247446 -0.182765 1.602774
-0.260881 -0.181239 1.630748
-0.252365 -0.179208 1.639785
-0.251149 -0.182668 1.638764
-0.240771 -0.178471 1.602106
-0.240270 -0.177823 1.606929
-0.234873 -0.168966 1.626202
-0.231689 -0.163322 1.649060
-0.267646 -0.027879 1.779218
-0.262899 -0.004465 1.772698
-0.233934 -0.165261 1.671918
-0.281223 -0.092039 1.748098
-0.267236 -0.075596 1.777289
-0.285544 -0.050978 1.754335
-0.277202 -0.105427 1.742355
-0.264452 -0.108459 1.757732
-0.262409 -0.098802 1.774427
-0.230120 -0.152937 1.694518
-0.439083 -0.087889 1.616108
-0.427126 -0.115990 1.598622
-0.233221 -0.152671 1.708525
-0.234195 -0.139138 1.731925
-0.229290 -0.174446 1.631111
-0.229244 -0.171441 1.672771
-0.229143 -0.164958 1.697358
-0.230983 -0.142777 1.735532
-0.233105 -0.180560 1.673356
-0.232586 -0.183635 1.650606
-0.233616 -0.172408 1.698818
-0.234110 -0.156240 1.729769
-0.232628 -0.183876 1.628769
-0.233937 -0.182643 1.620034
-0.236024 -0.180792 1.615822
-0.236024 -0.180792 1.615822
-0.228260 -0.187381 1.617957
-0.248034 -0.173522 1.606037
-0.233937 -0.182643 1.620034
-0.229463 -0.188099 1.609406
-0.232628 -0.183876 1.628769
-0.232586 -0.183635 1.650606
-0.233105 -0.180560 1.673356
-0.228848 -0.188699 1.675101
-0.233616 -0.172408 1.698818
-0.225927 -0.191815 1.615742
-0.227674 -0.191133 1.651926
-0.233814 0.038590 1.724248
-0.235229 0.062198 1.702220
-0.239495 0.033621 1.744219
-0.234824 0.043595 1.744338
-0.235115 0.089602 1.705197
-0.241261 0.060962 1.754680
-0.236077 0.067278 1.738395
-0.242507 0.071914 1.736175
-0.263866 0.039237 1.736858
-0.258868 0.068494 1.703053
-0.274286 0.050695 1.713235
-0.232162 0.085143 1.705127
-0.232132 0.086600 1.687871
-0.227965 0.097183 1.660460
-0.230213 0.101242 1.661332
-0.236735 0.094721 1.690362
-0.422639 -0.126227 1.587654
-0.269396 0.021321 1.746203
-0.235182 -0.192338 1.674719
-0.232506 -0.184695 1.701679
-0.229775 -0.174990 1.715429
-0.236390 -0.178021 1.715785
-0.254663 -0.163076 1.695756
-0.234110 -0.156240 1.729769
-0.233616 -0.172408 1.698818
-0.231387 -0.158757 1.744548
-0.234110 -0.156240 1.729769
-0.330818 0.048535 1.593835
-0.379446 0.047650 1.567099
-0.374451 0.049268 1.565176
-0.331604 0.056470 1.595075
-0.441818 -0.000930 1.617216
-0.328743 0.052329 1.655314
-0.278855 0.070292 1.606401
-0.237143 0.070906 1.634014
-0.381805 0.049952 1.559107
-0.346465 0.043112 1.649927
-0.359852 0.054157 1.618199
-0.390918 0.056553 1.563543
-0.381632 0.067843 1.564994
-0.396402 0.047307 1.592377
-0.356735 0.071650 1.583595
-0.399965 0.058805 1.558329
-0.390918 0.056553 1.563543
-0.386021 0.060120 1.558409
-0.394869 0.062172 1.552265
-0.386021 0.060120 1.558409
-0.397470 0.070160 1.552376
-0.374721 0.052584 1.558753
-0.378535 0.062868 1.557047
-0.378429 0.065455 1.550502
-0.378535 0.062868 1.557047
-0.329553 0.060583 1.588811
-0.322875 0.065459 1.639498
-0.340701 0.068537 1.583406
-0.340701 0.068537 1.583406
-0.331529 0.070642 1.589663
-0.374721 0.050321 1.611615
-0.340701 0.068537 1.583406
-0.329551 0.075242 1.581923
-0.331529 0.070642 1.589663
-0.347884 0.072782 1.569795
-0.378674 0.069075 1.546185
-0.266231 0.063295 1.699548
-0.319087 0.063900 1.640437
-0.315220 0.064356 1.593319
-0.317818 0.073740 1.593368
-0.317818 0.073740 1.593368
-0.274222 0.076280 1.599955
-0.302925 0.083549 1.609848
-0.277663 0.082976 1.598505
-0.277663 0.082976 1.598505
-0.274872 0.086941 1.590941
-0.264827 0.076118 1.674227
-0.241713 0.079975 1.622242
-0.250159 0.086926 1.616760
-0.250159 0.086926 1.616760
-0.249715 0.091592 1.650568
-0.236407 0.079141 1.637467
-0.238985 0.077450 1.632673
-0.230063 0.084313 1.640132
-0.234387 0.082927 1.628305
-0.234588 0.093193 1.632196
-0.415754 0.049307 1.584723
-0.237621 0.091656 1.626954
-0.233145 0.093444 1.638538
-0.399458 0.068371 1.560269
-0.237621 0.091656 1.626954
-0.228829 0.099668 1.624230
-0.234588 0.093193 1.632196
-0.225574 0.101400 1.629436
-0.233145 0.093444 1.638538
-0.379946 0.073620 1.550420
-0.350767 0.077329 1.573792
-0.330893 0.080533 1.586196
-0.317367 0.083454 1.588346
-0.250159 0.086926 1.616760
-0.230747 0.105757 1.628696
-0.232441 0.066096 1.703795
-0.232872 0.090898 1.660236
-0.235943 0.083776 1.686734
-0.232872 0.090898 1.660236
-0.235943 0.083776 1.686734
-0.230169 -0.195017 1.651630
-0.265077 -0.002355 1.776511
-0.230682 -0.195192 1.613995
-0.228540 -0.193914 1.611617
-0.266624 -0.052660 1.787040
-0.262865 -0.075645 1.786318
-0.294739 -0.175198 1.578540
-0.265475 -0.125141 1.740224
-0.264889 -0.122724 1.737538
-0.345469 -0.162817 1.556873
-0.387751 -0.153979 1.539238
-0.258089 -0.142537 1.725869
-0.446666 -0.052986 1.623034
-0.445997 -0.034487 1.620044
-0.418173 0.048447 1.582294
-0.371072 -0.155549 1.536453
-0.346334 -0.164250 1.559292
-0.402433 0.066286 1.559233
-0.349092 0.076641 1.570794
-0.330437 0.079301 1.582824
-0.295319 -0.177061 1.580784
-0.254750 0.029097 1.771199
-0.237665 0.068227 1.720954
-0.235943 0.083776 1.686734
-0.237665 0.068227 1.720954
-0.235943 0.083776 1.686734
-0.262890 -0.025874 1.787547
-0.240607 0.045859 1.695495
-0.241705 -0.122207 1.716816
-0.258951 -0.099333 1.780843
-0.252208 -0.126547 1.767561
-0.232588 -0.128987 1.733565
-0.245448 -0.112529 1.749097
-0.233674 -0.135776 1.741190
-0.238586 -0.157399 1.749098
-0.236279 -0.148251 1.741737
-0.237490 -0.142133 1.745885
-0.242323 -0.107195 1.741524
-0.263644 -0.069316 1.736492
-0.248458 -0.085021 1.750597
-0.245579 -0.098751 1.750896
-0.251206 -0.071352 1.759109
-0.252753 -0.089751 1.759244
-0.246303 -0.104042 1.758358
-0.253061 -0.072906 1.768198
-0.247704 -0.120690 1.758927
-0.247704 -0.120690 1.758927
-0.255751 -0.094778 1.770458
-0.255751 -0.094778 1.770458
-0.236279 -0.148251 1.741737
-0.245546 0.055731 1.759566
-0.245241 0.048936 1.764414
-0.234924 -0.149313 1.752953
-0.237490 -0.142133 1.745885
-0.241214 -0.135494 1.760996
-0.247704 -0.120690 1.758927
-0.257718 0.008467 1.780521
-0.255751 -0.094778 1.770458
-0.251420 -0.068266 1.753015
-0.256761 -0.049368 1.765584
-0.260042 -0.050966 1.778019
-0.250561 -0.112633 1.773112
-0.259054 -0.075308 1.784759
-0.260042 -0.050966 1.778019
-0.235899 -0.157252 1.750178
-0.244927 -0.137488 1.762440
-0.233748 -0.167642 1.735338
-0.240944 0.051113 1.748947
-0.240944 0.051113 1.748947
-0.247088 0.002729 1.763171
-0.243521 0.040315 1.757551
-0.240944 0.051113 1.748947
-0.239489 0.052178 1.759892
-0.243521 0.040315 1.757551
-0.249832 0.011010 1.728630
-0.249038 0.024683 1.763070
-0.243521 0.040315 1.757551
-0.248234 0.027101 1.770608
-0.249038 0.024683 1.763070
-0.260233 -0.052134 1.787124
-0.253177 -0.028880 1.769258
-0.243480 0.005366 1.744876
-0.251476 -0.030299 1.760368
-0.252495 -0.007894 1.760142
-0.252533 -0.031069 1.754162
-0.249038 0.024683 1.763070
-0.254301 0.005818 1.769724
-0.254598 -0.110385 1.698693
-0.276684 -0.067891 1.725313
-0.267471 -0.079467 1.713945
-0.268759 -0.051677 1.719800
-0.269228 -0.002202 1.718830
-0.267888 -0.017835 1.715647
-0.259433 -0.027479 1.776947
-0.257598 0.007974 1.704298
-0.251143 0.024828 1.692178
-0.289639 -0.051807 1.700613
-0.260042 -0.050966 1.778019
-0.259433 -0.027479 1.776947
-0.258663 -0.026244 1.785404
-0.274182 -0.107402 1.681962
-0.254301 0.005818 1.769724
-0.255412 -0.002765 1.780899
-0.321092 -0.008071 1.671310
-0.272287 0.021472 1.674167
-0.352935 -0.092727 1.619614
-0.306839 -0.102151 1.656849
-0.317654 -0.076439 1.670064
-0.368566 -0.061699 1.638363
-0.320729 -0.052641 1.673952
-0.360232 -0.073106 1.631457
-0.365047 -0.053026 1.635272
-0.318339 -0.021925 1.670629
-0.362954 -0.025242 1.632458
-0.310156 0.003802 1.659005
-0.276055 0.020612 1.738781
-0.275898 0.040686 1.724546
-0.346222 0.015302 1.679663
-0.325367 0.034981 1.682816
-0.277953 0.007300 1.744912
-0.350568 0.000031 1.685918
-0.282107 -0.010121 1.749791
-0.353803 -0.015572 1.690837
-0.355913 -0.031110 1.693777
-0.282107 -0.010121 1.749791
-0.353803 -0.015572 1.690837
-0.258420 -0.098991 1.780916
-0.235255 -0.150500 1.754251
-0.255028 -0.094806 1.771070
-0.269529 0.043697 1.666441
-0.235896 0.070497 1.633881
-0.248441 0.045208 1.682091
-0.285644 -0.050974 1.754345
-0.355542 -0.071254 1.692519
-0.281250 -0.092041 1.748088
-0.259429 -0.027575 1.776976
-0.349541 -0.101674 1.683387
-0.277217 -0.105429 1.742355
-0.270932 -0.121889 1.735078
-0.326938 -0.118985 1.688307
-0.270472 -0.140673 1.717342
-0.322562 -0.137654 1.674909
-0.252291 -0.031055 1.754122
-0.254008 -0.028748 1.769276
-0.249708 -0.085205 1.751115
-0.378163 0.031021 1.638495
-0.302866 0.083519 1.609769
-0.248407 0.095845 1.614091
-0.278047 0.092110 1.594063
-0.231505 -0.158766 1.744526
-0.234211 -0.169752 1.737527
-0.278442 0.060470 1.611161
-0.302790 0.039710 1.638536
-0.263513 -0.069411 1.736509
-0.331427 0.048823 1.595360
-0.351636 0.033522 1.599753
-0.267452 -0.137179 1.665175
-0.308717 -0.122771 1.651981
-0.248773 -0.126582 1.697365
-0.234216 -0.148300 1.742438
-0.234305 -0.156253 1.729765
-0.229981 -0.175028 1.715443
-0.234211 -0.169752 1.737527
-0.234216 -0.148300 1.742438
-0.229905 -0.135185 1.717830
-0.283001 -0.146167 1.624090
-0.334929 -0.134130 1.592668
-0.356956 -0.114667 1.609456
-0.232637 -0.153223 1.669020
-0.258488 -0.142613 1.725835
-0.236127 -0.178183 1.715833
-0.383624 -0.100687 1.650360
-0.392383 -0.071079 1.659512
-0.415522 -0.099651 1.617203
-0.322732 -0.141818 1.593509
-0.254458 -0.162988 1.695717
-0.400627 -0.002079 1.643044
-0.420708 -0.001707 1.626951
-0.409509 0.028179 1.609635
-0.238926 -0.155817 1.624706
-0.269007 -0.160374 1.686583
-0.405404 -0.032813 1.649989
-0.236127 -0.178183 1.715833
-0.367809 -0.126267 1.558964
-0.252149 -0.126859 1.767908
-0.387529 -0.061572 1.627104
-0.407410 -0.024698 1.614565
-0.382456 -0.010611 1.621561
-0.406658 -0.063875 1.615530
-0.401100 0.001231 1.605669
-0.264908 -0.052618 1.787590
-0.231440 0.086550 1.687941
-0.235802 0.067371 1.738527
-0.237096 0.068099 1.720933
-0.255028 -0.094806 1.771070
-0.241812 -0.107006 1.741484
-0.234037 0.061963 1.702202
-0.237096 0.068099 1.720933
-0.238748 0.051399 1.749880
-0.373022 0.040749 1.567952
-0.241660 0.047076 1.763281
-0.238748 0.051399 1.749880
-0.246138 0.056746 1.760682
-0.234216 -0.148300 1.742438
-0.234305 -0.156253 1.729765
-0.348107 0.012871 1.611920
-0.341791 0.001613 1.632073
-0.257029 0.007778 1.703851
-0.234644 0.039101 1.724436
-0.241195 0.014057 1.742533
-0.264294 0.039292 1.736741
-0.235289 0.090919 1.705561
-0.235426 0.083642 1.686702
-0.238748 0.051399 1.749880
-0.254616 0.005853 1.769639
-0.248283 0.002973 1.763085
-0.232272 -0.171875 1.616518
-0.235426 0.083642 1.686702
-0.236046 0.090405 1.625457
-0.248407 0.095845 1.614091
-0.224569 0.101692 1.629056
-0.230708 0.106564 1.628832
-0.369070 -0.016270 1.678162
-0.274885 0.086979 1.591025
-0.330229 0.079773 1.581875
-0.349541 -0.101674 1.683387
-0.355542 -0.071254 1.692519
-0.396628 0.047632 1.592491
-0.398425 0.071823 1.553006
-0.418778 0.048112 1.579594
-0.387671 -0.107953 1.588023
-0.394688 0.062040 1.552302
-0.432209 0.028149 1.599180
-0.442952 -0.002352 1.613630
-0.445993 -0.034779 1.620505
-0.445006 -0.034249 1.626128
-0.417608 -0.008882 1.608636
-0.420912 -0.036765 1.614894
-0.254616 0.005853 1.769639
-0.259429 -0.027575 1.776976
-0.412282 -0.089671 1.602602
-0.383859 -0.145732 1.538170
-0.388305 -0.155185 1.538703
-0.400881 -0.141396 1.553481
-0.369996 -0.151203 1.532714
-0.345667 -0.164498 1.556419
-0.344304 -0.158412 1.556271
-0.327445 -0.170932 1.574945
-0.399823 0.034578 1.580525
-0.355913 -0.031110 1.693777
-0.419713 0.009132 1.607625
-0.403271 0.041601 1.581618
-0.255392 -0.002649 1.781823
-0.254616 0.005853 1.769639
-0.324628 -0.161730 1.574868
-0.294746 -0.175248 1.578454
-0.254616 0.005853 1.769639
-0.270031 -0.175154 1.581622
-0.239900 -0.177540 1.606580
-0.241650 -0.183999 1.602368
-0.419713 0.009132 1.607625
-0.427053 -0.020992 1.617379
-0.229914 -0.195530 1.613587
-0.227245 -0.187405 1.617410
-0.279698 0.005485 1.685769
-0.320845 -0.008226 1.670972
-0.427053 -0.020992 1.617379
-0.428710 -0.037036 1.620109
-0.362541 -0.025568 1.631866
-0.439468 -0.088084 1.616159
-0.423421 -0.126748 1.587879
-0.403505 -0.123933 1.600566
-0.427422 -0.067211 1.617615
-0.318420 -0.021888 1.670724
-0.227579 -0.191698 1.651978
-0.320707 -0.052669 1.673920
-0.355843 -0.062476 1.647850
-0.317680 -0.076384 1.670065
-0.352760 -0.092307 1.619415
-0.231434 0.090683 1.660221
-0.224569 0.101692 1.629056
-0.306895 -0.102245 1.656911
-0.235426 0.083642 1.686702
-0.427422 -0.067211 1.617615
-0.419637 -0.093467 1.606241
-0.272290 0.021476 1.674173
-0.407778 -0.117139 1.587743
-0.419637 -0.093467 1.606241
-0.396632 -0.129964 1.569537
-0.407561 -0.140873 1.571279
-0.363853 -0.153486 1.585597
-0.372256 -0.131531 1.629234
-0.231434 0.090683 1.660221
-0.235426 0.083642 1.686702
-0.269642 -0.002192 1.719203
-0.376299 -0.153793 1.556590
-0.267340 -0.017997 1.715211
-0.383435 -0.140193 1.548177
-0.289229 -0.051920 1.700264
-0.267136 -0.079352 1.713742
-0.273931 -0.107317 1.681814
-0.428710 -0.037036 1.620109
-0.427053 -0.020992 1.617379
-0.427422 -0.067211 1.617615
-0.436810 -0.084195 1.608965
-0.419637 -0.093467 1.606241
-0.424009 -0.111096 1.590913
-0.407778 -0.117139 1.587743
-0.396632 -0.129964 1.569537
-0.315215 -0.155504 1.648153
-0.396632 -0.129964 1.569537
-0.383435 -0.140193 1.548177
-0.419713 0.009132 1.607625
-0.403271 0.041601 1.581618
-0.332336 -0.158266 1.622350
-0.327445 -0.170932 1.574945
-0.308356 -0.169669 1.616748
-0.289764 -0.176887 1.606677
-0.443791 -0.070258 1.622707
-0.277373 0.082582 1.598066
-0.236046 0.090405 1.625457
-0.233800 0.093051 1.632186
-0.231434 0.090683 1.660221
-0.423421 -0.126748 1.587879
-0.233800 0.093051 1.632186
-0.277373 0.082582 1.598066
-0.259429 -0.027575 1.776976
-0.255028 -0.094806 1.771070
-0.341084 0.068840 1.584303
-0.330229 0.079773 1.581875
-0.277373 0.082582 1.598066
-0.365833 -0.148124 1.545939
-0.365833 -0.148124 1.545939
-0.443791 -0.070258 1.622707
-0.436810 -0.084195 1.608965
-0.254090 -0.173026 1.670669
-0.258420 -0.098991 1.780916
-0.281250 -0.092041 1.748088
-0.285644 -0.050974 1.754345
-0.277217 -0.105429 1.742355
-0.341084 0.068840 1.584303
-0.260922 -0.001877 1.781686
-0.271805 -0.180875 1.584213
-0.378476 0.068544 1.546047
-0.235076 -0.192368 1.674760
-0.229092 -0.189130 1.675252
-0.252149 -0.126859 1.767908
-0.341084 0.068840 1.584303
-0.378095 0.062177 1.555489
-0.332480 -0.158371 1.575987
-0.378095 0.062177 1.555489
-0.341084 0.068840 1.584303
-0.378095 0.062177 1.555489
-0.241660 0.047076 1.763281
-0.391254 0.056401 1.563114
-0.423963 -0.070019 1.630480
-0.365833 -0.148124 1.545939
-0.391254 0.056401 1.563114
-0.380258 0.074423 1.551036
-0.332480 -0.158371 1.575987
-0.250618 -0.181930 1.638353
-0.241650 -0.183999 1.602368
-0.314059 -0.163681 1.584599
-0.314059 -0.163681 1.584599
-0.332480 -0.158371 1.575987
-0.258961 0.087641 1.645617
-0.293010 -0.159041 1.587929
-0.272693 -0.171338 1.589940
-0.272693 -0.171338 1.589940
-0.234305 -0.156253 1.729765
-0.231720 -0.172681 1.698856
-0.232664 -0.183723 1.650601
-0.227579 -0.191698 1.651978
-0.231720 -0.172681 1.698856
-0.247593 -0.172985 1.605097
-0.272693 -0.171338 1.589940
-0.272280 0.059474 1.700739
-0.331410 0.051958 1.653334
-0.247593 -0.172985 1.605097
-0.237096 0.068099 1.720933
-0.346243 0.072704 1.592426
-0.322243 0.063978 1.638811
-0.232664 -0.183723 1.650601
-0.233775 -0.182764 1.619967
-0.264705 0.075349 1.673872
-0.247593 -0.172985 1.605097
-0.233775 -0.182764 1.619967
-0.232664 -0.183723 1.650601
-0.231720 -0.172681 1.698856
-0.363648 0.053475 1.617257
-0.276097 0.020635 1.738810
-0.275898 0.040686 1.724546
-0.346159 0.015249 1.679588
-0.325436 0.034985 1.682833
-0.277957 0.007303 1.744918
-0.350442 -0.000062 1.685783
-0.281936 -0.010166 1.749543
-0.353562 -0.015767 1.690477
-0.355572 -0.031101 1.693367
-0.284067 -0.028756 1.753076
-0.353562 -0.015767 1.690477
-0.281936 -0.010166 1.749543
-0.269529 0.043697 1.666441
-0.235774 0.068232 1.639804
-0.249310 0.045729 1.682655
-0.285036 -0.050957 1.753898
-0.355305 -0.071163 1.692232
-0.284032 -0.073062 1.751526
-0.349306 -0.101550 1.683147
-0.277237 -0.105450 1.742393
-0.352801 -0.087955 1.688017
-0.280639 -0.091854 1.747593
-0.270920 -0.122211 1.735509
-0.326925 -0.118967 1.688294
-0.270702 -0.141058 1.717627
-0.322325 -0.137323 1.674663
-0.235147 0.059358 1.677792
-0.360016 0.014715 1.669448
-0.290966 0.086593 1.612956
-0.248865 0.095745 1.614704
-0.278013 0.092045 1.593999
-0.258837 0.087470 1.645448
-0.250102 0.092170 1.650852
-0.278457 0.060472 1.611242
-0.302807 0.039749 1.638568
-0.367834 -0.070985 1.681499
-0.355305 -0.071163 1.692232
-0.358805 -0.049868 1.692690
-0.313014 0.049268 1.607799
-0.351537 0.033529 1.599909
-0.267421 -0.137434 1.665327
-0.308309 -0.122162 1.651672
-0.272977 -0.125754 1.679069
-0.301286 -0.131436 1.642816
-0.334935 -0.134127 1.592658
-0.374251 0.032244 1.638916
-0.378371 0.031462 1.638761
-0.381461 0.013147 1.649412
-0.400167 -0.002355 1.642646
-0.249701 -0.134496 1.690104
-0.282934 -0.146089 1.624048
-0.356908 -0.114556 1.609344
-0.248962 -0.151520 1.644518
-0.250975 -0.127732 1.698967
-0.383544 -0.100546 1.650215
-0.392210 -0.071070 1.659317
-0.415518 -0.099643 1.617195
-0.312205 -0.142067 1.600943
-0.379171 -0.116654 1.639593
-0.372272 -0.131796 1.629434
-0.369778 -0.131109 1.630466
-0.395490 0.012885 1.636684
-0.389154 0.030361 1.626752
-0.414838 0.012780 1.618156
-0.409339 0.027862 1.609501
-0.254486 -0.152993 1.620902
-0.405132 -0.032890 1.649767
-0.424504 -0.033400 1.631950
-0.419184 -0.002135 1.624860
-0.238994 -0.156212 1.624979
-0.362753 -0.124327 1.573147
-0.387544 -0.061676 1.627065
-0.406159 -0.062934 1.613405
-0.393762 -0.038460 1.623291
-0.406939 -0.024999 1.612911
-0.383066 -0.010035 1.622426
-0.400945 -0.000119 1.603757
-0.378828 0.016508 1.601579
-0.395543 0.011161 1.597523
-0.382478 0.028039 1.582156
-0.401979 -0.019567 1.650200
-0.387538 -0.083945 1.613454
-0.399149 -0.085647 1.603735
-0.379763 -0.101149 1.602835
-0.387344 -0.107013 1.587307
-0.335951 0.014494 1.621918
-0.348012 0.012787 1.611818
-0.341791 0.001613 1.632073
-0.364172 -0.012002 1.632770
-0.350847 -0.024438 1.642859
-0.362935 -0.025244 1.632438
-0.365063 -0.053014 1.635290
-0.353030 -0.053103 1.645844
-0.356661 -0.062441 1.649029
-0.348742 -0.074273 1.642078
-0.360126 -0.072989 1.631357
-0.352741 -0.092591 1.619419
-0.340464 -0.095642 1.629853
-0.233000 -0.153160 1.669153
-0.233243 -0.163631 1.626818
-0.231305 -0.141398 1.705580
-0.355592 0.032103 1.657606
-0.365447 -0.000477 1.672953
-0.368564 -0.016544 1.677620
-0.231239 -0.135350 1.717368
-0.370897 -0.049954 1.680678
-0.363939 -0.101035 1.669477
-0.367813 -0.126264 1.559473
-0.401496 0.014623 1.599753
-0.410166 -0.011872 1.612441
-0.368805 -0.031427 1.682871
-0.413772 -0.038956 1.617563
-0.412764 -0.064056 1.615566
-0.409743 -0.078037 1.610982
-0.399532 -0.102534 1.595838
-0.384315 -0.123042 1.572460
-0.399775 0.033899 1.579528
-0.409165 0.017959 1.593962
-0.355572 -0.031101 1.693367
-0.415052 0.023240 1.599384
-0.403516 0.041964 1.581726
-0.349306 -0.101550 1.683147
-0.352801 -0.087955 1.688017
-0.412237 0.028289 1.608453
-0.420223 0.008948 1.607102
-0.417609 -0.009345 1.607536
-0.427193 -0.020775 1.617954
-0.422390 -0.001935 1.623085
-0.439979 -0.000811 1.618287
-0.425557 -0.019138 1.628178
-0.420854 -0.036770 1.613268
-0.444603 -0.034319 1.625750
-0.427282 -0.052284 1.630335
-0.443091 -0.070214 1.622752
-0.423087 -0.070116 1.629169
-0.438805 -0.087759 1.616103
-0.426900 -0.115851 1.598545
-0.427193 -0.020775 1.617954
-0.428710 -0.037036 1.620109
-0.420732 -0.126239 1.589671
-0.403535 -0.123720 1.600442
-0.427398 -0.067207 1.617597
-0.419690 -0.063555 1.611446
-0.416626 -0.077492 1.606835
-0.411961 -0.088725 1.600677
-0.400279 -0.111817 1.582318
-0.407320 -0.140487 1.571164
-0.391868 -0.152519 1.548088
-0.393624 -0.139165 1.580580
-0.376141 -0.153260 1.556329
-0.427398 -0.067207 1.617597
-0.419637 -0.093467 1.606241
-0.419637 -0.093467 1.606241
-0.355869 -0.148864 1.610754
-0.368897 -0.147437 1.600125
-0.407780 -0.117208 1.587790
-0.379555 -0.132884 1.551314
-0.363278 -0.152752 1.585401
-0.382897 -0.129354 1.615497
-0.396331 -0.130080 1.570102
-0.407780 -0.117208 1.587790
-0.381630 -0.146756 1.571221
-0.369909 -0.134246 1.555095
-0.382901 -0.141835 1.550472
-0.342010 -0.162335 1.588143
-0.350075 -0.134840 1.648539
-0.361187 -0.133868 1.635303
-0.344865 -0.141591 1.641464
-0.413468 0.043696 1.577866
-0.415052 0.023240 1.599384
-0.426113 0.024565 1.596358
-0.339037 -0.135926 1.661635
-0.403516 0.041964 1.581726
-0.420223 0.008948 1.607102
-0.437096 -0.004859 1.611022
-0.427193 -0.020775 1.617954
-0.440612 -0.019670 1.615532
-0.428710 -0.037036 1.620109
-0.442375 -0.053017 1.617466
-0.427398 -0.067207 1.617597
-0.436076 -0.084127 1.608970
-0.419637 -0.093467 1.606241
-0.423924 -0.111201 1.591098
-0.407780 -0.117208 1.587790
-0.404456 -0.132491 1.564881
-0.396331 -0.130080 1.570102
-0.396331 -0.130080 1.570102
-0.396811 -0.138750 1.554022
-0.315122 -0.155206 1.648045
-0.382901 -0.141835 1.550472
-0.390122 -0.143679 1.544190
-0.269007 -0.160374 1.686583
-0.367903 -0.131935 1.628605
-0.417007 0.046379 1.579220
-0.430144 0.026602 1.598295
-0.440820 -0.003194 1.613291
-0.445770 -0.034504 1.619975
-0.317956 -0.162960 1.631827
-0.332010 -0.157680 1.622143
-0.315988 -0.169718 1.599204
-0.320800 -0.167570 1.610697
-0.312171 -0.172051 1.598568
-0.444056 -0.069559 1.617216
-0.439771 -0.086136 1.610715
-0.434625 -0.098638 1.603076
-0.325915 -0.169094 1.591479
-0.421728 -0.122475 1.584635
-0.400443 -0.142194 1.554308
-0.393106 -0.146712 1.544019
-0.361090 -0.127767 1.563717
-0.362457 -0.136805 1.559282
-0.308248 -0.169300 1.616593
-0.374156 -0.137609 1.546248
-0.363963 -0.139385 1.550217
-0.377047 -0.145308 1.544433
-0.289947 -0.177145 1.606832
-0.261792 -0.178104 1.632163
-0.260831 -0.181112 1.630754
-0.250985 -0.182496 1.638685
-0.383688 -0.145907 1.538483
-0.377047 -0.145308 1.544433
-0.387301 -0.149687 1.537500
-0.254141 -0.173105 1.670714
-0.284067 -0.028756 1.753076
-0.267216 -0.027888 1.779018
-0.262972 -0.004465 1.772703
-0.263717 -0.098021 1.772094
-0.268473 -0.053772 1.779591
-0.284032 -0.073062 1.751526
-0.285036 -0.050957 1.753898
-0.277237 -0.105450 1.742393
-0.264614 -0.108464 1.757770
-0.280639 -0.091854 1.747593
-0.346594 -0.144414 1.564078
-0.366637 -0.148696 1.547220
-0.332749 -0.158598 1.576499
-0.369142 -0.148555 1.539281
-0.366637 -0.148696 1.547220
-0.344385 -0.158394 1.556394
-0.332749 -0.158598 1.576499
-0.370230 -0.150329 1.533966
-0.333624 -0.145740 1.584194
-0.266397 -0.121346 1.740303
-0.331494 -0.162640 1.567740
-0.322575 -0.141338 1.593157
-0.312982 -0.151371 1.593984
-0.323674 -0.150982 1.583195
-0.332749 -0.158598 1.576499
-0.324971 -0.161709 1.575652
-0.325364 -0.164401 1.572186
-0.273529 -0.154074 1.602191
-0.314185 -0.163769 1.584813
-0.314185 -0.163769 1.584813
-0.332749 -0.158598 1.576499
-0.274855 -0.160280 1.600099
-0.293258 -0.159455 1.588513
-0.272864 -0.171555 1.590241
-0.293687 -0.168522 1.581585
-0.272864 -0.171555 1.590241
-0.294002 -0.171022 1.578248
-0.270842 -0.164697 1.591750
-0.272864 -0.171555 1.590241
-0.270022 -0.175200 1.581643
-0.269014 0.021161 1.746065
-0.242736 -0.164053 1.618936
-0.246587 -0.167287 1.606848
-0.248132 -0.173681 1.606102
-0.233557 -0.171244 1.616937
-0.428765 0.030149 1.602802
-0.254458 -0.162988 1.695717
-0.272312 0.059898 1.700967
-0.331529 0.052115 1.653480
-0.248132 -0.173681 1.606102
-0.271808 -0.180917 1.584204
-0.247016 -0.181597 1.599097
-0.247574 -0.183139 1.602664
-0.372329 0.033625 1.636549
-0.346623 0.043320 1.650033
-0.336289 0.061490 1.628631
-0.381662 0.067871 1.565064
-0.396448 0.047294 1.592343
-0.346201 0.072560 1.592359
-0.240880 -0.178667 1.602191
-0.240288 -0.177840 1.606934
-0.237926 -0.166558 1.621327
-0.234250 -0.169477 1.632676
-0.230380 -0.139377 1.720152
-0.234643 -0.139052 1.731800
-0.233141 -0.152657 1.708522
-0.231181 -0.159729 1.670651
-0.233881 -0.165199 1.671909
-0.230483 -0.152828 1.694448
-0.322901 0.065475 1.639536
-0.363690 0.053508 1.617275
-0.229425 -0.174425 1.631125
-0.229229 -0.171400 1.672765
-0.310692 0.065644 1.645701
-0.229253 -0.164937 1.697341
-0.231154 -0.142764 1.735513
-0.233187 -0.180619 1.673365
-0.232675 -0.183686 1.650606
-0.315849 0.080122 1.605636
-0.302688 0.083036 1.609616
-0.233678 -0.172424 1.698818
-0.233630 -0.166771 1.712011
-0.234158 -0.156234 1.729765
-0.232657 -0.183876 1.628776
-0.264825 0.076102 1.674218
-0.233937 -0.182643 1.620034
-0.262530 0.038705 1.736587
-0.236075 -0.180820 1.615860
-0.236075 -0.180820 1.615860
-0.228296 -0.187416 1.617963
-0.248132 -0.173681 1.606102
-0.233937 -0.182643 1.620034
-0.229514 -0.188125 1.609423
-0.256459 0.072584 1.691840
-0.232657 -0.183876 1.628776
-0.415857 0.049353 1.584692
-0.232675 -0.183686 1.650606
-0.233187 -0.180619 1.673365
-0.229074 -0.188662 1.675082
-0.399441 0.068313 1.560256
-0.233678 -0.172424 1.698818
-0.225996 -0.191748 1.615754
-0.227793 -0.191208 1.651926
-0.379944 0.073491 1.550515
-0.350772 0.077327 1.573798
-0.234217 0.041449 1.727893
-0.237672 0.045983 1.729695
-0.240099 0.033552 1.743978
-0.235361 0.043600 1.744090
-0.330877 0.080527 1.586174
-0.317367 0.083454 1.588346
-0.237591 0.068213 1.720960
-0.240912 0.051139 1.748961
-0.237591 0.068213 1.720960
-0.236250 0.067252 1.738356
-0.240912 0.051139 1.748961
-0.237007 0.082018 1.720012
-0.241356 0.060637 1.754459
-0.242217 0.071545 1.735980
-0.230717 0.105373 1.628651
-0.262036 0.044352 1.737210
-0.256481 0.069991 1.704602
-0.232275 0.085090 1.705089
-0.232129 0.086598 1.687866
-0.229537 0.093758 1.674743
-0.254262 0.081132 1.682481
-0.235206 0.089001 1.704857
-0.234997 0.098180 1.675127
-0.266503 0.010219 1.763472
-0.401139 -0.145601 1.556552
-0.422291 -0.125718 1.587437
-0.264796 -0.002516 1.776271
-0.235042 -0.191802 1.674677
-0.232518 -0.184494 1.701591
-0.264665 -0.122623 1.737526
-0.229941 -0.174999 1.715430
-0.266640 -0.139997 1.718667
-0.265213 -0.125031 1.740170
-0.256889 -0.142164 1.725879
-0.256763 -0.144422 1.728432
-0.233630 -0.166771 1.712011
-0.236244 -0.177866 1.715715
-0.234158 -0.156234 1.729765
-0.386714 -0.154715 1.541499
-0.371086 -0.155365 1.536644
-0.346379 -0.164346 1.559318
-0.231505 -0.158766 1.744526
-0.234158 -0.156234 1.729765
-0.327323 -0.170070 1.575095
-0.379491 0.047360 1.566800
-0.373220 0.040125 1.568054
-0.315861 -0.172646 1.577334
-0.354206 0.044700 1.578193
-0.242711 -0.184955 1.605790
-0.239793 0.082278 1.718231
-0.374540 0.049321 1.565344
-0.331460 0.056294 1.594693
-0.331116 0.048791 1.594331
-0.254601 0.029043 1.771146
-0.261693 -0.001722 1.781833
-0.313708 0.053279 1.601253
-0.315708 0.059065 1.599958
-0.266431 -0.052642 1.786887
-0.261155 -0.099409 1.779180
-0.278053 0.064262 1.607751
-0.252081 -0.126462 1.767448
-0.279010 0.070422 1.606663
-0.238498 -0.157291 1.749030
-0.237175 0.070953 1.634099
-0.233077 -0.194764 1.650846
-0.381670 0.050030 1.559306
-0.230645 -0.194901 1.613950
-0.378679 0.068962 1.546290
-0.397345 0.070046 1.552502
-0.390891 0.056569 1.563584
-0.402313 0.066303 1.559341
-0.349076 0.076659 1.570767
-0.399896 0.058816 1.558391
-0.390891 0.056569 1.563584
-0.330432 0.079309 1.582829
-0.316828 0.082238 1.585438
-0.386021 0.060120 1.558409
-0.247720 0.094479 1.612033
-0.230882 0.103568 1.624962
-0.394827 0.062180 1.552335
-0.386021 0.060120 1.558409
-0.225766 0.101461 1.629450
-0.230248 0.100975 1.661291
-0.374790 0.052623 1.558848
-0.245456 0.055657 1.759487
-0.245250 0.048874 1.764307
-0.378530 0.062849 1.557045
-0.257322 0.008252 1.779996
-0.262470 -0.025964 1.787199
-0.378441 0.065467 1.550515
-0.378530 0.062849 1.557045
-0.329635 0.060642 1.588918
-0.262553 -0.075571 1.786127
-0.340730 0.068540 1.583440
-0.258668 -0.099117 1.780465
-0.340730 0.068540 1.583440
-0.331492 0.070557 1.589622
-0.249732 -0.126182 1.768619
-0.340730 0.068540 1.583440
-0.238092 -0.152032 1.753574
-0.329591 0.075553 1.581976
-0.331492 0.070557 1.589622
-0.347899 0.072823 1.569799
-0.233754 -0.167481 1.735239
-0.230068 -0.194671 1.651623
-0.315220 0.064356 1.593319
-0.241767 -0.183274 1.602886
-0.230934 -0.192557 1.610310
-0.294744 -0.175232 1.578531
-0.326396 -0.168733 1.572842
-0.317827 0.073770 1.593379
-0.317827 0.073770 1.593379
-0.315936 0.077853 1.584578
-0.345470 -0.162839 1.556871
-0.370193 -0.154300 1.534836
-0.387613 -0.153654 1.539298
-0.393522 -0.150692 1.546090
-0.274223 0.076281 1.599957
-0.435365 -0.100933 1.606409
-0.277694 0.083103 1.598538
-0.446531 -0.052987 1.623127
-0.444741 -0.018083 1.621174
-0.277694 0.083103 1.598538
-0.274955 0.086974 1.591112
-0.436153 0.014745 1.609202
-0.241729 0.079988 1.622262
-0.250250 0.087054 1.616836
-0.250250 0.087054 1.616836
-0.260329 -0.052134 1.787017
-0.259040 -0.075316 1.784779
-0.258831 -0.074078 1.775898
-0.260073 -0.050965 1.778071
-0.258831 -0.074078 1.775898
-0.252946 -0.072886 1.768133
-0.260073 -0.050965 1.778071
-0.253074 -0.028890 1.769213
-0.256540 -0.049369 1.765539
-0.240613 0.092677 1.615656
-0.234039 0.071611 1.644218
-0.236206 0.078770 1.637419
-0.238998 0.077494 1.632672
-0.251212 -0.071352 1.759095
-0.251610 -0.030279 1.760301
-0.251408 -0.068252 1.753035
-0.252005 -0.031144 1.753871
-0.230510 0.084225 1.640114
-0.263676 -0.069280 1.736510
-0.241720 -0.122227 1.716834
-0.254583 -0.110358 1.698668
-0.276752 -0.067924 1.725392
-0.267655 -0.079665 1.714111
-0.234457 0.082939 1.628335
-0.242024 -0.107033 1.741393
-0.234624 0.093228 1.632207
-0.268838 -0.051667 1.719844
-0.269497 -0.002133 1.719100
-0.256790 0.000862 1.729324
-0.267712 -0.017840 1.715510
-0.237692 0.091728 1.627001
-0.233222 0.093550 1.638554
-0.234624 0.093228 1.632207
-0.228850 0.096992 1.634158
-0.233222 0.093550 1.638554
-0.249700 0.010953 1.728600
-0.257759 0.008211 1.704446
-0.234863 0.038739 1.724256
-0.251369 0.024956 1.692247
-0.240360 0.045750 1.695436
-0.289662 -0.051806 1.700630
-0.228879 0.099700 1.624252
-0.237692 0.091728 1.627001
-0.287519 -0.077892 1.696316
-0.274204 -0.107427 1.681984
-0.250250 0.087054 1.616836
-0.279698 0.005485 1.685769
-0.272284 0.021470 1.674165
-0.235741 0.075428 1.659658
-0.306840 -0.102160 1.656850
-0.317663 -0.076457 1.670072
-0.230459 0.081225 1.659879
-0.320717 -0.052639 1.673942
-0.318370 -0.021926 1.670652
-0.233034 0.090909 1.660231
-0.233034 0.090909 1.660231
-0.321040 -0.008075 1.671253
-0.235871 0.083742 1.686726
-0.235871 0.083742 1.686726
-0.228032 0.097220 1.660462
-0.258740 -0.026231 1.785420
-0.255443 -0.002761 1.780887
-0.248342 0.027126 1.770602
-0.239684 0.052169 1.759809
-0.241757 0.046745 1.762678
-0.242227 0.045272 1.754717
-0.249084 0.024697 1.763083
-0.259491 -0.027478 1.776950
-0.254271 0.005830 1.769743
-0.249084 0.024697 1.763083
-0.259491 -0.027478 1.776950
-0.247348 0.002713 1.762973
-0.254271 0.005830 1.769743
-0.252231 -0.007938 1.760130
-0.248145 -0.011274 1.749288
-0.241374 0.016044 1.747369
-0.249084 0.024697 1.763083
-0.254271 0.005830 1.769743
-0.240965 0.013661 1.741779
-0.238587 0.032211 1.752015
-0.249084 0.024697 1.763083
-0.237591 0.068213 1.720960
-0.235871 0.083742 1.686726
-0.232416 0.065921 1.703763
-0.242227 0.045272 1.754717
-0.235871 0.083742 1.686726
-0.236345 0.061932 1.702117
-0.233735 0.056592 1.701564
-0.232840 -0.129068 1.733580
-0.245370 -0.112496 1.749081
-0.233660 -0.135753 1.741159
-0.236316 -0.148270 1.741742
-0.237446 -0.142129 1.745914
-0.248474 -0.085039 1.750616
-0.245561 -0.098740 1.750883
-0.250577 -0.112609 1.773054
-0.252570 -0.089717 1.759212
-0.241300 -0.135528 1.760998
-0.246256 -0.104011 1.758324
-0.234987 -0.149321 1.752934
-0.234870 -0.160993 1.745746
-0.247559 -0.120645 1.758945
-0.247559 -0.120645 1.758945
-0.255660 -0.094788 1.770513
-0.255660 -0.094788 1.770513
-0.247559 -0.120645 1.758945
-0.237446 -0.142129 1.745914
-0.236316 -0.148270 1.741742
-0.255660 -0.094788 1.770513
-0.325428 0.034967 1.682822
-0.276160 0.020695 1.738873
-0.275912 0.040667 1.724560
-0.330359 0.016632 1.692632
-0.334278 0.001396 1.698916
-0.281925 -0.010169 1.749537
-0.277962 0.007309 1.744931
-0.337812 -0.015113 1.703559
-0.340040 -0.030654 1.705834
-0.284085 -0.028757 1.753114
-0.337812 -0.015113 1.703559
-0.281925 -0.010169 1.749537
-0.339144 -0.070866 1.705411
-0.284974 -0.050954 1.753798
-0.340606 -0.049946 1.706611
-0.284045 -0.073063 1.751554
-0.332981 -0.102180 1.696479
-0.280638 -0.091854 1.747595
-0.336401 -0.088847 1.701465
-0.277236 -0.105452 1.742397
-0.270928 -0.122244 1.735531
-0.326927 -0.118968 1.688295
-0.322324 -0.137292 1.674665
-0.270687 -0.140997 1.717602
-0.342473 0.033750 1.667830
-0.346110 0.015185 1.679485
-0.339924 0.033313 1.670654
-0.349231 0.014283 1.679283
-0.352982 -0.000385 1.685292
-0.353224 -0.015939 1.689992
-0.350372 -0.000128 1.685647
-0.356404 -0.016342 1.689777
-0.355249 -0.031119 1.692805
-0.357900 -0.030849 1.692210
-0.358769 -0.049866 1.692664
-0.355006 -0.071116 1.691750
-0.355474 -0.049313 1.693224
-0.357821 -0.071318 1.690824
-0.348985 -0.101249 1.682700
-0.352684 -0.087883 1.687855
-0.352113 -0.100826 1.682081
-0.355295 -0.087950 1.687066
-0.338890 -0.135794 1.661537
-0.342908 -0.117404 1.674425
-0.346064 -0.117859 1.673276
-0.335603 -0.135807 1.662461
-0.378234 0.031350 1.638662
-0.381238 0.012959 1.649094
-0.374809 0.031369 1.639380
-0.383941 0.013179 1.648283
-0.388303 -0.001858 1.654319
-0.388958 -0.018946 1.659727
-0.385714 -0.001957 1.654926
-0.391720 -0.019029 1.659036
-0.390312 -0.032974 1.661922
-0.393065 -0.033107 1.661167
-0.393290 -0.051482 1.661409
-0.392028 -0.070996 1.659316
-0.390774 -0.051649 1.662060
-0.389295 -0.070873 1.660231
-0.383077 -0.100171 1.649753
-0.386784 -0.088100 1.654949
-0.385337 -0.100586 1.648933
-0.389054 -0.088185 1.654449
-0.379120 -0.116641 1.639585
-0.372168 -0.131697 1.629397
-0.376543 -0.117280 1.639708
-0.369743 -0.131043 1.630395
-0.409402 0.027987 1.609583
-0.395342 0.012780 1.636584
-0.389056 0.030345 1.626693
-0.414838 0.012780 1.618156
-0.419131 -0.002166 1.624774
-0.403009 -0.019637 1.647283
-0.399852 -0.002526 1.642404
-0.422528 -0.019344 1.629164
-0.404406 -0.032941 1.649215
-0.424209 -0.033417 1.631528
-0.404618 -0.051561 1.649450
-0.424424 -0.052413 1.631444
-0.422998 -0.070064 1.628995
-0.403258 -0.069841 1.647495
-0.396006 -0.100021 1.636589
-0.419317 -0.087221 1.623333
-0.415227 -0.099399 1.616817
-0.399709 -0.087851 1.642396
-0.383435 -0.127834 1.617350
-0.408033 -0.115354 1.606464
-0.403537 -0.123758 1.600477
-0.389491 -0.116369 1.626312
-0.388081 0.030313 1.630656
-0.394160 0.013195 1.639240
-0.398684 -0.002626 1.645507
-0.401923 -0.019642 1.650089
-0.403296 -0.033066 1.651985
-0.401615 -0.069687 1.649078
-0.403453 -0.051564 1.652183
-0.394941 -0.100761 1.638775
-0.398742 -0.088572 1.644621
-0.381821 -0.130486 1.619738
-0.388096 -0.117461 1.628813
-0.361136 0.014492 1.666314
-0.355337 0.031872 1.657434
-0.368278 -0.016608 1.677379
-0.365139 -0.000643 1.672689
-0.369999 -0.031694 1.679825
-0.370471 -0.049968 1.680386
-0.369528 -0.070476 1.678485
-0.366858 -0.087431 1.674344
-0.363292 -0.100601 1.668973
-0.349778 -0.134582 1.648375
-0.357067 -0.117717 1.659503
-0.354031 0.033142 1.659816
-0.359939 0.014653 1.669339
-0.363931 -0.000882 1.675926
-0.367336 -0.016942 1.680180
-0.368739 -0.031447 1.682788
-0.369294 -0.050068 1.683190
-0.368047 -0.070977 1.681605
-0.362076 -0.100596 1.672552
-0.365190 -0.088047 1.677724
-0.348589 -0.134956 1.652146
-0.355831 -0.117898 1.663279
-0.412239 0.028295 1.608469
-0.417654 0.013040 1.615577
-0.428638 0.030045 1.602713
-0.434530 0.015332 1.610884
-0.439781 -0.000937 1.618045
-0.425479 -0.019160 1.627988
-0.422393 -0.001923 1.623108
-0.442984 -0.017615 1.623001
-0.426964 -0.033458 1.630039
-0.444354 -0.034350 1.625409
-0.442933 -0.070186 1.622579
-0.427224 -0.052298 1.630193
-0.444448 -0.053029 1.625245
-0.425912 -0.070162 1.627457
-0.438698 -0.087666 1.616007
-0.433626 -0.101430 1.608351
-0.421878 -0.087462 1.621452
-0.417664 -0.099618 1.615059
-0.420737 -0.126254 1.589682
-0.411173 -0.115288 1.604574
-0.426852 -0.115795 1.598493
-0.407009 -0.123873 1.598182
-0.391823 -0.152420 1.548067
-0.384338 -0.146122 1.567367
-0.399261 -0.147531 1.559014
-0.376249 -0.153427 1.556410
-0.407260 -0.140384 1.571150
-0.393651 -0.139245 1.580606
-0.341768 -0.163593 1.582038
-0.360382 -0.154946 1.586097
-0.352791 -0.161238 1.573718
-0.350243 -0.156679 1.594632
-0.359929 -0.149153 1.609056
-0.368836 -0.147282 1.600055
-0.356240 -0.157739 1.574722
-0.363167 -0.152568 1.585369
-0.401427 -0.125528 1.597710
-0.389629 -0.139053 1.582015
-0.382490 -0.128975 1.615363
-0.370146 -0.145051 1.597281
-0.374269 -0.151810 1.561106
-0.381574 -0.146600 1.571144
-0.361289 -0.134071 1.635350
-0.344812 -0.141539 1.641397
-0.342676 -0.143866 1.643517
-0.328883 -0.150233 1.647360
-0.325618 -0.150264 1.647735
-0.353224 -0.015939 1.689992
-0.355249 -0.031119 1.692805
-0.355474 -0.049313 1.693224
-0.355006 -0.071116 1.691750
-0.352684 -0.087883 1.687855
-0.348985 -0.101249 1.682700
-0.315677 -0.154525 1.650680
-0.272190 -0.158555 1.688205
-0.367907 -0.131945 1.628607
-0.355761 -0.148498 1.610565
-0.341806 -0.161803 1.588034
-0.348464 -0.156211 1.598794
-0.325915 -0.169094 1.591479
-0.327742 -0.166296 1.594263
-0.360788 -0.134292 1.633090
-0.343456 -0.142177 1.639235
-0.329614 -0.160101 1.624200
-0.331660 -0.157238 1.622065
-0.315925 -0.169620 1.599189
-0.320789 -0.167557 1.610696
-0.323720 -0.164695 1.609993
-0.312246 -0.172333 1.598607
-0.336267 -0.160593 1.604887
-0.345342 -0.152111 1.616437
-0.317794 -0.162753 1.631730
-0.322619 -0.151477 1.645330
-0.314088 -0.161865 1.632010
-0.314961 -0.154661 1.647887
-0.308234 -0.168941 1.616459
-0.299695 -0.173675 1.602821
-0.297609 -0.173649 1.607374
-0.305512 -0.169216 1.619161
-0.268759 -0.159253 1.686119
-0.290037 -0.177440 1.606895
-0.289880 -0.175501 1.609439
-0.260831 -0.181112 1.630754
-0.252579 -0.179422 1.639933
-0.261842 -0.178071 1.632176
-0.251018 -0.182554 1.638734
-0.305626 -0.164125 1.635544
-0.297498 -0.171105 1.621858
-0.253601 -0.172736 1.670629
-0.266370 -0.170381 1.662025
-0.264533 -0.175180 1.646188
-0.253459 -0.176760 1.654376
-0.262934 -0.004480 1.772680
-0.284085 -0.028757 1.753114
-0.267099 -0.027901 1.778959
-0.266609 -0.075542 1.777045
-0.284974 -0.050954 1.753798
-0.284045 -0.073063 1.751554
-0.268005 -0.053705 1.779395
-0.264313 -0.108404 1.757698
-0.280638 -0.091854 1.747595
-0.277236 -0.105452 1.742397
-0.263436 -0.097968 1.771968
-0.266350 0.009046 1.760161
-0.332981 -0.102180 1.696479
-0.266385 -0.121342 1.740300
-0.268680 0.021102 1.745998
-0.272461 0.060234 1.701166
-0.319887 0.055540 1.658893
-0.322952 0.045488 1.671259
-0.274330 0.050608 1.713230
-0.334567 0.042941 1.663295
-0.328639 0.052073 1.655154
-0.331771 0.052822 1.653917
-0.337060 0.042948 1.660772
-0.345201 0.071203 1.594760
-0.359744 0.053794 1.617965
-0.336023 0.061239 1.628613
-0.320993 0.076843 1.606134
-0.372343 0.033643 1.636554
-0.347050 0.044159 1.646150
-0.396482 0.047184 1.592213
-0.360173 0.069033 1.583194
-0.379854 0.066191 1.567977
-0.376770 0.049433 1.608049
-0.406525 0.030090 1.608134
-0.387387 0.032069 1.624044
-0.349422 0.042487 1.648756
-0.373551 0.032921 1.638256
-0.352680 0.037420 1.653325
-0.374239 0.032224 1.638903
-0.350248 0.038025 1.654870
-0.346739 0.043483 1.650070
-0.334650 0.062972 1.632083
-0.322863 0.065674 1.639694
-0.363840 0.054193 1.617813
-0.375480 0.051099 1.611832
-0.356990 0.072001 1.583879
-0.346409 0.073093 1.592654
-0.318008 0.056793 1.655283
-0.266008 0.062646 1.699233
-0.327509 0.052666 1.652456
-0.319201 0.064111 1.640548
-0.315968 0.080338 1.605745
-0.302919 0.083570 1.609950
-0.300508 0.081980 1.612591
-0.310782 0.065911 1.645844
-0.264825 0.076102 1.674218
-0.272260 0.023423 1.738628
-0.266977 0.023138 1.743972
-0.270399 0.040238 1.726366
-0.268149 0.051121 1.712843
-0.292288 0.084219 1.615219
-0.258955 0.087616 1.645521
-0.252624 0.088572 1.651623
-0.254488 0.084118 1.665560
-0.255462 0.078619 1.679969
-0.256587 0.072761 1.691918
-0.259150 0.057096 1.716130
-0.257209 0.067227 1.702521
-0.262779 0.038968 1.736788
-0.261681 0.042622 1.734289
-0.399696 0.047823 1.591852
-0.415734 0.049227 1.584659
-0.381847 0.068253 1.565326
-0.399419 0.068247 1.560248
-0.396383 0.070774 1.555893
-0.379940 0.073373 1.550602
-0.350758 0.077313 1.573783
-0.339702 0.078973 1.581554
-0.330872 0.080515 1.586167
-0.317367 0.083454 1.588346
-0.291078 0.086814 1.613091
-0.259201 0.090922 1.642405
-0.278038 0.091966 1.594098
-0.243535 0.097658 1.618905
-0.248918 0.095916 1.614676
-0.250175 0.092258 1.650897
-0.230794 0.105268 1.628657
-0.233306 0.100985 1.660491
-0.252450 0.087068 1.666375
-0.255621 0.075643 1.693678
-0.254288 0.081148 1.682489
-0.258809 0.059130 1.718735
-0.256433 0.069928 1.704565
-0.261770 0.044247 1.737145
-0.263197 0.039686 1.740071
-0.267773 0.026491 1.746280
-0.268299 0.022315 1.749419
-0.266345 0.010173 1.763434
-0.264796 -0.002516 1.776272
-0.267008 -0.026809 1.781528
-0.268153 -0.053260 1.782396
-0.266922 -0.075696 1.779557
-0.263034 -0.098963 1.774623
-0.264366 -0.109958 1.759214
-0.265789 -0.122282 1.743061
-0.267801 -0.122889 1.734480
-0.264666 -0.122660 1.737553
-0.266641 -0.140003 1.718672
-0.265131 -0.125004 1.740150
-0.259301 -0.138549 1.731922
-0.259403 -0.136375 1.729375
-0.256503 -0.147402 1.718441
-0.256819 -0.142119 1.725855
-0.254115 -0.168714 1.681396
-0.255511 -0.149266 1.721010
-0.256814 -0.144443 1.728440
-0.253215 -0.170925 1.684059
-0.253787 -0.162651 1.695593
-0.253174 -0.165072 1.698620
-0.251972 -0.179150 1.654825
-0.386714 -0.154715 1.541499
-0.371086 -0.155365 1.536644
-0.346326 -0.164213 1.559296
-0.333982 -0.168176 1.570458
-0.327307 -0.170025 1.575091
-0.315853 -0.172601 1.577340
-0.295190 -0.176691 1.580758
-0.271818 -0.180853 1.584261
-0.247574 -0.183139 1.602664
-0.242711 -0.184955 1.605790
-0.234866 0.097788 1.675030
-0.238151 0.088490 1.704086
-0.236256 0.093722 1.690087
-0.239705 0.082077 1.718166
-0.242202 0.071520 1.735965
-0.245347 0.055529 1.759366
-0.247381 0.049479 1.762866
-0.254532 0.028992 1.771060
-0.257284 0.018116 1.775245
-0.259401 0.008531 1.778749
-0.261506 -0.001779 1.781662
-0.264791 -0.026189 1.785909
-0.266184 -0.052642 1.786620
-0.264600 -0.075913 1.784728
-0.260806 -0.099324 1.778996
-0.256423 -0.114196 1.773004
-0.251963 -0.126362 1.767332
-0.247081 -0.137541 1.761259
-0.240486 -0.152275 1.752195
-0.237110 -0.160824 1.744877
-0.238390 -0.157099 1.748884
-0.236000 -0.177523 1.715581
-0.236062 -0.167263 1.734668
-0.233077 -0.194764 1.650846
-0.235003 -0.191556 1.674606
-0.230697 -0.194822 1.613971
-0.397271 0.069976 1.552578
-0.379728 0.072644 1.547657
-0.402239 0.066314 1.559409
-0.349073 0.076661 1.570762
-0.338862 0.078183 1.578692
-0.330424 0.079316 1.582816
-0.316828 0.082238 1.585438
-0.275958 0.090681 1.591661
-0.247718 0.094496 1.612023
-0.230894 0.103564 1.624967
-0.242160 0.096585 1.616336
-0.228414 0.105045 1.626983
-0.228131 0.105189 1.629779
-0.230281 0.100860 1.661264
-0.231614 0.097699 1.675739
-0.233389 0.093698 1.690690
-0.235210 0.088829 1.704800
-0.237037 0.081971 1.719980
-0.239083 0.071671 1.737766
-0.245232 0.048819 1.764220
-0.242793 0.055226 1.760765
-0.254802 0.017885 1.776539
-0.252103 0.028749 1.772519
-0.257306 0.008216 1.779896
-0.259303 -0.001845 1.782811
-0.262426 -0.025977 1.787141
-0.263752 -0.052415 1.788336
-0.262508 -0.075560 1.786091
-0.258669 -0.099099 1.780419
-0.254082 -0.113859 1.774522
-0.249729 -0.126164 1.768584
-0.244919 -0.137389 1.762248
-0.238081 -0.152002 1.753538
-0.234879 -0.160976 1.745726
-0.235929 -0.157193 1.750108
-0.232746 -0.177734 1.716203
-0.233717 -0.167325 1.735148
-0.230071 -0.194666 1.651624
-0.231681 -0.191766 1.675384
-0.228230 -0.194822 1.615670
-0.228594 -0.193964 1.611634
-0.230952 -0.192545 1.610325
-0.241767 -0.183274 1.602886
-0.247016 -0.181597 1.599097
-0.294744 -0.175233 1.578527
-0.270672 -0.178365 1.581809
-0.315446 -0.171137 1.575254
-0.326387 -0.168743 1.572821
-0.332419 -0.166977 1.568390
-0.345468 -0.162841 1.556867
-0.370193 -0.154300 1.534836
-0.387613 -0.153654 1.539298
-0.393522 -0.150692 1.546089
-0.401076 -0.145548 1.556562
-0.422229 -0.125671 1.587438
-0.409312 -0.139351 1.568698
-0.428431 -0.115212 1.596432
-0.435343 -0.100918 1.606405
-0.440529 -0.087117 1.613904
-0.444791 -0.069943 1.620510
-0.446449 -0.052986 1.623173
-0.446386 -0.034175 1.623031
-0.444722 -0.018088 1.621165
-0.441207 -0.001373 1.616576
-0.436146 0.014743 1.609203
-0.430449 0.029215 1.601204
-0.417847 0.048475 1.582551
-0.259133 -0.075325 1.784767
-0.260394 -0.052133 1.786933
-0.257866 -0.074313 1.778813
-0.259137 -0.051089 1.780868
-0.252814 -0.072865 1.768064
-0.260214 -0.050968 1.778076
-0.258964 -0.074096 1.775907
-0.253959 -0.049638 1.769896
-0.256360 -0.049371 1.765499
-0.255118 -0.072604 1.763800
-0.260214 -0.050968 1.778076
-0.258964 -0.074096 1.775907
-0.251215 -0.071350 1.759077
-0.252276 -0.049136 1.760790
-0.251315 -0.068248 1.753011
-0.252124 -0.050285 1.754041
-0.258956 -0.051729 1.743251
-0.263317 -0.069156 1.736337
-0.242456 -0.126667 1.709491
-0.251008 -0.127759 1.698992
-0.254539 -0.110332 1.698653
-0.241753 -0.122255 1.716860
-0.258135 -0.081490 1.736812
-0.276540 -0.068039 1.725151
-0.267574 -0.079619 1.714081
-0.260916 -0.094963 1.706512
-0.249769 -0.102461 1.729248
-0.268775 -0.051673 1.719803
-0.257215 -0.014950 1.737673
-0.269551 -0.002037 1.719144
-0.256565 0.000802 1.729200
-0.267737 -0.017873 1.715592
-0.268131 -0.034772 1.717878
-0.257745 -0.032317 1.743032
-0.257736 0.008197 1.704438
-0.249700 0.010953 1.728600
-0.242397 0.033328 1.712604
-0.251143 0.024828 1.692178
-0.240360 0.045750 1.695436
-0.249310 0.045729 1.682655
-0.289695 -0.051810 1.700664
-0.296180 -0.065999 1.706915
-0.287533 -0.077907 1.696332
-0.280213 -0.093326 1.689060
-0.274221 -0.107444 1.682003
-0.272957 -0.125726 1.679052
-0.288352 -0.035676 1.699383
-0.287507 -0.019422 1.697448
-0.291419 -0.005231 1.698512
-0.279694 0.005467 1.685763
-0.272333 0.021508 1.674219
-0.269530 0.043698 1.666443
-0.352745 -0.092597 1.619426
-0.371017 -0.110075 1.598514
-0.379765 -0.101153 1.602837
-0.356745 -0.114324 1.609218
-0.357033 -0.081431 1.626111
-0.387537 -0.083945 1.613454
-0.306846 -0.102167 1.656857
-0.308253 -0.122080 1.651623
-0.312115 -0.089132 1.663698
-0.317670 -0.076464 1.670079
-0.325710 -0.064426 1.678632
-0.320685 -0.052646 1.673907
-0.360132 -0.072997 1.631367
-0.387644 -0.061704 1.627200
-0.368823 -0.061770 1.638641
-0.365069 -0.053015 1.635298
-0.319372 -0.036785 1.672485
-0.393762 -0.038460 1.623291
-0.363845 -0.037857 1.633773
-0.318431 -0.021929 1.670715
-0.321072 -0.008028 1.671278
-0.362937 -0.025243 1.632439
-0.383066 -0.010035 1.622426
-0.364316 -0.011773 1.632967
-0.310216 0.003900 1.659067
-0.303313 0.018347 1.648380
-0.302799 0.039737 1.638559
-0.348161 0.013067 1.612037
-0.378828 0.016508 1.601579
-0.365377 0.031139 1.590649
-0.351609 0.033671 1.599992
-0.353566 0.000789 1.621965
-0.340465 -0.095643 1.629854
-0.343144 -0.117532 1.620534
-0.345008 -0.083908 1.636557
-0.348743 -0.074274 1.642079
-0.356720 -0.062537 1.649125
-0.353022 -0.053104 1.645835
-0.351788 -0.037684 1.644348
-0.350838 -0.024440 1.642848
-0.352469 -0.010863 1.643293
-0.341814 0.001647 1.632108
-0.336008 0.014538 1.621982
-0.338367 0.035321 1.610515
-0.258793 -0.026227 1.785427
-0.255479 -0.002755 1.780884
-0.253493 0.007188 1.777967
-0.251208 0.016729 1.774542
-0.239764 0.052158 1.759784
-0.241783 0.046753 1.762675
-0.248403 0.027140 1.770595
-0.240497 0.048463 1.756807
-0.242387 0.042873 1.758995
-0.258415 -0.027015 1.779834
-0.255281 -0.003881 1.775623
-0.253234 0.006093 1.772618
-0.250928 0.015358 1.769518
-0.248054 0.025506 1.765937
-0.242286 0.045285 1.754704
-0.243807 0.040347 1.757446
-0.252064 0.014680 1.766738
-0.249138 0.024713 1.763081
-0.254273 0.005840 1.769764
-0.256364 -0.003938 1.772622
-0.259564 -0.027472 1.776969
-0.259564 -0.027472 1.776969
-0.252970 -0.028899 1.769143
-0.249495 -0.006848 1.765413
-0.256364 -0.003938 1.772622
-0.255244 -0.029350 1.764585
-0.252059 -0.007981 1.760090
-0.251579 -0.030283 1.760278
-0.251237 -0.031268 1.753477
-0.247891 -0.009401 1.755327
-0.248118 -0.011287 1.749270
-0.247321 0.002690 1.762918
-0.254273 0.005840 1.769764
-0.249583 0.001148 1.757758
-0.246080 -0.000649 1.753320
-0.245908 -0.002805 1.747178
-0.252064 0.014680 1.766738
-0.244985 0.011724 1.760118
-0.247387 0.009708 1.754557
-0.243784 0.007859 1.750409
-0.243536 0.005372 1.744853
-0.249138 0.024713 1.763081
-0.242246 0.020920 1.756606
-0.244851 0.018702 1.750806
-0.241361 0.016035 1.747349
-0.240944 0.013650 1.741763
-0.238626 0.032209 1.751986
-0.237016 0.036929 1.749318
-0.243807 0.040347 1.757446
-0.242286 0.045285 1.754704
-0.240015 0.033522 1.743965
-0.234238 0.077158 1.722357
-0.236365 0.067246 1.738339
-0.234217 0.041449 1.727893
-0.234386 0.038454 1.724102
-0.260502 0.046936 1.729244
-0.260835 0.048483 1.732499
-0.244200 0.060611 1.752971
-0.241376 0.060556 1.754391
-0.238427 0.057586 1.753916
-0.239146 0.053705 1.751906
-0.240882 0.051156 1.748973
-0.235528 0.043580 1.744061
-0.240882 0.051156 1.748973
-0.233456 0.057216 1.721335
-0.234248 0.050288 1.732842
-0.237672 0.045983 1.729695
-0.239920 0.059586 1.735082
-0.237542 0.068191 1.720956
-0.237542 0.068191 1.720956
-0.237426 0.062807 1.736865
-0.239920 0.059586 1.735082
-0.235591 0.072138 1.721435
-0.255405 -0.097978 1.779123
-0.250675 -0.112627 1.773021
-0.246309 -0.124543 1.767324
-0.241346 -0.135546 1.760998
-0.235033 -0.149319 1.752914
-0.231590 -0.158772 1.744511
-0.232667 -0.154628 1.749421
-0.230092 -0.175010 1.715432
-0.230799 -0.164616 1.733990
-0.227890 -0.191269 1.651925
-0.229258 -0.188605 1.675062
-0.254396 -0.095529 1.773556
-0.250295 -0.110091 1.767651
-0.246016 -0.121861 1.762355
-0.241480 -0.133073 1.756107
-0.255730 -0.094810 1.770528
-0.249856 -0.090774 1.763204
-0.255730 -0.094810 1.770528
-0.252437 -0.089693 1.759187
-0.248875 -0.087145 1.755644
-0.248445 -0.085030 1.750613
-0.251584 -0.108991 1.764668
-0.247587 -0.120663 1.758967
-0.243183 -0.131679 1.752712
-0.236271 -0.145422 1.748420
-0.234336 -0.150160 1.745155
-0.233225 -0.154537 1.739586
-0.237414 -0.142126 1.745933
-0.236343 -0.148281 1.741745
-0.235465 -0.152627 1.736295
-0.251584 -0.108991 1.764668
-0.246204 -0.103981 1.758287
-0.247587 -0.120663 1.758967
-0.242329 -0.114969 1.752934
-0.243183 -0.131679 1.752712
-0.238019 -0.125840 1.747118
-0.233650 -0.135732 1.741131
-0.237414 -0.142126 1.745933
-0.249258 -0.101610 1.754086
-0.245331 -0.112470 1.749063
-0.240698 -0.123705 1.742963
-0.236793 -0.133056 1.737134
-0.245556 -0.098733 1.750871
-0.241490 -0.109472 1.745090
-0.237059 -0.120161 1.739119
-0.233000 -0.129107 1.733574
-0.245421 -0.095895 1.746313
-0.241563 -0.106753 1.741184
-0.237351 -0.117132 1.735128
-0.233441 -0.126028 1.729741
-0.236343 -0.148281 1.741745
-0.231288 -0.142753 1.735498
-0.235465 -0.152627 1.736295
-0.230445 -0.147097 1.728898
-0.234663 -0.139029 1.731768
-0.233910 -0.143663 1.724073
-0.231084 -0.134411 1.727763
-0.230454 -0.139362 1.720137
-0.231823 -0.131569 1.723545
-0.231390 -0.135415 1.717392
-0.234041 0.052988 1.700000
-0.235136 0.059321 1.677780
-0.233845 0.056577 1.701560
-0.236382 0.061899 1.702108
-0.233729 0.064137 1.677604
-0.236023 0.070168 1.678089
-0.232525 0.065885 1.703739
-0.231427 0.075119 1.678797
-0.236622 0.076494 1.704405
-0.235816 0.083711 1.686718
-0.236622 0.076494 1.704405
-0.233572 0.080770 1.704222
-0.235816 0.083711 1.686718
-0.232138 0.086599 1.687862
-0.232362 0.085062 1.705066
-0.230806 0.090061 1.689708
-0.229574 0.093758 1.674740
-0.228074 0.097254 1.660465
-0.225847 0.101399 1.629484
-0.226226 0.101520 1.626500
-0.228906 0.099723 1.624262
-0.240688 0.092791 1.615723
-0.275032 0.087010 1.591269
-0.246749 0.090737 1.611443
-0.315970 0.077978 1.584639
-0.329557 0.075519 1.581929
-0.337598 0.074297 1.577704
-0.347913 0.072862 1.569805
-0.378681 0.068881 1.546364
-0.397178 0.066959 1.551089
-0.402250 0.062865 1.557790
-0.416904 0.046310 1.579226
-0.430079 0.026563 1.598285
-0.435517 0.013085 1.605996
-0.440760 -0.003208 1.613294
-0.443996 -0.018846 1.617631
-0.445699 -0.034512 1.619939
-0.445731 -0.053164 1.619887
-0.444004 -0.069538 1.617174
-0.439717 -0.086118 1.610708
-0.434615 -0.098631 1.603072
-0.427485 -0.113118 1.593017
-0.421707 -0.122443 1.584621
-0.408395 -0.135996 1.565528
-0.400427 -0.142188 1.554316
-0.393106 -0.146712 1.544019
-0.387301 -0.149687 1.537500
-0.370230 -0.150329 1.533966
-0.344409 -0.158432 1.556407
-0.331512 -0.162672 1.567754
-0.325355 -0.164390 1.572154
-0.314545 -0.166787 1.574772
-0.293997 -0.171016 1.578231
-0.270104 -0.175323 1.581785
-0.240956 -0.178802 1.602253
-0.246690 -0.177195 1.598398
-0.229544 -0.188134 1.609436
-0.226530 -0.191124 1.611717
-0.226058 -0.191684 1.615787
-0.231314 0.090136 1.673834
-0.230089 0.093282 1.660415
-0.228850 0.096992 1.634158
-0.234636 0.087481 1.673171
-0.233070 0.090950 1.660238
-0.230467 0.081209 1.659873
-0.234636 0.087481 1.673171
-0.233070 0.090950 1.660238
-0.235694 0.075395 1.659649
-0.233806 0.069267 1.659106
-0.235420 0.064685 1.659760
-0.235969 0.068602 1.639992
-0.233222 0.093550 1.638554
-0.230550 0.084230 1.640128
-0.233222 0.093550 1.638554
-0.235649 0.078243 1.643045
-0.234233 0.071558 1.644210
-0.233802 0.094502 1.625838
-0.243360 0.089557 1.618406
-0.234507 0.082945 1.628352
-0.244635 0.088621 1.620583
-0.237741 0.091779 1.627032
-0.241740 0.079998 1.622276
-0.247105 0.075600 1.627274
-0.239028 0.077547 1.632704
-0.245331 0.069401 1.628817
-0.237215 0.070973 1.634127
-0.247856 0.065539 1.631501
-0.229783 0.096670 1.630218
-0.237741 0.091779 1.627032
-0.244635 0.088621 1.620583
-0.234647 0.093247 1.632214
-0.231841 0.084204 1.633241
-0.234647 0.093247 1.632214
-0.236240 0.078767 1.637424
-0.234661 0.072563 1.638693
-0.275911 0.084399 1.594734
-0.248756 0.088083 1.614191
-0.277724 0.083192 1.598569
-0.250336 0.087174 1.616909
-0.277724 0.083192 1.598569
-0.250336 0.087174 1.616909
-0.274225 0.076283 1.599959
-0.247079 0.079324 1.618477
-0.252403 0.074730 1.623831
-0.279022 0.070443 1.606676
-0.316481 0.075677 1.587408
-0.317844 0.073835 1.593411
-0.317844 0.073835 1.593411
-0.315220 0.064356 1.593319
-0.315708 0.059065 1.599958
-0.330739 0.073760 1.586541
-0.331470 0.070511 1.589597
-0.331470 0.070511 1.589597
-0.329725 0.060705 1.589037
-0.331468 0.056277 1.594707
-0.394798 0.062183 1.552382
-0.378452 0.065477 1.550526
-0.339271 0.070933 1.579906
-0.350132 0.069130 1.571987
-0.340760 0.068552 1.583472
-0.351947 0.067341 1.575059
-0.378528 0.062835 1.557045
-0.340760 0.068552 1.583472
-0.340324 0.058397 1.581848
-0.351947 0.067341 1.575059
-0.351719 0.056535 1.573463
-0.374863 0.052665 1.558946
-0.378528 0.062835 1.557045
-0.343066 0.054643 1.586611
-0.354653 0.052813 1.578252
-0.374550 0.049311 1.565359
-0.386021 0.060120 1.558409
-0.381576 0.050083 1.559442
-0.386021 0.060120 1.558409
-0.379513 0.047078 1.566515
-0.399838 0.058824 1.558444
-0.413468 0.043696 1.577866
-0.390866 0.056582 1.563620
-0.390866 0.056582 1.563620
-0.388461 0.046530 1.564574
-0.403516 0.041964 1.581726
-0.403516 0.041964 1.581726
-0.399739 0.033878 1.579542
-0.383054 0.043202 1.571502
-0.391158 0.032515 1.583537
-0.278057 0.064266 1.607755
-0.278521 0.060586 1.611298
-0.313708 0.053279 1.601253
-0.313011 0.049263 1.607796
-0.331142 0.048825 1.594361
-0.333682 0.042146 1.601908
-0.343408 0.046777 1.585619
-0.346102 0.040066 1.593196
-0.354229 0.044729 1.578222
-0.365512 0.034310 1.584529
-0.373262 0.040203 1.568101
-0.382531 0.028137 1.582216
-0.232575 -0.159210 1.731825
-0.231296 -0.169941 1.713375
-0.234201 -0.156237 1.729765
-0.229342 -0.187373 1.651620
-0.230386 -0.183992 1.674705
-0.252774 -0.174988 1.673070
-0.235390 -0.184333 1.700992
-0.232510 -0.184309 1.701519
-0.230061 -0.181599 1.701173
-0.230867 -0.176347 1.700009
-0.228323 -0.187439 1.617968
-0.229181 -0.186461 1.614783
-0.231182 -0.184803 1.612602
-0.234201 -0.156237 1.729765
-0.233703 -0.166802 1.712024
-0.233731 -0.172446 1.698823
-0.233275 -0.180665 1.673371
-0.232761 -0.183732 1.650605
-0.232680 -0.183877 1.628783
-0.233937 -0.182643 1.620034
-0.240300 -0.177850 1.606937
-0.236107 -0.180840 1.615884
-0.240989 -0.177224 1.610863
-0.240989 -0.177224 1.610863
-0.233703 -0.171279 1.617007
-0.236107 -0.180840 1.615884
-0.238709 -0.168965 1.612206
-0.230807 -0.173931 1.622509
-0.233937 -0.182643 1.620034
-0.232680 -0.183877 1.628783
-0.229536 -0.174406 1.631138
-0.232761 -0.183732 1.650605
-0.229233 -0.173925 1.649035
-0.229510 -0.158813 1.709518
-0.233703 -0.166802 1.712024
-0.229375 -0.164915 1.697323
-0.233731 -0.172446 1.698823
-0.229259 -0.171380 1.672763
-0.233275 -0.180665 1.673371
-0.233122 -0.152630 1.708510
-0.233382 -0.157835 1.695747
-0.233821 -0.165167 1.671902
-0.234112 -0.168585 1.649320
-0.234249 -0.169420 1.632680
-0.234974 -0.168768 1.626258
-0.237978 -0.166566 1.621365
-0.242792 -0.164092 1.619009
-0.231696 -0.146650 1.692777
-0.231316 -0.141366 1.705569
-0.230393 -0.147585 1.707254
-0.230525 -0.152810 1.694441
-0.233119 -0.153195 1.669177
-0.231256 -0.159714 1.670655
-0.233632 -0.157042 1.648693
-0.231898 -0.163239 1.649041
-0.234127 -0.158554 1.633429
-0.232573 -0.164337 1.633018
-0.233560 -0.163728 1.626885
-0.236481 -0.162277 1.622349
-0.242281 -0.158870 1.619765
-0.235364 -0.157749 1.628605
-0.239239 -0.156388 1.625152
-0.244792 -0.154997 1.623293
-0.246868 -0.174597 1.601916
-0.270503 -0.172558 1.585137
-0.248211 -0.173807 1.606157
-0.272877 -0.171581 1.590265
-0.248211 -0.173807 1.606157
-0.246617 -0.167311 1.606877
-0.251074 -0.162835 1.614280
-0.250249 -0.157761 1.615364
-0.254516 -0.153086 1.620942
-0.272877 -0.171581 1.590265
-0.270842 -0.164697 1.591750
-0.274841 -0.160239 1.600079
-0.273641 -0.154282 1.602361
-0.276072 -0.150759 1.606677
-0.293680 -0.168494 1.581579
-0.294231 -0.168223 1.586767
-0.294231 -0.168223 1.586767
-0.293232 -0.159407 1.588451
-0.293417 -0.156607 1.596467
-0.291966 -0.150433 1.598342
-0.292242 -0.147263 1.602766
-0.314055 -0.164255 1.578050
-0.314134 -0.163665 1.584743
-0.314134 -0.163665 1.584743
-0.312992 -0.154442 1.585865
-0.312929 -0.151287 1.593910
-0.312231 -0.144704 1.595763
-0.312094 -0.141826 1.600878
-0.324965 -0.161690 1.575642
-0.324382 -0.160811 1.581578
-0.324382 -0.160811 1.581578
-0.323592 -0.150900 1.583035
-0.323786 -0.148016 1.590768
-0.322493 -0.141257 1.593015
-0.321955 -0.138467 1.598373
-0.332312 -0.160035 1.570986
-0.332692 -0.158559 1.576418
-0.332692 -0.158559 1.576418
-0.331821 -0.148476 1.577370
-0.333575 -0.145696 1.584122
-0.333477 -0.137051 1.586077
-0.334638 -0.133577 1.592442
-0.345299 -0.156355 1.559617
-0.346566 -0.154940 1.564715
-0.346566 -0.154940 1.564715
-0.346578 -0.144414 1.564061
-0.348792 -0.140991 1.571085
-0.349039 -0.131743 1.573591
-0.352026 -0.127583 1.581287
-0.369142 -0.148555 1.539281
-0.383688 -0.145907 1.538483
-0.366618 -0.148678 1.547203
-0.377047 -0.145308 1.544433
-0.366618 -0.148678 1.547203
-0.363963 -0.139385 1.550217
-0.377047 -0.145308 1.544433
-0.374156 -0.137609 1.546248
-0.362456 -0.136803 1.559281
-0.361075 -0.127778 1.563694
-0.362687 -0.124206 1.573114
-0.390122 -0.143679 1.544190
-0.382896 -0.141825 1.550470
-0.382896 -0.141825 1.550470
-0.379480 -0.132870 1.551358
-0.369893 -0.134253 1.555116
-0.374721 -0.131367 1.558316
-0.367768 -0.126200 1.559468
-0.373211 -0.122523 1.565689
-0.396810 -0.138749 1.554022
-0.404459 -0.132449 1.564845
-0.417582 -0.119988 1.582377
-0.423935 -0.111103 1.590991
-0.430874 -0.096404 1.601465
-0.436085 -0.084079 1.608852
-0.440288 -0.068332 1.614757
-0.442327 -0.053003 1.617356
-0.442067 -0.034945 1.617611
-0.440618 -0.019675 1.615452
-0.437100 -0.004877 1.610982
-0.431745 0.011318 1.603763
-0.426115 0.024550 1.596326
-0.390038 -0.136145 1.560081
-0.396314 -0.130066 1.570105
-0.407796 -0.117142 1.587696
-0.413244 -0.107460 1.596007
-0.419667 -0.093378 1.606067
-0.423801 -0.081676 1.612077
-0.427440 -0.067158 1.617349
-0.428497 -0.053308 1.619548
-0.428733 -0.037026 1.619979
-0.427190 -0.020788 1.617916
-0.424648 -0.008313 1.613552
-0.420218 0.008936 1.607075
-0.415052 0.023240 1.599384
-0.390038 -0.136145 1.560081
-0.384924 -0.128692 1.558324
-0.379129 -0.127616 1.564799
-0.396314 -0.130066 1.570105
-0.390501 -0.123686 1.566467
-0.400220 -0.111728 1.582264
-0.407796 -0.117142 1.587696
-0.384289 -0.122943 1.572395
-0.394206 -0.111640 1.587196
-0.413244 -0.107460 1.596007
-0.405594 -0.102960 1.590576
-0.399511 -0.102359 1.595665
-0.419667 -0.093378 1.606067
-0.411948 -0.088680 1.600627
-0.423801 -0.081676 1.612077
-0.416626 -0.077492 1.606835
-0.427440 -0.067158 1.617349
-0.419691 -0.063550 1.611375
-0.428497 -0.053308 1.619548
-0.420333 -0.051335 1.612920
-0.405645 -0.089160 1.604808
-0.409731 -0.077987 1.610905
-0.412752 -0.064051 1.615495
-0.413739 -0.052098 1.617040
-0.428733 -0.037026 1.619979
-0.420834 -0.036778 1.613151
-0.413728 -0.038965 1.617363
-0.427190 -0.020788 1.617916
-0.419875 -0.021598 1.611099
-0.412231 -0.024191 1.615524
-0.424648 -0.008313 1.613552
-0.417564 -0.009378 1.607466
-0.410155 -0.011936 1.612246
-0.420218 0.008936 1.607075
-0.413843 0.006051 1.600927
-0.405947 0.002395 1.606169
-0.415052 0.023240 1.599384
-0.409139 0.017934 1.593930
-0.401514 0.014411 1.599496
-0.378200 -0.117853 1.573120
-0.387387 -0.106987 1.587235
-0.392540 -0.098388 1.594976
-0.399114 -0.085480 1.603474
-0.402689 -0.075400 1.609007
-0.406046 -0.062858 1.613065
-0.407435 -0.051259 1.614320
-0.408262 -0.038951 1.614419
-0.406837 -0.025017 1.612739
-0.405130 -0.013339 1.609396
-0.400920 -0.000137 1.603728
-0.395543 0.011161 1.597523
-0.366488 -0.120011 1.580400
-0.355376 -0.123144 1.589784
-0.249436 -0.133995 1.689917
-0.249560 -0.140038 1.677521
-0.249817 -0.146038 1.661480
-0.248722 -0.151043 1.644351
-0.245568 -0.153898 1.629896
-0.339193 -0.127731 1.602788
-0.266362 -0.148228 1.634518
-0.282818 -0.145795 1.623946
-0.299278 -0.142514 1.616195
-0.313700 -0.138285 1.610794
-0.323111 -0.134903 1.606918
-0.268133 -0.132098 1.674362
-0.267278 -0.137129 1.665203
-0.267081 -0.142637 1.652271
-0.283106 -0.139333 1.643977
-0.293014 -0.138051 1.636060
-0.279048 -0.135501 1.656901
-0.301126 -0.131083 1.642682
0 1
0 2
0 3
0 42
1 2
1 3
1 4
1 399
1 400
2 4
2 5
2 42
2 43
3 399
4 5
4 6
4 400
4 401
5 6
5 7
5 43
5 44
6 7
6 8
6 9
6 401
6 402
7 8
7 44
7 45
7 46
8 9
8 11
8 46
8 47
9 10
9 11
9 402
9 403
10 11
10 12
10 13
10 403
10 404
11 13
11 47
11 48
12 13
12 14
12 15
12 404
12 405
13 14
13 48
13 49
14 15
14 16
14 49
14 50
15 16
15 17
15 405
15 406
16 17
16 18
16 50
16 51
17 18
17 19
17 406
17 407
18 19
18 20
18 21
18 51
19 20
19 407
19 408
20 21
20 22
20 408
20 409
21 22
21 23
21 51
21 52
22 23
22 24
22 409
22 410
23 24
23 25
23 52
23 53
24 25
24 26
24 410
24 411
25 26
25 27
25 53
25 54
26 27
26 28
26 411
26 412
27 28
27 29
27 54
27 55
28 29
28 30
28 412
28 413
29 30
29 31
29 55
29 56
30 31
30 32
30 33
30 413
30 414
31 32
31 56
31 57
32 33
32 34
32 57
32 58
32 59
33 34
33 35
33 414
33 415
34 35
34 37
34 59
34 60
35 36
35 37
35 415
35 416
36 37
36 38
36 39
36 416
36 417
37 39
37 60
37 61
38 39
38 40
38 417
38 418
39 40
39 41
39 61
40 41
40 418
41 61
41 62
42 43
42 63
43 44
43 63
43 64
44 45
44 64
44 65
44 66
45 46
45 66
45 67
46 47
46 67
46 68
47 48
47 68
48 49
48 68
48 69
48 70
49 50
49 70
49 71
50 51
50 71
50 72
51 52
51 72
52 53
52 72
52 73
53 54
53 73
53 74
54 55
54 74
54 75
54 76
55 56
55 76
55 77
56 57
56 77
57 58
57 77
57 78
58 59
58 78
58 79
59 60
59 79
59 80
59 81
60 61
60 81
60 82
61 62
61 82
62 82
62 83
63 64
63 84
63 85
64 65
64 84
64 86
65 66
65 86
65 87
66 67
66 87
66 88
67 68
67 88
68 69
68 88
68 89
69 70
69 89
69 90
69 91
70 71
70 91
70 92
71 72
71 92
71 93
72 73
72 93
73 74
73 93
73 94
74 75
74 94
74 95
74 96
75 76
75 96
75 97
76 77
76 97
76 98
77 78
77 98
78 79
78 98
78 99
79 80
79 99
79 100
80 81
80 100
80 101
81 82
81 101
81 102
82 83
82 102
82 103
82 104
83 104
84 85
84 86
84 105
84 107
85 105
85 106
86 87
86 107
86 108
87 88
87 108
87 109
88 89
88 109
89 90
89 109
89 110
90 91
90 110
90 111
91 92
91 111
91 112
92 93
92 112
92 113
92 114
93 94
93 114
94 95
94 114
94 115
94 116
95 96
95 116
95 117
96 97
96 117
96 118
97 98
97 118
97 119
98 99
98 119
99 100
99 119
99 120
100 101
100 120
100 121
101 102
101 121
101 122
102 103
102 122
102 123
103 104
103 123
103 124
103 125
104 125
105 106
105 107
105 126
105 128
106 126
106 127
107 108
107 128
107 129
108 109
108 129
108 130
109 110
109 130
110 111
110 130
110 131
111 112
111 131
111 132
112 113
112 132
112 133
113 114
113 133
113 134
114 115
114 134
114 135
114 136
115 116
115 136
115 137
116 117
116 137
116 138
117 118
117 138
117 139
118 119
118 139
118 140
119 120
119 140
120 121
120 140
120 141
121 122
121 141
121 142
122 123
122 142
122 143
123 124
123 143
123 144
124 125
124 144
124 145
124 146
125 146
126 127
126 128
126 147
126 149
127 147
127 148
128 129
128 149
128 150
129 130
129 150
129 151
130 131
130 151
131 132
131 151
131 152
132 133
132 152
132 153
133 134
133 153
133 154
134 135
134 154
134 155
135 136
135 155
135 156
135 157
136 137
136 157
136 158
137 138
137 158
137 159
138 139
138 159
138 160
139 140
139 160
139 161
140 141
140 161
141 142
141 161
141 162
142 143
142 162
142 163
143 144
143 163
143 164
144 145
144 164
144 165
145 146
145 165
145 166
145 167
146 167
147 148
147 149
147 168
147 170
148 168
148 169
149 150
149 170
149 171
150 151
150 171
150 172
151 152
151 172
152 153
152 172
152 173
153 154
153 173
153 174
154 155
154 174
154 175
155 156
155 175
155 176
156 157
156 176
156 177
156 178
157 158
157 178
157 179
158 159
158 179
158 180
159 160
159 180
159 181
160 161
160 181
160 182
161 162
161 182
162 163
162 182
162 183
163 164
163 183
163 184
164 165
164 184
164 185
165 166
165 185
165 186
166 167
166 186
166 187
166 188
167 188
168 169
168 170
168 189
168 191
169 189
169 190
170 171
170 191
170 192
171 172
171 192
171 193
172 173
172 193
173 174
173 193
173 194
174 175
174 194
174 195
175 176
175 195
175 196
176 177
176 196
176 197
177 178
177 197
177 198
177 199
178 179
178 199
178 200
179 180
179 200
179 201
180 181
180 201
180 202
181 182
181 202
181 203
182 183
182 203
183 184
183 203
183 204
184 185
184 204
184 205
185 186
185 205
185 206
185 207
186 187
186 207
186 208
187 188
187 208
188 208
188 209
189 190
189 191
189 210
189 211
190 210
191 192
191 211
191 212
192 193
192 212
192 213
193 194
193 213
193 214
193 215
194 195
194 215
194 216
195 196
195 216
195 217
196 197
196 217
197 198
197 217
197 218
198 199
198 218
198 219
198 220
199 200
199 220
200 201
200 220
200 221
201 202
201 221
201 222
202 203
202 222
202 223
203 204
203 223
203 224
203 225
204 205
204 225
204 226
205 206
205 226
205 227
206 207
206 227
206 228
207 208
207 228
207 229
208 209
208 229
209 229
209 230
210 211
210 231
211 212
211 231
211 232
212 213
212 232
212 233
213 214
213 233
213 234
214 215
214 234
214 235
214 236
215 216
215 236
215 237
216 217
216 237
216 238
217 218
217 238
217 239
218 219
218 239
218 240
219 220
219 240
220 221
220 240
220 241
221 222
221 241
221 242
222 223
222 242
222 243
223 224
223 243
223 244
224 225
224 244
224 245
224 246
225 226
225 246
225 247
226 227
226 247
226 248
227 228
227 248
227 249
228 229
228 249
228 250
229 230
229 250
230 250
230 251
231 232
231 252
232 233
232 252
232 253
233 234
233 253
233 254
234 235
234 254
234 255
235 236
235 255
235 256
235 257
236 237
236 257
236 258
237 238
237 258
237 259
238 239
238 259
238 260
239 240
239 260
239 261
240 241
240 261
241 242
241 261
241 262
242 243
242 262
242 263
243 244
243 263
243 264
244 245
244 264
244 265
245 246
245 265
245 266
245 267
246 247
246 267
246 268
247 248
247 268
247 269
248 249
248 269
248 270
249 250
249 270
249 271
250 251
250 271
251 271
251 272
252 253
252 273
253 254
253 273
253 274
254 255
254 274
254 275
255 256
255 275
255 276
256 257
256 276
256 277
256 278
257 258
257 278
257 279
258 259
258 279
258 280
259 260
259 280
259 281
260 261
260 281
260 282
261 262
261 282
262 263
262 282
262 283
263 264
263 283
263 284
264 265
264 284
264 285
265 266
265 285
265 286
266 267
266 286
266 287
266 288
267 268
267 288
267 289
268 269
268 289
268 290
269 270
269 290
269 291
270 271
270 291
270 292
271 272
271 292
272 292
272 293
273 274
273 294
274 275
274 294
274 295
275 276
275 295
275 296
276 277
276 296
276 297
277 278
277 297
277 298
277 299
278 279
278 299
278 300
279 280
279 300
279 301
280 281
280 301
280 302
281 282
281 302
281 303
282 283
282 303
283 284
283 303
283 304
284 285
284 304
284 305
285 286
285 305
285 306
286 287
286 306
286 307
287 288
287 307
287 308
287 309
288 289
288 309
288 310
289 290
289 310
289 311
290 291
290 311
290 312
291 292
291 312
292 293
292 312
292 313
292 314
293 314
294 295
294 315
294 316
295 296
295 315
296 297
296 315
296 317
297 298
297 317
297 318
298 299
298 318
298 319
298 320
299 300
299 320
299 321
300 301
300 321
300 322
301 302
301 322
301 323
302 303
302 323
302 324
303 304
303 324
304 305
304 324
304 325
305 306
305 325
305 326
306 307
306 326
306 327
307 308
307 327
307 328
308 309
308 328
308 329
308 330
309 310
309 330
309 331
310 311
310 331
311 312
311 331
311 332
312 313
312 332
312 333
313 314
313 333
313 334
313 335
314 335
315 316
315 317
315 336
315 338
316 336
316 337
317 318
317 338
318 319
318 338
318 339
319 320
319 339
319 340
319 341
320 321
320 341
320 342
321 322
321 342
321 343
322 323
322 343
323 324
323 343
323 344
324 325
324 344
324 345
324 346
325 326
325 346
325 347
326 327
326 347
326 348
327 328
327 348
328 329
328 348
328 349
329 330
329 349
329 350
330 331
330 350
330 351
330 352
331 332
331 352
332 333
332 352
332 353
333 334
333 353
333 354
334 335
334 354
334 355
334 356
335 356
336 337
336 338
336 357
336 359
337 357
337 358
338 339
338 359
338 360
339 340
339 360
339 361
340 341
340 361
340 362
341 342
341 362
341 363
342 343
342 363
343 344
343 363
343 364
344 345
344 364
344 365
345 346
345 365
345 366
345 367
346 347
346 367
346 368
347 348
347 368
347 369
348 349
348 369
348 370
349 350
349 370
350 351
350 370
350 371
351 352
351 371
351 372
352 353
352 372
352 373
353 354
353 373
353 374
354 355
354 374
354 375
355 356
355 375
355 376
355 377
356 377
357 358
357 359
357 378
357 380
358 378
358 379
359 360
359 380
359 381
360 361
360 381
360 382
361 362
361 382
361 383
362 363
362 383
363 364
363 383
363 384
364 365
364 384
364 385
365 366
365 385
365 386
366 367
366 386
366 387
366 388
367 368
367 388
367 389
368 369
368 389
368 390
369 370
369 390
369 391
370 371
370 391
371 372
371 391
371 392
372 373
372 392
372 393
373 374
373 393
373 394
374 375
374 394
374 395
375 376
375 395
375 396
376 377
376 396
376 397
376 398
377 398
378 379
378 380
378 419
378 420
379 419
380 381
380 420
380 421
381 382
381 421
381 422
382 383
382 422
382 423
383 384
383 423
383 424
384 385
384 424
384 425
385 386
385 425
385 426
386 387
386 426
386 427
387 388
387 427
387 428
388 389
388 428
388 429
389 390
389 429
389 430
390 391
390 430
390 431
391 392
391 431
391 432
392 393
392 432
392 433
393 394
393 433
393 434
394 395
394 434
394 435
395 396
395 435
395 436
396 397
396 436
396 437
397 398
397 437
397 438
398 438
439 440
439 441
439 443
439 444
439 695
439 704
440 441
440 442
440 695
440 697
441 442
441 444
442 444
442 481
442 697
442 719
442 723
443 444
443 445
443 651
443 704
444 445
444 446
444 481
444 483
444 484
445 446
445 650
445 651
445 655
446 484
447 448
447 449
447 454
447 455
448 449
448 454
450 451
450 452
450 453
450 469
450 511
450 894
451 452
451 453
451 457
451 688
451 721
451 765
452 457
452 817
452 885
452 894
453 469
453 470
453 720
453 721
454 455
454 456
455 456
455 458
456 458
456 459
457 687
457 688
457 817
458 459
460 461
460 462
460 656
460 657
460 798
461 462
461 542
461 552
461 656
462 542
462 610
462 612
462 709
462 798
462 801
463 464
463 465
463 751
463 756
463 764
464 465
464 467
464 468
464 764
464 784
465 467
465 756
465 759
465 782
465 809
466 467
466 468
466 759
466 763
466 774
466 775
467 468
467 759
468 775
468 777
468 784
469 470
469 471
469 511
470 471
470 714
470 717
470 720
471 496
471 501
471 511
471 512
471 714
472 473
472 474
472 475
472 476
472 478
472 480
473 474
473 475
473 477
473 895
473 896
474 476
474 479
474 877
474 890
474 896
475 477
475 480
475 510
475 591
476 478
476 479
476 515
476 516
477 508
477 510
477 895
478 480
478 485
478 486
478 515
479 516
479 818
479 877
480 485
480 591
480 611
480 624
480 629
481 482
481 483
481 723
482 483
482 497
482 498
482 723
482 724
482 744
483 484
483 497
483 502
483 503
483 504
484 502
484 532
484 550
485 486
485 629
486 515
486 629
486 633
486 648
486 649
487 488
487 489
487 490
487 491
487 508
487 898
487 900
487 901
487 903
488 489
488 508
488 509
488 521
488 522
489 490
489 520
489 521
490 491
490 492
490 519
490 520
491 492
491 496
491 512
491 514
491 903
492 496
492 501
492 518
492 519
493 494
493 495
493 505
493 506
493 524
493 532
493 541
493 542
493 552
494 495
494 524
494 589
494 590
495 541
495 590
495 598
496 501
496 512
497 498
497 499
497 504
498 499
498 500
498 727
498 744
499 500
499 504
499 554
500 554
500 727
500 770
501 518
501 714
501 715
501 716
502 503
502 506
502 507
502 532
502 550
503 504
503 507
503 562
503 563
504 554
504 562
504 718
505 506
505 507
505 524
505 565
505 660
505 661
506 507
506 532
507 563
507 565
508 509
508 510
508 895
508 900
509 510
509 517
509 522
509 523
510 517
510 591
511 512
511 513
511 894
511 904
512 513
512 514
513 514
513 893
513 904
514 893
514 903
515 516
515 649
515 659
516 659
516 663
516 818
516 821
516 827
517 523
517 549
517 591
517 592
518 519
518 525
518 526
518 715
519 520
519 526
519 530
519 533
520 521
520 533
521 522
521 533
521 537
521 538
522 523
522 538
522 539
523 539
523 540
523 549
524 579
524 581
524 589
524 661
524 703
525 526
525 527
525 528
525 715
525 722
525 725
526 527
526 529
526 530
527 528
527 529
528 725
529 530
529 531
530 531
530 533
531 533
532 550
532 552
533 534
533 535
533 536
533 537
534 535
535 536
536 537
537 538
537 543
538 539
538 543
538 544
538 545
539 540
539 545
539 546
540 546
540 547
540 548
540 549
540 551
541 542
541 598
542 552
542 598
542 610
542 620
543 544
545 546
547 548
547 551
547 553
549 551
549 592
549 593
551 553
551 593
551 594
552 656
553 594
553 596
554 578
554 718
554 770
554 804
555 556
555 557
555 558
555 578
555 729
555 804
555 807
556 557
556 558
556 559
557 559
557 560
557 578
558 729
558 730
559 560
559 561
559 564
560 561
560 578
560 582
561 564
561 566
561 567
561 582
561 583
562 563
562 718
562 803
563 565
563 583
563 802
563 803
564 566
565 584
565 586
565 660
565 802
566 567
566 568
567 568
567 569
567 583
567 584
567 802
568 569
568 570
569 570
569 571
569 584
569 585
569 586
570 571
570 572
571 572
571 573
571 585
571 587
572 573
573 574
573 575
573 576
573 587
573 588
574 575
574 576
574 577
575 577
575 588
575 599
575 601
577 599
577 600
578 582
578 718
578 804
579 580
579 581
579 588
579 703
580 581
580 588
580 800
580 805
581 589
581 597
581 805
581 806
582 583
582 718
582 803
583 802
584 802
585 586
585 587
585 660
585 661
585 703
586 660
587 588
587 703
588 601
588 703
588 800
589 590
589 597
590 597
590 598
590 615
590 621
591 592
591 593
591 611
592 593
593 594
593 595
593 602
593 611
594 595
594 596
594 603
595 602
595 603
596 603
597 614
597 615
597 806
598 620
598 621
599 600
599 601
599 605
599 609
600 605
600 606
601 609
601 800
602 603
602 604
602 611
602 613
602 616
603 604
605 606
605 607
605 609
606 607
606 608
607 608
607 609
607 614
607 618
607 799
608 618
608 619
609 799
609 800
609 805
610 612
610 620
610 639
611 613
611 623
611 624
612 639
612 709
613 616
613 617
613 623
614 615
614 618
614 627
614 796
614 799
614 806
614 810
615 621
615 622
615 636
615 810
616 617
617 623
618 619
618 627
619 627
619 628
620 621
620 622
620 639
621 622
622 636
622 639
623 624
623 625
623 626
623 630
623 631
624 629
624 630
624 633
624 634
625 626
627 628
627 632
627 796
628 632
628 638
629 633
630 631
630 634
630 635
631 635
632 638
632 640
632 641
632 646
632 796
633 634
633 637
633 648
634 635
634 637
635 637
635 674
636 639
636 643
636 644
636 810
637 648
637 664
637 672
637 673
637 674
638 646
638 647
639 644
639 645
639 705
639 708
639 709
640 641
640 642
640 643
640 796
640 810
641 642
641 646
641 679
641 793
642 643
642 645
642 792
642 793
643 644
643 645
643 810
644 645
645 705
645 792
646 647
646 679
647 675
647 676
647 677
647 679
648 649
648 652
648 664
648 665
649 652
649 659
650 651
650 654
650 655
650 791
650 794
650 816
651 704
651 791
652 659
652 662
652 665
652 666
653 654
653 655
653 656
653 657
653 658
654 655
654 658
654 794
654 795
656 657
657 658
657 797
657 798
658 795
658 797
658 819
658 820
659 662
659 663
660 661
661 703
662 663
662 666
662 667
663 667
663 821
663 822
663 823
664 665
664 669
664 672
665 666
665 668
665 669
665 670
666 667
666 670
666 671
667 671
667 823
667 825
667 826
668 669
668 670
669 672
670 671
671 825
672 673
673 674
675 676
675 677
675 678
676 678
676 679
676 680
676 681
676 685
676 686
678 680
679 685
679 793
680 681
681 682
681 683
681 686
682 683
682 684
683 684
683 686
683 705
683 706
683 707
683 790
684 707
685 686
685 790
685 792
685 793
686 790
687 688
687 689
687 817
687 864
687 871
688 689
688 690
688 765
688 785
689 690
689 859
689 871
689 872
689 873
690 785
690 814
690 858
690 859
690 860
691 692
691 693
691 694
691 698
691 701
691 702
692 693
692 694
692 840
692 841
692 862
693 698
693 812
693 857
693 861
693 862
694 695
694 696
694 702
694 840
695 696
695 697
695 704
695 750
695 811
695 840
696 702
696 750
696 760
696 764
697 719
697 750
698 699
698 700
698 701
698 812
699 700
699 788
699 789
699 812
699 813
700 701
700 777
700 778
700 788
701 702
701 777
701 784
702 764
702 784
704 791
704 811
705 706
705 708
705 790
705 792
706 707
706 708
706 856
707 710
707 711
707 712
707 713
707 856
708 709
708 801
708 824
708 856
709 801
710 711
712 713
712 839
712 842
712 854
712 856
713 839
714 716
714 717
715 716
715 722
716 717
716 722
716 735
717 720
717 735
717 739
717 752
718 803
719 723
719 740
719 750
719 751
720 721
720 752
720 755
720 761
720 766
721 765
721 766
722 725
722 731
722 735
722 736
723 724
723 740
724 728
724 740
724 744
724 756
725 731
726 727
726 728
726 773
726 779
726 780
727 728
727 744
727 770
727 773
728 744
728 756
728 780
728 781
729 730
729 732
729 734
729 807
730 732
730 733
731 736
732 733
732 734
732 737
732 749
733 737
733 738
734 749
734 773
734 779
734 807
735 736
735 739
735 741
735 742
736 741
737 738
737 745
737 748
737 749
738 745
739 742
739 743
739 752
740 751
740 756
742 743
743 752
743 753
745 746
745 747
745 748
746 747
746 748
746 754
746 758
746 759
746 809
747 754
748 749
748 808
748 809
749 779
749 808
750 751
750 760
751 756
751 760
751 764
752 753
752 755
752 757
753 757
754 758
755 757
755 761
755 762
756 781
756 782
757 762
758 759
758 763
759 763
759 809
760 764
761 762
761 766
761 768
761 771
761 783
763 774
764 784
765 766
765 767
765 785
766 767
766 768
767 768
767 769
767 772
767 785
767 786
768 769
768 771
769 771
769 772
770 773
770 804
770 807
771 783
772 786
773 779
773 807
774 775
774 776
775 776
775 777
776 777
776 778
777 778
777 784
778 788
779 780
779 808
780 781
780 808
781 782
781 808
781 809
782 809
785 786
785 787
785 814
785 815
786 787
788 789
790 792
791 811
791 816
791 846
792 793
794 795
794 816
794 869
795 819
795 852
795 869
796 810
797 798
797 801
797 820
798 801
799 805
799 806
800 805
801 820
801 824
804 807
805 806
808 809
811 840
811 841
811 846
812 813
812 857
814 815
814 858
816 846
816 869
816 889
816 892
817 864
817 884
817 885
818 827
818 877
819 820
819 851
819 852
819 855
820 824
820 855
821 822
821 827
821 830
822 823
822 830
822 832
822 833
823 826
823 833
823 835
823 836
824 854
824 855
824 856
825 826
826 835
827 828
827 829
827 830
827 877
827 879
828 829
828 848
828 874
828 878
828 879
828 880
829 830
829 831
829 848
830 831
830 832
831 832
831 848
831 849
831 872
832 833
832 834
832 849
833 834
833 836
833 837
833 838
834 838
834 849
834 850
834 870
836 837
838 850
839 842
839 843
840 841
841 846
841 862
841 867
842 843
842 844
842 854
842 855
843 844
843 845
844 845
844 847
844 851
844 855
845 847
846 867
846 892
847 851
847 852
847 853
848 872
848 874
849 870
849 872
849 873
850 870
850 883
851 852
851 855
852 853
852 869
853 869
854 855
854 856
858 860
859 860
859 865
859 870
859 873
859 875
859 876
859 883
860 865
861 862
861 863
862 863
862 866
862 867
864 871
864 881
864 884
866 867
866 868
867 868
867 891
867 892
868 891
869 887
869 889
870 873
870 883
871 872
871 874
871 881
871 882
872 873
872 874
874 880
874 882
875 876
876 883
877 879
877 890
878 879
878 880
878 886
878 897
878 898
878 899
879 890
879 896
879 897
880 882
880 886
881 882
881 884
881 893
882 886
882 893
882 902
884 885
884 893
884 894
884 904
885 894
886 899
886 902
887 888
887 889
888 889
888 891
889 891
889 892
890 896
891 892
893 902
893 903
893 904
894 904
895 896
895 897
895 900
896 897
897 898
897 900
898 899
898 900
898 901
899 901
899 902
899 903
901 903
902 903
905 906
905 907
905 909
905 910
905 1000
905 1131
906 907
906 908
906 1000
906 1166
907 908
907 910
907 935
908 935
908 1166
908 1167
909 910
909 911
909 1131
910 911
910 912
910 935
911 912
911 1128
911 1131
912 935
912 1012
912 1039
913 914
913 915
913 922
913 923
914 915
914 922
916 917
916 918
916 925
916 974
916 980
917 918
917 939
917 940
917 949
917 953
917 974
917 1136
918 925
918 953
919 920
919 921
919 941
919 942
919 995
919 1075
920 921
920 941
920 986
920 998
920 1082
920 1109
920 1110
920 1114
921 997
921 998
921 1075
922 923
922 924
923 924
923 926
924 926
924 927
925 980
925 1042
925 1043
926 927
928 929
928 930
928 959
928 1126
928 1129
929 930
929 931
929 1015
929 1081
929 1129
930 931
930 959
930 965
930 970
931 970
931 1081
931 1099
932 933
932 934
932 943
932 999
932 1005
932 1086
933 934
933 984
933 1005
933 1028
933 1029
933 1116
933 1117
934 943
934 984
934 985
935 966
935 967
935 968
935 1012
935 1017
935 1167
935 1171
935 1179
936 937
936 938
936 1014
936 1155
936 1170
936 1171
937 938
937 1011
937 1155
938 1009
938 1013
938 1014
939 940
939 949
939 950
939 951
939 952
940 959
940 960
940 1136
941 942
941 944
941 1109
942 944
942 945
942 995
943 985
943 1065
943 1066
943 1067
943 1086
943 1088
943 1089
944 945
944 989
944 1109
944 1130
945 979
945 989
945 995
946 947
946 948
946 954
946 955
946 958
947 948
947 955
947 956
947 957
947 964
947 1068
947 1071
948 954
948 985
948 1071
948 1089
948 1090
949 950
950 951
951 952
951 972
951 1135
951 1159
951 1160
951 1163
952 972
954 958
954 984
954 985
954 993
954 994
954 1178
955 958
955 964
955 969
956 957
956 964
956 973
957 973
957 978
957 1020
957 1068
958 969
958 1006
958 1178
959 960
959 965
959 1126
959 1136
960 965
960 1125
960 1134
961 962
961 963
961 1015
961 1081
962 963
962 971
962 1012
962 1015
962 1016
962 1039
962 1145
963 1059
963 1061
963 1081
963 1145
964 969
964 973
964 1146
964 1149
964 1152
964 1156
965 970
965 1125
966 967
966 971
966 1012
967 968
967 971
967 1023
967 1025
967 1145
968 1017
968 1022
968 1023
969 1006
969 1156
970 1099
970 1106
970 1125
971 1012
971 1145
972 1134
972 1135
973 1020
973 1078
973 1087
973 1121
973 1146
975 976
975 977
975 978
975 1058
975 1066
975 1068
976 977
976 978
976 979
976 1026
976 1027
977 979
977 995
977 996
977 1055
977 1058
978 1020
978 1027
978 1030
978 1068
979 989
979 995
979 1026
979 1038
980 1042
980 1126
980 1127
980 1128
980 1131
981 982
981 983
981 1001
981 1007
981 1069
981 1070
981 1072
982 983
982 990
982 991
982 992
982 1001
982 1169
983 1007
984 985
984 993
985 1089
986 987
986 988
986 998
986 1002
986 1082
986 1083
987 988
987 1002
988 998
988 999
988 1005
989 1038
989 1130
989 1140
989 1141
989 1147
990 991
990 992
990 1042
990 1043
990 1046
991 1046
991 1169
992 1000
992 1001
992 1131
992 1143
993 994
994 1178
995 996
995 1054
995 1075
996 1054
996 1055
997 998
997 999
997 1054
997 1075
997 1084
998 999
999 1005
999 1084
999 1086
1000 1001
1000 1131
1000 1166
1001 1010
1001 1011
1001 1070
1001 1155
1001 1166
1001 1174
1003 1004
1003 1005
1004 1005
1005 1028
1006 1156
1006 1164
1006 1176
1006 1177
1006 1178
1008 1009
1008 1010
1008 1013
1008 1111
1008 1115
1009 1010
1009 1011
1009 1013
1010 1011
1010 1111
1010 1112
1011 1155
1012 1039
1013 1014
1013 1115
1013 1119
1013 1120
1014 1133
1014 1148
1014 1170
1015 1016
1015 1081
1015 1129
1016 1039
1017 1018
1017 1019
1017 1022
1017 1148
1017 1170
1017 1179
1018 1019
1018 1021
1018 1133
1018 1148
1019 1021
1019 1022
1019 1102
1019 1103
1020 1030
1020 1078
1021 1103
1021 1133
1021 1142
1021 1144
1022 1023
1022 1092
1022 1102
1023 1024
1023 1025
1023 1092
1024 1025
1024 1091
1024 1092
1024 1093
1024 1094
1024 1108
1025 1108
1025 1145
1026 1027
1026 1038
1026 1040
1026 1050
1026 1051
1027 1030
1027 1051
1027 1056
1027 1057
1027 1062
1027 1073
1028 1029
1030 1073
1030 1074
1030 1076
1030 1077
1030 1078
1031 1032
1031 1033
1031 1034
1031 1101
1031 1122
1032 1033
1032 1034
1032 1035
1032 1079
1032 1085
1033 1060
1033 1079
1033 1096
1033 1097
1033 1098
1033 1100
1033 1101
1033 1113
1034 1035
1034 1036
1034 1122
1035 1036
1035 1037
1035 1080
1035 1085
1035 1105
1036 1037
1036 1044
1036 1122
1036 1139
1037 1044
1037 1045
1038 1040
1038 1041
1038 1147
1040 1041
1041 1147
1042 1043
1042 1131
1042 1143
1044 1045
1044 1047
1044 1139
1044 1153
1044 1154
1044 1158
1045 1047
1045 1105
1045 1132
1047 1048
1047 1049
1047 1132
1047 1158
1047 1168
1048 1049
1048 1053
1048 1168
1048 1173
1048 1175
1049 1052
1049 1053
1049 1132
1050 1051
1052 1053
1052 1064
1052 1134
1052 1150
1052 1151
1053 1064
1053 1161
1053 1162
1053 1173
1054 1055
1054 1075
1054 1084
1055 1058
1055 1063
1055 1084
1056 1057
1057 1062
1058 1063
1058 1065
1058 1066
1059 1060
1059 1061
1059 1108
1059 1123
1059 1124
1059 1145
1060 1061
1060 1079
1060 1124
1061 1079
1061 1080
1061 1081
1061 1085
1063 1065
1063 1084
1063 1086
1063 1088
1064 1134
1064 1135
1065 1066
1065 1088
1066 1067
1066 1068
1067 1068
1067 1071
1067 1089
1068 1071
1069 1070
1069 1072
1071 1089
1071 1090
1073 1074
1076 1077
1076 1078
1078 1087
1079 1085
1080 1081
1080 1085
1080 1104
1080 1105
1081 1099
1081 1104
1082 1083
1082 1114
1084 1086
1086 1088
1087 1121
1089 1090
1091 1092
1091 1093
1092 1102
1093 1094
1093 1095
1094 1095
1094 1096
1094 1108
1094 1113
1095 1096
1095 1097
1096 1097
1096 1113
1097 1098
1099 1104
1099 1106
1100 1101
1101 1122
1102 1103
1103 1144
1104 1105
1104 1106
1105 1106
1105 1107
1105 1132
1106 1107
1106 1125
1107 1125
1107 1132
1107 1150
1107 1151
1108 1145
1109 1110
1109 1130
1110 1114
1111 1112
1116 1117
1118 1119
1118 1120
1119 1120
1119 1133
1119 1137
1122 1139
1123 1124
1125 1134
1125 1150
1126 1127
1126 1129
1126 1136
1127 1128
1127 1129
1128 1131
1131 1143
1132 1151
1133 1137
1133 1138
1133 1142
1133 1148
1134 1135
1134 1150
1135 1161
1135 1162
1135 1163
1135 1172
1137 1138
1140 1141
1140 1147
1142 1144
1146 1149
1148 1170
1149 1152
1150 1151
1152 1156
1152 1157
1153 1154
1153 1158
1155 1171
1155 1174
1156 1157
1156 1164
1156 1165
1158 1168
1159 1160
1161 1162
1161 1173
1163 1172
1164 1165
1164 1176
1166 1167
1166 1171
1166 1174
1167 1171
1170 1171
1170 1179
1171 1174
1171 1179
1173 1175
1176 1177
1177 1178
1180 1181
1180 1182
1180 1184
1180 1185
1180 1443
1180 1489
1181 1182
1181 1183
1181 1450
1181 1489
1182 1183
1182 1185
1182 1207
1183 1207
1183 1281
1183 1450
1183 1451
1183 1457
1184 1185
1184 1186
1184 1405
1184 1443
1185 1186
1185 1187
1185 1207
1186 1187
1186 1403
1186 1404
1186 1405
1187 1207
1187 1282
1187 1283
1187 1290
1187 1298
1188 1189
1188 1190
1188 1195
1188 1196
1189 1190
1189 1191
1189 1195
1190 1191
1192 1193
1192 1194
1192 1213
1192 1214
1192 1265
1192 1683
1193 1194
1193 1206
1193 1213
1193 1567
1193 1571
1193 1646
1194 1206
1194 1674
1194 1675
1194 1683
1195 1196
1195 1197
1196 1197
1196 1200
1197 1200
1197 1201
1198 1199
1198 1200
1199 1200
1199 1201
1200 1201
1202 1203
1202 1204
1202 1410
1202 1422
1202 1537
1202 1539
1203 1204
1203 1205
1203 1301
1203 1351
1203 1410
1204 1205
1204 1371
1204 1539
1205 1351
1205 1368
1205 1371
1206 1646
1206 1673
1206 1675
1206 1723
1207 1281
1207 1282
1208 1209
1208 1210
1208 1211
1208 1212
1208 1482
1209 1210
1209 1212
1209 1522
1209 1585
1209 1586
1210 1482
1210 1513
1210 1583
1210 1585
1210 1631
1211 1212
1211 1476
1211 1482
1211 1487
1211 1496
1211 1528
1212 1522
1212 1528
1212 1530
1213 1214
1213 1218
1213 1563
1213 1567
1214 1218
1214 1219
1214 1265
1215 1216
1215 1217
1215 1235
1215 1285
1215 1286
1215 1301
1215 1302
1216 1217
1216 1298
1216 1302
1217 1285
1217 1290
1217 1298
1218 1219
1218 1560
1218 1563
1219 1257
1219 1259
1219 1265
1219 1266
1219 1553
1219 1555
1219 1560
1220 1221
1220 1222
1220 1223
1220 1229
1220 1230
1220 1232
1221 1222
1221 1223
1221 1224
1221 1231
1221 1277
1221 1685
1222 1229
1222 1233
1222 1656
1222 1680
1222 1685
1223 1224
1223 1230
1223 1237
1224 1231
1224 1237
1224 1250
1224 1389
1224 1424
1225 1226
1225 1227
1225 1281
1225 1456
1225 1457
1226 1227
1226 1228
1226 1241
1226 1242
1226 1456
1226 1473
1227 1228
1227 1260
1227 1281
1227 1282
1228 1241
1228 1246
1228 1247
1228 1248
1228 1260
1229 1232
1229 1233
1229 1280
1230 1232
1230 1237
1230 1245
1231 1250
1231 1263
1231 1264
1231 1276
1231 1277
1232 1245
1232 1249
1232 1278
1232 1280
1233 1280
1233 1284
1233 1655
1233 1656
1234 1235
1234 1236
1234 1238
1234 1240
1234 1286
1234 1345
1235 1236
1235 1246
1235 1247
1235 1285
1235 1286
1235 1314
1236 1238
1236 1314
1236 1315
1236 1316
1236 1320
1237 1245
1237 1424
1237 1430
1238 1239
1238 1240
1238 1320
1238 1338
1239 1240
1239 1333
1239 1334
1239 1338
1239 1372
1240 1345
1240 1346
1240 1372
1241 1242
1241 1243
1241 1248
1242 1243
1242 1244
1242 1460
1242 1473
1243 1244
1243 1248
1243 1303
1243 1307
1244 1303
1244 1460
1245 1249
1245 1430
1246 1247
1246 1260
1246 1283
1246 1285
1247 1248
1247 1309
1247 1312
1247 1314
1248 1307
1248 1309
1249 1278
1249 1279
1249 1430
1249 1444
1249 1464
1250 1264
1250 1287
1250 1389
1251 1252
1251 1253
1251 1261
1251 1271
1251 1273
1251 1275
1252 1253
1252 1254
1252 1261
1252 1262
1252 1291
1252 1292
1252 1293
1253 1254
1253 1255
1253 1270
1253 1271
1254 1255
1254 1256
1254 1289
1254 1291
1255 1256
1255 1257
1255 1266
1255 1268
1255 1270
1256 1257
1256 1258
1256 1288
1256 1289
1257 1258
1257 1259
1257 1266
1258 1259
1258 1288
1259 1288
1259 1552
1259 1553
1260 1282
1260 1283
1261 1262
1261 1263
1261 1275
1261 1276
1262 1263
1262 1264
1262 1293
1262 1294
1263 1264
1263 1276
1264 1287
1264 1294
1264 1295
1265 1266
1265 1267
1265 1682
1265 1683
1266 1267
1266 1268
1267 1268
1267 1682
1267 1692
1268 1269
1268 1270
1268 1692
1269 1270
1269 1271
1269 1272
1269 1688
1269 1689
1269 1692
1270 1271
1271 1272
1271 1273
1272 1273
1272 1688
1273 1274
1273 1275
1273 1657
1273 1686
1273 1688
1274 1275
1274 1276
1274 1277
1274 1686
1275 1276
1276 1277
1277 1685
1277 1686
1278 1279
1278 1280
1278 1469
1278 1471
1279 1464
1279 1465
1279 1469
1280 1284
1280 1466
1280 1471
1281 1282
1281 1457
1282 1283
1283 1285
1283 1290
1284 1466
1284 1655
1284 1660
1284 1724
1285 1290
1286 1301
1286 1345
1286 1351
1287 1295
1287 1342
1287 1389
1287 1390
1288 1289
1288 1296
1288 1297
1288 1552
1289 1291
1289 1297
1289 1305
1289 1310
1290 1298
1291 1292
1291 1310
1292 1293
1292 1310
1292 1322
1292 1323
1293 1294
1293 1323
1293 1324
1294 1295
1294 1324
1294 1325
1295 1325
1295 1336
1295 1342
1296 1297
1296 1299
1296 1300
1296 1552
1296 1573
1296 1577
1297 1299
1297 1304
1297 1305
1299 1300
1299 1304
1300 1577
1301 1302
1301 1351
1301 1410
1303 1307
1303 1448
1303 1460
1303 1498
1304 1305
1304 1306
1305 1306
1305 1310
1306 1310
1307 1308
1307 1309
1307 1448
1308 1309
1308 1311
1308 1375
1308 1448
1308 1629
1308 1632
1309 1311
1309 1312
1310 1317
1310 1318
1310 1321
1310 1322
1311 1312
1311 1313
1311 1376
1311 1628
1311 1629
1312 1313
1312 1314
1313 1314
1313 1315
1313 1382
1313 1383
1313 1628
1314 1315
1315 1316
1315 1383
1315 1626
1316 1319
1316 1320
1316 1533
1316 1626
1317 1318
1318 1321
1319 1320
1319 1326
1319 1328
1319 1533
1320 1328
1320 1337
1320 1338
1320 1341
1321 1322
1322 1323
1322 1330
1323 1324
1323 1330
1323 1331
1323 1332
1324 1325
1324 1332
1324 1335
1325 1335
1325 1336
1325 1339
1325 1340
1326 1327
1326 1328
1326 1532
1326 1533
1327 1328
1327 1329
1327 1532
1327 1546
1327 1624
1328 1329
1328 1341
1329 1337
1329 1341
1329 1344
1329 1546
1329 1547
1329 1548
1330 1331
1332 1335
1333 1334
1333 1344
1333 1346
1333 1347
1333 1372
1333 1378
1334 1337
1334 1338
1334 1344
1336 1339
1336 1342
1336 1343
1336 1392
1337 1338
1337 1341
1337 1344
1339 1340
1339 1343
1342 1390
1342 1392
1342 1393
1343 1392
1343 1394
1344 1378
1344 1379
1344 1385
1344 1548
1344 1551
1345 1346
1345 1347
1345 1351
1346 1347
1346 1372
1347 1351
1347 1377
1347 1378
1348 1349
1348 1350
1348 1352
1348 1373
1348 1580
1349 1350
1349 1352
1349 1353
1350 1353
1350 1354
1350 1373
1350 1374
1351 1368
1351 1377
1352 1580
1352 1581
1353 1354
1353 1355
1354 1355
1354 1356
1354 1374
1354 1375
1355 1356
1355 1357
1356 1357
1356 1358
1356 1375
1356 1376
1357 1358
1357 1359
1358 1359
1358 1360
1358 1376
1358 1382
1358 1628
1359 1360
1359 1361
1360 1361
1360 1362
1360 1382
1360 1383
1360 1384
1361 1362
1361 1363
1362 1363
1362 1364
1362 1384
1362 1386
1363 1364
1363 1365
1364 1365
1364 1366
1364 1367
1364 1386
1364 1387
1366 1367
1366 1369
1367 1369
1367 1370
1367 1387
1367 1388
1368 1371
1368 1377
1368 1391
1369 1370
1369 1399
1369 1400
1370 1388
1370 1399
1370 1401
1371 1391
1371 1402
1371 1449
1371 1539
1373 1374
1373 1498
1373 1578
1373 1580
1374 1375
1374 1448
1374 1498
1374 1632
1375 1376
1375 1629
1375 1632
1376 1628
1376 1629
1377 1378
1377 1380
1377 1391
1378 1379
1378 1380
1379 1380
1379 1381
1379 1385
1380 1381
1380 1391
1381 1385
1381 1391
1381 1395
1381 1396
1381 1554
1382 1383
1382 1628
1383 1384
1383 1626
1384 1386
1384 1533
1384 1626
1385 1551
1385 1554
1386 1387
1386 1532
1386 1533
1387 1388
1387 1532
1387 1624
1388 1401
1388 1623
1388 1624
1389 1390
1389 1421
1389 1424
1390 1393
1390 1413
1390 1421
1391 1396
1391 1402
1392 1393
1392 1394
1392 1414
1393 1413
1393 1414
1394 1414
1395 1396
1395 1397
1395 1453
1395 1455
1395 1554
1396 1397
1396 1398
1396 1402
1397 1398
1397 1455
1397 1556
1398 1402
1398 1535
1398 1556
1398 1572
1398 1574
1399 1400
1399 1401
1399 1416
1399 1420
1400 1416
1400 1417
1401 1420
1401 1622
1401 1623
1402 1449
1402 1535
1402 1544
1403 1404
1403 1409
1404 1405
1404 1407
1404 1409
1404 1534
1404 1562
1404 1565
1405 1443
1405 1531
1405 1534
1406 1407
1406 1408
1406 1411
1406 1412
1406 1566
1406 1568
1407 1408
1407 1409
1407 1565
1407 1566
1408 1409
1408 1412
1410 1411
1410 1412
1410 1422
1411 1412
1411 1422
1411 1540
1411 1568
1413 1414
1413 1415
1413 1421
1413 1426
1413 1427
1414 1415
1416 1417
1416 1418
1416 1420
1417 1418
1417 1419
1418 1419
1418 1420
1418 1423
1418 1621
1418 1622
1419 1423
1419 1428
1420 1622
1421 1424
1421 1425
1421 1426
1422 1537
1422 1540
1423 1428
1423 1429
1423 1617
1423 1621
1424 1425
1424 1430
1425 1426
1425 1430
1425 1434
1425 1435
1426 1427
1426 1431
1426 1435
1427 1431
1428 1429
1428 1432
1428 1433
1428 1437
1428 1439
1429 1439
1429 1617
1430 1434
1430 1444
1431 1435
1431 1436
1432 1433
1432 1437
1432 1438
1434 1435
1434 1440
1434 1444
1434 1445
1435 1436
1435 1440
1435 1441
1437 1438
1437 1439
1437 1442
1438 1442
1438 1452
1439 1442
1439 1616
1439 1617
1440 1441
1440 1445
1440 1446
1441 1446
1442 1452
1442 1453
1442 1454
1442 1462
1442 1616
1443 1489
1443 1523
1443 1531
1444 1445
1444 1447
1444 1464
1445 1446
1445 1447
1446 1447
1446 1490
1447 1464
1447 1465
1447 1474
1447 1486
1447 1488
1447 1490
1448 1498
1448 1632
1449 1539
1449 1541
1449 1542
1449 1544
1450 1451
1450 1476
1450 1487
1450 1489
1450 1496
1451 1457
1451 1458
1451 1472
1451 1476
1452 1462
1452 1463
1453 1454
1453 1455
1453 1554
1453 1616
1454 1455
1454 1462
1454 1614
1455 1556
1455 1614
1456 1457
1456 1458
1456 1473
1457 1458
1458 1461
1458 1472
1458 1473
1458 1481
1459 1460
1459 1461
1459 1502
1459 1506
1459 1507
1460 1461
1460 1473
1460 1498
1460 1502
1461 1473
1461 1481
1461 1507
1461 1512
1462 1463
1462 1495
1462 1614
1463 1491
1463 1492
1463 1493
1463 1495
1464 1465
1465 1469
1465 1470
1465 1474
1465 1475
1466 1467
1466 1468
1466 1471
1466 1724
1467 1468
1467 1478
1467 1724
1467 1725
1467 1726
1468 1470
1468 1471
1468 1477
1468 1478
1469 1470
1469 1471
1470 1471
1470 1475
1470 1477
1472 1476
1472 1481
1472 1482
1474 1475
1474 1480
1474 1486
1475 1477
1475 1479
1475 1480
1475 1483
1476 1482
1476 1487
1477 1478
1477 1483
1477 1484
1477 1485
1478 1485
1478 1726
1478 1727
1478 1728
1479 1480
1479 1483
1480 1486
1481 1482
1481 1512
1481 1513
1482 1513
1483 1484
1484 1485
1485 1727
1486 1488
1487 1496
1488 1490
1489 1496
1489 1523
1489 1524
1491 1492
1491 1493
1491 1494
1492 1494
1492 1495
1492 1497
1492 1499
1492 1504
1492 1505
1494 1497
1495 1504
1495 1614
1495 1615
1496 1524
1496 1528
1497 1499
1498 1502
1498 1578
1499 1500
1499 1501
1499 1505
1500 1501
1500 1503
1501 1503
1501 1505
1501 1535
1501 1536
1501 1538
1501 1612
1502 1506
1502 1576
1502 1578
1503 1538
1503 1543
1504 1505
1504 1574
1504 1612
1504 1615
1505 1612
1506 1507
1506 1575
1506 1576
1506 1579
1507 1512
1507 1579
1507 1582
1508 1509
1508 1510
1508 1673
1508 1711
1508 1714
1508 1723
1509 1510
1509 1511
1509 1719
1509 1722
1509 1723
1510 1511
1510 1707
1510 1709
1510 1711
1510 1715
1511 1514
1511 1515
1511 1715
1511 1719
1511 1720
1512 1513
1512 1582
1512 1583
1513 1583
1514 1515
1514 1719
1514 1721
1515 1720
1516 1517
1516 1518
1517 1518
1517 1519
1517 1520
1517 1525
1517 1699
1517 1717
1518 1699
1518 1701
1519 1520
1519 1521
1519 1525
1519 1529
1519 1557
1520 1521
1520 1592
1520 1593
1520 1699
1521 1523
1521 1524
1521 1557
1521 1592
1522 1530
1522 1586
1522 1589
1522 1590
1523 1524
1523 1531
1523 1561
1523 1592
1524 1528
1524 1557
1525 1526
1525 1527
1525 1529
1525 1717
1526 1527
1526 1691
1526 1694
1526 1717
1526 1718
1527 1529
1527 1590
1527 1691
1527 1695
1528 1530
1528 1557
1529 1530
1529 1557
1529 1590
1530 1557
1530 1590
1531 1534
1531 1561
1531 1562
1532 1533
1532 1624
1533 1626
1534 1562
1535 1536
1535 1544
1535 1572
1535 1612
1536 1538
1536 1544
1536 1611
1537 1539
1537 1540
1537 1541
1538 1543
1538 1545
1538 1549
1538 1550
1538 1611
1539 1541
1540 1541
1540 1542
1540 1568
1541 1542
1542 1544
1542 1568
1542 1570
1543 1545
1544 1570
1544 1611
1546 1547
1546 1623
1546 1624
1547 1548
1547 1621
1547 1622
1547 1623
1548 1551
1548 1617
1548 1621
1549 1550
1549 1611
1549 1735
1549 1736
1549 1743
1550 1743
1551 1554
1551 1617
1552 1553
1552 1558
1552 1573
1553 1555
1553 1558
1554 1616
1554 1617
1555 1558
1555 1559
1555 1560
1556 1574
1556 1614
1556 1615
1558 1559
1558 1573
1558 1591
1559 1560
1559 1563
1559 1564
1559 1591
1559 1599
1560 1563
1561 1562
1561 1592
1561 1593
1561 1595
1562 1565
1562 1595
1562 1596
1563 1564
1563 1567
1564 1567
1564 1569
1564 1599
1564 1613
1565 1566
1565 1596
1565 1600
1565 1636
1566 1568
1566 1600
1566 1602
1567 1569
1567 1571
1568 1570
1568 1602
1568 1605
1568 1607
1569 1571
1569 1613
1569 1625
1569 1633
1569 1648
1570 1607
1570 1611
1570 1736
1571 1646
1571 1647
1571 1648
1572 1574
1572 1612
1573 1577
1573 1584
1573 1591
1573 1594
1574 1612
1574 1615
1575 1576
1575 1579
1575 1587
1575 1597
1575 1610
1576 1578
1576 1580
1576 1587
1577 1584
1578 1580
1579 1582
1579 1610
1580 1581
1580 1587
1581 1587
1581 1588
1582 1583
1582 1608
1582 1610
1582 1620
1583 1620
1583 1631
1584 1594
1585 1586
1585 1631
1585 1645
1585 1677
1586 1589
1586 1677
1587 1588
1587 1597
1588 1597
1588 1598
1589 1590
1589 1668
1589 1669
1589 1677
1589 1695
1590 1695
1591 1594
1591 1599
1591 1601
1591 1603
1592 1593
1593 1595
1593 1698
1593 1699
1593 1700
1594 1601
1595 1596
1595 1697
1595 1698
1596 1636
1596 1696
1596 1697
1597 1598
1597 1606
1597 1610
1598 1606
1599 1603
1599 1604
1599 1613
1600 1602
1600 1636
1600 1637
1602 1605
1602 1637
1602 1731
1603 1604
1604 1613
1604 1618
1605 1607
1605 1731
1605 1733
1606 1608
1606 1609
1606 1610
1607 1733
1607 1735
1607 1736
1608 1609
1608 1610
1608 1619
1608 1620
1609 1619
1611 1736
1613 1618
1613 1625
1613 1627
1614 1615
1616 1617
1617 1621
1618 1627
1619 1620
1619 1630
1620 1630
1620 1631
1621 1622
1622 1623
1623 1624
1625 1627
1625 1633
1625 1634
1627 1634
1630 1631
1630 1635
1631 1635
1631 1645
1633 1634
1633 1648
1633 1659
1633 1666
1633 1681
1635 1645
1635 1678
1636 1637
1636 1638
1636 1639
1636 1696
1637 1638
1637 1731
1637 1744
1638 1639
1638 1744
1639 1696
1639 1703
1640 1641
1640 1642
1640 1740
1641 1642
1641 1643
1641 1644
1641 1732
1641 1734
1641 1740
1642 1643
1642 1706
1643 1644
1643 1706
1643 1707
1643 1708
1643 1709
1644 1649
1644 1650
1644 1709
1644 1732
1645 1677
1645 1678
1646 1647
1646 1684
1646 1722
1646 1723
1647 1648
1647 1653
1647 1684
1647 1687
1648 1653
1648 1659
1649 1650
1649 1651
1649 1729
1649 1730
1649 1732
1650 1651
1650 1652
1650 1709
1650 1710
1650 1711
1651 1652
1651 1654
1651 1729
1652 1654
1652 1662
1652 1664
1652 1665
1652 1710
1653 1659
1653 1661
1653 1667
1653 1687
1653 1690
1654 1657
1654 1658
1654 1660
1654 1662
1654 1729
1655 1656
1655 1660
1656 1658
1656 1660
1656 1679
1656 1680
1657 1658
1657 1662
1657 1676
1657 1679
1657 1686
1657 1688
1658 1660
1658 1679
1659 1661
1659 1666
1660 1724
1660 1729
1660 1730
1661 1666
1661 1667
1662 1665
1662 1676
1663 1664
1663 1665
1663 1671
1663 1672
1663 1682
1663 1689
1663 1692
1664 1665
1664 1671
1664 1710
1664 1714
1665 1676
1665 1689
1666 1681
1667 1690
1668 1669
1668 1670
1668 1677
1668 1678
1669 1670
1669 1691
1669 1695
1670 1691
1671 1672
1671 1673
1671 1714
1672 1673
1672 1674
1672 1682
1673 1674
1673 1675
1673 1714
1673 1723
1674 1675
1674 1682
1674 1683
1676 1688
1676 1689
1677 1678
1679 1680
1679 1685
1679 1686
1680 1685
1682 1683
1682 1692
1684 1687
1684 1719
1684 1722
1685 1686
1687 1690
1687 1693
1687 1719
1688 1689
1689 1692
1690 1693
1691 1694
1691 1695
1693 1719
1696 1697
1696 1703
1697 1698
1697 1703
1697 1704
1698 1700
1698 1702
1698 1704
1698 1705
1699 1700
1699 1701
1700 1701
1700 1702
1701 1702
1703 1704
1704 1705
1706 1708
1707 1708
1707 1709
1707 1712
1707 1713
1707 1715
1707 1716
1709 1711
1710 1711
1710 1714
1711 1714
1712 1713
1715 1716
1715 1720
1716 1720
1717 1718
1719 1721
1719 1722
1722 1723
1724 1725
1724 1730
1725 1726
1725 1730
1725 1732
1725 1734
1726 1728
1726 1734
1726 1737
1726 1738
1727 1728
1728 1737
1729 1730
1730 1732
1731 1733
1731 1741
1731 1744
1732 1734
1733 1735
1733 1741
1733 1742
1734 1738
1734 1739
1734 1740
1735 1736
1735 1742
1735 1743
1738 1739
1741 1742
1741 1744
1742 1743
1745 1746
1745 1747
1745 1748
1745 1771
1745 1977
1745 1978
1746 1747
1746 1748
1746 1751
1746 1974
1746 2016
1747 1978
1747 2016
1747 2018
1748 1749
1748 1751
1748 1770
1748 1771
1749 1750
1749 1751
1749 1752
1749 1770
1749 1775
1750 1751
1750 1752
1750 1960
1750 1961
1750 1971
1751 1971
1751 1974
1752 1774
1752 1775
1753 1754
1753 1755
1753 1758
1753 1759
1753 1915
1753 1916
1754 1755
1754 1756
1754 1758
1755 1756
1755 1915
1757 1758
1757 1759
1757 1760
1757 1763
1757 1918
1757 1919
1758 1759
1758 1760
1759 1916
1759 1917
1759 1918
1760 1762
1760 1763
1761 1762
1761 1763
1761 1764
1761 1920
1762 1763
1762 1764
1763 1919
1763 1920
1765 1766
1765 1767
1765 1768
1765 1969
1765 1973
1765 2065
1766 1767
1766 1788
1766 1969
1766 1972
1767 1768
1767 1788
1767 1790
1767 1921
1767 1922
1768 1922
1768 2065
1768 2067
1769 1770
1769 1771
1769 1772
1769 1857
1769 1979
1769 1982
1769 1999
1770 1771
1770 1772
1770 1775
1771 1977
1771 1979
1772 1773
1772 1775
1772 1857
1772 1858
1773 1774
1773 1775
1773 1776
1773 1858
1773 1859
1774 1775
1774 1776
1774 1777
1776 1777
1776 1778
1776 1859
1776 1860
1777 1778
1777 1781
1778 1779
1778 1781
1778 1860
1778 1861
1779 1780
1779 1781
1779 1782
1779 1861
1779 1862
1779 1863
1780 1781
1780 1782
1780 1784
1780 1786
1782 1786
1782 1863
1782 1865
1783 1784
1783 1785
1783 1788
1783 1789
1783 1972
1784 1785
1784 1786
1785 1786
1785 1789
1785 1864
1785 1867
1786 1864
1786 1865
1787 1788
1787 1789
1787 1790
1787 1866
1787 1867
1787 1912
1787 1913
1788 1789
1788 1790
1788 1972
1789 1867
1790 1913
1790 1914
1790 1921
1791 1792
1791 1793
1791 1794
1791 1835
1791 1987
1791 1996
1791 1998
1791 2003
1791 2004
1792 1793
1792 1794
1792 1797
1792 1846
1792 1849
1793 1846
1793 1847
1793 1998
1794 1795
1794 1797
1794 1835
1794 1836
1795 1796
1795 1797
1795 1798
1795 1836
1795 1837
1796 1797
1796 1798
1796 1799
1796 1848
1796 1850
1797 1848
1797 1849
1798 1799
1798 1800
1798 1837
1798 1838
1799 1800
1799 1803
1799 1850
1799 1851
1800 1801
1800 1803
1800 1838
1800 1839
1801 1802
1801 1803
1801 1839
1801 1840
1801 1841
1802 1803
1802 1804
1802 1808
1802 1840
1803 1804
1803 1851
1804 1806
1804 1808
1804 1851
1804 1852
1805 1806
1805 1807
1805 1809
1805 1811
1805 1853
1805 1854
1805 1856
1806 1807
1806 1808
1806 1852
1806 1853
1807 1808
1807 1809
1807 1842
1807 1843
1808 1840
1808 1843
1809 1810
1809 1811
1809 1842
1809 1845
1810 1811
1810 1812
1810 1844
1810 1845
1810 1900
1810 1923
1811 1812
1811 1855
1811 1856
1812 1855
1812 1910
1812 1923
1812 1929
1813 1814
1813 1815
1813 1816
1813 1868
1813 1993
1814 1815
1814 1816
1814 1819
1814 1835
1814 1836
1815 1835
1815 1993
1815 1994
1816 1817
1816 1819
1816 1868
1816 1869
1817 1818
1817 1819
1817 1820
1817 1869
1817 1874
1818 1819
1818 1820
1818 1821
1818 1837
1818 1838
1819 1836
1819 1837
1820 1821
1820 1822
1820 1873
1820 1874
1821 1822
1821 1823
1821 1838
1821 1839
1822 1823
1822 1824
1822 1873
1822 1876
1822 1879
1823 1824
1823 1825
1823 1826
1823 1839
1823 1840
1823 1841
1824 1825
1824 1879
1824 1881
1825 1826
1825 1828
1825 1881
1825 1884
1826 1828
1826 1830
1826 1840
1826 1843
1827 1828
1827 1829
1827 1830
1827 1834
1827 1842
1827 1845
1828 1829
1828 1830
1828 1884
1828 1885
1829 1832
1829 1834
1829 1885
1829 1887
1830 1842
1830 1843
1831 1832
1831 1833
1831 1834
1831 1844
1831 1906
1832 1833
1832 1834
1832 1887
1832 1889
1833 1889
1833 1904
1833 1906
1834 1844
1834 1845
1835 1836
1835 1994
1835 2004
1836 1837
1837 1838
1838 1839
1839 1841
1840 1841
1840 1843
1842 1843
1842 1845
1844 1845
1844 1900
1844 1901
1844 1906
1846 1847
1846 1849
1846 1857
1846 1858
1847 1857
1847 1997
1847 1998
1847 1999
1848 1849
1848 1850
1848 1859
1848 1860
1849 1858
1849 1859
1850 1851
1850 1860
1850 1861
1851 1852
1851 1861
1851 1862
1852 1853
1852 1862
1852 1863
1852 1865
1853 1854
1853 1864
1853 1865
1854 1856
1854 1864
1854 1867
1855 1856
1855 1866
1855 1910
1855 1911
1855 1912
1856 1866
1856 1867
1857 1858
1857 1999
1858 1859
1859 1860
1860 1861
1861 1862
1862 1863
1863 1865
1864 1865
1864 1867
1866 1867
1866 1912
1868 1869
1868 1870
1868 1993
1868 2030
1868 2031
1869 1870
1869 1871
1869 1874
1870 1871
1870 2031
1870 2180
1870 2181
1871 1872
1871 1874
1871 2179
1871 2180
1872 1873
1872 1874
1872 1875
1872 2178
1872 2179
1873 1874
1873 1875
1873 1876
1875 1876
1875 1877
1875 2177
1875 2178
1876 1877
1876 1879
1877 1879
1877 1880
1877 2176
1877 2177
1878 1879
1878 1880
1878 1881
1878 1882
1878 2175
1878 2176
1879 1880
1879 1881
1880 2176
1881 1882
1881 1884
1882 1883
1882 1884
1882 2174
1882 2175
1883 1884
1883 1885
1883 1888
1883 2173
1883 2174
1884 1885
1885 1887
1885 1888
1886 1887
1886 1888
1886 1889
1886 1894
1886 2170
1886 2172
1887 1888
1887 1889
1888 2172
1888 2173
1889 1894
1889 1895
1889 1904
1890 1891
1890 1892
1890 1893
1890 2080
1890 2168
1890 2169
1891 1892
1891 1893
1891 1895
1891 1908
1891 1909
1892 1894
1892 1895
1892 2169
1892 2171
1893 1898
1893 1908
1893 2080
1893 2081
1893 2082
1894 1895
1894 2170
1894 2171
1895 1904
1895 1905
1895 1909
1896 1897
1896 1898
1896 1899
1896 1925
1896 1927
1896 2083
1896 2084
1897 1898
1897 1899
1897 1901
1897 1902
1897 1903
1897 1907
1898 1902
1898 1908
1898 2082
1898 2083
1899 1900
1899 1901
1899 1925
1899 1926
1900 1901
1900 1923
1900 1924
1900 1926
1901 1906
1901 1907
1902 1903
1902 1908
1902 1909
1903 1905
1903 1907
1903 1909
1904 1905
1904 1906
1904 1907
1905 1907
1905 1909
1906 1907
1908 1909
1910 1911
1910 1929
1911 1912
1911 1929
1911 1930
1912 1913
1912 1930
1912 1931
1913 1914
1913 1931
1913 1939
1913 1940
1914 1921
1914 1940
1915 1916
1916 1917
1917 1918
1918 1919
1919 1920
1921 1922
1921 1940
1921 1942
1921 1947
1922 1947
1922 2067
1923 1924
1923 1929
1924 1926
1924 1929
1924 1938
1925 1926
1925 1927
1925 1928
1925 1937
1926 1937
1926 1938
1927 1928
1927 1933
1927 1936
1927 2084
1927 2085
1928 1933
1928 1935
1928 1937
1929 1930
1929 1938
1930 1931
1930 1932
1930 1938
1931 1932
1931 1934
1931 1935
1931 1939
1932 1935
1932 1937
1932 1938
1933 1934
1933 1935
1933 1936
1934 1935
1934 1936
1934 1939
1934 1943
1935 1937
1936 1943
1936 1944
1936 2085
1936 2086
1937 1938
1939 1940
1939 1941
1939 1943
1940 1941
1940 1942
1941 1942
1941 1943
1941 1946
1941 1954
1942 1947
1942 1954
1942 1957
1943 1944
1943 1945
1943 1946
1944 1945
1944 1948
1944 2086
1945 1946
1945 1948
1945 1949
1945 1955
1946 1954
1946 1955
1947 1956
1947 1957
1947 2067
1947 2073
1947 2077
1948 1949
1948 1950
1948 1952
1948 2086
1948 2087
1948 2088
1949 1952
1949 1955
1950 1951
1950 1952
1950 1953
1950 2088
1950 2089
1951 1952
1951 1953
1951 1958
1951 1959
1951 2079
1952 1955
1952 1958
1953 2079
1953 2089
1953 2113
1953 2115
1954 1955
1954 1957
1954 1958
1955 1958
1956 1957
1956 1959
1956 2073
1956 2079
1956 2574
1957 1958
1957 1959
1958 1959
1959 2079
1960 1961
1960 1962
1960 1971
1960 2057
1960 2058
1960 2059
1961 1962
1961 1964
1962 1964
1962 1966
1962 2059
1962 2060
1963 1964
1963 1965
1963 1966
1963 1970
1963 2061
1963 2062
1964 1965
1964 1966
1965 1968
1965 1970
1966 2060
1966 2061
1967 1968
1967 1969
1967 1970
1967 1973
1967 2063
1967 2064
1968 1969
1968 1970
1969 1972
1969 1973
1970 2062
1970 2063
1971 1974
1971 2056
1971 2057
1973 2064
1973 2065
1973 2066
1973 2068
1974 2016
1974 2017
1974 2055
1974 2056
1975 1976
1975 1977
1975 1978
1975 2007
1975 2008
1975 2019
1976 1977
1976 1979
1976 1980
1976 2007
1976 2009
1977 1978
1977 1979
1978 2018
1978 2019
1979 1980
1979 1981
1979 1982
1980 1981
1980 2009
1981 1982
1981 2000
1981 2001
1981 2002
1981 2009
1982 1999
1982 2000
1983 1984
1983 1985
1983 1986
1983 2006
1984 1985
1984 1987
1984 1988
1984 2003
1984 2006
1985 1986
1985 1988
1985 2001
1986 2001
1986 2006
1986 2011
1987 1988
1987 1995
1987 1996
1987 2003
1988 1995
1988 2000
1988 2001
1989 1990
1989 1991
1989 1992
1989 1993
1989 2030
1989 2032
1990 1991
1990 1992
1990 2005
1990 2032
1991 2032
1992 1993
1992 1994
1992 2004
1992 2005
1993 1994
1993 2030
1994 2004
1995 1996
1995 1997
1995 1999
1995 2000
1996 1997
1996 1998
1997 1998
1997 1999
1999 2000
2000 2001
2001 2002
2001 2011
2002 2009
2002 2010
2002 2011
2002 2012
2003 2004
2003 2005
2003 2006
2004 2005
2005 2006
2005 2032
2005 2036
2005 2037
2006 2011
2006 2037
2006 2038
2007 2008
2007 2009
2007 2010
2007 2014
2007 2015
2008 2015
2008 2019
2008 2025
2008 2027
2009 2010
2010 2012
2010 2013
2010 2014
2011 2012
2011 2038
2011 2039
2012 2013
2012 2039
2012 2040
2012 2042
2013 2014
2013 2020
2013 2040
2014 2015
2014 2020
2014 2021
2015 2021
2015 2022
2015 2023
2015 2024
2015 2025
2016 2017
2016 2018
2016 2028
2017 2028
2017 2055
2018 2019
2018 2026
2018 2028
2018 2029
2018 2334
2019 2026
2019 2027
2020 2021
2020 2040
2020 2041
2021 2022
2021 2041
2021 2045
2022 2023
2022 2045
2022 2048
2023 2024
2023 2048
2024 2025
2024 2048
2024 2050
2025 2027
2025 2049
2025 2050
2026 2027
2026 2051
2026 2052
2026 2334
2027 2049
2027 2052
2028 2029
2028 2053
2028 2054
2028 2055
2029 2053
2029 2334
2029 2335
2030 2031
2030 2032
2030 2033
2031 2033
2031 2118
2031 2181
2031 2182
2032 2033
2032 2034
2032 2035
2032 2036
2033 2034
2033 2118
2034 2035
2034 2116
2034 2118
2035 2036
2035 2116
2035 2117
2035 2119
2036 2037
2036 2119
2036 2120
2037 2038
2037 2120
2037 2121
2038 2039
2038 2121
2038 2122
2039 2042
2039 2122
2040 2041
2040 2042
2040 2044
2041 2043
2041 2044
2041 2045
2042 2044
2042 2122
2042 2123
2042 2124
2043 2044
2043 2045
2043 2046
2043 2125
2043 2126
2044 2124
2044 2126
2045 2046
2045 2047
2045 2048
2046 2047
2046 2125
2046 2127
2046 2128
2047 2048
2047 2090
2047 2128
2047 2129
2048 2050
2048 2090
2049 2050
2049 2052
2049 2091
2049 2092
2050 2090
2050 2092
2051 2052
2051 2093
2051 2094
2051 2334
2051 2335
2052 2091
2052 2093
2053 2054
2053 2095
2053 2335
2053 2336
2054 2055
2054 2095
2054 2096
2055 2056
2055 2096
2055 2097
2056 2057
2056 2097
2056 2098
2057 2058
2057 2098
2057 2099
2058 2059
2058 2099
2058 2100
2059 2060
2059 2100
2059 2101
2059 2102
2060 2061
2060 2102
2060 2103
2061 2062
2061 2103
2061 2104
2062 2063
2062 2104
2062 2105
2063 2064
2063 2105
2063 2106
2064 2068
2064 2106
2064 2107
2065 2066
2065 2067
2065 2070
2066 2068
2066 2070
2067 2070
2067 2071
2067 2072
2067 2077
2068 2069
2068 2070
2068 2107
2069 2070
2069 2072
2069 2075
2069 2107
2069 2108
2070 2072
2071 2072
2071 2074
2071 2077
2071 2078
2072 2074
2072 2075
2073 2076
2073 2077
2073 2574
2074 2075
2074 2078
2074 2109
2074 2112
2075 2108
2075 2109
2075 2110
2076 2077
2076 2078
2076 2111
2076 2574
2076 2575
2077 2078
2078 2111
2078 2112
2079 2113
2079 2114
2079 2574
2080 2081
2080 2167
2080 2168
2081 2082
2081 2165
2081 2166
2081 2167
2082 2083
2082 2164
2082 2165
2083 2084
2083 2163
2083 2164
2084 2085
2084 2163
2085 2086
2085 2162
2085 2163
2086 2087
2086 2160
2086 2162
2087 2088
2087 2159
2087 2160
2087 2161
2088 2089
2088 2158
2088 2159
2089 2115
2089 2157
2089 2158
2090 2092
2090 2129
2090 2130
2091 2092
2091 2093
2091 2131
2091 2132
2092 2130
2092 2131
2093 2094
2093 2132
2093 2133
2094 2133
2094 2134
2094 2335
2094 2336
2095 2096
2095 2135
2095 2136
2095 2336
2095 2337
2096 2097
2096 2135
2096 2138
2097 2098
2097 2137
2097 2138
2098 2099
2098 2137
2098 2139
2099 2100
2099 2139
2099 2140
2100 2101
2100 2140
2100 2141
2101 2102
2101 2141
2101 2142
2102 2103
2102 2142
2102 2143
2103 2104
2103 2143
2104 2105
2104 2143
2104 2144
2105 2106
2105 2144
2105 2145
2106 2107
2106 2145
2106 2146
2107 2108
2107 2146
2107 2147
2108 2110
2108 2147
2108 2148
2109 2110
2109 2112
2109 2149
2109 2152
2110 2148
2110 2149
2110 2150
2111 2112
2111 2151
2111 2575
2111 2576
2112 2151
2112 2152
2113 2114
2113 2115
2113 2153
2113 2155
2114 2153
2114 2154
2114 2574
2114 2575
2115 2155
2115 2156
2115 2157
2116 2117
2116 2118
2116 2441
2117 2119
2117 2440
2117 2441
2118 2182
2118 2441
2118 2442
2118 2443
2119 2120
2119 2439
2119 2440
2120 2121
2120 2438
2120 2439
2121 2122
2121 2437
2121 2438
2122 2123
2122 2436
2122 2437
2123 2124
2123 2434
2123 2436
2124 2126
2124 2433
2124 2434
2124 2435
2125 2126
2125 2127
2125 2431
2125 2432
2126 2432
2126 2433
2127 2128
2127 2430
2127 2431
2128 2129
2128 2429
2128 2430
2129 2130
2129 2428
2129 2429
2130 2131
2130 2427
2130 2428
2131 2132
2131 2427
2132 2133
2132 2426
2132 2427
2133 2134
2133 2330
2133 2426
2134 2330
2134 2331
2134 2336
2134 2337
2135 2136
2135 2138
2135 2283
2135 2284
2136 2283
2136 2337
2136 2338
2137 2138
2137 2139
2137 2282
2137 2285
2138 2284
2138 2285
2139 2140
2139 2281
2139 2282
2140 2141
2140 2280
2140 2281
2141 2142
2141 2184
2141 2279
2141 2280
2142 2143
2142 2183
2142 2184
2143 2144
2143 2183
2143 2352
2144 2145
2144 2352
2144 2353
2145 2146
2145 2353
2145 2354
2146 2147
2146 2354
2146 2355
2147 2148
2147 2355
2147 2356
2148 2150
2148 2356
2148 2358
2149 2150
2149 2152
2149 2357
2149 2360
2150 2357
2150 2358
2151 2152
2151 2359
2151 2576
2151 2577
2152 2359
2152 2360
2153 2154
2153 2155
2153 2361
2153 2470
2154 2361
2154 2362
2154 2575
2154 2576
2155 2156
2155 2470
2156 2157
2156 2469
2156 2470
2157 2158
2157 2468
2157 2469
2158 2159
2158 2466
2158 2468
2159 2161
2159 2465
2159 2466
2159 2467
2160 2161
2160 2162
2160 2464
2161 2464
2161 2465
2162 2163
2162 2462
2162 2463
2162 2464
2163 2164
2163 2462
2164 2165
2164 2461
2164 2462
2165 2166
2165 2460
2165 2461
2166 2167
2166 2459
2166 2460
2167 2168
2167 2457
2167 2458
2167 2459
2168 2169
2168 2456
2168 2457
2169 2171
2169 2455
2169 2456
2170 2171
2170 2172
2170 2453
2170 2454
2171 2454
2171 2455
2172 2173
2172 2452
2172 2453
2173 2174
2173 2451
2173 2452
2174 2175
2174 2450
2174 2451
2175 2176
2175 2449
2175 2450
2176 2177
2176 2448
2176 2449
2177 2178
2177 2447
2177 2448
2178 2179
2178 2446
2178 2447
2179 2180
2179 2445
2179 2446
2180 2181
2180 2444
2180 2445
2181 2182
2181 2444
2182 2443
2182 2444
2183 2184
2183 2185
2183 2352
2183 2363
2184 2185
2184 2186
2184 2279
2185 2186
2185 2193
2185 2194
2185 2363
2186 2193
2186 2279
2186 2288
2186 2299
2187 2188
2187 2189
2187 2190
2187 2191
2187 2192
2187 2368
2188 2189
2188 2190
2188 2300
2189 2368
2189 2369
2190 2191
2190 2300
2190 2301
2191 2192
2191 2195
2191 2196
2191 2301
2191 2304
2191 2306
2192 2195
2192 2368
2192 2370
2192 2371
2193 2194
2193 2299
2194 2363
2194 2367
2195 2196
2195 2197
2195 2371
2195 2372
2196 2197
2196 2198
2196 2306
2196 2307
2197 2198
2197 2199
2197 2200
2197 2205
2197 2372
2198 2199
2198 2216
2198 2307
2199 2200
2199 2206
2199 2210
2199 2216
2200 2205
2200 2206
2201 2202
2201 2203
2201 2204
2201 2410
2201 2411
2202 2203
2202 2228
2202 2411
2202 2617
2202 2779
2203 2204
2203 2208
2203 2227
2203 2228
2204 2208
2204 2209
2204 2400
2204 2401
2204 2410
2205 2206
2205 2207
2205 2209
2205 2372
2205 2398
2206 2207
2206 2210
2206 2223
2206 2224
2207 2208
2207 2209
2207 2224
2207 2225
2207 2226
2208 2209
2208 2226
2208 2227
2209 2398
2209 2399
2209 2400
2210 2215
2210 2216
2210 2223
2210 2229
2211 2212
2211 2213
2211 2214
2211 2215
2211 2216
2211 2309
2211 2314
2212 2213
2212 2214
2212 2217
2212 2230
2212 2231
2213 2217
2213 2218
2213 2314
2213 2319
2214 2215
2214 2230
2215 2216
2215 2229
2215 2230
2216 2307
2216 2309
2217 2218
2217 2219
2217 2220
2217 2231
2217 2232
2218 2219
2218 2319
2218 2324
2218 2333
2219 2220
2219 2221
2219 2333
2219 2412
2220 2221
2220 2222
2220 2232
2220 2233
2220 2234
2221 2222
2221 2412
2222 2234
2222 2412
2222 2413
2222 2481
2222 2482
2223 2224
2223 2229
2223 2246
2223 2251
2224 2225
2224 2245
2224 2246
2225 2226
2225 2243
2225 2244
2225 2245
2226 2227
2226 2241
2226 2243
2227 2228
2227 2241
2227 2242
2228 2242
2228 2779
2228 2790
2228 2791
2228 2795
2229 2230
2229 2251
2229 2254
2230 2231
2230 2254
2231 2232
2231 2254
2231 2255
2231 2259
2232 2233
2232 2259
2233 2234
2233 2259
2233 2260
2233 2261
2234 2261
2234 2482
2234 2498
2234 2558
2235 2236
2235 2237
2235 2238
2235 2239
2235 2267
2236 2237
2236 2238
2236 2766
2236 2777
2236 2778
2237 2239
2237 2240
2237 2766
2237 2767
2238 2267
2238 2268
2238 2778
2238 2784
2239 2240
2239 2247
2239 2267
2239 2269
2240 2247
2240 2248
2240 2767
2240 2768
2240 2769
2241 2242
2241 2243
2241 2267
2241 2268
2242 2268
2242 2788
2242 2789
2242 2795
2242 2796
2243 2244
2243 2267
2243 2269
2244 2245
2244 2269
2244 2270
2245 2246
2245 2270
2245 2271
2245 2272
2246 2251
2246 2272
2246 2273
2247 2248
2247 2249
2247 2269
2247 2270
2247 2271
2248 2249
2248 2250
2248 2252
2248 2769
2248 2770
2248 2771
2249 2250
2249 2271
2250 2252
2250 2253
2250 2271
2250 2272
2251 2254
2251 2273
2251 2274
2252 2253
2252 2256
2252 2257
2252 2771
2252 2772
2252 2773
2253 2256
2253 2272
2253 2273
2254 2255
2254 2274
2255 2259
2255 2274
2255 2275
2255 2276
2256 2257
2256 2258
2256 2273
2256 2274
2256 2275
2257 2258
2257 2263
2257 2266
2257 2773
2257 2774
2257 2775
2257 2776
2258 2266
2258 2275
2259 2260
2259 2276
2260 2261
2260 2276
2260 2277
2260 2278
2261 2278
2261 2558
2261 2560
2262 2263
2262 2264
2262 2265
2262 2266
2262 2277
2262 2278
2263 2264
2263 2266
2263 2568
2263 2776
2264 2265
2264 2564
2264 2566
2264 2568
2265 2278
2265 2562
2265 2564
2266 2275
2266 2276
2266 2277
2267 2268
2267 2269
2268 2784
2268 2789
2269 2270
2270 2271
2271 2272
2272 2273
2273 2274
2274 2275
2275 2276
2276 2277
2277 2278
2278 2560
2278 2562
2279 2280
2279 2288
2280 2281
2280 2288
2280 2289
2281 2282
2281 2289
2281 2290
2282 2285
2282 2290
2282 2291
2283 2284
2283 2286
2283 2338
2283 2339
2284 2285
2284 2286
2284 2287
2285 2287
2285 2291
2285 2292
2286 2287
2286 2293
2286 2339
2286 2340
2287 2292
2287 2293
2287 2294
2288 2289
2288 2299
2289 2290
2289 2298
2289 2299
2290 2291
2290 2297
2290 2298
2291 2292
2291 2295
2291 2297
2292 2294
2292 2295
2292 2296
2293 2294
2293 2340
2294 2296
2295 2296
2295 2297
2297 2298
2298 2299
2300 2301
2300 2302
2300 2303
2301 2302
2301 2304
2302 2303
2302 2304
2302 2305
2302 2310
2303 2310
2303 2311
2304 2305
2304 2306
2304 2308
2305 2308
2305 2310
2305 2312
2305 2313
2306 2307
2306 2308
2306 2309
2307 2309
2308 2309
2308 2313
2308 2314
2309 2314
2310 2311
2310 2312
2310 2316
2311 2315
2311 2316
2312 2313
2312 2316
2312 2317
2312 2318
2313 2314
2313 2318
2313 2319
2314 2319
2315 2316
2315 2320
2315 2321
2316 2317
2316 2321
2317 2318
2317 2321
2317 2322
2317 2323
2318 2319
2318 2323
2318 2324
2319 2324
2320 2321
2320 2325
2320 2327
2321 2322
2321 2325
2322 2323
2322 2325
2322 2329
2323 2324
2323 2329
2323 2332
2324 2332
2324 2333
2325 2326
2325 2327
2325 2329
2326 2327
2326 2328
2326 2329
2326 2341
2327 2328
2328 2341
2328 2342
2329 2332
2329 2341
2329 2345
2330 2331
2330 2351
2330 2423
2330 2426
2331 2337
2331 2338
2331 2349
2331 2351
2332 2333
2332 2345
2332 2414
2333 2412
2333 2414
2334 2335
2335 2336
2336 2337
2337 2338
2338 2339
2338 2349
2339 2340
2339 2349
2340 2349
2340 2350
2341 2342
2341 2344
2341 2345
2342 2344
2342 2346
2343 2344
2343 2345
2343 2346
2343 2347
2343 2415
2343 2418
2344 2345
2344 2346
2345 2414
2345 2415
2346 2347
2347 2418
2347 2420
2348 2349
2348 2350
2348 2351
2348 2422
2349 2350
2349 2351
2351 2422
2351 2423
2352 2353
2352 2363
2352 2364
2353 2354
2353 2364
2353 2365
2354 2355
2354 2365
2355 2356
2355 2365
2355 2366
2355 2376
2356 2358
2356 2376
2356 2377
2357 2358
2357 2360
2357 2377
2357 2378
2358 2377
2359 2360
2359 2570
2359 2577
2359 2578
2360 2378
2360 2569
2360 2570
2361 2362
2361 2470
2361 2572
2361 2579
2362 2572
2362 2573
2362 2576
2362 2577
2363 2364
2363 2367
2364 2365
2364 2367
2364 2373
2365 2366
2365 2373
2365 2374
2366 2374
2366 2375
2366 2376
2366 2379
2367 2373
2368 2369
2368 2370
2368 2383
2368 2390
2369 2382
2369 2383
2370 2371
2370 2390
2370 2394
2371 2372
2371 2394
2371 2398
2372 2398
2373 2374
2374 2375
2375 2379
2376 2377
2376 2379
2376 2380
2377 2378
2377 2380
2378 2380
2378 2381
2378 2569
2379 2380
2380 2381
2381 2569
2381 2571
2382 2383
2382 2384
2382 2385
2383 2385
2383 2390
2383 2391
2384 2385
2384 2386
2384 2387
2385 2387
2385 2391
2385 2392
2386 2387
2386 2388
2386 2389
2387 2388
2387 2392
2388 2389
2388 2392
2388 2393
2388 2403
2389 2402
2389 2403
2390 2391
2390 2394
2390 2395
2391 2392
2391 2395
2391 2396
2392 2393
2392 2396
2392 2397
2393 2397
2393 2403
2393 2406
2393 2408
2394 2395
2394 2398
2394 2399
2395 2396
2395 2399
2395 2400
2396 2397
2396 2400
2396 2401
2397 2401
2397 2408
2398 2399
2399 2400
2400 2401
2401 2408
2401 2410
2402 2403
2402 2404
2403 2404
2403 2405
2403 2406
2404 2405
2404 2582
2405 2406
2405 2407
2405 2582
2405 2602
2406 2407
2406 2408
2407 2408
2407 2409
2407 2602
2407 2608
2407 2618
2408 2409
2408 2410
2409 2410
2409 2411
2409 2617
2409 2618
2410 2411
2411 2617
2412 2413
2412 2414
2413 2414
2413 2416
2413 2481
2414 2415
2414 2416
2415 2416
2415 2417
2415 2418
2416 2417
2416 2480
2416 2481
2417 2418
2417 2419
2417 2479
2417 2480
2418 2419
2418 2420
2418 2421
2419 2421
2419 2476
2419 2477
2419 2479
2420 2421
2421 2477
2422 2423
2422 2424
2423 2424
2423 2425
2423 2426
2423 2427
2424 2425
2424 2471
2424 2474
2425 2427
2425 2428
2425 2471
2426 2427
2427 2428
2428 2429
2428 2471
2428 2472
2429 2430
2429 2472
2429 2473
2430 2431
2430 2473
2430 2499
2431 2432
2431 2499
2432 2433
2432 2488
2432 2499
2433 2435
2433 2488
2433 2489
2434 2435
2434 2436
2434 2507
2435 2489
2435 2507
2435 2508
2436 2437
2436 2507
2436 2517
2437 2438
2437 2517
2437 2522
2437 2529
2438 2439
2438 2529
2439 2440
2439 2528
2439 2529
2439 2530
2440 2441
2440 2527
2440 2528
2441 2442
2441 2527
2442 2443
2442 2527
2442 2547
2443 2444
2443 2547
2443 2548
2443 2712
2444 2445
2444 2712
2445 2446
2445 2711
2445 2712
2446 2447
2446 2710
2446 2711
2447 2448
2447 2709
2447 2710
2448 2449
2448 2708
2448 2709
2449 2450
2449 2706
2449 2707
2449 2708
2450 2451
2450 2705
2450 2706
2451 2452
2451 2704
2451 2705
2452 2453
2452 2703
2452 2704
2453 2454
2453 2703
2454 2455
2454 2702
2454 2703
2455 2456
2455 2701
2455 2702
2456 2457
2456 2700
2456 2701
2457 2458
2457 2692
2457 2700
2458 2459
2458 2682
2458 2692
2459 2460
2459 2681
2459 2682
2460 2461
2460 2674
2460 2681
2461 2462
2461 2667
2461 2674
2462 2463
2462 2660
2462 2667
2463 2464
2463 2653
2463 2660
2464 2465
2464 2646
2464 2653
2465 2467
2465 2633
2465 2646
2466 2467
2466 2468
2466 2589
2466 2632
2467 2632
2467 2633
2468 2469
2468 2580
2468 2581
2468 2589
2469 2470
2469 2580
2470 2579
2470 2580
2471 2472
2471 2474
2472 2473
2472 2474
2472 2475
2472 2483
2473 2483
2473 2499
2473 2502
2474 2475
2475 2483
2476 2477
2476 2478
2476 2479
2476 2484
2476 2486
2477 2478
2478 2484
2478 2485
2479 2480
2479 2486
2479 2487
2480 2481
2480 2487
2481 2482
2481 2487
2482 2487
2482 2497
2482 2498
2482 2506
2483 2502
2484 2485
2484 2486
2484 2503
2484 2505
2485 2503
2485 2504
2486 2487
2486 2505
2486 2506
2487 2506
2488 2489
2488 2499
2488 2500
2488 2502
2489 2500
2489 2501
2489 2508
2489 2510
2490 2491
2490 2492
2490 2493
2490 2495
2490 2503
2491 2492
2491 2493
2491 2512
2491 2514
2492 2503
2492 2504
2493 2494
2493 2495
2493 2514
2494 2495
2494 2496
2494 2514
2494 2515
2495 2496
2495 2497
2495 2503
2495 2505
2495 2506
2496 2497
2496 2498
2496 2515
2496 2557
2496 2558
2497 2498
2497 2506
2498 2558
2499 2502
2500 2501
2500 2502
2501 2510
2503 2504
2503 2505
2505 2506
2507 2508
2507 2509
2507 2517
2508 2509
2508 2510
2509 2510
2509 2517
2509 2518
2511 2512
2511 2513
2511 2519
2511 2520
2512 2513
2512 2514
2513 2514
2513 2515
2513 2516
2513 2520
2514 2515
2515 2516
2515 2557
2516 2520
2516 2521
2516 2557
2517 2518
2517 2522
2518 2522
2518 2523
2519 2520
2519 2524
2520 2521
2520 2524
2520 2525
2520 2526
2521 2526
2521 2557
2521 2559
2522 2523
2522 2529
2522 2531
2523 2531
2524 2525
2524 2534
2525 2526
2525 2534
2525 2535
2525 2540
2526 2540
2526 2559
2526 2561
2527 2528
2527 2543
2527 2547
2527 2549
2528 2530
2528 2533
2528 2543
2529 2530
2529 2531
2529 2532
2530 2532
2530 2533
2531 2532
2532 2533
2533 2543
2534 2535
2534 2536
2535 2536
2535 2537
2535 2540
2535 2541
2536 2537
2536 2538
2536 2539
2537 2538
2537 2541
2537 2542
2538 2539
2538 2542
2538 2544
2538 2546
2539 2544
2539 2545
2540 2541
2540 2561
2540 2563
2541 2542
2541 2563
2541 2565
2542 2546
2542 2565
2542 2567
2543 2549
2544 2545
2544 2546
2544 2550
2544 2551
2545 2550
2546 2551
2546 2555
2546 2567
2547 2548
2547 2549
2547 2552
2548 2552
2548 2712
2548 2725
2549 2552
2550 2551
2550 2553
2551 2553
2551 2554
2551 2555
2552 2725
2553 2554
2553 2762
2554 2555
2554 2556
2554 2762
2554 2763
2554 2764
2555 2556
2555 2567
2555 2568
2556 2568
2556 2764
2556 2776
2557 2558
2557 2559
2557 2560
2558 2560
2559 2560
2559 2561
2559 2562
2560 2562
2561 2562
2561 2563
2561 2564
2562 2564
2563 2564
2563 2565
2564 2565
2564 2566
2565 2566
2565 2567
2566 2567
2566 2568
2567 2568
2568 2776
2569 2570
2569 2571
2569 2583
2570 2578
2570 2583
2570 2584
2571 2583
2572 2573
2572 2579
2572 2585
2572 2586
2572 2587
2573 2577
2573 2578
2573 2584
2573 2585
2574 2575
2575 2576
2576 2577
2577 2578
2578 2584
2579 2580
2579 2587
2579 2588
2580 2581
2580 2588
2580 2590
2581 2589
2581 2590
2581 2591
2582 2602
2582 2603
2583 2584
2584 2585
2585 2586
2586 2587
2587 2588
2588 2590
2589 2591
2589 2632
2589 2634
2590 2591
2591 2634
2592 2593
2592 2594
2592 2595
2592 2636
2593 2594
2593 2595
2593 2596
2593 2614
2594 2596
2594 2597
2595 2614
2595 2615
2595 2636
2595 2637
2595 2638
2596 2597
2596 2598
2596 2599
2596 2613
2596 2614
2597 2598
2598 2599
2598 2600
2599 2600
2599 2601
2599 2612
2599 2613
2600 2601
2600 2607
2601 2606
2601 2607
2601 2611
2601 2612
2602 2603
2602 2604
2602 2608
2602 2609
2603 2604
2603 2605
2604 2605
2604 2606
2604 2609
2604 2610
2605 2606
2605 2607
2606 2607
2606 2610
2606 2611
2608 2609
2608 2618
2608 2619
2609 2610
2609 2619
2609 2621
2610 2611
2610 2621
2610 2623
2611 2612
2611 2623
2611 2625
2612 2613
2612 2625
2613 2614
2613 2625
2613 2626
2614 2615
2614 2626
2614 2627
2615 2627
2615 2628
2615 2638
2616 2617
2616 2618
2616 2619
2616 2620
2616 2779
2616 2780
2617 2618
2617 2779
2618 2619
2619 2620
2619 2621
2620 2621
2620 2622
2620 2780
2620 2781
2621 2622
2621 2623
2622 2623
2622 2624
2622 2781
2622 2782
2623 2624
2623 2625
2624 2625
2624 2629
2624 2782
2624 2783
2625 2626
2625 2629
2626 2627
2626 2629
2626 2630
2627 2628
2627 2630
2628 2630
2628 2631
2628 2638
2628 2639
2629 2630
2629 2783
2630 2631
2630 2783
2631 2639
2631 2640
2631 2783
2632 2633
2632 2634
2632 2635
2633 2635
2633 2646
2634 2635
2635 2646
2635 2647
2636 2637
2636 2641
2636 2642
2637 2638
2637 2642
2637 2643
2638 2639
2638 2643
2638 2644
2639 2640
2639 2644
2640 2644
2640 2645
2640 2783
2640 2785
2640 2786
2641 2642
2641 2648
2641 2649
2642 2643
2642 2649
2643 2644
2643 2649
2643 2650
2643 2651
2644 2645
2644 2651
2645 2651
2645 2652
2645 2786
2646 2647
2646 2653
2646 2654
2647 2654
2648 2649
2648 2655
2649 2650
2649 2655
2649 2656
2649 2657
2650 2651
2650 2657
2651 2652
2651 2657
2651 2658
2651 2659
2652 2659
2652 2786
2652 2787
2653 2654
2653 2660
2653 2661
2654 2661
2655 2656
2655 2662
2656 2657
2656 2662
2656 2663
2656 2664
2657 2658
2657 2664
2658 2659
2658 2664
2658 2665
2658 2666
2659 2666
2659 2787
2659 2788
2659 2789
2660 2661
2660 2667
2660 2668
2661 2668
2662 2663
2662 2669
2663 2664
2663 2669
2663 2670
2663 2671
2664 2665
2664 2671
2665 2666
2665 2671
2665 2672
2665 2673
2666 2673
2666 2784
2666 2789
2667 2668
2667 2674
2667 2675
2668 2675
2669 2670
2669 2676
2670 2671
2670 2676
2670 2677
2670 2678
2671 2672
2671 2678
2672 2673
2672 2678
2672 2679
2672 2680
2673 2680
2673 2778
2673 2784
2674 2675
2674 2681
2674 2683
2675 2683
2676 2677
2676 2685
2677 2678
2677 2685
2677 2686
2677 2689
2678 2679
2678 2689
2679 2680
2679 2689
2679 2690
2679 2691
2680 2691
2680 2777
2680 2778
2681 2682
2681 2683
2681 2684
2682 2684
2682 2692
2682 2693
2683 2684
2684 2693
2685 2686
2685 2687
2685 2688
2686 2688
2686 2689
2686 2696
2687 2688
2687 2694
2688 2694
2688 2695
2688 2696
2689 2690
2689 2696
2690 2691
2690 2696
2690 2698
2690 2699
2691 2699
2691 2765
2691 2777
2692 2693
2692 2700
2693 2700
2693 2713
2694 2695
2694 2726
2695 2696
2695 2697
2695 2726
2695 2727
2696 2697
2696 2698
2697 2698
2697 2699
2697 2727
2697 2728
2698 2699
2699 2728
2699 2765
2700 2701
2700 2713
2701 2702
2701 2713
2701 2714
2701 2715
2702 2703
2702 2715
2702 2716
2703 2704
2703 2716
2703 2717
2704 2705
2704 2717
2704 2718
2705 2706
2705 2718
2705 2719
2706 2707
2706 2719
2706 2720
2707 2708
2707 2720
2707 2721
2708 2709
2708 2721
2708 2722
2709 2710
2709 2722
2710 2711
2710 2722
2710 2723
2711 2712
2711 2723
2711 2724
2712 2724
2712 2725
2713 2714
2714 2715
2715 2716
2716 2717
2717 2718
2718 2719
2719 2720
2720 2721
2721 2722
2722 2723
2723 2724
2724 2725
2726 2727
2726 2729
2727 2728
2727 2729
2727 2730
2728 2730
2728 2733
2728 2765
2729 2730
2729 2731
2729 2732
2730 2731
2730 2733
2731 2732
2731 2733
2731 2734
2731 2735
2731 2736
2732 2735
2733 2734
2733 2765
2733 2766
2734 2736
2734 2737
2734 2766
2735 2736
2735 2738
2736 2737
2736 2738
2736 2739
2737 2739
2737 2746
2737 2766
2737 2767
2738 2739
2738 2740
2739 2740
2739 2741
2739 2746
2739 2747
2740 2741
2740 2742
2741 2742
2741 2743
2741 2747
2741 2748
2742 2743
2742 2744
2743 2744
2743 2745
2743 2748
2743 2749
2744 2745
2744 2750
2745 2749
2745 2750
2745 2751
2745 2752
2746 2747
2746 2767
2746 2768
2747 2748
2747 2768
2747 2769
2748 2749
2748 2769
2748 2770
2749 2752
2749 2770
2749 2771
2750 2751
2750 2753
2751 2752
2751 2753
2751 2754
2751 2755
2752 2755
2752 2771
2752 2772
2753 2754
2753 2756
2754 2755
2754 2756
2754 2757
2754 2758
2755 2758
2755 2772
2755 2773
2755 2774
2756 2757
2756 2759
2756 2760
2757 2758
2757 2760
2757 2761
2758 2761
2758 2774
2758 2775
2759 2760
2759 2762
2759 2763
2760 2761
2760 2763
2760 2764
2761 2764
2761 2775
2761 2776
2762 2763
2763 2764
2764 2776
2765 2766
2765 2777
2766 2767
2766 2777
2767 2768
2768 2769
2769 2770
2770 2771
2771 2772
2772 2773
2773 2774
2774 2775
2775 2776
2777 2778
2778 2784
2779 2780
2779 2790
2780 2781
2780 2790
2780 2791
2781 2782
2781 2791
2781 2792
2782 2783
2782 2785
2782 2792
2783 2785
2784 2789
2785 2786
2785 2792
2785 2793
2786 2787
2786 2793
2786 2794
2787 2788
2787 2794
2787 2796
2788 2789
2788 2796
2790 2791
2791 2792
2791 2795
2792 2793
2792 2795
2793 2794
2793 2795
2793 2796
2794 2796
2795 2796
