8026764227861683283 3706 1900
-0.375350 0.593420 -0.742544
-0.375350 0.553919 -0.733840
-0.331299 0.600158 -0.430967
-0.331299 0.519936 -0.424043
-0.375350 0.433402 -0.739248
-0.375350 0.394852 -0.751462
-0.331299 0.678788 -0.448298
-0.331299 0.519936 -0.424043
-0.331299 0.439494 -0.427661
-0.312967 0.342165 -0.368364
-0.355660 0.204660 -0.440415
-0.331299 0.754484 -0.475742
-0.322962 0.109518 -0.247661
-0.028497 1.105857 0.325483
0.126272 1.213516 0.570984
0.216046 0.791653 0.823528
-0.375350 0.513625 -0.730366
-0.375350 0.473224 -0.732180
-0.375350 0.631441 -0.756331
-0.334989 0.569353 -0.897910
0.336266 0.564039 1.012737
0.233738 0.009458 0.984040
0.233738 -0.250403 0.901755
0.305820 0.548644 0.970754
0.248037 1.045537 0.815786
0.245955 0.813182 0.865352
0.305820 0.285902 0.958955
0.305820 0.548644 0.970754
0.336266 0.564039 1.012737
0.200670 0.549193 0.997507
0.233738 0.009458 0.984040
0.233738 -0.250403 0.901755
0.245955 0.813182 0.865352
0.248037 1.045537 0.815786
0.110287 0.795561 0.849119
0.142278 1.052755 0.840652
0.142278 1.293495 0.753362
-0.444186 0.597721 -0.446924
-0.444186 0.519598 -0.440186
-0.437151 0.687919 -0.416819
-0.437151 0.767653 -0.445723
-0.437151 0.352385 -0.409905
-0.477696 0.202650 -0.487136
-0.444186 0.674287 -0.463801
-0.444186 0.364068 -0.457415
-0.444186 0.289322 -0.481082
-0.444186 0.748004 -0.490527
-0.257519 0.532852 0.203645
-0.257519 0.370373 0.196353
-0.325819 0.164144 0.125183
0.110287 0.795561 0.849119
0.110287 1.039605 0.795332
-0.257858 0.853773 0.154822
-0.325819 0.164144 0.125183
-0.322180 -0.009214 0.057039
-0.257858 1.006701 0.099375
-0.437151 0.605105 -0.398564
-0.437151 0.520610 -0.391277
-0.437151 0.435883 -0.395085
-0.345056 0.176802 0.061177
-0.342526 0.009965 -0.005017
-0.312967 0.611560 -0.356267
-0.312967 0.521491 -0.348499
-0.355660 0.204660 -0.440415
-0.412725 0.766600 -0.448123
-0.260094 0.976622 0.030791
-0.238480 1.003549 0.092188
0.137108 1.271580 0.703386
0.110287 1.274545 0.710149
0.193293 1.266397 0.691567
0.137108 1.271580 0.703386
-0.394324 0.791569 -0.391187
0.193293 1.266397 0.691567
0.110370 1.219657 0.584985
-0.176509 0.996959 0.077168
-0.277953 0.878741 -0.192407
-0.331299 0.754484 -0.475742
-0.375350 0.631441 -0.756331
-0.422545 0.623976 -0.773350
-0.422474 0.515367 -1.021006
0.137108 1.271580 0.703386
-0.238480 1.003549 0.092188
-0.260094 0.976622 0.030791
-0.238480 1.003549 0.092188
-0.355275 0.754991 -0.474592
-0.412725 0.766600 -0.448123
-0.422637 0.747119 -0.492544
-0.386371 0.624951 -0.773499
-0.375350 0.631441 -0.756331
-0.350494 0.567118 -0.903005
-0.357997 0.514944 -1.021973
-0.393602 0.515240 -1.021460
-0.422474 0.515367 -1.021006
-0.393602 0.515240 -1.021460
-0.357997 0.514944 -1.021973
-0.422474 0.515367 -1.021006
-0.422468 0.507270 -1.039485
-0.412725 0.766600 -0.448123
0.173168 -1.139867 -0.317158
0.173168 -1.130031 -0.294724
0.136406 -1.277838 -0.197263
0.057906 -1.148265 -0.254089
-0.284084 -0.611176 -0.524170
0.052419 -1.120357 -0.300876
0.072277 -1.140318 -0.257573
0.145966 -1.257148 -0.206340
0.136406 -1.277838 -0.197263
-0.284084 -0.611176 -0.524170
-0.467767 0.008781 -0.820879
-0.435201 -0.154673 -0.749199
-0.435193 -0.145535 -0.728369
-0.438071 -0.026184 -0.756104
-0.467722 -0.057539 -0.791797
-0.420768 -0.083324 -0.731045
0.159611 -1.137998 -0.291230
0.180751 -1.131429 -0.271040
0.173168 -1.130031 -0.294724
0.262016 -1.234071 -0.216458
0.262016 -1.234071 -0.216458
0.263193 -1.243901 -0.212148
0.256134 -1.251198 -0.208950
0.256135 -1.273039 -0.258757
0.188334 -1.137793 -0.258682
-0.406357 -0.134860 -0.733052
-0.435193 -0.145535 -0.728369
-0.435193 -0.145535 -0.728369
0.154551 -1.180876 -0.297891
-0.284097 -0.620311 -0.545002
0.037418 -1.137085 -0.318379
0.073290 -1.117924 -0.325505
0.136406 -1.299680 -0.247075
0.057905 -1.170109 -0.303896
-0.438065 0.022097 -0.826721
-0.457955 0.022098 -0.826721
-0.410292 -0.101071 -0.771433
-0.395748 -0.143114 -0.753000
0.159611 -1.147363 -0.312590
0.261305 -0.191269 0.691733
-0.012487 0.017972 0.003213
0.075392 -0.059114 0.287866
0.221450 -0.256344 0.931477
0.221450 -0.205253 0.944995
0.260963 -0.211611 0.686326
0.296195 -0.260513 0.744351
0.074730 -0.099801 0.277053
0.189893 -0.175472 0.554707
0.334724 -0.190833 0.891379
0.234091 -0.197783 0.916765
0.238310 -0.172554 0.704702
0.274545 -0.159999 0.779055
0.310279 -0.178174 0.845244
0.334724 -0.190833 0.891379
-0.037753 0.016794 0.009194
0.050648 -0.060746 0.295525
0.166843 -0.136206 0.572322
0.221450 -0.205253 0.944995
0.234091 -0.197783 0.916765
-0.281382 0.021603 0.087644
-0.285347 0.019251 0.096533
0.234091 -0.299966 0.889727
0.221450 -0.307436 0.917957
0.260963 -0.211611 0.686326
0.237646 -0.213241 0.693887
0.221450 -0.307436 0.917957
-0.284114 -0.085442 0.078979
-0.281382 -0.080580 0.060603
-0.285347 -0.082932 0.069492
-0.013150 -0.022715 -0.007600
0.074730 -0.099801 0.277053
0.189893 -0.175472 0.554707
0.260963 -0.211611 0.686326
-0.110195 0.206845 -0.577632
-0.106631 0.205060 -0.571133
-0.119077 0.105442 -0.607119
-0.134313 0.156243 -0.591553
-0.135146 0.105174 -0.605124
-0.133481 0.207315 -0.577978
-0.114851 0.166822 -0.426760
-0.116516 0.064682 -0.453909
-0.135146 0.105174 -0.605124
-0.108980 0.120872 -0.378040
-0.083054 0.120845 -0.379526
0.331929 -0.278688 0.810540
0.360553 -0.191002 0.890437
0.360293 -0.194726 0.904458
0.358888 -0.293146 0.863289
0.358627 -0.296870 0.877312
0.346660 -0.298791 0.885286
-0.281387 -0.029487 0.074124
-0.281382 0.021603 0.087644
-0.269708 -0.079015 0.054692
-0.281382 -0.080580 0.060603
0.161332 1.210194 0.624478
0.057905 1.242858 0.637893
-0.284084 0.980924 0.097229
0.052419 1.204217 0.606409
0.037418 1.228377 0.604868
0.072277 1.189566 0.651787
0.057906 1.193052 0.659734
0.136406 1.249874 0.789304
-0.284084 0.980924 0.097229
-0.464130 0.680836 -0.530945
-0.457949 0.678565 -0.536125
-0.435201 0.797554 -0.377544
-0.435193 0.776723 -0.368413
-0.438071 0.707713 -0.469658
-0.420768 0.732771 -0.412520
-0.467715 0.713487 -0.456494
0.159611 1.210657 0.625459
0.180751 1.192150 0.635859
0.188334 1.238265 0.627419
0.262016 1.230680 0.745540
0.262016 1.230680 0.745540
0.262016 1.280487 0.723696
0.263193 1.234991 0.755371
0.256134 1.238190 0.762666
0.256135 1.287997 0.740823
0.188334 1.188459 0.649260
-0.406357 0.772040 -0.379087
-0.435193 0.776723 -0.368413
-0.435193 0.776723 -0.368413
-0.467761 0.684406 -0.522810
0.154551 1.246711 0.649602
0.073290 1.219109 0.586645
-0.246386 0.994224 0.073823
0.136406 1.299680 0.767463
0.057905 1.242858 0.637893
-0.438065 0.720035 -0.554314
-0.427313 0.751509 -0.479629
-0.449736 0.779129 -0.419558
-0.435201 0.797554 -0.377544
-0.375350 0.242746 -0.879414
-0.375350 0.293194 -0.816401
-0.375350 0.324141 -0.790369
-0.331299 0.210522 -0.500166
-0.331299 0.283453 -0.466042
-0.375350 0.224118 -0.915310
-0.331299 0.026722 -0.654780
-0.331299 0.081044 -0.595344
-0.315494 -0.018332 -0.583928
-0.328495 0.049473 -0.526267
-0.331299 0.283453 -0.466042
-0.355660 0.204660 -0.440415
-0.203554 -0.365103 -0.709126
-0.032025 -0.622784 -0.599570
0.051774 -0.116084 0.568303
0.164199 -0.154430 0.700574
-0.375350 0.324141 -0.790369
-0.375350 0.358224 -0.768591
-0.334989 0.365694 -0.977397
0.436135 -0.845576 0.425920
0.301914 -0.904517 0.441353
0.338889 -0.240674 0.876826
0.233738 -0.250403 0.901755
0.252419 -0.187566 0.822971
0.335457 -1.119783 -0.043936
0.378765 -1.233142 -0.269434
0.378708 -0.637865 0.609924
0.436135 -0.845576 0.425920
0.301914 -0.904517 0.441353
0.285758 -0.402096 0.708870
0.252419 -0.187566 0.822971
0.233738 -0.250403 0.901755
0.149088 -0.212171 0.842090
0.335457 -1.119783 -0.043936
0.288156 -0.985738 0.150664
0.439019 -1.151996 -0.293225
0.477696 -1.187710 -0.271348
-0.444186 0.039325 -0.664868
-0.444186 -0.005566 -0.729150
-0.452213 0.057072 -0.567666
-0.464844 0.127195 -0.522532
-0.444186 0.039325 -0.664868
-0.444186 -0.005566 -0.729150
-0.444186 0.092226 -0.606990
-0.444186 0.152230 -0.556519
-0.215143 -0.406696 -0.199702
-0.152216 -0.603050 -0.450420
-0.124704 -0.675065 -0.593660
-0.249788 -0.285912 -0.096436
-0.307921 -0.126003 -0.068914
-0.342526 0.009965 -0.005017
0.297823 -1.086799 -0.071250
-0.249788 -0.285912 -0.096436
-0.285672 -0.152655 -0.010366
-0.124704 -0.675065 -0.593660
0.340088 -1.197432 -0.291309
-0.209963 -0.468187 -0.361604
-0.241066 -0.366810 -0.248384
-0.273906 -0.252317 -0.150493
-0.307921 -0.126003 -0.068914
-0.312967 -0.084030 -0.681672
-0.312967 -0.125673 -0.761914
-0.341961 0.124232 -0.478159
-0.355660 0.204660 -0.440415
-0.342353 0.507269 -1.039485
-0.444186 -0.041687 -0.798745
-0.124704 -0.675065 -0.593660
0.340088 -1.197432 -0.291309
0.477696 -1.187710 -0.271348
0.378765 -1.233142 -0.269434
0.365048 -1.185173 -0.292129
0.340088 -1.197432 -0.291309
0.318431 -1.074558 -0.347092
0.121213 -0.862106 -0.471492
-0.221926 -0.375630 -0.706729
-0.336088 -0.127910 -0.760933
-0.355275 -0.057623 -0.791755
-0.397396 0.224344 -0.915413
-0.444186 0.507270 -1.039485
-0.422468 0.507270 -1.039485
-0.422474 0.488793 -1.031377
0.121213 -0.862106 -0.471492
-0.049298 -0.636215 -0.596904
-0.049298 -0.636215 -0.596904
-0.221926 -0.375630 -0.706729
-0.336088 -0.127910 -0.760933
-0.355275 -0.057623 -0.791755
-0.422637 -0.039667 -0.799631
-0.386371 0.240519 -0.923542
-0.400511 0.240959 -0.922695
-0.334989 0.365694 -0.977397
-0.342353 0.507269 -1.039485
-0.393602 0.489196 -1.031626
-0.357997 0.489762 -1.031802
-0.422545 0.241135 -0.922771
-0.422556 0.224228 -0.915354
-0.357997 0.489762 -1.031802
-0.342353 0.507269 -1.039485
-0.412725 -0.084092 -0.780151
0.244774 -0.031475 2.530508
0.260095 0.034816 2.530508
0.142810 -0.127090 2.515408
0.067976 -0.127090 2.515408
0.000553 -0.095022 2.515408
-0.046106 -0.037239 2.515408
-0.046106 0.106871 2.515408
0.000553 0.164655 2.515408
0.070969 0.183772 2.530508
0.139817 0.183772 2.530508
0.290239 -0.031475 0.324556
0.305560 0.034816 0.324556
0.319010 0.034816 0.339658
0.116434 -0.114139 0.324556
0.054404 -0.084637 0.324556
-0.000640 -0.037239 0.339658
-0.017293 0.034816 0.339658
0.046018 0.164655 0.339658
0.113441 0.196723 0.339658
0.188275 0.196723 0.339658
0.255699 0.164655 0.339658
0.302357 0.106871 0.339658
0.337382 0.030000 -0.136875
0.316669 0.119621 -0.136875
0.269973 0.205534 -0.118999
0.333052 0.127414 -0.118999
0.178820 0.248887 -0.118999
0.077650 0.248887 -0.119001
-0.002165 0.191493 -0.136875
-0.060199 0.119622 -0.136875
-0.060199 0.119622 -0.136875
-0.076582 0.127414 -0.118999
0.316669 0.119621 -0.136875
-0.060199 0.119622 -0.136875
-0.080911 0.030000 -0.136875
0.337382 0.030000 -0.136875
0.178820 0.248887 -0.118999
0.333052 -0.067414 -0.119001
0.316669 -0.059622 -0.136875
0.178820 -0.188887 -0.118999
0.077650 -0.188887 -0.119001
-0.002165 -0.131493 -0.136875
-0.013503 -0.145534 -0.118999
-0.060199 -0.059622 -0.136875
-0.076582 -0.067414 -0.118999
-0.002165 -0.131493 -0.136875
-0.060199 -0.059622 -0.136875
0.320428 0.121409 -0.021438
0.341553 0.030000 -0.021438
0.269973 0.205534 -0.033696
0.261236 0.194714 -0.021438
0.341553 0.030000 -0.021438
0.320428 -0.061409 -0.021438
0.080768 0.235396 -0.021438
0.077650 0.248887 -0.033696
-0.004766 0.194714 -0.021438
-0.013503 0.205534 -0.033696
-0.063958 0.121409 -0.021438
-0.085083 0.030000 -0.021438
-0.076582 -0.067414 -0.033696
-0.063958 -0.061409 -0.021438
0.269973 -0.145534 -0.033696
0.261236 -0.134714 -0.021438
0.178821 -0.188887 -0.033696
0.175703 -0.175396 -0.021438
0.080768 -0.175396 -0.021438
0.077650 -0.188887 -0.033696
-0.063958 -0.061409 -0.021438
-0.076582 -0.067414 -0.033696
0.175703 0.235396 -0.021438
0.080768 0.235396 -0.021438
0.341553 0.030000 -0.021438
-0.099095 0.030000 -0.033696
0.077650 0.248887 -0.119001
-0.013503 0.205534 -0.033696
-0.013503 0.205534 -0.118999
0.333052 0.127414 -0.033696
0.355565 0.030000 -0.033696
0.320428 -0.061409 -0.021438
0.175703 -0.175396 -0.021438
0.080768 -0.175396 -0.021438
0.333052 -0.067414 -0.119001
0.269973 -0.145534 -0.118999
0.178821 -0.188887 -0.033696
0.077650 -0.188887 -0.033696
-0.013503 -0.145534 -0.033696
-0.076582 -0.067414 -0.033696
-0.013503 -0.145534 -0.118999
-0.469860 0.068972 -2.444409
-0.475565 0.030540 -2.441997
-0.396615 -0.088211 -2.471819
-0.361193 -0.094476 -2.485459
-0.251925 -0.009011 -2.528103
-0.246220 0.029421 -2.530513
-0.325170 0.148172 -2.500688
-0.360592 0.154437 -2.487046
0.236755 -0.095022 0.883596
0.255699 -0.095022 1.427534
0.255699 -0.095022 0.339658
0.236755 -0.095022 0.883596
0.270854 -0.095022 1.971472
0.210234 -0.095022 2.515408
0.046018 -0.095022 0.339658
-0.000640 -0.037239 0.339658
-0.062759 0.034816 2.515408
-0.046106 0.106871 2.515408
0.113441 0.196723 0.339658
0.188275 0.196723 0.339658
0.210233 0.164655 2.515408
0.256892 0.106871 2.515408
0.029464 0.130690 2.525002
0.002271 0.103156 2.525002
-0.036931 0.135720 -1.573569
-0.015188 0.068460 2.525002
-0.021205 0.030000 2.525002
-0.293246 0.130338 -2.512910
-0.267943 0.102681 -2.522527
0.063730 -0.088367 2.525005
0.101714 -0.094459 2.525002
-0.268297 -0.043626 -2.521594
-0.293732 -0.071035 -2.511626
0.097388 -0.066312 -1.624309
0.173964 -0.070689 2.525002
0.201157 -0.043155 2.525002
0.097388 -0.066312 -1.624309
-0.396615 -0.088211 -2.471819
-0.428538 -0.070377 -2.459597
0.173964 0.130690 2.525002
0.139699 0.148368 2.525002
-0.469860 0.068972 -2.444409
-0.453487 0.103587 -2.450913
-0.036931 0.135720 -1.573569
0.058603 0.136456 -1.268455
0.193710 -0.065515 -1.319180
0.193710 -0.065515 -1.319180
0.058603 0.136456 -1.268455
-0.532718 -0.031931 0.009059
-0.327693 -0.029245 0.321924
-0.457259 -0.029245 0.321924
-0.457259 -0.234728 0.180160
-0.532718 -0.031931 0.009059
-0.532718 -0.281572 0.009059
-0.457259 -0.234728 0.180160
-0.662284 -0.281572 0.009059
-0.327693 -0.234728 0.180160
-0.532718 -0.281572 0.009059
-0.662284 -0.031931 0.009059
-0.532718 -0.031931 0.009059
-0.532718 -0.281572 0.009059
-0.532718 -0.031931 0.009059
-0.662284 -0.031931 0.009059
-0.662284 -0.085421 -0.258522
0.666892 -0.409287 1.608476
0.723913 -0.521976 1.530559
-0.510260 -0.039187 -1.553066
-0.513584 -0.001932 -1.553202
-0.497071 -0.186996 -1.552524
-0.493984 -0.221587 -1.552397
-0.493984 -0.221587 -1.552397
-0.566583 -0.228062 -1.551320
-0.513584 -0.001932 -1.553202
-0.510260 -0.039187 -1.553066
0.454802 -0.395128 1.432789
0.457050 -0.483141 1.561723
-0.603414 -0.793584 1.305881
-0.518676 -0.961049 1.190086
-0.412440 -0.789154 1.367995
-0.355419 -0.901844 1.290077
0.667406 -0.083149 -1.569813
-0.582588 -0.187576 -0.218731
-0.313163 -0.163549 -0.222731
-0.371003 -0.132796 0.201909
-0.306604 -0.161293 0.232658
-0.306604 -0.161293 0.232658
-0.383695 -0.015422 0.282251
-0.319296 -0.019056 0.232136
-0.179742 -0.007156 0.081552
-0.182024 -0.007941 -0.076875
-0.169332 -0.150178 -0.076355
-0.595280 -0.045339 -0.219253
-0.582588 -0.187576 -0.218731
-0.325855 -0.021312 -0.223252
-0.313163 -0.163549 -0.222731
-0.526257 -0.112376 -1.432507
-0.262750 -0.088877 -1.436419
-0.411992 -0.766942 1.213162
-0.429734 -0.731878 1.237408
-0.411992 -0.766942 1.213162
-0.299111 -0.649998 1.126639
-0.253054 -0.651917 1.251060
-0.292332 -0.637701 1.201756
-0.316853 -0.614934 1.150885
-0.292332 -0.637701 1.201756
-0.522153 -0.158368 -1.432338
-0.396303 -0.146647 -1.298440
-0.258647 -0.134869 -1.436250
-0.330600 -0.141171 -1.403921
-0.253054 -0.651917 1.251060
-0.185495 -0.645919 1.291825
-0.334704 -0.095179 -1.404089
-0.330600 -0.141171 -1.403921
-0.253054 -0.651917 1.251060
-0.235312 -0.686981 1.226814
-0.371500 -0.144638 -1.354013
-0.396303 -0.146647 -1.298440
-0.226790 -0.149066 -0.064619
0.390300 0.226767 -0.105321
-0.226790 -0.149066 0.082739
-0.226790 -0.117790 0.082739
0.390300 0.258044 0.042037
0.390300 0.258044 -0.105321
0.324131 0.243651 0.382618
0.265521 0.219269 0.371533
0.265521 0.219269 0.371533
0.485342 -0.455485 1.391058
0.723913 -0.521976 1.530559
0.502466 0.243200 0.411276
0.545070 -0.485429 1.478075
0.324131 0.243651 0.382618
0.666892 -0.409287 1.608476
0.445446 0.380202 0.411418
0.378172 0.164209 -0.567292
0.324131 0.243651 0.382618
0.508828 0.287943 -0.608770
0.445446 0.380202 0.411418
0.429775 0.045140 -1.431314
0.294926 0.220496 -0.551325
0.318604 0.145426 -0.551295
0.436839 -0.034025 -1.431023
0.667406 -0.083149 -1.569813
0.553038 0.147783 -0.608712
0.350612 0.180026 0.382552
0.502466 0.243200 0.411276
0.378172 0.164209 -0.567292
0.398704 0.099117 -0.567265
0.398704 0.099117 -0.567265
0.505015 -0.097388 -1.500875
0.445446 0.380202 0.411418
0.502466 0.243200 0.411276
-0.496040 -0.148876 -0.665048
-0.686933 -0.166195 -0.742840
-0.496488 -0.170958 -1.416901
-0.503552 -0.091793 -1.417191
-0.481211 -0.315061 -0.664438
-0.485651 -0.265296 -0.664621
-0.496040 -0.148876 -0.665048
-0.513584 -0.001932 -1.553202
-0.566583 -0.228062 -1.551320
-0.678188 -0.291519 -1.495654
-0.476439 -0.368531 -0.664242
-0.493984 -0.221587 -1.552397
-0.631529 -0.161593 0.015284
-0.222616 -0.180914 -0.558647
-0.121849 -0.118062 -0.515841
-0.225428 -0.149399 -0.558762
-0.634341 -0.130078 0.015169
-0.549928 -0.122278 0.088155
-0.124662 -0.086547 -0.515956
-0.225428 -0.149399 -0.558762
-0.634341 -0.130078 0.015169
-0.511238 -0.154614 -0.674564
-0.522153 -0.158368 -1.432338
-0.390688 -0.097312 -0.623933
-0.386584 -0.143305 -0.623765
-0.390688 -0.097312 -0.623933
-0.515342 -0.108622 -0.674732
-0.069554 -0.272062 0.606681
-0.682328 -0.190176 0.004483
-0.079069 -0.247224 0.623817
-0.689062 -0.159572 0.004483
-0.601545 -0.172402 -0.069932
-0.608278 -0.141798 -0.069931
-0.561021 -0.377603 0.751453
-0.686933 -0.166195 -0.742840
-0.561021 -0.377603 0.751453
-0.603414 -0.793584 1.305881
-0.384148 -0.761499 1.197331
-0.347258 -0.382079 0.662878
-0.492715 -0.186131 -0.664911
-0.485651 -0.265296 -0.664621
-0.342142 -0.395433 0.653673
-0.382858 -0.812011 1.271327
-0.492715 -0.186131 -0.664911
-0.496040 -0.148876 -0.665048
-0.426812 -0.760751 1.387635
-0.382080 -0.291183 0.725532
-0.414689 -0.701143 1.239063
-0.370936 -0.320270 0.705483
-0.409364 -0.951899 1.256848
-0.518676 -0.961049 1.190086
-0.518676 -0.961049 1.190086
-0.603414 -0.793584 1.305881
-0.561021 -0.377603 0.751453
-0.495320 -0.549099 0.633239
-0.481211 -0.315061 -0.664438
-0.342142 -0.395433 0.653673
-0.342142 -0.395433 0.653673
-0.316379 -0.462680 0.607319
-0.411992 -0.766942 1.213162
-0.429734 -0.731878 1.237408
-0.374435 -0.381494 0.674148
-0.511238 -0.154614 -0.674564
-0.374435 -0.381494 0.674148
-0.511238 -0.154614 -0.674564
-0.386584 -0.143305 -0.623765
-0.257586 -0.325062 0.657221
-0.271343 -0.289153 0.681974
-0.316853 -0.614934 1.150885
-0.515342 -0.108622 -0.674732
-0.390688 -0.097312 -0.623933
0.058294 -0.605782 1.295909
0.485342 -0.455485 1.391058
-0.384148 -0.761499 1.197331
-0.382858 -0.812011 1.271327
0.027754 -0.545427 1.337642
-0.414689 -0.701143 1.239063
0.027754 -0.545427 1.337642
-0.414689 -0.701143 1.239063
0.059473 -0.755824 1.382518
-0.355419 -0.901844 1.290077
0.545070 -0.485429 1.478075
0.043773 -0.661860 1.366383
0.059473 -0.755824 1.382518
-0.355419 -0.901844 1.290077
0.170023 -0.404664 0.931902
0.197269 -0.312725 0.813768
0.197269 -0.312725 0.813768
0.034943 -0.222881 0.593414
0.187755 -0.287887 0.830904
0.160509 -0.379825 0.949038
0.160509 -0.379825 0.949038
0.170023 -0.404664 0.931902
0.170023 -0.404664 0.931902
0.535096 -0.569203 1.501436
0.034943 -0.222881 0.593414
0.197269 -0.312725 0.813768
-0.026675 -0.075360 -1.424142
0.436839 -0.034025 -1.431023
-0.033739 0.003806 -1.424433
-0.026675 -0.075360 -1.424142
0.505015 -0.097388 -1.500875
-0.049699 -0.146856 -1.492638
-0.077729 -0.149599 -1.558750
-0.049699 -0.146856 -1.492638
-0.077729 -0.149599 -1.558750
-0.055824 -0.078213 -1.492890
-0.497484 -0.171301 -1.486067
0.505015 -0.097388 -1.500875
-0.049699 -0.146856 -1.492638
0.436839 -0.034025 -1.431023
-0.026675 -0.075360 -1.424142
-0.055824 -0.078213 -1.492890
-0.497484 -0.171301 -1.486067
-0.033739 0.003806 -1.424433
-0.090919 -0.001791 -1.559292
0.128894 -0.097703 -1.064931
-0.222616 -0.180914 -0.558647
0.177125 -0.061191 -0.944660
0.561749 -0.028876 -1.491038
-0.225428 -0.149399 -0.558762
0.126082 -0.066188 -1.065047
0.126082 -0.066188 -1.065047
0.477338 -0.036675 -1.564023
-0.668788 -0.115487 3.511343
-0.670314 -0.124036 3.408806
-0.593233 -0.076815 3.506980
-0.589043 0.007952 3.499911
-0.589043 0.007952 3.499911
-0.620091 0.031810 3.394998
-0.703687 0.044685 3.498699
-0.620091 0.031810 3.394998
-0.741960 -0.078079 3.405979
-0.705424 0.035972 3.395935
-0.668788 -0.115487 3.511343
-0.663398 -0.028370 3.512562
-0.703687 0.044685 3.498699
-0.740513 -0.069462 3.508696
-0.589043 0.007952 3.499911
-0.593233 -0.076815 3.506980
-0.741960 -0.078079 3.405979
-0.647891 -0.075942 3.395897
-0.741960 -0.078079 3.405979
-0.702253 -0.058521 3.395264
-0.647891 -0.075942 3.395897
-0.670314 -0.124036 3.408806
-0.620091 0.031810 3.394998
-0.626053 -0.042131 3.392749
-0.644531 -0.006343 3.390044
-0.684854 -0.004358 3.390487
-0.741960 -0.078079 3.405979
-0.702253 -0.058521 3.395264
1.148518 0.642272 2.506716
-0.659172 -0.154625 2.330408
-0.659172 -0.154625 2.330408
-0.663353 -0.150820 2.367816
-0.663353 -0.150820 2.367816
1.155599 0.629836 2.549781
1.137057 0.662307 2.574716
-0.692117 -0.092568 2.363354
-0.692117 -0.092568 2.363354
-0.690303 -0.091268 2.325517
1.148518 0.642272 2.506716
-0.690303 -0.091268 2.325517
0.982302 0.544952 2.670807
0.918998 0.536056 2.675859
1.018949 0.585193 2.671082
1.153216 0.649332 2.570674
-1.163144 -0.598326 1.213684
-1.203895 -0.576256 1.111749
-1.089700 -0.556019 1.219478
-1.203895 -0.576256 1.111749
-1.119379 -0.429424 1.129083
-1.087798 -0.544965 1.117004
-1.204601 -0.429672 1.127698
-1.206328 -0.440549 1.230193
-1.204601 -0.429672 1.127698
-1.237133 -0.556161 1.217128
-1.237133 -0.556161 1.217128
-1.163144 -0.598326 1.213684
-1.163144 -0.598326 1.213684
-1.163456 -0.554886 1.226956
-1.163456 -0.554886 1.226956
-1.198485 -0.534885 1.228533
-1.183927 -0.480032 1.234701
-1.237133 -0.556161 1.217128
-1.206328 -0.440549 1.230193
-1.143558 -0.479954 1.235383
-1.089943 -0.471285 1.228690
-1.143558 -0.479954 1.235383
-1.089700 -0.556019 1.219478
-1.163456 -0.554886 1.226956
-1.246734 -0.502946 1.119077
-1.196497 -0.522001 1.109276
-1.203895 -0.576256 1.111749
-1.196497 -0.522001 1.109276
-1.141307 -0.536584 1.108621
-1.203895 -0.576256 1.111749
-1.119379 -0.429424 1.129083
-1.121258 -0.501788 1.112714
-1.141569 -0.467072 1.116125
-1.196648 -0.481866 1.113610
-1.246734 -0.502946 1.119077
-1.196648 -0.481866 1.113610
-1.153738 -0.350020 0.053733
0.717030 0.595204 1.241634
-1.124757 -0.415164 0.085007
0.717030 0.595204 1.241634
0.702657 0.601362 1.311720
0.723603 0.575156 1.281815
-1.138502 -0.386409 0.097107
0.702657 0.601362 1.311720
0.702657 0.601362 1.311720
0.689025 0.632565 1.296775
0.691563 0.640267 1.268894
0.689025 0.632565 1.296775
-0.672256 -0.144656 2.298673
0.578009 0.502904 1.327654
0.717030 0.595204 1.241634
0.578009 0.502904 1.327654
0.624133 0.510592 1.340690
-0.672256 -0.144656 2.298673
0.723603 0.575156 1.281815
0.626709 0.510874 1.341376
0.643122 0.540382 1.353655
-0.675243 -0.119596 2.374591
-0.675243 -0.119596 2.374591
0.643122 0.540382 1.353655
-0.675243 -0.119596 2.374591
-0.690303 -0.091268 2.325517
0.701751 0.622334 1.309200
0.691563 0.640267 1.268894
0.572861 0.561368 1.343129
-0.690303 -0.091268 2.325517
0.571082 0.558951 1.342020
-0.598202 -0.137445 2.276678
-0.610141 -0.170546 2.383010
-0.598202 -0.137445 2.276678
-0.606042 -0.085748 2.376001
-0.606042 -0.085748 2.376001
-0.720623 -0.049010 2.374728
-0.720623 -0.049010 2.374728
-0.722163 -0.057766 2.272027
-0.757455 -0.163208 2.384741
-0.722163 -0.057766 2.272027
-0.687274 -0.217994 2.284672
-0.768174 -0.129088 2.278544
-0.757455 -0.163208 2.384741
-0.683451 -0.164060 2.392139
-0.717395 -0.142251 2.390831
-0.699996 -0.088090 2.386055
-0.720623 -0.049010 2.374728
-0.659673 -0.090076 2.385612
-0.641195 -0.125863 2.388317
-0.606042 -0.085748 2.376001
-0.641195 -0.125863 2.388317
-0.610141 -0.170546 2.383010
-0.683451 -0.164060 2.392139
-0.610141 -0.170546 2.383010
-0.664835 -0.169636 2.271924
-0.687274 -0.217994 2.284672
-0.664835 -0.169636 2.271924
-0.642997 -0.135829 2.268777
-0.598202 -0.137445 2.276678
-0.661475 -0.100039 2.266072
-0.637191 -0.061910 2.271089
-0.661475 -0.100039 2.266072
-0.717257 -0.112034 2.267913
-0.722163 -0.057766 2.272027
-0.768174 -0.129088 2.278544
-0.719197 -0.152218 2.271291
-1.155136 -0.839042 -1.032950
-1.023108 -0.741061 -1.033009
-1.070701 -0.851404 -1.033009
-1.089918 -0.688209 -1.032889
-1.049540 -0.705543 -0.929864
-1.089918 -0.688209 -1.032889
-1.169064 -0.719468 -0.929802
-1.169064 -0.719468 -0.929802
-1.155252 -0.839028 -0.929864
-1.155252 -0.839028 -0.929864
-1.070886 -0.851353 -0.929984
-1.087344 -0.809875 -0.921454
-1.087344 -0.809875 -0.921454
-1.127285 -0.804016 -0.921454
-1.133910 -0.747313 -0.921454
-1.155252 -0.839028 -0.929864
-1.169064 -0.719468 -0.929802
-1.096385 -0.732416 -0.921454
-1.049540 -0.705543 -0.929864
-1.096385 -0.732416 -0.921454
-1.018107 -0.784716 -0.929985
-1.087344 -0.809875 -0.921454
-1.155136 -0.839042 -1.032950
-1.070579 -0.797406 -1.041418
-1.155136 -0.839042 -1.032950
-1.127284 -0.804016 -1.041418
-1.070579 -0.797406 -1.041418
-1.070701 -0.851404 -1.033009
-1.089918 -0.688209 -1.032889
-1.023108 -0.741061 -1.033009
-1.096385 -0.732415 -1.041418
-1.142184 -0.766493 -1.041418
-1.155136 -0.839042 -1.032950
-1.142184 -0.766493 -1.041418
-0.883426 -0.019111 -2.240865
0.727432 0.737599 -0.982196
-0.854036 -0.085328 -2.212346
0.727432 0.737599 -0.982196
0.712661 0.740530 -0.911984
0.733980 0.715851 -0.942908
-0.868090 -0.057253 -2.199060
0.712661 0.740530 -0.911984
0.712661 0.740530 -0.911984
0.698833 0.772247 -0.925608
0.701442 0.781196 -0.953108
0.698833 0.772247 -0.925608
-1.149948 -0.364244 0.021285
-1.132099 -0.396394 0.017990
0.595920 0.440991 -0.787162
0.727432 0.737599 -0.982196
-1.119361 -0.411578 0.047734
0.639249 0.445653 -0.771411
0.733980 0.715851 -0.942908
0.657321 0.473375 -0.765581
0.657321 0.473375 -0.765581
-1.119361 -0.411578 0.047734
0.660416 0.478777 -0.764603
-1.138502 -0.386409 0.097107
-1.153738 -0.350020 0.053733
0.711586 0.761584 -0.913579
0.701442 0.781196 -0.953108
0.604594 0.507555 -0.785895
0.601563 0.503759 -0.786897
-1.149948 -0.364244 0.021285
0.594668 0.445604 -0.787754
-1.144448 -0.477181 0.092368
-1.071004 -0.434874 0.098163
-1.071004 -0.434874 0.098163
-1.069102 -0.423820 -0.004314
-1.071247 -0.350140 0.107374
-1.069102 -0.423820 -0.004314
-1.185905 -0.308527 0.006379
-1.100683 -0.308279 0.007765
-1.228038 -0.381802 -0.002241
-1.218436 -0.435016 0.095812
-1.185199 -0.455111 -0.009569
-1.144448 -0.477181 0.092368
-1.144448 -0.477181 0.092368
-1.218436 -0.435016 0.095812
-1.218436 -0.435016 0.095812
-1.179789 -0.413740 0.107213
-1.187632 -0.319405 0.108877
-1.218436 -0.435016 0.095812
-1.187632 -0.319405 0.108877
-1.071247 -0.350140 0.107374
-1.071247 -0.350140 0.107374
-1.104550 -0.393527 0.110652
-1.104550 -0.393527 0.110652
-1.144760 -0.433741 0.105636
-1.228038 -0.381802 -0.002241
-1.185199 -0.455111 -0.009569
-1.069102 -0.423820 -0.004314
-1.122611 -0.415439 -0.012698
-1.069102 -0.423820 -0.004314
-1.185199 -0.455111 -0.009569
-1.100683 -0.308279 0.007765
-1.122873 -0.345926 -0.005192
-1.100683 -0.308279 0.007765
-1.177952 -0.360723 -0.007709
-1.185905 -0.308527 0.006379
-1.177952 -0.360723 -0.007709
-0.849555 0.026625 -3.346312
-0.776372 0.069371 -3.338121
-0.763521 0.127041 -3.433267
-0.776372 0.069371 -3.338121
-0.809008 0.183977 -3.321178
-0.776372 0.069371 -3.338121
-0.809008 0.183977 -3.321178
-0.924819 0.152054 -3.328541
-0.924819 0.152054 -3.328541
-0.933495 0.125386 -3.437056
-0.924819 0.152054 -3.328541
-0.891980 0.198599 -3.424977
-0.890067 0.053048 -3.447235
-0.933495 0.125386 -3.437056
-0.923680 0.067917 -3.341528
-0.850304 0.069435 -3.331138
-0.885513 0.089049 -3.328866
-0.886033 0.128949 -3.322764
-0.851345 0.149236 -3.318935
-0.886033 0.128949 -3.322764
-0.809008 0.183977 -3.321178
-0.851345 0.149236 -3.318935
-0.810470 0.109725 -3.324138
-0.776372 0.069371 -3.338121
-0.850304 0.069435 -3.331138
-0.776372 0.069371 -3.338121
-0.888714 0.127108 -3.444492
-0.890067 0.053048 -3.447235
-0.890067 0.053048 -3.447235
-0.827731 0.093135 -3.448429
-0.827731 0.093135 -3.448429
-0.805106 0.053868 -3.445342
-0.807009 0.199357 -3.423095
-0.813671 0.147783 -3.439764
-0.891980 0.198599 -3.424977
-0.848880 0.167397 -3.437493
-0.933495 0.125386 -3.437056
-0.888714 0.127108 -3.444492
0.780835 1.061023 -3.196136
-0.861210 -0.063676 -2.278507
0.780835 1.061023 -3.196136
-0.848487 -0.080052 -2.249396
-0.848487 -0.080052 -2.249396
-0.868090 -0.057253 -2.199060
-0.868090 -0.057253 -2.199060
0.758441 1.106757 -3.166811
-0.883426 -0.019111 -2.240865
0.758441 1.106757 -3.166811
-0.879353 -0.031855 -2.273890
0.774288 1.082771 -3.235427
-0.797868 -0.089556 -2.301662
-0.800179 -0.105148 -2.199789
-0.797868 -0.089556 -2.301662
-0.801202 -0.020908 -2.186843
-0.801202 -0.020908 -2.186843
-0.917855 0.008746 -2.184603
-0.917855 0.008746 -2.184603
-0.915717 0.024161 -2.286506
-0.947592 -0.106428 -2.202926
-0.915717 0.024161 -2.286506
-0.913661 -0.121562 -2.308912
-0.957170 -0.049014 -2.298580
-0.947592 -0.106428 -2.202926
-0.873978 -0.104968 -2.192661
-0.909187 -0.085353 -2.190389
-0.895135 -0.030704 -2.181725
-0.917855 0.008746 -2.184603
-0.854772 -0.030317 -2.180826
-0.834144 -0.064677 -2.185660
-0.801202 -0.020908 -2.186843
-0.834144 -0.064677 -2.185660
-0.800179 -0.105148 -2.199789
-0.873978 -0.104968 -2.192661
-0.800179 -0.105148 -2.199789
-0.851405 -0.081265 -2.309955
-0.913661 -0.121562 -2.308912
-0.851405 -0.081265 -2.309955
-0.831679 -0.046516 -2.304221
-0.797868 -0.089556 -2.301662
-0.830508 0.025066 -2.284658
-0.830508 0.025066 -2.284658
-0.852307 -0.012155 -2.299386
-0.957170 -0.049014 -2.298580
-0.892662 -0.012545 -2.300286
-0.974848 -0.003645 -2.221342
-0.975458 -0.008492 -2.190083
-0.974848 -0.003645 -2.221342
-1.023064 0.035177 -2.184443
-1.148201 0.030767 -2.187722
-1.206800 -0.078588 -2.205936
-1.139257 -0.179041 -2.251446
-1.187200 -0.139812 -2.214663
-1.013880 -0.174352 -2.248306
-0.970483 -0.132201 -2.208929
-0.975458 -0.008492 -2.190083
-0.970483 -0.132201 -2.208929
-0.970483 -0.132201 -2.208929
-1.059294 -0.109623 -2.203396
-1.139257 -0.179041 -2.251446
-1.059294 -0.109623 -2.203396
-1.139257 -0.179041 -2.251446
-1.187200 -0.139812 -2.214663
-1.206800 -0.078588 -2.205936
-1.116648 -0.096654 -2.202511
-1.083169 -0.033615 -2.192158
-1.148201 0.030767 -2.187722
-1.023064 0.035177 -2.184443
-1.083169 -0.033615 -2.192158
-1.046284 -0.052996 -2.194481
-0.975458 -0.008492 -2.190083
-0.970483 -0.132201 -2.208929
-1.013880 -0.174352 -2.248306
-0.974848 -0.003645 -2.221342
-1.085631 0.054591 -2.214541
-1.085631 0.054591 -2.214541
-1.115760 -0.090486 -2.241590
-1.206800 -0.078588 -2.205936
-1.115760 -0.090486 -2.241590
-1.013880 -0.174352 -2.248306
-1.076436 -0.197880 -2.221256
-1.067348 0.017510 -2.170967
-1.097847 0.016426 -2.171767
-1.097847 0.016426 -2.171767
-1.080167 0.015759 -2.264375
-1.059949 -0.169612 -2.199479
-1.073902 -0.141196 -2.288228
-1.073902 -0.141196 -2.288228
-1.072710 -0.171338 -2.292820
-1.059949 -0.169612 -2.199479
-1.073902 -0.141196 -2.288228
-1.083452 0.041628 -2.232227
-0.833622 0.037705 -2.243069
-1.082260 0.011472 -2.236822
-0.833622 0.037705 -2.243069
-1.061782 -0.127601 -2.086545
-1.048713 -0.070775 -2.077633
-1.115760 -0.090486 -2.241590
-0.955581 -0.064956 -2.230332
-1.115760 -0.090486 -2.241590
-1.061355 -0.032626 -2.231473
-0.827429 -0.129349 -2.253096
-1.076334 -0.138196 -2.259626
-1.059294 -0.109623 -2.203396
-1.116648 -0.096654 -2.202511
-1.116648 -0.096654 -2.202511
-1.120777 -0.073468 -2.079422
-1.083169 -0.033615 -2.192158
-1.120777 -0.073468 -2.079422
-1.120777 -0.073468 -2.079422
-1.048713 -0.070775 -2.077633
0.982877 -1.073037 2.382683
-0.637663 -0.037404 3.421094
0.985435 -1.074431 2.420133
-0.637663 -0.037404 3.421094
-0.657792 -0.086360 3.478595
-0.629271 -0.036755 3.485486
0.959551 -1.118691 2.437367
-0.663547 -0.081666 3.438331
0.954763 -1.121935 2.364414
-0.663547 -0.081666 3.438331
0.827561 -1.181304 1.135721
0.742585 -1.183718 1.134044
0.742585 -1.183718 1.134044
0.786358 -1.159874 1.033591
0.702151 -1.258124 1.125392
0.786358 -1.159874 1.033591
0.748696 -1.318955 1.016018
0.703854 -1.246936 1.022991
0.789805 -1.340479 1.118140
0.874085 -1.242159 1.026345
0.789805 -1.340479 1.118140
0.833633 -1.316577 1.017690
0.808331 -1.290770 1.132158
0.821449 -1.235552 1.138343
0.702151 -1.258124 1.125392
0.789805 -1.340479 1.118140
0.752778 -1.277628 1.132653
0.765895 -1.222414 1.138837
0.742585 -1.183718 1.134044
0.821449 -1.235552 1.138343
0.821449 -1.235552 1.138343
0.872294 -1.253424 1.128795
0.874085 -1.242159 1.026345
0.810319 -1.277886 1.012902
0.786358 -1.159874 1.033591
0.767882 -1.209530 1.019580
0.703854 -1.246936 1.022991
0.786358 -1.159874 1.033591
0.767882 -1.209530 1.019580
0.769974 -1.279015 1.012107
0.748696 -1.318955 1.016018
0.833633 -1.316577 1.017690
-0.355029 -0.464408 0.778014
0.741387 -1.307129 0.006238
-0.330444 -0.461699 0.784565
-1.131273 -0.512850 1.204554
-0.330444 -0.461699 0.784565
-0.271916 -0.491758 0.789746
-0.273390 -0.509277 0.784399
-0.325156 -0.520186 0.769119
-1.157776 -0.551029 1.148603
-0.325156 -0.520186 0.769119
-0.349888 -0.507296 0.766984
-0.349888 -0.507296 0.766984
0.954763 -1.121935 2.364414
0.978208 -1.092926 2.352843
0.978208 -1.092926 2.352843
-1.121041 -0.493369 1.174404
0.982877 -1.073037 2.382683
-1.121041 -0.493369 1.174404
-1.156554 -0.557151 1.185249
-1.131273 -0.512850 1.204554
-1.156554 -0.557151 1.185249
0.954763 -1.121935 2.364414
-1.156554 -0.557151 1.185249
-1.130342 -0.506744 1.139678
1.017867 -1.029578 2.430079
0.932869 -1.027653 2.431201
0.932869 -1.027653 2.431201
0.973997 -1.025591 2.326896
0.888610 -1.100050 2.437964
0.973997 -1.025591 2.326896
0.928101 -1.182850 2.340937
0.887065 -1.108484 2.335297
0.971872 -1.186926 2.444134
1.057335 -1.112402 2.333057
0.971872 -1.186926 2.444134
1.013058 -1.184811 2.339819
0.993274 -1.136545 2.447931
1.009253 -1.081945 2.443138
0.888610 -1.100050 2.437964
0.971872 -1.186926 2.444134
0.938474 -1.120553 2.447423
0.954452 -1.065957 2.442631
0.932869 -1.027653 2.431201
1.009253 -1.081945 2.443138
1.009253 -1.081945 2.443138
1.058792 -1.104028 2.435789
1.057335 -1.112402 2.333057
0.991472 -1.146510 2.328390
0.973997 -1.025591 2.326896
0.952649 -1.075923 2.323091
0.887065 -1.108484 2.335297
0.973997 -1.025591 2.326896
0.952649 -1.075923 2.323091
0.951118 -1.145579 2.328921
0.928101 -1.182850 2.340937
1.013058 -1.184811 2.339819
0.901468 -1.087056 -1.277611
0.853880 -1.031489 -1.165902
0.812997 -1.005913 -1.267203
0.901468 -1.087056 -1.277611
0.731304 -1.093114 -1.282079
0.729192 -1.108834 -1.180282
0.731304 -1.093114 -1.282079
0.817591 -1.190045 -1.190701
0.817591 -1.190045 -1.190701
0.861706 -1.161355 -1.289760
0.901468 -1.087056 -1.277611
0.817591 -1.190045 -1.190701
0.835616 -1.140851 -1.174402
0.817591 -1.190045 -1.190701
0.817591 -1.190045 -1.190701
0.779950 -1.128213 -1.173625
0.729192 -1.108834 -1.180282
0.779950 -1.128213 -1.173625
0.768937 -1.034546 -1.168136
0.729192 -1.108834 -1.180282
0.768937 -1.034546 -1.168136
0.853880 -1.031489 -1.165902
0.850689 -1.067692 -1.284271
0.901468 -1.087056 -1.277611
0.901468 -1.087056 -1.277611
0.861706 -1.161355 -1.289760
0.850689 -1.067692 -1.284271
0.901468 -1.087056 -1.277611
0.731304 -1.093114 -1.282079
0.795022 -1.055056 -1.283494
0.776802 -1.164375 -1.291988
0.731304 -1.093114 -1.282079
-0.604385 -0.568933 -1.363335
0.846363 -0.893751 -2.338329
-0.596580 -0.573947 -1.360947
0.847867 -0.903717 -2.302145
-0.547684 -0.601009 -1.345397
-1.071991 -0.761916 -1.013564
-0.596580 -0.573947 -1.360947
-0.548420 -0.614570 -1.347565
-0.548420 -0.614570 -1.347565
-1.076215 -0.813246 -0.961996
-0.569346 -0.646471 -1.360237
-0.593446 -0.635375 -1.368212
-1.071991 -0.761916 -1.013564
-0.612171 -0.576864 -1.367504
-1.069078 -0.743069 -0.981005
0.764326 -1.277069 -0.002551
-1.069078 -0.743069 -0.981005
0.768180 -1.259485 0.029250
0.768180 -1.259485 0.029250
0.741507 -1.306853 0.070857
0.731416 -1.323036 0.029296
-1.081261 -0.798276 -0.949156
0.731416 -1.323036 0.029296
0.741507 -1.306853 0.070857
0.741387 -1.307129 0.006238
-1.071991 -0.761916 -1.013564
0.801463 -1.219556 0.080269
0.801449 -1.219547 -0.022639
0.716457 -1.219554 -0.022639
0.801449 -1.219547 -0.022639
0.673855 -1.293268 0.080387
0.673916 -1.293213 -0.022638
0.716468 -1.366754 -0.022639
0.673916 -1.293213 -0.022638
0.758961 -1.378459 0.080510
0.844018 -1.293209 -0.022637
0.758961 -1.378459 0.080510
0.801455 -1.366753 -0.022639
0.779143 -1.328115 0.088798
0.793919 -1.272969 0.088799
0.673855 -1.293268 0.080387
0.758961 -1.378459 0.080510
0.724000 -1.313340 0.088796
0.738775 -1.258198 0.088798
0.716473 -1.219543 0.080269
0.793919 -1.272969 0.088799
0.793919 -1.272969 0.088799
0.844048 -1.293275 0.080388
0.844018 -1.293209 -0.022637
0.779143 -1.328115 -0.031168
0.801449 -1.219547 -0.022639
0.793918 -1.272972 -0.031166
0.801449 -1.219547 -0.022639
0.738774 -1.258198 -0.031168
0.716457 -1.219554 -0.022639
0.738774 -1.258198 -0.031168
0.738774 -1.328115 -0.031168
0.673916 -1.293213 -0.022638
0.779143 -1.328115 -0.031168
0.801455 -1.366753 -0.022639
0.900735 -0.686318 -3.419132
0.815792 -0.689375 -3.421366
0.815792 -0.689375 -3.421366
0.859852 -0.660742 -3.520430
0.776156 -0.763530 -3.433551
0.859852 -0.660742 -3.520430
0.821586 -0.834983 -3.443428
0.908571 -0.816243 -3.542997
0.821586 -0.834983 -3.443428
0.823660 -0.819199 -3.545217
0.948256 -0.741819 -3.530895
0.908571 -0.816243 -3.542997
0.882473 -0.795682 -3.427632
0.945951 -0.757521 -3.429099
0.882473 -0.795682 -3.427632
0.826807 -0.783044 -3.426854
0.776156 -0.763530 -3.433551
0.826807 -0.783044 -3.426854
0.839413 -0.728046 -3.418166
0.815792 -0.689375 -3.421366
0.839413 -0.728046 -3.418166
0.895080 -0.740679 -3.418944
0.895080 -0.740679 -3.418944
0.900735 -0.686318 -3.419132
0.884938 -0.777517 -3.546189
0.948256 -0.741819 -3.530895
0.897544 -0.722521 -3.537502
0.841877 -0.709884 -3.536724
0.778209 -0.747882 -3.535359
0.841877 -0.709884 -3.536724
0.844608 -0.778950 -3.547247
0.823660 -0.819199 -3.545217
0.844608 -0.778950 -3.547247
0.884938 -0.777517 -3.546189
-0.808508 0.134100 -3.380245
0.843878 -0.906343 -2.372137
-0.808508 0.134100 -3.380245
0.846363 -0.893751 -2.338329
0.846363 -0.893751 -2.338329
0.825528 -0.927987 -2.306450
0.825528 -0.927987 -2.306450
-0.831805 0.098257 -3.349288
0.821988 -0.938495 -2.368647
0.812110 -0.955413 -2.329239
0.922451 -0.932085 -2.290524
0.877061 -0.860721 -2.280657
0.836178 -0.835145 -2.381958
0.924649 -0.916287 -2.392366
0.754485 -0.922345 -2.396832
0.752373 -0.938065 -2.295037
0.754485 -0.922345 -2.396832
0.840772 -1.019276 -2.305454
0.840772 -1.019276 -2.305454
0.884887 -0.990587 -2.404514
0.924649 -0.916287 -2.392366
0.840772 -1.019276 -2.305454
0.858797 -0.970082 -2.289155
0.840772 -1.019276 -2.305454
0.840772 -1.019276 -2.305454
0.803131 -0.957444 -2.288378
0.752373 -0.938065 -2.295037
0.803131 -0.957444 -2.288378
0.792118 -0.863777 -2.282889
0.752373 -0.938065 -2.295037
0.792118 -0.863777 -2.282889
0.877061 -0.860721 -2.280657
0.873870 -0.896924 -2.399026
0.924649 -0.916287 -2.392366
0.924649 -0.916287 -2.392366
0.884887 -0.990587 -2.404514
0.873870 -0.896924 -2.399026
0.924649 -0.916287 -2.392366
0.754485 -0.922345 -2.396832
0.804020 -0.899405 -2.400858
0.799984 -0.993606 -2.406742
0.754485 -0.922345 -2.396832
1.204103 0.723685 2.583130
1.117728 0.718566 2.481465
1.086743 0.697312 2.587219
1.117728 0.718566 2.481465
1.111887 0.571770 2.493850
1.072271 0.646768 2.488197
1.196971 0.568282 2.492738
1.198338 0.576880 2.595393
1.196971 0.568282 2.492738
1.243746 0.648433 2.588743
1.243746 0.648433 2.588743
1.204103 0.723685 2.583130
1.153912 0.655752 2.598052
1.243746 0.648433 2.588743
1.243746 0.648433 2.588743
1.153912 0.655752 2.598052
1.113253 0.580304 2.596511
1.086743 0.697312 2.587219
1.122974 0.664149 2.477419
1.117728 0.718566 2.481465
1.117728 0.718566 2.481465
1.232631 0.682765 2.482594
1.135568 0.608645 2.481857
1.122974 0.664149 2.477419
1.111887 0.571770 2.493850
1.135568 0.608645 2.481857
1.175899 0.607012 2.481385
1.196971 0.568282 2.492738
1.196971 0.568282 2.492738
1.232631 0.682765 2.482594
1.027189 0.729508 2.217701
0.959924 -0.841495 3.333000
0.959924 -0.841495 3.333000
0.976001 0.743308 2.268743
1.027263 0.738121 2.273107
1.012076 -0.766080 3.335046
0.723339 0.673984 1.334486
0.682816 0.673308 1.230099
0.639394 0.588555 1.323917
0.682816 0.673308 1.230099
0.682937 0.515723 1.316654
0.684693 0.526594 1.214218
0.768073 0.516530 1.318220
0.684693 0.526594 1.214218
0.799300 0.643605 1.228772
0.800416 0.558767 1.219685
0.682816 0.673308 1.230099
0.723339 0.673984 1.334486
0.723339 0.673984 1.334486
0.703742 0.622961 1.337170
0.759563 0.568724 1.332241
0.744103 0.623390 1.337889
0.768073 0.516530 1.318220
0.759563 0.568724 1.332241
0.704614 0.553448 1.329674
0.682937 0.515723 1.316654
0.684000 0.587992 1.333063
0.704614 0.553448 1.329674
0.639394 0.588555 1.323917
0.703742 0.622961 1.337170
0.682816 0.673308 1.230099
0.746090 0.636274 1.218633
0.641245 0.599487 1.221491
0.691143 0.621000 1.216067
0.691143 0.621000 1.216067
0.684693 0.526594 1.214218
0.706604 0.566337 1.210419
0.746962 0.566765 1.211138
0.766705 0.601735 1.215245
0.746962 0.566765 1.211138
0.746090 0.636274 1.218633
0.799300 0.643605 1.228772
0.751957 -1.037288 0.929009
0.717481 0.555952 0.028806
0.720858 0.559302 0.066141
0.717481 0.555952 0.028806
0.749398 -0.958293 0.950950
0.749398 -0.958293 0.950950
0.720858 0.559302 0.066141
0.757970 -0.960195 0.952422
0.805726 -1.021547 0.946139
0.805726 -1.021547 0.946139
0.758883 -1.041873 0.929329
0.738361 -1.287871 1.071405
0.971992 0.736947 2.231864
0.971992 0.736947 2.231864
0.738361 -1.287871 1.071405
1.027263 0.738121 2.273107
0.812207 -1.289503 1.062960
1.045598 0.733271 2.231544
0.812207 -1.289503 1.062960
1.025578 0.737076 2.198986
0.812207 -1.289503 1.062960
0.920742 0.742870 2.180514
0.966043 0.814475 2.173865
0.960282 0.667845 2.186173
0.922148 0.751556 2.283163
0.960282 0.667845 2.186173
1.046757 0.672955 2.287717
1.046757 0.672955 2.287717
1.045199 0.664434 2.185177
1.090628 0.736042 2.178524
1.010603 0.832886 2.275165
0.966043 0.814475 2.173865
1.050995 0.810995 2.172872
1.041452 0.727174 2.291840
1.092211 0.744668 2.281172
1.092211 0.744668 2.281172
1.010603 0.832886 2.275165
1.046757 0.672955 2.287717
0.985777 0.714691 2.293720
0.961844 0.676417 2.288708
0.966988 0.750320 2.291033
0.961844 0.676417 2.288708
0.985777 0.714691 2.293720
0.922148 0.751556 2.283163
1.010603 0.832886 2.275165
1.027057 0.772715 2.167861
0.966043 0.814475 2.173865
0.966043 0.814475 2.173865
0.971382 0.760234 2.169741
0.971382 0.760234 2.169741
0.920742 0.742870 2.180514
1.024307 0.703097 2.173707
1.045199 0.664434 2.185177
1.027057 0.772715 2.167861
1.045848 0.737089 2.170548
0.690478 0.800059 -0.888723
0.649570 0.726549 -0.900836
0.649570 0.726549 -0.900836
0.693660 0.654592 -0.910942
0.693660 0.654592 -0.910942
0.778615 0.656083 -0.908949
0.778615 0.656083 -0.908949
0.811183 0.702892 -1.005348
0.819487 0.729653 -0.896827
0.811183 0.702892 -1.005348
0.775431 0.801672 -0.886713
0.690478 0.800059 -0.888723
0.690478 0.800059 -0.888723
0.753783 0.761729 -0.884648
0.690478 0.800059 -0.888723
0.713433 0.760991 -0.885599
0.753783 0.761729 -0.884648
0.775431 0.801672 -0.886713
0.778615 0.656083 -0.908949
0.769743 0.707500 -0.892622
0.714944 0.691888 -0.896155
0.693660 0.654592 -0.910942
0.694015 0.726073 -0.891354
0.714944 0.691888 -0.896155
0.649570 0.726549 -0.900836
0.713433 0.760991 -0.885599
0.692636 0.815847 -0.990509
0.756248 0.779890 -1.003204
0.651714 0.742129 -1.002533
0.701449 0.764281 -1.006736
0.701449 0.764281 -1.006736
0.695827 0.669999 -1.012787
0.717411 0.710054 -1.014711
0.757760 0.710791 -1.013759
0.777178 0.745709 -1.008005
0.757760 0.710791 -1.013759
0.756248 0.779890 -1.003204
0.809339 0.787194 -0.992472
0.785601 -1.131212 -1.267143
0.724835 0.897961 -2.066484
0.784206 -1.141611 -1.203050
0.785601 -1.131212 -1.267143
0.778642 0.892495 -2.023678
0.784206 -1.141611 -1.203050
0.778642 0.892495 -2.023678
0.835913 -1.136185 -1.214705
0.785601 -1.131212 -1.267143
0.839823 -1.136492 -1.243455
0.737040 -0.906693 -0.896953
0.765925 -1.135858 -1.235338
0.709873 -0.973101 -0.905007
0.784206 -1.141611 -1.203050
0.725371 -1.007412 -0.898339
0.725371 -1.007412 -0.898339
0.717481 0.555952 0.028806
0.734610 -1.013517 -0.894775
0.783749 -0.923312 -0.879352
0.791151 0.553928 0.029288
0.779420 -0.913292 -0.881228
0.771478 0.559996 -0.003140
0.839823 -1.136492 -1.243455
0.779420 -0.913292 -0.881228
0.666773 0.565016 -0.022639
0.710539 0.637860 0.080269
0.708029 0.490492 -0.022760
0.707986 0.490687 0.080269
0.824635 0.519598 -0.022759
0.792964 0.489141 0.080267
0.824635 0.519598 -0.022759
0.836726 0.562045 0.080269
0.836726 0.562045 0.080269
0.795536 0.636431 0.080267
0.710617 0.638035 -0.022759
0.795536 0.636431 0.080267
0.772544 0.598129 0.088798
0.795536 0.636431 0.080267
0.786354 0.542737 0.088799
0.772544 0.598129 0.088798
0.792964 0.489141 0.080267
0.836726 0.562045 0.080269
0.786354 0.542737 0.088799
0.730962 0.528923 0.088798
0.707986 0.490687 0.080269
0.666774 0.565001 0.080269
0.732183 0.598834 0.088799
0.666774 0.565001 0.080269
0.732183 0.598834 0.088799
0.710539 0.637860 0.080269
0.772544 0.598129 -0.031168
0.826124 0.604885 -0.022759
0.730963 0.528927 -0.031168
0.708029 0.490492 -0.022760
0.708029 0.490492 -0.022760
0.666773 0.565016 -0.022639
0.708029 0.490492 -0.022760
0.824635 0.519598 -0.022759
0.824635 0.519598 -0.022759
0.792114 0.562823 -0.031168
0.826124 0.604885 -0.022759
0.792114 0.562823 -0.031168
0.696440 1.071730 -3.154064
0.698555 1.087292 -3.255765
0.740549 0.999584 -3.164137
0.742724 1.015090 -3.266026
0.856120 1.032363 -3.156592
0.858031 1.048068 -3.258578
0.856240 1.132374 -3.245640
0.856120 1.032363 -3.156592
0.739484 1.161022 -3.243740
0.822447 1.146869 -3.139873
0.745840 1.091291 -3.141409
0.800638 1.106904 -3.137877
0.821569 1.072720 -3.142679
0.800638 1.106904 -3.137877
0.802150 1.037800 -3.148432
0.856120 1.032363 -3.156592
0.740549 0.999584 -3.164137
0.856120 1.032363 -3.156592
0.696440 1.071730 -3.154064
0.746712 1.051396 -3.147502
0.745840 1.091291 -3.141409
0.737334 1.145231 -3.141954
0.739484 1.161022 -3.243740
0.818196 1.110741 -3.258315
0.698555 1.087292 -3.255765
0.749178 1.069559 -3.266062
0.749178 1.069559 -3.266062
0.742724 1.015090 -3.266026
0.858031 1.048068 -3.258578
0.742724 1.015090 -3.266026
0.858031 1.048068 -3.258578
0.856240 1.132374 -3.245640
0.779278 0.908710 -2.096030
0.832456 -0.786040 -3.520375
0.724835 0.897961 -2.066484
0.832456 -0.786040 -3.520375
0.724835 0.897961 -2.066484
0.778642 0.892495 -2.023678
0.778642 0.892495 -2.023678
0.886678 -0.791322 -3.496686
0.886678 -0.791322 -3.496686
0.779278 0.908710 -2.096030
0.713657 0.970826 -2.003479
0.672717 0.897336 -2.015589
0.687032 0.871180 -2.123546
0.672717 0.897336 -2.015589
0.761672 0.830458 -2.128112
0.801785 0.826907 -2.023694
0.834321 0.873796 -2.119962
0.761672 0.830458 -2.128112
0.832520 0.957963 -2.107227
0.842668 0.900421 -2.011582
0.832520 0.957963 -2.107227
0.798612 0.972441 -2.001466
0.715649 0.986660 -2.105325
0.832520 0.957963 -2.107227
0.776964 0.932496 -1.999402
0.713657 0.970826 -2.003479
0.842668 0.900421 -2.011582
0.776964 0.932496 -1.999402
0.801785 0.826907 -2.023694
0.792924 0.878270 -2.007375
0.801785 0.826907 -2.023694
0.738125 0.862656 -2.010908
0.716837 0.825355 -2.025698
0.738125 0.862656 -2.010908
0.736614 0.931760 -2.000353
0.717196 0.896841 -2.006107
0.724630 0.935050 -2.121492
0.715649 0.986660 -2.105325
0.715649 0.986660 -2.105325
0.832520 0.957963 -2.107227
0.724630 0.935050 -2.121492
0.715649 0.986660 -2.105325
0.761672 0.830458 -2.128112
0.740592 0.880823 -2.129468
0.780940 0.881560 -2.128515
0.834321 0.873796 -2.119962
0.834321 0.873796 -2.119962
0.832520 0.957963 -2.107227
1.125457 -0.798906 2.757882
0.914191 -1.008066 1.465649
0.899414 -1.014684 0.324720
0.982038 -1.014684 0.324719
0.899414 -1.014684 0.324720
0.899414 -1.014684 -0.866757
0.963976 -0.676322 -2.107422
0.963976 -0.676322 -2.107422
1.046520 -0.673387 -2.105256
1.071005 -0.493009 -3.282744
0.988462 -0.495944 -3.284909
1.208052 -0.800813 2.756793
0.996767 -1.005754 1.467274
0.991353 -0.825934 1.486617
0.998423 -0.778793 1.060710
0.982038 -1.005037 -0.804312
0.982038 -1.014684 -0.804034
0.982038 -0.830627 0.324725
1.046520 -0.673387 -2.105256
1.039087 -0.485415 -2.076607
1.071005 -0.493009 -3.282744
1.039087 -0.485415 -2.076607
1.063451 -0.301957 -3.253627
1.071005 -0.493009 -3.282744
1.048355 -0.727313 1.087137
1.040028 -0.766921 1.566174
1.041999 -0.832395 1.559134
1.050071 -0.778579 1.072910
1.033902 -0.827711 -0.790389
1.033902 -0.761842 -0.785769
1.033902 -0.761825 -0.792283
1.127602 -0.150432 -3.925232
1.097434 -0.195220 -3.933365
1.127602 -0.150432 -3.925232
1.126722 -0.129375 -3.920240
0.858521 -0.779369 1.027661
0.856843 -0.729238 1.041572
0.841551 -0.827723 -0.785770
0.841551 -0.761840 -0.785769
0.921260 -0.320806 -3.168385
0.841551 -0.763774 -0.862744
0.918685 -0.255725 -3.158467
1.212494 -0.620709 2.778422
1.012888 -0.778733 1.064126
1.113423 -0.313976 -3.163341
1.007453 -0.827684 -0.800088
0.999816 -0.778785 1.061036
0.844666 -0.827502 -0.859773
0.847790 -0.772301 1.562388
0.856370 -0.715089 1.045499
0.847613 -0.761643 -0.860582
0.996158 -0.135881 -3.911632
1.126722 -0.129375 -3.920240
1.018949 0.585193 2.671082
0.992767 0.613695 2.676105
1.148518 0.642272 2.506716
0.918998 0.536056 2.675859
-1.164703 -0.574973 0.786423
-0.628061 -0.079944 3.479311
-0.772572 0.176869 -3.685179
-0.819978 -0.161829 -1.495129
-0.679963 0.026656 3.493840
-1.219910 -0.470068 0.803384
-1.253903 -0.487311 0.790475
-0.931983 -0.115381 -1.532902
-0.955742 -0.162689 -1.548826
1.070397 -0.902223 4.288398
1.048680 -0.861678 4.294098
0.942573 -0.946428 4.296243
0.959924 -0.841495 3.333000
0.964296 -0.754420 3.340533
1.010750 -0.819757 3.330275
1.027263 0.738121 2.273107
1.100312 0.673739 2.575779
0.708526 0.516202 1.362128
1.149137 0.581669 2.563024
0.757093 0.522584 1.375365
0.783473 0.600927 1.403922
1.161557 0.712753 2.573664
1.200940 0.695541 2.568449
-0.717725 -0.059574 3.489475
1.133801 -0.752697 3.311230
1.125457 -0.798906 2.757882
1.216291 -0.755250 3.303358
1.208052 -0.800813 2.756793
1.040028 -0.766921 1.566174
1.274008 -0.512035 3.320185
1.080348 -0.572880 3.332577
0.849761 -0.837776 1.555345
1.040028 -0.766921 1.566174
1.274008 -0.512035 3.320185
-1.240811 -0.585820 0.765438
0.930696 -0.878741 4.303485
1.129197 0.705597 2.576010
0.711905 1.274283 -4.311245
0.709809 0.502336 -0.947407
0.783630 1.353987 -4.298188
0.804696 0.602876 -0.915508
0.812427 0.588921 -0.912275
0.899414 -0.834913 -0.839487
0.996945 -0.251868 -3.938813
0.996945 -0.251868 -3.938813
0.899414 -0.834913 -0.839487
1.138122 -0.574518 3.327075
1.133801 -0.752697 3.311230
0.922086 -0.956781 0.991973
0.982040 -0.827661 -0.809407
1.019230 -0.634947 -1.117242
1.019230 -0.634947 -1.117242
1.044581 -0.438332 -2.378876
0.841551 -0.827527 -0.860912
0.921260 -0.320806 -3.168385
0.863172 -1.223564 0.901991
1.070397 -0.902223 4.288398
1.048680 -0.861678 4.294098
0.776304 -1.222684 -0.873484
0.809714 -1.161627 0.907100
0.962983 -0.838918 4.304095
1.023538 -0.835090 4.298828
0.930696 -0.878741 4.303485
0.942573 -0.946428 4.296243
0.742924 -1.276504 0.858619
0.996213 -0.974542 4.288716
1.047446 -0.950455 4.286156
0.959924 -0.841495 3.333000
1.010750 -0.819757 3.330275
-0.702253 -0.058521 3.395264
-0.647891 -0.075942 3.395897
-1.163456 -0.554886 1.226956
-1.198485 -0.534885 1.228533
-1.196497 -0.522001 1.109276
-1.141307 -0.536584 1.108621
-0.683451 -0.164060 2.392139
-0.717395 -0.142251 2.390831
-0.719197 -0.152218 2.271291
-0.664835 -0.169636 2.271924
-1.133910 -0.747313 -0.921454
-1.127285 -0.804016 -0.921454
-1.096385 -0.732415 -1.041418
-1.142184 -0.766493 -1.041418
-1.144760 -0.433741 0.105636
-1.179789 -0.413740 0.107213
-1.177801 -0.400857 -0.012042
-1.122611 -0.415439 -0.012698
-0.886033 0.128949 -3.322764
-0.885513 0.089049 -3.328866
-0.848880 0.167397 -3.437493
-0.888714 0.127108 -3.444492
-0.873978 -0.104968 -2.192661
-0.834144 -0.064677 -2.185660
-0.906722 -0.067191 -2.308949
-0.892662 -0.012545 -2.300286
0.765895 -1.222414 1.138837
0.752778 -1.277628 1.132653
0.769974 -1.279015 1.012107
0.767882 -1.209530 1.019580
0.993274 -1.136545 2.447931
0.938474 -1.120553 2.447423
0.792557 -1.073218 -1.164937
0.848224 -1.085850 -1.165713
0.850689 -1.067692 -1.284271
0.838082 -1.122689 -1.292958
0.779143 -1.328115 0.088798
0.793919 -1.272969 0.088799
0.779143 -1.328115 -0.031168
0.793918 -1.272972 -0.031166
0.897544 -0.722521 -3.537502
0.841877 -0.709884 -3.536724
0.815738 -0.902449 -2.279690
0.803131 -0.957444 -2.288378
0.820935 -0.953353 -2.408773
0.804020 -0.899405 -2.400858
1.178650 0.676630 2.475541
1.122974 0.664149 2.477419
0.704614 0.553448 1.329674
0.684000 0.587992 1.333063
0.746090 0.636274 1.218633
0.691143 0.621000 1.216067
0.988527 0.784314 2.287874
1.028859 0.782679 2.287402
1.027057 0.772715 2.167861
0.971382 0.760234 2.169741
0.714944 0.691888 -0.896155
0.694015 0.726073 -0.891354
0.717411 0.710054 -1.014711
0.701449 0.764281 -1.006736
0.786354 0.542737 0.088799
0.730962 0.528923 0.088798
0.730963 0.528927 -0.031168
0.717151 0.584319 -0.031168
0.802150 1.037800 -3.148432
0.821569 1.072720 -3.142679
0.736614 0.931760 -2.000353
0.776964 0.932496 -1.999402
0.780940 0.881560 -2.128515
0.800359 0.916478 -2.122762
0.992767 0.613695 2.676105
1.018949 0.585193 2.671082
1.214473 0.626262 2.560878
1.129197 0.705597 2.576010
1.219577 0.659371 2.563421
1.161557 0.712753 2.573664
-0.902986 0.128851 -3.686289
-0.877183 0.102445 -3.694464
-0.840594 0.234081 -3.666526
-0.788241 0.125193 -3.696047
-0.840594 0.234081 -3.666526
-0.772572 0.176869 -3.685179
0.832413 -0.728031 -4.021282
0.876345 -0.739843 -4.027450
0.832413 -0.728031 -4.021282
0.916271 -0.723059 -4.026623
0.685485 1.324232 -4.297529
0.710685 1.370107 -4.288761
0.767937 1.279504 -4.314384
0.711905 1.274283 -4.311245
1.220613 -0.577053 3.319205
1.138122 -0.574518 3.327075
1.081962 -0.506322 3.338494
1.138122 -0.574518 3.327075
0.719600 0.590186 1.305903
0.701751 0.622334 1.309200
0.691563 0.640267 1.268894
-1.130342 -0.506744 1.139678
0.770240 -1.264084 0.066140
-1.131273 -0.512850 1.204554
0.741507 -1.306853 0.070857
0.741387 -1.307129 0.006238
0.720858 0.559302 0.066141
0.756764 -1.292350 1.103826
0.772164 0.554893 0.070830
0.812207 -1.289503 1.062960
0.773017 0.550930 0.014908
0.982038 -1.014684 0.324719
0.841551 -0.827723 -0.785770
1.033902 -0.827723 -0.785770
1.033902 -0.827711 -0.790389
1.212494 -0.620709 2.778422
0.992164 -0.820537 1.437863
0.990418 -0.827668 -0.806335
0.849761 -0.837776 1.555345
1.138122 -0.574518 3.327075
0.916057 -0.781031 1.040712
0.859193 -0.779360 1.027821
0.841551 -0.761840 -0.785769
-1.274009 -0.529475 0.773715
-0.724963 -0.028475 3.492981
0.785087 0.499961 -0.919742
0.718097 0.622285 -0.947815
1.212494 -0.620709 2.778422
1.220613 -0.577053 3.319205
-0.920394 -0.224088 -1.543373
0.718097 0.622285 -0.947815
0.899414 -0.852972 -0.838969
0.899414 -1.014549 -0.834329
0.999816 -0.778785 1.061036
0.804436 -1.343868 -0.859688
0.804436 -1.343868 -0.859688
-1.119361 -0.411578 0.047734
0.729729 0.729764 -0.918199
0.847867 -0.903717 -2.302145
-1.071991 -0.761615 -0.948948
0.824342 -0.952131 -2.296783
-1.080578 -0.815604 -0.990886
0.785601 -1.131212 -1.267143
0.784206 -1.141611 -1.203050
0.982038 -1.014684 -0.866757
0.982038 -0.827512 -0.866750
0.982038 -1.014684 -0.866757
1.113423 -0.313976 -3.163341
1.110849 -0.248895 -3.153424
0.990418 -0.827668 -0.806335
0.841551 -0.827527 -0.860912
0.841551 -0.827723 -0.785770
0.738921 1.378459 -4.288997
0.710685 1.370107 -4.288761
0.710685 1.370107 -4.288761
0.996945 -0.251868 -3.938813
0.916271 -0.723059 -4.026623
0.832413 -0.728031 -4.021282
0.876345 -0.739843 -4.027450
0.916271 -0.723059 -4.026623
1.078457 -0.129794 0.564592
0.742273 -0.291761 0.564712
0.622316 -0.233903 0.564592
0.509658 -0.000021 0.564592
0.575235 -0.000021 0.751255
1.108088 -0.000021 0.564592
0.937265 -0.160968 0.751738
0.680482 -0.160968 0.751736
1.019647 -0.101683 0.938904
0.954545 -0.182638 0.938904
0.861135 -0.228090 0.938904
0.680482 -0.160968 0.751736
0.623359 -0.089310 0.751897
1.042513 -0.000021 0.938904
1.014744 -0.000021 0.752217
0.854684 -0.200677 0.752217
0.808873 -0.000021 0.938904
1.042513 -0.000021 0.938904
0.441638 -0.192860 1.128477
0.423540 -0.209938 1.105244
0.441638 -0.192860 1.128477
0.489382 -0.275736 1.105244
0.423029 -0.210071 1.065727
0.416618 -0.000013 1.105183
0.439428 -0.189142 0.935747
0.509648 -0.261078 0.935195
1.049933 -0.283354 1.065727
1.138818 -0.193732 1.105486
1.116995 -0.000011 0.935491
1.116964 -0.000007 1.128840
0.423540 -0.209938 1.105244
0.423029 -0.210071 1.065727
1.049933 -0.283354 1.065727
1.045140 -0.259606 1.128718
0.598372 -0.101342 0.751255
0.680482 -0.160968 0.751736
1.019375 -0.101342 0.751252
1.042875 0.000154 0.751619
1.042875 0.000154 0.751619
0.875455 0.291642 0.564592
0.742292 0.291642 0.564592
0.622316 0.233866 0.564592
0.539290 0.129755 0.564592
1.108088 -0.000021 0.564592
0.954729 0.182684 0.751436
0.860863 0.227709 0.751255
0.663202 0.182596 0.751255
0.598372 0.101302 0.751255
0.916508 0.171171 0.752046
0.994376 0.089275 0.752217
0.854684 0.200638 0.752217
0.763063 0.200638 0.752217
0.598372 0.101302 0.938904
0.575235 -0.000021 0.938904
0.763063 0.200638 0.752217
0.680515 0.160887 0.752217
0.623343 0.089279 0.751736
0.603003 -0.000021 0.752217
0.808873 -0.000021 0.938904
0.416618 -0.000013 1.105183
0.416791 0.193512 1.105244
0.505306 0.283073 1.105088
0.510354 0.259297 1.128477
0.505306 0.283073 1.105088
1.049655 0.282574 1.105244
0.416618 -0.000013 1.105183
0.422956 0.210055 1.065725
0.505306 0.283073 1.105088
0.509588 0.260686 0.935444
1.045564 0.260714 0.935244
1.138825 0.193677 0.958965
0.416618 -0.000013 1.105183
0.416791 0.193512 1.105244
0.423571 0.209896 1.105244
0.422956 0.210055 1.065725
1.049655 0.282574 1.105244
1.115475 0.188959 1.128477
1.138843 0.193691 1.065847
1.115475 0.188959 1.128477
0.663202 0.182596 0.751255
0.756884 0.227709 0.751255
0.916325 0.051698 0.752217
0.937265 -0.160968 0.751738
0.916325 0.051698 0.752217
0.937265 -0.160968 0.751738
0.916508 0.171171 0.752046
0.916508 0.171171 0.752046
0.916325 -0.000021 0.752217
0.740150 0.033058 0.938904
0.598372 -0.101342 0.938904
0.740149 -0.000021 0.938904
0.575235 -0.000021 0.938904
0.783583 -0.000021 1.128477
0.769879 -0.259303 1.128477
1.116964 -0.000007 1.128840
1.138818 -0.193732 1.105486
0.769603 -0.000021 0.935989
0.439428 -0.000026 0.935747
0.769603 -0.000021 0.935989
1.116995 -0.000011 0.935491
0.994376 0.089275 0.752217
0.916508 0.171171 0.752046
0.740148 0.086136 0.938904
0.740150 0.033058 0.938904
0.740149 -0.000021 0.938904
0.440012 -0.000020 1.128477
0.783583 -0.000021 1.128477
1.044967 0.259274 1.128477
1.115475 0.188959 1.128477
0.769603 -0.000021 0.935989
0.769877 0.259266 0.935989
1.045564 0.260714 0.935244
1.138825 0.193677 0.958965
-1.312051 0.075050 0.786289
-1.384047 0.075663 0.784941
-1.419989 0.013986 0.783594
-1.276590 0.009751 0.786394
-1.352542 -0.057086 0.783594
-1.404115 0.054536 -3.613696
-1.419989 0.013986 0.783594
-1.384047 0.075663 0.784941
-1.320382 -0.043717 0.603523
-1.383958 -0.042052 0.603523
-1.294837 0.042521 0.662288
-1.329637 0.046593 0.603523
-1.381075 0.068065 0.603523
-1.404955 0.045404 0.662288
-1.383958 -0.042052 0.603523
-1.371820 -0.022245 0.662288
-1.349063 0.075751 0.662288
-1.294837 0.042521 0.662288
-1.414305 0.013839 0.603523
-1.381075 0.068065 0.603523
0.310431 0.922798 0.600361
-1.326930 -0.015828 0.633362
0.316665 0.910680 0.652129
-1.335666 0.001056 0.666650
0.300943 0.940267 0.671536
-1.359891 0.047065 0.652642
-1.353710 0.034807 0.600361
0.292315 0.956692 0.600605
-1.352964 -0.072789 -0.875583
-1.306143 0.084673 -0.875579
-1.306322 0.084648 -0.978603
-1.391569 0.086925 -0.978606
-1.425584 -0.028340 -0.978606
-1.425686 -0.028280 -0.875579
-1.351785 -0.028181 -0.867109
-1.329637 0.046594 -0.867109
-1.310375 0.011117 -0.867109
-1.310375 0.011117 -0.867109
-1.425584 -0.028340 -0.978606
-1.265609 0.009846 -0.978606
-1.310375 0.011117 -0.987073
-1.306322 0.084648 -0.978603
-1.391569 0.086925 -0.978606
-1.326921 -0.013102 -2.055479
-1.331680 -0.012523 -2.017942
0.296903 0.937817 -0.890093
0.283858 0.967635 -0.908037
0.288766 0.970402 -0.945693
-1.359438 0.049744 -2.055540
0.309715 0.923776 -0.959316
-1.339813 -0.000812 0.193491
-1.326842 -0.016251 0.225591
-1.340065 0.020052 0.262480
0.296534 0.958417 -0.894751
0.283356 0.974069 -0.927578
-1.356687 0.032024 0.193643
0.309715 0.923776 -0.959316
-1.310177 -0.062512 0.173398
-1.278263 -0.032229 0.276418
-1.395292 -0.060323 0.173396
-1.348447 0.097200 0.276299
-1.423181 0.056575 0.276416
-1.425469 -0.028386 0.276299
-1.395292 -0.060323 0.173396
-1.425469 -0.028386 0.276299
-1.425469 -0.028386 0.276299
-1.423181 0.056575 0.276416
-1.329637 0.046593 0.284890
-1.310375 0.011117 0.284890
-1.371820 -0.022245 0.164927
-1.391081 0.013231 0.164927
-1.331467 -0.023301 0.164927
-1.310177 -0.062512 0.173398
-1.331467 -0.023301 0.164927
-1.310177 -0.062512 0.173398
-1.352957 -0.072775 -3.155581
-1.265609 0.009846 -3.258603
-1.306322 0.084647 -3.258599
-1.391434 0.086912 -3.155576
-1.425686 -0.028335 -3.155576
-1.425686 -0.028335 -3.155576
-1.352957 -0.072775 -3.155581
-1.391434 0.086912 -3.155576
-1.306143 0.084673 -3.155576
-1.278075 -0.032223 -3.155576
-1.435792 0.014279 -3.258603
-1.352950 -0.073037 -3.258723
-1.331467 -0.023304 -3.267070
-1.310375 0.011117 -3.267070
-1.329637 0.046594 -3.267070
-1.369990 0.047649 -3.267070
0.305260 0.922021 -3.239822
0.318535 0.906338 -3.206648
0.313409 0.925579 -3.174932
-1.340064 0.020052 -2.017519
0.283357 0.974071 -3.207576
-1.359438 0.049744 -2.055540
-1.352942 -0.072791 -2.106597
-1.352962 -0.072789 -2.003579
-1.425586 -0.028337 -2.106601
-1.275943 0.052891 -2.003574
-1.391378 0.087075 -2.003454
-1.425688 -0.028286 -2.003574
-1.425586 -0.028337 -2.106601
-1.425688 -0.028286 -2.003574
-1.425688 -0.028286 -2.003574
-1.391378 0.087075 -2.003454
-1.275943 0.052891 -2.003574
-1.310375 0.011118 -1.995107
-1.331467 -0.023308 -2.115073
-1.386203 -0.007087 -2.115073
-1.278090 -0.032173 -2.106601
-1.310375 0.011117 -2.115073
-1.302762 0.060039 -3.646460
-1.312051 0.075050 0.786289
-1.276590 0.009751 0.786394
-1.280361 0.001295 -3.660647
-1.420638 0.014384 -3.612900
-1.411616 -0.020885 -3.619956
-1.416120 -0.094535 0.447661
-1.416233 -0.094785 0.415901
-1.354005 -0.112933 0.447661
-1.240744 0.071891 0.447661
-1.225252 0.008938 0.447419
-1.460713 -0.047543 0.447661
-1.476205 0.015405 0.447419
-1.370554 0.048607 0.451687
-1.476205 0.015405 0.447419
-1.457682 0.077813 0.416265
-1.314299 0.031997 0.451687
-1.285120 0.119343 0.416143
-1.314299 0.031997 0.451687
-1.240744 0.071891 0.447661
-1.416233 -0.094785 0.415901
-1.476205 0.015405 0.447419
-1.314247 0.031945 0.412114
-1.315422 -0.009464 0.412234
-1.353943 -0.113269 0.364619
-1.416120 -0.094535 0.364861
-1.416180 -0.094619 0.333225
-1.285122 0.119291 0.333345
-1.225252 0.008938 0.364619
-1.476235 0.015524 0.333462
-1.457437 0.077567 0.364861
-1.476235 0.015524 0.333462
-1.416120 -0.094535 0.364861
-1.460789 -0.047562 0.364861
-1.476235 0.015524 0.333462
-1.410707 0.122585 0.364460
-1.347437 0.137305 0.364861
-1.285122 0.119291 0.333345
-1.240744 0.071891 0.364861
-1.291012 -0.097811 0.364861
-1.353943 -0.113269 0.364619
-1.416180 -0.094619 0.333225
-1.353943 -0.113269 0.364619
-1.243754 -0.053473 0.333462
-1.315407 -0.009541 0.329316
-1.414693 -0.063009 0.464563
-1.388676 -0.078949 0.312842
-1.414693 -0.063009 0.312842
-1.414693 -0.063009 0.312842
-1.294755 0.103514 0.464563
-1.294755 0.103514 0.312842
-1.258439 -0.047694 0.312842
-1.263401 -0.026764 0.464683
-1.284471 -0.031744 0.312842
-1.419932 0.051270 0.312722
-1.440927 0.046228 0.464683
-1.424969 0.072258 0.464683
-1.445964 0.067219 0.312722
-1.440927 0.046228 0.464683
-1.419932 0.051270 0.312722
0.050259 -0.000018 -1.585063
0.025997 0.104768 -1.585063
0.008419 0.096383 -1.600635
-0.248655 0.235396 -1.585063
-0.334687 0.173881 -1.600757
-0.397554 0.096479 -1.600757
-0.139809 0.235696 -1.510625
0.026113 -0.104862 -1.585308
-0.041706 -0.188967 -1.585549
-0.041706 -0.188967 -1.585549
-0.144212 -0.216638 -1.600635
-0.041326 0.189425 -1.508489
-0.139809 0.235696 -1.510625
0.026096 0.104786 -1.510625
0.050391 0.000002 -1.510444
-0.419702 -0.000018 -1.600876
-0.397554 0.096479 -1.600757
-0.346943 0.189097 -1.509966
-0.248716 0.235687 -1.510090
-0.334687 0.173881 -1.600757
-0.041661 -0.189027 -1.510044
0.012693 -0.098429 -1.499824
-0.041661 -0.189027 -1.510044
-0.041706 -0.188967 -1.585549
-0.041661 -0.189027 -1.510044
-0.248717 -0.235747 -1.509902
-0.347046 -0.189230 -1.508682
-0.038785 -0.192579 0.715669
0.030414 -0.106884 0.715669
-0.077420 -0.144583 0.716313
-0.235975 -0.180255 0.716316
-0.349759 -0.192579 0.715669
-0.418958 -0.106884 0.715669
-0.418958 0.106842 0.715669
-0.349760 0.192543 0.715669
-0.152640 0.180126 0.716321
-0.077420 0.144543 0.716313
0.030414 0.106842 0.715669
0.055110 -0.000021 0.715669
-0.025707 -0.080192 0.636890
-0.038764 -0.192643 0.637549
-0.152640 -0.180165 0.636892
-0.349759 -0.192579 0.637549
-0.418958 -0.106884 0.637549
-0.381365 -0.000021 0.636890
-0.310923 0.144445 0.636890
-0.235904 0.180126 0.636890
-0.038785 0.192543 0.637549
0.030414 0.106842 0.637549
0.030414 -0.106884 0.715669
-0.249765 -0.240140 0.637549
-0.349759 -0.192579 0.637549
-0.443654 -0.000021 0.715669
-0.418958 0.106842 0.715669
-0.249765 0.240099 0.715669
-0.349760 0.192543 0.715669
-0.138779 0.240099 0.637549
-0.038785 0.192543 0.637549
0.030414 0.106842 0.715669
0.055110 -0.000021 0.715669
-0.235975 -0.180255 0.716316
-0.362908 -0.080282 0.716316
-0.152640 0.180126 0.716321
-0.077420 0.144543 0.716313
-0.038785 0.192543 0.637549
-0.152640 0.180126 0.636892
-0.381365 -0.000021 0.636890
-0.418958 -0.106884 0.637549
-1.620889 0.117678 0.676616
-1.495466 0.117633 0.645464
-1.683464 0.008904 0.676858
-1.666659 -0.053765 0.645222
-1.495556 -0.099487 0.676858
-1.557742 -0.116733 0.645122
-1.522092 -0.012010 0.680842
-1.620783 -0.099626 0.676858
-1.683464 0.008904 0.676858
-1.620889 0.117678 0.676616
-1.558132 0.134048 0.676858
-1.537282 0.044882 0.680884
-1.557742 -0.116733 0.645122
-1.537281 0.044841 0.641191
-1.537281 0.044841 0.641191
-1.666651 0.071547 0.645225
-1.666659 -0.053765 0.645222
-1.683464 0.008904 0.676858
-1.540033 0.103628 0.693760
-1.570577 0.103628 0.693760
-1.570577 0.103628 0.693760
-1.555305 0.088339 0.601921
-1.540033 0.103628 0.693760
-1.555305 0.118859 0.601921
-1.556879 0.103612 0.614646
-1.307731 0.103579 0.614646
-1.666659 -0.053765 0.645222
-1.557742 -0.116733 0.645122
-1.307724 -0.078435 0.614646
-1.556886 -0.063171 0.629902
-1.307724 -0.078437 0.645156
-1.556886 -0.093701 0.629902
-1.558223 -0.032645 0.798801
-1.522092 -0.012010 0.680842
-1.522105 -0.011821 0.798804
-1.599740 0.008936 0.798923
-1.537325 0.044952 0.798923
-1.537282 0.044882 0.680884
-1.558223 -0.032645 0.798801
-1.599740 0.008936 0.798923
0.029148 0.358274 -1.412405
0.029209 0.358380 -1.511787
-0.781082 0.254808 -1.412378
-0.698272 -0.267784 -1.412378
-0.855765 0.216603 -1.412378
-0.915041 -0.157408 -1.412378
-0.615474 -0.254679 -1.412378
-0.540780 0.216603 -1.412378
-0.481504 0.157367 -1.412378
-0.443445 -0.082765 -1.412378
0.088561 0.358265 -1.396760
0.029209 0.358380 -1.511787
-0.615474 -0.254679 -1.511584
-0.540780 -0.216644 -1.511584
-0.540780 0.216603 -1.511584
-0.481504 0.157367 -1.511584
-0.433129 0.000125 -1.511050
-0.915041 0.157367 -1.511584
-0.966215 -0.000021 -1.511584
-1.107937 0.318932 -1.412378
-1.129175 0.271202 -1.412378
0.029129 -0.358307 -1.412383
-1.057185 -0.358307 -1.412378
-1.057185 -0.358307 -1.511584
0.137156 0.358446 -1.467153
-1.107937 -0.318973 -1.511584
-1.128959 -0.271066 -1.511584
-1.107937 -0.318973 -1.511584
0.137033 -0.358307 -1.466794
0.167618 -0.358307 -1.388547
0.088516 -0.358307 -1.396638
0.100941 -0.358307 -1.322219
0.172692 0.358265 0.616367
0.137153 0.358453 0.749795
0.098439 -0.358307 0.664072
0.029287 -0.358508 0.794590
-1.195379 0.358422 0.703982
0.029148 0.358265 0.704089
-0.698272 -0.267782 0.704065
-0.615474 -0.254679 0.704065
0.029188 -0.358307 0.704089
-0.443445 -0.082765 0.704065
-0.781071 -0.254679 0.704065
-0.855765 -0.216644 0.704065
-0.966199 -0.000020 0.704065
-1.195355 0.358403 0.794351
-0.698272 -0.267782 0.794228
-0.781071 -0.254679 0.794228
-0.855765 0.216603 0.794228
-0.915041 0.157365 0.794228
-0.615479 0.254725 0.794228
-0.540780 0.216603 0.794228
-0.443445 -0.082765 0.794228
-0.430377 0.000214 0.794316
-1.195419 -0.358495 0.794351
-1.267209 -0.271263 0.794351
-1.267217 -0.271272 0.703943
-0.443445 -0.082765 0.794228
-0.481504 -0.157406 0.794228
-0.481504 -0.157406 0.704065
-0.540780 -0.216644 0.704065
-0.615474 -0.254679 0.704065
-0.698272 -0.267782 0.704065
-0.481504 0.157365 0.704065
-0.781071 -0.254679 0.794228
-0.698272 -0.267782 0.794228
-0.540780 0.216603 0.704065
-0.855765 -0.216644 0.794228
-0.915041 -0.157406 0.794228
-0.915041 -0.157406 0.704065
-0.953100 -0.082765 0.704065
-0.781082 0.254797 0.794228
-0.855765 0.216603 0.794228
-0.855765 0.216603 0.704065
-0.914942 0.157312 0.704065
-0.443445 -0.082765 -1.511584
-0.481504 -0.157408 -1.511584
-0.481504 -0.157408 -1.412378
-0.481504 -0.157408 -1.511584
-0.430058 -0.000233 -1.412378
-0.444255 0.084312 -1.412378
-0.698272 -0.267784 -1.412378
-0.781071 -0.254679 -1.412378
-0.540780 0.216603 -1.412378
-0.855765 -0.216644 -1.511584
-0.615481 0.254730 -1.412378
-0.915041 -0.157408 -1.511584
-0.698311 0.267883 -1.511584
-0.953100 -0.082765 -1.511584
-0.966215 -0.000021 -1.511584
-0.855798 0.216726 -1.511584
-0.953100 0.082723 -1.412378
-0.953100 0.082723 -1.511584
-1.052625 0.401302 0.440510
-1.052625 0.401302 -1.543337
-1.012528 0.566835 1.023293
-0.834269 0.476847 0.859915
-0.834269 0.401302 0.859919
-1.102516 0.476847 -1.984502
-1.102516 0.476847 -2.126123
-1.076158 0.540477 1.023298
-1.102515 0.476847 1.023298
-1.102515 0.401302 1.023293
-0.834269 0.401302 1.023293
-1.076158 0.540480 -2.126123
-1.102516 0.401302 -2.126123
-1.012528 0.566835 -2.126123
-0.924257 0.566835 -2.126123
-0.834269 0.401302 -1.985115
-0.834269 0.476847 -1.985115
-1.102515 0.476847 0.860840
-1.102516 0.476847 -1.984502
-1.076158 0.540480 -2.126123
-1.076158 0.540480 -1.984563
-1.052625 0.401302 -1.543337
-0.884159 0.401302 -1.543337
-0.834269 0.401302 -1.985115
-0.834269 0.401302 0.859919
-0.834269 0.401302 -1.985115
-0.834269 0.476847 -1.985115
-1.076158 0.540480 -1.984563
-1.012528 0.566835 -1.984707
-0.834269 0.476847 0.859915
-0.860626 0.540477 0.860012
-0.924257 0.566835 0.860225
-1.102515 0.401302 1.023293
-0.860626 0.540477 1.023293
-1.012528 0.566835 1.023293
-1.076158 0.540477 1.023298
-1.102515 0.401302 1.023293
-1.102516 0.401302 -2.126123
-0.834269 0.476847 -2.126123
-1.076158 0.540480 -2.126123
-0.860626 0.540480 -2.126123
-0.903839 0.922987 0.652969
-1.004255 0.955271 0.652766
-1.004255 0.955271 0.652766
-1.049131 0.922743 0.652644
-0.903839 0.922987 0.652969
-0.904190 0.817891 0.586726
-0.904281 0.817897 0.498821
-0.904273 0.817651 0.432778
-1.066396 0.870266 0.652644
-1.049227 0.817665 0.586726
-1.049297 0.817639 0.432659
-0.904273 0.817651 0.432778
-1.004355 0.785442 0.652766
-0.949143 0.785398 0.586726
-0.904281 0.487946 0.498818
-0.904281 0.817897 0.498821
-0.949143 0.785398 0.586726
-1.004325 0.487946 0.498818
-1.049227 0.817665 0.586726
0.358471 1.166368 1.530005
0.332272 1.147174 1.530005
0.305926 1.189557 -1.828464
0.326136 1.128807 -1.970999
0.325298 1.129210 -1.841001
0.298666 1.166182 -1.970999
0.369931 1.143549 -1.841001
0.370033 1.189879 -1.841001
0.345602 1.188124 0.953179
0.357767 1.180026 0.862520
0.361688 1.166080 0.953179
0.345602 1.188124 0.953179
0.319463 1.179786 0.953179
0.319020 1.152291 0.862520
0.331091 1.144287 0.953179
0.345897 1.143652 0.862517
0.366118 1.251227 -1.959018
0.428279 1.166238 -1.959021
0.411198 1.218877 -2.179287
0.366118 1.251227 -1.959018
0.310844 1.251152 -2.179121
0.248713 1.166140 -2.178997
0.248766 1.166178 -1.959260
0.265920 1.218710 -1.959199
0.265955 1.218602 -2.179004
0.265918 1.113639 -1.959141
0.366062 1.081306 -1.959138
0.410952 1.113534 -2.113081
0.411034 1.113660 -2.179119
0.310725 1.081399 -2.179119
0.248713 1.166140 -2.178997
0.411034 1.113660 -2.179119
0.310836 1.081265 -2.113081
0.265940 1.113743 -2.113081
0.265951 0.783805 -2.113081
0.310809 1.081294 -2.025173
0.310836 1.081265 -2.113081
-0.396820 0.604442 0.440508
-0.543878 0.522252 0.440510
-0.589632 0.686312 0.860527
-0.353269 0.628780 1.023293
-0.624283 0.563859 -1.984502
-0.587428 0.497914 -1.984497
-0.632318 0.632262 0.860752
-0.624283 0.563859 0.860840
-0.420423 0.681368 1.023298
-0.632486 0.632579 1.023298
-0.589632 0.686312 -2.126123
-0.587428 0.497914 -2.126123
-0.353270 0.628780 -1.985115
-0.587428 0.497914 1.023293
-0.589632 0.686312 -2.126123
-0.512578 0.729374 -2.126123
-0.353269 0.628780 -2.126123
-0.390125 0.694725 -2.126123
-0.624283 0.563859 0.860840
-0.624283 0.563859 -1.984502
-0.543878 0.522252 -1.543337
-0.396820 0.604442 -1.543340
-0.353270 0.628780 -1.985115
-0.353270 0.628780 0.859919
-0.353270 0.628780 -1.985115
-0.390125 0.694725 -1.985115
-0.632318 0.632262 -1.984563
-0.589632 0.686312 -1.984707
-0.390125 0.694725 0.859915
-0.444175 0.737411 0.860012
-0.512578 0.729374 0.860225
-0.587428 0.497914 0.860842
-0.444243 0.737552 1.023293
-0.624283 0.563859 1.023298
-0.587428 0.497914 1.023293
-0.390125 0.694725 1.023298
-0.390125 0.694725 -2.126123
-0.444175 0.737411 -2.126123
-0.632318 0.632262 -2.126123
-0.589632 0.686312 -2.126123
-0.884159 -0.401344 0.440510
-1.052625 -0.401344 0.440510
-1.012528 -0.566876 0.860530
-0.924257 -0.566876 0.860225
-0.834269 -0.401344 1.023293
-0.834269 -0.476888 1.023298
-1.102516 -0.401344 -2.126123
-1.076158 -0.540519 0.860752
-1.102515 -0.476888 0.860840
-0.860626 -0.540519 1.023293
-0.834269 -0.401344 1.023293
-1.102515 -0.401344 1.023293
-0.860626 -0.540521 -2.126123
-1.076158 -0.540521 -2.126123
-0.834269 -0.401344 -2.126123
-0.924257 -0.566876 -1.984912
-0.831992 -0.401797 -1.985115
-0.834269 -0.401344 -2.126123
-1.102515 -0.476888 0.860840
-1.102515 -0.401344 0.860840
-0.858085 -0.541027 -1.985056
-1.102516 -0.401344 -1.984497
-0.831992 -0.401797 -1.985115
-1.052625 -0.401344 -1.543337
-0.834269 -0.401344 0.859919
-0.834269 -0.476888 0.859915
-1.076158 -0.540521 -1.984563
-1.102516 -0.476888 -1.984502
-0.834269 -0.476888 0.859915
-0.860626 -0.540519 0.860012
-0.924257 -0.566876 -1.984912
-1.052625 -0.401344 0.440510
-0.860626 -0.540519 1.023293
-1.012528 -0.566876 1.023293
-1.102515 -0.476888 1.023298
-1.076158 -0.540519 1.023298
-0.860626 -0.540521 -2.126123
-1.102516 -0.476888 -2.126123
-1.102516 -0.401344 -2.126123
-1.076158 -0.540521 -2.126123
-0.903881 -0.922997 0.652888
-0.904022 -0.817813 0.652874
-1.049246 -0.923102 0.432781
-1.066605 -0.870420 0.652883
-0.903881 -0.922997 0.652888
-0.904281 -0.817936 0.498821
-0.886881 -0.870513 0.432778
-0.904258 -0.817874 0.432900
-1.049230 -0.817714 0.586726
-1.049221 -0.817733 0.498821
-1.066420 -0.870287 0.432781
-1.004408 -0.785543 0.432778
-0.949141 -0.785486 0.498818
-0.904258 -0.817874 0.432900
-0.904198 -0.817932 0.586726
-0.904281 -0.487987 0.586733
-1.049154 -0.487977 0.586726
-0.949088 -0.487987 0.586726
-0.904277 -0.487987 0.498818
-1.049230 -0.817714 0.586726
0.332168 -1.147311 1.530005
0.322044 -1.154526 1.530124
0.370011 -1.143580 -1.841001
0.325014 -1.129418 -1.828105
0.377328 -1.166219 -1.841001
0.325299 -1.203196 -1.841001
0.350605 -1.203589 -1.970999
0.298554 -1.166221 -1.970999
0.357392 -1.179739 0.953179
0.362241 -1.166360 0.862520
0.357681 -1.152361 0.862520
0.330973 -1.188671 0.862520
0.319574 -1.179825 0.953179
0.331046 -1.143706 0.862520
0.319467 -1.152678 0.953181
0.248668 -1.166147 -1.959141
0.310664 -1.081465 -1.959141
0.365928 -1.251172 -1.959138
0.265915 -1.218767 -1.959199
0.310854 -1.251227 -2.179121
0.265955 -1.218644 -2.179004
0.248691 -1.166165 -2.178997
0.310664 -1.081465 -1.959141
0.310686 -1.081481 -2.178999
0.428070 -1.166163 -1.959260
0.428048 -1.166182 -2.178999
0.366052 -1.081499 -2.178999
0.366052 -1.081499 -2.178999
0.310686 -1.081481 -2.178999
0.366075 -1.081481 -1.959260
0.265955 -0.783844 -2.025176
0.265955 -0.783844 -2.113081
0.310762 -0.783844 -2.025176
0.365942 -1.081367 -2.113081
0.016943 -0.835726 -1.544963
0.016943 -0.835726 0.438882
-0.098815 -0.960658 1.021665
0.060493 -0.860065 1.021663
0.060493 -0.860065 0.858289
-0.173665 -0.729198 -2.127749
-0.173665 -0.729198 -1.986128
-0.218555 -0.863546 1.021667
-0.210520 -0.795143 1.021667
-0.030412 -0.968695 1.021663
0.060493 -0.860065 1.021663
-0.030412 -0.968695 1.021663
-0.152468 -0.897960 -2.127754
-0.218556 -0.863546 -2.127751
-0.094344 -0.930427 -2.127754
-0.044127 -0.938946 -2.127751
-0.173665 -0.729198 0.859214
-0.098815 -0.960660 -1.986538
0.060504 -0.860072 -2.127751
0.060493 -0.860065 -1.986746
-0.210520 -0.795143 0.859211
-0.210520 -0.795143 -1.986133
-0.030361 -0.968667 -2.127751
-0.030412 -0.968697 -1.986685
0.060493 -0.860065 -1.986746
0.060493 -0.860065 0.858289
0.060493 -0.860065 -1.986746
0.023638 -0.926009 -1.986746
-0.218556 -0.863546 -1.986187
-0.175869 -0.917596 -1.986335
-0.210520 -0.795143 -1.986133
-0.210520 -0.795143 0.859211
-0.030412 -0.968697 -1.986685
-0.098815 -0.960660 -1.986538
-0.098815 -0.960658 1.021665
-0.030412 -0.968695 1.021663
-0.094352 -0.930438 1.021663
-0.218555 -0.863546 1.021667
0.023638 -0.926009 1.021667
0.060493 -0.860065 1.021663
-0.210520 -0.795143 -2.127751
-0.218556 -0.863546 -2.127751
-0.152468 -0.897960 -2.127754
-0.094344 -0.930427 -2.127754
0.291227 -0.990021 0.783594
0.327266 -1.001725 0.785132
0.290934 -0.867460 0.784907
0.262805 -0.964662 0.785281
0.290934 -0.867460 0.784907
0.259984 -0.904751 -4.093230
0.386416 -0.966681 -4.114572
0.325869 -0.866422 0.603523
0.389467 -0.930021 0.603523
0.262271 -0.930021 0.603523
0.270791 -0.961820 0.662288
0.294070 -0.985099 0.603523
0.346052 -0.964979 0.662288
0.346052 -0.964979 0.603523
0.308107 -0.943662 0.600581
0.327819 -0.910814 0.600476
-1.308803 0.026079 0.633362
-1.318499 0.009822 0.666138
-1.338212 -0.023027 0.666243
-1.345367 -0.034874 0.614011
-1.318580 0.009686 0.600034
0.399618 -0.887590 -0.875576
0.325878 -0.845029 -0.875581
0.325887 -0.845133 -0.978484
0.252046 -0.887572 -0.875576
0.252046 -0.972473 -0.978606
0.283210 -1.003651 -0.875579
0.368574 -1.003696 -0.875579
0.368574 -1.003696 -0.875579
0.366237 -0.930021 -0.867109
0.346053 -0.964979 -0.867109
0.283210 -1.003651 -0.875579
0.252046 -0.887572 -0.875576
0.305685 -0.895060 -0.867109
0.346052 -0.895060 -0.867109
0.346053 -0.964979 -0.987073
0.290906 -0.909835 -0.987073
0.305682 -0.964979 -0.987073
0.304541 -0.942511 -2.068996
0.335090 -0.896349 -2.054643
0.337149 -0.900948 -2.017820
0.312069 -0.947050 -2.004670
-1.347543 -0.032892 -0.945452
0.304541 -0.942511 -2.068996
-1.318809 0.009877 -0.959209
0.331235 -0.913932 0.193481
0.337696 -0.894513 0.226304
0.304763 -0.940386 0.258552
0.298326 -0.959900 0.225381
-1.348089 -0.039325 -0.927576
0.410727 -0.930021 0.276299
0.410900 -0.929866 0.173396
0.283495 -0.856309 0.276421
0.283440 -0.856532 0.173518
0.252153 -0.887640 0.276421
0.283095 -1.003678 0.276421
0.368297 -1.003596 0.276299
0.399358 -0.972448 0.276299
0.399358 -0.972448 0.173518
0.410727 -0.930021 0.276299
0.368297 -1.003596 0.276299
0.283095 -1.003678 0.276421
0.252153 -0.887640 0.276421
0.305685 -0.895060 0.284890
0.399477 -0.887317 0.276421
0.366237 -0.930021 0.164927
0.325874 -0.889645 0.164927
0.325964 -0.845043 0.173457
0.252023 -0.887682 0.173398
0.283210 -1.003673 0.173396
0.410727 -0.930021 -3.155698
0.368357 -0.856498 -3.258481
0.325869 -0.845162 -3.258481
0.325719 -0.844991 -3.155576
0.240652 -0.929996 -3.155457
0.325653 -1.015098 -3.155576
0.283377 -1.003627 -3.258601
0.368359 -1.003613 -3.258601
0.399361 -0.972452 -3.155698
0.399361 -0.972452 -3.155698
0.346053 -0.964979 -3.147107
0.290910 -0.950204 -3.147107
0.305685 -0.895062 -3.147107
0.368298 -0.856532 -3.155698
0.399361 -0.887589 -3.155698
0.346053 -0.964979 -3.267070
0.325869 -0.845162 -3.258481
0.283335 -0.856451 -3.258481
0.305685 -0.964979 -3.267070
0.312053 -0.945476 -2.086335
0.331235 -0.913932 -2.086516
-1.308719 0.026060 -3.206648
-1.322446 0.011638 -3.174932
-1.341630 -0.019908 -3.174748
-1.348089 -0.039325 -3.207573
0.410727 -0.930021 -2.003696
0.399483 -0.972428 -2.106540
0.399491 -0.887340 -2.003574
0.368517 -0.856467 -2.106601
0.283436 -0.856271 -2.003574
0.283367 -0.856487 -2.106479
0.240827 -0.930077 -2.106479
0.283378 -1.003619 -2.106597
0.368300 -1.003578 -2.106479
0.399483 -0.972428 -2.106540
0.346053 -0.964979 -1.995107
0.290910 -0.950204 -1.995107
0.240766 -0.930132 -2.003574
0.305685 -0.895062 -1.995107
0.360831 -0.909832 -2.115073
0.325877 -0.845134 -2.106479
0.290910 -0.909835 -2.115073
0.240827 -0.930077 -2.106479
0.283378 -1.003619 -2.106597
0.353652 -0.863167 -4.114636
0.397849 -0.928021 -4.119333
0.290384 -0.867662 -4.101687
0.290597 -0.990522 -4.093872
0.327266 -1.001725 0.785132
0.291227 -0.990021 0.783594
0.386416 -0.966681 -4.114572
0.451020 -0.930021 0.447661
0.451020 -0.930021 0.416143
0.200370 -0.930017 0.416265
0.263133 -0.821244 0.416265
0.263254 -1.038676 0.416021
0.325828 -1.055238 0.447661
0.388501 -1.038615 0.447539
0.434331 -0.992596 0.447661
0.434331 -0.992596 0.447661
0.434385 -0.992720 0.416023
0.367278 -0.930021 0.451567
0.325869 -0.971429 0.451567
0.325828 -1.055238 0.447661
0.217385 -0.992681 0.447661
0.200370 -0.930017 0.416265
0.217448 -0.867423 0.447661
0.325900 -0.888529 0.412114
0.361729 -0.950724 0.412234
0.290008 -0.950724 0.412234
0.325900 -0.888529 0.412114
0.388550 -0.821316 0.447419
0.434354 -0.867411 0.333345
0.434317 -0.867408 0.364861
0.263133 -0.821244 0.333467
0.325910 -0.804797 0.364861
0.217448 -0.867423 0.364861
0.263133 -0.821244 0.333467
0.263233 -1.038439 0.333345
0.200370 -0.930017 0.333467
0.388466 -1.038442 0.364861
0.325905 -1.055463 0.333489
0.434317 -0.867408 0.364861
0.325869 -0.971516 0.368889
0.325905 -1.055463 0.333489
0.289909 -0.909277 0.368892
0.200370 -0.930017 0.333467
0.325847 -0.888574 0.368770
0.289909 -0.909277 0.368892
0.325910 -0.804797 0.364861
0.325900 -0.888529 0.329316
0.434354 -0.867411 0.333345
0.388550 -0.821316 0.364619
0.200370 -0.930017 0.333467
0.263233 -1.038439 0.333345
0.423499 -0.914993 0.464563
0.408137 -0.930021 0.312842
0.233998 -0.914762 0.464563
0.233998 -0.945277 0.464563
0.249255 -0.930021 0.312842
0.328696 -0.820067 0.464563
0.313439 -0.835323 0.312842
0.328696 -0.820067 0.464563
0.343952 -0.835323 0.464563
0.328752 -1.009462 0.464563
0.313439 -1.024716 0.312842
0.313439 -1.024716 0.464563
0.328696 -1.039974 0.312842
0.343952 -1.024716 0.312842
0.351032 0.857518 0.788396
0.253605 0.885721 0.789285
0.381195 0.899526 -3.968140
0.390617 0.926941 0.785281
0.388002 0.936564 -3.968042
0.299093 0.961969 0.662288
0.263039 0.895831 0.603523
0.285908 0.872150 0.603523
0.317553 0.863077 0.603523
0.373178 0.893910 0.603521
0.382252 0.925555 0.662288
0.353969 0.946234 0.662288
0.319773 0.990253 0.662288
0.353969 0.946234 0.662288
0.299093 0.961969 0.662288
0.285908 0.872150 0.662288
0.317959 0.886305 0.662288
0.255075 0.927775 0.603523
0.283358 0.907093 0.603523
0.285908 0.872150 0.603523
0.373178 0.893910 0.603521
0.339204 0.917740 0.600576
0.300912 0.919058 0.600481
0.320666 0.918756 0.671626
0.332772 -0.968796 0.666667
0.358484 0.917452 0.633767
0.339204 0.917740 0.600576
0.245661 0.970393 -0.978606
0.233636 0.928131 -0.875701
0.274762 0.853600 -0.978726
0.391546 0.882733 -0.978606
0.392994 0.967867 -0.978601
0.362434 0.999513 -0.875581
0.320147 1.011638 -0.978601
0.277461 1.000995 -0.875581
0.362434 0.999513 -0.875581
0.403636 0.925181 -0.875581
0.359875 0.852277 -0.875701
0.274896 0.853823 -0.875581
0.233636 0.928131 -0.875701
0.319368 0.967025 -0.987073
0.284058 0.947455 -0.987073
0.245661 0.970393 -0.978606
0.359024 0.925958 -0.987073
0.293996 -0.967462 -0.959180
0.284392 0.919088 -2.055078
0.293914 -0.968033 -0.894246
0.345457 -0.966449 -0.907673
0.345301 -0.971871 -0.945452
0.293996 -0.967462 -0.959180
0.281173 0.921160 0.225435
0.275009 -0.966498 -0.926653
0.337902 0.913206 0.258494
0.351897 -0.970596 -0.926711
0.358061 0.917064 0.225381
0.338388 0.923132 0.192947
0.233571 0.928292 0.173396
0.233684 0.928138 0.276418
0.274881 0.853798 0.173398
0.274896 0.853823 0.276418
0.360042 0.852288 0.173396
0.393186 0.967849 0.173396
0.277418 1.000963 0.276299
0.320231 1.011605 0.276360
0.299093 0.961969 0.284890
0.359861 0.852323 0.276416
0.274896 0.853823 0.276418
0.278303 0.927369 0.284890
0.320033 1.011743 0.173396
0.233571 0.928292 0.173396
0.274881 0.853798 0.173398
0.233571 0.928292 0.173396
0.320127 1.011539 -3.155698
0.320140 1.011869 -3.258723
0.233531 0.928257 -3.258603
0.274952 0.853638 -3.258603
0.359816 0.852312 -3.155698
0.391631 0.883002 -3.155576
0.403753 0.925358 -3.258603
0.362654 0.999508 -3.155576
0.339463 0.961269 -3.147107
0.299092 0.961969 -3.147107
0.362654 0.999508 -3.155576
0.391631 0.883002 -3.155576
0.359816 0.852312 -3.155698
0.274712 0.853779 -3.155576
0.320140 1.011869 -3.258723
0.233531 0.928257 -3.258603
0.274952 0.853638 -3.258603
0.233531 0.928257 -3.258603
0.338388 0.923132 -2.087048
0.295168 -0.962642 -3.239763
0.275009 -0.966498 -3.206648
0.294685 -0.972568 -3.174216
0.351898 -0.970596 -3.206709
0.358061 0.917064 -2.054617
0.277449 1.000995 -2.003577
0.233684 0.928138 -2.003577
0.277464 1.001003 -2.106597
0.274896 0.853823 -2.003577
0.359859 0.852322 -2.003577
0.359801 0.852374 -2.106479
0.403628 0.925182 -2.003577
0.362443 0.999531 -2.003579
0.277449 1.000995 -2.003577
0.353264 0.905872 -1.995107
0.297872 0.892061 -1.995107
0.297872 0.892061 -1.995107
0.278303 0.927369 -1.995107
0.233684 0.928138 -2.003577
0.277464 1.001003 -2.106597
0.233684 0.928153 -2.106597
0.274881 0.853798 -2.106599
0.233684 0.928153 -2.106597
0.391404 0.882955 -2.106479
0.403585 0.925227 -2.106479
0.253605 0.885721 0.789285
0.351032 0.857518 0.788396
0.332156 0.859008 -3.963742
0.314331 0.924381 -3.961118
0.284372 0.987684 -3.955676
0.211046 0.991239 0.447417
0.257972 1.036301 0.416021
0.208836 0.865830 0.416265
0.193531 0.928849 0.447661
0.316479 0.801490 0.447661
0.379404 0.817164 0.447661
0.254079 0.819116 0.416328
0.425974 0.862184 0.447661
0.443841 0.924465 0.447661
0.428324 0.987463 0.416382
0.340057 0.962197 0.451687
0.383240 1.034270 0.447417
0.428324 0.987463 0.416382
0.316479 0.801490 0.447661
0.317887 0.885179 0.451689
0.282370 0.906621 0.412114
0.257972 1.036301 0.416021
0.340027 0.962249 0.412112
0.282370 0.906621 0.412114
0.354157 0.905338 0.412234
0.257989 1.036124 0.364861
0.257956 1.036318 0.333223
0.211311 0.991216 0.364861
0.254044 0.819232 0.364739
0.316422 0.801136 0.333467
0.426060 0.862141 0.333345
0.316422 0.801136 0.333467
0.443819 0.924493 0.364861
0.428410 0.987461 0.333584
0.383239 1.034270 0.364617
0.340057 0.962197 0.368889
0.277175 0.927386 0.368889
0.317939 0.885176 0.368892
0.443819 0.924493 0.364861
0.316422 0.801136 0.333467
0.316422 0.801136 0.333467
0.254044 0.819232 0.364739
0.193078 0.928754 0.333345
0.282447 0.906591 0.329436
0.340027 0.962249 0.329314
0.316422 0.801136 0.333467
0.426060 0.862141 0.333345
0.428410 0.987461 0.333584
0.258039 1.004564 0.464563
0.284726 1.019357 0.464563
0.370696 0.833015 0.312722
0.376585 0.853672 0.464563
0.349885 0.838872 0.464563
0.227072 0.896571 0.464563
0.247812 0.890624 0.464563
0.241865 0.869884 0.464563
0.247812 0.890624 0.312842
0.413281 0.982349 0.312720
0.392745 0.988405 0.464563
-0.863466 -0.225382 0.603633
-0.869469 -0.234670 0.614688
-0.746933 -0.293262 0.614688
-0.811534 -0.274209 0.614688
-0.746939 -0.293248 0.592578
-0.811532 -0.274205 0.592578
-0.564737 -0.245680 0.603633
-0.530269 -0.177015 0.603633
-0.469992 0.030149 0.614688
-0.469894 -0.042216 0.592578
-0.488199 0.106719 0.614688
-0.460014 0.030157 0.603633
-0.521808 0.170442 0.592578
-0.569621 0.224102 0.614688
-0.677089 0.290848 0.603633
-0.634517 0.254281 0.603635
-0.811534 0.262190 0.614688
-0.934862 0.138135 0.592578
-0.934862 0.138135 0.614688
-0.943800 0.143617 0.603633
-0.521808 0.170442 0.592578
-0.677074 -0.302916 0.603633
-0.629651 -0.275707 0.614688
-0.629651 -0.275685 0.592578
-0.182642 -0.180165 0.636892
-0.182562 -0.240317 0.637549
-0.182642 -0.180165 0.636892
-0.182616 0.180126 0.636892
-1.128959 -0.000446 -1.412378
-0.966214 -0.000022 -1.412378
-0.430058 -0.000233 -1.412378
0.029355 0.000377 -1.512180
-1.108094 0.318942 -1.511584
-1.129175 0.271202 -1.412378
0.088926 -0.000409 -1.397124
-1.129017 0.000383 -1.511584
0.088516 -0.358307 -1.396638
0.137242 0.000388 -1.467344
0.137242 0.000388 -1.467344
0.137156 0.358446 -1.467153
0.167618 0.000380 -1.388547
0.167618 0.358265 -1.388547
0.100941 -0.358307 -1.322219
0.100911 0.358265 -0.186782
0.100911 0.358265 -1.039500
0.172692 0.358265 -0.186077
0.100911 0.358265 -0.186782
0.172696 0.358265 -1.319768
0.172692 -0.358307 -1.062632
0.172692 -0.358307 -0.209927
0.100911 -0.358307 0.613909
0.100338 -0.000383 0.663984
0.098439 -0.358307 0.664072
0.098192 0.358265 0.663831
0.100911 0.358265 0.613909
0.166146 0.358265 0.683564
0.171832 0.000410 0.680688
0.167618 -0.358307 0.680234
0.098759 -0.358307 0.653413
0.169749 -0.358307 0.653413
0.098759 -0.358307 0.653413
0.069147 -0.000424 0.701782
-0.430352 0.000126 0.704094
-0.966199 -0.000020 0.704065
-1.267150 0.271176 0.703943
-1.267275 0.271278 0.794351
-1.266960 -0.000439 0.704065
-1.266960 -0.000439 0.704065
-0.444255 0.084312 -1.511584
-0.444255 0.084312 -1.412378
-0.953100 0.082723 -1.511584
-0.915041 0.157367 -1.511584
0.316645 1.180940 0.571609
0.330970 1.188595 0.862520
0.365028 1.185298 -0.629006
0.309277 1.188210 -1.228464
0.316645 1.180940 0.571609
0.311138 1.185334 -0.628437
0.365028 1.185298 -0.629006
0.311138 1.185334 -0.628437
0.319027 1.180005 0.862520
0.319020 1.152291 0.862520
0.309145 1.144193 -1.228154
0.311138 1.185334 -0.628437
0.309277 1.188210 -1.228464
0.309145 1.144193 -1.228154
0.348421 1.134657 -0.628154
0.347404 1.138075 -0.028159
0.345735 1.141305 0.571836
0.359279 1.181189 0.571162
0.345735 1.141305 0.571836
0.359279 1.181189 0.571162
0.350395 1.129662 -1.828140
0.367497 1.144176 -1.228252
0.347404 1.138075 -0.028159
0.348421 1.134657 -0.628154
0.348421 1.134657 -0.628154
0.365028 1.185298 -0.629006
0.367377 1.187506 -1.229089
0.370033 1.189879 -1.841001
0.359279 1.181189 0.571162
0.356149 1.152819 1.171765
0.356331 1.179161 1.171245
0.356331 1.179161 1.171245
0.344598 1.185083 1.530005
0.332162 1.185079 1.530005
0.320049 1.178912 1.171633
0.320049 1.178912 1.171633
0.322021 1.177845 1.530005
0.332272 1.147174 1.530005
0.356149 1.152819 1.171765
-0.969150 -0.566876 -1.984807
0.362532 -1.183009 -0.028923
0.365029 -1.185339 -0.629006
0.311134 -1.185375 -0.628440
0.325299 -1.203196 -1.841001
0.350422 -1.202809 -1.841001
0.308856 -1.167101 -0.028259
0.362532 -1.183009 -0.028923
0.359181 -1.181151 0.571162
0.301284 -1.166594 -1.228271
0.301284 -1.166594 -1.228271
0.301284 -1.166594 -1.228271
0.311134 -1.185375 -0.628440
0.325014 -1.129418 -1.828105
0.349974 -1.131296 -1.228149
0.359181 -1.181151 0.571162
0.317487 -1.151271 0.571829
0.317487 -1.151271 0.571829
0.359181 -1.181151 0.571162
0.350393 -1.129703 -1.828140
0.348418 -1.134695 -0.628154
0.330965 -1.137687 -0.028127
0.349974 -1.131296 -1.228149
0.367659 -1.187552 -1.229089
0.367659 -1.187552 -1.229089
0.369992 -1.188850 -1.841001
0.362241 -1.166360 0.862520
0.350422 -1.202809 -1.841001
0.369992 -1.188850 -1.841001
0.356570 -1.179016 1.171245
0.356570 -1.179016 1.171245
0.357392 -1.179739 0.953179
0.332292 -1.185178 1.530124
0.345607 -1.188138 0.953179
0.357392 -1.179739 0.953179
0.320210 -1.179283 1.171633
0.322044 -1.154526 1.530124
0.331733 -1.144922 1.171853
0.331733 -1.144922 1.171853
-0.137934 -0.938798 0.858748
-0.138003 -0.938759 -1.986438
-0.934908 -0.150232 0.592578
-0.521720 -0.182537 0.592578
-0.569702 -0.236083 0.592578
-0.569664 0.224089 0.592578
-0.746931 0.281162 0.592578
-0.811532 0.262166 0.592578
-0.904281 0.487946 0.586733
-1.049139 0.529788 0.498818
-1.049155 0.487935 0.586726
-1.049131 0.789103 0.586726
-1.043612 0.487946 0.498818
0.265955 1.113754 -2.025173
0.410810 0.825643 -2.113086
0.265955 0.812596 -2.113086
0.265940 1.113743 -2.113081
0.410952 1.113534 -2.113081
0.410896 1.113550 -2.025173
-1.043606 -0.487987 0.498818
-0.904281 -0.487987 0.586733
-0.904281 -0.516779 0.498818
-1.049131 -0.789144 0.586726
-1.049230 -0.817714 0.586726
0.405286 -0.783844 -2.113086
0.265955 -0.783844 -2.025176
0.410805 -0.825699 -2.113086
0.265875 -1.113603 -2.113081
0.410831 -0.783837 -2.025176
0.410805 -1.085001 -2.025173
0.719789 -0.492408 0.543061
0.719823 -0.514376 0.413464
0.772038 -0.429707 0.543123
0.780127 -0.394192 0.551204
0.544733 -0.429653 0.413342
0.544859 -0.514429 0.413464
0.544857 -0.514425 0.543000
0.544796 -0.429562 0.543059
0.780079 -0.429479 0.405261
0.780078 -0.394122 0.405261
0.544859 -0.514429 0.413464
0.596881 -0.514355 0.413464
0.719789 -0.492408 0.543061
0.719833 -0.492378 0.413464
0.771835 -0.514469 0.543000
0.544796 -0.429562 0.543059
0.536619 -0.394174 0.551204
0.771878 -0.514427 0.413464
0.780079 -0.429479 0.405261
0.772038 -0.429707 0.543123
0.536617 -0.394177 0.405261
0.536619 -0.394174 0.551204
0.771793 -0.514514 -0.306174
0.719603 -0.492517 -0.306177
0.536637 -0.394160 -0.054561
0.780229 -0.393981 -0.086006
0.719603 -0.492517 -0.306177
0.771793 -0.514514 -0.306174
0.544857 -0.514425 -0.062761
0.771986 -0.429635 -0.306177
0.779584 -0.429354 -0.055027
0.596352 -0.513767 -0.062275
0.719802 -0.492313 -0.062761
0.596881 -0.492362 -0.306057
0.596881 -0.514425 -0.306057
0.780148 -0.394222 -0.314370
0.780229 -0.393981 -0.086006
0.600134 -0.394127 -0.130457
0.779584 -0.429354 -0.055027
0.596352 -0.513767 -0.062275
0.771986 -0.429635 -0.306177
0.780148 -0.394222 -0.314370
0.771986 -0.429635 -0.306177
0.771793 -0.514514 -0.306174
0.600075 -0.394122 -0.223254
1.090421 -0.206840 0.007708
0.865357 -0.205344 -0.007163
0.670846 -0.203848 0.277373
0.670777 -0.178601 0.456807
0.684739 -0.217841 0.442822
1.261384 -0.207050 0.457532
0.731164 -0.217876 0.219424
0.521654 -0.218154 -0.397976
1.008648 -0.218254 -0.406028
0.855561 -0.217831 -0.268508
1.008108 -0.205043 -0.256313
0.713736 -0.396696 0.526694
0.603087 -0.396696 0.526694
0.603087 -0.369967 0.429817
0.713739 -0.369967 0.429878
0.603087 -0.369967 0.429817
0.603087 -0.396696 0.429817
0.529536 -0.369999 0.384131
0.469998 -0.000020 0.429817
0.469989 -0.310409 0.429817
1.679530 -0.287076 0.584519
1.683175 -0.000020 0.584605
1.683456 -0.277729 0.526694
1.453001 -0.298444 0.395801
0.836316 -0.105399 -0.562441
0.518780 -0.105399 -0.562642
0.400680 -0.093142 -0.469431
0.670777 -0.178601 0.456807
0.670846 -0.203848 0.277373
0.506347 -0.000013 -0.405625
1.545278 -0.000023 0.395754
0.834532 0.000049 0.395876
0.834699 -0.268214 0.395754
0.834570 -0.268268 0.210061
1.545266 -0.000021 0.147122
1.545511 -0.206207 0.147002
0.391974 -0.095104 -0.450605
0.716623 -0.216366 -0.130459
0.716645 -0.216327 -0.238450
0.619921 -0.216301 -0.258223
0.600050 -0.279733 -0.238484
0.600087 -0.216317 -0.130457
0.696752 -0.216351 -0.110601
0.620039 -0.279830 -0.110488
0.716974 -0.279838 -0.143730
0.731123 -0.217831 -0.060029
0.585022 -0.217803 -0.060386
1.591352 -0.369856 0.584768
0.834699 -0.268214 0.395754
0.864827 -0.298341 0.395750
1.032457 -0.178685 -0.412131
1.008648 -0.218254 -0.406028
1.032457 -0.178685 -0.412131
1.008648 -0.218254 -0.406028
1.240303 -0.218730 -0.185723
1.260805 -0.178531 0.063982
0.517139 -0.203510 0.279211
0.507680 -0.178651 0.266804
0.532496 -0.217802 0.263394
0.517139 -0.203510 0.279211
0.684739 -0.217841 0.442822
0.684801 -0.217800 0.263389
1.014486 -0.000018 -0.419968
1.253760 -0.142749 -0.191265
1.240303 -0.218730 -0.185723
0.515265 -0.000049 0.278799
0.517139 -0.203510 0.279211
0.499768 -0.361996 0.429817
0.522267 -0.258781 0.568372
1.591352 -0.369856 0.584768
1.591011 -0.369967 0.383923
0.575894 -0.321724 0.584241
0.549439 -0.307864 0.568003
1.591352 -0.369856 0.584768
1.679530 -0.287076 0.584519
1.683175 -0.000020 0.584605
1.621529 0.000035 0.568406
0.477831 -0.340190 0.584363
0.499723 -0.362393 0.584363
0.575894 -0.321724 0.584241
0.529562 -0.369967 0.584363
0.469985 -0.000021 0.584365
0.469998 -0.000079 0.526694
0.603069 -0.370017 0.526694
0.603087 -0.369967 0.429817
0.469998 -0.310404 0.526692
1.591352 -0.369856 0.584768
1.591011 -0.369967 0.383923
1.679570 -0.287289 0.384495
1.683452 -0.277723 0.429817
0.506290 -0.000021 0.395366
0.470029 -0.000021 0.384077
1.591011 -0.369967 0.383923
0.529536 -0.369999 0.384131
0.469982 -0.310432 0.384072
0.470029 -0.000021 0.384077
0.834570 -0.268268 0.210061
0.834532 0.000049 0.395876
0.864537 -0.298561 0.146758
0.864827 -0.298341 0.210181
1.029224 -0.204648 -0.211113
1.008108 -0.205043 -0.256313
1.090421 -0.206840 0.007708
1.116018 -0.217526 -0.173525
0.864927 -0.204735 -0.234766
1.261357 0.000049 0.456685
1.261384 -0.207050 0.457532
1.253760 -0.142749 -0.191265
1.253985 0.000023 -0.191226
1.253760 -0.142749 -0.191265
1.032359 -0.142559 -0.411890
0.392637 0.000028 0.079687
0.392672 -0.071647 0.079714
0.877330 -0.000024 0.140164
0.877874 -0.072350 0.140715
0.392792 -0.071564 -0.055642
0.404694 -0.105298 0.066831
0.392672 -0.071647 0.079714
0.476437 -0.106171 0.114475
0.865953 -0.105386 -0.528098
0.877541 -0.000078 -0.535317
0.850964 -0.105891 0.113711
0.877874 -0.072350 0.140715
0.865357 -0.205344 -0.007163
0.392792 -0.071564 -0.055642
0.392792 -0.071564 -0.351045
1.324501 -0.000039 0.232053
1.339473 -0.105530 0.232175
1.339473 -0.105530 0.232175
1.334829 -0.116217 0.147642
1.313780 -0.000026 0.147366
1.515571 -0.000021 0.147004
1.545266 -0.000021 0.147122
0.864537 -0.298561 0.146758
1.453068 -0.298528 0.146904
1.515571 -0.000021 0.147004
1.448176 -0.000012 0.156094
0.837766 -0.247731 0.568367
0.549439 -0.307864 0.568003
1.560443 -0.314775 0.568904
0.391974 -0.095104 -0.450605
0.404694 -0.105298 0.066831
0.574265 -0.105182 -0.525317
0.850964 -0.105891 0.113711
0.696729 -0.394127 -0.258345
0.697044 -0.279792 -0.258379
0.697044 -0.279792 -0.258379
0.600050 -0.279733 -0.238484
0.620039 -0.279830 -0.110488
0.716974 -0.279838 -0.143730
0.716974 -0.279838 -0.143730
0.716635 -0.394127 -0.144077
0.716638 -0.394127 -0.223186
0.697044 -0.279792 -0.258379
0.719699 0.492472 0.413342
0.719731 0.492432 0.543130
0.780061 0.429437 0.551204
0.544798 0.429520 0.543059
0.544731 0.429613 0.413342
0.544857 0.514386 0.413464
0.544798 0.429520 0.543059
0.544890 0.514418 0.543000
0.780078 0.394081 0.551204
0.780126 0.394150 0.405261
0.544890 0.514418 0.543000
0.544857 0.514386 0.413464
0.771879 0.429437 0.543000
0.771809 0.514459 0.543000
0.772024 0.429644 0.413342
0.544731 0.429613 0.413342
0.544731 0.429613 0.413342
0.536617 0.394139 0.405269
0.771879 0.429437 0.543000
0.780061 0.429437 0.551204
0.536617 0.394139 0.405269
0.780126 0.394150 0.405261
0.771962 0.429557 -0.062700
0.780134 0.394160 -0.054561
0.772093 0.429736 -0.306299
0.771862 0.514405 -0.306055
0.544734 0.429613 -0.062639
0.596881 0.514255 -0.062761
0.544859 0.514390 -0.062759
0.596881 0.492321 -0.306055
0.719841 0.492323 -0.306055
0.719841 0.514255 -0.306055
0.596881 0.492321 -0.306055
0.596881 0.514386 -0.306057
0.716638 0.394086 -0.223186
0.571047 0.394086 -0.086128
0.771962 0.429557 -0.062700
0.771812 0.514460 -0.062644
0.544734 0.429613 -0.062639
0.536657 0.429440 -0.314250
0.771862 0.514405 -0.306055
0.536657 0.429440 -0.314250
0.544734 0.429613 -0.062639
0.536617 0.394142 -0.054561
0.571047 0.394086 -0.086128
0.536657 0.394083 -0.314250
0.716638 0.394086 -0.144075
0.886594 0.204691 -0.256433
1.008093 0.205120 -0.256311
0.855562 0.217684 0.026521
0.871242 0.204666 0.008035
0.670660 0.178628 0.277607
0.670924 0.203762 0.456807
1.261031 0.178743 0.457092
1.246979 0.218113 0.443103
0.684707 0.217831 0.442944
0.731105 0.217762 0.219424
0.731105 0.217760 -0.060032
1.008642 0.218231 -0.405906
0.603067 0.396577 0.526694
0.713735 0.369924 0.526694
0.713736 0.369928 0.429817
0.603083 0.369956 0.429817
0.603083 0.369956 0.429817
0.603087 0.396656 0.429817
0.529563 0.369923 0.384131
1.591113 0.370043 0.383950
0.469981 0.310375 0.429812
1.683329 -0.000021 0.526694
1.683464 0.277692 0.526694
1.679592 0.287080 0.584595
0.391994 0.095028 -0.450588
0.497462 0.093101 -0.566186
0.836402 0.105469 -0.562603
0.516661 0.093097 -0.574126
0.400709 0.093096 -0.469431
0.497462 0.093101 -0.566186
0.670727 0.178599 0.456929
0.670660 0.178628 0.277607
0.670823 -0.000021 0.277366
0.834532 0.000049 0.395876
0.863600 0.298813 0.396526
1.545428 0.206096 0.395872
1.545278 -0.000023 0.395754
0.716670 0.216233 -0.130337
0.716698 0.279794 -0.144075
0.716620 0.279794 -0.130459
0.696858 0.216266 -0.258223
0.600040 0.279783 -0.238601
0.600064 0.279781 -0.144075
0.696783 0.279794 -0.110601
0.619976 0.279777 -0.110601
0.585019 0.217782 0.219424
0.585022 0.217761 -0.060386
1.591724 0.370391 0.580671
1.453091 0.298479 0.147124
0.864827 0.298302 0.210181
0.834434 0.268285 0.210181
1.241906 0.218746 -0.186101
0.521533 0.218156 -0.398127
1.008642 0.218231 -0.405906
0.523751 0.178704 -0.419670
0.521533 0.218156 -0.398127
0.507295 0.178582 -0.404827
0.521533 0.218156 -0.398127
0.585022 0.217761 -0.060386
0.585019 0.217782 0.219424
0.684732 0.217826 0.263450
1.014486 -0.000018 -0.419968
0.506347 -0.000013 -0.405625
0.507295 0.178582 -0.404827
0.507838 0.138816 0.238774
0.515265 -0.000049 0.278799
0.515265 -0.000049 0.278799
0.499738 0.362032 0.429817
0.499781 0.361947 0.384131
0.522307 -0.000022 0.568367
0.516097 0.259583 0.583999
0.529493 0.369779 0.584543
1.679592 0.287080 0.584595
1.621529 0.000035 0.568406
0.546269 0.313373 0.584363
0.477910 0.340140 0.584363
0.529493 0.369779 0.584543
0.499781 0.361947 0.584363
0.499760 0.361991 0.526694
0.477910 0.340140 0.584363
0.477979 0.340148 0.526694
0.469998 0.310365 0.584363
0.469985 -0.000021 0.584365
0.603083 0.369956 0.526694
0.603083 0.369956 0.429817
0.469983 0.310374 0.526692
1.591113 0.370043 0.383950
1.683432 0.277666 0.429817
1.683432 0.277666 0.429817
1.683328 -0.000021 0.429817
1.652807 0.266085 0.384131
1.647017 0.251053 0.395310
1.679527 0.287058 0.384009
1.647017 0.251053 0.395310
1.652807 0.266085 0.384131
1.679527 0.287058 0.384009
0.477979 0.340156 0.384124
0.470014 0.310363 0.384062
1.591113 0.370043 0.383950
0.971290 0.369928 0.429817
0.713736 0.369928 0.429817
0.713735 0.369924 0.526694
0.864548 0.298527 0.146758
1.219631 0.298323 0.210181
1.453091 0.298479 0.147124
1.115874 0.217568 -0.173374
1.090378 0.206656 0.007681
1.261357 0.000049 0.456685
1.261469 -0.106060 -0.068145
1.142803 0.142524 -0.301453
1.032365 0.142522 -0.411890
1.241906 0.218746 -0.186101
1.253985 0.000023 -0.191226
0.453356 0.093225 0.140288
0.404139 0.105535 0.067124
0.444776 -0.000312 0.137771
0.392637 0.000028 0.079687
0.850649 0.105433 0.113301
0.476916 0.105271 0.113301
0.877987 0.094821 -0.535442
0.877381 0.093292 0.140164
0.850649 0.105433 0.113301
0.877381 0.093292 0.140164
0.886594 0.204691 -0.256433
1.008093 0.205120 -0.256311
0.404139 0.105535 0.067124
0.391994 0.095028 -0.450588
0.507843 0.178529 0.266694
1.324362 0.090586 0.232295
1.334815 0.116208 0.147578
1.313780 -0.000026 0.147366
1.515571 -0.000021 0.147004
1.545349 0.206056 0.147000
0.864548 0.298527 0.146758
1.545349 0.206056 0.147000
1.334815 0.116208 0.147578
1.448275 0.090472 0.155845
1.591724 0.370391 0.580671
0.576498 0.314342 0.568538
0.574133 0.105469 -0.453669
0.519024 0.105205 -0.562083
0.574265 0.105143 -0.525317
0.682732 0.105936 -0.453743
0.836402 0.105469 -0.562603
0.682431 0.105143 -0.525317
0.682732 0.105936 -0.453743
0.696893 0.279779 -0.258345
0.600040 0.279783 -0.238601
0.600117 0.394086 -0.238364
0.600040 0.279783 -0.238601
0.600131 0.394083 -0.130459
0.600064 0.279781 -0.144075
0.696768 0.394086 -0.110601
0.696783 0.279794 -0.110601
0.716638 0.394086 -0.223186
0.716638 0.394086 -0.144075
0.600040 0.279783 -0.238601
0.600117 0.394086 -0.238364
0.760590 -0.178568 0.456807
1.261384 -0.207050 0.457532
1.530398 -0.000046 0.395620
1.560604 -0.333160 0.395229
1.679570 -0.287289 0.384495
1.683385 -0.000020 0.384934
0.469998 -0.000079 0.526694
1.074020 -0.298341 0.395750
1.074019 -0.298341 0.210181
1.074020 -0.298341 0.395750
0.652492 -0.105182 -0.547258
0.652492 -0.105182 -0.547258
0.682431 -0.105182 -0.525317
0.653541 -0.105181 0.113301
1.261031 0.178743 0.457092
0.760590 0.178529 0.456807
0.670823 -0.000020 0.456807
0.670727 0.178599 0.456929
1.530398 -0.000046 0.395620
1.560573 0.333077 0.395281
0.560867 0.344423 0.384131
0.529707 0.326024 0.395425
0.469998 -0.000079 0.526694
1.074019 0.298302 0.210181
1.219631 0.298323 0.210181
1.074020 0.298303 0.395750
0.652492 0.105143 -0.547258
0.682431 0.105143 -0.525317
0.652492 0.105143 -0.547258
0.569220 -0.000046 1.315466
1.036124 -0.000023 1.244656
0.543575 -0.081129 1.308528
1.067254 -0.000026 1.106753
0.532775 -0.000026 1.106633
0.532774 -0.080811 1.106633
0.617178 -0.080804 1.193201
0.543575 -0.081129 1.308528
0.569220 -0.000046 1.315466
0.569270 0.080778 1.315347
0.532717 -0.000021 1.284089
0.532766 0.080780 1.283970
0.569270 0.080778 1.315347
1.033609 0.080765 1.193135
1.058278 0.080853 1.232100
1.067094 0.080787 1.106633
0.532786 0.080765 1.106633
0.651282 -0.080803 1.106875
1.067093 -0.080820 1.106633
0.789930 0.080765 1.123501
0.977276 0.080765 1.135793
0.790165 0.080765 1.281809
0.790166 -0.080804 1.281929
0.569286 -0.080804 1.315347
-1.315443 -0.050249 -3.655054
0.259984 -0.904751 -4.093230
0.284372 0.987684 -3.955676
0.314331 0.924381 -3.961118
0.388002 0.936564 -3.968042
0.314331 0.924381 -3.961118
0.321932 -0.934285 -4.103218
2826 2828
2712 2713
2825 2827
2889 2890
3004 3005
2174 3699
2064 2065
1760 1761
1784 1785
1758 1759
1912 1939
1916 1940
1776 1777
1920 1942
1921 1945
1917 1941
1763 1764
1765 1766
2684 2685
2694 2695
2450 2451
2548 2549
3212 3213
2688 2689
2456 2457
2552 2553
1909 1910
1721 1722
1725 1726
1149 1150
1153 1154
1147 1148
1692 1933
1708 1709
779 780
773 774
775 776
1727 1728
1729 1909
1444 1445
1714 1934
1774 1775
1755 1915
1446 1447
1440 1441
1442 1443
1448 1449
1741 1762
1905 1906
1740 1911
1622 1623
1618 1619
2939 2940
985 986
1723 1724
2108 2109
2752 2753
1616 1617
989 990
2114 2115
2152 2153
2981 2982
2937 2938
2756 2757
1321 1322
2977 2978
1317 1318
2154 2155
1624 1625
1099 1100
981 982
1315 1316
987 988
2750 2751
1526 1527
979 980
2106 2107
880 881
1091 1092
1528 1529
1522 1523
2931 2932
874 875
1097 1098
1093 1094
876 877
1237 1238
1245 1246
1235 1236
893 1922
894 895
1241 1242
890 891
903 904
727 728
731 732
725 726
2433 2434
2593 2601
2664 2665
721 722
1387 1388
1389 1390
1711 1907
2910 2911
2085 2086
2083 2084
1735 1736
1710 1903
1919 1935
1391 1392
1439 1896
1713 1908
1429 1430
1700 1701
1769 1918
1537 1538
1904 1905
1699 1898
1751 1752
1437 1894
793 794
795 796
1749 1750
1753 1754
1779 1780
1221 1222
1433 1892
1434 1435
1223 1224
1227 1924
789 790
1540 1541
1706 1707
801 802
1542 1543
785 786
1229 1926
1133 1134
1144 1891
1137 1888
602 603
1139 1890
549 550
630 631
632 633
545 546
1901 1902
547 548
624 625
1664 1665
1675 1676
634 635
1669 1670
1738 1739
1772 1773
543 544
2375 2394
2376 2377
1684 1685
1679 1681
2361 2362
3506 3507
3379 3380
553 554
3625 3626
3425 3426
163 164
559 560
565 566
551 552
1138 1889
1140 1141
555 556
1136 1137
557 558
579 580
575 576
1135 1887
598 599
596 597
3105 3106
3110 3111
614 615
2372 3107
80 81
285 286
297 298
590 591
498 674
610 611
586 587
535 536
3317 3318
584 585
588 589
581 582
662 663
604 605
3621 3622
3607 3608
1228 1925
3551 3615
687 688
1230 1231
616 617
606 607
127 128
223 224
1232 1927
1225 1226
689 690
685 686
3586 3587
3160 3161
3197 3198
691 692
1233 1234
3144 3145
3154 3155
3193 3194
3176 3182
3184 3185
3174 3175
3145 3146
3148 3149
3156 3157
296 309
3590 3592
3420 3421
3291 3292
636 637
670 671
677 678
1745 1746
1747 1748
430 431
2009 2010
428 429
426 427
650 651
1913 1914
3595 3596
3690 3691
194 220
200 204
102 125
107 110
1712 1713
3613 3614
3427 3428
3316 3349
3549 3550
3646 3647
3660 3661
1690 1691
3540 3541
3294 3295
1688 1689
644 645
646 647
666 667
679 680
640 641
2356 3093
675 676
681 682
648 649
652 653
1532 1928
1544 1545
1677 1678
3692 3693
3310 3655
888 889
1961 2032
466 467
3605 3606
1533 1534
1770 1771
1436 1893
2380 3123
3171 3172
3205 3208
3118 3119
3209 3210
3169 3170
3113 3114
3096 3098
2044 2045
2051 2052
1535 1536
1539 1929
3664 3665
3648 3649
3225 3226
2030 2031
314 315
2042 2043
2488 2489
2624 2625
2526 2527
2626 2629
243 244
3383 3384
3499 3539
3514 3515
451 464
454 463
442 465
461 462
3094 3097
3311 3312
3355 3424
303 304
3396 3397
74 75
307 308
3573 3668
3381 3382
3305 3306
3569 3570
3372 3652
892 893
144 145
312 313
13 14
152 153
153 154
76 77
167 168
138 139
1719 1720
20 25
28 32
896 1923
259 265
29 34
3222 3223
3240 3241
3227 3228
2384 3128
3125 3129
3521 3522
15 23
3411 3412
3560 3561
1438 1895
3181 3199
3134 3135
656 657
664 665
3650 3651
3307 3308
257 258
3533 3534
3546 3547
3497 3498
2470 2471
305 306
3509 3510
3576 3577
480 481
21 22
30 31
3090 3095
3126 3128
474 475
472 473
2591 2592
499 500
78 79
2668 2680
2535 2542
2576 2584
2533 2543
2442 2443
2580 2581
513 514
26 27
3557 3558
2038 2039
2055 2056
1952 1953
35 36
255 256
3341 3342
3479 3480
3482 3483
3271 3272
3280 3284
2328 2331
1071 1072
1073 1074
2329 2330
282 286
50 51
468 469
470 471
478 479
2324 2325
1081 1082
3266 3267
260 261
3461 3462
3478 3481
3536 3670
3591 3592
264 265
24 25
32 33
3443 3444
1962 1963
3476 3486
48 49
3277 3278
3391 3410
3455 3456
3467 3477
2511 2512
2512 2513
2614 2616
2647 2649
3287 3288
3687 3696
3697 3698
494 495
620 621
2613 2620
2648 2650
2516 2517
2514 2515
3599 3600
622 623
3203 3204
2538 2539
12 63
2472 2473
2582 2583
2606 2609
2011 2012
1968 1969
2027 2028
3619 3620
3392 3393
569 570
3321 3322
3523 3524
505 506
3352 3353
3356 3357
3373 3374
1984 1989
1949 1950
3430 3659
2040 2041
2034 2035
2005 2006
2017 2018
1686 1687
1974 1975
1682 1683
1959 1960
2540 2541
3630 3631
3694 3695
787 788
1931 1932
53 54
3319 3320
3669 3671
3653 3654
523 524
517 518
3389 3390
3593 3594
3289 3290
3314 3315
3492 3493
735 736
59 60
3496 3548
3347 3348
3518 3519
1767 1768
3662 3663
245 246
3220 3221
3237 3238
41 42
503 504
2013 2014
2550 2551
2530 2531
2454 2455
2570 2571
561 562
2427 2430
2357 2358
2345 3091
2036 2037
3231 3232
2667 2668
2312 2313
803 1886
52 55
277 278
276 279
283 284
47 48
1077 1078
2261 2262
100 101
130 131
225 226
198 199
2292 2293
9 10
2276 2277
18 19
1165 1166
1109 1110
1335 1336
1199 1200
1195 1196
1331 1332
1161 1162
1105 1106
1255 1256
1458 1459
1285 1286
812 813
745 746
739 740
999 1000
178 179
3512 3513
3597 3598
492 493
3520 3554
287 288
249 295
321 322
246 254
2602 2603
2466 2467
289 290
280 281
169 170
3315 3353
3296 3297
2226 2227
2230 2231
2228 2229
2224 2225
2223 2224
3053 3054
3060 3061
3056 3059
2876 2877
2878 2879
2873 2874
654 655
658 659
2217 2220
2221 2222
1055 1056
2633 2637
496 497
482 483
567 568
250 251
539 540
683 684
3332 3333
3449 3450
3262 3263
2484 2485
3552 3553
72 73
511 512
509 510
507 508
3394 3395
3309 3334
2444 2445
2674 2675
2468 2469
2669 2670
3676 3678
2700 2701
2686 2687
2586 2587
2682 2683
3069 3084
577 578
3574 3575
3260 3261
3516 3517
3681 3682
3402 3404
594 595
638 639
3628 3674
1590 1591
699 700
909 910
993 994
1592 1593
1395 1396
1399 1400
1452 1453
845 846
1287 1288
1189 1190
1365 1366
1556 1557
2732 2733
1357 1358
1454 1455
1546 1547
2965 2966
1947 1948
1987 1988
1985 1986
1946 1951
2635 2636
1972 1973
2314 2315
3023 3024
3242 3243
1715 1716
791 792
89 90
3441 3442
3246 3249
3254 3255
476 477
3256 3259
3451 3452
3247 3248
3525 3528
2199 2200
2179 2184
2192 2193
2300 2301
3029 3037
2662 3236
2627 3231
618 619
211 217
117 122
210 213
583 686
2326 2327
2831 2832
3033 3034
3048 3049
2198 2203
1029 1030
1087 1088
1053 1054
2307 2308
2856 2857
2871 2872
1085 1086
3273 3274
1035 1036
2841 2842
2860 2867
1868 1869
2524 2525
3470 3471
3488 3489
3611 3612
3439 3440
3511 3535
3360 3361
1191 1192
1327 1328
1171 1172
1115 1116
1472 1473
1261 1262
1183 1184
1127 1128
2159 2160
741 742
1019 1020
995 996
923 924
2973 2974
1600 1601
2916 2917
2144 2145
814 815
945 946
1638 1639
1654 1655
705 706
1377 1378
847 848
2164 2165
921 922
933 934
947 948
1385 1386
808 809
1373 1374
1464 1465
2781 2782
2137 2138
2947 2948
2739 2740
2729 2736
1578 1579
701 702
2090 2091
2097 2101
841 842
2955 2956
1612 1613
2776 2777
2762 2763
2969 2970
3617 3618
3416 3417
2015 2016
2057 2058
3093 3099
2341 2364
2351 3101
2021 2022
3623 3624
1039 1040
3638 3639
2296 2297
3431 3432
3636 3637
3644 3645
3640 3641
3437 3438
3500 3501
2298 2299
2271 2272
1994 1995
2046 2047
2385 3127
806 807
1359 1360
1257 1258
1167 1168
1111 1112
1333 1334
1197 1198
1103 1104
1159 1160
1283 1284
1552 1553
1634 1635
949 950
1492 1493
2116 2117
2919 2920
1550 1551
843 844
1636 1637
804 805
951 952
1490 1491
1628 1629
943 944
697 698
1393 1394
1403 1404
915 916
737 738
913 914
2783 2784
2805 2806
1630 1631
2785 2786
2914 2915
2118 2123
2121 2122
2803 2804
2282 2283
2286 2287
2288 2289
3502 3503
3300 3301
3298 3299
2868 2869
3038 3041
262 263
2279 2280
2265 2266
2259 2260
2263 2264
2274 2275
2269 2270
2290 2291
2281 2291
2284 2285
2238 2250
299 300
2243 2244
2257 2258
252 253
3324 3325
2232 2239
2245 2246
2241 2242
2235 2251
3413 3414
126 129
222 223
3406 3407
2252 2253
2474 2475
2476 2478
2509 2510
2518 2519
2610 2611
2483 2487
2490 2492
2663 3239
2482 2486
2620 2621
2522 2523
2651 2653
2655 2656
2654 2659
2645 2646
3062 3214
1982 1983
1990 1991
146 147
1992 1993
2025 2026
1998 1999
1954 1955
1955 1956
1588 1589
907 908
840 849
991 992
1586 1587
743 744
997 998
810 811
1548 1549
2158 2163
2161 2162
1289 1290
1397 1398
2959 2960
1193 1194
2088 2089
1251 1252
1329 1330
1363 1364
2943 2944
2983 2985
2945 2946
2156 2157
1247 1248
1584 1585
1456 1457
2807 2808
693 694
2758 2759
2760 2761
2987 2988
2730 2731
3330 3331
3435 3436
1980 1981
2887 2888
3003 3004
2062 2063
2710 2711
413 414
356 357
366 403
369 370
1970 1971
411 412
354 355
402 416
406 407
2236 2237
2053 2054
2417 2418
2431 2432
3130 3131
3433 3434
2247 2248
3634 3635
2188 2189
3328 3329
2863 2864
1057 1058
2185 2187
2848 2849
1966 1967
3018 3020
3370 3371
3588 3589
3571 3572
399 400
409 410
2503 2508
937 938
1421 1422
1514 1515
709 710
862 863
854 855
1606 1607
753 754
3529 3530
1265 1266
1119 1120
1175 1176
2320 2321
2322 2323
1063 1064
1065 1066
1069 1070
377 378
387 388
381 382
401 408
2249 2251
3279 3286
375 376
358 359
1043 1044
3047 3050
363 364
352 353
362 365
2643 2644
2501 2502
2506 2507
1037 1038
2641 2642
2638 2639
1047 1048
1957 1958
1996 1997
2000 2001
1045 1046
2002 2003
3039 3045
3040 3042
2861 2862
1870 1871
1369 1370
1371 1372
2395 2396
291 292
61 62
239 240
2906 2907
2715 2717
293 294
642 643
3616 3617
1882 1883
3601 3602
2572 2573
2446 2447
2544 2545
3229 3230
2479 2480
2618 2619
2660 2661
1733 1734
703 704
241 242
3403 3405
2622 2623
2419 2420
626 627
2734 2735
2961 2962
2975 2976
3415 3416
1401 1402
3675 3677
2141 2142
1614 1615
415 417
404 405
2100 2101
2087 2092
1367 1368
911 912
2134 2139
747 748
917 918
929 930
1001 1002
1291 1292
2768 2769
868 869
2957 2958
1576 1577
695 696
707 708
2135 2136
2140 2143
1325 1326
941 942
2917 2918
1662 1663
1349 1350
1213 1214
1219 1220
1355 1356
1163 1164
1107 1108
1343 1344
1207 1208
2971 2972
2119 2120
2923 2924
1562 1563
1460 1461
1554 1555
1281 1282
1101 1102
1157 1158
1209 1210
1345 1346
3453 3454
1361 1362
2999 3000
2925 2926
2989 2990
2997 2998
1486 1487
1484 1485
1494 1495
1450 1451
1488 1489
2124 2125
1249 1250
1626 1627
2991 2996
1187 1188
1131 1132
2921 2922
953 954
1632 1633
2984 2986
2952 2953
1566 1567
2809 2810
2820 2821
1253 1254
905 906
3447 3448
3284 3285
57 58
39 40
56 57
3445 3446
3465 3466
3100 3102
270 271
1874 1875
2215 2216
2368 2369
2392 2393
2381 3124
2342 2344
2411 2412
2423 2425
2390 2391
2421 2422
2343 2346
2386 2387
2404 2405
2378 2379
2401 2402
2382 2383
2352 2353
2399 2400
2403 2406
2407 2408
2388 2389
2424 2426
2347 2348
2354 2355
3021 3022
3132 3133
2415 2416
2409 2410
2397 2398
2428 2429
2190 2191
2413 2414
1049 1050
142 143
148 149
2349 3092
2267 2268
2294 2295
1880 1881
1673 1674
1671 1672
1666 1897
1667 1668
227 228
3429 3656
3683 3684
3685 3686
3679 3680
7 8
237 238
2 3
234 235
6 11
3046 3047
1079 1080
668 669
571 572
608 609
527 528
525 526
3475 3487
3642 3643
316 317
3070 3072
2822 2823
37 38
43 46
274 275
268 269
272 273
44 45
3603 3604
3350 3351
1702 1704
501 502
3531 3532
2546 2547
2554 2555
2563 2564
2534 2535
2537 2561
2702 2703
2690 2691
2574 2575
2594 2595
2588 2589
2607 2608
2436 2437
2441 2465
2448 2449
2458 2459
2240 2256
2254 2255
2370 2371
3098 3104
3072 3082
3074 3075
1936 1937
2891 3704
3702 3703
332 333
436 437
347 348
349 350
2676 2677
816 817
1339 1340
1203 1204
1003 1004
1123 1124
1179 1180
820 821
755 756
1007 1008
856 857
1305 1306
2815 2816
334 335
336 337
438 439
432 433
832 833
965 966
1217 1218
767 768
715 716
1417 1418
872 873
1474 1475
1015 1016
765 766
1510 1511
1415 1416
1269 1270
826 827
860 861
1309 1310
1277 1278
759 760
1013 1014
1508 1509
1466 1467
1568 1569
1273 1274
955 956
967 968
1642 1643
1023 1024
969 970
1646 1647
1640 1641
1468 1469
1496 1497
1293 1294
2818 2819
342 351
434 435
345 346
3071 3073
3562 3563
2714 3705
488 489
1155 1156
108 112
207 221
3077 3217
3068 3084
3400 3401
2373 3117
3008 3009
2302 2303
2316 2317
1033 1034
1051 1052
2209 2210
2186 2187
2213 2214
2854 2855
2205 2206
1089 1090
2869 2870
1059 1060
2852 2853
3031 3032
3043 3044
2843 2844
1027 1028
2335 2336
3010 3011
2833 2834
1031 1032
1041 1042
2201 2202
3016 3017
2858 2859
3019 3020
3012 3014
2059 2060
2066 2173
3035 3036
2304 2305
3215 3216
3082 3217
672 673
3085 3216
3026 3027
3107 3108
2845 2846
2846 2847
3398 3399
3627 3629
3632 3633
2060 2061
3064 3083
2585 2590
3121 3122
3078 3218
65 66
82 83
3006 3701
3007 3702
3063 3065
2817 2819
1129 1130
1818 1819
1185 1186
3326 3327
1732 1756
2562 2565
1620 1621
3103 3109
2438 2453
2439 2452
2596 2597
2463 2464
2559 2560
2681 2687
2696 2697
2532 2536
2692 2693
2556 2557
2435 2440
2666 2673
2698 2699
2704 2705
2671 2672
2568 2569
2462 2463
2598 2599
2558 2559
2575 2579
2577 2578
2604 2605
2566 2567
2460 2461
338 339
2004 2050
343 344
1239 1240
2069 2070
563 564
330 331
340 341
3422 3423
1978 1979
2718 2719
2071 2072
3066 3067
3218 3219
177 180
2023 2024
3366 3367
2706 2707
2480 2481
2520 2521
2615 2617
1703 1705
2754 2755
2207 2208
2835 2836
1524 1525
2196 2197
2204 2212
2830 2838
2309 2310
64 71
2181 2182
2183 2184
2211 2212
2178 2180
3028 3030
3013 3015
2829 2837
111 113
205 206
519 520
2495 2497
2172 2175
541 542
84 85
2363 2365
733 734
3293 3348
3362 3363
2075 2076
2067 2068
2077 2078
2895 2896
3385 3386
2073 2074
1680 1930
2340 2350
182 185
533 534
521 522
3087 3088
3183 3187
3508 3555
3559 3567
1530 1531
1075 1076
3195 3196
2306 2311
2333 2337
1083 1084
2720 2721
2338 2339
3025 3027
983 984
897 898
797 798
2839 2840
3368 3369
69 70
1095 1096
2746 2747
1169 1170
1259 1260
1826 1827
1113 1114
2773 2774
1407 1408
927 928
1812 1813
2168 2169
2744 2745
1790 1791
2927 2930
1834 1835
1800 1801
1307 1308
1830 1831
2093 2096
1824 1825
1840 1841
1295 1296
1564 1565
1850 1851
1836 1837
1820 1821
1594 1595
1844 1845
1301 1302
1828 1829
1798 1799
2813 2814
2788 2789
1852 1853
2992 2993
1379 1380
1794 1795
1822 1823
1810 1811
818 819
1005 1006
1848 1849
1173 1174
1560 1561
1806 1807
2900 2901
1814 1815
1263 1264
2789 2790
769 770
1832 1833
870 871
1802 1803
1117 1118
1816 1817
266 267
1786 1787
3264 3265
3268 3269
1878 1879
3076 3077
3179 3180
2716 2721
2612 2620
2529 3228
2652 2659
2528 3225
2657 2658
1788 1789
2477 2482
3304 3354
1337 1338
1201 1202
1598 1599
1610 1611
1652 1653
1656 1657
1375 1376
828 829
763 764
961 962
931 932
1181 1182
1125 1126
2166 2167
1009 1010
925 926
1211 1212
1215 1216
1347 1348
1351 1352
1580 1581
822 823
1582 1583
1462 1463
1341 1342
1205 1206
1353 1354
1267 1268
1121 1122
1177 1178
1405 1406
757 758
1409 1410
2770 2771
1297 1298
1011 1012
824 825
1502 1503
2170 2171
1427 1428
975 976
1476 1477
858 859
1520 1521
1572 1573
1303 1304
963 964
866 867
838 839
939 940
836 837
1602 1603
1271 1272
1608 1609
1644 1645
761 762
1660 1661
1658 1659
771 772
713 714
1695 1696
1604 1605
973 974
1478 1479
1512 1513
1419 1420
1151 1152
215 216
120 121
2748 2749
2726 2727
3136 3141
3139 3140
2727 2728
150 151
113 123
2079 2081
2110 2111
3158 3159
2935 2936
2278 3089
2933 2934
2048 2049
1876 1877
174 176
188 189
140 141
2366 2367
2359 2360
3468 3469
3252 3253
3466 3472
2029 2033
195 197
103 104
3270 3281
3188 3189
3190 3191
1781 1783
1319 1320
2678 2679
3408 3409
3115 3116
573 574
3387 3388
3580 3581
318 329
86 97
2824 3700
134 135
3684 3686
229 230
3484 3485
3337 3338
3339 3340
3375 3376
2496 2498
1730 1731
2499 2500
531 532
592 593
529 530
515 516
628 629
3688 3689
1872 1873
1943 1944
1243 1244
3555 3556
935 936
1021 1022
2098 2099
919 920
864 865
711 712
719 720
1574 1575
1383 1384
2928 2929
834 835
1500 1501
1558 1559
1381 1382
1570 1571
1275 1276
850 851
977 978
1299 1300
1279 1280
1648 1649
971 972
749 750
1498 1499
1311 1312
1480 1481
1470 1471
1504 1505
1411 1412
2130 2131
2132 2133
2774 2775
899 900
799 800
3542 3543
878 879
777 778
2600 3173
2963 2964
2767 2772
2759 2766
2949 2950
3494 3495
2811 2812
3137 3147
1323 1324
2794 2795
3001 3002
2764 2765
2779 2780
2778 2787
2791 2792
1742 1743
1737 1757
3537 3538
3138 3162
3335 3336
3544 3545
3202 3211
3150 3151
3152 3153
2332 2334
2865 2866
193 196
2194 2195
0 1
247 248
231 236
16 17
232 233
4 5
2967 2968
717 718
2743 2745
830 831
1596 1597
2146 2147
1413 1414
1838 1839
1506 1507
1846 1847
2994 2995
2094 2095
1313 1314
1804 1805
751 752
1792 1793
852 853
1650 1651
2793 2796
1796 1797
2126 2127
2128 2129
1842 1843
1854 1855
1482 1483
1425 1426
957 958
1808 1809
1856 1857
1423 1424
1516 1517
2737 2738
2741 2742
1858 1859
2148 2149
1017 1018
959 960
1518 1519
2951 2954
3609 3610
3112 3120
2019 2020
1976 1977
2491 3224
1145 1146
1717 1718
1860 1861
2150 2151
443 444
418 419
422 423
459 460
445 446
449 450
452 453
440 441
2112 2113
2801 2802
457 458
455 456
424 425
420 421
447 448
2979 2980
2941 2942
2912 2913
2080 2082
2908 2909
2722 2723
3377 3378
2708 2709
3666 3667
729 730
2724 2725
2102 2103
723 724
1866 1867
1431 1432
2799 2800
612 613
484 485
490 491
3244 3245
3457 3458
3282 3283
3463 3464
3257 3258
882 883
781 782
2104 2105
3657 3658
3672 3673
2176 2177
886 887
2797 2798
1884 1885
1778 1782
3165 3168
323 324
93 94
3250 3251
2904 2905
2902 2903
2892 2899
2897 2898
486 487
1964 1965
3358 3359
3582 3583
2007 2008
1862 1864
1863 1865
2049 2050
2893 2894
2493 2494
1744 1910
155 156
159 160
660 661
1025 1026
2850 2851
600 601
537 538
3364 3365
123 124
218 219
3566 3568
3584 3585
3564 3565
2318 2319
1061 1062
3054 3055
2875 2876
2883 2886
3051 3052
1067 1068
2218 2219
2273 3086
3418 3419
1938 1939
3343 3344
884 885
783 784
91 92
2628 3233
3234 3235
2640 2643
1142 1143
301 302
67 68
3142 3143
3490 3491
2504 2505
3302 3303
3504 3505
3163 3164
3345 3346
180 181
360 361
373 374
367 368
371 372
3186 3192
3177 3178
2233 2234
115 116
327 328
161 162
105 106
98 99
3200 3201
2632 2634
114 136
109 110
203 204
3079 3080
3473 3474
3275 3276
1697 1698
2882 2884
2885 2886
2880 2881
3057 3058
87 88
137 142
3313 3323
310 311
95 96
132 133
3578 3579
389 390
397 398
379 380
385 386
391 392
395 396
383 384
393 394
325 326
173 175
209 217
3080 3081
183 184
186 187
3206 3207
319 320
3526 3527
190 191
3166 3167
2630 2631
3459 3460
212 214
118 119
2374 3122
157 158
165 166
201 202
171 172
1693 1694
901 902
1899 1900
192 208
