4256269170733818610 3799 1900
1.360058 1.360058 -1.000002
-1.360058 1.360058 -1.000002
-1.161990 -1.161990 0.909948
-1.161990 1.161990 0.909948
-1.150254 0.206088 1.071131
-1.150254 0.206088 0.954173
0.750840 -1.073455 0.786596
0.750840 -1.073455 0.508733
-0.120514 -0.629909 4.841175
-0.123291 -0.690944 4.890003
-0.000000 -0.736034 4.586048
0.114724 -0.734890 4.651966
-0.086260 -0.975981 3.875998
0.086267 -0.975905 3.875998
0.047626 -0.646323 3.917939
0.047627 -0.736502 3.729341
-0.189117 -1.183007 4.129671
-0.204993 -1.064217 3.999361
0.000000 -0.575250 4.352449
0.213081 -0.590279 4.357027
-0.130206 -0.835750 4.817982
-0.000000 -0.736034 4.586048
0.550026 -0.576841 3.531486
0.572418 -0.664274 3.513480
0.340199 -0.888882 4.119031
0.315441 -0.889264 4.257276
0.576694 -0.634188 3.515911
0.541179 -0.677942 3.509502
0.078138 -0.429199 7.721390
0.086953 -0.479209 7.190384
0.957199 0.001357 9.297964
1.202636 -0.010521 9.341909
-0.509727 0.290588 7.343707
-0.214478 0.159677 6.733355
0.202200 -0.502307 7.104449
0.211742 -0.543934 6.728472
0.434488 -0.362050 7.038531
0.202200 -0.502307 7.104449
-0.123615 0.496953 7.723109
-0.123615 0.522168 7.644373
0.088029 0.502383 7.910635
0.088029 0.553386 7.844717
0.515827 0.200443 7.626934
0.800098 0.245221 7.978496
-0.183093 0.302744 8.497237
-0.187647 0.120898 8.566817
0.047196 0.022774 8.602218
0.000000 0.196324 8.640059
-0.118581 -0.047024 8.248330
-0.176770 0.029017 8.275186
0.105719 0.056136 9.977818
0.105719 0.226882 9.977818
1.236540 0.220644 9.351470
1.161696 0.355150 9.526031
1.009768 0.016631 9.729812
1.104144 0.021505 9.569900
0.588711 -0.030878 4.622669
0.522182 -0.061746 4.727650
-0.510909 -0.212997 6.310625
-0.445067 0.112864 6.315508
0.530266 -0.393843 6.018267
0.556576 0.277601 6.114702
-0.253221 -0.619461 3.566514
-0.261313 -0.626861 3.713609
-0.105719 0.056145 12.470493
-0.105719 0.056145 9.977818
-0.506347 -0.697614 3.493644
-0.392135 -0.796338 3.819876
-0.479953 -0.589060 3.359661
-0.464275 -0.617746 3.512859
-0.407060 0.358556 8.001863
-0.366891 0.033544 7.975618
-1.258941 0.114458 9.222890
-1.100097 -0.006149 8.491078
-1.258360 0.013486 9.445464
-1.256605 0.216238 9.458282
-1.047305 0.116834 9.812819
-1.021899 0.110082 9.836623
-0.377125 -0.807324 3.926770
-0.340199 -0.888882 4.119031
0.948249 0.070180 4.756419
0.903694 0.070180 4.670054
-0.525888 -0.212536 4.211459
-0.676263 -0.212357 4.012179
-0.823053 -0.248935 3.997530
-0.759500 -0.000000 3.974032
0.694966 -0.071447 4.398424
0.890279 -0.153412 4.398424
0.778426 0.379523 3.810348
0.658874 0.348891 3.835067
0.720273 0.396732 4.313427
0.742550 0.282330 4.291760
1.113540 -0.200073 3.627854
0.626861 -0.261313 3.713609
0.822677 0.373992 3.871994
0.778426 0.379523 3.810348
-0.572084 0.500400 3.521098
-0.634111 0.576694 3.516215
0.056460 0.727391 4.577867
0.096213 0.823522 4.579698
-0.086267 0.975905 3.875693
0.086260 0.975981 3.875693
-1.062310 0.240311 3.997836
-1.080774 0.208712 3.937716
0.204993 1.064294 3.999360
0.078836 0.861428 3.946869
-0.189117 1.183083 4.129364
-0.204993 1.064294 3.999360
-0.056460 0.727391 4.577867
-0.096213 0.823522 4.579698
-0.354422 0.812301 3.944930
-0.311698 0.645446 3.978805
-0.315517 0.675107 4.037549
-0.341000 0.653515 3.970410
-0.617670 -0.464275 3.512858
-0.589022 -0.479953 3.359660
0.147965 1.027633 3.429490
0.068437 1.039001 3.486253
-0.522994 0.748748 3.844832
-0.379523 0.778426 3.810653
0.542244 0.734922 3.830863
0.572456 0.664350 3.513785
0.466007 0.812970 4.021374
0.377125 0.807248 3.926465
0.028717 0.908230 4.814014
-0.028717 0.908230 4.814014
0.835598 0.130206 4.816761
0.866955 0.000000 4.885120
-0.948249 -0.070180 4.755809
-0.900337 -0.070179 4.795787
0.940774 0.197457 3.892244
1.080773 0.208712 3.938326
0.931085 0.000000 4.534639
0.575326 0.000000 4.351839
0.629757 0.120514 4.840260
0.690792 0.123291 4.888783
-0.627652 -0.514740 3.852835
-0.643445 -0.353035 3.851004
-0.677258 0.506521 4.253808
-0.747220 0.500951 4.440270
0.617784 -0.464313 3.512859
0.589098 -0.479991 3.359661
-1.039001 0.068437 3.485948
-0.626861 0.068698 3.562547
-0.828338 -0.051871 4.540778
-0.827804 0.050343 4.538947
0.643572 -0.633228 3.347454
0.663141 -0.588443 3.188152
-0.653515 0.341000 3.970105
-0.634289 0.439037 3.988720
0.068740 1.097809 3.594595
0.232577 0.937440 3.708426
-0.937440 -0.232584 3.708120
-0.775239 -0.232583 3.728262
0.302195 -1.105255 0.602085
0.320467 -1.105255 0.638630
-0.106857 -1.105331 0.675198
-0.088566 -1.105331 0.675198
1.105714 -0.027382 0.675171
1.105714 -0.009099 0.675171
1.105638 0.436420 0.675151
1.105638 0.418147 0.693385
1.105638 -0.454684 0.656853
1.105638 -0.418101 0.656853
-0.302195 1.105255 0.602085
-0.320468 1.105255 0.638630
0.472850 1.105179 0.620367
0.472850 1.105179 0.638677
0.393480 1.105103 0.638619
0.393480 1.105103 0.656853
-1.105638 0.088564 0.620343
-1.105638 0.088564 0.602033
-1.105638 0.418177 0.693398
-1.105638 0.418177 0.675164
-1.105714 -0.277586 0.620256
-1.105714 -0.277586 0.601984
1.217259 1.217259 0.327050
1.217259 1.217259 0.272252
-1.360058 -1.360058 0.162656
1.360058 -1.360058 0.162656
1.008916 -0.198394 0.954137
1.150365 -0.198394 0.954137
-1.095504 -0.708320 0.754705
-1.095504 0.708320 0.754705
0.954687 -0.954687 0.327042
0.954687 -0.954687 0.909852
-0.030872 -0.531377 4.715770
-0.030878 -0.588826 4.623912
0.089618 -0.787724 4.877513
0.114846 -0.768040 4.865917
-0.113132 -0.965441 3.451226
-0.068740 -1.097811 3.594658
0.097725 -0.797600 3.745464
-0.097719 -0.797600 3.745464
0.027615 -0.961798 4.800764
0.070179 -0.934790 4.767805
-0.050088 -0.675753 3.835284
-0.050088 -0.710390 3.799578
-0.240311 -1.061988 3.998506
-0.204993 -1.063819 3.998811
-0.135015 -1.113181 4.110200
-0.133986 -1.183142 4.131562
0.000000 -1.107813 4.151224
0.000000 -0.965602 4.052958
0.226371 -1.079764 3.938386
0.197457 -0.940299 3.891999
0.094905 -1.136119 4.149088
0.094874 -0.997721 4.045633
-0.027608 -0.961798 4.800764
0.027615 -0.961798 4.800764
-0.226371 -1.079764 3.938386
-0.191052 -1.080908 3.938386
0.464932 -0.654130 4.005024
0.497814 -0.782609 3.978780
0.478167 -0.744340 3.794583
0.392909 -0.770737 3.816861
0.628729 -0.728694 3.386954
0.626020 -0.726329 3.350028
0.495730 -0.796215 4.049352
0.467616 -0.760815 3.959936
0.055857 -0.748483 4.473838
0.096330 -0.752030 4.479637
-0.145578 -0.534013 6.151533
-0.089850 -0.214837 5.895796
0.451546 0.042556 6.639127
0.409432 0.065159 6.459684
0.377614 -0.329630 7.639025
0.260065 -0.298006 7.697619
0.437173 -0.132403 6.374680
0.459679 -0.132403 6.322800
-0.071516 -0.521148 7.434886
-0.074981 -0.628646 7.206614
0.573576 0.064235 8.334212
0.407064 0.358558 8.001571
-0.214478 0.159641 6.730814
-0.151713 0.171190 6.354837
-0.434488 -0.362085 7.036600
-0.419262 -0.440725 6.687479
0.550411 0.114962 7.681742
0.465599 -0.114054 7.111063
0.424645 0.125767 7.974100
0.318833 -0.167231 7.922220
0.088058 0.447655 7.064018
0.088040 0.393753 6.989555
-0.088029 0.642059 7.515745
-0.123615 0.531204 7.507811
0.086502 0.228373 6.766393
0.086502 0.467364 7.246740
-0.953582 0.292906 9.359305
-1.028731 0.346122 9.406913
-1.029153 0.076749 9.834128
-1.054635 0.082700 9.810325
-0.995720 0.197769 9.879132
-0.994347 0.188690 9.826642
-1.119402 -0.008047 9.460546
-1.258333 0.013468 9.445898
0.761246 0.117812 8.563332
0.687623 0.123725 8.609108
1.059327 0.197606 8.609718
1.155457 0.016436 8.626198
0.000000 0.075726 8.610418
-0.102590 0.127520 8.620794
-0.230388 -0.039689 8.311959
-0.235490 -0.032679 8.405343
0.047196 0.022768 8.602484
0.035603 0.013870 8.544500
0.176770 0.029017 8.275201
0.160210 0.267380 8.275201
0.096930 -0.249402 8.333322
0.102824 -0.242993 8.426095
0.246918 0.124448 10.486278
1.262263 0.124448 11.057567
1.099108 -0.016439 9.581396
1.046465 0.334723 9.596655
1.028527 0.288692 9.830304
1.093148 0.312400 9.701520
1.078973 0.183436 9.630270
1.110635 0.194976 9.600363
0.993865 0.285640 9.516168
0.951370 0.269427 9.580255
-0.625964 -0.643475 3.357851
-0.587969 -0.666592 3.231203
-0.572414 -0.664251 3.513272
-0.524272 -0.693853 3.497403
-0.321499 -0.683808 3.970844
-0.354420 -0.812363 3.944599
-0.514774 -0.627707 3.852933
-0.427875 -0.621756 3.838590
-0.429850 -0.867092 4.279150
-0.454569 -0.866635 4.140905
-0.633195 -0.643629 3.347649
-0.515282 -0.543646 3.350396
-0.204620 -0.199587 6.015190
0.000000 0.106352 6.287407
-0.065333 0.313657 6.540703
0.000000 0.227268 6.530327
0.303537 0.266369 6.439995
0.445067 0.112846 6.317314
0.364292 0.333393 1.059192
0.364292 -0.333393 1.059192
-0.068437 -1.038997 3.486053
-0.147965 -1.027705 3.428986
0.219979 -0.206014 1.146332
0.219979 0.206016 1.146332
-2.002813 0.226872 11.427635
-2.002813 0.056136 11.427635
-0.755804 0.140682 8.296371
-0.638425 0.358768 7.914290
-0.862870 -0.211034 8.777565
-0.807786 -0.203371 8.601173
-1.258988 0.114460 9.224342
-1.187577 -0.024281 9.257301
0.061736 -0.643655 4.494895
0.055857 -0.748483 4.473838
0.809621 -0.035679 4.893078
0.810841 -0.065634 4.850049
0.875844 0.057147 4.818921
0.908192 0.028717 4.843335
0.973147 -0.169231 3.622429
0.937365 -0.232577 3.708489
0.937365 0.232584 3.708489
0.978716 0.169237 3.667595
0.948927 -0.021360 4.760873
0.938627 -0.021360 4.772165
0.675258 0.047626 3.877332
0.675258 -0.050088 3.877332
0.861182 -0.086198 4.502046
0.575080 0.000000 4.351899
0.676093 0.212357 4.012849
0.624976 0.041915 4.001252
1.053214 -0.114928 4.422700
0.990653 -0.135079 4.393708
1.118369 0.204993 4.067475
1.183371 0.133986 4.131562
0.561333 -0.099602 4.572715
0.647164 -0.102200 4.500083
0.765595 -0.089063 4.580319
0.823655 -0.096213 4.580014
0.960461 0.209699 4.238856
0.900570 0.518156 4.186976
0.658860 0.348850 3.834737
0.629181 0.492321 3.868916
0.666631 0.588007 3.231813
0.666859 0.607233 3.353578
0.712596 0.596533 3.450431
0.689708 0.569830 3.459586
0.796215 0.495730 4.049352
0.813000 0.466090 4.022192
0.648932 0.631020 3.381218
0.643629 0.633233 3.347649
0.558713 -0.531130 3.226930
0.646760 -0.442843 3.858058
0.662858 -0.365252 3.839443
0.606903 -0.461689 3.978168
0.636582 -0.318218 3.943988
0.666239 -0.535481 3.552146
0.626909 -0.486424 3.554588
0.696346 -0.656385 3.386954
0.694133 -0.653677 3.350028
0.580342 -0.513430 3.189088
0.666592 -0.587969 3.231508
0.674069 -0.580721 3.215333
1.038997 -0.068437 3.486053
1.027705 -0.147965 3.428985
0.928189 0.510336 4.385341
0.747143 0.500913 4.440272
0.114846 0.768040 4.866830
0.123291 0.690907 4.890023
-0.099155 0.837315 4.845162
-0.130206 0.835713 4.818612
-0.169237 0.978716 3.667594
-0.143537 0.694064 3.702384
-0.141736 0.949120 4.041790
0.141729 0.949120 4.041790
0.027608 0.927313 4.828838
0.070173 0.900381 4.796185
-0.047626 0.710390 3.799578
-0.047626 0.675677 3.834979
-0.122395 0.997366 4.484954
-0.114928 1.053061 4.423919
-0.255909 0.621390 4.273162
-0.212177 0.541281 4.389434
0.094874 0.997721 4.046243
0.047032 0.987574 4.067910
-0.197457 0.940451 3.893219
-0.186817 0.838675 3.918853
-0.047032 0.987574 4.067910
-0.000000 0.965525 4.053567
-0.249216 0.885856 4.474497
-0.249826 0.897529 4.393625
-0.089063 0.765595 4.581234
-0.096213 0.823655 4.580623
-0.311619 0.645432 3.979083
-0.318180 0.636582 3.943988
-0.427700 0.629181 4.044696
-0.455090 0.615754 4.013263
-0.628729 0.728694 3.386954
-0.596533 0.712673 3.450126
-0.499240 0.734265 4.065221
-0.465136 0.799343 4.300817
-0.076547 0.656892 4.526632
0.028717 0.908192 4.814645
-0.000000 0.908192 4.814645
0.464932 0.654129 4.005329
0.497852 0.782608 3.979084
0.461651 0.606903 3.977863
0.318218 0.636582 3.943683
0.524234 0.693930 3.497708
0.492343 0.569418 3.523343
0.340205 0.888989 4.118931
0.377169 0.807354 3.926976
0.466052 0.813000 4.022191
0.377169 0.807354 3.926976
0.253067 1.009624 3.508941
0.228339 1.106822 3.606597
-0.068437 1.038997 3.486053
-0.115467 1.056010 3.527557
-0.071101 0.754090 4.507711
-0.629872 0.120514 4.841195
-0.582799 0.114724 4.738351
-0.867070 -0.000000 4.844552
-0.867070 -0.000000 4.886056
-0.531377 -0.030872 4.716378
-0.582799 -0.114724 4.738351
-0.797676 -0.097725 3.744853
-0.797676 0.097719 3.744853
-0.976509 -0.122397 3.890795
-0.971856 -0.122397 3.852343
-0.714594 -0.086191 4.705502
-0.826898 -0.086192 4.675900
-0.736552 -0.047627 3.729448
-0.736552 0.050088 3.729448
-0.510611 0.042075 4.211212
-0.548148 -0.000000 4.211822
-1.077601 -0.094492 4.286110
-1.135966 -0.094905 4.149696
-0.846610 -0.270441 4.394317
-1.117453 -0.244624 4.067169
-0.846610 0.270441 4.394317
-1.048178 0.148448 4.426666
-0.556260 -0.078249 4.743612
-0.561333 -0.099606 4.573019
-0.727448 0.056460 4.578486
-0.765595 0.089063 4.580928
-0.726080 -0.311153 4.284152
-0.712881 -0.372150 4.296969
-0.654130 -0.464932 4.005633
-0.629181 -0.492321 3.869525
-0.640118 -0.609408 3.223573
-0.663121 -0.588427 3.188478
-0.634396 -0.439120 3.989537
-0.720303 -0.396777 4.313329
-0.675808 -0.197721 4.320031
-0.747220 -0.500913 4.440270
-0.677962 -0.541146 3.509697
-0.617766 -0.464318 3.512749
-0.629258 0.427776 4.044391
-0.667557 0.437580 4.036762
-0.540747 0.519059 3.387016
-0.543646 0.515282 3.350395
-0.747220 0.500951 4.440270
-0.675808 0.197759 4.320031
-0.734265 0.499278 4.065526
-0.719311 0.472956 3.972447
-0.712673 0.596609 3.450125
-0.699398 0.594587 3.379324
-0.834215 0.065713 3.887163
-0.675753 0.050088 3.835283
-0.626933 -0.068698 3.562347
-0.977275 -0.000000 3.453094
-0.537148 -0.027494 4.743612
-0.585137 -0.038366 4.738729
1.073380 0.955099 0.909852
0.954687 0.954687 0.909852
-1.360058 -1.360058 0.162656
-1.360058 1.360058 0.162656
-0.170646 -1.062720 1.006198
-0.170646 -1.123450 1.057086
1.051646 -0.914651 0.371029
0.915614 -0.914651 0.371029
-0.915669 -1.050586 0.593537
-1.051701 -1.050586 0.593537
-0.750840 1.073493 0.508733
-0.750840 1.103553 0.508733
1.051646 1.050683 0.325558
1.051646 0.914651 0.325558
-1.051646 1.050683 0.325596
-1.051646 0.914651 0.325596
0.436381 -1.105255 0.638682
0.491160 -1.105255 0.638682
0.088571 -1.105331 0.675170
0.088571 -1.105331 0.693480
-0.393519 -1.105255 0.638619
-0.302195 -1.105255 0.638619
1.105714 0.534099 0.602130
1.105714 0.625423 0.602130
1.105638 -0.509463 0.693398
1.105638 -0.509463 0.675164
1.105714 0.186243 0.601984
1.105714 0.277586 0.601984
-0.302195 1.105255 0.602085
-0.320468 1.105255 0.638630
0.125053 1.105331 0.638730
0.143335 1.105331 0.638730
0.491160 1.105179 0.638677
0.509432 1.105179 0.656873
-1.105714 0.375291 0.693316
-1.105638 -0.125057 0.656777
-1.105638 -0.143339 0.656777
-1.105714 0.320474 0.693316
-0.035679 -0.809657 4.893481
-0.089618 -0.787760 4.876696
-0.114724 -0.734889 4.651171
-0.000000 -0.736109 4.584948
-0.000000 -0.839106 4.893786
0.028717 -0.908305 4.843127
-0.169231 -0.973366 3.622695
-0.072988 -1.011742 3.525649
0.094601 -1.004110 3.887346
0.094601 -1.000830 3.860796
0.143537 -0.694283 3.702346
0.169237 -0.978859 3.667556
0.054298 -0.933439 4.730662
0.054298 -0.917799 4.746836
0.025889 -0.956936 4.794266
0.065792 -0.931530 4.763138
0.047626 -0.675730 3.835631
-0.050088 -0.675730 3.835631
-0.042075 -0.510980 4.210782
-0.041915 -0.625345 4.002042
-0.212536 -0.526010 4.212613
-0.042075 -0.510980 4.210782
-0.142714 -1.095106 4.266095
-0.142714 -1.148665 4.127850
-0.114928 -1.053506 4.423490
-0.135079 -0.991022 4.394498
0.270441 -0.847055 4.393888
0.212301 -0.865365 4.475980
0.047032 -0.987608 4.067730
0.023020 -0.983641 4.054303
-0.096456 -0.617967 4.555457
-0.092488 -0.587564 4.589942
0.251683 -0.842173 4.460129
0.049457 -0.805247 4.602646
0.000000 -0.778928 4.708020
-0.080823 -0.762067 4.706799
-0.000000 -0.759622 3.974881
-0.078836 -0.861551 3.946500
0.321033 -0.697928 4.121189
0.366618 -0.691061 3.934726
0.492321 -0.629181 3.868916
0.464932 -0.654130 4.005024
0.365290 -0.662858 3.838834
0.480608 -0.623719 3.545560
0.550657 -0.642705 3.371473
0.558630 -0.634618 3.297010
0.545182 -0.618998 3.253616
0.504708 -0.580775 3.252090
0.652265 -0.686650 3.405310
0.633916 -0.671009 3.390662
0.627467 -0.724532 3.387064
0.651957 -0.695846 3.387064
0.467572 -0.760758 3.959260
0.495686 -0.796235 4.048676
0.096456 -0.617967 4.555457
0.096799 -0.658708 4.530127
0.569959 -0.659902 3.473844
0.541197 -0.677907 3.509855
0.074981 -0.628644 7.206496
0.077707 -0.594045 7.300490
-0.409425 -0.422642 6.444726
-0.366967 -0.419571 6.451440
-0.216700 0.296446 6.947816
-0.233408 0.335490 6.954530
-0.424989 0.045421 6.549706
-0.428670 -0.429966 6.540551
-0.087502 -0.426932 7.596166
0.087502 -0.426932 7.596166
0.089850 -0.360069 5.895654
0.089850 -0.214881 5.895654
0.213223 -0.284682 7.707250
0.153807 -0.214396 7.770727
0.262632 -0.385966 7.709387
0.349473 -0.409312 7.665442
0.382911 -0.505107 7.356189
0.511047 -0.399554 7.267688
0.160442 0.084733 6.430242
0.218921 -0.384341 6.375921
-0.298195 0.260129 6.378563
-0.472714 0.120187 6.385887
0.449405 0.120187 6.437157
0.274886 0.260129 6.430443
-0.233220 -0.274144 6.342029
0.233220 -0.274144 6.342029
0.158246 -0.491341 6.428284
0.174401 -0.543831 6.507629
-0.134393 -0.626009 6.477279
-0.134393 -0.527933 6.325301
0.262686 0.392205 7.102845
0.245959 0.360877 7.099793
0.407036 0.358530 8.001619
0.476998 0.313421 7.623201
-0.947851 0.107085 8.438338
-0.594381 0.028893 8.334579
-0.573553 0.064236 8.333358
-0.704778 0.237715 8.069686
0.589346 -0.116386 7.837754
0.786108 -0.180650 8.142929
-0.467463 0.378932 7.803298
-0.050285 0.544966 7.636061
-0.334759 -0.345174 6.502638
-0.175945 -0.344230 6.350050
-0.466073 -0.383559 7.139235
-0.352344 -0.495197 7.180739
-0.050285 0.544966 7.636061
0.050285 0.544966 7.636061
0.419107 -0.419828 7.325392
0.492708 -0.312778 7.470656
0.423093 0.007619 6.691237
0.287488 0.288895 7.014113
0.250791 -0.532962 6.740065
0.315500 -0.521470 6.742507
0.293275 -0.446969 7.027541
0.250791 -0.532962 6.740065
-0.088029 0.642173 7.515745
-0.088029 0.643814 7.599363
0.251481 0.466141 7.433915
0.238263 0.445237 7.378983
-0.245640 0.381458 7.897619
-0.250161 0.363415 7.892736
-0.088008 0.478077 7.163393
0.088050 0.478077 7.163393
-0.123526 0.208589 6.902377
-0.087969 0.303327 6.848666
-1.264890 0.157456 9.455564
-1.210645 0.154843 9.591672
-1.255201 0.034461 9.445798
-1.281064 0.045037 9.450681
-1.177449 0.282295 9.595160
-1.173558 0.341423 9.599432
-1.063304 0.230031 9.839398
-1.028514 0.288701 9.830853
-1.166157 0.106962 9.700270
-1.116795 0.096633 9.695387
-1.116795 0.096633 9.695387
-1.099858 0.175607 9.699659
-1.066570 -0.000682 9.797623
-1.064663 0.020839 9.778702
-1.025888 0.197347 9.379285
-0.943948 0.248045 9.450086
-0.962798 0.282280 9.547213
-0.952498 0.317509 9.524019
-0.687515 0.123730 8.607759
-0.751373 0.161386 8.834810
-0.761138 0.117813 8.561983
-0.856659 0.245219 8.792696
-0.942031 -0.012402 9.213228
-0.806457 -0.064406 8.905611
0.951460 0.209044 9.114380
0.955885 -0.020954 9.151611
1.059067 0.197616 8.607151
1.058533 0.238915 8.728611
1.045257 0.284620 9.152195
0.856506 0.245219 8.791477
-0.147127 0.091157 8.607102
-0.212437 0.055547 8.315354
-0.123331 -0.195480 8.328172
-0.176410 0.043072 8.577195
-0.147127 0.091157 8.607102
-0.102590 0.127539 8.619309
-0.141852 -0.099432 8.419744
-0.071728 -0.226042 8.439885
0.047709 -0.045038 8.538133
0.141748 -0.098644 8.434983
0.146710 0.024079 8.541645
0.100800 0.010148 8.561176
-0.044623 -0.073852 8.155909
-0.048386 -0.125889 7.844019
-0.044623 -0.073852 8.155909
-0.048386 -0.125889 7.844019
0.171756 0.000891 8.413305
0.170974 -0.007439 8.301611
0.246918 0.158570 10.486278
-0.246918 0.158570 10.486278
-0.044606 -0.135408 8.531419
-0.047641 -0.220895 8.412400
-0.425898 -0.457509 6.934999
-0.377642 -0.467628 6.932557
1.119474 -0.008044 9.459834
1.258253 0.013461 9.445186
0.982450 0.257897 9.322505
1.023420 -0.015731 9.309688
1.124411 0.212189 9.610490
1.169805 0.240761 9.620866
1.091833 0.220200 9.702653
1.080389 0.207993 9.680680
1.026760 0.142977 9.893775
1.096951 0.162165 9.844947
1.070487 0.005972 9.652174
1.096351 -0.030552 9.654005
1.120231 0.042314 9.688185
1.070487 0.005972 9.652174
0.977349 0.252840 9.365279
0.933023 0.295889 9.387251
0.150374 0.038229 12.283662
0.150374 0.038229 10.002168
-1.838115 0.244770 11.377534
-1.006664 0.244770 10.809907
-0.503613 -0.922863 4.366626
-0.465466 -0.936978 4.376392
-0.292615 -0.631717 4.142601
-0.303868 -0.710376 4.156945
-0.321461 -0.683808 3.970540
-0.348850 -0.658936 3.834737
-0.478129 -0.744340 3.794583
-0.392870 -0.770737 3.817166
-0.549819 -0.637222 3.233362
-0.562332 -0.620972 3.236719
-0.571160 -0.591990 3.242630
-0.569939 -0.590846 3.304581
-0.600080 -0.710530 3.390662
-0.618429 -0.726246 3.405310
-0.633916 -0.670933 3.390662
-0.620107 -0.658192 3.395240
-0.467572 -0.760758 3.959870
-0.495686 -0.796235 4.049286
-0.480009 -0.588987 3.359708
-0.479933 -0.591008 3.395108
0.078836 -0.861551 3.946500
-0.078836 -0.861551 3.946500
0.799967 -0.043525 4.865099
0.784861 -0.080485 4.853808
0.629145 0.114724 4.675890
0.582835 0.114724 4.737536
0.629908 0.120514 4.840991
0.691019 0.123291 4.889513
0.937584 -0.232577 3.708449
0.775307 -0.232578 3.728591
0.802618 -0.078155 3.829057
0.836569 -0.112314 3.824785
0.838135 0.098553 3.836656
0.824936 0.098553 3.739915
0.911617 -0.065786 4.779922
0.931530 -0.065786 4.763138
0.907100 -0.056092 4.774043
0.818522 -0.056092 4.847285
0.698939 0.047626 3.762103
0.698939 -0.050088 3.762103
0.541803 -0.212177 4.348724
0.526010 -0.212536 4.211395
0.697061 0.000000 4.019744
0.625345 0.041915 4.000823
0.972884 0.000000 4.309125
1.045668 -0.000000 4.321332
0.756418 0.213075 4.033782
0.823251 0.248935 3.996856
0.756418 0.213075 4.033782
0.823251 0.248935 3.996856
1.122343 0.047058 4.164472
1.063063 0.046650 4.305158
0.560289 -0.045897 4.631139
0.578599 -0.052506 4.586889
0.923668 -0.020873 4.813325
0.923668 0.020880 4.813325
0.765576 0.089063 4.581371
0.823636 0.096213 4.580455
0.929959 0.467640 4.327869
0.936978 0.465504 4.376392
0.699498 0.520237 3.519802
0.774495 0.467060 3.806973
0.627629 0.514782 3.852444
0.609624 0.486172 3.852139
0.643494 0.625986 3.357899
0.636131 0.619654 3.306935
0.602219 0.575480 3.309376
0.631935 0.550570 3.310292
0.601641 0.559754 3.305190
0.563380 0.519280 3.303664
0.667195 0.635480 3.449866
0.644383 0.608777 3.459327
0.594561 0.509922 3.518577
0.633929 0.559513 3.515525
0.778987 0.389730 3.826018
0.813853 0.393431 3.840667
0.537172 0.027486 4.743445
0.529428 0.054785 4.627173
0.659902 0.569959 3.474454
0.651166 0.574842 3.430814
0.741818 -0.494228 4.421252
0.677197 -0.506512 4.253405
0.688098 -0.313023 4.079429
0.627979 -0.296506 4.123069
0.812363 -0.354420 3.944295
0.782608 -0.497891 3.978780
0.688691 -0.335308 4.011738
0.683808 -0.321499 3.970540
0.620972 -0.562332 3.236719
0.610214 -0.570495 3.225732
0.600750 -0.569187 3.363289
0.622265 -0.549122 3.355965
0.698781 -0.585355 3.395240
0.710530 -0.600080 3.390662
0.678179 -0.634964 3.388610
0.710375 -0.607422 3.388610
0.700028 -0.468067 3.976959
0.704148 -0.494770 4.073395
0.572087 -0.500456 3.520841
0.548207 -0.517126 3.480863
0.997755 0.094874 4.046369
1.136153 0.094905 4.149824
0.061746 0.522410 4.727769
0.000000 0.505549 4.708848
0.000000 0.583598 4.870286
-0.130206 0.835749 4.816881
-0.057147 0.875880 4.819322
0.000000 0.505549 4.708848
0.113132 0.965661 3.451185
0.072988 1.011742 3.525343
-0.112319 0.839850 3.851640
-0.237863 0.771721 3.698683
-0.237864 0.933922 3.678541
0.027608 0.927399 4.828663
0.070173 0.900391 4.796010
-0.054298 0.933439 4.730660
-0.054298 0.917799 4.746835
0.068795 0.815955 3.877892
0.050088 0.675269 3.877282
-0.000000 0.697061 4.020658
0.041915 0.625345 4.001431
0.062429 0.931283 4.534574
0.092907 0.953027 4.486051
0.142714 1.000731 4.017985
0.142714 1.148665 4.128153
-0.212357 0.676385 4.013028
-0.212536 0.526010 4.212308
-0.127305 0.875207 4.479642
-0.092907 0.953027 4.486051
-0.046650 1.063063 4.305460
-0.130530 1.047346 4.348795
0.101791 0.597749 4.531651
0.102211 0.647073 4.500828
-0.122397 0.976416 3.890703
-0.070075 0.874598 4.454024
-0.047435 0.825617 4.605391
-0.056466 0.690350 4.702220
-0.011738 0.700955 4.703135
-0.501514 0.910122 4.388903
-0.493961 0.764401 4.433458
-0.408428 0.679999 4.138888
-0.428722 0.677710 3.947543
-0.506701 0.605332 3.555324
-0.523371 0.670487 3.541896
-0.596842 0.675613 3.333180
-0.543550 0.634758 3.335927
-0.588004 0.666519 3.231225
-0.601241 0.650726 3.234582
-0.536252 0.623532 3.215715
-0.542470 0.617162 3.232805
-0.626076 0.726397 3.349548
-0.628746 0.728686 3.386779
-0.494228 0.741818 4.421556
-0.218655 0.735485 4.524401
-0.467572 0.760758 3.959259
-0.466046 0.813096 4.021515
-0.061732 0.643678 4.494420
-0.055848 0.748582 4.473973
-0.601164 0.685956 3.389920
-0.574842 0.651166 3.430508
0.240993 0.779078 4.471114
0.037889 0.766795 4.635909
-0.511648 0.789363 3.868438
-0.393431 0.813853 3.840361
0.311657 0.645432 3.978169
0.455128 0.615754 4.012654
0.455128 0.615754 4.012654
0.427738 0.629258 4.044087
0.571092 0.604850 3.239997
0.548738 0.633575 3.254340
0.491291 0.583546 3.333076
0.497319 0.573360 3.353828
0.501057 0.580723 3.308357
0.528675 0.553219 3.310799
0.578372 0.686843 3.477091
0.627505 0.724532 3.387064
0.436406 0.681565 4.053557
0.450138 0.683244 3.978179
0.464331 0.617711 3.513516
0.482984 0.591848 3.478116
0.511686 0.789363 3.868438
0.501272 0.804927 3.925811
-0.835597 0.130206 4.817185
-0.767924 0.114846 4.866014
-0.799739 -0.043525 4.865098
-0.816294 -0.066247 4.861131
-0.833995 -0.050477 4.842515
-0.818888 -0.087437 4.831223
-1.095513 0.068740 3.573866
-1.095513 -0.068748 3.573866
-0.824936 0.098547 3.739915
-0.838135 0.098547 3.836655
-0.937585 -0.232584 3.707838
-0.933999 -0.237864 3.678236
-0.853470 0.070173 4.709033
-0.915115 0.070173 4.784412
-0.873470 -0.065792 4.692641
-0.853481 -0.065793 4.709120
-0.646277 0.050088 3.917870
-0.646277 -0.047626 3.917870
-0.625268 0.041915 4.001736
-0.625268 -0.041915 4.001736
-1.118585 0.204993 4.067959
-1.183664 0.133986 4.131741
-0.983641 0.023020 4.054301
-1.123717 0.023034 4.151957
-0.875131 -0.127305 4.479947
-0.861475 -0.086198 4.502835
-1.048929 -0.204993 4.028286
-0.861475 -0.078836 3.946194
-1.077559 -0.094492 4.285929
-1.136153 -0.094905 4.149516
-0.578447 0.052501 4.587193
-0.560136 0.045892 4.631444
-0.842173 -0.251693 4.460433
-0.786250 -0.051612 4.526350
-0.738034 0.011746 4.579234
-0.700955 0.011738 4.703135
-0.548440 0.026868 4.211087
-0.575372 0.026288 4.352078
-0.643072 -0.309970 4.126987
-0.638418 -0.353076 3.956088
-0.636384 -0.450549 3.816555
-0.646760 -0.442881 3.857448
-0.643494 -0.625986 3.358204
-0.636131 -0.619654 3.307240
-0.613357 -0.566744 3.303168
-0.632125 -0.550989 3.283026
-0.602742 -0.556547 3.237383
-0.592366 -0.566656 3.227617
-0.726397 -0.626076 3.349547
-0.694201 -0.653656 3.349547
-0.633929 -0.559513 3.515525
-0.661318 -0.537274 3.511558
-0.720399 -0.396733 4.312652
-0.742600 -0.282330 4.291290
-0.560327 -0.045897 4.630529
-0.575624 -0.012985 4.738256
-0.589063 -0.480009 3.360013
-0.543668 -0.515333 3.350552
-0.728800 0.259122 4.431441
-0.702097 0.270432 4.360640
-1.007092 0.229336 4.440476
-0.960400 0.209728 4.238755
-0.582539 0.545986 3.554591
-0.669896 0.568340 3.536585
-0.654130 0.464970 4.005633
-0.782609 0.497852 3.979388
-0.601761 0.575861 3.301947
-0.635673 0.620035 3.299506
-0.552622 0.529465 3.303054
-0.563418 0.519242 3.303359
-0.602742 0.556547 3.237688
-0.569059 0.520955 3.236467
-0.695846 0.651995 3.387064
-0.675628 0.628268 3.368448
-0.889314 0.315480 4.256195
-0.888932 0.340199 4.117950
-0.778987 0.389768 3.825712
-0.813853 0.393469 3.840666
-0.634153 0.576788 3.516567
-0.677831 0.541235 3.509853
0.179600 -0.280274 1.546288
0.279820 -0.498747 5.762596
-0.247510 0.389577 6.158714
-0.087141 0.240098 1.545067
0.453035 0.266167 6.145287
0.023035 -0.280274 1.547508
0.092025 -0.389923 5.688744
0.266822 0.240098 1.544457
0.000000 0.106374 6.287498
0.363360 0.109597 6.274071
0.206016 -0.219979 1.146332
-0.206014 -0.219979 1.146332
0.115467 -1.055982 3.527914
0.068698 -0.626829 3.562704
0.219979 -0.206014 1.146332
0.190339 -0.206014 1.059204
1.009596 0.253067 3.509298
1.027677 0.147965 3.429342
1.081159 -0.135469 3.508383
1.106794 -0.228339 3.606955
0.171067 0.438535 0.954977
0.253221 0.619428 3.566671
0.200073 1.113584 3.627707
0.261313 0.626829 3.713461
-0.626829 0.068698 3.562704
-1.038969 0.068437 3.486105
-1.028593 -0.068534 3.409811
-1.055982 -0.115468 3.527914
-1.360058 1.360058 0.162656
1.103391 0.750840 0.508737
1.103391 -0.750840 0.508738
-1.360058 -1.360058 0.162656
-1.360058 -1.360058 -1.000000
-1.360058 -1.360058 0.162656
0.162951 -1.055760 0.994221
0.162951 -1.035653 1.010998
1.008857 -0.198395 0.954128
1.008857 -0.198395 0.996947
-1.150342 0.206089 1.071137
-1.150342 -0.198394 1.071138
1.051662 -1.050624 0.911371
1.051662 -1.050624 0.865943
-1.073380 0.750840 0.508737
-1.103391 0.750840 0.508737
-0.750840 1.073380 0.786591
0.750840 1.073380 0.786591
-0.723041 -1.103391 0.769441
-0.708320 -1.095504 0.754685
-0.915657 1.009066 0.909922
-1.019408 1.009066 0.909922
-0.955099 1.073380 0.909921
-0.955099 1.073380 0.425774
-0.029639 -0.838862 4.880599
-0.035679 -0.809624 4.893430
-0.039346 -0.820101 4.855823
-0.029639 -0.838862 4.880599
0.072691 -0.856050 4.843102
0.045005 -0.858138 4.859807
0.030872 -0.531373 4.715156
0.030878 -0.588823 4.623157
0.105195 -0.808046 4.857107
0.091616 -0.798783 4.839571
-0.495638 -0.761318 4.411324
-0.507479 -0.696192 4.247777
-0.265698 -0.972698 4.390967
-0.263266 -0.986091 4.378474
-0.143532 -0.694169 3.702266
0.143537 -0.694168 3.702267
-0.098547 -0.910466 3.729544
-0.098547 -0.963692 3.877561
0.169237 -0.725266 3.698447
0.143537 -0.694168 3.702267
0.112319 -0.839891 3.851517
0.112319 -0.836625 3.824930
-0.054292 -0.917730 4.747066
-0.054292 -0.933399 4.730768
-0.009940 -0.942143 4.816936
-0.009940 -0.956872 4.794220
-0.397404 -0.625120 4.144067
-0.415220 -0.625166 3.968966
-0.398419 -0.762441 3.801764
-0.420804 -0.751463 3.782195
-0.480589 -0.623705 3.545836
-0.506670 -0.605328 3.555359
-0.068795 -0.838872 3.823553
-0.068795 -0.854837 3.758865
0.248935 -0.823060 3.997921
0.186817 -0.838954 3.918005
-0.250168 -0.927292 3.951974
-0.197457 -0.940703 3.892181
-0.251698 -0.842240 4.460151
-0.249223 -0.885939 4.474387
-0.081099 -1.032498 4.371372
0.000000 -1.045605 4.321445
-0.142714 -0.997665 4.046322
-0.094874 -0.997665 4.046322
0.197457 -0.940703 3.892181
0.226371 -1.080141 3.938436
0.270441 -0.846868 4.393461
0.212301 -0.865212 4.475356
0.056123 -1.071029 4.300872
0.056026 -1.134749 4.143824
-0.550584 -0.631899 3.310333
-0.543519 -0.634730 3.335959
-0.590238 -0.657826 3.268177
-0.584054 -0.662370 3.227409
-0.562350 -0.587761 3.269515
-0.502148 -0.591320 3.214586
-0.513412 -0.580384 3.188982
-0.656301 -0.696467 3.386964
-0.653630 -0.694176 3.349904
-0.585375 -0.698855 3.395214
-0.600100 -0.710565 3.390635
-0.134632 -1.005777 3.406411
-0.068533 -1.028548 3.409788
0.119467 -0.726056 0.955083
0.134632 -1.005777 3.406411
-0.055856 -0.748508 4.473626
-0.050870 -0.752327 4.504394
-0.559102 -0.591730 3.225118
0.051628 -0.786332 4.526349
0.241007 -0.779092 4.470803
-0.011746 -0.738013 4.579040
0.011751 -0.738013 4.579040
0.127696 -0.733191 4.398591
0.089069 -0.765563 4.580778
-0.351751 -0.875950 4.041551
-0.351658 -0.835227 4.000251
0.060173 -0.859062 4.596045
0.041721 -0.822446 4.561141
-0.479959 -0.589051 3.359735
-0.601184 -0.683926 3.354362
0.092907 -0.952850 4.485956
0.062429 -0.931075 4.534591
0.461824 -0.675476 4.261909
0.465477 -0.937048 4.376907
0.464128 -0.922157 4.402076
0.506492 -0.677281 4.253418
0.467023 -0.774584 3.807292
0.525267 -0.762531 3.821230
0.525267 -0.762531 3.821230
0.550333 -0.693360 3.527523
0.575463 -0.602193 3.309307
0.558651 -0.623100 3.304986
0.559646 -0.634340 3.269761
0.557647 -0.634894 3.324064
0.573771 -0.614003 3.378464
0.550683 -0.642649 3.371180
0.506367 -0.584731 3.322647
0.494113 -0.593027 3.368574
0.622378 -0.667442 3.358994
0.643480 -0.685491 3.345068
0.585375 -0.698855 3.395214
0.553267 -0.675576 3.432410
0.341860 -0.896124 4.117646
0.315455 -0.889293 4.257360
0.467581 -0.760760 3.959605
0.495696 -0.796174 4.049060
-0.018080 -0.777388 4.710162
-0.018079 -0.898063 4.733485
0.517111 -0.548280 3.480922
0.519107 -0.540708 3.387338
0.515330 -0.543653 3.350452
0.607831 -0.623036 3.348119
0.629062 -0.114724 4.675522
0.785253 -0.060565 4.863616
0.788488 -0.060310 4.891862
0.594495 -0.114724 4.735260
0.908189 0.028717 4.843478
0.856050 0.072691 4.843102
0.640632 0.114724 4.831810
0.837284 0.099155 4.844276
0.856050 0.072691 4.843102
0.691557 0.114724 4.870356
1.007146 -0.229320 4.440645
0.997556 -0.267550 4.431449
0.917051 -0.450704 4.392690
0.922157 -0.464128 4.402076
1.097898 0.068748 3.594532
1.095399 0.068748 3.574191
0.808271 -0.068348 3.840545
0.821435 -0.123818 3.958918
0.915865 -0.112313 3.732436
0.943453 -0.084517 3.729048
0.805987 0.078160 3.855681
0.839891 0.112319 3.851517
0.942144 -0.027608 4.816936
0.915151 -0.070173 4.784026
0.942143 0.009946 4.816936
0.942143 -0.009940 4.816936
0.625166 -0.415220 3.968966
0.625120 -0.397404 4.144067
0.662775 -0.365256 3.839216
0.661203 -0.372502 3.822519
0.688772 -0.335296 4.012212
0.667610 -0.437558 4.036684
0.775051 -0.068795 3.750289
0.854837 -0.068795 3.758865
0.575262 0.026288 4.351958
0.548372 0.026868 4.210841
0.935234 -0.172906 3.889598
0.786332 -0.051628 4.526349
0.805356 -0.049471 4.602892
1.095075 -0.142714 4.266086
1.148547 -0.142714 4.127509
1.147842 -0.109324 4.125930
1.136026 -0.094905 4.149811
1.062329 0.240311 3.998611
1.064219 0.204993 3.999091
0.546929 0.203761 4.348989
0.590950 0.204578 4.355408
1.047285 0.130530 4.348675
1.046992 0.130530 4.361521
0.633561 -0.548727 3.254313
0.626015 -0.554311 3.242919
0.635236 -0.613981 3.325898
0.623407 -0.550610 3.356076
0.666853 -0.607205 3.353147
0.643334 -0.611978 3.376487
0.623562 -0.536278 3.215831
0.612626 -0.547542 3.190226
0.658230 -0.620130 3.395221
0.670964 -0.633980 3.390642
0.667442 -0.622378 3.358994
0.699643 -0.594830 3.358987
1.028548 -0.068533 3.409788
1.038975 0.068437 3.485987
1.055950 0.115467 3.527830
0.597875 -0.101797 4.531525
0.647144 -0.102208 4.500707
0.726056 0.000000 0.954865
0.702075 0.270426 4.360658
0.752208 0.303403 4.298733
0.733192 -0.127691 4.398591
0.840860 -0.086414 4.398591
0.895933 0.034449 4.398591
0.941336 0.049747 4.398591
0.675162 -0.315555 4.037995
0.653545 -0.341035 3.970694
0.738013 0.011751 4.579040
0.738013 -0.011746 4.579040
0.685963 -0.601155 3.389687
0.591088 -0.479931 3.395058
0.861394 -0.078836 3.946487
0.952850 -0.092907 4.485956
0.952850 0.092907 4.485956
0.764461 0.493949 4.433386
0.910126 0.501501 4.388852
0.981867 0.267822 4.428102
0.699599 0.520182 3.520308
0.774584 0.467023 3.807292
0.770705 0.392886 3.817088
0.662775 0.365256 3.839216
0.631899 0.550584 3.310333
0.667304 0.596704 3.307946
0.661797 0.592691 3.322250
0.671981 0.588890 3.369203
0.643334 0.611978 3.376487
0.558719 0.531107 3.226740
0.569081 0.520962 3.236512
0.728668 0.628751 3.386958
0.726378 0.626081 3.349898
0.658230 0.620130 3.395221
0.698855 0.585375 3.395214
0.591730 0.559102 3.225118
0.566381 0.532268 3.224140
0.678082 0.469060 4.076906
0.694459 0.471186 4.150909
0.967641 0.268405 4.450524
0.742539 0.282354 4.291965
0.720307 0.396732 4.313613
0.738991 0.455822 4.436985
0.688808 0.460564 4.298658
0.606693 0.596019 3.386249
0.540708 0.519107 3.387338
0.114723 0.640632 4.831810
0.114723 0.691557 4.870356
0.091615 0.798783 4.839571
0.087436 0.819009 4.830695
0.081878 0.871966 4.810737
-0.000000 0.736011 4.585103
-0.061746 0.522345 4.727771
-0.060565 0.785253 4.863616
-0.060310 0.788488 4.891862
-0.000000 0.505485 4.708887
0.501501 0.910126 4.388852
0.493948 0.764461 4.433386
0.263265 0.986091 4.378474
0.265697 0.972698 4.390967
0.169230 0.973289 3.622223
0.072987 1.011725 3.525192
-0.068355 0.808270 3.840546
-0.123825 0.821434 3.958919
0.091687 0.777105 3.677613
-0.091693 0.777104 3.677614
-0.122398 0.973282 3.864250
-0.094602 1.000871 3.860861
-0.027616 0.942143 4.816936
0.027607 0.942144 4.816936
-0.070180 0.900380 4.796140
-0.027616 0.927373 4.829051
0.309971 0.643100 4.126559
0.311153 0.726117 4.284122
0.372502 0.661203 3.822519
0.365256 0.662775 3.839216
0.464959 0.654151 4.005252
0.321493 0.683840 3.970920
-0.066333 0.717625 3.888623
-0.047626 0.675277 3.877429
0.026288 0.575262 4.351958
0.026868 0.548372 4.210841
0.186817 0.838954 3.918005
0.251697 0.842240 4.460151
0.250078 0.816586 4.440017
0.109408 1.086963 4.279840
0.109323 1.147842 4.125930
0.094873 0.997665 4.046322
0.109282 0.999903 4.017260
-0.204994 1.118494 4.067672
-0.133987 1.183544 4.131583
-0.035736 0.577345 4.351035
-0.049609 0.532046 4.345165
-0.082715 0.996301 4.043872
-0.082682 1.139538 4.146839
0.571076 0.604829 3.240060
0.575861 0.601723 3.301781
0.613981 0.635236 3.325898
0.611978 0.643334 3.376487
0.602830 0.657017 3.302700
0.558650 0.623100 3.304986
0.566711 0.592354 3.228038
0.547541 0.612627 3.190226
0.592154 0.630121 3.432418
0.620130 0.658230 3.395221
0.594528 0.699389 3.379268
0.622078 0.667188 3.379273
0.228339 1.106794 3.606642
0.289544 0.624416 3.681496
-0.000000 0.726056 0.954865
-0.062759 0.726056 0.955051
0.092481 0.587507 4.589688
0.096453 0.617918 4.555404
-0.241007 0.779092 4.470803
-0.051628 0.786332 4.526349
0.034442 0.895934 4.398591
0.049740 0.941336 4.398591
-0.089070 0.765563 4.580778
-0.089069 0.728445 4.704475
0.420766 0.671627 4.130167
0.396732 0.720307 4.313613
0.377136 0.807305 3.926766
0.341034 0.653545 3.970694
0.569899 0.659931 3.473833
0.551247 0.685179 3.498852
0.078836 0.861394 3.946487
-0.122396 0.997592 4.484197
0.122395 0.997592 4.484197
-0.495638 0.761318 4.411324
-0.494207 0.741899 4.421463
-0.267550 0.997556 4.431449
-0.550333 0.693359 3.527523
-0.520182 0.699599 3.520308
-0.442863 0.646715 3.857787
-0.470493 0.754645 3.835660
-0.596792 0.675625 3.333202
-0.543519 0.634729 3.335959
-0.590238 0.657826 3.268177
-0.592691 0.661797 3.322250
-0.534337 0.561297 3.268495
-0.502148 0.591320 3.214586
-0.507546 0.584141 3.231467
-0.592155 0.630120 3.432418
-0.608750 0.644322 3.459273
-0.585375 0.698854 3.395214
-0.620130 0.658229 3.395221
-0.578613 0.630267 3.443839
-0.577688 0.629254 3.455956
-0.532269 0.566381 3.224140
-0.494730 0.704118 4.073340
-0.496856 0.720495 4.147342
-0.269119 0.974678 4.468482
-0.315555 0.675162 4.037995
-0.282354 0.742539 4.291965
0.218653 0.735497 4.524326
0.201653 0.686962 4.358253
-0.541188 0.677915 3.509738
-0.576719 0.634213 3.516071
-0.833632 0.070396 4.831779
-0.834084 0.050476 4.842189
-0.816353 0.066246 4.861083
-0.784800 0.080484 4.853207
-0.629827 -0.120514 4.840476
-0.582754 -0.114724 4.737107
-0.538747 -0.061746 4.725498
-0.787722 -0.089618 4.876863
-0.784800 -0.080485 4.853207
-0.531373 -0.030872 4.715156
-0.910126 0.501501 4.388852
-0.922157 0.464128 4.402076
-0.986091 0.263265 4.378474
-0.930012 0.467594 4.328447
-1.028430 0.135689 3.661215
-1.097898 0.068739 3.594532
-0.811009 0.136709 3.673449
-0.907704 0.136709 3.661574
-0.785264 -0.078161 3.748475
-0.785265 0.078154 3.748475
-1.004136 -0.094602 3.887449
-0.976548 -0.122398 3.890837
-0.956872 0.025881 4.794220
-0.931566 0.065785 4.763368
-0.917730 -0.054299 4.747066
-0.938615 -0.021367 4.772529
-0.638509 0.353065 3.955974
-0.643100 0.309971 4.126559
-0.744295 0.478145 3.794729
-0.636364 0.450515 3.816856
-0.629252 0.427738 4.044548
-0.615793 0.455138 4.013116
-0.675278 0.050087 3.877429
-0.646331 0.050087 3.917887
-0.990846 -0.135080 4.394025
-1.053338 -0.114929 4.423105
-1.182982 0.189117 4.129252
-1.183544 0.133986 4.131583
-0.861394 0.078836 3.946487
-1.062290 0.130529 4.327733
-1.054015 0.130529 4.345212
-1.107716 -0.000001 4.151719
-1.120919 0.012316 4.151110
-1.113547 0.135015 4.110262
-0.590313 -0.213082 4.356795
-0.591773 -0.213075 4.234625
-0.569959 -0.203408 4.392236
-0.546929 -0.203762 4.348989
-1.139538 -0.082682 4.146839
-0.996301 -0.082715 4.043872
-0.602193 0.575463 3.309307
-0.600062 0.569383 3.360900
-0.608333 0.578937 3.327712
-0.614003 0.573771 3.378464
-0.636109 0.619643 3.307020
-0.657017 0.602830 3.302700
-0.580385 0.513412 3.188982
-0.612627 0.547541 3.190226
-0.710566 0.600100 3.390635
-0.726258 0.618440 3.405058
-0.678200 0.634947 3.388587
-0.710401 0.607398 3.388581
-0.726055 0.171330 0.954690
-0.726056 0.119467 0.955083
-0.977232 -0.000000 3.453377
-0.726056 -0.000000 0.954865
-0.594380 0.061326 4.525399
-0.643650 0.061736 4.494582
-0.779092 0.241006 4.470803
-0.786332 0.051627 4.526349
-0.859062 0.060166 4.596045
-0.822446 0.041714 4.561141
-0.778910 -0.000004 4.707660
-0.822446 0.041714 4.561141
-0.742539 0.282353 4.291965
-0.675162 0.315554 4.037995
-0.753505 0.484503 4.136986
-0.802190 0.448271 4.298604
-0.625155 0.597747 3.476902
-0.641512 0.585788 3.505620
-0.861394 0.078836 3.946487
-0.798061 0.078835 3.924251
-0.717249 -0.508579 4.241496
-0.718434 -0.483218 4.241472
-0.917051 -0.450705 4.392690
-0.922157 -0.464129 4.402076
-0.774584 -0.467023 3.807292
-0.762531 -0.525267 3.821230
-0.605327 -0.506670 3.555359
-0.623704 -0.480589 3.545836
-0.632107 -0.550966 3.283201
-0.633561 -0.548727 3.254313
-0.634526 -0.608684 3.265237
-0.634729 -0.543519 3.335959
-0.623406 -0.550610 3.356076
-0.623562 -0.536278 3.215831
-0.617151 -0.542488 3.232741
-0.686657 -0.652319 3.405065
-0.670964 -0.633980 3.390642
-0.699388 -0.594528 3.379268
-0.699643 -0.594830 3.358987
-0.662190 -0.549511 3.455950
-0.662890 -0.550704 3.443834
-0.640245 -0.601454 3.221519
-0.681592 -0.436398 4.052885
-0.700289 -0.427231 4.123408
-0.867061 -0.429832 4.279008
-0.861236 -0.461588 4.284680
-0.969206 0.213361 4.276567
-0.915474 0.471968 4.228318
-0.540707 -0.519107 3.387338
-0.606692 -0.596019 3.386249
-0.134393 -0.616585 6.511455
0.134393 -0.616585 6.511454
-0.110583 -0.503016 7.277355
-0.030174 -0.503016 7.297169
-0.070126 0.224569 6.686548
-0.082591 0.280472 6.677530
-0.055879 0.220773 6.596031
-0.063002 0.222671 6.641289
-0.159828 -0.289051 7.712054
-0.164268 -0.318776 7.731349
-0.099322 -0.544896 7.234032
-0.030174 -0.557204 7.238254
-0.095688 0.425606 7.142719
-0.113524 0.413292 7.172160
0.089850 -0.360018 5.895924
0.089850 -0.214821 5.896002
0.213223 -0.284656 7.707468
0.217663 -0.314295 7.726769
0.330488 -0.444682 7.582589
0.340743 -0.424316 7.615928
0.320548 -0.442009 7.587604
0.328179 -0.429209 7.608490
0.328538 -0.439765 7.614827
0.587238 -0.061265 7.225818
0.537165 -0.309185 7.248398
0.160467 0.084730 6.430994
0.138332 -0.384355 6.339315
-0.103365 -0.238829 6.142924
-0.252068 -0.238829 6.233352
0.270960 -0.258370 6.303236
0.437165 -0.132385 6.375250
-0.520881 0.255664 7.641411
-0.724980 0.290433 7.920888
0.056553 0.253753 6.545125
0.048756 0.218875 6.550772
0.091872 0.248286 6.630437
0.068345 0.276580 6.587006
0.409450 -0.422608 6.445127
0.366991 -0.419541 6.450985
0.459315 0.185880 7.035428
0.262710 0.392198 7.102828
0.099322 -0.544896 7.234032
0.113565 -0.557541 7.267629
0.393351 0.112330 6.890757
0.216749 0.296451 6.947928
0.328179 -0.429209 7.608490
0.194457 -0.453096 7.495639
0.193667 -0.429865 7.481690
0.000000 -0.191938 5.975162
-0.092025 -0.389939 5.688213
-0.065059 -0.396897 5.555624
-0.092025 -0.389939 5.688213
-0.278644 -0.280289 1.540690
-0.201416 -0.280289 1.545053
0.069883 0.380654 5.533070
0.051832 0.240085 1.544400
0.278129 -0.485336 5.583332
0.530266 -0.393852 6.019324
0.462352 -0.393852 6.006117
0.179600 -0.280289 1.545362
-1.046718 -0.090446 8.519998
-0.966344 -0.101062 8.402583
-0.929224 -0.176220 8.429902
-0.957848 -0.140790 8.565633
0.527632 0.049782 7.591621
0.800063 0.245221 7.978749
0.515839 0.200442 7.627218
0.689940 0.219391 7.870813
0.000000 -0.572415 6.738257
-0.050285 0.544951 7.638021
-0.050292 0.523822 7.463246
0.000000 -0.552079 6.889734
-0.220576 -0.489869 7.426016
0.000000 -0.456951 7.437413
-0.465995 -0.124931 8.009448
-0.509727 0.290572 7.342591
-0.579578 -0.025891 8.113428
-0.494523 0.210810 7.233870
0.215032 0.193105 6.865560
0.000000 0.224534 6.855690
0.000000 -0.231165 7.766275
0.000000 -0.253195 7.805017
0.419262 -0.440705 6.688809
0.334759 -0.345186 6.504143
0.464420 -0.185697 7.225784
0.448606 -0.244951 7.075913
-0.448606 -0.244951 7.075913
-0.482591 0.016886 7.149018
-0.123615 0.590029 7.668423
-0.123615 0.522161 7.644156
0.134340 0.451042 7.803738
0.268013 0.403241 7.853549
0.312326 0.498676 7.594762
0.308992 0.469684 7.588991
-0.088029 0.642109 7.515946
-0.088029 0.643776 7.599967
0.087987 0.276543 6.725698
0.087935 0.283135 6.810397
-0.123546 0.271086 6.866960
-0.123510 0.316949 6.938486
-1.024141 -0.016789 9.336727
-0.983034 0.256833 9.349019
-1.157180 0.275268 9.597322
-1.146034 0.349457 9.600654
-1.195879 0.147948 9.588804
-1.187499 0.203694 9.591307
-1.154957 0.345145 9.521898
-1.185030 0.345538 9.546427
-0.961081 0.244946 9.817379
-0.962420 0.254021 9.870698
-1.169794 0.240761 9.620787
-1.124376 0.212190 9.610209
-1.040973 0.076340 9.889740
-1.029087 0.076757 9.835035
-1.080649 0.083285 9.799053
-1.069049 0.082151 9.774094
-1.142179 0.004991 9.695681
-1.092482 -0.031354 9.659550
-1.100295 -0.000107 9.736730
-1.078247 0.042127 9.724571
-1.067845 0.271429 9.428174
-0.993887 0.285656 9.516193
-0.962865 0.282280 9.547657
-0.952576 0.317489 9.524763
-1.260139 0.056658 9.232430
-1.155342 -0.034198 8.679162
-1.181799 0.274528 9.210688
-1.187521 -0.024279 9.257143
-0.751304 0.161388 8.835049
-0.755815 -0.070742 8.872313
-1.016614 -0.155514 8.727128
-0.962542 -0.185258 8.548392
0.866633 -0.185681 8.786162
0.998585 -0.188870 8.750319
0.898256 0.162393 9.096108
0.938346 0.177083 9.182760
1.159273 -0.039586 9.165213
1.016614 -0.155514 8.727128
1.187956 0.008229 9.327634
0.956236 0.220550 9.178770
0.841318 0.159523 8.812533
0.924305 0.351147 9.531718
0.871054 0.313454 9.497682
1.156381 0.011957 9.654556
1.194691 0.035585 9.583145
1.078247 0.042127 9.724571
1.100295 -0.000107 9.736730
1.092482 -0.031354 9.659550
1.035858 -0.038006 9.744123
1.052823 0.090171 9.819251
1.041593 0.142557 9.822091
1.132379 0.093795 9.594977
1.187520 0.105322 9.600389
1.019918 0.199759 9.805768
0.985789 0.257324 9.796827
1.070101 0.298091 9.697248
1.109615 0.231446 9.707601
1.272738 0.103768 9.454066
1.244888 0.106571 9.449539
1.239067 0.146474 9.451265
1.264843 0.157471 9.456413
1.123238 0.000441 9.284588
1.164991 0.280386 9.433225
1.145566 0.281707 9.338858
-0.147127 0.321832 8.538878
-0.114132 0.332391 8.548939
0.103290 -0.102882 8.451783
0.047673 -0.138499 8.514584
-0.074280 0.339478 8.565886
0.000000 0.453161 8.398461
-0.043352 -0.063828 8.516459
-0.016988 -0.023047 8.585952
-0.081079 -0.234532 8.328601
0.081079 -0.234531 8.328601
-0.219072 0.026838 8.286966
-0.253556 0.150214 8.276716
0.123587 0.048987 8.601765
0.176410 0.043062 8.578179
0.146716 0.024078 8.541731
0.100796 0.010149 8.560903
0.253556 0.150214 8.276716
0.207602 0.153816 8.274881
-0.172234 -0.093017 8.003989
-0.239053 -0.206476 7.789507
0.118581 -0.047026 8.248458
0.078669 -0.083397 8.194180
-0.047673 -0.138499 8.514584
-0.103290 -0.102882 8.451783
0.170991 -0.007441 8.301744
0.171760 0.000889 8.413427
-0.942105 0.942105 1.059162
-0.942105 -0.942105 1.059162
-0.155451 0.226880 12.427536
-0.105745 0.226880 12.471422
-1.838095 0.092335 11.377621
-1.838095 0.056137 11.377621
0.811051 0.056137 11.377621
1.006679 0.056137 10.809733
1.838095 0.092335 11.377621
1.838095 0.056137 11.377621
-1.053261 0.158569 11.226564
1.053261 0.158569 11.226564
0.161620 -1.105255 0.602086
0.143335 -1.105255 0.620371
-0.143335 -1.105255 0.638656
-0.161620 -1.105255 0.602086
-0.356955 -1.105255 0.675136
-0.356955 -1.105255 0.656851
0.070285 -1.087919 0.693421
0.088570 -1.087919 0.693421
-0.302189 -1.105255 0.602086
-0.302189 -1.087919 0.602086
0.320474 -1.105255 0.638656
0.320474 -1.087919 0.638656
0.106854 -1.105255 0.656851
0.088570 -1.105255 0.656940
-0.143335 -1.105255 0.602086
-0.161620 -1.105255 0.602086
-0.259287 -1.105255 0.675047
-0.259287 -1.087919 0.675047
-0.356955 -1.105255 0.675136
-0.393524 -1.105255 0.675136
0.534094 -1.105255 0.602086
0.534094 -1.105255 0.693421
1.105714 0.625429 0.602086
1.105714 0.607144 0.620371
1.105714 0.106854 0.656851
1.105714 0.088570 0.656851
1.105714 -0.070285 0.693421
1.087701 -0.070285 0.693421
1.105714 0.534094 0.693421
1.087701 0.534094 0.693421
1.105714 -0.357044 0.675047
1.105714 -0.338759 0.675047
1.105714 -0.338759 0.675047
1.105714 -0.338759 0.656762
1.105714 -0.320474 0.638566
1.087701 -0.320474 0.638566
1.105714 0.277572 0.601997
1.087701 0.277572 0.601997
1.105714 0.320474 0.656851
1.105714 0.375239 0.656851
1.105714 0.418142 0.675136
1.087701 0.418142 0.675136
1.105714 0.143335 0.693421
1.087701 0.143335 0.693421
-0.625429 1.105255 0.693421
-0.625429 1.105255 0.602086
-0.552379 1.105255 0.675136
-0.607144 1.105255 0.675136
0.106854 1.105255 0.675136
0.088569 1.105255 0.675136
-0.125050 1.105255 0.620371
-0.143335 1.105255 0.620371
-0.277572 1.087919 0.601997
-0.277572 1.105255 0.601997
0.534094 1.087919 0.638656
0.534094 1.105255 0.638656
-0.070285 1.087919 0.693421
-0.070285 1.087919 0.602086
0.045667 1.105255 0.602086
0.045667 1.087919 0.602086
0.009097 1.105255 0.656851
0.009097 1.087919 0.656851
-0.509477 1.087919 0.675136
-0.509477 1.105255 0.675136
-0.491192 1.087919 0.675136
-0.491192 1.105255 0.675136
0.302189 1.087919 0.638656
0.302189 1.087919 0.656851
-1.105714 0.588859 0.693421
-1.105714 0.588859 0.656851
-1.105714 0.375329 0.638566
-1.105714 0.320474 0.638566
-1.105714 0.186237 0.693421
-1.105714 0.204522 0.675136
-1.105714 -0.070285 0.693421
-1.105714 -0.088570 0.675136
-1.087701 -0.491192 0.675136
-1.087701 -0.509476 0.675136
-1.087701 -0.241002 0.656762
-1.087701 -0.222718 0.656762
-1.087701 -0.045667 0.602086
-1.105714 -0.045667 0.602086
-1.105714 -0.027383 0.620371
-1.087701 -0.027383 0.620371
-1.105714 0.302189 0.601997
-1.105714 0.393524 0.601997
-1.105714 0.625429 0.620371
-1.105714 0.534094 0.620371
-1.105714 0.454711 0.675136
-1.105714 0.454711 0.656851
-1.105714 -0.125050 0.656851
-1.105714 -0.125050 0.620371
0.404108 -0.403893 5.147545
0.452683 -0.517099 5.343468
1.600446 -0.054657 4.135490
1.509199 0.135744 4.076591
-0.198898 -1.328648 3.578974
0.033840 -1.378468 3.421504
-1.007708 0.101655 3.462436
-1.186084 -0.007209 3.532626
-1.162669 -0.251308 3.916552
-1.190593 0.084004 4.075854
-1.267802 0.221615 3.864367
-1.379649 0.188587 3.852160
0.120008 0.971984 2.993462
-0.160058 1.044768 3.531792
0.029133 -0.343706 5.331566
-0.027134 -0.261981 5.236046
1.405272 -0.270712 3.911322
1.392531 0.061749 3.961066
1.602888 -0.097449 3.945365
1.632643 -0.072815 4.133964
0.089777 -1.164006 3.429743
0.049639 -0.990209 3.575312
-0.823153 -0.177137 3.758761
-0.843829 0.207928 3.757541
-1.718089 0.120739 4.037707
-1.752116 -0.063979 3.986438
-1.472276 -0.139329 4.307288
-1.401475 -0.250146 4.039954
-0.206874 0.996594 3.881677
-0.436900 0.884594 3.741601
-0.298230 1.136354 3.945450
-0.314938 1.165651 4.098954
1.161990 1.161990 0.909948
1.161990 -1.161990 0.909948
0.198395 -1.150254 1.071132
0.198395 -1.150254 0.954173
-1.073380 -1.073380 0.911327
-1.073380 -1.073380 0.326991
1.073380 1.073380 0.911327
1.073380 1.073380 0.326991
0.360071 0.299573 5.435572
0.383801 0.293655 5.449610
0.399091 0.220399 5.108423
0.261462 0.257287 5.352564
-0.714588 -0.420633 6.078272
-0.699887 -0.442910 6.092310
0.619902 -0.369888 5.351343
0.542323 -0.209761 5.270777
1.600053 -0.058294 4.130894
1.412217 0.128426 4.063755
1.324174 -0.269371 3.782383
1.283433 -0.181433 3.884312
1.637742 0.011534 4.085728
1.588151 0.028786 4.058872
-0.340557 -1.054457 3.694042
-0.294971 -1.053388 3.705944
-0.335615 -1.132887 3.671764
-0.340557 -1.054457 3.694042
-0.031286 -1.358416 3.687700
0.072529 -1.385271 3.725542
-1.542269 -0.129948 3.882716
-1.652285 -0.025463 3.869288
-0.726164 0.119468 0.954269
-1.005247 0.145551 3.237899
-1.313667 -0.390135 4.415220
-1.306038 -0.393873 4.373716
-1.590059 -0.102751 4.175667
-1.500642 -0.148671 4.317574
-0.453068 0.786746 3.785473
-0.493808 1.141266 3.862526
-0.297351 1.167664 3.929054
-0.577738 0.310502 5.882959
-0.601487 0.345316 5.970240
-0.006666 -0.272017 1.548853
-0.198136 -0.281053 1.546412
-0.248041 -0.436883 5.806665
-0.142434 -0.345545 5.671167
0.464132 -0.087266 5.153589
0.487902 -0.111189 5.251245
0.939139 -0.178682 3.542731
1.130713 -0.149518 3.400519
1.418787 -0.230962 3.908388
1.359049 -0.171319 3.770754
1.346079 0.002745 3.787233
1.408564 0.024832 3.947145
1.657426 -0.275799 3.869968
1.571824 -0.330769 3.839146
1.451280 -0.192820 3.902622
1.439378 -0.223509 3.867832
0.726090 -0.171333 0.954939
0.438538 -0.171070 0.955244
1.574723 0.039057 3.935581
1.593797 0.013937 4.107700
-0.206014 -0.190339 1.059204
-0.206012 -0.831742 1.059204
-0.062052 -1.282289 3.434611
-0.034510 -1.385057 3.435527
0.254326 -1.341627 3.489269
0.253689 -1.203993 3.463024
-0.031286 -1.358416 3.687700
0.069823 -1.374590 3.739580
-0.779230 -0.095622 3.542033
-0.792429 0.130241 3.538676
-1.076319 0.073143 3.515788
-1.176035 0.064640 3.554850
-0.992757 0.051612 4.054045
-1.061422 -0.022975 3.963103
-1.396577 0.167613 3.795418
-1.470125 0.115325 3.754220
-1.542269 -0.129948 3.882716
-1.637026 -0.027142 3.851893
-1.525209 -0.294864 4.192452
-1.621797 -0.274081 4.166207
-0.438612 0.171067 0.954269
-0.611418 0.246521 3.363632
-1.738374 -0.043428 3.915352
-1.654909 -0.273216 4.004769
-1.572054 0.061266 3.843941
-1.551912 0.097103 3.830208
0.206014 0.219979 1.146332
0.206014 0.190339 1.059204
-0.185258 0.826343 3.898388
-0.250311 0.935017 3.896191
-0.231543 1.052967 3.838208
-0.332429 0.760806 3.600232
-0.489117 0.813830 3.729016
-0.403673 0.834299 3.890745
-0.303003 0.849329 3.933470
-0.065355 1.038443 3.548847
0.020533 1.020056 3.422809
0.491160 -1.105255 0.675151
0.491160 -1.105255 0.638682
0.088571 -1.105331 0.656935
0.088571 -1.105331 0.620390
-0.186244 -1.105255 0.693213
-0.186244 -1.105255 0.656745
1.105638 -0.088564 0.620343
1.105638 -0.088564 0.602033
1.105638 -0.472880 0.675164
1.105638 -0.472880 0.656853
1.105714 0.186243 0.620256
1.105714 0.186243 0.601984
-0.302195 1.105255 0.602085
-0.320468 1.105255 0.620319
0.125053 1.105331 0.638730
0.125053 1.105331 0.675198
-0.045667 1.105255 0.693384
-0.045667 1.105255 0.602098
-1.105714 -0.552410 0.675143
-1.105638 -0.125057 0.620309
-1.105638 -0.143339 0.620309
-1.105714 -0.552410 0.620440
-0.982474 -0.982474 0.985549
0.982474 -0.982474 0.985549
1.073380 0.955099 0.909852
0.954687 0.954687 0.909852
-1.188747 1.188747 0.985556
-1.188747 -1.188747 0.985556
-0.170646 1.053695 0.998673
0.162951 1.053695 0.998673
-1.051688 -1.050649 0.327042
-1.051688 -0.914617 0.327042
-1.051612 1.050649 0.911416
-1.051612 1.050649 0.327042
-0.038300 -1.377577 3.705977
-0.021682 -1.415876 3.726424
0.049835 -1.336585 3.838296
0.051474 -1.353064 3.735897
0.062288 -1.386939 3.756039
-0.073029 -1.325114 3.672422
-0.094344 -1.250956 3.641294
0.048593 -1.298133 3.807779
1.507962 0.129503 4.109308
1.375127 -0.373223 4.325307
1.379857 -0.361436 4.466604
1.358189 -0.329392 4.195608
1.263127 -0.290711 3.981069
1.468594 0.065931 4.019892
-0.534453 1.057370 4.153356
-0.533080 1.042112 4.167394
-0.577421 1.156339 4.008646
-0.502271 1.115674 3.947916
-0.424051 1.122523 3.964455
-0.463762 1.136027 3.959573
-0.586739 1.152172 4.038608
-0.592767 1.187344 4.037693
-0.658148 1.043716 4.039114
-0.539755 1.046384 4.125280
-0.539984 1.059735 4.127111
-0.338373 1.101924 3.976968
-0.388345 1.118632 3.983071
-0.723074 1.028686 4.037282
-1.542583 0.153979 4.110976
-1.516948 0.140208 4.092666
-1.742638 0.199321 4.299767
-1.773003 0.202468 4.315941
-1.468922 0.004174 4.124815
-1.693724 0.122212 4.227179
-1.602867 0.068600 4.199669
-1.309441 -0.241496 4.059899
-1.365672 -0.245344 3.950404
-1.376811 -0.248112 3.933314
-1.612581 0.232432 4.252716
-1.576571 0.227702 4.260345
-1.392881 0.043972 4.120233
-1.377011 0.012467 4.057367
-1.394154 0.016545 4.075071
-1.730955 0.116853 4.252814
-1.588176 0.254064 3.977040
-1.605266 0.261617 3.962391
-1.549140 0.056737 4.057567
-1.523658 0.060323 4.056346
-1.466359 0.089707 3.816460
-1.392507 0.086551 3.753899
-0.394342 -0.236852 5.788416
0.197993 -0.268099 5.279916
0.379592 -0.400926 5.423959
0.361644 -0.379678 5.462411
-0.470654 -0.386887 5.807607
0.082991 0.221262 5.489118
0.481751 -0.409267 5.420949
0.468400 -0.403240 5.452688
-0.427046 0.038149 5.812455
-0.467444 0.037967 5.821000
-0.460001 0.088787 5.982292
-0.452563 0.067654 5.903557
-0.468581 -0.020565 5.819285
0.074180 -0.174015 5.279988
0.057748 -0.204456 5.281819
-0.612066 -0.193940 6.399729
-0.613745 -0.222207 6.369212
-0.455891 -0.282746 5.938833
-0.445811 0.031299 4.991692
-0.433909 -0.001049 5.561760
-0.460646 -0.072669 5.758250
-0.286348 -0.316236 5.902552
-0.299051 -0.269926 5.890345
0.137111 -0.231401 5.234750
0.098678 -0.220644 5.274423
0.122043 -0.249597 5.239023
0.440633 -0.191316 5.090417
0.445936 -0.157670 5.124597
0.409199 -0.262462 5.635828
0.444065 -0.267688 5.644983
0.085461 0.196390 4.991071
0.083983 0.180006 5.287092
0.083735 0.178270 5.340803
-0.354516 -0.269735 5.843348
-0.257137 -0.368425 5.352195
-0.476582 -0.495393 5.463279
0.360063 0.299574 5.432699
0.298555 0.319496 5.460165
0.248932 -0.359277 5.184286
0.259872 -0.394691 5.388753
0.487840 -0.505408 5.247762
0.480898 -0.516829 5.315511
0.541851 -0.224251 5.268514
0.566406 -0.256304 5.297811
1.188014 -0.172149 4.029946
1.167109 -0.237056 4.025673
1.632045 -0.073701 4.115090
0.908212 0.043347 3.744148
1.238031 0.077653 3.456977
0.568704 -0.230417 2.826789
-0.000436 -1.199543 3.402773
-0.270114 -1.268360 3.527895
-0.175726 -1.303760 3.373171
-1.067795 -0.072578 3.517836
-1.003632 -0.109970 3.456801
-1.391179 0.016975 3.744864
-1.332433 0.126848 3.762565
-1.065902 0.067545 3.400392
-1.588971 -0.340135 4.038844
-1.401441 -0.250184 4.039760
-1.635930 0.027983 4.115348
-1.590153 -0.102756 4.175773
-0.167979 0.706537 3.807171
-0.134839 1.109216 3.636272
-0.001801 0.925729 2.917583
0.546810 -0.441631 5.277669
0.624178 -0.369066 5.344198
-0.294406 -0.282649 1.538656
-0.198143 -0.281047 1.543539
-0.533948 -0.574740 5.995443
-0.585821 -0.584430 6.063802
0.241767 -0.444984 5.413167
0.278460 -0.502261 5.399740
0.106073 0.328866 5.314901
0.081382 0.330316 5.262411
0.546594 0.083710 5.176351
0.534073 0.002604 5.176961
1.290112 -0.188164 3.547601
1.251507 -0.227331 3.571710
1.339236 -0.182269 3.771687
1.210299 -0.191339 3.797321
1.312237 -0.105924 3.457574
1.205960 -0.113048 3.447809
1.179400 -0.030072 3.839741
1.202441 0.003402 3.826618
1.099469 -0.034378 3.833159
1.046292 -0.053718 3.821563
1.212123 -0.044004 3.949685
1.239436 0.081786 3.910622
1.475184 -0.267669 3.754677
1.323359 -0.260106 3.785805
1.613582 0.015677 3.928933
1.615870 -0.002242 3.950600
1.612971 -0.040360 3.942666
0.438470 -0.171068 0.954841
0.919199 -0.228396 3.703559
1.247186 -0.150521 3.422492
1.194352 0.018150 3.819344
1.203355 -0.203799 3.785774
1.053705 0.138795 3.203681
1.163416 0.117562 3.390449
-0.221142 -1.292634 3.640731
-0.161523 -1.354127 3.558944
0.096828 -1.354966 3.452743
0.079642 -1.251969 3.452438
-0.119415 -1.213096 3.807039
-0.111981 -1.155875 3.803987
0.228787 -1.364414 3.498598
0.254331 -1.341526 3.488528
-0.006463 -1.087619 3.243471
-0.069454 -0.705997 3.242556
-0.037052 -0.621387 2.995669
0.075689 -1.303501 3.831250
0.073342 -1.305485 3.802258
-1.055436 0.237124 3.708266
-0.902466 0.246890 3.764723
-1.129751 0.160374 3.904174
-1.153479 0.153677 3.914245
-0.875382 -0.217432 3.771742
-1.028428 -0.227197 3.715285
-1.064974 -0.025290 3.954267
-0.991579 0.014135 4.011640
-0.907122 0.035658 3.940372
-0.956103 0.005002 3.940983
-1.334111 0.219512 3.858695
-1.292454 0.247826 3.880363
-1.294372 -0.017584 3.904030
-1.290100 -0.021570 3.922951
-1.601140 -0.283881 3.967643
-1.311681 -0.298002 3.813529
-1.621892 -0.274086 4.166312
-1.652714 -0.205932 4.124808
-1.365020 -0.166185 3.806984
-1.356933 -0.201919 3.820412
-1.048888 -0.249652 3.500794
-0.971602 -0.241851 3.159608
-1.209141 0.119297 3.968558
-1.211125 0.141985 4.046073
-1.585462 -0.360162 4.088893
-1.523664 -0.347268 4.065700
-1.007842 0.068156 3.236207
-1.262547 0.161836 4.199271
-1.381261 0.176313 4.274650
-1.362797 0.214870 4.233451
-1.421696 0.303435 4.198661
0.206012 0.769867 1.121002
0.206012 0.831742 1.059204
-0.236443 0.953914 3.892027
-0.270852 0.920040 3.893858
-0.270852 0.920040 3.893858
-0.412911 0.903484 3.830686
-0.502735 1.126209 3.864605
-0.491902 1.114078 3.843243
-0.280602 0.910222 3.895157
-0.280259 0.987584 3.873795
-0.457982 1.038568 3.466289
-0.327834 1.047418 3.439129
-0.502735 1.126209 3.864605
-0.280300 1.152225 3.963482
0.058853 0.728128 0.954387
-0.320245 0.985565 3.952604
-0.447083 0.976486 3.892790
-0.982474 0.982474 0.980971
-0.942105 0.942105 1.059173
-1.217259 1.217259 0.272252
1.217259 1.217259 0.272252
1.073493 0.750840 0.508733
1.103553 0.750840 0.508733
-1.217259 -1.217259 0.327050
-1.217259 -1.217259 0.272252
1.058202 0.170646 1.002431
1.123662 0.170646 1.057134
1.051612 -0.914617 0.911393
1.051612 -1.050649 0.911393
-1.103553 0.750840 0.786596
-1.103553 -0.750840 0.786596
-0.750840 -1.103553 0.508733
0.750840 -1.103553 0.508733
-1.051612 0.914617 0.911393
-1.051612 1.050649 0.911393
-0.955099 1.073380 0.909852
-0.955099 1.073380 0.327042
0.302195 -1.105255 0.602085
0.320467 -1.105255 0.620319
-0.106857 -1.105331 0.675198
-0.161627 -1.105331 0.693509
1.105714 -0.027382 0.675171
1.105714 -0.027382 0.656861
1.105638 0.436420 0.675151
1.105638 0.454730 0.675151
1.105638 -0.418101 0.638619
1.105638 -0.509463 0.638619
-0.320468 1.105255 0.656864
-0.375247 1.105255 0.656864
0.491160 1.105179 0.638677
0.509432 1.105179 0.656873
0.393480 1.105103 0.638619
0.302156 1.105103 0.638619
-1.105638 0.088564 0.620343
-1.105638 0.143334 0.620343
-1.105638 0.509501 0.693398
-1.105638 0.418177 0.693398
-1.105714 -0.277586 0.620256
-1.105714 -0.186243 0.620256
-0.221184 0.365034 5.066019
0.410148 0.255042 5.147196
0.396920 0.254299 4.815165
0.513216 -0.358051 5.238138
0.546112 -0.449885 5.270487
-0.491313 0.326382 5.942484
-0.523665 0.339781 5.927225
0.628961 -0.368646 5.344950
0.559537 -0.427908 5.288187
-0.179600 -0.280288 1.542460
-0.023036 -0.280288 1.543680
-0.234627 0.377571 5.419413
-0.269706 0.258619 5.499979
-0.256310 0.258976 5.321756
0.259872 -0.394682 5.386454
0.466082 -0.090035 5.147806
0.486211 -0.108393 5.238138
0.300171 -0.434307 5.309549
-0.068795 0.372182 5.289408
-0.084436 0.332409 5.290628
-0.585707 0.216748 5.964457
-0.567797 0.220128 5.972391
0.541930 0.157086 5.161844
0.529494 0.159470 5.179544
0.546112 -0.449885 5.270487
0.559537 -0.427908 5.288187
-0.588811 -0.069703 6.001078
-0.659760 -0.104135 6.035868
1.289990 -0.188167 3.548167
1.279156 0.079968 3.588450
1.184893 -0.165151 3.819294
1.125536 -0.155929 3.742085
1.070811 0.007560 3.717800
1.078059 -0.173624 3.690334
1.143084 0.012624 3.749104
1.202441 0.003402 3.826313
1.116206 -0.044253 3.903654
1.117732 -0.035727 3.847502
1.099469 -0.034378 3.833159
1.105878 -0.025718 3.777312
1.254749 -0.287419 3.853118
1.323872 -0.260172 3.783843
1.647663 -0.255861 4.044768
1.647511 -0.254517 4.035613
1.626148 -0.124951 4.128691
1.635456 -0.135670 4.117705
1.239948 0.081739 3.908355
1.309986 0.081520 3.835418
1.596241 -0.099564 3.952300
1.606922 -0.085898 3.947112
1.613941 0.015640 3.926970
1.614094 0.048523 3.932769
1.175359 -0.174829 3.346613
1.260427 -0.165402 3.390558
0.921834 0.137952 2.560175
0.726217 0.119465 0.955256
0.955480 -0.386034 3.738154
0.972188 -0.361377 3.768671
1.610126 -0.334692 4.160124
1.651173 -0.308838 4.204985
1.133779 0.104536 3.379572
1.163534 0.117561 3.390558
-0.206012 -0.831742 1.059204
-0.206012 -0.769867 1.121002
0.074344 -1.209445 3.744273
0.033090 -1.191440 3.761973
0.072122 -1.049676 3.745504
0.074039 -1.078973 3.779989
0.146275 -1.327767 3.564840
0.097137 -1.360879 3.463826
-0.066819 -0.938612 2.679595
-0.000004 -0.726210 0.955047
-0.226779 -0.561338 2.725677
0.171326 -0.726210 0.954742
0.119465 -0.726210 0.955352
-0.232520 -1.337019 3.456878
-0.223243 -1.346556 3.410186
-0.269866 -0.638472 2.990264
-0.089538 -0.835386 3.483733
-0.069458 -0.706144 3.242950
0.057266 -1.309061 3.802616
0.066187 -1.331491 3.768131
-0.769867 -0.206018 1.121002
-0.219979 -0.206016 1.146332
-0.843263 0.186624 3.748671
-0.902391 0.246890 3.765150
-1.115772 0.129732 3.946725
-1.212817 0.140108 3.982126
-0.875306 -0.217431 3.771864
-1.028352 -0.227195 3.715406
-1.047120 -0.166218 3.622633
-1.067720 -0.072577 3.517958
-1.003648 0.075550 4.095819
-1.042024 0.033855 4.084223
-1.416509 0.091460 4.336709
-1.433141 0.137932 4.315042
-1.384008 0.121574 3.690958
-1.316106 0.159442 3.731546
-1.290740 0.067823 3.842365
-1.399383 -0.024016 3.726398
-1.546477 -0.083553 3.845417
-1.547088 -0.089419 3.857013
-1.214788 0.229802 3.941202
-1.185949 0.152204 4.022378
-1.490972 -0.102670 4.438638
-1.499212 -0.126109 4.396219
-1.486205 -0.212710 3.896686
-1.497497 -0.239279 3.921405
-1.497497 -0.239279 3.921405
-1.486205 -0.247070 3.912555
-1.122467 0.112894 3.507305
-1.103241 0.123524 3.463054
-1.081115 0.253005 3.497844
-1.074249 0.146910 3.417583
-0.900985 -0.000000 2.693096
-1.738927 -0.043430 3.916177
-1.680486 -0.057499 3.858804
-1.507378 -0.157819 4.304007
-1.471978 -0.139585 4.306448
-1.471978 -0.139585 4.306448
-1.335107 -0.352445 4.401663
-0.726196 -0.062759 0.955120
-1.009933 0.247849 3.345562
-0.976059 0.242631 3.183208
-1.687200 0.011873 4.019937
-1.721532 -0.075736 4.012308
-1.501195 -0.148668 4.318094
-1.530645 0.036619 4.323282
-1.573980 0.059519 3.842630
-1.545141 0.091429 3.839273
-1.718786 0.138619 3.987588
-1.698186 0.126698 3.995828
-0.126818 0.784680 3.691102
-0.106944 1.001507 3.589478
-0.238369 1.032461 3.841103
-0.297154 1.132940 3.946999
-0.269428 1.139942 3.942425
-0.291935 1.161609 3.918316
-0.465534 0.980962 3.877724
-0.426052 0.935415 3.800820
-0.426581 0.834196 3.955287
-0.453970 0.885084 3.957118
-0.101619 1.189354 3.750144
-0.100151 0.731972 3.946982
-0.458027 1.038521 3.466636
-0.101619 1.189354 3.750144
-0.100151 0.731972 3.946982
0.017933 1.008309 3.413535
0.019125 1.028832 3.433677
-0.346370 0.998391 3.281089
-0.539578 1.035589 3.959816
-0.560024 1.056646 3.976601
-0.316113 1.107610 4.048317
-0.300892 1.109212 4.048928
-0.025611 -1.417402 3.725813
-0.054727 -1.380171 3.704756
0.038377 -1.328650 3.847451
0.036350 -1.348487 3.861795
0.002359 -1.217261 3.660824
0.006746 -1.222601 3.648922
0.074648 -1.365853 3.771592
0.063257 -1.266518 3.684922
1.311355 -0.007874 4.101148
1.324783 0.008027 4.134412
1.583518 -0.284044 4.232394
1.604575 -0.270788 4.329135
1.315160 -0.315392 4.216970
1.357427 -0.345452 4.333548
-0.438633 1.065763 4.098276
-0.419636 1.071257 4.066843
-0.545644 1.197401 4.023252
-0.517072 1.169630 3.998227
-0.613737 1.219968 4.040995
-0.592805 1.187344 4.037998
-0.585404 1.188183 4.019687
-0.488386 1.132611 3.950357
-0.560445 1.170148 4.006815
-0.302067 1.015104 3.963999
-0.358410 1.034178 4.029612
-0.382204 1.118251 3.958962
-0.330820 1.106044 3.956216
-0.636930 1.235837 4.050150
-1.535716 0.165852 4.100600
-1.542583 0.153979 4.110976
-1.817101 0.186436 4.328454
-1.773003 0.202468 4.315941
-1.477620 0.023334 4.120542
-1.505391 0.017447 4.145261
-1.671598 0.133590 4.211005
-1.602867 0.068600 4.199669
-1.656273 0.116008 4.231102
-1.570292 -0.058181 4.050197
-1.662913 0.012477 4.097804
-1.284709 0.137299 3.854018
-1.447368 0.138987 4.019423
-1.620634 0.097727 4.186591
-1.364499 0.050476 4.115655
-1.352903 0.013697 4.053705
-1.489553 0.101848 3.867730
-1.523658 0.060323 4.056346
-1.535102 0.041860 4.070994
-1.383351 0.114436 3.759697
-1.455220 0.116534 3.820733
-1.452474 0.097728 3.830498
-0.393083 -0.198286 5.687708
-0.363786 -0.233591 5.760950
-0.307106 -0.171336 5.538375
0.361644 -0.379678 5.462411
0.372268 -0.361044 5.450815
-0.447117 -0.430680 5.840566
0.324183 0.241307 5.340314
0.485817 -0.201952 5.274072
-0.427046 0.038149 5.812455
-0.424452 0.004350 5.820389
-0.481516 0.025930 5.921257
-0.465948 0.051008 5.864451
-0.452444 0.028711 5.905955
0.103086 -0.201023 5.217122
-0.438803 -0.209161 6.120188
-0.493048 -0.216695 6.269114
-0.436970 -0.330582 5.980947
-0.445811 0.071654 4.991692
-0.481707 0.069232 4.991692
-0.503718 -0.003686 5.810173
0.322377 -0.345508 5.272668
0.347935 -0.356074 5.373376
-0.427727 -0.169581 5.651900
0.126811 -0.087442 5.190456
0.091098 -0.227230 5.116414
0.111504 -0.160846 5.103176
0.465543 -0.219068 5.183801
0.474698 -0.283174 5.241174
0.463768 -0.196783 5.147119
-0.214816 0.051957 5.309555
-0.190517 0.045248 5.344955
0.085175 0.232534 4.991071
0.125525 0.232858 4.991071
0.252334 0.222252 5.296979
-0.488948 -0.263073 5.624412
-0.476582 -0.495393 5.463279
0.349292 -0.333393 1.059159
0.349292 -0.333393 1.162156
0.349292 0.333393 1.479692
0.364292 0.318393 1.479692
-1.264859 1.264859 0.272236
1.103363 0.750840 0.786672
1.103363 0.750840 0.508809
-1.161990 -1.161990 0.909948
-1.161990 1.161990 0.909948
-1.264859 -1.264859 0.272236
0.162951 -1.035692 1.010857
0.198394 -1.150362 1.071053
-0.170646 1.121598 1.040230
-0.170646 1.123505 1.057091
-1.150361 -0.198395 0.954171
-1.150361 0.206089 0.954171
0.915614 -1.050683 0.865903
0.915614 -0.914651 0.865903
-1.103363 -0.750840 0.508809
-1.103363 0.750840 0.508809
-0.708320 1.095504 0.540700
-0.708320 1.095504 0.754781
1.051646 1.050683 0.370991
0.915614 1.050683 0.370991
-1.019410 1.009029 0.909890
-1.019410 1.009029 0.327080
0.955099 1.073380 0.425847
0.954687 0.954687 0.425847
-0.070301 -1.104974 0.693572
-0.088583 -1.104974 0.675262
-0.491160 -1.104937 0.638760
-0.302195 -1.105045 0.693398
-0.393519 -1.105045 0.693398
-0.472850 -1.104937 0.638760
-0.418109 -1.087542 0.638760
-0.418109 -1.087542 0.656956
0.143352 -1.087731 0.693341
0.161643 -1.087731 0.693341
0.320429 -1.104937 0.656842
0.375170 -1.104937 0.656842
-0.454654 -1.104937 0.638760
-0.454654 -1.087542 0.638760
0.161643 -1.104974 0.601940
0.161643 -1.087731 0.601940
-0.070301 -1.104974 0.602172
-0.070301 -1.087731 0.602172
-0.625385 -1.105122 0.656922
-0.588840 -1.105122 0.656922
-0.393519 -1.105045 0.656853
-0.393519 -1.105045 0.638619
1.105737 -0.045667 0.693406
1.105737 -0.027382 0.675095
1.105323 0.143341 0.620398
1.087318 0.143341 0.620398
1.105737 0.204451 0.693393
1.105737 0.222743 0.675082
1.105651 0.491160 0.675080
1.087645 0.491160 0.675080
1.087675 -0.534099 0.602073
1.087675 -0.534099 0.620308
1.105680 -0.418147 0.620346
1.087675 -0.418147 0.620346
1.105737 -0.186224 0.693530
1.087731 -0.186224 0.693530
1.105651 0.375170 0.693464
1.087645 0.375170 0.693464
1.105651 0.375170 0.638685
1.105651 0.375170 0.620374
1.105737 -0.259294 0.675219
1.105737 -0.259294 0.620516
1.105680 0.186243 0.620218
1.105680 0.186243 0.601946
1.105323 0.106853 0.620398
1.087318 0.106853 0.620398
-0.375285 1.105090 0.656842
-0.375285 1.105090 0.693464
0.436457 1.105319 0.638645
0.418185 1.105319 0.656841
0.277563 1.105320 0.601788
0.186220 1.105320 0.601788
0.338777 1.105274 0.675164
0.338777 1.087879 0.675164
-0.375285 1.105090 0.656842
-0.375285 1.105090 0.693464
0.106845 1.105431 0.675185
0.106845 1.088189 0.675185
0.088563 1.105431 0.620406
0.088563 1.088189 0.620406
0.491236 1.105319 0.602062
0.491236 1.105319 0.638645
-0.418147 1.105263 0.620346
-0.418147 1.087945 0.620346
0.625499 1.105199 0.656922
0.625499 1.087880 0.656922
-0.277567 1.087945 0.620218
-0.186224 1.087945 0.620218
0.302233 1.088021 0.602073
0.302233 1.105340 0.602073
-1.105651 -0.491160 0.675080
-1.105651 -0.509433 0.675080
-1.105680 -0.509471 0.620346
-1.105680 -0.509471 0.602111
-1.105737 0.375367 0.693393
-1.105737 0.357095 0.675082
-1.105323 -0.161623 0.602087
-1.105323 -0.070290 0.602087
-1.105737 -0.204432 0.693393
-1.105737 -0.259307 0.693393
-1.105737 0.009098 0.675095
-1.087731 0.009098 0.675095
-1.105680 0.393519 0.620295
-1.087675 0.393519 0.620295
-1.105737 0.570588 0.656769
-1.087731 0.570588 0.656769
-1.105323 -0.143341 0.656866
-1.087318 -0.143341 0.656866
-1.105323 -0.106853 0.656866
-1.087318 -0.106853 0.656866
-1.105323 0.143332 0.620406
-1.087318 0.143332 0.620406
0.813588 0.102732 3.669911
1.157359 0.132819 3.431653
0.048808 -0.236709 1.552773
0.415644 -0.445178 5.132841
-1.149841 -0.115601 3.862290
-1.054016 -0.023035 3.984360
-0.144559 -1.295945 3.591422
-0.173548 -1.207062 3.668631
0.364292 -0.333393 1.580585
0.000000 -0.333393 1.059192
-0.521938 0.058811 5.866844
-0.256307 0.258963 5.325157
1.602888 -0.097449 3.945365
1.615400 0.026062 3.941703
0.200742 -1.263036 3.631464
0.033840 -1.378468 3.421504
-1.146034 -0.091176 4.058761
-1.172435 -0.143670 4.178699
-1.190593 0.084004 4.075854
-0.672000 -0.253861 3.738086
-0.438312 -0.171066 0.954578
-0.160058 1.044768 3.531792
-0.651085 -0.133564 6.043541
-0.018332 0.240166 1.544945
-0.044214 0.334380 5.304710
-0.450675 0.228713 5.378258
1.295423 -0.305684 3.804679
1.197309 -0.326703 4.025627
-0.102495 -1.206197 3.403498
-0.198898 -1.328648 3.578974
-0.832355 -0.206018 1.059685
-0.832928 0.206012 1.060295
-0.989860 -0.094604 3.779830
-1.718089 0.120739 4.037707
-1.752116 -0.063979 3.986438
-1.472276 -0.139329 4.307288
-1.309922 -0.391481 4.407080
-0.499144 1.112080 3.840051
-0.469619 0.961704 3.895898
-0.032694 0.953063 3.193962
0.364292 0.333393 1.580585
-0.364292 0.333393 1.580585
1.217259 1.217259 0.327046
1.217259 -1.217259 0.327046
-1.008728 0.206088 0.954173
-1.150254 0.206088 1.071131
-0.955099 1.073380 0.911327
-1.073380 1.073380 0.911327
-0.530803 0.336213 5.931177
-0.490530 0.288477 5.787745
-0.532296 0.270638 5.882349
-0.646727 -0.237699 6.030664
-0.676198 -0.195437 6.040430
0.445418 0.293827 5.416040
1.205613 -0.117632 3.969761
1.217667 -0.180555 3.932224
0.901642 -0.195927 3.681380
1.209641 -0.105471 3.398482
1.637742 0.011534 4.085728
1.588151 0.028786 4.058872
-0.105721 -1.250102 3.739902
-0.279043 -1.260298 3.563427
-0.227682 -1.341474 3.419079
-1.016733 0.115894 3.453837
-1.076319 0.073143 3.515788
-1.380403 0.171232 4.284920
-1.443727 0.126879 4.304146
-1.416414 0.091448 4.336190
0.535147 0.156998 5.168848
0.522120 0.014190 5.190210
-1.531923 0.035260 4.320931
-1.583802 0.061979 4.250130
-0.105740 1.042102 3.865734
-0.127083 1.065753 3.758007
-0.335368 1.096350 3.528705
-0.355605 1.135108 3.533588
0.058770 0.243325 1.545191
0.072181 0.371127 5.270777
0.144009 0.369911 5.355616
0.206709 0.380478 5.439234
-0.601487 0.345316 5.970240
0.068726 -0.391794 5.343409
0.079453 -0.346604 5.344019
0.447683 0.274448 5.435572
0.831780 0.206018 1.059204
0.190377 0.206016 1.059204
1.347745 0.033714 3.778507
1.194394 0.018160 3.819095
1.070868 -0.167402 3.885432
1.089713 -0.163435 3.834163
1.282212 -0.359303 3.922153
1.240861 -0.335089 3.991123
1.457993 0.121883 3.811375
1.470963 0.149855 3.879734
0.959321 0.236478 3.016096
1.056290 0.228600 3.280379
-0.241324 -1.185014 3.704081
-0.204584 -1.138399 3.744670
0.074963 -1.296465 3.665117
0.092158 -1.356585 3.747819
-0.102708 -1.283061 3.792698
0.225022 -0.563887 2.721752
-0.037055 -0.621488 2.996410
-1.066858 0.171640 3.617411
-1.016733 0.115894 3.453837
-1.098596 0.162270 3.655863
-1.176035 0.064640 3.554850
-1.048528 0.164475 4.063506
-1.035863 0.152277 4.009184
-1.428621 0.029111 3.663582
-1.383760 0.121565 3.690438
-1.525514 -0.294874 4.192452
-1.655214 -0.273225 4.004769
-1.551606 0.043132 4.334664
-1.263186 -0.078392 3.919032
-1.255251 -0.114632 3.930018
-1.254768 -0.477071 4.208921
-1.416969 -0.477949 4.182066
-1.572358 0.061257 3.843941
-1.686189 0.092754 3.936104
-0.484500 1.131348 3.839333
-0.493846 1.141343 3.862221
-0.456991 0.984336 3.937714
-0.437574 0.844337 3.959687
-0.171308 0.726096 0.955158
-0.233030 0.941016 2.889057
0.418109 -1.105255 0.693385
0.509433 -1.105255 0.693385
0.125058 -1.105331 0.656859
0.125058 -1.105331 0.620390
-0.625385 -1.105255 0.638644
-0.625385 -1.105255 0.656802
1.105638 0.491199 0.638682
1.105638 0.436420 0.638682
1.105638 0.161630 0.693398
1.105638 0.143348 0.693398
0.625423 1.105256 0.602111
0.534099 1.105256 0.602111
0.356936 1.105103 0.656853
0.393480 1.105103 0.656853
-1.105638 0.070282 0.602033
-1.105638 0.088564 0.602033
-1.105638 -0.106861 0.620309
-1.105638 -0.088579 0.620309
1.360058 1.360058 0.162656
-1.360058 1.360058 0.162656
1.264859 1.264859 0.272252
1.264859 1.264859 0.217454
-1.161990 -1.161990 0.909948
-1.188747 -1.188747 0.985556
-1.150405 0.206089 0.954119
-1.150405 0.206089 1.071154
0.708320 -1.095504 0.540624
0.750840 -1.073455 0.508733
0.032353 -1.464606 3.841183
0.036608 -1.339179 3.835244
0.048593 -1.298133 3.807779
-0.081589 -1.246379 3.644041
-0.094344 -1.250956 3.641294
0.037335 -1.211005 3.726602
0.035215 -1.300727 3.804116
0.039834 -1.466742 3.830807
1.562894 0.151704 4.202692
1.541989 0.153116 4.196894
1.375127 -0.373223 4.325307
1.379857 -0.361436 4.466604
1.358189 -0.329392 4.195608
1.263127 -0.290711 3.981069
-0.533080 1.042112 4.167394
-0.577421 1.156339 4.008646
-0.424051 1.122523 3.964455
-0.463762 1.136027 3.959573
-0.597257 1.188153 4.039469
-0.586739 1.152172 4.038608
-0.592767 1.187344 4.037693
-0.502271 1.115674 3.947916
-0.577421 1.156339 4.008646
-0.539755 1.046384 4.125280
-0.359707 1.049971 4.023814
-0.382786 1.064924 4.047923
-0.333605 1.110774 3.973000
-0.330820 1.106196 3.956216
-1.535716 0.165852 4.100600
-1.542583 0.153979 4.110976
-1.692894 0.149119 4.246056
-1.461141 0.015254 4.141904
-1.490437 0.010333 4.163267
-1.656492 0.119299 4.229010
-1.595696 0.084098 4.192040
-1.651543 0.132563 4.224389
-1.656273 0.116008 4.231102
-1.560832 -0.044541 4.041041
-1.650553 0.023809 4.088954
-1.447368 0.138987 4.019423
-1.481242 0.134562 4.056655
-1.615141 0.081748 4.209479
-1.357022 0.027354 4.048822
-1.352903 0.013697 4.053705
-1.527700 0.109134 3.870476
-1.530599 0.122924 3.890313
-1.508399 0.056141 4.039256
-1.438336 0.169880 3.967294
-1.437726 0.180818 3.962106
-1.456824 0.046233 3.965709
-0.385835 -0.208757 5.803063
-0.426652 -0.163954 5.710290
-0.275254 -0.193041 5.579269
-0.163502 -0.201110 5.450485
-0.429508 -0.524830 5.942129
-0.443165 -0.499196 5.857290
-0.447117 -0.430680 5.840566
0.324183 0.241307 5.340314
0.451065 -0.193540 5.280175
-0.427085 0.038149 5.813065
-0.416594 0.030400 5.711136
-0.481516 0.025930 5.921257
-0.496126 0.045133 5.989616
-0.465987 0.051003 5.865061
-0.452483 0.028706 5.906565
0.047486 -0.203598 5.223836
0.057743 -0.204456 5.281819
-0.536421 -0.251752 6.325267
-0.436970 -0.330582 5.980947
-0.435358 0.035596 5.560539
-0.445811 0.071654 4.991692
0.356671 -0.365382 5.264734
0.288349 -0.323001 4.848474
0.126658 0.057126 5.341213
0.126811 -0.087442 5.190456
0.421598 -0.154180 5.127038
0.442502 -0.212602 5.188074
0.428139 -0.188982 5.153222
-0.296146 0.051025 5.401718
-0.214492 0.078016 5.308945
0.164443 0.225189 5.148054
0.252334 0.222252 5.296979
0.286017 0.226525 5.264020
-0.496595 -0.256673 6.272167
-0.434389 -0.505318 5.543172
-0.294406 -0.282649 1.538656
0.487953 -0.352768 5.163534
0.519838 -0.108499 5.220907
0.421109 0.235239 5.204427
0.261451 0.257293 5.349691
-0.547505 0.289870 5.902059
0.521826 -0.223516 5.286214
1.187861 -0.172158 4.029336
1.166957 -0.237065 4.025064
1.611903 -0.054380 3.958841
1.631892 -0.073710 4.114480
1.278238 0.084615 3.460639
-0.170769 -1.326966 3.532088
-0.161523 -1.354127 3.559249
-0.016596 -0.962879 3.691164
-0.000434 -1.199619 3.403078
-0.016596 -0.962879 3.691164
-0.149951 -0.991413 3.674379
-1.729466 -0.050316 3.967948
-1.731450 0.014269 4.023795
-1.722752 -0.190957 4.059501
-1.672093 -0.211020 4.041800
-0.702666 -0.045134 3.643311
-1.588971 -0.340135 4.038844
-1.401441 -0.250184 4.039760
-1.254308 0.065281 4.129081
-1.312596 0.244243 3.945060
0.138904 0.965860 2.927654
0.096446 0.997980 3.176067
-0.217227 1.013772 3.260906
-0.589378 0.229088 5.978353
-0.572303 0.166083 5.955770
0.487953 -0.352768 5.163534
0.502290 -0.490202 5.223348
-0.598301 0.331131 5.971029
-0.585821 -0.584430 6.063802
0.294740 0.328508 5.515096
0.338086 0.312839 5.501668
0.528978 -0.193614 5.295370
-0.533948 -0.574740 5.995443
0.219979 -0.206014 1.146332
0.769906 -0.206012 1.121002
1.148402 -0.196803 3.724514
1.119639 -0.167172 3.749538
1.247660 -0.154236 3.655239
1.226451 -0.185054 3.667446
1.193644 -0.160782 3.790129
1.188303 -0.027268 3.809965
1.211970 -0.044013 3.949075
1.217769 -0.180532 3.931985
1.443446 -0.155288 3.907266
1.451381 -0.192796 3.902078
1.459773 0.109853 3.811441
1.310084 0.090941 3.836160
0.951318 0.154996 3.846381
0.932397 0.186128 3.824409
1.249551 0.102298 3.431037
1.166957 -0.237065 4.025064
1.187861 -0.325109 4.003091
-0.204576 -1.138367 3.745101
-0.240115 -1.191544 3.712447
-0.030036 -1.363468 3.681103
-0.076771 -1.349583 3.657605
0.226691 -0.561115 2.722841
0.077856 -1.202747 3.347536
0.138583 -1.244556 3.403078
0.194428 -0.594303 3.007875
-0.093252 -1.302433 3.799817
-0.110619 -1.247654 3.717114
-0.827622 0.186899 3.705519
-0.892472 0.252341 3.736952
-1.073675 -0.002721 3.995727
-1.070624 -0.046166 3.974975
-1.062985 -0.030289 3.964932
-0.950909 -0.056005 3.815701
-1.158983 0.091781 3.959713
-1.111375 -0.025530 4.006710
-1.450230 0.132656 3.752799
-1.383549 0.121569 3.690543
-1.538665 -0.056789 3.821632
-1.583984 -0.020216 3.825294
-1.409947 0.094375 4.376273
-1.215398 0.101106 4.238334
-1.569793 -0.204475 3.946449
-1.567352 -0.249202 3.971474
-1.143492 0.131320 3.483094
-1.196440 0.222606 3.571900
-1.268690 -0.459268 4.252162
-1.354291 -0.479104 4.249721
-0.644530 -0.000052 3.451051
-1.674840 0.085063 3.943229
-1.697881 0.126693 3.995109
-0.206016 0.190339 1.059204
0.206014 0.190339 1.059204
-0.236443 0.953914 3.892027
-0.451432 1.136474 3.866240
-0.547753 1.158066 3.965727
-0.226754 1.040126 3.847471
-0.568696 1.055526 3.964201
-0.534135 1.009750 3.936430
-0.280602 0.910222 3.895157
-0.403397 0.895878 3.840531
-0.140303 0.960672 2.886455
-0.119456 0.725992 0.954693
-0.327834 1.047418 3.439129
-0.334016 1.166534 4.069792
-0.316583 1.171417 4.103361
0.364292 -0.333393 1.580580
0.364292 -0.333393 1.479720
1.312459 1.312459 0.217454
1.312459 1.312459 0.162656
1.103553 0.750840 0.508733
1.103553 -0.750840 0.508733
-0.206089 1.150283 0.954118
0.198394 1.150283 0.954118
0.915614 -1.050683 0.371029
0.915614 -1.050683 0.325596
-1.051646 -1.050683 0.325596
-0.915614 -1.050683 0.325596
-0.750840 -1.103553 0.786596
-0.750840 -1.103553 0.508733
-0.915650 1.009029 0.909890
-1.019410 1.009029 0.909890
0.418185 -1.105255 0.602111
0.509471 -1.105255 0.602111
-0.009098 -1.105255 0.675171
-0.009098 -1.105255 0.656861
1.105638 -0.106846 0.638654
1.105638 -0.088564 0.638654
1.105714 0.259288 0.638537
1.105714 0.259288 0.693316
-0.607151 1.105255 0.620440
-0.607151 1.105255 0.675143
-0.070289 1.105331 0.693480
-0.070289 1.105331 0.602080
-0.027382 1.105255 0.620371
-0.027382 1.105255 0.693384
-1.105714 0.375291 0.638537
-1.105714 0.320474 0.638537
-1.105714 0.625423 0.620346
-1.105714 0.625423 0.602111
-0.206089 -1.150254 0.954173
-0.206089 -1.150254 1.071132
1.175368 1.175368 0.947752
1.175368 -1.175368 0.947752
-0.068698 0.626861 3.562852
-0.261313 0.626861 3.713609
0.130067 -0.938368 3.657798
0.086267 -0.975905 3.875998
0.823129 -0.248935 3.998140
0.934060 -0.223813 3.921999
0.000000 -0.510857 4.211153
0.212536 -0.525887 4.212679
-0.052808 -0.842125 4.554798
-0.153412 -0.890279 4.398424
0.483697 -0.794969 3.998678
0.454434 -0.642713 4.026411
0.532183 -0.658337 3.509018
0.508294 -0.574009 3.523649
-0.074981 -0.628669 7.206864
-0.086953 -0.479209 7.190384
0.786213 -0.180649 8.142680
0.509037 -0.013869 8.005351
0.434488 -0.362050 7.038531
0.202200 -0.502307 7.104449
-0.169078 0.163545 6.731049
0.000000 0.523833 7.463946
-0.424645 0.125798 7.976031
-0.318833 -0.167195 7.924151
0.123615 0.528803 7.618207
0.088029 0.633993 7.640179
0.949144 -0.174148 8.561935
1.100097 -0.006139 8.491079
0.212437 0.178128 8.348311
0.182029 0.078197 8.545455
-0.193100 0.026759 8.297972
0.193100 0.026759 8.297972
-0.318833 -0.167195 7.924151
0.318833 -0.167195 7.924151
0.983267 0.254104 9.355315
0.917985 0.272535 9.575956
-0.279820 -0.498756 5.761309
-0.000000 -0.191931 5.973711
-0.000000 0.240093 1.543169
0.308364 0.240093 1.542559
0.626861 -0.068698 3.562852
0.626861 0.068698 3.562852
0.171067 -0.438491 0.955125
-0.171067 -0.438491 0.955125
-0.503551 -0.628462 3.861194
-0.527541 -0.758889 3.860725
0.000000 0.188154 6.737628
-1.258941 0.114458 9.222890
-1.100097 -0.006149 8.491078
-1.202964 0.020452 9.341002
-1.200915 0.223763 9.347871
0.975981 -0.086260 3.875693
0.949125 -0.141729 4.041404
-0.997613 0.122395 4.483981
-0.846933 0.270441 4.392733
-0.525888 0.212536 4.211459
0.677258 0.506483 4.253810
0.900647 0.518156 4.186976
0.889264 0.315441 4.256970
0.706782 0.250156 4.324153
1.010742 0.109847 3.455533
1.009551 0.253067 3.509446
0.758889 -0.527529 3.860420
0.794969 -0.483687 3.998449
-0.629070 0.114724 4.675464
-0.552509 0.088235 4.732532
-0.070180 0.896853 4.715831
0.034576 0.770740 4.709449
-0.676263 0.212357 4.012179
0.256494 0.876772 4.420589
0.122395 0.997613 4.484589
0.052808 0.842125 4.554736
-0.000000 0.744883 4.602547
-0.454422 0.642713 4.026309
-0.322738 0.658023 3.995588
0.034576 0.770740 4.709449
0.012756 0.919819 4.798254
0.000000 0.523833 7.463946
0.109845 1.010717 3.455635
0.068698 0.626861 3.562852
0.365754 0.809812 3.935698
0.381883 0.799198 3.834174
-0.097064 0.578055 4.713815
-0.000000 0.588863 4.623280
-0.839075 -0.074894 3.798854
-0.719904 -0.139487 3.678834
1.183084 0.189117 4.129366
1.183084 -0.189117 4.129366
1.183084 -0.189117 4.129366
1.117776 -0.244624 4.066805
-0.837907 0.066015 4.544528
-0.736246 0.069274 4.654714
-0.642713 -0.454422 4.026715
-0.628424 -0.503551 3.861193
0.574060 -0.508294 3.523751
0.519774 -0.541587 3.366863
-0.928189 -0.510336 4.385034
-1.012494 -0.235983 4.459192
0.519728 0.541572 3.366862
0.585798 0.507744 3.201580
0.937516 -0.232577 3.708121
0.775315 -0.232578 3.727957
-0.937440 0.232577 3.708120
-0.775239 0.232578 3.728262
0.143340 -1.105331 0.656859
0.125058 -1.105331 0.656859
-0.393557 -1.105255 0.638619
-0.393557 -1.105255 0.656853
1.105638 0.491199 0.675151
1.105638 0.509471 0.675151
1.105714 0.222705 0.675006
1.105714 0.222705 0.656772
0.070293 1.105331 0.693509
0.161626 1.105331 0.693509
0.588878 1.105256 0.656802
0.625385 1.105256 0.656802
-1.105714 -0.625423 0.602130
-1.105714 -0.534099 0.602130
-1.105638 -0.375246 0.638630
-1.105638 -0.375246 0.620357
-1.312459 1.312459 0.217454
1.312459 1.312459 0.217454
1.312459 -1.312459 0.217454
-1.312459 -1.312459 0.217454
-0.170646 -1.062720 1.006198
-0.170646 -1.123450 1.057086
-1.123702 0.170646 1.057116
-1.123702 -0.162951 1.057116
1.051688 1.050649 0.911416
0.915656 1.050649 0.911416
-0.030878 -0.588826 4.624217
0.000000 -0.735997 4.586070
0.114724 -0.629109 4.676097
0.114724 -0.734853 4.652293
-0.068740 -1.097811 3.594658
0.068748 -1.097811 3.594658
0.169237 -0.978716 3.667595
0.232584 -0.937365 3.708489
-0.054292 -0.933439 4.730662
-0.021360 -0.948927 4.760874
0.047626 -0.646342 3.917920
0.047626 -0.675258 3.877637
0.122395 -0.997214 4.483735
0.212301 -0.864844 4.475190
0.041915 -0.624747 4.001252
-0.000000 -0.759101 3.974092
-0.130530 -1.028697 4.384988
-0.130530 -1.047160 4.348672
0.135015 -1.113181 4.110200
0.078836 -0.861029 3.946016
-0.076547 -0.656853 4.526329
0.000000 -0.859056 4.595883
0.000000 -0.941300 4.398435
0.550060 -0.576971 3.531278
0.514774 -0.627707 3.852933
0.311619 -0.645432 3.978474
0.321461 -0.683808 3.970540
0.596533 -0.712596 3.450431
0.635443 -0.667125 3.450431
0.469103 -0.678112 4.077123
0.435000 -0.743191 4.312719
0.061746 -0.522374 4.728587
0.114724 -0.582799 4.738048
-0.145578 -0.534013 6.151533
0.056553 0.253738 6.544523
0.409432 0.065159 6.459684
0.339170 -0.487823 7.465749
0.327841 -0.441437 7.535940
-0.113697 -0.369406 6.010531
0.113697 -0.369406 6.010531
-0.154443 -0.556100 6.341352
0.366895 0.033546 7.974715
0.573578 0.064236 8.334271
-0.000000 0.359756 7.142801
-0.000000 0.188123 6.735086
-0.419107 -0.419864 7.325907
-0.492708 -0.312823 7.470560
0.679956 0.180226 7.563334
0.509727 0.290557 7.341166
0.424645 0.125772 7.974100
-0.000000 0.196887 8.075418
-0.123589 0.350037 7.111015
-0.123607 0.295982 7.035942
-0.088029 0.502383 7.910635
-0.088029 0.553386 7.844717
0.123740 0.254500 6.974440
0.088125 0.349142 6.920119
-1.029412 -0.035338 9.755181
-1.009881 0.016625 9.730157
-1.073616 0.297542 9.597150
-1.124275 0.212169 9.609967
-1.256502 0.216219 9.459326
-1.236589 0.220625 9.352514
0.845933 -0.072613 8.850197
0.862946 -0.211034 8.777565
1.045441 0.284614 9.154152
1.181473 0.295915 9.207863
-0.047625 -0.205723 8.368109
0.047625 -0.205723 8.368109
-0.176410 0.035490 8.524359
-0.187647 0.120901 8.567083
-0.056419 -0.084993 8.145411
0.056419 -0.084993 8.145411
0.183093 0.302738 8.497503
0.187647 0.120901 8.567083
0.176410 0.035490 8.524359
0.187647 0.120901 8.567083
0.105719 0.226882 9.977818
0.105719 0.056136 9.977818
1.240786 0.015738 9.339087
1.087664 -0.008562 9.367773
1.028527 0.288692 9.830304
0.962380 0.254016 9.870587
1.099496 0.088222 9.625387
1.078973 0.183436 9.630270
0.851196 0.278697 9.566827
0.884917 0.305285 9.466729
-0.580721 -0.674069 3.215334
-0.507415 -0.602407 3.557093
-0.480570 -0.623719 3.545865
-0.354420 -0.812363 3.944599
-0.321499 -0.683808 3.970844
-0.507994 -0.754429 3.854155
-0.389777 -0.778919 3.825773
-0.656271 -0.696346 3.386954
-0.653562 -0.694133 3.350028
-0.587969 -0.666592 3.231203
-0.000000 -0.547995 4.210603
0.041915 -0.624747 4.001252
-0.363360 0.109575 6.273369
0.000000 0.106352 6.287407
0.000000 -0.300266 5.558647
0.092025 -0.389950 5.688652
-0.982474 -0.982474 0.985549
0.982474 -0.982474 0.985549
-0.228339 -1.106822 3.606598
-0.289544 -0.624492 3.681671
-0.228339 -1.106822 3.606598
-0.289544 -0.624492 3.681671
-2.002813 0.226872 11.427635
-0.980246 0.226872 10.730614
-0.663227 -0.225183 8.327617
-0.851139 -0.159436 8.616313
-0.845856 -0.072613 8.850197
-0.755830 -0.070739 8.872780
-1.258988 0.114460 9.224342
-1.181397 0.295915 9.207863
-0.071101 -0.754090 4.507408
0.835713 -0.130206 4.817090
0.768040 -0.114846 4.865307
0.858144 0.045005 4.859509
0.809621 0.035679 4.893078
0.973147 0.169237 3.622429
0.965441 0.113139 3.451226
0.971855 -0.122390 3.852648
0.835137 -0.112314 3.813281
0.927313 -0.027608 4.829449
0.927313 0.027615 4.829449
0.839214 -0.064180 3.944776
0.839595 -0.064180 3.878247
0.624976 -0.041915 4.001252
0.624976 0.041915 4.001252
0.621466 0.255909 4.272248
1.077601 -0.094492 4.285501
1.063487 -0.130530 4.314797
0.822882 0.248935 3.997590
0.940528 0.197457 3.891999
1.079993 0.226371 3.938386
0.585099 -0.038357 4.738730
0.583001 -0.072489 4.587974
0.765595 -0.089063 4.580319
0.728517 -0.089063 4.704525
0.625067 0.415218 3.969211
0.625067 0.397403 4.144077
0.570742 0.496355 3.521861
0.576971 0.550060 3.531278
0.643514 0.626002 3.358461
0.666631 0.588007 3.231813
0.889370 0.315486 4.257177
0.867169 0.429888 4.279150
0.681622 0.436411 4.053014
0.683300 0.450144 3.977636
0.651183 0.574830 3.430351
0.686011 0.601151 3.389458
0.636582 -0.318218 3.943988
0.658936 -0.348889 3.835041
0.683989 -0.601113 3.354363
0.643629 -0.633195 3.347649
0.774572 -0.467014 3.807461
0.621756 -0.427875 3.838894
0.806641 -0.373440 3.929781
0.788052 -0.475169 3.945287
0.683989 -0.601113 3.354363
0.643629 -0.633195 3.347649
1.056010 -0.115467 3.527557
1.038997 -0.068437 3.486053
0.747143 0.500913 4.440272
0.740811 0.225378 4.542811
-0.099155 0.837315 4.845162
-0.065634 0.810841 4.851571
-0.000000 0.735997 4.586373
-0.030878 0.588826 4.624520
0.169231 0.973147 3.622123
0.169231 0.978716 3.667594
-0.169237 0.978716 3.667594
-0.143537 0.694064 3.702384
0.021360 0.948927 4.761178
0.054292 0.933439 4.731270
0.050088 0.675258 3.877332
-0.047626 0.675258 3.877332
-0.122395 0.997366 4.484954
-0.212357 0.675940 4.013763
-0.248935 0.822730 3.998504
0.130530 1.028849 4.384988
0.000000 1.045634 4.321511
-0.204993 1.048560 4.029022
0.122395 0.997366 4.484954
-0.078836 0.861182 3.946929
-0.072489 0.583039 4.588278
-0.038357 0.585137 4.738729
-0.000000 0.859056 4.596492
-0.000000 0.778871 4.707881
-0.464932 0.654130 4.005633
-0.455090 0.615754 4.013263
-0.464932 0.654130 4.005633
-0.455090 0.615754 4.013263
-0.596533 0.712673 3.450126
-0.628729 0.728694 3.386954
-0.472956 0.719311 3.972447
-0.467578 0.760815 3.959630
-0.576737 0.634207 3.515800
-0.496355 0.570742 3.521860
0.609370 0.640080 3.223878
0.588389 0.663083 3.188478
0.392832 0.770737 3.817165
0.470461 0.754639 3.835781
0.522953 0.748734 3.844806
0.497852 0.782608 3.979084
0.535480 0.666239 3.552146
0.557720 0.638888 3.556113
0.653677 0.694210 3.350028
0.656385 0.696498 3.386954
-0.041915 0.624899 4.002471
0.041915 0.624899 4.002471
-0.253221 0.619533 3.566314
-0.171067 0.438564 0.954620
-0.635443 0.667201 3.450126
-0.608740 0.644313 3.459281
-0.588826 0.030878 4.623910
-0.735997 -0.000000 4.585763
-0.768040 -0.114846 4.866220
-0.690907 -0.123291 4.889718
-0.823235 0.083447 3.838542
-0.797676 0.097719 3.744853
-0.978716 -0.169237 3.667594
-0.973147 -0.169237 3.622123
-0.826898 0.086186 4.675900
-0.714594 0.086186 4.705502
-1.062064 0.240311 3.998810
-1.079840 0.226371 3.938690
-0.548148 -0.000000 4.211212
-1.135890 -0.094905 4.149696
-1.117453 -0.244624 4.066559
-1.062064 -0.240311 3.998810
-0.997493 -0.094874 4.046242
-0.987422 -0.047032 4.067604
-0.997493 -0.094874 4.046242
-0.779044 -0.241005 4.470529
-0.766837 -0.037891 4.635629
-0.928265 -0.510336 4.385339
-0.900647 -0.518156 4.186975
-0.778412 -0.379444 3.810626
-0.658860 -0.348850 3.835345
-0.558751 -0.531168 3.226625
-0.640118 -0.609408 3.223573
-0.644313 -0.608740 3.459281
-0.630046 -0.592108 3.432425
-0.754429 -0.508032 3.854154
-0.797077 -0.506544 3.897489
-0.589079 -0.479920 3.359550
-0.543646 -0.515320 3.350395
-0.662858 0.365214 3.839138
-0.770737 0.392832 3.817165
-0.679999 0.408428 4.138888
-0.677710 0.428722 3.947543
-0.719311 0.472956 3.972447
-0.760815 0.467616 3.959630
-0.664328 0.572452 3.513271
-0.735052 0.542239 3.830654
-0.630123 0.592222 3.432425
-0.667202 0.622129 3.379324
-0.575003 -0.000000 4.352203
-1.056010 0.115467 3.527557
-1.113612 0.200073 3.627655
-0.726115 -0.062759 0.954925
-0.726115 -0.119467 0.954925
1.312459 1.312459 0.217454
1.312459 -1.312459 0.217454
1.312459 -1.312459 0.217454
1.312459 -1.312459 0.162656
0.198394 -1.008780 0.954090
0.198394 -1.150305 1.071125
-1.150405 0.206089 1.071154
-1.008880 0.206089 0.954119
-0.915650 -1.009029 0.327119
-0.915650 -1.009029 0.909928
-0.750840 1.073493 0.786596
0.750840 1.073493 0.786596
1.051688 0.914617 0.911316
1.051688 0.914617 0.865921
0.607151 -1.105255 0.620440
0.552448 -1.105255 0.620440
-0.472888 -1.105331 0.620367
-0.472888 -1.105331 0.638677
0.027382 -1.105255 0.620371
-0.045667 -1.105255 0.620371
1.105714 -0.375367 0.693316
1.105714 -0.534099 0.620346
1.105714 -0.534099 0.602111
1.105714 -0.320512 0.693316
-0.222705 1.105255 0.656772
-0.240996 1.105255 0.656772
0.259295 1.105255 0.675055
0.204535 1.105255 0.675055
-1.105638 -0.418185 0.675151
-1.105638 -0.418185 0.693385
-1.105714 0.045667 0.620371
-1.105714 0.045667 0.602098
-0.130206 -0.835749 4.817187
-0.114846 -0.768076 4.865710
0.033615 -0.681559 4.936205
0.061746 -0.587336 4.865710
0.130206 -0.835749 4.817187
0.057147 -0.875880 4.819323
0.113139 -0.965661 3.451491
0.072995 -1.011742 3.525649
-0.073973 -0.987976 3.874498
-0.129443 -0.961197 4.040208
0.098553 -0.838135 3.836656
0.154022 -0.851333 3.955064
-0.065786 -0.931530 4.763138
-0.065786 -0.873470 4.692642
-0.086186 -0.826915 4.675776
0.086191 -0.826915 4.675776
-0.000000 -0.759622 3.974881
-0.000000 -0.697061 4.020963
-0.042075 -0.510980 4.210782
-0.203403 -0.569930 4.391913
-0.207966 -0.544327 4.349260
-0.046650 -1.063063 4.305157
-0.047058 -1.122267 4.164471
0.240311 -1.062509 3.998990
0.204993 -1.064416 3.999600
0.204993 -1.049005 4.028592
0.172906 -0.935403 3.890042
0.094492 -1.077559 4.285931
0.109409 -1.087019 4.279828
0.251683 -0.842173 4.460129
0.240983 -0.779002 4.470505
0.034443 -0.896039 4.398877
-0.034443 -0.896039 4.398877
0.209690 -0.960400 4.238147
0.197750 -0.675747 4.319934
0.514782 -0.627629 3.852749
0.486172 -0.609624 3.852444
0.568378 -0.669896 3.536282
0.550373 -0.693318 3.527431
0.592951 -0.667488 3.251899
0.548776 -0.633575 3.254340
0.491291 -0.583546 3.333076
0.501057 -0.580761 3.308662
0.596570 -0.712666 3.449866
0.618429 -0.726323 3.405310
0.564067 -0.674636 3.476176
0.578372 -0.686843 3.477091
0.482373 -0.737183 4.063324
0.468220 -0.721009 3.972077
0.436367 -0.681641 4.053253
0.450100 -0.683396 3.977875
0.482984 -0.591924 3.477811
0.488211 -0.582196 3.423795
0.044011 -0.590326 7.042215
-0.445722 -0.460522 6.624170
-0.451539 0.042522 6.638818
0.480734 -0.401538 7.074768
0.454756 -0.427698 7.001526
-0.090802 -0.502655 6.317773
-0.119489 -0.524609 6.417871
0.083063 -0.398742 7.577245
-0.083063 -0.398742 7.577245
0.054746 -0.587961 7.205179
0.104852 -0.249663 7.795140
0.164268 -0.318805 7.731664
0.263643 -0.488925 7.537878
0.261449 -0.437274 7.465246
0.446045 -0.393069 7.164539
0.455009 -0.287631 7.135852
0.218930 -0.384343 6.375411
-0.449405 0.120187 6.437157
-0.274886 0.260129 6.430443
0.138315 -0.384343 6.338485
-0.723465 0.173269 7.892367
-0.520867 0.255647 7.640292
0.451577 0.042564 6.639465
0.425027 0.045425 6.549133
0.425955 -0.457481 6.936218
0.454756 -0.427698 7.001526
0.366867 0.033517 7.975374
0.312050 0.010515 7.702547
-0.887579 0.010830 7.921981
-0.799993 0.245221 7.978133
0.731176 0.031309 8.555527
0.761465 0.027620 8.664169
1.001867 -0.081756 8.380966
0.887502 0.010830 7.921372
0.419262 -0.440685 6.686965
0.000000 -0.504686 7.139235
0.000000 -0.572397 6.736403
-0.353706 -0.077573 7.870436
-0.424645 0.125807 7.974196
0.050292 0.523833 7.462111
0.050285 0.544966 7.636061
0.333937 -0.017072 6.520339
0.333937 -0.112029 6.518507
0.334759 -0.345174 6.502638
0.333840 -0.222589 6.491652
0.334759 -0.345174 6.502638
0.679956 0.180262 7.562819
0.482591 0.016907 7.147780
0.088058 0.447662 7.064661
0.088040 0.393761 6.989587
-0.311800 0.429350 7.727606
-0.311800 0.451360 7.676947
0.123615 0.479162 7.363090
-0.123615 0.479162 7.363090
0.123615 0.511587 7.446708
0.088029 0.618284 7.427787
-0.308264 0.474310 7.532625
-0.311640 0.503569 7.538118
-1.099256 -0.016456 9.579465
-1.217893 0.001273 9.581296
-1.123212 0.000424 9.284055
-1.240934 0.015712 9.337155
-1.131063 0.245435 9.715767
-1.091467 0.312078 9.705391
-1.099400 0.088212 9.625196
-1.098408 0.092037 9.674635
-1.014782 0.143378 9.839455
-1.040035 0.150921 9.815041
-1.066570 -0.000682 9.797623
-1.064663 0.020839 9.778702
-1.008096 0.349085 9.435469
-0.950341 0.351603 9.508711
-1.059219 0.197611 8.608980
-0.978881 0.175815 8.483248
-0.977813 0.233231 8.473482
-1.044113 0.267749 8.680391
-1.184309 0.237873 9.266357
-1.028975 0.244320 9.325562
0.807068 -0.180411 8.596165
0.807602 -0.203366 8.599827
0.801803 0.167728 8.866550
0.937378 0.219727 9.174778
1.045257 0.284620 9.152195
1.181213 0.295921 9.206516
-0.087563 0.391154 8.199388
-0.087944 0.196347 8.112107
-0.184242 -0.053478 8.487473
-0.212437 0.178132 8.347703
0.047196 0.022778 8.600999
0.047122 0.048299 8.614427
-0.203187 -0.088531 8.316782
-0.146168 -0.060265 8.304925
0.184242 -0.053478 8.487473
0.176410 -0.020175 8.522264
0.059728 -0.238917 8.329412
0.061319 -0.241034 8.447820
0.167693 0.178823 8.301783
0.176770 0.029017 8.274927
0.123587 0.048995 8.600389
0.047196 0.022778 8.600999
-0.246918 0.158570 10.486278
0.246918 0.158570 10.486278
0.246918 0.158570 10.486278
0.163591 0.158570 10.575389
-0.204029 -0.024700 8.302833
-0.176391 -0.079341 8.308326
1.161817 0.355134 9.526362
1.146101 0.349440 9.599605
1.272825 0.103745 9.453731
1.253370 0.112748 9.346309
1.022360 0.272692 9.716062
1.070043 0.298078 9.697751
1.138219 0.101105 9.698693
1.164967 0.106508 9.704060
1.054760 0.082714 9.810767
1.029125 0.076763 9.835792
1.020946 -0.011149 9.746964
1.022930 -0.032671 9.766495
1.008172 0.349104 9.434858
0.950418 0.351622 9.508101
1.838115 0.038226 11.377534
0.811046 0.038226 11.377534
-0.035679 -0.809657 4.893481
-0.000000 -0.781352 4.922472
-0.263248 -0.986035 4.377918
-0.467602 -0.929959 4.327869
-0.467060 -0.774495 3.807278
-0.525272 -0.762440 3.821011
-0.514782 -0.627629 3.852749
-0.486172 -0.609624 3.852444
-0.596842 -0.675613 3.333180
-0.607218 -0.666878 3.353017
-0.529070 -0.552882 3.307079
-0.530686 -0.553767 3.241410
-0.559716 -0.601679 3.304886
-0.569506 -0.591106 3.308453
-0.654123 -0.696130 3.387380
-0.606486 -0.653960 3.477701
-0.450100 -0.683396 3.977875
-0.469059 -0.678132 4.077057
-0.631109 -0.648877 3.381376
-0.601164 -0.685880 3.389920
0.092907 -0.953027 4.486356
-0.092907 -0.953027 4.486356
-0.041635 -0.525323 4.345670
0.816294 -0.066247 4.860218
0.818965 -0.087437 4.830005
0.833994 0.050477 4.841602
0.799815 0.043525 4.863880
0.531336 0.030872 4.714344
0.582682 0.114724 4.736316
0.694283 -0.143532 3.702346
0.688714 -0.143532 3.657485
0.987976 0.073980 3.874498
0.934799 0.073980 3.726488
0.821350 0.123824 3.958726
0.851333 0.154022 3.955064
0.873548 -0.054292 4.692514
0.901548 -0.054292 4.665964
0.675730 0.047626 3.835630
0.710520 0.047626 3.800230
1.049005 -0.204993 4.027678
0.756418 -0.213075 4.034087
0.823251 -0.248935 3.997161
1.092970 -0.142714 4.270368
1.077864 -0.130530 4.298444
0.953027 0.092907 4.485442
0.931283 0.062429 4.534270
1.113702 0.135015 4.109771
1.183740 0.133986 4.131133
1.122343 0.047058 4.164777
1.063063 0.046650 4.305463
0.552430 -0.059634 4.569799
0.529428 -0.054794 4.627477
0.908152 -0.028717 4.812915
0.735957 0.000000 4.584033
0.765576 0.089063 4.581371
0.733228 0.127691 4.399486
1.118661 -0.204993 4.067351
0.609363 0.399579 4.164573
0.605701 0.403470 4.145041
0.629181 0.492321 3.868916
0.748734 0.522915 3.844502
0.654130 0.464932 4.005024
0.615754 0.455090 4.012654
0.620895 0.562370 3.236719
0.650726 0.601241 3.234888
0.591125 0.569544 3.308605
0.552902 0.529089 3.307079
0.658268 0.620145 3.395240
0.674594 0.634459 3.389483
0.666239 0.535481 3.552146
0.661318 0.537274 3.511558
0.704148 0.494694 4.073395
0.700028 0.467991 3.976959
0.752397 0.050865 4.503882
0.755830 0.091334 4.510291
0.659902 0.569959 3.474454
0.677907 0.541197 3.510159
0.744517 -0.055570 4.611495
0.728724 -0.259122 4.431746
0.605777 -0.403470 4.145041
0.627979 -0.296506 4.123069
0.658936 -0.348888 3.834737
0.778412 -0.379520 3.810017
0.654129 -0.464970 4.005024
0.667557 -0.437542 4.036458
0.620972 -0.562332 3.236719
0.610214 -0.570495 3.225732
0.552921 -0.529070 3.307079
0.553767 -0.530686 3.241409
0.630116 -0.592145 3.432471
0.658192 -0.620107 3.395240
0.666239 -0.535481 3.552146
0.626909 -0.486424 3.554588
0.760758 -0.467610 3.959259
0.813096 -0.466084 4.021820
0.677831 -0.541197 3.509855
0.659826 -0.569959 3.473844
0.057147 0.875804 4.820237
0.045005 0.858103 4.860825
0.114724 0.732218 4.698777
-0.000000 0.736033 4.585557
-0.000000 0.572306 4.600815
-0.000000 0.736033 4.585557
0.068740 1.097954 3.594618
-0.094601 1.004034 3.887346
0.169231 0.978859 3.667555
-0.237863 0.771721 3.698683
-0.237864 0.933922 3.678541
-0.122397 0.976416 3.890703
-0.053061 0.897652 4.781281
-0.020880 0.923592 4.813325
0.086186 0.826915 4.676385
0.086186 0.714610 4.705377
-0.047627 0.736552 3.729448
-0.066334 0.854884 3.759050
0.213074 0.591852 4.234890
0.208824 0.590656 4.356126
-0.031006 0.576351 4.351701
0.031008 0.576351 4.351701
0.069369 1.075194 4.295390
0.130530 1.058180 4.336284
-0.207964 0.544307 4.349259
-0.041635 0.525247 4.345669
-0.031006 0.576351 4.351701
-0.049246 0.555052 4.388250
-0.023020 0.983641 4.053996
0.000000 1.107771 4.151347
0.122390 0.976416 3.890703
0.094594 1.004034 3.887346
0.018148 0.706754 4.398875
0.011746 0.738034 4.579234
-0.494228 0.741818 4.421556
-0.506512 0.677197 4.253710
-0.408428 0.679999 4.138888
-0.428722 0.677710 3.947543
-0.392909 0.770737 3.817165
-0.365290 0.662858 3.839138
-0.569320 0.600416 3.362120
-0.549884 0.622866 3.356016
-0.596727 0.667336 3.307851
-0.619863 0.635883 3.303221
-0.531064 0.558683 3.226701
-0.520955 0.569059 3.236467
-0.603770 0.710491 3.389636
-0.628107 0.726609 3.386922
-0.454564 0.866731 4.140228
-0.429844 0.867112 4.278473
-0.383017 0.829417 3.897429
-0.393431 0.813853 3.840361
-0.056316 0.655160 4.524022
-0.050865 0.752397 4.504490
-0.479933 0.591085 3.395108
-0.488211 0.582196 3.424099
0.267559 0.997555 4.431322
0.465504 0.936978 4.377000
0.372150 0.712881 4.296969
0.380695 0.770102 4.307651
0.525272 0.762440 3.821315
0.542248 0.734822 3.831080
0.569301 0.600397 3.362120
0.549884 0.622847 3.356016
0.549884 0.622847 3.356016
0.607218 0.666878 3.353017
0.510050 0.585631 3.229432
0.520955 0.569059 3.236467
0.603770 0.710453 3.389636
0.634459 0.674556 3.389636
0.373471 0.806646 3.930022
0.341038 0.653489 3.970855
0.517126 0.548207 3.481167
0.464331 0.617711 3.513516
0.135015 1.113626 4.110379
0.078836 0.861475 3.946500
-0.799739 0.043525 4.865098
-0.784709 0.080485 4.853501
-0.732142 -0.114724 4.698167
-0.835597 -0.130206 4.817185
-0.799739 -0.043525 4.865098
-0.809504 -0.035679 4.893479
-0.688714 0.143532 3.656874
-0.771798 0.237858 3.698378
-0.961197 -0.129449 4.040208
-0.987976 -0.073980 3.874192
-0.836569 -0.112319 3.824785
-0.802618 -0.078160 3.829057
-0.939535 0.026745 4.813905
-0.913366 0.067979 4.782166
-0.675269 0.050088 3.877282
-0.646277 0.050088 3.917870
-0.927392 0.250168 3.951993
-0.940744 0.197457 3.892483
-1.183053 0.189117 4.129300
-1.117898 0.244624 4.066433
-1.136153 0.094905 4.149516
-0.990945 0.135079 4.394192
-1.053430 0.114928 4.423184
-0.846979 -0.270441 4.393582
-0.621759 -0.255909 4.272427
-1.136153 -0.094905 4.149516
-0.997755 0.094874 4.046061
-0.597749 0.101791 4.531651
-0.561242 0.099608 4.573155
-0.744517 -0.055560 4.611189
-0.728724 -0.259113 4.431441
-0.823636 -0.096213 4.580150
-0.762067 -0.080823 4.707103
-0.785382 -0.223080 4.536302
-0.645432 -0.311619 3.979083
-0.636582 -0.318180 3.943988
-0.629181 -0.427700 4.044696
-0.615754 -0.455090 4.013263
-0.645309 -0.543487 3.217492
-0.638514 -0.552279 3.231158
-0.618998 -0.545182 3.253920
-0.580775 -0.504708 3.252394
-0.686650 -0.652341 3.405309
-0.726323 -0.618505 3.405309
-0.675628 -0.628230 3.368753
-0.704238 -0.603739 3.368753
-0.788148 -0.475163 3.944610
-0.760758 -0.467572 3.958953
-0.983441 -0.231434 4.480149
-0.578637 -0.052501 4.586278
-0.560327 -0.045897 4.630529
-0.651166 -0.574842 3.430508
-0.659902 -0.569959 3.474148
-0.885889 0.249232 4.474776
-0.897486 0.249843 4.393294
-0.741818 0.494266 4.421556
-0.735485 0.218654 4.524400
-0.606904 0.461689 3.978168
-0.615754 0.455128 4.013263
-0.650391 0.325466 4.020282
-0.645432 0.311657 3.979083
-0.634476 0.551116 3.190332
-0.610214 0.570495 3.225427
-0.552921 0.529070 3.306926
-0.591125 0.569506 3.308452
-0.710453 0.603770 3.389636
-0.726246 0.618467 3.405309
-0.726609 0.628125 3.386921
-0.696130 0.654142 3.386921
-0.678132 0.469097 4.075836
-0.743211 0.434994 4.311432
-0.648877 0.631147 3.381374
-0.685880 0.601202 3.389919
-0.997755 -0.094874 4.046061
-0.247510 0.389577 6.158714
-0.299225 0.306069 6.150780
0.445839 -0.529097 5.849876
-0.204620 -0.199565 6.015282
0.000000 -0.191921 5.975609
0.266822 0.240098 1.544457
0.087141 0.240098 1.545067
0.462352 -0.393838 6.006737
0.942105 0.942105 1.059173
-0.942105 0.942105 1.059173
-0.200073 -1.113584 3.627707
-0.135469 -1.081159 3.508383
0.253221 -0.619428 3.566671
0.068698 -0.626829 3.562704
1.027677 -0.147965 3.429342
1.081159 -0.135469 3.508383
1.028593 0.068533 3.409811
0.726087 0.062759 0.954977
0.119467 0.726087 0.954977
0.147965 1.027677 3.429342
-0.253221 0.619428 3.566671
-0.171067 0.438535 0.954977
-0.626829 0.068698 3.562704
-0.619428 0.253221 3.566671
972 973
974 977
970 971
975 976
1525 1528
2779 2780
1523 1524
2564 2565
2617 2618
2543 2544
2560 2561
998 1001
0 1
178 179
474 475
2685 2686
3045 3048
3046 3047
3321 3322
3269 3270
3795 3796
990 991
2425 2430
1421 1422
3793 3794
64 65
1195 1200
3791 3792
1085 1086
2583 2584
2141 2142
1876 1877
1919 1920
2923 2924
2 3
1795 1796
2428 2429
1825 1826
704 705
1669 1670
2041 2136
1915 1916
3158 3159
2665 2666
2882 2883
1659 1660
3783 3784
2026 2071
2295 2302
2251 2252
2235 2236
2151 2152
2891 2892
2153 2154
2439 2440
3331 3332
999 1000
1014 1015
182 183
3164 3165
270 271
1002 1003
3526 3527
706 707
2945 2946
2971 3002
72 73
2972 2973
2581 2582
32 33
60 61
298 299
2625 2626
1856 1857
2957 2958
2549 2550
238 239
1775 1776
1665 1666
1925 1926
1799 1800
1801 1802
184 185
2157 2158
3329 3330
2445 2446
1995 1996
1593 1594
2764 2765
2820 2821
2263 2264
246 247
28 29
3407 3408
992 993
92 93
2323 2324
2326 2327
682 683
3506 3507
1306 1307
3160 3161
3162 3163
3452 3453
1020 1021
3438 3439
608 609
1494 1495
586 587
574 575
1605 1606
232 233
592 593
2961 2962
602 605
292 293
306 307
42 43
1961 1962
618 619
3098 3099
3104 3105
2072 2073
2039 2040
2024 2025
982 983
2597 2598
436 437
2766 2767
2541 2542
994 995
142 143
3096 3097
222 223
2571 2572
302 303
980 981
2872 2873
662 663
3089 3090
3441 3442
2893 2894
1008 1009
2435 2436
3003 3004
132 133
1608 1609
600 601
2955 2956
1785 1786
2642 2643
234 235
34 35
3011 3012
468 469
2794 2795
2562 2580
1771 1772
606 607
3154 3155
978 979
1517 1518
66 67
236 237
272 273
2181 2192
2941 2942
3166 3167
2111 2112
1500 1501
2967 2968
3486 3487
3187 3190
656 657
450 451
1779 1780
326 327
452 453
460 461
3426 3427
1921 1922
3051 3052
58 59
2182 2183
70 71
2105 2106
3078 3079
3312 3313
120 121
2557 2573
338 339
552 553
676 677
678 679
2576 2577
240 241
2947 2948
2963 2964
3073 3074
3699 3700
1395 1400
622 623
1110 1111
1595 1596
768 769
1219 1220
3102 3103
1789 1790
2007 2008
3021 3022
3386 3387
3756 3757
860 861
3221 3222
1831 1884
1508 1509
2555 2556
1791 1792
2551 2563
2843 2846
370 371
3229 3230
3580 3581
520 521
1852 1853
1036 1037
1767 1768
20 21
372 373
2419 2420
1805 1806
2635 2636
654 655
36 37
2943 2944
3432 3433
2253 2258
2426 2427
6 7
2899 2900
690 691
1569 1570
2011 2012
1249 1250
2259 2260
1555 1556
1811 1812
3730 3731
3605 3606
3492 3493
2209 2210
2300 2301
1469 1470
1465 1466
665 666
1351 1352
1431 1432
2805 2806
2087 2088
3292 3293
868 869
1512 1513
1878 1879
84 85
3434 3435
3724 3725
150 151
2807 2808
1492 1493
2781 2782
230 231
1651 1652
2558 2559
542 543
82 83
833 834
2980 2993
30 31
3458 3459
398 399
3084 3085
3770 3771
2134 2135
1325 1326
3235 3241
2925 2926
104 105
2567 2568
296 297
916 917
1842 1843
3240 3242
2313 2314
3443 3444
266 267
652 653
2861 2862
528 529
1938 1939
2707 2708
438 439
2951 2952
1597 1598
2569 2570
2981 2982
658 659
52 53
2374 2375
1763 1764
2959 2960
1783 1784
2978 2979
2652 2653
3093 3094
3152 3153
1864 1865
2927 2928
2074 2075
1551 1552
3440 3449
588 589
590 591
3423 3424
1541 1542
2953 2954
1498 1499
1769 1770
610 611
2325 2330
3480 3481
1765 1766
922 923
3530 3531
1369 1370
2076 2077
1547 1548
2783 2784
1637 1638
2441 2442
3681 3682
3076 3077
18 19
3490 3491
2931 2932
2809 2884
78 79
409 410
86 87
1887 1888
1832 1833
14 15
2768 2769
3778 3779
2035 2036
2803 2804
950 951
2015 2016
3777 3782
3734 3749
2802 2869
258 259
2983 2984
2552 2566
2974 2975
74 75
3294 3295
190 191
138 139
3170 3171
1090 1091
1425 1426
1312 1313
424 425
192 193
1809 1810
616 617
2027 2086
44 45
3128 3129
1787 1788
2574 2575
1838 1839
3100 3101
1781 1782
848 849
3308 3309
3661 3662
548 549
2933 2934
1836 1837
2994 2995
1318 1319
3088 3095
364 365
1599 1600
1094 1095
3582 3583
2853 2854
584 585
2307 2308
3548 3549
1214 1215
54 55
224 225
308 309
3797 3798
3787 3788
2028 2029
831 832
46 47
3325 3326
3327 3328
2585 2586
2279 2280
2213 2214
1263 1264
3657 3658
1543 1545
3156 3157
3378 3379
3023 3024
3009 3010
596 597
2545 2546
3177 3178
788 789
3659 3660
2644 2645
3780 3781
812 815
2193 2194
328 329
1271 1272
3709 3710
16 17
106 107
2976 2977
3361 3362
2023 2070
1032 1033
1292 1293
1405 1406
928 929
630 631
1538 1539
1160 1161
1048 1049
1383 1384
3197 3198
110 111
3445 3446
576 577
1854 1855
3000 3001
2034 2117
1496 1497
1829 1830
1353 1354
2602 2603
3017 3018
1846 1847
202 203
206 207
808 809
3286 3291
3721 3727
3726 3774
2390 2401
2751 2763
1433 1434
12 13
100 101
3367 3368
3631 3633
440 441
530 531
912 913
50 51
3132 3133
304 305
2747 2748
1070 1071
3019 3020
1981 1994
2775 2777
466 467
3649 3650
146 147
3482 3483
3413 3414
2303 2304
2387 2407
1284 1285
612 613
3629 3630
2657 2658
2991 2992
1320 1321
736 737
819 820
3634 3635
3027 3028
152 153
2095 2096
2269 2270
3025 3026
2091 2092
3406 3415
2578 2579
136 137
1641 1642
1553 1554
3695 3696
1844 1845
3627 3628
3213 3214
842 843
2646 2647
3067 3068
310 311
3653 3654
2627 2628
2399 2400
3703 3704
1429 1430
2789 2790
728 729
3134 3135
2935 2936
2315 2316
1038 1039
3559 3560
3118 3119
1793 1794
68 69
140 141
114 115
2190 2191
2589 2590
2126 2127
1534 1536
1375 1376
1533 1535
2066 2067
3273 3274
3055 3056
3225 3226
290 291
3193 3194
1982 2009
3243 3244
1100 1101
1211 1212
1891 1892
2985 2986
2832 2833
1537 1540
3576 3577
758 759
3374 3375
846 847
1216 1217
1255 1256
3502 3503
1823 1824
3236 3237
2037 2038
2939 2940
3478 3479
2812 2813
792 793
872 873
1275 1276
1559 1560
118 119
340 341
353 354
405 406
126 127
3015 3016
2659 2660
3191 3192
204 205
1066 1067
672 673
2987 2988
1173 1174
918 919
434 435
532 533
130 131
380 381
62 63
1241 1242
3488 3489
3120 3121
684 685
634 635
670 671
3238 3239
274 275
1483 1484
578 579
2609 2610
1279 1280
1168 1169
2608 2654
926 927
3285 3316
3069 3070
1872 1873
1531 1532
3317 3318
2663 2664
1529 1530
3179 3180
818 841
1124 1125
1259 1260
516 517
2271 2272
3732 3733
825 826
1936 1937
2705 2706
180 181
2118 2119
254 255
688 689
446 447
550 551
712 713
3261 3262
1813 1814
2137 2138
24 25
288 289
964 965
3673 3674
2875 2876
1860 1861
413 414
3785 3786
748 749
2865 2866
988 989
1777 1778
2828 2829
896 897
3059 3060
2796 2797
2965 2966
3245 3246
2929 2930
1601 1602
1868 1869
2998 2999
480 481
478 479
484 485
486 487
2437 2438
2443 2444
2897 2898
1923 1924
2149 2150
2155 2156
3053 3054
1544 1546
3371 3550
1519 1520
284 285
3145 3146
403 404
954 955
212 213
2880 2881
226 227
2826 2827
2855 2856
2064 2065
2591 2621
2431 2432
280 281
3201 3202
986 987
2132 2133
2293 2294
3007 3008
1885 1886
2969 2970
512 513
1170 1213
3707 3708
2341 2342
10 11
546 547
2056 2057
3363 3364
1150 1151
1261 1262
407 408
411 412
122 123
3466 3467
996 997
3195 3196
924 925
1316 1317
2753 2772
2392 2413
1643 1644
660 661
56 57
2347 2348
2773 2774
88 89
3296 3297
2372 2373
2032 2033
3587 3588
3609 3610
2042 2043
2553 2554
3147 3148
870 871
3641 3642
342 343
3450 3451
1128 1129
2732 2733
1401 1402
3508 3509
1132 1133
3643 3644
2547 2548
3355 3356
2996 2997
3464 3465
784 785
2697 2700
648 649
2447 2448
472 473
1917 1918
3203 3204
90 91
1239 1240
942 943
3500 3501
2078 2079
2587 2588
1371 1372
1773 1774
2249 2250
2395 2404
2691 2692
4 5
1797 1798
2921 2922
244 245
1935 1940
428 429
3281 3282
3639 3640
2283 2284
1589 1590
332 333
1288 1289
910 911
260 261
3209 3210
1203 1204
2408 2410
744 745
3110 3111
1862 1863
632 633
3460 3461
1281 1324
1361 1362
1821 1822
944 945
1385 1386
1221 1222
1332 1333
3306 3307
3663 3664
418 419
2949 2950
3298 3299
3436 3437
3126 3127
318 319
334 335
2613 2614
680 681
1657 1658
2120 2121
580 581
3607 3608
3416 3417
2745 2746
3542 3543
1889 1890
3420 3421
3514 3515
882 883
3140 3141
294 295
3116 3117
1028 1029
3057 3058
186 187
2188 2189
1866 1867
1164 1165
312 313
864 865
2058 2059
3411 3412
1858 1859
1848 1849
2650 2651
3719 3720
3013 3014
384 385
2619 2620
1943 1944
2716 2717
2398 2409
3215 3216
2405 2406
2080 2081
98 99
108 109
2267 2268
2901 2902
1018 1019
2639 2640
248 249
3005 3006
1840 1841
2421 2422
2184 2185
2754 2755
3255 3256
1056 1057
536 537
144 145
1874 1875
1068 1069
1616 1617
148 149
2221 2222
1467 1468
1243 1244
2097 2098
2227 2228
3544 3545
2887 2888
422 423
3555 3556
2847 2848
614 615
1126 1127
562 563
724 725
568 569
218 219
804 805
3599 3600
3114 3115
582 583
2345 2346
48 49
3677 3678
3075 3172
1870 1871
400 417
2989 2990
2356 2357
3775 3776
300 301
362 363
96 97
116 117
3277 3278
462 463
2215 2216
2211 2212
430 431
746 747
906 907
324 325
526 527
3233 3234
2319 2320
454 455
740 741
898 899
2874 2877
3138 3139
1373 1374
902 903
2849 2850
80 81
1834 1835
1975 1976
2139 2140
1603 1604
594 595
2044 2045
1631 1632
3789 3790
2233 2234
3124 3125
3130 3131
1062 1063
2030 2031
816 817
3359 3360
2604 2605
837 838
2195 2198
3122 3123
2785 2814
3447 3448
2305 2306
2196 2197
2382 2383
3428 3429
1130 1131
262 263
3400 3401
3476 3477
3524 3525
268 269
2837 2838
3697 3698
3168 3169
3106 3107
3454 3455
2844 2845
714 715
22 23
984 985
1882 1883
214 215
952 953
242 243
2857 2858
2611 2612
2913 2914
2167 2168
498 499
2499 2500
2179 2180
2515 2516
1691 1692
1715 1716
1727 1728
1755 1756
1757 1758
2525 2526
3037 3038
3365 3366
2177 2178
492 493
494 495
2173 2174
2452 2453
2667 2668
2677 2678
3041 3042
1909 1910
2903 2904
1635 1636
1655 1656
1959 1969
514 515
2741 2744
2749 2750
3418 3419
2937 2938
3422 3425
2358 2359
286 287
2867 2868
2277 2278
696 697
3287 3288
2243 2244
2122 2123
2770 2771
256 257
2411 2412
2385 2386
2046 2047
2815 2819
1201 1202
2207 2208
2391 2418
2752 2776
2265 2266
3061 3062
320 321
2107 2108
2798 2799
835 836
2147 2148
827 828
750 751
1567 1568
1565 1566
3091 3092
3136 3137
890 891
1639 1640
3353 3354
2689 2690
3173 3174
1612 1613
754 755
756 757
3568 3569
1978 2000
1563 1564
2631 2632
3185 3186
908 909
3267 3268
624 625
813 814
3357 3358
40 41
3108 3109
1932 1933
2296 2297
378 379
1471 1472
38 39
544 545
3754 3755
2052 2053
3409 3410
1987 1988
388 389
1819 1820
3621 3622
3259 3260
351 352
862 863
3275 3276
366 367
3086 3087
644 645
1058 1059
2113 2114
3504 3505
710 711
2729 2730
1989 1997
3717 3718
2130 2131
1166 1167
3567 3584
2606 2607
476 477
3049 3050
1171 1172
278 279
8 9
3468 3469
1624 1625
1607 1630
734 735
2370 2371
134 135
3369 3370
1521 1522
3430 3431
732 733
3402 3403
3205 3206
884 885
1653 1654
948 949
790 791
94 95
1236 1237
1348 1349
3647 3648
1977 2010
554 555
1207 1208
3512 3513
1571 1572
2633 2634
112 113
2595 2596
752 753
1610 1611
1461 1462
3574 3575
200 201
3339 3340
2915 2916
2377 2378
396 397
3251 3252
2756 2757
3689 3690
1967 1968
1557 1558
464 465
2637 2638
330 331
2839 2840
1391 1392
3722 3723
534 535
1186 1187
1585 1586
700 701
3314 3315
2870 2871
102 103
1479 1480
2013 2014
1083 1084
2048 2049
1526 1527
2810 2811
2017 2018
1134 1137
3384 3385
640 641
850 851
2021 2022
2787 2788
1138 1139
1622 1623
2115 2116
1334 1335
852 853
1437 1438
2369 2376
810 811
1251 1254
1949 1954
1054 1055
2762 2778
3183 3184
1661 1662
2239 2240
620 621
3538 3539
3615 3616
702 703
1196 1197
3219 3220
415 416
3382 3383
3496 3497
3283 3284
1140 1143
1245 1246
664 667
2878 2879
444 445
780 781
355 356
3619 3620
1308 1309
128 129
2601 2641
3578 3579
3645 3646
1294 1295
718 719
3572 3573
3510 3511
1102 1103
829 830
1108 1109
1443 1444
3532 3533
3112 3113
3302 3303
510 511
888 889
626 627
194 195
1156 1157
1269 1270
821 822
3675 3676
2054 2055
374 375
3082 3083
3207 3208
264 265
3175 3176
866 867
638 639
2728 2736
1815 1816
2599 2600
2760 2761
3683 3684
668 669
282 283
764 765
390 391
336 337
2859 2860
3304 3305
946 947
3713 3714
1223 1224
839 840
1645 1646
1423 1424
1198 1199
2050 2051
1096 1097
1473 1474
2273 2274
2321 2322
2099 2100
2082 2083
2062 2063
2161 2162
2693 2694
124 125
2800 2801
2648 2649
3516 3517
1504 1505
2219 2220
2217 2218
968 969
26 27
3319 3320
1355 1356
524 525
1620 1621
228 229
1379 1380
1573 1574
432 433
1581 1582
1298 1299
956 957
3392 3393
776 777
556 557
3741 3742
3593 3594
3764 3765
3728 3729
3456 3457
3181 3182
208 209
1267 1268
1393 1394
3404 3405
3199 3200
2527 2528
3341 3344
1741 1742
2101 2102
506 509
2917 2918
2687 2688
2889 2890
3323 3324
176 177
2145 2146
488 489
2169 2170
2673 2674
2909 2910
2175 2176
2629 2630
1709 1710
1717 1718
3347 3348
2459 2460
1911 1914
2489 2490
2911 2912
3335 3336
1579 1580
692 693
1122 1123
1302 1303
3617 3618
1114 1115
1336 1337
2841 2842
1577 1578
3528 3529
2275 2276
386 387
1098 1099
1427 1428
1618 1619
382 383
1343 1344
1232 1233
3289 3290
252 253
1952 1953
2360 2361
2379 2384
314 315
2592 2593
3637 3638
3743 3744
1407 1408
3211 3212
3217 3218
772 773
932 933
1419 1420
2254 2255
674 675
2335 2336
1647 1648
2725 2731
3396 3397
2001 2002
1409 1410
2863 2864
1185 1188
1296 1297
642 643
2734 2735
442 443
3372 3373
2019 2020
3715 3716
1389 1390
196 197
3565 3566
3470 3471
3065 3066
376 377
1998 1999
316 317
2696 2701
566 567
3623 3624
806 807
470 471
2291 2292
686 687
3603 3604
1587 1588
1614 1615
2285 2286
1929 1934
766 767
3591 3592
960 961
2758 2759
2396 2397
1403 1404
914 915
3498 3499
2365 2366
2256 2257
3188 3189
2710 2713
2245 2246
3546 3547
3772 3773
738 739
3711 3712
760 761
920 921
3750 3751
2124 2125
1154 1155
2822 2823
2003 2004
1118 1119
2851 2852
1225 1226
2816 2817
564 565
1205 1206
1314 1315
1850 1851
1064 1065
1290 1291
886 887
1277 1278
1979 1980
3063 3064
3693 3694
3257 3258
1817 1818
3231 3232
2351 2352
350 359
1300 1301
1413 1414
448 449
3762 3763
1381 1382
1927 1928
2622 2623
540 541
1649 1650
3651 3652
1060 1061
1310 1311
844 845
3625 3626
1475 1476
3279 3280
3227 3228
1960 1970
1104 1107
2895 2896
1010 1011
3333 3334
2247 2248
3557 3558
276 277
2791 2836
698 699
786 787
3752 3753
1338 1347
1076 1089
1449 1460
1549 1550
1179 1180
2615 2616
3611 3612
874 875
1387 1388
394 395
3737 3738
3253 3254
3310 3311
3760 3761
794 795
346 347
1329 1350
2414 2415
650 651
1880 1881
1591 1592
3223 3224
2309 2310
570 571
572 573
1506 1507
930 931
2709 2718
1006 1007
2199 2200
3561 3562
2060 2061
2237 2238
2834 2835
938 939
1304 1305
1193 1194
1417 1418
802 803
1827 1828
1945 1946
2711 2712
2261 2262
708 709
762 763
1992 1993
3701 3702
420 421
730 731
894 895
1074 1075
1367 1368
3553 3554
1985 1986
3601 3602
603 604
220 221
3597 3598
1673 1674
368 369
1930 1931
154 155
164 165
500 501
3071 3072
1040 1041
1144 1145
3080 3081
1487 1488
2416 2417
3247 3248
3249 3250
3589 3590
456 457
1322 1323
3768 3769
2298 2299
2792 2793
2317 2318
2824 2825
3655 3656
3632 3636
3667 3668
1265 1266
1377 1378
1152 1153
2343 2344
876 877
880 881
2109 2110
1575 1576
774 775
426 427
2655 2656
2830 2831
1510 1511
3563 3564
2186 2187
2885 2886
966 967
2287 2288
782 783
560 561
3745 3746
2367 2368
1116 1117
1226 1227
858 859
1079 1080
1230 1231
2349 2350
1965 1966
216 217
3265 3266
357 358
3149 3150
3551 3552
458 459
1234 1235
392 393
3735 3736
3758 3759
2495 2496
2503 2504
2726 2727
162 163
2509 2510
2719 2720
1739 1740
1689 1690
1481 1482
1895 1896
2467 2468
2679 2680
3039 3040
1761 1762
1893 1894
1897 1898
1907 1908
2669 2670
2005 2006
778 779
344 345
3271 3272
3520 3521
962 963
1663 1664
1667 1668
1502 1503
1633 1634
3143 3144
2402 2403
3472 3473
2084 2085
1477 1478
1947 1948
2714 2715
1485 1486
598 599
940 941
1359 1360
3263 3264
76 77
726 727
3376 3377
250 251
1177 1178
198 199
210 211
1435 1436
1983 1984
2393 2394
3300 3301
1990 1991
1341 1342
1957 1958
1955 1956
2241 2242
3570 3571
348 349
188 189
3685 3686
2331 2332
770 771
3388 3389
3534 3535
2231 2232
1363 1366
1052 1053
1445 1446
1463 1464
1282 1283
1024 1025
1286 1287
1022 1023
1141 1142
1026 1027
2786 2818
3747 3748
934 935
1050 1051
1330 1331
3679 3680
1087 1088
2205 2206
1120 1121
3705 3706
3390 3391
798 799
3665 3666
3687 3688
1175 1176
900 901
1807 1808
482 483
2143 2144
1189 1190
1077 1078
1012 1013
3462 3463
1561 1562
2353 2362
3671 3672
1105 1106
2089 2090
3522 3523
1447 1448
3494 3495
2328 2329
646 647
3474 3475
401 402
1628 1629
1252 1253
1135 1136
892 893
636 637
1626 1627
720 721
558 559
2068 2069
1803 1804
1415 1416
1454 1455
3518 3519
538 539
694 695
2594 2624
1583 1584
1411 1412
1112 1113
1515 1516
1046 1047
2128 2129
1042 1043
518 519
1072 1073
3766 3767
2661 2662
2093 2094
1218 1238
3394 3395
2380 2381
1004 1005
742 743
904 905
2475 2476
2471 2472
2449 2450
2523 2524
1693 1694
1671 1672
1745 1746
1743 1744
160 161
1905 1906
2159 2160
2497 2498
504 505
2171 2172
1973 1974
1489 1514
1364 1365
1439 1440
2311 2312
2337 2338
2388 2389
2739 2740
1450 1451
1030 1031
3536 3537
878 879
1971 1972
1092 1093
1209 1210
3484 3485
1044 1045
522 523
823 824
1357 1358
1247 1248
3595 3596
1016 1017
1327 1328
2203 2204
2703 2704
2423 2424
3691 3692
854 855
716 717
1941 1942
1963 1964
1148 1149
1456 1457
3585 3586
1158 1159
2201 2202
2103 2104
2354 2355
800 801
1191 1192
1081 1082
1396 1397
722 723
856 857
360 361
628 629
1339 1340
1452 1453
3142 3151
3398 3399
3380 3381
1257 1258
1034 1035
166 167
170 171
490 491
1899 1900
1901 1902
2163 2164
2165 2166
2451 2454
2487 2488
2905 2906
3337 3338
156 157
3345 3346
2457 2458
1683 1684
1675 1676
1759 1760
1747 1748
1701 1702
1685 1686
1719 1720
1721 1722
1749 1750
1695 1696
1677 1678
1703 1704
158 159
502 503
507 508
1912 1913
2675 2676
2681 2682
2683 2684
2907 2908
3029 3030
2519 2520
174 175
1903 1904
2491 2492
3033 3034
3043 3044
3351 3352
1273 1274
1162 1163
168 169
172 173
496 497
2469 2470
2479 2480
2521 2522
2919 2920
3031 3032
3035 3036
3342 3343
3349 3350
2455 2456
1737 1738
2671 2672
2229 2230
1398 1399
1697 1698
1699 1700
1705 1706
1707 1708
1711 1712
1713 1714
1751 1752
1753 1754
2473 2474
2477 2478
2481 2482
2483 2484
2485 2486
2493 2494
2529 2530
2531 2532
2533 2534
2535 2536
2537 2538
2539 2540
2225 2226
2721 2722
3739 3740
1228 1229
936 937
3669 3670
796 797
3613 3614
2461 2462
2501 2502
1729 1730
1731 1732
1679 1680
1681 1682
1687 1688
1723 1724
1725 1726
1733 1734
1735 1736
2511 2512
2513 2514
2517 2518
2463 2464
2465 2466
2505 2506
2507 2508
2363 2364
2723 2724
1146 1147
1441 1442
2433 2434
2289 2290
2333 2334
322 323
2737 2738
958 959
3540 3541
1183 1184
2698 2699
2339 2340
1950 1951
2281 2282
2695 2702
1181 1182
1490 1491
1458 1459
1345 1346
2742 2743
2223 2224
