14347356236094671771 3679 1900
-0.055321 -0.127067 -0.384104
-0.017331 -0.077821 -0.611227
0.059648 -0.013781 -0.476605
-0.096798 -0.002188 -0.384286
0.042922 0.052178 -0.429268
0.035024 0.030833 -0.386801
0.058221 0.020342 -0.549914
0.052312 -0.152528 -0.374940
0.055174 0.024540 -0.419893
-0.096798 -0.002188 -0.384286
-0.096798 -0.002188 -0.384286
0.040029 -0.159860 -0.496929
-0.096798 -0.002188 -0.384286
0.052312 -0.152528 -0.374940
0.065468 -0.077616 -0.381683
0.042922 0.052178 -0.429268
-0.058291 -0.121703 -0.295930
0.070256 -0.061346 -0.349021
0.055174 0.024540 -0.419893
-0.057277 0.107439 -0.318998
-0.058291 -0.121703 -0.295930
-0.030846 -0.109421 -0.355412
-0.055321 -0.127067 -0.384104
0.017087 -0.084238 -0.182063
-0.058291 -0.121703 -0.295930
0.042309 -0.101309 -0.335500
0.070256 -0.061346 -0.349021
-0.075826 0.055633 -0.276859
0.069312 -0.144414 -0.291061
0.067844 0.121287 -0.233398
0.042309 -0.101309 -0.335500
0.070256 -0.061346 -0.349021
-0.058291 -0.121703 -0.295930
-0.058291 -0.121703 -0.295930
-0.072606 -0.059781 -0.198985
0.094613 -0.047635 0.006769
-0.087670 -0.100524 -0.038551
0.003642 -0.093656 -0.590805
-0.006196 -0.063976 -0.595348
0.040108 -0.108719 -0.608794
0.024884 -0.096856 -0.518322
0.036808 -0.028219 -0.595819
0.031880 -0.042527 -0.602743
0.003074 -0.061293 -0.591219
-0.012398 -0.041258 -0.587107
0.021943 -0.087609 -0.511739
-0.026659 -0.112652 -0.511365
-0.036429 -0.075376 -0.617188
-0.010841 -0.087027 -0.552828
0.018544 -0.046374 -0.525765
0.054108 0.012823 -0.516896
0.050775 -0.029476 -0.516587
-0.060430 -0.012163 -0.538286
-0.067267 -0.017646 -0.527320
-0.041561 -0.005088 -0.509434
-0.064601 -0.061507 -0.510161
-0.043904 0.024668 -0.477888
-0.050249 -0.023432 -0.471819
-0.053172 -0.140711 -0.502684
0.052446 0.001355 -0.480799
0.060905 0.015119 -0.480977
-0.058850 0.000456 -0.483418
0.066279 -0.088693 -0.428526
-0.058850 0.000456 -0.483418
-0.060419 0.035024 -0.456182
-0.028623 0.012085 -0.461764
-0.063653 -0.047898 -0.460015
0.050949 0.008467 -0.459435
-0.049871 0.007081 -0.461061
-0.053857 -0.018314 -0.467309
-0.036188 -0.136314 -0.446912
0.037492 -0.171483 -0.462693
-0.038769 -0.141737 -0.432988
0.058968 0.008443 -0.458479
-0.039659 0.016943 -0.453623
-0.049871 0.007081 -0.461061
-0.053687 0.022651 -0.450145
0.053838 -0.142555 -0.439239
0.037535 -0.146359 -0.438723
0.060745 0.047803 -0.418403
-0.037312 0.029533 -0.430090
-0.059967 0.046852 -0.418544
0.049423 -0.119348 -0.413845
-0.045260 -0.142548 -0.401860
-0.030162 -0.121341 -0.404915
-0.054318 0.000361 -0.410439
-0.028214 0.026715 -0.420131
-0.028683 0.051825 -0.405653
0.029626 0.051088 -0.404209
0.062944 -0.118735 -0.410142
-0.048182 0.008256 -0.392155
-0.059024 0.053599 -0.398037
0.060019 0.028483 -0.401974
0.045133 0.032305 -0.398190
0.060019 0.028483 -0.401974
0.049423 -0.119348 -0.413845
0.074547 -0.145383 -0.394998
0.060951 -0.112309 -0.392425
0.061346 -0.083069 -0.365039
0.052780 -0.114648 -0.389527
0.055447 -0.101941 -0.393831
-0.053436 -0.114524 -0.388058
-0.037649 0.042332 -0.395961
-0.047825 0.051116 -0.391976
0.047698 0.053999 -0.392152
-0.049177 -0.107733 -0.385941
-0.038216 -0.135304 -0.376445
0.051535 -0.130547 -0.373081
-0.074954 -0.137788 -0.375781
0.038727 -0.125150 -0.375762
-0.045847 -0.118204 -0.383435
0.028307 -0.100054 -0.350374
-0.028182 -0.100469 -0.349801
0.054542 -0.085255 -0.367854
-0.065763 -0.055347 -0.352464
0.069779 -0.016544 -0.251477
-0.053436 -0.114524 -0.388058
-0.041208 -0.111549 -0.354219
-0.057976 0.037668 -0.375057
-0.048920 -0.094616 -0.357178
-0.044666 -0.122722 -0.344827
-0.073558 -0.118305 -0.318823
0.061878 -0.096107 -0.353020
-0.057297 0.117108 -0.314920
-0.068699 -0.115627 -0.299951
-0.061429 -0.092117 -0.335483
-0.061429 -0.092117 -0.335483
-0.067814 0.005575 -0.381555
-0.053202 -0.075232 -0.337870
0.060334 -0.080355 -0.341758
0.049789 -0.079403 -0.327914
-0.020679 -0.118659 -0.330279
-0.047413 -0.095932 -0.337982
-0.053202 -0.075232 -0.337870
0.049789 -0.079403 -0.327914
-0.015069 -0.131776 -0.325407
0.031154 -0.115267 -0.323516
-0.091013 -0.019146 -0.233716
0.056037 0.019855 -0.296755
-0.032873 -0.136643 -0.327881
-0.050456 -0.091294 -0.315051
-0.020679 -0.118659 -0.330279
-0.020806 -0.086065 -0.323383
-0.030182 -0.114117 -0.300515
-0.053985 0.022043 -0.287286
-0.056703 0.110570 -0.280671
0.045083 0.047775 -0.281404
-0.022923 0.068302 -0.287587
-0.017904 0.060473 -0.272894
-0.043753 0.078880 -0.275042
-0.024009 -0.123934 -0.277955
-0.037282 0.046125 -0.286466
-0.042213 0.047929 -0.272202
-0.022923 0.068302 -0.287587
-0.023632 0.092492 -0.271449
0.063782 0.068541 -0.243353
0.016751 0.071391 -0.238663
0.075672 0.003587 -0.237626
0.014561 -0.127853 -0.253067
-0.062184 0.021790 -0.234896
-0.074130 -0.012192 -0.184667
-0.042185 0.082130 -0.233679
-0.033445 0.065008 -0.232530
0.022089 0.135306 -0.224889
-0.003626 0.143572 -0.223284
0.065007 -0.027428 -0.231199
-0.045127 -0.042204 -0.230562
0.025066 0.075272 -0.219148
-0.024250 0.075592 -0.218927
-0.063641 -0.040131 -0.185478
0.028652 -0.117142 -0.186282
0.023758 -0.109097 -0.210017
0.068646 -0.100568 -0.200049
-0.020902 -0.055202 -0.225102
0.063463 -0.054575 -0.195057
0.065007 -0.027428 -0.231199
-0.065508 -0.061386 -0.193681
-0.036999 -0.052202 -0.198570
0.008284 -0.051455 -0.186804
-0.059309 0.076451 -0.188414
0.040890 -0.100582 -0.199145
0.025824 -0.093393 -0.197597
0.016904 -0.101990 -0.200409
0.066271 0.069648 -0.179903
-0.033682 -0.044502 -0.190359
0.036211 -0.052595 -0.163347
-0.006048 -0.047807 -0.191341
-0.050276 -0.051063 -0.169398
-0.053803 -0.059063 -0.184271
0.035211 0.131236 -0.169554
0.058003 0.084005 -0.165024
0.001695 0.146210 -0.144917
-0.060340 -0.102366 -0.167847
-0.069332 -0.067065 -0.187443
-0.054474 0.086177 -0.164103
0.031093 -0.063687 -0.155904
-0.004995 -0.048836 -0.178037
-0.033841 -0.053805 -0.161162
-0.056825 0.106090 -0.161750
-0.080215 0.067279 -0.056618
0.028261 -0.062246 -0.065970
0.031987 -0.089546 -0.054086
-0.039345 -0.098600 -0.073851
-0.057084 -0.085189 -0.061333
-0.028020 -0.093031 -0.048925
0.009968 -0.102516 -0.038783
-0.051140 -0.084545 -0.031499
0.025135 -0.080843 -0.040641
-0.005420 0.101423 -0.024718
-0.026649 -0.066210 -0.027413
-0.051140 -0.084545 -0.031499
-0.031222 -0.071845 -0.015802
-0.000878 -0.083850 -0.641241
0.003727 -0.093326 -0.590598
-0.008958 -0.065649 -0.590919
-0.032377 -0.068177 -0.613792
-0.040418 -0.074286 -0.614063
0.028959 -0.125096 -0.608345
0.032340 -0.123796 -0.609338
0.018577 -0.109281 -0.607660
0.024422 -0.043645 -0.600266
0.018160 -0.038247 -0.600189
0.020295 -0.027359 -0.600727
-0.010573 -0.070701 -0.573049
-0.021402 -0.053660 -0.592573
-0.005081 -0.064933 -0.594695
0.017276 -0.090059 -0.517795
-0.000789 -0.049113 -0.590776
-0.003002 -0.057072 -0.586420
0.015573 -0.108555 -0.546174
0.028806 -0.045203 -0.568774
0.013027 -0.040256 -0.564395
-0.005000 -0.049475 -0.576582
0.003502 -0.097921 -0.515864
-0.010705 -0.072262 -0.556198
-0.013193 -0.088156 -0.548645
0.018849 -0.046148 -0.526554
-0.007712 -0.056918 -0.523937
0.026725 -0.060139 -0.520607
-0.020618 -0.088558 -0.551337
0.059180 0.014377 -0.551522
-0.019746 -0.085323 -0.546843
0.062859 0.016133 -0.543911
0.012836 -0.113989 -0.513051
-0.010903 -0.074872 -0.521050
0.010829 -0.060058 -0.520206
-0.007664 -0.064375 -0.521008
0.003813 -0.066157 -0.520450
-0.059419 -0.013416 -0.536452
-0.057207 -0.007064 -0.532852
-0.001456 -0.065130 -0.516903
0.011192 -0.051999 -0.523633
0.017449 -0.100209 -0.517476
-0.057135 -0.000447 -0.506534
0.010184 -0.070528 -0.520720
0.030588 -0.060879 -0.516518
-0.003893 -0.053795 -0.517125
-0.005912 -0.029530 -0.520532
-0.047693 -0.039227 -0.518695
0.020756 -0.073164 -0.514879
0.016223 -0.068180 -0.515578
0.016610 -0.074150 -0.520872
0.009324 -0.063628 -0.516850
0.010184 -0.070528 -0.520720
0.003813 -0.066157 -0.520450
-0.062187 -0.010757 -0.515370
0.013645 -0.101356 -0.515935
-0.015094 -0.086690 -0.513210
-0.028362 -0.081237 -0.514113
0.056446 0.005453 -0.514529
0.003502 -0.097921 -0.515864
0.012606 -0.099221 -0.513356
-0.043648 0.023665 -0.477003
0.023550 -0.136989 -0.505884
0.050055 -0.129547 -0.506413
0.040027 0.007391 -0.486360
0.051638 0.006689 -0.486954
0.048611 0.004585 -0.486609
-0.040091 0.006565 -0.486472
-0.057179 0.014881 -0.477955
-0.054699 -0.001941 -0.478784
-0.028774 0.007051 -0.475656
0.034212 0.001088 -0.479596
0.053286 0.001722 -0.480487
0.048892 -0.024929 -0.471930
0.059077 0.000806 -0.480770
-0.028797 0.023793 -0.472733
0.047625 -0.021203 -0.465969
0.048873 0.002075 -0.477372
-0.028829 0.012318 -0.461793
0.031188 0.024081 -0.473072
-0.053914 -0.018235 -0.467270
-0.054379 0.001341 -0.459761
-0.048611 0.007524 -0.460527
0.049031 0.007516 -0.460445
0.029134 0.027455 -0.460009
0.063590 -0.041955 -0.456942
0.028857 0.012478 -0.461803
0.036922 -0.170907 -0.461224
0.043041 -0.166933 -0.460042
0.034911 -0.175122 -0.456236
-0.037607 -0.141152 -0.444384
-0.035467 -0.135479 -0.454963
0.031332 0.023156 -0.459450
0.059786 0.034143 -0.454589
-0.053785 0.005744 -0.458551
0.052107 -0.142912 -0.438602
0.054201 -0.010676 -0.450862
-0.060056 0.007800 -0.458437
0.038852 0.023056 -0.450757
-0.033922 -0.133783 -0.447140
-0.046223 -0.129984 -0.437465
-0.050061 -0.024993 -0.471556
0.041744 0.015635 -0.453818
0.051945 0.029021 -0.450105
0.044922 -0.174982 -0.451070
-0.041939 -0.136617 -0.438284
-0.035676 -0.136847 -0.447085
0.052047 0.036768 -0.426374
0.065850 -0.081359 -0.405414
0.061138 -0.037360 -0.427317
0.038980 0.028131 -0.428908
-0.039711 -0.137961 -0.442220
-0.042387 -0.132225 -0.442735
-0.046223 -0.129984 -0.437465
-0.041540 0.023568 -0.430171
-0.038617 0.027958 -0.428937
0.050320 -0.151502 -0.433386
-0.003656 -0.125084 -0.404908
-0.040095 -0.130695 -0.439376
0.041997 0.023438 -0.430159
-0.054180 -0.136123 -0.403917
0.042742 -0.129934 -0.410947
0.049416 -0.003758 -0.413906
0.052379 -0.138443 -0.402265
0.038418 -0.134863 -0.406622
0.067403 -0.089758 -0.428522
-0.058348 0.020966 -0.425245
0.031320 0.028267 -0.420277
-0.038593 -0.132042 -0.406277
-0.047448 0.009213 -0.392035
0.034211 0.020926 -0.424822
0.057244 0.037241 -0.421275
-0.056843 0.034706 -0.422276
0.074466 -0.145251 -0.395118
0.033924 0.045998 -0.420080
0.062175 -0.117837 -0.411203
-0.059033 0.053477 -0.398082
0.028379 -0.121325 -0.404700
-0.042357 -0.130691 -0.433156
-0.044477 -0.129448 -0.417021
0.034136 0.027344 -0.404005
0.026297 0.043688 -0.415832
-0.074937 -0.143874 -0.395994
-0.060270 0.027832 -0.403138
-0.043234 -0.140290 -0.401735
-0.054812 0.001076 -0.411031
0.049330 -0.126700 -0.408164
0.046115 -0.128683 -0.410973
0.057863 -0.136760 -0.400853
-0.050849 0.004772 -0.397624
0.057833 -0.127824 -0.405699
-0.056231 -0.105585 -0.396476
-0.020624 0.024592 -0.381456
0.052609 -0.114801 -0.389143
0.028862 0.043171 -0.403791
-0.060217 -0.100914 -0.396715
-0.061004 0.005367 -0.387933
-0.052714 -0.114311 -0.388846
-0.052904 0.028232 -0.402874
0.045799 0.031979 -0.399280
0.052856 0.034568 -0.398922
-0.055459 0.008802 -0.392204
0.054189 0.043053 -0.393433
0.047814 0.009095 -0.391911
-0.053487 0.043415 -0.393179
-0.051479 0.048821 -0.394466
0.051774 0.048105 -0.392999
0.046733 0.050508 -0.393620
-0.060926 -0.112580 -0.390295
0.051908 0.039457 -0.382443
-0.052879 0.041376 -0.382068
-0.063320 -0.009023 -0.380114
0.061067 0.004944 -0.387325
0.048692 0.055273 -0.376118
0.072841 -0.138449 -0.374029
-0.072730 -0.136358 -0.374692
-0.054972 0.003534 -0.387537
-0.052314 0.008228 -0.386093
-0.051327 0.051607 -0.382039
0.040439 -0.112067 -0.385079
-0.033084 -0.111637 -0.383910
0.042142 -0.113398 -0.389660
-0.052714 -0.114311 -0.388846
-0.042498 -0.112872 -0.389906
0.054957 0.004599 -0.386790
0.040148 0.049197 -0.379428
-0.074476 -0.137705 -0.376873
-0.006112 -0.116308 -0.383777
0.040439 -0.112067 -0.385079
-0.058044 0.037722 -0.375194
-0.040971 -0.119724 -0.377424
0.069653 0.005722 -0.381104
-0.067318 -0.005439 -0.373924
-0.045656 0.030492 -0.377650
-0.057766 0.037727 -0.375939
0.036458 0.037586 -0.375979
0.057451 0.037666 -0.375963
0.067907 -0.058905 -0.353242
0.057096 0.049952 -0.374065
-0.056866 0.049786 -0.374171
-0.040780 -0.111928 -0.354432
-0.067446 -0.056497 -0.353313
0.045925 0.061055 -0.372159
0.035612 -0.099743 -0.358259
-0.062923 -0.053597 -0.350880
0.057595 0.067600 -0.369821
0.063185 -0.050755 -0.347809
-0.049379 -0.094438 -0.355871
0.042062 -0.111685 -0.354448
-0.054846 -0.089973 -0.360862
0.045931 -0.109822 -0.354179
0.056746 -0.087937 -0.357912
0.051902 -0.112123 -0.354986
0.055054 -0.114710 -0.349034
-0.067100 -0.053553 -0.341794
0.034806 -0.107124 -0.348848
0.047796 -0.097255 -0.357269
0.042643 -0.121111 -0.348428
-0.060748 -0.074097 -0.343604
0.055648 -0.121207 -0.341731
0.029286 -0.118914 -0.337029
0.043597 -0.094052 -0.343633
-0.069287 0.005976 -0.382378
-0.028551 -0.119122 -0.336540
0.036247 -0.125433 -0.338624
-0.052420 -0.077313 -0.338613
0.061515 -0.081237 -0.339951
0.054044 -0.077798 -0.340571
0.046200 -0.089834 -0.341753
-0.059190 -0.080604 -0.340228
-0.055516 -0.075636 -0.345041
-0.060748 -0.074097 -0.343604
-0.050189 -0.079511 -0.326642
0.056440 0.111931 -0.280958
-0.031203 -0.095938 -0.340970
0.029119 -0.101748 -0.337227
-0.030991 -0.091064 -0.337409
0.034456 -0.094290 -0.335097
0.030493 -0.091927 -0.339935
-0.020953 -0.118887 -0.330841
-0.009918 -0.094612 -0.337270
0.038191 -0.089339 -0.335953
0.028083 -0.092163 -0.337613
0.050285 -0.079573 -0.327670
-0.074336 -0.038570 -0.330841
-0.005893 -0.099265 -0.335684
-0.082644 -0.043635 -0.330324
-0.082719 -0.014826 -0.325366
-0.030402 -0.128407 -0.327074
-0.018262 -0.116269 -0.329027
-0.029085 -0.116322 -0.325846
-0.015756 -0.135043 -0.322613
-0.020903 -0.123123 -0.325714
-0.015922 -0.129200 -0.323358
-0.036667 -0.116426 -0.317933
-0.041868 -0.101134 -0.324172
-0.024102 -0.123176 -0.323972
0.033772 -0.116375 -0.319504
-0.028623 -0.123062 -0.323246
0.041868 -0.099220 -0.316860
-0.082186 -0.016433 -0.314881
-0.054218 -0.099795 -0.313756
-0.050335 -0.093802 -0.316051
-0.041399 -0.095017 -0.315669
0.033862 -0.101680 -0.308936
-0.022537 -0.134880 -0.303879
-0.053429 -0.106230 -0.309801
0.068800 -0.114927 -0.300764
-0.045676 -0.115799 -0.317442
0.057837 -0.104906 -0.306781
0.046108 -0.109399 -0.308290
0.056637 0.065600 -0.287772
-0.030537 -0.124125 -0.295657
0.031168 0.110050 -0.280259
-0.056632 0.110649 -0.280437
-0.040136 -0.120439 -0.280362
-0.035466 -0.124366 -0.280921
-0.043475 0.040050 -0.286079
-0.055670 0.062846 -0.287648
-0.004702 -0.163436 -0.285739
0.019008 0.059915 -0.290086
-0.018853 0.060273 -0.290073
0.016558 0.103067 -0.282323
0.051909 0.065416 -0.284561
-0.021910 0.068570 -0.286152
-0.043448 0.046747 -0.275709
-0.015958 0.100487 -0.282938
-0.055659 0.090094 -0.282764
-0.024815 -0.123945 -0.277365
-0.048395 0.053642 -0.280587
-0.053869 0.099816 -0.282313
-0.021635 -0.133945 -0.251643
-0.022225 0.064241 -0.277787
0.045203 0.077475 -0.276919
-0.030303 0.080864 -0.279382
0.023217 0.092703 -0.279643
0.054073 0.100008 -0.282296
-0.049244 0.101329 -0.278282
0.008339 -0.151315 -0.261390
-0.039642 0.048946 -0.275861
-0.028867 0.077890 -0.277749
-0.027382 0.103195 -0.277256
0.047427 0.103751 -0.277828
-0.042376 0.049042 -0.273939
-0.042376 0.049042 -0.273939
0.046952 0.069659 -0.267664
0.032694 0.076771 -0.277084
-0.034029 -0.138852 -0.256565
-0.042223 0.054070 -0.258262
0.041725 0.072833 -0.267372
0.036051 0.076497 -0.261480
0.038233 0.075733 -0.267016
-0.051286 -0.011340 -0.239166
0.050655 0.089094 -0.261030
-0.029703 0.085144 -0.254914
-0.018129 0.071426 -0.240583
-0.036800 0.093959 -0.249704
-0.045715 0.061108 -0.254921
-0.040873 0.068875 -0.257474
0.066268 -0.006029 -0.244793
0.068381 0.034882 -0.253359
-0.042629 0.065812 -0.253472
-0.016475 -0.128264 -0.252139
0.068480 -0.129401 -0.251403
0.036599 0.058560 -0.253978
0.075474 0.003291 -0.236598
-0.040872 0.068135 -0.246869
0.036644 0.062280 -0.243772
0.064045 0.025383 -0.236455
-0.022039 -0.116290 -0.225124
0.030739 -0.124419 -0.244794
0.069536 -0.018642 -0.233467
-0.092395 -0.010026 -0.237245
-0.036405 0.063050 -0.243484
0.043374 0.084765 -0.241991
-0.070050 -0.048318 -0.226658
-0.044327 0.081725 -0.240295
0.043475 0.084467 -0.238050
0.024815 -0.125286 -0.237010
0.070315 0.013145 -0.219359
0.066452 0.046989 -0.227751
0.039085 0.076244 -0.232683
-0.022529 0.077098 -0.235571
-0.039239 0.076368 -0.232703
-0.022529 0.077098 -0.235571
-0.040733 0.082444 -0.234446
-0.040733 0.082444 -0.234446
0.037880 0.091986 -0.231839
-0.028654 -0.135110 -0.234929
0.046207 0.071508 -0.234078
0.044964 0.079542 -0.233457
0.047747 0.089375 -0.230968
0.042730 0.090724 -0.234314
-0.033817 0.094384 -0.233465
0.019417 -0.135795 -0.225989
0.022316 -0.124400 -0.209897
0.048155 -0.031340 -0.235487
0.054142 -0.034311 -0.231639
0.044921 -0.027171 -0.229612
-0.039331 -0.038372 -0.224297
-0.053533 -0.003164 -0.218093
-0.052305 0.058959 -0.233232
0.039740 0.069905 -0.229683
-0.018856 0.072590 -0.231435
-0.022529 0.077098 -0.235571
-0.026825 0.116740 -0.224690
-0.022713 -0.119534 -0.214691
0.053388 -0.040278 -0.231748
0.064147 0.014961 -0.229598
0.065917 0.016051 -0.226190
-0.054494 0.044549 -0.222765
-0.049703 0.059601 -0.235336
-0.003390 0.123248 -0.226997
0.040242 -0.037704 -0.225383
0.053194 -0.032364 -0.226000
0.053972 -0.033165 -0.225319
0.055536 -0.032383 -0.226611
-0.052385 0.043820 -0.224307
-0.048333 0.064324 -0.225887
-0.020117 0.133441 -0.222212
-0.050294 -0.058662 -0.212553
0.054154 0.051479 -0.228693
0.050516 0.048972 -0.229729
-0.036854 0.123600 -0.217766
-0.003555 0.138985 -0.222371
-0.014499 -0.100228 -0.200813
-0.069273 -0.056595 -0.223137
0.066175 0.003347 -0.221775
-0.058602 0.076874 -0.188075
-0.022322 0.135423 -0.214059
-0.001566 -0.049210 -0.219421
0.022785 -0.045972 -0.220048
0.063351 0.006734 -0.195284
-0.054494 0.044549 -0.222765
-0.058508 0.050512 -0.191518
0.042330 0.111897 -0.203855
0.009829 -0.116051 -0.214287
-0.062508 -0.059932 -0.217656
-0.048437 -0.067295 -0.217939
0.023648 -0.046422 -0.195403
-0.083656 -0.026676 -0.213119
-0.005619 0.143246 -0.216036
-0.005985 -0.048173 -0.191501
0.026937 -0.047509 -0.193119
-0.051123 0.037983 -0.196010
-0.056696 0.011576 -0.198229
-0.031823 0.123950 -0.211292
0.011172 -0.113437 -0.205150
0.026349 -0.112642 -0.208118
0.070912 -0.018536 -0.188602
-0.040400 0.091262 -0.209148
0.036718 0.107364 -0.208771
0.024774 -0.122156 -0.206755
0.045284 -0.065184 -0.193665
-0.046833 0.084377 -0.209794
-0.005668 0.143162 -0.206734
-0.010570 0.138117 -0.209296
-0.026357 -0.112747 -0.195685
0.037655 -0.105028 -0.189604
0.015739 -0.106397 -0.205875
-0.032827 -0.094349 -0.203476
-0.068865 -0.045641 -0.197701
-0.031670 -0.109746 -0.195452
0.016888 -0.101699 -0.200350
0.027238 -0.096120 -0.199751
-0.049197 -0.022579 -0.193802
-0.068175 -0.010101 -0.185011
0.057202 0.011799 -0.198648
-0.053679 0.012463 -0.195700
-0.018172 -0.096442 -0.196234
-0.027207 -0.097355 -0.199879
-0.059522 -0.061529 -0.192474
0.046673 0.081406 -0.189296
0.032996 -0.095172 -0.200164
0.033614 -0.092028 -0.193336
0.068507 -0.048805 -0.193181
-0.061105 -0.046842 -0.189636
-0.051639 -0.045598 -0.195562
0.045761 0.101376 -0.185999
-0.024636 -0.088151 -0.180792
0.035659 -0.091582 -0.185653
0.020932 -0.063868 -0.189665
-0.061439 -0.057078 -0.194884
0.069605 -0.064954 -0.187644
0.023648 -0.046422 -0.195403
0.039350 -0.057494 -0.203998
0.060087 0.012573 -0.191773
0.028125 -0.116339 -0.190976
-0.053320 -0.059913 -0.184611
-0.063745 -0.062371 -0.187497
-0.068722 -0.055764 -0.191609
-0.027068 -0.047415 -0.188098
0.055833 -0.057397 -0.181448
-0.044311 -0.048092 -0.186379
0.065383 -0.041401 -0.185406
-0.065703 -0.041292 -0.184832
0.056717 0.078697 -0.188324
0.025064 -0.102666 -0.183346
0.026271 -0.064868 -0.189895
-0.046731 -0.057115 -0.181885
-0.031667 0.116745 -0.182755
-0.017813 0.134210 -0.184269
0.032533 -0.106734 -0.183896
0.020510 -0.059010 -0.184926
-0.053987 -0.059386 -0.184590
0.064755 -0.041483 -0.183042
-0.068865 -0.045641 -0.197701
-0.046929 0.108458 -0.180813
0.015985 0.136172 -0.182145
0.074107 -0.035897 -0.177827
0.064755 -0.041483 -0.183042
-0.060324 -0.004522 -0.181475
-0.063112 0.086767 -0.181045
0.061656 0.088993 -0.181438
-0.028848 0.121363 -0.187466
0.050326 -0.056507 -0.182234
-0.070949 -0.046417 -0.182291
-0.026577 0.125309 -0.175449
-0.066764 -0.058020 -0.179524
-0.070746 -0.055154 -0.179150
-0.076088 -0.045877 -0.181466
0.076092 -0.046266 -0.181171
-0.067399 0.072286 -0.173063
-0.057703 0.094138 -0.166712
0.038103 0.114222 -0.172235
0.005600 0.140493 -0.155677
0.066242 -0.072738 -0.172273
0.046486 -0.061381 -0.174052
0.046486 -0.061381 -0.174052
0.007735 -0.052709 -0.173645
0.075367 -0.067756 -0.166283
-0.075916 -0.033496 -0.175635
-0.047205 0.123151 -0.176619
0.053080 0.117753 -0.173707
-0.006725 0.130868 -0.172112
-0.065904 -0.078246 -0.169282
-0.045961 0.109459 -0.170975
-0.034868 0.130251 -0.169517
0.004284 0.128463 -0.161358
-0.017917 0.141503 -0.176833
-0.063900 -0.073143 -0.169463
0.027257 -0.053838 -0.168552
-0.003793 -0.041225 -0.172817
0.053174 0.108316 -0.162838
0.047987 0.113923 -0.172147
0.050262 0.115287 -0.173393
0.063712 -0.072865 -0.169134
-0.072370 0.098264 -0.164327
-0.055667 0.105437 -0.161463
-0.054973 -0.107444 -0.149821
-0.033753 -0.054594 -0.161930
0.036637 -0.049846 -0.165159
0.056808 0.082688 -0.166447
0.060715 -0.092672 -0.160421
-0.056291 0.085164 -0.165770
-0.058885 -0.099550 -0.141854
-0.025990 -0.054937 -0.160334
-0.051491 0.081711 -0.157887
0.058356 0.088923 -0.161192
0.049979 0.081463 -0.160028
-0.081690 0.090582 -0.156776
0.038097 -0.101355 -0.144469
0.047184 0.073622 -0.151023
-0.003771 0.136245 -0.155830
0.004284 0.128463 -0.161358
-0.002678 0.144115 -0.145334
0.066353 -0.091679 -0.143946
0.066965 0.081965 -0.146801
0.061649 0.067780 -0.143815
0.001701 0.137619 -0.151602
-0.056478 -0.094913 -0.149913
0.052057 0.065716 -0.143617
-0.061942 0.067944 -0.143572
-0.057570 0.048042 -0.140451
-0.068407 0.042441 -0.143119
0.035725 -0.096859 -0.135934
-0.059902 -0.103656 -0.137229
0.067020 0.072645 -0.117208
-0.054446 -0.093785 -0.130920
-0.050701 0.095574 -0.132534
-0.066844 -0.102100 -0.097640
0.029570 0.106292 -0.124531
-0.048111 0.097843 -0.121552
-0.058118 0.102062 -0.121829
-0.057590 -0.089018 -0.105827
-0.045080 0.107593 -0.113374
0.052962 0.105452 -0.114583
0.016422 -0.071387 -0.087937
-0.046295 -0.067061 -0.068053
0.017322 -0.074890 -0.078692
0.015298 -0.072620 -0.079324
-0.020952 -0.069517 -0.083384
-0.016070 -0.071484 -0.079568
0.017742 -0.083529 -0.069996
0.057254 -0.076695 -0.068309
-0.027638 -0.064235 -0.068052
0.028135 -0.064075 -0.068088
-0.049983 -0.095431 -0.072457
-0.038817 -0.097572 -0.072377
-0.053878 -0.074532 -0.067405
-0.064111 -0.082214 -0.063171
-0.065979 -0.089024 -0.046003
0.021579 -0.086481 -0.066541
-0.052466 -0.104152 -0.056294
-0.056030 -0.086370 -0.060684
0.050483 -0.081262 -0.063625
-0.084255 -0.041037 -0.061555
-0.061976 -0.077233 -0.060143
0.059406 -0.074695 -0.065007
0.065249 -0.087322 -0.055704
0.027593 -0.089364 -0.047314
0.019600 -0.093808 -0.054011
0.058262 -0.079954 -0.057015
-0.063421 -0.084093 -0.038682
-0.040897 -0.106608 -0.054223
-0.009374 -0.084486 -0.043920
-0.016589 -0.096653 -0.049401
0.010676 -0.100498 -0.039660
0.065722 -0.088633 -0.046586
0.045377 -0.087017 -0.042263
0.034002 -0.083983 -0.040092
-0.061109 -0.084641 -0.042448
-0.054764 -0.080983 -0.046881
0.050345 -0.078806 -0.041117
-0.056415 -0.077577 -0.042265
-0.050656 -0.088861 -0.031193
-0.047517 -0.083176 -0.038564
0.032155 -0.066962 -0.025939
0.010734 -0.071789 -0.021167
0.033350 -0.072647 -0.017889
0.031705 -0.072242 -0.018437
0.010734 -0.071789 -0.021167
0.068639 0.103387 -0.163114
-0.004744 0.137377 -0.189420
0.047320 -0.041115 -0.017790
0.065890 -0.082295 -0.039137
-0.073561 0.066308 -0.086291
-0.084230 0.002700 -0.065457
-0.047439 -0.041115 -0.017790
-0.000059 -0.047781 -0.008678
-0.079537 -0.049125 -0.059813
-0.066009 -0.082295 -0.039137
0.083277 -0.037533 -0.065872
0.079418 -0.049125 -0.059813
0.046997 0.044272 -0.139484
0.073065 -0.023656 -0.147477
0.042287 -0.054311 -0.041774
0.054727 -0.093858 -0.152478
-0.073561 0.066308 -0.086291
-0.085265 -0.028566 -0.070454
-0.000059 0.077203 -0.182795
-0.046649 0.120679 -0.176084
-0.000059 -0.078338 -0.138602
-0.054846 -0.093858 -0.152478
0.043465 0.050166 -0.177808
0.059122 0.040567 -0.182171
0.046162 -0.106146 -0.053441
0.059930 -0.071628 -0.042401
-0.029374 -0.077855 -0.138969
-0.037900 -0.039718 -0.170218
-0.051108 0.035970 -0.180823
0.008471 0.141681 -0.213229
-0.038799 -0.061498 -0.060855
-0.060049 -0.071628 -0.042401
0.070006 0.005515 -0.180772
0.046997 0.044272 -0.139484
-0.070125 0.005515 -0.180772
-0.044539 0.085087 -0.157583
0.032808 -0.092775 -0.140014
0.050856 -0.064882 -0.048396
-0.032265 -0.088621 -0.136203
-0.063529 -0.079380 -0.100674
-0.063529 -0.079380 -0.100674
-0.053980 -0.055181 -0.053820
0.031036 0.080796 -0.229453
-0.031155 0.080796 -0.229453
-0.036501 0.080072 -0.235311
-0.000059 0.123308 -0.233543
-0.057645 0.020072 -0.297521
-0.057521 0.110664 -0.281241
0.057403 0.110664 -0.281241
-0.069708 -0.099854 -0.200806
0.069589 -0.099854 -0.200806
0.045594 -0.037059 -0.233414
0.069589 -0.128330 -0.252139
-0.000059 -0.037059 -0.233414
0.072971 -0.117552 -0.318893
-0.060308 0.053174 -0.398789
0.072971 -0.117552 -0.318893
0.060189 0.053174 -0.398789
0.062392 -0.115524 -0.388474
0.072971 -0.117552 -0.318893
0.060189 0.053174 -0.398789
0.063025 -0.121879 -0.408760
-0.063144 -0.121879 -0.408760
0.063025 -0.121879 -0.408760
0.060189 0.033222 -0.455118
0.072971 -0.137504 -0.375221
0.046161 0.023579 -0.474737
0.052508 0.013907 -0.552114
-0.043446 0.022257 -0.474126
-0.043446 0.006963 -0.476805
0.046161 0.023579 -0.474737
0.052508 0.013907 -0.552114
0.051995 0.026237 -0.456975
0.039355 0.033403 -0.418602
-0.053120 -0.129456 -0.400398
-0.032723 -0.150334 -0.462903
0.040925 -0.136459 -0.395279
0.053564 -0.132691 -0.399067
-0.040998 -0.122748 -0.386587
-0.046280 -0.107709 -0.347390
0.054162 -0.113462 -0.343274
0.046758 -0.107709 -0.347390
-0.043681 0.060281 -0.180219
-0.052594 -0.006491 -0.175782
0.043563 0.060281 -0.180219
0.043563 0.028098 -0.303949
-0.048224 0.016874 -0.377469
-0.048321 -0.039507 -0.518493
-0.000059 0.029840 -0.375904
0.048203 -0.039507 -0.518493
0.048203 -0.039507 -0.518493
-0.000059 0.029840 -0.375904
-0.057627 -0.014686 -0.175508
-0.044211 0.103074 -0.278816
0.068205 -0.016438 -0.177980
0.049598 -0.020741 -0.180444
-0.043738 -0.040333 -0.171029
-0.083653 -0.016981 -0.316682
-0.043738 -0.040333 -0.171029
-0.031123 -0.036811 -0.187560
0.010946 -0.172229 -0.278483
0.032064 -0.098960 -0.180876
0.005112 -0.160585 -0.282906
0.014551 -0.029868 -0.173065
-0.031479 -0.059082 -0.609221
-0.029727 -0.106422 -0.446418
0.016203 -0.077410 -0.640449
0.003100 -0.093557 -0.440283
0.018327 -0.067000 -0.506922
0.032927 -0.058691 -0.449254
-0.018538 -0.056651 -0.583455
-0.020415 -0.060257 -0.490189
-0.000059 0.143917 -0.144598
-0.000059 0.128644 -0.098237
0.047320 -0.041115 -0.017790
0.065890 -0.082295 -0.039137
-0.000059 0.143917 -0.144598
-0.000059 0.137869 -0.189125
-0.079537 -0.049125 -0.059813
-0.085265 -0.028566 -0.070454
0.081668 -0.021539 -0.147706
0.076214 -0.045331 -0.181375
0.065890 -0.082295 -0.039137
0.054727 -0.093858 -0.152478
0.062693 0.002473 -0.178576
0.046997 0.044272 -0.139484
0.039217 0.090719 -0.149547
-0.000059 -0.062078 -0.068366
0.042287 -0.054311 -0.041774
0.063523 0.081937 -0.176997
-0.081787 -0.021539 -0.147706
-0.054846 -0.093858 -0.152478
-0.060201 0.082382 -0.154201
-0.078878 0.088543 -0.156024
-0.000059 -0.039183 -0.168491
-0.052044 -0.038883 -0.166622
-0.063642 0.081937 -0.176997
-0.040547 0.074204 -0.190292
-0.054846 -0.093858 -0.152478
-0.042406 -0.054311 -0.041774
-0.000059 0.139523 -0.222291
0.030340 0.128138 -0.213989
0.025237 0.112501 -0.224989
0.046559 0.059153 -0.218591
0.041566 0.072298 -0.207462
0.051597 0.054763 -0.179155
-0.000059 -0.059791 -0.075960
0.050491 -0.065574 -0.058291
0.035052 -0.102551 -0.066234
0.050491 -0.065574 -0.058291
0.041573 -0.035880 -0.166352
-0.000059 -0.079016 -0.138118
-0.026134 0.123978 -0.206704
-0.027545 0.126436 -0.222804
-0.033595 0.076271 -0.226050
-0.059241 0.040567 -0.182171
-0.000059 -0.060594 -0.013287
-0.060049 -0.071628 -0.042401
-0.060049 -0.071628 -0.042401
-0.055952 -0.100952 -0.059739
-0.049498 -0.046963 -0.161913
-0.061000 -0.017944 -0.142593
0.036387 -0.082658 -0.148069
0.061734 -0.097292 -0.166667
0.070006 0.005515 -0.180772
0.046445 -0.020770 -0.142612
-0.054092 -0.092878 -0.148254
-0.063526 -0.049162 -0.194070
-0.046649 0.120679 -0.176084
-0.062539 0.087735 -0.181510
-0.047116 0.044272 -0.139484
-0.062539 0.087735 -0.181510
0.058358 -0.047601 -0.159649
0.060133 -0.048951 -0.164956
0.051916 -0.088913 -0.132288
0.060535 -0.071927 -0.087892
0.042940 -0.086375 -0.136546
0.047094 -0.062237 -0.051859
0.025865 0.113652 -0.184497
-0.000059 0.133844 -0.183665
0.041078 0.105877 -0.204753
-0.000059 0.133844 -0.183665
-0.032926 -0.092775 -0.140014
-0.041969 -0.090266 -0.141878
-0.041969 -0.090266 -0.141878
-0.054569 -0.080515 -0.120804
-0.053980 -0.055181 -0.053820
-0.050975 -0.064882 -0.048396
-0.000059 0.123587 -0.199715
-0.000059 0.133844 -0.183665
-0.048905 0.071376 -0.203309
-0.037367 0.120541 -0.189574
-0.000059 0.121786 -0.228031
-0.000059 0.129392 -0.178969
-0.031155 0.080796 -0.229453
-0.033832 0.077880 -0.180993
-0.000059 0.123308 -0.233543
-0.000059 0.079786 -0.236642
0.055277 0.042582 -0.174317
0.040187 0.090806 -0.233059
-0.000059 0.131743 -0.180102
-0.037222 0.079025 -0.180942
-0.061153 0.073057 -0.173824
-0.055395 0.042582 -0.174317
-0.000059 -0.099854 -0.200806
-0.000059 -0.128330 -0.252139
-0.069708 -0.113653 -0.300780
-0.057521 0.110664 -0.281241
-0.057521 0.065991 -0.370839
-0.068994 0.006737 -0.381487
-0.000059 -0.099854 -0.200806
-0.000059 -0.128330 -0.252139
0.069589 -0.113653 -0.300780
-0.000059 0.116760 -0.315163
0.057403 0.065991 -0.370839
0.068876 0.006737 -0.381487
-0.060308 0.021228 -0.423832
-0.060308 0.053174 -0.398789
-0.063144 -0.101927 -0.352432
-0.054513 0.027920 -0.403328
-0.060308 0.053174 -0.398789
-0.035676 -0.095565 -0.332149
-0.035571 -0.114989 -0.326250
-0.035593 -0.125140 -0.339218
-0.000059 -0.101889 -0.333982
-0.000059 -0.105317 -0.344777
-0.000059 -0.125269 -0.401106
-0.035593 -0.145092 -0.395547
-0.035593 -0.145092 -0.395547
-0.035571 -0.134941 -0.382579
-0.060308 0.007968 -0.459657
-0.073090 -0.137504 -0.375221
-0.062511 -0.115524 -0.388474
-0.063144 -0.121879 -0.408760
-0.000059 -0.125269 -0.401106
-0.035676 -0.115517 -0.388478
-0.000059 -0.105317 -0.344777
-0.000059 -0.114968 -0.326256
0.054395 0.027920 -0.403328
0.062392 -0.095572 -0.332145
0.033492 0.047066 -0.419189
0.060189 0.021228 -0.423832
0.035557 -0.095565 -0.332149
0.035474 -0.125140 -0.339218
-0.000059 -0.101889 -0.333982
0.035557 -0.095565 -0.332149
0.060189 0.033222 -0.455118
0.033492 0.027114 -0.475517
0.072971 -0.137504 -0.375221
0.062392 -0.115524 -0.388474
0.060189 0.001276 -0.480161
0.072971 -0.137504 -0.375221
0.035557 -0.115517 -0.388478
0.035474 -0.145092 -0.395547
0.035474 -0.145092 -0.395547
0.035453 -0.134941 -0.382579
-0.000059 -0.121841 -0.390310
-0.000059 -0.125269 -0.401106
-0.043446 0.022257 -0.474126
-0.049112 0.022266 -0.474113
0.050441 0.021865 -0.546289
0.038826 0.013725 -0.476589
-0.051514 0.044662 -0.367864
-0.040913 0.033000 -0.403507
-0.053683 0.038687 -0.402611
-0.040913 0.033000 -0.403507
-0.038875 0.020426 -0.457924
-0.046280 0.025494 -0.419110
0.051995 0.054629 -0.371073
0.046759 0.046790 -0.401682
0.046759 0.028692 -0.456450
0.051995 0.038998 -0.418363
-0.043446 -0.136630 -0.393939
-0.041080 -0.160996 -0.457093
-0.046966 -0.138357 -0.436773
-0.041080 -0.160996 -0.457093
0.047935 -0.140670 -0.439031
0.034551 -0.172742 -0.458597
-0.038875 -0.127207 -0.383946
-0.041044 -0.117473 -0.340262
-0.053683 -0.108259 -0.327532
-0.038876 -0.108346 -0.327672
0.051995 -0.102308 -0.294048
0.046759 -0.133486 -0.379858
0.041524 -0.102308 -0.294048
0.046758 -0.107709 -0.347390
0.039355 -0.127186 -0.383892
0.054163 -0.127207 -0.383946
-0.041184 -0.038438 -0.234923
-0.000059 -0.050650 -0.231768
0.052475 -0.006491 -0.175782
0.041065 -0.038438 -0.234923
-0.061647 -0.062541 -0.509333
-0.048224 -0.031206 -0.513438
-0.000059 -0.084016 -0.317553
-0.000059 -0.142837 -0.463867
-0.000059 -0.084016 -0.317553
-0.000059 -0.142837 -0.463867
0.048106 0.016874 -0.377469
0.048106 -0.031206 -0.513438
0.038150 0.050737 -0.277115
0.049879 0.000883 -0.238637
0.024971 -0.050006 -0.190671
0.044396 -0.048669 -0.180651
0.025496 -0.044069 -0.165343
-0.034140 0.079076 -0.262114
-0.044211 0.103074 -0.278816
-0.049376 0.018789 -0.214503
-0.056936 0.059057 -0.257417
0.032974 0.103074 -0.278816
0.048522 0.091983 -0.250477
0.052142 0.067365 -0.237329
0.050900 0.038097 -0.241218
0.070992 -0.024246 -0.185388
0.052385 -0.028548 -0.187852
-0.073579 -0.020593 -0.267545
-0.074836 -0.041880 -0.226349
-0.089189 -0.016082 -0.225217
-0.047192 -0.060434 -0.179564
-0.074836 -0.041880 -0.226349
-0.033814 -0.136366 -0.245409
-0.031171 -0.135597 -0.318224
-0.019690 -0.135253 -0.315034
-0.031171 -0.135597 -0.318224
-0.016510 -0.030507 -0.182072
-0.025436 -0.095806 -0.198286
-0.016771 -0.083945 -0.176931
-0.025436 -0.095806 -0.198286
0.005112 -0.173135 -0.273172
0.013828 -0.126286 -0.232259
0.013828 -0.126286 -0.232259
0.034492 -0.094331 -0.193599
0.024928 -0.106283 -0.185381
0.014302 -0.069266 -0.192316
-0.049829 -0.070878 -0.609188
-0.031479 -0.059082 -0.609221
-0.014881 -0.107051 -0.498697
-0.010880 -0.105652 -0.447491
-0.010003 -0.062553 -0.637589
0.003100 -0.084839 -0.641878
0.037680 -0.118909 -0.607870
0.034832 -0.119628 -0.548013
0.028234 -0.102649 -0.606051
0.037680 -0.118909 -0.607870
0.025504 -0.064003 -0.491446
0.032828 -0.032202 -0.588107
0.018327 -0.067000 -0.506922
0.019339 -0.058225 -0.444810
-0.011386 -0.045077 -0.579037
-0.011386 -0.060529 -0.584872
-0.020415 -0.060257 -0.490189
-0.019137 -0.045203 -0.496865
0.033941 0.130985 -0.168508
0.067537 0.100485 -0.141278
0.076639 0.040523 -0.063951
0.084111 0.002700 -0.065457
-0.000059 -0.025138 0.000523
-0.000059 -0.070205 -0.017162
0.076994 0.067933 -0.084264
0.075627 0.084346 -0.145505
-0.081436 0.089714 -0.156759
-0.077113 0.067933 -0.084264
-0.084230 0.002700 -0.065457
-0.087610 -0.027100 -0.067637
-0.046649 0.120679 -0.176084
-0.081436 0.089714 -0.156759
-0.081436 0.089714 -0.156759
-0.075746 0.084346 -0.145505
0.076639 0.040523 -0.063951
0.065182 -0.088162 -0.045385
0.076994 0.067933 -0.084264
0.083277 -0.037533 -0.065872
0.054727 -0.093858 -0.152478
0.081704 -0.049274 -0.057003
0.059287 -0.104264 -0.135724
0.049247 -0.074830 -0.029633
0.059287 -0.104264 -0.135724
0.054727 -0.093858 -0.152478
0.051926 -0.038883 -0.166622
0.038638 -0.038970 -0.167257
0.025199 -0.032369 -0.191616
0.037730 0.000609 -0.187689
0.057900 -0.011317 -0.177075
0.063882 0.013871 -0.181635
0.061049 0.014549 -0.190799
0.054620 0.000972 -0.191025
0.047319 0.079388 -0.189415
0.051395 0.073999 -0.185564
0.056668 0.008695 -0.186810
0.043233 0.005238 -0.193002
0.045405 0.098676 -0.180233
0.046997 0.044272 -0.139484
0.046694 0.064727 -0.145987
0.039088 0.117362 -0.166874
0.029330 0.118529 -0.173714
0.033799 0.110842 -0.192459
0.010355 0.126961 -0.171913
0.021122 0.128463 -0.177769
0.049247 -0.074830 -0.029633
-0.000059 -0.055336 -0.011890
-0.062424 0.069079 -0.143025
-0.060201 0.082382 -0.154201
-0.081436 0.089714 -0.156759
-0.068758 0.103387 -0.163114
-0.048780 -0.084576 -0.135118
-0.000059 -0.083534 -0.136233
-0.059310 -0.068095 -0.058295
-0.059086 -0.080148 -0.098440
-0.046073 -0.027137 -0.178553
-0.035113 0.013672 -0.187458
-0.062229 0.003090 -0.183249
-0.046584 0.002895 -0.192655
-0.039219 0.067270 -0.190798
-0.031695 0.077081 -0.182663
-0.058019 -0.011317 -0.177075
-0.054315 0.081990 -0.183839
-0.031695 0.077081 -0.182663
-0.058579 0.002638 -0.145311
-0.046649 0.120679 -0.176084
-0.059391 -0.017410 -0.148005
-0.046649 0.120679 -0.176084
-0.029448 0.118529 -0.173714
-0.029448 0.118529 -0.173714
-0.017238 0.125412 -0.179820
-0.017830 0.141181 -0.177035
-0.017238 0.125412 -0.179820
-0.039219 0.067270 -0.190798
0.026015 0.123978 -0.206704
0.013138 0.123257 -0.207853
0.028828 0.093877 -0.209965
0.028828 0.093877 -0.209965
0.037668 0.056035 -0.219152
0.036057 0.058614 -0.200501
0.052424 0.046402 -0.204255
0.052380 -0.074957 -0.044708
0.059545 -0.066927 -0.051445
0.024450 -0.056356 -0.023541
0.020023 -0.085069 -0.068653
0.020023 -0.093623 -0.054314
0.015395 -0.074867 -0.053148
-0.000059 -0.082822 -0.039813
-0.000059 -0.073447 -0.084097
-0.000059 -0.059791 -0.075960
0.059216 -0.068321 -0.040622
0.055834 -0.100952 -0.059739
0.046162 -0.106146 -0.053441
0.027247 -0.073687 -0.052665
0.030829 -0.067936 -0.061953
0.045854 -0.028438 -0.149580
0.049184 -0.020317 -0.184878
0.072675 -0.020317 -0.184878
0.060929 -0.010432 -0.178534
-0.000059 -0.034842 -0.167001
-0.000059 -0.080913 -0.143294
-0.000059 0.124166 -0.216753
-0.000059 0.136659 -0.206210
-0.041684 0.072298 -0.207462
-0.051436 0.059040 -0.206347
-0.051716 0.054763 -0.179155
-0.059241 0.040567 -0.182171
-0.019420 -0.083513 -0.036193
-0.000059 -0.100522 -0.042749
-0.019420 -0.097169 -0.044330
-0.000059 -0.066912 -0.066483
-0.015514 -0.074867 -0.053148
-0.019420 -0.097169 -0.044330
-0.030947 -0.067936 -0.061953
-0.019420 -0.063861 -0.069137
-0.047915 -0.078765 -0.039177
-0.049454 -0.069213 -0.056950
-0.026868 -0.081003 -0.040160
-0.027365 -0.073687 -0.052665
-0.046281 -0.106146 -0.053441
-0.055921 -0.097509 -0.065773
-0.045972 -0.028438 -0.149580
-0.054775 -0.050648 -0.164366
-0.076028 -0.028438 -0.149580
-0.061000 -0.017944 -0.142593
0.063407 -0.049162 -0.194070
0.070144 -0.064469 -0.181014
0.058615 -0.096803 -0.168351
0.070144 -0.064469 -0.181014
0.043933 -0.058897 -0.159411
0.058597 -0.044109 -0.172012
0.069578 0.041942 -0.170212
0.061495 0.040027 -0.145564
0.056406 0.048703 -0.161839
0.046997 0.044272 -0.139484
0.046997 0.044272 -0.139484
0.046445 -0.020770 -0.142612
0.037088 0.100740 -0.165058
0.032713 0.110104 -0.172984
-0.000059 0.142671 -0.190598
0.028391 0.133667 -0.191606
0.038770 0.123325 -0.206362
0.043601 0.113610 -0.194612
0.035410 0.110699 -0.194201
0.040305 0.114203 -0.220562
0.038770 0.123325 -0.206362
0.030070 0.118479 -0.220500
-0.050165 -0.097756 -0.134582
-0.055067 -0.107370 -0.150220
-0.035593 -0.097165 -0.136562
-0.070263 -0.064469 -0.181014
-0.063526 -0.049162 -0.194070
-0.052298 -0.090011 -0.139724
-0.036506 -0.082658 -0.148069
-0.050165 -0.097756 -0.134582
-0.057617 0.093629 -0.166575
-0.039206 0.117362 -0.166874
-0.057617 0.093629 -0.166575
-0.032832 0.110104 -0.172984
-0.042547 0.100868 -0.183715
-0.062539 0.087735 -0.181510
-0.063945 0.012648 -0.181545
-0.052709 -0.015594 -0.161951
-0.035528 0.110699 -0.194201
-0.000059 0.142671 -0.190598
-0.040423 0.114203 -0.220562
-0.030189 0.118479 -0.220500
-0.038889 0.123325 -0.206362
-0.032043 0.118710 -0.206502
0.050053 -0.054221 -0.169087
0.037318 -0.087381 -0.148857
0.041517 -0.082717 -0.141109
0.041851 -0.090266 -0.141878
0.054451 -0.080515 -0.120804
0.059855 -0.067062 -0.074775
0.057623 -0.057827 -0.050358
0.037248 0.120541 -0.189574
0.016184 0.121442 -0.204112
-0.000059 0.128353 -0.203827
0.036209 0.070957 -0.206643
0.016184 0.121442 -0.204112
0.035578 0.120132 -0.204166
0.029924 0.116011 -0.184400
0.047322 0.071661 -0.191896
0.031915 0.069548 -0.192365
0.037267 0.075810 -0.186023
-0.000059 0.123157 -0.189535
0.029924 0.116011 -0.184400
-0.054622 -0.041624 -0.168703
-0.060252 -0.048951 -0.164956
-0.041308 -0.086112 -0.138067
-0.049434 -0.081598 -0.118437
-0.059973 -0.067062 -0.074775
-0.047213 -0.062237 -0.051859
-0.050975 -0.064882 -0.048396
-0.047986 -0.050123 -0.158553
-0.019344 0.110016 -0.190076
-0.019344 0.110016 -0.190076
-0.000059 0.123157 -0.189535
-0.032756 0.075126 -0.186141
-0.032756 0.075126 -0.186141
-0.047440 0.071661 -0.191896
-0.032756 0.075126 -0.186141
-0.043584 0.106062 -0.190239
0.031036 0.080796 -0.229453
0.033714 0.077880 -0.180993
-0.000059 0.129392 -0.178969
-0.030861 0.103957 -0.180301
-0.000059 0.123308 -0.233543
-0.000059 0.079786 -0.236642
0.036382 0.080072 -0.235311
0.032077 0.097194 -0.229501
-0.015285 0.119231 -0.228433
-0.000059 0.123308 -0.233543
0.037104 0.078493 -0.183325
0.026300 0.110688 -0.178510
-0.000059 0.130838 -0.177047
0.019787 0.125861 -0.180529
0.061034 0.073057 -0.173824
0.040187 0.090806 -0.233059
0.048127 0.067982 -0.231002
0.061932 0.043036 -0.175387
-0.022276 0.117115 -0.178044
-0.000059 0.130838 -0.177047
-0.000059 0.131743 -0.180102
-0.048246 0.089838 -0.229933
-0.048246 0.067982 -0.231002
-0.069708 -0.018114 -0.243012
-0.057645 0.020072 -0.297521
-0.069708 -0.128330 -0.252139
-0.046567 -0.074474 -0.327045
-0.069708 -0.113653 -0.300780
-0.048413 0.006737 -0.381487
-0.000059 0.110664 -0.281241
-0.000059 0.116760 -0.315163
0.069589 -0.018114 -0.243012
0.057526 0.020072 -0.297521
0.069589 -0.128330 -0.252139
0.069589 -0.113653 -0.300780
0.046448 -0.074474 -0.327045
-0.000059 -0.074474 -0.327045
-0.000059 0.110664 -0.281241
0.057403 0.110664 -0.281241
-0.033610 0.047130 -0.403130
-0.033610 0.047066 -0.419189
-0.035691 -0.105333 -0.344775
-0.000059 -0.105317 -0.344777
-0.000059 -0.118771 -0.336259
-0.000059 -0.114968 -0.326256
-0.000059 0.047130 -0.403130
-0.000059 0.043043 -0.416806
-0.033610 0.027920 -0.403328
-0.054513 0.027920 -0.403328
-0.035676 -0.095565 -0.332149
-0.062511 -0.095572 -0.332145
-0.035569 -0.117540 -0.318899
-0.035593 -0.125140 -0.339218
-0.000059 -0.101889 -0.333982
-0.000059 -0.105317 -0.344777
-0.000059 0.027418 -0.419614
-0.033610 0.027418 -0.419614
-0.033610 0.027114 -0.475517
-0.060308 0.027114 -0.475517
-0.035593 -0.145092 -0.395547
-0.035571 -0.134941 -0.382579
-0.033610 0.027178 -0.459459
-0.000059 0.027178 -0.459459
-0.033610 0.007466 -0.475943
-0.060308 0.001276 -0.480161
-0.060308 0.001276 -0.480161
-0.074078 -0.145101 -0.395542
-0.035569 -0.137492 -0.375228
-0.073090 -0.137504 -0.375221
-0.000059 -0.121841 -0.390310
-0.035676 -0.115517 -0.388478
-0.033610 0.027178 -0.459459
-0.000059 0.027178 -0.459459
0.060189 0.047066 -0.419189
0.033492 0.047066 -0.419189
-0.000059 -0.114968 -0.326256
-0.000059 -0.118771 -0.336259
0.072971 -0.117552 -0.318893
0.033492 0.027418 -0.419614
0.060189 0.021228 -0.423832
0.060189 0.027920 -0.403328
0.060189 0.053174 -0.398789
0.035450 -0.117540 -0.318899
0.035577 -0.101921 -0.352434
0.035474 -0.125140 -0.339218
-0.000059 -0.114968 -0.326256
-0.000059 -0.101889 -0.333982
-0.000059 0.032055 -0.405839
-0.000059 0.047130 -0.403130
0.060189 0.027114 -0.475517
0.060189 0.001276 -0.480161
0.063025 -0.121879 -0.408760
0.060189 0.007968 -0.459657
0.035572 -0.125285 -0.401104
0.035557 -0.115517 -0.388478
0.060189 0.027114 -0.475517
0.060189 0.033222 -0.455118
0.060189 0.033222 -0.455118
0.033492 0.027178 -0.459459
0.033492 0.007968 -0.459657
0.035577 -0.121873 -0.408763
-0.000059 -0.134920 -0.382584
0.035453 -0.134941 -0.382579
0.033492 0.007968 -0.459657
0.033492 0.007466 -0.475943
-0.049112 0.006962 -0.476800
0.053564 0.015369 -0.476332
0.054880 0.011080 -0.517256
0.054131 0.000886 -0.515374
-0.056491 -0.006390 -0.530587
-0.061468 -0.004095 -0.532284
0.061672 0.017366 -0.549390
0.052508 0.013907 -0.552114
0.056229 0.022926 -0.549250
-0.051514 0.044662 -0.367864
-0.053683 0.038687 -0.402611
-0.053119 0.017809 -0.474821
-0.046279 0.028692 -0.456450
-0.051514 0.039023 -0.418261
0.052125 0.033000 -0.403507
0.046759 0.046790 -0.401682
0.054163 0.020426 -0.457924
0.046759 0.028692 -0.456450
0.046759 0.012304 -0.458920
0.039355 0.020428 -0.457865
-0.041080 -0.160996 -0.457093
-0.037496 -0.138936 -0.434347
0.053564 -0.137622 -0.413868
0.046161 -0.127228 -0.404358
0.047935 -0.140670 -0.439031
-0.037794 -0.151626 -0.464217
-0.031331 -0.150700 -0.454562
0.051396 -0.136410 -0.395387
-0.041044 -0.112236 -0.324303
-0.046281 -0.102797 -0.332402
-0.046280 -0.107709 -0.347390
-0.041044 -0.117473 -0.340262
0.054163 -0.097633 -0.295142
0.046759 -0.091021 -0.296689
0.046759 -0.120856 -0.387551
0.054163 -0.127207 -0.383946
-0.043681 0.060281 -0.180219
-0.052594 -0.006491 -0.175782
-0.000059 -0.050650 -0.231768
-0.000059 -0.050626 -0.179915
-0.000059 0.071357 -0.240654
-0.000059 0.072499 -0.179099
-0.000059 -0.050626 -0.179915
0.041065 -0.037908 -0.178663
-0.061647 -0.062541 -0.509333
-0.019665 -0.022672 -0.515634
-0.048224 -0.031206 -0.513438
-0.048224 -0.031206 -0.513438
-0.000059 -0.084016 -0.317553
-0.000059 -0.142837 -0.463867
-0.049635 -0.136427 -0.499524
-0.022389 -0.137317 -0.505781
-0.022556 -0.143660 -0.498729
-0.049539 -0.129974 -0.506539
0.062402 -0.048491 -0.341773
0.061528 -0.009734 -0.366701
0.019716 -0.030901 -0.520645
-0.000059 -0.028696 -0.520289
0.049421 -0.129974 -0.506539
0.022270 -0.137317 -0.505781
0.049517 -0.136427 -0.499524
0.049421 -0.129974 -0.506539
0.022270 -0.137317 -0.505781
0.049421 -0.129974 -0.506539
-0.037704 0.049852 -0.280307
-0.027677 0.053940 -0.279572
-0.051884 0.065950 -0.289715
-0.051884 0.063808 -0.277799
-0.027677 0.084398 -0.286400
-0.023524 0.092125 -0.272710
-0.047731 0.104135 -0.282853
-0.051884 0.092125 -0.272710
0.037585 0.049852 -0.280307
0.051765 0.065950 -0.289715
0.051765 0.063808 -0.277799
0.051765 0.063808 -0.277799
0.051765 0.092125 -0.272710
0.037585 0.078169 -0.275218
0.047612 0.101994 -0.270937
0.047612 0.104135 -0.282853
0.035629 0.059114 -0.257585
0.026511 0.070085 -0.279871
0.026511 0.070085 -0.279871
0.035629 0.059114 -0.257585
0.066928 -0.000867 -0.221341
0.053505 -0.040359 -0.189512
0.034280 -0.060999 -0.199295
0.045192 -0.049092 -0.181793
0.036447 -0.068016 -0.184403
0.036799 -0.045203 -0.190174
-0.044483 0.080968 -0.266760
-0.051461 0.087675 -0.260331
-0.027534 0.093597 -0.280519
-0.044211 0.103074 -0.278816
-0.044497 0.061746 -0.242965
-0.051878 0.027211 -0.233730
0.032974 0.084121 -0.282222
0.044365 0.080968 -0.266760
0.032974 0.084121 -0.282222
0.027415 0.093597 -0.280519
0.039085 0.088821 -0.245523
0.062243 0.068830 -0.241737
0.057509 -0.014686 -0.175508
0.052385 -0.028548 -0.187852
-0.084778 -0.001619 -0.261002
-0.073804 -0.008623 -0.269768
-0.089189 -0.016082 -0.225217
-0.068901 -0.014657 -0.230800
-0.083063 -0.040135 -0.217544
-0.048800 -0.061571 -0.182072
-0.038887 -0.068525 -0.175844
-0.031123 -0.036811 -0.187560
-0.033483 -0.052940 -0.193721
-0.022921 -0.043186 -0.169205
-0.030928 -0.126857 -0.275986
-0.028997 -0.127882 -0.256968
-0.028997 -0.127882 -0.256968
-0.034645 -0.109939 -0.209588
-0.029406 -0.101365 -0.188517
-0.019402 -0.031463 -0.170547
-0.016510 -0.030507 -0.182072
-0.000722 -0.167765 -0.272728
0.012704 -0.146751 -0.245876
0.026297 -0.141687 -0.252345
0.027577 -0.126052 -0.231976
0.034005 -0.113710 -0.196452
0.006189 -0.061548 -0.177195
0.032064 -0.098960 -0.180876
0.009379 -0.031591 -0.167290
-0.098447 -0.030012 -0.329631
-0.079237 -0.017861 -0.316791
-0.073736 -0.019792 -0.330191
-0.078432 -0.043366 -0.328899
-0.001948 -0.162295 -0.287470
0.011694 -0.166452 -0.282361
0.004764 -0.173104 -0.273078
0.007919 -0.176428 -0.285355
-0.023984 -0.124604 -0.324907
-0.020890 -0.126895 -0.315784
-0.007325 -0.080494 -0.640534
0.017163 -0.075697 -0.639686
-0.008290 -0.045145 -0.579366
-0.020136 -0.052557 -0.582142
-0.020136 -0.052557 -0.582142
-0.008290 -0.045145 -0.579366
0.034465 -0.026550 -0.595333
0.018357 -0.032852 -0.601954
-0.049829 -0.060781 -0.605062
-0.040654 -0.054883 -0.605079
-0.031479 -0.059082 -0.609221
-0.033987 -0.096940 -0.495763
-0.013025 -0.108242 -0.478111
-0.011427 -0.094929 -0.449409
-0.010003 -0.089664 -0.539533
0.016203 -0.077410 -0.640449
0.016203 -0.089664 -0.539533
0.016203 -0.070864 -0.440053
0.003100 -0.063299 -0.439976
-0.010002 -0.085993 -0.440207
0.037680 -0.118909 -0.607870
0.018788 -0.118889 -0.608042
0.033088 -0.105593 -0.526952
0.020522 -0.088794 -0.491875
0.009242 -0.087609 -0.460134
0.021396 -0.116177 -0.502763
0.025945 -0.043590 -0.593357
0.032828 -0.032202 -0.588107
0.018962 -0.044988 -0.532274
0.018328 -0.051639 -0.490929
0.026321 -0.062461 -0.446038
0.019339 -0.058225 -0.444810
-0.012355 -0.068712 -0.554498
-0.008141 -0.065293 -0.520915
-0.008141 -0.065293 -0.520915
-0.012444 -0.048939 -0.493792
-0.011386 -0.045077 -0.579037
-0.018538 -0.048925 -0.580537
0.041096 0.122492 -0.156919
0.060377 0.109404 -0.153314
0.067537 0.100485 -0.141278
-0.000059 -0.025138 0.000523
0.072133 -0.069117 -0.047429
0.068250 -0.082381 -0.036559
-0.000059 -0.049119 -0.003861
0.067245 0.103686 -0.166389
0.078760 0.088543 -0.156024
-0.000059 -0.070205 -0.017162
-0.000059 -0.047781 -0.008678
0.074895 0.098885 -0.161986
0.072853 0.076782 -0.112663
0.059965 0.114594 -0.169950
-0.000059 -0.071971 -0.012484
-0.000059 -0.070205 -0.017162
0.073443 0.066308 -0.086291
0.074725 0.055161 -0.071941
0.079418 -0.049125 -0.059813
0.085147 -0.028566 -0.070454
0.059728 0.101036 -0.126289
0.058671 0.101459 -0.139616
-0.019154 0.124985 -0.119276
-0.054991 0.114059 -0.156295
-0.065302 0.104174 -0.147983
-0.023260 0.120043 -0.138279
-0.000059 0.128644 -0.098237
-0.000059 0.112784 -0.056882
-0.086156 0.002438 -0.063188
-0.087610 -0.027100 -0.067637
-0.067364 0.103686 -0.166389
-0.078878 0.088543 -0.156024
-0.032337 -0.071199 -0.020605
-0.000059 -0.070205 -0.017162
-0.067364 0.103686 -0.166389
-0.075014 0.098885 -0.161986
-0.076537 0.078271 -0.110654
-0.033400 -0.072191 -0.017750
-0.000059 -0.071971 -0.012484
-0.073561 0.066308 -0.086291
-0.077113 0.067933 -0.084264
-0.074844 0.055161 -0.071941
-0.085265 -0.028566 -0.070454
-0.079537 -0.049125 -0.059813
-0.037015 0.105031 -0.144246
-0.048900 0.097912 -0.141713
0.048691 0.073114 -0.147072
0.070587 -0.000350 -0.140974
0.064437 -0.100767 -0.134313
0.065180 -0.092102 -0.145227
0.060083 0.082382 -0.154201
0.072015 0.085929 -0.156257
0.082158 -0.033905 -0.165576
0.054499 0.095774 -0.155863
0.068639 0.103387 -0.163114
0.053743 0.066318 -0.142794
0.057835 0.046936 -0.140077
0.082158 -0.033905 -0.165576
0.065182 -0.088162 -0.045385
0.049247 -0.074830 -0.029633
0.054727 -0.093858 -0.152478
0.046953 -0.081791 -0.140003
0.027674 -0.079129 -0.139787
0.045955 -0.027137 -0.178553
0.031577 0.077081 -0.182663
0.057900 -0.011317 -0.177075
0.059272 -0.017410 -0.148005
0.081668 -0.021539 -0.147706
0.037730 0.000609 -0.187689
0.043233 0.005238 -0.193002
0.061049 0.014549 -0.190799
0.058242 0.067630 -0.190084
0.047225 0.065028 -0.159718
0.044420 0.085087 -0.157583
0.040429 0.074204 -0.190292
0.034577 0.079843 -0.182835
0.052788 0.076764 -0.189174
0.056668 0.008695 -0.186810
0.039100 0.067270 -0.190798
0.042143 0.014189 -0.192728
0.057900 -0.011317 -0.177075
0.047361 0.005733 -0.188268
0.045405 0.098676 -0.180233
0.046694 0.064727 -0.145987
0.048691 0.073114 -0.147072
0.045151 0.085738 -0.153701
0.054499 0.095774 -0.155863
0.058460 0.002638 -0.145311
0.059272 -0.017410 -0.148005
-0.000059 -0.078338 -0.138602
0.038863 0.114942 -0.170887
0.046530 0.120679 -0.176084
0.039088 0.117362 -0.166874
0.031984 0.109363 -0.174883
0.031393 0.107681 -0.178288
0.026008 0.117273 -0.177918
0.026906 0.122315 -0.175057
0.024727 0.123075 -0.190537
0.021845 0.128927 -0.189913
0.017119 0.125412 -0.179820
0.021122 0.128463 -0.177769
0.010355 0.126961 -0.171913
-0.000059 0.124247 -0.157363
-0.000059 0.130218 -0.180369
-0.000059 0.137869 -0.189125
0.005589 0.131895 -0.190003
0.004626 0.137377 -0.189420
0.076214 -0.045331 -0.181375
-0.050922 0.079268 -0.154275
-0.079733 -0.000661 -0.143441
-0.065298 -0.092102 -0.145227
-0.064555 -0.100767 -0.134313
-0.060201 0.082382 -0.154201
-0.072133 0.085929 -0.156257
-0.080934 0.018564 -0.063769
-0.085265 -0.028566 -0.070454
-0.054617 0.095774 -0.155863
-0.068758 0.103387 -0.163114
-0.081787 -0.021539 -0.147706
-0.054846 -0.093858 -0.152478
-0.066587 -0.089908 -0.154059
-0.065301 -0.088162 -0.045385
-0.049366 -0.074830 -0.029633
-0.063868 -0.102859 -0.123277
-0.068929 -0.095331 -0.068816
-0.047072 -0.081791 -0.140003
-0.046408 -0.061060 -0.150639
-0.025318 -0.032369 -0.191616
-0.000059 -0.033947 -0.192368
-0.044187 -0.002455 -0.184760
-0.037848 0.000609 -0.187689
-0.062229 0.003090 -0.183249
-0.054739 0.000972 -0.191025
-0.061168 0.014549 -0.190799
-0.058361 0.067630 -0.190084
-0.044539 0.085087 -0.157583
-0.040547 0.074204 -0.190292
-0.041391 0.067116 -0.187020
-0.046501 0.074851 -0.187394
-0.044136 0.014117 -0.188718
-0.042262 0.014189 -0.192728
-0.046584 0.002895 -0.192655
-0.070705 -0.000350 -0.140974
-0.057954 0.046936 -0.140077
-0.053861 0.066318 -0.142794
-0.048999 0.082756 -0.153066
-0.048810 0.073114 -0.147072
-0.053072 0.096143 -0.158511
-0.055588 0.104125 -0.159216
-0.053072 0.096143 -0.158511
-0.040306 -0.059248 -0.054709
-0.042406 -0.054311 -0.041774
-0.034700 0.120322 -0.173195
-0.046649 0.120679 -0.176084
-0.029448 0.118529 -0.173714
-0.032103 0.109363 -0.174883
-0.027025 0.122315 -0.175057
-0.026127 0.117273 -0.177918
-0.035647 0.125489 -0.169641
-0.018381 0.136716 -0.178668
-0.017238 0.125412 -0.179820
-0.019556 0.125853 -0.189056
-0.010473 0.126961 -0.171913
-0.005691 0.130135 -0.180341
-0.005691 0.130135 -0.180341
-0.004744 0.137377 -0.189420
-0.030567 -0.063001 -0.017731
-0.000059 -0.055336 -0.011890
-0.062812 0.002473 -0.178576
-0.000059 0.136659 -0.206210
0.026015 0.123978 -0.206704
-0.000059 0.127376 -0.207878
0.013138 0.123257 -0.207853
0.033694 0.116460 -0.223614
0.042725 0.077732 -0.224867
0.042833 0.067316 -0.204926
0.046712 0.058927 -0.195438
0.043465 0.050166 -0.177808
0.051597 0.054763 -0.179155
0.040810 -0.081015 -0.034032
0.010502 -0.059536 -0.015061
0.024450 -0.056356 -0.023541
-0.000059 -0.078170 -0.080219
0.008216 -0.079021 -0.078793
0.020023 -0.085069 -0.068653
0.008216 -0.079021 -0.078793
0.010848 -0.080492 -0.043719
0.015395 -0.074867 -0.053148
0.019302 -0.097169 -0.044330
0.027247 -0.087343 -0.060802
0.029250 -0.057317 -0.056930
0.030829 -0.067936 -0.061953
0.044534 -0.065167 -0.061892
0.038642 -0.068992 -0.061509
0.048655 -0.078174 -0.035776
0.050075 -0.062889 -0.055500
0.050491 -0.065574 -0.058291
0.038642 -0.068992 -0.061509
0.032616 -0.071184 -0.060256
0.038642 -0.068992 -0.061509
0.044615 -0.096226 -0.073450
0.060881 -0.017944 -0.142593
0.060919 -0.011297 -0.169857
0.054787 -0.036873 -0.186466
0.054657 -0.050648 -0.164366
0.072675 -0.020317 -0.184878
0.069235 -0.013327 -0.180392
0.060929 -0.010432 -0.178534
0.069235 -0.013327 -0.180392
0.027299 -0.079752 -0.144144
0.037781 -0.039718 -0.170218
0.041573 -0.035880 -0.166352
0.037781 -0.039718 -0.170218
-0.000059 0.127376 -0.207878
-0.013256 0.123257 -0.207853
-0.000059 0.130240 -0.223959
-0.000059 0.139523 -0.222291
-0.028576 0.104235 -0.225604
-0.033595 0.076271 -0.226050
-0.029459 0.066499 -0.216636
-0.034230 0.051278 -0.206113
-0.044229 0.042015 -0.203410
-0.051108 0.035970 -0.180823
-0.029219 -0.080928 -0.042543
-0.024569 -0.056356 -0.023541
-0.008335 -0.079021 -0.078793
-0.000059 -0.078170 -0.080219
-0.008335 -0.079021 -0.078793
-0.020141 -0.085069 -0.068653
-0.000059 -0.066912 -0.066483
-0.005929 -0.067518 -0.065468
-0.027365 -0.073687 -0.052665
-0.025441 -0.069308 -0.062075
-0.029369 -0.057317 -0.056930
-0.040928 -0.081015 -0.034032
-0.048773 -0.078174 -0.035776
-0.035884 -0.063791 -0.024638
-0.038799 -0.061498 -0.060855
-0.050193 -0.062889 -0.055500
-0.050610 -0.065574 -0.058291
-0.047915 -0.078765 -0.039177
-0.034209 -0.081780 -0.038555
-0.029219 -0.080928 -0.042543
-0.027365 -0.073687 -0.052665
-0.027365 -0.073687 -0.052665
-0.075841 -0.019503 -0.175186
-0.076028 -0.028438 -0.149580
-0.054906 -0.036873 -0.186466
-0.054775 -0.050648 -0.164366
-0.072794 -0.020317 -0.184878
-0.069353 -0.027306 -0.189364
-0.072794 -0.020317 -0.184878
-0.069353 -0.013327 -0.180392
-0.035637 -0.038911 -0.170738
-0.037900 -0.039718 -0.170218
-0.041691 -0.035880 -0.166352
-0.000059 -0.034842 -0.167001
0.052179 -0.090011 -0.139724
0.050046 -0.097756 -0.134582
0.068195 -0.049698 -0.187065
0.037870 -0.101079 -0.144150
0.047943 -0.104115 -0.155123
0.058090 -0.099127 -0.155400
0.056831 -0.104445 -0.148734
0.070144 -0.064469 -0.181014
0.068358 -0.049273 -0.193443
0.063407 -0.049162 -0.194070
0.055550 -0.055445 -0.177019
0.053690 -0.049946 -0.163769
0.035474 -0.097165 -0.136562
0.044969 -0.100756 -0.133763
0.060825 -0.013991 -0.146620
0.061495 0.040027 -0.145564
0.069578 0.041942 -0.170212
0.067090 0.071573 -0.172107
0.067090 0.071573 -0.172107
0.057498 0.093629 -0.166575
0.046721 0.011398 -0.139084
0.046997 0.044272 -0.139484
0.038863 0.114942 -0.170887
0.047833 0.107570 -0.181503
0.064432 0.048440 -0.184337
0.056419 0.083871 -0.179961
-0.000059 0.142084 -0.219705
0.043531 0.114684 -0.207913
0.005552 0.142084 -0.219705
0.005552 0.135432 -0.219455
0.005552 0.135191 -0.204638
0.038568 0.123331 -0.192445
0.043531 0.114684 -0.207913
0.040305 0.114203 -0.220562
0.036536 0.121308 -0.189393
0.044371 0.114292 -0.193305
0.033117 0.117817 -0.189897
0.036790 0.108773 -0.190025
0.036498 0.121848 -0.192644
0.038568 0.123331 -0.192445
-0.054092 -0.092878 -0.148254
-0.052298 -0.090011 -0.139724
-0.068477 -0.049273 -0.193443
-0.065078 -0.045202 -0.189684
-0.037989 -0.101079 -0.144150
-0.035593 -0.097165 -0.136562
-0.048062 -0.104115 -0.155123
-0.063526 -0.049162 -0.194070
-0.065894 -0.065247 -0.187775
-0.058734 -0.096803 -0.168351
-0.065894 -0.065247 -0.187775
-0.063526 -0.049162 -0.194070
-0.035593 -0.097165 -0.136562
-0.045087 -0.100756 -0.133763
-0.068601 0.038175 -0.164228
-0.069697 0.041942 -0.170212
-0.067209 0.071573 -0.172107
-0.067209 0.071573 -0.172107
-0.057617 0.093629 -0.166575
-0.032832 0.110104 -0.172984
-0.039336 0.090719 -0.149547
-0.042547 0.100868 -0.183715
-0.047951 0.107570 -0.181503
-0.056537 0.083871 -0.179961
-0.042943 0.097730 -0.178519
-0.000059 0.142084 -0.219705
-0.040423 0.114203 -0.220562
-0.033533 0.111290 -0.220401
-0.005671 0.142084 -0.219705
-0.005671 0.143056 -0.204324
-0.005671 0.135191 -0.204638
-0.038686 0.123331 -0.192445
-0.044490 0.114292 -0.193305
-0.041280 0.111968 -0.188473
-0.044490 0.114292 -0.193305
-0.041280 0.111968 -0.188473
-0.038686 0.123331 -0.192445
-0.036616 0.121848 -0.192644
0.054656 -0.043262 -0.158869
0.058358 -0.047601 -0.159649
0.054504 -0.041624 -0.168703
0.058206 -0.045963 -0.169483
0.031891 -0.081199 -0.143222
0.041851 -0.090266 -0.141878
0.032808 -0.092775 -0.140014
0.042940 -0.086375 -0.136546
0.045238 -0.091194 -0.138698
0.049316 -0.081598 -0.118437
0.054451 -0.080515 -0.120804
0.062082 -0.084781 -0.099190
0.054378 -0.068837 -0.074753
0.062658 -0.075662 -0.070579
0.048597 -0.057386 -0.054570
0.047094 -0.062237 -0.051859
0.046691 0.090742 -0.203442
0.041078 0.105877 -0.204753
0.035578 0.120132 -0.204166
0.026508 0.131979 -0.189171
0.012687 0.138612 -0.188898
-0.000059 0.128353 -0.203827
-0.000059 0.138185 -0.203422
0.043465 0.106570 -0.202266
0.041078 0.105877 -0.204753
0.035578 0.120132 -0.204166
0.047322 0.071661 -0.191896
0.031915 0.069548 -0.192365
0.037248 0.120541 -0.189574
0.026508 0.131979 -0.189171
0.025882 0.113885 -0.189917
0.018316 0.123132 -0.189536
0.032637 0.075126 -0.186141
0.037267 0.075810 -0.186023
0.037267 0.075810 -0.186023
0.032637 0.075126 -0.186141
-0.047986 -0.050123 -0.158553
-0.052847 -0.040274 -0.163396
-0.058325 -0.045963 -0.169483
-0.060252 -0.048951 -0.164956
-0.041636 -0.082717 -0.141109
-0.041969 -0.090266 -0.141878
-0.043058 -0.086375 -0.136546
-0.040472 -0.096572 -0.131868
-0.043058 -0.086375 -0.136546
-0.052266 -0.090977 -0.116587
-0.057400 -0.089894 -0.118954
-0.063536 -0.081075 -0.085166
-0.059973 -0.067062 -0.074775
-0.053980 -0.055181 -0.053820
-0.046809 0.090742 -0.203442
-0.026037 0.078018 -0.191395
-0.031243 0.069932 -0.202551
-0.037906 0.121313 -0.201658
-0.012805 0.139120 -0.200924
-0.000059 0.140444 -0.200870
-0.032034 0.069548 -0.192365
-0.032034 0.069548 -0.192365
-0.032031 0.074205 -0.206359
-0.023200 0.112869 -0.204465
-0.048905 0.071376 -0.203309
-0.044551 0.072421 -0.205972
-0.010787 0.132540 -0.189148
-0.000059 0.134077 -0.189085
-0.026001 0.113885 -0.189917
-0.032773 0.075360 -0.191561
-0.021879 0.126637 -0.183962
-0.010769 0.132306 -0.183728
-0.000059 0.128941 -0.183867
-0.018417 0.122899 -0.184116
-0.000059 0.129392 -0.178969
-0.000059 0.121786 -0.228031
0.022984 0.111878 -0.228901
0.027972 0.101959 -0.229439
-0.014652 0.126171 -0.179272
-0.013155 0.119289 -0.228320
-0.028091 0.101959 -0.229439
-0.031155 0.080796 -0.229453
-0.000059 0.122541 -0.228123
0.015166 0.119231 -0.228433
0.030245 0.081539 -0.230111
0.023901 0.107630 -0.229030
0.015166 0.119231 -0.228433
-0.000059 0.122541 -0.228123
-0.015416 0.119961 -0.233867
-0.000059 0.123308 -0.233543
-0.032196 0.097194 -0.229501
-0.026612 0.109489 -0.228960
-0.000059 0.119362 -0.228243
-0.000059 0.122541 -0.228123
0.032106 0.078120 -0.183392
0.029010 0.102939 -0.182153
0.025375 0.119703 -0.177856
0.030941 0.112601 -0.181492
0.022157 0.117140 -0.181162
0.011005 0.124907 -0.177478
-0.000059 0.131743 -0.180102
-0.000059 0.126745 -0.180465
0.061034 0.073057 -0.173824
0.048127 0.089838 -0.229933
0.040187 0.069398 -0.233953
0.055277 0.042582 -0.174317
-0.030967 0.092720 -0.179445
-0.029128 0.102939 -0.182153
-0.022276 0.117115 -0.178044
-0.022276 0.117140 -0.181162
-0.011123 0.124932 -0.180596
-0.034038 0.103948 -0.182098
-0.026178 0.120278 -0.180934
-0.061153 0.073057 -0.173824
-0.054562 0.072611 -0.172316
-0.062050 0.043036 -0.175387
-0.055395 0.042582 -0.174317
-0.068994 0.006737 -0.381487
-0.069708 -0.099854 -0.200806
-0.069708 -0.113653 -0.300780
-0.068994 0.006737 -0.381487
-0.057645 0.034341 -0.376527
-0.000059 0.110664 -0.281241
-0.057521 0.110664 -0.281241
-0.069708 -0.018114 -0.243012
-0.052866 -0.018114 -0.243012
-0.045712 -0.037059 -0.233414
-0.000059 -0.128330 -0.252139
-0.000059 -0.113653 -0.300780
-0.000059 -0.074474 -0.327045
-0.000059 0.110664 -0.281241
0.057403 0.110664 -0.281241
0.048042 0.020072 -0.297521
0.052748 -0.018114 -0.243012
-0.035569 -0.117540 -0.318899
-0.035571 -0.114989 -0.326250
-0.035691 -0.105333 -0.344775
-0.000059 -0.105317 -0.344777
-0.074078 -0.125149 -0.339214
-0.060308 0.021228 -0.423832
-0.060308 0.027920 -0.403328
-0.054513 0.027920 -0.403328
-0.035696 -0.101921 -0.352434
-0.035593 -0.125140 -0.339218
-0.060308 0.027920 -0.403328
-0.073090 -0.117552 -0.318893
-0.060308 0.053174 -0.398789
-0.033610 0.053174 -0.398789
-0.054513 0.027920 -0.403328
-0.054513 0.021228 -0.423832
-0.033610 0.032055 -0.405839
-0.033610 0.047130 -0.403130
-0.035569 -0.137492 -0.375228
-0.035676 -0.115517 -0.388478
-0.035691 -0.125285 -0.401104
-0.000059 -0.125269 -0.401106
-0.074078 -0.145101 -0.395542
-0.060308 0.001276 -0.480161
-0.060308 0.007968 -0.459657
-0.054513 0.007968 -0.459657
-0.035696 -0.121873 -0.408763
-0.035593 -0.145092 -0.395547
-0.060308 0.007968 -0.459657
-0.073090 -0.137504 -0.375221
-0.060308 0.033222 -0.455118
-0.033610 0.033222 -0.455118
-0.054513 0.007968 -0.459657
-0.054513 0.001276 -0.480161
-0.033610 0.012103 -0.462168
-0.033610 0.027178 -0.459459
0.035450 -0.117540 -0.318899
0.035453 -0.114989 -0.326250
0.035572 -0.105333 -0.344775
0.035476 -0.118784 -0.336245
0.073959 -0.125149 -0.339214
0.060189 0.027920 -0.403328
0.072971 -0.117552 -0.318893
0.033492 0.021228 -0.423832
0.054395 0.021228 -0.423832
0.060189 0.027920 -0.403328
0.060189 0.053174 -0.398789
0.033492 0.053174 -0.398789
0.033492 0.027920 -0.403328
0.035474 -0.125140 -0.339218
0.063025 -0.101927 -0.352432
0.054395 0.021228 -0.423832
0.033492 0.032055 -0.405839
0.033492 0.027418 -0.419614
0.035450 -0.137492 -0.375228
0.035453 -0.134941 -0.382579
0.035572 -0.125285 -0.401104
-0.000059 -0.125269 -0.401106
0.073959 -0.145101 -0.395542
0.060189 0.007968 -0.459657
0.072971 -0.137504 -0.375221
0.033492 0.001276 -0.480161
0.054395 0.001276 -0.480161
0.060189 0.007968 -0.459657
0.060189 0.033222 -0.455118
0.033492 0.033222 -0.455118
0.033492 0.007968 -0.459657
0.035474 -0.145092 -0.395547
0.063025 -0.121879 -0.408760
0.054395 0.001276 -0.480161
0.033492 0.012103 -0.462168
0.033492 0.007466 -0.475943
-0.039439 0.013819 -0.486896
-0.048311 0.002985 -0.510853
-0.057255 -0.001114 -0.507268
0.053564 0.010431 -0.491518
0.042124 0.006432 -0.518813
-0.066006 -0.015371 -0.524285
-0.065641 -0.003904 -0.527716
0.050542 0.011658 -0.548624
0.055691 0.009358 -0.548072
-0.069535 -0.011709 -0.526941
-0.057976 -0.013713 -0.536010
-0.056491 -0.006390 -0.530587
0.046161 0.023579 -0.474737
0.056335 0.012198 -0.551704
0.061672 0.017366 -0.549390
0.056335 0.012198 -0.551704
0.051395 0.009538 -0.477398
0.051396 0.021129 -0.475231
-0.041044 0.054629 -0.371073
-0.051514 0.054629 -0.371073
-0.049112 0.022266 -0.474113
-0.053120 0.011554 -0.475707
-0.040928 0.027855 -0.419033
-0.046280 0.025494 -0.419110
0.046758 0.030570 -0.403775
0.054162 0.038678 -0.402777
0.041524 0.044662 -0.367864
0.041524 0.054629 -0.371073
0.046759 0.028692 -0.456450
0.051995 0.038998 -0.418363
0.041524 0.014641 -0.458692
0.039355 0.020428 -0.457865
-0.049634 -0.143354 -0.436909
-0.037496 -0.138936 -0.434347
0.046160 -0.144234 -0.412322
0.038826 -0.131597 -0.400071
0.038991 -0.144617 -0.437120
-0.041044 -0.112236 -0.324303
-0.038876 -0.108346 -0.327672
-0.044086 -0.156343 -0.456621
-0.031331 -0.150700 -0.454562
-0.032723 -0.150334 -0.462903
0.044618 -0.175538 -0.451537
-0.031331 -0.150700 -0.454562
-0.044086 -0.156343 -0.456621
-0.030267 -0.156213 -0.455347
-0.041080 -0.160996 -0.457093
0.038707 -0.177312 -0.454568
0.044378 -0.173060 -0.460498
0.042777 -0.177444 -0.455355
0.051396 -0.136410 -0.395387
-0.053119 -0.133670 -0.396654
-0.049112 -0.126614 -0.403507
0.051995 -0.102308 -0.294048
0.051995 -0.112236 -0.324303
0.054163 -0.127207 -0.383946
0.039355 -0.097633 -0.295142
0.041524 -0.102308 -0.294048
0.052110 -0.109447 -0.346188
0.039355 -0.127186 -0.383892
0.046759 -0.120856 -0.387551
-0.000059 0.072499 -0.179099
-0.018327 0.072499 -0.179099
-0.043681 0.059028 -0.239426
-0.043681 0.047581 -0.273512
-0.000059 0.071357 -0.240654
-0.000059 0.074309 -0.211025
-0.000059 0.072499 -0.179099
0.018208 0.072499 -0.179099
0.052696 0.030782 -0.182924
0.052475 -0.006491 -0.175782
-0.019665 0.027680 -0.376292
-0.000059 0.029840 -0.375904
-0.000059 -0.084016 -0.317553
-0.000059 -0.120224 -0.391704
-0.049539 -0.129974 -0.506539
-0.056532 -0.114584 -0.508451
-0.048224 -0.027832 -0.486175
-0.048224 -0.009081 -0.429341
-0.022389 -0.137317 -0.505781
-0.019835 -0.030901 -0.520645
-0.022556 -0.143660 -0.498729
-0.049539 -0.129974 -0.506539
-0.022389 -0.137317 -0.505781
-0.022389 -0.137317 -0.505781
0.061528 -0.056248 -0.480905
0.056413 -0.114584 -0.508451
0.049421 -0.129974 -0.506539
0.048106 -0.031206 -0.513438
0.019547 -0.022672 -0.515634
0.061528 -0.062541 -0.509333
0.049421 -0.129974 -0.506539
0.048203 -0.039507 -0.518493
0.049518 -0.133972 -0.466975
0.049517 -0.136427 -0.499524
-0.000059 -0.020512 -0.515247
-0.000059 -0.028696 -0.520289
-0.037704 0.051994 -0.292223
-0.037704 0.049852 -0.280307
-0.027677 0.075818 -0.287942
-0.027677 0.073677 -0.276025
-0.051884 0.065950 -0.289715
-0.051884 0.063808 -0.277799
-0.047731 0.084398 -0.286400
-0.023524 0.094266 -0.284626
-0.027677 0.104135 -0.282853
-0.051884 0.094266 -0.284626
-0.051884 0.092125 -0.272710
0.047612 0.056081 -0.291488
0.047612 0.053940 -0.279572
0.023406 0.065950 -0.289715
0.023406 0.063808 -0.277799
0.047612 0.075818 -0.287942
0.051765 0.065950 -0.289715
0.037585 0.049852 -0.280307
0.027559 0.053940 -0.279572
0.027559 0.084398 -0.286400
0.023406 0.094266 -0.284626
0.047612 0.104135 -0.282853
0.047612 0.101994 -0.270937
0.023406 0.092125 -0.272710
0.027559 0.082257 -0.274484
0.026511 0.058101 -0.282025
0.026511 0.070085 -0.279871
0.026511 0.070085 -0.279871
0.037670 0.076078 -0.278794
0.065837 0.041591 -0.258143
0.074071 0.014938 -0.243430
0.070124 -0.013563 -0.237909
0.047406 -0.027323 -0.202457
0.055893 -0.055099 -0.204427
0.042272 -0.036997 -0.194440
0.044396 -0.048669 -0.180651
0.045192 -0.049092 -0.181793
0.029928 -0.062588 -0.174405
0.021535 -0.058699 -0.182786
0.034999 -0.043896 -0.187480
0.044396 -0.048669 -0.180651
0.036799 -0.045203 -0.190174
0.035072 -0.036150 -0.186520
-0.049770 0.093597 -0.280519
-0.050616 0.089027 -0.261528
-0.034140 0.079076 -0.262114
-0.046835 0.057592 -0.253009
-0.048282 0.043884 -0.232128
-0.049376 0.018789 -0.214503
-0.051892 -0.004049 -0.210640
-0.052503 -0.028548 -0.187852
0.044092 0.084121 -0.282222
0.032974 0.084121 -0.282222
0.034021 0.079076 -0.262114
0.048522 0.091983 -0.250477
0.062243 0.068830 -0.241737
0.046716 0.057592 -0.253009
0.067503 0.054409 -0.246073
0.070397 0.030563 -0.230234
0.051773 -0.004049 -0.210640
0.052385 -0.028548 -0.187852
-0.083653 -0.016981 -0.316682
-0.073107 -0.023056 -0.316273
-0.094617 -0.021238 -0.268883
-0.094290 -0.020031 -0.250398
-0.073498 -0.007453 -0.251994
-0.068901 -0.014657 -0.230800
-0.074836 -0.041880 -0.226349
-0.044828 -0.070515 -0.202855
-0.037428 -0.061139 -0.205221
-0.029683 -0.064048 -0.196954
-0.025341 -0.061260 -0.190285
-0.022921 -0.043186 -0.169205
-0.021450 -0.039887 -0.180834
-0.025430 -0.138847 -0.316260
-0.028802 -0.138049 -0.301683
-0.036484 -0.137267 -0.277677
-0.033814 -0.136366 -0.245409
-0.028654 -0.126233 -0.248985
-0.029582 -0.112116 -0.221882
-0.029406 -0.101365 -0.188517
-0.023309 -0.082307 -0.178327
-0.021291 -0.030760 -0.177127
-0.016510 -0.030507 -0.182072
0.016392 -0.146194 -0.264457
0.010946 -0.165954 -0.283351
0.020694 -0.122919 -0.234398
0.026297 -0.141687 -0.252345
0.027577 -0.126052 -0.231976
0.023522 -0.117299 -0.216329
0.017474 -0.110522 -0.209671
0.022219 -0.102208 -0.191636
0.027245 -0.099834 -0.197307
0.021928 -0.098757 -0.190171
0.018435 -0.056198 -0.180451
0.014551 -0.029868 -0.173065
0.011918 -0.027725 -0.180244
-0.073736 -0.019792 -0.330191
-0.092720 -0.038010 -0.315687
-0.096344 -0.029275 -0.316166
-0.069496 -0.030012 -0.329631
-0.094207 -0.040233 -0.329071
-0.098447 -0.030012 -0.329631
-0.001948 -0.162295 -0.287470
0.004764 -0.173104 -0.273078
0.004207 -0.164676 -0.290331
0.007919 -0.176428 -0.285355
0.000186 -0.178312 -0.278595
0.000186 -0.178312 -0.278595
-0.001327 -0.166582 -0.272953
-0.001007 -0.161540 -0.276457
-0.032432 -0.132911 -0.318352
-0.031614 -0.133618 -0.326198
-0.023984 -0.124604 -0.324907
-0.016198 -0.129143 -0.322479
-0.032432 -0.132911 -0.318352
-0.030113 -0.137790 -0.317343
0.036975 -0.105610 -0.606773
0.028873 -0.102274 -0.606406
-0.003001 -0.052557 -0.582142
-0.005510 -0.058231 -0.584266
-0.014847 -0.045145 -0.579366
-0.008290 -0.045145 -0.579366
-0.018656 -0.055920 -0.593372
-0.021592 -0.049283 -0.590887
0.027504 -0.023525 -0.596451
0.021529 -0.039740 -0.603115
0.018357 -0.032852 -0.601954
0.034465 -0.026550 -0.595333
0.027504 -0.023525 -0.596451
0.020832 -0.026135 -0.599193
-0.034008 -0.057628 -0.607757
-0.041165 -0.055282 -0.605364
-0.021839 -0.081161 -0.557155
-0.043400 -0.084438 -0.578011
-0.035770 -0.104417 -0.517879
-0.015187 -0.096217 -0.497475
-0.022227 -0.114050 -0.477359
-0.020030 -0.111399 -0.445996
-0.040654 -0.054883 -0.605079
-0.031479 -0.059082 -0.609221
0.003100 -0.084839 -0.641878
0.003100 -0.093056 -0.591529
0.003100 -0.097384 -0.515918
0.003100 -0.063299 -0.439976
-0.010002 -0.070864 -0.440053
-0.010003 -0.062553 -0.637589
-0.010003 -0.077410 -0.640449
0.028234 -0.102649 -0.606051
0.027108 -0.104471 -0.573053
0.016107 -0.108718 -0.550509
0.012438 -0.100533 -0.508417
0.020522 -0.088794 -0.491875
0.019468 -0.075545 -0.470469
0.037680 -0.118909 -0.607870
0.037680 -0.108075 -0.606600
0.019063 -0.031141 -0.591850
0.025945 -0.027699 -0.588852
0.026532 -0.044892 -0.547202
0.025453 -0.054711 -0.505246
0.025504 -0.064003 -0.491446
0.032927 -0.058691 -0.449254
0.025945 -0.027699 -0.588852
0.019063 -0.031141 -0.591850
-0.004234 -0.056682 -0.583372
-0.011386 -0.060529 -0.584872
-0.011386 -0.045077 -0.579037
-0.012245 -0.052393 -0.551953
-0.012444 -0.048939 -0.493792
-0.019137 -0.045203 -0.496865
-0.011386 -0.060529 -0.584872
-0.004234 -0.056682 -0.583372
0.067758 0.098973 -0.131363
0.066881 0.099418 -0.123511
0.037468 0.129154 -0.168686
0.033941 0.130985 -0.168508
0.017711 0.141181 -0.177035
0.012881 0.141557 -0.163364
0.077880 0.057069 -0.070114
0.080359 0.041775 -0.061921
0.050136 -0.087845 -0.029983
0.033281 -0.072191 -0.017750
0.062323 0.103744 -0.159419
0.067525 0.097587 -0.154202
0.049102 -0.086250 -0.033330
0.065890 -0.082295 -0.039137
0.002650 0.141407 -0.147113
0.073133 0.096354 -0.163576
0.079810 0.092206 -0.158306
0.073102 0.080205 -0.126898
0.033941 0.130985 -0.168508
0.002887 0.142027 -0.148008
0.027339 0.135275 -0.172831
-0.000059 -0.071971 -0.012484
-0.000059 -0.070205 -0.017162
0.072853 0.076782 -0.112663
0.073443 0.066308 -0.086291
0.086038 0.002438 -0.063188
0.087491 -0.027100 -0.067637
0.065890 -0.082295 -0.039137
0.049102 -0.086250 -0.033330
0.040164 0.103410 -0.144891
0.036897 0.105031 -0.144246
0.034037 0.100718 -0.132982
0.034153 0.099860 -0.129459
0.034153 0.099860 -0.129459
0.034037 0.100718 -0.132982
0.042241 0.097622 -0.136566
0.044019 0.096379 -0.133741
0.037192 0.100426 -0.137057
0.038682 0.102025 -0.135181
-0.067656 0.100485 -0.141278
-0.067877 0.098973 -0.131363
-0.060084 0.114594 -0.169950
-0.047992 0.124318 -0.175088
-0.020137 0.140133 -0.177825
-0.017830 0.141181 -0.177035
-0.076537 0.078271 -0.110654
-0.077113 0.067933 -0.084264
-0.061710 -0.066627 -0.027060
-0.050537 -0.041420 -0.013878
-0.067364 0.103686 -0.166389
-0.073251 0.096354 -0.163576
-0.046660 0.116666 -0.165288
-0.046649 0.120679 -0.176084
-0.002769 0.141407 -0.147113
-0.000059 0.140497 -0.145897
-0.069869 0.105088 -0.165205
-0.074075 0.082313 -0.136082
-0.073220 0.080205 -0.126898
-0.060084 0.114594 -0.169950
-0.034059 0.130985 -0.168508
-0.037586 0.129154 -0.168686
-0.032337 -0.071199 -0.020605
-0.000059 -0.070205 -0.017162
-0.015835 0.138014 -0.178180
-0.017830 0.141181 -0.177035
-0.080298 0.023897 -0.063057
-0.084230 0.002700 -0.065457
-0.072251 -0.069117 -0.047429
-0.068369 -0.082381 -0.036559
-0.058790 0.101459 -0.139616
-0.060269 0.100413 -0.132166
-0.049973 0.097107 -0.123133
-0.051776 0.095763 -0.128618
-0.041059 0.097365 -0.126512
-0.036838 0.098543 -0.126348
-0.039708 0.099203 -0.137502
-0.043774 0.096491 -0.129146
-0.043226 0.099330 -0.129765
-0.037310 0.100426 -0.137057
0.057707 0.085533 -0.156789
0.074735 -0.067975 -0.167144
0.076214 -0.045331 -0.181375
0.072243 -0.091868 -0.068950
0.068218 -0.084818 -0.046106
0.060083 0.082382 -0.154201
0.072015 0.085929 -0.156257
0.082158 -0.033905 -0.165576
0.068639 0.103387 -0.163114
0.065180 -0.092102 -0.145227
0.055839 -0.095051 -0.147447
0.059287 -0.104264 -0.135724
0.064437 -0.100767 -0.134313
0.028523 -0.084145 -0.135579
0.059192 -0.068095 -0.058295
0.048661 -0.084576 -0.135118
0.027674 -0.079129 -0.139787
0.045955 -0.027137 -0.178553
0.051926 -0.038883 -0.166622
-0.000059 0.000965 -0.189789
0.058979 -0.013279 -0.161943
0.057900 -0.011317 -0.177075
0.081668 -0.021539 -0.147706
0.037730 0.000609 -0.187689
0.040485 0.003986 -0.192106
0.063228 0.014737 -0.189725
0.061049 0.014549 -0.190799
0.060315 0.068642 -0.189547
0.036753 0.067588 -0.190275
0.039183 0.076355 -0.189480
0.044203 0.082657 -0.182532
0.054197 0.081990 -0.183839
0.058242 0.067630 -0.190084
0.047863 0.076883 -0.189735
0.052788 0.076764 -0.189174
0.044018 0.014117 -0.188718
0.044018 0.014117 -0.188718
-0.000059 -0.026912 -0.191848
0.047361 0.005733 -0.188268
0.045607 0.007323 -0.188343
0.045607 0.007323 -0.188343
0.052836 0.087688 -0.182888
0.054197 0.081990 -0.183839
0.058446 0.024464 -0.144248
0.046997 0.044272 -0.139484
0.054499 0.095774 -0.155863
0.048881 0.082756 -0.153066
0.050804 0.079268 -0.154275
0.055469 0.104125 -0.159216
0.058782 0.109452 -0.164864
0.070587 -0.000350 -0.140974
0.073065 -0.023656 -0.147477
-0.000059 -0.078338 -0.138602
0.034581 0.120322 -0.173195
0.035528 0.125489 -0.169641
0.029330 0.118529 -0.173714
0.031393 0.107681 -0.178288
0.031870 0.097651 -0.178529
0.026008 0.117273 -0.177918
0.025050 0.119326 -0.177860
0.025050 0.119326 -0.177860
0.026008 0.117273 -0.177918
0.028354 0.124979 -0.173060
0.020836 0.132829 -0.178314
0.017856 0.130202 -0.178864
0.021122 0.128463 -0.177769
0.017119 0.125412 -0.179820
-0.000059 0.128930 -0.153683
-0.000059 0.131392 -0.173979
0.006434 0.130103 -0.176442
-0.000059 0.130308 -0.176476
0.009755 0.123887 -0.172593
0.009743 0.123133 -0.174465
0.009755 0.123887 -0.172593
0.006423 0.130082 -0.185725
0.006904 0.127982 -0.180992
0.042287 -0.054311 -0.041774
-0.000059 -0.055336 -0.011890
-0.000059 -0.044835 -0.027823
0.039088 0.117362 -0.166874
-0.000059 0.124247 -0.157363
-0.075008 0.021132 -0.142388
-0.067680 0.048610 -0.142280
-0.074853 -0.067975 -0.167144
-0.076333 -0.045331 -0.181375
-0.075889 -0.058160 -0.055552
-0.069845 -0.071007 -0.049566
-0.060201 0.082382 -0.154201
-0.072133 0.085929 -0.156257
-0.084008 -0.007201 -0.067207
-0.085265 -0.028566 -0.070454
-0.068758 0.103387 -0.163114
-0.065298 -0.092102 -0.145227
-0.055958 -0.095051 -0.147447
-0.059405 -0.104264 -0.135724
-0.064555 -0.100767 -0.134313
-0.028642 -0.084145 -0.135579
-0.059310 -0.068095 -0.058295
-0.048780 -0.084576 -0.135118
-0.027793 -0.079129 -0.139787
-0.038757 -0.038970 -0.167257
-0.035119 -0.034677 -0.179710
-0.000059 0.000965 -0.189789
-0.062229 0.003090 -0.183249
-0.037848 0.000609 -0.187689
-0.044187 -0.002455 -0.184760
-0.043352 0.005238 -0.193002
-0.042262 0.014189 -0.192728
-0.061168 0.014549 -0.190799
-0.036872 0.067588 -0.190275
-0.039302 0.076355 -0.189480
-0.033741 0.067236 -0.184950
-0.034696 0.079843 -0.182835
-0.058361 0.067630 -0.190084
-0.047982 0.076883 -0.189735
-0.052907 0.076764 -0.189174
-0.044136 0.014117 -0.188718
-0.041391 0.067116 -0.187020
-0.044136 0.014117 -0.188718
-0.000059 -0.026912 -0.191848
-0.046584 0.002895 -0.192655
-0.047480 0.005733 -0.188268
-0.045725 0.007323 -0.188343
-0.052954 0.087688 -0.182888
-0.054315 0.081990 -0.183839
-0.057954 0.046936 -0.140077
-0.053861 0.066318 -0.142794
-0.048810 0.073114 -0.147072
-0.048999 0.082756 -0.153066
-0.055588 0.104125 -0.159216
-0.058901 0.109452 -0.164864
-0.058579 0.002638 -0.145311
-0.059391 -0.017410 -0.148005
-0.000059 -0.078338 -0.138602
-0.034700 0.120322 -0.173195
-0.035647 0.125489 -0.169641
-0.030801 0.113820 -0.173820
-0.032103 0.109363 -0.174883
-0.031559 0.110016 -0.184634
-0.033918 0.110842 -0.192459
-0.025169 0.119326 -0.177860
-0.024215 0.119151 -0.183169
-0.027025 0.122315 -0.175057
-0.020955 0.132829 -0.178314
-0.021240 0.128463 -0.177769
-0.018381 0.136716 -0.178668
-0.021240 0.128463 -0.177769
-0.022388 0.129494 -0.182326
-0.002769 0.141407 -0.147113
-0.005379 0.131399 -0.173796
-0.006553 0.130103 -0.176442
-0.010473 0.126961 -0.171913
-0.013339 0.125061 -0.177515
-0.012746 0.124963 -0.177630
-0.006541 0.130082 -0.185725
-0.007023 0.127982 -0.180992
-0.042406 -0.054311 -0.041774
-0.062812 0.002473 -0.178576
-0.003006 0.142027 -0.148008
-0.039206 0.117362 -0.166874
-0.038981 0.114942 -0.170887
-0.000059 0.127376 -0.207878
-0.000059 0.124166 -0.216753
0.008471 0.141681 -0.213229
-0.000059 0.142733 -0.213416
0.026015 0.123978 -0.206704
0.032043 0.114384 -0.207483
0.020183 0.109484 -0.217611
0.023081 0.102036 -0.218165
0.038025 0.095614 -0.208742
0.039355 0.087369 -0.209049
0.032103 0.086695 -0.226465
0.033476 0.076271 -0.226050
0.047562 0.071008 -0.214636
0.049142 0.064794 -0.211478
0.031360 0.058557 -0.212600
0.034112 0.051278 -0.206113
0.046712 0.058927 -0.195438
0.049201 0.056241 -0.188280
0.040421 0.042472 -0.189041
0.043161 0.040769 -0.178642
0.028173 -0.077308 -0.047604
0.027247 -0.073687 -0.052665
0.052375 -0.070731 -0.052115
-0.000059 -0.060594 -0.013287
-0.000059 -0.087584 -0.029370
0.008216 -0.079021 -0.078793
-0.000059 -0.078170 -0.080219
0.019302 -0.097169 -0.044330
0.010502 -0.100181 -0.039280
-0.000059 -0.082822 -0.039813
0.005810 -0.082216 -0.040828
0.003496 -0.073087 -0.062565
0.008806 -0.079655 -0.051555
0.009553 -0.077731 -0.054780
0.006679 -0.074177 -0.060738
0.027247 -0.087343 -0.060802
0.025182 -0.082025 -0.069716
0.030829 -0.067936 -0.061953
0.019302 -0.063861 -0.069137
0.032616 -0.071184 -0.060256
0.029931 -0.072436 -0.056460
0.052380 -0.074957 -0.044708
0.059930 -0.071628 -0.042401
0.059216 -0.068321 -0.040622
0.050491 -0.065574 -0.058291
0.050075 -0.062889 -0.055500
0.052380 -0.074957 -0.044708
0.055834 -0.100952 -0.059739
0.032616 -0.071184 -0.060256
0.038642 -0.068992 -0.061509
0.049335 -0.069213 -0.056950
0.044089 -0.068793 -0.060377
0.052128 -0.104098 -0.055242
0.055834 -0.100952 -0.059739
0.075909 -0.028438 -0.149580
0.077148 -0.034943 -0.153910
0.049380 -0.046963 -0.161913
0.045854 -0.041449 -0.158241
0.060929 -0.010432 -0.178534
0.056434 -0.011184 -0.179017
0.069235 -0.027306 -0.189364
0.071781 -0.024099 -0.187306
0.060929 -0.010432 -0.178534
0.065424 -0.011184 -0.179017
-0.000059 -0.038911 -0.170738
0.035518 -0.038911 -0.170738
0.039079 -0.034842 -0.167001
-0.000059 -0.034842 -0.167001
-0.007169 0.135729 -0.206044
-0.000059 0.130240 -0.223959
-0.005970 0.129514 -0.223828
-0.018421 0.130979 -0.206188
-0.013256 0.123257 -0.207853
-0.018896 0.118117 -0.208233
-0.020307 0.120575 -0.224333
-0.025356 0.112501 -0.224989
-0.026767 0.102563 -0.209443
-0.028947 0.093877 -0.209965
-0.030873 0.095077 -0.226155
-0.032221 0.086695 -0.226465
-0.031313 0.077624 -0.209936
-0.032574 0.070044 -0.208462
-0.035455 0.065209 -0.223810
-0.037787 0.056035 -0.219152
-0.036175 0.058614 -0.200501
-0.038517 0.054540 -0.194593
-0.044229 0.042015 -0.203410
-0.048025 0.037890 -0.192511
-0.051716 0.054763 -0.179155
-0.043583 0.050166 -0.177808
-0.032812 -0.081899 -0.036211
-0.024569 -0.056356 -0.023541
-0.010966 -0.069242 -0.062578
-0.014332 -0.071823 -0.058251
-0.020141 -0.085069 -0.068653
-0.021802 -0.089346 -0.061484
-0.000059 -0.101239 -0.037507
-0.000059 -0.100522 -0.042749
-0.020141 -0.093623 -0.054314
-0.021802 -0.089346 -0.061484
-0.003615 -0.082375 -0.046995
-0.000059 -0.082758 -0.046353
-0.008925 -0.075808 -0.058005
-0.006798 -0.074177 -0.060738
-0.019420 -0.077517 -0.077274
-0.010620 -0.074504 -0.082324
-0.030947 -0.067936 -0.061953
-0.019420 -0.063861 -0.069137
-0.060049 -0.071628 -0.042401
-0.040928 -0.081015 -0.034032
-0.048773 -0.078174 -0.035776
-0.035884 -0.063791 -0.024638
-0.029157 -0.058515 -0.022743
-0.028292 -0.077308 -0.047604
-0.052494 -0.070731 -0.052115
-0.040567 -0.081192 -0.036950
-0.046281 -0.106146 -0.053441
-0.049454 -0.069213 -0.056950
-0.029219 -0.080928 -0.042543
-0.055921 -0.097509 -0.065773
-0.055952 -0.100952 -0.059739
-0.039844 -0.098070 -0.072439
-0.044734 -0.096226 -0.073450
-0.075841 -0.029679 -0.181793
-0.072367 -0.033992 -0.184594
-0.054775 -0.019238 -0.143455
-0.061000 -0.017944 -0.142593
-0.049302 -0.020317 -0.184878
-0.050196 -0.024099 -0.187306
-0.065543 -0.011184 -0.179017
-0.061048 -0.010432 -0.178534
-0.061048 -0.030202 -0.191222
-0.065543 -0.029449 -0.190739
-0.041691 -0.035880 -0.166352
-0.037900 -0.039718 -0.170218
-0.000059 -0.079016 -0.138118
-0.000059 -0.080913 -0.143294
0.052179 -0.090011 -0.139724
0.053973 -0.092878 -0.148254
0.056258 -0.097168 -0.154763
0.058153 -0.092003 -0.160015
0.050046 -0.097756 -0.134582
0.050667 -0.102150 -0.142317
0.054948 -0.107370 -0.150220
0.058090 -0.099127 -0.155400
0.057394 -0.102630 -0.159341
0.061240 -0.094485 -0.161445
0.067008 -0.079826 -0.177958
0.069834 -0.065662 -0.186973
0.064959 -0.045202 -0.189684
0.068358 -0.049273 -0.193443
0.050282 -0.057374 -0.173366
0.046948 -0.055488 -0.166321
0.035354 -0.088842 -0.143481
0.034358 -0.094801 -0.139060
0.059704 -0.045453 -0.181526
0.058597 -0.044109 -0.172012
0.065639 -0.010116 -0.162393
0.070006 0.005515 -0.180772
0.069578 0.041942 -0.170212
0.069578 0.041942 -0.170212
0.069051 0.055887 -0.171471
0.054987 0.097129 -0.159942
0.039217 0.090719 -0.149547
0.060825 -0.013991 -0.146620
0.046445 -0.020770 -0.142612
0.042428 0.100868 -0.183715
0.047833 0.107570 -0.181503
0.069051 0.055887 -0.171471
0.062089 0.050104 -0.180937
0.061368 0.069288 -0.181475
0.005552 0.142670 -0.190598
-0.000059 0.142671 -0.190598
0.029617 0.122429 -0.192424
0.024021 0.127277 -0.192010
0.005552 0.142084 -0.219705
-0.000059 0.142084 -0.219705
0.005552 0.143362 -0.215244
0.005552 0.143056 -0.204324
0.005552 0.143056 -0.204324
0.013875 0.141737 -0.204561
0.028300 0.123519 -0.205669
0.035882 0.122631 -0.220363
0.030070 0.118479 -0.220500
0.043601 0.113610 -0.194612
0.035410 0.110699 -0.194201
0.031924 0.118710 -0.206502
0.036885 0.120577 -0.188115
0.041161 0.111968 -0.188473
0.041230 0.111058 -0.189880
0.036740 0.109477 -0.188367
0.033685 0.117988 -0.187989
0.036790 0.108773 -0.190025
-0.064497 -0.060773 -0.178277
-0.063584 -0.074339 -0.170805
-0.058272 -0.092003 -0.160015
-0.065078 -0.045202 -0.189684
-0.037989 -0.101079 -0.144150
-0.048062 -0.104115 -0.155123
-0.034476 -0.094801 -0.139060
-0.061852 -0.097292 -0.166667
-0.067126 -0.079826 -0.177958
-0.063526 -0.049162 -0.194070
-0.065078 -0.045202 -0.189684
-0.061870 -0.046738 -0.188414
-0.059823 -0.045453 -0.181526
-0.044052 -0.058897 -0.159411
-0.048003 -0.052893 -0.161229
-0.035472 -0.088842 -0.143481
-0.036506 -0.082658 -0.148069
-0.052298 -0.090011 -0.139724
-0.064048 -0.044837 -0.179817
-0.068601 0.038175 -0.164228
-0.055105 0.097129 -0.159942
-0.038981 0.114942 -0.170887
-0.069697 0.041942 -0.170212
-0.056524 0.048703 -0.161839
-0.055516 0.045640 -0.158959
-0.044539 0.085087 -0.157583
-0.057617 0.093629 -0.166575
-0.046840 0.011398 -0.139084
-0.038981 0.114942 -0.170887
-0.032832 0.110104 -0.172984
-0.060944 -0.013991 -0.146620
-0.046563 -0.020770 -0.142612
-0.034296 0.109176 -0.175036
-0.037207 0.100740 -0.165058
-0.013994 0.141737 -0.204561
-0.042282 0.114696 -0.216802
-0.005671 0.142084 -0.219705
-0.005671 0.135432 -0.219455
-0.011987 0.133052 -0.191581
-0.019037 0.130284 -0.191825
-0.021601 0.138809 -0.204833
-0.027870 0.135329 -0.205103
-0.034575 0.129014 -0.205370
-0.037164 0.123888 -0.216166
-0.036000 0.122631 -0.220363
-0.044490 0.114292 -0.193305
-0.043650 0.114684 -0.207913
-0.030189 0.118479 -0.220500
-0.033533 0.111290 -0.220401
-0.040423 0.114203 -0.220562
-0.043720 0.113610 -0.194612
-0.036616 0.121848 -0.192644
-0.036858 0.109477 -0.188367
-0.033803 0.117988 -0.187989
0.054656 -0.043262 -0.158869
0.058358 -0.047601 -0.159649
0.045602 -0.050669 -0.168247
0.051215 -0.059242 -0.163513
0.042278 -0.055993 -0.166511
0.043664 -0.068838 -0.162066
0.048222 -0.067927 -0.158669
0.040324 -0.079272 -0.154878
0.041926 -0.086332 -0.145570
0.041851 -0.090266 -0.141878
0.036337 -0.085289 -0.135229
0.039348 -0.086653 -0.132056
0.040353 -0.096572 -0.131868
0.046855 -0.094428 -0.125700
0.051145 -0.093892 -0.129502
0.057282 -0.089894 -0.118954
0.051944 -0.079169 -0.109734
0.053818 -0.076791 -0.099835
0.062082 -0.084781 -0.099190
0.063418 -0.081075 -0.085166
0.054378 -0.068837 -0.074753
0.048597 -0.057386 -0.054570
0.043577 0.091569 -0.205044
0.041078 0.105877 -0.204753
0.023133 0.099711 -0.200698
0.032239 0.078746 -0.191365
0.027485 0.072940 -0.191991
0.027485 0.073370 -0.202169
0.013171 0.118006 -0.199944
0.019225 0.110446 -0.200256
0.009073 0.127743 -0.189346
-0.000059 0.129174 -0.189287
-0.000059 0.123157 -0.189535
-0.000059 0.123587 -0.199715
0.027485 0.072940 -0.191991
0.031915 0.069548 -0.192365
0.032654 0.075360 -0.191561
0.029030 0.089906 -0.205411
0.027331 0.101293 -0.204942
0.035578 0.120132 -0.204166
0.024822 0.130770 -0.203727
0.029924 0.116011 -0.184400
0.029942 0.116245 -0.189820
0.021777 0.126870 -0.189382
0.029471 0.101395 -0.190431
0.021760 0.126637 -0.183962
0.010668 0.132540 -0.189148
0.021777 0.126870 -0.189382
0.025882 0.113885 -0.189917
0.009056 0.127509 -0.183926
0.018299 0.122899 -0.184116
0.037285 0.076043 -0.191443
0.037267 0.075810 -0.186023
-0.054774 -0.043262 -0.158869
-0.058477 -0.047601 -0.159649
-0.045720 -0.050669 -0.168247
-0.045667 -0.053836 -0.157342
-0.042396 -0.055993 -0.166511
-0.042704 -0.062385 -0.152593
-0.048341 -0.067927 -0.158669
-0.044969 -0.078450 -0.151417
-0.036618 -0.080150 -0.139935
-0.036456 -0.085289 -0.135229
-0.041308 -0.086112 -0.138067
-0.043058 -0.086375 -0.136546
-0.044063 -0.096293 -0.136359
-0.051263 -0.093892 -0.129502
-0.054569 -0.080515 -0.120804
-0.057441 -0.077865 -0.111320
-0.050770 -0.084528 -0.108078
-0.052609 -0.082193 -0.098351
-0.060653 -0.071927 -0.087892
-0.059973 -0.067062 -0.074775
-0.053161 -0.074024 -0.072644
-0.047213 -0.062237 -0.051859
-0.043696 0.091569 -0.205044
-0.024780 0.088797 -0.190950
-0.032357 0.078746 -0.191365
-0.026037 0.078018 -0.191395
-0.045384 0.080924 -0.205210
-0.027603 0.072940 -0.191991
-0.027603 0.073370 -0.202169
-0.026627 0.131979 -0.189171
-0.037367 0.120541 -0.189574
-0.009192 0.127743 -0.189346
-0.000059 0.129174 -0.189287
-0.000059 0.123587 -0.199715
-0.027603 0.072940 -0.191991
-0.032773 0.075360 -0.191561
-0.032034 0.069548 -0.192365
-0.027450 0.101293 -0.204942
-0.023200 0.112869 -0.204465
-0.000059 0.128353 -0.203827
-0.024940 0.130770 -0.203727
-0.012047 0.136944 -0.203473
-0.034679 0.103092 -0.190361
-0.030061 0.116245 -0.189820
-0.030061 0.116245 -0.189820
-0.034679 0.103092 -0.190361
-0.036771 0.090162 -0.190894
-0.010787 0.132540 -0.189148
-0.021896 0.126870 -0.189382
-0.010769 0.132306 -0.183728
-0.021879 0.126637 -0.183962
-0.037404 0.076043 -0.191443
-0.032773 0.075360 -0.191561
-0.037376 0.079147 -0.191274
0.014843 0.126961 -0.181389
-0.000059 0.130261 -0.181078
-0.000059 0.077733 -0.183087
-0.000059 0.077880 -0.180993
-0.025470 0.116711 -0.179830
-0.030861 0.103957 -0.180301
-0.000059 0.077733 -0.183087
-0.000059 0.080796 -0.229453
-0.000059 0.096521 -0.236573
-0.000059 0.107568 -0.235899
-0.000059 0.123308 -0.233543
-0.000059 0.122541 -0.228123
-0.000059 0.079786 -0.236642
0.036382 0.080072 -0.235311
0.026493 0.109489 -0.228960
0.015166 0.119231 -0.228433
-0.032922 0.097540 -0.235220
-0.035414 0.087290 -0.235570
-0.015285 0.119231 -0.228433
-0.032922 0.097540 -0.235220
-0.026612 0.109489 -0.228960
-0.027077 0.110032 -0.234541
-0.035296 0.080327 -0.229882
-0.000059 0.080095 -0.229977
-0.030364 0.081539 -0.230111
-0.000059 0.083261 -0.229858
0.035692 0.085499 -0.179756
0.037104 0.079025 -0.180942
0.035757 0.094299 -0.182526
0.033919 0.103948 -0.182098
0.026059 0.120278 -0.180934
0.019297 0.125111 -0.177463
0.012504 0.128749 -0.177199
0.019787 0.125861 -0.180529
0.012823 0.129590 -0.180258
0.005510 0.126324 -0.177375
-0.000059 0.126719 -0.177346
0.036226 0.079158 -0.180067
0.032106 0.078120 -0.183392
0.032106 0.078850 -0.180122
0.061034 0.073057 -0.173824
0.054443 0.072611 -0.172316
0.055277 0.042582 -0.174317
0.041686 0.066940 -0.228829
0.061932 0.043036 -0.175387
0.055277 0.042582 -0.174317
-0.030967 0.093305 -0.182704
-0.031691 0.085780 -0.183091
-0.034038 0.103948 -0.182098
-0.030967 0.093305 -0.182704
-0.029128 0.102939 -0.182153
-0.031059 0.112601 -0.181492
-0.026418 0.110713 -0.181629
-0.022276 0.117115 -0.178044
-0.017102 0.121692 -0.177711
-0.005628 0.126324 -0.177375
-0.012941 0.129590 -0.180258
-0.000059 0.126719 -0.177346
-0.006172 0.131318 -0.180133
-0.000059 0.131725 -0.177861
-0.000059 0.131743 -0.180102
-0.054562 0.072611 -0.172316
-0.041805 0.089125 -0.227631
-0.048246 0.067982 -0.231002
-0.048246 0.089838 -0.229933
-0.054562 0.072611 -0.172316
-0.055395 0.042582 -0.174317
-0.069708 -0.018114 -0.243012
-0.057645 0.020072 -0.297521
-0.069708 -0.099854 -0.200806
-0.000059 -0.099854 -0.200806
-0.046567 -0.074474 -0.327045
-0.000059 -0.074474 -0.327045
-0.057521 0.110664 -0.281241
-0.057601 0.051791 -0.291821
-0.000059 0.065991 -0.370839
-0.000059 0.023715 -0.378436
0.069589 -0.018114 -0.243012
-0.000059 -0.071503 -0.215963
0.069589 -0.071503 -0.215963
0.048295 0.006737 -0.381487
0.068876 0.006737 -0.381487
0.057403 0.110664 -0.281241
0.057403 0.116760 -0.315163
0.057403 0.116760 -0.315163
0.057403 0.110664 -0.281241
-0.000059 -0.037059 -0.233414
-0.035571 -0.114989 -0.326250
-0.035569 -0.117540 -0.318899
-0.000059 -0.105317 -0.344777
-0.000059 -0.118771 -0.336259
-0.035595 -0.118784 -0.336245
-0.000059 -0.118771 -0.336259
-0.073090 -0.117552 -0.318893
-0.054513 0.021228 -0.423832
-0.033610 0.021228 -0.423832
-0.035676 -0.095565 -0.332149
-0.035696 -0.101921 -0.352434
-0.035569 -0.117540 -0.318899
-0.035593 -0.125140 -0.339218
-0.035696 -0.101921 -0.352434
-0.000059 -0.101889 -0.333982
-0.035674 -0.101904 -0.333967
-0.000059 0.032055 -0.405839
-0.000059 0.027418 -0.419614
-0.035571 -0.134941 -0.382579
-0.035569 -0.137492 -0.375228
-0.000059 -0.125269 -0.401106
-0.035691 -0.125285 -0.401104
-0.035595 -0.138736 -0.392574
-0.000059 -0.138723 -0.392588
-0.073090 -0.137504 -0.375221
-0.054513 0.001276 -0.480161
-0.033610 0.001276 -0.480161
-0.035676 -0.115517 -0.388478
-0.035696 -0.121873 -0.408763
-0.035569 -0.137492 -0.375228
-0.035593 -0.145092 -0.395547
-0.035696 -0.121873 -0.408763
-0.000059 -0.121841 -0.390310
-0.035674 -0.121856 -0.390296
-0.000059 0.012103 -0.462168
-0.000059 0.007466 -0.475943
0.035453 -0.114989 -0.326250
0.035555 -0.101904 -0.333967
-0.000059 -0.105317 -0.344777
-0.000059 -0.118771 -0.336259
0.035453 -0.114989 -0.326250
-0.000059 -0.114968 -0.326256
0.033492 0.043043 -0.416806
0.033492 0.047130 -0.403130
0.054395 0.021228 -0.423832
0.054395 0.027920 -0.403328
0.035557 -0.095565 -0.332149
0.035577 -0.101921 -0.352434
0.035474 -0.125140 -0.339218
0.035577 -0.101921 -0.352434
0.035453 -0.114989 -0.326250
0.035555 -0.101904 -0.333967
-0.000059 0.032055 -0.405839
-0.000059 0.027418 -0.419614
0.035555 -0.121856 -0.390296
-0.000059 -0.125269 -0.401106
-0.000059 -0.138723 -0.392588
0.035453 -0.134941 -0.382579
-0.000059 -0.134920 -0.382584
0.033492 0.023091 -0.473135
0.033492 0.027178 -0.459459
0.035572 -0.125285 -0.401104
0.054395 0.001276 -0.480161
0.054395 0.007968 -0.459657
0.035557 -0.115517 -0.388478
0.035577 -0.121873 -0.408763
0.035474 -0.145092 -0.395547
0.035577 -0.121873 -0.408763
0.035453 -0.134941 -0.382579
0.035555 -0.121856 -0.390296
-0.000059 0.012103 -0.462168
-0.000059 0.007466 -0.475943
-0.049112 0.017633 -0.488124
-0.053831 0.002758 -0.509591
-0.043446 0.004610 -0.483932
0.056229 0.022926 -0.549250
0.053564 0.010431 -0.491518
0.048847 -0.001039 -0.516019
-0.041044 0.044396 -0.402032
-0.038876 0.038678 -0.402777
-0.061158 -0.003432 -0.529188
-0.065641 -0.003904 -0.527716
0.050441 0.021865 -0.546289
0.055691 0.009358 -0.548072
0.052433 0.021493 -0.550379
-0.059134 -0.005477 -0.533278
-0.061468 -0.004095 -0.532284
-0.046279 0.028692 -0.456450
-0.046279 0.041347 -0.418152
-0.063366 -0.018801 -0.532440
-0.061468 -0.004095 -0.532284
-0.069535 -0.011709 -0.526941
0.060056 0.021216 -0.548841
0.061672 0.017366 -0.549390
0.052433 0.021493 -0.550379
0.040924 0.009551 -0.477357
0.038826 0.013725 -0.476589
0.053564 0.015369 -0.476332
-0.046281 0.030570 -0.403775
-0.051514 0.032911 -0.403401
-0.046279 0.056693 -0.371737
-0.046279 0.046790 -0.401682
-0.043446 0.006963 -0.476805
-0.040998 0.014673 -0.458726
-0.046280 0.012304 -0.458920
-0.051514 0.026248 -0.456929
-0.051514 0.039023 -0.418261
-0.060951 -0.018006 -0.533812
0.051995 0.038998 -0.418363
0.051995 0.026237 -0.456975
0.046758 0.030570 -0.403775
0.046759 0.042598 -0.367200
0.041524 0.044425 -0.401913
0.046759 0.046790 -0.401682
0.041524 0.027774 -0.418948
0.046758 0.025494 -0.419110
-0.040167 -0.148652 -0.459089
-0.049112 -0.141122 -0.407617
-0.041938 -0.136527 -0.435712
0.049844 -0.152184 -0.434493
0.051396 -0.132947 -0.414962
0.038756 -0.137622 -0.413868
-0.038876 -0.108346 -0.327672
-0.035096 -0.147360 -0.457776
-0.040167 -0.148652 -0.459089
0.044618 -0.175538 -0.451537
-0.042510 -0.159332 -0.458519
-0.041080 -0.160996 -0.457093
-0.037794 -0.151626 -0.464217
-0.031331 -0.150700 -0.454562
-0.044086 -0.156343 -0.456621
-0.039439 -0.129464 -0.400415
0.040925 -0.136459 -0.395279
0.046161 -0.137977 -0.393800
0.042777 -0.177444 -0.455355
0.035299 -0.175365 -0.455911
0.038707 -0.177312 -0.454568
0.038826 -0.131597 -0.400071
0.051395 -0.128899 -0.402753
-0.040913 -0.104478 -0.331009
-0.046281 -0.102797 -0.332402
-0.053683 -0.097633 -0.295142
-0.051514 -0.102308 -0.294048
-0.049112 -0.136630 -0.393924
-0.043446 -0.126618 -0.403512
-0.038875 -0.127207 -0.383946
-0.040998 -0.122748 -0.386587
-0.051514 -0.109337 -0.346158
-0.053683 -0.113387 -0.343158
-0.037794 -0.151626 -0.464217
0.054163 -0.097633 -0.295142
0.051995 -0.092958 -0.296236
0.052125 -0.104478 -0.331009
0.039355 -0.108259 -0.327532
0.041524 -0.112190 -0.324191
0.052110 -0.109447 -0.346188
0.046758 -0.107709 -0.347390
0.039355 -0.113387 -0.343158
0.041524 -0.117433 -0.340166
-0.000059 0.072499 -0.179099
-0.018327 0.072499 -0.179099
-0.019705 -0.048654 -0.179702
-0.041184 -0.036041 -0.189052
-0.041184 -0.037908 -0.178663
-0.000059 0.071357 -0.240654
-0.000059 0.059328 -0.276766
-0.000059 0.046565 -0.296287
0.043563 0.061975 -0.210405
0.043563 0.060281 -0.180219
0.041065 -0.037908 -0.178663
0.019586 -0.048654 -0.179702
-0.000059 -0.120224 -0.391704
-0.049539 -0.129974 -0.506539
-0.056532 -0.114584 -0.508451
-0.048224 -0.031206 -0.513438
-0.000059 -0.132319 -0.427781
-0.061647 -0.009734 -0.366701
-0.049632 -0.076616 -0.324396
-0.049631 -0.093999 -0.355421
-0.062521 -0.048491 -0.341773
-0.022556 -0.143660 -0.498729
-0.049635 -0.136427 -0.499524
-0.048321 -0.039507 -0.518493
-0.049539 -0.129974 -0.506539
-0.056532 -0.114584 -0.508451
-0.000059 -0.101708 -0.349133
-0.000059 -0.084016 -0.317553
0.055290 -0.057570 -0.516111
0.056413 -0.114584 -0.508451
0.019547 -0.022672 -0.515634
0.061528 -0.009734 -0.366701
0.049513 -0.076616 -0.324396
0.062402 -0.048491 -0.341773
0.022437 -0.143660 -0.498729
0.049517 -0.136427 -0.499524
0.019716 -0.030901 -0.520645
0.049421 -0.129974 -0.506539
0.056413 -0.114584 -0.508451
-0.027677 0.056081 -0.291488
-0.027677 0.053940 -0.279572
-0.037704 0.079906 -0.287207
-0.047731 0.075818 -0.287942
-0.027677 0.073677 -0.276025
-0.023524 0.063808 -0.277799
-0.047731 0.084398 -0.286400
-0.037704 0.108223 -0.282118
-0.037704 0.106081 -0.270202
-0.051884 0.094266 -0.284626
-0.037704 0.106081 -0.270202
-0.047731 0.101994 -0.270937
0.047612 0.056081 -0.291488
0.027559 0.073677 -0.276025
0.037585 0.077765 -0.275291
0.051765 0.065950 -0.289715
0.051765 0.063808 -0.277799
0.047612 0.053940 -0.279572
0.047612 0.084398 -0.286400
0.047612 0.082257 -0.274484
0.027559 0.101994 -0.270937
0.027559 0.104135 -0.282853
0.051765 0.094266 -0.284626
0.051765 0.092125 -0.272710
0.048828 0.058101 -0.282025
0.048949 0.057354 -0.278216
0.026848 0.068618 -0.272744
0.026511 0.070085 -0.279871
0.039232 0.073002 -0.267301
0.042560 0.069589 -0.262156
0.048519 0.057765 -0.278687
0.038373 0.050510 -0.276764
0.038979 0.049900 -0.276291
0.041197 0.047053 -0.274837
0.060949 0.052569 -0.263569
0.065837 0.041591 -0.258143
0.049000 0.030964 -0.267013
0.053348 0.019088 -0.260758
0.074071 0.014938 -0.243430
0.075366 0.003378 -0.236045
0.057873 -0.004289 -0.246664
0.057431 -0.013686 -0.240001
0.065364 -0.009306 -0.214833
0.062931 -0.018591 -0.207364
0.053452 -0.031345 -0.226077
0.050377 -0.041061 -0.218211
0.064759 -0.042318 -0.200488
0.060315 -0.049409 -0.194506
0.044660 -0.051738 -0.209354
0.039973 -0.056779 -0.204585
0.045133 -0.048145 -0.181332
0.044396 -0.048669 -0.180651
0.034999 -0.043896 -0.187480
0.029928 -0.062588 -0.174405
0.034999 -0.043896 -0.187480
0.044396 -0.048669 -0.180651
0.027396 -0.054716 -0.169359
0.038134 -0.041976 -0.166458
0.025496 -0.044069 -0.165343
-0.044211 0.084121 -0.282222
-0.033093 0.084121 -0.282222
-0.033093 0.103074 -0.278816
-0.044211 0.103074 -0.278816
-0.044591 0.099360 -0.261056
-0.046010 0.096234 -0.254425
-0.032585 0.081351 -0.250423
-0.036561 0.075616 -0.247858
-0.053825 0.084278 -0.258873
-0.059667 0.075126 -0.256068
-0.046835 0.057592 -0.253009
-0.049250 0.049073 -0.248264
-0.064991 0.059568 -0.236582
-0.066859 0.047993 -0.229152
-0.051878 0.027211 -0.233730
-0.052141 0.012439 -0.223200
-0.068027 0.021538 -0.210579
-0.067786 0.005591 -0.198439
-0.051880 -0.015963 -0.200408
-0.052503 -0.028548 -0.187852
0.044124 0.082406 -0.272929
0.044092 0.084121 -0.282222
0.027415 0.093597 -0.280519
0.032974 0.084121 -0.282222
0.044365 0.080968 -0.266760
0.044562 0.080448 -0.265372
0.029416 0.086283 -0.255011
0.032467 0.081351 -0.250423
0.046584 0.077539 -0.264114
0.052054 0.068963 -0.261485
0.048570 0.074640 -0.240275
0.052142 0.067365 -0.237329
0.059632 0.049162 -0.251914
0.061556 0.037258 -0.244275
0.048164 0.043884 -0.232128
0.048998 0.033299 -0.224847
0.062731 0.010639 -0.225587
0.062479 -0.006023 -0.212896
0.051773 -0.004049 -0.210640
0.051761 -0.015963 -0.200408
0.070992 -0.024246 -0.185388
0.068205 -0.016438 -0.177980
-0.093915 -0.020732 -0.306050
-0.073107 -0.035205 -0.315456
-0.073107 -0.023056 -0.316273
-0.093610 -0.015922 -0.293171
-0.072520 -0.015773 -0.293201
-0.072973 -0.011236 -0.280407
-0.094617 -0.021238 -0.268883
-0.094916 -0.020058 -0.259587
-0.074102 -0.007470 -0.260754
-0.073498 -0.007453 -0.251994
-0.092634 -0.021886 -0.240680
-0.090261 -0.026317 -0.231727
-0.068901 -0.014657 -0.230800
-0.065982 -0.020753 -0.223376
-0.083063 -0.040135 -0.217544
-0.077208 -0.048435 -0.211657
-0.057790 -0.033797 -0.212977
-0.052257 -0.039937 -0.208953
-0.061292 -0.064076 -0.200484
-0.052788 -0.069820 -0.193666
-0.037988 -0.051068 -0.198399
-0.033483 -0.052940 -0.193721
-0.047192 -0.060434 -0.179564
-0.045603 -0.054556 -0.176011
-0.032795 -0.049647 -0.192031
-0.043738 -0.040333 -0.171029
-0.031123 -0.036811 -0.187560
-0.031171 -0.128754 -0.318961
-0.031171 -0.135597 -0.318224
-0.019690 -0.135253 -0.315034
-0.019690 -0.128411 -0.315772
-0.024679 -0.128191 -0.288827
-0.024846 -0.129965 -0.276835
-0.030164 -0.126922 -0.267666
-0.028997 -0.127882 -0.256968
-0.022851 -0.130961 -0.257310
-0.022449 -0.129044 -0.247999
-0.027930 -0.134444 -0.234000
-0.028513 -0.128124 -0.222601
-0.022817 -0.124667 -0.224322
-0.022899 -0.120872 -0.217325
-0.034645 -0.109939 -0.209588
-0.032996 -0.104137 -0.200555
-0.020717 -0.110173 -0.199058
-0.018121 -0.102860 -0.192054
-0.027644 -0.088600 -0.189232
-0.025047 -0.080157 -0.184630
-0.011972 -0.083433 -0.181837
-0.009914 -0.066701 -0.178148
-0.017199 -0.045104 -0.183576
-0.007951 -0.031659 -0.173855
-0.009840 -0.030956 -0.180435
-0.016510 -0.030507 -0.182072
0.005112 -0.173135 -0.273172
0.010946 -0.172229 -0.278483
0.016392 -0.146194 -0.264457
0.019477 -0.137981 -0.254026
0.019524 -0.150456 -0.244195
0.020572 -0.141713 -0.233049
0.020533 -0.129143 -0.242758
0.020694 -0.122919 -0.234398
0.019737 -0.131892 -0.218894
0.017682 -0.129461 -0.213653
0.016840 -0.114868 -0.219864
0.015809 -0.112828 -0.214705
0.012311 -0.120330 -0.201525
0.017556 -0.116199 -0.194718
0.027438 -0.112234 -0.206503
0.032140 -0.107704 -0.201300
0.024928 -0.106283 -0.185381
0.024497 -0.100368 -0.182832
0.034492 -0.094331 -0.193599
0.031218 -0.085956 -0.191813
0.015080 -0.083440 -0.187968
0.009456 -0.072589 -0.186975
0.014302 -0.069266 -0.192316
0.008735 -0.057554 -0.190108
0.004943 -0.041726 -0.185883
0.004113 -0.027306 -0.181649
0.011918 -0.027725 -0.180244
0.004113 -0.027306 -0.181649
-0.083971 -0.041629 -0.315489
-0.088706 -0.040688 -0.315541
-0.078432 -0.016659 -0.330363
-0.083971 -0.015558 -0.330423
-0.069496 -0.030012 -0.329631
-0.070598 -0.035544 -0.329328
-0.089511 -0.043366 -0.328899
-0.094207 -0.040233 -0.329071
-0.094207 -0.019792 -0.330191
-0.089511 -0.016659 -0.330363
-0.072763 -0.029227 -0.315288
-0.073616 -0.033509 -0.315053
-0.088706 -0.040688 -0.315541
-0.092720 -0.038010 -0.315687
-0.091897 -0.021313 -0.315721
-0.088261 -0.018887 -0.315854
0.007427 -0.173620 -0.274650
0.004764 -0.173104 -0.273078
0.001167 -0.162899 -0.289308
-0.001948 -0.162295 -0.287470
0.008294 -0.170530 -0.289455
0.008719 -0.173716 -0.287690
0.000186 -0.178312 -0.278595
-0.002854 -0.176535 -0.277572
-0.006566 -0.164783 -0.282547
-0.004664 -0.162957 -0.285096
0.011694 -0.166452 -0.282361
0.012057 -0.169175 -0.280852
0.005098 -0.172217 -0.273098
0.002744 -0.170842 -0.272306
-0.000130 -0.161742 -0.276159
0.001343 -0.160328 -0.278132
-0.025093 -0.139478 -0.315878
-0.027776 -0.139152 -0.316614
-0.030691 -0.127699 -0.318313
-0.028531 -0.125968 -0.317881
-0.015397 -0.132287 -0.322013
-0.015832 -0.135533 -0.321865
-0.026167 -0.140920 -0.324165
-0.028901 -0.139326 -0.325018
-0.029577 -0.127520 -0.326152
-0.027050 -0.125495 -0.325647
-0.019255 -0.129087 -0.315174
-0.018572 -0.131774 -0.314775
-0.027693 -0.138472 -0.316118
-0.029810 -0.137238 -0.316778
-0.030333 -0.128096 -0.317656
-0.028377 -0.126528 -0.317265
0.017163 -0.064381 -0.637688
0.018306 -0.070039 -0.638687
0.003292 -0.084824 -0.641299
-0.002454 -0.083699 -0.641100
-0.006326 -0.060754 -0.635963
-0.001913 -0.057850 -0.635450
0.038463 -0.109804 -0.606413
0.039253 -0.113753 -0.606847
0.028873 -0.125054 -0.608908
0.024488 -0.124187 -0.608813
0.018287 -0.109305 -0.607178
0.020770 -0.105610 -0.606773
-0.008290 -0.059970 -0.584918
-0.011568 -0.060581 -0.585146
-0.021997 -0.050129 -0.588626
-0.002308 -0.045690 -0.589541
-0.001545 -0.049283 -0.590887
-0.011568 -0.058670 -0.594402
-0.015404 -0.057955 -0.594134
-0.021592 -0.049283 -0.590887
-0.020829 -0.045690 -0.589541
-0.018656 -0.042645 -0.588401
-0.004398 -0.049989 -0.580530
-0.003807 -0.052771 -0.581571
-0.011568 -0.060039 -0.584293
-0.014539 -0.059486 -0.584086
-0.019484 -0.049487 -0.580992
-0.017626 -0.046884 -0.580017
0.031605 -0.041746 -0.590645
0.029023 -0.043447 -0.591915
0.017707 -0.032377 -0.591867
0.019357 -0.029764 -0.590592
0.036715 -0.029734 -0.595641
0.037638 -0.033438 -0.596494
0.028490 -0.042765 -0.601997
0.024763 -0.041920 -0.602831
0.018902 -0.029193 -0.600684
0.020832 -0.026135 -0.599193
0.032067 -0.033284 -0.587283
0.032781 -0.036152 -0.587943
0.025699 -0.043373 -0.592204
0.022813 -0.042720 -0.592850
0.017707 -0.032377 -0.591867
0.019357 -0.029764 -0.590592
-0.034008 -0.057628 -0.607757
-0.031817 -0.060619 -0.609333
-0.041042 -0.073985 -0.611526
-0.044552 -0.073557 -0.610620
-0.049503 -0.062437 -0.605443
-0.047511 -0.059455 -0.604761
-0.049829 -0.070878 -0.609188
-0.040654 -0.075077 -0.613330
-0.031479 -0.059082 -0.609221
-0.040654 -0.054883 -0.605079
-0.040583 -0.082021 -0.554961
-0.038159 -0.088653 -0.535490
-0.019280 -0.098319 -0.540594
-0.016979 -0.103678 -0.519690
-0.033987 -0.096940 -0.495763
-0.032246 -0.098059 -0.476451
-0.013025 -0.108242 -0.478111
-0.011528 -0.107242 -0.458512
-0.021124 -0.089951 -0.449831
-0.030274 -0.095698 -0.448336
-0.031479 -0.069179 -0.613347
-0.040654 -0.075077 -0.613330
0.003100 -0.088958 -0.619111
0.003100 -0.084839 -0.641878
-0.010003 -0.070544 -0.588659
-0.010003 -0.073201 -0.563216
0.003100 -0.095824 -0.565029
0.003100 -0.097225 -0.539763
-0.010003 -0.074692 -0.516291
-0.010002 -0.073923 -0.494936
0.003100 -0.096585 -0.493721
0.003100 -0.095272 -0.473451
0.003100 -0.063825 -0.457219
0.003100 -0.063299 -0.439976
0.003100 -0.093557 -0.440283
0.016203 -0.085993 -0.440207
0.028234 -0.102649 -0.606051
0.018788 -0.108055 -0.606772
0.027914 -0.125705 -0.593208
0.028234 -0.124315 -0.608591
0.017654 -0.109889 -0.573544
0.016107 -0.108718 -0.550509
0.034943 -0.108771 -0.549052
0.033088 -0.105593 -0.526952
0.012438 -0.100533 -0.508417
0.010900 -0.093705 -0.490367
0.029733 -0.093805 -0.488873
0.028806 -0.085567 -0.473962
0.009769 -0.079335 -0.467222
0.009242 -0.087609 -0.460134
0.015780 -0.035080 -0.578572
0.022866 -0.047287 -0.580896
0.025945 -0.043590 -0.593357
0.013358 -0.040060 -0.562801
0.013415 -0.047928 -0.565310
0.012293 -0.052688 -0.550252
0.026584 -0.052785 -0.549631
0.026180 -0.056940 -0.535381
0.011596 -0.060426 -0.521275
0.011168 -0.062896 -0.506567
0.025469 -0.062907 -0.506261
0.025504 -0.064003 -0.491446
0.012538 -0.063486 -0.474232
0.015076 -0.061580 -0.459954
0.029030 -0.061758 -0.463094
0.032927 -0.058691 -0.449254
0.032828 -0.032202 -0.588107
0.025945 -0.027699 -0.588852
-0.018538 -0.056651 -0.583455
-0.018758 -0.060865 -0.570764
-0.004447 -0.053049 -0.568131
-0.004234 -0.048956 -0.580454
-0.013328 -0.053671 -0.537369
-0.014834 -0.052894 -0.523379
-0.015368 -0.069271 -0.521299
-0.017642 -0.065956 -0.505443
-0.019137 -0.045203 -0.496865
-0.012444 -0.048939 -0.493792
6 7
10 11
0 1
857 858
15 29
909 910
35 36
859 860
862 863
1053 1054
905 906
2111 2112
1425 1426
2129 2130
907 908
2117 2118
2148 2149
1033 1034
2135 2136
2166 2167
891 892
893 894
866 867
8 9
1097 1098
1099 1100
1513 1514
895 896
3 4
849 852
899 900
889 890
1009 1012
1015 1018
2090 2092
1101 1102
1041 1042
2157 2158
2175 2176
23 24
5 12
28 32
887 888
864 865
831 832
903 904
817 818
941 942
1612 1615
33 34
850 851
925 926
46 47
17 18
2258 2259
2 5
1147 1148
1619 1620
1010 1011
1618 1623
115 172
1386 1388
839 840
819 820
1016 1017
913 914
39 40
2091 2097
2270 2271
160 179
20 22
199 208
979 980
837 838
803 804
2252 2253
55 58
65 67
927 932
869 870
873 874
170 186
1001 1002
933 934
13 14
1120 1121
175 178
1163 1164
2418 2419
1104 1105
815 816
1123 1124
1583 1584
114 121
1063 1064
134 142
3111 3112
146 157
19 27
877 878
1093 1094
1127 1128
807 808
1075 1076
1383 1384
1391 1392
3109 3110
959 960
885 886
1501 1502
2077 2078
2105 2106
16 21
62 96
155 157
953 954
319 385
1374 1375
1291 1292
1003 1004
821 822
1103 1104
969 970
2410 2411
137 176
1161 1162
1131 1132
1149 1150
1376 1377
973 974
845 846
957 958
2409 2412
1505 1506
219 229
3084 3085
835 836
911 912
286 290
2075 2076
1143 1144
3119 3121
2256 2257
3115 3116
1110 1111
3103 3104
853 855
1007 1008
1013 1014
823 824
431 434
945 946
289 297
3316 3317
1397 1398
2095 2096
2103 2104
1121 1122
847 848
111 112
1201 1202
296 336
2307 2309
1765 1766
1335 1336
1133 1134
1913 1914
983 984
2552 2554
949 950
1212 1229
1573 1574
668 700
843 844
751 772
232 237
1720 1721
1712 1713
1775 1776
2553 2559
2635 2640
1779 1781
2643 2644
777 784
1155 1156
1628 1629
1549 1550
131 136
993 994
937 938
967 968
1503 1504
1255 1256
551 603
212 213
478 534
1139 1140
2417 2418
1580 1582
1385 1387
1393 1394
2100 2101
25 26
30 31
930 931
230 238
1167 1168
829 830
805 806
917 918
152 159
995 996
2047 2048
2051 2052
1784 1785
1689 1698
1851 1852
915 916
1207 1208
809 810
997 998
1360 1361
1159 1160
977 978
841 842
928 929
1319 1320
158 171
1756 1757
2343 2344
1347 1348
2101 2102
1395 1396
3113 3114
3048 3049
1118 1119
3305 3308
1519 1520
3319 3321
1986 1989
854 856
213 235
165 174
559 628
726 751
919 920
1081 1082
1668 1669
189 191
550 620
63 64
999 1000
1364 1365
54 56
154 161
1051 1056
2436 2437
2434 2435
1507 1508
2426 2427
1091 1092
3117 3118
257 258
881 882
2361 2363
1088 1090
1346 1351
1209 1210
1632 1633
2234 2237
1897 1898
923 924
192 193
811 812
37 48
1466 1467
1029 1030
875 876
1338 1341
1325 1326
1626 1627
951 952
3234 3235
3237 3238
1019 1020
1239 1246
204 205
3216 3217
747 751
1362 1363
1477 1478
1079 1080
1069 1070
1073 1074
2207 2208
1815 1816
1570 1572
2035 2036
502 577
2214 2215
222 231
2041 2042
2754 2755
1135 1136
1037 1038
1065 1066
1569 1571
827 828
3120 3128
1157 1158
1468 1471
3239 3240
2147 2156
2165 2174
2360 2362
3293 3294
3300 3304
2248 2249
491 492
415 443
1353 1355
49 51
1437 1442
3135 3140
1427 1428
3153 3158
703 718
417 454
1043 1044
1488 1489
1233 1235
971 972
106 108
963 964
1586 1587
3280 3281
50 60
1283 1284
1923 1924
1559 1560
3054 3055
531 536
1251 1252
307 320
1429 1430
1047 1048
3314 3315
1317 1318
363 388
2242 2243
2127 2128
2163 2164
3149 3150
1401 1402
2109 2110
3161 3162
3143 3144
2752 2753
3306 3307
3151 3152
3133 3134
1461 1462
3186 3187
3169 3170
1183 1184
3320 3321
2023 2024
1474 1475
234 244
3064 3065
710 736
123 145
947 948
1259 1261
1021 1024
71 78
77 95
965 966
402 407
425 443
1389 1390
3124 3125
3126 3127
400 433
3206 3212
79 88
1095 1096
1509 1512
961 962
1370 1371
118 127
1112 1113
1049 1050
788 799
1171 1173
1636 1638
108 116
124 140
196 197
1679 1680
138 146
1415 1416
1421 1422
1431 1432
943 944
2325 2326
2335 2336
299 306
1231 1233
121 125
523 570
2424 2425
1358 1359
1919 1920
981 982
2272 2273
1674 1675
2509 2510
2352 2353
2908 2912
328 348
144 152
1071 1072
1808 1809
1637 1639
242 269
2027 2030
1485 1486
2232 2233
1591 1593
1616 1617
105 119
2413 2414
3229 3230
2305 2306
2711 2712
2183 2186
1260 1262
571 636
87 91
1342 1343
2212 2220
1958 1959
738 748
1005 1006
1077 1078
1108 1109
1206 1221
100 113
206 209
1565 1566
2323 2324
1575 1578
543 611
2354 2355
2495 2496
512 527
2803 2804
1313 1314
1045 1046
1230 1232
3066 3067
1841 1842
57 66
2093 2094
3296 3297
2734 2735
490 509
3107 3108
1165 1166
533 540
1311 1312
1988 1990
200 201
94 104
833 834
2473 2474
1670 1671
1510 1511
2267 2268
315 327
1295 1296
1915 1916
1954 1955
2244 2245
1707 1708
1114 1115
3248 3254
292 312
2264 2269
467 483
1811 1812
2333 2334
476 499
2608 2609
1859 1860
1654 1658
2471 2472
487 518
210 211
1678 1682
2493 2494
120 141
645 669
2330 2331
1523 1524
1526 1527
2261 2262
1277 1278
2442 2443
1843 1844
3309 3310
3322 3323
166 173
2546 2564
2629 2646
499 502
172 180
1704 1731
2543 2579
2626 2660
861 868
2179 2180
939 940
1423 1424
1438 1439
489 498
2370 2371
273 274
184 187
623 629
1451 1460
391 398
2541 2603
2624 2683
1887 1888
678 683
163 164
633 650
2057 2058
1409 1410
1052 1055
2528 2529
2610 2611
2133 2134
3159 3160
3195 3196
1443 1444
2115 2116
3141 3142
3177 3178
1417 1418
1433 1434
2119 2120
2137 2138
408 438
2321 2322
2329 2332
3201 3202
147 149
1545 1546
1547 1548
69 75
987 988
1328 1329
2901 2902
743 745
1022 1023
1185 1186
1449 1450
83 84
1141 1142
1330 1331
692 701
1378 1379
1172 1178
1700 1701
1763 1764
2456 2457
1845 1846
1889 1890
1287 1288
2079 2081
1129 1130
599 625
749 755
1588 1589
2125 2126
2172 2173
1452 1457
2170 2171
2154 2155
1440 1441
2152 2153
43 44
3625 3626
333 374
202 203
3247 3252
752 757
143 150
1769 1770
3627 3628
2428 2429
679 709
2067 2068
82 99
61 68
1604 1605
313 330
2025 2026
1106 1107
693 694
1917 1918
1956 1957
1289 1290
3008 3009
601 602
2845 2846
576 583
1645 1648
1863 1864
1285 1286
2577 2578
401 411
2211 2218
2530 2531
758 767
1594 1597
3290 3292
3298 3299
1315 1316
1651 1652
2955 2956
921 922
1684 1685
1660 1661
1193 1196
2347 2349
169 187
1642 1643
2570 2571
89 99
1352 1354
3294 3295
1767 1768
1218 1219
3623 3624
3641 3642
1653 1655
1234 1236
2656 2687
619 629
799 800
2341 2342
1204 1205
1800 1801
798 802
2356 2357
309 321
2575 2606
2098 2099
3643 3644
369 372
2181 2185
183 190
344 385
346 359
1242 1243
1266 1267
1381 1382
3105 3106
525 537
1137 1138
341 351
1694 1709
2534 2549
3613 3614
1411 1412
2513 2514
1649 1650
1672 1673
2616 2617
81 91
2121 2122
3173 3174
2139 2140
3191 3192
156 167
1590 1592
132 133
1194 1195
2888 2889
280 293
1751 1760
2053 2054
2882 2883
613 662
3629 3630
435 468
1455 1456
1035 1036
3138 3139
3175 3176
3156 3157
3193 3194
1281 1282
1306 1307
412 429
801 802
901 902
655 656
291 292
3422 3423
2150 2151
2168 2169
3136 3137
3154 3155
1407 1408
1039 1040
516 524
85 90
365 370
1830 1831
1372 1373
1197 1198
3611 3612
485 498
649 684
3122 3123
1699 1749
1714 1715
1984 1987
3631 3632
1220 1222
1729 1730
2658 2659
1175 1177
1179 1180
1271 1272
194 198
583 590
2540 2542
2623 2625
2020 2022
353 397
1664 1667
1541 1542
1537 1540
3402 3403
2652 2653
224 225
2850 2851
565 566
1521 1522
1211 1217
1705 1722
1724 1732
422 437
935 936
2250 2251
1264 1265
354 375
3617 3618
1279 1280
2319 2320
162 168
1962 1963
1561 1562
3615 3616
2213 2229
3645 3646
2045 2046
1308 1309
2897 2898
897 898
1557 1558
1116 1117
1567 1568
1458 1459
2857 2858
1579 1581
1861 1862
2604 2605
991 992
2366 2368
1702 1703
1303 1304
126 128
1624 1625
1145 1146
825 826
759 766
1487 1492
214 223
135 139
1366 1367
600 612
2339 2340
1610 1611
1945 1948
2364 2365
426 427
2240 2241
2246 2247
3288 3289
1213 1214
378 384
1658 1659
1681 1683
2460 2461
2475 2476
2084 2085
409 416
3400 3401
1743 1744
2906 2907
572 581
1275 1276
3404 3405
288 294
2544 2545
98 122
428 431
112 117
1333 1334
1695 1696
1758 1759
1646 1647
2515 2516
2454 2455
1203 1204
1223 1224
590 595
724 737
1946 1947
1949 1950
129 130
1576 1577
201 207
148 153
1301 1302
530 542
3475 3476
187 188
3633 3634
371 380
646 654
3647 3648
2835 2836
2254 2255
2265 2266
3301 3302
3312 3313
3325 3326
554 555
1297 1300
795 796
672 705
180 181
3651 3654
1826 1827
1869 1870
1240 1241
41 42
1822 1823
1253 1254
1551 1553
1368 1369
1665 1666
1153 1154
1151 1152
754 756
1025 1026
1031 1032
1057 1058
1419 1420
2852 2853
2911 2912
3675 3676
495 505
955 956
1257 1258
2489 2490
484 493
349 350
1463 1464
700 713
1535 1536
1533 1534
1993 2000
272 279
59 60
1356 1357
1901 1906
1399 1400
1227 1228
226 233
3205 3226
1453 1454
2145 2146
3184 3185
3131 3132
3167 3168
1244 1245
1263 1268
3655 3656
92 93
255 259
666 702
2080 2082
1921 1922
2061 2062
3424 3425
2005 2006
3017 3018
278 281
2055 2056
2059 2060
1339 1340
2003 2004
74 76
871 872
2881 2882
695 704
3639 3640
2612 2613
1996 1997
330 338
2141 2142
2123 2124
1447 1448
2547 2548
1994 1995
2001 2002
1225 1226
3042 3043
605 615
624 686
1902 1903
2885 2886
151 152
1191 1192
3197 3198
3165 3166
3179 3180
1445 1446
3451 3453
503 511
786 787
70 72
1598 1599
2974 2975
2422 2423
1621 1622
2420 2421
3635 3636
3250 3266
3505 3506
1187 1188
2350 2351
3056 3057
3060 3062
3659 3660
1479 1480
3661 3662
3657 3658
1928 1929
1083 1084
1215 1216
1174 1176
1305 1310
3665 3666
1332 1337
3477 3480
773 782
2465 2471
1926 1934
2926 2927
3663 3664
2796 2798
1595 1596
2953 2954
2159 2160
3145 3146
3181 3182
2177 2178
3163 3164
3199 3200
2957 2958
2452 2453
1273 1274
253 265
1909 1910
356 360
2503 2506
3246 3272
704 714
267 268
2182 2195
185 195
1630 1631
3028 3029
3418 3419
3171 3172
1405 1406
3188 3189
1606 1607
1608 1609
718 731
233 252
404 405
3485 3486
1269 1270
2725 2726
2794 2795
707 719
629 651
107 109
337 343
3363 3364
2222 2223
3258 3259
3673 3674
1686 1687
2071 2072
1882 1883
52 53
102 103
2847 2856
2848 2849
1067 1068
3006 3007
1792 1793
1777 1789
1690 1691
1752 1753
3030 3031
3032 3033
1727 1728
3398 3399
3046 3047
556 564
1813 1814
1855 1856
3061 3063
80 86
3365 3366
3428 3431
879 880
1169 1170
3452 3454
2627 2628
813 814
3483 3484
2082 2083
1866 1878
413 416
3432 3433
2308 2310
2063 2064
1493 1494
580 598
2977 2978
2976 2980
2913 2914
1662 1663
3669 3670
3652 3653
1181 1182
1817 1818
2994 2995
3361 3362
1495 1496
3503 3504
364 399
1600 1601
2940 2942
1931 1932
3465 3466
497 512
1293 1294
2979 2983
3671 3672
243 266
3420 3421
3371 3372
3249 3267
3384 3385
2949 2950
2638 2639
2031 2032
376 389
658 673
2303 2304
181 182
1237 1238
519 532
1716 1718
396 406
1247 1248
480 481
720 741
3357 3358
1692 1693
1754 1755
2532 2533
2614 2615
493 506
1865 1886
1884 1885
444 513
663 699
2315 2316
3378 3379
3381 3382
734 735
1761 1762
744 745
1552 1554
2313 2314
539 579
2043 2044
3037 3038
2981 2982
3035 3036
1199 1200
488 496
3025 3026
3446 3447
3219 3220
1794 1795
1733 1734
569 584
730 733
3501 3502
2774 2775
2756 2759
2301 2302
3429 3430
2337 2338
2348 2349
3369 3370
3459 3460
2278 2279
3345 3346
2287 2288
3327 3328
1531 1532
1538 1539
2280 2281
2289 2290
2285 2286
3334 3335
3349 3350
1543 1544
2297 2298
3347 3348
2276 2277
1782 1783
676 680
680 681
1981 1983
648 664
774 785
2013 2014
414 426
2007 2008
2224 2225
1584 1585
1125 1126
331 355
1828 1829
1832 1833
97 100
661 677
3442 3443
177 184
1465 1476
40 45
2535 2576
2618 2657
2345 2346
1490 1491
1806 1807
1745 1746
1555 1556
250 256
2199 2200
517 522
470 475
3367 3368
2972 2973
2499 2500
989 990
750 753
1249 1250
2959 2964
768 769
2692 2693
2654 2655
3183 3190
688 708
1027 1028
1059 1060
1413 1414
729 730
632 647
3394 3395
770 778
1481 1482
504 520
1563 1564
3408 3409
3388 3389
3426 3427
2327 2328
3386 3387
2049 2050
659 660
1321 1322
2377 2378
2373 2376
3050 3051
2931 2932
781 791
1483 1484
3034 3041
1875 1879
2203 2204
459 463
2865 2866
275 282
1613 1614
2415 2416
3609 3610
3621 3622
3607 3608
3619 3620
2430 2431
3637 3638
3649 3650
2706 2707
535 538
3469 3470
3011 3013
2283 2284
2299 2300
3331 3332
3343 3344
3339 3342
2282 2285
3333 3336
2295 2296
3340 3341
3329 3330
2291 2292
3337 3338
1529 1530
2293 2294
2039 2040
3461 3462
316 317
3010 3014
1970 1971
2527 2572
712 722
1403 1404
1435 1436
582 589
452 453
2230 2231
458 471
2792 2793
2715 2716
2723 2724
2831 2833
1873 1874
3291 3292
3058 3059
2770 2771
1911 1912
1951 1952
1086 1089
2698 2699
3414 3415
339 355
38 43
466 474
2205 2206
2197 2198
1085 1087
3471 3472
643 667
2382 2383
3487 3488
2028 2034
2238 2239
1499 1500
2938 2941
304 314
393 394
2951 2952
591 609
2984 2985
3373 3374
3438 3439
686 698
637 682
3002 3003
883 884
3000 3001
2029 2033
2991 2993
1804 1805
2967 2968
2961 2962
3015 3016
3004 3005
1472 1473
359 361
2702 2703
215 216
2557 2558
500 515
236 251
1676 1677
1497 1498
3396 3397
2583 2584
2536 2537
2619 2620
3440 3441
2487 2488
1344 1345
1326 1327
3473 3474
732 746
2884 2899
2317 2318
1602 1603
1719 1723
725 728
1998 1999
3070 3071
3088 3092
796 797
541 549
2497 2498
739 742
389 410
424 430
1935 1936
455 457
2069 2070
3303 3311
2963 2964
3380 3383
2843 2844
790 794
3318 3324
779 783
2875 2876
101 110
1796 1797
2274 2275
578 586
2458 2459
607 618
347 376
985 986
2762 2763
1899 1900
3493 3494
1802 1803
270 271
1515 1518
1525 1528
3463 3464
528 529
1688 1697
1786 1788
1516 1517
2260 2263
2374 2375
2463 2464
2504 2505
3406 3407
621 625
1819 1820
2776 2777
2688 2689
1857 1858
771 775
446 448
765 776
3434 3435
227 228
2389 2390
597 608
612 626
245 264
2965 2966
3019 3020
2189 2190
780 789
2947 2948
2922 2923
3444 3445
1939 1940
2825 2826
3090 3093
3499 3500
2555 2556
2636 2637
1644 1663
2878 2879
2933 2934
465 479
345 352
546 597
473 474
2633 2634
1848 1849
1891 1892
1847 1850
1893 1894
2466 2468
2764 2765
1710 1711
2829 2830
1960 1961
2854 2855
1943 1944
2669 2671
2380 2384
507 513
3436 3437
2393 2394
2799 2800
526 553
606 622
1298 1299
2872 2873
1725 1726
381 405
418 420
240 242
3416 3417
1904 1905
2690 2691
792 793
1774 1783
2710 2729
1821 1836
1876 1877
368 379
2786 2787
2782 2783
2766 2767
2219 2220
2778 2797
1824 1825
1867 1868
2713 2714
2346 2347
2867 2868
3072 3075
1790 1791
3375 3376
2696 2697
3495 3496
723 729
220 221
2444 2445
3677 3678
1640 1641
2432 2433
2438 2439
1634 1635
3667 3668
2440 2441
2446 2447
1323 1324
3092 3094
2832 2834
2665 2666
594 617
382 403
2915 2921
560 561
302 310
2909 2910
67 73
670 675
2704 2705
2596 2598
2839 2840
237 246
2694 2695
260 261
3467 3468
262 263
2371 2372
3481 3482
3507 3508
721 727
2928 2929
2387 2388
2448 2449
2742 2743
340 360
3075 3076
2407 2408
1968 1969
332 335
2768 2769
2193 2194
2107 2108
2143 2144
3129 3130
2161 2162
3147 3148
1189 1190
247 254
567 568
3073 3074
436 440
2402 2403
2399 2400
2405 2406
2401 2404
2517 2518
2760 2761
248 249
1771 1772
2631 2632
2827 2828
472 477
2919 2920
3089 3091
537 544
2772 2773
3203 3231
2744 2745
638 657
2841 2842
2887 2896
626 627
1965 1966
3390 3391
3392 3393
2861 2862
2894 2895
3412 3413
630 634
631 641
2892 2893
318 342
3353 3354
461 469
2379 2381
671 685
1953 1954
2900 2903
2700 2701
2870 2871
284 287
574 575
372 387
3450 3451
552 573
1834 1835
3355 3356
3098 3100
2562 2567
2563 2566
2645 2649
596 640
2996 2997
2807 2808
2227 2228
3095 3096
547 557
323 324
3455 3456
2358 2359
3478 3479
3457 3458
2221 2226
298 300
652 674
2086 2087
3082 3083
2677 2678
3448 3449
2088 2089
3086 3087
2018 2021
448 449
2917 2918
1778 1780
1853 1854
2821 2822
2740 2741
305 308
2397 2398
2395 2396
2582 2589
1739 1740
1839 1840
2736 2737
2937 2939
2990 2992
762 763
1941 1942
2837 2838
311 329
3497 3498
421 423
2813 2814
3245 3278
3253 3257
2538 2539
2621 2622
3068 3079
451 456
2580 2581
2661 2662
696 740
501 508
367 387
3021 3027
2708 2709
2801 2806
2738 2739
1971 1972
1973 1974
2209 2210
2811 2812
2550 2551
562 563
3207 3208
2385 2386
362 366
383 395
3489 3490
486 487
2890 2891
2869 2874
2780 2781
445 447
2017 2019
521 522
1871 1872
2717 2718
2757 2758
2594 2607
764 773
2568 2569
2650 2651
2519 2520
2802 2805
334 359
462 464
283 285
1737 1738
1798 1799
3557 3558
3559 3560
635 644
2201 2202
3260 3273
2191 2196
2113 2114
2131 2132
3268 3269
3232 3233
1979 1980
1349 1350
1977 1978
2935 2936
2988 2989
2015 2016
1991 1992
975 976
3284 3285
3241 3242
3227 3228
1469 1470
2184 2188
482 494
3243 3244
1061 1062
3261 3262
3511 3512
3515 3516
3517 3518
3513 3514
3491 3492
441 442
373 377
2859 2860
1925 1927
1964 1967
2863 2864
239 241
3274 3275
1747 1748
3282 3283
2969 2970
3022 3024
558 563
2216 2217
3077 3078
3097 3099
2823 2824
3251 3268
2391 2392
3276 3277
706 711
3286 3287
3052 3053
1741 1742
2592 2593
2986 2987
325 326
642 653
2667 2668
2943 2944
2809 2810
3561 3562
2647 2648
432 439
2784 2785
2235 2236
3270 3271
3279 3280
687 691
2037 2038
2601 2602
2681 2682
2779 2800
390 392
2073 2074
1656 1657
2469 2470
2877 2880
1907 1908
2641 2642
2560 2561
689 690
295 303
3509 3510
3521 3522
2727 2728
2673 2674
2663 2664
1773 1810
2630 2684
3209 3210
1982 1985
3224 3225
357 358
2686 2687
3039 3040
2009 2010
2011 2012
2670 2672
2187 2192
3254 3263
2815 2816
2819 2820
2750 2751
2817 2818
2746 2747
2748 2749
2945 2946
3211 3223
592 593
2924 2925
3565 3566
3567 3568
301 322
2521 2522
3519 3520
3523 3524
2904 2905
419 421
2916 2930
3204 3213
3221 3222
1930 1933
450 460
1750 1787
2573 2574
610 614
3264 3265
1706 1717
3563 3564
616 639
697 717
3601 3602
2590 2591
2450 2451
2507 2508
545 548
2511 2512
3589 3590
3572 3573
3591 3592
3577 3578
3574 3575
3593 3594
1837 1838
1880 1881
2732 2733
3359 3360
3351 3352
1735 1736
2720 2721
2790 2791
2719 2722
2730 2731
2367 2369
217 218
2477 2478
276 277
3529 3530
3527 3528
3533 3534
3531 3532
3605 3606
3603 3604
2788 2789
2479 2480
2481 2482
2483 2484
2960 2971
3012 3023
3080 3081
510 515
3583 3584
3569 3570
3587 3588
3599 3600
3585 3586
3549 3550
3545 3546
3547 3548
1379 1380
2065 2066
2676 2677
3525 3526
3535 3536
2501 2502
760 761
386 397
496 514
3597 3598
3581 3582
3595 3596
3579 3580
2524 2525
715 716
3214 3215
3218 3236
2485 2486
3537 3538
3539 3540
3543 3544
3541 3542
3551 3552
2523 2526
2595 2597
588 604
2491 2492
3255 3256
1937 1938
1975 1976
3553 3554
3555 3556
1895 1896
3571 3576
665 681
585 587
2565 2566
2998 2999
2585 2586
2587 2588
3101 3102
3044 3045
2599 2600
3410 3411
2311 2312
3069 3079
3377 3378
2462 2467
2675 2685
2679 2680
