14676861962345020465 3016 1900
0.167706 0.163144 1.828597
-0.081667 0.163144 1.898526
-0.081667 -0.099664 1.898526
0.081667 0.163144 1.521775
-0.081667 0.163144 1.898526
0.167706 0.163144 1.828597
0.081667 -0.099664 1.521775
-0.167706 -0.099664 1.591704
-0.167706 0.163144 1.591704
0.081667 0.163144 1.521775
-0.081667 -0.099664 1.898526
0.081667 -0.099664 1.521775
-0.167706 -0.099664 1.591704
0.167706 0.163144 1.828597
0.081667 0.163144 1.521775
-0.081667 0.163144 1.898526
-0.167706 -0.099664 1.591704
-0.081667 -0.099664 1.898526
-0.034668 -0.122462 1.798138
-0.045035 -0.119115 1.797105
-0.043700 -0.121216 1.796583
-0.035906 -0.123654 1.797459
-0.032803 -0.115883 1.796975
-0.028237 -0.133781 1.782872
-0.034255 -0.133184 1.779118
-0.026947 -0.134672 1.781744
-0.022172 -0.135733 1.781592
-0.038680 -0.127761 1.787534
-0.032324 -0.128806 1.790265
-0.044393 -0.120396 1.795334
-0.039644 -0.126725 1.785766
-0.025596 -0.133329 1.782579
-0.026404 -0.132490 1.783311
-0.021975 -0.134120 1.782453
-0.030560 -0.127888 1.790437
-0.028080 -0.122866 1.788692
-0.031077 -0.117115 1.795530
-0.024918 -0.126457 1.782391
-0.023203 -0.126654 1.781004
-0.018811 -0.127961 1.781295
-0.009258 -0.129185 1.781616
-0.010949 -0.137588 1.781642
-0.000000 -0.136478 1.782821
-0.000000 -0.137800 1.781867
-0.009205 -0.138740 1.778189
-0.000000 -0.138543 1.778416
-0.009778 -0.138113 1.776011
-0.000000 -0.137793 1.776865
-0.014221 -0.138855 1.770958
-0.015249 -0.138953 1.770435
-0.020904 -0.138052 1.770545
-0.025510 -0.135724 1.775158
-0.023606 -0.136528 1.774452
-0.009610 -0.136184 1.774539
-0.012865 -0.137560 1.770947
-0.012964 -0.136532 1.767561
-0.014293 -0.135969 1.767302
-0.021140 -0.134293 1.767399
-0.020465 -0.135237 1.767061
-0.023801 -0.133339 1.772024
-0.024723 -0.132678 1.772323
-0.032806 -0.127379 1.772028
-0.034579 -0.128018 1.773818
0.035906 -0.123654 1.797459
0.043700 -0.121216 1.796583
0.034668 -0.122462 1.798138
0.045035 -0.119115 1.797105
0.032803 -0.115883 1.796975
0.034255 -0.133184 1.779118
0.028237 -0.133781 1.782872
0.032737 -0.134266 1.777796
0.026947 -0.134672 1.781744
0.025322 -0.136437 1.777184
0.022172 -0.135733 1.781592
0.038680 -0.127761 1.787534
0.032324 -0.128806 1.790265
0.039644 -0.126725 1.785766
0.044393 -0.120396 1.795334
0.026404 -0.132490 1.783311
0.025596 -0.133329 1.782579
0.021975 -0.134120 1.782453
0.028080 -0.122866 1.788692
0.031077 -0.117115 1.795530
0.024918 -0.126457 1.782391
0.023203 -0.126654 1.781004
0.018811 -0.127961 1.781295
0.009258 -0.129185 1.781616
0.010949 -0.137588 1.781642
-0.000000 -0.136478 1.782821
-0.000000 -0.129415 1.781661
-0.000000 -0.137800 1.781867
0.009205 -0.138740 1.778189
-0.000000 -0.138543 1.778416
0.009778 -0.138113 1.776011
0.008787 -0.138181 1.776619
-0.000000 -0.137793 1.776865
0.020284 -0.138065 1.769931
0.025510 -0.135724 1.775158
0.023606 -0.136528 1.774452
0.009610 -0.136184 1.774539
-0.000000 -0.133718 1.774175
0.012865 -0.137560 1.770947
0.012964 -0.136532 1.767561
0.021140 -0.134293 1.767399
0.020465 -0.135237 1.767061
0.023801 -0.133339 1.772024
0.024723 -0.132678 1.772323
0.032806 -0.127379 1.772028
0.034579 -0.128018 1.773818
0.039351 -0.122044 1.783289
0.044359 -0.115605 1.793523
-0.009610 -0.136184 1.774539
-0.008176 -0.138451 1.775074
-0.008339 -0.135137 1.774524
-0.012865 -0.137560 1.770947
-0.011855 -0.139727 1.771760
-0.000000 -0.138303 1.775102
-0.007177 -0.141036 1.773807
-0.000000 -0.141302 1.773923
-0.009641 -0.141502 1.771786
-0.000000 -0.141977 1.772132
-0.005371 -0.146001 1.751709
-0.003455 -0.147055 1.753803
-0.000000 -0.144712 1.762797
-0.000000 -0.147264 1.753856
-0.000000 -0.146506 1.751607
-0.000000 -0.144647 1.750007
-0.005946 -0.143954 1.749960
-0.010161 -0.140563 1.759264
-0.007203 -0.143217 1.750114
-0.012964 -0.136532 1.767561
0.009610 -0.136184 1.774539
0.008339 -0.135137 1.774524
0.008176 -0.138451 1.775074
0.011855 -0.139727 1.771760
0.012865 -0.137560 1.770947
-0.000000 -0.138303 1.775102
-0.000000 -0.133718 1.774175
0.007177 -0.141036 1.773807
-0.000000 -0.141302 1.773923
0.009641 -0.141502 1.771786
-0.000000 -0.141977 1.772132
0.003455 -0.147055 1.753803
0.005371 -0.146001 1.751709
0.006496 -0.144388 1.762599
-0.000000 -0.144712 1.762797
-0.000000 -0.147264 1.753856
-0.000000 -0.146506 1.751607
0.005946 -0.143954 1.749960
0.010161 -0.140563 1.759264
0.007203 -0.143217 1.750114
0.012964 -0.136532 1.767561
-0.004393 -0.114413 1.693123
-0.000000 -0.119029 1.695417
-0.005383 -0.118738 1.694387
-0.000000 -0.114650 1.693963
-0.003156 -0.109459 1.675584
-0.000000 -0.108410 1.671871
-0.000000 -0.109288 1.674980
-0.004392 -0.108647 1.672711
-0.008117 -0.113736 1.690729
-0.009948 -0.117909 1.691452
-0.005832 -0.109945 1.677305
-0.008117 -0.109324 1.675106
-0.010605 -0.112724 1.687144
-0.010605 -0.110335 1.678689
-0.011479 -0.111529 1.682916
-0.008247 -0.111529 1.682916
-0.007619 -0.112388 1.685954
-0.005832 -0.113115 1.688530
-0.005383 -0.111672 1.669371
-0.000000 -0.111381 1.668341
-0.000000 -0.119524 1.697168
-0.000000 -0.110886 1.666590
-0.000000 -0.116265 1.687901
-0.002328 -0.116139 1.687455
-0.000000 -0.114611 1.682046
-0.005620 -0.115244 1.684287
-0.006084 -0.114611 1.682047
-0.005620 -0.113979 1.679806
-0.004301 -0.113442 1.677906
-0.002327 -0.113083 1.676637
-0.000000 -0.112958 1.676192
-0.119434 0.015471 1.777091
-0.119819 0.014746 1.774273
-0.118920 0.017174 1.779424
-0.118346 0.019665 1.780867
-0.118541 0.022762 1.783004
-0.117839 0.022550 1.781296
-0.117382 0.027865 1.778875
-0.117673 0.030812 1.776802
-0.117709 0.029024 1.779905
-0.117897 0.031356 1.773269
-0.117575 0.029829 1.773324
-0.117525 0.025435 1.780588
-0.118020 0.026176 1.782054
-0.117955 0.029045 1.770461
-0.118994 0.028392 1.766983
-0.118892 0.024702 1.766677
-0.119694 0.025352 1.765223
-0.119327 0.021803 1.766291
-0.120879 0.018454 1.765678
-0.121174 0.015518 1.767423
-0.121227 0.013817 1.770930
-0.120002 0.015191 1.771379
-0.114055 0.024907 1.778002
-0.115536 0.017003 1.776941
-0.116106 0.015951 1.772722
-0.116055 0.018169 1.768940
-0.115420 0.022359 1.767808
-0.114578 0.026074 1.769990
-0.114011 0.027132 1.774216
-0.039757 0.180726 1.782907
-0.028389 0.181184 1.781979
-0.039300 0.178505 1.779976
-0.039300 0.178505 1.779976
-0.039459 0.181803 1.778143
-0.028316 0.184184 1.780279
-0.000000 0.186696 1.782493
-0.014038 0.186411 1.779925
-0.014482 0.186016 1.781970
-0.027910 0.184594 1.778287
-0.041088 0.181578 1.775255
-0.041378 0.180986 1.777600
-0.043339 0.175904 1.779987
-0.043843 0.177627 1.782794
-0.000000 0.183536 1.784451
-0.014012 0.183120 1.783689
-0.000000 0.183866 1.786600
-0.000000 0.183536 1.784451
-0.049420 0.067549 1.852273
-0.049184 0.048643 1.857440
-0.000000 0.051400 1.862982
-0.000000 0.070312 1.857737
-0.000000 0.088167 1.851739
-0.049081 0.084676 1.846467
-0.000000 0.157417 1.813599
-0.000000 0.172127 1.800195
-0.000000 0.105863 1.844700
-0.000000 0.123337 1.835972
-0.048498 0.118960 1.831436
-0.048986 0.101396 1.839604
-0.000000 0.140671 1.825564
-0.039109 -0.034111 1.858424
-0.042209 -0.015223 1.861266
-0.048100 0.026277 1.860945
-0.000000 -0.032762 1.866306
-0.000000 -0.011991 1.868904
-0.016575 -0.073551 1.851324
-0.045739 0.005758 1.861964
-0.041950 -0.069926 1.840931
-0.034378 -0.076513 1.840940
-0.041548 -0.069606 1.842676
-0.034495 -0.076931 1.839993
-0.060605 -0.041805 1.844134
-0.068762 -0.021896 1.844267
-0.074950 -0.000046 1.843377
-0.078380 0.020985 1.841824
-0.079224 0.041318 1.839015
-0.078909 0.040826 1.836230
-0.077890 0.059218 1.831361
-0.072605 0.096259 1.822350
-0.075033 0.077969 1.825460
-0.072588 0.095256 1.819156
-0.063253 0.132083 1.807506
-0.068452 0.114877 1.815244
-0.061811 0.130923 1.802449
-0.057076 0.148426 1.799091
-0.049487 0.165940 1.789704
-0.056186 0.147169 1.795008
-0.061811 0.130923 1.802449
-0.069878 0.116280 1.805481
-0.067313 0.113656 1.811132
-0.056186 0.147169 1.795008
-0.063020 0.140343 1.794235
-0.066881 0.140543 1.793796
-0.070180 0.131023 1.797763
-0.074639 0.116401 1.804585
-0.067866 0.112061 1.811713
-0.067866 0.112061 1.811713
-0.075874 0.095662 1.818884
-0.055833 0.148206 1.794516
-0.047442 0.176609 1.778759
-0.046047 0.177353 1.777734
-0.043339 0.175904 1.779987
-0.042017 0.177548 1.778662
-0.042017 0.177548 1.778662
-0.039300 0.178505 1.779976
-0.044719 0.176277 1.775820
-0.044719 0.176277 1.775820
-0.056024 0.168809 1.759453
-0.051245 0.173605 1.767995
-0.060715 0.163544 1.753000
-0.063187 0.161552 1.752760
-0.000000 0.166049 1.753386
-0.016860 0.165679 1.753383
-0.042559 0.164923 1.753613
-0.044741 0.178909 1.774304
-0.057586 0.166536 1.761339
-0.063395 0.160159 1.753568
-0.051258 0.171735 1.769092
-0.063395 0.160159 1.753568
-0.059429 0.167755 1.763569
-0.057586 0.166536 1.761339
-0.065387 0.159579 1.753056
-0.051258 0.171735 1.769092
-0.052859 0.172910 1.770955
-0.066871 0.158844 1.753644
-0.053902 0.172682 1.772057
-0.074152 0.145542 1.754812
-0.080951 0.130523 1.756202
-0.086600 0.115709 1.757553
-0.092140 0.099966 1.758877
-0.079001 0.077554 1.825473
-0.075033 0.077969 1.825460
-0.077890 0.059218 1.831361
-0.078909 0.040826 1.836230
-0.077868 0.020273 1.839337
-0.060475 -0.042208 1.841882
-0.052119 -0.057710 1.841429
-0.041950 -0.069926 1.840931
-0.034495 -0.076931 1.839993
-0.013717 -0.071630 1.852987
-0.015805 -0.072012 1.852406
-0.014941 -0.072823 1.851186
-0.015951 -0.073881 1.850561
-0.020642 -0.081719 1.844576
-0.020230 -0.083755 1.839306
-0.021391 -0.083778 1.839294
-0.013261 -0.075171 1.840359
-0.000000 -0.075265 1.840340
-0.000000 -0.075265 1.840340
-0.013179 -0.083552 1.839398
-0.000000 -0.083568 1.839393
-0.015603 -0.075849 1.840152
-0.020230 -0.083755 1.839306
-0.031273 -0.079383 1.839770
-0.028415 -0.080923 1.839714
-0.098577 0.080363 1.760639
-0.108014 0.038294 1.776784
-0.104753 0.059836 1.763127
-0.107777 0.042690 1.764333
-0.107956 0.032531 1.783811
-0.108206 0.024309 1.786720
-0.098752 -0.040435 1.792108
-0.090582 -0.059204 1.793005
-0.080755 -0.076158 1.793197
-0.068650 -0.091677 1.794009
-0.055248 -0.104022 1.794221
-0.032803 -0.115883 1.796975
-0.032938 -0.111849 1.811018
-0.031122 -0.097053 1.829416
-0.025588 -0.110560 1.816167
-0.025570 -0.107044 1.821613
-0.025055 -0.101816 1.826386
-0.030231 -0.084337 1.838958
-0.031273 -0.079383 1.839770
-0.029360 -0.083710 1.839301
-0.021391 -0.083778 1.839294
-0.020582 -0.086069 1.842081
-0.012843 -0.086732 1.843241
-0.000000 -0.087033 1.843992
-0.020935 -0.087689 1.842146
-0.012747 -0.088290 1.843369
-0.000000 -0.088811 1.844131
-0.030231 -0.084337 1.838958
-0.029120 -0.084692 1.839986
-0.029360 -0.083710 1.839301
-0.029101 -0.085888 1.840274
-0.030740 -0.097299 1.830443
-0.030123 -0.097755 1.831430
-0.031122 -0.097053 1.829416
-0.025231 -0.102614 1.827672
-0.024644 -0.102900 1.829016
-0.025570 -0.107044 1.821613
-0.024529 -0.108646 1.823436
-0.025744 -0.111947 1.816906
-0.025588 -0.110560 1.816167
-0.032091 -0.113404 1.810538
-0.032271 -0.112326 1.810690
-0.032817 -0.118086 1.797934
-0.032308 -0.118892 1.799259
-0.032803 -0.115883 1.796975
-0.022620 -0.121303 1.800735
-0.000000 -0.118718 1.813199
-0.011056 -0.122841 1.801633
-0.000000 -0.123422 1.802072
-0.000000 -0.110844 1.825630
-0.010654 -0.121410 1.799358
-0.000000 -0.122279 1.799949
-0.021967 -0.119386 1.798173
-0.029852 -0.117574 1.797107
-0.031077 -0.117115 1.795530
-0.000000 -0.148117 1.748618
-0.000000 -0.146130 1.749792
-0.006210 -0.148118 1.748565
-0.007620 -0.145294 1.750464
-0.009345 -0.147737 1.749500
-0.010660 -0.142556 1.760083
-0.013027 -0.144869 1.760556
-0.012983 -0.139318 1.767588
-0.014927 -0.142530 1.766960
-0.020465 -0.135237 1.767061
-0.021298 -0.138116 1.768089
-0.023274 -0.141226 1.766673
-0.024373 -0.140683 1.767377
-0.005946 -0.143954 1.749960
-0.007203 -0.143217 1.750114
-0.010161 -0.140563 1.759264
-0.012964 -0.136532 1.767561
-0.013970 -0.139704 1.768418
-0.014293 -0.135969 1.767302
-0.025720 -0.135353 1.773086
-0.027086 -0.138037 1.771816
-0.024700 -0.135698 1.772613
-0.024723 -0.132678 1.772323
-0.023801 -0.133339 1.772024
-0.034918 -0.132652 1.773670
-0.032806 -0.127379 1.772028
-0.036714 -0.134497 1.772759
-0.036071 -0.131431 1.774435
-0.038143 -0.133395 1.773623
-0.039351 -0.122044 1.783289
-0.041336 -0.125307 1.783818
-0.043756 -0.126337 1.783435
-0.049282 -0.119284 1.794012
-0.044359 -0.115605 1.793523
-0.048116 -0.117215 1.795560
-0.055248 -0.104022 1.794221
-0.059117 -0.108756 1.795521
-0.060194 -0.111385 1.793912
-0.074724 -0.097123 1.793383
-0.084896 -0.080304 1.794659
-0.072715 -0.095111 1.795091
-0.105367 -0.042775 1.794205
-0.110750 -0.021545 1.792934
-0.113716 -0.022275 1.791476
-0.068650 -0.091677 1.794009
-0.080755 -0.076158 1.793197
-0.098752 -0.040435 1.792108
-0.104419 -0.020261 1.790666
-0.107739 0.000633 1.789313
-0.113447 0.000986 1.790923
-0.116641 0.000437 1.789519
-0.108466 0.013117 1.787884
-0.113216 0.013334 1.789554
-0.116573 0.012879 1.788827
-0.110882 0.031915 1.784818
-0.107956 0.032531 1.783811
-0.112832 0.023511 1.788085
-0.113475 0.031634 1.784167
-0.115915 0.023053 1.787276
-0.107777 0.042690 1.764333
-0.108466 0.013117 1.787884
-0.121401 0.016533 1.736120
-0.123687 -0.006395 1.738251
-0.110620 0.039734 1.732805
-0.109693 0.036376 1.716656
-0.106952 0.038942 1.715070
-0.110026 0.033541 1.717627
-0.106098 0.040675 1.733116
-0.105459 0.040981 1.713880
-0.100454 -0.090957 1.738670
-0.087363 -0.108890 1.738927
-0.118517 -0.049581 1.738304
-0.122545 -0.028775 1.738600
-0.072411 -0.123569 1.738958
-0.056285 -0.134841 1.738740
-0.041406 -0.141981 1.738952
-0.000000 -0.149441 1.738672
-0.009128 -0.149011 1.738902
-0.000000 -0.148250 1.737668
-0.114027 0.030367 1.726897
-0.116947 0.025573 1.731207
-0.110240 0.032130 1.717596
-0.061827 -0.106170 1.733921
-0.050086 -0.113581 1.732066
-0.063344 -0.108001 1.732386
-0.049545 -0.111635 1.734624
-0.036170 -0.115883 1.734624
-0.036564 -0.117542 1.732557
-0.021336 -0.120911 1.732610
-0.005954 -0.121414 1.733343
-0.008606 -0.146231 1.734390
-0.000000 -0.146325 1.734338
-0.104356 -0.026871 1.739201
-0.107025 -0.006176 1.736151
-0.102305 -0.045641 1.734900
-0.095924 -0.064567 1.734630
-0.084840 -0.083392 1.734972
-0.105549 0.013995 1.736227
-0.104479 0.026264 1.728133
-0.110558 0.027210 1.728636
-0.113964 0.027325 1.729829
-0.111245 0.027935 1.728207
-0.111036 0.022489 1.721712
-0.110558 0.027210 1.728636
-0.111207 0.030702 1.724691
-0.111245 0.027935 1.728207
-0.110240 0.032130 1.717596
-0.111547 0.014720 1.706311
-0.110992 0.013354 1.707537
-0.106072 0.011799 1.707939
-0.105069 0.021751 1.721857
-0.104479 0.026264 1.728133
-0.110547 0.021027 1.701210
-0.104356 -0.026871 1.739201
-0.107684 -0.001403 1.709822
-0.102305 -0.045641 1.734900
-0.095924 -0.064567 1.734630
-0.084840 -0.083392 1.734972
-0.070945 -0.099045 1.735304
-0.069258 -0.100611 1.734700
-0.068979 -0.098975 1.720014
-0.106846 -0.001152 1.709309
-0.106552 0.000455 1.709833
-0.106080 -0.008613 1.698047
-0.105292 -0.008022 1.697721
-0.104814 0.012434 1.707134
-0.098731 0.010834 1.707785
-0.100781 -0.000305 1.710255
-0.101633 -0.001447 1.709383
-0.102223 -0.007736 1.698552
-0.105092 -0.010701 1.693411
-0.104188 -0.010415 1.692976
-0.068157 -0.095439 1.703285
-0.068320 -0.091432 1.686113
-0.075961 -0.086711 1.683358
-0.085959 -0.073546 1.677027
-0.091090 -0.059442 1.671827
-0.092416 -0.041012 1.666052
-0.091391 -0.021282 1.680791
-0.090052 -0.007485 1.677378
-0.090162 -0.008939 1.656246
-0.064213 -0.080013 1.677937
-0.081702 -0.058193 1.667470
-0.090264 -0.059797 1.670511
-0.085290 -0.041778 1.662474
-0.091720 -0.041383 1.664652
-0.090808 -0.024703 1.659580
-0.089325 -0.009149 1.654723
-0.060209 -0.082672 1.679803
-0.061828 -0.092740 1.706288
-0.060060 -0.084083 1.680782
-0.061468 -0.088334 1.687014
-0.061828 -0.092740 1.706288
-0.062457 -0.096670 1.720204
-0.061549 -0.092427 1.687202
-0.061413 -0.091453 1.684575
-0.060060 -0.084083 1.680782
-0.061827 -0.106170 1.733921
-0.062767 -0.102806 1.717536
-0.060865 -0.092245 1.684512
-0.059368 -0.083767 1.679696
-0.060757 -0.091368 1.683842
-0.059368 -0.083767 1.679696
-0.036170 -0.115883 1.734624
-0.049545 -0.111635 1.734624
-0.021236 -0.118883 1.734624
-0.005794 -0.119937 1.734624
-0.004524 -0.119665 1.729444
-0.000000 -0.119884 1.729827
-0.006988 -0.119172 1.716983
-0.006404 -0.121890 1.714059
-0.000000 -0.122063 1.714545
-0.021754 -0.116997 1.709647
-0.015301 -0.117906 1.713801
-0.025752 -0.118744 1.701576
-0.031156 -0.113556 1.697923
-0.031020 -0.116202 1.694790
-0.027362 -0.115279 1.703716
-0.044096 -0.107749 1.698719
-0.070945 -0.099045 1.735304
-0.069258 -0.100611 1.734700
-0.072915 -0.100550 1.731973
-0.070403 -0.102973 1.732337
-0.044711 -0.105194 1.692227
-0.032903 -0.114550 1.688285
-0.033443 -0.109257 1.687573
-0.055843 -0.095611 1.683905
-0.033276 -0.107221 1.678651
-0.037936 -0.100032 1.670384
-0.031364 -0.104979 1.671077
-0.030425 -0.109550 1.669965
-0.042648 -0.095472 1.676773
-0.046815 -0.091302 1.679561
-0.037802 -0.095828 1.670462
-0.084029 -0.026400 1.654354
-0.084187 -0.042618 1.656993
-0.046121 -0.089173 1.650597
-0.035490 -0.090767 1.648401
-0.035693 -0.092682 1.649050
-0.036223 -0.097971 1.655730
-0.055241 -0.083543 1.651880
-0.063296 -0.076352 1.652841
-0.070394 -0.067074 1.653519
-0.076505 -0.055651 1.653451
-0.079667 -0.042761 1.652326
-0.077929 -0.042568 1.652244
-0.078933 -0.026789 1.650179
-0.080606 -0.026645 1.650478
-0.080300 -0.012077 1.647851
-0.075670 0.034668 1.643872
-0.078498 0.027242 1.644380
-0.075565 0.034338 1.642527
-0.087244 0.005621 1.651684
-0.086757 0.005086 1.650720
-0.081430 0.020146 1.646235
-0.068650 0.030153 1.637497
-0.066919 0.028328 1.634753
-0.069932 0.030988 1.639086
-0.078265 -0.000186 1.644736
-0.071596 0.014648 1.639302
-0.064894 0.027156 1.634479
-0.082864 0.017029 1.666742
-0.096747 -0.010858 1.681884
-0.101727 -0.013554 1.684138
-0.101619 -0.012938 1.684741
-0.096922 -0.011055 1.681478
-0.066468 0.157962 1.752518
-0.085934 0.115441 1.756675
-0.091375 0.099446 1.758062
-0.097829 0.080127 1.760065
-0.104095 0.059628 1.762443
-0.107268 0.043143 1.763971
-0.084359 0.093888 1.758409
-0.101524 0.057981 1.762384
-0.075739 0.108531 1.756979
-0.066687 0.122441 1.755642
-0.016517 0.163579 1.752969
-0.000000 0.163748 1.753017
-0.042184 0.162233 1.752843
-0.027801 0.165433 1.753525
-0.062685 0.161042 1.752654
-0.053106 0.161592 1.752696
-0.064875 0.158484 1.752334
-0.053822 0.141641 1.753925
-0.016367 0.160835 1.754411
-0.000000 0.158186 1.752256
-0.016493 0.158373 1.752285
-0.000000 0.160943 1.754486
-0.052745 0.160141 1.753482
-0.052333 0.158297 1.752271
-0.062203 0.159865 1.753222
-0.062203 0.159865 1.753222
-0.052745 0.160141 1.753482
-0.041957 0.160456 1.753796
-0.029435 0.160639 1.754121
-0.016367 0.160835 1.754411
-0.000000 0.160943 1.754486
-0.000000 0.152818 1.752587
-0.016933 0.152857 1.752752
-0.000000 0.152818 1.752587
-0.015510 0.153258 1.743454
-0.016933 0.152857 1.752752
-0.000000 0.153503 1.742982
-0.025056 0.153342 1.746040
-0.029567 0.153032 1.752710
-0.023203 0.157388 1.744283
-0.025160 0.157289 1.745934
-0.014928 0.158000 1.743201
-0.000000 0.158421 1.742920
-0.028614 0.158330 1.752277
-0.029435 0.160639 1.754121
-0.029982 0.158417 1.752294
-0.029487 0.157179 1.752213
-0.020940 0.158724 1.742600
-0.025929 0.158379 1.745092
-0.029982 0.158417 1.752294
-0.021094 0.158688 1.741829
-0.027148 0.158375 1.744125
-0.032251 0.158360 1.752283
-0.032251 0.158360 1.752283
-0.033608 0.158289 1.752270
-0.041581 0.158519 1.752319
-0.028471 0.156463 1.743305
-0.025225 0.156644 1.741719
-0.021320 0.157240 1.740429
-0.033527 0.156263 1.752351
-0.042454 0.156042 1.752418
-0.045373 0.154713 1.752555
-0.048904 0.149777 1.753080
-0.014661 0.159111 1.742052
-0.014706 0.159028 1.741025
-0.000000 0.159668 1.741909
-0.000000 0.159693 1.740651
-0.000000 0.158356 1.739252
-0.015050 0.157778 1.739688
-0.000000 0.159087 1.729785
-0.000000 0.161256 1.708423
-0.000000 0.160162 1.718781
-0.032379 0.160686 1.707251
-0.036367 0.158962 1.706001
-0.038724 0.155944 1.703998
-0.045695 0.152196 1.750374
-0.039575 0.156684 1.730733
-0.037387 0.157958 1.719982
-0.037505 0.156925 1.718070
-0.038499 0.156983 1.716472
-0.038049 0.156134 1.717346
-0.048791 0.141053 1.722432
-0.045960 0.145765 1.698096
-0.036785 0.144277 1.720346
-0.036839 0.143934 1.719378
-0.037615 0.143347 1.719278
-0.046634 0.133840 1.724225
-0.042466 0.141839 1.747191
-0.040369 0.142471 1.738310
-0.038578 0.143569 1.729147
-0.043506 0.140907 1.748758
-0.053513 0.141148 1.752592
-0.058531 0.133592 1.752939
-0.054479 0.128457 1.750202
-0.066486 0.122174 1.753540
-0.081111 0.098545 1.754050
-0.063224 0.118809 1.750554
-0.073131 0.106208 1.751631
-0.078698 0.098692 1.752123
-0.079497 0.097535 1.751293
-0.081627 0.096501 1.751523
-0.080599 0.097361 1.748963
-0.079177 0.097632 1.750220
-0.073328 0.104978 1.746182
-0.074861 0.106029 1.745008
-0.075739 0.108531 1.756979
-0.084359 0.093888 1.758409
-0.053822 0.141641 1.753925
-0.048904 0.149777 1.753080
-0.066992 0.112589 1.743062
-0.069719 0.113911 1.741403
-0.068361 0.115674 1.740022
-0.068122 0.115719 1.738957
-0.067594 0.115915 1.740639
-0.067304 0.114512 1.736985
-0.068347 0.114868 1.737236
-0.069389 0.112929 1.736316
-0.074252 0.103920 1.733358
-0.073568 0.103214 1.732377
-0.064539 0.113340 1.735677
-0.064414 0.114677 1.739007
-0.064995 0.114265 1.741639
-0.079282 0.093987 1.730597
-0.093005 0.077335 1.760240
-0.061821 0.115080 1.720129
-0.070842 0.106925 1.714189
-0.063921 0.118172 1.717609
-0.076332 0.098076 1.712809
-0.078447 0.094687 1.713390
-0.078539 0.094685 1.728933
-0.051437 0.137064 1.722844
-0.050064 0.139094 1.723073
-0.049810 0.130028 1.725202
-0.048219 0.131936 1.725059
-0.055649 0.123133 1.723278
-0.061036 0.118721 1.731880
-0.062285 0.117136 1.736004
-0.061428 0.119473 1.744277
-0.059725 0.121767 1.746869
-0.052808 0.129631 1.749193
-0.055955 0.126392 1.748914
-0.045750 0.134082 1.729773
-0.048637 0.131002 1.728495
-0.053298 0.126448 1.727898
-0.055973 0.123795 1.728582
-0.060034 0.119223 1.732506
-0.061291 0.117166 1.736134
-0.061391 0.116894 1.739252
-0.061218 0.118032 1.741630
-0.060441 0.119541 1.744007
-0.058950 0.121495 1.746135
-0.057100 0.124030 1.747724
-0.049124 0.124598 1.745594
-0.044735 0.127851 1.735941
-0.045788 0.126548 1.733673
-0.047431 0.124682 1.732229
-0.048945 0.123145 1.731579
-0.051188 0.120996 1.731148
-0.052621 0.119838 1.731208
-0.054328 0.118267 1.731776
-0.055638 0.116999 1.732610
-0.058456 0.113933 1.736509
-0.058720 0.113742 1.739203
-0.058264 0.114437 1.740939
-0.056709 0.116422 1.743630
-0.057508 0.115606 1.742660
-0.052533 0.120796 1.745716
-0.050647 0.122920 1.745897
-0.054235 0.119256 1.745323
-0.055623 0.117488 1.744423
-0.060631 0.125850 1.684108
-0.053319 0.135689 1.691517
-0.076005 0.105347 1.674691
-0.073528 0.108873 1.674755
-0.081317 0.095128 1.680191
-0.087317 0.082419 1.688716
-0.090072 0.074250 1.699460
-0.090584 0.075060 1.693421
-0.090499 0.073182 1.701205
-0.101524 0.057981 1.762384
-0.107339 0.041848 1.752345
-0.107268 0.043143 1.763971
-0.106098 0.040675 1.733116
-0.105459 0.040981 1.713880
-0.097842 0.057838 1.710398
-0.097158 0.059218 1.710534
-0.093386 0.066975 1.705748
-0.000000 0.158584 1.705659
-0.017047 0.158832 1.705408
-0.034747 0.157350 1.704066
-0.031837 0.158459 1.704916
-0.036632 0.154422 1.702255
-0.043612 0.145608 1.696319
-0.066945 0.115264 1.675132
-0.051356 0.135639 1.689113
-0.071547 0.108630 1.671968
-0.074446 0.104534 1.671743
-0.074446 0.104534 1.671743
-0.076487 0.110990 1.669239
-0.078910 0.107344 1.668722
-0.080078 0.093832 1.678427
-0.086008 0.080885 1.686741
-0.089146 0.073407 1.690951
-0.084649 0.094676 1.675957
-0.086008 0.080885 1.686741
-0.080078 0.093832 1.678427
-0.090002 0.081832 1.684427
-0.053764 0.138472 1.688129
-0.051356 0.135639 1.689113
-0.046274 0.147588 1.695083
-0.062269 0.128200 1.680326
-0.059097 0.125270 1.681773
-0.070609 0.118183 1.673190
-0.076729 0.111689 1.667500
-0.085392 0.094129 1.673992
-0.073973 0.114232 1.670685
-0.074189 0.115203 1.668982
-0.070724 0.119504 1.671469
-0.090828 0.081619 1.682690
-0.094073 0.074076 1.687885
-0.092945 0.074542 1.689301
-0.089146 0.073407 1.690951
-0.046609 0.148785 1.693488
-0.062345 0.129528 1.678953
-0.095159 0.057882 1.709133
-0.091477 0.065308 1.704501
-0.088822 0.071349 1.700274
-0.088516 0.072472 1.698691
-0.098710 0.050897 1.705427
-0.103932 0.039759 1.712777
-0.093085 0.062533 1.697938
-0.097612 0.063644 1.696406
-0.102646 0.051801 1.704306
-0.103954 0.051499 1.702847
-0.098778 0.063197 1.694881
-0.103932 0.039759 1.712777
-0.107747 0.040363 1.711952
-0.108994 0.039973 1.710392
-0.017004 0.162418 1.704577
-0.000000 0.162783 1.704763
-0.000000 0.164081 1.703135
-0.000000 0.158584 1.705659
-0.017047 0.158832 1.705408
-0.032533 0.161702 1.704037
-0.032619 0.162895 1.702352
-0.036232 0.160316 1.703116
-0.036310 0.161473 1.701542
-0.038821 0.158972 1.700130
-0.034747 0.157350 1.704066
-0.036632 0.154422 1.702255
-0.037795 0.158002 1.694820
-0.000000 0.163850 1.699104
-0.000000 0.162382 1.696761
-0.044516 0.149314 1.689395
-0.042714 0.148467 1.687926
-0.050174 0.139842 1.681059
-0.084355 0.091647 1.671228
-0.090018 0.079265 1.679419
-0.093744 0.070916 1.684752
-0.098709 0.060297 1.691843
-0.097199 0.058847 1.691074
-0.102320 0.047710 1.698280
-0.108481 0.032715 1.707402
-0.110240 0.032130 1.717596
-0.016438 0.158854 1.694285
-0.000000 0.159800 1.694948
-0.033839 0.154783 1.692511
-0.036660 0.152184 1.690967
-0.041269 0.146361 1.687125
-0.057234 0.127390 1.671657
-0.064804 0.116180 1.663199
-0.067698 0.112926 1.661184
-0.070518 0.108486 1.659765
-0.072888 0.103870 1.660717
-0.075920 0.098457 1.664135
-0.080813 0.089203 1.670427
-0.095386 0.057867 1.691211
-0.086391 0.077758 1.677925
-0.100939 0.046840 1.698428
-0.082446 0.089321 1.668462
-0.077337 0.098373 1.662469
-0.092160 0.068840 1.682116
-0.102068 0.046829 1.697317
-0.097217 0.057626 1.689767
-0.073538 0.103747 1.659423
-0.108462 0.032147 1.706224
-0.108509 0.025321 1.694939
-0.101911 0.036148 1.681677
-0.086894 0.067757 1.658260
-0.106876 0.024363 1.689868
-0.084696 0.066522 1.657398
-0.100424 0.034353 1.681282
-0.104613 0.023573 1.689033
-0.094133 0.032572 1.683652
-0.082633 0.054171 1.667663
-0.098547 0.022899 1.691143
-0.108280 0.024475 1.695039
-0.109779 0.020204 1.700511
-0.105730 0.023391 1.689853
-0.098942 0.022603 1.692173
-0.099151 0.022599 1.695940
-0.100132 0.019137 1.701186
-0.105471 0.000387 1.705570
-0.105302 -0.005797 1.696980
-0.106528 0.001704 1.701645
-0.102906 0.013002 1.700318
-0.091501 0.035390 1.662396
-0.087213 0.043927 1.662963
-0.096147 0.023308 1.668604
-0.098996 0.014943 1.673467
-0.078395 0.056765 1.666550
-0.096340 0.011961 1.671284
-0.104691 -0.002004 1.683666
-0.105614 -0.003986 1.686763
-0.103032 -0.007298 1.684416
-0.102374 -0.004608 1.681692
-0.099654 0.002468 1.676923
-0.090104 -0.007104 1.677928
-0.079428 0.026082 1.660570
-0.082644 0.028496 1.661218
-0.079146 0.026541 1.662056
-0.075997 0.057179 1.666525
-0.071518 0.068836 1.657600
-0.082237 0.071457 1.653817
-0.084629 0.072115 1.654835
-0.081986 0.080451 1.656022
-0.079337 0.088221 1.656349
-0.076095 0.096258 1.655573
-0.074570 0.095411 1.654523
-0.077507 0.087742 1.655210
-0.065981 0.084188 1.658128
-0.062981 0.091126 1.656863
-0.070141 0.107358 1.651460
-0.068939 0.105795 1.650467
-0.061258 0.096542 1.653966
-0.059630 0.101486 1.651244
-0.000000 0.164773 1.687892
-0.051065 0.137677 1.635138
-0.059744 0.124373 1.642421
-0.065334 0.115404 1.647217
-0.049748 0.136227 1.633873
-0.064251 0.113812 1.646241
-0.052433 0.120719 1.641420
-0.046601 0.133822 1.634700
-0.056298 0.110715 1.646458
-0.036291 0.157381 1.640616
-0.041237 0.151412 1.630398
-0.043156 0.150495 1.630911
-0.043274 0.149176 1.628768
-0.040350 0.148779 1.627263
-0.041984 0.147657 1.627525
-0.021685 0.173701 1.671549
-0.020175 0.173967 1.669101
-0.000000 0.174599 1.673064
-0.013610 0.174455 1.670037
-0.013923 0.174393 1.672496
-0.000000 0.174757 1.670465
-0.021615 0.172490 1.666612
-0.023139 0.171757 1.665260
-0.034645 0.156942 1.639688
-0.029889 0.163321 1.650826
-0.026125 0.168436 1.659600
-0.038586 0.150287 1.628561
-0.038150 0.149201 1.627403
-0.037747 0.145415 1.629236
-0.041568 0.144164 1.629262
-0.038586 0.150287 1.628561
-0.025032 0.173178 1.656856
-0.026125 0.168436 1.659600
-0.028449 0.167647 1.648086
-0.029889 0.163321 1.650826
-0.019440 0.172840 1.667299
-0.021615 0.172490 1.666612
-0.000000 0.176582 1.665339
-0.013394 0.173075 1.668053
-0.000000 0.173154 1.668184
-0.032616 0.150654 1.618871
-0.034304 0.150091 1.620455
-0.038150 0.149201 1.627403
-0.037810 0.146410 1.625965
-0.036762 0.147174 1.624820
-0.036762 0.147174 1.624820
-0.039049 0.146179 1.625579
-0.033649 0.149208 1.616386
-0.032616 0.150654 1.618871
-0.034304 0.150091 1.620455
-0.031441 0.154796 1.621108
-0.029316 0.151289 1.617139
-0.031490 0.150341 1.613212
-0.032102 0.157505 1.624630
-0.032171 0.156421 1.623114
-0.020519 0.176647 1.658170
-0.025457 0.168978 1.644594
-0.029284 0.162447 1.633560
-0.019174 0.177310 1.659407
-0.013079 0.177613 1.660920
-0.000000 0.177459 1.661591
-0.072353 0.053222 1.655212
-0.076911 0.041302 1.652614
-0.075985 0.040853 1.654457
-0.074221 0.053477 1.652692
-0.069619 0.065592 1.653402
-0.060095 0.096734 1.644356
-0.064499 0.087824 1.645610
-0.067441 0.077888 1.648726
-0.065833 0.077817 1.650584
-0.052389 0.118539 1.635570
-0.048077 0.130441 1.630139
-0.056218 0.108476 1.639871
-0.044059 0.138805 1.625800
-0.058482 0.116059 1.623236
-0.055096 0.126758 1.618491
-0.078725 0.031278 1.652133
-0.078513 0.030976 1.652916
-0.052485 0.131981 1.615494
-0.047058 0.117626 1.610417
-0.055561 0.094166 1.619591
-0.059598 0.078000 1.623831
-0.063674 0.061954 1.628065
-0.068455 0.040415 1.633756
-0.044508 0.118192 1.607804
-0.017911 0.180010 1.659563
-0.023020 0.176740 1.653268
-0.021109 0.179205 1.657636
-0.019642 0.179805 1.658903
-0.030255 0.164738 1.632814
-0.033185 0.159546 1.623718
-0.032669 0.156745 1.619706
-0.033401 0.158273 1.621623
-0.029034 0.151991 1.614565
-0.018754 0.181580 1.656290
-0.017323 0.182052 1.656959
-0.012563 0.182204 1.657792
-0.000000 0.182286 1.658146
-0.025977 0.169166 1.629859
-0.028700 0.163968 1.618271
-0.028986 0.163107 1.616265
-0.028340 0.162069 1.614511
-0.026823 0.159765 1.611684
-0.024949 0.153788 1.611095
-0.000000 0.181702 1.654468
-0.015837 0.181386 1.653320
-0.016197 0.180593 1.651754
-0.013652 0.178374 1.652193
-0.014203 0.178219 1.651858
-0.014594 0.178011 1.651193
-0.011777 0.178487 1.652460
-0.000000 0.178533 1.652546
-0.015262 0.175902 1.647012
-0.015158 0.175340 1.645821
-0.012624 0.179973 1.650872
-0.013696 0.178179 1.646997
-0.013293 0.177825 1.646100
-0.011658 0.180074 1.650899
-0.000000 0.180051 1.651066
-0.012221 0.173781 1.642125
-0.010439 0.176500 1.643044
-0.009987 0.176072 1.641946
-0.011831 0.173389 1.641118
-0.013879 0.174946 1.639921
-0.014557 0.172335 1.633915
-0.012969 0.169819 1.633289
-0.011503 0.171874 1.632538
-0.013621 0.169200 1.631940
-0.012190 0.171139 1.630726
-0.016736 0.168858 1.626068
-0.018260 0.166980 1.627074
-0.016177 0.169401 1.627218
-0.017718 0.167510 1.628172
-0.019992 0.169853 1.628302
-0.019155 0.170461 1.629571
-0.020284 0.162003 1.615775
-0.000000 0.176223 1.642174
-0.000000 0.172165 1.632705
-0.000000 0.168363 1.624227
-0.000000 0.164286 1.615247
-0.010922 0.162026 1.611737
-0.000000 0.162668 1.612124
-0.018669 0.163477 1.614195
-0.020294 0.161192 1.614372
-0.017087 0.161393 1.611470
-0.018503 0.159139 1.611498
-0.009908 0.156055 1.611036
-0.000000 0.156444 1.611641
-0.015654 0.155619 1.610465
-0.020121 0.154494 1.610673
-0.017925 0.155668 1.611585
-0.015654 0.155619 1.610465
-0.020121 0.154494 1.610673
-0.024949 0.153788 1.611095
-0.020315 0.153766 1.607580
-0.026499 0.152426 1.608351
-0.015495 0.154336 1.607650
-0.009908 0.156055 1.611036
-0.009136 0.154741 1.608000
-0.000000 0.156444 1.611641
-0.000000 0.155116 1.608327
-0.029034 0.151991 1.614565
-0.000000 0.149232 1.606781
-0.006467 0.149200 1.604176
-0.008677 0.147907 1.608835
-0.000000 0.149370 1.604259
-0.009762 0.148077 1.604826
-0.007270 0.139811 1.598527
-0.006899 0.137995 1.602568
-0.009686 0.147133 1.609066
-0.009686 0.147133 1.609066
-0.008677 0.147907 1.608835
-0.002425 0.129649 1.594254
-0.000000 0.132028 1.591640
-0.002878 0.131773 1.591732
-0.004470 0.129418 1.595197
-0.004575 0.131491 1.592351
-0.042957 0.141239 1.623166
-0.028986 0.116574 1.593485
-0.027676 0.116401 1.592782
-0.027368 0.115658 1.593471
-0.015835 0.115956 1.590609
-0.015636 0.115251 1.591202
-0.005034 0.116036 1.589337
-0.004991 0.115047 1.590051
-0.000000 0.115987 1.589202
-0.000000 0.115047 1.589866
-0.054494 0.093823 1.619398
-0.058349 0.077605 1.623631
-0.048217 0.114541 1.612622
-0.046241 0.116460 1.610593
-0.038542 0.117770 1.601946
-0.006529 0.131740 1.593067
-0.017191 0.131388 1.593385
-0.007395 0.132446 1.593106
-0.008948 0.138877 1.598384
-0.009594 0.138952 1.597984
-0.027067 0.131792 1.593457
-0.026970 0.131029 1.593509
-0.027822 0.131858 1.593771
-0.032586 0.142844 1.607462
-0.006899 0.137995 1.602568
-0.015393 0.128938 1.595549
-0.004470 0.129418 1.595197
-0.026849 0.128414 1.596489
-0.034855 0.130144 1.605858
-0.034259 0.136997 1.607656
-0.032594 0.143666 1.609695
-0.035216 0.130680 1.606444
-0.052117 0.132269 1.615123
-0.035223 0.138088 1.606504
-0.037484 0.131933 1.603418
-0.035817 0.138351 1.606500
-0.016239 0.128756 1.591794
-0.027494 0.128734 1.593233
-0.027694 0.128290 1.592778
-0.028842 0.128489 1.593440
-0.028562 0.128914 1.593860
-0.036505 0.130786 1.601733
-0.037503 0.131426 1.603024
-0.004292 0.129813 1.591588
-0.000000 0.130104 1.591407
-0.000000 0.129568 1.590853
-0.002425 0.129649 1.594254
-0.000000 0.129807 1.593958
-0.032845 0.144151 1.609428
-0.033082 0.144832 1.610044
-0.032377 0.144462 1.611273
-0.102281 -0.013632 1.684928
-0.102216 -0.036304 1.688247
-0.099164 -0.054351 1.691765
-0.066432 -0.084241 1.674419
-0.075692 -0.071683 1.670519
-0.055783 -0.093602 1.674543
-0.051161 -0.096410 1.673953
-0.046536 -0.098362 1.673225
-0.046519 -0.098571 1.672649
-0.046815 -0.091302 1.679561
-0.042648 -0.095472 1.676773
-0.037802 -0.095828 1.670462
-0.033318 -0.095943 1.662172
-0.107268 0.043143 1.763971
-0.103058 -0.011921 1.689061
-0.101319 -0.010232 1.694031
-0.099551 -0.011702 1.690340
-0.097742 -0.012338 1.687398
-0.095330 -0.010909 1.683803
-0.089398 -0.007340 1.678972
-0.077444 0.031015 1.652711
-0.078331 0.029734 1.652885
-0.023788 -0.106973 1.661070
-0.016735 -0.106021 1.656290
-0.009137 -0.104753 1.652379
-0.000000 -0.102488 1.650223
-0.000000 -0.104171 1.650758
-0.019675 -0.095990 1.650168
-0.027763 -0.095863 1.654292
-0.009565 -0.101248 1.649421
-0.000000 -0.100551 1.649030
-0.000000 -0.101375 1.649197
-0.009387 -0.096091 1.648723
-0.030309 -0.095825 1.656638
-0.020444 -0.094160 1.645182
-0.010130 -0.094803 1.642954
-0.000000 -0.094813 1.642213
-0.000000 -0.095900 1.648683
-0.028782 -0.093465 1.647985
-0.028782 -0.093465 1.647985
-0.010078 -0.093152 1.642089
-0.000000 -0.093174 1.641122
-0.028150 -0.091372 1.647346
-0.028150 -0.091372 1.647346
-0.027187 -0.085092 1.650403
-0.027187 -0.085092 1.650403
-0.009818 -0.086030 1.644845
-0.000000 -0.085996 1.643519
-0.025503 0.115575 1.596270
-0.027136 0.115755 1.597638
-0.005972 0.114516 1.593897
-0.000000 0.114244 1.593891
-0.049515 0.109621 1.615249
-0.047146 0.114492 1.612923
-0.044905 0.116468 1.611031
-0.036484 0.116729 1.605059
-0.053188 0.093955 1.620010
-0.056605 0.078331 1.624588
-0.067330 0.040313 1.633722
-0.062518 0.061772 1.627796
-0.060049 0.062090 1.629307
-0.064886 0.040445 1.635717
-0.062049 0.036097 1.630796
-0.060370 0.034717 1.630601
-0.039985 0.060240 1.613933
-0.038541 0.057823 1.613627
-0.050068 0.047968 1.621494
-0.025042 0.067864 1.605673
-0.024556 0.065860 1.606165
-0.011117 0.070047 1.602568
-0.000000 0.073661 1.600582
-0.000000 0.071074 1.601792
-0.011618 0.072190 1.601682
-0.000000 0.082445 1.601758
-0.000000 0.091708 1.600963
-0.000000 0.070392 1.609335
-0.047140 0.034147 1.643517
-0.037498 0.045424 1.634509
-0.027363 0.053923 1.627983
-0.008818 0.063445 1.622395
-0.000000 0.064877 1.621630
-0.064305 -0.001321 1.657265
-0.059730 0.012843 1.654219
-0.066809 -0.024394 1.663601
-0.063136 -0.048133 1.666305
-0.065292 -0.037111 1.665317
-0.046181 -0.071051 1.664886
-0.058851 -0.057636 1.666771
-0.038965 -0.075477 1.663321
-0.031521 -0.078131 1.661203
-0.008592 -0.079963 1.655781
-0.017195 -0.079804 1.657730
-0.024911 -0.079706 1.659666
-0.024911 -0.079706 1.659666
-0.052971 0.026088 1.648859
-0.047140 0.034147 1.643517
-0.037498 0.045424 1.634509
-0.027363 0.053923 1.627983
-0.017891 0.059479 1.624540
-0.008818 0.063445 1.622395
-0.066151 -0.011519 1.659916
-0.064305 -0.001321 1.657265
-0.059730 0.012843 1.654219
-0.063136 -0.048133 1.666305
-0.046181 -0.071051 1.664886
-0.058851 -0.057636 1.666771
-0.031521 -0.078131 1.661203
-0.038965 -0.075477 1.663321
-0.000000 -0.080082 1.654899
-0.008592 -0.079963 1.655781
-0.010688 -0.117762 1.701629
-0.004923 -0.117024 1.704751
-0.004673 -0.118359 1.703757
-0.000000 -0.117037 1.705126
-0.000000 -0.118490 1.704237
-0.009044 -0.118586 1.698681
-0.000000 -0.119075 1.700899
-0.010171 -0.120046 1.700284
-0.008999 -0.119769 1.698037
-0.003452 -0.120179 1.699954
-0.000000 -0.120300 1.700226
-0.021365 -0.114520 1.688854
-0.018205 -0.118155 1.693595
-0.020845 -0.116806 1.688061
-0.013648 -0.119501 1.698382
-0.018645 -0.115033 1.687750
-0.018240 -0.116665 1.687184
-0.019195 -0.114311 1.685126
-0.018832 -0.115925 1.684486
-0.019459 -0.113536 1.682350
-0.019074 -0.115197 1.681851
-0.022135 -0.113296 1.685808
-0.022421 -0.112392 1.682644
-0.022796 -0.111440 1.685697
-0.022705 -0.109747 1.679856
-0.021427 -0.114170 1.678250
-0.019999 -0.112887 1.673673
-0.020760 -0.108105 1.674092
-0.010266 -0.109991 1.663417
-0.009046 -0.109382 1.665790
-0.008957 -0.110634 1.665706
-0.010614 -0.106601 1.663636
-0.005461 -0.110273 1.664418
-0.005583 -0.108998 1.664416
-0.000000 -0.108528 1.663624
-0.000000 -0.105824 1.661047
-0.017031 -0.108218 1.668290
-0.000000 -0.121177 1.709755
-0.000000 -0.120560 1.708685
-0.000000 -0.106553 1.656775
-0.033353 0.144631 1.609625
-0.044822 0.142858 1.619903
-0.045108 0.142700 1.619543
-0.039394 0.143326 1.614060
-0.045118 0.142605 1.620158
-0.036176 0.144022 1.611453
-0.040711 0.141631 1.620794
-0.034399 0.144208 1.612679
-0.042685 0.141270 1.622889
-0.081844 0.032292 1.654062
-0.082283 0.032228 1.654610
-0.079494 0.041391 1.655004
-0.075492 0.054081 1.655475
-0.071771 0.066180 1.653633
-0.067847 0.078465 1.650894
-0.068195 0.078682 1.651358
-0.064728 0.088669 1.648373
-0.061506 0.097353 1.645085
-0.057436 0.108881 1.640579
-0.048643 0.131534 1.630594
-0.044838 0.140089 1.626162
-0.048537 0.130993 1.630200
-0.042986 0.142194 1.623314
-0.053541 0.119148 1.636183
-0.053235 0.118874 1.635717
-0.030016 0.147467 1.607028
-0.032867 0.146778 1.609887
-0.034956 0.145852 1.612421
-0.037498 0.144817 1.615667
-0.041151 0.143200 1.620556
-0.027291 0.148479 1.605958
-0.018215 0.149616 1.605475
-0.008633 0.150616 1.605796
-0.008621 0.150012 1.605935
-0.000000 0.150704 1.606085
-0.000000 0.150086 1.606139
-0.000000 0.149232 1.606781
-0.000000 -0.121554 1.733356
-0.024391 -0.144254 1.734344
-0.041225 -0.139069 1.734387
-0.055828 -0.131887 1.734214
-0.071005 -0.120720 1.733930
-0.084755 -0.107694 1.733882
-0.097973 -0.090102 1.733984
-0.115873 -0.048968 1.734452
-0.119459 -0.028631 1.734525
-0.120529 -0.006596 1.734070
-0.118027 0.015142 1.732014
-0.066365 -0.111324 1.732547
-0.072913 -0.107042 1.732425
-0.068793 -0.107456 1.734825
-0.068856 -0.103595 1.732571
-0.070387 -0.105992 1.734363
-0.065136 -0.106509 1.732955
-0.066486 -0.108533 1.734503
-0.062357 -0.097413 1.725763
-0.066141 -0.099321 1.729171
-0.062809 -0.103051 1.729805
-0.062574 -0.105055 1.734501
0.005383 -0.118738 1.694387
-0.000000 -0.119029 1.695417
0.004393 -0.114413 1.693123
-0.000000 -0.108410 1.671871
-0.000000 -0.109288 1.674980
0.008117 -0.113736 1.690729
0.005832 -0.109945 1.677305
0.012997 -0.116668 1.687060
0.010605 -0.112724 1.687144
0.007619 -0.110672 1.679879
0.010605 -0.110335 1.678689
0.014068 -0.115205 1.681879
0.011479 -0.111529 1.682916
0.008247 -0.111529 1.682916
0.007619 -0.112388 1.685954
0.005832 -0.113115 1.688530
0.003156 -0.113601 1.690249
-0.000000 -0.111381 1.668341
-0.000000 -0.113772 1.690853
-0.000000 -0.119524 1.697168
-0.000000 -0.116265 1.687901
-0.000000 -0.114611 1.682046
0.004302 -0.115781 1.686187
0.005620 -0.115244 1.684287
0.005620 -0.113979 1.679806
0.004301 -0.113442 1.677906
0.002327 -0.113083 1.676637
-0.000000 -0.112958 1.676192
0.121003 0.013273 1.774463
0.119434 0.015471 1.777091
0.119819 0.014746 1.774273
0.118920 0.017174 1.779424
0.118346 0.019665 1.780867
0.117839 0.022550 1.781296
0.117673 0.030812 1.776802
0.117382 0.027865 1.778875
0.117392 0.029383 1.776292
0.117709 0.029024 1.779905
0.117575 0.029829 1.773324
0.117525 0.025435 1.780588
0.118020 0.026176 1.782054
0.117955 0.029045 1.770461
0.118428 0.027260 1.768110
0.118892 0.024702 1.766677
0.119718 0.018990 1.767075
0.121174 0.015518 1.767423
0.119973 0.016656 1.768836
0.121227 0.013817 1.770930
0.120002 0.015191 1.771379
0.114055 0.024907 1.778002
0.114681 0.020709 1.779125
0.115536 0.017003 1.776941
0.116106 0.015951 1.772722
0.116055 0.018169 1.768940
0.114578 0.026074 1.769990
0.114011 0.027132 1.774216
0.039300 0.178505 1.779976
0.039757 0.180726 1.782907
0.028606 0.182201 1.784395
0.039459 0.181803 1.778143
0.028389 0.181184 1.781979
0.039300 0.178505 1.779976
0.014038 0.186411 1.779925
-0.000000 0.186696 1.782493
0.027910 0.184594 1.778287
0.041088 0.181578 1.775255
0.041378 0.180986 1.777600
0.043843 0.177627 1.782794
0.043339 0.175904 1.779987
0.014113 0.183478 1.785885
-0.000000 0.183866 1.786600
-0.000000 0.183536 1.784451
0.049420 0.067549 1.852273
0.049184 0.048643 1.857440
-0.000000 0.070312 1.857737
-0.000000 0.088167 1.851739
0.049081 0.084676 1.846467
-0.000000 0.157417 1.813599
-0.000000 0.172127 1.800195
0.043086 0.169455 1.796011
0.045407 0.155068 1.808740
-0.000000 0.123337 1.835972
0.048498 0.118960 1.831436
0.048986 0.101396 1.839604
-0.000000 0.140671 1.825564
0.047125 0.138250 1.820566
0.048100 0.026277 1.860945
-0.000000 -0.032762 1.866306
-0.000000 -0.011991 1.868904
0.045739 0.005758 1.861964
-0.000000 0.008898 1.869211
-0.000000 -0.053121 1.861246
0.034378 -0.076513 1.840940
0.041548 -0.069606 1.842676
0.051971 -0.057396 1.843657
0.060605 -0.041805 1.844134
0.068762 -0.021896 1.844267
0.074717 -0.000740 1.841009
0.077868 0.020273 1.839337
0.078909 0.040826 1.836230
0.078284 0.059998 1.834297
0.077890 0.059218 1.831361
0.072605 0.096259 1.822350
0.075588 0.078835 1.828698
0.072588 0.095256 1.819156
0.063253 0.132083 1.807506
0.067313 0.113656 1.811132
0.057076 0.148426 1.799091
0.049487 0.165940 1.789704
0.061811 0.130923 1.802449
0.069878 0.116280 1.805481
0.065229 0.130182 1.798944
0.067313 0.113656 1.811132
0.066881 0.140543 1.793796
0.070180 0.131023 1.797763
0.074639 0.116401 1.804585
0.067866 0.112061 1.811713
0.067866 0.112061 1.811713
0.075874 0.095662 1.818884
0.055833 0.148206 1.794516
0.046047 0.177353 1.777734
0.046020 0.176684 1.779481
0.049613 0.163964 1.786328
0.043339 0.175904 1.779987
0.042017 0.177548 1.778662
0.042017 0.177548 1.778662
0.039300 0.178505 1.779976
0.044719 0.176277 1.775820
0.056024 0.168809 1.759453
0.051245 0.173605 1.767995
0.049298 0.174862 1.766811
0.060715 0.163544 1.753000
0.063187 0.161552 1.752760
-0.000000 0.166049 1.753386
0.042559 0.164923 1.753613
0.044741 0.178909 1.774304
0.043721 0.179575 1.772684
0.057586 0.166536 1.761339
0.063395 0.160159 1.753568
0.063395 0.160159 1.753568
0.057586 0.166536 1.761339
0.051258 0.171735 1.769092
0.060792 0.167038 1.764167
0.053902 0.172682 1.772057
0.074152 0.145542 1.754812
0.080951 0.130523 1.756202
0.092140 0.099966 1.758877
0.079001 0.077554 1.825473
0.075033 0.077969 1.825460
0.077890 0.059218 1.831361
0.078909 0.040826 1.836230
0.077868 0.020273 1.839337
0.074717 -0.000740 1.841009
0.060475 -0.042208 1.841882
0.068538 -0.022131 1.841642
0.034495 -0.076931 1.839993
0.013717 -0.071630 1.852987
-0.000000 -0.071792 1.854174
0.015805 -0.072012 1.852406
-0.000000 -0.072713 1.852767
0.014941 -0.072823 1.851186
0.020230 -0.083755 1.839306
0.021391 -0.083778 1.839294
0.014624 -0.075214 1.840366
0.013261 -0.075171 1.840359
-0.000000 -0.075265 1.840340
-0.000000 -0.075265 1.840340
0.013179 -0.083552 1.839398
0.013261 -0.075171 1.840359
-0.000000 -0.083568 1.839393
0.015603 -0.075849 1.840152
0.020230 -0.083755 1.839306
0.031273 -0.079383 1.839770
0.028415 -0.080923 1.839714
0.098577 0.080363 1.760639
0.108014 0.038294 1.776784
0.107777 0.042690 1.764333
0.108206 0.024309 1.786720
0.104419 -0.020261 1.790666
0.107739 0.000633 1.789313
0.068650 -0.091677 1.794009
0.055248 -0.104022 1.794221
0.032938 -0.111849 1.811018
0.032803 -0.115883 1.796975
0.044343 -0.111286 1.794200
0.031122 -0.097053 1.829416
0.025570 -0.107044 1.821613
0.025055 -0.101816 1.826386
0.030231 -0.084337 1.838958
0.031273 -0.079383 1.839770
0.029360 -0.083710 1.839301
0.021391 -0.083778 1.839294
0.020582 -0.086069 1.842081
0.021391 -0.083778 1.839294
0.012843 -0.086732 1.843241
-0.000000 -0.087033 1.843992
0.020935 -0.087689 1.842146
-0.000000 -0.088811 1.844131
0.030231 -0.084337 1.838958
0.029868 -0.085049 1.839680
0.029360 -0.083710 1.839301
0.029101 -0.085888 1.840274
0.030740 -0.097299 1.830443
0.031122 -0.097053 1.829416
0.025231 -0.102614 1.827672
0.024644 -0.102900 1.829016
0.025055 -0.101816 1.826386
0.025372 -0.107752 1.822779
0.025570 -0.107044 1.821613
0.025744 -0.111947 1.816906
0.025588 -0.110560 1.816167
0.024678 -0.113638 1.816643
0.032091 -0.113404 1.810538
0.032271 -0.112326 1.810690
0.032817 -0.118086 1.797934
0.032308 -0.118892 1.799259
0.032803 -0.115883 1.796975
-0.000000 -0.118718 1.813199
0.011056 -0.122841 1.801633
-0.000000 -0.123422 1.802072
-0.000000 -0.122279 1.799949
0.010654 -0.121410 1.799358
0.021967 -0.119386 1.798173
0.029852 -0.117574 1.797107
0.031077 -0.117115 1.795530
0.006016 -0.145770 1.749991
-0.000000 -0.148117 1.748618
-0.000000 -0.146130 1.749792
0.007620 -0.145294 1.750464
0.009345 -0.147737 1.749500
0.013027 -0.144869 1.760556
0.010660 -0.142556 1.760083
0.012983 -0.139318 1.767588
0.022237 -0.137576 1.768780
0.020465 -0.135237 1.767061
0.021298 -0.138116 1.768089
0.021140 -0.134293 1.767399
0.023274 -0.141226 1.766673
-0.000000 -0.144647 1.750007
0.005946 -0.143954 1.749960
0.007203 -0.143217 1.750114
0.010161 -0.140563 1.759264
0.012964 -0.136532 1.767561
0.015710 -0.142177 1.767480
0.014293 -0.135969 1.767302
0.025720 -0.135353 1.773086
0.023801 -0.133339 1.772024
0.024723 -0.132678 1.772323
0.034918 -0.132652 1.773670
0.032806 -0.127379 1.772028
0.034579 -0.128018 1.773818
0.041336 -0.125307 1.783818
0.039351 -0.122044 1.783289
0.043756 -0.126337 1.783435
0.046518 -0.118633 1.794170
0.049282 -0.119284 1.794012
0.048116 -0.117215 1.795560
0.044343 -0.111286 1.794200
0.055248 -0.104022 1.794221
0.060194 -0.111385 1.793912
0.074724 -0.097123 1.793383
0.084896 -0.080304 1.794659
0.072715 -0.095111 1.795091
0.087310 -0.081537 1.793079
0.110750 -0.021545 1.792934
0.113716 -0.022275 1.791476
0.098475 -0.063374 1.793404
0.068650 -0.091677 1.794009
0.080755 -0.076158 1.793197
0.090582 -0.059204 1.793005
0.098752 -0.040435 1.792108
0.104419 -0.020261 1.790666
0.107739 0.000633 1.789313
0.113447 0.000986 1.790923
0.116641 0.000437 1.789519
0.113216 0.013334 1.789554
0.107956 0.032531 1.783811
0.108206 0.024309 1.786720
0.112832 0.023511 1.788085
0.108014 0.038294 1.776784
0.107777 0.042690 1.764333
0.108466 0.013117 1.787884
0.121401 0.016533 1.736120
0.123687 -0.006395 1.738251
0.113464 0.037566 1.732087
0.106952 0.038942 1.715070
0.109693 0.036376 1.716656
0.110026 0.033541 1.717627
0.107339 0.041848 1.752345
0.105459 0.040981 1.713880
0.100454 -0.090957 1.738670
0.111021 -0.070763 1.738444
0.118517 -0.049581 1.738304
0.122545 -0.028775 1.738600
0.056285 -0.134841 1.738740
0.041406 -0.141981 1.738952
0.024799 -0.146899 1.738858
-0.000000 -0.149441 1.738672
0.009128 -0.149011 1.738902
-0.000000 -0.148250 1.737668
0.114027 0.030367 1.726897
0.116947 0.025573 1.731207
0.110240 0.032130 1.717596
0.063344 -0.108001 1.732386
0.050086 -0.113581 1.732066
0.061827 -0.106170 1.733921
0.049545 -0.111635 1.734624
0.036170 -0.115883 1.734624
0.021236 -0.118883 1.734624
0.005794 -0.119937 1.734624
0.005954 -0.121414 1.733343
-0.000000 -0.146325 1.734338
0.109553 -0.006463 1.733297
0.104356 -0.026871 1.739201
0.108110 -0.027348 1.733434
0.102305 -0.045641 1.734900
0.104927 -0.046227 1.732802
0.098307 -0.065625 1.732538
0.084840 -0.083392 1.734972
0.087102 -0.085422 1.731788
0.108766 0.013923 1.731058
0.107513 0.023255 1.727916
0.104479 0.026264 1.728133
0.110558 0.027210 1.728636
0.113964 0.027325 1.729829
0.111245 0.027935 1.728207
0.111036 0.022489 1.721712
0.110558 0.027210 1.728636
0.110240 0.032130 1.717596
0.111207 0.030702 1.724691
0.110992 0.013354 1.707537
0.111547 0.014720 1.706311
0.105069 0.021751 1.721857
0.106072 0.011799 1.707939
0.104479 0.026264 1.728133
0.110547 0.021027 1.701210
0.107025 -0.006176 1.736151
0.104356 -0.026871 1.739201
0.107639 0.000763 1.710443
0.107684 -0.001403 1.709822
0.084840 -0.083392 1.734972
0.070945 -0.099045 1.735304
0.069258 -0.100611 1.734700
0.068979 -0.098975 1.720014
0.106846 -0.001152 1.709309
0.106080 -0.008613 1.698047
0.098731 0.010834 1.707785
0.100781 -0.000305 1.710255
0.101633 -0.001447 1.709383
0.105092 -0.010701 1.693411
0.104188 -0.010415 1.692976
0.068880 -0.096831 1.707040
0.068157 -0.095439 1.703285
0.068320 -0.091432 1.686113
0.075961 -0.086711 1.683358
0.085959 -0.073546 1.677027
0.092661 -0.054800 1.688820
0.092716 -0.037037 1.684598
0.091391 -0.021282 1.680791
0.090052 -0.007485 1.677378
0.090162 -0.008939 1.656246
0.074676 -0.070276 1.672204
0.084897 -0.073510 1.675779
0.081702 -0.058193 1.667470
0.090264 -0.059797 1.670511
0.091720 -0.041383 1.664652
0.090808 -0.024703 1.659580
0.089325 -0.009149 1.654723
0.060209 -0.082672 1.679803
0.061828 -0.092740 1.706288
0.062457 -0.096670 1.720204
0.060060 -0.084083 1.680782
0.061468 -0.088334 1.687014
0.061828 -0.092740 1.706288
0.062457 -0.096670 1.720204
0.061549 -0.092427 1.687202
0.061413 -0.091453 1.684575
0.061827 -0.106170 1.733921
0.062574 -0.105055 1.734501
0.062767 -0.102806 1.717536
0.061817 -0.098983 1.704282
0.059368 -0.083767 1.679696
0.036170 -0.115883 1.734624
0.049545 -0.111635 1.734624
0.021236 -0.118883 1.734624
0.005794 -0.119937 1.734624
-0.000000 -0.120097 1.734624
0.004524 -0.119665 1.729444
-0.000000 -0.119884 1.729827
0.006404 -0.121890 1.714059
0.006988 -0.119172 1.716983
-0.000000 -0.122063 1.714545
0.021754 -0.116997 1.709647
0.020663 -0.119862 1.707199
0.025752 -0.118744 1.701576
0.031156 -0.113556 1.697923
0.027362 -0.115279 1.703716
0.031020 -0.116202 1.694790
0.044096 -0.107749 1.698719
0.072915 -0.100550 1.731973
0.069258 -0.100611 1.734700
0.070945 -0.099045 1.735304
0.070403 -0.102973 1.732337
0.032903 -0.114550 1.688285
0.033443 -0.109257 1.687573
0.049169 -0.098588 1.682320
0.043075 -0.100437 1.677108
0.033276 -0.107221 1.678651
0.032432 -0.111953 1.677727
0.030425 -0.109550 1.669965
0.042648 -0.095472 1.676773
0.046815 -0.091302 1.679561
0.052854 -0.087944 1.680498
0.081787 -0.058345 1.666887
0.046121 -0.089173 1.650597
0.035490 -0.090767 1.648401
0.035693 -0.092682 1.649050
0.036223 -0.097971 1.655730
0.055241 -0.083543 1.651880
0.063296 -0.076352 1.652841
0.070394 -0.067074 1.653519
0.076505 -0.055651 1.653451
0.079667 -0.042761 1.652326
0.080606 -0.026645 1.650478
0.080300 -0.012077 1.647851
0.075670 0.034668 1.643872
0.078498 0.027242 1.644380
0.075565 0.034338 1.642527
0.078932 0.027582 1.645662
0.087244 0.005621 1.651684
0.086757 0.005086 1.650720
0.081430 0.020146 1.646235
0.068650 0.030153 1.637497
0.066919 0.028328 1.634753
0.073132 0.015224 1.639498
0.078265 -0.000186 1.644736
0.064894 0.027156 1.634479
0.082864 0.017029 1.666742
0.085678 0.007476 1.671605
0.101727 -0.013554 1.684138
0.096922 -0.011055 1.681478
0.101619 -0.012938 1.684741
0.073567 0.144839 1.753862
0.080290 0.130241 1.755326
0.085934 0.115441 1.756675
0.091375 0.099446 1.758062
0.097829 0.080127 1.760065
0.104095 0.059628 1.762443
0.107268 0.043143 1.763971
0.084359 0.093888 1.758409
0.075739 0.108531 1.756979
0.066687 0.122441 1.755642
0.058786 0.134091 1.754662
0.016517 0.163579 1.752969
-0.000000 0.163748 1.753017
0.029624 0.162900 1.752972
0.042184 0.162233 1.752843
0.027801 0.165433 1.753525
0.062685 0.161042 1.752654
0.063036 0.159865 1.753228
0.053106 0.161592 1.752696
0.052232 0.164203 1.753217
0.064875 0.158484 1.752334
0.063036 0.159865 1.753228
0.053822 0.141641 1.753925
-0.000000 0.160943 1.754486
0.016367 0.160835 1.754411
-0.000000 0.158186 1.752256
0.016493 0.158373 1.752285
0.061761 0.158091 1.752248
0.052745 0.160141 1.753482
0.062203 0.159865 1.753222
0.041957 0.160456 1.753796
0.029435 0.160639 1.754121
0.016367 0.160835 1.754411
-0.000000 0.160943 1.754486
0.063036 0.159865 1.753228
0.064875 0.158484 1.752334
0.016933 0.152857 1.752752
-0.000000 0.152818 1.752587
0.016933 0.152857 1.752752
0.021118 0.153227 1.743941
0.025056 0.153342 1.746040
0.029567 0.153032 1.752710
0.023314 0.153415 1.744462
0.023203 0.157388 1.744283
0.025160 0.157289 1.745934
0.014928 0.158000 1.743201
-0.000000 0.158421 1.742920
0.028614 0.158330 1.752277
0.029982 0.158417 1.752294
0.029487 0.157179 1.752213
0.029567 0.153032 1.752710
0.023643 0.158555 1.743244
0.025929 0.158379 1.745092
0.029982 0.158417 1.752294
0.021094 0.158688 1.741829
0.024483 0.158398 1.742532
0.027148 0.158375 1.744125
0.032251 0.158360 1.752283
0.033608 0.158289 1.752270
0.041581 0.158519 1.752319
0.033527 0.156263 1.752351
0.025225 0.156644 1.741719
0.021320 0.157240 1.740429
0.033527 0.156263 1.752351
0.042454 0.156042 1.752418
0.042454 0.156042 1.752418
0.045373 0.154713 1.752555
0.048904 0.149777 1.753080
0.053822 0.141641 1.753925
0.014706 0.159028 1.741025
-0.000000 0.159668 1.741909
-0.000000 0.159693 1.740651
0.015050 0.157778 1.739688
-0.000000 0.158356 1.739252
-0.000000 0.160162 1.718781
-0.000000 0.161256 1.708423
0.035742 0.158932 1.716595
0.035243 0.159564 1.709752
0.038724 0.155944 1.703998
0.036367 0.158962 1.706001
0.044162 0.155067 1.750028
0.041736 0.155885 1.740989
0.037387 0.157958 1.719982
0.039575 0.156684 1.730733
0.037505 0.156925 1.718070
0.037360 0.158042 1.717603
0.038499 0.156983 1.716472
0.049107 0.141411 1.721464
0.048791 0.141053 1.722432
0.036839 0.143934 1.719378
0.036785 0.144277 1.720346
0.046634 0.133840 1.724225
0.040369 0.142471 1.738310
0.038578 0.143569 1.729147
0.053513 0.141148 1.752592
0.048622 0.134797 1.749824
0.058531 0.133592 1.752939
0.054479 0.128457 1.750202
0.066486 0.122174 1.753540
0.081111 0.098545 1.754050
0.073131 0.106208 1.751631
0.078698 0.098692 1.752123
0.079497 0.097535 1.751293
0.081627 0.096501 1.751523
0.080599 0.097361 1.748963
0.079177 0.097632 1.750220
0.073328 0.104978 1.746182
0.075739 0.108531 1.756979
0.084359 0.093888 1.758409
0.058786 0.134091 1.754662
0.053822 0.141641 1.753925
0.048904 0.149777 1.753080
0.045373 0.154713 1.752555
0.069719 0.113911 1.741403
0.067103 0.115782 1.738934
0.068361 0.115674 1.740022
0.067594 0.115915 1.740639
0.068347 0.114868 1.737236
0.069389 0.112929 1.736316
0.073568 0.103214 1.732377
0.074252 0.103920 1.733358
0.066293 0.110401 1.733996
0.064414 0.114677 1.739007
0.072289 0.102149 1.730513
0.064995 0.114265 1.741639
0.079282 0.093987 1.730597
0.093005 0.077335 1.760240
0.061821 0.115080 1.720129
0.070842 0.106925 1.714189
0.063921 0.118172 1.717609
0.051437 0.137064 1.722844
0.057964 0.127495 1.720168
0.050064 0.139094 1.723073
0.048219 0.131936 1.725059
0.049810 0.130028 1.725202
0.055649 0.123133 1.723278
0.061036 0.118721 1.731880
0.062573 0.117135 1.739143
0.062285 0.117136 1.736004
0.062255 0.118089 1.741761
0.061428 0.119473 1.744277
0.059725 0.121767 1.746869
0.057783 0.124277 1.748341
0.045750 0.134082 1.729773
0.048637 0.131002 1.728495
0.053298 0.126448 1.727898
0.055973 0.123795 1.728582
0.058191 0.121408 1.730253
0.060034 0.119223 1.732506
0.061291 0.117166 1.736134
0.061391 0.116894 1.739252
0.061218 0.118032 1.741630
0.060441 0.119541 1.744007
0.058950 0.121495 1.746135
0.057100 0.124030 1.747724
0.046907 0.126956 1.744348
0.049124 0.124598 1.745594
0.044444 0.128374 1.738584
0.044735 0.127851 1.735941
0.047431 0.124682 1.732229
0.048945 0.123145 1.731579
0.051188 0.120996 1.731148
0.052621 0.119838 1.731208
0.054328 0.118267 1.731776
0.055638 0.116999 1.732610
0.057236 0.115244 1.734298
0.058456 0.113933 1.736509
0.058720 0.113742 1.739203
0.058264 0.114437 1.740939
0.056709 0.116422 1.743630
0.052533 0.120796 1.745716
0.054235 0.119256 1.745323
0.055623 0.117488 1.744423
0.060631 0.125850 1.684108
0.068487 0.115643 1.677493
0.073528 0.108873 1.674755
0.087317 0.082419 1.688716
0.081317 0.095128 1.680191
0.090072 0.074250 1.699460
0.090584 0.075060 1.693421
0.101524 0.057981 1.762384
0.107339 0.041848 1.752345
0.107268 0.043143 1.763971
0.106098 0.040675 1.733116
0.097842 0.057838 1.710398
0.105459 0.040981 1.713880
0.097158 0.059218 1.710534
0.093386 0.066975 1.705748
-0.000000 0.158584 1.705659
0.017047 0.158832 1.705408
0.034747 0.157350 1.704066
0.036632 0.154422 1.702255
0.043612 0.145608 1.696319
0.066945 0.115264 1.675132
0.051356 0.135639 1.689113
0.071547 0.108630 1.671968
0.074446 0.104534 1.671743
0.074446 0.104534 1.671743
0.076487 0.110990 1.669239
0.078910 0.107344 1.668722
0.086008 0.080885 1.686741
0.089146 0.073407 1.690951
0.084649 0.094676 1.675957
0.086008 0.080885 1.686741
0.080078 0.093832 1.678427
0.043612 0.145608 1.696319
0.053764 0.138472 1.688129
0.062269 0.128200 1.680326
0.070609 0.118183 1.673190
0.079006 0.107849 1.666757
0.080328 0.104368 1.669883
0.085392 0.094129 1.673992
0.080931 0.104382 1.668006
0.073973 0.114232 1.670685
0.070724 0.119504 1.671469
0.094073 0.074076 1.687885
0.089146 0.073407 1.690951
0.053671 0.139981 1.686922
0.062345 0.129528 1.678953
0.095159 0.057882 1.709133
0.095852 0.056485 1.708873
0.091477 0.065308 1.704501
0.088822 0.071349 1.700274
0.098710 0.050897 1.705427
0.103932 0.039759 1.712777
0.093085 0.062533 1.697938
0.097612 0.063644 1.696406
0.093085 0.062533 1.697938
0.102646 0.051801 1.704306
0.103954 0.051499 1.702847
0.098778 0.063197 1.694881
0.107747 0.040363 1.711952
0.108994 0.039973 1.710392
0.017004 0.162418 1.704577
-0.000000 0.164081 1.703135
-0.000000 0.162783 1.704763
0.017164 0.163781 1.702842
0.031837 0.158459 1.704916
0.032619 0.162895 1.702352
0.036310 0.161473 1.701542
0.038821 0.158972 1.700130
0.034747 0.157350 1.704066
0.036632 0.154422 1.702255
0.035527 0.160546 1.696449
0.037795 0.158002 1.694820
-0.000000 0.163850 1.699104
-0.000000 0.162382 1.696761
0.042714 0.148467 1.687926
0.050174 0.139842 1.681059
0.058652 0.129486 1.672709
0.067577 0.117815 1.664021
0.090018 0.079265 1.679419
0.093744 0.070916 1.684752
0.098709 0.060297 1.691843
0.103756 0.049157 1.699198
0.102320 0.047710 1.698280
0.108481 0.032715 1.707402
0.103932 0.039759 1.712777
0.110240 0.032130 1.717596
0.016438 0.158854 1.694285
-0.000000 0.159800 1.694948
0.030717 0.155828 1.692874
0.033839 0.154783 1.692511
0.036660 0.152184 1.690967
0.041269 0.146361 1.687125
0.048640 0.138198 1.680449
0.057234 0.127390 1.671657
0.064804 0.116180 1.663199
0.067698 0.112926 1.661184
0.072888 0.103870 1.660717
0.075920 0.098457 1.664135
0.080813 0.089203 1.670427
0.090596 0.068900 1.683867
0.086391 0.077758 1.677925
0.100939 0.046840 1.698428
0.082446 0.089321 1.668462
0.092160 0.068840 1.682116
0.087985 0.077943 1.676095
0.102068 0.046829 1.697317
0.097217 0.057626 1.689767
0.108462 0.032147 1.706224
0.108509 0.025321 1.694939
0.101911 0.036148 1.681677
0.091537 0.058059 1.665511
0.086894 0.067757 1.658260
0.106876 0.024363 1.689868
0.089763 0.056618 1.664790
0.094650 0.046230 1.672427
0.100424 0.034353 1.681282
0.104613 0.023573 1.689033
0.094133 0.032572 1.683652
0.082633 0.054171 1.667663
0.098547 0.022899 1.691143
0.108280 0.024475 1.695039
0.109779 0.020204 1.700511
0.105730 0.023391 1.689853
0.098942 0.022603 1.692173
0.110946 0.014294 1.705557
0.110420 0.013022 1.706574
0.099151 0.022599 1.695940
0.100132 0.019137 1.701186
0.105471 0.000387 1.705570
0.105302 -0.005797 1.696980
0.106528 0.001704 1.701645
0.106613 -0.002867 1.694196
0.087213 0.043927 1.662963
0.096147 0.023308 1.668604
0.098996 0.014943 1.673467
0.078395 0.056765 1.666550
0.093269 0.020992 1.666013
0.096340 0.011961 1.671284
0.102521 0.004935 1.679501
0.104691 -0.002004 1.683666
0.106147 -0.004383 1.689502
0.103032 -0.007298 1.684416
0.102374 -0.004608 1.681692
0.099654 0.002468 1.676923
0.090104 -0.007104 1.677928
0.079428 0.026082 1.660570
0.078308 0.029110 1.653194
0.082644 0.028496 1.661218
0.079146 0.026541 1.662056
0.075997 0.057179 1.666525
0.071518 0.068836 1.657600
0.082237 0.071457 1.653817
0.079337 0.088221 1.656349
0.076095 0.096258 1.655573
0.074570 0.095411 1.654523
0.077507 0.087742 1.655210
0.079971 0.079989 1.654809
0.065981 0.084188 1.658128
0.069011 0.076098 1.658145
0.073469 0.101798 1.654232
0.070141 0.107358 1.651460
0.059630 0.101486 1.651244
-0.000000 0.170484 1.679302
0.059744 0.124373 1.642421
0.065334 0.115404 1.647217
0.049748 0.136227 1.633873
0.052433 0.120719 1.641420
0.046601 0.133822 1.634700
0.056298 0.110715 1.646458
0.036291 0.157381 1.640616
0.041237 0.151412 1.630398
0.040350 0.148779 1.627263
0.041984 0.147657 1.627525
0.022709 0.173374 1.668177
0.021685 0.173701 1.671549
0.020175 0.173967 1.669101
0.023910 0.172188 1.666118
0.027162 0.168489 1.660001
-0.000000 0.174599 1.673064
0.013923 0.174393 1.672496
0.023139 0.171757 1.665260
0.021615 0.172490 1.666612
0.019440 0.172840 1.667299
0.013394 0.173075 1.668053
-0.000000 0.173154 1.668184
0.034645 0.156942 1.639688
0.038223 0.151372 1.630316
0.038586 0.150287 1.628561
0.038150 0.149201 1.627403
0.037747 0.145415 1.629236
0.039283 0.145062 1.629161
0.041568 0.144164 1.629262
0.038586 0.150287 1.628561
0.025032 0.173178 1.656856
0.026125 0.168436 1.659600
0.028449 0.167647 1.648086
0.029889 0.163321 1.650826
0.034645 0.156942 1.639688
0.019440 0.172840 1.667299
0.013394 0.173075 1.668053
-0.000000 0.173154 1.668184
0.032616 0.150654 1.618871
0.034304 0.150091 1.620455
0.038150 0.149201 1.627403
0.036762 0.147174 1.624820
0.037810 0.146410 1.625965
0.036762 0.147174 1.624820
0.033649 0.149208 1.616386
0.032616 0.150654 1.618871
0.031441 0.154796 1.621108
0.029316 0.151289 1.617139
0.029316 0.151289 1.617139
0.031490 0.150341 1.613212
0.032102 0.157505 1.624630
0.032171 0.156421 1.623114
0.020519 0.176647 1.658170
0.025457 0.168978 1.644594
0.029284 0.162447 1.633560
0.019174 0.177310 1.659407
0.017702 0.177572 1.659911
0.013079 0.177613 1.660920
-0.000000 0.177459 1.661591
0.076911 0.041302 1.652614
0.074221 0.053477 1.652692
0.069619 0.065592 1.653402
0.064499 0.087824 1.645610
0.060095 0.096734 1.644356
0.062870 0.087836 1.647614
0.061526 0.096692 1.642712
0.065833 0.077817 1.650584
0.048077 0.130441 1.630139
0.052389 0.118539 1.635570
0.056218 0.108476 1.639871
0.046970 0.138158 1.623841
0.067296 0.083971 1.631856
0.055096 0.126758 1.618491
0.071043 0.068192 1.635839
0.078513 0.030976 1.652916
0.078346 0.035243 1.642613
0.052485 0.131981 1.615494
0.054975 0.126272 1.618094
0.058528 0.115877 1.622805
0.051598 0.110022 1.615267
0.055561 0.094166 1.619591
0.063674 0.061954 1.628065
0.068455 0.040415 1.633756
0.044508 0.118192 1.607804
0.013224 0.179974 1.660374
-0.000000 0.179951 1.661199
0.021109 0.179205 1.657636
0.019642 0.179805 1.658903
0.030255 0.164738 1.632814
0.033185 0.159546 1.623718
0.032669 0.156745 1.619706
0.033401 0.158273 1.621623
0.029034 0.151991 1.614565
0.018754 0.181580 1.656290
0.019521 0.180981 1.654748
0.017323 0.182052 1.656959
0.012563 0.182204 1.657792
-0.000000 0.182286 1.658146
0.023020 0.174620 1.641932
0.025977 0.169166 1.629859
0.028700 0.163968 1.618271
0.028986 0.163107 1.616265
0.026823 0.159765 1.611684
0.024949 0.153788 1.611095
0.012021 0.181628 1.654098
-0.000000 0.181702 1.654468
0.014959 0.181610 1.653837
0.015837 0.181386 1.653320
0.016197 0.180593 1.651754
0.013652 0.178374 1.652193
0.011777 0.178487 1.652460
-0.000000 0.178533 1.652546
0.016964 0.178525 1.647370
0.016952 0.177496 1.645177
0.012624 0.179973 1.650872
0.013293 0.177825 1.646100
0.013696 0.178179 1.646997
0.011658 0.180074 1.650899
-0.000000 0.180051 1.651066
0.012221 0.173781 1.642125
0.011831 0.173389 1.641118
0.013879 0.174946 1.639921
0.014375 0.175560 1.640994
0.012969 0.169819 1.633289
0.014557 0.172335 1.633915
0.015120 0.171879 1.632875
0.012190 0.171139 1.630726
0.016177 0.169401 1.627218
0.018260 0.166980 1.627074
0.017718 0.167510 1.628172
0.019155 0.170461 1.629571
0.019992 0.169853 1.628302
0.018739 0.164083 1.615274
0.022018 0.164135 1.616070
-0.000000 0.168363 1.624227
-0.000000 0.164286 1.615247
0.010922 0.162026 1.611737
-0.000000 0.162668 1.612124
0.018669 0.163477 1.614195
0.020294 0.161192 1.614372
0.018503 0.159139 1.611498
0.022038 0.163236 1.614135
0.009908 0.156055 1.611036
-0.000000 0.156444 1.611641
0.015654 0.155619 1.610465
0.017925 0.155668 1.611585
0.020121 0.154494 1.610673
0.015654 0.155619 1.610465
0.017925 0.155668 1.611585
0.020121 0.154494 1.610673
0.020315 0.153766 1.607580
0.026499 0.152426 1.608351
0.015495 0.154336 1.607650
0.009136 0.154741 1.608000
-0.000000 0.155116 1.608327
0.006467 0.149200 1.604176
-0.000000 0.149370 1.604259
-0.000000 0.140737 1.597913
0.009762 0.148077 1.604826
0.006899 0.137995 1.602568
0.009686 0.147133 1.609066
0.009686 0.147133 1.609066
0.008677 0.147907 1.608835
0.017915 0.146511 1.609727
-0.000000 0.132028 1.591640
0.002425 0.129649 1.594254
-0.000000 0.129807 1.593958
0.004470 0.129418 1.595197
0.004575 0.131491 1.592351
0.042957 0.141239 1.623166
0.027676 0.116401 1.592782
0.027368 0.115658 1.593471
0.015835 0.115956 1.590609
0.015636 0.115251 1.591202
0.005034 0.116036 1.589337
-0.000000 0.115987 1.589202
-0.000000 0.115047 1.589866
0.054494 0.093823 1.619398
0.050312 0.109549 1.614952
0.048217 0.114541 1.612622
0.046241 0.116460 1.610593
0.044168 0.117258 1.608362
0.038245 0.116819 1.602879
0.038542 0.117770 1.601946
0.017191 0.131388 1.593385
0.006529 0.131740 1.593067
0.007395 0.132446 1.593106
0.009594 0.138952 1.597984
0.027699 0.131094 1.593832
0.026970 0.131029 1.593509
0.027822 0.131858 1.593771
0.034833 0.133380 1.602446
0.006899 0.137995 1.602568
0.015393 0.128938 1.595549
0.004470 0.129418 1.595197
0.029174 0.144961 1.608987
0.034855 0.130144 1.605858
0.034259 0.136997 1.607656
0.035216 0.130680 1.606444
0.052117 0.132269 1.615123
0.070598 0.030779 1.636497
0.037484 0.131933 1.603418
0.038138 0.132019 1.603327
0.027494 0.128734 1.593233
0.016239 0.128756 1.591794
0.016219 0.129174 1.592289
0.027694 0.128290 1.592778
0.028842 0.128489 1.593440
0.036776 0.130350 1.601263
0.036505 0.130786 1.601733
0.037503 0.131426 1.603024
0.038169 0.131208 1.602928
0.004292 0.129813 1.591588
-0.000000 0.130104 1.591407
-0.000000 0.129568 1.590853
0.002425 0.129649 1.594254
-0.000000 0.129807 1.593958
0.032377 0.144462 1.611273
0.033082 0.144832 1.610044
0.102281 -0.013632 1.684928
0.103856 -0.012412 1.689060
0.066432 -0.084241 1.674419
0.060141 -0.090470 1.674694
0.075692 -0.071683 1.670519
0.055783 -0.093602 1.674543
0.051161 -0.096410 1.673953
0.046536 -0.098362 1.673225
0.046519 -0.098571 1.672649
0.052854 -0.087944 1.680498
0.046815 -0.091302 1.679561
0.042648 -0.095472 1.676773
0.037802 -0.095828 1.670462
0.033318 -0.095943 1.662172
0.107268 0.043143 1.763971
0.103058 -0.011921 1.689061
0.097742 -0.012338 1.687398
0.095330 -0.010909 1.683803
0.089398 -0.007340 1.678972
0.077444 0.031015 1.652711
0.078331 0.029734 1.652885
0.023788 -0.106973 1.661070
0.016735 -0.106021 1.656290
0.023846 -0.102557 1.658406
0.027393 -0.102682 1.662560
0.009137 -0.104753 1.652379
-0.000000 -0.104171 1.650758
0.026684 -0.100264 1.654329
0.019587 -0.100618 1.651004
-0.000000 -0.100551 1.649030
0.009565 -0.101248 1.649421
0.030309 -0.095825 1.656638
0.020444 -0.094160 1.645182
0.019675 -0.095990 1.650168
0.010130 -0.094803 1.642954
-0.000000 -0.094813 1.642213
-0.000000 -0.095900 1.648683
0.028782 -0.093465 1.647985
0.027763 -0.095863 1.654292
0.030309 -0.095825 1.656638
0.028782 -0.093465 1.647985
0.010078 -0.093152 1.642089
-0.000000 -0.093174 1.641122
0.028150 -0.091372 1.647346
0.028150 -0.091372 1.647346
0.027187 -0.085092 1.650403
0.027187 -0.085092 1.650403
0.009818 -0.086030 1.644845
-0.000000 -0.085996 1.643519
0.072006 -0.012509 1.650909
0.072389 -0.026200 1.653958
0.025503 0.115575 1.596270
0.015597 0.114953 1.594825
0.005972 0.114516 1.593897
-0.000000 0.114244 1.593891
0.049515 0.109621 1.615249
0.047146 0.114492 1.612923
0.044905 0.116468 1.611031
0.043062 0.116958 1.609622
0.036484 0.116729 1.605059
0.067330 0.040313 1.633722
0.062518 0.061772 1.627796
0.060049 0.062090 1.629307
0.064886 0.040445 1.635717
0.069578 0.030472 1.636605
0.060370 0.034717 1.630601
0.039985 0.060240 1.613933
0.051703 0.049923 1.622230
0.038541 0.057823 1.613627
0.050068 0.047968 1.621494
0.025042 0.067864 1.605673
0.024556 0.065860 1.606165
-0.000000 0.073661 1.600582
-0.000000 0.071074 1.601792
0.011618 0.072190 1.601682
-0.000000 0.082445 1.601758
-0.000000 0.070392 1.609335
0.047140 0.034147 1.643517
0.037498 0.045424 1.634509
0.027363 0.053923 1.627983
0.017891 0.059479 1.624540
0.008818 0.063445 1.622395
-0.000000 0.064877 1.621630
0.064305 -0.001321 1.657265
0.059730 0.012843 1.654219
0.066809 -0.024394 1.663601
0.063136 -0.048133 1.666305
0.065292 -0.037111 1.665317
0.052403 -0.065187 1.665799
0.058851 -0.057636 1.666771
0.038965 -0.075477 1.663321
0.031521 -0.078131 1.661203
0.008592 -0.079963 1.655781
0.017195 -0.079804 1.657730
0.024911 -0.079706 1.659666
0.024911 -0.079706 1.659666
0.052971 0.026088 1.648859
-0.000000 -0.017807 1.660041
0.047140 0.034147 1.643517
0.037498 0.045424 1.634509
0.017891 0.059479 1.624540
0.008818 0.063445 1.622395
-0.000000 0.064877 1.621630
0.066151 -0.011519 1.659916
0.064305 -0.001321 1.657265
0.059730 0.012843 1.654219
0.063136 -0.048133 1.666305
0.065292 -0.037111 1.665317
0.046181 -0.071051 1.664886
0.031521 -0.078131 1.661203
0.038965 -0.075477 1.663321
-0.000000 -0.080082 1.654899
0.008592 -0.079963 1.655781
0.017195 -0.079804 1.657730
0.024911 -0.079706 1.659666
0.004923 -0.117024 1.704751
0.010688 -0.117762 1.701629
0.004673 -0.118359 1.703757
-0.000000 -0.117037 1.705126
-0.000000 -0.118490 1.704237
0.009044 -0.118586 1.698681
0.003766 -0.119150 1.700460
-0.000000 -0.119075 1.700899
0.010171 -0.120046 1.700284
0.003452 -0.120179 1.699954
-0.000000 -0.120300 1.700226
0.021495 -0.113161 1.691267
0.021365 -0.114520 1.688854
0.018205 -0.118155 1.693595
0.020845 -0.116806 1.688061
0.013648 -0.119501 1.698382
0.018645 -0.115033 1.687750
0.018240 -0.116665 1.687184
0.019195 -0.114311 1.685126
0.019459 -0.113536 1.682350
0.022135 -0.113296 1.685808
0.022421 -0.112392 1.682644
0.022796 -0.111440 1.685697
0.022705 -0.109747 1.679856
0.021736 -0.115192 1.681833
0.021427 -0.114170 1.678250
0.020760 -0.108105 1.674092
0.009046 -0.109382 1.665790
0.010266 -0.109991 1.663417
0.008957 -0.110634 1.665706
0.010614 -0.106601 1.663636
0.005583 -0.108998 1.664416
-0.000000 -0.108528 1.663624
-0.000000 -0.105824 1.661047
0.006412 -0.106249 1.661839
0.017031 -0.108218 1.668290
0.016740 -0.111250 1.668483
-0.000000 -0.121177 1.709755
-0.000000 -0.120560 1.708685
-0.000000 -0.106553 1.656775
-0.000000 -0.106004 1.655393
0.039057 0.143531 1.614426
0.044822 0.142858 1.619903
0.045118 0.142605 1.620158
0.035920 0.144243 1.611870
0.036984 0.143042 1.616157
0.034399 0.144208 1.612679
0.042685 0.141270 1.622889
0.081844 0.032292 1.654062
0.082283 0.032228 1.654610
0.079494 0.041391 1.655004
0.075492 0.054081 1.655475
0.071771 0.066180 1.653633
0.067847 0.078465 1.650894
0.064417 0.088416 1.647901
0.061205 0.097067 1.644624
0.061506 0.097353 1.645085
0.057436 0.108881 1.640579
0.048643 0.131534 1.630594
0.048537 0.130993 1.630200
0.044838 0.140089 1.626162
0.042986 0.142194 1.623314
0.053541 0.119148 1.636183
0.053235 0.118874 1.635717
0.030016 0.147467 1.607028
0.032867 0.146778 1.609887
0.030104 0.148081 1.607105
0.034956 0.145852 1.612421
0.037498 0.144817 1.615667
0.041151 0.143200 1.620556
0.027291 0.148479 1.605958
0.027252 0.149138 1.605920
0.018215 0.149616 1.605475
0.008633 0.150616 1.605796
0.008621 0.150012 1.605935
-0.000000 0.150086 1.606139
-0.000000 0.150704 1.606085
-0.000000 0.149232 1.606781
-0.000000 -0.121554 1.733356
0.024391 -0.144254 1.734344
0.041225 -0.139069 1.734387
0.055828 -0.131887 1.734214
0.071005 -0.120720 1.733930
0.084755 -0.107694 1.733882
0.097973 -0.090102 1.733984
0.108259 -0.069755 1.734043
0.115873 -0.048968 1.734452
0.120529 -0.006596 1.734070
0.118027 0.015142 1.732014
0.066365 -0.111324 1.732547
0.072913 -0.107042 1.732425
0.062357 -0.097413 1.725763
0.062809 -0.103051 1.729805
0.068856 -0.103595 1.732571
0.070387 -0.105992 1.734363
0.068793 -0.107456 1.734825
0.065136 -0.106509 1.732955
0.066486 -0.108533 1.734503
0.062357 -0.097413 1.725763
0.062809 -0.103051 1.729805
0.062574 -0.105055 1.734501
-0.026684 -0.100264 1.654329
-0.032128 -0.100445 1.660868
0.033318 -0.095943 1.662172
-0.033318 -0.095943 1.662172
0.056552 0.136961 1.745375
0.058822 0.137654 1.743217
0.059043 0.136464 1.743669
0.056349 0.135990 1.730926
0.058677 0.136961 1.732890
0.050765 0.138056 1.731346
0.048438 0.138520 1.732939
0.046390 0.139192 1.738111
0.046902 0.138919 1.735317
0.045729 0.138110 1.738201
0.060358 0.137257 1.740840
0.060870 0.136985 1.738043
0.060688 0.136037 1.741124
0.060280 0.136881 1.735252
0.053593 0.137454 1.745986
0.046980 0.139295 1.740904
0.046362 0.138221 1.741192
0.045479 0.137573 1.741583
0.046362 0.138221 1.741192
0.044777 0.137448 1.738265
0.045729 0.138110 1.738201
0.045729 0.138110 1.738201
0.045385 0.137126 1.734940
0.044777 0.137448 1.738265
0.046278 0.137818 1.735206
0.047923 0.137391 1.732662
0.050415 0.136894 1.730954
0.053373 0.136402 1.730346
0.056349 0.135990 1.730926
0.056564 0.135096 1.730188
0.059382 0.134797 1.732057
0.061288 0.134702 1.734864
0.061990 0.134826 1.738183
0.061236 0.135747 1.738128
0.060688 0.136037 1.741124
0.061990 0.134826 1.738183
0.061236 0.135747 1.738128
0.061381 0.135149 1.741509
0.059555 0.135622 1.744333
0.059043 0.136464 1.743669
0.056552 0.136961 1.745375
0.056789 0.136175 1.746229
0.053505 0.136720 1.746905
0.050202 0.137178 1.746260
0.047923 0.137391 1.732662
0.044397 0.134450 1.738490
0.043158 0.132818 1.738629
0.062396 0.129886 1.738538
0.061610 0.131827 1.738409
0.062396 0.129886 1.738538
0.061610 0.131827 1.738409
0.041748 0.115634 1.743637
0.043877 0.115527 1.746775
0.040964 0.115495 1.739928
0.041643 0.115133 1.736211
0.043685 0.114605 1.733055
0.046776 0.113987 1.730937
0.050446 0.113377 1.730180
0.054138 0.112866 1.730902
0.057287 0.112531 1.732989
0.059417 0.112425 1.736127
0.059521 0.112925 1.743552
0.057481 0.113454 1.746709
0.054389 0.114070 1.748829
0.050718 0.114681 1.749584
0.050617 0.137866 1.745403
0.048079 0.138136 1.743721
0.053373 0.136402 1.730346
0.050415 0.136894 1.730954
-0.058822 0.137654 1.743217
-0.056552 0.136961 1.745375
-0.056496 0.138119 1.744812
-0.059043 0.136464 1.743669
-0.056349 0.135990 1.730926
-0.058677 0.136961 1.732890
-0.056306 0.137212 1.731319
-0.048438 0.138520 1.732939
-0.045729 0.138110 1.738201
-0.046902 0.138919 1.735317
-0.046390 0.139192 1.738111
-0.060358 0.137257 1.740840
-0.060688 0.136037 1.741124
-0.060870 0.136985 1.738043
-0.060280 0.136881 1.735252
-0.053733 0.138578 1.745381
-0.046980 0.139295 1.740904
-0.046362 0.138221 1.741192
-0.046362 0.138221 1.741192
-0.047383 0.137477 1.744390
-0.045479 0.137573 1.741583
-0.044777 0.137448 1.738265
-0.045729 0.138110 1.738201
-0.045385 0.137126 1.734940
-0.045729 0.138110 1.738201
-0.044777 0.137448 1.738265
-0.047923 0.137391 1.732662
-0.050415 0.136894 1.730954
-0.053373 0.136402 1.730346
-0.056349 0.135990 1.730926
-0.058888 0.135721 1.732609
-0.060605 0.135636 1.735139
-0.061990 0.134826 1.738183
-0.061236 0.135747 1.738128
-0.060688 0.136037 1.741124
-0.061990 0.134826 1.738183
-0.061381 0.135149 1.741509
-0.061236 0.135747 1.738128
-0.059555 0.135622 1.744333
-0.056789 0.136175 1.746229
-0.053505 0.136720 1.746905
-0.053593 0.137454 1.745986
-0.050617 0.137866 1.745403
-0.050954 0.138964 1.744838
-0.053528 0.137597 1.730775
-0.047923 0.137391 1.732662
-0.043158 0.132818 1.738629
-0.044397 0.134450 1.738490
-0.062396 0.129886 1.738538
-0.061610 0.131827 1.738409
-0.062396 0.129886 1.738538
-0.061610 0.131827 1.738409
-0.041748 0.115634 1.743637
-0.043877 0.115527 1.746775
-0.043685 0.114605 1.733055
-0.046776 0.113987 1.730937
-0.050446 0.113377 1.730180
-0.054138 0.112866 1.730902
-0.057287 0.112531 1.732989
-0.059417 0.112425 1.736127
-0.059521 0.112925 1.743552
-0.060201 0.112564 1.739836
-0.054389 0.114070 1.748829
-0.050718 0.114681 1.749584
-0.047027 0.115192 1.748862
-0.050617 0.137866 1.745403
-0.048079 0.138136 1.743721
-0.053373 0.136402 1.730346
-0.050415 0.136894 1.730954
-0.051512 0.139286 1.743467
-0.053831 0.139105 1.743847
-0.053663 0.137784 1.744339
-0.051185 0.138078 1.743930
-0.049109 0.138276 1.742688
-0.058181 0.137114 1.742650
-0.053703 0.138489 1.732211
-0.053526 0.137123 1.731865
-0.058081 0.136631 1.733516
-0.051393 0.138712 1.732620
-0.051058 0.137462 1.732294
-0.047789 0.138062 1.735636
-0.047988 0.139537 1.738053
-0.047400 0.138247 1.738128
-0.048393 0.139517 1.740374
-0.059117 0.137892 1.735694
-0.059347 0.136582 1.735588
-0.059546 0.138057 1.738005
-0.059167 0.138137 1.740329
-0.059401 0.136845 1.740567
0.053663 0.137784 1.744339
0.053831 0.139105 1.743847
0.051185 0.138078 1.743930
0.049109 0.138276 1.742688
0.058181 0.137114 1.742650
0.056116 0.138697 1.743448
0.053703 0.138489 1.732211
0.056004 0.136829 1.732274
0.058081 0.136631 1.733516
0.051393 0.138712 1.732620
0.051058 0.137462 1.732294
0.049008 0.137793 1.733554
0.047789 0.138062 1.735636
0.047988 0.139537 1.738053
0.047400 0.138247 1.738128
0.048393 0.139517 1.740374
0.047843 0.138326 1.740616
0.059347 0.136582 1.735588
0.059790 0.136660 1.738076
0.059546 0.138057 1.738005
0.059167 0.138137 1.740329
0.059401 0.136845 1.740567
-0.139354 0.027731 1.724897
-0.121861 0.034907 1.749468
-0.140255 0.027219 1.726442
-0.146373 -0.012826 1.726306
-0.146511 -0.017545 1.724476
-0.147306 -0.017806 1.725979
-0.145569 -0.012800 1.724795
-0.020654 -0.150575 1.749773
-0.040861 -0.144307 1.749774
-0.020353 -0.148825 1.750297
-0.040244 -0.142613 1.750288
-0.060330 -0.132238 1.750272
-0.079904 -0.116414 1.750258
-0.095788 -0.097662 1.750251
-0.111031 -0.076290 1.749821
-0.121974 -0.050694 1.749756
-0.124647 -0.027656 1.750213
-0.126736 -0.027871 1.749497
-0.126077 -0.007826 1.750250
-0.144470 0.005136 1.726415
-0.125036 0.012405 1.750284
-0.120053 0.034767 1.749904
-0.141991 0.004748 1.724486
-0.143869 -0.013030 1.724381
-0.118137 -0.007913 1.744281
-0.116992 -0.026162 1.743997
-0.144824 -0.017896 1.724017
-0.112325 -0.046714 1.743880
-0.101974 -0.071037 1.743813
-0.089435 -0.092862 1.743797
-0.074466 -0.110725 1.743894
-0.056502 -0.125774 1.744055
-0.037637 -0.136167 1.744189
-0.019051 -0.142039 1.744275
-0.000000 -0.167050 1.719671
-0.000000 -0.143654 1.744313
-0.000000 -0.152365 1.749776
-0.000000 -0.150584 1.750300
-0.110896 0.032731 1.743732
-0.171760 -0.035466 1.697724
-0.162543 -0.067661 1.697675
-0.000000 -0.194935 1.699463
-0.154416 -0.025629 1.716463
-0.173174 -0.035186 1.698129
-0.173340 -0.035767 1.699526
-0.155103 -0.026362 1.717586
-0.137929 0.026692 1.724487
-0.110896 0.032731 1.743732
-0.137929 0.026692 1.724487
-0.144824 -0.017896 1.724017
-0.143869 -0.013030 1.724381
-0.149737 -0.022177 1.723596
-0.000000 -0.146818 1.748306
-0.027491 -0.192663 1.698074
-0.000000 -0.194496 1.698084
-0.055463 -0.186351 1.699463
-0.055329 -0.185971 1.698061
-0.084163 -0.172749 1.699463
-0.110040 -0.153164 1.699463
-0.132021 -0.128861 1.699463
-0.131699 -0.128627 1.698064
-0.150637 -0.098396 1.698059
-0.163874 -0.068139 1.698047
-0.173174 -0.035186 1.698129
-0.153174 -0.026151 1.715768
-0.141991 0.004748 1.724486
-0.118137 -0.007913 1.744281
-0.116992 -0.026162 1.743997
-0.112325 -0.046714 1.743880
-0.101974 -0.071037 1.743813
-0.089435 -0.092862 1.743797
-0.074466 -0.110725 1.743894
-0.056502 -0.125774 1.744055
-0.037637 -0.136167 1.744189
-0.019051 -0.142039 1.744275
-0.000000 -0.143654 1.744313
-0.054853 -0.184628 1.697746
-0.083219 -0.171192 1.697743
-0.108805 -0.151815 1.697751
-0.130563 -0.127762 1.697747
-0.149376 -0.097735 1.697723
-0.162543 -0.067661 1.697675
-0.171760 -0.035466 1.697724
-0.171760 -0.035466 1.697724
-0.149376 -0.097735 1.697723
-0.130563 -0.127762 1.697747
-0.083219 -0.171192 1.697743
-0.054853 -0.184628 1.697746
-0.027273 -0.191255 1.697772
-0.000000 -0.193071 1.697787
0.139354 0.027731 1.724897
0.121861 0.034907 1.749468
0.140255 0.027219 1.726442
0.146373 -0.012826 1.726306
0.147306 -0.017806 1.725979
0.146511 -0.017545 1.724476
0.020654 -0.150575 1.749773
0.040861 -0.144307 1.749774
0.020353 -0.148825 1.750297
0.040244 -0.142613 1.750288
0.060330 -0.132238 1.750272
0.079904 -0.116414 1.750258
0.081149 -0.117864 1.749780
0.097266 -0.098891 1.749792
0.111031 -0.076290 1.749821
0.121974 -0.050694 1.749756
0.124647 -0.027656 1.750213
0.126736 -0.027871 1.749497
0.126077 -0.007826 1.750250
0.144470 0.005136 1.726415
0.125036 0.012405 1.750284
0.114927 0.034679 1.748042
0.120053 0.034767 1.749904
0.141991 0.004748 1.724486
0.143869 -0.013030 1.724381
0.118137 -0.007913 1.744281
0.116992 -0.026162 1.743997
0.144824 -0.017896 1.724017
0.112325 -0.046714 1.743880
0.101974 -0.071037 1.743813
0.089435 -0.092862 1.743797
0.074466 -0.110725 1.743894
0.056502 -0.125774 1.744055
0.037637 -0.136167 1.744189
0.019051 -0.142039 1.744275
-0.000000 -0.144560 1.743156
-0.000000 -0.143654 1.744313
-0.000000 -0.152365 1.749776
-0.000000 -0.150584 1.750300
0.110896 0.032731 1.743732
0.171760 -0.035466 1.697724
0.162543 -0.067661 1.697675
-0.000000 -0.194935 1.699463
0.173174 -0.035186 1.698129
0.154416 -0.025629 1.716463
0.173340 -0.035767 1.699526
0.155103 -0.026362 1.717586
0.137929 0.026692 1.724487
0.110896 0.032731 1.743732
0.137929 0.026692 1.724487
0.144824 -0.017896 1.724017
0.143869 -0.013030 1.724381
0.149737 -0.022177 1.723596
0.148970 -0.021593 1.722247
-0.000000 -0.146818 1.748306
-0.000000 -0.194496 1.698084
0.055329 -0.185971 1.698061
0.083957 -0.172413 1.698058
0.109764 -0.152871 1.698064
0.131699 -0.128627 1.698064
0.150637 -0.098396 1.698059
0.163874 -0.068139 1.698047
0.173174 -0.035186 1.698129
0.153174 -0.026151 1.715768
0.141991 0.004748 1.724486
0.118137 -0.007913 1.744281
0.116992 -0.026162 1.743997
0.112325 -0.046714 1.743880
0.101974 -0.071037 1.743813
0.089435 -0.092862 1.743797
0.074466 -0.110725 1.743894
0.056502 -0.125774 1.744055
0.037637 -0.136167 1.744189
-0.000000 -0.143654 1.744313
-0.000000 -0.193071 1.697787
0.027273 -0.191255 1.697772
0.054853 -0.184628 1.697746
0.083219 -0.171192 1.697743
0.108805 -0.151815 1.697751
0.130563 -0.127762 1.697747
0.149376 -0.097735 1.697723
0.162543 -0.067661 1.697675
0.171760 -0.035466 1.697724
0.171760 -0.035466 1.697724
0.149376 -0.097735 1.697723
0.130563 -0.127762 1.697747
0.083219 -0.171192 1.697743
0.054853 -0.184628 1.697746
0.027273 -0.191255 1.697772
-0.000000 -0.193071 1.697787
-0.010654 -0.121410 1.799358
-0.022342 -0.125718 1.797970
-0.011425 -0.127567 1.799006
-0.000000 -0.122279 1.799949
-0.000000 -0.128350 1.799488
-0.027110 -0.126373 1.796139
-0.028023 -0.124409 1.797307
-0.029271 -0.124386 1.795522
-0.011149 -0.129610 1.797397
-0.000000 -0.130251 1.797942
-0.029852 -0.117574 1.797107
-0.031077 -0.117115 1.795530
-0.019973 -0.130874 1.785139
-0.010131 -0.132220 1.785329
-0.000000 -0.131770 1.792055
-0.000000 -0.132819 1.785469
-0.023424 -0.130130 1.785211
-0.025409 -0.128400 1.790987
-0.024918 -0.126457 1.782391
-0.000000 -0.131854 1.783306
-0.023203 -0.126654 1.781004
-0.018811 -0.127961 1.781295
-0.009258 -0.129185 1.781616
-0.000000 -0.129415 1.781661
0.010654 -0.121410 1.799358
0.022342 -0.125718 1.797970
0.021967 -0.119386 1.798173
0.011425 -0.127567 1.799006
-0.000000 -0.128350 1.799488
0.027110 -0.126373 1.796139
0.029271 -0.124386 1.795522
0.028023 -0.124409 1.797307
0.011149 -0.129610 1.797397
-0.000000 -0.130251 1.797942
0.022031 -0.127582 1.796638
0.031077 -0.117115 1.795530
0.010131 -0.132220 1.785329
-0.000000 -0.131770 1.792055
-0.000000 -0.132819 1.785469
0.023424 -0.130130 1.785211
0.025409 -0.128400 1.790987
0.028080 -0.122866 1.788692
0.024918 -0.126457 1.782391
0.019345 -0.130139 1.783054
0.022529 -0.129779 1.783131
0.023203 -0.126654 1.781004
0.018811 -0.127961 1.781295
3 5
13 14
10 12
16 17
1 2
15 17
6 7
8 9
11 12
0 1
4 5
2486 2491
2849 2850
2938 2939
2873 2874
2963 2964
2823 2878
2827 2835
2836 2837
2918 2926
2927 2928
2828 2829
2919 2920
2850 2851
2939 2940
2869 2870
2959 2960
2847 2848
2937 2938
2846 2847
2867 2868
2957 2958
2936 2937
2844 2846
2935 2936
2865 2866
2875 2876
2955 2956
2965 2966
2790 2791
2880 2881
2842 2845
2831 2832
2922 2923
2803 2804
2893 2894
2853 2872
2942 2962
2833 2834
2924 2925
2953 2954
2967 2968
2877 2878
2816 2817
2857 2858
2907 2908
2946 2947
2800 2801
2889 2890
2891 2892
484 1370
1703 2582
2801 2802
2804 2806
2894 2896
2818 2819
2859 2860
2909 2910
2948 2949
454 455
1674 1675
1243 1244
2451 2452
436 443
1657 1666
2809 2810
1682 1683
1037 1038
2251 2252
435 442
1656 1665
1241 1242
2449 2450
1709 1711
255 256
1465 1478
2799 2800
2888 2889
2791 2808
2881 2898
455 465
1675 1685
1544 1546
462 463
1474 1477
2589 2590
1375 1376
2587 2588
1379 1380
2591 2592
434 435
488 489
1545 1546
338 340
622 623
2820 2821
2861 2862
2911 2912
2950 2951
254 255
1487 1488
256 257
1655 1658
1489 1490
1499 1500
742 798
1570 1571
1663 1664
464 465
1684 1685
2796 2797
2885 2886
1728 1729
2814 2816
2905 2907
439 440
463 466
489 572
510 511
1710 1793
1732 1733
246 247
1479 1480
1480 1482
2798 2799
2887 2888
316 317
1490 1491
1542 1543
312 338
1538 1566
245 249
1478 1481
1377 1378
1472 1477
236 242
1469 1476
257 258
1704 1712
344 345
1661 1662
1837 1838
430 431
1651 1652
261 265
2807 2809
2897 2899
486 490
1473 1476
635 636
1869 1902
270 272
1501 1504
487 488
508 509
1483 1549
2805 2807
2895 2897
260 262
314 315
1540 1541
1492 1495
592 1191
542 544
437 438
1659 1660
232 233
230 231
1464 1465
345 346
238 239
280 313
1510 1539
1920 1921
264 267
1497 1499
536 538
1756 1757
240 241
485 487
506 508
1705 1707
529 530
243 244
2015 2017
460 461
801 802
699 700
432 433
1653 1654
1706 1708
2913 2915
2822 2824
2863 2864
1246 1249
2454 2458
259 260
1491 1493
263 278
1496 1508
1373 1374
2585 2586
233 234
1466 1467
1511 1514
1494 1495
725 742
1942 1960
266 269
1247 1250
1184 1185
880 881
2089 2090
881 897
2090 2108
901 904
2112 2114
2813 2814
2855 2856
2904 2905
2944 2945
1748 1749
2108 2114
347 348
428 437
1572 1573
456 458
235 241
1468 1475
228 237
1462 1470
2811 2812
2839 2854
2902 2903
2930 2943
1486 1487
1248 1251
2457 2460
527 528
1746 1747
2455 2456
1744 1745
525 526
318 319
1371 1372
2583 2584
1449 1471
535 537
956 957
538 539
1757 1758
1259 1260
1278 1279
2466 2467
2487 2488
1142 1143
1035 1036
502 503
2083 2084
1826 1827
625 627
724 725
1841 1842
1941 1942
2022 2023
860 861
2067 2069
857 858
1830 2407
620 621
1871 1872
650 651
652 654
2249 2250
1143 1242
2347 2348
294 295
1839 1840
550 551
276 277
1506 1507
2241 2243
627 628
1842 1843
1239 1240
606 607
1822 1823
1536 1537
629 630
467 468
1686 1687
1859 1860
819 820
823 824
883 884
793 794
2010 2011
587 588
2099 2100
1857 1858
1866 1867
648 649
1758 1759
822 825
1749 1750
1814 1815
833 837
1834 1835
1485 1486
1186 1187
569 571
1789 1790
1502 1503
624 626
2014 2016
888 889
598 599
1676 1678
1577 1580
1590 1595
310 311
319 320
2121 2122
1835 1836
875 876
961 962
2173 2174
1688 1690
2051 2052
560 563
1754 1756
480 481
576 577
533 605
1752 1821
653 655
2070 2072
558 559
1700 1701
1776 1777
2040 2041
561 564
940 941
2156 2157
1825 1826
1699 1700
307 309
959 969
2172 2179
1264 1265
1284 1285
2472 2473
2493 2494
906 908
2116 2119
1805 2393
850 851
2060 2062
1906 1907
836 842
2048 2052
540 606
612 613
1879 1880
660 661
827 830
829 831
2041 2042
368 370
600 601
1815 1816
807 809
512 513
1734 1735
2109 2111
894 896
2105 2107
296 632
1526 1849
1753 1755
1260 1261
1279 1280
2467 2468
490 491
1903 1905
384 387
225 268
1459 1500
851 855
2062 2065
682 684
852 856
2063 2066
2093 2095
1250 1255
2459 2463
349 350
1574 1575
302 304
811 813
2026 2028
218 220
900 902
2110 2113
2007 2008
545 546
1761 1762
1765 1766
841 866
1695 1696
847 848
2057 2058
789 790
895 897
531 532
2087 2088
879 880
379 382
1461 1462
1354 1357
2563 2567
476 480
219 221
1454 1456
226 227
478 479
556 557
1698 1699
1774 1775
2438 2439
704 705
2185 2186
972 974
711 713
1930 1932
910 911
1731 1737
427 429
424 425
1645 1647
221 222
1456 1457
1771 1772
815 819
816 824
2031 2038
693 701
2120 2121
1025 1026
2237 2238
838 853
2049 2064
877 878
826 828
978 979
2203 2204
1140 1177
744 745
1962 1963
973 975
2268 2269
514 517
840 849
2035 2059
2050 2061
1258 1263
2465 2471
425 430
1647 1651
550 557
1697 1698
1769 1775
2190 2191
2206 2207
993 994
1011 1012
2223 2224
1643 1646
596 597
1813 1814
1344 1345
2554 2555
873 874
2081 2082
1558 1560
329 330
2254 2255
1567 1568
1671 1672
1346 1347
2556 2557
1559 1561
332 333
1021 1027
1735 1743
1845 1847
1020 1024
2231 2236
1649 1650
1014 1015
109 110
422 426
697 703
637 663
1350 1351
2560 2561
712 715
912 914
2124 2126
1053 1054
2117 2118
595 596
1812 1813
1266 1268
2474 2476
1016 1018
360 361
964 965
2176 2177
1345 1346
2555 2556
363 364
1575 1576
2174 2198
2039 2076
1779 1782
1551 1557
2045 2046
654 657
1870 1884
1872 1875
441 444
1571 1673
1604 1607
521 522
646 647
1864 1865
1017 1019
2229 2230
443 446
601 611
1816 1827
1159 1160
1665 1667
29 30
76 77
515 518
420 423
869 872
64 74
2036 2044
1029 1030
1642 1644
913 926
2125 2139
639 662
1860 1881
1609 1611
1134 1136
2340 2342
1621 1622
898 899
1232 1238
2375 2382
1135 1137
2341 2343
2247 2248
923 924
1534 1535
1964 1965
1351 1356
2561 2566
2280 2281
1065 1066
1253 1255
594 595
1811 1812
383 385
799 800
1680 2403
2287 2288
694 709
301 303
1529 1530
1531 1532
957 958
2170 2171
2238 2239
216 217
519 520
1738 1739
1123 1130
1156 1158
2362 2364
1125 1156
2329 2330
2331 2362
2993 2995
930 935
1168 1170
2374 2376
2192 2193
736 741
1954 1959
2106 2107
2996 2997
213 214
1452 1453
583 1205
1801 2410
26 41
73 87
1963 1965
1449 1450
1172 1173
2373 2375
2377 2378
1277 1278
2485 2487
298 300
303 305
1532 1533
2495 2496
2360 2361
343 453
1569 1673
614 939
1829 2155
1252 1254
3001 3002
2977 2978
581 2606
720 723
2970 2971
608 1244
1824 2452
1552 1555
1610 1611
695 696
1916 1917
499 854
2091 2092
1953 1959
1348 1349
1227 1276
1228 1275
2434 2484
2435 2483
41 43
2306 2307
1095 1096
24 27
2557 2558
18 19
631 634
1848 1852
1157 1158
2363 2364
325 326
954 963
2168 2175
986 988
2200 2202
2143 2144
1795 1800
1136 1138
2342 2344
1044 1045
2258 2259
593 594
979 980
987 989
2201 2203
275 276
1505 1506
1022 1023
589 593
1806 1810
1955 1957
642 674
2327 2334
2326 2327
1122 1131
1612 1613
2969 2972
388 389
1283 1284
2492 2493
1121 1122
1147 1148
743 753
1961 1969
283 306
1008 1012
921 922
2135 2136
2085 2086
1217 1218
2421 2423
291 297
1521 1527
737 748
396 398
1620 1623
1267 1270
1286 1288
2475 2478
289 300
1519 1533
689 690
1908 1909
722 728
499 881
1720 2090
1352 1353
2562 2564
1091 1092
413 419
445 449
1667 1670
951 958
2167 2171
250 253
1026 1028
1939 1940
952 960
472 474
1692 1694
2417 2419
3005 3007
1281 1282
2469 2470
2489 2490
2430 2431
1223 1224
251 252
1484 1485
282 308
927 928
2140 2141
393 469
2440 2441
609 1245
2477 2478
2981 2982
2312 2313
1101 1102
1712 1713
2436 2437
1229 1230
2233 2234
2020 2021
1093 1094
2304 2305
1349 1350
2558 2559
2232 2235
1148 1153
2354 2359
120 123
141 145
602 1203
273 274
1073 1091
142 144
128 130
149 151
408 409
1633 1634
39 40
85 86
2990 2991
613 1246
1828 2454
670 672
1364 1366
2576 2578
1603 1604
1637 1640
633 634
1850 1852
925 926
1212 1214
290 292
1520 1523
21 28
63 75
726 727
686 688
843 844
641 643
644 645
1862 1863
450 451
32 34
1342 1344
586 2608
1194 1195
35 36
81 82
3004 3010
707 708
1926 1927
1914 1915
1215 1220
1522 1528
716 717
1934 1935
915 919
1207 1209
1256 1257
86 89
825 839
1147 1150
91 92
44 45
334 335
1562 1563
1363 1364
2574 2576
578 580
1796 1799
2323 2324
706 707
469 470
2034 2035
2037 2050
1216 1221
2420 2429
2426 2428
339 342
1668 1671
1210 1211
2422 2427
2834 2840
2925 2931
710 711
1928 1930
1844 1856
1943 1944
2332 2581
1117 1119
1126 1369
1924 1927
562 566
1262 1263
567 569
934 935
2149 2150
1894 1899
1897 1898
2158 2163
2008 2009
2461 2464
2391 2392
943 944
1273 1274
2481 2482
377 379
1602 1605
554 555
532 618
1751 1832
2137 2138
1668 1669
945 946
2159 2160
1077 1080
2290 2293
812 814
2027 2029
1929 1931
1206 1207
2411 2414
2164 2165
2577 2580
1365 1367
2500 2501
1291 1292
884 955
1269 1271
1287 1290
2497 2499
483 484
1588 1593
1808 1809
1523 1853
2605 2606
132 137
2261 2271
1149 1151
2356 2357
548 549
495 496
1718 1719
2145 2146
1039 1146
2253 2353
1800 1801
886 887
2097 2098
331 333
565 570
1784 1788
2532 2540
362 363
351 354
371 372
1595 1596
2331 2333
667 668
1886 1887
947 948
2161 2162
1797 1798
797 805
20 21
63 64
1289 1290
2479 2480
2498 2499
1723 1727
390 391
1614 1615
2162 2163
580 582
1324 1329
2351 2352
656 657
373 375
2447 2448
673 674
1892 1893
357 358
1582 1583
1585 1592
2400 2401
2502 2503
1335 1336
3010 3011
603 607
1818 1819
505 905
1727 2115
2128 2131
2183 2184
359 360
1584 1586
970 974
2181 2186
2416 2417
844 845
2055 2056
821 846
1773 2398
503 504
1724 1726
70 72
2157 2165
543 544
1763 1764
1785 1786
1629 1635
949 950
938 1343
2154 2553
328 337
1554 1565
2462 2465
1224 1230
2431 2437
1820 2409
403 410
2976 2980
2999 3004
2169 2185
590 1226
1807 2433
1167 1333
604 610
1720 1721
899 903
1165 1166
977 980
1648 1649
568 570
1787 1788
915 916
1578 1579
1598 1600
1596 1599
892 893
2103 2104
399 401
1226 1227
2432 2435
2166 2167
591 1222
1808 2429
1803 1804
2398 2399
1272 1276
1388 1390
2595 2596
2602 2603
18 22
65 67
1320 1329
2530 2539
1910 1911
46 48
271 272
2983 2984
971 973
1078 1079
2291 2294
909 942
2242 2246
1219 1220
2424 2425
584 585
1192 1193
1802 1803
1161 1163
2367 2368
352 353
374 377
2325 2326
1118 1120
2123 2126
669 683
1293 1295
1111 1113
2322 2323
950 953
1109 1110
2320 2321
919 920
2133 2134
1809 2420
2985 2986
3008 3009
677 687
666 682
1361 1362
2572 2573
2402 2420
2428 2607
1057 1058
2272 2273
1305 1306
2517 2518
2307 2313
402 411
1626 1636
491 492
1719 1726
795 796
2012 2013
1384 1389
2205 2206
680 681
1900 1901
1945 1946
2972 2973
1412 1413
176 182
1413 1419
1316 1317
2526 2527
3002 3006
552 579
2240 2547
1831 1832
615 617
907 943
2442 2443
1233 1234
2515 2526
1702 2582
482 1370
417 418
1640 1641
1235 1236
2444 2445
2127 2129
2994 3000
405 413
1082 1087
999 1004
2209 2213
2974 2986
1106 1112
831 834
2042 2047
333 361
1561 1587
1740 2135
2216 2217
2535 2536
1326 1327
1048 1058
1766 2595
2509 2510
2296 2297
2794 2840
2883 2931
154 161
1399 1403
1392 1393
170 171
2412 2413
2900 2901
890 891
2394 2395
1188 1189
1628 1638
2295 2300
577 578
1041 1042
2283 2292
2998 3003
522 1198
2884 2932
1736 1740
516 523
1737 1741
534 541
223 297
1458 1527
212 225
2841 2864
2933 2952
2792 2794
2882 2883
53 54
99 101
2344 2345
2029 2030
1296 1331
2507 2542
1139 1141
50 52
2415 2544
2812 2815
2838 2839
2903 2906
2929 2930
1068 1074
1318 1319
2138 2147
2324 2580
2504 2507
1294 1296
2278 2282
1058 1104
1107 1108
2273 2316
984 1001
25 26
95 100
564 1330
1783 2541
2793 2795
1502 1507
1050 1051
2265 2266
214 224
284 287
1448 1460
1515 1518
1778 1780
2101 2102
1794 2594
617 1200
1833 2405
2226 2227
1725 2132
2506 2508
1295 1297
2418 2425
755 764
153 155
1395 1409
3014 3015
754 755
1970 1972
2389 2390
2534 2538
832 835
1200 1201
2405 2406
758 759
691 692
2549 2550
160 164
1397 1400
164 166
165 166
1402 1404
152 160
1394 1397
157 159
163 165
497 498
992 994
760 761
1977 1978
817 818
49 55
210 211
1446 1447
205 211
1441 1442
208 209
1442 1443
1444 1445
206 207
764 765
2032 2047
1198 1199
2328 2330
524 1197
1742 2404
1328 1332
2537 2543
1912 1913
791 792
2382 2383
1175 1176
858 860
1713 1714
2826 2841
2917 2933
1360 1361
657 665
1883 1884
2043 2046
1895 1896
885 886
2096 2097
286 288
2545 2548
2346 2443
938 939
1160 1174
1677 1678
2152 2154
862 864
253 336
321 356
1547 1581
863 865
2072 2073
859 870
2068 2079
746 747
1781 1782
96 104
1002 1007
2214 2219
1300 1307
2512 2519
1163 1166
2368 2371
2365 2387
2309 2310
808 810
867 868
2024 2025
202 203
1437 1439
933 934
2148 2149
158 182
1396 1419
756 757
2531 2534
471 484
689 806
1909 2022
2255 2267
762 763
1979 1980
2073 2074
283 284
1512 1515
2672 2673
2740 2741
2664 2665
2732 2733
2670 2671
2666 2667
2734 2735
2662 2663
2738 2739
2731 2742
2668 2669
2736 2737
2660 2661
2730 2731
931 932
1003 1006
2215 2218
1097 1099
2077 2078
918 919
2355 2364
1028 1132
1323 1325
2528 2529
1327 1328
2536 2537
1052 1059
2267 2275
473 493
1693 1716
218 229
1455 1463
31 33
79 80
1059 1066
121 129
143 150
1034 1039
1792 2597
1981 1982
1794 2598
675 676
1715 1716
738 739
187 195
191 195
1429 1432
190 192
1420 1439
1426 1429
197 199
1114 1115
997 1000
2195 2211
638 640
101 102
135 151
1236 1237
2445 2446
1130 1131
2337 2338
1100 1105
2310 2315
769 770
1987 1988
574 575
1791 1794
1975 1976
2033 2044
1888 1889
1989 1990
2513 2514
1302 1303
1355 1362
2565 2573
122 124
201 202
2388 2548
1144 1145
2349 2350
983 998
1333 1338
1321 1324
1359 1360
2569 2571
1381 1387
2593 2601
2716 2717
2713 2714
2650 2651
2717 2718
2651 2652
2646 2647
2631 2632
2701 2703
2640 2641
2626 2628
2638 2639
2697 2698
1304 1314
2516 2524
1382 1385
2594 2598
1386 1391
2600 2604
1314 1315
2524 2525
2013 2035
395 397
714 719
1933 1937
2570 2575
1564 1565
1950 1958
1395 1396
2071 2075
116 118
136 139
138 140
167 168
1405 1406
156 162
168 169
1406 1407
1408 1410
1407 1408
1398 1401
2334 2336
679 680
3012 3013
1312 1315
2523 2525
292 293
402 403
1626 1627
630 649
215 285
1453 1516
1517 1518
982 998
172 1303
1411 2514
447 448
871 884
2080 2094
1861 1869
1983 1984
380 392
1606 1616
1889 1890
1358 1363
2568 2574
2634 2635
2653 2677
2704 2705
2723 2746
2611 2621
2681 2690
2635 2636
2705 2706
2612 2676
2636 2637
2682 2745
2706 2707
2623 2674
2719 2720
2609 2611
2648 2649
2679 2681
2633 2634
2643 2645
2712 2715
2618 2625
2627 2629
2686 2695
2696 2700
2708 2709
2707 2708
2625 2675
2695 2744
2674 2675
2743 2744
112 117
2703 2725
2713 2729
457 459
1678 1679
1817 2245
1427 1428
193 196
1430 1433
1433 1434
1973 1974
1425 1431
189 194
728 740
1434 1435
186 188
1424 1425
198 200
2274 2276
1885 1886
2988 2992
1436 1438
1421 1423
185 186
183 184
184 204
1422 1440
767 768
1985 1986
1948 1956
1339 1341
2522 2523
1128 1129
2678 2680
2615 2617
2685 2687
2614 2615
2610 2619
2693 2721
2684 2722
2461 2462
2616 2624
2688 2694
2613 2622
2619 2620
2689 2691
2683 2684
2620 2622
2691 2692
1999 2000
115 119
1513 1515
772 773
547 548
1767 1768
1971 1973
458 461
1624 1634
804 843
1308 1310
2520 2522
2180 2182
1306 1309
2518 2521
1311 1313
131 133
1956 1958
2532 2533
780 781
1991 1992
1293 1300
2505 2512
1005 1009
1006 1116
2217 2262
942 943
1099 1100
2318 2319
766 767
729 730
1947 1949
1925 1967
61 62
107 108
1641 1642
1176 1179
22 36
67 82
1608 1616
658 659
1877 1878
1046 1047
2260 2261
19 20
1103 1105
2314 2315
2317 2318
2758 2760
2779 2781
2784 2785
2754 2757
2749 2750
2767 2769
114 115
134 135
2228 2255
966 967
751 752
1967 1968
1182 1340
2387 2550
1304 1306
1854 1855
749 750
2974 2975
2197 2198
671 678
1891 1897
125 126
2997 3002
2385 2386
929 940
2142 2156
2777 2778
2774 2775
2752 2766
2771 2788
2750 2751
2770 2783
2755 2763
2282 2283
700 750
1922 1966
386 389
477 1386
1695 2600
734 735
1951 1952
995 996
2208 2209
572 573
1155 1162
179 180
1416 1417
1414 1415
174 175
177 178
146 147
1418 1419
181 182
2764 2765
2786 2787
2759 2761
2780 2782
2753 2756
2773 2776
2768 2772
2762 2764
2747 2748
1874 1876
294 630
1525 1846
785 787
2004 2005
393 394
1618 1619
990 991
2188 2189
771 786
68 70
66 77
1221 1225
664 671
1873 1876
1127 1130
1158 1178
2335 2337
2364 2385
1730 1731
774 775
1993 1994
802 848
1681 2091
2019 2058
37 38
83 84
2987 2989
1383 1385
2598 2599
782 784
2270 2271
322 323
1548 1550
51 52
97 98
976 977
2187 2188
1451 1458
1231 1232
1055 1056
2303 2311
2656 2657
2658 2659
2726 2727
2728 2729
2068 2069
1081 1083
2654 2655
2724 2725
2979 2980
248 323
1042 1043
2256 2257
778 779
1997 1998
419 421
968 969
2178 2179
1010 1013
2222 2225
685 686
731 734
23 25
69 71
2001 2002
1919 1920
500 501
1722 1723
1938 1939
118 120
2279 2280
2220 2221
1040 1043
2789 2791
2879 2881
2825 2826
2916 2917
776 777
1995 1996
2263 2264
171 173
1393 1411
1060 1061
272 279
1498 1508
1504 1509
1587 1589
1173 1174
2379 2380
1617 1620
2211 2212
1760 1763
45 47
92 95
783 788
2003 2006
619 635
575 1384
1739 1740
1049 1050
111 113
981 982
985 997
2194 2195
2199 2210
1088 1089
2300 2301
380 381
1606 1607
42 43
88 90
293 299
502 518
1090 1098
324 325
2053 2054
937 939
376 377
1601 1602
2196 2197
1203 1204
2408 2409
1689 1691
803 804
2018 2020
2832 2833
1208 1214
908 917
2119 2129
1619 1630
2852 2871
2922 2962
2941 2961
1133 1134
372 373
1596 1597
2543 2544
2914 2915
127 129
148 150
406 407
1631 1632
55 56
1634 1636
475 1391
1769 1770
2934 2953
2830 2843
2921 2934
459 882
1679 2092
404 405
911 917
1299 1303
2511 2514
1084 1086
541 553
78 79
662 664
1881 1882
1555 1556
1298 1301
400 410
1170 1171
665 668
1882 1883
1085 1087
2298 2299
1067 1068
698 699
1119 1124
1125 1126
1625 1627
1591 1593
936 1202
2151 2407
2294 2295
1075 1076
1322 1323
1904 1905
1169 1172
2302 2308
366 367
1918 1919
57 58
103 104
269 281
2641 2642
2644 2645
2710 2711
412 414
59 60
105 106
415 416
1638 1639
93 94
2628 2629
2630 2632
2699 2700
2702 2703
327 328
1553 1554
2345 2346
2289 2290
2126 2130
733 734
355 357
365 367
718 721
1936 1939
369 371
1594 1595
378 379
1032 1203
2244 2408
492 498
494 496
1717 1719
1590 1591
2370 2453
1368 1369
1070 1071
2285 2286
2276 2277
702 703
1923 1924
507 514
730 732
1949 1950
1069 1072
2284 2287
616 1183
2372 2381
2366 2368
1031 1032
1213 1214
1863 1868
1152 1154
2358 2359
1063 1064
341 624
452 1196
1568 1840
2383 2384
1180 1333
1524 1850
2552 2553
2153 2409
1062 1063
1166 1174
2371 2380
2579 2580
1190 1191
2396 2397
1033 1164
2246 2369
1530 1851
1181 1333
1334 1337
2546 2547
2339 2551
