13267675441434307724 3709 1900
1.017904 -0.128998 0.311726
1.033026 -0.228000 0.267797
1.037121 -0.116513 0.316234
1.015153 -0.237685 0.259292
1.017904 -0.128998 0.311726
1.037121 -0.116513 0.316234
1.030034 0.007043 0.318328
1.011107 -0.005566 0.318207
0.991220 0.219036 0.194316
1.003787 0.115975 0.275648
1.022424 0.127531 0.271197
1.009026 0.228327 0.187314
0.958172 0.287965 0.086401
0.991220 0.219036 0.194316
0.958172 0.287965 0.086401
0.975188 0.293487 0.078644
0.850003 0.288533 -0.132716
0.831655 0.292039 -0.125799
0.779770 0.218483 -0.211361
0.831655 0.292039 -0.125799
0.850003 0.288533 -0.132716
0.760849 0.225951 -0.207256
0.712435 0.116759 -0.255866
0.779770 0.218483 -0.211361
0.692873 0.128240 -0.255857
0.712435 0.116759 -0.255866
0.589301 -0.094942 -0.242092
0.609787 -0.106510 -0.233397
0.551337 -0.193490 -0.179813
0.589301 -0.094942 -0.242092
0.609787 -0.106510 -0.233397
0.572090 -0.202561 -0.168747
0.551337 -0.193490 -0.179813
0.572090 -0.202561 -0.168747
0.521519 -0.293883 0.029566
0.497933 -0.293184 0.019460
0.521519 -0.293883 0.029566
0.497933 -0.293184 0.019460
0.505125 -0.275752 0.131422
0.492260 -0.215812 0.212135
0.466701 -0.223492 0.208701
0.480298 -0.279838 0.124155
0.455946 -0.132546 0.256295
0.466701 -0.223492 0.208701
0.462883 -0.011539 0.259801
0.436691 -0.021230 0.266000
0.436691 -0.021230 0.266000
0.462883 -0.011539 0.259801
0.389684 0.091284 0.247241
0.351475 0.191090 0.181743
0.326861 0.186911 0.193466
0.414718 0.098683 0.237497
0.326861 0.186911 0.193466
0.351475 0.191090 0.181743
0.261829 0.272174 0.100521
0.286612 0.272337 0.087189
0.163190 0.308966 -0.144050
0.138995 0.316367 -0.135062
0.117719 0.254620 -0.247738
0.138995 0.316367 -0.135062
0.163190 0.308966 -0.144050
0.093821 0.264320 -0.242184
0.093821 0.264320 -0.242184
0.117719 0.254620 -0.247738
0.017008 0.057094 -0.328548
0.039366 0.047095 -0.324831
0.039366 0.047095 -0.324831
0.017008 0.057094 -0.328548
-0.000874 -0.083068 -0.283703
-0.031623 -0.195305 -0.204807
-0.053462 -0.189679 -0.215260
-0.022725 -0.074501 -0.291564
-0.058637 -0.269367 -0.095602
-0.080695 -0.268192 -0.107492
-0.058637 -0.269367 -0.095602
-0.080695 -0.268192 -0.107492
-0.082729 -0.293464 0.026441
-0.105351 -0.296645 0.015307
-0.136386 -0.273715 0.132449
-0.145784 -0.194989 0.234456
-0.170076 -0.203238 0.229996
-0.113127 -0.267205 0.141020
-0.170076 -0.203238 0.229996
-0.145784 -0.194989 0.234456
-0.206131 -0.092288 0.288321
-0.180024 -0.082760 0.286256
-0.274527 0.041730 0.322156
-0.250560 0.051021 0.315963
-0.337154 0.177301 0.306356
-0.367293 0.286601 0.227647
-0.387879 0.281118 0.241520
-0.314092 0.185155 0.295531
-0.399950 0.347755 0.118991
-0.419593 0.345785 0.135698
-0.450228 0.369232 0.018269
-0.431203 0.367417 0.000364
-0.431203 0.367417 0.000364
-0.467817 0.333807 -0.099664
-0.467817 0.333807 -0.099664
-0.504063 0.257180 -0.179471
-0.522542 0.267178 -0.168706
-0.486149 0.340262 -0.084917
-0.522542 0.267178 -0.168706
-0.504063 0.257180 -0.179471
-0.598440 0.046330 -0.228221
-0.578834 0.033384 -0.230874
-0.641606 -0.071517 -0.199365
-0.598440 0.046330 -0.228221
-0.682557 -0.171860 -0.134834
-0.641606 -0.071517 -0.199365
-0.620976 -0.082608 -0.196322
-0.661508 -0.179272 -0.127212
-0.682557 -0.171860 -0.134834
-0.661508 -0.179272 -0.127212
-0.764260 -0.256024 0.075549
-0.743912 -0.251888 0.087139
-0.743912 -0.251888 0.087139
-0.779905 -0.220923 0.202466
-0.796567 -0.229976 0.191726
-0.764260 -0.256024 0.075549
-0.936900 0.204363 -0.226797
-0.958849 0.050116 -0.285657
-0.936900 0.204363 -0.226797
-0.973884 0.224622 -0.212523
-0.839129 0.389194 -0.021225
-0.875246 0.392523 0.009304
-0.801706 0.409108 0.115951
-0.839129 0.389194 -0.021225
-0.875246 0.392523 0.009304
-0.837853 0.402331 0.146240
-0.837853 0.402331 0.146240
-0.810055 0.359786 0.278194
-0.771864 0.375521 0.252598
-0.810055 0.359786 0.278194
-0.788280 0.268677 0.382735
-0.751822 0.290911 0.365052
-0.763175 0.143650 0.442210
-0.731450 0.000143 0.449433
-0.695815 0.026668 0.452590
-0.727084 0.170229 0.435067
-0.649840 -0.120414 0.404810
-0.695815 0.026668 0.452590
-0.636827 -0.260322 0.287574
-0.597844 -0.248676 0.305581
-0.636827 -0.260322 0.287574
-0.597844 -0.248676 0.305581
-0.589573 -0.331967 0.150917
-0.548030 -0.353385 0.003566
-0.507527 -0.363223 0.023321
-0.549514 -0.331666 0.171953
-0.510675 -0.310314 -0.133814
-0.471132 -0.330305 -0.118906
-0.471132 -0.330305 -0.118906
-0.510675 -0.310314 -0.133814
-0.474357 -0.215190 -0.247714
-0.436585 -0.240535 -0.240292
-0.437708 -0.081874 -0.324997
-0.403529 0.068880 -0.349196
-0.366274 0.044992 -0.362054
-0.401116 -0.108694 -0.327472
-0.368641 0.217601 -0.318718
-0.330943 0.198256 -0.341133
-0.334805 0.338696 -0.241948
-0.297429 0.325802 -0.269898
-0.266660 0.404824 -0.152109
-0.303357 0.409328 -0.124307
-0.235019 0.423322 0.012154
-0.266660 0.404824 -0.152109
-0.303357 0.409328 -0.124307
-0.270914 0.419959 0.038366
-0.235019 0.423322 0.012154
-0.270914 0.419959 0.038366
-0.172399 0.267714 0.303448
-0.134855 0.283762 0.290469
-0.100326 0.119171 0.365510
-0.062235 0.138372 0.362550
-0.100326 0.119171 0.365510
-0.035300 -0.038882 0.376317
0.003347 -0.018550 0.381018
-0.062235 0.138372 0.362550
0.006783 -0.184216 0.332450
0.045997 -0.166480 0.345604
0.006783 -0.184216 0.332450
0.045997 -0.166480 0.345604
0.037938 -0.292161 0.244823
0.075352 -0.280887 0.265055
0.114770 -0.357973 0.007976
0.094141 -0.346654 0.147599
0.057938 -0.349846 0.122302
0.080017 -0.352735 -0.018616
0.106502 -0.293502 -0.159892
0.142556 -0.307931 -0.137526
0.106502 -0.293502 -0.159892
0.142556 -0.307931 -0.137526
0.145215 -0.178593 -0.285531
0.181022 -0.199053 -0.268329
0.186388 -0.029537 -0.362861
0.227822 0.108855 -0.380879
0.262717 0.082335 -0.379535
0.221648 -0.057755 -0.353179
0.268775 0.233942 -0.334528
0.303533 0.213148 -0.342473
0.315809 0.327837 -0.235939
0.351076 0.314561 -0.251098
0.351076 0.314561 -0.251098
0.315809 0.327837 -0.235939
0.485498 0.366025 0.001725
0.415331 0.366317 -0.133544
0.377880 0.369555 -0.112013
0.446366 0.357239 0.025718
0.516191 0.297381 0.148342
0.557250 0.316623 0.126705
0.557250 0.316623 0.126705
0.516191 0.297381 0.148342
0.586979 0.205404 0.240036
0.646824 0.079124 0.290451
0.646824 0.079124 0.290451
0.686827 -0.033594 0.339876
0.682767 0.106583 0.291663
0.650202 -0.060087 0.330358
0.686827 -0.033594 0.339876
0.650202 -0.060087 0.330358
0.655176 -0.189418 0.307160
0.661480 -0.292435 0.233658
0.705146 -0.350536 0.149026
0.697935 -0.280478 0.256806
0.669107 -0.351561 0.122845
0.685052 -0.356022 -0.004005
0.722124 -0.365889 0.021953
0.705146 -0.350536 0.149026
0.717004 -0.305103 -0.134066
0.754028 -0.324564 -0.114576
0.789711 -0.232453 -0.231312
0.754028 -0.324564 -0.114576
0.752951 -0.207384 -0.242885
0.788052 -0.075520 -0.300681
0.819332 -0.103080 -0.298930
0.789711 -0.232453 -0.231312
1.033026 -0.228000 0.267797
1.037121 -0.116513 0.316234
1.011107 -0.005566 0.318207
1.030034 0.007043 0.318328
1.011107 -0.005566 0.318207
1.030034 0.007043 0.318328
1.003787 0.115975 0.275648
0.991220 0.219036 0.194316
1.022424 0.127531 0.271197
1.009026 0.228327 0.187314
1.009026 0.228327 0.187314
0.975188 0.293487 0.078644
0.958172 0.287965 0.086401
0.900858 0.314148 -0.024256
0.850003 0.288533 -0.132716
0.918445 0.315449 -0.032294
0.831655 0.292039 -0.125799
0.779770 0.218483 -0.211361
0.850003 0.288533 -0.132716
0.760849 0.225951 -0.207256
0.712435 0.116759 -0.255866
0.692873 0.128240 -0.255857
0.632434 0.018501 -0.266039
0.652860 0.006001 -0.261833
0.652860 0.006001 -0.261833
0.632434 0.018501 -0.266039
0.609787 -0.106510 -0.233397
0.551337 -0.193490 -0.179813
0.572090 -0.202561 -0.168747
0.589301 -0.094942 -0.242092
0.572090 -0.202561 -0.168747
0.551337 -0.193490 -0.179813
0.542341 -0.267279 -0.076747
0.520478 -0.262040 -0.088270
0.505125 -0.275752 0.131422
0.480298 -0.279838 0.124155
0.492260 -0.215812 0.212135
0.505125 -0.275752 0.131422
0.466701 -0.223492 0.208701
0.480298 -0.279838 0.124155
0.455946 -0.132546 0.256295
0.481973 -0.122610 0.254823
0.436691 -0.021230 0.266000
0.462883 -0.011539 0.259801
0.436691 -0.021230 0.266000
0.389684 0.091284 0.247241
0.389684 0.091284 0.247241
0.351475 0.191090 0.181743
0.414718 0.098683 0.237497
0.326861 0.186911 0.193466
0.326861 0.186911 0.193466
0.261829 0.272174 0.100521
0.261829 0.272174 0.100521
0.197498 0.320416 -0.016725
0.163190 0.308966 -0.144050
0.222782 0.316594 -0.028806
0.138995 0.316367 -0.135062
0.117719 0.254620 -0.247738
0.163190 0.308966 -0.144050
0.093821 0.264320 -0.242184
0.056352 0.173782 -0.310559
0.079535 0.162870 -0.311318
0.079535 0.162870 -0.311318
0.056352 0.173782 -0.310559
0.017008 0.057094 -0.328548
0.039366 0.047095 -0.324831
-0.022725 -0.074501 -0.291564
-0.053462 -0.189679 -0.215260
-0.000874 -0.083068 -0.283703
-0.031623 -0.195305 -0.204807
-0.031623 -0.195305 -0.204807
-0.053462 -0.189679 -0.215260
-0.082729 -0.293464 0.026441
-0.105351 -0.296645 0.015307
-0.113127 -0.267205 0.141020
-0.136386 -0.273715 0.132449
-0.145784 -0.194989 0.234456
-0.136386 -0.273715 0.132449
-0.170076 -0.203238 0.229996
-0.113127 -0.267205 0.141020
-0.206131 -0.092288 0.288321
-0.180024 -0.082760 0.286256
-0.206131 -0.092288 0.288321
-0.274527 0.041730 0.322156
-0.314092 0.185155 0.295531
-0.337154 0.177301 0.306356
-0.337154 0.177301 0.306356
-0.367293 0.286601 0.227647
-0.314092 0.185155 0.295531
-0.387879 0.281118 0.241520
-0.419593 0.345785 0.135698
-0.399950 0.347755 0.118991
-0.419593 0.345785 0.135698
-0.399950 0.347755 0.118991
-0.431203 0.367417 0.000364
-0.467817 0.333807 -0.099664
-0.467817 0.333807 -0.099664
-0.522542 0.267178 -0.168706
-0.504063 0.257180 -0.179471
-0.486149 0.340262 -0.084917
-0.559123 0.164541 -0.218626
-0.540372 0.152119 -0.224955
-0.559123 0.164541 -0.218626
-0.540372 0.152119 -0.224955
-0.578834 0.033384 -0.230874
-0.620976 -0.082608 -0.196322
-0.641606 -0.071517 -0.199365
-0.682557 -0.171860 -0.134834
-0.620976 -0.082608 -0.196322
-0.661508 -0.179272 -0.127212
-0.661508 -0.179272 -0.127212
-0.682557 -0.171860 -0.134834
-0.764260 -0.256024 0.075549
-0.743912 -0.251888 0.087139
-0.779905 -0.220923 0.202466
-0.743912 -0.251888 0.087139
-0.796567 -0.229976 0.191726
-0.764260 -0.256024 0.075549
-0.936900 0.204363 -0.226797
-0.958849 0.050116 -0.285657
-0.923112 0.331484 -0.112504
-0.973884 0.224622 -0.212523
-0.875246 0.392523 0.009304
-0.839129 0.389194 -0.021225
-0.801706 0.409108 0.115951
-0.875246 0.392523 0.009304
-0.839129 0.389194 -0.021225
-0.837853 0.402331 0.146240
-0.771864 0.375521 0.252598
-0.801706 0.409108 0.115951
-0.810055 0.359786 0.278194
-0.771864 0.375521 0.252598
-0.763175 0.143650 0.442210
-0.727084 0.170229 0.435067
-0.731450 0.000143 0.449433
-0.763175 0.143650 0.442210
-0.695815 0.026668 0.452590
-0.727084 0.170229 0.435067
-0.649840 -0.120414 0.404810
-0.695815 0.026668 0.452590
-0.687276 -0.140795 0.392256
-0.649840 -0.120414 0.404810
-0.636827 -0.260322 0.287574
-0.597844 -0.248676 0.305581
-0.549514 -0.331666 0.171953
-0.507527 -0.363223 0.023321
-0.589573 -0.331967 0.150917
-0.548030 -0.353385 0.003566
-0.471132 -0.330305 -0.118906
-0.510675 -0.310314 -0.133814
-0.474357 -0.215190 -0.247714
-0.510675 -0.310314 -0.133814
-0.437708 -0.081874 -0.324997
-0.401116 -0.108694 -0.327472
-0.403529 0.068880 -0.349196
-0.437708 -0.081874 -0.324997
-0.366274 0.044992 -0.362054
-0.401116 -0.108694 -0.327472
-0.403529 0.068880 -0.349196
-0.366274 0.044992 -0.362054
-0.368641 0.217601 -0.318718
-0.330943 0.198256 -0.341133
-0.303357 0.409328 -0.124307
-0.266660 0.404824 -0.152109
-0.270914 0.419959 0.038366
-0.303357 0.409328 -0.124307
-0.235019 0.423322 0.012154
-0.266660 0.404824 -0.152109
-0.270914 0.419959 0.038366
-0.235019 0.423322 0.012154
-0.172399 0.267714 0.303448
-0.232231 0.370696 0.188980
-0.100326 0.119171 0.365510
-0.172399 0.267714 0.303448
-0.035300 -0.038882 0.376317
-0.100326 0.119171 0.365510
0.003347 -0.018550 0.381018
-0.062235 0.138372 0.362550
-0.035300 -0.038882 0.376317
0.003347 -0.018550 0.381018
0.075352 -0.280887 0.265055
0.037938 -0.292161 0.244823
0.037938 -0.292161 0.244823
0.075352 -0.280887 0.265055
0.094141 -0.346654 0.147599
0.114770 -0.357973 0.007976
0.057938 -0.349846 0.122302
0.080017 -0.352735 -0.018616
0.142556 -0.307931 -0.137526
0.106502 -0.293502 -0.159892
0.142556 -0.307931 -0.137526
0.106502 -0.293502 -0.159892
0.186388 -0.029537 -0.362861
0.221648 -0.057755 -0.353179
0.227822 0.108855 -0.380879
0.186388 -0.029537 -0.362861
0.262717 0.082335 -0.379535
0.221648 -0.057755 -0.353179
0.227822 0.108855 -0.380879
0.262717 0.082335 -0.379535
0.303533 0.213148 -0.342473
0.351076 0.314561 -0.251098
0.377880 0.369555 -0.112013
0.415331 0.366317 -0.133544
0.485498 0.366025 0.001725
0.377880 0.369555 -0.112013
0.415331 0.366317 -0.133544
0.446366 0.357239 0.025718
0.485498 0.366025 0.001725
0.557250 0.316623 0.126705
0.586979 0.205404 0.240036
0.516191 0.297381 0.148342
0.646824 0.079124 0.290451
0.586979 0.205404 0.240036
0.650202 -0.060087 0.330358
0.646824 0.079124 0.290451
0.686827 -0.033594 0.339876
0.682767 0.106583 0.291663
0.650202 -0.060087 0.330358
0.686827 -0.033594 0.339876
0.661480 -0.292435 0.233658
0.697935 -0.280478 0.256806
0.697935 -0.280478 0.256806
0.705146 -0.350536 0.149026
0.705146 -0.350536 0.149026
0.722124 -0.365889 0.021953
0.669107 -0.351561 0.122845
0.685052 -0.356022 -0.004005
0.754028 -0.324564 -0.114576
0.717004 -0.305103 -0.134066
0.789711 -0.232453 -0.231312
0.752951 -0.207384 -0.242885
0.819332 -0.103080 -0.298930
0.752951 -0.207384 -0.242885
0.789711 -0.232453 -0.231312
0.788052 -0.075520 -0.300681
-0.687175 0.388444 0.215846
-0.668711 0.313575 0.334166
-0.644504 0.200564 0.415607
-0.623697 0.215728 0.412715
-0.348390 -0.265054 -0.237981
-0.326482 -0.279690 -0.235280
-0.348390 -0.265054 -0.237981
-0.315568 -0.134357 -0.334844
-0.294236 -0.149355 -0.337801
-0.326482 -0.279690 -0.235280
-0.040391 0.286605 0.270157
-0.104544 0.381356 0.139138
-0.018360 0.295840 0.264010
-0.040391 0.286605 0.270157
0.286606 -0.226230 -0.232243
0.265827 -0.213923 -0.241286
0.265827 -0.213923 -0.241286
0.305390 -0.089747 -0.329980
0.325870 -0.105516 -0.325328
0.286606 -0.226230 -0.232243
0.731755 0.253395 0.199944
0.660394 0.333795 0.095326
0.762140 0.135835 0.297605
0.783535 0.151190 0.299130
0.898384 -0.272528 -0.208184
0.862557 -0.355801 -0.080213
0.877021 -0.258016 -0.213584
0.894833 -0.132661 -0.291663
0.912941 -0.148071 -0.291646
0.898384 -0.272528 -0.208184
-0.610689 0.058066 0.442739
-0.589871 0.072552 0.445475
-0.278793 0.022116 -0.380482
-0.256994 0.009141 -0.389234
0.033098 0.147664 0.351226
0.055127 0.158434 0.350761
0.305390 -0.089747 -0.329980
0.345673 0.050246 -0.362202
0.365997 0.036082 -0.362296
0.325870 -0.105516 -0.325328
0.767841 -0.002591 0.350637
0.789387 0.011649 0.356774
-0.717888 0.411970 0.075789
-0.696652 0.416771 0.059224
-0.717888 0.411970 0.075789
-0.696652 0.416771 0.059224
-0.455522 -0.328990 0.185638
-0.413036 -0.371038 0.038015
-0.389557 -0.377771 0.048303
-0.432198 -0.330166 0.197221
-0.378979 -0.350504 -0.107550
-0.356069 -0.362678 -0.100378
-0.149842 0.416111 -0.017589
-0.128761 0.418854 -0.032068
-0.149842 0.416111 -0.017589
-0.128761 0.418854 -0.032068
0.215026 -0.356408 0.053943
0.197474 -0.334038 0.187823
0.176614 -0.334819 0.173377
0.194894 -0.352511 0.039231
0.227188 -0.312417 -0.110379
0.248108 -0.321252 -0.098248
0.532914 0.351060 -0.166326
0.510714 0.351855 -0.154002
0.607829 0.373734 -0.040654
0.584682 0.367674 -0.027224
0.786879 -0.346149 0.179119
0.808576 -0.373861 0.053709
0.830094 -0.380644 0.067883
0.807771 -0.346959 0.193876
0.841071 -0.343984 -0.090332
0.862557 -0.355801 -0.080213
-0.796760 0.298445 -0.166012
-0.847127 0.179591 -0.233697
-0.733467 0.378722 -0.076877
-0.775119 0.292094 -0.181087
-0.796760 0.298445 -0.166012
-0.754395 0.379445 -0.059744
-0.537772 -0.085774 0.413373
-0.559724 -0.096266 0.405680
-0.504949 -0.233127 0.313619
-0.482164 -0.227915 0.323927
-0.190979 0.302894 -0.317547
-0.244588 0.177415 -0.370579
-0.212508 0.309188 -0.301644
-0.222880 0.167120 -0.384218
-0.162623 0.390540 -0.194498
-0.190979 0.302894 -0.317547
0.159410 -0.136717 0.359797
0.136747 -0.145940 0.351533
0.160511 -0.263431 0.281280
0.182126 -0.258027 0.293256
0.441198 0.289810 -0.257689
0.406118 0.173041 -0.340758
0.385860 0.184020 -0.335655
0.462166 0.283241 -0.267195
0.510714 0.351855 -0.154002
0.441198 0.289810 -0.257689
0.773686 -0.141617 0.343864
0.779833 -0.264267 0.281151
0.779833 -0.264267 0.281151
0.801083 -0.258824 0.294440
-0.885665 0.029992 -0.277926
-0.847127 0.179591 -0.233697
-0.825508 0.169020 -0.242381
-0.867516 0.017540 -0.281153
-0.537772 -0.085774 0.413373
-0.589871 0.072552 0.445475
-0.244588 0.177415 -0.370579
-0.222880 0.167120 -0.384218
0.096580 -0.001602 0.375640
0.118935 0.009539 0.379383
0.345673 0.050246 -0.362202
0.385860 0.184020 -0.335655
0.406118 0.173041 -0.340758
0.365997 0.036082 -0.362296
0.773686 -0.141617 0.343864
0.795195 -0.130695 0.354432
-0.862506 -0.265805 0.149220
-0.877661 -0.274039 0.139451
-0.863302 -0.276153 0.019138
-0.844793 -0.272392 0.029680
-0.785007 -0.135784 -0.171929
-0.805185 -0.229218 -0.081763
-0.824107 -0.227599 -0.091468
-0.765862 -0.142526 -0.164996
-0.742015 -0.017536 -0.214176
-0.723251 -0.027624 -0.211408
-0.723251 -0.027624 -0.211408
-0.742015 -0.017536 -0.214176
-0.693868 0.109343 -0.215307
-0.676034 0.097568 -0.217721
-0.650386 0.225002 -0.187821
-0.612484 0.315840 -0.116313
-0.595676 0.306746 -0.126104
-0.633331 0.213703 -0.193578
-0.595676 0.306746 -0.126104
-0.612484 0.315840 -0.116313
-0.558699 0.365810 -0.026549
-0.575373 0.371682 -0.013135
-0.542825 0.378064 0.105417
-0.525520 0.376413 0.089130
-0.469355 0.259420 0.296426
-0.497336 0.337988 0.201821
-0.515203 0.336196 0.217018
-0.488081 0.254433 0.309045
-0.469355 0.259420 0.296426
-0.488081 0.254433 0.309045
-0.391180 -0.003495 0.352294
-0.369380 0.004957 0.346662
-0.333202 -0.138661 0.298373
-0.309455 -0.129995 0.296495
-0.288311 -0.243387 0.208290
-0.309455 -0.129995 0.296495
-0.333202 -0.138661 0.298373
-0.266215 -0.235884 0.212346
-0.249596 -0.305400 0.090732
-0.228440 -0.299479 0.098528
-0.194881 -0.309237 -0.028759
-0.215458 -0.312131 -0.038886
-0.167990 -0.263543 -0.154549
-0.188053 -0.262475 -0.165364
-0.139893 -0.167413 -0.256629
-0.167990 -0.263543 -0.154549
-0.188053 -0.262475 -0.165364
-0.159758 -0.162296 -0.266137
-0.139893 -0.167413 -0.256629
-0.159758 -0.162296 -0.266137
-0.071478 0.096665 -0.343257
-0.091814 0.105760 -0.346638
-0.035400 0.216969 -0.307553
-0.071478 0.096665 -0.343257
-0.056488 0.226895 -0.306863
-0.022497 0.311529 -0.215154
-0.000760 0.302706 -0.220206
-0.035400 0.216969 -0.307553
0.021235 0.352393 -0.091315
0.043242 0.345660 -0.099490
0.097431 0.335543 0.031087
0.074433 0.339020 0.042075
0.097431 0.335543 0.031087
0.163745 0.271529 0.153287
0.163745 0.271529 0.153287
0.207057 0.166569 0.250527
0.229446 0.170370 0.239863
0.141203 0.271381 0.165414
0.229446 0.170370 0.239863
0.207057 0.166569 0.250527
0.290608 0.062002 0.285804
0.267838 0.055272 0.294667
0.352939 -0.171869 0.262121
0.333030 -0.059585 0.290533
0.365545 -0.253884 0.195108
0.329265 -0.180906 0.263460
0.342297 -0.260869 0.191984
0.352939 -0.171869 0.262121
0.365545 -0.253884 0.195108
0.342297 -0.260869 0.191984
0.404586 -0.290419 -0.020539
0.383132 -0.289783 -0.029732
0.433952 -0.241306 -0.133873
0.404586 -0.290419 -0.020539
0.383132 -0.289783 -0.029732
0.414066 -0.236540 -0.144354
0.469205 -0.157589 -0.223611
0.433952 -0.241306 -0.133873
0.489593 -0.038638 -0.284415
0.508226 -0.049160 -0.276506
0.489593 -0.038638 -0.284415
0.508226 -0.049160 -0.276506
0.597663 0.184118 -0.255818
0.551593 0.067974 -0.282682
0.533014 0.079345 -0.286507
0.615456 0.173676 -0.255825
0.615456 0.173676 -0.255825
0.685963 0.255505 -0.191011
0.742349 0.309106 -0.092130
0.759038 0.305917 -0.098422
0.759038 0.305917 -0.098422
0.742349 0.309106 -0.092130
0.831255 0.308998 0.007556
0.875353 0.261088 0.124158
0.890830 0.266111 0.117102
0.815258 0.307814 0.014867
0.875353 0.261088 0.124158
0.904550 0.173813 0.228400
0.913076 0.059729 0.297311
0.930028 0.070240 0.293263
0.936200 -0.055468 0.317727
0.918984 -0.066936 0.317617
0.918984 -0.066936 0.317617
0.924373 -0.189767 0.289784
0.941852 -0.178410 0.293884
0.936200 -0.055468 0.317727
0.944415 -0.276016 0.225630
0.941852 -0.178410 0.293884
1.033026 -0.228000 0.267797
1.037121 -0.116513 0.316234
1.011107 -0.005566 0.318207
1.030034 0.007043 0.318328
1.030034 0.007043 0.318328
1.022424 0.127531 0.271197
1.003787 0.115975 0.275648
1.011107 -0.005566 0.318207
1.003787 0.115975 0.275648
1.022424 0.127531 0.271197
0.975188 0.293487 0.078644
0.958172 0.287965 0.086401
0.918445 0.315449 -0.032294
0.900858 0.314148 -0.024256
0.850003 0.288533 -0.132716
0.900858 0.314148 -0.024256
0.918445 0.315449 -0.032294
0.831655 0.292039 -0.125799
0.831655 0.292039 -0.125799
0.850003 0.288533 -0.132716
0.712435 0.116759 -0.255866
0.692873 0.128240 -0.255857
0.632434 0.018501 -0.266039
0.652860 0.006001 -0.261833
0.589301 -0.094942 -0.242092
0.632434 0.018501 -0.266039
0.652860 0.006001 -0.261833
0.609787 -0.106510 -0.233397
0.589301 -0.094942 -0.242092
0.609787 -0.106510 -0.233397
0.520478 -0.262040 -0.088270
0.542341 -0.267279 -0.076747
0.542341 -0.267279 -0.076747
0.520478 -0.262040 -0.088270
0.521519 -0.293883 0.029566
0.505125 -0.275752 0.131422
0.480298 -0.279838 0.124155
0.497933 -0.293184 0.019460
0.492260 -0.215812 0.212135
0.466701 -0.223492 0.208701
0.492260 -0.215812 0.212135
0.481973 -0.122610 0.254823
0.481973 -0.122610 0.254823
0.455946 -0.132546 0.256295
0.436691 -0.021230 0.266000
0.414718 0.098683 0.237497
0.389684 0.091284 0.247241
0.462883 -0.011539 0.259801
0.351475 0.191090 0.181743
0.326861 0.186911 0.193466
0.286612 0.272337 0.087189
0.261829 0.272174 0.100521
0.222782 0.316594 -0.028806
0.286612 0.272337 0.087189
0.163190 0.308966 -0.144050
0.197498 0.320416 -0.016725
0.222782 0.316594 -0.028806
0.138995 0.316367 -0.135062
0.138995 0.316367 -0.135062
0.163190 0.308966 -0.144050
0.056352 0.173782 -0.310559
0.079535 0.162870 -0.311318
0.017008 0.057094 -0.328548
0.056352 0.173782 -0.310559
0.039366 0.047095 -0.324831
-0.000874 -0.083068 -0.283703
-0.022725 -0.074501 -0.291564
0.017008 0.057094 -0.328548
-0.031623 -0.195305 -0.204807
-0.053462 -0.189679 -0.215260
-0.031623 -0.195305 -0.204807
-0.053462 -0.189679 -0.215260
-0.058637 -0.269367 -0.095602
-0.082729 -0.293464 0.026441
-0.082729 -0.293464 0.026441
-0.113127 -0.267205 0.141020
-0.136386 -0.273715 0.132449
-0.105351 -0.296645 0.015307
-0.145784 -0.194989 0.234456
-0.170076 -0.203238 0.229996
-0.206131 -0.092288 0.288321
-0.180024 -0.082760 0.286256
-0.206131 -0.092288 0.288321
-0.250560 0.051021 0.315963
-0.274527 0.041730 0.322156
-0.180024 -0.082760 0.286256
-0.314092 0.185155 0.295531
-0.250560 0.051021 0.315963
-0.367293 0.286601 0.227647
-0.387879 0.281118 0.241520
-0.367293 0.286601 0.227647
-0.387879 0.281118 0.241520
-0.450228 0.369232 0.018269
-0.419593 0.345785 0.135698
-0.399950 0.347755 0.118991
-0.431203 0.367417 0.000364
-0.486149 0.340262 -0.084917
-0.450228 0.369232 0.018269
-0.504063 0.257180 -0.179471
-0.522542 0.267178 -0.168706
-0.559123 0.164541 -0.218626
-0.540372 0.152119 -0.224955
-0.598440 0.046330 -0.228221
-0.559123 0.164541 -0.218626
-0.540372 0.152119 -0.224955
-0.578834 0.033384 -0.230874
-0.578834 0.033384 -0.230874
-0.620976 -0.082608 -0.196322
-0.641606 -0.071517 -0.199365
-0.620976 -0.082608 -0.196322
-0.722852 -0.236259 -0.039537
-0.702048 -0.238038 -0.028868
-0.764260 -0.256024 0.075549
-0.722852 -0.236259 -0.039537
-0.702048 -0.238038 -0.028868
-0.743912 -0.251888 0.087139
-0.779905 -0.220923 0.202466
-0.796567 -0.229976 0.191726
-0.990078 0.072612 -0.281909
-0.958849 0.050116 -0.285657
-0.923112 0.331484 -0.112504
-0.936900 0.204363 -0.226797
-0.973884 0.224622 -0.212523
-0.886119 0.318138 -0.137585
-0.886119 0.318138 -0.137585
-0.923112 0.331484 -0.112504
-0.801706 0.409108 0.115951
-0.837853 0.402331 0.146240
-0.771864 0.375521 0.252598
-0.810055 0.359786 0.278194
-0.751822 0.290911 0.365052
-0.771864 0.375521 0.252598
-0.810055 0.359786 0.278194
-0.788280 0.268677 0.382735
-0.763175 0.143650 0.442210
-0.727084 0.170229 0.435067
-0.763175 0.143650 0.442210
-0.727084 0.170229 0.435067
-0.731450 0.000143 0.449433
-0.687276 -0.140795 0.392256
-0.687276 -0.140795 0.392256
-0.636827 -0.260322 0.287574
-0.597844 -0.248676 0.305581
-0.649840 -0.120414 0.404810
-0.589573 -0.331967 0.150917
-0.549514 -0.331666 0.171953
-0.589573 -0.331967 0.150917
-0.549514 -0.331666 0.171953
-0.548030 -0.353385 0.003566
-0.510675 -0.310314 -0.133814
-0.474357 -0.215190 -0.247714
-0.471132 -0.330305 -0.118906
-0.510675 -0.310314 -0.133814
-0.436585 -0.240535 -0.240292
-0.437708 -0.081874 -0.324997
-0.401116 -0.108694 -0.327472
-0.437708 -0.081874 -0.324997
-0.401116 -0.108694 -0.327472
-0.403529 0.068880 -0.349196
-0.368641 0.217601 -0.318718
-0.368641 0.217601 -0.318718
-0.334805 0.338696 -0.241948
-0.297429 0.325802 -0.269898
-0.330943 0.198256 -0.341133
-0.297429 0.325802 -0.269898
-0.334805 0.338696 -0.241948
-0.235019 0.423322 0.012154
-0.270914 0.419959 0.038366
-0.194914 0.381715 0.167188
-0.235019 0.423322 0.012154
-0.270914 0.419959 0.038366
-0.232231 0.370696 0.188980
-0.172399 0.267714 0.303448
-0.232231 0.370696 0.188980
-0.134855 0.283762 0.290469
-0.172399 0.267714 0.303448
-0.100326 0.119171 0.365510
-0.062235 0.138372 0.362550
-0.035300 -0.038882 0.376317
0.006783 -0.184216 0.332450
0.045997 -0.166480 0.345604
0.003347 -0.018550 0.381018
0.075352 -0.280887 0.265055
0.045997 -0.166480 0.345604
0.057938 -0.349846 0.122302
0.094141 -0.346654 0.147599
0.114770 -0.357973 0.007976
0.080017 -0.352735 -0.018616
0.080017 -0.352735 -0.018616
0.106502 -0.293502 -0.159892
0.142556 -0.307931 -0.137526
0.114770 -0.357973 0.007976
0.181022 -0.199053 -0.268329
0.142556 -0.307931 -0.137526
0.186388 -0.029537 -0.362861
0.221648 -0.057755 -0.353179
0.186388 -0.029537 -0.362861
0.221648 -0.057755 -0.353179
0.227822 0.108855 -0.380879
0.268775 0.233942 -0.334528
0.303533 0.213148 -0.342473
0.262717 0.082335 -0.379535
0.303533 0.213148 -0.342473
0.268775 0.233942 -0.334528
0.377880 0.369555 -0.112013
0.415331 0.366317 -0.133544
0.485498 0.366025 0.001725
0.446366 0.357239 0.025718
0.485498 0.366025 0.001725
0.516191 0.297381 0.148342
0.557250 0.316623 0.126705
0.446366 0.357239 0.025718
0.586979 0.205404 0.240036
0.630531 0.229724 0.223671
0.646824 0.079124 0.290451
0.682767 0.106583 0.291663
0.646824 0.079124 0.290451
0.650202 -0.060087 0.330358
0.691911 -0.168059 0.324954
0.686827 -0.033594 0.339876
0.650202 -0.060087 0.330358
0.655176 -0.189418 0.307160
0.697935 -0.280478 0.256806
0.691911 -0.168059 0.324954
0.697935 -0.280478 0.256806
0.661480 -0.292435 0.233658
0.669107 -0.351561 0.122845
0.705146 -0.350536 0.149026
0.685052 -0.356022 -0.004005
0.717004 -0.305103 -0.134066
0.754028 -0.324564 -0.114576
0.722124 -0.365889 0.021953
0.717004 -0.305103 -0.134066
0.752951 -0.207384 -0.242885
0.752951 -0.207384 -0.242885
0.789711 -0.232453 -0.231312
-0.668711 0.313575 0.334166
-0.647551 0.326689 0.325175
-0.644504 0.200564 0.415607
-0.668711 0.313575 0.334166
-0.623697 0.215728 0.412715
-0.647551 0.326689 0.325175
-0.348390 -0.265054 -0.237981
-0.378979 -0.350504 -0.107550
-0.315568 -0.134357 -0.334844
-0.294236 -0.149355 -0.337801
-0.040391 0.286605 0.270157
-0.104544 0.381356 0.139138
0.033098 0.147664 0.351226
-0.018360 0.295840 0.264010
0.055127 0.158434 0.350761
-0.040391 0.286605 0.270157
0.286606 -0.226230 -0.232243
0.265827 -0.213923 -0.241286
0.305390 -0.089747 -0.329980
0.325870 -0.105516 -0.325328
0.731755 0.253395 0.199944
0.756458 0.267429 0.192525
0.762140 0.135835 0.297605
0.731755 0.253395 0.199944
0.783535 0.151190 0.299130
0.756458 0.267429 0.192525
0.898384 -0.272528 -0.208184
0.877021 -0.258016 -0.213584
0.894833 -0.132661 -0.291663
0.912941 -0.148071 -0.291646
-0.610689 0.058066 0.442739
-0.644504 0.200564 0.415607
-0.278793 0.022116 -0.380482
-0.315568 -0.134357 -0.334844
-0.256994 0.009141 -0.389234
-0.294236 -0.149355 -0.337801
0.033098 0.147664 0.351226
0.055127 0.158434 0.350761
0.345673 0.050246 -0.362202
0.365997 0.036082 -0.362296
0.767841 -0.002591 0.350637
0.762140 0.135835 0.297605
-0.717888 0.411970 0.075789
-0.754395 0.379445 -0.059744
-0.696652 0.416771 0.059224
-0.733467 0.378722 -0.076877
-0.717888 0.411970 0.075789
-0.696652 0.416771 0.059224
-0.432198 -0.330166 0.197221
-0.455522 -0.328990 0.185638
-0.389557 -0.377771 0.048303
-0.356069 -0.362678 -0.100378
-0.413036 -0.371038 0.038015
-0.378979 -0.350504 -0.107550
-0.128761 0.418854 -0.032068
-0.162623 0.390540 -0.194498
-0.149842 0.416111 -0.017589
-0.128761 0.418854 -0.032068
0.197474 -0.334038 0.187823
0.176614 -0.334819 0.173377
0.215026 -0.356408 0.053943
0.248108 -0.321252 -0.098248
0.194894 -0.352511 0.039231
0.227188 -0.312417 -0.110379
0.584682 0.367674 -0.027224
0.607829 0.373734 -0.040654
0.607829 0.373734 -0.040654
0.684643 0.345348 0.083754
0.807771 -0.346959 0.193876
0.786879 -0.346149 0.179119
0.833504 -0.378035 0.052326
0.862557 -0.355801 -0.080213
0.811989 -0.370722 0.038578
0.841071 -0.343984 -0.090332
-0.796760 0.298445 -0.166012
-0.847127 0.179591 -0.233697
-0.754395 0.379445 -0.059744
-0.733467 0.378722 -0.076877
-0.504949 -0.233127 0.313619
-0.537772 -0.085774 0.413373
-0.482164 -0.227915 0.323927
-0.559724 -0.096266 0.405680
-0.432198 -0.330166 0.197221
-0.455522 -0.328990 0.185638
-0.212508 0.309188 -0.301644
-0.190979 0.302894 -0.317547
-0.183473 0.392091 -0.179073
-0.162623 0.390540 -0.194498
0.160511 -0.263431 0.281280
0.136747 -0.145940 0.351533
0.182126 -0.258027 0.293256
0.159410 -0.136717 0.359797
0.197474 -0.334038 0.187823
0.176614 -0.334819 0.173377
0.406118 0.173041 -0.340758
0.462166 0.283241 -0.267195
0.510714 0.351855 -0.154002
0.441198 0.289810 -0.257689
0.779833 -0.264267 0.281151
0.773686 -0.141617 0.343864
0.801083 -0.258824 0.294440
0.795195 -0.130695 0.354432
0.807771 -0.346959 0.193876
0.786879 -0.346149 0.179119
-0.847127 0.179591 -0.233697
-0.825508 0.169020 -0.242381
-0.559724 -0.096266 0.405680
-0.537772 -0.085774 0.413373
-0.244588 0.177415 -0.370579
-0.278793 0.022116 -0.380482
-0.222880 0.167120 -0.384218
-0.256994 0.009141 -0.389234
0.096580 -0.001602 0.375640
0.118935 0.009539 0.379383
0.385860 0.184020 -0.335655
0.406118 0.173041 -0.340758
0.773686 -0.141617 0.343864
0.767841 -0.002591 0.350637
-0.862506 -0.265805 0.149220
-0.844793 -0.272392 0.029680
-0.877661 -0.274039 0.139451
-0.863302 -0.276153 0.019138
-0.805185 -0.229218 -0.081763
-0.824107 -0.227599 -0.091468
-0.805185 -0.229218 -0.081763
-0.765862 -0.142526 -0.164996
-0.742015 -0.017536 -0.214176
-0.785007 -0.135784 -0.171929
-0.693868 0.109343 -0.215307
-0.742015 -0.017536 -0.214176
-0.676034 0.097568 -0.217721
-0.723251 -0.027624 -0.211408
-0.693868 0.109343 -0.215307
-0.676034 0.097568 -0.217721
-0.612484 0.315840 -0.116313
-0.595676 0.306746 -0.126104
-0.558699 0.365810 -0.026549
-0.612484 0.315840 -0.116313
-0.595676 0.306746 -0.126104
-0.575373 0.371682 -0.013135
-0.525520 0.376413 0.089130
-0.558699 0.365810 -0.026549
-0.542825 0.378064 0.105417
-0.525520 0.376413 0.089130
-0.469355 0.259420 0.296426
-0.488081 0.254433 0.309045
-0.449405 0.139069 0.359047
-0.469355 0.259420 0.296426
-0.428427 0.146214 0.349200
-0.488081 0.254433 0.309045
-0.391180 -0.003495 0.352294
-0.369380 0.004957 0.346662
-0.369380 0.004957 0.346662
-0.309455 -0.129995 0.296495
-0.309455 -0.129995 0.296495
-0.266215 -0.235884 0.212346
-0.266215 -0.235884 0.212346
-0.249596 -0.305400 0.090732
-0.288311 -0.243387 0.208290
-0.228440 -0.299479 0.098528
-0.249596 -0.305400 0.090732
-0.215458 -0.312131 -0.038886
-0.167990 -0.263543 -0.154549
-0.188053 -0.262475 -0.165364
-0.167990 -0.263543 -0.154549
-0.188053 -0.262475 -0.165364
-0.129078 -0.032800 -0.329824
-0.159758 -0.162296 -0.266137
-0.109202 -0.040593 -0.322674
-0.139893 -0.167413 -0.256629
-0.129078 -0.032800 -0.329824
-0.109202 -0.040593 -0.322674
-0.091814 0.105760 -0.346638
-0.071478 0.096665 -0.343257
-0.000760 0.302706 -0.220206
-0.022497 0.311529 -0.215154
0.021235 0.352393 -0.091315
-0.000760 0.302706 -0.220206
0.043242 0.345660 -0.099490
-0.022497 0.311529 -0.215154
0.021235 0.352393 -0.091315
0.043242 0.345660 -0.099490
0.141203 0.271381 0.165414
0.074433 0.339020 0.042075
0.163745 0.271529 0.153287
0.229446 0.170370 0.239863
0.267838 0.055272 0.294667
0.229446 0.170370 0.239863
0.290608 0.062002 0.285804
0.207057 0.166569 0.250527
0.290608 0.062002 0.285804
0.333030 -0.059585 0.290533
0.309205 -0.068400 0.296172
0.333030 -0.059585 0.290533
0.342297 -0.260869 0.191984
0.365545 -0.253884 0.195108
0.365545 -0.253884 0.195108
0.382040 -0.296008 0.095394
0.342297 -0.260869 0.191984
0.359457 -0.299725 0.088784
0.404586 -0.290419 -0.020539
0.383132 -0.289783 -0.029732
0.404586 -0.290419 -0.020539
0.383132 -0.289783 -0.029732
0.433952 -0.241306 -0.133873
0.414066 -0.236540 -0.144354
0.489593 -0.038638 -0.284415
0.450329 -0.149338 -0.233677
0.508226 -0.049160 -0.276506
0.469205 -0.157589 -0.223611
0.489593 -0.038638 -0.284415
0.508226 -0.049160 -0.276506
0.597663 0.184118 -0.255818
0.533014 0.079345 -0.286507
0.668752 0.262298 -0.187277
0.597663 0.184118 -0.255818
0.742349 0.309106 -0.092130
0.685963 0.255505 -0.191011
0.759038 0.305917 -0.098422
0.668752 0.262298 -0.187277
0.815258 0.307814 0.014867
0.742349 0.309106 -0.092130
0.831255 0.308998 0.007556
0.890830 0.266111 0.117102
0.904550 0.173813 0.228400
0.875353 0.261088 0.124158
0.913076 0.059729 0.297311
0.904550 0.173813 0.228400
0.930028 0.070240 0.293263
0.920747 0.182264 0.222030
0.913076 0.059729 0.297311
0.930028 0.070240 0.293263
0.924373 -0.189767 0.289784
0.941852 -0.178410 0.293884
0.928157 -0.284825 0.217893
0.924373 -0.189767 0.289784
1.015153 -0.237685 0.259292
1.017904 -0.128998 0.311726
1.033026 -0.228000 0.267797
1.037121 -0.116513 0.316234
1.011107 -0.005566 0.318207
1.030034 0.007043 0.318328
1.011107 -0.005566 0.318207
1.030034 0.007043 0.318328
1.003787 0.115975 0.275648
0.991220 0.219036 0.194316
0.991220 0.219036 0.194316
0.958172 0.287965 0.086401
1.009026 0.228327 0.187314
0.975188 0.293487 0.078644
0.958172 0.287965 0.086401
0.900858 0.314148 -0.024256
0.850003 0.288533 -0.132716
0.918445 0.315449 -0.032294
0.831655 0.292039 -0.125799
0.779770 0.218483 -0.211361
0.850003 0.288533 -0.132716
0.760849 0.225951 -0.207256
0.712435 0.116759 -0.255866
0.692873 0.128240 -0.255857
0.632434 0.018501 -0.266039
0.652860 0.006001 -0.261833
0.652860 0.006001 -0.261833
0.632434 0.018501 -0.266039
0.609787 -0.106510 -0.233397
0.551337 -0.193490 -0.179813
0.572090 -0.202561 -0.168747
0.589301 -0.094942 -0.242092
0.520478 -0.262040 -0.088270
0.551337 -0.193490 -0.179813
0.542341 -0.267279 -0.076747
0.520478 -0.262040 -0.088270
0.505125 -0.275752 0.131422
0.480298 -0.279838 0.124155
0.492260 -0.215812 0.212135
0.505125 -0.275752 0.131422
0.466701 -0.223492 0.208701
0.480298 -0.279838 0.124155
0.492260 -0.215812 0.212135
0.481973 -0.122610 0.254823
0.436691 -0.021230 0.266000
0.462883 -0.011539 0.259801
0.436691 -0.021230 0.266000
0.389684 0.091284 0.247241
0.389684 0.091284 0.247241
0.351475 0.191090 0.181743
0.414718 0.098683 0.237497
0.326861 0.186911 0.193466
0.326861 0.186911 0.193466
0.261829 0.272174 0.100521
0.261829 0.272174 0.100521
0.197498 0.320416 -0.016725
0.163190 0.308966 -0.144050
0.222782 0.316594 -0.028806
0.138995 0.316367 -0.135062
0.117719 0.254620 -0.247738
0.163190 0.308966 -0.144050
0.093821 0.264320 -0.242184
0.056352 0.173782 -0.310559
0.079535 0.162870 -0.311318
0.017008 0.057094 -0.328548
0.039366 0.047095 -0.324831
0.017008 0.057094 -0.328548
0.039366 0.047095 -0.324831
-0.022725 -0.074501 -0.291564
-0.053462 -0.189679 -0.215260
-0.000874 -0.083068 -0.283703
-0.031623 -0.195305 -0.204807
-0.031623 -0.195305 -0.204807
-0.053462 -0.189679 -0.215260
-0.058637 -0.269367 -0.095602
-0.080695 -0.268192 -0.107492
-0.113127 -0.267205 0.141020
-0.136386 -0.273715 0.132449
-0.145784 -0.194989 0.234456
-0.136386 -0.273715 0.132449
-0.170076 -0.203238 0.229996
-0.113127 -0.267205 0.141020
-0.206131 -0.092288 0.288321
-0.180024 -0.082760 0.286256
-0.206131 -0.092288 0.288321
-0.274527 0.041730 0.322156
-0.314092 0.185155 0.295531
-0.250560 0.051021 0.315963
-0.337154 0.177301 0.306356
-0.367293 0.286601 0.227647
-0.314092 0.185155 0.295531
-0.387879 0.281118 0.241520
-0.419593 0.345785 0.135698
-0.399950 0.347755 0.118991
-0.419593 0.345785 0.135698
-0.399950 0.347755 0.118991
-0.431203 0.367417 0.000364
-0.450228 0.369232 0.018269
-0.467817 0.333807 -0.099664
-0.522542 0.267178 -0.168706
-0.504063 0.257180 -0.179471
-0.486149 0.340262 -0.084917
-0.559123 0.164541 -0.218626
-0.540372 0.152119 -0.224955
-0.559123 0.164541 -0.218626
-0.540372 0.152119 -0.224955
-0.578834 0.033384 -0.230874
-0.620976 -0.082608 -0.196322
-0.641606 -0.071517 -0.199365
-0.682557 -0.171860 -0.134834
-0.620976 -0.082608 -0.196322
-0.661508 -0.179272 -0.127212
-0.661508 -0.179272 -0.127212
-0.682557 -0.171860 -0.134834
-0.764260 -0.256024 0.075549
-0.743912 -0.251888 0.087139
-0.779905 -0.220923 0.202466
-0.743912 -0.251888 0.087139
0.808576 -0.373861 0.053709
0.830094 -0.380644 0.067883
-0.990078 0.072612 -0.281909
-0.958849 0.050116 -0.285657
-0.936900 0.204363 -0.226797
-0.886119 0.318138 -0.137585
-0.875246 0.392523 0.009304
-0.923112 0.331484 -0.112504
-0.839129 0.389194 -0.021225
-0.886119 0.318138 -0.137585
-0.875246 0.392523 0.009304
-0.837853 0.402331 0.146240
-0.837853 0.402331 0.146240
-0.801706 0.409108 0.115951
-0.751822 0.290911 0.365052
-0.788280 0.268677 0.382735
-0.763175 0.143650 0.442210
-0.788280 0.268677 0.382735
-0.727084 0.170229 0.435067
-0.751822 0.290911 0.365052
-0.763175 0.143650 0.442210
-0.727084 0.170229 0.435067
-0.731450 0.000143 0.449433
-0.695815 0.026668 0.452590
-0.597844 -0.248676 0.305581
-0.636827 -0.260322 0.287574
-0.636827 -0.260322 0.287574
-0.549514 -0.331666 0.171953
-0.589573 -0.331967 0.150917
-0.597844 -0.248676 0.305581
-0.507527 -0.363223 0.023321
-0.548030 -0.353385 0.003566
-0.471132 -0.330305 -0.118906
-0.510675 -0.310314 -0.133814
-0.471132 -0.330305 -0.118906
-0.436585 -0.240535 -0.240292
-0.437708 -0.081874 -0.324997
-0.474357 -0.215190 -0.247714
-0.401116 -0.108694 -0.327472
-0.436585 -0.240535 -0.240292
-0.437708 -0.081874 -0.324997
-0.401116 -0.108694 -0.327472
-0.403529 0.068880 -0.349196
-0.366274 0.044992 -0.362054
-0.297429 0.325802 -0.269898
-0.334805 0.338696 -0.241948
-0.303357 0.409328 -0.124307
-0.334805 0.338696 -0.241948
-0.266660 0.404824 -0.152109
-0.297429 0.325802 -0.269898
-0.303357 0.409328 -0.124307
-0.266660 0.404824 -0.152109
-0.232231 0.370696 0.188980
-0.194914 0.381715 0.167188
-0.194914 0.381715 0.167188
-0.134855 0.283762 0.290469
-0.100326 0.119171 0.365510
-0.134855 0.283762 0.290469
-0.062235 0.138372 0.362550
-0.172399 0.267714 0.303448
-0.100326 0.119171 0.365510
-0.062235 0.138372 0.362550
0.006783 -0.184216 0.332450
0.045997 -0.166480 0.345604
0.075352 -0.280887 0.265055
0.037938 -0.292161 0.244823
0.037938 -0.292161 0.244823
0.094141 -0.346654 0.147599
0.057938 -0.349846 0.122302
0.075352 -0.280887 0.265055
0.114770 -0.357973 0.007976
0.080017 -0.352735 -0.018616
0.114770 -0.357973 0.007976
0.080017 -0.352735 -0.018616
0.142556 -0.307931 -0.137526
0.181022 -0.199053 -0.268329
0.186388 -0.029537 -0.362861
0.145215 -0.178593 -0.285531
0.221648 -0.057755 -0.353179
0.181022 -0.199053 -0.268329
0.186388 -0.029537 -0.362861
0.221648 -0.057755 -0.353179
0.268775 0.233942 -0.334528
0.303533 0.213148 -0.342473
0.303533 0.213148 -0.342473
0.268775 0.233942 -0.334528
0.377880 0.369555 -0.112013
0.351076 0.314561 -0.251098
0.415331 0.366317 -0.133544
0.315809 0.327837 -0.235939
0.377880 0.369555 -0.112013
0.415331 0.366317 -0.133544
0.516191 0.297381 0.148342
0.446366 0.357239 0.025718
0.586979 0.205404 0.240036
0.630531 0.229724 0.223671
0.646824 0.079124 0.290451
0.586979 0.205404 0.240036
0.682767 0.106583 0.291663
0.630531 0.229724 0.223671
0.646824 0.079124 0.290451
0.682767 0.106583 0.291663
0.655176 -0.189418 0.307160
0.691911 -0.168059 0.324954
0.661480 -0.292435 0.233658
0.655176 -0.189418 0.307160
0.697935 -0.280478 0.256806
0.691911 -0.168059 0.324954
0.661480 -0.292435 0.233658
0.669107 -0.351561 0.122845
0.722124 -0.365889 0.021953
0.685052 -0.356022 -0.004005
0.722124 -0.365889 0.021953
0.685052 -0.356022 -0.004005
0.789711 -0.232453 -0.231312
0.717004 -0.305103 -0.134066
0.754028 -0.324564 -0.114576
0.752951 -0.207384 -0.242885
0.752951 -0.207384 -0.242885
0.788052 -0.075520 -0.300681
-0.906569 0.396732 0.065717
-0.249256 -0.187867 -0.356832
-0.583763 -0.333689 -0.039306
-0.118661 0.399383 -0.235904
-0.261741 0.342674 0.228281
0.735772 0.381234 0.060047
0.416382 0.333595 0.071487
0.851823 -0.361163 0.231223
0.652107 -0.336223 -0.052294
0.819133 0.052058 -0.317967
-0.579825 0.255147 0.418924
0.101575 0.186361 0.360187
-0.261741 0.342674 0.228281
-0.065972 -0.086219 0.358789
-0.383018 -0.344606 0.227764
-0.249256 -0.187867 -0.356832
0.241458 -0.344343 0.224293
0.048509 -0.335847 -0.071299
0.369052 -0.144241 -0.327362
0.369052 -0.144241 -0.327362
0.197892 0.157525 -0.374898
0.735772 0.381234 0.060047
0.369052 -0.144241 -0.327362
0.840546 -0.112105 0.388022
-0.383018 -0.344606 0.227764
-0.118661 0.399383 -0.235904
-0.402437 0.259872 -0.281774
0.416382 0.333595 0.071487
-0.880274 -0.102707 -0.297541
0.324548 -0.315836 -0.052787
0.653360 -0.148795 -0.232528
-0.463376 0.245698 -0.225094
-0.537615 0.260811 0.363417
-0.615414 -0.217602 -0.120319
-0.793141 -0.192357 0.303986
0.869452 0.040471 0.329713
0.955578 0.341006 -0.059715
-0.038276 0.395226 -0.081070
0.170923 0.245259 -0.284696
0.014646 -0.231094 -0.190684
-0.092550 -0.188498 0.265815
0.469548 0.127984 0.231142
-0.038276 0.395226 -0.081070
0.170923 0.245259 -0.284696
0.014646 -0.231094 -0.190684
0.014646 -0.231094 -0.190684
-0.242059 -0.285873 -0.203288
-0.092550 -0.188498 0.265815
-0.537615 0.260811 0.363417
-0.615414 -0.217602 -0.120319
-0.873987 -0.247821 -0.127382
0.653360 -0.148795 -0.232528
0.324548 -0.315836 -0.052787
0.208098 0.043969 0.341526
0.548573 -0.210972 0.238911
0.653360 -0.148795 -0.232528
0.547292 0.223543 -0.279204
0.548573 -0.210972 0.238911
0.324548 -0.315836 -0.052787
-0.110238 0.264725 -0.333880
-0.242059 -0.285873 -0.203288
-0.395985 -0.171767 0.328623
-0.112074 0.260685 -0.316535
-0.305365 -0.332580 0.071236
-0.463797 0.242430 -0.211004
-0.322434 0.307694 0.202728
0.868390 0.032255 0.316990
0.550760 0.217885 -0.265644
0.550760 0.217885 -0.265644
0.572913 -0.306122 0.052022
0.081781 0.279216 0.202691
-0.305365 -0.332580 0.071236
0.015963 -0.215342 -0.189410
-0.092852 -0.183772 0.251048
0.299929 -0.320709 0.072454
0.081781 0.279216 0.202691
-0.112074 0.260685 -0.316535
0.015963 -0.215342 -0.189410
-0.322434 0.307694 0.202728
-0.588440 0.394366 0.152016
-0.793322 -0.184948 0.290465
-0.873987 -0.231639 -0.122255
0.572913 -0.306122 0.052022
0.299929 -0.320709 0.072454
0.299929 -0.320709 0.072454
0.572913 -0.306122 0.052022
0.169792 0.240457 -0.269820
-0.112074 0.260685 -0.316535
0.539174 0.212035 -0.302486
0.652365 -0.179719 -0.231057
0.283255 -0.299798 0.233755
0.652365 -0.179719 -0.231057
-0.583643 0.429280 0.121321
-0.463035 0.230341 -0.250608
-0.873987 -0.277626 -0.115328
-0.794622 -0.184343 0.333889
0.539174 0.212035 -0.302486
0.652365 -0.179719 -0.231057
-0.304286 -0.356222 0.112359
0.206635 0.071515 0.351847
0.467423 0.154730 0.230937
0.172004 0.234454 -0.311599
-0.040292 0.405905 -0.113295
0.467423 0.154730 0.230937
-0.106639 0.249755 -0.364479
0.014521 -0.260930 -0.172871
-0.304286 -0.356222 0.112359
-0.106639 0.249755 -0.364479
-0.330226 0.349239 0.195397
-0.463035 0.230341 -0.250608
-0.615414 -0.244264 -0.109155
0.206635 0.071515 0.351847
0.554090 -0.200044 0.261556
-0.512871 0.166873 0.424751
-0.091335 -0.174463 0.291825
0.554090 -0.200044 0.261556
0.206635 0.071515 0.351847
-0.265159 0.372208 0.213881
0.095851 0.224512 0.360690
0.727650 0.408899 0.036854
0.411836 0.360337 0.047166
0.875980 -0.421281 0.132722
0.652338 -0.359767 -0.029101
-0.307028 -0.427926 -0.060237
-0.469997 -0.060991 -0.334900
0.095851 0.224512 0.360690
-0.265159 0.372208 0.213881
-0.069404 -0.059560 0.383323
0.367978 -0.181548 -0.324758
-0.689239 0.387095 -0.154163
-0.907117 0.407849 0.036164
-0.577306 0.289080 0.417688
-0.907117 0.407849 0.036164
-0.762894 -0.024878 0.460292
-0.583770 -0.357068 -0.015622
-0.114366 0.398208 -0.277727
-0.265159 0.372208 0.213881
0.244388 -0.345392 0.259739
0.049351 -0.360591 -0.044780
0.367978 -0.181548 -0.324758
0.727650 0.408899 0.036854
0.367978 -0.181548 -0.324758
0.617883 -0.087093 0.331433
0.652338 -0.359767 -0.029101
-0.762894 -0.024878 0.460292
-0.174492 0.121081 -0.449966
-0.469997 -0.060991 -0.334900
-0.069404 -0.059560 0.383323
0.411836 0.360337 0.047166
0.526805 0.450420 0.109381
0.669010 -0.473027 0.244914
0.380795 0.470801 -0.242366
0.225282 0.042107 -0.524348
0.040775 -0.358346 0.388385
-0.229603 0.527483 0.161082
-0.302052 0.519558 -0.278716
-0.365199 0.209853 -0.514738
-0.470758 -0.384389 -0.312253
-0.630645 -0.312574 0.438070
-0.787485 0.431767 0.437721
-1.000441 0.008979 -0.404300
0.776354 -0.013520 0.459316
0.794010 -0.479906 0.227407
0.505795 0.480352 -0.226637
0.651805 0.447708 0.124185
0.202174 -0.499512 0.037810
-0.104603 0.522920 0.178543
-0.177052 0.530348 -0.261263
-0.104603 0.522920 0.178543
-0.505645 -0.326293 0.426044
-0.240199 0.229069 -0.507951
-0.680561 0.327646 0.190674
-0.505645 -0.326293 0.426044
-0.750178 0.511067 -0.088919
-0.875441 0.024463 -0.404590
-0.750178 0.511067 -0.088919
-0.680561 0.327646 0.190674
-0.564565 0.510600 0.006815
-0.673567 0.142617 -0.214263
-0.342000 -0.110215 0.439638
-0.468795 0.275891 0.438518
0.260029 0.149459 0.360913
0.064951 0.455373 -0.049604
0.902636 -0.327191 0.381688
0.899930 0.008910 0.445827
-0.716756 -0.351939 -0.080020
-0.783140 -0.354660 0.245026
-0.638297 -0.064008 -0.198673
-0.439565 0.500450 0.047652
0.189951 0.451181 -0.012355
0.059532 0.175637 -0.299103
0.385029 0.116298 0.363600
0.466672 -0.329449 0.290051
0.593759 -0.080989 -0.246090
0.759161 0.312394 -0.288131
0.905870 0.428175 -0.029557
1.024930 -0.028672 0.434741
0.685354 -0.013520 0.459316
0.703010 -0.479906 0.227407
0.414795 0.480352 -0.226637
0.560805 0.447708 0.124185
0.259282 0.061760 -0.523409
0.283942 0.160214 -0.281785
0.259282 0.061760 -0.523409
0.111174 -0.499512 0.037810
0.074775 -0.370302 0.374793
-0.195603 0.522920 0.178543
-0.331199 0.229069 -0.507951
-0.195603 0.522920 0.178543
-0.436758 -0.371878 -0.326328
-0.485298 -0.285531 -0.076817
-0.485298 -0.285531 -0.076817
-0.436758 -0.371878 -0.326328
-0.698410 0.067801 0.601600
-0.841178 0.511067 -0.088919
-0.753485 0.417607 0.451674
-0.841178 0.511067 -0.088919
0.687805 0.447708 0.124185
0.830010 -0.479906 0.227407
0.386282 0.061760 -0.523409
0.408942 0.160214 -0.281785
0.541795 0.480352 -0.226637
0.408942 0.160214 -0.281785
0.408942 0.160214 -0.281785
0.238174 -0.499512 0.037810
0.201775 -0.370302 0.374793
0.238174 -0.499512 0.037810
-0.141052 0.530348 -0.261263
-0.068603 0.522920 0.178543
-0.204199 0.229069 -0.507951
-0.360298 -0.285531 -0.076817
-0.377603 -0.513628 0.048052
-0.309758 -0.371878 -0.326328
-0.377603 -0.513628 0.048052
-0.571410 0.067801 0.601600
-0.714178 0.511067 -0.088919
-0.571410 0.067801 0.601600
-0.714178 0.511067 -0.088919
-0.839441 0.024463 -0.404590
-0.773445 -0.268323 -0.200069
-0.890140 -0.220403 0.176578
-0.535565 0.509920 0.027646
-0.655567 0.151931 -0.209273
-0.312999 -0.129183 0.432977
-0.491858 0.271817 0.231023
-0.075229 0.049362 -0.472020
0.146155 0.273218 0.096205
0.370672 -0.322416 0.310708
0.289029 0.133677 0.365654
0.538676 0.010047 -0.393370
0.913438 0.304589 0.262225
0.928930 -0.010442 0.444356
0.913438 0.304589 0.262225
-0.684756 -0.355135 -0.063154
-0.751140 -0.343675 0.261701
-0.620297 -0.072653 -0.194254
-0.516567 0.209839 -0.311908
-0.366858 0.275950 0.234991
-0.138905 -0.287475 0.334275
0.221951 0.450172 -0.030585
0.417029 0.132007 0.359619
0.498672 -0.316524 0.305583
0.554462 -0.380453 -0.121806
0.611759 -0.091686 -0.240885
0.791161 0.299488 -0.300046
0.937870 0.426438 -0.046768
1.051315 0.159057 0.375608
-0.579825 0.265052 0.435293
-0.619030 0.448883 0.184357
-0.383018 -0.360516 0.235904
-0.670629 -0.294086 0.254255
-0.507687 -0.172944 -0.280709
-0.507687 -0.172944 -0.280709
-0.249256 -0.197030 -0.373853
-0.261741 0.356346 0.236444
0.101575 0.193305 0.374028
0.048509 -0.351380 -0.076030
0.197892 0.163227 -0.392696
0.735772 0.396566 0.060969
0.840546 -0.118007 0.403061
0.840546 -0.118007 0.403061
0.611173 -0.116347 0.326846
0.943427 -0.328697 -0.215143
0.819133 0.053221 -0.333315
-0.579825 0.265052 0.435293
-0.670629 -0.294086 0.254255
-0.261741 0.356346 0.236444
0.003340 -0.328269 0.206322
-0.906569 0.412731 0.066883
-0.619030 0.448883 0.184357
0.048509 -0.351380 -0.076030
0.241458 -0.360241 0.232285
0.003340 -0.328269 0.206322
0.369052 -0.151527 -0.343115
0.735772 0.396566 0.060969
0.448831 0.159621 -0.381918
0.851823 -0.377786 0.239513
0.943427 -0.328697 -0.215143
-0.249256 -0.197030 -0.373853
-0.402437 0.269980 -0.295565
-0.118661 0.415496 -0.247720
-0.402437 0.269980 -0.295565
0.416382 0.346876 0.072902
0.448831 0.159621 -0.381918
0.840546 -0.118007 0.403061
0.611173 -0.116347 0.326846
-0.880274 -0.108205 -0.312010
-1.017635 0.127977 -0.277308
-0.249256 -0.197030 -0.373853
-0.402437 0.269980 -0.295565
0.101575 0.193305 0.374028
0.241458 -0.360241 0.232285
0.079846 0.305889 0.215501
0.276982 0.344349 -0.069497
-0.110238 0.275042 -0.349913
-0.793141 -0.201714 0.315407
-0.873987 -0.259565 -0.134527
0.266841 -0.227808 0.301624
-0.242059 -0.299255 -0.213700
0.014646 -0.242118 -0.200554
-0.537615 0.270960 0.377397
-0.390519 0.402996 -0.052279
0.955578 0.354607 -0.063948
0.869452 0.041135 0.342242
0.869452 0.041135 0.342242
0.955578 0.354607 -0.063948
0.440114 -0.020740 -0.346586
0.571473 -0.334499 0.060582
0.298510 -0.350428 0.084390
0.130044 0.147363 -0.355713
0.014646 -0.242118 -0.200554
-0.537615 0.270960 0.377397
-0.265679 0.229665 0.301533
-0.535635 -0.004498 -0.271503
0.751300 0.095280 -0.291318
0.696415 0.355716 -0.092367
0.571473 -0.334499 0.060582
0.522327 0.014817 0.273550
-0.110238 0.275042 -0.349913
-0.242059 -0.299255 -0.213700
-0.395985 -0.180238 0.341105
-0.537615 0.270960 0.377397
-0.537615 0.270960 0.377397
-0.265679 0.229665 0.301533
-0.390519 0.402996 -0.052279
1.071654 0.042679 0.353447
0.925562 -0.385603 0.168050
0.696415 0.355716 -0.092367
0.955578 0.354607 -0.063948
0.276982 0.344349 -0.069497
0.130044 0.147363 -0.355713
-0.092550 -0.197689 0.275593
-0.395985 -0.180238 0.341105
0.215909 0.313706 -0.179395
-0.112074 0.270828 -0.331821
-0.793322 -0.193986 0.301304
-0.873987 -0.242687 -0.129180
0.956767 0.341136 -0.056699
0.755059 0.096942 -0.278832
-0.240939 -0.281842 -0.211990
0.015963 -0.225688 -0.199225
0.956767 0.341136 -0.056699
0.868390 0.032566 0.328972
0.868390 0.032566 0.328972
0.956767 0.341136 -0.056699
0.440475 -0.013701 -0.332061
0.572913 -0.320375 0.052598
0.081781 0.290157 0.209752
0.519956 0.008374 0.262476
-0.389749 0.389835 -0.044672
-0.263839 0.216082 0.290123
-0.537442 0.258138 0.365973
-0.695344 0.272689 -0.189110
-0.536112 0.003627 -0.258106
-0.695344 0.272689 -0.189110
0.440475 -0.013701 -0.332061
0.698355 0.340305 -0.084441
0.755059 0.096942 -0.278832
0.572913 -0.320375 0.052598
0.572913 -0.320375 0.052598
0.519956 0.008374 0.262476
-0.112074 0.270828 -0.331821
-0.240939 -0.281842 -0.211990
-0.263839 0.216082 0.290123
-0.092852 -0.192759 0.260191
-0.092852 -0.192759 0.260191
-0.395799 -0.176041 0.323951
-0.389749 0.389835 -0.044672
1.071276 0.035257 0.340409
0.926394 -0.371870 0.156582
0.215909 0.313706 -0.179395
0.015963 -0.225688 -0.199225
-0.092852 -0.192759 0.260191
-0.395799 -0.176041 0.323951
0.652365 -0.188532 -0.242665
0.324535 -0.356430 -0.029141
0.652365 -0.188532 -0.242665
0.573915 -0.347201 0.088192
0.526077 0.041408 0.280403
0.274798 0.357824 -0.098003
-0.241357 -0.331884 -0.193674
0.014521 -0.273238 -0.181975
-0.583643 0.446680 0.124880
-0.330226 0.363194 0.202145
-0.873987 -0.290653 -0.121954
-0.535511 -0.034896 -0.281713
0.688765 0.368070 -0.119948
0.949310 0.364262 -0.089724
0.809781 0.204851 -0.274735
0.573915 -0.347201 0.088192
0.283255 -0.313779 0.242153
-0.040292 0.422298 -0.119834
0.274798 0.357824 -0.098003
-0.304286 -0.372632 0.115533
0.014521 -0.273238 -0.181975
-0.091335 -0.183049 0.302724
-0.583643 0.446680 0.124880
-0.694775 0.261133 -0.233827
-0.694775 0.261133 -0.233827
-0.535511 -0.034896 -0.281713
0.949310 0.364262 -0.089724
0.874493 0.073469 0.349364
0.874493 0.073469 0.349364
0.949310 0.364262 -0.089724
-0.512871 0.172978 0.441370
-0.091335 -0.183049 0.302724
-0.330226 0.363194 0.202145
0.439153 -0.052411 -0.355660
0.439153 -0.052411 -0.355660
0.652365 -0.188532 -0.242665
0.129703 0.126530 -0.374798
-0.241357 -0.331884 -0.193674
0.129703 0.126530 -0.374798
0.014521 -0.273238 -0.181975
0.926557 -0.390888 0.201030
1.075474 0.072597 0.361065
0.206635 0.073516 0.365328
0.283255 -0.313779 0.242153
-0.106639 0.259428 -0.381829
0.274798 0.357824 -0.098003
-0.507687 -0.209801 -0.277087
-0.069404 -0.063201 0.398160
0.095851 0.233098 0.374553
-0.265159 0.387151 0.221424
0.095851 0.233098 0.374553
-0.114366 0.414270 -0.291343
0.727650 0.425421 0.036777
0.907685 -0.438865 -0.039330
0.637305 -0.381880 0.104505
-0.174492 0.125216 -0.470996
-0.174492 0.125216 -0.470996
-0.335739 0.443557 -0.110559
0.367978 -0.190439 -0.340399
0.197030 0.140613 -0.414847
-0.820451 0.266514 0.426368
-0.577306 0.300446 0.434003
-0.671225 -0.293634 0.289846
-0.114366 0.414270 -0.291343
-0.265159 0.387151 0.221424
0.049351 -0.377189 -0.048370
0.244388 -0.361336 0.269256
-0.069404 -0.063201 0.398160
0.367978 -0.190439 -0.340399
0.727650 0.425421 0.036777
0.447779 0.134785 -0.407712
0.844364 -0.087553 0.426869
0.907685 -0.438865 -0.039330
-0.689239 0.402679 -0.162461
-0.820451 0.266514 0.426368
-0.335739 0.443557 -0.110559
-0.114366 0.414270 -0.291343
0.844364 -0.087553 0.426869
0.548549 0.196326 0.271296
-0.880274 -0.150216 -0.320353
-1.006519 0.259444 -0.218516
-0.820451 0.266514 0.426368
-0.494478 -0.040573 0.489504
-0.820451 0.266514 0.426368
0.244388 -0.361336 0.269256
0.447779 0.134785 -0.407712
0.844364 -0.087553 0.426869
0.669010 -0.291444 0.169896
0.719009 -0.503920 -0.127589
0.669010 -0.291444 0.169896
0.777798 -0.121498 -0.243899
0.669010 -0.291444 0.169896
0.651354 0.000142 0.478560
0.602911 0.228918 0.174366
0.651354 0.000142 0.478560
0.452868 0.323668 -0.026671
0.602911 0.228918 0.174366
0.452868 0.323668 -0.026671
0.526805 0.468729 0.112427
0.184626 -0.084674 -0.283992
0.314064 0.395810 -0.406464
0.225282 0.042842 -0.548580
0.144621 -0.336738 -0.353491
0.077174 -0.521803 0.056870
0.184626 -0.084674 -0.283992
0.040775 -0.374847 0.403439
0.040775 -0.218574 0.261060
0.077174 -0.521803 0.056870
0.040775 -0.218574 0.261060
0.184626 -0.084674 -0.283992
-0.169285 0.425962 0.358244
-0.302052 0.540844 -0.292375
-0.229603 0.344297 0.116628
-0.302052 0.540844 -0.292375
-0.302052 0.339261 -0.162827
-0.229603 0.344297 0.116628
-0.365199 0.217808 -0.538556
-0.365199 0.217808 -0.538556
-0.470758 -0.402012 -0.327356
-0.538603 -0.536144 0.068060
-0.470758 -0.402012 -0.327356
-0.503298 -0.302920 -0.070407
-0.365199 0.142469 -0.312799
-0.630645 -0.327105 0.455262
-0.503298 -0.302920 -0.070407
-0.630645 -0.327105 0.455262
-0.684393 -0.068377 0.368185
-0.684393 -0.068377 0.368185
-0.630645 -0.327105 0.455262
-0.805561 0.345997 0.186106
-0.684393 -0.068377 0.368185
-0.805561 0.551901 0.280402
-0.875178 0.527018 -0.112020
-0.875178 0.527018 -0.112020
-1.000441 0.014830 -0.242625
0.794010 -0.295815 0.158772
0.844009 -0.497780 -0.145947
0.844009 -0.497780 -0.145947
0.902798 -0.111532 -0.248841
0.776354 -0.015179 0.477424
0.794010 -0.295815 0.158772
0.651805 0.465901 0.127867
0.776354 -0.015179 0.477424
0.577868 0.325782 -0.016208
0.727911 0.224073 0.181399
0.577868 0.325782 -0.016208
0.651805 0.465901 0.127867
0.309626 -0.073331 -0.287623
0.439064 0.411135 -0.393252
0.309626 -0.073331 -0.287623
0.577868 0.325782 -0.016208
0.269621 -0.322816 -0.365877
0.309626 -0.073331 -0.287623
0.165775 -0.387318 0.389262
0.165775 -0.226171 0.252423
0.202174 -0.522089 0.037775
0.165775 -0.226171 0.252423
0.309626 -0.073331 -0.287623
-0.044285 0.414581 0.372042
-0.044285 0.414581 0.372042
-0.104603 0.341397 0.127723
-0.104603 0.341397 0.127723
-0.044285 0.414581 0.372042
-0.177052 0.346117 -0.151737
-0.104603 0.341397 0.127723
-0.240199 0.237851 -0.531476
-0.378298 -0.298898 -0.081786
-0.345758 -0.388962 -0.342036
-0.378298 -0.298898 -0.081786
-0.413603 -0.536813 0.048458
-0.378298 -0.298898 -0.081786
-0.505645 -0.341414 0.442719
-0.378298 -0.298898 -0.081786
-0.505645 -0.341414 0.442719
-0.559394 -0.079805 0.364725
-0.680561 0.543159 0.298643
-0.680561 0.340671 0.197218
-0.607410 0.069641 0.625831
-0.680561 0.340671 0.197218
-0.559394 -0.079805 0.364725
-0.750178 0.531987 -0.094408
-0.750178 0.531987 -0.094408
-0.875441 0.024669 -0.242810
-0.841756 -0.380929 -0.050656
-0.908140 -0.222756 0.193868
-0.673567 0.206220 -0.340378
-0.535741 0.348473 0.119698
-0.468795 0.286689 0.455730
-0.564565 0.531500 0.005446
-0.295905 -0.181141 0.243019
-0.468795 0.286689 0.455730
-0.203063 -0.275385 -0.086178
-0.227068 -0.462403 0.053373
-0.203063 -0.275385 -0.086178
-0.176430 -0.327603 -0.298356
-0.104229 0.028842 -0.494277
-0.176430 -0.327603 -0.298356
-0.029007 0.357968 -0.390602
-0.065468 0.152156 -0.319885
-0.065468 0.152156 -0.319885
-0.203063 -0.275385 -0.086178
0.260029 0.113673 0.247946
-0.065468 0.152156 -0.319885
-0.065468 0.152156 -0.319885
-0.029007 0.357968 -0.390602
0.372225 -0.285390 0.038483
0.260029 0.113673 0.247946
0.468759 -0.176088 -0.367070
0.564403 0.115631 -0.262565
0.468759 -0.176088 -0.367070
0.372225 -0.285390 0.038483
0.848102 0.289148 0.060331
0.634161 0.301762 -0.331956
-0.783140 -0.243378 0.173770
-0.716756 -0.368165 -0.085126
-0.783140 -0.243378 0.173770
-0.638297 -0.067840 -0.208886
-0.474770 0.341379 -0.075315
-0.548567 0.231884 -0.318636
-0.474770 0.341379 -0.075315
-0.343795 0.176435 0.320404
-0.102068 -0.456899 0.009805
-0.170905 -0.315742 0.332092
-0.102068 -0.456899 0.009805
-0.078063 -0.271883 -0.114702
-0.051430 -0.294692 -0.323222
-0.078063 -0.271883 -0.114702
-0.078063 -0.271883 -0.114702
0.059532 0.182119 -0.313640
0.020771 0.071302 -0.484610
0.095993 0.384853 -0.354833
0.095993 0.384853 -0.354833
0.189951 0.469523 -0.014549
0.189951 0.469523 -0.014549
0.253155 0.283617 0.111416
0.189951 0.469523 -0.014549
0.385029 0.120226 0.377587
0.253155 0.283617 0.111416
0.385029 0.120226 0.377587
0.456503 -0.134684 0.257728
0.466672 -0.344707 0.300873
0.497225 -0.293076 0.010746
0.466672 -0.344707 0.300873
0.497225 -0.293076 0.010746
0.689402 0.140022 -0.258788
0.687010 -0.295815 0.158772
0.795798 -0.111532 -0.248841
0.687010 -0.295815 0.158772
0.753009 -0.497780 -0.145947
0.685354 -0.015179 0.477424
0.687010 -0.295815 0.158772
0.620911 0.224073 0.181399
0.685354 -0.015179 0.477424
0.470868 0.325782 -0.016208
0.620911 0.224073 0.181399
0.470868 0.325782 -0.016208
0.560805 0.465901 0.127867
0.202626 -0.073331 -0.287623
0.470868 0.325782 -0.016208
0.259282 0.063341 -0.547600
0.202626 -0.073331 -0.287623
0.111174 -0.522089 0.037775
0.202626 -0.073331 -0.287623
0.074775 -0.387318 0.389262
0.058775 -0.226171 0.252423
0.111174 -0.522089 0.037775
0.058775 -0.226171 0.252423
0.202626 -0.073331 -0.287623
-0.135285 0.414581 0.372042
-0.135285 0.414581 0.372042
-0.211603 0.341397 0.127723
-0.268052 0.552098 -0.274171
-0.284052 0.346117 -0.151737
-0.211603 0.341397 0.127723
-0.331199 0.237851 -0.531476
-0.331199 0.237851 -0.531476
-0.436758 -0.388962 -0.342036
-0.504603 -0.536813 0.048458
-0.436758 -0.388962 -0.342036
-0.436758 -0.388962 -0.342036
-0.347199 0.154679 -0.308486
-0.504603 -0.536813 0.048458
-0.485298 -0.298898 -0.081786
-0.596645 -0.341414 0.442719
-0.666393 -0.079805 0.364725
-0.666393 -0.079805 0.364725
-0.596645 -0.341414 0.442719
-0.787561 0.340671 0.197218
-0.666393 -0.079805 0.364725
-0.771561 0.543159 0.298643
-0.841178 0.531987 -0.094408
-0.787561 0.340671 0.197218
-0.982441 0.024669 -0.242810
0.812010 -0.295815 0.158772
0.920798 -0.111532 -0.248841
0.812010 -0.295815 0.158772
0.880009 -0.497780 -0.145947
0.687805 0.465901 0.127867
0.812354 -0.015179 0.477424
0.475064 0.411135 -0.393252
0.687805 0.465901 0.127867
0.386282 0.063341 -0.547600
0.475064 0.411135 -0.393252
0.475064 0.411135 -0.393252
0.595868 0.325782 -0.016208
0.305621 -0.322816 -0.365877
0.327626 -0.073331 -0.287623
0.327626 -0.073331 -0.287623
0.305621 -0.322816 -0.365877
0.183775 -0.226171 0.252423
0.327626 -0.073331 -0.287623
0.201775 -0.387318 0.389262
-0.008285 0.414581 0.372042
-0.008285 0.414581 0.372042
0.183775 -0.226171 0.252423
-0.086603 0.341397 0.127723
-0.008285 0.414581 0.372042
-0.159052 0.346117 -0.151737
-0.086603 0.341397 0.127723
-0.159052 0.346117 -0.151737
-0.360298 -0.298898 -0.081786
-0.204199 0.237851 -0.531476
-0.360298 -0.298898 -0.081786
-0.377603 -0.536813 0.048458
-0.309758 -0.388962 -0.342036
-0.469645 -0.341414 0.442719
-0.360298 -0.298898 -0.081786
-0.469645 -0.341414 0.442719
-0.541394 -0.079805 0.364725
-0.541394 -0.079805 0.364725
-0.469645 -0.341414 0.442719
-0.662561 0.340671 0.197218
-0.541394 -0.079805 0.364725
-0.644561 0.543159 0.298643
-0.714178 0.531987 -0.094408
-0.662561 0.340671 0.197218
-0.857441 0.024669 -0.242810
-0.812756 -0.378323 -0.068675
-0.890140 -0.230967 0.182516
-0.644567 0.220905 -0.332510
-0.745297 -0.074985 -0.200803
-0.644567 0.220905 -0.332510
-0.581770 0.332620 -0.087174
-0.535565 0.530791 0.027174
-0.581770 0.332620 -0.087174
-0.480858 0.409934 0.361721
-0.581770 0.332620 -0.087174
-0.230447 -0.420773 0.206253
-0.378151 0.065701 0.494111
-0.277905 -0.191535 0.233435
-0.378151 0.065701 0.494111
-0.185063 -0.271329 -0.099559
-0.230447 -0.420773 0.206253
-0.047468 0.165998 -0.314395
-0.075229 0.050409 -0.493999
-0.047468 0.165998 -0.314395
-0.000007 0.374699 -0.376067
0.278029 0.102784 0.251217
-0.047468 0.165998 -0.314395
-0.047468 0.165998 -0.314395
-0.000007 0.374699 -0.376067
0.390225 -0.286763 0.024547
0.278029 0.102784 0.251217
0.663161 0.315989 -0.319928
0.582403 0.127008 -0.258722
0.582403 0.127008 -0.258722
0.390225 -0.286763 0.024547
0.866102 0.286275 0.071435
0.582403 0.127008 -0.258722
0.809870 0.450635 -0.051295
0.663161 0.315989 -0.319928
0.913438 0.316622 0.271849
0.866102 0.286275 0.071435
0.913438 0.316622 0.271849
0.809870 0.450635 -0.051295
-0.765140 -0.235537 0.185672
-0.620297 -0.076858 -0.204277
-0.456770 0.337798 -0.088683
-0.516567 0.217793 -0.326996
-0.407565 0.522542 0.026724
-0.456770 0.337798 -0.088683
-0.456770 0.337798 -0.088683
-0.325795 0.190272 0.313854
-0.352858 0.403689 0.355725
-0.325795 0.190272 0.313854
-0.250151 0.065163 0.485920
-0.325795 0.190272 0.313854
-0.250151 0.065163 0.485920
-0.152905 -0.195424 0.237472
-0.152905 -0.195424 0.237472
-0.060063 -0.276598 -0.101283
0.221951 0.468471 -0.033564
0.271155 0.288236 0.100390
0.221951 0.468471 -0.033564
0.417029 0.136611 0.373435
0.271155 0.288236 0.100390
0.417029 0.136611 0.373435
0.417029 0.136611 0.373435
0.498672 -0.331225 0.317074
0.474503 -0.123285 0.264809
0.498672 -0.331225 0.317074
0.707402 0.128630 -0.263199
0.625759 -0.156673 -0.369620
0.707402 0.128630 -0.263199
0.791161 0.311301 -0.314623
0.707402 0.128630 -0.263199
0.991102 0.290652 0.072670
-0.846576 0.318740 0.314145
-0.822575 0.218219 0.399543
-0.795797 0.090305 0.436632
-0.822575 0.218219 0.399543
-0.507687 -0.158633 -0.257624
-0.280290 -0.310550 -0.229584
-0.470683 -0.025304 -0.313343
-0.249256 -0.180978 -0.344035
-0.507687 -0.158633 -0.257624
-0.280290 -0.310550 -0.229584
0.028093 0.315311 0.251048
-0.037342 0.402287 0.103653
0.819133 0.051183 -0.306427
0.763164 -0.020604 -0.291789
-0.127082 0.069359 0.354602
0.101575 0.181141 0.349782
0.114731 -0.124433 -0.307041
0.075079 -0.248173 -0.198590
0.156475 0.024909 -0.363806
0.369052 -0.138764 -0.315519
0.114731 -0.124433 -0.307041
0.330421 -0.252180 -0.213176
0.808543 0.297020 0.176881
0.735772 0.369707 0.059354
0.552138 0.151353 0.253893
0.808543 0.297020 0.176881
0.684844 -0.258057 -0.163908
0.943427 -0.303126 -0.196798
0.907859 -0.380718 -0.058878
0.721687 -0.152497 -0.252849
0.951122 -0.180565 -0.291610
0.943427 -0.303126 -0.196798
-0.762059 -0.047269 0.422846
-0.795797 0.090305 0.436632
-0.470683 -0.025304 -0.313343
-0.437300 0.116463 -0.316844
-0.127082 0.069359 0.354602
-0.065972 -0.082619 0.348428
0.166072 0.033032 0.387273
0.101575 0.181141 0.349782
0.408851 0.006216 -0.362495
0.156475 0.024909 -0.363806
0.369052 -0.138764 -0.315519
0.834818 0.041672 0.369715
0.828647 0.183565 0.302344
-0.651876 0.426894 0.024297
-0.906569 0.384704 0.064840
-0.689340 0.377197 -0.113004
-0.625120 -0.320442 0.101416
-0.340049 -0.391967 0.069993
-0.383018 -0.332645 0.221643
-0.583763 -0.322082 -0.036784
-0.583763 -0.322082 -0.036784
-0.545567 -0.261986 -0.159701
-0.084312 0.424639 -0.062597
-0.303126 0.396163 0.087692
-0.118661 0.387269 -0.227020
-0.261741 0.332395 0.222144
0.048509 -0.324170 -0.067742
0.257474 -0.364627 0.084963
0.024933 -0.340501 0.068329
0.241458 -0.332390 0.218285
-1.017635 0.120535 -0.254469
-0.829247 -0.008716 -0.287955
0.075079 -0.248173 -0.198590
0.292216 -0.339882 -0.072669
0.656632 0.386512 -0.068970
0.579721 0.349384 -0.192312
0.656632 0.386512 -0.068970
0.484072 0.249791 0.179470
0.735772 0.369707 0.059354
0.416382 0.323610 0.070424
0.875467 -0.394948 0.097768
0.851823 -0.348666 0.224991
0.652107 -0.324533 -0.049352
0.875467 -0.394948 0.097768
-0.779925 0.146731 -0.260692
-1.004324 0.256457 -0.170553
-0.954123 0.344622 -0.056398
-0.729487 0.278704 -0.212873
-0.954123 0.344622 -0.056398
-0.906569 0.384704 0.064840
-0.670629 -0.271018 0.238668
-0.719343 -0.172554 0.349748
-0.434120 -0.216928 0.345661
-0.670629 -0.271018 0.238668
-0.434120 -0.216928 0.345661
-0.402437 0.252272 -0.271406
-0.369051 0.354953 -0.186007
-0.118661 0.387269 -0.227020
-0.369051 0.354953 -0.186007
-0.335077 0.403368 -0.066918
-0.145585 0.289623 -0.351079
0.227703 -0.246631 0.318508
0.207194 -0.117271 0.377221
0.003340 -0.302729 0.194199
0.024933 -0.340501 0.068329
0.288734 0.337579 -0.188573
0.448831 0.149891 -0.351517
0.506378 0.269389 -0.287237
0.288734 0.337579 -0.188573
0.617289 -0.221031 0.267019
0.845891 -0.247347 0.322459
0.840546 -0.107667 0.376716
0.625314 -0.303847 0.184527
0.625314 -0.303847 0.184527
0.845891 -0.247347 0.322459
-1.017635 0.120535 -0.254469
-1.004324 0.256457 -0.170553
-0.779925 0.146731 -0.260692
-0.829247 -0.008716 -0.287955
-0.762059 -0.047269 0.422846
-0.437300 0.116463 -0.316844
-0.402437 0.252272 -0.271406
-0.177107 0.145413 -0.412976
-0.211030 -0.018218 -0.407687
-0.065972 -0.082619 0.348428
-0.028038 -0.213002 0.291446
0.448831 0.149891 -0.351517
0.611173 -0.106127 0.306010
0.834818 0.041672 0.369715
0.955578 0.330782 -0.056533
0.772729 0.320488 0.031172
0.887645 0.289690 -0.157767
0.772729 0.320488 0.031172
0.955578 0.330782 -0.056533
0.696415 0.331811 -0.082897
0.587795 -0.293076 -0.049047
0.571473 -0.308509 0.058995
0.324548 -0.304806 -0.049829
0.298510 -0.323286 0.081082
0.339591 0.286867 0.056886
0.276982 0.321266 -0.061681
-0.793141 -0.185323 0.295399
-0.917610 -0.309644 0.120198
0.276982 0.321266 -0.061681
0.215189 0.302536 -0.175831
-0.242059 -0.275812 -0.195460
-0.011576 -0.287495 -0.065297
-0.033992 -0.299790 0.059623
-0.269124 -0.337053 -0.061196
-0.305040 -0.335229 0.078870
-0.390519 0.375672 -0.045708
-0.586547 0.396370 0.145215
-0.357802 0.366389 0.081394
-0.562013 0.345427 0.261153
-0.618500 0.400249 0.013375
-0.428343 0.328082 -0.142475
-0.873987 -0.238992 -0.122010
-0.655550 -0.256747 -0.005151
-0.698792 -0.255114 0.118194
-0.698792 -0.255114 0.118194
-0.743243 -0.209409 0.235923
-0.912091 -0.301972 -0.007648
0.696415 0.331811 -0.082897
0.887645 0.289690 -0.157767
0.298510 -0.323286 0.081082
0.280308 -0.289299 0.197342
0.170923 0.238133 -0.274233
0.215189 0.302536 -0.175831
-0.305040 -0.335229 0.078870
-0.092550 -0.181589 0.258463
-0.346368 -0.272911 0.210761
-0.062056 -0.262510 0.171623
-0.463376 0.238557 -0.216560
-0.656233 0.348263 -0.103467
-0.428343 0.328082 -0.142475
-0.618500 0.400249 0.013375
1.064292 0.163853 0.268899
1.049637 0.262308 0.174586
0.837017 0.263023 0.143632
0.864264 0.163963 0.252847
0.440114 -0.017432 -0.318740
0.400004 -0.140239 -0.269430
0.400004 -0.140239 -0.269430
0.615891 -0.236362 -0.146883
0.361107 -0.238754 -0.175641
0.587795 -0.293076 -0.049047
0.147301 0.166037 0.289090
0.208098 0.043356 0.331725
0.339591 0.286867 0.056886
0.147301 0.166037 0.289090
0.404416 0.211961 0.160522
0.079846 0.285586 0.202714
0.045505 -0.114211 -0.273291
0.014646 -0.222806 -0.183264
0.925562 -0.355919 0.158694
0.884475 -0.318038 0.209807
0.014646 -0.222806 -0.183264
-0.011576 -0.287495 -0.065297
-0.325056 0.312633 0.202896
-0.537615 0.253182 0.352907
-0.835476 -0.130756 -0.200194
-0.792832 0.001207 -0.234872
-0.835476 -0.130756 -0.200194
-0.615414 -0.209751 -0.115176
-0.655550 -0.256747 -0.005151
0.873973 -0.095203 0.331901
1.071654 0.041403 0.330689
0.878002 -0.224005 0.293524
1.064292 0.163853 0.268899
0.481088 0.108982 -0.312545
0.751300 0.090201 -0.267466
0.695222 -0.028451 -0.262058
0.547292 0.217119 -0.268920
0.695222 -0.028451 -0.262058
0.653360 -0.143171 -0.223754
0.266841 -0.209531 0.282612
0.246687 -0.090577 0.326553
0.208098 0.043356 0.331725
0.246687 -0.090577 0.326553
0.130044 0.138519 -0.327207
0.087973 0.018998 -0.328567
-0.143966 0.126510 -0.371171
-0.180072 -0.020360 -0.361623
-0.200047 0.078938 0.316856
-0.450083 -0.023169 0.384484
-0.395985 -0.165399 0.319239
-0.125805 -0.059907 0.299045
-0.265679 0.214872 0.282528
-0.507474 0.129081 0.400612
-0.498967 0.121915 -0.252760
-0.535635 -0.002363 -0.249084
-0.741974 0.138247 -0.222544
-0.576658 -0.118257 -0.198159
0.878002 -0.224005 0.293524
0.884475 -0.318038 0.209807
0.620581 0.290569 -0.188517
0.817827 0.205969 -0.232045
0.266841 -0.209531 0.282612
0.540249 -0.099959 0.264189
-0.110238 0.256969 -0.321826
0.170923 0.238133 -0.274233
0.130044 0.138519 -0.327207
-0.079566 0.344007 -0.215264
-0.656233 0.348263 -0.103467
-0.463376 0.238557 -0.216560
-0.694842 0.258370 -0.187658
-0.498967 0.121915 -0.252760
0.834555 0.247849 0.142757
1.012265 0.305519 0.061741
0.889985 0.280892 -0.147789
0.698355 0.317514 -0.075545
0.361645 -0.223979 -0.171983
0.326579 -0.288108 -0.053964
0.326579 -0.288108 -0.053964
0.572913 -0.295406 0.051588
0.299929 -0.309521 0.071359
0.559224 -0.266849 0.147257
0.081781 0.270991 0.197382
0.340614 0.272691 0.058137
-0.793322 -0.178153 0.282315
-0.743601 -0.201197 0.225869
0.215909 0.292837 -0.163635
0.013809 0.348184 0.071041
0.277877 0.308265 -0.055130
-0.036776 0.370139 -0.069765
-0.240939 -0.259658 -0.193873
-0.269698 -0.319759 -0.065583
-0.033436 -0.286531 0.050702
-0.033436 -0.286531 0.050702
-0.062445 -0.253020 0.159696
-0.588440 0.382414 0.148347
-0.562302 0.331472 0.257077
-0.389749 0.363463 -0.038651
-0.427873 0.319740 -0.131800
-0.873987 -0.223334 -0.117049
-0.912091 -0.286070 -0.008651
-0.699572 -0.242877 0.112394
0.821000 0.202211 -0.220305
0.889985 0.280892 -0.147789
0.299929 -0.309521 0.071359
0.559224 -0.266849 0.147257
0.281013 -0.279281 0.183749
0.547954 -0.199079 0.219619
-0.036776 0.370139 -0.069765
0.215909 0.292837 -0.163635
-0.305365 -0.321008 0.070181
-0.062445 -0.253020 0.159696
-0.463797 0.235395 -0.202927
-0.656791 0.339811 -0.090504
0.861855 0.151536 0.245190
1.063034 0.152711 0.261499
1.047827 0.248572 0.172055
0.868390 0.032021 0.307983
0.834555 0.247849 0.142757
0.861855 0.151536 0.245190
0.440475 -0.010901 -0.305265
0.400570 -0.127589 -0.260212
0.400570 -0.127589 -0.260212
0.617310 -0.222327 -0.144633
0.361645 -0.223979 -0.171983
0.589980 -0.278695 -0.051638
0.207814 0.037533 0.318030
0.469267 0.114804 0.216264
0.340614 0.272691 0.058137
0.148040 0.156548 0.278635
0.405109 0.200197 0.156198
0.081781 0.270991 0.197382
-0.212121 -0.148806 -0.291199
0.926394 -0.343178 0.148055
1.071973 -0.206896 0.286330
0.015963 -0.207564 -0.182031
-0.504701 0.120235 0.385003
-0.263839 0.202271 0.271942
-0.357147 0.352048 0.082585
-0.322434 0.298548 0.197417
-0.537442 0.241287 0.342309
-0.835476 -0.118012 -0.190202
-0.576024 -0.106774 -0.189691
-0.615643 -0.195424 -0.110605
-0.615643 -0.195424 -0.110605
0.873602 -0.097168 0.317326
1.078993 -0.089308 0.326058
1.071276 0.034517 0.318593
0.878298 -0.219702 0.278974
0.873602 -0.097168 0.317326
0.868390 0.032021 0.307983
0.484038 0.109317 -0.296590
0.550760 0.211645 -0.255798
0.484038 0.109317 -0.296590
0.697369 -0.021238 -0.252670
0.266859 -0.204729 0.266989
0.538687 -0.100960 0.251615
0.246404 -0.091636 0.311035
0.519956 0.009578 0.246294
-0.145422 0.129734 -0.355549
0.130051 0.139092 -0.312973
0.088084 0.025308 -0.316733
-0.112074 0.253059 -0.305042
0.088084 0.025308 -0.316733
0.046739 -0.101737 -0.266575
-0.198337 0.071267 0.302471
-0.448645 -0.025773 0.367140
-0.263839 0.202271 0.271942
-0.198337 0.071267 0.302471
-0.740877 0.140385 -0.208946
-0.499515 0.125052 -0.238746
-0.536112 0.005174 -0.236655
-0.695344 0.254785 -0.172647
-0.740877 0.140385 -0.208946
0.885302 -0.308047 0.197500
0.623384 0.280203 -0.177436
0.755059 0.091744 -0.255883
0.550760 0.211645 -0.255798
0.821000 0.202211 -0.220305
0.266859 -0.204729 0.266989
0.281013 -0.279281 0.183749
-0.112074 0.253059 -0.305042
0.169792 0.233486 -0.259839
0.130051 0.139092 -0.312973
-0.079797 0.334785 -0.201839
-0.123136 -0.062000 0.281756
-0.395799 -0.161505 0.303325
0.949310 0.339739 -0.080446
0.837806 0.291515 0.125983
1.012398 0.338688 0.039064
0.766430 0.342011 0.010294
0.766430 0.342011 0.010294
0.949310 0.339739 -0.080446
0.360405 -0.267927 -0.159514
0.324535 -0.328855 -0.024242
0.324535 -0.328855 -0.024242
0.573915 -0.320293 0.084609
0.274798 0.333766 -0.088127
0.009104 0.385163 0.043324
0.336094 0.309048 0.035859
0.074217 0.315854 0.190023
-0.917610 -0.319251 0.148122
-0.744670 -0.205328 0.264922
0.274798 0.333766 -0.088127
0.213651 0.303825 -0.206299
-0.241357 -0.306083 -0.176881
-0.267565 -0.359165 -0.035131
-0.267565 -0.359165 -0.035131
-0.304286 -0.343885 0.109973
-0.391488 0.383932 -0.072907
-0.583643 0.416199 0.118645
-0.357480 0.385384 0.057311
-0.560003 0.371359 0.245929
-0.618198 0.409146 -0.018373
-0.583643 0.416199 0.118645
-0.873987 -0.267833 -0.110346
-0.912091 -0.322650 0.014078
-0.699582 -0.261727 0.143949
-0.699582 -0.261727 0.143949
-0.744670 -0.205328 0.264922
0.809781 0.191851 -0.252082
0.688765 0.343272 -0.108485
0.612542 0.291041 -0.214811
0.562898 -0.275905 0.184046
0.283255 -0.289287 0.227440
0.554090 -0.192761 0.254342
-0.040292 0.393580 -0.108379
-0.076017 0.341924 -0.249538
-0.091335 -0.168007 0.283632
-0.346474 -0.268538 0.243093
-0.463035 0.223697 -0.241249
-0.427342 0.324524 -0.170685
-0.618198 0.409146 -0.018373
1.068137 0.192949 0.264570
1.052359 0.288445 0.160675
1.052359 0.288445 0.160675
1.012398 0.338688 0.039064
0.439153 -0.046813 -0.327158
0.652365 -0.173094 -0.222330
0.399061 -0.172387 -0.265352
0.615301 -0.263858 -0.133722
0.360405 -0.267927 -0.159514
0.399061 -0.172387 -0.265352
0.206635 0.070011 0.341711
0.401109 0.234754 0.149631
0.143312 0.193860 0.287069
0.467423 0.150533 0.224714
-0.178019 -0.052247 -0.367857
0.044588 -0.146151 -0.267062
-0.213381 -0.196215 -0.291834
0.014521 -0.251677 -0.166028
1.072363 -0.198482 0.326754
0.886909 -0.315930 0.239615
0.014521 -0.251677 -0.166028
-0.010769 -0.308609 -0.039830
-0.330226 0.338748 0.190324
-0.535490 0.282892 0.349504
-0.330226 0.338748 0.190324
-0.357480 0.385384 0.057311
-0.795717 -0.029091 -0.246940
-0.576877 -0.147247 -0.195804
-0.835476 -0.163170 -0.200674
-0.615414 -0.235550 -0.104373
-0.873987 -0.267833 -0.110346
-0.835476 -0.163170 -0.200674
0.881727 -0.209441 0.319559
1.081605 -0.065917 0.358232
0.878386 -0.070623 0.349906
0.874493 0.069968 0.326901
1.075474 0.069158 0.337756
1.068137 0.192949 0.264570
0.743631 0.068643 -0.280605
0.693182 -0.056815 -0.270736
0.693182 -0.056815 -0.270736
0.480170 0.086912 -0.332084
0.547016 -0.080731 0.278016
0.526077 0.040224 0.262925
0.526077 0.040224 0.262925
-0.106639 0.242483 -0.351435
0.129703 0.119192 -0.344912
-0.141569 0.100679 -0.389310
0.087111 -0.010019 -0.334667
0.087111 -0.010019 -0.334667
0.044588 -0.146151 -0.267062
-0.398029 -0.148297 0.348776
-0.131970 -0.036084 0.321358
-0.453457 0.003846 0.406781
-0.512871 0.162283 0.412256
-0.694775 0.244065 -0.214131
-0.498358 0.098398 -0.271344
-0.744813 0.114393 -0.240723
-0.535511 -0.030564 -0.258556
-0.795717 -0.029091 -0.246940
-0.744813 0.114393 -0.240723
0.881727 -0.209441 0.319559
1.072363 -0.198482 0.326754
1.081605 -0.065917 0.358232
0.886909 -0.315930 0.239615
0.743631 0.068643 -0.280605
0.269990 -0.197497 0.308701
0.554090 -0.192761 0.254342
0.547016 -0.080731 0.278016
0.172004 0.227677 -0.300266
0.129703 0.119192 -0.344912
-0.398029 -0.148297 0.348776
-0.346474 -0.268538 0.243093
-0.694775 0.244065 -0.214131
-0.498358 0.098398 -0.271344
-0.843755 0.345901 0.300781
-0.820451 0.249058 0.398339
-0.820451 0.249058 0.398339
-0.795021 0.120196 0.448514
-0.507687 -0.192825 -0.254264
-0.545567 -0.292674 -0.146968
-0.507687 -0.192825 -0.254264
-0.249256 -0.220001 -0.337743
-0.279830 -0.345720 -0.209489
-0.469997 -0.058208 -0.322813
-0.205529 0.253554 0.314900
0.020959 0.350360 0.236607
0.815952 0.020844 -0.323202
0.760451 -0.051201 -0.302225
-0.133939 0.102228 0.368121
0.095851 0.218057 0.350269
0.113619 -0.160540 -0.300710
0.329623 -0.283960 -0.196940
0.074687 -0.280770 -0.179629
0.292184 -0.367810 -0.044702
0.367978 -0.174863 -0.312999
0.155275 -0.004638 -0.371404
0.548549 0.183943 0.254476
0.811273 0.330657 0.155754
0.615108 0.054894 0.289381
0.548549 0.183943 0.254476
0.942268 -0.336494 -0.183282
0.720514 -0.185262 -0.253098
0.720514 -0.185262 -0.253098
0.949145 -0.217454 -0.291665
0.760451 -0.051201 -0.302225
-0.547926 0.136750 0.465693
-0.577306 0.280536 0.405422
-0.211660 -0.054146 -0.415418
-0.436404 0.089959 -0.337850
-0.133939 0.102228 0.368121
0.163740 0.065829 0.400526
0.095851 0.218057 0.350269
-0.069404 -0.056823 0.372169
0.407533 -0.027728 -0.373953
0.155275 -0.004638 -0.371404
0.367978 -0.174863 -0.312999
0.838825 0.076355 0.379379
0.831935 0.220539 0.296695
-0.689239 0.375379 -0.147925
-0.651690 0.437233 -0.009752
-0.869750 0.396351 0.172967
-0.583770 -0.344704 -0.013867
-0.339436 -0.404053 0.105309
-0.624922 -0.332232 0.132354
-0.383261 -0.330418 0.259255
-0.307028 -0.413269 -0.057038
-0.339436 -0.404053 0.105309
-0.086049 0.437279 -0.096630
-0.302589 0.416991 0.061496
-0.040047 0.427444 0.076748
-0.086049 0.437279 -0.096630
0.049351 -0.348113 -0.042081
0.258996 -0.379710 0.118336
0.025992 -0.352663 0.099980
0.244388 -0.333406 0.252584
-0.880274 -0.137548 -0.294403
-1.017635 0.092463 -0.278602
0.292184 -0.367810 -0.044702
0.074687 -0.280770 -0.179629
0.570757 0.352878 -0.222900
0.344833 0.372413 -0.093013
0.411836 0.349487 0.046890
0.479960 0.280402 0.167434
0.411836 0.349487 0.046890
0.652338 -0.347316 -0.026909
0.875980 -0.406839 0.129677
0.637305 -0.352465 0.099743
0.854714 -0.346283 0.257678
0.907685 -0.405330 -0.033695
0.875980 -0.406839 0.129677
-0.732593 0.262751 -0.241672
-0.783412 0.120288 -0.286035
-0.689239 0.375379 -0.147925
-0.732593 0.262751 -0.241672
-0.671225 -0.270598 0.271685
-0.436065 -0.200345 0.380311
-0.720309 -0.158779 0.381178
-0.494478 -0.035831 0.456910
-0.383261 -0.330418 0.259255
-0.436065 -0.200345 0.380311
-0.142312 0.272290 -0.385891
-0.174492 0.117973 -0.434156
-0.114366 0.386132 -0.267490
-0.142312 0.272290 -0.385891
0.004922 -0.302109 0.226970
0.230628 -0.234099 0.349020
-0.027820 -0.199866 0.320843
0.208740 -0.092874 0.400195
0.284689 0.339552 -0.222563
0.497439 0.259462 -0.314007
0.344833 0.372413 -0.093013
0.570757 0.352878 -0.222900
0.497439 0.259462 -0.314007
0.622761 -0.208266 0.291458
0.629312 -0.302986 0.213231
0.629312 -0.302986 0.213231
0.854714 -0.346283 0.257678
0.849226 -0.230856 0.352876
0.637305 -0.352465 0.099743
-0.783412 0.120288 -0.286035
-0.829247 -0.043245 -0.301213
-0.762894 -0.023263 0.446648
-0.720309 -0.158779 0.381178
-0.436404 0.089959 -0.337850
-0.401906 0.234671 -0.298939
-0.069404 -0.056823 0.372169
0.208740 -0.092874 0.400195
0.163740 0.065829 0.400526
-0.027820 -0.199866 0.320843
0.447779 0.126851 -0.375447
0.617883 -0.083465 0.321958
0.838825 0.076355 0.379379
0.777798 -0.198109 -0.391908
0.754391 -0.209267 -0.157392
0.777798 -0.110906 -0.223476
0.754391 -0.359570 -0.283431
0.719009 -0.273910 -0.055134
0.754391 -0.209267 -0.157392
0.687159 -0.294109 0.060012
0.687159 -0.498840 0.073440
0.719009 -0.273910 -0.055134
0.687159 -0.294109 0.060012
0.669010 -0.456910 0.238239
0.669010 -0.268566 0.160407
0.669010 -0.268566 0.160407
0.662269 -0.200161 0.241021
0.656562 -0.181273 0.445923
0.656562 -0.100649 0.286927
0.651354 0.001941 0.446757
0.651354 0.010964 0.287435
0.646521 0.121607 0.237727
0.651354 0.010964 0.287435
0.646521 0.183563 0.365161
0.602911 0.335520 0.245046
0.526805 0.275789 0.080513
0.602911 0.214179 0.164553
0.526805 0.436654 0.107092
0.452868 0.479810 -0.061102
0.452868 0.479810 -0.061102
0.380795 0.287804 -0.126836
0.452868 0.302080 -0.021950
0.380795 0.456376 -0.233273
0.314064 0.234578 -0.212742
0.314064 0.369006 -0.374288
0.314064 0.369006 -0.374288
0.265942 0.221838 -0.477787
0.225282 0.041554 -0.506131
0.225282 0.035096 -0.293060
0.184626 -0.142032 -0.452962
0.184626 -0.076744 -0.260670
0.225282 0.041554 -0.506131
0.144621 -0.310586 -0.325145
0.144621 -0.179426 -0.182804
0.106436 -0.437443 -0.142266
0.106436 -0.256707 -0.071395
0.077174 -0.284017 0.049114
0.106436 -0.256707 -0.071395
0.077174 -0.482272 0.055551
0.058190 -0.263596 0.158301
0.077174 -0.284017 0.049114
0.058190 -0.448752 0.234782
0.040775 -0.345940 0.377067
0.040775 -0.200964 0.244980
0.013460 -0.183871 0.466108
0.013460 -0.102232 0.299224
-0.029832 0.014075 0.492923
-0.029832 0.018356 0.315559
-0.096044 0.215824 0.450422
-0.029832 0.018356 0.315559
-0.029832 0.014075 0.492923
-0.096044 0.141260 0.289668
-0.169285 0.251619 0.219438
-0.169285 0.396979 0.335139
-0.229603 0.511224 0.157120
-0.229603 0.321217 0.110989
-0.229603 0.321217 0.110989
-0.271319 0.342937 -0.017083
-0.302052 0.503556 -0.268447
-0.302052 0.316545 -0.148264
-0.271319 0.546878 -0.053113
-0.271319 0.342937 -0.017083
-0.302052 0.503556 -0.268447
-0.332049 0.382716 -0.418254
-0.332049 0.242930 -0.239526
-0.365199 0.133980 -0.287395
-0.365199 0.203873 -0.496832
-0.401032 0.007836 -0.291013
-0.436626 -0.205856 -0.435164
-0.436626 -0.115625 -0.249827
-0.401032 -0.003194 -0.502772
-0.436626 -0.115625 -0.249827
-0.436626 -0.205856 -0.435164
-0.470758 -0.216316 -0.168034
-0.503298 -0.474387 -0.127706
-0.470758 -0.371141 -0.300899
-0.503298 -0.279213 -0.062525
-0.538603 -0.292122 0.055438
-0.581092 -0.432592 0.259711
-0.581092 -0.253752 0.173487
-0.538603 -0.495577 0.065932
-0.630645 -0.301650 0.425144
-0.630645 -0.173982 0.274268
-0.684393 -0.061625 0.344362
-0.732410 0.085387 0.581606
-0.684393 -0.117214 0.540203
-0.763164 0.175099 0.342398
-0.732410 0.085387 0.581606
-0.763164 0.271370 0.536980
-0.732410 0.061799 0.369585
-0.763164 0.175099 0.342398
-0.787485 0.264794 0.274063
-0.971966 0.216114 -0.335907
-0.971966 0.141437 -0.189360
-1.000441 0.009498 -0.389968
-0.971966 0.216114 -0.335907
-0.921174 0.378227 -0.241076
-0.875178 0.308732 -0.046335
-0.875178 0.490730 -0.101130
-0.921174 0.240196 -0.131590
-0.837720 0.337471 0.061999
-0.837720 0.537905 0.076702
-0.805561 0.322794 0.175445
-0.805561 0.513813 0.262924
-0.787485 0.264794 0.274063
-0.805561 0.322794 0.175445
0.902798 -0.182932 -0.399433
0.879391 -0.202267 -0.165449
0.902798 -0.101660 -0.228060
0.879391 -0.348080 -0.296657
0.844009 -0.270440 -0.065509
0.879391 -0.202267 -0.165449
0.812159 -0.294645 0.048862
0.812159 -0.499719 0.055136
0.844009 -0.270440 -0.065509
0.812159 -0.294645 0.048862
0.794010 -0.463567 0.221298
0.794010 -0.272622 0.150086
0.794010 -0.272622 0.150086
0.787269 -0.207071 0.233039
0.781562 -0.195346 0.438476
0.781562 -0.109222 0.282390
0.776354 -0.012273 0.445703
0.776354 0.002305 0.286793
0.771521 0.114616 0.240977
0.776354 0.002305 0.286793
0.771521 0.172087 0.370495
0.727911 0.328143 0.255756
0.651805 0.274191 0.089239
0.727911 0.209684 0.171078
0.651805 0.434030 0.121416
0.577868 0.483030 -0.045169
0.577868 0.483030 -0.045169
0.505795 0.293434 -0.117564
0.577868 0.304041 -0.012244
0.505795 0.465619 -0.218053
0.439064 0.243239 -0.205275
0.439064 0.383223 -0.362032
0.439064 0.383223 -0.362032
0.390942 0.239756 -0.470603
0.350282 0.060571 -0.505222
0.350282 0.046681 -0.292506
0.309626 -0.124758 -0.458493
0.309626 -0.066221 -0.264039
0.350282 0.060571 -0.505222
0.269621 -0.297670 -0.336636
0.269621 -0.171558 -0.189804
0.231436 -0.430833 -0.158295
0.231436 -0.252680 -0.081160
0.202174 -0.284179 0.038323
0.231436 -0.252680 -0.081160
0.183190 -0.267581 0.148156
0.202174 -0.482538 0.037837
0.183190 -0.455293 0.218128
0.202174 -0.284179 0.038323
0.165775 -0.357510 0.363915
0.165775 -0.208012 0.236968
0.138460 -0.198647 0.458558
0.138460 -0.111233 0.294624
0.095168 -0.001757 0.492264
0.095168 0.008711 0.315158
0.028956 0.201352 0.456830
0.095168 0.008711 0.315158
0.095168 -0.001757 0.492264
0.028956 0.132444 0.293571
-0.044285 0.245187 0.227236
-0.044285 0.386420 0.347939
-0.104603 0.506808 0.174016
-0.104603 0.318527 0.121282
-0.104603 0.318527 0.121282
-0.146319 0.344703 -0.005954
-0.177052 0.513997 -0.251559
-0.177052 0.322906 -0.137976
-0.146319 0.549777 -0.034845
-0.146319 0.344703 -0.005954
-0.177052 0.513997 -0.251559
-0.207049 0.398459 -0.405492
-0.207049 0.252521 -0.231751
-0.240199 0.145307 -0.283394
-0.240199 0.222467 -0.490264
-0.276032 0.019366 -0.291412
-0.311626 -0.189165 -0.442932
-0.311626 -0.105457 -0.254560
-0.276032 0.015734 -0.503427
-0.345758 -0.359035 -0.314518
-0.345758 -0.208941 -0.176330
-0.378298 -0.468262 -0.145034
-0.345758 -0.359035 -0.314518
-0.378298 -0.275481 -0.073081
-0.413603 -0.292500 0.044360
-0.456092 -0.440013 0.243606
-0.456092 -0.258272 0.163676
-0.413603 -0.496197 0.047747
-0.505645 -0.314924 0.413508
-0.505645 -0.182069 0.267180
-0.559394 -0.072226 0.341151
-0.607410 0.066416 0.583382
-0.607410 0.050242 0.370667
-0.638164 0.164422 0.347451
-0.607410 0.066416 0.583382
-0.638164 0.253844 0.545274
-0.607410 0.050242 0.370667
-0.662485 0.404904 0.438308
-0.662485 0.256447 0.282288
-0.846966 0.229084 -0.329010
-0.846966 0.149338 -0.185159
-0.875441 0.024481 -0.390248
-0.846966 0.229084 -0.329010
-0.796174 0.387789 -0.228579
-0.750178 0.311540 -0.036382
-0.750178 0.495339 -0.084791
-0.796174 0.246021 -0.123976
-0.712720 0.336481 0.072889
-0.712720 0.536280 0.094578
-0.680561 0.317854 0.185754
-0.680561 0.505703 0.279846
-0.662485 0.256447 0.282288
-0.680561 0.317854 0.185754
-0.882836 -0.370889 0.116247
-0.908140 -0.204844 0.182646
-0.882836 -0.234291 0.077862
-0.908140 -0.326374 0.274645
-0.841756 -0.351582 -0.044202
-0.882836 -0.370889 0.116247
-0.802445 -0.267067 -0.179444
-0.841756 -0.351582 -0.044202
-0.763297 -0.131283 -0.271949
-0.802445 -0.165611 -0.117743
-0.763297 -0.075788 -0.178937
-0.802445 -0.267067 -0.179444
-0.763297 -0.075788 -0.178937
-0.763297 -0.131283 -0.271949
-0.673567 0.138812 -0.206080
-0.673567 0.193121 -0.312980
-0.673567 0.193121 -0.312980
-0.636554 0.337796 -0.250534
-0.636554 0.337796 -0.250534
-0.599770 0.306590 -0.090116
-0.599770 0.446746 -0.137682
-0.636554 0.234517 -0.164770
-0.564565 0.338436 0.006152
-0.599770 0.306590 -0.090116
-0.564565 0.494888 0.007845
-0.564565 0.338436 0.006152
-0.509858 0.273293 0.214503
-0.509858 0.396412 0.322803
-0.535741 0.325091 0.113838
-0.468795 0.267774 0.425578
-0.468795 0.188196 0.282491
-0.468795 0.188196 0.282491
-0.468795 0.267774 0.425578
-0.407151 0.065783 0.304888
-0.341999 -0.058955 0.283207
-0.295905 -0.166238 0.228243
-0.259447 -0.240187 0.141421
-0.259447 -0.379802 0.212327
-0.259447 -0.240187 0.141421
-0.227068 -0.271520 0.035565
-0.203063 -0.400180 -0.118090
-0.227068 -0.427166 0.052307
-0.176430 -0.302112 -0.273996
-0.176430 -0.188794 -0.180291
-0.203063 -0.400180 -0.118090
-0.143715 -0.150392 -0.391944
-0.176430 -0.302112 -0.273996
-0.143715 -0.088429 -0.258316
-0.143715 -0.150392 -0.391944
-0.143715 -0.088429 -0.258316
-0.065468 0.142966 -0.293969
-0.065468 0.199400 -0.445840
-0.029007 0.333900 -0.359574
0.009679 0.420546 -0.215521
-0.029007 0.231940 -0.236902
0.009679 0.289258 -0.141608
-0.029007 0.333900 -0.359574
0.009679 0.289258 -0.141608
0.064951 0.303085 -0.029963
0.064951 0.303085 -0.029963
0.128155 0.268957 0.084113
0.195210 0.272453 0.263374
0.195210 0.191292 0.175189
0.128155 0.389858 0.125696
0.195210 0.272453 0.263374
0.260029 0.107265 0.232814
0.260029 0.145433 0.350484
0.310292 0.004816 0.254679
0.310292 -0.009437 0.383536
0.331503 -0.167018 0.376885
0.331503 -0.099427 0.250279
0.341672 -0.297801 0.316617
0.341672 -0.185942 0.210411
0.354524 -0.243082 0.135331
0.354524 -0.384178 0.203121
0.354524 -0.243082 0.135331
0.372225 -0.262950 0.038494
0.372225 -0.262950 0.038494
0.397462 -0.239648 -0.065699
0.430181 -0.293193 -0.237423
0.397462 -0.378987 -0.100771
0.468759 -0.161549 -0.337743
0.430181 -0.182894 -0.156097
0.468759 -0.095809 -0.222460
0.430181 -0.293193 -0.237423
0.468759 -0.095809 -0.222460
0.509676 0.007010 -0.249132
0.509676 -0.006120 -0.378062
0.564403 0.148178 -0.365454
0.564403 0.109081 -0.240792
0.634161 0.281757 -0.305167
0.707417 0.261825 -0.130155
0.707417 0.379077 -0.198208
0.634161 0.197447 -0.200911
0.780870 0.417422 -0.061639
0.780870 0.287191 -0.039812
0.902636 -0.315794 0.370587
0.902636 -0.197845 0.246113
0.899930 0.009432 0.432650
0.904666 -0.162721 0.433959
0.894315 0.172710 0.365041
0.899930 0.017298 0.287169
0.899930 0.009432 0.432650
0.894315 0.125310 0.242444
0.884439 0.213676 0.161899
0.894315 0.125310 0.242444
0.894315 0.172710 0.365041
0.848102 0.391517 0.087373
0.848102 0.270055 0.058762
-0.783140 -0.223975 0.164001
-0.757836 -0.372407 0.079353
-0.783140 -0.342374 0.238347
-0.757836 -0.244527 0.055200
-0.716756 -0.339741 -0.076180
-0.757836 -0.372407 0.079353
-0.677445 -0.245352 -0.201430
-0.716756 -0.339741 -0.076180
-0.638297 -0.104398 -0.280417
-0.677445 -0.157582 -0.136942
-0.638297 -0.061126 -0.190994
-0.677445 -0.245352 -0.201430
-0.638297 -0.061126 -0.190994
-0.638297 -0.104398 -0.280417
-0.548567 0.158761 -0.199474
-0.548567 0.216930 -0.292810
-0.548567 0.158761 -0.199474
-0.548567 0.216930 -0.292810
-0.474770 0.450376 -0.099335
-0.511554 0.353313 -0.219232
-0.474770 0.318510 -0.067078
-0.511554 0.252089 -0.149124
-0.474770 0.450376 -0.099335
-0.474770 0.318510 -0.067078
-0.410741 0.319176 0.141255
-0.410741 0.451350 0.205108
-0.384858 0.257757 0.238679
-0.384858 0.361596 0.347477
-0.384858 0.257757 0.238679
-0.343795 0.226763 0.437138
-0.343795 0.165490 0.300035
-0.343795 0.165490 0.300035
-0.343795 0.226763 0.437138
-0.282151 0.039447 0.311879
-0.217000 -0.085043 0.278848
-0.217000 -0.139349 0.406176
-0.170905 -0.291107 0.310878
-0.134447 -0.256137 0.119089
-0.134447 -0.389374 0.172716
-0.170905 -0.188893 0.213634
-0.134447 -0.256137 0.119089
-0.102068 -0.278505 0.009034
-0.078063 -0.381018 -0.152733
-0.102068 -0.422061 0.011889
-0.051430 -0.271580 -0.297064
-0.051430 -0.175530 -0.202385
-0.078063 -0.381018 -0.152733
-0.018715 -0.066899 -0.272559
-0.018715 -0.112835 -0.399612
-0.051430 -0.271580 -0.297064
0.020771 0.056817 -0.304841
0.020771 0.067957 -0.446786
0.020771 0.067957 -0.446786
0.020771 0.056817 -0.304841
0.059532 0.234469 -0.422431
0.095993 0.358841 -0.326390
0.134679 0.431380 -0.177838
0.095993 0.255872 -0.222453
0.134679 0.305511 -0.120798
0.095993 0.358841 -0.326390
0.134679 0.305511 -0.120798
0.189951 0.309624 -0.006428
0.253155 0.372069 0.153814
0.189951 0.437391 -0.010705
0.253155 0.264924 0.106154
0.320210 0.178141 0.191567
0.385029 0.087877 0.242516
0.320210 0.245250 0.278631
0.385029 0.113345 0.353084
0.385029 0.113345 0.353084
0.385029 0.087877 0.242516
0.456503 -0.195019 0.352168
0.456503 -0.123139 0.241889
0.466672 -0.207281 0.193815
0.456503 -0.123139 0.241889
0.466672 -0.317979 0.281915
0.479524 -0.258532 0.112661
0.479524 -0.392873 0.163323
0.466672 -0.207281 0.193815
0.479524 -0.258532 0.112661
0.497225 -0.270080 0.012762
0.497225 -0.270080 0.012762
0.522462 -0.237227 -0.090764
0.555181 -0.265977 -0.260470
0.522462 -0.361740 -0.133949
0.593759 -0.128410 -0.347468
0.555181 -0.171696 -0.177344
0.593759 -0.077558 -0.236877
0.555181 -0.265977 -0.260470
0.593759 -0.077558 -0.236877
0.634676 0.029006 -0.254791
0.634676 0.027316 -0.373646
0.759161 0.217725 -0.189037
0.689402 0.131709 -0.237288
0.832417 0.389270 -0.164431
0.759161 0.303095 -0.277558
0.905870 0.415129 -0.027351
0.832417 0.276694 -0.111624
0.905870 0.294390 -0.017819
1.027636 -0.222509 0.228941
1.029666 -0.123606 0.280404
1.029666 -0.195702 0.408451
1.024930 -0.026935 0.421923
1.024930 -0.026935 0.421923
1.019315 0.138820 0.369683
1.024930 -0.008117 0.289623
1.019315 0.105310 0.253875
1.009439 0.280122 0.261849
1.009439 0.202004 0.180083
0.973102 0.268284 0.080560
0.973102 0.376980 0.116412
0.973102 0.268284 0.080560
0.811798 -0.182932 -0.399433
0.772391 -0.202267 -0.165449
0.795798 -0.101660 -0.228060
0.788391 -0.348080 -0.296657
0.737009 -0.270440 -0.065509
0.772391 -0.202267 -0.165449
0.705159 -0.294645 0.048862
0.721159 -0.499719 0.055136
0.737009 -0.270440 -0.065509
0.705159 -0.294645 0.048862
0.703010 -0.463567 0.221298
0.687010 -0.272622 0.150086
0.687010 -0.272622 0.150086
0.680269 -0.207071 0.233039
0.690562 -0.195346 0.438476
0.674562 -0.109222 0.282390
0.685354 -0.012273 0.445703
0.669354 0.002305 0.286793
0.664521 0.114616 0.240977
0.669354 0.002305 0.286793
0.680521 0.172087 0.370495
0.636911 0.328143 0.255756
0.544805 0.274191 0.089239
0.620911 0.209684 0.171078
0.560805 0.434030 0.121416
0.486868 0.483030 -0.045169
0.486868 0.483030 -0.045169
0.398795 0.293434 -0.117564
0.470868 0.304041 -0.012244
0.414795 0.465619 -0.218053
0.332064 0.243239 -0.205275
0.348064 0.383223 -0.362032
0.348064 0.383223 -0.362032
0.299942 0.239756 -0.470603
0.259282 0.060571 -0.505222
0.243282 0.046681 -0.292506
0.218626 -0.124758 -0.458493
0.202626 -0.066221 -0.264039
0.259282 0.060571 -0.505222
0.178621 -0.297670 -0.336636
0.162621 -0.171558 -0.189804
0.124436 -0.252680 -0.081160
0.178621 -0.297670 -0.336636
0.162621 -0.171558 -0.189804
0.076190 -0.267581 0.148156
0.111174 -0.482538 0.037837
0.092190 -0.455293 0.218128
0.095174 -0.284179 0.038323
0.074775 -0.357510 0.363915
0.058775 -0.208012 0.236968
0.047460 -0.198647 0.458558
0.031460 -0.111233 0.294624
0.004168 -0.001757 0.492264
-0.011832 0.008711 0.315158
-0.062044 0.201352 0.456830
-0.011832 0.008711 0.315158
0.004168 -0.001757 0.492264
-0.078044 0.132444 0.293571
-0.151285 0.245187 0.227236
-0.135285 0.386420 0.347939
-0.135285 0.386420 0.347939
-0.151285 0.245187 0.227236
-0.211603 0.318527 0.121282
-0.253319 0.344703 -0.005954
-0.268052 0.513997 -0.251559
-0.284052 0.322906 -0.137976
-0.237319 0.549777 -0.034845
-0.253319 0.344703 -0.005954
-0.268052 0.513997 -0.251559
-0.298049 0.398459 -0.405492
-0.314049 0.252521 -0.231751
-0.347199 0.145307 -0.283394
-0.331199 0.222467 -0.490264
-0.383032 0.019366 -0.291412
-0.402626 -0.189165 -0.442932
-0.418626 -0.105457 -0.254560
-0.367032 0.015734 -0.503427
-0.436758 -0.359035 -0.314518
-0.452758 -0.208941 -0.176330
-0.469298 -0.468262 -0.145034
-0.436758 -0.359035 -0.314518
-0.485298 -0.275481 -0.073081
-0.520603 -0.292500 0.044360
-0.547092 -0.440013 0.243606
-0.563092 -0.258272 0.163676
-0.504603 -0.496197 0.047747
-0.596645 -0.314924 0.413508
-0.612645 -0.182069 0.267180
-0.666393 -0.072226 0.341151
-0.698410 0.066416 0.583382
-0.714410 0.050242 0.370667
-0.745164 0.164422 0.347451
-0.698410 0.066416 0.583382
-0.729164 0.253844 0.545274
-0.714410 0.050242 0.370667
-0.753485 0.404904 0.438308
-0.769485 0.256447 0.282288
-0.937966 0.229084 -0.329010
-0.953966 0.149338 -0.185159
-0.966441 0.024481 -0.390248
-0.937966 0.229084 -0.329010
-0.887174 0.387789 -0.228579
-0.857178 0.311540 -0.036382
-0.841178 0.495339 -0.084791
-0.903174 0.246021 -0.123976
-0.819720 0.336481 0.072889
-0.803720 0.536280 0.094578
-0.787561 0.317854 0.185754
-0.771561 0.505703 0.279846
-0.769485 0.256447 0.282288
-0.787561 0.317854 0.185754
0.938798 -0.182932 -0.399433
0.897391 -0.202267 -0.165449
0.920798 -0.101660 -0.228060
0.915391 -0.348080 -0.296657
0.862009 -0.270440 -0.065509
0.897391 -0.202267 -0.165449
0.830159 -0.294645 0.048862
0.848159 -0.499719 0.055136
0.862009 -0.270440 -0.065509
0.830159 -0.294645 0.048862
0.830010 -0.463567 0.221298
0.812010 -0.272622 0.150086
0.812010 -0.272622 0.150086
0.805269 -0.207071 0.233039
0.817562 -0.195346 0.438476
0.799562 -0.109222 0.282390
0.812354 -0.012273 0.445703
0.794354 0.002305 0.286793
0.789521 0.114616 0.240977
0.794354 0.002305 0.286793
0.807521 0.172087 0.370495
0.763911 0.328143 0.255756
0.669805 0.274191 0.089239
0.745911 0.209684 0.171078
0.687805 0.434030 0.121416
0.613868 0.483030 -0.045169
0.613868 0.483030 -0.045169
0.523795 0.293434 -0.117564
0.595868 0.304041 -0.012244
0.541795 0.465619 -0.218053
0.457064 0.243239 -0.205275
0.475064 0.383223 -0.362032
0.475064 0.383223 -0.362032
0.426942 0.239756 -0.470603
0.386282 0.060571 -0.505222
0.368282 0.046681 -0.292506
0.345626 -0.124758 -0.458493
0.327626 -0.066221 -0.264039
0.386282 0.060571 -0.505222
0.305621 -0.297670 -0.336636
0.287621 -0.171558 -0.189804
0.249436 -0.252680 -0.081160
0.305621 -0.297670 -0.336636
0.287621 -0.171558 -0.189804
0.201190 -0.267581 0.148156
0.238174 -0.482538 0.037837
0.219190 -0.455293 0.218128
0.220174 -0.284179 0.038323
0.201775 -0.357510 0.363915
0.183775 -0.208012 0.236968
0.174460 -0.198647 0.458558
0.156460 -0.111233 0.294624
0.131168 -0.001757 0.492264
0.113168 0.008711 0.315158
0.064956 0.201352 0.456830
0.113168 0.008711 0.315158
0.131168 -0.001757 0.492264
0.046956 0.132444 0.293571
-0.026285 0.245187 0.227236
-0.008285 0.386420 0.347939
-0.008285 0.386420 0.347939
-0.026285 0.245187 0.227236
-0.086603 0.318527 0.121282
-0.128319 0.344703 -0.005954
-0.141052 0.513997 -0.251559
-0.159052 0.322906 -0.137976
-0.110319 0.549777 -0.034845
-0.128319 0.344703 -0.005954
-0.141052 0.513997 -0.251559
-0.171049 0.398459 -0.405492
-0.189049 0.252521 -0.231751
-0.222199 0.145307 -0.283394
-0.204199 0.222467 -0.490264
-0.258032 0.019366 -0.291412
-0.275626 -0.189165 -0.442932
-0.293626 -0.105457 -0.254560
-0.240032 0.015734 -0.503427
-0.309758 -0.359035 -0.314518
-0.327758 -0.208941 -0.176330
-0.342297 -0.468262 -0.145034
-0.309758 -0.359035 -0.314518
-0.360298 -0.275481 -0.073081
-0.395603 -0.292500 0.044360
-0.420092 -0.440013 0.243606
-0.438092 -0.258272 0.163676
-0.377603 -0.496197 0.047747
-0.469645 -0.314924 0.413508
-0.487645 -0.182069 0.267180
-0.541394 -0.072226 0.341151
-0.571410 0.066416 0.583382
-0.589410 0.050242 0.370667
-0.620164 0.164422 0.347451
-0.571410 0.066416 0.583382
-0.602164 0.253844 0.545274
-0.589410 0.050242 0.370667
-0.626485 0.404904 0.438308
-0.644485 0.256447 0.282288
-0.810966 0.229084 -0.329010
-0.828966 0.149338 -0.185159
-0.839441 0.024481 -0.390248
-0.810966 0.229084 -0.329010
-0.760174 0.387789 -0.228579
-0.732178 0.311540 -0.036382
-0.714178 0.495339 -0.084791
-0.778174 0.246021 -0.123976
-0.694720 0.336481 0.072889
-0.676720 0.536280 0.094578
-0.662561 0.317854 0.185754
-0.644561 0.505703 0.279846
-0.644485 0.256447 0.282288
-0.662561 0.317854 0.185754
-0.890140 -0.212461 0.172114
-0.853836 -0.375451 0.098536
-0.879140 -0.337889 0.258725
-0.864836 -0.237309 0.066146
-0.812756 -0.349164 -0.060918
-0.853836 -0.375451 0.098536
-0.773445 -0.258831 -0.192345
-0.812756 -0.349164 -0.060918
-0.734297 -0.119141 -0.278839
-0.784445 -0.160163 -0.126277
-0.745297 -0.067755 -0.183495
-0.773445 -0.258831 -0.192345
-0.688162 0.044283 -0.314352
-0.734297 -0.119141 -0.278839
-0.655567 0.147824 -0.201251
-0.644567 0.206745 -0.305681
-0.644567 0.206745 -0.305681
-0.607554 0.348558 -0.236983
-0.607554 0.348558 -0.236983
-0.581770 0.310384 -0.078080
-0.570770 0.452482 -0.119486
-0.618554 0.241636 -0.155806
-0.546565 0.338001 0.019486
-0.581770 0.310384 -0.078080
-0.535565 0.494230 0.028002
-0.546565 0.338001 0.019486
-0.517741 0.319971 0.126487
-0.506741 0.466975 0.189752
-0.491858 0.263831 0.224797
-0.439795 0.249110 0.435431
-0.480858 0.382110 0.338365
-0.450795 0.175850 0.289008
-0.378151 0.062761 0.461185
-0.389151 0.052576 0.306045
-0.389151 0.052576 0.306045
-0.324000 -0.071097 0.278944
-0.277905 -0.175880 0.219353
-0.241447 -0.245972 0.129387
-0.230447 -0.388547 0.194136
-0.266905 -0.282590 0.330134
-0.277905 -0.175880 0.219353
-0.198068 -0.428886 0.032202
-0.230447 -0.388547 0.194136
-0.209068 -0.272657 0.022265
-0.185063 -0.249906 -0.089570
-0.147430 -0.289717 -0.288335
-0.158430 -0.180595 -0.189776
-0.174063 -0.394493 -0.136856
-0.114715 -0.132998 -0.399554
-0.147430 -0.289717 -0.288335
-0.125715 -0.076922 -0.263349
-0.114715 -0.132998 -0.399554
-0.125715 -0.076922 -0.263349
-0.047468 0.155808 -0.288875
-0.036468 0.218813 -0.438140
-0.000007 0.349422 -0.346089
0.038679 0.429702 -0.198394
-0.011007 0.242208 -0.227982
0.027679 0.295315 -0.130279
-0.000007 0.349422 -0.346089
0.027679 0.295315 -0.130279
0.082951 0.304258 -0.018136
0.157155 0.384159 0.141159
0.093951 0.443222 -0.028872
0.224210 0.260861 0.273585
0.213210 0.183623 0.181944
0.157155 0.384159 0.141159
0.224210 0.260861 0.273585
0.278029 0.097163 0.235849
0.289029 0.130161 0.355072
0.328292 -0.006142 0.253225
0.339292 -0.026002 0.381337
0.360503 -0.183143 0.367819
0.349503 -0.110094 0.244281
0.370672 -0.311173 0.301903
0.359672 -0.194788 0.200677
0.372524 -0.248599 0.123177
0.383524 -0.392517 0.184748
0.372524 -0.248599 0.123177
0.390225 -0.264223 0.025565
0.390225 -0.264223 0.025565
0.415462 -0.236399 -0.077512
0.459181 -0.282402 -0.251408
0.426462 -0.374075 -0.118629
0.497759 -0.146508 -0.345890
0.448181 -0.175756 -0.165348
0.486759 -0.085859 -0.227850
0.459181 -0.282402 -0.251408
0.486759 -0.085859 -0.227850
0.527676 0.018025 -0.250012
0.538676 0.010531 -0.379391
0.593403 0.164133 -0.360065
0.582403 0.119636 -0.237227
0.663161 0.294956 -0.294008
0.725417 0.267409 -0.120033
0.736417 0.387517 -0.182907
0.652161 0.206177 -0.193529
0.809870 0.419868 -0.044795
0.798870 0.288809 -0.028670
0.931636 -0.331503 0.355037
0.920636 -0.208236 0.235826
0.933666 -0.181340 0.425026
0.928930 -0.009294 0.431227
0.923315 0.156778 0.370805
0.917930 0.004911 0.286227
0.928930 -0.009294 0.431227
0.912315 0.114770 0.246257
0.902439 0.206566 0.169643
0.912315 0.114770 0.246257
0.923315 0.156778 0.370805
0.877102 0.387489 0.102946
0.866102 0.267390 0.069063
-0.765140 -0.216701 0.175042
-0.725836 -0.368684 0.096949
-0.751140 -0.331744 0.254482
-0.739836 -0.241979 0.067241
-0.684756 -0.342834 -0.059861
-0.725836 -0.368684 0.096949
-0.645445 -0.253997 -0.189108
-0.684756 -0.342834 -0.059861
-0.606297 -0.116624 -0.274169
-0.659445 -0.163498 -0.128510
-0.620297 -0.069492 -0.186718
-0.645445 -0.253997 -0.189108
-0.560162 0.044091 -0.309092
-0.606297 -0.116624 -0.274169
-0.560162 0.044091 -0.309092
-0.574162 0.040486 -0.210616
-0.530567 0.149816 -0.204781
-0.516567 0.203859 -0.300565
-0.442770 0.445521 -0.117458
-0.479554 0.343321 -0.233007
-0.456770 0.315188 -0.079480
-0.493554 0.245251 -0.158551
-0.442770 0.445521 -0.117458
-0.456770 0.315188 -0.079480
-0.392741 0.324941 0.128626
-0.378741 0.459774 0.186653
-0.366858 0.267830 0.228637
-0.352858 0.376316 0.332802
-0.366858 0.267830 0.228637
-0.311795 0.245522 0.428258
-0.352858 0.376316 0.332802
-0.325795 0.178327 0.293958
-0.250151 0.062262 0.453585
-0.264151 0.052920 0.311290
-0.264151 0.052920 0.311290
-0.198999 -0.072892 0.283720
-0.184999 -0.121592 0.413296
-0.138905 -0.277363 0.324708
-0.116447 -0.250792 0.131576
-0.102447 -0.381563 0.190964
-0.152905 -0.179487 0.223098
-0.070068 -0.421233 0.031715
-0.102447 -0.381563 0.190964
-0.084068 -0.277939 0.022601
-0.060063 -0.254794 -0.091169
-0.019430 -0.284372 -0.283507
-0.033430 -0.184284 -0.193108
-0.046063 -0.387411 -0.134540
-0.000715 -0.078817 -0.267954
0.013285 -0.130251 -0.392882
-0.019430 -0.284372 -0.283507
0.038771 0.043373 -0.305601
0.052771 0.048310 -0.447897
0.052771 0.048310 -0.447897
0.038771 0.043373 -0.305601
0.091532 0.215727 -0.430828
0.127993 0.344170 -0.340304
0.166679 0.423119 -0.195057
0.113993 0.245832 -0.231975
0.152679 0.299858 -0.132581
0.127993 0.344170 -0.340304
0.152679 0.299858 -0.132581
0.207951 0.308956 -0.018499
0.285155 0.378331 0.138866
0.221951 0.436415 -0.028346
0.352210 0.257077 0.269096
0.338210 0.186234 0.185042
0.285155 0.378331 0.138866
0.403029 0.098279 0.239880
0.352210 0.257077 0.269096
0.417029 0.128545 0.349232
0.417029 0.128545 0.349232
0.403029 0.098279 0.239880
0.488503 -0.179565 0.361767
0.474503 -0.112563 0.248458
0.484672 -0.198723 0.204099
0.474503 -0.112563 0.248458
0.498672 -0.305472 0.296945
0.497524 -0.253464 0.125258
0.511524 -0.385468 0.181732
0.484672 -0.198723 0.204099
0.497524 -0.253464 0.125258
0.515225 -0.269359 0.025958
0.515225 -0.269359 0.025958
0.540462 -0.241054 -0.078902
0.587181 -0.277178 -0.247192
0.554462 -0.367331 -0.116615
0.625759 -0.143537 -0.340108
0.573181 -0.179361 -0.168258
0.611759 -0.087910 -0.231841
0.587181 -0.277178 -0.247192
0.611759 -0.087910 -0.231841
0.652676 0.017772 -0.254386
0.666676 0.010898 -0.373054
0.777161 0.209179 -0.196926
0.707402 0.121140 -0.241380
0.864417 0.381634 -0.179827
0.791161 0.290607 -0.289087
0.937870 0.413448 -0.044005
0.850417 0.271469 -0.122159
0.923870 0.293240 -0.029215
1.045636 -0.212404 0.239856
1.047666 -0.111350 0.286956
1.061666 -0.177792 0.418026
1.056930 -0.008598 0.424124
1.037315 0.116190 0.250467
1.042930 0.004430 0.291129
1.051315 0.154720 0.364704
1.056930 -0.008598 0.424124
1.041439 0.291184 0.250809
1.027439 0.209574 0.172528
1.041439 0.291184 0.250809
0.991102 0.271450 0.070209
1.005102 0.381606 0.101286
1.005102 0.381606 0.101286
1589 1590
1585 1586
1579 1580
1573 1574
1625 1626
1569 1570
1637 1638
1633 1634
1655 1656
2125 2126
1653 1654
1669 1670
1623 1624
1526 1527
1560 1561
1577 1578
1627 1628
1643 1644
1441 1442
1706 1707
1482 1483
1864 1865
2135 2136
1591 1592
1979 1980
1649 1650
1486 1487
1427 1429
1920 1924
1968 1972
2078 2082
2127 2128
2133 2134
2089 2090
1931 1932
1522 1523
1615 1616
1430 1444
1548 1568
2015 2016
2171 2172
1866 1900
1461 1462
1494 1495
1665 1666
1607 1608
1880 1882
1518 1533
1467 1468
1698 1699
1711 1713
1552 1553
1696 1697
1862 1898
1434 1435
1557 1559
1887 1888
1420 1448
1850 1851
1677 1678
1488 1489
2111 2112
1955 1956
1554 1564
1510 1511
1758 1759
1845 1846
1883 1884
1876 1897
1704 1705
1593 1594
1657 1658
1451 1452
1730 1731
1885 1886
2161 2162
1528 1534
1989 1991
1801 1802
1970 1971
2123 2124
2080 2081
1922 1923
1714 1715
1791 1792
2105 2106
2149 2150
1810 1811
1690 1691
1844 1845
2113 2114
1480 1481
1917 1918
1689 1691
1797 1798
2075 2076
2207 2208
2049 2050
1524 1525
1879 1881
1635 1636
1818 1819
2071 2072
1963 1964
2093 2094
1601 1602
2057 2058
1995 1996
1947 1948
2003 2004
1937 1938
1985 1986
1679 1680
2139 2140
2179 2180
1558 1567
1571 1572
1877 1878
1840 1841
1842 1843
1746 1747
1428 1443
1440 1447
1935 1936
1787 1788
1861 1863
2001 2002
1581 1582
1617 1618
1742 1743
1744 1745
1529 1530
1551 1552
1555 1556
2041 2042
1685 1686
1913 1914
1961 1962
1854 1855
1860 1869
1463 1464
1785 1786
1496 1497
1870 1871
2013 2014
1834 1835
1546 1547
1795 1796
1781 1782
1783 1784
1999 2000
1455 1456
1718 1719
1728 1729
1722 1723
1432 1433
1423 1424
1765 1766
1543 1544
1858 1859
1753 1764
1421 1422
1663 1664
1733 1734
1490 1506
2211 2212
1760 1761
1740 1741
1459 1460
1808 1809
2219 2220
1943 1944
2101 2102
1992 1993
2145 2146
1667 1668
2159 2160
1716 1717
1514 1515
2175 2176
2019 2020
2181 2182
1735 1736
1453 1454
2059 2060
2107 2108
1903 1904
1925 1926
1927 1929
1611 1612
1852 1853
1828 1847
2085 2087
1492 1493
1562 1563
1824 1825
1437 1438
1895 1896
1531 1532
1535 1536
2033 2034
2195 2196
1833 1834
2025 2026
1587 1588
1647 1648
1661 1662
2189 2190
2029 2030
1803 1804
1597 1598
1484 1485
1775 1776
1893 1894
1512 1513
1891 1892
1473 1474
1681 1682
1749 1750
1683 1684
1915 1916
2023 2024
1491 1492
1613 1614
1814 1815
1953 1954
1905 1906
2063 2064
1500 1501
1933 1934
2091 2092
2137 2138
1694 1695
1836 1837
1702 1703
1609 1610
1431 1432
1537 1538
1545 1546
1508 1509
1516 1517
1856 1857
2009 2010
1756 1757
1449 1450
1471 1472
1599 1600
1651 1652
2117 2118
1951 1952
1737 1756
1928 1930
2147 2148
1945 1946
2103 2104
2086 2088
1789 1790
1659 1660
1510 1536
1575 1576
1799 1800
2115 2116
1475 1476
1777 1778
2065 2066
1907 1908
1477 1478
1583 1584
1619 1620
1872 1873
2163 2164
1919 1921
2077 2079
1967 1969
1769 1770
1816 1817
2201 2202
2109 2110
2061 2062
1901 1902
1949 1950
1565 1566
2187 2188
1671 1672
1773 1774
2045 2046
1645 1646
2203 2204
2035 2036
1794 1807
1990 1994
1436 1437
1641 1642
1439 1440
1732 1733
2043 2044
2209 2210
2165 2166
1603 1604
1595 1596
1838 1839
2153 2154
2051 2052
1521 1522
2183 2184
1754 1755
1673 1674
1605 1606
1829 1830
1457 1458
2021 2022
1425 1426
1675 1676
1720 1721
1831 1832
1793 1794
1539 1540
1445 1446
2718 2719
2215 2216
1687 1688
1708 1709
1867 1868
1771 1772
1805 1806
1812 1813
2245 2246
2587 2588
2687 2689
2151 2152
2585 2586
1519 1520
2073 2074
2545 2546
1997 1998
2055 2056
2318 2319
2450 2451
2027 2028
2470 2471
2543 2544
2573 2574
2514 2515
2438 2439
2672 2673
1549 1550
2612 2688
1977 1978
2131 2132
2741 2742
1889 1890
1710 1712
1506 1507
1458 1479
2311 2313
1751 1752
1762 1763
1498 1499
1541 1542
2440 2441
2141 2142
2143 2144
2097 2098
2099 2100
2299 2300
2494 2495
2267 2268
2496 2497
2766 2767
2812 2813
2716 2717
2736 2737
2524 2525
2436 2437
2453 2455
2743 2744
1987 1988
1939 1940
1941 1942
2702 2704
2729 2730
1822 1823
2722 2723
1981 1982
2616 2617
2599 2600
1848 1849
2031 2032
2155 2156
2295 2296
2553 2554
1692 1693
2570 2572
2340 2341
1726 1727
2247 2249
2270 2272
2225 2226
2229 2230
1747 1748
2363 2364
1502 1503
1504 1505
2703 2705
2248 2250
2468 2469
2492 2493
1983 1984
2191 2192
2322 2324
2597 2598
2745 2746
2365 2366
2239 2240
2262 2263
2227 2228
2583 2584
2095 2096
2788 2789
2808 2810
2269 2271
2759 2760
2797 2799
2310 2312
2749 2750
2768 2769
2798 2800
1629 1630
1631 1632
2776 2777
2757 2758
2067 2068
1909 1910
1957 1958
2466 2467
2778 2779
2452 2454
2548 2550
2569 2571
2241 2242
2498 2499
2285 2286
2755 2756
2411 2412
2129 2130
2666 2667
2083 2084
2323 2325
2326 2327
2395 2396
2637 2638
2753 2754
2643 2644
2297 2298
2786 2787
2479 2480
2397 2398
2303 2305
2306 2307
2732 2734
2807 2809
2358 2359
1965 1966
2661 2662
2512 2513
2281 2282
1738 1739
1779 1780
2510 2511
1465 1466
1820 1821
2119 2120
2121 2122
1826 1827
1973 1974
1975 1976
1621 1622
2279 2280
1639 1640
2635 2636
2761 2762
2792 2793
1767 1768
1469 1470
2668 2669
2520 2523
2422 2424
2547 2549
2706 2707
2619 2620
2710 2711
2731 2733
2604 2605
2367 2368
2387 2388
2678 2679
2235 2236
2541 2542
2647 2648
2372 2374
2676 2677
2694 2695
1873 1899
2649 2650
2653 2654
2682 2684
2385 2386
2456 2457
2415 2416
2320 2321
2369 2370
2488 2489
2354 2355
2458 2459
2557 2559
2559 2561
2500 2501
2529 2531
2529 2532
1874 1875
2790 2791
2558 2560
2534 2536
2521 2522
1700 1701
1724 1725
2423 2425
2589 2590
2533 2535
2639 2640
2683 2685
2005 2006
2503 2505
2157 2158
2047 2048
2355 2373
2283 2284
2522 2562
2205 2206
3440 3441
3329 3330
2884 2885
2997 2998
2199 2200
2037 2038
2193 2194
3435 3436
3324 3325
2169 2170
2173 2174
2879 2880
2992 2993
2502 2504
3442 3443
3331 3332
2999 3000
2886 2887
2011 2012
2017 2018
2069 2070
2007 2008
2197 2198
2448 2449
3462 3464
3351 3353
2907 2909
3019 3021
3002 3004
3334 3336
3445 3447
2889 2891
3425 3427
2982 2984
3314 3316
2869 2871
3466 3467
3355 3356
2213 2214
3025 3027
3357 3359
3468 3470
2913 2915
2167 2168
3023 3024
2053 2054
2177 2178
1959 1960
1911 1912
3460 3461
3463 3465
3349 3350
3352 3354
3017 3018
3020 3022
2908 2910
2905 2906
2039 2040
3401 3402
3478 3479
3290 3291
3367 3368
2957 2958
2844 2845
3035 3036
2923 2924
2375 2376
2185 2186
3343 3345
3454 3456
3011 3013
2899 2901
2462 2463
3437 3438
3326 3327
2217 2218
2881 2882
2994 2995
3450 3452
3339 3341
2892 2893
3378 3380
3267 3269
3007 3009
2895 2897
2821 2823
2934 2936
3448 3449
3449 3451
3337 3338
3338 3340
3381 3382
3270 3271
2579 2580
3005 3006
3006 3008
2894 2896
2824 2825
2937 2938
2460 2461
2342 2343
3476 3477
3365 3366
3415 3417
3033 3034
2921 2922
3304 3306
2860 2862
2972 2974
3398 3400
3287 3289
2954 2956
2841 2843
3416 3418
3305 3307
2947 2948
3391 3392
3280 3281
2834 2835
3457 3458
2973 2975
2859 2861
3346 3347
2902 2903
3014 3015
3372 3374
3419 3420
3261 3263
3308 3309
2815 2817
2928 2930
2976 2977
2863 2864
2875 2876
2988 2989
2850 2852
3296 3298
2963 2965
3407 3409
3328 3329
2996 2997
3439 3440
2883 2884
3410 3411
3413 3414
3299 3300
3302 3303
2968 2969
2855 2856
2966 2967
2853 2854
3546 3548
3100 3102
3196 3197
3643 3644
3544 3545
3371 3373
3260 3262
3659 3661
2814 2816
2927 2929
2951 2952
3284 3285
3395 3396
2838 2839
3210 3211
3657 3658
2847 2848
2960 2961
3293 3294
3404 3405
3429 3430
3431 3432
3421 3422
3318 3319
3320 3321
3310 3311
2959 2960
3292 3293
3403 3404
2846 2847
3527 3529
3081 3083
2873 2874
2986 2987
2865 2866
2978 2979
2780 2781
2917 2919
3029 3031
3361 3363
3472 3474
2231 2232
3639 3641
3192 3194
3397 3399
3286 3288
2953 2955
2840 2842
2751 2752
3385 3386
3274 3275
3705 3707
3423 3424
2828 2829
2941 2942
3312 3313
2713 2715
2867 2868
2980 2981
3585 3587
3139 3141
410 411
2712 2714
902 903
1374 1375
3079 3080
484 485
956 957
3701 3702
3251 3252
3494 3495
3631 3633
3184 3186
1376 1377
3137 3138
3583 3584
2275 2277
3581 3582
3135 3136
3190 3191
176 177
412 413
178 179
414 415
3606 3607
980 981
2801 2802
852 853
3523 3524
1378 1379
580 581
3066 3068
3697 3698
3249 3250
2674 2675
2237 2238
482 483
1354 1355
1000 1001
166 167
404 405
2692 2693
3635 3636
2335 2336
978 979
3486 3487
3043 3044
850 851
2784 2785
120 121
356 357
2770 2771
2738 2739
168 169
402 403
480 481
2259 2260
2747 2748
3469 3471
878 879
2330 2331
3358 3360
408 409
882 883
2782 2783
3663 3664
3215 3216
3118 3119
3564 3565
1327 1329
2914 2916
3026 3028
3510 3512
3045 3046
3488 3489
3598 3599
3152 3153
3511 3513
2257 2258
3536 3537
3090 3091
3068 3069
3070 3071
880 881
3535 3536
2402 2404
3575 3577
3129 3131
522 523
3089 3090
3231 3232
3679 3680
1338 1339
578 579
3498 3499
3055 3056
1056 1057
3154 3155
3600 3601
1326 1328
140 141
376 377
158 159
394 395
3649 3650
3202 3203
2722 2725
3500 3502
3057 3059
576 577
3387 3388
3508 3509
3276 3277
2328 2329
970 971
3690 3691
3242 3243
3539 3541
2735 2811
1006 1007
2943 2944
2830 2831
3093 3095
1054 1055
520 521
952 953
2727 2728
3612 3613
3166 3167
1336 1337
848 849
1008 1009
890 891
2670 2671
490 491
148 149
382 383
2772 2773
888 889
492 493
2264 2265
3519 3520
3558 3559
3559 3560
3506 3507
498 499
2762 2763
3075 3076
3076 3077
3112 3113
3113 3114
156 157
392 393
3063 3064
2803 2804
900 901
2243 2244
2740 2741
1098 1099
3514 3515
968 969
868 869
1128 1129
898 899
2517 2519
2251 2252
358 359
830 832
861 863
1334 1335
2764 2765
3556 3557
146 147
384 385
2614 2615
2276 2278
208 209
443 445
3110 3111
320 321
792 794
1266 1267
3521 3522
793 795
2805 2806
560 561
2593 2594
919 921
1392 1393
831 833
1304 1305
996 997
654 655
232 233
1414 1416
3482 3484
2774 2775
388 389
860 862
2581 2582
3040 3042
206 207
442 444
2680 2681
446 447
918 920
512 513
2289 2291
2381 2383
2434 2435
2700 2701
2475 2477
2304 2332
3538 3540
3620 3621
3622 3624
998 999
3623 3625
2266 2268
3092 3094
942 943
1415 1417
502 503
2595 2596
3174 3175
3175 3176
2478 2520
657 659
3177 3178
3179 3180
1398 1399
2287 2288
494 495
2391 2392
872 873
796 797
1268 1269
2793 2794
2555 2556
2261 2339
2631 2633
2720 2721
510 511
236 237
470 472
976 977
1012 1013
500 501
858 859
214 215
450 451
1396 1397
656 658
1130 1131
986 987
198 199
434 435
454 455
2724 2726
234 235
471 473
1418 1419
2290 2292
138 139
374 375
448 449
2629 2630
3530 3532
3533 3534
1112 1113
3618 3619
3528 3531
2333 2334
2319 2320
870 871
3084 3086
3087 3088
2337 2338
136 137
372 373
3082 3085
3652 3654
3172 3173
2414 2444
3205 3207
1114 1115
940 941
990 991
546 547
1020 1021
2255 2256
2625 2627
196 197
432 433
626 628
1348 1349
2576 2578
638 639
452 453
926 927
2361 2362
438 439
1306 1307
2405 2406
3628 3629
3181 3182
588 589
1308 1309
988 989
2657 2658
3554 3555
567 569
1040 1041
366 367
126 127
362 364
2645 2646
2314 2315
3108 3109
2651 2652
2399 2400
2401 2403
950 951
3626 3627
938 939
2506 2507
3645 3646
3647 3648
636 637
892 893
2413 2414
3015 3016
3458 3459
3347 3348
2903 2904
3389 3391
2608 2686
2551 2552
188 189
424 425
3278 3280
566 568
2655 2656
3072 3073
3516 3517
3198 3199
3200 3201
776 777
2253 2254
3483 3485
774 775
128 129
363 365
1310 1311
586 587
290 291
1236 1237
840 841
2273 2274
627 629
1100 1101
2621 2622
3315 3317
3426 3428
2983 2985
2870 2872
910 911
288 289
1234 1235
3039 3041
548 549
1318 1319
2945 2947
2832 2834
1046 1047
186 187
422 423
70 71
304 305
1250 1251
2601 2602
130 131
948 949
474 475
2603 2604
2606 2607
2609 2610
3301 3303
3412 3414
3223 3225
3671 3673
1346 1347
2641 2642
1316 1317
2698 2699
68 69
306 307
1252 1253
3594 3596
842 843
1036 1037
550 551
3148 3150
762 763
908 909
2430 2431
2696 2697
570 571
1042 1043
1062 1063
3629 3630
698 699
1170 1171
3212 3213
1034 1035
3651 3653
2464 2465
3182 3183
2352 2353
2393 2394
3204 3206
2516 2518
572 573
1044 1045
2345 2347
2308 2309
2623 2624
1016 1017
3567 3569
2293 2294
2419 2421
2389 2390
2409 2410
3121 3123
1366 1368
530 531
532 533
3616 3617
3433 3434
2990 2991
3322 3323
2877 2878
2591 2592
2301 2302
1367 1369
2223 2224
3170 3171
1074 1075
2659 2660
928 929
2575 2577
2888 2890
3001 3003
3333 3335
3444 3446
1018 1019
3098 3099
2350 2351
2418 2420
1106 1107
2221 2222
1076 1077
2618 2695
1172 1173
2564 2566
3640 3642
3193 3195
695 697
2316 2317
3566 3568
89 91
1174 1175
2443 2445
1072 1073
3120 3122
3579 3580
88 90
3667 3668
542 543
12 13
1192 1193
2626 2628
765 767
3133 3134
3590 3591
8 9
244 245
1190 1191
694 696
1168 1169
10 11
246 247
3219 3220
932 933
1406 1407
930 931
3144 3145
2526 2527
2508 2509
2898 2900
3342 3344
3010 3012
3453 3455
248 249
1194 1195
2356 2357
3573 3574
2487 2488
3595 3597
2632 2634
2370 2371
3127 3128
2634 2665
644 645
540 541
3149 3151
676 677
3552 3553
3571 3572
292 293
1238 1239
764 766
22 23
3106 3107
2537 2538
2442 2443
714 715
3125 3126
1166 1167
646 647
228 229
462 463
3073 3074
3517 3518
3282 3283
3393 3394
2836 2837
2949 2950
716 717
1136 1137
2539 2540
106 107
224 225
460 461
2344 2346
2428 2429
596 598
342 343
816 817
1288 1289
2426 2427
1152 1153
226 227
464 465
678 679
2359 2360
59 61
250 251
1196 1197
2490 2491
648 649
3655 3656
3208 3209
2857 2858
2970 2971
674 675
2563 2565
684 686
1158 1159
1154 1155
2432 2433
782 783
222 223
1404 1405
18 20
19 21
2484 2528
3682 3684
597 599
1070 1071
48 50
685 687
2416 2417
108 109
344 345
1290 1291
616 617
2446 2447
704 705
618 619
2931 2932
3264 3265
3375 3376
2818 2819
688 689
1160 1161
2474 2476
1408 1409
3234 3236
2379 2380
58 60
110 111
346 347
1292 1293
706 707
3096 3097
3542 3543
3592 3593
2530 2531
3690 3693
49 51
3256 3257
78 80
814 815
812 813
725 727
3146 3147
352 353
1298 1299
116 117
2690 2691
252 253
724 726
1198 1199
772 773
3242 3245
804 805
3550 3551
824 825
822 823
736 737
734 735
3104 3105
2663 2664
802 803
282 283
754 756
1228 1229
118 119
354 355
786 787
3295 3297
2849 2851
2962 2964
3406 3408
1083 1085
2795 2796
2483 2484
28 29
265 267
1211 1213
2382 2384
3681 3683
79 81
2377 2378
755 757
3213 3214
3660 3662
3692 3694
30 31
264 266
1210 1212
3233 3235
606 607
238 239
710 711
1184 1185
3632 3634
3185 3187
1082 1084
784 785
3389 3390
2945 2946
3278 3279
2832 2833
1066 1067
3266 3268
3377 3379
2933 2935
2820 2822
3244 3246
1064 1065
608 609
1086 1087
3240 3241
3688 3689
1182 1183
3576 3578
3130 3132
3496 3497
3547 3549
3143 3144
3589 3590
3053 3054
3101 3103
3686 3687
3491 3493
1180 1181
708 709
3253 3254
3699 3700
3238 3239
3048 3050
3030 3032
3362 3364
3473 3475
2918 2920
3637 3638
1214 1215
2481 2482
664 665
3140 3142
3586 3588
100 101
335 337
1281 1283
3188 3189
3525 3526
98 99
334 336
1280 1282
3065 3067
3037 3038
3369 3370
3480 3481
2925 2926
3685 3686
3237 3238
2911 2912
3706 3708
3077 3078
3258 3259
3665 3666
3703 3704
3124 3125
3570 3571
3217 3218
3255 3256
806 807
2567 2568
3614 3615
3168 3169
332 333
96 97
1144 1145
3247 3248
3695 3696
3677 3678
3229 3230
3610 3611
2348 2349
3501 3503
3058 3060
3162 3163
3164 3165
3603 3605
2485 2486
3562 3563
3116 3117
1142 1143
2611 2613
3157 3159
3490 3492
3047 3049
3051 3052
3061 3062
3504 3505
746 747
2826 2827
2939 2940
3272 3273
3383 3384
744 745
42 43
750 751
1224 1225
276 277
1222 1223
40 41
3675 3676
3227 3228
38 39
274 275
1220 1221
3560 3561
3114 3115
3602 3604
3608 3609
3156 3158
3160 3161
3221 3222
3669 3670
3224 3226
3672 3674
2708 2709
2233 2234
2472 2473
2407 2408
922 923
1394 1395
210 211
212 213
132 133
368 369
838 839
162 163
874 875
1344 1345
160 161
398 399
836 837
1312 1313
124 125
360 361
150 151
152 153
386 387
1332 1333
916 917
834 835
1410 1411
1412 1413
164 165
400 401
1350 1351
134 135
1314 1315
217 219
220 221
456 457
430 431
904 905
906 907
1380 1381
230 231
466 467
1330 1331
154 155
396 397
1342 1343
1402 1403
468 469
944 945
390 391
864 865
866 867
1340 1341
370 371
844 845
846 847
1320 1321
854 855
856 857
216 218
924 925
1400 1401
180 181
182 183
1362 1363
190 191
192 193
426 427
428 429
458 459
934 935
194 195
1352 1353
170 171
406 407
876 877
936 937
1322 1323
122 123
142 143
144 145
380 381
1324 1325
378 379
894 895
896 897
1370 1371
1372 1373
184 185
418 419
420 421
1364 1365
416 417
436 437
440 441
914 915
1386 1388
1390 1391
172 173
884 885
1357 1359
174 175
886 887
1356 1358
1360 1361
200 201
912 913
1382 1383
1384 1385
202 203
204 205
1387 1389
828 829
1302 1303
966 967
44 45
46 47
280 281
1226 1227
54 55
760 761
278 279
752 753
84 85
318 319
790 791
1264 1265
284 286
1230 1232
557 559
582 583
52 53
285 287
758 759
1231 1233
556 558
1030 1031
538 539
1010 1011
516 517
518 519
992 993
1022 1023
524 525
748 749
56 57
294 296
768 769
1240 1242
506 507
322 323
324 326
1270 1272
1300 1301
514 515
544 545
478 479
946 947
86 87
972 973
62 63
295 297
1241 1243
496 497
590 591
964 965
954 955
272 273
1218 1219
94 95
1278 1279
994 995
1028 1029
82 83
314 316
788 789
1260 1262
1138 1139
1032 1033
476 477
92 93
328 329
330 331
1274 1275
1276 1277
562 563
488 489
962 963
534 535
652 653
526 527
528 529
1002 1003
34 35
36 37
574 575
298 299
300 301
770 771
1244 1245
312 313
315 317
1258 1259
1261 1263
1014 1015
1048 1049
1050 1051
554 555
1024 1026
552 553
1025 1027
1052 1053
504 505
325 327
798 799
800 801
1271 1273
76 77
310 311
536 537
1004 1005
1038 1039
667 669
624 625
662 663
1132 1134
564 565
270 271
1216 1217
740 741
742 743
584 585
1058 1059
32 33
268 269
660 661
1133 1135
72 73
74 75
1256 1257
26 27
738 739
308 309
778 779
780 781
1254 1255
984 985
64 65
66 67
302 303
1246 1247
1248 1249
486 487
959 961
508 509
958 960
982 983
666 668
670 671
1140 1141
650 651
1122 1124
1126 1127
260 261
262 263
732 733
1206 1207
1208 1209
1092 1094
622 623
1096 1097
1120 1121
1123 1125
614 615
1088 1089
114 115
350 351
1296 1297
974 975
1102 1104
104 105
818 819
102 103
808 809
1060 1061
112 113
348 349
1294 1295
820 821
338 339
340 341
810 811
1284 1285
1286 1287
0 2
4 5
672 673
1146 1147
1148 1149
630 631
1103 1105
620 621
1090 1091
1093 1095
632 633
1150 1151
634 635
1108 1109
1110 1111
680 681
682 683
1156 1157
6 7
240 241
242 243
712 713
1186 1187
1188 1189
24 25
258 259
730 731
1204 1205
640 641
642 643
1118 1119
1116 1117
718 719
612 613
1 3
826 827
594 595
604 605
1078 1079
600 601
602 603
610 611
1080 1081
1068 1069
1178 1179
255 257
1201 1203
702 703
700 701
1176 1177
16 17
254 256
728 729
1200 1202
592 593
14 15
720 721
722 723
1163 1165
690 691
692 693
1162 1164
