16621183573727020455 3680 1900
2.915639 -0.451010 5.399977
2.886039 -0.349771 4.893222
2.915639 -0.451010 5.399977
6.628956 -0.964395 4.153684
6.632955 -0.225532 4.901526
6.675054 0.178014 4.255709
6.398977 0.236824 4.076873
4.383383 -0.974135 4.346653
3.570982 -0.987946 3.915301
2.831392 -0.081307 4.952877
2.757808 -0.350781 4.833230
2.852970 0.066281 4.944058
2.729968 0.249212 4.901546
1.438939 0.202592 4.303384
6.688819 -0.699767 3.358358
6.627553 -0.606583 3.147163
3.334030 -0.010699 2.865488
3.976451 -0.010115 2.920134
4.436335 0.016416 2.747720
1.070920 -0.027776 0.116007
0.481069 -0.910581 -0.460645
0.031469 -1.031303 -0.373433
0.839871 0.724757 0.118848
2.885682 0.333897 4.893785
2.914867 0.391973 5.423582
6.514387 1.003489 3.711163
4.727478 1.120200 3.810463
2.979950 0.047315 4.983404
2.920317 0.004713 5.658813
4.444891 0.702584 3.005137
0.664323 0.421730 3.504211
0.234164 1.052788 -0.058024
-0.196385 1.006121 -0.463573
2.885848 -0.349335 4.892869
2.853024 0.008206 5.646401
2.920062 0.008519 5.655379
2.915639 -0.451010 5.399977
6.677620 -0.905930 3.936093
6.402921 0.014528 4.220292
6.401993 -0.149750 4.163402
4.583318 -0.678058 4.724825
4.444902 -0.645638 4.760057
4.400720 -0.005399 5.027317
4.374400 -0.310859 4.983723
4.490311 -0.367892 4.961281
3.986097 -0.486133 4.830117
4.608154 -0.501621 4.899373
4.091883 -0.937655 4.324444
4.027410 -0.854226 4.492403
3.533046 -0.982625 4.126806
3.517254 -0.867075 4.456627
3.328250 -1.009592 3.892534
3.139790 -0.176239 4.954750
3.328654 -0.931898 4.281598
3.108354 -0.966751 4.193451
2.738472 -0.219162 4.889079
2.757808 -0.350781 4.833230
3.090658 -1.013159 4.127970
6.620896 -0.879050 3.516301
6.673173 0.210338 3.688306
6.402886 0.112962 3.734844
4.816023 -0.467376 2.998446
6.391742 -0.516916 3.020333
4.465540 -0.535932 2.917194
4.551551 -0.836581 3.164433
4.377334 -0.480872 3.012235
4.377238 -0.254297 2.914645
4.374516 0.242076 2.911400
3.332444 -0.011049 2.880240
3.346256 -0.546999 3.043893
3.324090 -0.297310 2.818518
3.173429 -0.986317 3.883731
3.069574 -1.009058 4.008373
3.328250 -1.009592 3.892534
3.173429 -0.986317 3.883731
2.773508 0.013698 2.641954
2.105795 -0.399275 2.232862
0.805877 -0.615078 -0.453578
0.476147 -0.903898 -0.454435
-0.713794 -0.579780 -0.507037
-0.946830 -0.216027 -0.453609
2.920014 0.444591 5.397272
2.920098 0.383148 5.414500
6.403661 0.234384 4.074891
6.683694 0.351664 3.878309
4.991637 1.025202 3.914911
3.929593 0.628292 4.620637
4.021712 0.871291 4.282628
3.518460 0.702614 4.643930
3.309156 0.959750 4.292526
3.043130 0.951603 4.258024
3.229755 0.922009 4.269663
2.960866 0.370198 4.829655
2.885047 0.226667 4.928332
4.851097 0.868423 3.382111
4.446302 0.684180 3.019064
4.713221 0.634294 2.985972
4.731606 1.123650 3.819024
4.566559 0.977465 3.473267
4.431672 0.852773 3.189364
4.634815 1.082931 3.783150
3.344536 0.530450 3.038209
3.316279 0.867463 3.302967
3.200215 0.369342 2.846337
3.134521 0.975162 3.911688
3.228331 0.996862 3.877207
3.128414 0.186979 2.704198
0.950023 0.223813 -0.510121
0.828948 0.629363 -0.457648
2.885083 -0.354879 4.897540
2.853024 0.008206 5.646401
2.920062 0.008519 5.655379
2.919988 -0.446667 5.396904
2.855271 -0.441575 5.377684
4.829327 -0.911706 4.371952
6.508923 0.240684 4.913852
6.404679 -0.233153 4.015210
4.983646 -0.987391 4.047504
4.700944 -0.984525 4.374615
4.737402 -1.065167 4.105795
4.582183 -0.673033 4.718021
4.552706 -0.997906 4.013165
4.395146 -0.929753 4.336987
4.390429 0.356690 4.978555
4.448174 -0.234731 4.955404
4.447776 0.088835 4.978267
4.566477 -0.138231 4.990394
4.586902 -0.342434 4.926383
3.914995 0.222973 4.815007
3.543659 -0.903113 4.126193
3.515409 -0.483182 4.794476
3.327680 -1.006651 3.893219
3.043695 -0.674112 4.652480
3.154225 -0.903427 4.249203
3.135546 -0.177507 4.957047
2.830201 -0.437407 4.752565
2.850127 -0.747938 4.592092
2.540045 -0.043760 4.862539
2.523033 -0.172631 4.842985
3.521597 -0.006005 4.833111
2.482037 -0.119746 4.882530
3.053862 -0.906637 4.109560
2.926506 -1.007175 4.123012
2.718104 -0.582054 4.579918
2.041791 -0.171748 4.660139
2.064323 0.013805 4.690025
1.562219 -0.380569 4.174062
1.434689 0.030948 4.273061
6.402886 0.112962 3.734844
6.405505 -0.133368 3.754791
6.401119 -0.225972 3.894184
6.394077 -0.959855 3.670245
6.387741 -0.866457 3.400398
6.511324 0.224019 2.941718
4.526258 -0.843727 3.258015
4.377489 -0.480661 3.012568
4.376116 -0.841846 3.360211
4.698586 -0.425297 2.872336
4.717213 0.013225 2.773749
4.431793 0.013239 2.771732
3.571954 -0.808846 3.458489
4.658511 -1.033748 3.726754
3.571898 -0.654387 3.251831
3.992332 -0.005797 2.967102
3.346801 -0.900314 3.437759
3.309862 -1.036381 3.686559
3.173429 -0.986317 3.883731
3.070152 -1.007837 4.009467
3.171726 -1.024130 3.909713
3.212901 -1.063516 3.763808
3.327680 -1.006651 3.893219
3.326810 -1.003142 3.790001
3.322919 -1.058139 3.839561
3.552563 -0.928598 3.916434
1.293892 -0.307706 4.027179
4.563663 0.089624 2.762952
4.548272 -0.100691 2.773077
2.110495 -0.403555 2.230985
2.301068 -0.331716 2.289673
-0.758865 -0.518200 0.770349
-0.879968 -0.443546 0.423405
0.949018 -0.178820 -0.509419
-0.593640 -0.767031 -0.452998
-0.751001 -0.613944 -0.454063
2.886266 0.332994 4.894358
2.920014 0.444591 5.397272
2.854094 0.436642 5.377854
6.508589 0.795881 4.562497
6.392409 0.487792 4.840532
4.928786 0.973153 4.203640
4.699068 0.930057 4.498346
4.373254 0.623717 4.825572
4.356375 0.849694 4.487082
4.585624 0.991366 4.374674
4.468508 0.982318 4.374947
4.585543 0.735307 4.659897
4.552614 1.002405 3.994609
4.145917 0.982927 4.147052
4.030490 0.850750 4.489305
4.319090 0.631461 4.716456
3.914935 0.448210 4.733859
3.533777 0.471317 4.702381
3.533644 0.652323 4.565145
3.552918 0.897323 4.125991
3.533358 0.809411 4.374371
3.328646 0.926744 4.262547
3.232687 0.924137 4.266792
3.319908 0.165156 4.926529
3.135017 0.975178 3.911884
3.107961 0.974634 4.187262
3.346081 0.220573 4.869865
2.178347 0.177083 4.678084
3.061439 0.957241 4.011315
3.094875 1.017542 4.128348
2.944659 1.024996 4.010775
1.467287 0.180467 4.260378
6.685140 0.347515 3.876544
6.410074 0.434396 3.024299
6.392853 0.492390 3.024765
6.509320 0.791390 3.299063
6.403718 0.233561 3.855313
4.418458 0.471691 2.900557
4.681707 0.814491 3.172815
4.603756 0.994040 3.437014
4.715684 0.622067 3.001901
4.680681 1.035250 3.743136
4.548029 0.584350 2.973596
4.564826 0.298693 2.813306
3.574024 0.887121 3.659367
3.992407 0.222396 2.995447
3.570767 0.528932 3.056695
3.078818 1.018851 3.496108
3.553150 0.894635 3.439175
3.554037 0.738518 3.216468
2.909204 1.007080 3.803073
2.790013 0.903164 3.648566
2.788593 0.953180 3.226687
2.232580 1.011335 3.721087
3.534813 0.988192 3.687336
0.396282 0.886811 0.307745
0.719976 0.813643 0.601112
0.949062 0.223640 -0.508859
-0.387916 0.860378 -0.506315
-0.713016 0.598902 -0.506994
6.310301 -0.035694 4.496338
6.684626 -0.554943 3.227356
6.684651 -0.698212 3.370484
6.684595 -0.192341 3.052737
6.684875 -0.554943 4.276765
6.684895 -0.383523 4.384593
6.613509 -0.972755 3.707190
6.504290 -0.999821 3.768107
6.684591 0.008888 2.957125
6.308350 -0.351831 3.085237
6.308285 -0.153228 3.026427
6.310286 0.171003 4.594249
6.309335 0.932731 3.616969
6.309559 0.899748 3.821454
6.684626 0.572718 2.862723
6.504097 0.800211 4.507702
6.684607 0.401298 2.754895
6.503939 0.919482 4.130463
6.390734 0.236320 2.784105
6.390766 0.443905 2.722048
6.309012 -0.881973 3.687966
6.310110 0.550043 4.687109
6.309957 0.703462 4.482260
6.308890 0.860582 3.211714
6.308692 0.759054 3.031177
6.309237 -0.914956 3.826724
6.684591 0.008888 2.957125
6.684595 0.210116 2.795226
6.684595 -0.192341 3.052737
6.684607 -0.383523 3.119528
6.684875 -0.554943 4.276765
6.684850 -0.698212 4.133637
4.875507 -0.880512 4.095767
4.655642 -0.668516 4.316188
5.022448 -1.033595 3.907956
4.527208 -0.564244 3.024331
4.718171 -0.865065 3.330425
4.674533 -0.956743 3.354642
4.843118 -0.879080 3.355447
4.574288 -0.162667 4.566111
4.555489 0.084894 4.584967
5.269178 -0.988439 3.670964
5.132305 -0.944039 4.111279
5.231981 -1.043558 3.865839
4.431548 -0.677712 3.115000
4.743402 -0.432791 4.475739
4.988321 -0.833740 4.164806
5.308067 -1.009509 3.819422
5.098598 -1.082128 3.875550
4.964693 -1.087672 3.804591
4.776191 -0.896570 4.082725
4.614319 -0.755882 4.222450
4.540277 -0.506439 4.501630
4.507337 0.144111 2.793048
4.580358 -0.816985 4.230247
4.960158 -0.949150 3.354960
4.993494 -1.031085 3.918737
4.653911 -0.399894 2.927032
4.748485 -0.679894 3.045403
4.737456 -0.377537 2.865394
4.650044 -0.648912 3.083274
4.609259 -0.400174 2.874697
4.650044 -0.648912 3.083274
4.890797 -1.056603 3.640141
4.935933 -1.089789 3.927123
4.972973 -1.069104 3.932570
5.046435 -1.083297 3.931217
4.755131 -1.001360 4.050333
4.935933 -1.089789 3.927123
4.984887 -0.980279 4.093084
4.458624 -0.737998 3.102254
4.581325 -0.055019 2.775057
4.550288 -0.096739 2.776183
4.459000 -0.683996 4.380305
4.373780 -0.581312 4.446969
4.509993 -0.820183 4.214068
4.821707 -0.845646 4.213627
4.912833 -1.038190 3.609001
5.211757 -1.076273 3.973917
5.219241 -1.021094 4.020107
4.490419 -0.379211 4.563089
4.597888 0.100859 4.632983
4.625299 -0.135271 4.645235
5.092870 -1.013480 3.986025
4.680564 -0.202187 4.581071
4.624396 -0.351817 2.898195
4.647053 -0.157064 2.856482
4.436927 -0.239281 2.816069
4.421206 -0.320593 2.836134
4.947205 1.029939 3.679467
4.594732 0.625067 4.364008
5.073610 1.034392 3.642326
4.871815 0.982681 3.826202
4.773286 0.928146 3.323316
4.444024 0.891819 4.200379
4.896601 0.562464 3.017450
4.893401 0.617118 3.060293
5.119214 1.040181 3.607699
5.167506 1.025682 3.691465
5.053241 0.743884 3.164738
4.688432 0.625943 4.366503
4.614736 0.505903 4.512401
4.657441 0.873227 4.084916
5.073610 1.034392 3.642326
5.046727 1.085357 3.644805
4.789920 0.994345 3.955528
5.033953 1.066159 3.720579
4.519306 0.858325 4.205764
4.581131 0.914109 4.022296
4.641852 0.986344 4.015562
4.553430 0.787224 4.288424
4.704861 0.995261 3.973820
4.420700 0.683764 4.421306
5.051409 0.960421 3.474366
4.896277 1.086782 3.669128
4.916958 0.563104 2.955315
4.976781 0.619054 3.003181
4.937909 0.993929 3.424691
4.863401 0.824432 3.190515
4.898128 0.756434 3.112548
4.704861 0.995261 3.973820
4.675436 1.037307 3.846597
4.754910 0.844156 3.192290
4.724599 0.575202 2.982754
4.809497 0.541825 2.949435
4.712788 0.170504 2.801466
4.730387 0.025242 2.776948
4.837796 0.352342 2.849803
4.788306 0.187262 2.848479
4.660356 0.436473 4.540931
4.684885 0.254956 4.563324
4.855003 0.512159 2.985843
4.685515 0.159203 2.856332
4.609135 -0.026021 2.831443
4.670020 0.444777 2.933588
4.514606 0.316864 2.898163
4.575296 0.314762 2.834960
4.684885 0.254956 4.563324
5.273194 -0.964604 4.052828
4.731216 -0.186017 4.505457
4.997284 0.964315 3.843982
4.731498 0.123617 4.526133
4.748648 0.411707 4.438249
5.144475 -1.033860 3.951633
5.308067 -1.009509 3.819422
5.157457 -1.075637 3.864054
5.153905 -1.062727 3.863676
4.622159 0.876710 4.089187
4.754918 0.616132 4.335900
4.719262 0.750879 3.204520
4.691606 0.618622 3.136522
4.584581 -0.860974 3.377198
5.273194 -0.964604 4.052828
5.308067 -1.009509 3.819422
4.743402 -0.432791 4.475739
4.988321 -0.833740 4.164806
4.754918 0.616132 4.335900
4.799670 0.846475 4.098178
4.398764 -0.023158 2.880424
4.389836 -0.414302 2.987367
4.533577 0.321651 2.949576
6.305424 0.891410 3.564970
6.308492 0.942493 3.982266
6.697350 0.009626 4.865607
6.695207 0.021159 2.967094
6.694399 -0.906963 4.145037
6.708218 -0.929596 3.705525
6.711164 -0.430133 3.063962
6.280702 -0.377549 3.018587
6.690738 -0.383716 4.750296
6.682275 -0.147160 4.271524
6.711164 -0.430133 3.063962
6.330753 -0.036008 3.716414
6.678705 0.162495 3.644746
6.308492 0.942493 3.982266
0.590887 0.708789 -0.557119
0.823599 0.391423 -0.551435
-0.656125 -0.539223 -0.544415
-1.048584 -0.247115 -0.391164
0.481687 -0.952580 -0.384144
-0.823986 0.204161 -0.541558
4.483021 -0.656960 3.080210
4.523693 -0.293728 2.885438
4.474872 -0.999418 4.327726
4.678318 -0.204332 4.979453
4.683479 0.260918 4.978801
4.424135 -0.944227 4.398239
4.798925 -0.740068 3.192619
4.609970 -0.416132 2.853353
4.376749 -0.823510 4.608487
4.567726 -0.432899 4.890796
4.554158 -1.003735 3.776344
4.463290 -0.752078 3.091155
4.539454 -0.932012 3.446605
4.401921 -0.857313 3.379270
4.452944 -0.537225 2.912269
4.739801 -0.438712 4.877595
4.387752 -0.024628 2.865603
4.421670 0.305814 2.809078
4.443187 0.945404 3.306670
4.587685 1.042045 3.584739
4.469312 0.530840 4.857497
4.857142 0.903432 3.433661
4.729562 1.021212 4.234748
4.641111 0.524767 2.956288
4.472631 1.000621 4.374037
4.568132 0.406954 2.863133
4.553696 0.590348 2.964658
4.520321 0.209285 2.859424
4.743378 -0.065276 4.964072
4.633656 -0.495829 4.797874
4.509230 -0.920704 4.270027
4.869153 -1.002454 3.873723
4.519672 -0.625135 4.690580
4.457347 -0.895807 4.378024
4.566056 -0.420725 2.971634
4.636665 -0.286545 4.893164
4.511367 0.056240 4.943756
4.530216 -0.909584 3.517015
4.457347 -0.895807 4.378024
4.577437 -0.982413 4.118843
4.695671 -0.496637 3.029327
4.449031 0.096095 2.887734
4.816159 -0.342026 2.905854
4.832825 -0.985399 3.717357
4.832825 -0.985399 3.717357
4.711881 -0.860008 3.355798
4.711881 -0.860008 3.355798
4.444582 -0.722149 3.202982
4.455552 -0.601648 3.077176
4.696852 -0.169460 2.889924
4.695671 -0.496637 3.029327
4.511367 0.056240 4.943756
4.509688 -0.163019 4.947968
4.442387 -0.421281 2.963591
4.444582 -0.722149 3.202982
4.696011 -0.335294 2.910627
4.577626 -0.092413 2.872171
4.704264 -0.051042 2.864789
4.629569 0.046803 4.944550
4.742693 0.995116 3.733290
4.516047 0.450388 4.827799
4.459725 0.816522 3.311373
4.486827 0.876435 4.364581
4.742693 0.995116 3.733290
4.628862 0.904255 3.448249
4.562166 0.603363 3.093608
4.857142 0.903432 3.433661
4.799924 0.465245 2.995054
4.449855 0.566322 3.062356
4.815894 0.287808 2.870268
4.411768 0.928529 4.345111
4.345734 0.670130 4.623329
4.640902 0.408188 4.863302
4.658956 0.952438 4.235152
4.736200 1.001691 3.955518
4.440079 0.867151 3.450779
4.511367 0.056240 4.943756
4.516047 0.450388 4.827799
4.391986 -0.117677 4.932208
4.392838 0.215930 4.909979
4.342821 -0.399173 4.903633
4.330033 0.600915 4.737866
4.411768 0.928529 4.345111
4.613347 -1.091868 3.996094
4.593614 -0.688536 4.744893
4.483021 -0.656960 3.080210
4.598416 -0.902563 3.259881
4.539454 -0.932012 3.446605
4.587528 0.655808 4.770530
4.799924 0.465245 2.995054
4.554158 -1.003735 3.776344
4.516492 -0.481226 4.835666
4.691709 -0.722966 3.200753
4.577196 -0.577407 3.068835
4.589807 -0.810998 3.301482
4.455552 -0.601648 3.077176
4.442387 -0.421281 2.963591
4.715771 0.848109 3.373365
4.854656 0.996459 3.740314
4.562166 0.603363 3.093608
4.578840 0.772431 3.228980
4.633937 0.183497 4.953567
4.640023 -0.088145 4.964743
4.580584 0.432237 2.938444
1.953042 0.110679 4.628215
1.479973 0.140574 4.320584
2.516227 0.011030 4.853224
1.438272 -0.028672 4.277439
2.850046 0.307384 4.654643
2.838803 0.159705 4.687542
2.699061 -0.178093 4.659223
2.838364 -0.318848 4.651057
3.154740 -0.027044 4.995598
3.128266 0.202524 4.909096
1.222440 0.212159 4.123975
3.099392 -0.980733 4.226706
3.266678 -0.818115 3.187413
3.318355 -0.867738 3.284730
3.051101 -1.034114 4.002770
-0.120510 -0.954725 1.134706
-0.251165 -0.973202 0.169406
3.323346 0.322186 2.826168
-0.683010 -0.684552 0.400075
-0.557685 -0.780124 0.266631
3.319629 -0.276842 4.893754
2.716300 -0.995960 3.809566
-1.086368 0.016520 -0.185990
3.051101 -1.034114 4.002770
-0.118978 -0.742730 -0.024896
0.189008 -0.749198 -0.287440
3.319691 0.971937 3.771636
3.315966 0.941405 4.296951
-0.567001 0.789344 0.269566
-0.255504 0.951245 0.286041
3.214503 1.067903 3.776350
-0.752352 0.693981 -0.309063
1.574888 -0.001917 1.507288
3.319582 0.617941 4.692833
2.459627 -0.003685 2.442154
3.318480 0.538301 2.930192
3.032017 -0.003757 2.720984
3.317647 0.274542 4.867210
3.318307 1.029885 3.880111
-0.967423 -0.244565 -0.287297
-0.995676 0.000623 -0.292152
3.294729 0.665978 3.908243
3.308577 0.627339 4.121386
0.088557 0.645596 -0.291205
0.219358 0.848672 -0.293522
3.562514 -0.740486 3.217598
3.517347 -0.652831 4.561814
4.133585 -0.987565 4.175243
4.146038 -0.983857 3.658472
6.398777 -0.496698 3.023236
6.398825 -0.878155 3.410095
3.530009 -0.899765 4.147858
3.510069 -0.246871 4.888249
3.510405 -0.239580 4.789980
3.575581 0.000241 2.873940
3.567482 -0.532466 3.038980
3.510405 -0.239580 4.789980
6.395247 -0.000016 2.936682
3.526706 0.867454 4.448609
3.526706 0.867454 4.448609
4.130399 0.989919 4.176965
3.973476 0.497579 4.841348
3.977410 0.630553 3.222788
3.963164 -0.259601 4.940265
3.567424 0.532108 3.040175
3.973476 0.497579 4.841348
3.512257 0.486677 4.804658
3.270457 -0.242589 4.852438
2.956889 -0.229076 4.777552
6.690738 -0.383716 4.750296
6.300481 0.265870 3.006146
6.280702 -0.377549 3.018587
6.305424 0.891410 3.564970
-0.225108 -0.936590 0.161000
-0.654149 0.555574 -0.542647
0.823599 0.391423 -0.551435
0.897833 -0.188795 -0.555803
2.996521 0.031670 4.866869
2.887416 -0.015355 5.695741
1.799528 -0.258514 4.474125
1.240898 -0.209847 4.089089
1.799528 -0.258514 4.474125
3.311657 -1.031079 3.869875
3.294729 0.665978 3.908243
3.510405 -0.239580 4.789980
3.915501 -0.234861 4.833926
3.510069 -0.246871 4.888249
6.398777 -0.496698 3.023236
4.021894 0.857223 4.487119
3.539346 1.013573 3.944435
3.994254 0.229358 3.005957
4.021894 0.857223 4.487119
3.270101 0.482060 4.793140
3.269604 0.858122 4.440269
2.970570 0.909211 3.938769
2.970572 0.802428 3.480739
6.307273 0.620779 3.241331
6.303234 0.867627 3.573229
6.502723 0.002838 2.897877
6.693311 0.007550 4.847934
6.695679 0.406766 4.760707
6.693307 0.723514 4.503424
6.680114 -0.329013 3.879075
6.681345 0.278407 4.174867
6.340075 0.196650 4.122213
6.506670 -0.617678 3.096571
6.301731 -0.689672 3.321693
6.293288 -0.358468 3.069491
6.691053 -0.385945 4.754189
6.693448 -0.705001 4.505197
6.680933 -0.301928 4.109051
6.340493 -0.206423 3.854415
6.338896 -0.042236 3.725084
6.338896 -0.042236 3.725084
6.307273 0.620779 3.241331
1.053642 0.248593 -0.368760
0.814815 0.638568 -0.456766
-0.385662 0.866602 -0.515750
-0.655158 0.555030 -0.542364
-0.224362 -0.926462 0.154840
0.409014 -0.890702 0.156727
-0.188215 -0.962829 -0.458075
-0.215103 -1.006085 -0.364559
-0.385354 -0.848230 -0.513846
-0.135250 0.954781 0.149797
-0.541676 0.801454 0.158918
4.537097 -0.865065 3.330425
4.485109 -0.888360 3.261683
4.476026 -0.756995 4.614953
4.574516 -0.162553 4.957735
4.585969 0.140105 4.970699
4.570471 -1.026306 4.018039
4.424345 -0.943346 4.397875
4.896003 -1.021093 4.082131
4.808959 -0.340805 2.910979
4.750973 -0.077292 2.833214
4.810646 0.283584 2.894813
4.612774 -0.498798 4.901498
4.609991 -0.026035 2.830912
4.488888 -0.612694 4.821033
4.455381 -0.501305 4.822611
4.598319 -0.668461 4.721205
4.570493 -0.891046 4.537395
4.569616 -0.426028 4.876935
4.807988 -1.028416 3.715117
4.821237 -1.033859 3.998652
4.683050 -1.016676 3.711942
4.474953 -1.003215 4.328727
4.844156 -1.086508 3.967722
4.550027 -0.097243 2.774843
4.747328 -0.435915 2.931398
4.602380 -1.041527 3.608428
4.910718 -1.048943 3.868493
4.624618 -0.135134 5.037724
4.769633 -1.013479 4.085298
4.653977 0.181733 5.020142
4.665859 -0.651115 4.787253
4.741739 -0.432633 4.867534
4.532586 0.004366 2.824003
4.519171 0.576951 3.029094
4.448805 0.933179 3.320190
4.468961 0.520788 4.832693
4.437688 0.893987 4.548529
4.637043 0.514464 2.982546
4.827890 1.071622 3.731199
4.716717 0.840671 3.198683
4.785124 0.847392 4.490484
4.594501 0.624923 4.744424
4.696204 0.922196 4.503409
4.632980 0.872752 4.475976
4.550252 0.790627 4.671303
4.385892 0.361715 4.974183
4.371831 0.624380 4.820777
4.540260 0.824414 3.190396
4.894691 1.022839 4.098793
4.612583 0.936272 3.331609
4.909643 1.051743 3.825171
4.477193 0.810977 3.165557
4.406660 0.680880 3.048542
4.459641 0.457831 2.883770
4.619434 0.349661 2.883670
4.727829 0.355820 2.840766
4.363690 0.035642 5.022956
4.412714 -0.031389 5.024776
4.647053 -0.157064 2.856482
4.648118 0.159706 2.854418
4.474327 -0.873577 3.396636
4.540625 -0.813684 4.497536
4.444582 -0.722149 3.202982
4.720930 -0.956827 3.660169
4.384179 -0.349805 4.867857
4.590909 -0.856219 3.375318
4.511367 0.056240 4.943756
4.691709 -0.722966 3.200753
4.559770 -0.965863 3.794686
4.359681 -0.742983 4.546779
4.503685 -0.098430 4.929141
4.393128 -0.117700 4.933828
4.695671 -0.496637 3.029327
4.696852 -0.169460 2.889924
4.595689 -0.971434 3.921112
4.577626 -0.092413 2.872171
4.576818 -0.343855 2.925671
4.426157 -0.799689 4.519998
4.395449 -0.698440 4.638631
4.395449 -0.698440 4.638631
4.391861 -0.461303 4.828214
4.711881 -0.860008 3.355798
4.834050 -0.990827 4.073220
4.628556 -0.985913 4.018656
4.635813 -0.912827 3.472796
4.742767 -0.979371 3.731362
4.704264 -0.051042 2.864789
4.696011 -0.335294 2.910627
4.509688 -0.163019 4.947968
4.520223 0.220455 4.923256
4.593462 -0.901574 4.359237
4.741419 -0.996940 3.974460
4.509688 -0.163019 4.947968
4.442387 -0.421281 2.963591
4.459710 -0.049708 2.839913
4.730481 0.985224 3.815969
4.629179 0.904769 3.448159
4.516047 0.450388 4.827799
4.639708 0.567533 4.750259
4.565168 0.575940 3.085790
4.834949 0.990647 3.883650
4.762214 0.910303 3.481812
4.389625 0.344306 4.883129
4.520223 0.220455 4.923256
4.608876 0.272702 4.892165
4.753905 0.902998 4.304589
4.957598 0.986709 3.904070
4.978924 0.996962 3.786150
4.819528 0.821571 3.310281
4.696725 0.183724 2.869621
4.395024 0.561979 4.747575
4.757669 0.759501 4.530654
4.978924 0.996962 3.786150
4.854473 0.878328 3.444370
4.580584 0.432237 2.938444
4.736200 1.001691 3.955518
4.840967 0.989354 4.094313
4.867512 0.999009 3.953469
4.670930 0.807956 4.526699
4.681084 0.875852 4.425106
4.600372 0.994400 4.042952
4.620866 0.966147 3.703043
4.504029 0.902492 3.463876
4.459725 0.816522 3.311373
4.451061 0.711819 3.163654
4.571862 0.181905 2.896968
4.577626 -0.092413 2.872171
4.580584 0.432237 2.938444
4.392838 0.215930 4.909979
4.333457 -0.261747 4.879602
4.359681 -0.742983 4.546779
4.796483 -0.171615 2.907762
4.799107 -0.522873 3.055795
4.554236 -1.004736 3.776034
4.743937 -0.062064 4.962510
4.351790 0.791913 4.521308
4.951727 0.964422 4.111727
4.445462 0.867646 3.448865
4.743126 0.343984 4.905021
4.407886 -0.685463 4.774097
4.834485 -1.076288 3.870408
4.613354 -1.090159 3.996295
4.834485 -1.076288 3.870408
4.435274 -0.256128 4.946586
4.544356 0.935837 3.450281
4.500712 -0.908710 4.309205
4.741419 -0.996940 3.974460
4.530192 -0.910190 3.516744
4.938327 -0.985720 3.892179
4.388557 -0.379922 4.848333
4.533884 -0.781555 4.533234
4.695671 -0.496637 3.029327
4.696011 -0.335294 2.910627
4.736489 -1.015364 3.774636
4.856002 -1.013736 3.907077
4.474327 -0.873577 3.396636
4.636665 -0.286545 4.893164
4.640023 -0.088145 4.964743
4.617233 -0.985152 3.706665
4.511367 0.056240 4.943756
4.854473 0.878328 3.444370
4.742693 0.995116 3.733290
4.562166 0.603363 3.093608
4.522708 0.647698 4.682909
4.520223 0.220455 4.923256
4.578840 0.772431 3.228980
4.562166 0.603363 3.093608
4.578840 0.772431 3.228980
4.460984 0.896181 4.380885
4.580584 0.432237 2.938444
4.449122 0.270205 2.900716
4.455804 0.386908 2.968212
4.449855 0.566322 3.062356
4.984830 -1.009509 3.819422
4.570471 -1.026306 4.018039
4.548385 0.963060 3.753023
4.417921 0.929925 4.347379
4.815096 -1.028963 3.873058
4.635813 -0.912827 3.472796
4.590909 -0.856219 3.375318
4.815096 -1.028963 3.873058
4.625329 -1.003653 3.927371
2.435858 0.151758 4.821284
1.498897 0.152129 4.311777
2.171918 -0.034910 4.742906
1.742918 0.011161 4.514747
2.171918 -0.034910 4.742906
1.742918 0.011161 4.514747
2.493275 0.013693 4.869403
1.742918 0.011161 4.514747
2.517319 -0.162933 4.817146
1.746636 -0.166891 4.506199
2.980280 0.047927 4.864087
2.915790 -0.051211 5.651064
2.853489 -0.047255 5.644762
2.842844 -0.091700 4.839450
2.849929 0.307051 4.654461
2.918494 0.440713 5.392102
2.913284 -0.380383 5.412067
2.712117 -0.165273 4.663234
2.857260 -0.436121 5.386345
2.712493 -0.301354 4.630493
2.621709 -0.490837 4.619706
2.363518 -0.451479 4.597895
2.804940 -0.443556 4.789392
3.039764 -0.267299 4.947957
3.124727 -0.202294 4.906322
3.151792 -0.032237 5.000059
3.151792 -0.032237 5.000059
2.363129 0.452238 4.598804
2.599625 0.509585 4.679243
3.115482 0.171762 4.979005
1.336588 0.261573 4.163923
1.244124 0.208954 4.120659
1.268738 0.190540 4.089773
1.030949 -0.076396 -0.290924
3.316344 -0.972506 3.773715
3.317734 -0.529755 2.937754
3.316530 -0.314359 2.833255
0.192016 -0.982888 -0.271870
0.371084 -0.923321 -0.291225
3.317087 -0.652083 4.568372
1.538141 -0.337788 4.237742
3.317728 -0.864627 4.407200
1.255266 -0.237668 4.101541
3.315273 -0.889903 3.809710
3.316186 -1.064326 3.833930
3.317728 -0.864627 4.407200
3.222491 -0.038606 4.967549
3.317716 -0.626596 4.691771
3.316978 -0.274764 4.865686
3.071789 -0.950237 3.910480
3.317716 -0.626596 4.691771
-0.484057 -0.861358 -0.291765
3.316215 -0.637670 4.103401
3.315273 -0.889903 3.809710
0.175018 -0.775580 -0.118796
0.184894 -0.752056 -0.291713
-0.262826 -0.933677 -0.288842
-0.164171 -1.010569 -0.077795
1.225485 0.001474 0.726821
1.088389 0.000861 0.232119
2.974739 0.059011 2.719907
2.655694 0.394295 4.661888
2.994163 0.371439 2.681650
2.288831 0.329174 2.289342
-0.804893 0.562887 0.399630
3.131317 1.024244 3.924425
2.906954 0.767118 4.550980
2.697173 0.484228 4.688715
2.887970 0.652000 4.641494
-0.559198 0.780698 0.267821
3.316383 0.972335 3.773773
3.316359 1.031940 3.678729
3.316552 0.736670 3.145354
2.453917 0.822240 4.330040
3.318650 0.317132 2.830178
3.316437 0.176759 4.927478
3.283979 0.088573 2.816389
3.317153 0.529974 2.937806
3.316995 0.274732 4.865668
3.317744 0.628080 4.693285
0.735401 0.727758 -0.294978
2.697173 0.484228 4.688715
3.317153 0.529974 2.937806
0.910538 0.496205 -0.289101
3.316552 0.736670 3.145354
3.275265 -0.000270 2.783615
3.315726 1.029254 3.877306
2.973249 -0.001548 2.724421
3.283979 0.088573 2.816389
3.315726 1.029254 3.877306
3.315130 0.889719 3.809332
3.092425 0.970145 4.196714
3.041344 0.777902 4.103647
0.219006 0.844491 -0.291182
-0.183403 0.857329 -0.041393
-0.239694 0.766206 -0.284208
0.088593 0.651423 -0.286714
3.558933 -0.735024 3.220651
3.552318 -0.889285 3.434797
3.269807 -0.890508 3.432743
3.514928 -0.690126 4.645118
4.131227 -0.989393 4.176989
3.510245 -0.481871 4.796702
4.059885 -0.840189 3.343666
4.020230 -0.858352 4.490750
3.517495 -0.653846 4.562039
3.565564 -0.240302 3.006039
3.565564 -0.240302 3.006039
3.982202 -0.491781 4.821463
3.269843 -1.008602 3.939583
3.510450 -0.239612 4.790065
4.020230 -0.858352 4.490750
4.131227 -0.989393 4.176989
4.145728 -0.984391 3.656408
6.395209 0.000001 2.936618
3.528589 0.964969 4.202490
3.521177 0.857651 4.442873
3.530292 0.890809 4.147742
4.059885 0.840190 3.343666
4.129764 0.885185 3.674005
3.565563 0.240304 3.006037
3.979932 0.249366 4.908512
3.565563 0.240304 3.006037
3.982163 0.491880 4.821553
3.536621 1.007943 3.942907
4.045117 0.486320 3.011648
4.155119 0.918728 3.918225
3.537720 0.922728 3.907323
2.972254 0.433050 4.705411
2.971291 -0.000363 2.988696
2.971301 0.908254 3.939040
3.270739 -0.000001 4.908926
3.270457 -0.242589 4.852438
3.270457 -0.242589 4.852438
2.971356 0.771742 4.388027
2.972254 0.606806 4.552512
2.971210 -0.474708 3.134577
6.691053 -0.385945 4.754189
6.341076 0.154480 3.768344
6.304431 0.259991 3.040872
6.303211 0.053276 3.007806
6.303234 0.867627 3.573229
-0.188215 -0.962829 -0.458075
0.580225 -0.681481 -0.545894
0.227148 -0.856143 -0.552837
1.498897 0.152129 4.311777
1.446682 0.107743 4.327191
2.512772 -0.045018 4.823979
2.512692 0.021757 4.824434
1.869229 -0.036485 4.556796
2.186177 -0.045307 4.719239
2.853489 -0.047255 5.644762
2.909607 0.012787 5.656536
2.915790 -0.051211 5.651064
2.853489 -0.047255 5.644762
1.244207 -0.209328 4.120673
1.183967 -0.004195 4.093205
-0.262826 -0.933677 -0.288842
3.315743 -1.029157 3.877311
3.316247 -0.935385 4.283626
1.030910 0.076361 -0.290840
3.316247 -0.935385 4.283626
3.316267 -0.674957 3.918460
3.315726 1.029254 3.877306
3.315130 0.889719 3.809332
3.979957 -0.249360 4.908272
3.528589 0.964969 4.202490
4.020253 0.858290 4.490665
6.399028 0.496773 3.023640
2.972254 -0.218727 4.761205
6.308523 0.619746 3.242530
6.306968 0.451208 3.121386
6.308973 0.370728 4.791224
6.614715 0.230177 4.891803
6.613545 0.010507 4.915023
6.684651 0.715994 3.370475
6.684626 0.572719 3.227356
6.679996 0.158305 3.652355
6.680749 0.085451 3.632923
6.684820 0.823647 4.326745
6.684786 -0.872851 4.135629
6.343565 0.192429 4.121227
6.343981 0.059214 4.206043
6.682610 0.084437 4.292107
6.310139 0.170998 4.847953
6.307096 -0.353127 3.082727
6.308285 -0.153228 3.026427
6.504678 -0.426653 4.843118
6.684895 -0.383522 4.749227
6.684875 -0.554949 4.641399
6.613622 -0.416296 4.818191
6.684626 -0.554942 3.227356
6.684607 -0.383523 3.119528
6.684820 -0.805952 4.326747
6.681725 -0.203989 4.227051
6.682167 -0.139131 4.268618
6.682167 -0.139131 4.268618
6.342504 -0.224017 4.020178
0.688444 0.753086 0.146928
-0.164172 0.861011 -0.537675
-0.348928 0.796260 -0.537642
-0.757350 0.387967 -0.537570
0.593030 -0.767958 0.145913
0.406821 -0.876863 0.148575
-0.757350 -0.370736 -0.537570
0.409754 0.796381 -0.537983
0.975417 0.176438 0.145498
0.916307 0.383117 0.146831
4.623739 -0.880511 4.453559
4.570995 -0.668515 4.707931
4.699210 -1.033594 3.959829
4.520368 -0.564243 3.024331
4.537097 -0.865065 3.330425
4.424368 -0.869842 3.288755
4.715778 -0.980298 3.550170
4.664558 -0.866164 3.316421
4.574288 -0.162666 4.957853
4.587742 0.139686 4.968699
4.360703 -0.838627 4.462906
4.732380 -0.900158 4.450242
4.434440 -0.256606 4.947843
4.463141 -0.220489 4.953527
4.807822 -0.340741 2.912314
4.798651 -0.739854 3.192900
4.420587 -0.320659 2.835977
4.326039 -0.569594 4.767595
4.742180 -0.432790 4.867482
4.688395 -0.645745 4.744436
4.776096 -0.833740 4.511725
4.775409 -1.082591 3.890432
4.641455 -1.087672 3.810478
4.516848 -0.881114 4.534932
4.519477 0.209053 2.860854
4.481665 0.118049 2.821136
4.467776 -0.117446 2.783644
4.759319 -1.004743 3.503325
4.740728 -0.949150 3.354960
4.670257 -1.031084 3.986547
4.377082 -0.820183 4.605811
4.351104 -0.396123 4.898456
4.667992 -0.575433 2.974058
4.617605 -0.648911 3.083274
4.602086 -0.889708 3.267714
4.585296 -0.988022 4.371607
4.612626 -1.089828 3.995986
4.843926 -1.086176 3.967675
4.434937 -0.835251 3.184581
4.707067 -0.411894 2.867421
4.550288 -0.096739 2.776183
4.603405 -1.038189 3.609001
4.723197 -1.083296 3.982083
4.597998 0.100826 5.024627
4.769633 -1.013479 4.085298
4.680564 -0.202186 4.972814
4.617605 -0.648911 3.083274
4.532586 0.004366 2.824003
4.425426 0.006430 2.776516
4.436820 -0.239283 2.816039
4.425713 -0.452442 2.891006
4.457218 -0.534401 2.923992
4.634534 0.873228 4.476659
4.671054 1.027107 3.992462
4.515394 0.925383 4.370956
4.587797 1.040887 3.584876
4.439799 0.891820 4.547596
4.645516 0.885348 3.354838
4.821744 1.040182 3.802159
4.755645 0.994978 3.631198
4.961319 1.025683 3.971733
4.387216 0.361050 4.972638
4.743126 0.343984 4.905021
4.753864 1.081692 4.024447
4.507611 0.667388 4.788849
4.724553 1.087651 3.828952
4.698402 1.029940 4.010950
4.686998 1.055668 4.160046
4.731898 0.982108 4.218013
4.420887 0.369816 4.950951
4.372540 0.623654 4.820464
4.396338 0.890322 4.519327
4.715141 0.619055 3.003181
4.730543 0.352343 2.849803
4.575629 0.925511 3.441797
4.616274 1.086219 3.785971
4.479064 0.985118 4.365631
4.431673 0.844157 3.192290
4.408163 0.679059 3.050620
4.566759 0.405665 2.869288
4.565650 0.298045 2.817667
4.437658 0.135205 4.971952
4.488350 0.371094 4.952006
4.621501 0.389336 4.954756
4.660356 0.436474 4.918964
4.649216 0.159204 2.856332
4.684885 0.254957 4.955067
4.743937 -0.062064 4.962510
4.742767 -0.979371 3.731362
4.509201 -0.569412 4.742406
4.512599 -0.327752 4.877820
4.509230 -0.920704 4.270027
4.869153 -1.002454 3.873723
4.742465 -0.885102 3.431293
4.533884 -0.781555 4.533234
4.593462 -0.901574 4.359237
4.741419 -0.996940 3.974460
4.704687 -0.756444 3.257491
4.789217 -0.914316 3.541581
4.595689 -0.971434 3.921112
4.359657 -0.742603 4.546172
4.500712 -0.908710 4.309205
4.628556 -0.985913 4.018656
4.455701 -0.601554 3.077242
4.392508 -0.023181 2.880179
4.388327 -0.414517 2.987029
4.388557 -0.379922 4.848333
4.617233 -0.985152 3.706665
4.576818 -0.343855 2.925671
4.566056 -0.420725 2.971634
4.395449 -0.698440 4.638631
4.457646 -0.896398 4.378635
4.670479 -0.974882 3.972174
4.711881 -0.860008 3.355798
4.691709 -0.722966 3.200753
4.589807 -0.810998 3.301482
4.635813 -0.912827 3.472796
4.490255 -0.898444 3.399596
4.444582 -0.722149 3.202982
4.736489 -1.015364 3.774636
4.516492 -0.481226 4.835666
4.519672 -0.625135 4.690580
4.629172 -0.364550 4.877245
4.640023 -0.088145 4.964743
4.455701 -0.601554 3.077242
4.444582 -0.722149 3.202982
4.398612 0.074920 4.954975
4.382520 0.181735 4.925684
4.442387 -0.421281 2.963591
4.731498 0.123617 4.917875
4.731216 -0.186016 4.897200
4.629179 0.904769 3.448159
4.547970 0.815907 4.507271
4.486625 0.877708 4.365555
4.569134 0.789392 3.287744
4.722308 0.897284 4.371306
4.514978 0.423288 4.834093
4.640023 -0.088145 4.964743
4.867512 0.999009 3.953469
4.951177 0.963844 4.111613
4.977324 0.995278 3.785816
4.520223 0.220455 4.923256
4.445462 0.867646 3.448865
4.395715 0.321651 2.949576
4.391508 0.618622 3.136522
4.977324 0.995278 3.785816
4.957598 0.986709 3.904070
4.840967 0.989354 4.094313
4.580584 0.432237 2.938444
4.570544 0.129017 2.874281
4.736200 1.001691 3.955518
4.840967 0.989354 4.094313
4.867512 0.999009 3.953469
4.565168 0.575940 3.085790
4.728750 0.978875 3.742006
4.670930 0.807956 4.526699
4.681084 0.875852 4.425106
4.389625 0.344306 4.883129
4.382520 0.181735 4.925684
4.639759 0.408632 4.864410
4.608876 0.272702 4.892165
4.639708 0.567533 4.750259
4.504029 0.902492 3.463876
4.451061 0.711819 3.163654
4.511367 0.056240 4.943756
4.520223 0.220455 4.923256
4.452379 -0.105186 2.875269
4.577626 -0.092413 2.872171
4.340411 -0.072191 4.910670
4.333415 -0.261262 4.878826
4.765798 -0.761099 4.536872
4.984830 -1.009509 3.819422
4.949956 -0.964604 4.117090
4.731216 -0.186016 4.897200
4.740377 0.603585 4.690100
4.951177 0.963844 4.111613
4.909023 0.961182 3.565794
4.418023 0.892088 3.419116
4.391508 0.618622 3.136522
4.731498 0.123617 4.917875
4.644053 -0.879079 3.355448
4.821237 -1.033859 3.998652
4.570472 -1.026318 4.018045
4.834243 -1.075702 3.870489
4.699210 -1.033594 3.959829
4.483903 -0.655625 3.081279
4.537097 -0.865065 3.330425
4.687405 1.016979 3.723136
4.619434 0.349657 2.883682
4.530192 -0.910190 3.516744
4.949956 -0.964604 4.117090
4.566056 -0.420725 2.971634
4.576818 -0.343855 2.925671
4.516492 -0.481226 4.835666
4.391861 -0.461303 4.828214
4.691709 -0.722966 3.200753
4.863830 -1.009556 4.034221
4.856002 -1.013736 3.907077
4.533884 -0.781555 4.533234
4.509201 -0.569412 4.742406
4.754745 -1.018074 3.929431
4.455701 -0.601554 3.077242
4.442387 -0.421281 2.963591
4.742693 0.995116 3.733290
4.548385 0.963060 3.753023
4.831138 0.970537 3.696182
4.449855 0.566322 3.062356
4.516047 0.450388 4.827799
4.522708 0.647698 4.682909
4.598046 0.871916 3.410769
4.578840 0.772431 3.228980
4.580584 0.432237 2.938444
4.742180 -0.432790 4.867482
4.752141 -0.574430 4.728372
4.776096 -0.833740 4.511725
4.731216 -0.186016 4.897200
4.748648 0.411708 4.829991
4.977324 0.995278 3.785816
4.635813 -0.912827 3.472796
4.736489 -1.015364 3.774636
4.815948 -1.029889 3.873023
4.754745 -1.018074 3.929431
4.736489 -1.015364 3.774636
4.625329 -1.003653 3.927371
2.515070 0.151021 4.808985
2.492358 0.102551 4.855557
2.479835 0.107140 4.877840
2.492358 0.102551 4.855557
1.459812 0.102194 4.302141
1.460119 0.085283 4.255511
1.872200 0.152369 4.540695
1.463781 0.149343 4.295100
2.174431 0.155915 4.726607
2.172239 -0.034950 4.741664
2.481680 -0.034781 4.885360
2.481657 0.011046 4.885336
2.172284 0.011218 4.741580
2.494295 -0.034970 4.862934
2.494158 0.011344 4.862701
1.461665 0.012158 4.309688
2.186126 0.021614 4.719280
1.461665 0.012158 4.309688
2.482778 -0.116037 4.879426
1.749868 -0.164893 4.498586
2.177426 -0.164840 4.728081
1.875194 -0.161261 4.542172
2.498983 -0.156990 4.849787
1.871346 -0.115638 4.549332
1.462765 -0.111051 4.303692
1.957062 -0.120396 4.626531
1.451442 -0.116120 4.325728
2.980280 0.047927 4.864087
2.915790 0.007439 5.651064
2.858063 -0.051211 5.640716
2.842844 -0.091700 4.839450
2.849929 0.307051 4.654461
2.849929 0.171206 4.686742
2.712493 0.165510 4.662772
2.860766 0.381260 5.395594
2.918494 -0.383651 5.405660
2.849929 -0.171204 4.686742
2.712493 -0.165509 4.662772
2.712493 -0.301354 4.630493
1.507954 -0.263617 4.255004
1.826185 -0.244033 4.418545
2.033767 -0.254683 4.452005
1.268667 -0.190398 4.090364
1.845004 -0.212276 4.372548
3.147922 -0.026912 4.991002
3.115119 -0.171587 4.978487
1.212394 0.131652 4.106235
1.245704 0.208286 4.120866
2.600108 0.507651 4.677889
2.804893 0.443695 4.789857
1.509023 0.262974 4.253091
1.336170 0.259182 4.164769
1.212269 0.009309 4.062884
1.212394 0.131652 4.106235
0.214753 -0.846350 -0.290921
0.184364 -0.752030 -0.291152
3.057329 -0.248306 4.882363
3.016628 -0.499626 2.853130
3.156212 -0.947734 4.305303
3.063574 -0.901304 4.384956
2.919532 -0.619486 2.994900
2.900218 -0.561338 2.896499
0.727634 -0.717401 -0.291197
2.911164 -0.492585 2.844589
3.316288 -0.866220 3.286440
3.316674 -0.737298 3.145424
-0.990174 0.074400 0.162410
3.178352 -0.873817 3.279830
0.371313 -0.923187 -0.290943
2.790674 -0.394679 2.599867
2.592221 -1.003728 3.994507
2.299379 -0.999293 3.820652
0.119909 -1.016815 -0.110423
2.817383 -0.782686 4.448591
3.261934 -1.056186 3.756075
-0.286067 -0.937692 -0.290925
-0.252971 -0.952744 -0.270669
3.043133 -0.754799 4.507537
2.098135 -0.400471 2.224028
2.260927 -0.372968 2.284971
1.334973 -0.203442 4.147648
1.392332 -0.216101 4.201982
3.275455 -1.008910 3.774174
2.846300 -0.552382 2.898294
2.722834 -0.538992 2.789380
3.207582 -0.247825 2.748297
3.245556 -0.206129 2.777804
3.316429 -0.864320 4.406158
2.956141 -0.616786 3.006686
3.316277 -0.176574 4.926841
0.174807 -1.006856 -0.194763
2.419482 -0.501675 4.573755
3.211288 -0.808236 3.205337
3.236652 -1.050121 3.898202
2.865467 -0.831205 4.303644
2.191334 -0.474310 4.491154
1.100172 -0.066005 -0.025143
1.244712 -0.058436 4.099943
3.316318 -0.624412 4.687882
3.169068 -1.028265 3.902385
2.898538 -0.436123 2.721461
0.504991 -0.871387 -0.290917
2.972908 -0.639413 2.993078
2.808980 -0.860926 4.222444
3.021493 -1.004689 4.135090
2.933192 -0.344384 4.819055
3.083557 -1.015280 4.078785
3.092464 -1.006084 4.139772
1.193355 -0.031482 4.090065
1.162707 -0.090447 4.068750
2.899642 -0.414433 2.692650
3.234592 -0.363151 4.859903
3.316333 -0.274433 4.865006
2.988116 -0.660221 3.035243
3.316333 -0.274433 4.865006
-0.621556 -0.689433 0.342579
-0.649936 -0.659757 0.397883
1.148365 -0.026194 4.062747
2.819651 -0.771451 4.423041
0.145227 -1.015819 -0.146492
3.259192 -0.736165 4.626182
3.316360 -0.770256 4.528916
3.316288 -0.653023 4.567510
3.126746 -0.963081 4.249295
2.783091 -0.478992 2.665901
1.046563 -0.183828 0.086635
0.201925 -0.936182 -0.290921
1.187417 -0.013106 4.076989
3.073004 -0.999111 4.017786
1.035891 -0.251946 0.071382
-1.028351 0.000001 0.058959
-1.015904 0.082634 0.014808
3.316229 -0.935379 4.283658
3.272263 -0.956803 4.282845
3.044587 -0.777409 4.103651
3.143986 -0.818058 4.262152
-0.034666 -0.800669 0.001016
0.069279 -0.937910 -0.016404
-0.259920 -0.895865 -0.168681
-0.241939 -0.769701 -0.174051
0.145227 -1.015819 -0.146492
0.174807 -1.006856 -0.194763
-0.061978 0.631730 -0.293274
-0.238369 0.766285 -0.284606
2.263581 0.525529 4.438661
2.481418 0.925809 3.032953
2.615848 0.920261 3.088854
1.159361 0.204317 3.975538
2.684679 0.940295 3.526899
2.823019 0.334653 2.586275
2.291513 0.327562 2.284443
3.316423 1.031283 3.678758
2.827354 0.537966 4.697891
2.760838 0.587852 4.588683
3.202253 0.922130 3.404503
3.068401 0.928378 4.311837
3.211405 0.808431 3.205175
3.073137 0.999520 4.017832
3.262593 0.823312 3.183134
3.185642 0.805293 3.119428
1.096833 0.000138 -0.244588
1.019414 0.264367 -0.291821
3.150376 0.327328 4.884889
3.018547 0.444155 4.802756
3.043086 0.754520 4.507144
3.212749 0.907988 3.366462
1.334969 0.203444 4.147648
3.077422 0.795405 4.512646
3.213257 1.064838 3.774757
-0.008585 1.046562 0.436265
1.098865 0.065579 -0.025195
3.316277 0.176575 4.926841
0.992582 0.433971 -0.016224
2.951714 0.640708 3.030520
2.466718 0.668673 4.407550
1.187417 0.013107 4.077013
3.104188 0.688774 4.671428
0.996917 0.444195 -0.003983
3.311249 0.909955 4.294231
3.316392 0.624544 4.688109
3.169068 1.028262 3.902385
3.131282 1.020201 3.923316
2.972908 0.639414 2.993078
3.001850 0.627567 2.999155
3.100903 0.954913 4.215633
2.990032 0.596896 4.645916
3.015607 0.967088 4.219450
2.890197 0.929435 3.605357
2.746549 0.921801 3.489951
2.864293 0.960871 3.546709
3.021540 1.005009 4.135137
3.092593 1.006412 4.139726
0.927658 0.661249 0.692151
0.928285 0.632899 0.640112
0.047916 0.984282 0.887476
2.974696 0.058927 2.720029
3.200714 -0.000062 2.719561
3.273102 0.000048 2.789284
1.215958 -0.000010 4.094693
1.301757 0.195812 4.133211
3.316335 0.274436 4.865007
1.270761 0.281602 4.021479
2.931981 0.962992 3.597445
3.259212 0.736263 4.626254
3.316372 0.770311 4.528955
3.316288 0.653026 4.567495
3.126746 0.963082 4.249295
-1.028351 0.000001 0.058959
1.103795 -0.000000 -0.067720
2.888389 0.955031 3.573102
0.727558 0.717322 -0.291129
2.974179 -0.000034 2.721043
0.506743 0.874582 -0.291777
3.316288 0.866223 3.286440
1.036591 0.252168 0.071428
1.054074 0.134762 0.077246
3.275546 1.009041 3.774247
3.179484 0.647702 4.103277
3.127137 0.726044 4.192032
3.316255 0.889398 3.812854
3.131282 1.020201 3.923316
3.073137 0.999520 4.017832
3.316288 0.753228 3.846188
0.184371 0.752004 -0.291168
0.214753 0.846350 -0.290921
-0.073377 1.010369 -0.048166
-0.104001 1.008211 -0.052513
-0.199972 0.998130 -0.130727
3.521195 -0.856520 4.442242
3.521195 -0.856520 4.442242
3.514928 -0.690126 4.645118
4.114777 -0.890976 4.157908
4.154934 -0.919337 3.918177
3.510277 -0.481334 4.795687
3.995932 -0.694412 4.663260
4.026452 -0.850228 4.483717
4.066003 -0.837273 3.542517
3.517623 -0.649627 4.557885
4.008043 -0.755114 3.389677
3.530341 -0.888026 4.146189
3.982534 0.000001 4.924514
3.523488 -0.796160 4.368048
3.982534 0.000001 4.924514
4.052699 0.000001 2.884209
3.509513 0.000001 4.820411
4.154934 -0.919337 3.918177
3.510534 0.238189 4.787362
3.510534 -0.238187 4.787362
4.132175 -0.881683 3.674564
6.392878 -0.960584 3.673454
3.269798 0.857217 4.438937
3.986824 0.618497 3.230119
4.064474 0.833690 3.349605
4.147691 0.971515 3.657120
3.968746 0.774535 4.436423
3.987028 0.485825 4.815338
3.937105 0.629924 4.599607
4.008043 0.755115 3.389676
3.545048 0.888175 3.670120
3.565394 0.238811 3.011502
3.566552 0.000001 2.974034
3.564188 0.526654 3.050557
3.558933 0.735026 3.220650
3.983654 0.249360 4.900246
4.051581 0.248872 2.917551
3.567745 0.276051 2.935412
3.569216 0.000001 2.887815
3.983654 0.249360 4.900246
3.537693 0.919637 3.908203
4.110250 0.923513 3.513292
3.269844 1.008443 3.940918
3.270457 0.673003 4.620978
3.270457 0.271307 2.960555
3.270427 -0.271317 2.960579
3.270457 0.000000 2.887866
3.270457 -0.854703 4.438124
3.270457 -0.939985 4.191483
2.971299 -0.908272 3.938398
2.971356 -0.801659 3.481443
3.270457 -0.526058 3.049772
6.684875 0.572719 4.641399
6.684850 0.715988 4.498271
6.342470 -0.204957 3.856578
6.308285 -0.153228 3.026427
6.307096 -0.353127 3.082727
6.308966 -0.035816 4.863962
6.310139 0.170998 4.847953
-0.821929 0.203148 -0.537593
-0.653111 -0.536451 -0.537588
-0.514747 -0.674952 -0.537613
-0.653111 -0.536451 -0.537588
0.576018 0.692840 -0.538822
0.714111 0.553893 -0.538314
0.818418 0.388182 -0.538410
2.483656 0.152319 4.870638
2.492358 0.102551 4.855557
2.183482 0.095682 4.713229
1.450345 0.011038 4.331722
1.463150 0.021485 4.260846
1.463159 -0.045132 4.260788
2.512619 -0.093998 4.820332
2.495306 -0.111410 4.857126
1.455394 -0.161308 4.318491
2.980280 0.047927 4.864087
2.915790 -0.051211 5.651064
1.245680 -0.208053 4.120914
1.101275 0.000000 -0.022265
3.175109 -0.103864 4.951118
3.197721 0.000001 4.957495
-0.172888 0.684517 -0.290921
3.316201 1.028273 3.878761
3.316253 1.064097 3.833531
3.316312 0.935399 4.283571
3.514928 -0.690126 4.645118
3.523488 -0.796160 4.368048
3.507575 -0.246871 4.883159
6.392878 -0.960800 4.199045
6.396299 -0.873246 4.462540
6.392878 -1.008077 3.936057
3.269798 0.857217 4.438937
6.308523 0.619746 3.242530
6.684715 0.890637 3.733124
6.308692 0.759054 3.395810
6.684786 0.890627 4.135629
6.684751 0.913202 3.934377
6.613545 0.010507 4.915023
6.684786 -0.872851 4.135629
6.680034 0.158016 3.652865
6.680661 0.085547 3.633874
6.681218 0.316603 4.107287
6.681477 0.275704 4.172515
6.682784 0.008888 4.297874
6.684786 -0.872851 4.135629
6.680034 0.158016 3.652865
6.680661 0.085547 3.633874
6.343493 -0.135439 3.771119
6.308350 -0.351831 3.085237
6.308285 -0.153228 3.026427
6.392308 -0.426796 4.817817
6.310179 -0.432163 4.750130
6.684820 -0.805870 4.326745
6.613586 -0.208328 4.890588
6.392308 -0.426796 4.817817
6.684850 -0.698211 4.498271
6.684607 -0.383523 3.119528
6.684595 -0.192341 3.052737
6.684820 -0.805870 4.326745
6.682536 -0.066838 4.290292
6.343815 -0.041579 3.730695
6.680943 -0.324306 4.034530
6.681213 -0.298830 4.107287
6.680665 -0.067770 3.633881
6.309682 -0.842807 4.297705
6.309464 -0.901813 4.099160
6.310179 -0.432163 4.750130
6.309335 0.932731 3.981602
0.299393 0.962319 0.146232
0.818111 0.387967 -0.537848
0.713872 0.553682 -0.537830
0.493089 0.857252 0.146022
0.026157 -0.987173 -0.453251
-0.188166 -0.959311 -0.453903
-0.757350 -0.370736 -0.537570
0.713872 -0.536451 -0.537830
-0.909892 -0.159206 0.147544
-0.923707 0.054767 0.147559
-0.527504 0.785190 0.147129
-0.686182 0.640978 0.147301
6.684820 0.823647 4.326745
4.599394 -0.668681 4.721375
4.504571 -0.927210 4.390590
4.542383 -0.832781 3.189396
4.537097 -0.865065 3.330425
4.485355 -0.887866 3.262010
4.477120 -0.755881 4.614193
4.715778 -0.980298 3.550170
4.594156 -0.367300 4.904907
4.574288 -0.162666 4.957853
4.945941 -0.988438 3.670964
4.418184 -0.930598 4.329365
4.571193 -1.025922 4.018189
4.732380 -0.900158 4.450242
4.434440 -0.256606 4.947843
4.463141 -0.220489 4.953527
4.798651 -0.739854 3.192900
4.746236 -0.435489 2.932362
4.742180 -0.432790 4.867482
4.688395 -0.645745 4.744436
4.776096 -0.833740 4.511725
4.791167 -1.036353 3.873892
4.775361 -1.082127 3.890508
4.641455 -1.087672 3.810478
4.601194 -0.307123 2.832708
4.536458 -0.506438 4.893373
4.481665 0.118049 2.821136
4.569192 -0.426040 4.876652
4.440223 -0.816984 4.621990
4.482600 -0.934577 4.438194
4.816184 -1.056054 3.689919
4.377082 -0.820183 4.605811
4.351104 -0.396123 4.898456
4.667992 -0.575433 2.974058
4.609259 -0.400174 2.874697
4.590806 -1.066713 3.744744
4.612598 -1.089848 3.995998
4.677695 -1.050635 4.157507
4.723197 -1.083296 3.982083
4.466895 -0.748420 3.094573
4.559642 -0.574996 2.962527
4.564961 -0.835308 3.182534
4.707067 -0.411894 2.867421
4.581325 -0.055019 2.775057
4.696090 -0.074771 2.780453
4.877215 -1.075406 3.868573
4.425713 -0.452442 2.891006
4.809292 -1.024924 3.715499
4.530147 -0.287260 4.990617
4.519477 0.209053 2.860854
4.674180 -0.280170 2.833946
4.421206 -0.320593 2.836134
4.687405 1.016979 3.723136
4.575629 0.925511 3.441797
4.519431 0.576403 3.029517
4.489680 0.444777 2.933588
4.796531 1.034393 3.908987
4.579295 1.053725 3.713185
4.728172 0.960422 3.518447
4.650458 0.562464 3.017450
4.821744 1.040182 3.802159
4.755645 0.994978 3.631198
4.806833 0.951056 3.478509
4.905595 1.047122 3.826477
4.749371 0.429382 2.934855
4.738665 0.743884 3.164737
4.724148 0.873936 4.486402
4.688432 0.625944 4.758246
4.561755 1.009045 3.795816
4.417983 0.892157 3.419127
4.749988 1.078831 3.735809
4.766047 1.085357 3.901720
4.712361 0.994345 4.347270
4.827506 1.066159 4.061491
4.598936 1.076222 3.959970
4.630371 0.995262 4.355821
4.735305 1.043554 4.140162
4.638231 1.086783 3.985011
4.582818 1.035965 4.186380
4.687985 0.563104 2.955315
4.638121 0.512159 2.985843
4.614671 0.993929 3.448664
4.519431 0.576403 3.029517
4.611792 0.934970 3.333033
4.706376 1.014304 3.543151
4.529283 1.037307 4.201494
4.554174 0.582287 2.970817
4.566759 0.405665 2.869288
4.437658 0.135205 4.971952
4.700257 1.060485 3.686709
4.509709 0.000752 5.033060
4.412854 -0.031323 5.024570
4.638121 0.512159 2.985843
4.649216 0.159204 2.856332
4.742767 -0.979371 3.731362
4.633656 -0.495829 4.797874
4.593462 -0.901574 4.359237
4.670479 -0.974882 3.972174
4.625329 -1.003653 3.927371
4.720930 -0.956827 3.660169
4.522156 -0.357165 4.868510
4.519672 -0.625135 4.690580
4.533884 -0.781555 4.533234
4.699377 -0.528903 3.035459
4.636665 -0.286545 4.893164
4.465182 -0.786936 3.288414
4.443293 -0.842453 3.407980
4.838249 -0.861685 3.422396
4.628556 -0.985913 4.018656
4.625172 -0.985686 3.925408
4.834050 -0.990827 4.073220
4.802773 -0.871517 4.358481
4.443293 -0.842453 3.407980
4.407206 -0.626649 3.148631
4.449149 0.096312 2.889194
4.393320 -0.023158 2.880424
4.406804 -0.655384 4.665631
4.388557 -0.379922 4.848333
4.737978 -0.387006 4.831680
4.832825 -0.985399 3.717357
4.938327 -0.985720 3.892179
4.617233 -0.985152 3.706665
4.625172 -0.985686 3.925408
4.863946 -1.003126 3.738975
4.763321 -0.943718 3.497950
4.696011 -0.335294 2.910627
4.699377 -0.528903 3.035459
4.589807 -0.810998 3.301482
4.736489 -1.015364 3.774636
4.731392 -0.997577 3.974650
4.593462 -0.901574 4.359237
4.533884 -0.781555 4.533234
4.696852 -0.169460 2.889924
4.522156 -0.357165 4.868510
4.509688 -0.163019 4.947968
4.629172 -0.364550 4.877245
4.633656 -0.495829 4.797874
4.442387 -0.421281 2.963591
4.444582 -0.722149 3.202982
4.512599 -0.327752 4.877820
4.697087 -0.317427 2.935460
4.576818 -0.343855 2.925671
4.731498 0.123617 4.917875
4.731216 -0.186016 4.897200
4.629179 0.904769 3.448159
4.547970 0.815907 4.507271
4.486625 0.877708 4.365555
4.569134 0.789392 3.287744
4.722308 0.897284 4.371306
4.514978 0.423288 4.834093
4.608876 0.272702 4.892165
4.753905 0.902998 4.304589
4.950484 0.962969 4.111086
4.957598 0.986709 3.904070
4.520223 0.220455 4.923256
4.445462 0.867646 3.448865
4.391508 0.618622 3.136522
4.977324 0.995278 3.785816
4.957598 0.986709 3.904070
4.840967 0.989354 4.094313
4.580584 0.432237 2.938444
4.570544 0.129017 2.874281
4.736200 1.001691 3.955518
4.753905 0.902998 4.304589
4.867512 0.999009 3.953469
4.565168 0.575940 3.085790
4.728750 0.978875 3.742006
4.658956 0.952438 4.235152
4.742359 1.002544 4.008236
4.616691 0.971450 4.048506
4.696725 0.183724 2.869621
4.398612 0.074920 4.954975
4.393128 -0.117700 4.933828
4.639759 0.408632 4.864410
4.504029 0.902492 3.463876
4.618130 0.992512 3.752761
4.639759 0.408632 4.864410
4.633937 0.183497 4.953567
4.449122 0.270205 2.900716
4.452379 -0.105186 2.875269
4.577626 -0.092413 2.872171
4.392838 0.215930 4.909979
4.776096 -0.833740 4.511725
4.803151 0.160206 2.906821
4.443668 -0.886061 4.306504
4.561696 -0.974545 3.993115
4.754918 0.616133 4.727643
4.784400 0.846476 4.489921
4.809996 0.283961 2.895433
4.807822 -0.340741 2.912314
4.849649 0.875515 3.446864
4.780895 0.739969 3.260579
4.731498 0.123617 4.917875
4.748648 0.411708 4.829991
4.644053 -0.879079 3.355448
4.815948 -1.029889 3.873023
4.838105 -0.892852 3.401479
4.834243 -1.075702 3.870489
4.834243 -1.075702 3.870489
4.489680 0.444777 2.933588
4.675405 0.806028 3.170437
4.856002 -1.013736 3.907077
4.949956 -0.964604 4.117090
4.617233 -0.985152 3.706665
4.695671 -0.496637 3.029327
4.691709 -0.722966 3.200753
4.566886 -0.696907 3.170168
4.736489 -1.015364 3.774636
4.474327 -0.873577 3.396636
4.516492 -0.481226 4.835666
4.509201 -0.569412 4.742406
4.393128 -0.117700 4.933828
4.511367 0.056240 4.943756
4.442387 -0.421281 2.963591
4.460598 -0.307258 2.917975
4.742693 0.995116 3.733290
4.449855 0.566322 3.062356
4.516047 0.450388 4.827799
4.547970 0.815907 4.507271
4.840967 0.989354 4.094313
4.658956 0.952438 4.235152
4.589764 0.916073 4.369012
4.460984 0.896181 4.380885
4.742180 -0.432790 4.867482
4.752141 -0.574430 4.728372
4.737978 -0.387006 4.831680
4.984830 -1.009509 3.819422
4.794394 0.446319 3.015382
4.635813 -0.912827 3.472796
4.590909 -0.856219 3.375318
4.877215 -1.075406 3.868573
4.731392 -0.997577 3.974650
4.736489 -1.015364 3.774636
1.439819 0.118427 4.316237
2.511856 0.103703 4.863635
2.174606 0.155688 4.726278
2.495845 0.147777 4.847810
2.515374 0.146254 4.857069
2.174606 0.155688 4.726278
1.452400 0.152420 4.317024
1.460930 0.102742 4.301195
1.451470 0.092638 4.297422
1.958212 0.156850 4.617345
1.747031 0.155741 4.496815
2.515374 0.146254 4.857069
2.511856 0.103703 4.863635
1.452400 0.152420 4.317024
2.491231 0.118322 4.880647
2.492108 0.102641 4.854776
2.079772 0.154752 4.602577
2.065984 0.106861 4.653087
1.868698 0.106887 4.547226
1.958212 0.156850 4.617345
1.440633 -0.000397 4.325698
2.513690 0.009729 4.871202
2.172463 0.011057 4.741244
2.494040 -0.034785 4.862161
2.503259 -0.044938 4.866394
2.172463 0.011057 4.741244
1.453059 -0.023317 4.302538
1.744893 -0.034801 4.511772
1.462867 -0.034784 4.308588
2.504471 -0.000428 4.866948
1.462862 0.011040 4.308580
2.492046 -0.023346 4.890131
2.494040 -0.034785 4.862161
2.067743 -0.034786 4.660791
2.494040 -0.034785 4.862161
1.870455 0.011041 4.554932
1.956026 0.011082 4.632386
1.442786 -0.127324 4.317762
1.455404 -0.161307 4.318491
2.514801 -0.112554 4.865201
2.518358 -0.155091 4.858563
2.173810 -0.119458 4.734804
2.495053 -0.111495 4.856344
2.068935 -0.115761 4.654641
1.756160 -0.104914 4.483167
1.463403 -0.094179 4.256956
1.454409 -0.101493 4.298991
2.495053 -0.111495 4.856344
2.494178 -0.127220 4.882188
2.186727 -0.104861 4.714250
1.761623 -0.170052 4.473003
1.974268 -0.171181 4.594406
1.968801 -0.106008 4.604569
1.968801 -0.106008 4.604569
2.068935 -0.115761 4.654641
1.746243 -0.119512 4.505329
1.871650 -0.115788 4.548778
1.957417 -0.120584 4.625878
2.858063 -0.051211 5.640716
2.858063 0.007439 5.640716
2.858063 0.007439 5.640716
2.849929 0.171206 4.686742
2.918494 0.383652 5.405660
2.860766 -0.381258 5.395594
2.849929 -0.307049 4.654461
1.245695 -0.208290 4.120886
1.336119 -0.259087 4.164910
2.363423 -0.451110 4.598689
2.599956 -0.507803 4.678215
1.336119 -0.259087 4.164910
2.804954 -0.443632 4.789629
2.599956 -0.507803 4.678215
1.245695 -0.208290 4.120886
1.268638 -0.190197 4.090729
3.114589 -0.171193 4.977695
3.137174 -0.105630 4.986304
1.919929 0.254769 4.461654
2.804950 0.443629 4.789623
2.013782 0.282094 4.501466
1.919929 0.254769 4.461654
3.037661 0.265364 4.944669
2.013782 0.282094 4.501466
1.245704 0.208286 4.120866
1.268638 0.190198 4.090729
2.934629 -0.419164 2.697963
0.655581 -0.814784 -0.193925
3.057705 -0.247500 4.880216
2.890920 -0.648738 4.634956
3.190967 -0.887854 3.336789
2.914825 -0.460232 2.733818
2.963409 -0.488305 2.810646
2.887108 -0.500316 2.807917
-0.887752 -0.126192 0.434501
-0.887181 -0.055988 0.395462
2.182183 -0.252128 4.544908
3.132725 -0.843941 4.516188
3.003325 -0.887357 4.305336
2.981073 -0.923842 4.249787
3.160430 -0.826173 4.556704
1.506887 -0.000001 1.352576
3.190017 -1.042076 3.831510
3.316288 -1.031348 3.678575
1.068950 -0.105971 0.085482
-0.185764 -0.917733 0.650960
2.767507 -0.562388 4.656907
3.030264 -0.817352 3.133741
3.202253 -0.922048 3.404515
1.405458 0.000000 1.163377
0.404763 -0.930319 0.164657
2.819264 -0.771814 4.423089
1.512162 -0.338229 4.222183
1.402124 -0.314694 4.158504
1.454776 -0.336188 4.172201
3.113519 -0.854677 3.243254
1.342804 -0.310802 4.129390
3.073176 -0.999199 4.017879
3.080156 -0.999040 3.992021
2.753974 -0.244516 2.560582
2.596490 -0.735224 4.480255
3.316288 -0.274391 4.864914
2.838768 -0.774881 4.539729
3.261934 -1.056180 3.756075
2.716655 -0.968677 3.773763
-0.253721 -0.931371 -0.290921
-0.252930 -0.952752 -0.270676
2.035589 -0.421239 4.469369
3.095791 -0.789254 3.106661
3.191239 -0.809326 3.148311
3.058749 -0.885271 3.218959
2.966786 -0.705381 4.596066
3.042705 -0.714271 4.558888
1.291880 -0.299552 4.033555
1.329268 -0.318999 4.046132
3.212761 -0.908011 3.366451
1.334960 -0.203441 4.147672
3.316288 -1.031348 3.678575
-0.649163 -0.751195 -0.151085
0.371098 -0.975683 -0.094735
1.194183 -0.050477 4.071914
0.004717 -1.034268 0.349032
2.797066 -0.980332 3.805425
2.740182 -0.955919 3.783147
-0.924997 -0.033428 0.324651
0.570918 -0.862700 0.303214
1.496434 -0.259897 4.231104
2.985689 -0.561514 2.919582
2.684789 -0.941820 3.526683
-0.159958 -1.009901 0.093488
-0.254050 -0.937010 0.284762
2.947826 -0.653861 3.037993
3.214845 -0.982347 3.582083
3.179345 -0.995893 3.503217
2.804178 -0.941775 3.755626
2.602730 -0.458545 4.656184
2.716318 -0.570986 4.627162
2.729890 -0.715168 4.562858
2.931710 -0.383644 4.810325
3.316288 -0.866219 3.286440
3.211288 -0.808267 3.205302
2.736593 -0.467167 4.693941
1.358503 -0.321428 4.140048
3.231713 -1.065759 3.869241
-0.026893 -1.031395 0.295208
-0.980583 -0.256067 -0.021246
-0.918764 -0.049760 0.369995
-0.907593 -0.084356 0.354137
0.911006 -0.551647 0.020581
2.919974 -0.638999 3.026161
0.373739 -0.967460 -0.151042
2.907668 -0.548713 2.875098
1.954969 -0.407210 4.408557
1.990979 -0.431194 4.422984
2.875993 -0.485753 2.783795
2.728938 -0.258832 2.551552
3.101833 -0.413455 4.809207
3.316307 -0.452567 4.796866
3.001284 -0.228379 2.642749
-0.252930 -0.952752 -0.270676
-0.253015 -0.958934 -0.251475
1.467814 -0.233797 4.232079
0.418437 -0.888871 0.233947
2.813300 -0.613047 4.615648
-0.773514 -0.621435 -0.140085
2.698986 -0.489027 2.703338
1.054803 -0.173874 0.093772
1.053933 -0.134732 0.077220
0.604981 -0.855967 -0.211569
0.928276 -0.632891 0.640115
2.545925 -0.407979 4.619568
2.946511 -1.024231 4.007172
2.911131 -1.021357 4.046172
2.758866 -0.963912 3.751114
3.229117 -0.185447 4.944210
2.808955 -0.861135 4.222547
0.492102 -0.869789 0.276971
2.645518 -0.470154 4.677193
2.689861 -0.409388 4.670215
2.849366 -0.488906 4.724816
-0.912138 -0.025690 0.348625
3.172347 -0.972393 3.418419
0.866581 -0.633542 -0.017594
2.890185 -0.929427 3.605333
2.761998 -0.921505 3.479727
1.271432 0.000001 4.097488
3.100492 -0.383344 4.845795
0.927658 -0.661249 0.692152
1.248797 0.006088 4.083861
3.316288 -0.527044 2.940571
3.316288 -0.639923 3.067312
1.193267 -0.031510 4.090183
2.933360 -0.344121 4.818757
2.876145 -0.921608 3.630218
1.109454 -0.000000 -0.126394
3.011760 -0.772928 3.108766
2.890799 -0.794487 4.472095
3.120943 -0.232623 2.693022
2.710247 -0.000038 2.589724
3.316288 -0.274391 4.864914
3.251217 0.000016 2.755962
2.881390 -1.018620 4.034062
2.895501 -1.012977 3.984257
2.745978 -0.941917 3.745345
2.577942 -0.941567 3.393187
2.692399 -0.939379 3.434795
3.212761 -0.908011 3.366451
-0.928414 -0.360992 0.018212
2.746490 -0.921739 3.489952
2.716685 -0.944747 3.503204
3.236735 -1.049753 3.898116
2.715628 -0.960263 3.739856
-0.621556 -0.689433 0.342579
-0.650334 -0.660502 0.398146
3.136016 -0.393748 4.830872
2.815226 -0.843111 4.231650
1.206748 0.000062 0.666574
1.080796 0.000018 0.234051
2.785154 -0.932210 3.740496
-0.913610 0.000000 0.365877
2.957952 -0.557403 2.933372
-0.240597 -0.965055 0.060861
2.817420 -0.782121 4.448451
0.494541 -0.892765 0.246819
3.255602 -0.750433 4.599473
3.316288 -0.653023 4.567510
3.199584 -0.169740 4.950820
3.045796 -0.782802 3.129165
-0.718301 -0.691602 -0.164365
3.215264 -0.390292 4.857505
1.046526 -0.183811 0.086637
-0.779420 -0.641287 -0.176440
-0.999778 0.043280 -0.164467
2.216284 0.000000 2.203790
2.761998 -0.921505 3.479727
1.997952 -0.384434 4.468023
3.275385 -1.008868 3.774020
2.946693 -0.561442 2.916147
1.101363 -0.000000 -0.213542
1.187417 -0.013106 4.077013
1.301740 -0.195811 4.133235
2.865240 -0.831683 4.303815
3.316288 -0.753234 3.846221
3.136016 -0.393748 4.830872
3.286488 -1.018316 3.763979
3.276054 -1.012036 3.785517
3.316288 -1.064036 3.833508
2.473924 0.000001 2.420016
-0.917754 0.000000 0.325873
-0.912138 -0.025690 0.348625
3.305860 -0.836833 3.813726
3.316288 -0.852412 3.813757
3.316288 -0.981645 3.843520
3.316277 -1.027796 3.879505
3.067176 -0.870800 4.192032
3.082727 -0.792458 4.192080
-0.073373 -1.010369 -0.048121
-0.062628 -0.635538 -0.290921
-0.005239 -0.632295 -0.290921
-0.062628 0.635537 -0.290921
-0.005239 0.632294 -0.290921
0.184292 0.752059 -0.290921
0.214753 0.846350 -0.290921
3.063441 0.901091 4.384836
3.033566 0.842138 4.465115
1.726460 0.372652 4.305058
-0.864264 0.462439 -0.291067
3.086170 0.873952 3.259341
3.190969 0.887864 3.336788
3.037286 0.748534 3.088440
1.016472 0.263400 -0.290837
1.030973 0.076393 -0.290921
3.068560 0.927494 4.311428
3.028035 0.671210 4.648638
3.103763 0.689225 4.672370
-0.844755 0.518581 0.294944
3.235185 1.052294 3.797765
2.919544 0.619593 2.994715
2.912705 0.601549 2.957906
1.059270 0.000000 0.095605
3.144202 0.429249 2.829095
2.804416 0.505758 4.709956
1.222175 0.005235 0.715138
3.202253 0.922049 3.404515
3.212761 0.908012 3.366450
2.915192 0.797067 4.447141
2.866781 0.790973 4.374077
2.869137 0.805273 4.441190
0.373740 0.967458 -0.151065
2.328720 0.843617 2.893349
2.766695 0.675271 2.981914
2.670703 0.675446 2.912190
3.074757 1.006286 3.965142
2.918411 0.291949 2.621865
-0.975695 0.259548 -0.131985
1.780962 0.386546 4.334507
3.255719 0.791308 3.145253
-0.073377 1.010369 -0.048166
3.213175 1.064381 3.774702
1.225655 0.079000 4.090633
-0.253721 0.931371 -0.290921
-0.252972 0.952746 -0.270669
2.827618 0.538033 4.697026
2.851723 0.064921 2.657048
2.785520 0.021114 2.649929
3.197096 0.382892 2.809400
3.316288 0.527037 2.940583
3.316288 0.315210 2.833169
0.906056 0.724437 0.815614
1.046559 0.183827 0.086640
1.334969 0.203444 4.147648
1.363969 0.229080 4.175561
3.316288 1.031349 3.678575
2.874043 0.559851 2.879189
1.351911 0.196340 4.174582
-0.609430 0.772790 0.138860
3.175212 0.103827 4.950650
2.742286 0.963960 3.773921
2.740182 0.955920 3.783147
3.221269 0.298203 2.772001
3.197036 0.824160 3.208661
2.956141 0.616595 3.006873
1.315408 0.154866 4.120735
3.058666 0.885172 3.219123
3.079438 0.918088 3.276976
2.957952 0.557404 2.933372
1.039161 0.323329 -0.148134
3.316288 0.977124 3.544407
1.112190 0.076081 -0.097046
3.069750 0.619911 2.986663
3.062447 0.659787 3.040424
2.817420 0.782145 4.448451
2.661365 0.482436 4.667154
2.676677 0.803509 4.321212
3.244113 0.864099 3.230665
1.187417 0.013107 4.077013
0.417900 0.953973 -0.176377
2.869214 1.027595 3.948850
3.016710 0.500772 2.852040
-0.918764 0.049760 0.369995
0.911006 0.551647 0.020581
2.911062 0.492283 2.844754
2.758348 0.779080 4.377676
0.996432 0.444035 -0.003968
3.025881 0.521720 2.895095
2.963409 0.488331 2.810634
3.316288 0.863847 4.405900
2.981179 0.923665 4.249660
2.875186 0.512150 4.715631
3.001344 0.228411 2.642605
3.195278 0.363927 4.874684
1.557677 0.271147 4.267231
1.053933 0.134732 0.077219
2.898538 0.436082 2.721485
2.885514 0.461051 2.738169
1.061018 0.019101 0.077515
2.919211 1.011666 4.011444
2.951737 0.640720 3.030470
3.187207 0.964442 4.263496
3.232924 0.348638 4.876028
3.033291 0.931172 4.301815
3.080156 0.999042 3.992021
3.100856 0.954692 4.215558
2.846074 0.910036 3.627023
2.645518 0.470155 4.677193
2.689861 0.409390 4.670215
0.866635 0.633607 -0.017610
2.890185 0.929428 3.605333
2.462996 0.837040 2.971483
2.778030 0.931983 3.466872
3.018874 0.444328 4.802044
1.244735 0.058486 4.099817
0.928280 0.632894 0.640114
-0.619016 0.751479 0.106613
-0.590158 0.793524 -0.011005
-0.615379 0.800766 -0.021242
2.695633 0.482814 4.689580
2.876145 0.921609 3.630217
1.109454 -0.000000 -0.126394
1.105852 0.060031 -0.178504
1.631375 0.250444 4.318306
3.011760 0.772937 3.108754
3.120931 0.232631 2.693041
2.888413 0.954964 3.573066
2.864316 0.960836 3.546685
1.122107 0.006259 -0.098482
2.899301 0.413689 2.693554
1.301758 0.195812 4.133211
3.316322 0.274419 4.864984
2.878956 1.026504 3.935889
1.215922 0.000001 4.094930
-0.791117 0.551936 0.262130
2.895501 1.012978 3.984256
2.895501 1.012978 3.984256
-1.014327 0.082312 0.014826
1.063799 0.271360 -0.203979
2.577941 0.941503 3.393212
2.849366 0.488906 4.724816
1.307432 0.198126 4.149277
2.692399 0.939329 3.434812
2.736658 0.947109 3.479913
3.234369 0.362171 4.857775
3.109157 0.400223 4.842580
2.815226 0.843113 4.231650
1.206748 0.000062 0.666574
1.080796 0.000018 0.234051
2.857899 0.933110 3.636074
2.876145 0.921609 3.630217
3.316314 0.770088 4.528789
0.494540 0.892773 0.246821
3.127152 0.961906 4.222437
0.423269 0.920789 0.184826
-1.028351 0.000000 0.058955
3.316288 0.866221 3.286440
1.013404 0.406850 -0.055854
3.045796 0.782812 3.129165
2.988104 0.660294 3.035165
2.901891 0.961777 3.580416
2.628018 0.951409 3.393610
-0.902211 0.428979 0.197778
-0.946951 0.313179 0.149859
3.184843 0.050417 4.966239
-0.912138 0.025690 0.348625
-0.903111 0.000000 0.351340
3.251509 0.804740 3.168715
2.946693 0.561443 2.916147
2.900254 0.561546 2.896241
3.093448 0.983299 4.167199
3.098056 0.967928 4.194359
2.888413 0.954964 3.573066
2.692399 0.939329 3.434812
-0.103618 1.007856 -0.053113
3.021540 1.004515 4.135038
3.000928 1.014578 4.086045
2.865240 0.831684 4.303815
3.136016 0.393750 4.830872
3.262628 0.823533 3.182966
3.275385 1.008870 3.774019
-0.994361 0.000057 -0.290921
-0.917754 0.000000 0.325873
-0.931813 0.023662 0.336773
3.316316 0.848950 4.295958
3.311133 0.910015 4.293837
3.232962 0.966901 4.273500
3.187207 0.964442 4.263496
3.067176 0.870802 4.192032
3.082730 0.792459 4.192080
-0.073377 1.010369 -0.048166
-0.062628 0.635537 -0.290921
3.558933 -0.735024 3.220651
3.552318 -0.889285 3.434797
4.040987 -0.849741 4.284892
3.970690 -0.771466 4.436186
3.521195 -0.856520 4.442242
3.514928 -0.690126 4.645118
6.392878 -0.698454 3.218405
6.392878 -0.867983 3.414259
4.170148 -1.002202 3.918224
4.166630 -0.993856 3.790159
3.545048 -0.888174 3.670121
4.152213 -0.920093 3.918131
3.937105 -0.629923 4.599607
3.565394 -0.238810 3.011502
3.970690 -0.771466 4.436186
3.537693 -0.919635 3.908204
3.530341 -0.888024 4.146189
3.924515 -0.226094 4.811916
3.923398 0.000001 4.833062
4.149958 -0.908371 3.795448
3.270430 -0.956725 3.685307
6.392878 -0.492532 4.837955
3.270457 -1.006032 3.940177
3.567745 -0.276050 2.935412
6.392878 -0.698700 4.654218
3.983654 -0.249358 4.900246
4.133154 -0.974832 4.176519
4.160007 -0.995286 4.045425
6.392878 -0.698454 3.218405
3.270429 0.940020 4.191428
4.040987 0.849743 4.284892
3.970690 0.771468 4.436186
3.517623 0.649629 4.557885
3.523488 0.796162 4.368048
4.040987 0.849743 4.284892
4.116287 0.887352 4.157488
4.133154 0.974833 4.176519
6.392878 0.492405 3.034148
4.160007 0.995288 4.045425
3.937105 0.629924 4.599607
3.565394 0.238811 3.011502
3.562392 0.460094 3.108704
3.970690 0.771468 4.436186
3.507575 0.246872 4.883159
3.506636 0.000001 4.913551
3.544709 0.981872 3.681093
3.536621 1.007943 3.942907
3.569216 0.000001 2.887815
6.392878 0.698702 4.654218
6.392878 0.263169 2.967320
3.566552 0.000001 2.974034
6.392878 0.492534 4.837955
3.270457 1.006033 3.940186
3.270457 0.242591 4.852377
3.270457 0.480292 4.790557
6.392878 0.698702 4.654218
3.270457 0.717012 3.238037
2.971326 0.908208 3.939027
3.270457 -0.854703 4.438124
2.972254 0.862591 3.708826
3.270457 -0.939985 4.191483
2.971324 -0.908226 3.938408
2.972254 -0.847527 4.165262
3.270457 0.887868 3.433405
6.344318 -0.174180 4.120330
6.345216 -0.089423 4.187752
6.308462 -0.532268 3.186944
6.308615 -0.685686 3.326101
6.310286 0.171004 4.847626
6.310221 0.369607 4.788815
6.309559 0.899749 4.186087
0.686784 0.752186 0.145811
-0.653111 -0.536451 -0.537588
-0.348928 -0.779028 -0.537642
-0.514747 -0.674952 -0.537613
0.030381 0.882835 -0.537709
0.224934 0.861011 -0.537744
0.818111 -0.370736 -0.537848
1.456873 0.157774 4.287370
1.465868 0.150539 4.245321
2.069727 0.151999 4.646121
2.512658 0.021208 4.823803
2.481657 0.011045 4.885336
1.450400 -0.034789 4.331722
2.494040 -0.034785 4.862161
2.067743 0.011041 4.660791
1.451631 -0.116181 4.325533
1.454409 -0.101493 4.298991
1.756160 -0.104914 4.483167
2.842844 0.047927 4.839450
2.918494 0.383652 5.405660
2.918494 0.440713 5.392102
2.918494 -0.383651 5.405660
2.918494 -0.440712 5.392102
-0.005239 -0.632295 -0.290921
-0.062628 -0.635538 -0.290921
3.213181 -1.064386 3.774714
3.316288 -0.674912 3.918455
3.316288 -1.064036 3.833508
3.276054 -1.012036 3.785517
3.272624 0.000000 2.790092
-0.103618 -1.007856 -0.053113
1.215922 0.000001 4.094930
3.316288 0.852413 3.813756
3.316288 0.753235 3.846220
-0.962635 0.233144 -0.291010
-0.103618 1.007856 -0.053113
-0.172888 0.684517 -0.290921
3.924515 -0.226094 4.811916
6.392878 -0.492404 3.034148
6.392878 0.263169 2.967320
6.392878 0.492405 3.034148
6.392878 0.492534 4.837955
6.613054 0.618922 3.164295
6.308890 0.860582 3.576348
6.684875 0.572718 4.641399
6.684850 0.715987 4.498271
6.613042 0.432749 3.047811
6.613029 0.225345 2.975854
6.613598 -0.875490 4.359314
6.613560 -0.948244 4.151783
6.684595 0.210116 3.052737
6.684591 0.008888 3.029963
6.684850 0.715987 4.498271
6.684751 -0.895426 3.934378
6.684715 -0.872851 3.733127
6.344107 0.191311 3.810093
6.680667 0.350678 3.957903
6.344022 0.152812 3.771615
6.680402 0.342083 3.881275
6.681477 0.275704 4.172515
6.681729 0.221425 4.226706
6.309559 0.899748 4.186087
6.309335 0.932731 3.981603
6.309108 0.919588 3.774893
6.684895 -0.383523 4.749227
6.684607 -0.383523 3.119528
6.613624 -0.758501 4.545623
6.684895 -0.383523 4.749227
6.613633 -0.602737 4.701100
6.684875 -0.554943 4.641399
6.684626 -0.554943 3.227356
6.684875 -0.554943 4.641399
6.680607 -0.067771 3.634144
6.680969 0.008888 3.629353
6.682536 -0.066839 4.290292
6.682074 -0.138881 4.266737
6.344426 -0.221196 3.909482
6.344618 -0.227399 3.964784
6.682074 -0.138881 4.266737
6.344618 0.245175 3.964784
6.684875 0.572718 4.641399
6.308523 0.619746 3.242530
0.299393 0.962319 0.146232
0.882682 0.203148 -0.537860
0.818111 0.387967 -0.537848
-0.348928 0.796260 -0.537642
-0.514747 0.692184 -0.537613
-0.204766 -0.987254 -0.363531
-0.188166 -0.959311 -0.453903
-0.204766 -0.987254 -0.363531
-0.164172 -0.843779 -0.537675
-0.348928 -0.779028 -0.537642
-0.188166 -0.959311 -0.453903
0.713872 -0.536451 -0.537830
-0.909892 -0.159206 0.147544
-0.849011 -0.364800 0.147478
0.080008 0.968916 0.146470
4.657108 -1.028835 3.738045
4.540880 -0.931989 3.446285
4.570995 -0.668516 4.707931
4.569192 -0.426041 4.876652
4.504571 -0.927211 4.390590
4.542383 -0.832782 3.189396
4.537097 -0.865065 3.330425
4.485355 -0.887867 3.262010
4.477120 -0.755882 4.614193
4.664558 -0.866164 3.316421
4.748498 -0.981666 3.581882
4.587742 0.139685 4.968699
4.555489 0.084894 4.976710
4.877919 -1.010141 3.664434
4.754376 -0.855069 3.297204
4.418184 -0.930599 4.329365
4.361870 -0.837985 4.463123
4.732380 -0.900159 4.450242
4.434440 -0.256607 4.947843
4.798651 -0.739854 3.192900
4.742180 -0.432791 4.867482
4.776096 -0.833740 4.511725
4.791167 -1.036354 3.873892
4.775361 -1.082128 3.890508
4.641455 -1.087672 3.810478
4.522826 -0.896570 4.431734
4.477120 -0.755882 4.614193
4.455381 -0.501306 4.822611
4.477171 0.144111 2.793048
4.467776 -0.117447 2.783644
4.440223 -0.816985 4.621990
4.664558 -0.866164 3.316421
4.377082 -0.820183 4.605811
4.647576 -0.596353 3.041901
4.698771 -0.980279 4.379579
4.804250 -1.039439 4.219808
4.609259 -0.400174 2.874697
4.590806 -1.066714 3.744744
4.612695 -1.089789 3.996022
4.417763 -0.895512 4.538919
4.677695 -1.050635 4.157507
4.723197 -1.083297 3.982083
4.466895 -0.748421 3.094572
4.559642 -0.574996 2.962527
4.558556 -0.400523 2.870040
4.696090 -0.074771 2.780453
4.888519 -1.076273 4.004859
4.463141 -0.220490 4.953527
4.464843 0.151252 4.968786
4.425713 -0.452442 2.891006
4.809292 -1.024924 3.715498
4.647576 -0.596353 3.041901
4.653911 -0.399894 2.927032
4.532586 0.004365 2.824003
4.524667 -0.293418 2.886844
4.421206 -0.320593 2.836134
4.687405 1.016978 3.723136
4.575629 0.925510 3.441797
4.519431 0.576402 3.029517
4.489680 0.444777 2.933588
4.796531 1.034392 3.908987
4.469642 0.518216 4.828977
4.440220 0.456717 4.856264
4.728172 0.960421 3.518448
4.619996 0.617118 3.060293
4.755645 0.994977 3.631198
4.806833 0.951055 3.478510
4.749371 0.429382 2.934855
4.738665 0.743884 3.164738
4.745253 0.187262 2.848479
4.724148 0.873935 4.486402
4.561755 1.009044 3.795816
4.749988 1.078830 3.735810
4.766047 1.085357 3.901720
4.712361 0.994345 4.347270
4.827506 1.066159 4.061491
4.724553 1.087650 3.828952
4.686998 1.055668 4.160046
4.731291 0.982681 4.217945
4.735305 1.043553 4.140162
4.638231 1.086782 3.985011
4.638121 0.512159 2.985843
4.540164 0.824432 3.190515
4.891358 1.018578 4.097030
4.611792 0.934969 3.333033
4.869826 1.080988 3.797110
4.874876 1.093336 3.964042
4.554174 0.582287 2.970817
4.619434 0.349656 2.883682
4.681731 0.170504 2.801466
4.437658 0.135204 4.971952
4.651990 1.078696 3.803909
4.412854 -0.031324 5.024570
4.619434 0.349656 2.883682
4.566759 0.405665 2.869288
4.742767 -0.979371 3.731362
4.635813 -0.912828 3.472795
4.633656 -0.495830 4.797874
4.593462 -0.901574 4.359237
4.670479 -0.974883 3.972173
4.625329 -1.003654 3.927371
4.720930 -0.956827 3.660168
4.522156 -0.357165 4.868510
4.519672 -0.625136 4.690580
4.533884 -0.781555 4.533234
4.699377 -0.528904 3.035459
4.636665 -0.286546 4.893164
4.465182 -0.786936 3.288414
4.443293 -0.842453 3.407980
4.838249 -0.861685 3.422396
4.595689 -0.971434 3.921111
4.625172 -0.985686 3.925408
4.443668 -0.886062 4.306504
4.595689 -0.971434 3.921111
4.443293 -0.842453 3.407980
4.407206 -0.626649 3.148631
4.799107 -0.522874 3.055795
4.449149 0.096311 2.889194
4.393320 -0.023158 2.880424
4.406804 -0.655385 4.665631
4.388557 -0.379923 4.848333
4.737978 -0.387007 4.831680
4.832825 -0.985400 3.717356
4.617233 -0.985153 3.706665
4.625172 -0.985686 3.925408
4.863946 -1.003127 3.738975
4.763321 -0.943719 3.497950
4.711881 -0.860008 3.355798
4.589807 -0.810999 3.301482
4.590909 -0.856220 3.375317
4.741419 -0.996941 3.974460
4.731392 -0.997577 3.974650
4.593462 -0.901574 4.359237
4.533884 -0.781555 4.533234
4.696852 -0.169461 2.889924
4.522156 -0.357165 4.868510
4.509688 -0.163020 4.947968
4.629172 -0.364551 4.877245
4.633656 -0.495830 4.797874
4.442387 -0.421281 2.963591
4.444582 -0.722149 3.202982
4.512599 -0.327753 4.877820
4.697087 -0.317427 2.935460
4.576818 -0.343855 2.925671
4.629339 0.046896 4.945383
4.731216 -0.186017 4.897200
4.629179 0.904769 3.448159
4.600652 0.949170 4.147225
4.547970 0.815907 4.507271
4.569134 0.789392 3.287745
4.722308 0.897283 4.371306
4.514978 0.423287 4.834093
4.608876 0.272701 4.892165
4.753905 0.902998 4.304589
4.950484 0.962968 4.111086
4.957598 0.986709 3.904070
4.520223 0.220454 4.923256
4.445462 0.867646 3.448866
4.395715 0.321651 2.949576
4.391508 0.618622 3.136522
4.642760 0.381938 4.849235
4.681084 0.875851 4.425106
4.840967 0.989354 4.094313
4.570173 0.332856 2.934257
4.736200 1.001690 3.955518
4.578840 0.772430 3.228980
4.753905 0.902998 4.304589
4.867512 0.999008 3.953469
4.565168 0.575939 3.085790
4.728750 0.978875 3.742006
4.658956 0.952438 4.235152
4.742359 1.002543 4.008236
4.616691 0.971449 4.048506
4.696725 0.183724 2.869621
4.398612 0.074920 4.954975
4.393128 -0.117701 4.933828
4.639759 0.408632 4.864410
4.504029 0.902491 3.463876
4.618130 0.992511 3.752761
4.639759 0.408632 4.864410
4.633937 0.183496 4.953567
4.579899 0.411767 2.970011
4.577626 -0.092414 2.872171
4.570544 0.129016 2.874281
4.580584 0.432236 2.938444
4.776096 -0.833740 4.511725
4.803151 0.160206 2.906821
4.443668 -0.886062 4.306504
4.561696 -0.974545 3.993115
4.754918 0.616132 4.727643
4.784400 0.846475 4.489921
4.809996 0.283960 2.895433
4.807822 -0.340741 2.912314
4.849649 0.875515 3.446865
4.780895 0.739968 3.260579
4.731498 0.123617 4.917875
4.748648 0.411707 4.829991
4.838105 -0.892852 3.401479
4.834219 -1.075637 3.870491
4.414560 -0.399355 4.947711
4.815938 -1.029895 3.873022
4.561110 1.008533 4.005889
4.856002 -1.013736 3.907077
4.938327 -0.985720 3.892179
4.802773 -0.871517 4.358481
4.627210 -0.968457 3.728580
4.426157 -0.799689 4.519998
4.406804 -0.655385 4.665631
4.763321 -0.943719 3.497950
4.736489 -1.015365 3.774636
4.474327 -0.873578 3.396636
4.533884 -0.781555 4.533234
4.516492 -0.481227 4.835666
4.511367 0.056240 4.943756
4.455701 -0.601554 3.077242
4.442387 -0.421281 2.963591
4.562166 0.603363 3.093608
4.522708 0.647697 4.682909
4.520223 0.220454 4.923256
4.840967 0.989354 4.094313
4.578840 0.772430 3.228980
4.562166 0.603363 3.093608
4.578840 0.772430 3.228980
4.460984 0.896180 4.380885
4.455804 0.386907 2.968212
4.449855 0.566322 3.062356
4.742180 -0.432791 4.867482
4.794394 0.446318 3.015382
4.791167 -1.036354 3.873892
4.830667 -1.062727 3.871133
4.815938 -1.029895 3.873022
4.863830 -1.009557 4.034221
4.856002 -1.013736 3.907077
4.628556 -0.985914 4.018656
4.625329 -1.003654 3.927371
1.452417 0.152412 4.317024
1.464686 0.147876 4.294230
1.451614 0.096545 4.247617
1.455149 0.139160 4.241040
2.170875 0.110528 4.733220
2.183798 0.095974 4.712650
2.500494 0.092532 4.860559
1.448673 0.107277 4.323989
2.505331 0.136359 4.854349
2.503461 0.113813 4.857828
1.456873 0.157773 4.287370
1.442595 0.103814 4.289643
1.451470 0.092637 4.297422
2.505897 0.157668 4.850507
1.464686 0.147876 4.294230
2.189201 0.161111 4.702599
2.053776 0.111388 4.675857
1.954509 0.111656 4.624239
2.183798 0.095974 4.712650
2.069751 0.151987 4.646074
1.970480 0.152255 4.594455
1.856498 0.111415 4.570001
1.954509 0.111656 4.624239
2.053776 0.111388 4.675857
2.500494 0.092532 4.860559
1.453071 -0.023318 4.302538
1.440645 -0.023352 4.325698
2.522998 -0.033505 4.828617
1.444427 0.009725 4.297211
2.186422 0.021191 4.718746
2.481645 0.011038 4.885313
1.462873 0.011038 4.308580
1.450418 -0.034784 4.331722
1.454235 0.021191 4.303256
1.463528 0.021191 4.260653
1.744911 -0.034784 4.511744
1.454235 0.021191 4.303256
1.454235 -0.044937 4.303256
1.462873 -0.034784 4.308580
2.512610 -0.044937 4.823822
2.492034 -0.000394 4.890108
2.492034 -0.023352 4.890108
2.481645 -0.034784 4.885313
2.172482 -0.034784 4.741207
1.755852 -0.044937 4.487670
1.870271 -0.044937 4.554756
1.757324 0.011038 4.488577
1.977775 -0.044937 4.566542
2.077257 -0.044937 4.618236
1.870271 0.021191 4.554756
1.755852 0.021191 4.487670
2.067944 0.021191 4.660826
1.968464 -0.044937 4.609133
1.870271 -0.044937 4.554756
1.968485 0.011038 4.609145
2.067766 0.011038 4.660744
1.758484 -0.114938 4.482488
1.463896 -0.111597 4.302747
1.454562 -0.105318 4.249179
2.486634 -0.161200 4.872098
2.192202 -0.169984 4.704062
1.762270 -0.160057 4.475445
2.506415 -0.122664 4.859378
1.445549 -0.112666 4.291193
1.746262 -0.119524 4.505300
1.859454 -0.120367 4.571544
1.463403 -0.094179 4.256956
2.503429 -0.101390 4.862145
2.496074 -0.149822 4.878660
2.508306 -0.145202 4.855860
2.512477 -0.094075 4.820141
2.195756 -0.097555 4.672206
2.060515 -0.165460 4.670361
1.961250 -0.165731 4.618742
1.875461 -0.160901 4.541688
2.192202 -0.169984 4.704062
2.068958 -0.115754 4.654594
1.969689 -0.116025 4.602973
2.073758 -0.170869 4.646072
1.957464 -0.120611 4.625784
2.056730 -0.120340 4.677403
2.508892 -0.166504 4.851982
2.980280 0.047927 4.864087
2.980280 -0.091701 4.864087
2.858063 -0.051212 5.640716
2.858063 0.007438 5.640716
2.860766 0.438320 5.382034
2.918494 0.440713 5.392102
2.860766 0.438320 5.382034
2.918494 0.440713 5.392102
2.860766 -0.438320 5.382034
2.849929 -0.307050 4.654461
1.507981 -0.263680 4.254956
1.694296 -0.248295 4.352621
2.152445 -0.346634 4.544966
1.712225 -0.213795 4.310092
1.845022 -0.212633 4.372436
2.013782 -0.282093 4.501466
1.919929 -0.254768 4.461654
2.013782 -0.282093 4.501466
2.152445 -0.346634 4.544966
1.245704 -0.208285 4.120866
1.268638 -0.190197 4.090729
1.185621 -0.001202 4.095146
1.694296 0.248295 4.352621
1.826300 0.244062 4.418338
2.953526 0.333336 4.890967
2.804978 0.443332 4.789266
1.525334 0.225961 4.217609
3.074175 0.242752 4.883535
3.180520 0.088706 4.929786
1.354804 0.225181 4.132413
1.195036 0.058650 4.100241
3.156604 0.150498 4.918962
3.122020 0.200963 4.904552
1.185621 0.001202 4.095146
1.185501 0.000000 4.095053
-0.104060 -0.648535 -0.290921
1.781762 -0.285521 4.399634
1.804938 -0.277932 4.400398
3.165617 -1.061031 3.803346
-0.238369 -0.766285 -0.284606
2.999372 -0.842274 4.454502
3.021540 -1.004307 4.134955
0.551908 -0.881780 -0.100061
3.316288 -0.949603 3.443168
-0.799000 -0.331061 0.653996
2.851323 -0.683888 4.621462
1.016594 -0.263447 -0.290921
0.185882 -1.011288 -0.166398
3.106696 -0.057141 4.898302
3.134497 -0.878164 3.281524
3.190969 -0.887864 3.336788
3.063972 -0.860123 3.192662
-0.801950 -0.587761 -0.154674
3.151829 -0.733480 3.045078
3.205764 -0.680188 3.004170
-0.894315 -0.073129 0.465528
-0.887462 -0.065179 0.452229
2.852852 -0.553367 4.684805
2.156017 -0.369295 4.543739
2.963812 -0.153754 2.672770
3.079208 -0.937761 4.298795
3.160430 -0.826228 4.556727
2.856315 -0.918120 3.665968
2.614990 -0.553993 4.605886
3.190029 -1.042110 3.831521
3.316288 -1.031348 3.678575
3.316288 -0.977120 3.544419
1.057761 0.000000 0.155439
1.059288 0.000000 0.095611
-0.588346 -0.752464 -0.290921
2.985689 -0.561515 2.919582
0.727484 -0.717347 -0.290921
0.836913 -0.602996 -0.290921
2.893731 -0.679194 3.040782
3.240646 -0.956899 3.425395
3.316288 -0.866214 3.286440
3.316288 -0.736707 3.146141
3.101855 -0.948234 4.262990
2.961360 -0.873133 4.290543
2.829491 -0.788772 4.450692
2.952265 -1.011559 3.842737
2.988605 -1.027350 3.818345
1.671638 -0.225820 4.318151
3.207542 -0.247927 2.748241
1.044827 -0.298754 -0.171669
2.387815 -0.759298 2.846385
1.327317 -0.323563 4.101171
1.342804 -0.310803 4.129390
2.730916 -0.669660 2.938352
3.073176 -0.999196 4.017879
3.080156 -0.999041 3.992021
0.505784 -0.891989 0.259457
2.456185 -0.816773 4.324728
3.039763 -0.334974 2.708395
3.025270 -0.381197 2.724770
3.255707 -0.791270 3.145266
3.316288 -0.274392 4.864914
2.846515 -0.751264 4.587688
2.830257 -0.699722 4.593450
3.113708 0.000000 2.721751
3.261934 -1.056181 3.756075
2.719567 -0.975051 3.798783
1.237970 -0.098478 4.101889
2.801324 -0.597184 4.631226
2.851759 -0.064919 2.656971
2.785520 -0.021114 2.649929
3.316288 -0.315234 2.833137
3.106055 -0.301096 4.882583
3.046942 -0.695258 4.632465
1.291880 -0.299553 4.033555
1.349509 -0.347977 4.038816
1.334969 -0.203444 4.147648
-0.825137 -0.583435 -0.025862
3.175271 -0.103815 4.950579
3.118809 -0.193495 4.915878
3.316288 -1.031348 3.678575
2.846300 -0.552300 2.898353
2.795292 -0.544241 2.848440
0.910632 -0.494666 -0.290921
2.885804 -0.849296 4.284986
1.469411 -0.166341 4.191212
2.671051 -0.676139 2.911653
2.946523 -1.024291 4.007172
3.103775 -0.689219 4.672347
3.166373 -0.706576 4.675153
0.171290 -1.010032 0.006653
2.742286 -0.963959 3.773922
2.981053 -0.980238 3.617554
2.732657 -0.612238 2.879182
2.866986 -0.956676 3.399611
2.877213 -0.974288 3.344504
3.197036 -0.824130 3.208673
2.956141 -0.616598 3.006873
2.736033 -0.927342 3.503008
2.684766 -0.941732 3.526671
1.315414 -0.154872 4.120735
0.992648 -0.434006 -0.016231
2.719385 -0.366219 2.540094
2.660788 -0.352522 2.501776
3.261014 -0.295918 2.816666
3.230920 -0.230907 2.783138
3.134776 -1.049569 3.896438
2.952145 -0.706934 3.058579
2.951063 -0.573400 2.956158
3.316288 -0.949603 3.443168
3.237415 -0.972506 3.469739
3.281971 -0.088784 2.818049
2.904337 -0.986784 3.758771
2.806708 -0.963553 3.773073
1.112281 -0.076096 -0.097066
1.086090 -0.095049 -0.120388
3.062435 -0.659822 3.040353
3.069750 -0.619912 2.986663
2.457218 -0.378250 4.603066
2.667799 -0.537884 4.636228
2.732216 -0.558031 4.655600
3.109419 -0.987159 3.404436
2.878967 -1.026544 3.935866
3.123796 -0.723834 4.662518
2.931722 -0.383525 4.810245
3.211288 -0.808267 3.205302
2.009630 -0.947953 3.685764
1.187417 -0.013106 4.077013
2.900226 -0.803448 4.484493
2.931340 -0.813407 4.478283
-0.497119 -0.874931 -0.142201
0.521705 -0.902302 -0.127471
3.231713 -1.065759 3.869241
2.969893 -0.848209 4.368256
2.935804 -0.812025 4.411931
3.113436 -0.854329 3.243381
2.032972 -0.449851 4.411072
2.881390 -1.018544 4.034062
2.872669 -1.024237 3.998275
0.640252 -0.771894 -0.290921
0.640252 -0.771894 -0.290921
3.033125 -0.434575 2.805409
3.016710 -0.500772 2.852040
-0.873491 -0.185283 0.450834
2.505878 -0.817939 4.359388
2.889457 -0.705202 3.047150
0.959843 -0.495973 0.008851
2.919974 -0.639008 3.026137
2.907668 -0.548725 2.875086
0.996423 -0.444030 -0.003970
2.934605 -0.679889 3.023116
1.954981 -0.407152 4.408510
2.875175 -0.512158 4.715608
2.915845 -0.522431 4.696810
3.316288 -0.863846 4.405900
2.524005 -0.944199 3.246000
1.281601 -0.095704 4.116142
0.567434 -0.865331 0.525375
3.167381 -0.836966 4.534755
0.655610 -0.814842 -0.193907
3.316288 -0.452528 4.796798
3.200917 0.000000 2.718874
3.061259 -0.801967 4.500415
1.301734 -0.195809 4.133258
2.976341 -0.128741 2.699042
-0.303369 -0.958244 0.067623
2.073263 -0.274834 4.510049
2.905085 -0.185713 2.623747
3.081993 -0.401707 2.757360
3.191948 -0.317238 4.891612
2.142192 -0.977844 3.557076
2.078585 -0.962894 3.518876
0.452749 -0.889229 0.268656
2.772662 -0.573530 4.616694
-0.781487 -0.584144 0.303334
-0.753067 -0.610984 0.220938
3.085880 -0.224382 4.904678
1.064425 -0.098669 0.099610
2.838524 -0.867337 4.233404
0.928431 -0.557633 0.050255
2.919211 -1.011665 4.011444
2.058871 -0.306909 4.505392
2.070777 -0.331147 4.507740
2.768330 -0.649988 2.932014
2.767209 -0.623704 2.923023
2.729464 -0.955012 3.755910
3.159983 -0.297616 4.916027
3.100856 -0.954691 4.215558
2.989702 -0.652855 3.005446
3.116027 -0.222270 4.913699
2.780769 -0.847988 4.222150
2.797543 -0.876616 4.207393
0.472277 -0.884007 0.285879
2.488365 -0.765603 2.922036
2.846074 -0.910036 3.627023
3.172356 -0.972397 3.418418
0.212337 -1.011501 -0.136979
2.645518 -0.470154 4.677193
2.689873 -0.409395 4.670168
2.849354 -0.488933 4.724840
-0.718374 -0.656742 -0.290921
2.890185 -0.929428 3.605333
2.883959 -0.957489 3.591929
-0.779525 -0.641326 -0.176454
2.367590 -0.365465 4.579216
3.283810 -0.063728 2.815682
2.807948 -0.420224 2.616868
2.846903 -0.945903 3.520167
1.276243 0.000000 4.096729
1.292766 -0.032384 4.089949
2.845959 -0.475746 2.701613
2.967831 -0.398602 4.806846
2.921889 -0.420820 4.799356
2.992888 -0.427938 4.808739
2.038565 -0.314101 4.508982
3.174403 -0.509036 2.911358
3.058231 -0.986416 3.394483
2.714053 -0.707999 2.981364
3.044622 -0.387789 2.727699
-0.466722 -0.803048 0.270185
-0.393361 -0.842217 0.286211
-0.799275 -0.623455 -0.033940
2.895789 -0.962838 3.660715
2.897147 -0.972192 3.717812
2.142245 -0.376812 4.526571
2.201269 -0.366383 4.546188
1.631411 -0.250443 4.318235
1.614859 -0.226681 4.284093
-0.550577 -0.830408 -0.142660
0.569919 -0.858168 0.339699
3.143281 -0.986240 3.452092
3.167005 -0.975149 3.461709
2.720201 -0.681792 2.935161
2.864327 -0.960826 3.546674
2.846903 -0.945903 3.520167
0.146064 -0.998009 0.023202
2.899289 -0.413658 2.693602
2.715940 -0.937593 3.465849
2.692399 -0.939369 3.434806
3.120677 -0.284144 4.895492
3.150626 -0.326675 4.883365
2.153131 -0.956102 3.752949
2.705696 -0.935676 3.694797
2.734437 -0.936370 3.749266
2.895501 -1.012978 3.984256
2.045423 -0.953383 3.694635
2.881925 -0.552672 2.912908
1.063847 -0.271378 -0.203977
-0.886391 -0.213280 0.404816
-0.909054 -0.168386 0.369789
-0.873638 -0.175674 0.422640
1.512069 -0.180554 4.216400
2.577953 -0.941632 3.393189
2.834738 -0.511812 4.708058
2.827582 -0.538064 4.697073
2.716685 -0.944742 3.503203
2.725627 -0.947086 3.492083
3.227879 -1.037500 3.688290
-0.775278 -0.383730 0.745580
2.975771 -0.658595 3.014488
3.234369 -0.362170 4.857775
2.715628 -0.960266 3.739856
3.158551 -0.512360 4.779613
2.915116 -0.797220 4.447188
3.079983 -0.407167 4.823388
3.109157 -0.400272 4.842628
3.311074 -0.909980 4.293671
2.815226 -0.843112 4.231650
2.645518 -0.470154 4.677193
2.661365 -0.482444 4.667154
0.558295 -0.857900 0.498783
-0.914852 -0.149305 0.341173
-0.919186 -0.102186 0.336272
3.271895 -0.954796 4.281830
3.298237 -0.946208 4.283217
2.985948 -0.995786 3.681955
2.871483 -1.006395 3.905348
2.857899 -0.933110 3.636074
2.846074 -0.910036 3.627023
-0.240590 -0.965040 0.060864
2.857899 -0.933110 3.636074
1.756078 0.000000 1.716210
1.826525 0.000000 1.810259
1.607773 -0.260644 4.302361
2.946693 -0.561443 2.916147
3.316288 -0.770040 4.528752
2.877820 -0.288558 2.599581
2.893965 -0.288352 2.618644
1.059964 0.000000 -0.268741
3.156146 -0.946780 4.304991
1.041991 0.000000 -0.283425
3.316288 -0.736707 3.146141
3.316288 -0.866214 3.286440
2.219622 -0.354890 4.557146
3.184843 -0.050414 4.966216
3.188600 0.000000 4.966899
3.107071 0.000000 2.724640
1.013469 -0.406881 -0.055862
2.773266 -0.428699 2.605490
1.046567 -0.183816 0.086643
1.048204 -0.212209 0.079551
2.837775 -0.871183 4.203398
2.856478 -0.881764 4.224142
3.215264 -0.390293 4.857505
1.069147 -0.105959 0.085504
1.064417 -0.123493 0.065797
0.902514 -0.598750 0.031969
2.843493 -0.780205 4.474486
2.886310 -0.157987 2.640505
3.054974 -1.000764 4.135207
3.093448 -0.983299 4.167199
2.117436 -0.939504 3.748572
1.080901 0.000000 0.043590
1.101253 0.000000 -0.022269
3.224392 0.000000 2.742576
3.251068 0.000000 2.756114
2.891111 -0.438445 2.700233
-0.903093 0.000000 0.351333
3.166175 -0.549902 4.763501
3.251509 -0.804740 3.168715
3.276042 -1.011995 3.785599
3.316288 -0.972362 3.773571
2.946693 -0.561443 2.916147
2.894314 -0.565509 2.937433
2.788586 -0.935594 3.462827
3.075989 -0.981709 4.154533
2.740182 -0.955920 3.783147
-0.922784 0.000000 0.318154
3.194783 -0.531697 2.937083
2.898526 -0.436065 2.721497
2.867792 -0.436847 2.678943
2.628018 -0.951464 3.393587
1.234060 -0.087649 4.106214
3.021540 -1.004307 4.134955
3.012024 -1.015708 4.109142
2.763106 -0.616718 2.899639
2.525821 -0.937342 3.231795
0.505002 -0.871365 -0.290921
3.070865 -0.840285 4.477935
2.827854 -0.455746 2.684803
1.234060 -0.087649 4.106214
1.249759 -0.073618 4.096744
2.473265 0.000000 2.420741
1.186292 0.000000 4.074750
3.272624 0.000000 2.790092
-0.922354 -0.011235 0.345872
-0.912117 -0.025692 0.348616
-0.919385 0.000000 0.324986
3.316288 -0.753234 3.846221
3.316288 -0.674913 3.918455
3.316288 -0.826408 3.819870
3.316288 -0.852413 3.813769
3.298237 -0.946208 4.283217
3.271895 -0.954796 4.281830
3.098056 -0.967927 4.194359
3.127152 -0.961905 4.222437
0.019656 -1.022602 -0.054894
-0.020298 -1.016841 -0.045294
-0.252930 -0.952752 -0.270676
0.119909 -1.016815 -0.110423
0.145227 -1.015819 -0.146492
0.427604 0.878161 2.417245
1.804938 0.277932 4.400398
0.184292 0.752059 -0.290921
-0.473516 0.847439 -0.290921
2.999372 0.842274 4.454502
3.085459 0.976313 4.188566
1.738262 0.382140 4.272824
2.097479 0.508617 4.366174
-0.799000 0.331061 0.653996
2.851323 0.683888 4.621462
1.030973 0.076393 -0.290921
0.174717 1.006418 -0.194660
3.106696 0.057141 4.898302
3.134497 0.878164 3.281524
3.063972 0.860123 3.192662
-0.801950 0.587761 -0.154674
3.205764 0.680188 3.004170
3.151829 0.733480 3.045078
-0.887462 0.065179 0.452229
-0.894315 0.073129 0.465528
2.852852 0.553367 4.684805
2.186699 0.315044 4.536586
3.096497 0.878297 4.438279
3.090172 0.963957 4.243267
2.822553 0.334211 2.587208
0.281079 0.936954 0.215131
-0.889838 0.468563 -0.004059
-0.909835 0.449427 -0.041718
3.190029 1.042110 3.831521
3.316288 1.031348 3.678575
1.057761 0.000000 0.155439
2.268167 0.939952 2.990704
2.352226 0.956697 3.033578
3.001693 0.627154 2.999710
0.727484 0.717347 -0.290921
2.893731 0.679194 3.040782
3.316288 0.866214 3.286440
-0.702971 0.558500 0.735286
3.101855 0.948234 4.262990
2.819276 0.771764 4.423089
3.032185 0.344791 4.859383
2.991280 0.369724 4.839731
2.988605 1.027350 3.818345
1.713783 0.237317 4.356175
3.247340 0.263624 2.785846
1.478626 0.342172 4.202271
1.454811 0.336098 4.172154
2.387815 0.759298 2.846385
1.342804 0.310803 4.129390
1.360611 0.322387 4.080845
2.730916 0.669660 2.938352
3.074746 1.006285 3.965130
0.478287 0.873959 0.265909
-0.775441 0.315112 0.877980
-0.760303 0.513570 0.776803
2.873878 0.787495 4.513687
3.250869 0.777042 3.099193
2.800004 0.950319 3.220261
2.830257 0.699722 4.593450
1.226242 0.174796 4.099307
3.130124 0.000000 2.721257
3.220463 1.046602 3.700188
2.716667 0.968746 3.773751
-0.286057 0.937671 -0.290921
2.652647 0.944739 3.635877
0.449625 0.884843 2.412179
3.015260 0.856740 3.188744
3.316288 0.315234 2.833137
2.400098 0.437062 4.597136
2.966786 0.705382 4.596066
1.048470 0.159087 0.145665
1.329268 0.318999 4.046132
1.363969 0.229092 4.175561
3.316288 0.452528 4.796798
3.051069 0.791337 4.488083
3.245072 0.675649 3.007556
3.251060 0.628878 2.978526
2.846300 0.552300 2.898353
1.387904 0.154833 4.139070
1.469411 0.166341 4.191212
1.194183 0.050475 4.071914
-0.609430 0.772790 0.138860
-0.662476 0.720546 0.162025
2.846663 0.522072 2.845660
3.316288 0.274392 4.864914
2.797054 0.980239 3.805473
2.740182 0.955920 3.783147
-0.926183 0.180772 0.327932
-0.861378 0.215171 0.511928
3.068584 0.927386 4.311381
2.941213 0.956308 3.351399
1.496449 0.259899 4.231080
1.444718 0.243605 4.198885
2.956141 0.616598 3.006873
2.684766 0.941732 3.526671
1.039105 0.337512 -0.067755
3.125502 0.364570 2.750207
3.170951 0.366354 2.787914
3.261014 0.295918 2.816666
2.947826 0.653861 3.037993
2.952145 0.706934 3.058579
2.988104 0.660235 3.035189
2.942687 0.576689 2.928253
0.119684 0.980829 0.649921
0.119443 0.986848 0.689231
1.054128 0.262805 -0.110588
2.806708 0.963553 3.773073
2.677472 0.562803 4.600008
-0.194608 0.989531 -0.042333
-0.091214 1.003014 -0.031813
2.340113 0.444590 2.460336
2.716306 0.571019 4.627186
3.240130 0.553256 2.937900
2.903812 1.035291 3.926596
2.878967 1.026544 3.935866
2.676689 0.803490 4.321212
3.211288 0.808267 3.205302
3.122617 0.745192 4.622274
1.176182 0.038326 4.067016
2.820993 0.466070 4.733605
2.931340 0.813407 4.478283
1.478745 0.351336 4.128613
1.561505 0.378610 4.166767
1.411869 0.342154 4.086213
0.457899 0.943217 -0.151851
3.113436 0.854329 3.243381
1.382756 0.282335 4.158956
0.453283 0.942616 -0.101689
3.031264 1.041038 3.780630
2.309252 0.515933 4.499923
1.029445 0.315728 -0.045934
3.086866 0.843216 4.476288
0.640252 0.771894 -0.290921
1.350939 0.285421 4.136959
2.728868 0.258826 2.551679
-0.866050 0.183248 0.473803
-0.873491 0.185283 0.450834
2.706127 0.928294 3.643799
2.427678 0.470690 2.556324
0.959843 0.495973 0.008851
2.945764 0.498657 2.835376
2.758371 0.779088 4.377676
3.240996 0.409563 2.852871
2.974195 0.514197 2.884748
-0.921890 0.197690 0.351275
0.115335 1.013749 0.018395
1.211928 0.075503 4.090132
2.837775 0.871183 4.203398
2.699773 0.237191 2.560574
2.981073 0.923839 4.249787
3.087749 0.469059 4.767541
3.114120 0.428629 4.804703
3.152594 0.560600 4.742239
3.179193 0.595967 4.734120
3.068057 0.836623 4.451236
2.976341 0.128741 2.699042
3.026902 0.109981 2.716147
2.180027 0.529064 4.388049
1.988414 0.314533 4.482824
3.103514 0.285583 2.728505
2.890810 0.794476 4.472095
2.869125 0.805310 4.441190
3.100527 0.383267 4.845676
3.067852 0.754229 3.078484
1.392068 0.216155 4.202389
3.158659 0.720868 4.656310
0.418489 0.889030 0.234008
2.813300 0.613051 4.615648
3.098686 0.135158 4.912171
0.725580 0.797382 0.064561
3.131324 1.020230 3.923340
2.858809 0.616461 4.635234
1.054814 0.173875 0.093775
1.046567 0.183816 0.086643
2.898526 0.436065 2.721497
2.885514 0.461050 2.738169
2.860913 0.860731 4.241703
1.076866 0.000000 0.052418
1.062081 0.000000 0.077595
0.928431 0.557633 0.050255
2.352950 0.402030 4.589957
3.075079 0.858066 4.428461
2.972908 0.639363 2.993102
2.951737 0.640714 3.030470
2.781608 0.967090 3.746465
2.758866 0.963912 3.751113
2.729464 0.955012 3.755910
3.187207 0.964441 4.263496
0.401833 0.895635 0.420064
0.368862 0.911581 0.442423
3.023134 0.974412 3.402355
3.060530 0.978804 3.428920
2.989702 0.652855 3.005446
3.137337 0.202774 4.915702
3.132758 0.259347 4.903495
2.797677 0.770482 4.411258
3.095753 0.789046 3.106801
3.083266 0.877992 4.397914
2.754207 0.561902 4.648260
2.970033 0.870868 3.193305
2.870985 0.380713 4.779273
2.886427 0.394035 4.775876
2.867406 0.459823 4.758534
-0.912117 0.025692 0.348616
-0.779525 0.641326 -0.176454
3.245399 0.170819 4.931111
2.953469 1.042101 3.900383
2.864327 0.960826 3.546674
2.751534 0.956314 3.207997
-0.878303 0.207768 0.464522
3.018950 0.444161 4.801729
3.240583 0.426831 2.873191
2.894179 0.964463 3.360154
2.778880 0.447004 2.637353
2.955999 0.518878 2.876894
3.058867 0.294451 2.709789
0.905287 0.724148 0.815707
0.928136 0.632814 0.640137
1.244735 0.058485 4.099817
-0.590158 0.793524 -0.011004
2.714053 0.707999 2.981364
1.931706 0.277211 4.469866
3.086158 0.873946 3.259353
3.100143 0.920120 3.289470
0.184164 0.956590 0.273674
2.340421 0.522294 4.520290
2.706843 0.449291 4.689428
2.201269 0.366383 4.546188
2.941281 0.730683 4.588832
1.107950 0.000000 -0.148974
1.631411 0.250443 4.318235
3.011772 0.773008 3.108648
2.893728 0.788644 4.419981
-0.579492 0.818857 -0.022481
2.869516 0.956702 3.576143
2.888413 0.954964 3.573066
2.864327 0.960826 3.546674
0.146064 0.998009 0.023202
2.898065 0.480513 4.736731
1.245379 0.122415 4.111383
3.316288 0.274392 4.864914
2.736658 0.947105 3.479913
-0.782252 0.583564 0.176830
-0.810156 0.573172 0.150016
2.881925 0.552672 2.912908
2.874043 0.559860 2.879201
2.931532 0.482857 4.750473
2.944311 0.500493 4.737966
2.655950 0.943994 3.446001
2.834738 0.511812 4.708058
2.827582 0.538064 4.697073
2.716685 0.944742 3.503203
3.227879 1.037500 3.688290
-0.775278 0.383730 0.745580
-0.777195 0.353186 0.790261
3.236758 1.049712 3.898211
3.023864 0.418386 4.819696
2.736605 0.467144 4.693893
2.311791 0.473983 2.474253
2.170115 0.392319 4.530560
3.053205 0.413572 4.828029
3.316288 1.064015 3.833531
3.257025 1.056727 3.799566
3.084201 0.870983 4.442317
1.036461 0.285204 -0.057293
1.997952 0.384435 4.468023
1.973624 0.367933 4.458371
1.107481 0.000000 0.341315
2.904343 0.658359 3.035591
-0.924982 0.033445 0.324627
2.475150 0.777231 2.914752
2.931912 0.963140 3.597410
3.070865 0.840285 4.477935
1.756078 0.000000 1.716210
1.826525 0.000000 1.810259
2.414005 0.403248 4.602571
2.381928 0.408240 4.604475
2.273098 0.463655 2.437973
2.877820 0.288558 2.599581
2.870620 0.309518 2.604476
2.893965 0.288352 2.618644
-0.912117 0.025692 0.348616
1.059964 0.000000 -0.268741
3.127152 0.961905 4.222437
1.041991 0.000000 -0.283425
3.316288 0.866214 3.286440
3.316288 0.736707 3.146141
2.222588 0.333160 4.539790
3.021790 0.535851 2.912967
1.054814 0.173875 0.093775
3.067155 0.771093 3.113484
2.767530 0.562341 4.656837
3.037309 0.748461 3.088499
3.256812 0.757787 3.091827
2.903104 0.943005 3.595664
2.888413 0.954964 3.573066
2.846756 0.508971 4.727684
1.068344 0.053466 0.072962
1.051642 0.132221 0.107381
1.793263 0.307512 4.392335
3.054974 1.000764 4.135207
3.093448 0.983299 4.167199
1.080901 0.000000 0.043590
1.101253 0.000000 -0.022269
1.426369 0.227189 4.211324
2.889898 0.545509 2.872929
1.141631 0.000000 0.451333
-0.588346 0.752464 -0.290921
1.066687 0.086725 0.080848
1.349253 0.000000 1.038519
1.108933 0.000000 -0.145964
3.166175 0.549902 4.763501
3.181016 0.583658 4.755523
2.946693 0.561443 2.916147
0.184252 0.999656 -0.227750
0.672186 0.827829 0.043140
2.740182 0.955920 3.783147
0.191723 0.982474 -0.270453
-0.781682 0.585107 0.147295
2.725627 0.947086 3.492083
2.950024 1.043248 3.913663
3.093448 0.983299 4.167199
3.194783 0.531697 2.937083
3.035281 0.440877 4.807189
2.693934 0.947034 3.509951
2.867792 0.436847 2.678943
2.898526 0.436065 2.721497
3.021540 1.004307 4.134955
3.000940 1.014624 4.086045
1.336940 0.237153 4.159842
2.827854 0.455746 2.684803
1.249759 0.073618 4.096744
1.234060 0.087649 4.106214
2.900254 0.561527 2.896253
3.286488 1.018316 3.763978
1.030474 0.000000 -0.290921
-1.003245 0.000000 -0.273944
-1.011325 0.000000 -0.245412
1.356518 0.000000 1.053752
-0.917716 0.000000 0.325856
3.158443 0.000000 2.720938
3.316288 0.753234 3.846221
3.316288 0.826408 3.819870
3.316288 0.852413 3.813769
3.316288 0.852501 3.813761
3.271895 0.954796 4.281830
3.232962 0.966882 4.273429
3.092508 1.006087 4.139772
0.019656 1.022602 -0.054894
-0.020298 1.016841 -0.045294
-0.255748 0.826899 -0.290921
-0.259578 0.870563 -0.290921
0.145227 1.015819 -0.146492
0.174717 1.006418 -0.194660
3.270457 -0.939986 4.191483
3.270457 -0.854704 4.438124
4.026452 -0.850229 4.483717
3.517623 -0.649628 4.557885
6.392878 -0.867984 3.414259
4.166630 -0.993857 3.790159
4.084770 -0.936098 4.319498
3.513197 -0.459210 4.701159
3.991010 -0.225772 3.004220
4.066003 -0.837274 3.542517
3.557801 -0.650342 3.257291
3.992064 0.000000 2.974077
3.562392 -0.460094 3.108704
3.982534 0.000000 4.924514
3.983654 -0.249359 4.900246
6.392878 0.000000 2.941064
4.026452 -0.850229 4.483717
4.143197 -0.909994 4.039679
3.510534 -0.238188 4.787362
4.131057 -0.881862 3.674639
4.084770 -0.936098 4.319498
4.147893 -0.969453 3.657419
3.270457 -0.242590 4.852438
6.392878 -0.960585 3.673454
3.564188 0.526653 3.050557
4.026452 0.850229 4.483717
3.521195 0.856521 4.442242
6.392878 0.698455 3.218405
6.392878 1.008066 3.936057
4.084770 0.936098 4.319498
3.551909 0.796529 3.448024
3.514928 0.690127 4.645118
3.991010 0.225772 3.004220
3.987895 0.436811 3.092283
4.066002 0.837274 3.542517
4.008043 0.755115 3.389676
3.537693 0.919636 3.908204
3.530341 0.888025 4.146189
3.557801 0.650343 3.257291
3.562392 0.460094 3.108704
3.567745 0.276051 2.935412
4.026452 0.850229 4.483717
6.392878 0.263169 2.967320
4.084770 0.936098 4.319498
6.392878 0.960799 4.199045
4.110250 0.923513 3.513293
4.147893 0.969453 3.657419
6.392878 0.867984 3.414259
6.392878 0.960799 4.199045
3.270457 0.717012 3.238037
3.270457 -0.956692 3.685313
3.270457 0.526058 3.049824
3.270457 -0.673002 4.621038
2.972254 -0.433049 4.705364
3.270457 -1.006033 3.940177
3.270457 -0.480291 4.790505
6.345618 -0.089104 4.187336
6.344511 -0.041461 3.731604
6.344139 -0.090083 3.744806
6.344426 0.238971 3.909482
6.345383 0.152108 4.158738
6.345618 0.106879 4.187336
6.308393 0.449939 3.123923
6.308285 -0.153228 3.026427
6.308350 -0.351831 3.085237
6.310264 -0.240146 4.827788
6.310301 -0.035694 4.860972
0.030381 -0.865603 -0.537709
-0.348928 0.796260 -0.537642
-0.164172 0.861011 -0.537675
0.575507 -0.674952 -0.537805
0.409689 -0.779028 -0.537776
0.224934 -0.843779 -0.537743
1.460942 0.102741 4.301195
1.464686 0.147876 4.294230
2.495852 0.147774 4.847787
1.452417 0.152412 4.317024
2.505897 0.157668 4.850507
2.494040 0.011038 4.862138
2.496074 -0.149822 4.878660
1.449117 -0.155199 4.284554
2.495053 -0.111495 4.856321
2.918494 -0.440713 5.392102
2.712493 -0.301355 4.630493
-0.203187 -0.717486 -0.290921
-0.172888 -0.684517 -0.290921
3.316288 -0.935328 4.283547
3.316288 -0.915195 3.819870
3.316288 -0.889190 3.813769
2.550555 0.000000 2.475781
-0.253721 -0.931371 -0.290921
-0.172888 0.684517 -0.290921
0.130465 0.689752 -0.290921
-0.104060 0.648535 -0.290921
-0.252930 0.952752 -0.270676
-0.918896 0.000000 0.327532
3.083679 1.010679 4.109760
3.987895 -0.436811 3.092283
6.392878 -0.960585 3.673454
3.983654 -0.249359 4.900246
6.392878 -0.263179 4.905248
4.152213 -0.920094 3.918130
3.507575 -0.246872 4.883159
6.392878 -0.960798 4.199045
6.392878 -0.868484 4.457848
6.392878 -1.008066 3.936057
6.392878 0.868485 4.457848
2.972254 -0.218728 4.761205
3586 3672
25 26
61 62
561 563
531 532
13 30
837 838
3 4
544 545
7 8
423 602
75 76
606 607
1284 1285
845 846
842 843
211 215
539 608
899 900
849 850
853 854
1298 1299
1930 2426
847 848
1572 1573
1296 1297
19 22
855 856
1302 1303
214 237
551 560
590 592
145 147
851 852
1934 2430
1931 2427
1304 1305
18 29
1886 2416
1290 1291
484 487
609 610
27 28
445 449
447 513
627 634
16 17
599 600
563 565
648 649
467 494
1825 1826
2696 2697
663 665
395 403
446 514
491 492
1418 1419
694 710
2 10
36 56
31 32
784 785
604 605
1287 1294
529 530
289 290
398 399
583 593
688 799
549 566
578 579
1063 1065
1655 1657
1819 1860
2525 2526
2690 2731
414 598
23 24
781 782
1212 1256
588 618
154 161
587 595
949 950
1519 1539
936 946
433 505
506 507
0 1
576 577
184 185
1075 1076
1668 1669
621 622
138 144
333 352
895 896
421 422
556 562
594 620
903 910
1182 1204
431 432
951 1005
586 616
2522 2551
466 493
155 156
45 48
2614 2621
2708 2709
958 1002
66 67
966 973
1744 1757
960 1004
945 948
2722 2723
818 819
839 844
840 841
1059 1060
1854 1855
955 962
1288 1289
88 89
575 580
943 959
944 957
94 96
130 139
1292 1293
1275 1276
159 221
20 21
1145 1151
942 947
724 804
1912 1924
1903 1904
1873 2417
623 624
279 280
967 971
1546 1547
644 645
428 429
794 798
408 415
697 703
299 302
437 510
1438 1463
328 374
1090 1131
591 619
720 808
1235 1259
2104 2105
2292 2293
157 158
435 438
2575 2588
2686 2725
239 240
409 410
77 78
411 412
655 675
79 80
1035 1044
653 654
187 188
695 791
101 102
1048 1049
1139 1238
2716 2717
107 108
86 87
37 58
379 394
745 746
1140 1141
2617 2618
218 219
1098 1099
405 406
418 601
344 381
1705 1706
522 523
2518 2519
242 243
635 636
755 756
660 661
1144 1234
425 426
625 626
643 978
646 647
303 370
375 376
461 485
501 502
721 752
789 793
1107 1132
407 413
629 630
1055 1062
613 614
416 417
354 355
668 671
282 304
553 554
638 974
628 637
1686 1719
1653 1654
2662 2664
1792 1793
1115 1116
1964 2058
181 241
231 236
468 471
63 64
656 680
451 452
259 261
1222 1223
980 981
419 420
915 916
2523 2595
884 885
1056 1064
1650 1656
120 127
424 603
194 196
750 751
1701 1702
1776 1849
2646 2718
691 701
666 682
543 550
2652 2653
495 496
2536 2538
197 198
2666 2724
2644 2645
478 479
717 748
1774 1775
743 744
440 453
193 195
767 768
765 783
2571 2573
1800 1801
2671 2672
786 787
667 709
334 346
775 823
2710 2715
692 714
276 277
402 404
1815 1816
189 190
1729 1730
2597 2704
179 180
2677 2728
1806 1859
1699 1700
1973 2018
2552 2553
664 679
281 307
427 508
483 497
676 796
1703 1704
696 698
114 117
121 122
83 84
318 319
1648 1649
1207 1208
810 813
1840 1845
1308 1309
938 941
948 949
1091 1225
986 987
474 475
727 728
940 950
632 633
589 617
901 906
2639 2678
728 764
1769 1807
2424 2425
1638 1645
1149 1188
557 558
2663 2664
49 50
2810 2811
2815 2821
2745 2746
2758 2764
2755 3649
2486 3628
2649 2665
2692 2693
1821 1822
349 350
41 44
1663 1836
1897 2420
1876 1880
2772 2775
1925 2423
2771 2786
2796 2797
459 481
1136 1157
1278 1279
1277 1563
1280 1281
1892 2419
2782 2783
1677 1678
1339 1340
1564 1565
1749 1750
2619 2620
1109 1127
69 70
441 442
2121 2135
555 612
1142 1143
1045 1046
792 830
1187 1249
2581 2582
1818 1848
98 100
503 504
1263 1264
5 6
400 401
859 860
329 377
1155 1156
2694 2695
1823 1824
1947 1950
1753 1754
2624 2625
657 669
518 519
1230 1231
877 879
753 759
1205 1206
2505 2506
1173 1211
1184 1185
226 227
443 444
305 306
738 800
1146 1147
749 825
690 699
1716 1837
124 125
1811 1812
2682 2683
596 597
1737 1738
2607 2608
2569 2593
488 489
1176 1248
1781 1852
725 758
192 199
682 684
223 225
718 801
1102 1104
713 714
1709 1710
2579 2580
1119 1232
1689 1690
2561 2562
2655 2667
1180 1192
1785 1796
146 174
2668 2721
33 52
970 1006
109 134
1747 1748
383 385
1174 1175
1218 1224
1779 1780
1193 1194
1797 1798
2688 2689
2532 2552
42 43
1695 1697
123 191
1117 1118
1820 1864
2691 2732
1647 1833
700 701
2558 2559
338 356
216 220
1106 1115
1078 1079
734 735
658 659
1216 1217
1839 1863
1053 1054
2700 2701
1829 1830
2514 2515
1243 1244
361 362
463 464
1088 1128
1097 1113
434 509
2507 2508
498 499
85 97
2654 2673
1179 1198
1784 1802
68 70
909 919
914 921
552 611
1685 1727
59 60
2086 2135
917 920
1167 1168
670 672
480 482
741 742
2600 2601
739 740
358 365
1138 1240
164 165
151 152
723 802
1841 1842
363 368
1693 1698
2565 2570
1639 1643
2509 2513
118 119
115 188
707 708
1541 1543
2360 2384
1534 1535
436 439
1429 1430
335 336
1585 1586
1134 1135
462 515
2365 2446
2358 2361
2385 2388
2392 2449
3596 3612
1646 1664
3576 3670
3620 3678
3675 3676
574 584
776 777
526 527
1479 1481
1331 1370
886 890
1542 1548
1530 1531
3621 3623
1162 1163
1760 1761
2630 2631
760 766
1215 1258
3600 3616
1518 1587
3595 3677
232 238
931 932
1051 1052
3587 3614
203 204
230 233
934 935
2337 2338
953 1003
952 961
2382 2383
1497 1582
1498 1499
2341 2342
3598 3603
857 858
2533 2534
2524 2702
1718 1726
1183 1250
1544 1545
2395 2397
3572 3573
2651 2670
351 353
2366 2389
222 224
2357 2359
3622 3626
2393 2400
1661 1680
2343 2344
3599 3619
1540 1588
904 905
270 271
160 162
937 939
2572 2574
2648 2687
730 731
1778 1817
3624 3627
757 765
864 865
294 295
265 266
1937 1938
1711 1722
2868 2940
780 824
2542 2543
1672 1673
301 330
135 143
1731 1734
1524 1536
1512 1533
3585 3671
1509 1536
1511 1532
1413 1443
1502 1584
2154 2442
40 46
968 969
283 284
1257 1260
2380 2381
1694 1711
956 963
153 217
715 717
1501 1517
148 149
430 433
2675 2676
1804 1805
568 569
537 538
65 66
2550 2594
2390 2391
893 894
1252 1253
1920 1921
1914 1923
685 686
1500 1514
1712 1713
1360 1364
1919 1922
1720 1721
754 820
788 829
313 320
2658 2724
1788 1856
954 964
1895 1906
1872 1879
1875 1889
1911 1927
1813 1814
2684 2685
103 106
1317 1318
1940 1941
1528 1529
2350 2387
2377 2378
572 573
719 726
3610 3611
3582 3584
1513 1515
1827 1828
2698 2699
3602 3610
1527 1537
2347 2352
396 397
1508 1510
3608 3609
2352 2353
95 99
546 564
2369 2370
1506 1583
1662 1685
53 54
1503 1504
872 873
128 200
3594 3674
14 15
2374 2386
2447 2448
883 912
3575 3579
325 326
1219 1261
2194 2195
3579 3590
342 384
1114 1126
311 312
2326 2442
540 543
2530 2531
2398 2399
652 979
2394 2396
298 317
1740 1777
2610 2647
930 933
1221 1262
888 994
490 528
769 817
790 831
465 467
911 913
631 639
965 972
1644 1831
1762 1763
454 460
1732 1741
2602 2611
163 229
244 255
386 392
3580 3669
3604 3605
3583 3604
2556 2557
201 202
2354 2355
1020 1033
1905 2422
1913 1926
1887 1888
247 252
770 816
1665 1666
1152 1268
2656 2661
1181 1186
1786 1791
3625 3679
228 232
234 235
1010 1011
1625 1628
1628 2408
1523 1525
1594 1610
2474 2476
2120 2182
2456 2457
1733 1739
1767 1768
2603 2609
2637 2638
2450 2454
928 929
182 183
2454 2455
2490 2504
476 477
747 814
2628 2629
1758 1759
1122 1123
2349 2351
2376 2379
2512 2547
1642 1676
1148 1150
343 360
683 832
2726 2727
524 525
821 822
570 571
262 263
1629 1630
662 681
132 136
1039 1040
992 993
126 127
1043 1044
1714 1715
1195 1199
1799 1803
2669 2674
1969 1977
1861 1862
1635 1636
2502 2503
1633 1634
520 521
1246 1247
2719 2720
1681 1687
177 178
1755 1780
2626 2650
129 173
1520 1526
2846 2847
811 812
1067 1086
2832 2833
1770 1771
2640 2641
2576 2706
976 977
1310 1312
640 641
1789 1790
2659 2660
293 321
863 866
1101 1121
1254 1255
1100 1120
470 517
722 736
1158 1159
1022 1023
1552 1553
1009 1021
1007 1008
1554 1555
1624 2407
1621 1622
2451 2471
267 268
256 257
2469 2470
2489 3634
2405 2406
253 254
3635 3636
1605 1606
3637 3638
2403 2404
1589 1591
1068 1080
547 548
3224 3340
2711 2712
1160 1161
457 516
1165 1166
1723 1724
2592 2599
826 827
2729 2730
1025 1026
1590 1593
1609 1612
272 273
1613 1614
258 260
2473 2478
1028 1029
2458 2459
245 246
274 275
2452 2453
2460 2488
248 249
2472 2479
2475 2477
1549 1550
1016 1550
2461 2462
1592 1637
1595 1609
1601 1615
1012 1013
1017 1030
1133 1245
1671 1677
2541 2548
642 975
1765 1766
1868 1869
2539 2540
806 807
3434 3435
2196 2260
689 706
1077 1084
1670 1679
47 48
535 536
511 512
1108 1110
2548 2549
861 862
1042 1560
1561 1562
1038 1556
1036 1037
2498 2499
3640 3641
2491 2492
2410 2411
2493 2494
2501 3642
1626 1627
1041 1557
1631 2409
1632 2414
3643 3644
1558 1559
2412 2413
3639 3644
1130 1233
2042 2053
1431 1432
3574 3578
3588 3592
3597 3601
3613 3615
1319 1320
702 704
2587 2589
1808 1809
2679 2680
1756 1838
2627 2707
2586 2598
1521 1538
1328 1346
1213 1214
1403 1404
175 176
1333 1334
2897 2898
3148 3149
3503 3504
1989 2045
2918 3017
3291 3458
2848 2851
902 923
92 93
874 875
90 91
1103 1104
889 999
297 380
2529 2543
1660 1673
2158 2159
364 391
2339 2340
2367 2368
2545 2546
1674 1675
142 167
1505 1507
3606 3607
1667 1835
2585 2596
778 779
2006 2052
12 23
2595 2597
1725 1728
1347 1348
1764 1843
891 892
1169 1170
472 473
38 39
1405 1406
2632 2713
2026 2074
371 372
2520 2521
133 141
1337 1395
2077 2078
341 357
1325 1374
737 809
1956 2080
1202 1203
2996 3194
2590 2591
448 450
1707 1708
2577 2578
1177 1178
1782 1783
1209 1210
1691 1692
2563 2564
1352 1353
1034 1551
673 797
1137 1141
2891 3057
456 469
3248 3288
1072 1073
2834 2837
2839 2840
732 733
2893 2894
1988 2025
1018 1019
1684 1832
2555 2705
51 74
71 73
337 366
1522 1538
1164 1245
1266 1267
3617 3618
2177 2256
926 927
1000 1001
1857 1858
285 291
880 995
1356 1390
2234 2296
3011 3142
2087 2117
286 382
3581 3591
1772 1773
2642 2643
1603 1620
1105 1220
870 997
2371 2372
1111 1112
533 534
559 567
393 394
296 324
763 815
367 378
486 500
9 11
3221 3525
1313 1314
1445 1454
369 370
2844 2845
2835 2836
1414 1415
3254 3334
1640 1641
2510 2511
1425 1482
2200 2215
2887 2888
55 56
771 772
1196 1197
2207 2270
1416 1470
1683 1688
2554 2560
264 269
2181 2274
878 998
882 996
1787 1810
2657 2681
3302 3423
1488 1491
1437 1449
1448 1472
1300 1301
2822 2823
1306 1307
2831 3655
2027 2094
1421 1422
3577 3593
2363 2364
2373 2375
169 172
1742 1743
2612 2613
2307 2308
1335 1399
2789 2790
2784 2785
3328 3356
1751 1752
2622 2623
2800 2818
2769 2791
2804 2805
2801 2814
1071 1093
2155 2156
2744 2763
2046 2085
2237 2270
1321 1322
1736 1844
2606 2714
1486 1487
1980 1981
1846 1847
2345 2346
250 251
1407 1408
2736 2737
1241 1242
1978 2111
693 705
876 887
2907 3050
674 835
1226 1265
208 212
1495 1496
1850 1851
2301 2324
1367 1391
2033 2095
1473 1474
2348 2356
1411 1578
773 774
1200 1201
455 458
3589 3673
2092 2093
57 72
833 834
1865 1866
116 150
2568 2570
541 542
1380 1381
2336 2444
2276 2289
761 762
1190 1191
1794 1795
1124 1125
2112 2113
2029 2067
1483 1484
2178 2179
3138 3139
3491 3492
1389 1391
2535 2544
1329 1330
1440 1469
1358 1383
3485 3524
3243 3442
867 868
678 687
1085 1092
1424 1455
1426 1450
1489 1490
1935 1936
1939 1942
3265 3488
2792 2793
1024 1027
907 908
2787 2788
2761 2762
1171 1172
2759 2760
2794 2795
2816 2817
2819 2820
2756 2757
2812 2813
1050 1083
871 881
2362 2445
2537 2544
2258 2290
2401 2402
2866 3115
3226 3471
2913 3086
1189 1251
1793 1853
1338 1393
2997 3016
2160 2235
3307 3367
1607 1608
1611 1623
3205 3206
2130 2434
1576 1577
650 651
1069 1070
1420 1485
1326 1332
1946 1951
1948 1949
2837 2838
1066 1087
3044 3146
1412 1578
2865 2888
3326 3327
1336 1361
2440 2441
2157 2218
2151 2152
1363 1372
131 171
170 171
1089 1226
3252 3350
898 918
104 105
3333 3359
2221 2230
1604 1617
1427 1428
2969 2970
2228 2254
2036 2070
1465 1466
2013 2111
1492 1493
1323 1324
2149 2150
2583 2584
2860 2963
581 582
585 615
2297 2299
677 795
1082 1228
2870 2935
2017 2109
1991 2005
2922 2937
137 140
3296 3297
1516 1584
205 206
2495 2500
2496 2497
3249 3250
3271 3472
287 388
922 925
3199 3661
359 360
3289 3341
1400 1476
2282 2300
1095 1096
2975 3061
1745 1746
2738 2739
2239 2268
2257 2318
3261 3448
1971 2132
3247 3552
3031 3032
1153 1154
1236 1237
803 828
2937 3114
2993 3008
2103 2129
2291 2322
2173 2174
345 373
3225 3375
1957 2051
1990 2084
2020 2021
2082 2126
2050 2064
2633 2634
2966 2967
2875 2876
3234 3235
3312 3466
1061 1094
331 332
1999 2000
1315 1316
3076 3077
1151 1239
3255 3272
207 210
2124 2433
2186 2325
2216 2267
711 712
988 989
2998 2999
3064 3181
3220 3664
2900 2990
3246 3473
2133 2134
2435 2436
2161 2162
3357 3397
1962 1963
2214 2283
2116 2119
1349 1350
2333 2334
2142 2143
2926 2927
3339 3341
2191 2192
3230 3386
2871 2872
1081 1227
1439 1477
3299 3300
3559 3560
2857 3657
3663 3665
2862 2986
3222 3338
1960 1961
2464 2466
1618 1619
1031 1032
1598 1599
2480 2481
2467 2468
3228 3553
292 310
1975 1996
1600 1616
2482 2483
3027 3028
3054 3055
2065 2066
2252 2253
2931 2932
1014 1015
1596 1597
1602 1603
2958 3003
1417 1457
2235 2248
209 213
2566 2567
2168 2193
2246 2298
3405 3501
322 323
2941 3035
2938 2939
3269 3388
1456 1458
2959 2960
1459 1460
2163 2279
1362 1368
1373 1376
2873 2992
1269 1270
1128 1129
1394 1398
2896 3052
982 983
2976 2977
1966 1967
1944 1945
1972 2054
1734 1735
2604 2605
2211 2212
2930 2945
2987 3085
339 340
3270 3384
185 186
3376 3439
2100 2101
3169 3170
3520 3521
1384 1385
3431 3548
3479 3480
2957 3013
112 113
34 35
110 111
1955 2056
2217 2218
288 314
2973 2974
1983 1998
2850 2853
2849 2854
2954 2965
984 985
1567 1568
2949 3132
2904 3084
1378 1386
1365 1575
3006 3154
2231 2302
2010 2011
3303 3304
2208 2222
327 387
1327 1392
3387 3533
2516 2517
1375 1397
81 82
2287 2288
1354 1355
3022 3136
2153 2183
3309 3310
2885 2976
990 991
2229 2233
2009 2032
2863 3182
2874 3060
3233 3422
3099 3100
2329 2330
3105 3106
1970 2031
2886 2989
3368 3369
2928 2961
3285 3316
3292 3372
897 924
1696 1717
2914 3001
2861 3656
3323 3482
1997 2028
1976 2069
2910 3074
3268 3438
2889 2890
1974 2024
1087 1229
3361 3506
2057 2075
1461 1462
3314 3315
1464 1480
3380 3478
1366 1377
2951 2952
2824 2825
1928 1929
1932 2428
2826 2827
2828 2829
2830 3654
1933 2429
3260 3346
2140 2141
1981 1982
2852 2855
2955 2956
3005 3179
3411 3412
2039 2125
1954 1959
3079 3080
3177 3178
1579 1580
347 348
2145 2146
2147 2148
2431 2432
1359 1388
1409 1410
3570 3571
2175 2219
3317 3318
3277 3457
2007 2038
3242 3497
3373 3374
3282 3355
2204 2309
3301 3523
2484 2485
2487 3631
3293 3294
3335 3383
3231 3441
2943 3089
2463 2465
2919 2920
2320 2321
3545 3546
3476 3495
1433 1436
3632 3633
3337 3420
3166 3167
3518 3519
3266 3267
2277 2281
2059 2060
1995 2123
2176 2224
3186 3187
3543 3544
3023 3071
1343 1351
1965 1968
2978 3073
2089 2090
315 316
3036 3163
3258 3259
2942 3108
2929 3097
2170 2292
2202 2286
1658 1659
2527 2528
2915 2916
2284 2306
3109 3188
3306 3427
1471 1478
3151 3152
2197 2240
2055 2118
3629 3630
3342 3345
3251 3319
3275 3426
3330 3540
2107 2227
3025 3075
3385 3389
1273 1274
3035 3048
1371 1382
3377 3433
2023 2065
3232 3284
1401 1402
1891 2418
2226 2232
3308 3430
716 805
2934 3078
3325 3329
2964 3007
2198 2199
2946 2980
3284 3417
3128 3129
3358 3432
2331 2332
3244 3245
3262 3316
3532 3535
2902 2903
2936 3033
1057 1058
1651 1652
2906 3104
3043 3096
1282 1283
3408 3409
3009 3010
3365 3394
1295 1571
166 168
2864 2988
2040 2041
3019 3195
3273 3378
2905 2962
2044 2102
3370 3371
2210 2275
1569 1570
729 836
1341 1388
3216 3217
2001 2002
3507 3516
3568 3569
2882 2899
1915 1916
2415 2416
2773 2774
868 869
3004 3007
2991 3120
3445 3477
2742 2743
1453 1475
1871 1874
1881 1882
1909 1910
2803 3652
3026 3097
1442 1451
1682 1834
1835 1867
3406 3407
308 309
1311 1574
1942 1943
1952 1953
2841 2842
1958 2003
1423 1434
2171 2172
2169 2190
3281 3666
3563 3564
1344 1345
2245 2304
2165 2166
3119 3175
3213 3214
3566 3567
2220 2264
2269 2303
2083 2115
3211 3212
3449 3510
2238 2247
3239 3505
2088 2437
3172 3201
2981 3069
2074 2131
2925 3030
3072 3185
2971 2972
2203 2261
3321 3322
2016 2097
2034 2035
3098 3168
2869 3053
1047 1074
2892 3141
3094 3095
3263 3264
3344 3351
2014 2049
3068 3070
3295 3462
2867 2920
3227 3276
2881 3021
3364 3436
3347 3443
3529 3530
3063 3155
3024 3165
3399 3415
3352 3366
2979 3133
2983 3102
2994 2995
3343 3440
3382 3522
2004 2128
2933 3020
1435 1468
3065 3066
3286 3493
2950 3192
3324 3402
3287 3446
3379 3450
1907 1908
1870 1883
3456 3464
1899 2421
2271 2272
3453 3454
2223 2439
2127 2278
2244 2280
3037 3101
1369 1379
3047 3124
1396 1467
1444 1467
2236 2285
3121 3122
3489 3512
3229 3532
3090 3091
3444 3475
1992 2099
3363 3455
2136 2137
2908 2909
3414 3508
3515 3526
2062 2114
2164 2186
2209 2245
3311 3401
3117 3160
2019 2037
2884 3137
2031 2098
3018 3171
2985 2986
2615 2616
3398 3494
3219 3517
3392 3393
2241 2242
3381 3510
2947 3092
2251 2265
3313 3348
3290 3547
2923 3183
2879 3111
3238 3468
3056 3110
1451 1452
3067 3196
3058 3059
3565 3668
2315 2316
3033 3046
2201 2314
3463 3551
2266 2273
1357 1371
2015 2108
3403 3404
1494 1495
278 300
3461 3536
3483 3484
2144 2438
2185 2319
2335 2443
2944 3037
3103 3180
1890 1900
1901 1902
1884 1885
1917 1918
3083 3140
1987 2043
3425 3452
2290 2323
3158 3159
3437 3451
3000 3107
3190 3191
3554 3555
2071 2081
2255 2265
2327 2328
3460 3536
3512 3513
2187 2259
1993 1994
3215 3662
2188 2189
3156 3157
3395 3396
3305 3362
3014 3127
2901 3164
3280 3534
2180 2249
3278 3558
3421 3487
3487 3499
2012 2068
2262 2263
3474 3541
2250 2298
1447 1581
1342 1387
3331 3332
3087 3088
3040 3041
3241 3256
3123 3658
3130 3131
3209 3210
3051 3137
3134 3135
1979 2110
2917 3176
3174 3421
2310 2311
2184 2312
2895 3002
2073 2076
3038 3039
3093 3173
3161 3162
2911 2912
1985 1986
3207 3208
3659 3660
3360 3429
3029 3049
2167 2243
2008 2079
2765 2766
2808 2809
2770 3650
2747 3645
2740 2741
2754 3648
2061 2091
2022 2106
1271 1272
2733 2735
2883 3015
2968 3062
3464 3465
3143 3144
3496 3498
3400 3410
1286 1566
3257 3413
2858 2859
3082 3150
3353 3354
3253 3486
3223 3539
2948 3042
3469 3542
3218 3283
2880 3081
3145 3147
3500 3502
3467 3514
3197 3198
3549 3550
2780 2781
2748 2749
3125 3126
2294 2295
3298 3336
3042 3118
1984 2030
2953 2982
3274 3511
2063 2103
2213 2313
3418 3419
2047 2048
3320 3531
2138 2139
2072 2096
2096 2122
3202 3203
3045 3116
3428 3541
2877 2878
3236 3237
3527 3556
2305 2317
3279 3470
3034 3161
1441 1446
3459 3537
3349 3490
1896 1898
2751 2752
2768 2776
2225 2277
2802 3653
2798 2806
2799 3651
2767 2779
3012 3193
3416 3509
3240 3481
3390 3391
3112 3113
2807 3653
2753 3647
2750 3646
2777 2778
1893 1894
1877 1878
3424 3538
2703 2734
389 390
2984 3200
2205 2206
2924 3189
2635 2636
3184 3204
2921 3153
3447 3528
3557 3667
2843 2856
3561 3562
