15390690141137335478 3482 1900
0.054476 -0.284437 3.195604
0.054476 -0.043686 3.195604
0.160501 -0.284437 3.195604
0.160501 -0.043686 3.195604
0.054476 -0.284437 -0.020940
0.054476 -0.043686 -0.020940
0.160501 -0.043686 3.195604
0.160501 -0.043686 -0.020940
0.054476 -0.043686 3.195604
0.054476 -0.043686 -0.020940
0.160501 -0.284437 3.195604
0.160501 -0.284437 -0.020940
2.805728 -0.002752 3.181604
2.805728 -0.002752 -0.031392
2.947610 -0.002752 3.181604
2.805728 -0.002752 3.181604
2.805728 -0.002752 -0.031392
2.947610 -0.002752 -0.031392
2.947610 -0.002752 -0.031392
2.947610 -0.261377 -0.031392
2.805728 -0.002752 -0.031392
2.947610 -0.002752 -0.031392
2.947610 -0.261377 -0.031392
2.805728 -0.261377 -0.031392
0.947290 -0.300001 -0.008496
0.947290 0.149201 -0.008496
1.290183 -0.075400 1.679045
0.947290 -0.075400 0.502731
1.290183 -0.075400 1.679045
0.947290 -0.075400 0.502731
0.947290 -0.300001 -0.008496
0.623818 -0.300001 -0.008496
0.623818 -0.300001 -0.008496
0.623818 0.149201 -0.008496
0.623818 0.149201 -0.008496
0.623818 -0.075400 1.679045
3.000000 -0.300001 -0.008496
3.000000 -0.075400 1.679045
-0.054360 0.149201 -0.008496
2.812984 -0.290972 0.496848
0.135213 -0.312180 0.492097
3.001930 -0.310906 0.504127
3.004555 0.007274 0.493767
1.485825 -0.305254 0.506957
2.972357 -0.036000 0.498033
0.896153 -0.018863 0.772536
0.172386 -0.222907 0.523003
0.135213 -0.312180 0.492097
1.485825 -0.305254 0.506957
2.781251 -0.232585 0.529546
3.001930 -0.310906 0.504127
2.890148 -0.251148 0.523490
1.079711 -0.088659 0.500506
2.817640 -0.088540 0.498555
1.495101 -0.020241 0.509648
0.162278 -0.116933 0.527770
2.817640 -0.088540 0.498555
0.166110 -0.047077 0.570476
0.896153 -0.018863 0.772536
2.059032 -0.217173 0.572322
0.899647 -0.133620 0.569518
2.043751 -0.133511 0.567242
0.891620 -0.218652 0.569943
2.178114 -0.163975 0.602055
0.160119 -0.279827 1.182447
2.178114 -0.163975 0.602055
0.751731 0.037771 0.951912
2.910287 -0.263262 1.811339
1.108953 -0.028249 0.928731
2.182895 -0.092894 1.304836
2.844451 0.005720 1.153490
1.746406 -0.056814 1.019502
0.573174 -0.153442 0.942049
2.675475 -0.057105 0.910382
2.417733 -0.165592 1.074990
2.270350 -0.200620 0.867888
0.005012 -0.000511 0.491295
0.037125 -0.014448 1.838186
0.827265 -0.045815 0.879168
2.507216 -0.042936 0.909802
0.172848 -0.052460 1.143407
1.768629 -0.176066 0.905767
2.042032 -0.174465 0.901532
2.270350 -0.200620 0.867888
2.279611 -0.188567 0.903888
2.325863 -0.219948 0.937024
1.710851 -0.134629 0.900629
2.383249 -0.094110 1.050357
0.990179 0.078538 0.987798
1.768629 -0.176066 0.905767
1.052570 -0.108188 0.950994
2.417733 -0.165592 1.074990
2.279611 -0.188567 0.903888
0.977815 -0.062393 0.927784
1.108953 -0.028249 0.928731
0.371747 -0.059855 0.990658
1.458518 -0.142202 0.946279
0.764281 -0.189631 0.601010
2.383249 -0.094110 1.050357
1.074339 -0.094795 0.959374
0.751731 0.037771 0.951912
0.827265 -0.045815 0.879168
0.147797 -0.216781 1.380876
0.165718 -0.132267 1.367614
2.904164 -0.068888 1.347802
1.854582 -0.127404 1.058194
1.576404 -0.141857 1.056863
1.746406 -0.056814 1.019502
2.479182 -0.122082 1.131769
2.460999 -0.159882 0.953007
1.094874 -0.152491 1.103098
2.383249 -0.094110 1.050357
0.653399 -0.220474 1.082406
0.681188 -0.188553 1.070607
2.417733 -0.165592 1.074990
0.152266 -0.211147 1.687068
2.800927 -0.209790 1.420817
2.654124 -0.176119 1.343821
2.417733 -0.165592 1.074990
1.785334 -0.077412 1.114975
2.479182 -0.122082 1.131769
0.681188 -0.188553 1.070607
0.442351 -0.121818 1.097389
1.746406 -0.056814 1.019502
1.746406 -0.056814 1.019502
0.422207 -0.137375 1.067579
2.659298 -0.064290 1.246851
2.479182 -0.122082 1.131769
1.523467 -0.015735 1.154175
0.326833 -0.114939 1.221308
0.451729 -0.062606 1.218441
2.622766 -0.141516 1.216388
1.275868 -0.141181 1.173904
1.327779 -0.167994 1.188940
0.664162 -0.207838 1.175248
2.460999 -0.159882 0.953007
2.622766 -0.141516 1.216388
2.325863 -0.219948 0.937024
2.833445 -0.059578 1.488183
2.790667 -0.022020 1.480582
0.451729 -0.062606 1.218441
2.479068 -0.121954 1.196254
1.215483 0.060494 1.429555
1.983961 -0.046986 1.601125
0.686907 -0.188760 1.207562
1.785334 -0.077412 1.114975
0.442351 -0.121818 1.097389
1.588811 -0.135099 1.194009
2.622766 -0.141516 1.216388
1.799514 -0.079214 1.269514
1.799514 -0.079214 1.269514
1.785334 -0.077412 1.114975
0.349792 -0.116661 1.228319
2.820976 -0.089408 1.297031
1.922919 -0.095561 1.375409
2.572544 -0.135109 1.287895
1.409000 -0.121901 1.348685
0.569874 -0.085517 1.371913
1.133700 -0.074737 1.335454
2.235264 -0.124547 1.562254
0.605877 -0.032890 1.419758
2.316785 -0.199599 1.344567
2.318677 -0.222650 1.365135
2.001407 -0.164294 1.358969
1.398034 -0.162937 1.350525
0.668848 -0.039751 1.349302
0.500421 0.032834 1.657392
2.654124 -0.176119 1.343821
2.532425 -0.097884 1.374693
2.179291 -0.190930 1.395436
1.671972 -0.153440 1.395045
1.120737 -0.090153 1.359653
0.135213 -0.312180 0.492097
2.532425 -0.097884 1.374693
2.787841 -0.228962 1.690216
2.532425 -0.097884 1.374693
2.316785 -0.199599 1.344567
2.179291 -0.190930 1.395436
1.974446 -0.148844 1.379541
1.409000 -0.121901 1.348685
0.190416 -0.060366 1.503365
0.605877 -0.032890 1.419758
3.002955 -0.009818 1.755227
2.910287 -0.263262 1.811339
2.502232 -0.073624 1.510710
2.572544 -0.135109 1.287895
2.525010 -0.145458 1.523112
1.265516 -0.020403 1.591359
0.276888 -0.004273 1.699899
2.182895 -0.092894 1.304836
0.668848 -0.039751 1.349302
0.488966 -0.173922 1.513452
0.488966 -0.173922 1.513452
2.733672 -0.097031 1.591271
2.898653 -0.047144 1.721173
0.152266 -0.211147 1.687068
2.787841 -0.228962 1.690216
2.039759 -0.149301 1.526077
1.906751 -0.130707 1.542222
1.906751 -0.130707 1.542222
2.480752 -0.122633 1.558212
2.133434 -0.000121 1.788750
2.235264 -0.124547 1.562254
2.039759 -0.149301 1.526077
2.210524 -0.134884 1.623063
0.447635 -0.132762 1.700832
2.586902 -0.137867 1.683786
2.733672 -0.097031 1.591271
0.135099 -0.274749 1.885260
2.525010 -0.145458 1.523112
2.659910 -0.021457 1.753467
1.906751 -0.130707 1.542222
0.447635 -0.132762 1.700832
2.898653 -0.047144 1.721173
0.254522 -0.084315 1.929525
0.447635 -0.132762 1.700832
2.407871 0.136834 1.855018
0.162946 -0.085483 2.367511
0.037125 -0.014448 1.838186
2.407871 0.136834 1.855018
1.747090 0.021886 1.615742
2.801698 -0.106057 2.057470
2.801698 -0.106057 2.057470
0.132941 -0.272072 3.201925
2.880509 0.001861 2.187860
2.803190 -0.014003 2.105167
0.059701 -0.033603 2.559545
2.887545 0.005057 2.665618
0.113685 -0.028336 3.222355
0.143646 -0.279187 0.463889
0.056683 -0.277378 0.464546
0.143580 -0.045682 0.464122
2.891693 -0.264199 0.469761
2.830728 -0.263618 0.469143
2.892337 -0.035142 0.471552
0.172345 -0.045755 0.500596
2.893628 -0.012713 0.499684
0.064092 -0.296420 0.495758
0.144484 -0.300243 0.501587
2.812729 -0.289628 0.499212
0.144955 -0.021899 0.500204
2.932880 -0.063870 0.500058
3.005090 -0.302142 0.496960
2.919372 -0.264890 0.500109
3.001596 -0.011930 0.493609
0.004003 -0.004125 0.495308
2.811741 -0.011446 0.496876
0.146613 -0.300946 0.503930
1.485827 -0.305251 0.506956
3.002892 -0.302849 0.510974
2.996855 -0.063596 0.517499
3.002892 -0.302849 0.510974
0.846328 -0.016352 0.604425
0.048108 -0.271362 0.515301
1.485827 -0.305251 0.506956
2.785759 -0.223357 0.522862
2.918553 -0.262889 0.505660
2.789417 -0.085625 0.506415
1.079852 -0.088736 0.500787
2.907868 -0.067999 0.530524
1.491349 -0.031190 0.514536
0.144431 -0.276455 0.532486
2.898163 -0.258325 0.531072
0.169448 -0.078973 0.507298
2.818717 -0.096261 0.534025
0.171036 -0.047310 0.574564
0.898117 -0.046952 0.772341
2.819796 -0.126274 1.071119
2.056756 -0.214995 0.572462
0.901023 -0.135441 0.569653
2.044164 -0.133342 0.567980
0.168802 -0.220055 0.568739
0.889520 -0.218319 0.569908
2.788774 -0.220135 0.567356
0.144724 -0.080913 0.576550
0.170974 -0.130538 0.567067
0.142888 -0.222919 0.601607
0.750366 -0.207686 0.569938
2.193656 -0.207612 0.569685
0.750498 -0.145186 0.569973
2.171685 -0.152312 0.605001
0.088167 -0.284351 1.498757
2.171228 -0.198475 0.604207
2.401481 -0.141323 0.921180
0.006315 -0.056641 0.727441
0.967584 0.002664 0.796507
0.902096 -0.042053 0.775262
2.265592 -0.198741 0.864286
1.079695 -0.045914 0.908636
0.623066 -0.209397 0.931229
2.799038 -0.003362 1.139949
0.542792 -0.142453 0.932676
0.617469 -0.143764 0.927209
0.000129 -0.014701 0.797351
1.532892 -0.033274 0.905816
2.791656 -0.065580 0.947359
1.026180 -0.004660 0.907573
2.404727 -0.149579 1.043812
2.664682 -0.066597 0.905381
0.988760 -0.044714 0.902200
0.902096 -0.042053 0.775262
0.831466 -0.039950 0.879507
-0.046086 -0.009240 1.115858
2.812707 -0.252964 1.813513
2.905389 -0.136046 1.348830
1.035923 -0.021041 0.972175
0.967584 0.002664 0.796507
0.623868 -0.134336 0.917670
0.831466 -0.039950 0.879507
2.378249 -0.171255 0.887173
0.785315 -0.020419 0.983554
0.836718 -0.039931 0.889707
2.254296 -0.197983 0.893606
0.149991 -0.070238 0.879182
0.829754 -0.068525 0.905014
2.041945 -0.174462 0.901432
2.278970 -0.187896 0.905257
1.768664 -0.172955 0.906170
2.487164 -0.102281 0.924729
0.151738 -0.128462 0.934558
2.384363 -0.098036 1.048679
2.220203 -0.111110 1.033695
0.049984 -0.138016 1.775873
2.510131 -0.050404 0.893986
2.222567 -0.070152 1.040059
0.790370 0.015122 0.882361
0.782604 0.034836 0.895493
2.453515 -0.208411 0.981012
2.320415 -0.220803 0.919966
2.418851 -0.193345 0.940205
2.467431 -0.151211 0.917527
0.546585 -0.127863 0.924863
0.577158 -0.143927 0.870739
2.002038 -0.073783 1.017940
2.482353 -0.066424 0.931833
0.855314 -0.053899 0.922955
2.404727 -0.149579 1.043812
2.278970 -0.187896 0.905257
0.425393 -0.143335 1.066655
1.105143 -0.068250 0.946609
0.972610 -0.070285 0.928367
0.855314 -0.053899 0.922955
0.988760 -0.044714 0.902200
0.972610 -0.070285 0.928367
1.957630 -0.180750 0.931373
2.320238 -0.198508 0.939683
2.602164 -0.106818 0.931766
0.597515 -0.063169 0.936695
0.987508 -0.066613 0.932414
1.105143 -0.068250 0.946609
2.453515 -0.208411 0.981012
2.788591 -0.205530 1.415897
2.453515 -0.208411 0.981012
1.460815 -0.139694 0.945362
0.477194 -0.141736 1.020628
2.501315 -0.105749 0.937765
2.578333 -0.073040 0.964647
1.098434 -0.013416 1.191805
2.460576 -0.145821 0.951307
1.067199 -0.086376 0.961542
0.364413 -0.040729 0.985386
2.789987 -0.051583 1.031345
0.790609 -0.046370 0.942987
1.042808 -0.045153 0.953228
0.790609 -0.046370 0.942987
0.855314 -0.053899 0.922955
0.187527 -0.205020 1.367539
2.450037 -0.138956 0.976405
1.042808 -0.045153 0.953228
1.018366 0.030514 0.975110
1.072259 -0.003466 1.011972
1.072259 -0.003466 1.011972
2.421832 -0.184572 1.052420
0.544923 -0.157598 1.023394
2.265481 -0.111047 1.050948
0.706878 -0.020051 1.192853
1.018366 0.030514 0.975110
1.053458 0.029671 1.016455
0.525342 -0.139597 1.049486
2.501045 -0.131995 1.055193
1.742963 -0.067161 1.019691
1.904185 -0.091600 1.039853
2.069328 -0.098767 1.165666
2.843033 -0.007566 1.153508
2.001875 -0.104925 1.043800
1.689376 -0.053690 1.043970
0.565910 -0.155434 1.057009
1.575565 -0.140176 1.055986
2.509337 -0.096726 1.061868
0.429609 -0.066936 1.056440
1.904185 -0.091600 1.039853
1.730966 -0.103762 1.053232
1.742963 -0.067161 1.019691
2.254462 -0.125095 1.076040
2.633350 -0.088616 1.071891
2.788387 -0.087908 1.072591
0.559494 -0.182817 1.070482
2.372822 -0.141544 1.069137
2.404727 -0.149579 1.043812
2.421832 -0.184572 1.052420
2.125551 -0.162207 1.069219
2.247956 -0.137004 1.069390
0.396978 -0.116811 1.074275
2.384363 -0.098036 1.048679
2.456829 -0.126738 1.065881
2.456829 -0.126738 1.065881
2.455296 -0.115114 1.077300
0.487571 -0.034503 1.071406
1.690160 -0.047994 1.096244
1.684281 -0.067170 1.061039
1.690160 -0.047994 1.096244
1.285615 -0.166205 1.087285
0.653399 -0.220474 1.082406
0.681261 -0.191712 1.067688
0.696821 -0.188210 1.085025
2.418678 -0.162369 1.078806
1.780380 -0.091036 1.086660
2.388501 -0.130836 1.076191
2.220203 -0.111110 1.033695
2.384363 -0.098036 1.048679
0.448889 -0.073072 1.072328
1.701553 -0.081861 1.069650
1.112602 0.054057 1.166466
0.180946 -0.189776 1.509746
2.624023 -0.196800 1.328943
1.615183 -0.139559 1.094558
2.372822 -0.141544 1.069137
2.549151 -0.146385 1.102719
0.443079 -0.077728 1.074551
0.256122 -0.063405 1.083321
0.443079 -0.077728 1.074551
2.206710 -0.078172 1.319248
0.426022 -0.156381 1.177052
0.481173 -0.169358 1.104422
0.403883 -0.137670 1.105136
0.410021 -0.120808 1.089480
2.787708 -0.060044 1.102261
0.482698 -0.136538 1.099166
2.017268 -0.112474 1.124776
2.547336 -0.141554 1.112782
2.560933 -0.115867 1.085570
2.470878 -0.125493 1.123452
2.506998 -0.080980 1.119586
2.560933 -0.115867 1.085570
2.792755 -0.053076 1.169924
0.438151 -0.143108 1.166494
2.234906 -0.106928 1.117951
2.605973 -0.118048 1.198135
1.800267 -0.075592 1.190966
2.522384 -0.080715 1.159590
0.354245 -0.118074 1.208247
2.278127 -0.113848 1.133000
2.622995 -0.134786 1.216953
2.202860 -0.130479 1.175331
2.232246 -0.083506 1.139254
2.551172 -0.116342 1.185407
2.482154 -0.118695 1.175238
2.822428 -0.032726 1.163873
1.258681 -0.151450 1.159080
2.265229 -0.132783 1.176441
2.400424 -0.167793 1.189231
2.817315 -0.145634 1.266792
1.715325 -0.046150 1.195572
2.633965 -0.069113 1.167564
0.255500 -0.044158 1.173809
2.847636 -0.143686 1.343510
0.460891 -0.126380 1.193225
2.529443 -0.135431 1.210207
2.488164 -0.148937 1.150006
1.587748 -0.128471 1.195483
2.488164 -0.148937 1.150006
2.483635 -0.139056 1.197061
2.235027 -0.107906 1.201878
0.654203 -0.219661 1.205317
2.696472 -0.167616 1.298720
0.450207 -0.134047 1.217864
1.562591 -0.125256 1.209645
2.202860 -0.130479 1.175331
1.717363 -0.097597 1.214527
1.800267 -0.075592 1.190966
0.328775 -0.113400 1.221504
2.817315 -0.145634 1.266792
0.443570 -0.066649 1.212290
1.479385 -0.144999 1.222398
2.672616 -0.125574 1.296076
0.652044 -0.197702 1.219253
0.328775 -0.113400 1.221504
2.605973 -0.118048 1.198135
0.490485 -0.037388 1.209392
1.207328 -0.018466 1.422277
0.657649 -0.039414 1.345115
2.578388 -0.155459 1.255089
2.529443 -0.135431 1.210207
2.537642 -0.115755 1.223740
2.606405 -0.117873 1.219661
2.537642 -0.115755 1.223740
2.661424 -0.082580 1.246297
1.732602 -0.085766 1.226510
0.657649 -0.039414 1.345115
2.906500 -0.046778 1.414457
2.233812 -0.136342 1.225887
0.373353 -0.125090 1.227613
1.766249 -0.092514 1.239457
2.582107 -0.142075 1.265740
2.181232 -0.076001 1.223995
2.160074 -0.120572 1.238236
2.534878 -0.084018 1.250623
0.160299 -0.067520 1.306283
2.701702 -0.002465 1.661880
0.198714 -0.140748 1.376390
0.182980 -0.137474 1.495986
0.311690 -0.053361 1.260536
0.269938 -0.049554 1.320975
2.171677 -0.052018 1.266318
2.074414 -0.116065 1.396086
2.172240 -0.061301 1.269538
2.565603 -0.111950 1.288627
0.252897 -0.087969 1.348715
1.924614 -0.101155 1.376443
2.171677 -0.052018 1.266318
2.135687 -0.082603 1.272229
2.191976 -0.049579 1.289843
0.187028 -0.009907 1.386955
2.790728 -0.139020 1.301353
2.532252 -0.118430 1.335047
2.005509 -0.123316 1.360138
0.640652 -0.033923 1.321390
2.819077 -0.211716 1.333650
2.630440 -0.123212 1.308998
2.611563 -0.069420 1.309235
2.762500 -0.126898 1.323602
0.157493 -0.141650 1.334436
2.552583 -0.165504 1.329986
2.788178 -0.173731 1.335923
1.176358 -0.099795 1.322157
0.901906 -0.094767 1.349100
1.477858 -0.133467 1.352679
0.709465 -0.058610 1.346501
2.181333 -0.059401 1.305405
2.154889 -0.048042 1.347162
2.159760 -0.036689 1.347078
1.157687 -0.032901 1.521652
2.039741 -0.127700 1.361958
2.344829 -0.091738 1.512333
0.569775 -0.089166 1.376314
2.317463 -0.220310 1.363337
2.766464 -0.181239 1.506760
2.639142 -0.185381 1.342857
2.766013 -0.180164 1.365763
2.552583 -0.165504 1.329986
2.001719 -0.169756 1.357130
2.764877 -0.120962 1.385265
2.764877 -0.120962 1.385265
1.408695 -0.125063 1.359706
0.679604 -0.050223 1.356553
2.169594 -0.048437 1.345056
0.157233 -0.234117 1.359874
0.187527 -0.205020 1.367539
0.183195 -0.144294 1.366401
2.288558 -0.188286 1.375001
0.157649 -0.119529 1.360306
2.517423 -0.140678 1.359790
1.711387 -0.136144 1.384175
2.316897 -0.205792 1.384608
2.818949 -0.234712 1.402964
2.638311 -0.173077 1.361436
2.782451 -0.158625 1.378917
2.537835 -0.157862 1.359390
2.540270 -0.128312 1.384944
2.652028 -0.130809 1.383049
1.120725 -0.090209 1.359722
1.987625 -0.156396 1.379849
2.055189 -0.136011 1.373628
1.989259 -0.123388 1.371909
1.989259 -0.123388 1.371909
1.933420 -0.125863 1.368445
2.760344 -0.107958 1.449154
2.019349 -0.107998 1.496795
2.778084 -0.051574 1.465099
0.060475 -0.094473 1.811210
0.053000 -0.277829 2.245999
1.997770 -0.158100 1.372756
2.178339 -0.189833 1.394946
1.987625 -0.156396 1.379849
1.989259 -0.123388 1.371909
2.643782 -0.109919 1.407861
0.185788 -0.074049 1.501543
0.651950 -0.066606 1.387951
2.771503 -0.082183 1.419742
2.725036 -0.075931 1.454270
2.813566 -0.103417 1.425081
0.609935 -0.050939 1.423845
2.820464 -0.039466 1.497679
2.771503 -0.082183 1.419742
2.785738 -0.092494 1.410464
2.765525 -0.064283 1.444666
1.168886 0.037131 1.410639
1.230143 0.006987 1.420285
1.216942 0.031517 1.434366
2.486037 -0.085710 1.440608
2.764877 -0.120962 1.385265
2.784145 -0.103958 1.484571
2.813566 -0.103417 1.425081
2.764877 -0.120962 1.385265
0.336357 -0.070667 1.490008
2.765525 -0.064283 1.444666
2.749029 -0.122754 1.516044
2.017372 -0.113481 1.535967
0.610051 -0.050713 1.507358
1.272544 -0.020735 1.580913
2.816178 -0.143728 1.845678
1.257369 0.000308 1.550055
2.787805 -0.190468 1.529303
2.560975 -0.098536 1.519767
0.001177 -0.053365 1.579234
2.817781 -0.079239 1.484729
1.157687 -0.032901 1.521652
1.168886 0.037131 1.410639
2.524428 -0.145235 1.521616
2.526138 -0.138615 1.526638
0.481331 -0.058868 1.523900
2.768834 -0.093600 1.440792
0.501081 0.046456 1.649008
0.417630 -0.147429 1.536679
2.251995 -0.104219 1.513987
2.219517 -0.103422 1.553595
2.509457 -0.073827 1.507314
1.795994 -0.058975 1.521480
2.732371 -0.077158 1.602856
1.234622 0.020006 1.598016
1.217438 0.035139 1.425954
0.198078 -0.118682 1.533264
0.362011 -0.080079 1.522364
1.907827 -0.080686 1.538664
0.336357 -0.070667 1.490008
0.001500 -0.126296 1.809498
1.740127 -0.052592 1.536582
0.183354 -0.199986 1.539901
2.750478 -0.190065 1.533422
2.222069 -0.137001 1.546311
1.765527 -0.000872 1.538620
1.473348 -0.201210 1.539930
2.030164 -0.147046 1.538777
1.906339 -0.134593 1.554001
2.055630 -0.143313 1.540076
2.467899 -0.131146 1.549875
2.481714 -0.137063 1.554280
0.460006 -0.118102 1.557702
2.368638 -0.106244 1.549384
2.566088 -0.066599 1.590854
1.813802 -0.047546 1.533103
1.778607 -0.023370 1.527966
1.807805 -0.033662 1.519128
1.813802 -0.047546 1.533103
1.811481 -0.020508 1.532413
2.195564 -0.144098 1.554528
2.582015 -0.123445 1.589689
2.693648 -0.053380 1.604286
2.607403 -0.061413 1.534119
2.693648 -0.053380 1.604286
0.480151 -0.061035 1.562129
1.739239 -0.022200 1.575170
1.759815 -0.003431 1.563467
1.807805 -0.033662 1.519128
1.811481 -0.020508 1.532413
1.743381 0.031298 1.588557
2.785990 -0.192203 1.704902
2.136829 -0.035137 1.614516
2.223513 -0.087191 1.601210
0.467637 -0.058700 1.582982
2.168641 0.022137 1.748415
1.869023 -0.038646 1.730716
-0.000355 -0.018273 1.703265
-0.004756 -0.048143 1.812508
0.273558 -0.058301 1.680276
2.210302 -0.138193 1.621632
2.409940 -0.091594 1.600971
2.747134 -0.110695 1.619064
2.733186 -0.049967 1.656869
1.879996 -0.015037 1.606021
0.172931 -0.194958 1.701270
1.961854 -0.140500 1.607992
0.502008 -0.153931 1.659947
0.464211 -0.134192 1.676297
1.953405 -0.091811 1.584498
2.481714 -0.137063 1.554280
2.526138 -0.138615 1.526638
2.580663 -0.134425 1.689482
1.654194 0.040167 1.709274
0.152041 -0.090804 1.701843
2.413222 -0.141119 1.617359
2.699923 -0.049796 1.660061
0.459124 -0.113678 1.629248
0.432827 -0.059150 1.605145
2.817781 -0.079239 1.484729
2.733186 -0.049967 1.656869
0.432827 -0.059150 1.605145
2.933834 -0.136187 1.706481
1.633039 0.115122 1.736333
2.818460 -0.231503 1.703074
0.062244 -0.171932 1.799574
1.914980 -0.051546 1.713547
0.386230 -0.056711 1.661000
0.433305 0.007585 1.711764
0.522896 0.016919 1.681461
2.911952 -0.153826 1.690017
0.282470 -0.102515 1.714606
2.900228 -0.147703 1.715943
1.260597 0.021029 1.755369
2.604490 0.018344 1.749343
1.889741 -0.057461 1.722107
0.324965 -0.023480 1.717576
0.457468 -0.134480 1.711661
1.914980 -0.051546 1.713547
0.273558 -0.058301 1.680276
0.145326 -0.139595 1.729385
2.604844 -0.195746 1.695729
2.787274 -0.147768 1.697903
2.610435 -0.158360 1.727603
2.609014 -0.139011 1.713975
2.119334 -0.028864 1.745341
2.787263 -0.130340 1.728186
0.170789 -0.121232 1.774227
2.900228 -0.147703 1.715943
2.825294 -0.182504 1.857481
0.386842 -0.149085 1.920295
1.422988 0.084633 1.817550
1.573617 0.142174 1.754039
2.574831 0.064739 1.793963
1.254363 0.033018 1.775535
1.266515 0.101737 1.810413
-0.050640 -0.060793 1.820245
0.143123 -0.102985 1.785004
0.109502 -0.112570 1.766116
2.320799 0.054622 1.771611
1.286677 0.121263 1.823047
1.313009 0.104951 1.834894
0.332401 -0.119076 1.976250
-0.052698 -0.065679 1.813748
2.304404 0.017399 1.800170
2.353330 0.069762 1.786447
2.385935 0.149506 1.854200
0.059617 -0.124485 1.806458
2.128718 -0.001760 1.792500
0.066840 -0.166151 1.837951
0.059099 -0.187087 1.840873
1.302231 0.054079 1.815120
0.253603 -0.085421 1.933339
2.873583 -0.231887 2.184737
0.250995 -0.117423 1.932340
0.225764 -0.122340 1.936058
2.826469 -0.154302 2.116230
2.948407 -0.212596 2.186264
2.948915 -0.209496 2.666136
0.141931 -0.110848 2.361753
0.155100 -0.117580 2.308611
0.059996 -0.156137 2.559429
0.064449 -0.275408 3.205608
2.822331 -0.264775 3.038561
2.897385 -0.102725 2.899631
2.823481 -0.144880 3.185819
2.823306 -0.262921 3.184197
0.065726 -0.120300 3.200943
0.151547 -0.017046 1.399903
0.159848 0.000000 1.449114
0.296379 0.042613 1.644791
0.276780 -0.003057 1.627091
0.180618 0.000000 1.376716
0.180618 0.000000 1.376716
0.159848 0.000000 1.449114
0.077445 0.000000 1.773149
0.061063 -0.007469 1.803940
-0.000000 -0.000788 1.808368
0.142066 0.000000 1.594408
0.118308 0.000000 1.705174
0.183542 -0.050001 1.629166
-0.001313 -0.050001 1.594987
-0.002667 -0.000000 0.857949
-0.040000 0.000000 1.130615
-0.033794 -0.050001 1.147140
-0.040000 0.000000 1.130615
-0.002190 -0.050001 0.868483
-0.002667 -0.000000 0.857949
0.221779 0.000000 1.444259
0.514508 -0.050001 1.451815
0.524202 -0.050001 1.513008
0.545431 0.000058 1.607267
-0.040000 0.000000 1.130615
-0.002667 -0.000000 0.857949
0.007017 -0.000000 0.703590
0.544910 -0.040750 0.709308
0.585756 0.002441 1.446286
0.622139 -0.044888 1.448745
0.609366 -0.047926 1.506196
0.061063 -0.007469 1.803940
-0.000000 -0.000788 1.808368
0.903253 -0.037020 0.759127
0.868924 -0.036022 0.799355
0.637922 0.018519 1.246278
0.627181 0.014031 1.301918
0.663131 0.035078 1.127162
0.682597 -0.002970 1.182502
1.008227 -0.013254 0.584297
1.000000 0.000000 0.500615
0.007017 -0.000000 0.703590
-0.000000 -0.050001 0.510615
0.390785 0.049229 1.655484
0.276780 -0.003057 1.627091
0.061063 -0.007469 1.803940
0.110597 -0.050001 1.734895
0.786091 -0.014444 0.980543
0.830404 -0.030987 0.902079
1.008227 -0.013254 0.584297
1.000000 0.000000 0.500615
-0.000000 -0.048694 1.810901
0.061063 -0.007469 1.803940
-0.000000 -0.048694 1.810901
0.061063 -0.007469 1.803940
0.504197 0.044264 1.646079
0.466040 0.046530 1.644791
0.655624 -0.031496 1.323375
0.682283 -0.024097 1.239652
0.682597 -0.002970 1.182502
0.655624 -0.031496 1.323375
0.682283 -0.024097 1.239652
0.110597 -0.050001 1.734895
0.118308 0.000000 1.705174
0.110597 -0.050001 1.734895
0.061063 -0.007469 1.803940
0.909642 0.001047 0.573684
0.903253 -0.037020 0.759127
0.135619 -0.050001 1.654640
0.211913 -0.028736 1.599891
-0.000000 -0.050001 1.747860
0.064807 -0.036835 1.802949
0.110597 -0.050001 1.734895
0.854291 0.010376 0.730644
0.909642 0.001047 0.573684
0.909642 0.001047 0.573684
1.000000 0.000000 0.500615
0.903253 -0.037020 0.759127
1.000000 -0.050001 0.510615
0.521761 0.012340 1.674624
0.545431 0.000058 1.607267
0.276780 -0.003057 1.627091
0.276288 0.030377 1.617632
0.276780 -0.003057 1.627091
0.221779 0.000000 1.444259
0.609366 -0.047926 1.506196
0.622139 -0.044888 1.448745
0.545431 0.000058 1.607267
0.585756 0.002441 1.446286
0.552994 0.026680 1.503389
0.545431 0.000058 1.607267
0.135619 -0.050001 1.654640
0.149608 0.000000 1.510820
0.149608 0.000000 1.510820
0.142066 0.000000 1.594408
0.126374 -0.050001 1.689968
0.142066 0.000000 1.594408
0.786091 -0.014444 0.980543
0.772492 0.041533 0.888008
0.713666 -0.018167 1.155720
0.736712 0.039484 0.960171
0.221779 0.000000 1.444259
0.180618 0.000000 1.376716
0.240065 -0.015926 1.636504
0.276780 -0.003057 1.627091
0.240065 -0.015926 1.636504
0.276780 -0.003057 1.627091
0.276780 -0.003057 1.627091
0.211913 -0.028736 1.599891
0.868924 -0.036022 0.799355
0.812015 0.019038 0.835759
0.786091 -0.014444 0.980543
0.830404 -0.030987 0.902079
0.788789 0.022664 0.893374
0.772492 0.041533 0.888008
-0.033794 -0.050001 1.147140
-0.036506 -0.050001 1.235556
-0.032308 0.000000 1.376716
-0.036506 -0.050001 1.235556
-0.032308 0.000000 1.376716
-0.030995 -0.050001 1.379534
-0.001892 0.000000 1.594408
-0.022326 0.000000 1.449114
-0.054360 -0.049435 1.815019
-0.000000 0.000000 1.716409
-0.000000 0.000000 1.716409
-0.001892 0.000000 1.594408
-0.000000 0.000000 1.716409
-0.001313 -0.050001 1.594987
-0.001313 -0.050001 1.594987
-0.000000 -0.050001 1.747860
0.627181 0.014031 1.301918
0.655624 -0.031496 1.323375
0.682597 -0.002970 1.182502
0.655624 -0.031496 1.323375
0.585756 0.002441 1.446286
0.655624 -0.031496 1.323375
0.585756 0.002441 1.446286
0.521761 0.012340 1.674624
0.491289 0.009915 1.680429
0.529575 0.036870 1.566404
0.504197 0.044264 1.646079
0.552994 0.026680 1.503389
0.529575 0.036870 1.566404
0.334480 0.006319 1.381106
0.308751 0.007392 1.363292
0.368543 0.019931 0.970629
0.342762 0.019589 0.952862
0.435333 0.009441 0.670361
0.422877 0.012136 0.807278
0.294983 0.010164 0.635743
0.189050 0.011545 0.862859
0.196618 0.010164 0.671477
0.209362 0.011545 0.862138
0.266414 0.010164 0.635591
0.225766 0.010164 0.625165
0.203163 0.010164 0.648218
0.158095 0.008999 1.163993
0.136164 0.008828 1.255044
0.152125 0.000830 1.455480
0.639694 0.005484 0.499982
0.705823 0.010810 0.715878
-0.043905 -0.273331 0.628801
-0.044484 -0.214462 0.628801
0.080230 -0.154338 1.220759
-0.044484 -0.214462 0.628801
0.066104 -0.282582 2.989720
0.064609 -0.144357 2.987585
0.081567 -0.285996 1.219015
-0.043905 -0.273331 0.628801
0.170622 -0.290027 2.620381
0.236287 -0.263474 2.618461
0.080230 -0.154338 1.220759
0.155102 -0.153502 1.218839
0.164226 -0.163218 2.622125
0.064609 -0.144357 2.987585
0.156439 -0.285160 1.217096
0.032137 -0.213615 0.628801
0.032137 -0.213615 0.628801
0.155102 -0.153502 1.218839
0.236287 -0.263474 2.618461
0.229891 -0.124341 2.620206
0.064494 -0.143087 3.066002
0.066002 -0.281933 3.068143
0.137414 -0.142226 2.990705
0.064609 -0.144357 2.987585
0.138926 -0.281259 2.992847
0.139725 -0.280569 3.074137
0.059216 -0.275422 3.190591
0.066002 -0.281933 3.068143
0.059216 -0.275422 3.190591
0.066002 -0.281933 3.068143
0.131319 -0.135909 3.190591
0.057828 -0.137143 3.190591
0.132782 -0.272549 3.190591
0.139725 -0.280569 3.074137
-0.036950 -0.272432 1.804210
-0.038471 -0.131658 1.805955
-0.038471 -0.131658 1.805955
0.034383 -0.130822 1.804035
0.236287 -0.263474 2.618461
0.035904 -0.271595 1.802291
0.170622 -0.290027 2.620381
-0.036950 -0.272432 1.804210
-0.036950 -0.272432 1.804210
-0.038471 -0.131658 1.805955
0.035904 -0.271595 1.802291
-0.036950 -0.272432 1.804210
0.155102 -0.153502 1.218839
0.034383 -0.130822 1.804035
0.080230 -0.154338 1.220759
-0.038471 -0.131658 1.805955
0.139096 -0.141674 0.392550
0.062475 -0.141674 0.392549
0.139096 -0.141674 0.504696
0.139096 -0.273332 0.502556
-0.043905 -0.273331 0.628801
0.062475 -0.273331 0.496561
-0.043905 -0.273331 0.628801
0.062475 -0.273331 0.496561
0.062475 -0.273331 0.496561
0.139096 -0.273332 0.502556
0.139096 -0.273332 0.502556
0.139096 -0.273332 0.392550
0.139096 -0.141674 0.504696
0.062475 -0.141674 0.498699
0.062475 -0.273331 0.496561
0.062475 -0.141674 0.498699
0.132782 -0.272549 3.190591
0.131319 -0.135909 3.190591
1.526498 0.046151 1.407788
1.151896 -0.011765 1.517867
2.219320 -0.096198 1.065832
2.219320 -0.096198 1.065832
2.005843 -0.001618 0.502692
0.625385 -0.039943 1.455010
0.535229 -0.102115 0.510423
2.219320 -0.096198 1.065832
2.992327 -0.002618 0.483659
1.029271 0.004809 0.934519
2.992327 -0.002618 0.483659
1.029271 0.004809 0.934519
0.843332 0.004935 0.537988
2.005843 -0.001618 0.502692
0.131277 0.011678 1.610656
2.706892 -0.011211 1.662257
1.029271 0.004809 0.934519
0.843332 0.004935 0.537988
1.526498 0.046151 1.407788
1.029271 0.004809 0.934519
2.994981 -0.041563 1.612966
2.790956 0.002166 0.916809
2.135874 -0.076696 1.792573
0.147723 -0.070564 0.929142
2.065819 -0.193574 0.928094
0.748826 -0.095185 0.963078
2.065819 -0.193574 0.928094
0.147723 -0.070564 0.929142
2.839897 -0.071378 0.919744
1.443338 -0.105526 0.922754
0.147723 -0.070564 0.929142
0.748826 -0.095185 0.963078
1.443338 -0.105526 0.922754
0.118803 -0.157032 3.224317
0.059469 -0.289245 2.394281
0.118803 -0.157032 3.224317
0.059469 -0.289245 2.394281
0.151916 -0.290951 1.216560
0.160726 -0.145250 1.218713
0.118803 -0.157032 3.224317
0.131540 -0.258263 2.392425
0.117379 -0.122632 2.393970
0.059469 -0.289245 2.394281
0.131540 -0.258263 2.392425
0.131540 -0.258263 2.392425
0.059469 -0.289245 2.394281
0.078112 -0.156502 1.220765
0.065604 -0.272436 1.804210
0.151916 -0.290951 1.216560
0.160726 -0.145250 1.218713
0.073559 -0.117830 1.805744
2.830617 -0.208226 1.686883
0.104384 -0.210525 1.686883
2.830618 -0.199119 1.534932
0.104384 -0.191315 1.525590
0.104384 -0.133648 1.679440
2.830617 -0.135324 1.683116
2.815913 -0.133857 0.630612
2.816715 -0.128846 1.220759
2.855216 -0.082420 2.182019
2.871611 -0.254389 2.182407
2.813514 -0.248797 2.992978
2.860240 -0.210089 0.469515
2.893781 -0.125879 1.218825
2.952181 -0.228534 2.669770
2.900414 -0.119472 1.804000
2.855216 -0.082420 2.182019
2.871611 -0.254389 2.182407
2.871611 -0.254389 2.182407
2.884708 -0.276943 1.802604
2.816715 -0.128846 1.220759
2.890770 -0.264512 1.218171
2.884708 -0.276943 1.802604
2.890770 -0.264512 1.218171
2.816715 -0.128846 1.220759
2.818223 -0.128932 1.806119
2.876086 -0.092244 2.998392
2.864520 -0.118749 0.558146
2.864521 -0.234332 0.491051
0.074603 -0.132155 0.491051
0.074603 -0.247736 0.558146
0.074603 -0.128340 0.564962
2.864520 -0.118749 0.558146
2.864521 -0.238148 0.564961
2.864520 -0.118749 0.558146
2.021801 -0.164695 1.062257
2.845081 -0.080396 1.103081
2.839885 -0.071192 1.066608
2.009587 -0.112219 1.047364
0.658398 -0.217269 1.087097
0.662907 -0.202204 1.110078
1.296247 -0.135321 1.083446
0.674774 -0.193536 1.094922
0.662907 -0.202204 1.110078
1.296247 -0.135321 1.083446
2.021801 -0.164695 1.062257
2.023979 -0.154930 1.085679
1.296247 -0.135321 1.083446
0.146211 -0.070126 1.233110
0.663401 -0.202432 1.232772
1.960459 -0.164693 1.218924
2.835279 -0.092310 1.202987
2.839869 -0.072721 1.188578
1.948202 -0.116085 1.201694
0.146211 -0.070126 1.233110
0.675276 -0.193665 1.217956
0.675276 -0.193665 1.217956
0.146211 -0.070126 1.233110
1.962637 -0.158212 1.236548
2.845001 -0.080312 1.226299
0.675276 -0.193665 1.217956
0.663401 -0.202432 1.232772
1.443325 -0.104931 1.192889
1.960459 -0.166191 1.374922
1.962539 -0.157478 1.393279
2.844940 -0.130902 1.381107
2.839891 -0.119760 1.345580
1.948091 -0.118022 1.356688
0.127642 -0.070376 1.361808
0.675322 -0.056607 1.368965
1.306014 -0.159852 1.346650
1.306014 -0.159852 1.346650
0.675322 -0.056607 1.368965
1.306014 -0.159852 1.346650
2.898507 -0.092971 1.312472
2.492941 -0.095913 1.296161
2.583711 -0.136995 1.653122
2.492941 -0.095913 1.296161
2.854007 -0.095575 1.765709
2.840799 -0.094301 2.163621
2.392051 0.143249 1.853321
2.344906 0.025606 1.801723
-0.019886 -0.052292 1.513133
0.001803 -0.041663 1.777964
2.345780 -0.072649 1.474409
2.130212 0.008143 1.790299
2.606985 0.037816 1.742652
2.344906 0.025606 1.801723
2.550227 0.003435 1.787085
2.344906 0.025606 1.801723
2.337447 -0.051938 0.508172
2.826601 -0.051982 1.133947
1.526542 0.044971 1.406208
1.229228 0.016325 1.402613
1.523678 -0.017153 1.400895
1.251537 0.098890 1.834065
1.229228 0.016325 1.402613
2.025896 -0.082429 1.487998
1.526542 0.044971 1.406208
0.999974 -0.049485 0.510373
0.136768 0.005261 1.600082
0.393791 0.053097 1.660643
-0.019886 -0.052292 1.513133
-0.043768 -0.013763 1.131121
0.535363 -0.051328 0.510390
0.011958 -0.012398 0.504110
2.194891 -0.104627 1.496603
2.704467 -0.013706 1.658958
2.381404 -0.110445 1.161561
3.003211 -0.002254 0.498117
0.136650 -0.048214 1.650492
2.826601 -0.051982 1.133947
2.898756 -0.049858 1.345593
2.025896 -0.082429 1.487998
1.898301 -0.045782 1.719242
1.898301 -0.045782 1.719242
1.798259 -0.050905 1.500114
2.130212 0.008143 1.790299
0.686063 0.022328 1.185972
2.791226 0.001943 0.916703
2.025896 -0.082429 1.487998
1.075090 0.032754 1.201976
1.136050 0.066036 1.304851
0.623568 -0.050857 1.448931
1.018865 0.006100 0.973152
0.896757 -0.029962 0.759179
0.896757 -0.029962 0.759179
2.345780 -0.072649 1.474409
2.381404 -0.110445 1.161561
2.345780 -0.072649 1.474409
0.843090 0.001766 0.539459
0.001803 -0.041663 1.777964
0.136768 0.005261 1.600082
1.251537 0.098890 1.834065
1.136050 0.066036 1.304851
1.155033 -0.028595 1.508619
1.229228 0.016325 1.402613
1.155033 -0.028595 1.508619
0.584837 0.007103 1.443485
0.393791 0.053097 1.660643
2.898756 -0.049858 1.345593
2.791226 0.001943 0.916703
1.136050 0.066036 1.304851
1.155033 -0.028595 1.508619
2.826601 -0.051982 1.133947
2.704467 -0.013706 1.658958
2.550227 0.003435 1.787085
0.393791 0.053097 1.660643
0.136650 -0.048214 1.650492
0.744503 -0.109500 0.937347
2.065809 -0.193180 0.927989
2.068096 -0.179033 0.952516
0.744503 -0.109500 0.937347
0.147725 -0.070529 0.929101
0.736425 -0.087761 0.926015
0.147725 -0.070529 0.929101
2.839891 -0.070911 0.919842
2.053602 -0.140587 0.914101
1.456586 -0.126707 0.937965
0.060421 -0.274648 0.585439
0.062564 -0.214462 0.628801
0.078112 -0.156502 1.220765
0.062564 -0.214462 0.628801
0.049093 -0.154667 2.998341
0.072113 -0.122785 2.393944
0.142538 -0.276293 0.576581
0.151725 -0.290085 1.217111
0.131499 -0.257188 2.392065
0.057159 -0.288936 2.394109
0.078112 -0.156502 1.220765
0.160726 -0.145250 1.218713
0.142538 -0.276293 0.576581
0.151725 -0.290085 1.217111
0.140323 -0.212469 0.628798
0.160726 -0.145250 1.218713
0.072113 -0.122785 2.393944
0.137457 -0.142220 2.990706
0.117766 -0.308989 3.006014
0.137457 -0.142220 2.990706
0.119613 -0.154373 3.223043
0.117766 -0.308989 3.006014
0.049093 -0.154667 2.998341
0.119613 -0.154373 3.223043
0.072113 -0.122785 2.393944
0.131499 -0.257188 2.392065
0.073559 -0.117830 1.805744
0.131499 -0.257188 2.392065
0.065604 -0.272436 1.804210
0.151725 -0.290085 1.217111
0.151725 -0.290085 1.217111
0.160726 -0.145250 1.218713
0.078112 -0.156502 1.220765
0.073559 -0.117830 1.805744
2.830618 -0.199119 1.534932
2.830617 -0.208226 1.686883
2.830617 -0.135324 1.683116
0.104384 -0.133648 1.679440
0.104384 -0.210525 1.686883
0.104384 -0.133648 1.679440
2.890702 -0.264514 1.218179
2.816715 -0.128846 1.220759
2.855216 -0.082420 2.182019
2.870925 -0.254062 2.182446
2.951696 -0.228304 2.669797
2.812365 -0.248742 2.991098
2.859605 -0.210114 0.469596
2.902631 -0.201591 0.631287
2.890702 -0.264514 1.218179
2.893668 -0.125884 1.218840
2.815913 -0.133857 0.630612
2.893668 -0.125884 1.218840
2.812365 -0.248742 2.991098
2.836993 -0.241718 3.196494
2.812365 -0.248742 2.991098
2.836993 -0.241718 3.196494
2.855216 -0.082420 2.182019
2.870925 -0.254062 2.182446
2.855216 -0.082420 2.182019
2.899795 -0.119177 1.804035
2.870925 -0.254062 2.182446
2.884708 -0.276943 1.802604
2.818223 -0.128932 1.806119
2.884708 -0.276943 1.802604
2.884708 -0.276943 1.802604
2.890702 -0.264514 1.218179
2.816715 -0.128846 1.220759
2.818223 -0.128932 1.806119
2.876086 -0.092244 2.998392
2.951696 -0.228304 2.669797
2.951696 -0.228304 2.669797
2.812365 -0.248742 2.991098
3.020511 -0.178783 0.500615
1.522005 -0.046524 0.500616
2.864520 -0.118749 0.558146
2.864521 -0.234332 0.491051
2.864521 -0.234332 0.491051
2.864521 -0.238148 0.564961
0.074603 -0.128340 0.564962
0.074603 -0.132155 0.491051
0.074603 -0.128340 0.564962
2.864520 -0.118749 0.558146
0.663420 -0.202611 1.109865
2.021799 -0.164693 1.062262
2.023984 -0.155166 1.085478
2.009587 -0.112219 1.047364
0.148079 -0.070121 1.075800
0.675291 -0.193672 1.094942
0.675291 -0.193672 1.094942
2.839885 -0.071192 1.066608
2.845001 -0.080312 1.103269
1.296247 -0.135321 1.083446
1.309612 -0.142322 1.120631
1.443327 -0.104983 1.069897
1.296247 -0.135321 1.083446
0.146211 -0.070126 1.233110
0.659106 -0.217447 1.210148
1.960459 -0.164693 1.218924
2.835279 -0.092310 1.202987
2.845001 -0.080312 1.226299
2.839869 -0.072721 1.188578
1.948202 -0.116085 1.201694
0.659106 -0.217447 1.210148
0.146211 -0.070126 1.233110
0.675276 -0.193665 1.217956
0.675276 -0.193665 1.217956
1.962644 -0.158383 1.236669
2.845001 -0.080312 1.226299
1.309612 -0.142300 1.208529
1.443327 -0.104983 1.192926
0.127640 -0.070367 1.361909
0.659114 -0.082126 1.361710
1.960459 -0.166191 1.374922
1.962540 -0.157468 1.393288
2.844940 -0.130902 1.381107
2.839891 -0.119760 1.345580
1.948096 -0.117848 1.356997
1.443217 -0.107198 1.350941
0.127640 -0.070367 1.361909
1.296268 -0.135418 1.326900
1.306012 -0.159798 1.346892
0.659114 -0.082126 1.361710
2.870558 -0.068930 1.506552
2.728170 -0.100415 1.299736
2.727741 -0.128796 1.299504
2.870648 -0.100009 1.507889
2.835209 -0.080416 1.770257
2.515872 -0.101435 1.477832
2.493648 -0.095917 1.296210
2.515872 -0.101435 1.477832
2.493648 -0.095917 1.296210
2.493648 -0.095917 1.296210
2.728170 -0.100415 1.299736
2.853911 -0.095863 1.765725
2.583314 -0.137311 1.652106
2.515872 -0.101435 1.477832
2.896928 -0.093052 1.311488
2.870558 -0.068930 1.506552
0.332703 -0.140588 1.531834
0.119866 -0.078744 2.006771
0.104650 -0.074916 1.740864
0.135749 -0.098008 2.003014
0.099890 -0.096330 1.739290
0.104650 -0.074916 1.740864
0.337991 -0.114590 1.532895
0.392426 -0.143043 1.888755
0.332703 -0.140588 1.531834
0.471612 -0.063061 1.531993
0.119866 -0.078744 2.006771
0.451499 -0.088454 1.710360
0.392426 -0.143043 1.888755
0.077765 -0.069002 1.544393
0.099890 -0.096330 1.739290
0.077765 -0.069002 1.544393
2.390587 0.142293 1.852343
2.571555 0.077238 1.790420
2.351472 0.065338 1.778889
2.145400 0.014908 1.792601
2.351472 0.065338 1.778889
2.390587 0.142293 1.852343
-0.033041 -0.049309 1.379758
-0.022326 0.000000 1.449114
0.061121 -0.007462 1.804111
-0.011145 -0.049827 1.511684
-0.000191 0.000225 1.716444
0.118312 0.000011 1.705178
0.118312 0.000011 1.705178
2.351472 0.065338 1.778889
2.344988 -0.017072 1.636667
2.145400 0.014908 1.792601
2.549763 0.003734 1.786766
2.348989 0.019717 1.803656
2.348989 0.019717 1.803656
2.145400 0.014908 1.792601
2.336422 -0.050001 0.510615
1.503757 0.079142 1.688850
1.646738 0.036327 1.710301
1.525937 0.043744 1.406918
1.235070 0.025953 1.401875
1.240288 0.051943 1.637271
1.240288 0.051943 1.637271
1.627761 0.118489 1.739198
1.512974 0.001951 1.629223
1.254160 0.032033 1.764156
1.524100 -0.011813 1.397880
1.274273 -0.003437 1.597999
1.274273 -0.003437 1.597999
1.235070 0.025953 1.401875
1.524100 -0.011813 1.397880
2.022381 -0.078743 1.487428
2.198477 -0.115353 1.175591
2.070053 -0.079902 1.160646
1.042642 -0.014587 0.969179
0.241485 0.000215 1.510753
-0.001312 -0.050003 1.594988
-0.011145 -0.049827 1.511684
0.544871 0.010787 0.708202
-0.046244 -0.005189 1.131738
0.002626 -0.004465 0.703548
2.701027 -0.003083 1.655939
2.344988 -0.017072 1.636667
2.360208 -0.080000 1.478811
2.701027 -0.003083 1.655939
2.675119 0.000226 1.514896
2.360208 -0.080000 1.478811
2.675167 -0.050060 1.566935
2.387270 -0.111828 1.162432
2.345036 -0.082253 1.589610
2.675191 -0.050221 0.510461
3.003299 -0.003281 0.720084
3.001132 -0.001238 0.499745
0.269323 -0.001625 1.667638
-0.033041 -0.049309 1.379758
0.736712 0.039484 0.960171
0.684431 -0.003140 1.183166
1.042642 -0.014587 0.969179
1.013709 0.024686 0.916625
1.057708 0.052620 1.004465
2.921804 0.000029 1.488811
3.000397 -0.049771 1.577674
2.939063 0.000295 1.652359
3.000397 -0.049771 1.577674
2.957394 -0.049780 1.718280
2.776175 -0.049624 1.422801
2.789405 -0.004121 0.917584
2.827739 -0.050001 1.135059
2.789405 -0.004121 0.917584
2.863631 -0.050001 1.230808
2.899170 -0.050001 1.343315
2.877603 -0.000035 1.345466
1.832890 -0.049902 1.653541
1.941269 -0.015445 1.616257
1.832890 -0.049902 1.653541
1.844476 -0.049952 1.704666
2.022381 -0.078743 1.487428
1.900985 -0.050282 1.715422
2.206295 -0.076204 1.492828
2.186925 -0.061820 1.649508
1.941269 -0.015445 1.616257
2.022381 -0.078743 1.487428
0.684431 -0.003140 1.183166
0.786150 -0.014463 0.980565
0.846376 0.001183 0.573668
0.977926 0.017158 0.796193
1.941269 -0.015445 1.616257
1.832890 -0.049902 1.653541
1.013709 0.024686 0.916625
0.211932 -0.028783 1.599924
0.135653 -0.050039 1.654661
1.525937 0.043744 1.406918
1.799953 -0.050790 1.499137
1.254160 0.032033 1.764156
1.268142 0.134608 1.809315
1.136050 0.066036 1.304851
2.789405 -0.004121 0.917584
2.899170 -0.050001 1.343315
1.799953 -0.050790 1.499137
1.850473 -0.014095 1.504101
0.118312 0.000011 1.705178
0.061121 -0.007462 1.804111
0.390801 0.049345 1.655615
1.042642 -0.014587 0.969179
0.903772 -0.036803 0.758907
2.145400 0.014908 1.792601
2.148592 -0.017946 1.639669
2.219229 -0.055161 1.025321
2.240987 -0.082037 1.174335
0.211932 -0.028783 1.599924
0.135653 -0.050039 1.654661
0.000030 -0.050043 1.747908
0.110615 -0.050017 1.734912
0.663330 0.035377 1.127232
0.788825 0.022896 0.893258
2.222811 -0.095890 1.424897
2.243789 -0.080055 1.372666
0.903772 -0.036803 0.758907
0.846376 0.001183 0.573668
-0.002195 -0.002629 0.501141
0.977926 0.017158 0.796193
2.390587 0.142293 1.852343
2.348989 0.019717 1.803656
1.850473 -0.014095 1.504101
1.741561 0.031988 1.593140
1.232457 0.076316 1.736692
0.521774 0.012505 1.674946
0.269323 -0.001625 1.667638
1.096907 0.067746 1.139488
1.136050 0.066036 1.304851
1.103727 0.002504 1.201908
1.103727 0.002504 1.201908
1.155033 -0.028595 1.508619
2.877603 -0.000035 1.345466
2.921804 0.000029 1.488811
0.269323 -0.001625 1.667638
1.627761 0.118489 1.739198
1.155033 -0.028595 1.508619
1.103727 0.002504 1.201908
0.585470 0.002332 1.446089
0.552993 0.026689 1.503386
2.957394 -0.049780 1.718280
2.877603 -0.000035 1.345466
2.862729 0.000421 1.230871
0.118312 0.000011 1.705178
0.110615 -0.050017 1.734912
0.135653 -0.050039 1.654661
0.141949 0.000117 1.594419
0.637928 0.018489 1.246288
0.684431 -0.003140 1.183166
0.684431 -0.003140 1.183166
0.786150 -0.014463 0.980565
2.206295 -0.076204 1.492828
2.243789 -0.080055 1.372666
2.121298 -0.020972 1.748160
2.154766 -0.042391 1.579159
2.206295 -0.076204 1.492828
2.186925 -0.061820 1.649508
0.211932 -0.028783 1.599924
1.235070 0.025953 1.401875
1.155033 -0.028595 1.508619
0.786150 -0.014463 0.980565
0.830313 -0.031019 0.902027
0.786150 -0.014463 0.980565
0.772492 0.041533 0.888008
2.877603 -0.000035 1.345466
2.940224 -0.049998 1.640675
2.939063 0.000295 1.652359
2.940224 -0.049998 1.640675
2.940224 -0.049998 1.640675
2.957394 -0.049780 1.718280
2.022381 -0.078743 1.487428
-0.000191 0.000225 1.716444
-0.001312 -0.050003 1.594988
-0.001312 -0.050003 1.594988
0.000030 -0.050043 1.747908
0.655542 -0.032340 1.323305
0.684431 -0.003140 1.183166
0.637928 0.018489 1.246288
0.585470 0.002332 1.446089
2.226548 -0.088731 1.080263
2.701027 -0.003083 1.655939
2.604191 0.033010 1.741055
1.240288 0.051943 1.637271
1.274273 -0.003437 1.597999
3.000397 -0.049771 1.577674
3.001152 -0.048850 1.230615
0.521774 0.012505 1.674946
0.269323 -0.001625 1.667638
0.552993 0.026689 1.503386
0.529512 0.037127 1.566509
3.000397 -0.049771 1.577674
2.940224 -0.049998 1.640675
2.121298 -0.020972 1.748160
2.226548 -0.088731 1.080263
2.219229 -0.055161 1.025321
2.243789 -0.080055 1.372666
2.240987 -0.082037 1.174335
2.065812 -0.193573 0.930160
2.835279 -0.092310 0.933244
2.845001 -0.080311 0.956557
0.147725 -0.070529 0.929101
0.736425 -0.087761 0.926015
2.839891 -0.070911 0.919842
0.736425 -0.087761 0.926015
0.147725 -0.070529 0.929101
2.839891 -0.070911 0.919842
2.053604 -0.140800 0.915276
0.260292 0.006424 0.660671
0.422877 0.012136 0.807278
0.435333 0.009441 0.670361
0.152701 -0.288980 1.217106
0.062564 -0.214462 0.628801
0.063725 -0.140446 0.628848
0.062564 -0.214462 0.628801
0.066092 -0.282604 2.989722
0.059789 -0.288936 2.394109
0.138967 -0.281297 2.992849
0.127485 -0.263474 2.392176
0.063725 -0.140446 0.628848
0.155102 -0.153501 1.218839
0.064609 -0.144357 2.987585
0.137457 -0.142220 2.990706
0.152701 -0.288980 1.217106
0.155102 -0.153501 1.218839
0.063725 -0.140446 0.628848
0.155102 -0.153501 1.218839
0.127485 -0.263474 2.392176
0.138967 -0.281297 2.992849
0.064609 -0.144357 2.987585
0.137457 -0.142220 2.990706
0.137457 -0.142220 2.990706
0.132812 -0.272577 3.190593
0.066092 -0.282604 2.989722
0.132812 -0.272577 3.190593
0.064494 -0.143087 3.066002
0.066092 -0.282604 2.989722
0.064494 -0.143087 3.066002
0.057828 -0.137143 3.190591
0.132812 -0.272577 3.190593
0.137457 -0.142220 2.990706
0.136942 -0.130822 1.804035
0.064088 -0.131658 1.805955
0.117699 -0.122520 2.393942
0.136942 -0.130822 1.804035
0.138464 -0.271595 1.802291
0.065604 -0.272436 1.804210
0.078112 -0.156502 1.220765
0.152701 -0.288980 1.217106
0.138464 -0.271595 1.802291
0.065604 -0.272436 1.804210
0.155102 -0.153501 1.218839
0.078112 -0.156502 1.220765
0.062475 -0.141674 0.392549
0.139572 -0.141550 0.392495
0.063725 -0.140446 0.628848
0.139572 -0.141550 0.392495
0.063725 -0.140446 0.628848
0.062475 -0.141674 0.498699
0.062475 -0.141674 0.498699
0.062475 -0.273331 0.496561
0.063144 -0.273331 0.628801
0.062475 -0.273331 0.496561
0.139572 -0.141550 0.392495
0.139273 -0.273509 0.502378
0.062475 -0.141674 0.498699
0.062475 -0.141674 0.392549
0.062475 -0.141674 0.392549
0.062730 -0.273586 0.392295
0.132812 -0.272577 3.190593
0.059218 -0.275440 3.190592
2.830618 -0.199119 1.534932
2.830617 -0.208226 1.686883
2.830617 -0.135324 1.683116
2.830618 -0.199119 1.534932
0.104384 -0.210525 1.686883
0.104384 -0.141683 1.686883
2.823819 -0.256258 0.628801
2.823240 -0.197389 0.628801
2.816724 -0.128837 1.220759
2.823240 -0.197389 0.628801
2.822601 -0.257352 2.989923
2.901450 -0.254814 0.628815
2.823819 -0.256258 0.628801
2.884423 -0.258367 2.182683
2.822601 -0.257352 2.989923
2.901450 -0.254814 0.628815
2.899860 -0.196542 0.628801
2.891363 -0.261262 1.217096
2.893668 -0.125884 1.218840
2.884681 -0.092031 2.182483
2.951696 -0.228304 2.669797
2.819777 -0.118648 2.987780
2.894837 -0.118226 3.180998
2.894837 -0.118226 3.180998
2.893512 -0.116781 2.990730
2.899604 -0.255975 3.072516
2.896890 -0.255343 3.180540
2.893512 -0.116781 2.990730
2.899604 -0.255975 3.072516
2.826941 -0.120013 1.805955
2.816412 -0.127121 2.184383
2.826941 -0.120013 1.805955
2.816412 -0.127121 2.184383
2.951847 -0.223815 2.180716
2.901316 -0.259950 1.802291
2.901316 -0.259950 1.802291
2.951847 -0.223815 2.180716
2.828456 -0.260793 1.804210
2.891363 -0.261262 1.217096
2.899795 -0.119177 1.804035
2.901316 -0.259950 1.802291
2.893668 -0.125884 1.218840
2.816724 -0.128837 1.220759
2.823150 -0.121966 0.392549
2.823405 -0.253878 0.392295
2.824909 -0.122824 0.628825
2.899962 -0.253786 0.502379
2.824909 -0.122824 0.628825
2.823150 -0.121966 0.498699
2.824909 -0.122824 0.628825
2.823819 -0.256258 0.628801
2.899962 -0.253786 0.502379
2.823150 -0.253623 0.496561
2.899771 -0.121966 0.504696
2.899919 -0.122114 0.392402
2.899771 -0.121966 0.504696
2.899919 -0.122114 0.392402
2.823150 -0.121966 0.498699
2.823150 -0.121966 0.392549
2.819777 -0.118648 2.987780
2.816412 -0.127121 2.184383
2.884681 -0.092031 2.182483
2.884681 -0.092031 2.182483
2.951696 -0.228304 2.669797
2.893512 -0.116781 2.990730
2.899604 -0.255975 3.072516
1.521987 -0.050001 0.500616
3.000000 -0.050001 0.500615
1.521987 -0.050001 0.500616
1.519246 -0.300001 0.500615
2.864520 -0.118749 0.558146
0.074603 -0.132155 0.491051
2.864521 -0.234332 0.491051
0.074603 -0.247736 0.558146
2.864520 -0.118749 0.558146
0.074603 -0.132155 0.491051
0.074603 -0.128340 0.564962
2.864520 -0.118749 0.558146
2.104203 -0.205513 0.505441
2.037456 -0.205668 0.557125
0.659116 -0.217458 1.087125
2.021799 -0.164693 1.062262
2.024085 -0.150213 1.084551
2.845001 -0.080312 1.103269
2.009592 -0.111973 1.047318
0.148079 -0.070121 1.075800
0.675291 -0.193672 1.094942
0.675291 -0.193672 1.094942
0.148079 -0.070121 1.075800
2.839891 -0.070911 1.066555
2.066602 -0.157979 1.084248
1.296247 -0.135321 1.083446
1.443327 -0.104983 1.069897
1.443327 -0.104983 1.069897
0.663408 -0.202615 1.232902
1.960459 -0.164693 1.218924
1.962745 -0.150213 1.241214
2.845001 -0.080312 1.226299
1.948252 -0.111973 1.203981
0.146211 -0.070126 1.233110
0.675276 -0.193665 1.217956
0.675276 -0.193665 1.217956
0.146211 -0.070126 1.233110
0.663408 -0.202615 1.232902
2.839891 -0.070911 1.189585
2.066602 -0.157979 1.207278
1.296247 -0.135302 1.171343
1.309612 -0.142300 1.208529
1.309612 -0.142300 1.208529
1.296247 -0.135302 1.171343
0.127581 -0.071988 1.362738
0.675276 -0.058326 1.369628
1.960459 -0.166191 1.374922
2.835279 -0.141159 1.358985
2.845002 -0.129159 1.382296
0.127581 -0.071988 1.362738
0.651041 -0.059846 1.346819
2.839891 -0.119760 1.345580
1.948252 -0.113475 1.359978
0.127581 -0.071988 1.362738
0.675276 -0.058326 1.369628
2.839891 -0.119760 1.345580
2.066602 -0.159481 1.363275
1.296231 -0.136432 1.327418
2.870346 -0.072241 1.507885
2.896928 -0.093052 1.311488
2.728143 -0.100836 1.299905
2.728177 -0.104114 1.478324
2.835562 -0.107387 1.770126
2.835562 -0.107387 1.770126
2.835209 -0.080416 1.770257
2.519813 -0.103237 1.478562
2.498216 -0.118864 1.299896
2.728177 -0.128260 1.299896
2.498216 -0.118864 1.299896
2.519813 -0.103237 1.478562
2.498216 -0.091480 1.299896
2.498216 -0.118864 1.299896
2.498216 -0.091480 1.299896
2.584267 -0.110209 1.652290
2.584205 -0.137648 1.652310
2.835562 -0.107387 1.770126
2.860884 -0.074027 1.851751
2.832683 -0.081109 2.186413
2.584205 -0.137648 1.652310
2.584267 -0.110209 1.652290
2.860759 -0.101539 1.851795
2.830443 -0.109058 2.130301
2.870415 -0.075397 2.122073
2.860759 -0.101539 1.851795
2.830443 -0.109058 2.130301
2.835539 -0.109036 2.188611
2.870415 -0.075397 2.122073
2.896928 -0.093052 1.311488
2.870346 -0.072241 1.507885
0.239899 -0.120326 1.710844
0.332545 -0.140626 1.532690
0.077765 -0.069002 1.544393
0.105256 -0.069635 1.740891
0.140806 -0.071478 2.003136
0.105256 -0.069635 1.740891
0.099769 -0.096462 1.740633
0.468547 -0.061293 1.531941
0.448844 -0.085225 1.710748
0.141029 -0.081204 2.421616
0.115562 -0.103240 2.504155
0.443298 -0.112139 1.710553
0.387605 -0.140870 1.884929
0.140806 -0.071478 2.003136
0.448844 -0.085225 1.710748
0.443298 -0.112139 1.710553
0.140806 -0.071478 2.003136
0.109286 -0.099890 2.084484
0.138176 -0.109093 2.419142
0.146047 -0.081645 2.363306
0.138176 -0.109093 2.419142
0.114925 -0.072975 2.084789
0.146047 -0.081645 2.363306
0.138176 -0.109093 2.419142
0.146047 -0.081645 2.363306
0.141029 -0.081204 2.421616
0.115562 -0.103240 2.504155
0.115562 -0.103240 2.504155
1.855839 0.044178 0.704962
1.843874 0.005046 0.500829
1.854687 0.000866 1.501251
1.837468 0.008148 1.511228
1.893732 -0.029139 1.146134
1.887247 -0.038515 1.067521
1.190814 0.038071 0.860029
1.189453 0.040249 0.841066
1.859068 0.035750 0.777984
1.859103 0.035795 0.797427
1.528175 0.054042 1.186228
1.877718 -0.030680 1.206917
1.399337 0.059518 1.166543
1.403085 0.059518 1.185573
1.193278 0.038558 0.860742
1.202923 0.045543 1.408706
1.196704 0.062497 1.373986
1.208004 0.076110 1.172553
1.202539 0.033818 0.913916
2.701026 0.002601 0.642456
2.329683 0.003871 0.638510
2.717126 0.002601 0.623869
2.780567 -0.000590 0.903533
2.745694 0.002601 0.623717
2.754144 0.002601 0.647889
2.774773 0.002601 0.667483
2.795133 0.005103 1.111280
2.325655 0.012457 0.703629
2.307505 -0.014322 0.820495
2.289219 -0.015497 0.815422
2.236349 -0.067603 1.136732
0.666326 0.009586 0.631797
0.661918 0.009586 0.612791
0.189050 0.011545 0.862859
0.266414 0.010164 0.635591
0.241865 0.010164 0.641176
0.158095 0.008999 1.163993
0.139435 0.008999 1.164665
0.154818 0.008828 1.254424
0.152125 0.000830 1.455480
0.165554 0.000775 1.408650
0.705823 0.010810 0.715878
0.766396 0.029924 0.905195
0.151547 -0.017046 1.399903
0.159848 0.000000 1.449114
0.296379 0.042613 1.644791
0.276780 -0.003057 1.627091
1.534088 0.109833 1.772927
1.570314 0.135462 1.760816
2.307923 0.012595 1.796663
2.145631 0.014344 1.792700
2.390587 0.142293 1.852343
2.348908 0.020222 1.803419
2.307923 0.012595 1.796663
2.571552 0.077241 1.790415
2.390587 0.142293 1.852343
1.391275 0.142092 1.808849
1.268098 0.134576 1.808849
1.268098 0.134576 1.808849
1.347183 0.147914 1.819770
1.292752 0.146685 1.824845
1.316733 0.142483 1.828835
1.864676 -0.032133 1.724511
1.900562 -0.050001 1.715107
1.304425 0.077474 1.817863
1.316733 0.142483 1.828835
1.304425 0.077474 1.817863
0.180618 0.000000 1.376716
-0.022326 0.000000 1.449114
0.077445 0.000000 1.773149
0.061063 -0.007469 1.803940
-0.000000 -0.000788 1.808368
0.466040 0.046530 1.644791
-0.001892 0.000000 1.594408
0.183542 -0.050001 1.629166
-0.001313 -0.050001 1.594987
3.000000 -0.050001 0.920615
3.000000 -0.000000 0.920615
3.000000 0.000000 1.230615
-0.002190 -0.050001 0.868483
-0.040000 0.000000 1.130615
3.000000 -0.000000 0.720615
3.000000 -0.000000 0.920615
0.006938 -0.050001 0.704798
0.007017 -0.000000 0.703590
-0.002667 -0.000000 0.857949
0.007017 -0.000000 0.703590
2.344990 0.045536 1.794614
2.299922 0.053707 1.767555
2.351480 0.065305 1.778915
2.141524 -0.029708 1.611338
2.344990 -0.017078 1.636672
2.674990 -0.000825 1.684408
2.165099 0.022554 1.723585
2.172904 0.041485 1.753198
2.172904 0.041485 1.753198
2.471717 0.013138 1.796077
2.348908 0.020222 1.803419
2.595345 -0.010087 1.762359
2.344990 -0.014302 1.760015
2.121303 -0.020975 1.748162
2.344990 -0.014302 1.760015
2.336422 -0.050001 0.510615
1.850540 -0.014266 1.504257
1.526007 0.044751 1.406841
1.510891 0.060427 1.638854
1.693214 0.060169 1.651517
1.240460 0.051873 1.637288
1.776520 0.018903 1.551579
1.741584 0.031941 1.593217
1.516200 0.045422 1.553922
1.257338 0.111198 1.781569
1.268098 0.134576 1.808849
1.495323 0.132251 1.768241
1.495323 0.132251 1.768241
1.570314 0.135462 1.760816
1.249520 0.093061 1.758844
1.257338 0.111198 1.781569
1.512640 0.002946 1.628168
1.274695 -0.002921 1.597915
1.524251 -0.011290 1.397837
1.254121 0.032280 1.763629
1.499662 0.049355 1.748222
1.517778 -0.009251 1.522547
1.499662 0.049355 1.748222
1.255809 -0.008681 1.532866
1.518696 -0.017383 1.498734
1.752988 -0.050001 1.524232
1.209380 -0.011604 1.396744
2.059248 -0.112396 1.170560
1.013791 0.025096 0.916585
1.000000 -0.050001 0.510615
0.221779 0.000000 1.444259
0.514508 -0.050001 1.451815
-0.036506 -0.050001 1.235556
0.545431 0.000058 1.607267
-0.040000 0.000000 1.130615
-0.033794 -0.050001 1.147140
-0.002667 -0.000000 0.857949
-0.002190 -0.050001 0.868483
0.006938 -0.050001 0.704798
0.534990 -0.050001 0.510615
2.674990 0.000058 1.652143
2.674990 0.000000 1.514851
2.344990 -0.017078 1.636672
2.674990 0.000000 1.473542
2.344990 -0.051784 1.665609
2.698706 -0.047182 1.657828
2.360210 -0.080000 1.478811
2.674990 -0.050001 1.566786
2.674990 -0.050001 0.510615
3.000000 -0.050001 0.510615
1.209380 -0.011604 1.396744
1.137406 -0.010929 1.398255
1.155286 0.041685 1.408151
1.526007 0.044751 1.406841
0.529575 0.036870 1.566404
0.507367 0.049265 1.617632
1.027388 0.039717 0.980050
1.003073 0.064244 0.974133
1.096907 0.067746 1.139488
1.057664 0.052562 1.004525
0.812015 0.019038 0.835759
0.868924 -0.036022 0.799355
0.846298 0.001047 0.573684
0.868924 -0.036022 0.799355
0.682597 -0.002970 1.182502
0.627181 0.014031 1.301918
0.682597 -0.002970 1.182502
0.663131 0.035078 1.127162
1.013791 0.025096 0.916585
1.042667 -0.014364 0.969137
1.079894 0.031850 1.010609
1.089164 0.002999 1.152479
1.079894 0.031850 1.010609
1.089164 0.002999 1.152479
3.000000 0.000000 1.630268
3.000000 0.000000 1.696339
3.000000 -0.007896 1.735226
3.000000 0.000000 1.473542
3.000000 0.000000 1.525558
2.956993 -0.050001 1.717837
3.000000 -0.050001 1.719835
2.721634 0.000000 1.519245
2.699803 -0.001524 1.654891
3.000000 -0.050001 1.577504
2.933709 -0.049999 1.580212
2.746771 -0.050001 1.566786
2.788873 -0.004696 0.917549
2.811581 -0.048467 1.195587
2.863631 -0.050001 1.230808
2.788873 -0.004696 0.917549
2.899170 -0.050001 1.343315
2.924634 -0.050001 1.530438
1.850540 -0.014266 1.504257
2.019320 -0.075920 1.485446
1.877999 -0.004438 1.610393
1.941301 -0.015590 1.616210
1.832930 -0.050001 1.653524
2.015390 -0.102001 1.526266
1.799389 -0.050001 1.498740
2.186720 -0.061189 1.649197
2.227424 -0.086033 1.582560
2.226548 -0.088731 1.080263
2.240709 -0.080000 1.174535
2.117138 -0.080000 1.289718
2.073145 -0.097652 1.398542
1.941301 -0.015590 1.616210
1.903879 -0.029373 1.691648
2.015390 -0.102001 1.526266
3.000000 -0.000000 0.720615
3.000000 0.000000 0.500615
0.006938 -0.050001 0.704798
0.007017 -0.000000 0.703590
0.007017 -0.000000 0.703590
-0.000000 -0.050001 0.510615
1.236229 0.027720 1.401310
1.255809 -0.008681 1.532866
1.304425 0.077474 1.817863
1.455721 0.083584 1.791943
1.455721 0.083584 1.791943
0.064807 -0.036835 1.802949
0.110597 -0.050001 1.734895
0.846298 0.001047 0.573684
1.042667 -0.014364 0.969137
2.674990 -0.000825 1.684408
2.788873 -0.004696 0.917549
1.877999 -0.004438 1.610393
1.864676 -0.032133 1.724511
2.073145 -0.097652 1.398542
2.015390 -0.102001 1.526266
2.198667 -0.111913 1.175496
2.004167 -0.008334 0.505615
1.808175 -0.031719 1.472498
1.810511 0.006075 1.528111
1.808175 -0.031719 1.472498
1.810511 0.006075 1.528111
1.236229 0.027720 1.401310
1.234216 -0.016910 1.443896
0.433360 0.020415 1.701686
0.390785 0.049229 1.655484
0.622139 -0.044888 1.448745
-0.054360 -0.049435 1.815019
-0.000000 -0.048694 1.810901
1.153603 0.052413 1.382846
1.153389 -0.007997 1.480843
2.775817 -0.050001 1.422689
2.760470 0.000000 1.338416
2.749778 -0.037298 1.504345
2.775817 -0.050001 1.422689
2.775817 -0.050001 1.422689
2.731443 0.000000 1.473542
1.934110 -0.054943 1.656785
1.526007 0.044751 1.406841
2.039624 -0.078340 1.437846
2.172904 0.041485 1.753198
2.165099 0.022554 1.723585
1.627668 0.118676 1.738844
1.590330 0.057501 1.741395
0.504197 0.044264 1.646079
0.466040 0.046530 1.644791
1.799389 -0.050001 1.498740
2.653404 -0.034920 1.716937
2.674990 -0.000825 1.684408
2.638397 0.022554 1.723585
1.232400 0.076364 1.736676
1.254121 0.032280 1.763629
1.304425 0.077474 1.817863
1.096907 0.067746 1.139488
0.682283 -0.024097 1.239652
0.713666 -0.018167 1.155720
0.682597 -0.002970 1.182502
0.682283 -0.024097 1.239652
2.788873 -0.004696 0.917549
2.899170 -0.050001 1.343315
2.073145 -0.097652 1.398542
2.039624 -0.078340 1.437846
2.073145 -0.097652 1.398542
2.039624 -0.078340 1.437846
3.000000 -0.050001 1.719835
2.975021 0.000000 1.742670
1.850540 -0.014266 1.504257
1.808175 -0.031719 1.472498
1.832930 -0.050001 1.653524
1.850540 -0.014266 1.504257
0.269795 -0.002201 1.666968
0.326037 0.025743 1.715589
0.110597 -0.050001 1.734895
0.118308 0.000000 1.705174
0.110597 -0.050001 1.734895
0.061063 -0.007469 1.803940
0.504197 0.044264 1.646079
1.042667 -0.014364 0.969137
0.903253 -0.037020 0.759127
2.746771 -0.050001 1.566786
2.698706 -0.047182 1.657828
2.145631 0.014344 1.792700
2.148740 -0.018276 1.639713
2.219005 -0.053688 1.025459
2.180822 -0.080000 1.157205
3.000000 0.000000 0.500615
1.752988 -0.050001 1.524232
1.808175 -0.031719 1.472498
0.135619 -0.050001 1.654640
0.183542 -0.050001 1.629166
-0.000000 -0.048694 1.810901
-0.000000 -0.050001 1.747860
0.064807 -0.036835 1.802949
0.854291 0.010376 0.730644
0.868924 -0.036022 0.799355
2.806217 -0.050001 1.230888
2.944451 0.000000 1.696339
2.938727 0.000000 1.652096
2.226548 -0.088731 1.080263
2.226842 -0.098145 1.387858
0.846298 0.001047 0.573684
0.977927 0.017170 0.796192
1.741584 0.031941 1.593217
1.693214 0.060169 1.651517
1.741584 0.031941 1.593217
1.808175 -0.031719 1.472498
1.693214 0.060169 1.651517
1.660974 0.086564 1.696641
1.693214 0.060169 1.651517
1.686059 0.002946 1.647315
1.693214 0.060169 1.651517
1.686059 0.002946 1.647315
1.734473 -0.028011 1.569030
1.693214 0.060169 1.651517
2.348908 0.020222 1.803419
2.299922 0.053707 1.767555
2.348908 0.020222 1.803419
1.079894 0.031850 1.010609
1.057664 0.052562 1.004525
1.042667 -0.014364 0.969137
1.027388 0.039717 0.980050
3.000000 -0.050001 1.577504
2.933709 -0.049999 1.580212
2.811581 -0.048467 1.195587
2.781952 0.000000 1.202876
2.775817 -0.050001 1.422689
2.806217 -0.050001 1.230888
2.760470 0.000000 1.338416
2.775817 -0.050001 1.422689
2.019320 -0.075920 1.485446
1.223278 0.035470 1.452334
1.216295 0.043758 1.412535
1.223278 0.035470 1.452334
1.240460 0.051873 1.637288
0.491289 0.009915 1.680429
1.236229 0.027720 1.401310
1.216295 0.043758 1.412535
1.216295 0.043758 1.412535
1.209380 -0.011604 1.396744
1.216295 0.043758 1.412535
0.269795 -0.002201 1.666968
0.240065 -0.015926 1.636504
1.096907 0.067746 1.139488
1.103738 0.002669 1.201865
1.096907 0.067746 1.139488
1.103738 0.002669 1.201865
1.153389 -0.007997 1.480843
1.137406 -0.010929 1.398255
1.155049 -0.028463 1.508466
1.153389 -0.007997 1.480843
2.877516 0.000000 1.345509
3.000000 0.000000 1.473542
2.916590 0.000000 1.439623
2.907660 -0.006034 1.383984
1.900562 -0.050001 1.715107
1.934110 -0.054943 1.656785
1.844492 -0.050001 1.704590
1.864676 -0.032133 1.724511
1.844492 -0.050001 1.704590
1.877999 -0.004438 1.610393
0.276780 -0.003057 1.627091
0.276288 0.030377 1.617632
0.241955 0.000000 1.510820
0.221779 0.000000 1.444259
1.590330 0.057501 1.741395
1.646531 0.036123 1.710284
1.257338 0.111198 1.781569
1.232400 0.076364 1.736676
1.257338 0.111198 1.781569
1.103738 0.002669 1.201865
1.089164 0.002999 1.152479
0.622139 -0.044888 1.448745
0.585756 0.002441 1.446286
0.585756 0.002441 1.446286
0.552994 0.026680 1.503389
2.775817 -0.050001 1.422689
2.877516 0.000000 1.345509
2.862309 0.000000 1.230871
2.015390 -0.102001 1.526266
2.039624 -0.078340 1.437846
1.941301 -0.015590 1.616210
2.019320 -0.075920 1.485446
0.135619 -0.050001 1.654640
0.151547 -0.017046 1.399903
0.135619 -0.050001 1.654640
0.142066 0.000000 1.594408
0.135619 -0.050001 1.654640
0.142066 0.000000 1.594408
2.351480 0.065305 1.778915
2.299922 0.053707 1.767555
0.637922 0.018519 1.246278
0.713666 -0.018167 1.155720
0.786091 -0.014444 0.980543
0.682597 -0.002970 1.182502
0.713666 -0.018167 1.155720
2.933709 -0.049999 1.580212
2.907660 -0.006034 1.383984
2.243899 -0.080000 1.372668
2.226842 -0.098145 1.387858
2.243899 -0.080000 1.372668
2.222980 -0.095757 1.424891
2.186720 -0.061189 1.649197
2.121303 -0.020975 1.748162
2.222980 -0.095757 1.424891
2.186720 -0.061189 1.649197
1.391275 0.142092 1.808849
1.347183 0.147914 1.819770
0.240065 -0.015926 1.636504
0.269795 -0.002201 1.666968
0.240065 -0.015926 1.636504
0.276780 -0.003057 1.627091
0.276780 -0.003057 1.627091
0.221779 0.000000 1.444259
1.209380 -0.011604 1.396744
1.153389 -0.007997 1.480843
0.521761 0.012340 1.674624
0.830404 -0.030987 0.902079
0.868924 -0.036022 0.799355
0.830404 -0.030987 0.902079
0.788789 0.022664 0.893374
0.830404 -0.030987 0.902079
0.788789 0.022664 0.893374
2.794794 0.000000 1.112647
2.956993 -0.050001 1.717837
2.948237 -0.009139 1.724479
2.916590 0.000000 1.439623
2.933709 -0.049999 1.580212
2.916590 0.000000 1.439623
2.933709 -0.049999 1.580212
2.929018 0.000000 1.558910
2.940221 -0.049997 1.640675
2.929018 0.000000 1.558910
2.940221 -0.049997 1.640675
2.117138 -0.080000 1.289718
2.071058 -0.080000 1.376056
1.292752 0.146685 1.824845
1.268098 0.134576 1.808849
-0.042840 0.000000 1.225042
-0.040000 0.000000 1.130615
-0.032308 0.000000 1.376716
-0.042840 0.000000 1.225042
-0.036506 -0.050001 1.235556
-0.030995 -0.050001 1.379534
-0.022326 0.000000 1.449114
-0.030995 -0.050001 1.379534
-0.022326 0.000000 1.449114
-0.010950 -0.050001 1.511595
-0.000000 -0.048694 1.810901
-0.054360 -0.049435 1.815019
-0.000000 0.000000 1.716409
-0.010950 -0.050001 1.511595
-0.000000 0.000000 1.716409
-0.001313 -0.050001 1.594987
-0.000000 0.000000 1.716409
-0.000000 -0.048694 1.810901
0.627181 0.014031 1.301918
0.655624 -0.031496 1.323375
0.627181 0.014031 1.301918
0.622139 -0.044888 1.448745
0.655624 -0.031496 1.323375
2.699803 -0.001524 1.654891
2.721634 0.000000 1.519245
1.236229 0.027720 1.401310
1.274695 -0.002921 1.597915
1.274695 -0.002921 1.597915
1.263460 0.007988 1.672431
1.274695 -0.002921 1.597915
1.263460 0.007988 1.672431
0.126374 -0.050001 1.689968
0.135619 -0.050001 1.654640
3.000000 0.000000 1.473542
3.000000 -0.050001 1.230615
3.000000 0.000000 1.473542
3.000000 -0.050001 1.640614
3.000000 -0.050001 1.577504
3.000000 0.000000 1.696339
3.000000 -0.050001 1.719835
3.000000 0.000000 1.525558
3.000000 0.000000 1.630268
1.057664 0.052562 1.004525
1.013791 0.025096 0.916585
1.027388 0.039717 0.980050
0.269795 -0.002201 1.666968
0.521761 0.012340 1.674624
0.507367 0.049265 1.617632
0.504197 0.044264 1.646079
0.545431 0.000058 1.607267
0.552994 0.026680 1.503389
0.545431 0.000058 1.607267
0.529575 0.036870 1.566404
2.975021 0.000000 1.742670
2.198667 -0.111913 1.175496
2.117138 -0.080000 1.289718
2.198667 -0.111913 1.175496
2.219005 -0.053688 1.025459
2.226548 -0.088731 1.080263
2.226842 -0.098145 1.387858
0.131022 -0.107319 0.921224
2.065812 -0.193573 0.930160
0.136084 -0.092221 0.943767
2.068098 -0.179096 0.952450
2.844981 -0.080341 0.956564
0.124592 -0.084585 0.906662
0.149941 -0.069487 0.929205
2.066602 -0.157979 0.937535
2.850494 -0.059131 0.923837
2.850494 -0.059131 0.923837
0.124592 -0.084585 0.906662
0.131022 -0.107319 0.921224
2.651360 0.005822 1.034855
2.632521 0.005702 1.059866
1.548472 0.038908 1.036112
1.531573 0.042784 1.062187
1.495875 0.017769 0.565263
1.477319 0.021979 0.590130
2.634401 -0.007846 1.387032
2.616191 -0.012289 1.412115
1.843874 0.005046 0.500829
1.824862 0.005046 0.500829
1.874720 -0.029139 1.156615
1.837468 0.008148 1.511228
1.887247 -0.038515 1.067521
1.883977 0.028508 0.845914
1.523573 0.035346 0.837742
1.189453 0.040249 0.841066
1.877683 -0.027048 1.187474
1.877718 -0.030680 1.206917
1.527103 0.055294 1.167242
1.399337 0.059518 1.166543
1.199839 0.067181 1.183675
1.193614 0.067181 1.164760
1.174265 0.038558 0.859261
1.165838 0.016855 0.501318
1.196704 0.062497 1.373986
1.208004 0.076110 1.172553
1.539783 0.049635 1.292526
1.514609 0.051513 1.274001
0.334480 0.006319 1.381106
0.308751 0.007392 1.363292
0.368543 0.019931 0.970629
0.342762 0.019589 0.952862
0.435333 0.009441 0.670361
0.422877 0.012136 0.807278
0.063144 -0.273331 0.628801
0.062564 -0.214462 0.628801
0.080230 -0.154338 1.220759
0.062564 -0.214462 0.628801
0.066104 -0.282582 2.989720
0.064609 -0.144357 2.987585
0.081567 -0.285996 1.219015
0.063144 -0.273331 0.628801
0.066104 -0.282582 2.989720
0.061821 -0.290027 2.394096
0.139096 -0.141250 0.628801
0.062475 -0.141674 0.628801
0.121089 -0.124341 2.393921
0.055425 -0.163218 2.395840
0.139185 -0.213615 0.628801
0.156439 -0.285160 1.217096
0.139185 -0.213615 0.628801
0.155102 -0.153502 1.218839
0.127485 -0.263474 2.392176
0.121089 -0.124341 2.393921
0.064609 -0.144357 2.987585
0.066104 -0.282582 2.989720
0.064609 -0.144357 2.987585
0.137414 -0.142226 2.990705
0.137414 -0.142226 2.990705
0.138926 -0.281259 2.992847
0.065609 -0.272432 1.804210
0.061821 -0.290027 2.394096
0.121089 -0.124341 2.393921
0.064088 -0.131658 1.805955
0.136942 -0.130822 1.804035
0.061821 -0.290027 2.394096
0.065609 -0.272432 1.804210
0.065609 -0.272432 1.804210
0.081567 -0.285996 1.219015
0.065609 -0.272432 1.804210
0.081567 -0.285996 1.219015
0.138464 -0.271595 1.802291
0.156439 -0.285160 1.217096
0.136942 -0.130822 1.804035
0.155102 -0.153502 1.218839
0.062475 -0.273332 0.392549
0.062475 -0.141674 0.392549
0.139096 -0.141674 0.392550
0.139096 -0.141250 0.628801
0.139096 -0.141674 0.392550
0.062475 -0.141674 0.392549
0.062475 -0.273332 0.392549
0.063144 -0.273331 0.628801
0.139096 -0.273332 0.392550
0.062475 -0.273332 0.392549
0.132782 -0.272549 3.190591
0.059216 -0.275422 3.190591
0.104384 -0.141683 1.543386
0.104384 -0.210525 1.543386
2.830618 -0.139382 1.543386
0.104384 -0.141683 1.543386
0.104384 -0.141683 1.686883
2.830617 -0.139382 1.686884
2.823819 -0.256258 0.628801
2.823240 -0.197389 0.628801
2.818796 -0.126720 1.220759
2.823240 -0.197389 0.628801
2.881696 -0.245276 2.669754
2.883927 -0.258602 2.182635
2.895005 -0.257542 1.217096
2.900440 -0.255835 0.628801
2.951442 -0.228400 2.669773
2.951847 -0.223815 2.180716
2.881696 -0.245276 2.669754
2.883028 -0.092666 2.669975
2.813283 -0.109542 2.669956
2.884624 -0.092647 2.182460
2.895005 -0.257542 1.217096
2.899860 -0.196542 0.628801
2.899771 -0.124177 0.628801
2.893668 -0.125884 1.218840
2.884624 -0.092647 2.182460
2.951847 -0.223815 2.180716
2.822021 -0.257822 2.989720
2.823324 -0.258216 3.180540
2.821936 -0.119937 3.180540
2.820525 -0.119597 2.987585
2.894842 -0.256499 2.992847
2.896890 -0.255343 3.180540
2.894842 -0.256499 2.992847
2.822021 -0.257822 2.989720
2.884624 -0.092647 2.182460
2.816704 -0.127433 2.184380
2.951847 -0.223815 2.180716
2.884624 -0.092647 2.182460
2.883927 -0.258602 2.182635
2.951847 -0.223815 2.180716
2.828462 -0.260787 1.804210
2.826941 -0.120013 1.805955
2.828462 -0.260787 1.804210
2.901316 -0.259950 1.802291
2.893668 -0.125884 1.218840
2.899795 -0.119177 1.804035
2.818796 -0.126720 1.220759
2.826941 -0.120013 1.805955
2.899771 -0.121966 0.392550
2.899771 -0.253624 0.392550
2.899771 -0.124177 0.628801
2.899771 -0.121966 0.392550
2.823150 -0.124601 0.628801
2.823150 -0.121966 0.392549
2.823150 -0.253624 0.392549
2.823150 -0.121966 0.392549
2.822021 -0.257822 2.989720
2.820525 -0.119597 2.987585
2.820525 -0.119597 2.987585
2.822021 -0.257822 2.989720
1.521987 -0.050001 0.500616
1.519246 -0.300001 0.500615
1.521987 -0.050001 0.500616
0.000000 -0.050001 0.500615
2.864521 -0.238148 0.495062
0.074603 -0.241252 0.495062
2.864521 -0.238148 0.564961
0.074603 -0.241252 0.564962
2.864521 -0.125234 0.495062
2.864520 -0.125234 0.564962
2.864521 -0.238148 0.564961
2.864520 -0.125234 0.564962
2.334090 0.003871 0.619504
2.329683 0.003871 0.638510
2.800879 -0.003709 0.904254
2.729595 0.002601 0.642304
2.754144 0.002601 0.647889
2.795133 0.005103 1.111280
2.801511 0.004162 0.969765
2.356314 0.003383 0.500353
2.374632 0.004547 0.501456
0.294983 0.010164 0.635743
0.666326 0.009586 0.631797
0.278883 0.010164 0.617156
0.196618 0.010164 0.671477
0.250315 0.010164 0.617004
0.241865 0.010164 0.641176
0.221236 0.010164 0.660769
0.203163 0.010164 0.648218
0.154818 0.008828 1.254424
0.165554 0.000775 1.408650
0.639694 0.005484 0.499982
0.621377 0.006648 0.501085
0.909709 -0.207308 0.557134
0.843008 -0.207163 0.505479
0.909971 -0.156811 0.556873
0.151545 -0.150226 1.550129
0.084844 -0.150080 1.498474
0.084582 -0.200577 1.498735
2.037465 -0.207308 0.557134
2.104166 -0.207163 0.505479
2.037203 -0.156811 0.556873
2.037465 -0.207308 0.557134
2.103904 -0.156666 0.505218
2.862330 -0.150080 1.498474
0.131022 -0.107319 1.067937
2.024085 -0.150213 1.084551
2.009592 -0.111973 1.047318
0.124592 -0.084585 1.053375
2.839813 -0.071024 1.066585
2.066602 -0.157979 1.084248
0.136084 -0.092221 1.090480
2.066602 -0.157979 1.084248
2.066602 -0.157979 1.084248
0.124592 -0.084585 1.053375
0.149941 -0.069487 1.075918
0.129205 -0.107319 1.230909
1.960459 -0.164690 1.218925
0.134267 -0.092221 1.253452
1.962745 -0.150213 1.241214
2.835279 -0.092310 1.202987
1.948252 -0.111973 1.203981
2.839813 -0.071024 1.189615
2.066602 -0.157979 1.207278
2.850494 -0.059131 1.193580
0.134267 -0.092221 1.253452
0.148124 -0.069487 1.232920
0.110635 -0.108821 1.362784
2.844981 -0.129191 1.382305
0.104205 -0.086086 1.348222
0.129555 -0.070988 1.362461
2.850494 -0.107980 1.349577
2.850494 -0.107980 1.349577
0.104205 -0.086086 1.348222
0.110635 -0.108821 1.362784
2.896607 -0.066132 1.311795
2.728177 -0.100876 1.299896
2.896607 -0.093516 1.311795
2.728177 -0.128260 1.299896
2.728177 -0.104114 1.478324
2.835209 -0.107800 1.770257
2.835209 -0.080416 1.770257
2.835209 -0.107800 1.770257
2.520633 -0.076730 1.478324
2.520633 -0.104114 1.478324
2.520633 -0.104114 1.478324
2.859890 -0.099411 2.273034
2.854737 -0.075915 2.271368
2.498216 -0.118864 1.299896
2.728177 -0.128260 1.299896
2.584205 -0.110264 1.652310
2.520633 -0.104114 1.478324
2.520633 -0.076730 1.478324
2.584205 -0.137648 1.652310
2.860755 -0.101537 1.851794
2.835209 -0.107800 1.770257
2.830357 -0.081614 2.130293
2.584205 -0.137648 1.652310
2.830357 -0.108998 2.130293
2.860755 -0.101537 1.851794
2.860755 -0.101537 1.851794
2.860755 -0.074153 1.851794
2.832435 -0.081126 2.186453
2.830357 -0.081614 2.130293
2.873582 -0.100168 2.123130
2.835547 -0.108998 2.188589
2.854737 -0.075915 2.271368
2.870263 -0.075288 2.122056
2.838414 -0.108998 2.220796
2.835547 -0.108998 2.188589
2.832435 -0.081126 2.186453
2.896607 -0.093516 1.311795
2.896607 -0.066132 1.311795
0.072878 -0.095307 1.544537
0.332553 -0.140619 1.532695
0.078366 -0.068480 1.544796
0.072878 -0.095307 1.544537
0.245451 -0.093443 1.711146
0.141237 -0.071181 2.003272
0.135749 -0.098008 2.003014
0.099769 -0.096462 1.740633
0.443298 -0.112139 1.710553
0.448785 -0.085311 1.710812
0.448785 -0.085311 1.710812
0.473759 -0.034866 1.532495
0.115557 -0.103305 2.504091
0.115216 -0.079269 2.505987
0.443298 -0.112139 1.710553
0.468272 -0.061694 1.532236
0.473759 -0.034866 1.532495
0.387680 -0.140835 1.884950
0.448785 -0.085311 1.710812
0.443298 -0.112139 1.710553
0.114927 -0.072978 2.084788
0.109440 -0.099805 2.084529
0.109440 -0.099805 2.084529
0.393168 -0.114008 1.885209
0.387680 -0.140835 1.884950
0.102001 -0.074348 2.356119
0.100268 -0.099378 2.354805
0.100268 -0.099378 2.354805
0.138478 -0.109142 2.419193
0.102001 -0.074348 2.356119
0.102001 -0.074348 2.356119
0.100268 -0.099378 2.354805
0.115216 -0.079269 2.505987
0.136912 -0.109396 2.450217
0.138478 -0.109142 2.419193
0.136912 -0.109396 2.450217
0.105256 -0.069635 1.740891
0.099769 -0.096462 1.740633
0.149608 0.000000 1.510820
0.159848 0.000000 1.449114
0.276288 0.030377 1.617632
0.276780 -0.003057 1.627091
1.495323 0.132251 1.768241
2.307923 0.012595 1.796663
2.172904 0.041485 1.753198
2.471717 0.013138 1.796077
2.307923 0.012595 1.796663
2.172904 0.041485 1.753198
2.571552 0.077241 1.790415
2.351480 0.065305 1.778915
1.268098 0.134576 1.808849
1.446106 0.138373 1.778117
1.268098 0.134576 1.808849
1.292752 0.146685 1.824845
1.347183 0.147914 1.819770
1.316733 0.142483 1.828835
1.590330 0.057501 1.741395
1.304425 0.077474 1.817863
1.388881 0.090538 1.826420
1.316733 0.142483 1.828835
1.304425 0.077474 1.817863
1.388881 0.090538 1.826420
0.180618 0.000000 1.376716
0.159848 0.000000 1.449114
0.149608 0.000000 1.510820
-0.000000 0.000000 1.716409
0.390785 0.049229 1.655484
0.466040 0.046530 1.644791
0.142066 0.000000 1.594408
0.118308 0.000000 1.705174
0.183542 -0.050001 1.629166
0.135619 -0.050001 1.654640
-0.001313 -0.050001 1.594987
3.000000 -0.000000 0.920615
3.000000 -0.050001 1.230615
-0.002667 -0.000000 0.857949
-0.040000 0.000000 1.130615
-0.033794 -0.050001 1.147140
-0.040000 0.000000 1.130615
0.006938 -0.050001 0.704798
-0.002190 -0.050001 0.868483
-0.002190 -0.050001 0.868483
0.007017 -0.000000 0.703590
2.344990 0.045536 1.794614
2.348908 0.020222 1.803419
2.604197 0.032803 1.741017
2.141524 -0.029708 1.611338
2.148740 -0.018276 1.639713
2.674990 -0.000825 1.684408
2.344990 0.011441 1.698102
2.344990 0.022554 1.723585
2.172904 0.041485 1.753198
2.344990 0.022554 1.723585
2.549549 0.004085 1.786531
2.344990 -0.034920 1.716937
2.595345 -0.010087 1.762359
2.344990 -0.014302 1.760015
2.336422 -0.050001 0.510615
2.004167 -0.008334 0.505615
1.446106 0.138373 1.778117
1.850540 -0.014266 1.504257
1.526007 0.044751 1.406841
1.825538 -0.004351 1.510940
1.223278 0.035470 1.452334
1.693214 0.060169 1.651517
1.660974 0.086564 1.696641
1.240460 0.051873 1.637288
1.238813 0.065135 1.706753
1.776520 0.018903 1.551579
1.519237 0.034872 1.497205
1.227421 0.043399 1.482872
1.495323 0.132251 1.768241
1.627668 0.118676 1.738844
1.519237 0.034872 1.497205
1.495323 0.132251 1.768241
1.535608 0.132954 1.762323
1.570314 0.135462 1.760816
1.627668 0.118676 1.738844
1.255809 -0.008681 1.532866
1.524251 -0.011290 1.397837
1.263460 0.007988 1.672431
1.499662 0.049355 1.748222
1.517778 -0.009251 1.522547
1.686059 0.002946 1.647315
1.275645 -0.000813 1.628168
1.284230 0.056674 1.792783
1.799389 -0.050001 1.498740
1.209380 -0.011604 1.396744
1.234216 -0.016910 1.443896
2.015390 -0.102001 1.526266
1.013791 0.025096 0.916585
1.513323 -0.016668 0.510615
1.000000 -0.050001 0.510615
0.514508 -0.050001 1.451815
-0.010950 -0.050001 1.511595
0.524202 -0.050001 1.513008
-0.042840 0.000000 1.225042
-0.040000 0.000000 1.130615
-0.002667 -0.000000 0.857949
0.007017 -0.000000 0.703590
0.534990 -0.050001 0.510615
-0.000000 -0.050001 0.510615
2.674990 0.000000 1.514851
2.346339 -0.054230 1.543702
2.674990 0.000000 1.473542
2.360210 -0.080000 1.478811
2.344990 -0.082150 1.589560
2.674990 -0.050001 1.566786
2.344990 -0.082150 1.589560
3.000000 -0.050001 0.920615
1.153603 0.052413 1.382846
1.526007 0.044751 1.406841
0.529575 0.036870 1.566404
0.552994 0.026680 1.503389
0.622139 -0.044888 1.448745
0.609366 -0.047926 1.506196
1.027388 0.039717 0.980050
1.013791 0.025096 0.916585
1.079894 0.031850 1.010609
1.057664 0.052562 1.004525
0.061063 -0.007469 1.803940
-0.000000 -0.000788 1.808368
0.903253 -0.037020 0.759127
0.868924 -0.036022 0.799355
0.637922 0.018519 1.246278
0.627181 0.014031 1.301918
0.663131 0.035078 1.127162
0.682597 -0.002970 1.182502
1.003073 0.064244 0.974133
1.042667 -0.014364 0.969137
1.013791 0.025096 0.916585
0.977927 0.017170 0.796192
1.079894 0.031850 1.010609
1.042667 -0.014364 0.969137
3.000000 0.000000 1.630268
3.000000 0.000000 1.525558
2.921717 0.000000 1.488829
3.000000 -0.007896 1.735226
2.948237 -0.009139 1.724479
2.749778 -0.037298 1.504345
2.699803 -0.001524 1.654891
3.000000 0.000000 1.525558
3.000000 -0.050001 1.640614
3.000000 -0.050001 1.719835
2.924634 -0.050001 1.530438
3.000000 -0.050001 1.577504
2.933709 -0.049999 1.580212
2.811581 -0.048467 1.195587
2.794794 0.000000 1.112647
2.827741 -0.050001 1.135059
2.863631 -0.050001 1.230808
2.863631 -0.050001 1.230808
2.899170 -0.050001 1.343315
1.850540 -0.014266 1.504257
1.868312 -0.012801 1.560610
1.868312 -0.012801 1.560610
1.941301 -0.015590 1.616210
1.832930 -0.050001 1.653524
2.015390 -0.102001 1.526266
1.964674 -0.071229 1.605062
1.808008 -0.050001 1.549369
2.206295 -0.076204 1.492828
2.154791 -0.042406 1.579168
2.227424 -0.086033 1.582560
2.226548 -0.088731 1.080263
2.219005 -0.053688 1.025459
2.198667 -0.111913 1.175496
2.073145 -0.097652 1.398542
1.941301 -0.015590 1.616210
1.903879 -0.029373 1.691648
3.000000 -0.000000 0.720615
3.000000 -0.050001 0.720615
3.000000 -0.050001 0.510615
3.000000 0.000000 0.500615
0.007017 -0.000000 0.703590
0.000000 0.000000 0.500615
1.274695 -0.002921 1.597915
1.255809 -0.008681 1.532866
0.326037 0.025743 1.715589
1.304425 0.077474 1.817863
0.061063 -0.007469 1.803940
0.110597 -0.050001 1.734895
0.786091 -0.014444 0.980543
0.830404 -0.030987 0.902079
2.674990 -0.000825 1.684408
2.699803 -0.001524 1.654891
2.788873 -0.004696 0.917549
3.000000 -0.000000 0.720615
2.073145 -0.097652 1.398542
2.015390 -0.102001 1.526266
1.000000 0.000000 0.500615
1.808175 -0.031719 1.472498
1.825538 -0.004351 1.510940
1.776520 0.018903 1.551579
1.810511 0.006075 1.528111
1.209380 -0.011604 1.396744
1.234216 -0.016910 1.443896
0.387771 0.015434 1.697537
0.390785 0.049229 1.655484
0.064807 -0.036835 1.802949
0.061063 -0.007469 1.803940
1.153603 0.052413 1.382846
1.136176 0.065766 1.304686
1.155286 0.041685 1.408151
1.153603 0.052413 1.382846
2.749778 -0.037298 1.504345
2.746771 -0.050001 1.566786
2.749778 -0.037298 1.504345
2.731443 0.000000 1.473542
1.526007 0.044751 1.406841
2.019320 -0.075920 1.485446
2.039624 -0.078340 1.437846
2.148740 -0.018276 1.639713
2.145631 0.014344 1.792700
1.627668 0.118676 1.738844
1.646531 0.036123 1.710284
1.590330 0.057501 1.741395
0.433360 0.020415 1.701686
0.269795 -0.002201 1.666968
1.799389 -0.050001 1.498740
2.653404 -0.034920 1.716937
2.674990 -0.000825 1.684408
1.232400 0.076364 1.736676
1.238813 0.065135 1.706753
1.284230 0.056674 1.792783
1.232400 0.076364 1.736676
1.254121 0.032280 1.763629
1.232400 0.076364 1.736676
0.682283 -0.024097 1.239652
0.655624 -0.031496 1.323375
0.682597 -0.002970 1.182502
0.655624 -0.031496 1.323375
2.760470 0.000000 1.338416
2.731443 0.000000 1.473542
2.141524 -0.029708 1.611338
2.073145 -0.097652 1.398542
2.071058 -0.080000 1.376056
2.015390 -0.102001 1.526266
2.039624 -0.078340 1.437846
3.000000 -0.050001 1.719835
3.000000 -0.007896 1.735226
2.549549 0.004085 1.786531
2.595345 -0.010087 1.762359
1.832930 -0.050001 1.653524
1.868312 -0.012801 1.560610
1.832930 -0.050001 1.653524
1.850540 -0.014266 1.504257
0.387771 0.015434 1.697537
0.110597 -0.050001 1.734895
0.077445 0.000000 1.773149
0.977927 0.017170 0.796192
0.846298 0.001047 0.573684
0.903253 -0.037020 0.759127
2.746771 -0.050001 1.566786
2.749778 -0.037298 1.504345
2.121303 -0.020975 1.748162
2.148740 -0.018276 1.639713
2.219005 -0.053688 1.025459
2.240709 -0.080000 1.174535
3.000000 0.000000 0.500615
1.752988 -0.050001 1.524232
1.799389 -0.050001 1.498740
0.211913 -0.028736 1.599891
0.135619 -0.050001 1.654640
-0.000000 -0.048694 1.810901
-0.000000 -0.050001 1.747860
0.663131 0.035078 1.127162
3.000000 -0.050001 1.230615
2.806217 -0.050001 1.230888
2.827741 -0.050001 1.135059
2.811581 -0.048467 1.195587
2.226548 -0.088731 1.080263
2.387375 -0.112535 1.162396
0.854291 0.010376 0.730644
0.000000 0.000000 0.500615
2.351480 0.065305 1.778915
2.348908 0.020222 1.803419
1.776520 0.018903 1.551579
1.808175 -0.031719 1.472498
1.627668 0.118676 1.738844
1.646531 0.036123 1.710284
1.693214 0.060169 1.651517
1.646531 0.036123 1.710284
1.808175 -0.031719 1.472498
1.693214 0.060169 1.651517
1.734473 -0.028011 1.569030
1.752988 -0.050001 1.524232
0.110597 -0.050001 1.734895
2.348908 0.020222 1.803419
2.344990 0.045536 1.794614
1.042667 -0.014364 0.969137
1.057664 0.052562 1.004525
1.057664 0.052562 1.004525
1.027388 0.039717 0.980050
3.000000 -0.050001 1.577504
3.000000 -0.050001 1.640614
2.806217 -0.050001 1.230888
2.781952 0.000000 1.202876
2.777490 0.000000 1.231028
2.806217 -0.050001 1.230888
2.777490 0.000000 1.231028
2.760470 0.000000 1.338416
2.595345 -0.010087 1.762359
1.223278 0.035470 1.452334
1.236229 0.027720 1.401310
1.240460 0.051873 1.637288
1.227421 0.043399 1.482872
0.491289 0.009915 1.680429
1.268098 0.134576 1.808849
1.446106 0.138373 1.778117
1.216295 0.043758 1.412535
1.155286 0.041685 1.408151
1.155286 0.041685 1.408151
0.521761 0.012340 1.674624
0.545431 0.000058 1.607267
1.096907 0.067746 1.139488
1.079894 0.031850 1.010609
1.136176 0.065766 1.304686
1.103738 0.002669 1.201865
1.153389 -0.007997 1.480843
1.136176 0.065766 1.304686
1.137406 -0.010929 1.398255
1.153389 -0.007997 1.480843
2.862309 0.000000 1.230871
2.916590 0.000000 1.439623
2.921717 0.000000 1.488829
2.811581 -0.048467 1.195587
2.788873 -0.004696 0.917549
1.900562 -0.050001 1.715107
1.934110 -0.054943 1.656785
1.964674 -0.071229 1.605062
1.832930 -0.050001 1.653524
1.877999 -0.004438 1.610393
1.877999 -0.004438 1.610393
1.868312 -0.012801 1.560610
0.276780 -0.003057 1.627091
0.241955 0.000000 1.510820
0.326037 0.025743 1.715589
0.387771 0.015434 1.697537
1.590330 0.057501 1.741395
1.646531 0.036123 1.710284
1.257338 0.111198 1.781569
1.257338 0.111198 1.781569
1.249520 0.093061 1.758844
1.209380 -0.011604 1.396744
1.103738 0.002669 1.201865
0.609366 -0.047926 1.506196
0.585756 0.002441 1.446286
0.609366 -0.047926 1.506196
0.585756 0.002441 1.446286
2.899170 -0.050001 1.343315
2.862309 0.000000 1.230871
2.849351 0.000000 1.133195
2.899170 -0.050001 1.343315
2.121303 -0.020975 1.748162
1.941301 -0.015590 1.616210
2.015390 -0.102001 1.526266
0.110597 -0.050001 1.734895
0.126374 -0.050001 1.689968
0.135619 -0.050001 1.654640
0.149608 0.000000 1.510820
0.126374 -0.050001 1.689968
0.142066 0.000000 1.594408
2.351480 0.065305 1.778915
2.172904 0.041485 1.753198
0.637922 0.018519 1.246278
0.641822 0.030759 1.181769
0.772492 0.041533 0.888008
0.736712 0.039484 0.960171
0.736712 0.039484 0.960171
0.713666 -0.018167 1.155720
2.975021 0.000000 1.742670
2.948237 -0.009139 1.724479
2.849351 0.000000 1.133195
2.206295 -0.076204 1.492828
2.243899 -0.080000 1.372668
2.206295 -0.076204 1.492828
2.222980 -0.095757 1.424891
2.141524 -0.029708 1.611338
2.154791 -0.042406 1.579168
2.206295 -0.076204 1.492828
2.222980 -0.095757 1.424891
2.186720 -0.061189 1.649197
2.154791 -0.042406 1.579168
0.180618 0.000000 1.376716
0.151547 -0.017046 1.399903
0.211913 -0.028736 1.599891
0.240065 -0.015926 1.636504
0.151547 -0.017046 1.399903
0.211913 -0.028736 1.599891
1.209380 -0.011604 1.396744
1.155286 0.041685 1.408151
1.155049 -0.028463 1.508466
1.209380 -0.011604 1.396744
0.830404 -0.030987 0.902079
0.812015 0.019038 0.835759
0.786091 -0.014444 0.980543
0.788789 0.022664 0.893374
2.794794 0.000000 1.112647
2.781952 0.000000 1.202876
2.916590 0.000000 1.439623
2.907660 -0.006034 1.383984
2.921717 0.000000 1.488829
2.933709 -0.049999 1.580212
2.929018 0.000000 1.558910
2.921717 0.000000 1.488829
2.938727 0.000000 1.652096
2.940221 -0.049997 1.640675
2.940221 -0.049997 1.640675
2.956993 -0.050001 1.717837
2.604197 0.032803 1.741017
2.586961 0.055107 1.769022
1.808008 -0.050001 1.549369
1.808175 -0.031719 1.472498
-0.033794 -0.050001 1.147140
-0.036506 -0.050001 1.235556
-0.032308 0.000000 1.376716
-0.030995 -0.050001 1.379534
-0.032308 0.000000 1.376716
-0.030995 -0.050001 1.379534
-0.001892 0.000000 1.594408
-0.022326 0.000000 1.449114
-0.000000 -0.000788 1.808368
-0.000000 0.000000 1.716409
-0.000000 0.000000 1.716409
-0.001892 0.000000 1.594408
-0.000000 0.000000 1.716409
-0.001313 -0.050001 1.594987
-0.000000 0.000000 1.716409
-0.000000 -0.050001 1.747860
0.812015 0.019038 0.835759
0.655624 -0.031496 1.323375
0.682597 -0.002970 1.182502
0.627181 0.014031 1.301918
0.585756 0.002441 1.446286
2.699803 -0.001524 1.654891
2.749778 -0.037298 1.504345
2.653404 -0.034920 1.716937
1.240460 0.051873 1.637288
1.274695 -0.002921 1.597915
1.274695 -0.002921 1.597915
1.275645 -0.000813 1.628168
1.240460 0.051873 1.637288
1.263460 0.007988 1.672431
1.254121 0.032280 1.763629
1.240460 0.051873 1.637288
0.135619 -0.050001 1.654640
3.000000 -0.050001 1.577504
3.000000 0.000000 1.525558
3.000000 -0.050001 1.577504
3.000000 0.000000 1.696339
3.000000 -0.007896 1.735226
3.000000 0.000000 1.696339
3.000000 -0.050001 1.719835
3.000000 -0.050001 1.640614
3.000000 0.000000 1.630268
2.653404 -0.034920 1.716937
0.491289 0.009915 1.680429
0.433360 0.020415 1.701686
0.529575 0.036870 1.566404
0.504197 0.044264 1.646079
0.504197 0.044264 1.646079
0.521761 0.012340 1.674624
0.521761 0.012340 1.674624
0.545431 0.000058 1.607267
2.899170 -0.050001 1.343315
2.899170 -0.050001 1.343315
2.907660 -0.006034 1.383984
2.198667 -0.111913 1.175496
2.180822 -0.080000 1.157205
2.226548 -0.088731 1.080263
2.219005 -0.053688 1.025459
2.240709 -0.080000 1.174535
2.243899 -0.080000 1.372668
0.131022 -0.107319 0.921224
0.748840 -0.095144 0.963150
2.835279 -0.092310 0.933244
2.068098 -0.179096 0.952450
2.844981 -0.080341 0.956564
0.124592 -0.084585 0.906662
2.053605 -0.140857 0.915216
0.149941 -0.069487 0.929205
0.760677 -0.086306 0.948483
0.149941 -0.069487 0.929205
0.760677 -0.086306 0.948483
2.066602 -0.157979 0.937535
0.136084 -0.092221 0.943767
0.149941 -0.069487 0.929205
1.456586 -0.126707 0.937965
1.456586 -0.126707 0.937965
1.443327 -0.104983 0.923183
1.443220 -0.119706 0.900780
2.607533 0.007154 1.041051
2.632521 0.005702 1.059866
1.505340 0.043366 1.045098
1.531573 0.042784 1.062187
1.477319 0.021979 0.590130
1.502541 0.025010 0.608438
1.855839 0.044178 0.704962
1.843874 0.005046 0.500829
1.836827 0.044178 0.703480
1.874720 -0.029139 1.156615
1.868235 -0.038515 1.063984
1.864964 0.028508 0.843688
1.190814 0.038071 0.860029
1.189453 0.040249 0.841066
1.859068 0.035750 0.777984
1.700433 0.036320 0.807245
1.528175 0.054042 1.186228
1.877718 -0.030680 1.206917
1.399337 0.059518 1.166543
1.403085 0.059518 1.185573
1.193278 0.038558 0.860742
1.184850 0.016855 0.501319
1.202923 0.045543 1.408706
1.196704 0.062497 1.373986
1.177692 0.061397 1.374048
1.188991 0.075769 1.170131
1.539783 0.049635 1.292526
1.521349 0.051531 1.317767
0.308751 0.007392 1.363292
0.290923 0.004398 1.388860
0.342762 0.019589 0.952862
0.325004 0.018906 0.978643
0.260292 0.006424 0.660671
0.247826 0.009119 0.797590
0.081567 -0.285996 1.219015
0.080230 -0.154338 1.220759
0.080230 -0.154338 1.220759
0.062564 -0.214462 0.628801
0.055425 -0.163218 2.395840
0.061821 -0.290027 2.394096
0.139764 -0.272908 0.628801
0.063144 -0.273331 0.628801
0.127485 -0.263474 2.392176
0.061821 -0.290027 2.394096
0.139096 -0.141250 0.628801
0.155102 -0.153502 1.218839
0.139764 -0.272908 0.628801
0.139185 -0.213615 0.628801
0.156439 -0.285160 1.217096
0.155102 -0.153502 1.218839
0.139096 -0.141250 0.628801
0.155102 -0.153502 1.218839
0.064609 -0.144357 2.987585
0.066104 -0.282582 2.989720
0.064494 -0.143087 3.066002
0.138221 -0.141941 3.071999
0.138221 -0.141941 3.071999
0.139725 -0.280569 3.074137
0.066002 -0.281933 3.068143
0.066104 -0.282582 2.989720
0.059216 -0.275422 3.190591
0.132782 -0.272549 3.190591
0.064494 -0.143087 3.066002
0.066002 -0.281933 3.068143
0.064494 -0.143087 3.066002
0.057828 -0.137143 3.190591
0.138221 -0.141941 3.071999
0.131319 -0.135909 3.190591
0.055425 -0.163218 2.395840
0.064088 -0.131658 1.805955
0.064088 -0.131658 1.805955
0.055425 -0.163218 2.395840
0.136942 -0.130822 1.804035
0.121089 -0.124341 2.393921
0.127485 -0.263474 2.392176
0.138464 -0.271595 1.802291
0.080230 -0.154338 1.220759
0.064088 -0.131658 1.805955
0.138464 -0.271595 1.802291
0.156439 -0.285160 1.217096
0.136942 -0.130822 1.804035
0.064088 -0.131658 1.805955
0.062475 -0.273332 0.392549
0.139096 -0.273332 0.392550
0.139764 -0.272908 0.628801
0.139096 -0.141250 0.628801
0.139096 -0.141674 0.504696
0.062475 -0.141674 0.498699
0.063144 -0.273331 0.628801
0.062475 -0.141674 0.628801
0.063144 -0.273331 0.628801
0.062475 -0.273331 0.496561
0.139096 -0.273332 0.392550
0.139096 -0.273332 0.502556
0.139096 -0.141674 0.392550
0.139096 -0.141674 0.504696
0.062475 -0.141674 0.498699
0.062475 -0.141674 0.392549
0.062475 -0.141674 0.392549
0.062475 -0.141674 0.498699
0.132782 -0.272549 3.190591
0.059216 -0.275422 3.190591
0.104384 -0.210525 1.686883
2.830617 -0.208226 1.686883
2.830618 -0.139382 1.543386
0.104384 -0.141683 1.543386
0.104384 -0.141683 1.686883
2.830617 -0.139382 1.686884
2.823819 -0.256258 0.628801
2.823240 -0.197389 0.628801
2.818796 -0.126720 1.220759
2.823240 -0.197389 0.628801
2.881696 -0.245276 2.669754
2.883927 -0.258602 2.182635
2.895005 -0.257542 1.217096
2.900440 -0.255835 0.628801
2.951442 -0.228400 2.669773
2.951847 -0.223815 2.180716
2.881696 -0.245276 2.669754
2.883028 -0.092666 2.669975
2.813283 -0.109542 2.669956
2.884624 -0.092647 2.182460
2.895005 -0.257542 1.217096
2.899860 -0.196542 0.628801
2.899771 -0.124177 0.628801
2.893668 -0.125884 1.218840
2.884624 -0.092647 2.182460
2.951847 -0.223815 2.180716
2.822021 -0.257822 2.989720
2.826015 -0.257174 3.067055
2.893330 -0.117467 2.990705
2.820525 -0.119597 2.987585
2.894842 -0.256499 2.992847
2.899737 -0.255809 3.072530
2.823324 -0.258216 3.180540
2.896890 -0.255343 3.180540
2.823324 -0.258216 3.180540
2.821936 -0.119937 3.180540
2.821936 -0.119937 3.180540
2.895427 -0.118703 3.180540
2.895427 -0.118703 3.180540
2.896890 -0.255343 3.180540
2.883927 -0.258602 2.182635
2.816704 -0.127433 2.184380
2.884624 -0.092647 2.182460
2.899795 -0.119177 1.804035
2.899795 -0.119177 1.804035
2.884624 -0.092647 2.182460
2.901316 -0.259950 1.802291
2.951847 -0.223815 2.180716
2.818796 -0.126720 1.220759
2.820133 -0.258378 1.219015
2.901316 -0.259950 1.802291
2.895005 -0.257542 1.217096
2.893668 -0.125884 1.218840
2.895005 -0.257542 1.217096
2.818796 -0.126720 1.220759
2.893668 -0.125884 1.218840
2.899771 -0.124177 0.628801
2.899771 -0.121966 0.504696
2.899771 -0.124177 0.628801
2.899771 -0.121966 0.504696
2.823819 -0.256258 0.628801
2.823150 -0.124601 0.628801
2.823819 -0.256258 0.628801
2.823150 -0.253623 0.496561
2.823150 -0.253623 0.496561
2.823150 -0.253624 0.392549
2.899771 -0.253624 0.502556
2.899771 -0.253624 0.392550
2.899771 -0.121966 0.392550
2.823150 -0.121966 0.392549
2.823150 -0.121966 0.392549
2.823150 -0.253624 0.392549
2.820525 -0.119597 2.987585
2.822021 -0.257822 2.989720
2.894842 -0.256499 2.992847
3.000000 -0.050001 0.500615
3.000000 -0.300001 0.500615
1.519246 -0.300001 0.500615
0.000000 -0.300001 0.500615
2.864521 -0.238148 0.564961
2.864521 -0.238148 0.495062
2.864521 -0.125234 0.495062
0.074603 -0.128340 0.495062
0.074603 -0.128340 0.564962
2.864520 -0.125234 0.564962
2.701026 0.002601 0.642456
2.800879 -0.003709 0.904254
2.780567 -0.003709 0.903533
2.799391 0.002601 0.678190
2.729595 0.002601 0.642304
2.770243 0.002601 0.631878
2.792846 0.002601 0.654931
2.795133 0.005103 1.111280
2.356314 0.003383 0.500353
2.307350 0.011289 0.698629
2.289219 -0.015497 0.815422
2.236349 -0.067603 1.136732
0.661918 0.009586 0.612791
0.278883 0.010164 0.617156
0.216931 0.010164 0.680307
0.209362 0.011545 0.862138
0.266414 0.010164 0.635591
0.241865 0.010164 0.641176
0.139435 0.008999 1.164665
0.136164 0.008828 1.255044
0.687518 0.011978 0.720877
0.621377 0.006648 0.501085
0.750977 0.037160 0.931461
0.766396 0.029924 0.905195
0.084582 -0.200577 1.498735
0.151283 -0.200723 1.550390
0.151283 -0.200723 1.550390
0.909709 -0.207308 0.557134
2.037465 -0.207308 0.557134
2.795891 -0.200723 1.550390
2.037203 -0.156811 0.556873
2.795629 -0.150226 1.550129
2.862592 -0.200577 1.498735
2.862330 -0.150080 1.498474
0.131022 -0.107319 1.067937
0.136084 -0.092221 1.090480
0.663455 -0.202598 1.109863
2.021799 -0.164690 1.062262
2.835279 -0.092310 1.079958
2.024085 -0.150213 1.084551
2.844981 -0.080341 1.103277
0.124592 -0.084585 1.053375
2.009592 -0.111973 1.047318
0.675292 -0.193760 1.095197
0.651075 -0.195263 1.072720
0.149941 -0.069487 1.075918
0.675292 -0.193760 1.095197
2.066602 -0.157979 1.084248
0.124592 -0.084585 1.053375
0.149941 -0.069487 1.075918
0.675292 -0.193760 1.095197
1.443327 -0.104983 1.069897
1.443327 -0.104983 1.069897
0.129205 -0.107319 1.230909
0.134267 -0.092221 1.253452
1.960459 -0.164690 1.218925
1.962745 -0.150213 1.241214
2.844981 -0.080341 1.226307
0.122775 -0.084585 1.216347
0.148124 -0.069487 1.232920
0.675292 -0.193760 1.218226
0.651075 -0.195263 1.195750
2.066602 -0.157979 1.207278
2.850494 -0.059131 1.193580
1.948252 -0.111973 1.203981
0.663455 -0.202598 1.232893
2.066602 -0.157979 1.207278
2.850494 -0.059131 1.193580
0.122775 -0.084585 1.216347
0.129205 -0.107319 1.230909
1.306267 -0.156644 1.186221
1.296231 -0.134931 1.171421
0.110635 -0.108821 1.362784
0.659214 -0.082078 1.361496
0.115698 -0.093722 1.385327
0.663455 -0.067163 1.383964
1.960459 -0.166191 1.374922
2.835279 -0.141159 1.358985
2.844981 -0.129191 1.382305
0.659214 -0.082078 1.361496
1.948252 -0.113475 1.359978
2.839813 -0.119873 1.345612
0.651075 -0.059828 1.346820
1.948252 -0.113475 1.359978
0.675292 -0.058325 1.369297
2.066602 -0.159481 1.363275
0.104205 -0.086086 1.348222
0.129555 -0.070988 1.362461
1.309596 -0.143434 1.364604
1.443327 -0.106484 1.348924
1.296231 -0.136432 1.327418
1.296231 -0.136432 1.327418
1.306267 -0.158145 1.342219
2.870346 -0.072241 1.507885
2.896607 -0.066132 1.311795
2.728177 -0.100876 1.299896
2.728177 -0.100876 1.299896
2.896607 -0.066132 1.311795
2.870346 -0.099625 1.507885
2.520633 -0.076730 1.478324
2.498216 -0.091480 1.299896
2.520633 -0.104114 1.478324
2.498216 -0.118864 1.299896
2.833583 -0.080857 2.217480
2.854737 -0.075915 2.271368
2.520633 -0.076730 1.478324
2.498216 -0.091480 1.299896
2.728177 -0.100876 1.299896
2.498216 -0.091480 1.299896
2.584205 -0.110264 1.652310
2.584205 -0.110264 1.652310
2.520633 -0.076730 1.478324
2.860755 -0.101537 1.851794
2.860755 -0.074153 1.851794
2.860755 -0.074153 1.851794
2.830357 -0.108998 2.130293
2.830357 -0.081614 2.130293
2.873582 -0.100168 2.123130
2.870263 -0.075288 2.122056
2.870263 -0.075288 2.122056
2.832435 -0.081126 2.186453
2.830357 -0.108998 2.130293
2.830357 -0.081614 2.130293
2.873582 -0.100168 2.123130
2.870263 -0.075288 2.122056
2.833583 -0.080857 2.217480
2.832435 -0.081126 2.186453
2.833583 -0.080857 2.217480
2.870346 -0.099625 1.507885
2.896607 -0.093516 1.311795
2.896607 -0.093516 1.311795
0.099769 -0.096462 1.740633
0.332553 -0.140619 1.532695
0.332553 -0.140619 1.532695
0.338040 -0.113792 1.532954
0.105256 -0.069635 1.740891
0.105256 -0.069635 1.740891
0.141237 -0.071181 2.003272
0.448785 -0.085311 1.710812
0.338040 -0.113792 1.532954
0.137817 -0.080891 2.453808
0.136912 -0.109396 2.450217
0.443298 -0.112139 1.710553
0.468272 -0.061694 1.532236
0.332553 -0.140619 1.532695
0.448785 -0.085311 1.710812
0.393168 -0.114008 1.885209
0.393168 -0.114008 1.885209
0.135749 -0.098008 2.003014
0.141237 -0.071181 2.003272
0.140629 -0.108559 2.363037
0.387680 -0.140835 1.884950
0.146116 -0.081732 2.363296
0.100268 -0.099378 2.354805
0.146116 -0.081732 2.363296
0.141014 -0.081234 2.421597
0.141014 -0.081234 2.421597
0.115216 -0.079269 2.505987
0.102001 -0.074348 2.356119
0.136912 -0.109396 2.450217
0.137817 -0.080891 2.453808
0.115557 -0.103305 2.504091
0.136912 -0.109396 2.450217
0.078366 -0.068480 1.544796
0.135749 -0.098008 2.003014
10 11
6 7
8 9
12 13
1703 1704
1701 1702
1705 1706
1074 1075
1282 1283
1707 1708
3313 3314
2489 2490
2491 2492
3315 3316
1046 1047
1048 1049
1238 1239
2427 2428
3234 3235
1044 1045
3232 3233
2429 2430
3236 3237
2555 2556
195 196
666 680
205 206
2326 2327
2328 2329
2536 2537
1016 1017
1019 1020
2532 2533
2541 2542
2543 2544
52 53
36 37
2487 2488
3309 3310
1274 1275
1697 1698
192 198
1021 1022
1083 1089
40 43
47 48
76 77
238 248
62 115
247 254
54 57
1192 1193
208 223
612 641
257 260
637 641
49 67
638 641
42 182
3343 3344
3345 3346
3347 3348
2520 2521
2528 2529
26 27
28 29
27 35
1036 1041
1229 1232
1320 1321
60 61
284 322
2828 2912
2046 2114
1003 1006
253 281
97 103
1000 1001
244 499
258 265
1108 1110
387 413
1302 1303
2546 2547
1109 1110
1308 1309
1101 1102
1315 1316
1093 1094
1299 1300
1743 1744
3393 3394
1057 1058
1026 1027
1028 1029
965 966
963 964
1032 1033
1080 1081
483 485
473 483
1078 1079
1713 1714
3356 3357
259 304
3354 3355
1052 1069
1053 1054
1644 1645
2548 2549
3379 3380
3383 3384
2333 2334
1566 1567
1199 1200
3357 3364
3374 3383
3395 3402
2534 2535
1558 1559
1752 1753
3367 3368
1306 1311
1290 1295
1055 1056
66 166
1399 1509
996 1015
269 275
289 423
1013 1014
212 217
215 217
1084 1088
1712 1722
218 226
744 756
271 272
1286 1294
1285 1294
1081 1090
1287 1296
3113 3126
302 673
1018 1025
64 172
1011 1012
34 38
1133 1152
226 228
107 110
110 123
999 1002
1107 1114
1106 1113
1314 1322
3372 3387
1729 1740
1749 1754
3397 3408
3381 3388
56 63
3396 3409
1322 1323
1726 1738
3399 3407
1734 1739
68 71
1082 1087
1711 1722
1208 1209
1214 1215
3401 3405
1115 1116
1725 1737
1284 1293
1307 1310
411 412
61 74
1146 1148
105 127
3123 3128
1721 1723
80 100
132 134
3115 3127
1194 1201
1193 1201
3119 3120
3121 3122
3118 3129
995 997
927 928
941 942
1206 1207
939 940
931 932
1023 1024
1577 1578
1587 1588
1218 1219
1571 1572
294 382
1195 1196
971 972
973 974
1579 1580
1585 1586
2433 2434
3240 3241
1639 1640
2380 2381
1575 1576
2374 2375
3166 3167
1204 1205
1039 1040
1042 1043
1228 1233
1216 1217
1230 1231
1252 1253
2388 2389
2386 2387
2445 2446
3252 3253
3198 3199
3200 3201
2400 2401
2378 2379
1668 1669
3174 3175
3180 3181
1603 1604
1050 1051
2398 2399
2403 2404
3202 3203
2447 2448
3254 3255
3204 3205
1770 1774
1150 1160
1008 1015
1197 1198
1561 1562
1564 1565
2437 2438
3244 3245
1234 1235
2411 2412
3206 3207
2409 2410
3208 3209
2405 2406
2407 2408
1067 1068
1268 1269
2471 2472
2469 2470
3282 3283
1065 1066
1266 1267
1715 1724
3359 3369
85 89
139 216
317 328
157 171
3389 3390
776 786
1889 1949
350 351
3391 3392
1741 1742
1750 1751
1111 1112
1097 1098
1099 1100
1730 1731
1732 1733
1288 1289
1716 1717
1718 1719
3376 3377
3371 3382
3362 3363
3375 3378
3352 3353
3464 3469
3467 3468
1771 1778
2575 2581
2582 2583
3358 3361
264 267
158 160
132 149
2738 2739
722 755
1297 1298
1304 1305
1091 1092
1312 1313
536 550
1746 1747
1141 1163
998 1007
2729 2730
2847 2848
1137 1140
1650 1651
1693 1694
2067 2082
3400 3406
1096 1105
1318 1319
790 841
60 72
69 201
2439 2440
3246 3247
2442 2444
3249 3251
2435 2436
3242 3243
187 220
752 753
224 227
207 222
282 352
347 359
570 587
562 582
534 537
65 79
1945 1955
1142 1147
580 700
1134 1151
272 289
1183 1184
2087 2088
1456 1457
2037 2038
1136 1176
1138 1139
1004 1005
1009 1010
670 709
180 181
1117 1118
1451 1455
1121 1122
353 359
194 225
993 994
95 100
517 526
280 283
1127 1128
96 99
1149 1151
1664 1665
1666 1667
3278 3279
3329 3330
1260 1261
1262 1263
1061 1062
3274 3275
3276 3277
937 938
1660 1661
1662 1663
303 748
270 287
104 213
2748 2749
1833 1834
2506 2507
1968 1969
2699 2950
1119 1120
692 737
1379 1381
1270 1271
344 345
1340 1347
1824 1825
3146 3147
3150 3151
1391 1392
2360 2361
1943 2044
165 166
2348 2349
1370 1401
1401 1402
1246 1247
1272 1273
1545 1546
366 434
185 193
1798 1803
1376 1410
1916 1964
2695 2696
724 748
2740 2741
2352 2353
535 544
70 139
1407 1409
2745 2746
458 469
163 170
1956 1958
2686 2687
1393 1531
1843 1844
3327 3328
522 689
1405 1406
2441 2484
3248 3305
2004 2005
1428 1429
1964 1965
1959 1962
2742 2743
545 547
563 565
24 32
30 31
25 33
152 180
174 186
2443 2483
3250 3304
1151 1170
1171 1172
324 540
210 219
2671 2672
1491 1492
1497 1498
1786 1799
183 221
2602 2603
2564 2565
1758 1759
2747 2905
1918 2168
2692 3094
2127 2128
2324 2325
1398 1474
916 920
1525 1526
1847 1851
553 562
274 313
245 293
564 699
1135 1136
1386 1452
1934 2075
2717 2724
1181 1182
2708 2711
1389 1390
171 179
1921 1924
164 171
2002 2003
2964 2965
117 120
1161 1166
116 136
105 106
190 191
201 202
1144 1153
1190 1191
41 44
44 50
144 146
777 778
787 788
1950 1952
2673 2674
81 82
1777 1783
1779 1780
2584 2589
610 751
3431 3436
2620 2625
1893 1894
154 189
1129 1130
1143 1144
840 841
1156 1157
1222 1223
1341 1342
1345 1350
1343 1344
1125 1126
1145 1174
1327 1328
1787 1788
3453 3454
2604 2605
3448 3481
1789 1790
1346 1355
3456 3480
2598 2599
71 128
2706 2707
133 147
1937 1939
2716 2720
1831 1832
753 759
1324 1335
2683 2690
1436 1437
333 380
2129 2130
1444 1445
18 19
2211 2212
74 75
86 96
2043 2045
2804 2805
2783 3103
2106 2107
1463 1464
1486 1487
1547 1548
153 155
2311 2312
559 567
1912 1913
1699 1700
2485 2486
3307 3308
121 122
1404 1425
1167 1168
1615 1616
2300 2301
357 368
1935 1936
159 200
188 214
1892 2299
614 635
1394 1498
1158 1159
1384 1387
0 1
2 3
4 5
161 168
173 176
1932 1933
1927 1931
1591 1592
1599 1600
1940 1941
1374 1553
315 316
45 66
1380 1381
2477 2478
2475 2476
2419 2420
2415 2416
1224 1225
1333 1334
229 231
1415 1416
82 83
2921 2922
2350 2351
1764 1765
2573 2574
3412 3423
3424 3425
1757 1767
2232 2233
1978 1979
3337 3338
232 234
1169 1173
1174 1175
252 285
1442 1443
1510 1511
1162 1187
3318 3320
923 924
1426 1427
1177 1178
1185 1186
1914 1915
2694 2992
2824 3011
2013 2014
2727 2857
1154 1155
310 375
1942 2198
2982 2983
2990 2991
287 327
91 92
712 725
2646 2647
1411 1412
2024 2025
2825 2897
147 151
728 741
457 465
1358 1359
1369 1371
1593 1594
3449 3459
3455 3456
2278 2279
177 178
3026 3027
3319 3324
1836 1840
1814 1815
3136 3137
1652 1653
1538 1539
1131 1132
1254 1255
1256 1257
80 152
181 192
1904 1905
862 863
3007 3008
3154 3155
3325 3326
486 509
1373 1375
2812 2813
675 690
329 346
2224 2225
2291 2292
1400 1479
2362 2363
1372 1373
1356 1357
1868 1869
241 243
1188 1189
921 922
1895 1896
1855 1856
804 805
2028 2029
1755 1756
1784 1785
1556 1557
1338 1339
3110 3111
1353 1354
3415 3447
3445 3446
3410 3411
3452 3480
2889 2890
1477 1478
1384 1496
203 204
1676 1677
191 205
1351 1352
2040 2251
88 99
2124 2204
2154 2155
138 153
2453 2454
639 642
2957 2958
914 915
297 316
336 337
846 847
2240 2241
2451 2452
1336 1337
1654 1655
39 41
305 306
2220 2221
829 830
2006 2007
716 717
2570 2578
3422 3426
3427 3428
465 592
775 776
1888 1889
429 430
2455 2456
142 187
2608 2609
2161 2162
1797 1798
2612 2615
3462 3463
1329 1330
1331 1332
1919 1920
2909 2910
3331 3332
1903 1909
3001 3002
1408 1540
1793 1794
2648 2649
2946 2947
1917 2158
2008 2009
1762 1763
3418 3419
3416 3417
1766 1767
718 721
2179 2180
1034 1035
2688 2689
1568 1570
85 118
1514 1515
629 630
1059 1060
2679 2680
2562 2563
2560 2561
3413 3414
1244 1245
1258 1259
416 425
206 209
1623 1624
126 153
1385 1388
979 980
981 982
490 608
73 79
1220 1221
1248 1249
836 837
850 851
1440 1441
1953 1954
2677 2678
2209 2210
377 422
2777 2778
3073 3074
1863 1864
1264 1265
2322 2323
1658 1659
1695 1696
1633 1634
3144 3145
1960 2015
1395 1413
1348 1349
78 93
1595 1596
1516 1517
266 299
3460 3461
2110 2111
2850 2851
1465 1466
145 149
150 151
2943 2944
757 762
394 395
677 694
2514 2515
788 789
1899 1900
2736 2737
2743 2799
1403 1438
1063 1064
1242 1243
2097 2098
2883 2884
1878 2033
2032 2034
1467 1468
2895 2896
1534 1535
854 855
2997 2998
892 893
1236 1237
1631 1632
1607 1608
2268 2269
2133 2134
560 586
402 429
791 894
3071 3072
2627 2630
3474 3475
2254 2255
2256 2257
2591 2592
3470 3478
1493 1494
880 881
1396 1450
2670 3084
135 137
138 207
1483 1484
167 175
3272 3273
2449 2450
2461 2462
3256 3257
1423 1424
2001 2204
1226 1227
176 177
884 885
1882 1887
3058 3059
141 148
895 896
2868 2869
3069 3070
162 169
1536 1537
1030 1031
758 761
897 898
899 900
2021 2023
2993 2994
1986 1987
1988 1989
2641 2642
2644 2645
1519 1520
2270 2271
2320 2321
3138 3141
14 15
16 17
20 21
22 23
2502 2503
1419 1488
1974 1975
2082 2308
109 111
401 417
1670 1671
2465 2466
959 960
967 968
644 655
434 486
2826 2827
459 460
2112 2113
1377 1383
2390 2391
943 944
2396 2397
2120 2297
945 946
3192 3193
1641 1690
1250 1251
3186 3187
143 203
1481 1482
3266 3267
2481 2482
929 930
2376 2377
2392 2393
3182 3183
2870 2871
1865 1866
2030 2031
626 676
3162 3163
1569 1570
911 912
2370 2371
2289 2290
268 278
1179 1180
1123 1124
991 992
3270 3271
660 683
2709 2710
444 481
1583 1584
129 140
1648 1649
197 199
611 630
2953 2954
460 467
672 731
100 101
1541 1542
339 340
295 298
1397 1414
1070 1071
1276 1277
1072 1073
1680 1681
597 611
1980 1981
1413 1462
3294 3295
1621 1622
3220 3221
667 720
1627 1628
1674 1675
286 311
616 617
3284 3285
3178 3179
3280 3281
3164 3165
977 978
989 990
1619 1620
3292 3293
3214 3215
3218 3219
2479 2480
3302 3303
2413 2414
2473 2474
400 438
1532 1533
890 891
2280 2281
3064 3065
792 820
2287 2288
1617 1618
1678 1679
58 78
98 108
1420 1421
806 807
3082 3083
2988 2989
143 211
450 464
2356 2357
2141 2142
671 679
3168 3169
3012 3013
300 301
1512 1513
2728 2888
2768 2769
1448 1480
285 296
3030 3031
1439 1553
2230 2231
1489 1490
2955 2956
1597 1598
3194 3195
1164 1165
3288 3289
3290 3291
1870 1871
1910 1911
886 887
951 952
953 954
888 889
3062 3063
2973 2974
1841 1842
604 623
623 634
647 683
1432 1433
1446 1447
1076 1077
1366 1367
484 523
3196 3197
2663 2667
2019 2020
2041 2042
760 761
2789 2790
2744 2801
2746 2801
957 958
838 839
182 194
130 152
2205 2206
1502 1503
2058 2059
514 577
1364 1368
1460 1461
2911 3068
1360 1361
773 774
726 736
1453 1454
2495 2496
703 711
732 744
1684 1685
1686 1687
3224 3225
507 512
489 541
2893 2894
568 569
657 658
833 835
2903 2925
1471 1472
49 51
985 986
3222 3223
3298 3299
2187 2188
2245 2246
599 613
740 741
1727 1736
3373 3383
1523 1524
860 861
858 859
2999 3000
2938 2939
1656 1657
784 792
1947 2055
2731 2752
852 853
2315 2316
2795 2798
46 55
2282 2283
2881 2882
1625 1626
3226 3227
3228 3229
1688 1689
119 124
3040 3041
2306 2307
2772 2773
619 649
3296 3297
378 420
1961 2001
2108 2109
1382 1485
600 601
654 665
664 665
2787 2788
1944 2308
334 356
2012 2066
2242 2243
528 585
360 389
585 589
2060 2061
2156 2157
2915 2916
381 384
384 390
2796 2797
2961 3011
440 441
2262 2263
2785 2786
2258 2259
2260 2261
309 330
831 832
2900 2901
1449 1450
1469 1470
424 491
531 556
2017 2018
808 809
827 828
2103 2104
2818 2819
3034 3035
2207 2208
2875 2876
2266 2267
2734 2735
114 127
118 120
251 256
3139 3140
685 690
1495 1518
3060 3061
2793 2794
1772 1773
810 811
874 875
2820 2821
1521 1522
1938 2193
2719 2977
3036 3037
126 131
443 449
1850 1852
3335 3336
2171 2172
2173 2174
250 259
448 462
2083 2084
532 547
267 361
2917 2918
1795 1796
1811 1812
1378 1383
478 479
2657 2659
878 879
1948 1951
3052 3053
823 824
2866 2867
1804 1813
2766 2767
261 276
102 103
872 873
1976 1977
1551 1552
2062 2063
2774 2779
476 483
2272 2273
2655 2656
1362 1363
2579 2580
1802 1807
656 686
785 793
2733 2753
518 525
2806 2807
59 61
802 803
812 813
3032 3033
1422 1501
1709 1710
2524 2525
2518 2519
3341 3342
2122 2123
2175 2176
2959 2960
2064 2065
2670 2732
903 904
3097 3098
856 857
2662 2666
1212 1213
87 114
834 835
2035 2036
291 307
688 698
236 246
2015 2016
2984 2985
2986 2987
635 738
2721 2978
1508 1509
949 950
2839 2840
94 99
437 445
1872 1873
1210 1211
1920 1923
2131 2132
2274 2275
1363 1365
515 539
3005 3006
313 319
3262 3263
403 405
659 677
1529 1530
1818 1819
2099 2100
2816 2856
3020 3021
2780 2781
767 783
864 865
1881 1946
3050 3051
3046 3047
2643 2879
2862 2863
2919 2920
1506 1507
2213 2214
2215 2216
1037 1038
3188 3189
406 419
424 549
415 441
2115 2116
2940 3075
643 681
1642 1643
3258 3259
2969 2970
1240 1241
2928 2929
1613 1614
1611 1612
1682 1683
1672 1673
987 988
3216 3217
983 984
3028 3029
1691 1692
3170 3171
2382 2383
3300 3301
975 976
2417 2418
2421 2422
3212 3213
500 505
2463 2464
2459 2460
2384 2385
2293 2294
2295 2296
2664 2665
1543 1544
3076 3077
1928 1929
768 769
2660 2661
435 437
3286 3287
935 936
870 871
263 265
467 468
1202 1203
1573 1574
1280 1281
1278 1279
814 815
816 817
3184 3185
1629 1630
2423 2424
3190 3191
3230 3231
3264 3265
369 371
370 376
511 512
955 956
3268 3269
544 591
1581 1582
1589 1590
3260 3261
947 948
2394 2395
2457 2458
3305 3306
1605 1606
1609 1610
969 970
2467 2468
961 962
1601 1602
2401 2402
3210 3211
696 702
442 443
3014 3015
3018 3019
842 843
2951 2952
3101 3102
711 714
2770 2771
355 367
3085 3086
3086 3087
1966 1967
662 663
1984 1985
1963 2001
2071 2072
2654 2852
1417 1418
184 200
742 745
2886 2887
1473 1509
3172 3173
933 934
2704 2705
494 496
3042 3043
1499 1500
2202 2203
800 801
1982 1983
2764 2765
2493 2494
3311 3312
455 456
2191 2192
606 638
491 492
2068 2263
2143 2144
338 354
379 427
2053 2054
579 733
1635 1636
2425 2426
2247 2248
2249 2250
2081 2197
2658 2979
1880 2265
1549 1550
341 362
364 365
905 906
2750 2751
2814 2815
680 715
2193 2194
2853 2854
698 727
2183 2184
372 426
397 399
2047 2048
2049 2050
454 472
493 503
495 503
2309 2310
2754 2755
2119 2121
1999 2000
2150 2151
1990 1991
2499 2503
516 529
3003 3004
633 684
2802 2803
3108 3109
551 576
602 603
733 742
2975 2976
1554 1555
2010 2011
318 323
127 141
331 332
463 487
2843 2844
2891 2892
2714 2715
640 665
2302 2303
2932 2933
2902 2903
348 363
1805 1806
1809 1810
2907 2908
1458 1459
2855 2945
3095 3096
2636 2637
2661 2662
277 279
453 459
2967 2968
2934 2935
2195 2196
530 552
546 606
2051 2052
771 772
794 795
1884 1885
2758 2759
572 581
2135 2136
2702 2703
2948 2949
297 404
821 822
2085 2086
557 558
3080 3081
388 404
3104 3105
628 695
2093 2094
351 566
2200 2201
521 555
613 618
3176 3177
2791 2792
3066 3067
649 656
848 849
1637 1638
2431 2432
3238 3239
925 926
2372 2373
2904 3004
1504 1505
825 826
2101 2102
1781 1782
1808 1811
3469 3473
3471 3472
2077 2078
1475 1476
2228 2229
1646 1647
3478 3479
3420 3421
2166 2167
2137 2138
2139 2140
2285 2286
2936 2937
2152 2153
2148 2149
2317 2318
1970 1971
798 799
2219 2284
2762 2763
305 370
674 706
2181 2182
3038 3039
506 516
393 418
2587 2588
586 631
2079 2080
2864 2865
574 575
1922 1923
2095 2096
736 746
320 398
482 488
451 454
2304 2305
3090 3091
720 743
754 755
2089 2090
2091 2092
624 639
407 420
2056 2057
2276 2277
1430 1431
2117 2118
2668 2669
1828 1832
423 510
2217 2218
2835 2836
596 598
2691 2693
2725 2726
2833 2834
2923 2924
2941 2942
1901 1902
462 497
779 780
2675 2676
2898 2899
796 797
2760 2761
2775 2776
2022 2184
765 766
1859 1860
763 764
1857 1858
385 410
432 475
1434 1435
321 401
1993 1994
2039 2076
2858 2859
2848 2849
2845 2846
1527 1528
2198 2199
2971 2972
2913 2914
3044 3045
781 782
391 392
3092 3093
2810 2811
288 349
2782 2784
2640 2697
2522 2523
3349 3350
2526 2527
625 668
2829 2830
882 883
3054 3055
3056 3057
1897 1898
2026 2027
1890 1891
2808 2809
734 739
323 334
2962 2963
578 621
636 661
527 533
622 704
2880 3048
1853 1854
504 515
607 644
474 484
470 471
576 589
3024 3025
2995 2996
519 520
472 477
590 593
508 691
1957 1997
2718 2722
480 501
231 235
543 648
747 750
3099 3100
446 451
290 383
2885 3096
1861 1862
2234 2235
682 683
554 587
651 662
2877 2878
2169 2170
2236 2237
255 273
2125 2126
410 421
510 631
700 745
461 523
112 113
2222 2223
233 239
2831 2832
2531 2538
1995 1996
156 164
525 571
632 634
2252 2253
1867 2145
278 282
592 615
503 516
669 693
2159 2160
1876 1877
2930 2931
3022 3023
3106 3107
398 417
2712 2713
395 436
408 409
609 611
866 867
868 869
2238 2239
299 340
342 343
3048 3049
373 386
1991 1992
3088 3089
2553 2557
2330 2335
122 125
567 568
1829 1830
3152 3153
75 84
445 466
1906 1998
2822 2823
308 314
2723 2817
620 660
818 819
1886 2105
2073 2074
1745 1752
1560 1566
1728 1735
1714 1720
1291 1292
687 719
1316 1317
1925 1926
230 237
2331 2332
2539 2540
3117 3119
3365 3366
2800 2872
3016 3017
697 707
497 502
2297 2298
524 561
374 401
235 240
1907 1908
2069 2070
234 236
2906 2908
770 771
1883 1884
1972 1973
844 845
2189 2190
2638 2639
314 335
431 538
2177 2178
383 457
571 573
583 584
3009 3010
2550 2551
2185 2186
678 691
691 695
433 437
3360 3361
256 262
3403 3404
2860 2861
2590 2593
918 919
3322 3323
1879 2235
2652 2653
2701 2708
2264 2265
2650 2651
2684 2685
2807 2966
3130 3131
3134 3135
3132 3133
2344 2345
3156 3157
3158 3159
2340 2341
2342 2343
909 910
2368 2369
907 908
2366 2367
3160 3161
2364 2365
2338 2339
3339 3340
588 595
386 396
901 902
2163 2244
2626 2633
2631 2632
3437 3444
3442 3443
2146 2147
2756 2757
730 735
447 452
3124 3125
3078 3079
548 566
1930 1931
2980 2981
605 621
498 526
2837 2838
2226 2227
705 723
312 316
2313 2314
3457 3458
3476 3477
2873 2874
639 655
3317 3321
913 917
2508 2510
1835 1837
1838 1839
2511 2512
1325 1326
2594 2595
358 367
1300 1301
3114 3116
2164 2165
466 475
2530 2533
2336 2337
3112 3117
3385 3386
2552 2554
2558 2559
2698 2700
3370 3371
3351 3352
2841 2842
1800 1801
1775 1776
2566 2567
1768 1769
3450 3451
2613 2614
3465 3466
2600 2601
1791 1792
2634 2635
2606 2607
2616 2617
2585 2586
2596 2597
3429 3430
3432 3433
3438 3439
2568 2569
2576 2577
2621 2622
2618 2619
701 710
710 713
1992 2319
2681 2682
2926 2927
1760 1761
90 99
749 750
389 420
1744 1748
1559 1563
2545 2547
3394 3398
876 877
1848 1849
3333 3334
2500 2501
2623 2624
2628 2629
3434 3435
3440 3441
325 326
1094 1095
1874 1875
708 729
2509 2513
627 650
2571 2572
2610 2611
413 414
1816 1817
1085 1086
542 572
1103 1104
652 653
525 574
2358 2359
593 594
2354 2355
318 355
1845 1846
2497 2498
1822 1823
1826 1827
3148 3149
1820 1821
3142 3143
2346 2347
509 558
2516 2517
2504 2505
645 646
292 307
242 249
581 583
539 540
427 439
513 515
420 428
