15328382105813245118 3018 7125
-0.164801 -0.398527 -0.016457
-0.230468 -0.364545 -0.015689
-0.180018 -0.388500 -0.053993
-0.222765 -0.369621 0.003312
-0.242223 -0.355845 -0.030931
-0.203238 -0.371316 -0.084101
-0.256878 -0.344374 -0.040922
-0.232187 -0.348657 -0.103836
-0.264033 -0.322740 -0.111266
-0.272999 -0.331254 -0.044683
-0.289008 -0.317770 -0.041846
-0.295657 -0.296103 -0.105663
-0.303338 -0.305241 -0.032690
-0.323964 -0.271353 -0.087575
-0.346183 -0.250913 -0.058774
-0.314586 -0.294893 -0.018110
-0.360139 -0.236784 -0.022078
-0.321651 -0.287741 0.000467
-0.364467 -0.230349 0.018920
-0.323842 -0.284483 0.021222
-0.320943 -0.285439 0.042123
-0.358742 -0.232237 0.060207
-0.313240 -0.290515 0.061124
-0.343524 -0.242264 0.097743
-0.301485 -0.299214 0.076366
-0.320305 -0.259448 0.127851
-0.286830 -0.310685 0.086357
-0.291355 -0.282108 0.147586
-0.270709 -0.323805 0.090118
-0.259510 -0.308024 0.155016
-0.254700 -0.337289 0.087281
-0.227886 -0.334661 0.149412
-0.199579 -0.359411 0.131325
-0.240370 -0.349819 0.078125
-0.177360 -0.379851 0.102524
-0.229122 -0.360166 0.063545
-0.222057 -0.367319 0.044968
-0.163404 -0.393980 0.065828
-0.219866 -0.370576 0.024213
-0.159076 -0.400416 0.024830
-0.222765 -0.369621 0.003312
-0.164801 -0.398527 -0.016457
-0.102780 -0.417621 -0.035822
-0.125136 -0.402890 -0.090967
-0.159249 -0.377644 -0.135201
-0.201780 -0.344354 -0.164194
-0.248565 -0.306278 -0.175109
-0.295025 -0.267145 -0.166877
-0.336612 -0.230784 -0.140304
-0.369256 -0.200755 -0.097991
-0.389759 -0.179997 -0.044080
-0.396117 -0.170542 0.016153
-0.387706 -0.173316 0.076810
-0.365350 -0.188048 0.131954
-0.331237 -0.213294 0.176188
-0.288706 -0.246584 0.205182
-0.241921 -0.284659 0.216097
-0.195461 -0.323793 0.207865
-0.153874 -0.360154 0.181292
-0.121231 -0.390183 0.138978
-0.100727 -0.410940 0.085067
-0.094369 -0.420395 0.024835
-0.102780 -0.417621 -0.035822
-0.038228 -0.426432 -0.054305
-0.067173 -0.407359 -0.125701
-0.111339 -0.374673 -0.182971
-0.166404 -0.331572 -0.220509
-0.226977 -0.282275 -0.234641
-0.287130 -0.231609 -0.223983
-0.340973 -0.184532 -0.189578
-0.383236 -0.145653 -0.134795
-0.409783 -0.118778 -0.064996
-0.418014 -0.106537 0.012987
-0.407124 -0.110128 0.091521
-0.378179 -0.129201 0.162917
-0.334013 -0.161887 0.220187
-0.278948 -0.204988 0.257725
-0.218375 -0.254285 0.271857
-0.158223 -0.304951 0.261199
-0.104380 -0.352028 0.226794
-0.062116 -0.390907 0.172011
-0.035570 -0.417782 0.102212
-0.027338 -0.430023 0.024229
-0.038228 -0.426432 -0.054305
-0.007555 -0.401798 -0.157340
0.027266 -0.424742 -0.071450
-0.060688 -0.362476 -0.226236
-0.126931 -0.310625 -0.271394
-0.199801 -0.251322 -0.288395
-0.272164 -0.190370 -0.275573
-0.336937 -0.133736 -0.234185
-0.387780 -0.086965 -0.168280
-0.419716 -0.054634 -0.084311
-0.429618 -0.039908 0.009502
-0.416517 -0.044229 0.103978
-0.381697 -0.067173 0.189868
-0.328564 -0.106495 0.258764
-0.262321 -0.158345 0.303922
-0.189451 -0.217649 0.320923
-0.117088 -0.278601 0.308101
-0.052315 -0.335234 0.266712
-0.001472 -0.382006 0.200808
0.030463 -0.414337 0.116839
0.040366 -0.429063 0.023026
0.027266 -0.424742 -0.071450
0.052249 -0.386343 -0.185105
0.092088 -0.412594 -0.086836
-0.008542 -0.341354 -0.263930
-0.084332 -0.282030 -0.315597
-0.167704 -0.214180 -0.335048
-0.250496 -0.144443 -0.320378
-0.324605 -0.079648 -0.273024
-0.382775 -0.026136 -0.197622
-0.419314 0.010855 -0.101551
-0.430643 0.027704 0.005783
-0.415655 0.022760 0.113875
-0.375816 -0.003491 0.212143
-0.315026 -0.048480 0.290969
-0.239235 -0.107803 0.342636
-0.155863 -0.175654 0.362087
-0.073071 -0.245390 0.347417
0.001038 -0.310186 0.300063
0.059208 -0.363698 0.224661
0.095746 -0.400689 0.128590
0.107076 -0.417537 0.021256
0.092088 -0.412594 -0.086836
0.110766 -0.361375 -0.208311
0.154642 -0.390287 -0.100084
0.043815 -0.311826 -0.295126
-0.039657 -0.246491 -0.352029
-0.131478 -0.171764 -0.373450
-0.222661 -0.094960 -0.357294
-0.304280 -0.023598 -0.305142
-0.368346 0.035338 -0.222097
-0.408587 0.076077 -0.116290
-0.421065 0.094633 0.001922
-0.404557 0.089189 0.120968
-0.360681 0.060277 0.229196
-0.293730 0.010729 0.316010
-0.210259 -0.054607 0.372913
-0.118437 -0.129334 0.394335
-0.027254 -0.206138 0.378178
0.054365 -0.277500 0.326026
0.118430 -0.336435 0.242981
0.158672 -0.377175 0.137175
0.171149 -0.395731 0.018962
0.154642 -0.390287 -0.100084
0.166555 -0.327509 -0.226389
0.213389 -0.358369 -0.110868
0.095092 -0.274621 -0.319054
0.005995 -0.204882 -0.379792
-0.092014 -0.125119 -0.402658
-0.189343 -0.043139 -0.385413
-0.276463 0.033033 -0.329745
-0.344846 0.095941 -0.241104
-0.387799 0.139426 -0.128166
-0.401118 0.159232 -0.001987
-0.383498 0.153421 0.125083
-0.336664 0.122561 0.240604
-0.265201 0.069673 0.333269
-0.176105 -0.000066 0.394007
-0.078095 -0.079829 0.416873
0.019233 -0.161809 0.399628
0.106353 -0.237981 0.343960
0.174737 -0.300888 0.255319
0.217690 -0.344373 0.142381
0.231009 -0.364180 0.016202
0.213389 -0.358369 -0.110868
0.218244 -0.285578 -0.238892
0.266881 -0.317627 -0.118921
0.144028 -0.230653 -0.335126
0.051499 -0.158228 -0.398204
-0.050285 -0.075393 -0.421950
-0.151362 0.009745 -0.404041
-0.241838 0.088851 -0.346229
-0.312855 0.154181 -0.254174
-0.357463 0.199341 -0.136886
-0.371295 0.219911 -0.005847
-0.352996 0.213876 0.126117
-0.304358 0.181827 0.246088
-0.230143 0.126902 0.342322
-0.137614 0.054477 0.405400
-0.035830 -0.028359 0.429146
0.065247 -0.113496 0.411237
0.155723 -0.192602 0.353425
0.226740 -0.257932 0.261370
0.271348 -0.303092 0.144082
0.285180 -0.323662 0.013043
0.266881 -0.317627 -0.118921
0.264558 -0.236616 -0.245513
0.313802 -0.269064 -0.124046
0.189418 -0.181006 -0.342947
0.095735 -0.107678 -0.406810
-0.007318 -0.023810 -0.430853
-0.109655 0.062389 -0.412720
-0.201258 0.142480 -0.354188
-0.273161 0.208625 -0.260985
-0.318325 0.254348 -0.142235
-0.332329 0.275174 -0.009562
-0.313802 0.269064 0.124046
-0.264558 0.236616 0.245513
-0.189418 0.181006 0.342946
-0.095735 0.107678 0.406810
0.007318 0.023810 0.430853
0.109655 -0.062389 0.412720
0.201258 -0.142480 0.354188
0.273161 -0.208625 0.260985
0.318325 -0.254348 0.142235
0.332329 -0.275174 0.009562
0.313802 -0.269064 -0.124046
0.352996 -0.213876 -0.126117
0.304359 -0.181827 -0.246088
0.230143 -0.126902 -0.342322
0.137614 -0.054477 -0.405400
0.035830 0.028359 -0.429146
-0.065247 0.113496 -0.411237
-0.155723 0.192602 -0.353425
-0.226740 0.257932 -0.261370
-0.271348 0.303092 -0.144082
-0.285180 0.323662 -0.013043
-0.266881 0.317627 0.118921
-0.218244 0.285578 0.238892
-0.144028 0.230653 0.335126
-0.051499 0.158228 0.398204
0.050285 0.075393 0.421950
0.151362 -0.009745 0.404041
0.241838 -0.088851 0.346229
0.312855 -0.154181 0.254174
0.357463 -0.199341 0.136886
0.371294 -0.219910 0.005847
0.352996 -0.213876 -0.126117
0.383498 -0.153421 -0.125083
0.336665 -0.122561 -0.240604
0.265202 -0.069673 -0.333269
0.176105 0.000066 -0.394007
0.078095 0.079829 -0.416873
-0.019233 0.161809 -0.399628
-0.106353 0.237981 -0.343960
-0.174737 0.300888 -0.255319
-0.217690 0.344373 -0.142381
-0.231009 0.364180 -0.016202
-0.213389 0.358369 0.110868
-0.166555 0.327509 0.226389
-0.095092 0.274621 0.319054
-0.005995 0.204882 0.379792
0.092014 0.125119 0.402658
0.189343 0.043139 0.385413
0.276463 -0.033033 0.329745
0.344846 -0.095940 0.241104
0.387799 -0.139426 0.128166
0.401118 -0.159232 0.001987
0.383498 -0.153421 -0.125083
0.404557 -0.089189 -0.120968
0.360681 -0.060277 -0.229196
0.293730 -0.010729 -0.316010
0.210259 0.054607 -0.372913
0.118437 0.129334 -0.394335
0.027254 0.206138 -0.378179
-0.054365 0.277500 -0.326026
-0.118431 0.336435 -0.242981
-0.158672 0.377175 -0.137175
-0.171149 0.395731 -0.018962
-0.154642 0.390286 0.100084
-0.110765 0.361375 0.208311
-0.043815 0.311826 0.295125
0.039657 0.246491 0.352028
0.131478 0.171764 0.373450
0.222661 0.094960 0.357294
0.304280 0.023598 0.305141
0.368346 -0.035338 0.222097
0.408587 -0.076077 0.116290
0.421064 -0.094633 -0.001922
0.404557 -0.089189 -0.120968
0.415655 -0.022760 -0.113875
0.375816 0.003491 -0.212143
0.315026 0.048480 -0.290969
0.239235 0.107803 -0.342636
0.155863 0.175654 -0.362087
0.073071 0.245390 -0.347417
-0.001038 0.310186 -0.300063
-0.059208 0.363698 -0.224661
-0.095746 0.400689 -0.128590
-0.107076 0.417537 -0.021256
-0.092087 0.412594 0.086836
-0.052248 0.386343 0.185104
0.008542 0.341354 0.263930
0.084332 0.282030 0.315597
0.167704 0.214180 0.335048
0.250496 0.144443 0.320378
0.324605 0.079648 0.273024
0.382775 0.026136 0.197622
0.419314 -0.010855 0.101551
0.430643 -0.027704 -0.005783
0.415655 -0.022760 -0.113875
0.416518 0.044229 -0.103978
0.381697 0.067173 -0.189868
0.328564 0.106495 -0.258764
0.262321 0.158345 -0.303922
0.189451 0.217649 -0.320923
0.117088 0.278601 -0.308101
0.052315 0.335234 -0.266713
0.001472 0.382006 -0.200808
-0.030464 0.414337 -0.116839
-0.040366 0.429063 -0.023026
-0.027266 0.424742 0.071450
0.007555 0.401798 0.157340
0.060688 0.362476 0.226236
0.126931 0.310625 0.271394
0.199801 0.251322 0.288395
0.272164 0.190370 0.275573
0.336937 0.133737 0.234185
0.387780 0.086965 0.168280
0.419715 0.054634 0.084311
0.429618 0.039908 -0.009502
0.416518 0.044229 -0.103978
0.378180 0.129201 -0.162917
0.407124 0.110128 -0.091521
0.334013 0.161887 -0.220187
0.278948 0.204988 -0.257725
0.218375 0.254285 -0.271857
0.158223 0.304951 -0.261199
0.104379 0.352028 -0.226794
0.062116 0.390907 -0.172011
0.035570 0.417782 -0.102212
0.027338 0.430023 -0.024229
0.038228 0.426432 0.054305
0.067173 0.407359 0.125701
0.111339 0.374673 0.182971
0.166404 0.331572 0.220509
0.226977 0.282275 0.234641
0.287130 0.231609 0.223983
0.340973 0.184532 0.189578
0.383236 0.145653 0.134795
0.409783 0.118778 0.064996
0.418014 0.106537 -0.012987
0.407124 0.110128 -0.091521
0.365350 0.188047 -0.131954
0.387706 0.173316 -0.076810
0.331237 0.213294 -0.176188
0.288706 0.246584 -0.205182
0.241921 0.284659 -0.216097
0.195461 0.323793 -0.207865
0.153874 0.360154 -0.181292
0.121231 0.390183 -0.138978
0.100727 0.410940 -0.085067
0.094369 0.420395 -0.024835
0.102780 0.417621 0.035822
0.125136 0.402890 0.090967
0.159249 0.377644 0.135201
0.201780 0.344354 0.164194
0.248565 0.306278 0.175109
0.295025 0.267145 0.166877
0.336612 0.230784 0.140304
0.369255 0.200755 0.097991
0.389759 0.179997 0.044080
0.396117 0.170542 -0.016153
0.387706 0.173316 -0.076810
0.343524 0.242264 -0.097743
0.358742 0.232237 -0.060207
0.320305 0.259448 -0.127851
0.291355 0.282108 -0.147586
0.259510 0.308024 -0.155016
0.227886 0.334661 -0.149413
0.199579 0.359411 -0.131325
0.177360 0.379851 -0.102524
0.163404 0.393980 -0.065828
0.159076 0.400416 -0.024830
0.164801 0.398527 0.016457
0.180018 0.388500 0.053993
0.203238 0.371316 0.084101
0.232187 0.348657 0.103836
0.264033 0.322740 0.111266
0.295657 0.296103 0.105663
0.323964 0.271353 0.087575
0.346183 0.250913 0.058774
0.360139 0.236784 0.022078
0.364467 0.230349 -0.018920
0.358742 0.232237 -0.060207
0.313240 0.290515 -0.061124
0.320943 0.285439 -0.042123
0.301486 0.299214 -0.076366
0.286830 0.310685 -0.086357
0.270709 0.323805 -0.090118
0.254700 0.337289 -0.087281
0.240370 0.349819 -0.078125
0.229122 0.360166 -0.063545
0.222057 0.367319 -0.044968
0.219866 0.370576 -0.024213
0.222765 0.369621 -0.003312
0.230468 0.364545 0.015689
0.242223 0.355845 0.030931
0.256878 0.344374 0.040922
0.272999 0.331254 0.044683
0.289008 0.317770 0.041846
0.303338 0.305241 0.032690
0.314586 0.294894 0.018110
0.321651 0.287741 -0.000467
0.323842 0.284483 -0.021222
0.320943 0.285439 -0.042123
-0.275243 -0.331612 0.023001
-0.275243 -0.331612 0.023001
-0.275243 -0.331612 0.023001
-0.275243 -0.331612 0.023001
-0.275243 -0.331612 0.023001
-0.275243 -0.331612 0.023001
-0.275243 -0.331612 0.023001
-0.275243 -0.331612 0.023001
-0.275243 -0.331612 0.023001
-0.275243 -0.331612 0.023001
-0.275243 -0.331612 0.023001
-0.275243 -0.331612 0.023001
-0.275243 -0.331612 0.023001
-0.275243 -0.331612 0.023001
-0.275243 -0.331612 0.023001
-0.275243 -0.331612 0.023001
-0.275243 -0.331612 0.023001
-0.275243 -0.331612 0.023001
-0.275243 -0.331612 0.023001
-0.275243 -0.331612 0.023001
0.275243 0.331612 -0.023001
0.275243 0.331612 -0.023001
0.275243 0.331612 -0.023001
0.275243 0.331612 -0.023001
0.275243 0.331612 -0.023001
0.275243 0.331612 -0.023001
0.275243 0.331612 -0.023001
0.275243 0.331612 -0.023001
0.275243 0.331612 -0.023001
0.275243 0.331612 -0.023001
0.275243 0.331612 -0.023001
0.275243 0.331612 -0.023001
0.275243 0.331612 -0.023001
0.275243 0.331612 -0.023001
0.275243 0.331612 -0.023001
0.275243 0.331612 -0.023001
0.275243 0.331612 -0.023001
0.275243 0.331612 -0.023001
0.275243 0.331612 -0.023001
0.275243 0.331612 -0.023001
-0.279766 0.008914 1.487064
-0.335357 0.008832 1.443380
-0.261510 0.031998 1.468499
-0.237999 -0.109209 1.580612
-0.243335 -0.071034 1.594245
-0.282719 -0.091992 1.572713
-0.217822 -0.106810 1.584497
-0.222214 -0.070605 1.597009
-0.260307 0.028398 1.463175
-0.259715 0.025985 1.461549
-0.258961 0.029390 1.455920
-0.213041 -0.104416 1.579941
-0.208465 -0.085124 1.590894
-0.213041 -0.104416 1.579941
-0.205225 -0.101598 1.582635
-0.283972 0.024756 1.454771
-0.283181 0.028397 1.449590
-0.205201 -0.083830 1.586378
-0.198673 -0.113310 1.567950
-0.322900 -0.088219 1.550531
-0.329446 -0.085508 1.528375
-0.332093 -0.100302 1.500372
-0.285700 0.027906 1.455941
-0.297377 -0.139593 1.520595
-0.326462 0.010578 1.504997
-0.323559 0.013357 1.507434
-0.331098 0.012733 1.503457
-0.237999 -0.109209 1.580612
-0.228654 -0.141816 1.559116
-0.214085 -0.123185 1.575056
-0.342443 0.014446 1.485508
-0.341632 0.012248 1.485982
-0.217822 -0.106810 1.584497
-0.213041 -0.104416 1.579941
-0.296639 0.046513 1.484238
-0.302015 0.050300 1.483878
-0.302952 0.051037 1.490018
-0.200871 -0.117898 1.571010
-0.315135 0.052066 1.468555
-0.321453 0.052275 1.467979
-0.314890 0.053825 1.473939
-0.302952 0.051037 1.490018
-0.296082 0.043735 1.487877
-0.317927 0.048044 1.464258
-0.313697 0.049448 1.466568
-0.338083 0.008784 1.484063
-0.340595 0.011615 1.479099
-0.283542 0.051102 1.442984
-0.260201 0.063853 1.446615
-0.286250 0.063186 1.443649
-0.258299 0.053099 1.446301
-0.382997 -0.091965 1.447901
-0.385102 -0.070434 1.444307
-0.374297 -0.106506 1.440248
-0.284800 0.059189 1.476091
-0.294241 0.064972 1.451927
-0.269992 0.068060 1.462454
-0.385102 -0.070434 1.444307
-0.386031 -0.090509 1.437054
-0.374297 -0.106506 1.440248
-0.302502 0.061250 1.458133
-0.285700 0.027906 1.455941
-0.263995 0.071801 1.451620
-0.270795 0.072404 1.462545
-0.304415 0.064393 1.460606
-0.281031 0.067233 1.473332
-0.421554 -0.097307 1.398442
-0.409345 -0.115837 1.399420
-0.422112 -0.099048 1.406893
-0.295403 0.069414 1.453462
-0.421554 -0.097307 1.398442
-0.416749 -0.094612 1.398582
-0.409345 -0.115837 1.399420
-0.285758 0.066629 1.441666
-0.403908 -0.070170 1.414727
-0.386374 -0.099982 1.416393
-0.355360 -0.088143 1.444389
-0.386374 -0.099982 1.416393
-0.362606 -0.050793 1.445671
-0.260164 0.064969 1.443017
-0.348660 -0.050897 1.451227
-0.340118 -0.086221 1.451728
-0.355360 -0.088143 1.444389
-0.283034 0.059512 1.438571
-0.257894 0.052855 1.442615
-0.300052 -0.050890 1.508822
-0.293303 -0.084428 1.501280
-0.213232 -0.050830 1.577874
-0.221243 -0.093735 1.548922
-0.236098 -0.050894 1.551276
-0.198673 -0.113310 1.567950
-0.207951 -0.095201 1.568909
-0.205201 -0.083830 1.586378
-0.281547 0.050368 1.439622
-0.283542 0.051102 1.442984
-0.372432 -0.071811 1.467758
-0.341821 -0.068477 1.508184
-0.372294 -0.029799 1.467765
-0.341971 -0.033133 1.508174
-0.373720 -0.050792 1.461741
-0.286250 0.063186 1.443649
-0.294241 0.064972 1.451927
-0.302502 0.061250 1.458133
-0.394977 -0.093938 1.440190
-0.389824 -0.069125 1.438247
-0.399728 -0.050773 1.442025
-0.423757 -0.050654 1.422003
-0.313697 0.049448 1.466568
-0.315135 0.052066 1.468555
-0.426713 -0.050831 1.411790
-0.424471 -0.075632 1.413939
-0.436157 -0.050792 1.404757
-0.432001 -0.074886 1.405945
-0.426713 -0.050831 1.411790
-0.424471 -0.075632 1.413939
-0.436625 -0.050792 1.397324
-0.431794 -0.074115 1.397281
-0.430481 -0.050793 1.396528
-0.431794 -0.074115 1.397281
-0.436625 -0.050792 1.397324
-0.403915 -0.031431 1.414747
-0.288203 0.060706 1.478845
-0.296639 0.046513 1.484238
-0.302015 0.050300 1.483878
-0.362606 -0.050793 1.445671
-0.326462 0.010578 1.504997
-0.341899 -0.016982 1.510454
-0.335648 -0.019048 1.511264
-0.213616 -0.068319 1.579961
-0.213550 -0.033334 1.579926
-0.213616 -0.068319 1.579961
-0.213550 -0.033334 1.579926
-0.206974 -0.068297 1.591351
-0.207805 -0.050792 1.593215
-0.210001 -0.032039 1.596204
-0.210000 -0.069566 1.596203
-0.207805 -0.050792 1.593215
-0.206974 -0.068297 1.591351
-0.217942 -0.069987 1.592038
-0.218155 -0.050792 1.593631
-0.217942 -0.069987 1.592038
-0.218155 -0.050792 1.593631
-0.222214 -0.070605 1.597009
-0.224208 -0.050792 1.599951
-0.243335 -0.071034 1.594245
-0.288186 -0.050791 1.580757
-0.347589 -0.050891 1.514335
-0.286739 -0.072519 1.578220
-0.329446 -0.085508 1.528375
-0.328108 -0.050798 1.556903
-0.335099 -0.050794 1.533290
-0.356435 -0.033050 1.493563
-0.353110 -0.050885 1.492402
-0.356513 -0.068614 1.493849
-0.338083 0.008784 1.484063
-0.347274 -0.001085 1.489477
-0.341632 0.012248 1.485982
-0.348446 -0.018793 1.490127
-0.363686 -0.104497 1.458353
-0.363686 -0.104497 1.458353
-0.373720 -0.050792 1.461741
-0.388440 -0.050792 1.449712
-0.389824 -0.069125 1.438247
-0.386031 -0.090509 1.437054
-0.405013 -0.115267 1.414505
-0.378265 -0.127293 1.434635
-0.405013 -0.115267 1.414505
-0.207951 -0.095201 1.568909
-0.217942 -0.069987 1.592038
-0.318389 0.026675 1.500977
-0.286739 -0.072519 1.578220
-0.345273 0.016997 1.484701
-0.335604 0.029003 1.481157
-0.322900 -0.088219 1.550531
-0.355031 -0.119359 1.463263
-0.354656 -0.119554 1.456246
-0.365771 -0.121161 1.437439
-0.368559 -0.123088 1.443990
-0.354656 -0.119554 1.456246
-0.308983 0.040058 1.491614
-0.301329 0.049260 1.492610
-0.301678 0.048162 1.486608
-0.328572 0.041402 1.476463
-0.321926 0.040673 1.474601
-0.217017 -0.170700 1.500614
-0.200574 -0.159496 1.534006
-0.242701 -0.165202 1.510330
-0.311818 0.038750 1.496117
-0.192555 -0.164311 1.514696
-0.192555 -0.164311 1.514696
-0.205374 -0.171019 1.484812
-0.192420 -0.169739 1.495881
-0.203367 -0.166281 1.482001
-0.190341 -0.165516 1.493268
-0.243779 -0.152186 1.459187
-0.201597 -0.152794 1.493164
-0.203367 -0.166281 1.482001
-0.190341 -0.165516 1.493268
-0.307483 0.040600 1.496317
-0.324754 0.035387 1.470902
-0.332548 0.026720 1.473201
-0.331329 0.025210 1.475690
-0.216274 -0.113796 1.534706
-0.193642 -0.149266 1.503232
-0.217454 -0.149898 1.478963
-0.357626 -0.133175 1.431730
-0.369323 -0.122770 1.433359
-0.331329 0.025210 1.475690
-0.335604 0.029003 1.481157
-0.301329 0.049260 1.492610
-0.370724 -0.142093 1.412435
-0.380486 -0.134323 1.415037
-0.397506 -0.128291 1.407430
-0.381040 -0.137948 1.401679
-0.320216 0.011436 1.505054
-0.334876 -0.144353 1.438151
-0.313758 -0.158744 1.439617
-0.338126 -0.147284 1.444620
-0.316302 -0.163678 1.445879
-0.312797 -0.154284 1.455288
-0.306340 0.032991 1.492679
-0.311997 0.024761 1.499828
-0.314410 0.023316 1.497357
-0.312797 -0.154284 1.455288
-0.314073 -0.154627 1.462803
-0.380486 -0.134323 1.415037
-0.256362 -0.168507 1.472908
-0.265164 -0.159413 1.467210
-0.251580 -0.164843 1.468140
-0.327754 0.021001 1.445411
-0.347776 0.000821 1.445320
-0.362096 0.019006 1.419020
-0.386379 -0.001622 1.416401
-0.202140 -0.142664 1.547626
-0.403915 -0.031431 1.414747
-0.200020 0.047938 1.494696
-0.191551 0.049566 1.503130
-0.197117 0.038093 1.523707
-0.208235 -0.006196 1.569031
-0.221281 -0.007066 1.548778
-0.190546 -0.149691 1.536165
-0.202140 -0.142664 1.547626
-0.216121 0.012143 1.534575
-0.182955 -0.167179 1.506080
-0.193642 -0.149266 1.503232
-0.180574 -0.162185 1.503672
-0.188611 -0.145191 1.533093
-0.201556 -0.123856 1.543151
-0.188611 -0.145191 1.533093
-0.180574 -0.162185 1.503672
-0.341878 -0.016403 1.451226
-0.355366 -0.013455 1.444426
-0.347776 0.000821 1.445320
-0.327754 0.021001 1.445411
-0.300457 0.040907 1.442396
-0.334876 -0.144353 1.438151
-0.357626 -0.133175 1.431730
-0.368920 -0.141572 1.406152
-0.342811 -0.142387 1.422422
-0.314238 0.035380 1.445073
-0.327754 0.021001 1.445411
-0.328285 0.034433 1.434237
-0.314238 0.035380 1.445073
-0.293250 -0.016966 1.501290
-0.248246 0.047427 1.455719
-0.301476 0.044537 1.445865
-0.365771 -0.121161 1.437439
-0.369323 -0.122770 1.433359
-0.355366 -0.013455 1.444426
-0.362096 0.019006 1.419020
-0.368301 0.032790 1.404523
-0.386379 -0.001622 1.416401
-0.403474 0.009171 1.399072
-0.409200 0.014114 1.399571
-0.380856 0.036496 1.400561
-0.368992 0.039983 1.406259
-0.343147 0.040874 1.422903
-0.318795 0.041389 1.441967
-0.318795 0.041389 1.441967
-0.343147 0.040874 1.422903
-0.334854 0.042723 1.438126
-0.314238 0.035380 1.445073
-0.318795 0.041389 1.441967
-0.301476 0.044537 1.445865
-0.249565 0.063265 1.451449
-0.314018 0.056779 1.440764
-0.264066 0.066021 1.455323
-0.314018 0.056779 1.440764
-0.316345 0.062166 1.446176
-0.249565 0.063265 1.451449
-0.312804 0.052696 1.455334
-0.265163 0.057803 1.467198
-0.256363 0.066908 1.472913
-0.265163 0.057803 1.467198
-0.291390 0.058869 1.468097
-0.312804 0.052696 1.455334
-0.307460 0.037650 1.482989
-0.314067 0.053019 1.462802
-0.220905 -0.171183 1.471659
-0.251580 -0.164843 1.468140
-0.246178 -0.170367 1.456501
-0.233440 -0.165589 1.458341
-0.355055 0.017747 1.463255
-0.332099 -0.001287 1.500386
-0.284906 -0.155873 1.484738
-0.248246 0.047427 1.455719
-0.233767 0.064067 1.458715
-0.200020 0.047938 1.494696
-0.335099 -0.050794 1.533290
-0.251579 0.063237 1.468138
-0.246143 0.069026 1.456429
-0.233767 0.064067 1.458715
-0.217276 0.064041 1.470491
-0.203479 0.064677 1.482136
-0.217276 0.064041 1.470491
-0.205375 0.069414 1.484813
-0.203479 0.064677 1.482136
-0.313758 -0.158744 1.439617
-0.334876 -0.144353 1.438151
-0.318835 -0.143005 1.442023
-0.220897 0.069545 1.471653
-0.224913 0.066177 1.487273
-0.217012 0.069060 1.500587
-0.224913 0.066177 1.487273
-0.242813 0.063867 1.510530
-0.278022 0.009474 1.564931
-0.237976 0.007560 1.580515
-0.253096 0.028025 1.564722
-0.237976 0.007560 1.580515
-0.278022 0.009474 1.564931
-0.282721 -0.009626 1.572712
-0.201556 -0.123856 1.543151
-0.251579 0.063237 1.468138
-0.297320 0.037803 1.520417
-0.322912 -0.013299 1.550628
-0.282721 -0.009626 1.572712
-0.322912 -0.013299 1.550628
-0.286644 -0.029075 1.578255
-0.282721 -0.009626 1.572712
-0.288186 -0.050791 1.580757
-0.284881 0.054214 1.484704
-0.307456 -0.139231 1.482967
-0.291390 -0.160478 1.468101
-0.334854 0.042723 1.438126
-0.286739 -0.072519 1.578220
-0.282719 -0.091992 1.572713
-0.278218 -0.111503 1.565367
-0.282719 -0.091992 1.572713
-0.329443 -0.016100 1.528379
-0.214113 0.021624 1.575244
-0.202129 0.041076 1.547652
-0.200713 0.058610 1.534585
-0.224908 -0.167771 1.487264
-0.224908 -0.167771 1.487264
-0.204978 0.000382 1.583192
-0.193747 0.038946 1.548886
-0.202129 0.041076 1.547652
-0.357637 0.031587 1.431732
-0.365776 0.019561 1.437443
-0.217270 -0.165646 1.470485
-0.233440 -0.165589 1.458341
-0.217270 -0.165646 1.470485
-0.369347 0.021178 1.433360
-0.334854 0.042723 1.438126
-0.368560 0.021483 1.443991
-0.338126 0.045679 1.444620
-0.365776 0.019561 1.437443
-0.354653 0.017946 1.456236
-0.374298 0.004901 1.440248
-0.261674 -0.112264 1.498900
-0.400398 0.012986 1.421917
-0.390482 0.026225 1.413355
-0.416390 -0.004638 1.414749
-0.378200 0.025570 1.434634
-0.390482 0.026225 1.413355
-0.409884 0.016537 1.407821
-0.416390 -0.004638 1.414749
-0.190329 0.063909 1.493258
-0.182883 0.065685 1.506165
-0.180386 0.060601 1.503654
-0.192420 0.068134 1.495881
-0.278218 -0.111503 1.565367
-0.192532 0.062664 1.514662
-0.370826 0.040660 1.412537
-0.368992 0.039983 1.406259
-0.380856 0.036496 1.400561
-0.380345 0.032495 1.415007
-0.198707 0.011616 1.567855
-0.191968 0.034407 1.544521
-0.197117 0.038093 1.523707
-0.180386 0.060601 1.503654
-0.191968 0.034407 1.544521
-0.208235 -0.006196 1.569031
-0.198707 0.011616 1.567855
-0.191551 0.049566 1.503130
-0.190329 0.063909 1.493258
-0.192532 0.062664 1.514662
-0.249533 -0.165069 1.451091
-0.265164 -0.159413 1.467210
-0.248309 -0.148884 1.455950
-0.249533 -0.165069 1.451091
-0.271744 -0.146115 1.449321
-0.380345 0.032495 1.415007
-0.357637 0.031587 1.431732
-0.354653 0.017946 1.456236
-0.409200 0.014114 1.399571
-0.369347 0.021178 1.433360
-0.287455 -0.164689 1.452980
-0.304386 -0.159344 1.444254
-0.301571 -0.146133 1.446038
-0.304386 -0.159344 1.444254
-0.363691 0.002892 1.458352
-0.313799 -0.136766 1.444549
-0.318835 -0.143005 1.442023
-0.382996 -0.009640 1.447900
-0.313799 -0.136766 1.444549
-0.318835 -0.143005 1.442023
-0.342811 -0.142387 1.422422
-0.374298 0.004901 1.440248
-0.378675 -0.131134 1.399923
-0.368920 -0.141572 1.406152
-0.381040 -0.137948 1.401679
-0.363691 0.002892 1.458352
-0.329443 -0.016100 1.528379
-0.286644 -0.029075 1.578255
-0.243355 -0.030563 1.594259
-0.222214 -0.031000 1.597009
-0.217942 -0.031616 1.592041
-0.213038 0.002799 1.579924
-0.208465 -0.016481 1.590894
-0.217942 -0.031616 1.592041
-0.362091 -0.120616 1.419016
-0.213038 0.002799 1.579924
-0.206962 -0.033308 1.591352
-0.205202 -0.017798 1.586347
-0.327763 -0.122606 1.445392
-0.205202 -0.017798 1.586347
-0.347774 -0.102423 1.445319
-0.335532 -0.110655 1.443539
-0.301571 -0.146133 1.446038
-0.313799 -0.136766 1.444549
-0.300545 -0.142627 1.442720
-0.206962 -0.033308 1.591352
-0.271744 -0.146115 1.449321
-0.421625 -0.004250 1.398598
-0.432020 -0.027348 1.397387
-0.432529 -0.026498 1.406147
-0.421625 -0.004250 1.398598
-0.432020 -0.027348 1.397387
-0.347774 -0.102423 1.445319
-0.394644 -0.007825 1.439961
-0.389827 -0.032481 1.438248
-0.386051 -0.011084 1.437057
-0.385099 -0.031172 1.444307
-0.386051 -0.011084 1.437057
-0.389827 -0.032481 1.438248
-0.385099 -0.031172 1.444307
-0.243779 -0.152186 1.459187
-0.248309 -0.148884 1.455950
-0.310601 -0.115069 1.456618
-0.286644 -0.029075 1.578255
-0.243355 -0.030563 1.594259
-0.222214 -0.031000 1.597009
-0.217942 -0.031616 1.592041
-0.327763 -0.122606 1.445392
-0.201597 -0.152794 1.493164
-0.403908 -0.070170 1.414727
-0.213038 0.002799 1.579924
-0.217822 0.005205 1.584497
-0.362091 -0.120616 1.419016
-0.327763 -0.122606 1.445392
-0.217822 0.005205 1.584497
-0.258963 -0.130964 1.455937
-0.259301 -0.128452 1.460968
-0.260227 -0.129249 1.463261
-0.283688 -0.127278 1.454740
-0.283230 -0.129941 1.449570
-0.347299 -0.100623 1.489002
-0.336666 -0.100953 1.507715
-0.285782 -0.129180 1.457030
-0.328737 -0.135726 1.477042
-0.312448 -0.155454 1.471076
-0.306007 -0.142726 1.491881
-0.329944 -0.098126 1.506817
-0.348345 -0.083151 1.489977
-0.337046 -0.110090 1.483816
-0.313051 -0.152197 1.465915
-0.296297 -0.148900 1.483574
-0.287965 -0.161555 1.478335
-0.283017 -0.170414 1.470367
-0.283555 -0.152700 1.442976
-0.260201 -0.165457 1.446614
-0.258304 -0.154701 1.446295
-0.286249 -0.164791 1.443649
-0.284840 -0.160822 1.476059
-0.294241 -0.166575 1.451926
-0.302502 -0.162855 1.458133
-0.269995 -0.169700 1.462478
-0.339881 -0.066928 1.514419
-0.304288 -0.165779 1.460509
-0.313051 -0.152197 1.465915
-0.295355 -0.170818 1.453352
-0.280842 -0.167954 1.472878
-0.285782 -0.129180 1.457030
-0.270806 -0.173910 1.462449
-0.263994 -0.173398 1.451615
-0.285762 -0.168276 1.441690
-0.302502 -0.162855 1.458133
-0.294241 -0.166575 1.451926
-0.260164 -0.166573 1.443016
-0.283034 -0.161117 1.438571
-0.257893 -0.154461 1.442615
-0.281547 -0.151973 1.439622
-0.286249 -0.164791 1.443649
-0.283555 -0.152700 1.442976
-0.204447 -0.017361 1.587400
-0.206950 -0.006592 1.567808
-0.198357 0.012241 1.568816
-0.218308 -0.107009 1.585413
-0.222828 -0.070927 1.598805
-0.282791 -0.092055 1.572760
-0.343280 -0.087603 1.454751
-0.362432 -0.050749 1.444741
-0.330882 -0.009525 1.465276
-0.372439 -0.029770 1.467817
-0.350928 -0.086287 1.485088
-0.341536 -0.033279 1.508020
-0.376528 -0.051333 1.462778
-0.204509 -0.100820 1.581519
-0.386739 -0.070527 1.444747
-0.376528 -0.051333 1.462778
-0.389797 -0.030204 1.446251
-0.417932 -0.003251 1.415621
-0.409255 0.015245 1.396987
-0.421921 -0.004107 1.397257
-0.386713 -0.010990 1.437051
-0.386739 -0.070527 1.444747
-0.389797 -0.030204 1.446251
-0.395792 -0.093908 1.441607
-0.386713 -0.010990 1.437051
-0.395458 -0.007840 1.441553
-0.430178 -0.050649 1.414609
-0.417932 -0.003251 1.415621
-0.437257 -0.050519 1.395086
-0.430178 -0.050649 1.414609
-0.329318 -0.085588 1.528216
-0.306221 -0.126704 1.531263
-0.322451 -0.087832 1.550250
-0.218308 -0.107009 1.585413
-0.278550 -0.113107 1.567041
-0.214385 -0.126031 1.577390
-0.354541 0.017315 1.463180
-0.363198 0.003037 1.458174
-0.351068 -0.015456 1.485074
-0.323343 0.008897 1.502330
-0.323548 0.014742 1.507304
-0.330839 0.013199 1.502883
-0.204509 -0.100820 1.581519
-0.198357 0.012241 1.568816
-0.212583 0.003310 1.580468
-0.204447 -0.017361 1.587400
-0.198758 -0.114141 1.568948
-0.204509 -0.100820 1.581519
-0.200547 -0.144446 1.549374
-0.212583 0.003310 1.580468
-0.215065 0.023121 1.576370
-0.218035 0.005382 1.585559
-0.338882 0.025192 1.481558
-0.343919 0.012112 1.479641
-0.193345 0.038084 1.548281
-0.369559 -0.089743 1.460480
-0.357519 -0.121632 1.457459
-0.207616 -0.050881 1.593319
-0.213338 -0.033429 1.579895
-0.357519 -0.121632 1.457459
-0.369559 -0.089743 1.460480
-0.382933 -0.091949 1.447889
-0.278787 0.012385 1.567685
-0.222846 -0.030646 1.599542
-0.207616 -0.050881 1.593319
-0.374133 -0.106440 1.440197
-0.322506 -0.013697 1.550327
-0.306136 0.024913 1.531161
-0.329461 -0.015948 1.528276
-0.386355 -0.090543 1.437088
-0.374133 -0.106440 1.440197
-0.301775 0.050444 1.489879
-0.306462 0.033043 1.492612
-0.296433 0.048255 1.485615
-0.212583 0.003310 1.580468
-0.218035 0.005382 1.585559
-0.222846 -0.030646 1.599542
-0.282770 -0.009561 1.572711
-0.287137 -0.072643 1.579700
-0.222846 -0.030646 1.599542
-0.286970 -0.028968 1.579214
-0.334379 -0.050876 1.533130
-0.328289 -0.050796 1.557214
-0.329461 -0.015948 1.528276
-0.283684 0.050736 1.442747
-0.257969 0.064444 1.442861
-0.287482 0.065924 1.442415
-0.257652 0.029893 1.457291
-0.434077 -0.074922 1.397689
-0.416667 -0.094571 1.398357
-0.410615 -0.117001 1.399762
-0.363198 0.003037 1.458174
-0.368063 0.020474 1.433517
-0.403760 -0.070208 1.414526
-0.386420 -0.099988 1.416480
-0.355645 -0.088296 1.444772
-0.386420 -0.099988 1.416480
-0.362432 -0.050749 1.444741
-0.269444 0.070888 1.463367
-0.304445 0.064049 1.459337
-0.296285 -0.148939 1.483667
-0.331015 -0.099878 1.510293
-0.306033 -0.142714 1.492343
-0.421921 -0.004107 1.397257
-0.404001 -0.031249 1.414937
-0.437257 -0.050519 1.395086
-0.206950 -0.006592 1.567808
-0.213338 -0.033429 1.579895
-0.209525 -0.050725 1.573664
-0.300371 -0.050553 1.509253
-0.238812 -0.088378 1.541696
-0.288158 -0.162779 1.479259
-0.313088 -0.156019 1.471340
-0.284786 0.058965 1.476161
-0.286970 -0.028968 1.579214
-0.346924 -0.101443 1.493573
-0.313997 -0.152978 1.465963
-0.204509 -0.100820 1.581519
-0.198758 -0.114141 1.568948
-0.207814 -0.095169 1.568595
-0.285601 0.027965 1.456238
-0.322506 -0.013697 1.550327
-0.343598 -0.098350 1.486634
-0.368420 0.021066 1.443854
-0.368063 0.020474 1.433517
-0.269444 0.070888 1.463367
-0.282929 0.069566 1.470425
-0.284786 0.058965 1.476161
-0.279506 -0.165057 1.472056
-0.290511 -0.169147 1.446311
-0.313997 -0.152978 1.465963
-0.257718 -0.166016 1.442104
-0.284965 -0.155037 1.441263
-0.258158 -0.130872 1.459144
-0.284965 -0.155037 1.441263
-0.257718 -0.166016 1.442104
-0.285965 -0.128613 1.456972
-0.287482 0.065924 1.442415
-0.354541 0.017315 1.463180
-0.201247 0.059900 1.535951
-0.243173 0.064828 1.511041
-0.192260 0.064600 1.514689
-0.224734 0.066737 1.487329
-0.417174 -0.097827 1.414978
-0.434077 -0.074922 1.397689
-0.417174 -0.097827 1.414978
-0.270483 -0.175215 1.463596
-0.293901 -0.171618 1.457032
-0.290511 -0.169147 1.446311
-0.257718 -0.166016 1.442104
-0.257969 0.064444 1.442861
-0.281105 0.049960 1.438679
-0.179941 0.065542 1.505256
-0.205300 0.070113 1.484497
-0.192260 0.064600 1.514689
-0.224734 0.066737 1.487329
-0.355645 -0.088296 1.444772
-0.284965 -0.155037 1.441263
-0.190401 0.063795 1.493408
-0.257718 -0.166016 1.442104
-0.280121 -0.124087 1.451874
-0.258158 -0.130872 1.459144
-0.213240 -0.068211 1.579974
-0.213240 -0.068211 1.579974
-0.206092 -0.068440 1.591846
-0.222828 -0.070927 1.598805
-0.206092 -0.068440 1.591846
-0.284965 -0.155037 1.441263
-0.285965 -0.128613 1.456972
-0.280121 -0.124087 1.451874
-0.284965 -0.155037 1.441263
-0.368063 0.020474 1.433517
-0.357626 0.031476 1.431680
-0.378603 0.025850 1.434677
-0.382320 0.036410 1.409580
-0.290511 -0.169147 1.446311
-0.313997 -0.152978 1.465963
-0.222828 -0.070927 1.598805
-0.329318 -0.085588 1.528216
-0.322451 -0.087832 1.550250
-0.335012 0.042929 1.438481
-0.316436 0.062234 1.446046
-0.313947 0.056836 1.440810
-0.257652 0.029893 1.457291
-0.281873 0.023012 1.453660
-0.314017 0.054579 1.456081
-0.283684 0.050736 1.442747
-0.285601 0.027965 1.456238
-0.386355 -0.090543 1.437088
-0.287482 0.065924 1.442415
-0.378530 -0.127398 1.434750
-0.410615 -0.117001 1.399762
-0.193345 0.038084 1.548281
-0.355191 -0.068493 1.497068
-0.191505 0.049446 1.503222
-0.190401 0.063795 1.493408
-0.179941 0.065542 1.505256
-0.207814 -0.095169 1.568595
-0.204509 -0.100820 1.581519
-0.193345 0.038084 1.548281
-0.344378 -0.067442 1.517571
-0.193345 0.038084 1.548281
-0.304445 0.064049 1.459337
-0.382320 0.036410 1.409580
-0.357626 0.031476 1.431680
-0.335012 0.042929 1.438481
-0.287137 -0.072643 1.579700
-0.409255 0.015245 1.396987
-0.368055 0.041038 1.402866
-0.361971 -0.120514 1.418933
-0.327989 -0.122786 1.444910
-0.368396 -0.122004 1.433287
-0.368249 -0.122906 1.443793
-0.403760 -0.070208 1.414526
-0.404001 -0.031249 1.414937
-0.304445 0.064049 1.459337
-0.321388 0.050154 1.468515
-0.229032 -0.167518 1.520783
-0.382320 0.036410 1.409580
-0.316608 0.025840 1.489511
-0.192004 -0.167465 1.515454
-0.205634 -0.171212 1.484746
-0.180225 -0.167346 1.505926
-0.190256 -0.165374 1.493285
-0.296433 0.048255 1.485615
-0.368063 0.020474 1.433517
-0.192243 -0.151849 1.503662
-0.310748 -0.115152 1.456633
-0.291071 0.058448 1.467968
-0.256318 0.067288 1.472871
-0.337779 -0.018184 1.514453
-0.330839 0.013199 1.502883
-0.355726 -0.032736 1.498089
-0.357627 -0.133083 1.431681
-0.368396 -0.122004 1.433287
-0.323343 0.008897 1.502330
-0.327989 -0.122786 1.444910
-0.352928 -0.034009 1.491189
-0.318310 -0.143448 1.440005
-0.334379 -0.050876 1.533130
-0.380817 -0.137794 1.400697
-0.381358 -0.135192 1.415552
-0.370487 -0.142821 1.411891
-0.313947 0.056836 1.440810
-0.317763 0.041141 1.440908
-0.335012 0.042929 1.438481
-0.343919 0.012112 1.479641
-0.334896 -0.144294 1.438199
-0.314091 -0.158323 1.440848
-0.316663 -0.163925 1.446227
-0.313713 -0.155486 1.456061
-0.314017 0.054579 1.456081
-0.230754 0.011444 1.523796
-0.191505 0.049446 1.503222
-0.248093 -0.151058 1.453162
-0.381358 -0.135192 1.415552
-0.287137 -0.072643 1.579700
-0.286970 -0.028968 1.579214
-0.282770 -0.009561 1.572711
-0.318310 -0.143448 1.440005
-0.361971 -0.120514 1.418933
-0.327989 -0.122786 1.444910
-0.368199 -0.135019 1.404217
-0.282770 -0.009561 1.572711
-0.200547 -0.144446 1.549374
-0.192004 -0.167465 1.515454
-0.321388 0.050154 1.468515
-0.251190 0.061436 1.468606
-0.246062 0.068672 1.456768
-0.251190 0.061436 1.468606
-0.190256 -0.165374 1.493285
-0.192243 -0.151849 1.503662
-0.180225 -0.167346 1.505926
-0.249383 0.063332 1.451365
-0.216783 0.064416 1.469615
-0.380817 -0.137794 1.400697
-0.370487 -0.142821 1.411891
-0.249383 0.063332 1.451365
-0.216783 0.064416 1.469615
-0.242617 0.049901 1.457561
-0.245718 -0.170582 1.455427
-0.314091 -0.158323 1.440848
-0.248093 -0.151058 1.453162
-0.318310 -0.143448 1.440005
-0.245718 -0.170582 1.455427
-0.334896 -0.144294 1.438199
-0.357627 -0.133083 1.431681
-0.251571 -0.166678 1.467743
-0.318310 -0.143448 1.440005
-0.278787 0.012385 1.567685
-0.251571 -0.166678 1.467743
-0.291789 -0.161997 1.468227
-0.313713 -0.155486 1.456061
-0.316452 -0.127343 1.489411
-0.368396 -0.122004 1.433287
-0.233460 -0.165559 1.458403
-0.368396 -0.122004 1.433287
-0.217133 -0.165769 1.470315
-0.217133 -0.165769 1.470315
-0.220920 -0.171153 1.471665
-0.300018 0.040574 1.443260
-0.317763 0.041141 1.440908
-0.323842 0.035457 1.470989
-0.338882 0.025192 1.481558
-0.321388 0.050154 1.468515
-0.343919 0.012112 1.479641
-0.338882 0.025192 1.481558
-0.323842 0.035457 1.470989
-0.278550 -0.113107 1.567041
-0.317763 0.041141 1.440908
-0.362394 0.019345 1.419366
-0.368055 0.041038 1.402866
-0.409255 0.015245 1.396987
-0.233460 -0.165559 1.458403
-0.328177 0.021359 1.444280
-0.242617 0.049901 1.457561
-0.348484 0.000980 1.445907
-0.300018 0.040574 1.443260
-0.323548 0.014742 1.507304
-0.282791 -0.092055 1.572760
-0.282791 -0.092055 1.572760
-0.328177 0.021359 1.444280
-0.317763 0.041141 1.440908
-0.334896 -0.144294 1.438199
-0.348484 0.000980 1.445907
-0.328177 0.021359 1.444280
-0.362394 0.019345 1.419366
-0.284959 0.030693 1.452760
-0.285555 0.028363 1.456450
-0.259773 0.031276 1.459563
-0.238050 -0.109241 1.580548
-0.243323 -0.071020 1.594367
-0.282791 -0.092053 1.572753
-0.217842 -0.106792 1.584396
-0.222194 -0.070574 1.597319
-0.213084 -0.104168 1.579473
-0.215796 -0.087437 1.587530
-0.208465 -0.085124 1.590894
-0.215796 -0.087437 1.587530
-0.205211 -0.101668 1.582716
-0.213084 -0.104168 1.579473
-0.205207 -0.083766 1.586261
-0.202432 -0.098922 1.578735
-0.259822 0.026413 1.461841
-0.259056 0.029571 1.456092
-0.280658 0.024537 1.455456
-0.283181 0.028598 1.449843
-0.329318 -0.085588 1.528216
-0.306187 -0.126434 1.531050
-0.322451 -0.087832 1.550250
-0.285555 0.028363 1.456450
-0.284959 0.030693 1.452760
-0.238050 -0.109241 1.580548
-0.252652 -0.128193 1.563805
-0.214176 -0.123547 1.575378
-0.217842 -0.106792 1.584396
-0.323463 0.008883 1.502422
-0.326398 0.013631 1.506271
-0.330929 0.012620 1.503405
-0.213084 -0.104168 1.579473
-0.198773 -0.113272 1.567860
-0.197967 -0.127798 1.561237
-0.343098 0.016238 1.487107
-0.339667 0.012513 1.489937
-0.355666 -0.119789 1.463659
-0.350816 -0.086053 1.484970
-0.372331 -0.071788 1.467794
-0.367640 -0.089318 1.459734
-0.354883 -0.119674 1.456344
-0.354883 -0.119674 1.456344
-0.367640 -0.089318 1.459734
-0.382933 -0.091949 1.447889
-0.296895 0.046341 1.483899
-0.302092 0.050305 1.483894
-0.301521 0.051600 1.489161
-0.313268 0.052587 1.471764
-0.318912 0.052589 1.470678
-0.314854 0.053628 1.473904
-0.384964 -0.070397 1.444283
-0.374133 -0.106440 1.440197
-0.303112 0.050433 1.489648
-0.384964 -0.070397 1.444283
-0.386037 -0.090542 1.437111
-0.374133 -0.106440 1.440197
-0.296135 0.043818 1.487843
-0.329357 0.011402 1.501991
-0.340374 0.011568 1.479356
-0.340951 0.011866 1.485536
-0.345112 0.016774 1.484714
-0.415669 -0.096760 1.414164
-0.402867 -0.113800 1.413040
-0.400548 -0.114797 1.422009
-0.338045 0.008846 1.484073
-0.283552 0.051101 1.443066
-0.260326 0.063779 1.446476
-0.284616 0.058511 1.442001
-0.415669 -0.096760 1.414164
-0.422120 -0.099040 1.406865
-0.402867 -0.113800 1.413040
-0.421529 -0.097297 1.398479
-0.409146 -0.115681 1.399573
-0.258300 0.053114 1.446313
-0.421529 -0.097297 1.398479
-0.416700 -0.094590 1.398622
-0.409146 -0.115681 1.399573
-0.284870 0.059139 1.475957
-0.294256 0.064848 1.451861
-0.279621 0.063361 1.471674
-0.302502 0.061250 1.458133
-0.403773 -0.070170 1.414544
-0.386403 -0.099977 1.416431
-0.355410 -0.088141 1.444462
-0.386403 -0.099977 1.416431
-0.362536 -0.050838 1.445504
-0.286397 0.062899 1.444105
-0.270164 0.067959 1.462334
-0.289771 0.064919 1.447310
-0.264049 0.068623 1.453606
-0.347217 -0.050885 1.450090
-0.339748 -0.086057 1.451340
-0.355410 -0.088141 1.444462
-0.299694 -0.050887 1.508549
-0.293359 -0.084459 1.501346
-0.334695 -0.050889 1.470118
-0.327285 -0.090607 1.462411
-0.221554 -0.094235 1.549210
-0.237300 -0.086814 1.539775
-0.224144 -0.069459 1.559205
-0.236019 -0.050892 1.551189
-0.202432 -0.098922 1.578735
-0.208050 -0.095208 1.568950
-0.205207 -0.083766 1.586261
-0.198773 -0.113272 1.567860
-0.264371 0.071181 1.451632
-0.274046 0.072029 1.460016
-0.270725 0.070989 1.462411
-0.341689 -0.068307 1.508001
-0.341569 -0.033277 1.508028
-0.373111 -0.050798 1.461502
-0.282840 0.068361 1.470005
-0.280874 0.066266 1.472769
-0.373111 -0.050798 1.461502
-0.388389 -0.050793 1.449686
-0.293559 0.069449 1.456907
-0.289867 0.068493 1.447986
-0.394972 -0.093916 1.440177
-0.389792 -0.069124 1.438231
-0.399795 -0.050768 1.442096
-0.285621 0.065913 1.442119
-0.423177 -0.050892 1.421545
-0.426700 -0.050792 1.411710
-0.424005 -0.075434 1.413499
-0.436157 -0.050792 1.404757
-0.432001 -0.074886 1.405945
-0.426700 -0.050792 1.411710
-0.424005 -0.075434 1.413499
-0.436625 -0.050792 1.397324
-0.431794 -0.074115 1.397281
-0.430486 -0.050792 1.396479
-0.431794 -0.074115 1.397281
-0.436625 -0.050792 1.397324
-0.406531 -0.050785 1.413475
-0.263642 0.064327 1.441968
-0.283071 0.059375 1.439063
-0.261580 0.052165 1.441959
-0.258259 0.053111 1.443704
-0.362536 -0.050838 1.445504
-0.213354 -0.068198 1.579902
-0.212608 -0.050827 1.577236
-0.213338 -0.033429 1.579895
-0.213354 -0.068198 1.579902
-0.213338 -0.033429 1.579895
-0.206983 -0.068297 1.591356
-0.207805 -0.050792 1.593215
-0.211609 -0.050792 1.597603
-0.209909 -0.069566 1.595507
-0.207805 -0.050792 1.593215
-0.206983 -0.068297 1.591356
-0.217975 -0.069855 1.591642
-0.218125 -0.050792 1.593406
-0.217975 -0.069855 1.591642
-0.218125 -0.050792 1.593406
-0.222194 -0.070574 1.597319
-0.222185 -0.031035 1.597397
-0.243323 -0.071020 1.594367
-0.243537 -0.030591 1.594890
-0.287074 -0.072573 1.579212
-0.329318 -0.085588 1.528216
-0.322451 -0.087832 1.550250
-0.335061 -0.050832 1.533294
-0.328289 -0.050796 1.557214
-0.281603 0.050417 1.440020
-0.283552 0.051101 1.443066
-0.389792 -0.069124 1.438231
-0.386037 -0.090542 1.437111
-0.284616 0.058511 1.442001
-0.286397 0.062899 1.444105
-0.208050 -0.095208 1.568950
-0.217975 -0.069855 1.591642
-0.289771 0.064919 1.447310
-0.294256 0.064848 1.451861
-0.295066 0.068079 1.453496
-0.287074 -0.072573 1.579212
-0.302502 0.061250 1.458133
-0.304015 0.063561 1.460243
-0.313764 0.049427 1.466615
-0.313268 0.052587 1.471764
-0.365777 -0.121181 1.437441
-0.368510 -0.123037 1.444004
-0.228070 -0.140318 1.557741
-0.262818 -0.142639 1.541381
-0.228399 -0.164662 1.519014
-0.200664 -0.158848 1.533802
-0.217239 -0.170307 1.500560
-0.196674 -0.165799 1.518582
-0.288052 0.060063 1.478399
-0.203655 -0.165803 1.504788
-0.203655 -0.165803 1.504788
-0.205371 -0.171015 1.484814
-0.192420 -0.169739 1.495881
-0.203358 -0.166274 1.481995
-0.190329 -0.165515 1.493258
-0.296895 0.046341 1.483899
-0.203358 -0.166274 1.481995
-0.201826 -0.152907 1.493342
-0.190329 -0.165515 1.493258
-0.302092 0.050305 1.483894
-0.245733 -0.112652 1.511990
-0.335948 -0.019204 1.509840
-0.332954 -0.002143 1.508702
-0.342443 -0.034189 1.514481
-0.357627 -0.133083 1.431681
-0.369321 -0.122810 1.433453
-0.377999 -0.126923 1.434439
-0.323463 0.008883 1.502422
-0.341358 -0.050803 1.513905
-0.356904 -0.050816 1.494009
-0.352174 -0.033996 1.491521
-0.351825 -0.067538 1.491683
-0.355082 -0.032942 1.497562
-0.338045 0.008846 1.484073
-0.346713 -0.001311 1.489197
-0.340951 0.011866 1.485536
-0.370733 -0.142052 1.412436
-0.380576 -0.134240 1.415154
-0.397312 -0.128094 1.407352
-0.380841 -0.137704 1.401671
-0.339667 0.012513 1.489937
-0.354452 -0.068440 1.497450
-0.334896 -0.144325 1.438175
-0.313758 -0.158744 1.439617
-0.338128 -0.147276 1.444626
-0.316237 -0.163694 1.445629
-0.312773 -0.154272 1.455294
-0.347097 -0.050807 1.513566
-0.341794 -0.017132 1.510044
-0.312773 -0.154272 1.455294
-0.313261 -0.153291 1.462074
-0.329357 0.011402 1.501991
-0.380576 -0.134240 1.415154
-0.256303 -0.168504 1.472874
-0.265187 -0.159393 1.467224
-0.251593 -0.164867 1.468128
-0.202129 -0.142620 1.547499
-0.193030 -0.163127 1.514484
-0.202129 -0.142620 1.547499
-0.190678 -0.149553 1.536000
-0.193030 -0.163127 1.514484
-0.182955 -0.167179 1.506080
-0.191865 -0.151432 1.503276
-0.180509 -0.162179 1.503619
-0.320618 0.021866 1.498875
-0.323456 0.014913 1.507475
-0.188513 -0.145148 1.533087
-0.201626 -0.123850 1.543139
-0.188513 -0.145148 1.533087
-0.180509 -0.162179 1.503619
-0.338834 0.017443 1.485368
-0.338289 0.025290 1.481707
-0.318915 0.026882 1.501196
-0.348143 -0.143466 1.427826
-0.357627 -0.133083 1.431681
-0.368992 -0.141588 1.406259
-0.321698 0.052416 1.468707
-0.321799 0.040559 1.473936
-0.343165 -0.142470 1.422920
-0.307778 0.041990 1.491053
-0.301399 0.049350 1.492517
-0.301667 0.048136 1.486823
-0.316473 -0.127371 1.489443
-0.365777 -0.121181 1.437441
-0.369321 -0.122810 1.433453
-0.327485 0.043914 1.472711
-0.307428 0.040533 1.496303
-0.311561 0.038299 1.495796
-0.334896 -0.144325 1.438175
-0.327963 0.041011 1.476325
-0.206661 -0.129863 1.560158
-0.206661 -0.129863 1.560158
-0.334429 0.021843 1.475715
-0.335738 0.028964 1.481626
-0.273798 -0.159605 1.493972
-0.321698 0.052416 1.468707
-0.301399 0.049350 1.492517
-0.323594 0.034932 1.471912
-0.326827 0.034504 1.470152
-0.323558 0.039355 1.468092
-0.220920 -0.171153 1.471665
-0.251593 -0.164867 1.468128
-0.246222 -0.170349 1.456702
-0.317704 0.048110 1.464415
-0.233460 -0.165559 1.458403
-0.313764 0.049427 1.466615
-0.306779 -0.131819 1.504976
-0.306405 0.032210 1.495153
-0.307353 0.033007 1.491751
-0.335061 -0.050832 1.533294
-0.314760 0.023311 1.497377
-0.303596 0.036174 1.492777
-0.313758 -0.158744 1.439617
-0.334896 -0.144325 1.438175
-0.318796 -0.142987 1.441969
-0.327758 0.021030 1.445427
-0.348013 0.000903 1.445607
-0.362096 0.019009 1.419011
-0.386343 -0.001646 1.416359
-0.406531 -0.050785 1.413475
-0.403647 -0.031473 1.414372
-0.360055 -0.031560 1.444603
-0.209038 -0.131691 1.516000
-0.199285 0.047535 1.494050
-0.191717 0.049672 1.503223
-0.196884 0.037841 1.523571
-0.201626 -0.123850 1.543139
-0.201840 0.051308 1.493376
-0.208413 -0.006178 1.569069
-0.221102 -0.007205 1.548562
-0.204261 0.008709 1.551536
-0.219066 0.030713 1.503457
-0.327923 -0.011429 1.462332
-0.341180 -0.016819 1.450527
-0.335537 0.009078 1.443480
-0.311088 0.013685 1.456883
-0.300218 0.040511 1.442319
-0.360055 -0.031560 1.444603
-0.348013 0.000903 1.445607
-0.327758 0.021030 1.445427
-0.291335 -0.160417 1.468067
-0.314238 0.035380 1.445073
-0.327758 0.021030 1.445427
-0.328305 0.034436 1.434233
-0.314238 0.035380 1.445073
-0.293278 -0.016957 1.501319
-0.261596 0.032050 1.468564
-0.287074 -0.072573 1.579212
-0.282791 -0.092053 1.572753
-0.277560 -0.110636 1.564579
-0.282791 -0.092053 1.572753
-0.248110 0.047303 1.455531
-0.271645 0.048216 1.450936
-0.243491 0.050435 1.458711
-0.301475 0.044398 1.445849
-0.362096 0.019009 1.419011
-0.368396 0.032867 1.404709
-0.224847 -0.167679 1.487348
-0.224847 -0.167679 1.487348
-0.386343 -0.001646 1.416359
-0.392382 0.020304 1.399251
-0.217270 -0.165646 1.470485
-0.233460 -0.165559 1.458403
-0.243618 -0.152109 1.459023
-0.217270 -0.165646 1.470485
-0.416702 -0.007014 1.398624
-0.243618 -0.152109 1.459023
-0.247933 -0.148487 1.455439
-0.199359 -0.149224 1.494059
-0.409127 0.014057 1.399574
-0.380900 0.036159 1.401680
-0.369111 0.040395 1.406302
-0.343165 0.040865 1.422920
-0.318796 0.041381 1.441969
-0.277560 -0.110636 1.564579
-0.318796 0.041381 1.441969
-0.343165 0.040865 1.422920
-0.334896 0.042720 1.438175
-0.314238 0.035380 1.445073
-0.318796 0.041381 1.441969
-0.301475 0.044398 1.445849
-0.262324 0.060746 1.449872
-0.271645 0.048216 1.450936
-0.313863 0.057028 1.440094
-0.307702 0.061619 1.449431
-0.313863 0.057028 1.440094
-0.316237 0.062089 1.445629
-0.201826 -0.152907 1.493342
-0.262324 0.060746 1.449872
-0.264010 0.065996 1.455036
-0.312798 0.052678 1.455297
-0.265179 0.057782 1.467214
-0.256318 0.067288 1.472871
-0.265179 0.057782 1.467214
-0.291351 0.058810 1.468069
-0.312798 0.052678 1.455297
-0.284912 0.054135 1.484684
-0.313599 0.052368 1.462366
-0.264013 -0.167609 1.455050
-0.249470 -0.165115 1.450880
-0.265187 -0.159393 1.467224
-0.316738 0.025884 1.489542
-0.249180 -0.151810 1.455653
-0.249470 -0.165115 1.450880
-0.338567 -0.016363 1.505660
-0.351585 -0.015219 1.485335
-0.243491 0.050435 1.458711
-0.249456 0.063713 1.450510
-0.233460 0.063948 1.458415
-0.251595 0.063248 1.468130
-0.246228 0.068777 1.456679
-0.249456 0.063713 1.450510
-0.233460 0.063948 1.458415
-0.230569 0.011464 1.523588
-0.237535 -0.014564 1.539890
-0.203360 0.064670 1.481999
-0.201840 0.051308 1.493376
-0.217270 0.064041 1.470485
-0.217270 0.064041 1.470485
-0.205371 0.069410 1.484814
-0.203360 0.064670 1.481999
-0.220920 0.069545 1.471666
-0.307680 -0.163247 1.449316
-0.224830 0.066256 1.487326
-0.206042 0.067741 1.509749
-0.224830 0.066256 1.487326
-0.242758 0.063709 1.510417
-0.262544 0.040393 1.541137
-0.252744 0.026738 1.563851
-0.228117 0.039022 1.557900
-0.277599 0.009083 1.564603
-0.238003 0.007631 1.580442
-0.238003 0.007631 1.580442
-0.277599 0.009083 1.564603
-0.282769 -0.009561 1.572706
-0.304314 -0.159360 1.443932
-0.301492 -0.146069 1.445830
-0.304314 -0.159360 1.443932
-0.314238 -0.136986 1.445073
-0.318796 -0.142987 1.441969
-0.314238 -0.136986 1.445073
-0.318796 -0.142987 1.441969
-0.328305 -0.136041 1.434233
-0.343165 -0.142470 1.422920
-0.368396 -0.134474 1.404707
-0.368992 -0.141588 1.406259
-0.380841 -0.137704 1.401671
-0.392383 -0.121910 1.399251
-0.251595 0.063248 1.468130
-0.305839 0.024290 1.530895
-0.362095 -0.120615 1.419011
-0.322506 -0.013697 1.550327
-0.282769 -0.009561 1.572706
-0.327767 -0.122636 1.445425
-0.322506 -0.013697 1.550327
-0.286876 -0.029059 1.578711
-0.282769 -0.009561 1.572706
-0.347767 -0.102415 1.445323
-0.335535 -0.110682 1.443510
-0.301492 -0.146069 1.445830
-0.314238 -0.136986 1.445073
-0.300328 -0.142201 1.442600
-0.306507 0.030044 1.504842
-0.329984 -0.015708 1.528541
-0.296693 0.037138 1.519715
-0.347767 -0.102415 1.445323
-0.271983 -0.146795 1.449280
-0.249180 -0.151810 1.455653
-0.214167 0.021822 1.575328
-0.266060 -0.128434 1.472968
-0.198778 0.011636 1.567834
-0.208413 -0.006178 1.569069
-0.201761 0.022212 1.543124
-0.284526 -0.126809 1.461856
-0.310598 -0.115063 1.456597
-0.201761 0.022212 1.543124
-0.355368 0.017993 1.463590
-0.348205 0.042078 1.427848
-0.334896 0.042720 1.438175
-0.327767 -0.122636 1.445425
-0.202147 0.040986 1.547484
-0.200638 0.057864 1.534051
-0.206663 0.028252 1.560149
-0.206663 0.028252 1.560149
-0.194017 0.038622 1.548459
-0.202147 0.040986 1.547484
-0.201048 0.016087 1.570780
-0.357629 0.031481 1.431682
-0.365777 0.019576 1.437441
-0.369319 0.021203 1.433452
-0.191865 -0.151432 1.503276
-0.334896 0.042720 1.438175
-0.368511 0.021433 1.444006
-0.338132 0.045673 1.444628
-0.365777 0.019576 1.437441
-0.354623 0.017936 1.456229
-0.374134 0.004835 1.440197
-0.386035 -0.011065 1.437110
-0.400973 0.013266 1.422271
-0.390535 0.026067 1.413483
-0.414670 -0.005236 1.413536
-0.403773 -0.070170 1.414544
-0.378141 0.025444 1.434507
-0.390535 0.026067 1.413483
-0.408847 0.015744 1.407333
-0.414670 -0.005236 1.413536
-0.190329 0.063909 1.493258
-0.182880 0.065682 1.506174
-0.180422 0.060626 1.503675
-0.192420 0.068134 1.495881
-0.192764 0.061988 1.514633
-0.203659 0.064173 1.504789
-0.192764 0.061988 1.514633
-0.362095 -0.120615 1.419011
-0.327767 -0.122636 1.445425
-0.203659 0.064173 1.504789
-0.382128 0.036399 1.409591
-0.380230 0.032201 1.414950
-0.369111 0.040395 1.406302
-0.341691 -0.084454 1.510022
-0.332959 -0.099526 1.508852
-0.342177 -0.067266 1.514321
-0.380900 0.036159 1.401680
-0.329510 -0.112494 1.502749
-0.198778 0.011636 1.567834
-0.346355 -0.100921 1.493061
-0.191826 0.034315 1.544485
-0.196884 0.037841 1.523571
-0.180422 0.060626 1.503675
-0.191826 0.034315 1.544485
-0.351495 -0.084553 1.491615
-0.191717 0.049672 1.503223
-0.190329 0.063909 1.493258
-0.343118 -0.098275 1.486957
-0.330377 -0.098147 1.506088
-0.386035 -0.011065 1.437110
-0.394339 -0.007921 1.439780
-0.369319 0.021203 1.433452
-0.312884 -0.155920 1.471447
-0.293469 -0.170943 1.456849
-0.282922 -0.170188 1.470196
-0.354623 0.017936 1.456229
-0.288041 -0.161662 1.478411
-0.280874 -0.167871 1.472769
-0.409127 0.014057 1.399574
-0.296289 -0.148934 1.483651
-0.284870 -0.160744 1.475957
-0.279621 -0.164967 1.471674
-0.304015 -0.165166 1.460243
-0.295066 -0.169684 1.453496
-0.312962 -0.152143 1.465983
-0.302502 -0.162855 1.458133
-0.294256 -0.166453 1.451861
-0.289868 -0.170099 1.447987
-0.380230 0.032201 1.414950
-0.357629 0.031481 1.431682
-0.289771 -0.166524 1.447310
-0.286397 -0.164504 1.444105
-0.285619 -0.167515 1.442115
-0.284616 -0.160116 1.442001
-0.283071 -0.160981 1.439063
-0.283552 -0.152706 1.443066
-0.281603 -0.152022 1.440020
-0.284959 -0.132298 1.452760
-0.283189 -0.130199 1.449852
-0.261580 -0.153770 1.441958
-0.263642 -0.165931 1.441969
-0.259050 -0.131010 1.456315
-0.258259 -0.154716 1.443704
-0.259772 -0.132660 1.459778
-0.258300 -0.154719 1.446313
-0.260326 -0.165385 1.446476
-0.264371 -0.172787 1.451632
-0.264049 -0.170228 1.453606
-0.274046 -0.173634 1.460016
-0.270164 -0.169565 1.462334
-0.270725 -0.172594 1.462411
-0.363238 0.002760 1.458161
-0.284959 -0.132298 1.452760
-0.283552 -0.152706 1.443066
-0.302502 -0.162855 1.458133
-0.312962 -0.152143 1.465983
-0.294256 -0.166453 1.451861
-0.289771 -0.166524 1.447310
-0.286397 -0.164504 1.444105
-0.284616 -0.160116 1.442001
-0.382916 -0.009665 1.447881
-0.374134 0.004835 1.440197
-0.305521 -0.141793 1.490988
-0.363238 0.002760 1.458161
-0.328060 -0.135138 1.476679
-0.329984 -0.015708 1.528541
-0.286876 -0.029059 1.578711
-0.243537 -0.030591 1.594890
-0.222185 -0.031035 1.597397
-0.217975 -0.031751 1.591642
-0.215796 -0.014168 1.587530
-0.208465 -0.016481 1.590894
-0.217975 -0.031751 1.591642
-0.209909 -0.032040 1.595507
-0.308477 -0.143758 1.488957
-0.215796 -0.014168 1.587530
-0.206962 -0.033308 1.591352
-0.205200 -0.017842 1.586260
-0.205200 -0.017842 1.586260
-0.206962 -0.033308 1.591352
-0.403647 -0.031473 1.414372
-0.421529 -0.004308 1.398479
-0.431794 -0.027490 1.397281
-0.432001 -0.026719 1.405945
-0.421529 -0.004308 1.398479
-0.431794 -0.027490 1.397281
-0.421923 -0.002738 1.406772
-0.422702 -0.026538 1.412665
-0.419892 -0.026969 1.421970
-0.422702 -0.026538 1.412665
-0.389795 -0.032481 1.438231
-0.384962 -0.031209 1.444283
-0.389795 -0.032481 1.438231
-0.285440 -0.129647 1.457545
-0.280246 -0.127314 1.454898
-0.384962 -0.031209 1.444283
-0.370545 -0.030338 1.460873
-0.370545 -0.030338 1.460873
-0.372451 -0.029776 1.467821
-0.285440 -0.129647 1.457545
-0.286876 -0.029059 1.578711
-0.217975 -0.031751 1.591642
-0.217842 0.005188 1.584384
-0.213097 0.002544 1.579445
-0.213097 0.002544 1.579445
-0.205276 -0.000026 1.582586
-0.202432 -0.002683 1.578735
-0.217842 0.005188 1.584384
-0.213097 0.002544 1.579445
-0.202432 -0.002683 1.578735
-0.257734 -0.110031 1.572792
-0.241200 -0.090534 1.588014
-0.262234 -0.091601 1.580799
-0.237858 -0.108918 1.579854
-0.220377 -0.088710 1.591737
-0.217940 -0.106664 1.584033
-0.215796 -0.087437 1.587530
-0.213083 -0.104192 1.579506
-0.205276 -0.101579 1.582586
-0.215796 -0.087437 1.587530
-0.213083 -0.104192 1.579506
-0.208465 -0.085124 1.590894
-0.202432 -0.098922 1.578735
-0.205125 -0.083742 1.586238
-0.314440 -0.106432 1.541124
-0.328961 -0.085367 1.528208
-0.322418 -0.102492 1.520721
-0.321604 -0.087347 1.549473
-0.305245 -0.125154 1.530246
-0.314301 -0.118141 1.512659
-0.252385 -0.127672 1.563146
-0.237858 -0.108918 1.579854
-0.257734 -0.110031 1.572792
-0.233488 -0.126117 1.570286
-0.217940 -0.106664 1.584033
-0.214336 -0.122911 1.574627
-0.209486 -0.117544 1.569003
-0.213083 -0.104192 1.579506
-0.201046 -0.117693 1.570778
-0.198830 -0.113229 1.567803
-0.209486 -0.117544 1.569003
-0.362416 -0.104601 1.464880
-0.351465 -0.086294 1.485169
-0.367918 -0.090107 1.466311
-0.345747 -0.101115 1.482278
-0.362893 -0.104248 1.458023
-0.367030 -0.089105 1.459484
-0.376789 -0.106974 1.445868
-0.367030 -0.089105 1.459484
-0.382255 -0.091748 1.447716
-0.362893 -0.104248 1.458023
-0.379931 -0.090610 1.442477
-0.373889 -0.106351 1.440132
-0.386011 -0.090547 1.437188
-0.379058 -0.107717 1.435042
-0.379931 -0.090610 1.442477
-0.373889 -0.106351 1.440132
-0.387483 -0.110947 1.436909
-0.386011 -0.090547 1.437188
-0.394073 -0.093568 1.439196
-0.379058 -0.107717 1.435042
-0.400320 -0.114522 1.421842
-0.411381 -0.096809 1.421875
-0.414428 -0.096229 1.413397
-0.402845 -0.113782 1.413025
-0.408629 -0.117089 1.407280
-0.414428 -0.096229 1.413397
-0.421923 -0.098867 1.406772
-0.402845 -0.113782 1.413025
-0.421460 -0.097277 1.398534
-0.408980 -0.115471 1.399686
-0.416645 -0.094551 1.398489
-0.403543 -0.110812 1.399498
-0.408980 -0.115471 1.399686
-0.421460 -0.097277 1.398534
-0.396728 -0.083721 1.415140
-0.386084 -0.099800 1.415928
-0.376967 -0.096361 1.424967
-0.359867 -0.069971 1.444520
-0.355502 -0.088158 1.444973
-0.388744 -0.073412 1.424366
-0.355502 -0.088158 1.444973
-0.357373 -0.070165 1.444536
-0.352974 -0.087909 1.444214
-0.359867 -0.069971 1.444520
-0.339751 -0.086061 1.451384
-0.347243 -0.050886 1.450205
-0.310581 -0.085214 1.483509
-0.299204 -0.050886 1.507995
-0.292937 -0.084175 1.500844
-0.317679 -0.050886 1.489770
-0.237263 -0.086783 1.539690
-0.224148 -0.069460 1.559205
-0.221127 -0.093681 1.548756
-0.236305 -0.050886 1.551436
-0.208716 -0.094684 1.566570
-0.211244 -0.082848 1.576293
-0.208984 -0.095617 1.569087
-0.211566 -0.073588 1.575147
-0.202432 -0.098922 1.578735
-0.211244 -0.082848 1.576293
-0.205125 -0.083742 1.586238
-0.208984 -0.095617 1.569087
-0.198830 -0.113229 1.567803
-0.205037 -0.111120 1.555077
-0.205037 -0.111120 1.555077
-0.204473 -0.110558 1.551740
-0.355137 -0.069648 1.487210
-0.373453 -0.050792 1.468433
-0.371939 -0.071635 1.467810
-0.356591 -0.050792 1.488204
-0.373018 -0.050792 1.461451
-0.370421 -0.071237 1.460825
-0.373018 -0.050792 1.461451
-0.387598 -0.050792 1.449396
-0.386452 -0.070795 1.449256
-0.370421 -0.071237 1.460825
-0.384646 -0.070336 1.444220
-0.385566 -0.050792 1.444248
-0.385566 -0.050792 1.444248
-0.389732 -0.069124 1.438195
-0.384646 -0.070336 1.444220
-0.390875 -0.050792 1.438693
-0.389732 -0.069124 1.438195
-0.390875 -0.050792 1.438693
-0.399578 -0.050792 1.441515
-0.398514 -0.070348 1.440953
-0.419494 -0.074450 1.421709
-0.422820 -0.050792 1.421302
-0.426700 -0.050792 1.411710
-0.422702 -0.075068 1.412665
-0.426700 -0.050792 1.411710
-0.432001 -0.074886 1.405945
-0.422702 -0.075068 1.412665
-0.436157 -0.050792 1.404757
-0.431794 -0.074115 1.397281
-0.436625 -0.050792 1.397324
-0.431794 -0.074115 1.397281
-0.430370 -0.050792 1.396572
-0.426233 -0.072628 1.397341
-0.436625 -0.050792 1.397324
-0.406461 -0.050792 1.413342
-0.403288 -0.070002 1.413844
-0.406446 -0.050792 1.413323
-0.362376 -0.050792 1.445573
-0.393177 -0.050792 1.423423
-0.359511 -0.050792 1.444746
-0.362376 -0.050792 1.445573
-0.224687 -0.050792 1.560942
-0.212816 -0.050792 1.577521
-0.212900 -0.068087 1.579718
-0.213210 -0.050792 1.580809
-0.207805 -0.050792 1.593215
-0.206962 -0.068297 1.591352
-0.213210 -0.050792 1.580809
-0.212900 -0.068087 1.579718
-0.206962 -0.068297 1.591352
-0.211609 -0.050792 1.597603
-0.209909 -0.069566 1.595507
-0.207805 -0.050792 1.593215
-0.218125 -0.050792 1.593406
-0.217975 -0.069855 1.591642
-0.223782 -0.050792 1.598248
-0.217975 -0.069855 1.591642
-0.218125 -0.050792 1.593406
-0.222334 -0.070446 1.596505
-0.245227 -0.050792 1.594913
-0.243147 -0.070773 1.593509
-0.265636 -0.072087 1.586199
-0.268208 -0.050792 1.587641
-0.325559 -0.071171 1.553541
-0.327186 -0.050792 1.555920
-0.334466 -0.050792 1.533070
-0.332594 -0.070159 1.531683
-0.217975 -0.069855 1.591642
-0.222334 -0.070446 1.596505
-0.243147 -0.070773 1.593509
-0.265636 -0.072087 1.586199
-0.321604 -0.087347 1.549473
-0.328961 -0.085367 1.528208
-0.354492 -0.119113 1.463222
-0.354342 -0.119216 1.456110
-0.365787 -0.121195 1.437450
-0.368179 -0.122801 1.444026
-0.354342 -0.119216 1.456110
-0.237297 -0.153242 1.534760
-0.228032 -0.139937 1.557448
-0.245315 -0.141508 1.549716
-0.221697 -0.151149 1.542743
-0.228176 -0.163692 1.518591
-0.214341 -0.161714 1.526832
-0.206227 -0.168196 1.509817
-0.217289 -0.169731 1.500630
-0.203661 -0.165760 1.504785
-0.213876 -0.166768 1.496403
-0.203661 -0.165760 1.504785
-0.205371 -0.171015 1.484814
-0.192420 -0.169739 1.495881
-0.213876 -0.166768 1.496403
-0.190329 -0.165515 1.493258
-0.203353 -0.166269 1.481988
-0.201768 -0.152852 1.493271
-0.190329 -0.165515 1.493258
-0.203353 -0.166269 1.481988
-0.210839 -0.153518 1.485592
-0.230672 -0.112871 1.523714
-0.216029 -0.113495 1.534512
-0.219596 -0.132380 1.504090
-0.199643 -0.149287 1.494382
-0.208964 -0.149448 1.486407
-0.209154 -0.132002 1.516118
-0.193049 -0.148676 1.503093
-0.200859 -0.130758 1.530322
-0.369221 -0.133086 1.431003
-0.369300 -0.122813 1.433513
-0.377692 -0.126325 1.433913
-0.357550 -0.132720 1.431491
-0.380365 -0.133055 1.420568
-0.388592 -0.127456 1.420859
-0.380046 -0.133355 1.414810
-0.390041 -0.127096 1.413257
-0.381880 -0.137364 1.409510
-0.390041 -0.127096 1.413257
-0.396913 -0.127683 1.407187
-0.380046 -0.133355 1.414810
-0.380760 -0.137490 1.402081
-0.396156 -0.127338 1.400150
-0.352287 -0.131253 1.437699
-0.338054 -0.147171 1.444656
-0.353764 -0.134953 1.443829
-0.334895 -0.144322 1.438185
-0.316237 -0.163694 1.445629
-0.313758 -0.158744 1.439617
-0.312610 -0.153875 1.455198
-0.331216 -0.140246 1.455206
-0.344144 -0.129076 1.455744
-0.331690 -0.140207 1.462021
-0.343332 -0.129779 1.462813
-0.344144 -0.129076 1.455744
-0.331216 -0.140246 1.455206
-0.314014 -0.154443 1.462890
-0.312610 -0.153875 1.455198
-0.265175 -0.159255 1.467208
-0.256358 -0.168140 1.472866
-0.269736 -0.164883 1.472839
-0.251602 -0.164839 1.468146
-0.196708 -0.165656 1.518577
-0.200894 -0.158108 1.533201
-0.206072 -0.146513 1.549802
-0.210432 -0.135102 1.562567
-0.197052 -0.153401 1.531319
-0.202211 -0.142512 1.547407
-0.193102 -0.163030 1.514404
-0.202211 -0.142512 1.547407
-0.197052 -0.153401 1.531319
-0.190739 -0.149480 1.535921
-0.194321 -0.139863 1.548125
-0.193102 -0.163030 1.514404
-0.182955 -0.167179 1.506080
-0.192072 -0.151501 1.503365
-0.180509 -0.162179 1.503619
-0.196948 -0.139527 1.523576
-0.188483 -0.145068 1.533028
-0.199300 -0.132010 1.533774
-0.201652 -0.123761 1.543103
-0.192006 -0.135822 1.544368
-0.195741 -0.124085 1.557788
-0.180509 -0.162179 1.503619
-0.188483 -0.145068 1.533028
-0.192006 -0.135822 1.544368
-0.195741 -0.124085 1.557788
-0.198153 -0.127562 1.560923
-0.357550 -0.132720 1.431491
-0.370662 -0.141923 1.412398
-0.348143 -0.143466 1.427826
-0.368992 -0.141588 1.406259
-0.343202 -0.142468 1.422965
-0.338459 -0.115148 1.479024
-0.369300 -0.122813 1.433513
-0.365787 -0.121195 1.437450
-0.352287 -0.131253 1.437699
-0.334895 -0.144322 1.438185
-0.206648 -0.129906 1.560219
-0.206648 -0.129906 1.560219
-0.309189 -0.050792 1.568880
-0.306815 -0.072159 1.567074
-0.302609 -0.090840 1.561780
-0.302609 -0.090840 1.561780
-0.296394 -0.109371 1.553577
-0.288378 -0.126635 1.543042
-0.296311 -0.138003 1.519469
-0.285060 -0.149341 1.507097
-0.278932 -0.140406 1.531318
-0.269321 -0.151631 1.517246
-0.273633 -0.159267 1.493893
-0.257332 -0.162197 1.501714
-0.239751 -0.169359 1.482242
-0.236678 -0.166603 1.478031
-0.251602 -0.164839 1.468146
-0.235592 -0.170369 1.461561
-0.236678 -0.166603 1.478031
-0.246273 -0.170063 1.456889
-0.244735 -0.164640 1.452712
-0.233489 -0.165526 1.458472
-0.233489 -0.165526 1.458472
-0.244735 -0.164640 1.452712
-0.243686 -0.152083 1.459112
-0.230947 -0.152720 1.469165
-0.230947 -0.152720 1.469165
-0.243686 -0.152083 1.459112
-0.240061 -0.149066 1.461860
-0.229402 -0.149625 1.469971
-0.284665 -0.155093 1.484679
-0.295712 -0.143323 1.494893
-0.332594 -0.070159 1.531683
-0.334466 -0.050792 1.533070
-0.343274 -0.050792 1.509203
-0.341716 -0.068425 1.508107
-0.337928 -0.084770 1.505257
-0.331934 -0.100248 1.500391
-0.324659 -0.114528 1.495071
-0.305741 -0.131102 1.504580
-0.313758 -0.158744 1.439617
-0.334895 -0.144322 1.438185
-0.318804 -0.142973 1.441980
-0.329678 -0.142837 1.433405
-0.329706 -0.127454 1.475993
-0.320391 -0.138964 1.472147
-0.307554 -0.139347 1.482954
-0.316532 -0.127444 1.489468
-0.201652 -0.123761 1.543103
-0.298731 -0.150585 1.475536
-0.291312 -0.160396 1.467965
-0.312241 -0.151185 1.466483
-0.287797 -0.050792 1.579596
-0.286281 -0.072363 1.577487
-0.282554 -0.091766 1.572109
-0.282554 -0.091766 1.572109
-0.277269 -0.110274 1.564006
-0.270612 -0.127562 1.553706
-0.262443 -0.141748 1.540916
-0.253105 -0.153377 1.526060
-0.242277 -0.163759 1.509830
-0.228946 -0.169983 1.491128
-0.224889 -0.167385 1.487432
-0.220957 -0.171072 1.471733
-0.224889 -0.167385 1.487432
-0.217270 -0.165646 1.470485
-0.217270 -0.165646 1.470485
-0.218688 -0.153611 1.479105
-0.218688 -0.153611 1.479105
-0.217484 -0.149757 1.478962
-0.261813 -0.112493 1.499136
-0.231029 -0.134196 1.492240
-0.243774 -0.136632 1.477149
-0.245392 -0.112191 1.511590
-0.255264 -0.084757 1.527665
-0.274290 -0.084439 1.515472
-0.258760 -0.050886 1.535911
-0.279291 -0.050886 1.522843
-0.286281 -0.072363 1.577487
-0.287797 -0.050792 1.579596
-0.282554 -0.091766 1.572109
-0.286281 -0.072363 1.577487
-0.277269 -0.110274 1.564006
-0.210839 -0.153518 1.485592
-0.262267 -0.162388 1.449527
-0.253111 -0.169495 1.455058
-0.263980 -0.167441 1.454955
-0.249497 -0.165344 1.450593
-0.265175 -0.159255 1.467208
-0.249187 -0.151766 1.455708
-0.249497 -0.165344 1.450593
-0.262267 -0.162388 1.449527
-0.271671 -0.149754 1.450993
-0.308103 -0.154937 1.456365
-0.309339 -0.156000 1.463466
-0.307654 -0.163151 1.449183
-0.308103 -0.154937 1.456365
-0.287087 -0.157397 1.461919
-0.287087 -0.157397 1.461919
-0.287433 -0.164830 1.452906
-0.284778 -0.161181 1.447347
-0.304289 -0.159542 1.443522
-0.301460 -0.146000 1.445678
-0.304289 -0.159542 1.443522
-0.288319 -0.148932 1.448417
-0.284778 -0.161181 1.447347
-0.314238 -0.136986 1.445073
-0.318804 -0.142973 1.441980
-0.318804 -0.142973 1.441980
-0.329678 -0.142837 1.433405
-0.328470 -0.136111 1.434430
-0.314238 -0.136986 1.445073
-0.342889 -0.136188 1.422993
-0.343202 -0.142468 1.422965
-0.368992 -0.141588 1.406259
-0.368566 -0.134510 1.405121
-0.380760 -0.137490 1.402081
-0.379116 -0.131215 1.400936
-0.396156 -0.127338 1.400150
-0.392375 -0.121861 1.399289
-0.377229 -0.109532 1.415927
-0.368243 -0.117070 1.416962
-0.362273 -0.120756 1.419231
-0.343605 -0.122751 1.431835
-0.327864 -0.122724 1.445722
-0.345218 -0.100709 1.444098
-0.347771 -0.102405 1.445414
-0.300404 -0.142343 1.443197
-0.314238 -0.136986 1.445073
-0.311724 -0.133808 1.443083
-0.301460 -0.146000 1.445678
-0.288462 -0.145158 1.446142
-0.288319 -0.148932 1.448417
-0.368261 -0.107352 1.424852
-0.347771 -0.102405 1.445414
-0.271973 -0.146730 1.449271
-0.271671 -0.149754 1.450993
-0.249187 -0.151766 1.455708
-0.248295 -0.148965 1.455886
-0.266213 -0.128708 1.473151
-0.284591 -0.126921 1.461978
-0.297975 -0.130994 1.450244
-0.280158 -0.110100 1.487443
-0.296745 -0.109912 1.472838
-0.310582 -0.115014 1.456578
-0.327864 -0.122724 1.445722
-0.325434 -0.120488 1.443672
-0.337748 -0.112657 1.444896
-0.335462 -0.110607 1.443521
-0.327002 -0.090468 1.462152
-0.334443 -0.050886 1.469903
-0.199300 -0.132010 1.533774
-0.196948 -0.139527 1.523576
-0.192072 -0.151501 1.503365
-0.201768 -0.152852 1.493271
-0.377229 -0.109532 1.415927
-0.386084 -0.099800 1.415928
-0.396728 -0.083721 1.415140
-0.362273 -0.120756 1.419231
-0.368243 -0.117070 1.416962
-0.403288 -0.070002 1.413844
-0.406446 -0.050792 1.413323
-0.343605 -0.122751 1.431835
-0.327864 -0.122724 1.445722
-0.337748 -0.112657 1.444896
-0.329220 -0.112223 1.502387
-0.332930 -0.099447 1.508649
-0.335755 -0.100260 1.506346
-0.326131 -0.111470 1.504269
-0.342432 -0.067400 1.514410
-0.341324 -0.084290 1.509677
-0.338461 -0.083765 1.512045
-0.345289 -0.067678 1.512077
-0.343995 -0.050803 1.515309
-0.346648 -0.050803 1.513064
-0.345267 -0.100261 1.492739
-0.339142 -0.113227 1.488927
-0.350293 -0.084585 1.495406
-0.353988 -0.068408 1.497239
-0.355698 -0.050803 1.497978
-0.346504 -0.100233 1.488826
-0.340790 -0.112689 1.485384
-0.348431 -0.083167 1.489982
-0.355064 -0.068383 1.493536
-0.351833 -0.067538 1.491674
-0.351406 -0.084539 1.491623
-0.356824 -0.050803 1.494012
-0.342854 -0.098192 1.487061
-0.337275 -0.110203 1.483757
-0.353211 -0.050886 1.492481
-0.335882 -0.082748 1.509941
-0.339849 -0.066741 1.512946
-0.341359 -0.050803 1.513708
-0.330391 -0.098161 1.506112
-0.301921 -0.165522 1.463695
-0.300476 -0.152782 1.483302
-0.312027 -0.155047 1.470962
-0.290422 -0.163305 1.476261
-0.293316 -0.170564 1.456717
-0.282774 -0.169778 1.469863
-0.288040 -0.161633 1.478371
-0.280874 -0.167871 1.472769
-0.297318 -0.151366 1.485234
-0.296275 -0.148933 1.483667
-0.284870 -0.160744 1.475957
-0.279621 -0.164967 1.471674
-0.304015 -0.165166 1.460243
-0.295066 -0.169684 1.453496
-0.314902 -0.153738 1.468083
-0.302502 -0.162855 1.458133
-0.312865 -0.152058 1.465997
-0.294256 -0.166453 1.451861
-0.287463 -0.171410 1.450439
-0.289837 -0.169896 1.448040
-0.285619 -0.167270 1.442312
-0.282267 -0.168321 1.442515
-0.283070 -0.160945 1.439254
-0.279988 -0.161928 1.439013
-0.278796 -0.152279 1.439920
-0.281608 -0.152088 1.440265
-0.279867 -0.130149 1.450295
-0.283238 -0.130460 1.450149
-0.289771 -0.166524 1.447310
-0.286397 -0.164504 1.444105
-0.284616 -0.160116 1.442001
-0.283552 -0.152706 1.443066
-0.284959 -0.132298 1.452760
-0.261581 -0.153780 1.441992
-0.263696 -0.165863 1.442046
-0.262003 -0.130750 1.454877
-0.259204 -0.131483 1.456417
-0.258263 -0.154714 1.443705
-0.258300 -0.154719 1.446313
-0.259763 -0.132859 1.459515
-0.260396 -0.165343 1.446512
-0.260388 -0.166121 1.443903
-0.267043 -0.172563 1.449589
-0.264413 -0.172424 1.451791
-0.264049 -0.170228 1.453606
-0.274041 -0.173596 1.460026
-0.270725 -0.172594 1.462411
-0.270164 -0.169565 1.462334
-0.324045 -0.109754 1.502729
-0.283552 -0.152706 1.443066
-0.284959 -0.132298 1.452760
-0.302502 -0.162855 1.458133
-0.312865 -0.152058 1.465997
-0.294256 -0.166453 1.451861
-0.289771 -0.166524 1.447310
-0.286397 -0.164504 1.444105
-0.284616 -0.160116 1.442001
-0.322351 -0.123453 1.497847
-0.332653 -0.124732 1.484668
-0.317439 -0.120209 1.497504
-0.319386 -0.122173 1.500093
-0.331527 -0.121482 1.479677
-0.334639 -0.123766 1.481130
-0.321354 -0.144625 1.472384
-0.318551 -0.142424 1.471233
-0.319142 -0.145436 1.475978
-0.308280 -0.143329 1.488568
-0.305513 -0.141704 1.490796
-0.303820 -0.139208 1.488460
-0.325195 -0.132054 1.474994
-0.327753 -0.134994 1.476763
-0.326062 -0.135140 1.480615
-0.315357 -0.133800 1.493200
-0.312160 -0.132443 1.495433
-0.310143 -0.130657 1.492865
-0.280239 -0.127363 1.454858
-0.283701 -0.127753 1.454849
-0.285430 -0.129667 1.457548
-0.262240 -0.128019 1.459561
-0.259344 -0.128706 1.461011
-0.260046 -0.130091 1.464082
-0.285430 -0.129667 1.457548
-0.257734 0.008426 1.572792
-0.241200 -0.011071 1.588014
-0.237858 0.007313 1.579854
-0.262234 -0.010005 1.580799
-0.217940 0.005059 1.584033
-0.220377 -0.012895 1.591737
-0.215796 -0.014168 1.587530
-0.213083 0.002587 1.579506
-0.213083 0.002587 1.579506
-0.215796 -0.014168 1.587530
-0.205276 -0.000026 1.582586
-0.208465 -0.016481 1.590894
-0.205125 -0.017864 1.586238
-0.202432 -0.002683 1.578735
-0.314440 0.004827 1.541124
-0.328961 -0.016238 1.528208
-0.321604 -0.014259 1.549473
-0.322418 0.000887 1.520721
-0.305245 0.023549 1.530246
-0.314301 0.016536 1.512659
-0.252385 0.026066 1.563146
-0.237858 0.007313 1.579854
-0.233488 0.024512 1.570286
-0.257734 0.008426 1.572792
-0.214336 0.021306 1.574627
-0.217940 0.005059 1.584033
-0.209486 0.015939 1.569003
-0.213083 0.002587 1.579506
-0.201046 0.016088 1.570778
-0.198830 0.011624 1.567803
-0.209486 0.015939 1.569003
-0.362416 0.002996 1.464880
-0.351465 -0.015312 1.485169
-0.345747 -0.000490 1.482278
-0.367918 -0.011498 1.466311
-0.362893 0.002643 1.458023
-0.367030 -0.012500 1.459484
-0.376789 0.005369 1.445868
-0.367030 -0.012500 1.459484
-0.362893 0.002643 1.458023
-0.382255 -0.009857 1.447716
-0.373889 0.004746 1.440132
-0.379931 -0.010995 1.442477
-0.379058 0.006112 1.435042
-0.379931 -0.010995 1.442477
-0.373889 0.004746 1.440132
-0.386011 -0.011058 1.437188
-0.387483 0.009342 1.436909
-0.386011 -0.011058 1.437188
-0.379058 0.006112 1.435042
-0.394073 -0.008037 1.439196
-0.400320 0.012917 1.421842
-0.411381 -0.004796 1.421875
-0.402845 0.012176 1.413025
-0.414428 -0.005376 1.413397
-0.414428 -0.005376 1.413397
-0.402845 0.012176 1.413025
-0.408629 0.015483 1.407280
-0.421923 -0.002738 1.406772
-0.408980 0.013866 1.399686
-0.421460 -0.004328 1.398534
-0.403543 0.009207 1.399498
-0.416645 -0.007054 1.398489
-0.408980 0.013866 1.399686
-0.421460 -0.004328 1.398534
-0.396728 -0.017884 1.415140
-0.386084 -0.001805 1.415928
-0.376967 -0.005244 1.424967
-0.359867 -0.031634 1.444520
-0.388744 -0.028193 1.424366
-0.355502 -0.013447 1.444973
-0.355502 -0.013447 1.444973
-0.357373 -0.031440 1.444536
-0.359867 -0.031634 1.444520
-0.352974 -0.013696 1.444214
-0.341192 -0.016816 1.450557
-0.310697 -0.016247 1.483460
-0.292906 -0.017195 1.500874
-0.237346 -0.014676 1.539670
-0.223541 -0.028355 1.558045
-0.221076 -0.007180 1.548530
-0.208716 -0.006921 1.566570
-0.211244 -0.018757 1.576293
-0.211566 -0.028017 1.575147
-0.208984 -0.005988 1.569087
-0.202432 -0.002683 1.578735
-0.211244 -0.018757 1.576293
-0.208984 -0.005988 1.569087
-0.205125 -0.017864 1.586238
-0.198830 0.011624 1.567803
-0.205037 0.009514 1.555077
-0.205037 0.009514 1.555077
-0.204473 0.008953 1.551740
-0.355137 -0.031957 1.487210
-0.371939 -0.029970 1.467810
-0.370421 -0.030368 1.460825
-0.370421 -0.030368 1.460825
-0.386452 -0.030810 1.449256
-0.384646 -0.031269 1.444220
-0.389732 -0.032481 1.438195
-0.384646 -0.031269 1.444220
-0.398514 -0.031257 1.440953
-0.389732 -0.032481 1.438195
-0.419494 -0.027155 1.421709
-0.422702 -0.026538 1.412665
-0.432001 -0.026719 1.405945
-0.422702 -0.026538 1.412665
-0.431794 -0.027490 1.397281
-0.431794 -0.027490 1.397281
-0.426233 -0.028977 1.397341
-0.403288 -0.031604 1.413844
-0.212900 -0.033518 1.579718
-0.206962 -0.033308 1.591352
-0.212900 -0.033518 1.579718
-0.206962 -0.033308 1.591352
-0.209909 -0.032040 1.595507
-0.217975 -0.031751 1.591642
-0.217975 -0.031751 1.591642
-0.222334 -0.031159 1.596505
-0.243147 -0.030832 1.593509
-0.265636 -0.029518 1.586199
-0.325559 -0.030434 1.553541
-0.332594 -0.031446 1.531683
-0.222334 -0.031159 1.596505
-0.217975 -0.031751 1.591642
-0.243147 -0.030832 1.593509
-0.265636 -0.029518 1.586199
-0.321604 -0.014259 1.549473
-0.328961 -0.016238 1.528208
-0.354342 0.017611 1.456110
-0.354492 0.017508 1.463222
-0.365787 0.019590 1.437450
-0.368179 0.021195 1.444026
-0.354342 0.017611 1.456110
-0.237297 0.051637 1.534760
-0.245315 0.039903 1.549716
-0.228032 0.038332 1.557448
-0.221697 0.049543 1.542743
-0.228176 0.062087 1.518591
-0.214341 0.060109 1.526832
-0.217289 0.068126 1.500630
-0.206227 0.066591 1.509817
-0.203661 0.064155 1.504785
-0.213876 0.065163 1.496403
-0.203661 0.064155 1.504785
-0.205371 0.069410 1.484814
-0.213876 0.065163 1.496403
-0.192420 0.068134 1.495881
-0.190329 0.063909 1.493258
-0.203353 0.064663 1.481988
-0.210839 0.051912 1.485592
-0.203353 0.064663 1.481988
-0.201768 0.051246 1.493271
-0.190329 0.063909 1.493258
-0.230639 0.011539 1.523659
-0.216029 0.011890 1.534512
-0.219206 0.030899 1.503553
-0.208964 0.047843 1.486407
-0.199643 0.047682 1.494382
-0.209154 0.030397 1.516118
-0.193049 0.047071 1.503093
-0.200859 0.029153 1.530322
-0.369221 0.031481 1.431003
-0.369300 0.021208 1.433513
-0.357550 0.031115 1.431491
-0.377692 0.024719 1.433913
-0.380365 0.031450 1.420568
-0.388592 0.025851 1.420859
-0.380046 0.031750 1.414810
-0.390041 0.025490 1.413257
-0.381880 0.035759 1.409510
-0.390041 0.025490 1.413257
-0.380046 0.031750 1.414810
-0.396913 0.026077 1.407187
-0.380760 0.035885 1.402081
-0.396156 0.025733 1.400150
-0.334895 0.042717 1.438185
-0.352287 0.029648 1.437699
-0.338054 0.045566 1.444656
-0.353764 0.033348 1.443829
-0.316237 0.062089 1.445629
-0.313758 0.057139 1.439617
-0.331216 0.038640 1.455206
-0.312610 0.052270 1.455198
-0.344144 0.027471 1.455744
-0.331216 0.038640 1.455206
-0.344144 0.027471 1.455744
-0.331690 0.038602 1.462021
-0.343332 0.028174 1.462813
-0.314014 0.052837 1.462890
-0.312610 0.052270 1.455198
-0.251602 0.063234 1.468146
-0.265175 0.057650 1.467208
-0.256358 0.066535 1.472866
-0.269736 0.063278 1.472839
-0.196708 0.064051 1.518577
-0.200894 0.056503 1.533201
-0.206072 0.044908 1.549802
-0.210432 0.033497 1.562567
-0.197052 0.051796 1.531319
-0.202211 0.040906 1.547407
-0.193102 0.061425 1.514404
-0.202211 0.040906 1.547407
-0.190739 0.047875 1.535921
-0.197052 0.051796 1.531319
-0.194321 0.038258 1.548125
-0.193102 0.061425 1.514404
-0.182955 0.065574 1.506080
-0.192072 0.049896 1.503365
-0.180509 0.060574 1.503619
-0.196948 0.037922 1.523576
-0.188483 0.043463 1.533029
-0.199300 0.030405 1.533774
-0.192006 0.034216 1.544368
-0.201652 0.022156 1.543103
-0.195741 0.022479 1.557788
-0.180509 0.060574 1.503619
-0.188483 0.043463 1.533029
-0.192006 0.034216 1.544368
-0.198153 0.025957 1.560923
-0.195741 0.022479 1.557788
-0.357550 0.031115 1.431491
-0.370662 0.040318 1.412398
-0.348143 0.041861 1.427826
-0.368992 0.039983 1.406259
-0.343202 0.040863 1.422965
-0.338459 0.013543 1.479024
-0.369300 0.021208 1.433513
-0.365787 0.019590 1.437450
-0.352287 0.029648 1.437699
-0.334895 0.042717 1.438185
-0.206648 0.028300 1.560219
-0.206648 0.028300 1.560219
-0.306815 -0.029446 1.567074
-0.302609 -0.010765 1.561780
-0.302609 -0.010765 1.561780
-0.296394 0.007766 1.553577
-0.288378 0.025030 1.543042
-0.296311 0.036398 1.519469
-0.278932 0.038801 1.531318
-0.285060 0.047736 1.507097
-0.269321 0.050026 1.517246
-0.273633 0.057662 1.493893
-0.257332 0.060592 1.501714
-0.239751 0.067754 1.482242
-0.236678 0.064997 1.478031
-0.251602 0.063234 1.468146
-0.235592 0.068764 1.461561
-0.246273 0.068458 1.456889
-0.236678 0.064997 1.478031
-0.233489 0.063921 1.458472
-0.244735 0.063035 1.452712
-0.230947 0.051115 1.469165
-0.243686 0.050478 1.459112
-0.233489 0.063921 1.458472
-0.244735 0.063035 1.452712
-0.243686 0.050478 1.459112
-0.230947 0.051115 1.469165
-0.240061 0.047461 1.461860
-0.229402 0.048020 1.469971
-0.284665 0.053488 1.484679
-0.295712 0.041718 1.494893
-0.332594 -0.031446 1.531683
-0.341716 -0.033180 1.508107
-0.337928 -0.016835 1.505257
-0.331934 -0.001357 1.500391
-0.324659 0.012923 1.495071
-0.305741 0.029497 1.504580
-0.313758 0.057139 1.439617
-0.318804 0.041367 1.441980
-0.334895 0.042717 1.438185
-0.329678 0.041232 1.433405
-0.329706 0.025849 1.475993
-0.320391 0.037359 1.472147
-0.307554 0.037742 1.482954
-0.316532 0.025839 1.489468
-0.201652 0.022156 1.543103
-0.298731 0.048980 1.475536
-0.291312 0.058791 1.467965
-0.312241 0.049580 1.466483
-0.286281 -0.029242 1.577487
-0.282554 -0.009839 1.572109
-0.282554 -0.009839 1.572109
-0.277269 0.008669 1.564006
-0.270612 0.025956 1.553706
-0.262443 0.040143 1.540916
-0.253105 0.051772 1.526060
-0.242277 0.062154 1.509830
-0.228946 0.068378 1.491128
-0.224889 0.065780 1.487432
-0.220957 0.069467 1.471733
-0.224889 0.065780 1.487432
-0.217270 0.064041 1.470485
-0.218688 0.052006 1.479105
-0.217270 0.064041 1.470485
-0.218688 0.052006 1.479105
-0.217484 0.048152 1.478962
-0.261652 0.011275 1.499087
-0.230777 0.032537 1.491916
-0.245297 0.010927 1.511521
-0.243774 0.035026 1.477149
-0.274253 -0.016918 1.515513
-0.255318 -0.016772 1.527725
-0.286281 -0.029242 1.577487
-0.282554 -0.009839 1.572109
-0.286281 -0.029242 1.577487
-0.277269 0.008669 1.564006
-0.210839 0.051912 1.485592
-0.249497 0.063738 1.450593
-0.262267 0.060783 1.449527
-0.253111 0.067890 1.455058
-0.263980 0.065835 1.454955
-0.265175 0.057650 1.467208
-0.249187 0.050161 1.455708
-0.249497 0.063738 1.450593
-0.271671 0.048149 1.450993
-0.262267 0.060783 1.449527
-0.308103 0.053331 1.456365
-0.309339 0.054395 1.463466
-0.307654 0.061546 1.449183
-0.308103 0.053331 1.456365
-0.287087 0.055792 1.461919
-0.287087 0.055792 1.461919
-0.287433 0.063225 1.452906
-0.284778 0.059576 1.447347
-0.304289 0.057937 1.443522
-0.301460 0.044395 1.445678
-0.304289 0.057937 1.443522
-0.288319 0.047327 1.448417
-0.284778 0.059576 1.447347
-0.314238 0.035380 1.445073
-0.318804 0.041367 1.441980
-0.314238 0.035380 1.445073
-0.328470 0.034506 1.434430
-0.318804 0.041367 1.441980
-0.329678 0.041232 1.433405
-0.342889 0.034583 1.422993
-0.343202 0.040863 1.422965
-0.368992 0.039983 1.406259
-0.368566 0.032904 1.405121
-0.380760 0.035885 1.402081
-0.379116 0.029610 1.400936
-0.396156 0.025733 1.400150
-0.392375 0.020256 1.399289
-0.377229 0.007927 1.415927
-0.368243 0.015465 1.416962
-0.362273 0.019151 1.419231
-0.343605 0.021145 1.431835
-0.327864 0.021119 1.445722
-0.345218 -0.000896 1.444098
-0.347771 0.000800 1.445414
-0.300404 0.040738 1.443197
-0.314238 0.035380 1.445073
-0.301460 0.044395 1.445678
-0.311724 0.032203 1.443083
-0.288462 0.043553 1.446142
-0.288319 0.047327 1.448417
-0.368261 0.005746 1.424852
-0.347771 0.000800 1.445414
-0.271973 0.045125 1.449271
-0.271671 0.048149 1.450993
-0.249187 0.050161 1.455708
-0.248295 0.047360 1.455886
-0.261741 0.032320 1.468777
-0.279925 0.009151 1.487264
-0.282087 0.028997 1.459733
-0.297975 0.029389 1.450244
-0.296812 0.008367 1.472894
-0.327864 0.021119 1.445722
-0.325434 0.018883 1.443672
-0.310829 0.013371 1.456563
-0.335462 0.009002 1.443521
-0.337748 0.011052 1.444896
-0.327660 -0.011562 1.462088
-0.199300 0.030405 1.533774
-0.196948 0.037922 1.523576
-0.192072 0.049896 1.503365
-0.201768 0.051246 1.493271
-0.377229 0.007927 1.415927
-0.386084 -0.001805 1.415928
-0.396728 -0.017884 1.415140
-0.368243 0.015465 1.416962
-0.362273 0.019151 1.419231
-0.403288 -0.031604 1.413844
-0.343605 0.021145 1.431835
-0.337748 0.011052 1.444896
-0.327864 0.021119 1.445722
-0.316321 0.032845 1.499058
-0.335457 0.028828 1.481607
-0.318882 0.026686 1.500725
-0.332190 0.035851 1.479736
-0.327796 0.040751 1.476202
-0.311469 0.038146 1.495565
-0.307839 0.042048 1.491100
-0.321727 0.040445 1.473606
-0.308739 0.039817 1.491523
-0.321962 0.044191 1.474323
-0.336498 0.021680 1.484104
-0.322971 0.020274 1.500383
-0.334484 0.023379 1.483014
-0.320629 0.021877 1.498918
-0.318847 0.048862 1.472132
-0.304096 0.046609 1.488662
-0.338909 0.017678 1.485642
-0.325668 0.016176 1.501949
-0.318722 0.022998 1.504126
-0.324286 0.014262 1.507899
-0.315546 0.019915 1.501201
-0.320624 0.011576 1.504923
-0.303596 0.036174 1.492777
-0.296137 0.043824 1.487847
-0.307418 0.040522 1.496300
-0.301394 0.049346 1.492513
-0.306418 0.033804 1.492059
-0.314988 0.022793 1.497691
-0.317305 0.026731 1.499665
-0.314798 0.023338 1.497150
-0.311048 0.036171 1.494656
-0.307353 0.033008 1.491750
-0.314707 0.032189 1.498176
-0.314019 0.026530 1.501008
-0.308760 0.034605 1.497198
-0.312264 0.024531 1.499276
-0.306435 0.032201 1.495016
-0.316966 0.051235 1.470813
-0.301646 0.048107 1.486816
-0.339620 0.014340 1.486314
-0.326289 0.012975 1.502521
-0.323294 0.008729 1.503997
-0.327177 0.012189 1.506997
-0.296428 0.044916 1.484898
-0.301539 0.051595 1.489120
-0.318524 0.054189 1.469711
-0.314652 0.049675 1.465166
-0.317680 0.048061 1.464434
-0.321651 0.052324 1.468620
-0.327472 0.043885 1.472666
-0.323558 0.039356 1.468092
-0.323880 0.036005 1.471330
-0.331211 0.024184 1.476310
-0.334434 0.021925 1.475712
-0.338409 0.026769 1.480419
-0.345063 0.016777 1.484679
-0.340358 0.011586 1.479359
-0.339988 0.009439 1.481475
-0.344352 0.014828 1.487244
-0.333962 0.028881 1.480244
-0.330649 0.024676 1.476636
-0.327432 0.038762 1.475907
-0.323591 0.034934 1.471914
-0.331248 0.034974 1.478580
-0.329315 0.037579 1.473235
-0.334939 0.029838 1.477035
-0.332054 0.026444 1.473568
-0.326718 0.034536 1.470209
-0.326008 0.042104 1.476208
-0.310962 0.039707 1.494059
-0.325812 0.044144 1.473939
-0.308311 0.041238 1.494525
-0.303061 0.049075 1.491247
-0.320916 0.051240 1.470417
-0.303102 0.050422 1.489644
-0.304092 0.051985 1.486203
-0.319144 0.052646 1.471076
-0.336992 0.025749 1.482824
-0.320302 0.023747 1.501965
-0.320203 0.022575 1.503192
-0.338363 0.025253 1.482037
-0.343531 0.017626 1.485376
-0.325030 0.015202 1.506292
-0.343013 0.016469 1.487225
-0.341421 0.014169 1.491113
-0.326531 0.013979 1.506348
-0.340951 0.011866 1.485536
-0.338962 0.012209 1.489552
-0.302069 0.050189 1.483772
-0.313024 0.052114 1.471650
-0.314854 0.053628 1.473904
-0.329127 0.011224 1.501740
-0.330920 0.012623 1.503342
-0.329127 0.011224 1.501740
-0.332930 -0.002158 1.508649
-0.325933 0.010389 1.504050
-0.335968 -0.001335 1.506329
-0.341398 -0.017328 1.509657
-0.342432 -0.034205 1.514410
-0.338461 -0.017840 1.512045
-0.345267 -0.033935 1.512080
-0.345309 -0.001238 1.492818
-0.338962 0.012209 1.489552
-0.350320 -0.016962 1.495452
-0.353979 -0.033202 1.497226
-0.346567 -0.001340 1.489232
-0.340951 0.011866 1.485536
-0.355058 -0.033236 1.493482
-0.348510 -0.018785 1.490174
-0.351919 -0.034035 1.491623
-0.351385 -0.017081 1.491784
-0.343068 -0.003466 1.487030
-0.338041 0.008863 1.484064
-0.335942 -0.019204 1.509847
-0.339849 -0.034865 1.512946
-0.330391 -0.003444 1.506112
-0.301921 0.063917 1.463695
-0.302069 0.050189 1.483772
-0.290422 0.061700 1.476261
-0.313024 0.052114 1.471650
-0.293316 0.068959 1.456717
-0.282774 0.068173 1.469863
-0.288040 0.060028 1.478371
-0.280874 0.066266 1.472769
-0.299048 0.048852 1.486208
-0.296932 0.046342 1.483833
-0.284870 0.059139 1.475957
-0.279621 0.063361 1.471674
-0.295066 0.068079 1.453496
-0.304015 0.063561 1.460243
-0.315010 0.051695 1.468489
-0.302502 0.061250 1.458133
-0.313741 0.049371 1.466644
-0.294256 0.064848 1.451861
-0.289837 0.068291 1.448040
-0.287463 0.069804 1.450439
-0.285619 0.065664 1.442312
-0.282267 0.066716 1.442515
-0.283070 0.059340 1.439254
-0.279988 0.060323 1.439013
-0.281608 0.050483 1.440265
-0.278796 0.050674 1.439920
-0.283238 0.028855 1.450149
-0.279867 0.028544 1.450295
-0.289771 0.064919 1.447310
-0.286397 0.062899 1.444105
-0.284616 0.058511 1.442001
-0.283552 0.051101 1.443066
-0.284959 0.030693 1.452760
-0.261581 0.052175 1.441992
-0.263696 0.064258 1.442046
-0.262003 0.029144 1.454877
-0.259204 0.029878 1.456417
-0.258263 0.053109 1.443705
-0.258300 0.053114 1.446313
-0.259763 0.031254 1.459515
-0.260396 0.063738 1.446512
-0.260388 0.064516 1.443903
-0.267043 0.070958 1.449589
-0.264413 0.070819 1.451791
-0.264049 0.068623 1.453606
-0.274041 0.071990 1.460026
-0.270164 0.067959 1.462334
-0.270725 0.070989 1.462411
-0.323847 0.008673 1.502510
-0.283552 0.051101 1.443066
-0.284959 0.030693 1.452760
-0.294256 0.064848 1.451861
-0.289771 0.064919 1.447310
-0.286397 0.062899 1.444105
-0.284616 0.058511 1.442001
-0.302502 0.061250 1.458133
-0.338041 0.008863 1.484064
-0.325933 0.010389 1.504050
-0.323847 0.008673 1.502510
-0.315010 0.051695 1.468489
-0.313741 0.049371 1.466644
-0.299048 0.048852 1.486208
-0.296932 0.046342 1.483833
-0.280641 0.024571 1.455478
-0.284028 0.025272 1.455062
-0.285537 0.028384 1.456466
-0.262751 0.025441 1.460550
-0.259808 0.026412 1.461715
-0.260367 0.029124 1.463760
-0.285537 0.028384 1.456466
0 1
0 2
0 3
0 42
1 2
1 3
1 4
1 399
1 400
2 4
2 5
2 42
2 43
3 399
4 5
4 6
4 400
4 401
5 6
5 7
5 43
5 44
6 7
6 8
6 9
6 401
6 402
7 8
7 44
7 45
7 46
8 9
8 11
8 46
8 47
9 10
9 11
9 402
9 403
10 11
10 12
10 13
10 403
10 404
11 13
11 47
11 48
12 13
12 14
12 15
12 404
12 405
13 14
13 48
13 49
14 15
14 16
14 49
14 50
15 16
15 17
15 405
15 406
16 17
16 18
16 50
16 51
17 18
17 19
17 406
17 407
18 19
18 20
18 21
18 51
19 20
19 407
19 408
20 21
20 22
20 408
20 409
21 22
21 23
21 51
21 52
22 23
22 24
22 409
22 410
23 24
23 25
23 52
23 53
24 25
24 26
24 410
24 411
25 26
25 27
25 53
25 54
26 27
26 28
26 411
26 412
27 28
27 29
27 54
27 55
28 29
28 30
28 412
28 413
29 30
29 31
29 55
29 56
30 31
30 32
30 33
30 413
30 414
31 32
31 56
31 57
32 33
32 34
32 57
32 58
32 59
33 34
33 35
33 414
33 415
34 35
34 37
34 59
34 60
35 36
35 37
35 415
35 416
36 37
36 38
36 39
36 416
36 417
37 39
37 60
37 61
38 39
38 40
38 417
38 418
39 40
39 41
39 61
40 41
40 418
41 61
41 62
42 43
42 63
43 44
43 63
43 64
44 45
44 64
44 65
44 66
45 46
45 66
45 67
46 47
46 67
46 68
47 48
47 68
48 49
48 68
48 69
48 70
49 50
49 70
49 71
50 51
50 71
50 72
51 52
51 72
52 53
52 72
52 73
53 54
53 73
53 74
54 55
54 74
54 75
54 76
55 56
55 76
55 77
56 57
56 77
57 58
57 77
57 78
58 59
58 78
58 79
59 60
59 79
59 80
59 81
60 61
60 81
60 82
61 62
61 82
62 82
62 83
63 64
63 84
63 85
64 65
64 84
64 86
65 66
65 86
65 87
66 67
66 87
66 88
67 68
67 88
68 69
68 88
68 89
69 70
69 89
69 90
69 91
70 71
70 91
70 92
71 72
71 92
71 93
72 73
72 93
73 74
73 93
73 94
74 75
74 94
74 95
74 96
75 76
75 96
75 97
76 77
76 97
76 98
77 78
77 98
78 79
78 98
78 99
79 80
79 99
79 100
80 81
80 100
80 101
81 82
81 101
81 102
82 83
82 102
82 103
82 104
83 104
84 85
84 86
84 105
84 107
85 105
85 106
86 87
86 107
86 108
87 88
87 108
87 109
88 89
88 109
89 90
89 109
89 110
90 91
90 110
90 111
91 92
91 111
91 112
92 93
92 112
92 113
92 114
93 94
93 114
94 95
94 114
94 115
94 116
95 96
95 116
95 117
96 97
96 117
96 118
97 98
97 118
97 119
98 99
98 119
99 100
99 119
99 120
100 101
100 120
100 121
101 102
101 121
101 122
102 103
102 122
102 123
103 104
103 123
103 124
103 125
104 125
105 106
105 107
105 126
105 128
106 126
106 127
107 108
107 128
107 129
108 109
108 129
108 130
109 110
109 130
110 111
110 130
110 131
111 112
111 131
111 132
112 113
112 132
112 133
113 114
113 133
113 134
114 115
114 134
114 135
114 136
115 116
115 136
115 137
116 117
116 137
116 138
117 118
117 138
117 139
118 119
118 139
118 140
119 120
119 140
120 121
120 140
120 141
121 122
121 141
121 142
122 123
122 142
122 143
123 124
123 143
123 144
124 125
124 144
124 145
124 146
125 146
126 127
126 128
126 147
126 149
127 147
127 148
128 129
128 149
128 150
129 130
129 150
129 151
130 131
130 151
131 132
131 151
131 152
132 133
132 152
132 153
133 134
133 153
133 154
134 135
134 154
134 155
135 136
135 155
135 156
135 157
136 137
136 157
136 158
137 138
137 158
137 159
138 139
138 159
138 160
139 140
139 160
139 161
140 141
140 161
141 142
141 161
141 162
142 143
142 162
142 163
143 144
143 163
143 164
144 145
144 164
144 165
145 146
145 165
145 166
145 167
146 167
147 148
147 149
147 168
147 170
148 168
148 169
149 150
149 170
149 171
150 151
150 171
150 172
151 152
151 172
152 153
152 172
152 173
153 154
153 173
153 174
154 155
154 174
154 175
155 156
155 175
155 176
156 157
156 176
156 177
156 178
157 158
157 178
157 179
158 159
158 179
158 180
159 160
159 180
159 181
160 161
160 181
160 182
161 162
161 182
162 163
162 182
162 183
163 164
163 183
163 184
164 165
164 184
164 185
165 166
165 185
165 186
166 167
166 186
166 187
166 188
167 188
168 169
168 170
168 189
168 191
169 189
169 190
170 171
170 191
170 192
171 172
171 192
171 193
172 173
172 193
173 174
173 193
173 194
174 175
174 194
174 195
175 176
175 195
175 196
176 177
176 196
176 197
177 178
177 197
177 198
177 199
178 179
178 199
178 200
179 180
179 200
179 201
180 181
180 201
180 202
181 182
181 202
181 203
182 183
182 203
183 184
183 203
183 204
184 185
184 204
184 205
185 186
185 205
185 206
185 207
186 187
186 207
186 208
187 188
187 208
188 208
188 209
189 190
189 191
189 210
189 211
190 210
191 192
191 211
191 212
192 193
192 212
192 213
193 194
193 213
193 214
193 215
194 195
194 215
194 216
195 196
195 216
195 217
196 197
196 217
197 198
197 217
197 218
198 199
198 218
198 219
198 220
199 200
199 220
200 201
200 220
200 221
201 202
201 221
201 222
202 203
202 222
202 223
203 204
203 223
203 224
203 225
204 205
204 225
204 226
205 206
205 226
205 227
206 207
206 227
206 228
207 208
207 228
207 229
208 209
208 229
209 229
209 230
210 211
210 231
211 212
211 231
211 232
212 213
212 232
212 233
213 214
213 233
213 234
214 215
214 234
214 235
214 236
215 216
215 236
215 237
216 217
216 237
216 238
217 218
217 238
217 239
218 219
218 239
218 240
219 220
219 240
220 221
220 240
220 241
221 222
221 241
221 242
222 223
222 242
222 243
223 224
223 243
223 244
224 225
224 244
224 245
224 246
225 226
225 246
225 247
226 227
226 247
226 248
227 228
227 248
227 249
228 229
228 249
228 250
229 230
229 250
230 250
230 251
231 232
231 252
232 233
232 252
232 253
233 234
233 253
233 254
234 235
234 254
234 255
235 236
235 255
235 256
235 257
236 237
236 257
236 258
237 238
237 258
237 259
238 239
238 259
238 260
239 240
239 260
239 261
240 241
240 261
241 242
241 261
241 262
242 243
242 262
242 263
243 244
243 263
243 264
244 245
244 264
244 265
245 246
245 265
245 266
245 267
246 247
246 267
246 268
247 248
247 268
247 269
248 249
248 269
248 270
249 250
249 270
249 271
250 251
250 271
251 271
251 272
252 253
252 273
253 254
253 273
253 274
254 255
254 274
254 275
255 256
255 275
255 276
256 257
256 276
256 277
256 278
257 258
257 278
257 279
258 259
258 279
258 280
259 260
259 280
259 281
260 261
260 281
260 282
261 262
261 282
262 263
262 282
262 283
263 264
263 283
263 284
264 265
264 284
264 285
265 266
265 285
265 286
266 267
266 286
266 287
266 288
267 268
267 288
267 289
268 269
268 289
268 290
269 270
269 290
269 291
270 271
270 291
270 292
271 272
271 292
272 292
272 293
273 274
273 294
274 275
274 294
274 295
275 276
275 295
275 296
276 277
276 296
276 297
277 278
277 297
277 298
277 299
278 279
278 299
278 300
279 280
279 300
279 301
280 281
280 301
280 302
281 282
281 302
281 303
282 283
282 303
283 284
283 303
283 304
284 285
284 304
284 305
285 286
285 305
285 306
286 287
286 306
286 307
287 288
287 307
287 308
287 309
288 289
288 309
288 310
289 290
289 310
289 311
290 291
290 311
290 312
291 292
291 312
292 293
292 312
292 313
292 314
293 314
294 295
294 315
294 316
295 296
295 315
296 297
296 315
296 317
297 298
297 317
297 318
298 299
298 318
298 319
298 320
299 300
299 320
299 321
300 301
300 321
300 322
301 302
301 322
301 323
302 303
302 323
302 324
303 304
303 324
304 305
304 324
304 325
305 306
305 325
305 326
306 307
306 326
306 327
307 308
307 327
307 328
308 309
308 328
308 329
308 330
309 310
309 330
309 331
310 311
310 331
311 312
311 331
311 332
312 313
312 332
312 333
313 314
313 333
313 334
313 335
314 335
315 316
315 317
315 336
315 338
316 336
316 337
317 318
317 338
318 319
318 338
318 339
319 320
319 339
319 340
319 341
320 321
320 341
320 342
321 322
321 342
321 343
322 323
322 343
323 324
323 343
323 344
324 325
324 344
324 345
324 346
325 326
325 346
325 347
326 327
326 347
326 348
327 328
327 348
328 329
328 348
328 349
329 330
329 349
329 350
330 331
330 350
330 351
330 352
331 332
331 352
332 333
332 352
332 353
333 334
333 353
333 354
334 335
334 354
334 355
334 356
335 356
336 337
336 338
336 357
336 359
337 357
337 358
338 339
338 359
338 360
339 340
339 360
339 361
340 341
340 361
340 362
341 342
341 362
341 363
342 343
342 363
343 344
343 363
343 364
344 345
344 364
344 365
345 346
345 365
345 366
345 367
346 347
346 367
346 368
347 348
347 368
347 369
348 349
348 369
348 370
349 350
349 370
350 351
350 370
350 371
351 352
351 371
351 372
352 353
352 372
352 373
353 354
353 373
353 374
354 355
354 374
354 375
355 356
355 375
355 376
355 377
356 377
357 358
357 359
357 378
357 380
358 378
358 379
359 360
359 380
359 381
360 361
360 381
360 382
361 362
361 382
361 383
362 363
362 383
363 364
363 383
363 384
364 365
364 384
364 385
365 366
365 385
365 386
366 367
366 386
366 387
366 388
367 368
367 388
367 389
368 369
368 389
368 390
369 370
369 390
369 391
370 371
370 391
371 372
371 391
371 392
372 373
372 392
372 393
373 374
373 393
373 394
374 375
374 394
374 395
375 376
375 395
375 396
376 377
376 396
376 397
376 398
377 398
378 379
378 380
378 419
378 420
379 419
380 381
380 420
380 421
381 382
381 421
381 422
382 383
382 422
382 423
383 384
383 423
383 424
384 385
384 424
384 425
385 386
385 425
385 426
386 387
386 426
386 427
387 388
387 427
387 428
388 389
388 428
388 429
389 390
389 429
389 430
390 391
390 430
390 431
391 392
391 431
391 432
392 393
392 432
392 433
393 394
393 433
393 434
394 395
394 434
394 435
395 396
395 435
395 436
396 397
396 436
396 437
397 398
397 437
397 438
398 438
439 440
439 441
439 678
439 681
439 689
439 702
440 441
440 689
440 690
440 691
440 692
440 693
441 674
441 681
441 693
441 703
442 443
442 444
442 445
442 820
443 444
443 445
443 446
443 609
444 609
444 820
445 446
445 450
446 450
446 607
447 448
447 449
447 486
447 489
447 500
448 449
448 454
449 454
449 455
449 489
449 523
450 607
451 452
451 453
451 456
451 574
451 576
451 577
452 453
452 476
452 577
452 680
453 456
453 457
453 476
454 455
454 461
455 461
455 523
455 532
455 533
456 457
456 576
457 476
457 679
457 687
458 459
458 460
458 462
458 785
458 786
459 460
459 535
459 747
460 462
460 534
460 535
460 613
460 780
461 533
462 467
462 625
462 743
462 780
462 785
463 464
463 465
463 470
463 653
464 465
464 469
464 608
464 653
465 469
465 470
466 467
466 468
466 471
466 785
467 468
467 624
467 625
467 785
468 471
468 472
468 624
468 672
469 470
469 608
469 610
469 611
470 484
470 485
470 610
471 472
472 672
473 474
473 475
473 481
474 475
474 477
474 479
475 479
475 481
475 648
476 679
476 680
477 478
477 479
477 482
477 483
478 479
478 480
478 482
478 618
478 620
478 621
478 622
478 638
479 480
480 618
480 619
480 620
481 648
481 659
482 483
482 638
484 485
485 610
485 646
486 487
486 488
486 489
486 500
487 488
487 489
487 495
487 501
487 518
487 523
488 494
488 495
489 523
490 491
490 492
490 598
490 599
490 600
490 616
491 492
491 600
491 895
492 615
492 616
493 494
493 495
493 499
493 504
493 560
493 561
494 495
494 499
495 501
495 502
495 504
496 497
496 498
496 601
496 892
496 894
497 498
497 601
497 706
498 705
498 706
501 502
501 512
501 518
502 503
502 504
502 508
502 512
503 504
503 508
503 541
503 546
503 547
503 560
503 562
504 560
505 506
505 507
505 551
505 555
506 507
506 651
506 652
507 551
507 553
507 605
507 651
508 512
508 540
508 541
509 510
509 511
509 556
509 557
510 511
510 513
510 514
510 556
510 858
511 858
511 860
512 518
512 522
512 539
512 540
513 514
513 556
513 559
514 858
514 870
515 516
515 517
515 888
516 517
516 888
516 905
516 908
517 671
517 673
517 707
517 905
518 522
518 523
519 520
519 521
519 524
519 563
519 689
519 690
520 521
520 524
520 525
520 877
520 898
521 563
521 876
521 877
522 523
522 532
522 539
523 532
524 525
524 527
524 528
524 678
524 689
524 702
525 527
525 808
525 898
526 527
526 528
526 567
526 568
526 606
526 677
526 678
527 528
527 606
527 641
527 770
527 808
528 678
529 530
529 531
529 685
529 686
530 531
530 569
530 686
531 569
531 571
532 533
532 539
533 539
534 535
534 536
534 538
534 597
534 613
535 536
535 537
535 747
536 537
536 538
536 741
536 742
536 861
537 742
537 747
537 787
538 597
538 861
539 540
540 541
541 546
542 543
542 544
542 545
542 549
542 602
542 603
542 604
543 544
543 602
543 890
544 545
544 889
544 890
545 548
545 549
545 811
545 889
546 547
547 562
548 549
548 811
549 603
550 551
550 552
550 554
550 555
550 885
550 887
551 552
551 553
551 555
552 553
552 815
552 885
553 605
554 555
554 887
556 557
556 558
556 559
556 711
556 884
557 558
558 884
559 710
559 711
560 561
560 562
561 562
563 690
564 565
564 566
564 595
565 566
565 585
565 590
565 594
565 595
566 585
566 937
567 568
567 606
568 677
569 570
569 571
570 571
570 572
570 831
570 875
570 881
571 572
572 881
573 574
573 575
573 578
573 868
573 869
573 872
574 575
574 576
574 577
574 578
575 576
575 872
577 578
578 869
579 580
579 581
580 581
580 582
580 901
580 902
581 582
581 583
582 583
582 584
582 900
582 901
583 584
583 586
584 586
584 899
584 900
585 590
585 592
585 917
585 937
587 588
587 589
587 612
588 589
588 612
588 775
588 776
588 778
588 783
588 862
589 862
590 591
590 592
590 594
590 596
591 592
591 596
591 923
592 916
592 917
592 923
593 594
593 595
593 596
594 595
594 596
597 613
597 614
598 599
598 616
598 617
599 600
599 850
599 853
600 853
600 895
601 894
602 604
602 645
603 604
603 664
604 644
604 645
604 664
605 650
605 651
606 770
608 611
608 621
608 626
608 653
608 660
608 661
610 611
610 646
610 647
611 621
611 639
611 640
612 783
612 784
613 614
613 663
613 780
614 662
614 663
615 616
615 654
616 617
616 654
616 656
617 656
617 658
618 619
618 620
618 622
618 626
618 637
619 637
621 622
621 626
621 638
621 639
622 626
623 624
623 625
623 627
623 665
623 791
624 625
624 627
624 672
625 665
625 743
626 637
626 659
626 660
627 672
627 791
628 629
628 630
628 679
628 680
628 682
628 792
629 630
629 631
629 737
629 792
629 798
630 631
630 632
630 682
631 632
631 798
632 682
632 688
633 634
633 635
633 799
633 800
633 838
634 635
634 636
634 683
635 636
635 800
636 683
636 684
637 648
637 659
638 639
639 640
641 642
641 643
641 770
641 808
642 643
642 770
642 904
643 808
643 896
643 897
643 904
644 645
644 664
646 647
648 659
649 650
649 651
649 652
649 694
649 695
649 696
649 697
650 651
650 695
651 652
652 696
653 661
654 655
654 656
655 656
655 657
655 847
656 657
656 658
657 658
657 846
657 847
658 837
658 846
659 660
660 661
662 663
662 666
662 781
663 780
663 781
665 666
665 667
665 743
665 781
665 791
666 667
666 781
667 791
668 669
668 670
669 670
669 671
669 707
670 671
671 673
671 707
673 905
674 675
674 676
674 681
674 703
675 676
676 677
676 681
677 678
677 681
678 681
678 702
679 680
679 682
679 687
682 687
682 688
683 684
683 685
683 686
684 685
685 686
687 688
689 690
689 702
690 691
691 692
692 693
692 701
693 701
693 703
693 704
694 695
694 697
694 705
694 852
695 705
695 706
696 697
697 852
698 699
698 700
698 716
699 700
699 708
700 708
700 709
700 715
700 716
701 704
703 704
705 706
708 709
708 710
709 710
709 711
709 713
709 714
709 715
710 711
711 712
711 713
711 883
711 884
712 713
712 883
713 714
714 715
715 716
717 718
717 719
718 719
718 822
718 823
719 796
719 797
719 822
720 721
720 722
721 722
721 724
721 782
722 723
722 724
722 744
723 724
723 744
723 745
724 782
725 726
725 727
725 728
725 729
725 730
725 748
725 749
726 727
726 728
726 802
726 804
727 729
727 804
728 749
728 750
729 730
729 804
729 806
730 748
731 732
731 733
731 761
731 762
731 763
731 771
731 779
732 733
732 734
732 771
733 734
733 735
733 736
733 779
734 736
734 843
735 736
735 741
735 742
735 772
735 779
736 741
736 843
737 738
737 739
737 740
737 792
737 798
738 739
738 792
738 837
739 740
739 836
739 837
739 846
740 798
740 836
741 742
741 843
741 861
742 772
742 773
742 787
743 780
743 781
744 745
744 746
745 746
745 751
746 751
746 752
746 833
746 834
747 787
748 749
748 759
748 760
749 750
749 759
750 753
750 759
751 752
752 834
753 754
753 755
753 759
754 755
754 759
754 760
754 819
754 821
755 816
755 819
756 757
756 758
756 848
756 849
757 758
758 848
758 851
759 760
760 821
761 762
761 763
761 790
761 835
762 771
762 835
763 766
763 772
763 779
763 790
764 765
764 766
764 772
764 773
764 774
765 766
765 788
765 907
766 772
766 788
766 790
767 768
767 769
767 864
767 910
768 769
769 863
769 864
772 773
772 779
773 774
773 787
775 776
775 777
775 862
776 777
776 778
778 783
780 781
783 784
785 786
788 789
788 790
788 906
788 907
789 790
789 835
789 906
790 835
793 794
793 795
793 826
793 868
793 871
793 873
794 795
794 817
794 818
794 821
794 826
794 827
795 821
795 871
796 797
796 801
796 822
796 825
797 801
797 807
799 800
799 838
799 839
801 807
801 893
802 803
802 804
802 805
803 804
803 805
803 806
803 850
803 853
803 857
804 806
805 857
806 850
807 892
807 893
808 882
808 897
808 898
809 810
809 811
809 812
809 889
810 811
810 812
810 841
811 889
812 841
812 842
812 845
812 889
812 891
813 814
813 815
813 822
813 825
814 815
814 822
814 824
814 844
814 885
814 886
815 885
816 817
816 818
816 819
817 818
817 819
817 821
818 827
819 821
822 823
822 824
822 825
823 824
824 844
826 827
826 873
828 829
828 830
828 831
828 833
829 830
829 833
829 834
830 831
830 832
831 832
831 875
832 875
833 834
836 846
836 847
837 846
838 839
838 840
839 840
839 849
840 848
840 849
841 842
842 845
843 861
844 886
845 891
846 847
848 849
848 851
850 853
853 857
853 895
854 855
854 856
854 858
854 870
854 874
855 856
856 858
856 859
857 895
858 859
858 860
858 870
859 860
863 864
864 865
864 910
865 866
865 867
865 910
866 867
867 910
868 869
868 871
868 872
868 873
869 871
870 874
872 873
875 881
876 877
876 903
877 880
877 898
877 903
878 879
878 880
878 882
879 880
879 903
880 882
880 898
880 903
882 897
882 898
883 884
885 886
885 887
886 887
888 908
888 909
889 890
889 891
890 891
892 893
892 894
893 894
896 897
896 904
899 900
900 901
901 902
906 907
908 909
911 912
911 913
911 914
911 915
911 931
911 950
912 913
912 914
913 929
913 931
913 942
914 915
914 918
915 918
915 950
915 951
915 953
916 917
916 919
916 923
916 924
917 919
917 920
917 921
917 922
917 937
918 953
919 920
919 924
919 925
920 921
920 925
920 928
920 938
921 922
921 926
921 927
921 928
922 926
922 937
923 924
924 925
925 938
925 946
926 927
926 933
926 935
926 939
927 928
927 933
927 941
928 938
928 940
928 941
928 943
929 930
929 931
929 932
929 942
930 931
930 932
930 936
930 944
930 948
930 950
931 950
932 934
932 936
933 934
933 935
933 936
933 941
934 935
934 936
935 939
936 941
936 943
936 944
938 940
938 946
940 943
940 945
940 946
940 947
941 943
943 944
943 945
944 945
944 948
945 947
945 948
945 949
945 952
946 947
947 952
948 949
948 950
949 950
949 951
949 952
950 951
951 952
951 953
952 953
954 955
954 956
954 1011
954 1012
955 956
955 1012
955 1148
955 1153
956 1153
957 958
957 959
957 967
957 1262
958 959
958 967
958 1160
959 1160
959 1262
960 961
960 962
960 1063
960 1064
960 1110
960 1181
961 962
961 1110
961 1275
961 1278
962 1063
962 1206
962 1269
962 1271
962 1275
963 964
963 965
963 966
963 990
963 991
963 992
964 965
964 966
964 984
964 1009
964 1010
964 1193
964 1247
965 992
965 1022
965 1193
966 991
966 1009
968 969
968 970
968 1015
968 1019
969 970
969 1014
969 1015
969 1045
970 1045
970 1077
970 1078
971 972
971 973
971 982
971 983
971 1172
972 973
972 1172
973 982
974 975
974 976
974 1023
974 1046
975 976
975 1023
975 1024
976 1046
977 978
977 979
977 980
977 1097
977 1142
977 1144
978 979
978 1125
978 1127
978 1142
979 980
979 981
979 1127
980 981
980 1097
981 1127
981 1128
982 983
982 1098
983 1098
983 1099
984 985
984 986
984 1193
984 1247
985 986
985 988
985 1171
985 1245
985 1247
986 988
986 1273
987 988
987 989
987 996
988 989
988 1171
988 1273
989 996
989 1171
989 1218
990 991
990 992
990 1173
990 1205
992 1022
992 1173
993 994
993 995
994 995
994 1006
995 1006
995 1007
996 1218
997 998
997 999
997 1155
998 999
998 1017
998 1155
999 1017
999 1018
1000 1001
1000 1002
1000 1176
1001 1002
1002 1174
1002 1176
1003 1004
1003 1005
1003 1008
1004 1005
1004 1008
1004 1016
1004 1093
1005 1016
1006 1007
1008 1093
1008 1095
1009 1010
1010 1246
1010 1247
1011 1012
1011 1118
1012 1117
1012 1118
1013 1014
1013 1015
1013 1166
1013 1203
1013 1204
1014 1015
1015 1019
1015 1166
1016 1020
1016 1021
1016 1093
1016 1094
1016 1217
1017 1018
1017 1119
1018 1119
1018 1120
1019 1165
1019 1166
1020 1021
1020 1022
1020 1217
1021 1022
1021 1094
1021 1173
1021 1182
1022 1173
1022 1193
1023 1024
1023 1248
1024 1248
1025 1026
1025 1027
1025 1220
1025 1257
1025 1258
1025 1272
1026 1027
1026 1272
1027 1220
1028 1029
1028 1030
1029 1030
1029 1031
1029 1243
1030 1031
1030 1068
1031 1068
1031 1243
1032 1033
1032 1034
1032 1131
1033 1034
1033 1131
1035 1036
1035 1037
1035 1132
1035 1133
1036 1037
1036 1075
1036 1133
1036 1210
1036 1211
1037 1075
1038 1039
1038 1040
1038 1041
1038 1074
1039 1040
1039 1041
1039 1052
1040 1052
1040 1053
1041 1074
1042 1043
1042 1044
1042 1059
1043 1044
1043 1047
1043 1048
1043 1059
1043 1216
1043 1229
1044 1229
1045 1077
1045 1092
1047 1048
1047 1058
1047 1059
1048 1214
1048 1216
1049 1050
1049 1051
1049 1164
1050 1051
1050 1163
1050 1164
1050 1167
1051 1167
1051 1168
1051 1270
1052 1053
1052 1067
1053 1067
1054 1055
1054 1056
1054 1065
1054 1082
1054 1084
1055 1056
1055 1069
1055 1154
1056 1065
1056 1066
1056 1069
1057 1058
1057 1059
1057 1264
1057 1266
1058 1059
1058 1264
1060 1061
1060 1062
1060 1063
1060 1206
1060 1207
1061 1062
1061 1116
1062 1063
1062 1064
1062 1116
1062 1151
1063 1064
1063 1206
1064 1151
1064 1180
1064 1181
1065 1066
1065 1082
1065 1100
1065 1101
1066 1069
1066 1070
1066 1101
1066 1130
1069 1070
1069 1076
1069 1147
1069 1154
1070 1076
1071 1072
1071 1073
1071 1117
1071 1118
1072 1073
1072 1225
1072 1226
1073 1117
1073 1225
1075 1211
1075 1212
1076 1147
1076 1191
1077 1078
1077 1092
1077 1134
1077 1135
1078 1134
1079 1080
1079 1081
1079 1091
1079 1104
1080 1081
1080 1091
1080 1156
1080 1169
1080 1170
1080 1178
1081 1178
1082 1083
1082 1084
1082 1085
1082 1100
1083 1084
1083 1085
1083 1086
1085 1086
1085 1100
1087 1088
1087 1089
1087 1090
1088 1089
1088 1090
1091 1104
1091 1105
1091 1156
1092 1135
1092 1139
1093 1094
1093 1095
1094 1095
1094 1096
1094 1182
1094 1183
1095 1096
1096 1183
1096 1221
1097 1144
1097 1209
1098 1099
1098 1145
1099 1145
1099 1195
1100 1101
1100 1102
1100 1103
1101 1102
1101 1129
1101 1130
1102 1103
1102 1111
1103 1111
1104 1105
1104 1137
1105 1137
1105 1138
1105 1140
1105 1143
1106 1107
1106 1108
1106 1112
1106 1146
1107 1108
1107 1109
1107 1112
1107 1222
1107 1228
1108 1109
1108 1146
1109 1222
1109 1223
1110 1181
1110 1190
1112 1228
1113 1114
1113 1115
1113 1121
1114 1115
1114 1121
1116 1151
1117 1118
1119 1120
1119 1152
1120 1152
1122 1123
1122 1124
1123 1124
1125 1126
1125 1127
1126 1127
1126 1128
1127 1128
1129 1130
1132 1133
1133 1210
1133 1274
1134 1135
1134 1136
1135 1136
1135 1139
1135 1222
1135 1227
1136 1227
1137 1138
1138 1140
1138 1141
1139 1222
1139 1223
1140 1141
1140 1143
1142 1144
1142 1188
1144 1187
1144 1188
1144 1209
1145 1194
1145 1195
1147 1154
1147 1186
1147 1191
1148 1149
1148 1150
1148 1153
1148 1233
1149 1150
1149 1232
1149 1233
1150 1153
1151 1180
1154 1184
1154 1186
1157 1158
1157 1159
1157 1161
1157 1162
1158 1159
1158 1179
1159 1162
1159 1179
1159 1255
1161 1162
1162 1255
1163 1164
1165 1166
1165 1201
1166 1201
1166 1203
1167 1168
1168 1270
1168 1280
1169 1170
1170 1178
1171 1218
1171 1219
1171 1244
1171 1245
1173 1182
1173 1205
1174 1175
1174 1176
1174 1241
1175 1176
1175 1177
1175 1241
1175 1252
1175 1253
1176 1177
1177 1252
1180 1181
1180 1208
1181 1190
1181 1192
1181 1208
1182 1183
1182 1205
1182 1221
1183 1221
1184 1185
1184 1186
1184 1189
1185 1186
1185 1189
1185 1200
1186 1191
1186 1200
1187 1188
1187 1209
1190 1192
1191 1200
1192 1208
1194 1195
1194 1196
1195 1196
1195 1240
1196 1239
1196 1240
1196 1242
1197 1198
1197 1199
1197 1231
1197 1254
1198 1199
1198 1254
1201 1202
1201 1203
1202 1203
1202 1238
1203 1204
1203 1238
1204 1238
1204 1241
1205 1221
1206 1207
1206 1269
1207 1269
1210 1211
1210 1274
1211 1212
1213 1214
1213 1215
1213 1216
1213 1230
1214 1215
1214 1216
1216 1229
1216 1230
1218 1219
1219 1244
1222 1223
1222 1227
1222 1228
1224 1225
1224 1226
1224 1236
1224 1251
1225 1226
1225 1236
1227 1228
1229 1230
1231 1232
1231 1233
1231 1254
1232 1233
1233 1254
1234 1235
1234 1236
1234 1249
1235 1236
1235 1237
1235 1277
1236 1237
1236 1249
1236 1251
1237 1277
1238 1241
1238 1253
1238 1267
1239 1240
1239 1242
1239 1250
1240 1250
1241 1253
1244 1245
1244 1246
1245 1246
1245 1247
1246 1247
1249 1251
1252 1253
1252 1267
1253 1267
1256 1257
1256 1258
1257 1258
1257 1272
1259 1260
1259 1261
1260 1261
1263 1264
1263 1265
1263 1268
1264 1265
1264 1266
1264 1268
1265 1266
1269 1271
1270 1279
1270 1280
1271 1275
1271 1276
1275 1276
1275 1278
1279 1280
1281 1282
1281 1283
1281 1347
1282 1283
1283 1297
1283 1298
1283 1347
1283 1355
1284 1285
1284 1286
1284 1287
1284 1635
1285 1286
1285 1287
1285 1288
1285 1456
1286 1456
1286 1635
1287 1288
1287 1289
1287 1290
1288 1290
1288 1452
1289 1290
1290 1452
1291 1292
1291 1293
1291 1295
1291 1429
1291 1431
1291 1432
1292 1293
1292 1294
1292 1432
1293 1294
1293 1295
1293 1296
1293 1314
1293 1315
1294 1315
1294 1551
1295 1296
1295 1431
1296 1314
1297 1298
1297 1299
1298 1299
1298 1300
1298 1355
1298 1418
1298 1419
1299 1300
1299 1304
1300 1304
1300 1305
1300 1418
1300 1445
1300 1446
1301 1302
1301 1303
1301 1319
1301 1390
1301 1543
1301 1567
1301 1570
1302 1303
1302 1307
1302 1464
1302 1555
1302 1567
1302 1610
1303 1610
1303 1611
1304 1305
1305 1446
1306 1307
1306 1308
1306 1309
1306 1610
1307 1308
1307 1463
1307 1464
1307 1610
1308 1309
1308 1313
1308 1463
1308 1466
1308 1517
1308 1552
1309 1313
1310 1311
1310 1312
1310 1339
1310 1526
1311 1312
1311 1316
1311 1525
1311 1526
1311 1531
1312 1316
1312 1317
1312 1339
1313 1552
1314 1315
1314 1529
1315 1519
1315 1520
1315 1529
1315 1551
1316 1317
1316 1342
1316 1531
1317 1339
1317 1341
1317 1342
1318 1319
1318 1320
1318 1321
1318 1322
1318 1511
1318 1543
1319 1320
1319 1390
1319 1543
1320 1321
1320 1390
1320 1391
1320 1392
1320 1885
1321 1322
1321 1392
1322 1510
1322 1511
1323 1324
1323 1325
1323 1462
1323 1505
1323 1507
1324 1325
1324 1395
1324 1396
1325 1332
1325 1333
1325 1396
1325 1462
1326 1327
1326 1328
1326 1338
1327 1328
1327 1329
1327 1331
1328 1331
1328 1334
1328 1338
1328 1557
1329 1330
1329 1331
1329 1556
1329 1564
1329 1566
1330 1331
1330 1334
1330 1537
1330 1538
1330 1540
1330 1542
1330 1556
1331 1334
1332 1333
1332 1396
1332 1882
1333 1461
1333 1462
1334 1540
1334 1541
1334 1542
1334 1557
1335 1336
1335 1337
1335 1447
1335 1878
1335 1879
1336 1337
1336 1447
1336 1545
1337 1544
1337 1545
1338 1557
1338 1572
1340 1341
1340 1342
1340 1346
1340 1553
1341 1342
1341 1346
1342 1531
1342 1532
1342 1553
1343 1344
1343 1345
1343 1399
1343 1405
1344 1345
1344 1513
1345 1399
1345 1487
1345 1513
1347 1348
1347 1349
1347 1355
1348 1349
1348 1355
1348 1371
1348 1387
1348 1416
1348 1419
1349 1368
1349 1371
1350 1351
1350 1352
1350 1409
1351 1352
1351 1353
1351 1354
1351 1407
1351 1409
1351 1499
1352 1498
1352 1499
1353 1354
1353 1407
1353 1411
1354 1499
1354 1500
1355 1419
1356 1357
1356 1358
1356 1412
1356 1413
1357 1358
1357 1363
1357 1364
1357 1412
1357 1708
1358 1707
1358 1708
1359 1360
1359 1361
1359 1362
1359 1394
1359 1469
1359 1476
1360 1361
1360 1362
1360 1370
1361 1369
1361 1370
1361 1389
1361 1394
1363 1364
1363 1412
1363 1415
1364 1705
1364 1708
1364 1711
1365 1366
1365 1367
1365 1726
1366 1367
1366 1726
1366 1762
1366 1774
1367 1580
1367 1582
1367 1762
1368 1369
1368 1370
1368 1371
1369 1370
1369 1371
1369 1389
1371 1387
1371 1389
1372 1373
1372 1374
1372 1377
1372 1420
1372 1594
1372 1598
1373 1374
1373 1377
1373 1378
1373 1719
1374 1420
1374 1718
1374 1719
1375 1376
1375 1377
1375 1380
1375 1382
1375 1606
1375 1675
1376 1377
1376 1378
1376 1380
1376 1481
1376 1735
1377 1378
1377 1593
1377 1594
1377 1606
1378 1719
1378 1735
1379 1380
1379 1381
1379 1451
1379 1481
1379 1583
1380 1381
1380 1382
1380 1481
1381 1382
1381 1422
1381 1451
1382 1422
1382 1675
1383 1384
1383 1385
1383 1386
1384 1385
1384 1386
1384 1424
1384 1528
1385 1424
1385 1426
1386 1527
1386 1528
1387 1388
1387 1389
1387 1402
1387 1416
1388 1389
1388 1393
1388 1397
1388 1398
1388 1402
1389 1393
1389 1394
1390 1391
1390 1570
1391 1570
1391 1665
1391 1666
1391 1724
1391 1885
1392 1884
1392 1885
1393 1394
1393 1397
1393 1460
1393 1469
1393 1480
1394 1469
1395 1396
1395 1883
1396 1847
1396 1882
1396 1883
1397 1398
1397 1455
1397 1458
1397 1460
1398 1402
1398 1453
1398 1454
1398 1455
1399 1400
1399 1401
1399 1403
1399 1405
1399 1448
1399 1487
1400 1401
1400 1448
1400 1877
1401 1403
1401 1797
1401 1875
1401 1877
1402 1416
1402 1417
1402 1450
1402 1453
1403 1404
1403 1405
1403 1875
1403 1876
1404 1405
1404 1876
1406 1407
1406 1408
1406 1410
1406 1411
1406 1870
1406 1872
1407 1408
1407 1409
1407 1411
1408 1409
1408 1870
1408 1874
1410 1411
1410 1872
1412 1413
1412 1414
1412 1415
1412 1626
1412 1867
1412 1868
1412 1869
1413 1414
1414 1869
1415 1867
1416 1417
1416 1418
1416 1419
1417 1418
1417 1445
1417 1449
1417 1450
1418 1419
1418 1445
1420 1598
1421 1422
1421 1423
1421 1451
1422 1423
1422 1451
1422 1589
1422 1590
1422 1675
1423 1589
1424 1425
1424 1426
1425 1426
1425 1427
1425 1732
1425 1865
1425 1866
1426 1427
1427 1866
1428 1429
1428 1430
1428 1433
1428 1860
1429 1430
1429 1431
1429 1432
1429 1433
1430 1431
1430 1860
1430 1863
1432 1433
1433 1859
1433 1860
1434 1435
1434 1436
1435 1436
1435 1437
1435 1888
1436 1437
1436 1438
1437 1438
1437 1439
1437 1888
1438 1439
1438 1440
1439 1440
1439 1887
1440 1887
1441 1442
1441 1443
1442 1443
1442 1444
1442 1608
1442 1609
1443 1444
1443 1852
1444 1608
1444 1715
1444 1716
1444 1852
1445 1446
1445 1449
1446 1449
1447 1879
1448 1486
1448 1487
1449 1450
1450 1453
1451 1583
1451 1587
1453 1454
1454 1455
1454 1457
1455 1457
1455 1458
1457 1458
1457 1459
1458 1459
1458 1460
1459 1460
1460 1480
1461 1462
1461 1503
1462 1503
1462 1505
1463 1464
1463 1465
1463 1466
1464 1465
1464 1555
1465 1466
1465 1467
1465 1468
1465 1555
1466 1468
1466 1517
1466 1518
1467 1468
1467 1470
1467 1514
1467 1555
1467 1618
1468 1470
1468 1518
1469 1476
1469 1480
1470 1518
1470 1618
1471 1472
1471 1473
1471 1521
1471 1619
1472 1473
1472 1474
1472 1561
1472 1619
1472 1622
1473 1474
1473 1475
1473 1521
1473 1522
1474 1475
1474 1622
1475 1522
1475 1530
1476 1480
1477 1478
1477 1479
1477 1624
1477 1625
1478 1479
1478 1523
1478 1624
1479 1523
1479 1524
1481 1583
1481 1730
1481 1734
1481 1735
1482 1483
1482 1484
1482 1488
1482 1489
1483 1484
1483 1488
1483 1509
1483 1512
1484 1489
1484 1508
1484 1509
1485 1486
1485 1487
1485 1513
1486 1487
1487 1513
1488 1512
1489 1508
1489 1782
1490 1491
1490 1492
1490 1493
1490 1502
1490 1791
1491 1492
1491 1493
1491 1494
1491 1495
1492 1791
1492 1794
1493 1495
1493 1501
1493 1502
1493 1508
1493 1509
1494 1495
1494 1496
1495 1496
1495 1501
1496 1501
1497 1498
1497 1499
1497 1500
1497 1534
1497 1535
1497 1536
1497 1539
1498 1499
1498 1535
1499 1500
1500 1536
1501 1509
1501 1512
1502 1508
1502 1780
1502 1786
1502 1791
1503 1504
1503 1505
1504 1505
1504 1506
1504 1683
1504 1696
1505 1506
1505 1507
1506 1507
1506 1683
1507 1659
1507 1661
1507 1683
1508 1509
1508 1780
1508 1782
1509 1512
1510 1511
1510 1515
1510 1601
1511 1543
1511 1555
1511 1601
1514 1515
1514 1516
1514 1555
1514 1601
1514 1618
1515 1516
1515 1601
1516 1618
1517 1518
1517 1552
1519 1520
1519 1521
1519 1551
1520 1521
1520 1522
1520 1529
1521 1522
1522 1529
1522 1530
1523 1524
1523 1527
1523 1528
1524 1527
1525 1526
1525 1531
1525 1532
1525 1533
1526 1533
1526 1571
1527 1528
1529 1530
1531 1532
1532 1533
1532 1553
1532 1554
1533 1548
1533 1554
1533 1568
1533 1571
1534 1535
1534 1539
1534 1549
1535 1544
1535 1545
1535 1549
1536 1539
1537 1538
1537 1546
1538 1540
1538 1546
1538 1548
1538 1550
1539 1549
1539 1700
1540 1541
1540 1542
1540 1547
1540 1548
1541 1547
1543 1555
1543 1567
1544 1545
1544 1549
1546 1550
1546 1556
1546 1558
1546 1560
1547 1548
1547 1557
1547 1569
1547 1572
1548 1550
1548 1554
1548 1568
1548 1569
1549 1700
1550 1554
1550 1558
1550 1559
1553 1554
1553 1559
1554 1559
1555 1567
1555 1601
1556 1560
1556 1564
1557 1572
1558 1559
1558 1560
1560 1564
1561 1562
1561 1563
1561 1565
1561 1619
1561 1622
1562 1563
1562 1619
1562 1659
1562 1661
1563 1565
1563 1659
1563 1660
1564 1566
1565 1622
1565 1660
1568 1569
1568 1571
1569 1572
1570 1724
1573 1574
1573 1575
1573 1697
1573 1698
1574 1575
1575 1697
1575 1699
1576 1577
1576 1578
1577 1578
1577 1579
1577 1582
1578 1579
1579 1581
1579 1582
1580 1581
1580 1582
1580 1762
1581 1582
1583 1587
1583 1628
1583 1629
1583 1730
1583 1751
1584 1585
1584 1586
1584 1588
1584 1592
1584 1612
1584 1614
1585 1586
1585 1588
1586 1591
1586 1592
1586 1736
1587 1751
1588 1614
1589 1590
1589 1591
1589 1736
1590 1591
1590 1674
1590 1675
1591 1592
1591 1674
1591 1736
1592 1596
1592 1607
1592 1612
1592 1674
1593 1594
1593 1595
1593 1596
1593 1606
1594 1595
1594 1598
1595 1596
1595 1597
1595 1598
1595 1599
1595 1600
1596 1597
1596 1606
1596 1607
1596 1674
1596 1675
1597 1600
1597 1605
1597 1607
1597 1612
1597 1613
1597 1615
1598 1599
1599 1600
1600 1605
1602 1603
1602 1604
1602 1634
1603 1604
1603 1616
1604 1616
1604 1617
1604 1633
1604 1634
1605 1615
1606 1675
1607 1612
1608 1609
1608 1716
1610 1611
1612 1613
1612 1614
1613 1614
1613 1615
1616 1617
1616 1620
1617 1620
1617 1621
1617 1631
1617 1632
1617 1633
1620 1621
1620 1626
1620 1867
1621 1626
1621 1630
1621 1631
1623 1624
1623 1625
1623 1663
1623 1664
1624 1625
1624 1663
1626 1630
1626 1867
1626 1868
1627 1628
1627 1629
1627 1648
1627 1728
1628 1629
1628 1727
1628 1728
1628 1730
1629 1648
1629 1751
1630 1631
1630 1868
1631 1632
1632 1633
1633 1634
1636 1637
1636 1638
1637 1638
1637 1738
1637 1779
1638 1738
1638 1748
1638 1749
1639 1640
1639 1641
1640 1641
1640 1644
1640 1739
1641 1642
1641 1643
1641 1644
1642 1643
1642 1644
1642 1667
1642 1668
1643 1667
1644 1739
1645 1646
1645 1647
1645 1649
1645 1650
1645 1651
1646 1647
1646 1649
1646 1752
1646 1754
1647 1651
1647 1754
1648 1751
1649 1650
1649 1671
1649 1672
1650 1651
1650 1652
1650 1670
1650 1671
1651 1652
1651 1754
1651 1756
1652 1670
1653 1654
1653 1655
1653 1657
1653 1685
1653 1686
1653 1687
1653 1709
1654 1655
1654 1656
1654 1709
1655 1656
1655 1657
1655 1658
1656 1658
1656 1802
1657 1658
1657 1662
1657 1687
1657 1723
1657 1725
1658 1662
1658 1737
1658 1802
1659 1660
1659 1661
1659 1683
1659 1696
1660 1696
1662 1665
1662 1666
1662 1723
1662 1724
1662 1737
1663 1664
1663 1697
1664 1697
1664 1698
1665 1666
1665 1724
1666 1737
1666 1885
1667 1668
1667 1669
1667 1676
1667 1677
1667 1678
1668 1669
1669 1678
1670 1671
1670 1682
1670 1684
1671 1672
1671 1673
1671 1682
1672 1673
1673 1679
1673 1682
1674 1675
1676 1677
1676 1678
1676 1793
1677 1792
1677 1793
1679 1680
1679 1681
1679 1682
1680 1681
1680 1682
1680 1684
1680 1770
1680 1776
1681 1767
1681 1770
1682 1684
1683 1696
1684 1776
1685 1686
1685 1687
1685 1742
1685 1771
1685 1772
1686 1709
1686 1772
1687 1688
1687 1690
1687 1725
1687 1742
1688 1689
1688 1690
1688 1710
1688 1725
1689 1690
1689 1691
1689 1692
1689 1710
1689 1729
1690 1729
1690 1742
1691 1692
1691 1710
1691 1712
1691 1713
1692 1729
1692 1894
1693 1694
1693 1695
1693 1854
1693 1889
1694 1695
1695 1853
1695 1854
1697 1698
1697 1699
1701 1702
1701 1703
1701 1714
1702 1703
1702 1704
1703 1704
1703 1705
1703 1711
1703 1714
1704 1705
1704 1706
1705 1706
1705 1707
1705 1708
1705 1711
1706 1707
1707 1708
1710 1712
1710 1723
1710 1724
1710 1725
1711 1714
1712 1713
1712 1724
1715 1716
1715 1717
1715 1852
1716 1717
1718 1719
1718 1740
1719 1722
1719 1735
1719 1740
1720 1721
1720 1722
1720 1727
1720 1728
1721 1722
1721 1740
1722 1727
1722 1734
1722 1735
1722 1740
1723 1724
1723 1725
1726 1774
1726 1775
1727 1728
1727 1730
1727 1734
1729 1741
1729 1742
1729 1743
1729 1894
1729 1895
1730 1734
1731 1732
1731 1733
1731 1790
1731 1896
1732 1733
1732 1865
1732 1896
1733 1788
1733 1790
1734 1735
1737 1802
1737 1850
1737 1885
1738 1748
1738 1777
1738 1778
1738 1779
1741 1742
1741 1743
1741 1771
1742 1771
1743 1895
1744 1745
1744 1746
1744 1747
1744 1891
1745 1746
1745 1747
1745 1768
1745 1769
1745 1773
1745 1785
1745 1787
1746 1773
1747 1785
1747 1891
1747 1892
1748 1749
1748 1750
1748 1778
1749 1750
1749 1757
1750 1757
1750 1758
1752 1753
1752 1754
1752 1755
1753 1754
1753 1755
1753 1756
1753 1838
1753 1847
1753 1848
1754 1756
1755 1848
1756 1838
1757 1758
1757 1878
1758 1878
1758 1879
1759 1760
1759 1761
1759 1763
1759 1797
1759 1875
1760 1761
1760 1763
1760 1815
1761 1875
1761 1876
1763 1796
1763 1797
1763 1798
1763 1815
1763 1816
1764 1765
1764 1766
1764 1777
1764 1778
1765 1766
1765 1777
1765 1783
1765 1805
1765 1873
1766 1873
1766 1874
1767 1768
1767 1769
1767 1770
1768 1769
1768 1770
1768 1773
1769 1787
1770 1773
1770 1776
1771 1772
1773 1776
1774 1775
1777 1778
1777 1779
1777 1783
1779 1783
1780 1781
1780 1782
1780 1784
1780 1786
1781 1782
1781 1784
1781 1795
1781 1849
1782 1795
1783 1805
1784 1786
1784 1799
1784 1849
1784 1861
1785 1787
1785 1892
1785 1893
1786 1791
1786 1794
1786 1799
1786 1851
1788 1789
1788 1790
1788 1792
1789 1790
1789 1792
1789 1793
1791 1794
1792 1793
1794 1811
1794 1851
1795 1806
1795 1849
1796 1797
1796 1798
1796 1877
1797 1875
1797 1877
1798 1816
1799 1800
1799 1801
1799 1809
1799 1811
1799 1851
1799 1861
1800 1801
1800 1809
1800 1810
1800 1814
1800 1835
1801 1803
1801 1804
1801 1835
1801 1837
1801 1861
1802 1850
1803 1804
1803 1806
1803 1807
1803 1849
1803 1861
1804 1807
1804 1808
1804 1837
1805 1871
1805 1873
1806 1807
1806 1841
1806 1842
1806 1849
1807 1808
1807 1841
1807 1843
1808 1836
1808 1837
1808 1843
1808 1844
1809 1810
1809 1811
1809 1812
1810 1812
1810 1813
1810 1814
1811 1812
1811 1851
1812 1813
1813 1814
1813 1817
1814 1817
1814 1819
1814 1835
1815 1816
1817 1818
1817 1819
1818 1819
1818 1820
1818 1821
1819 1821
1819 1827
1819 1833
1819 1835
1820 1821
1820 1822
1820 1823
1821 1823
1821 1826
1821 1827
1822 1823
1822 1824
1822 1825
1823 1825
1823 1826
1824 1825
1824 1880
1825 1826
1825 1828
1825 1880
1825 1881
1826 1827
1826 1828
1826 1829
1827 1829
1827 1832
1827 1833
1828 1829
1828 1830
1828 1831
1828 1881
1829 1831
1829 1832
1830 1831
1830 1839
1830 1840
1830 1886
1831 1832
1831 1840
1832 1833
1832 1834
1832 1840
1832 1846
1833 1834
1833 1835
1833 1837
1834 1836
1834 1837
1834 1845
1834 1846
1835 1837
1836 1837
1836 1844
1836 1845
1838 1847
1838 1883
1839 1840
1839 1886
1840 1846
1841 1842
1841 1843
1843 1844
1844 1845
1845 1846
1847 1848
1847 1882
1847 1883
1848 1882
1849 1861
1850 1884
1850 1885
1853 1854
1854 1855
1854 1889
1855 1856
1855 1857
1855 1889
1856 1857
1857 1889
1857 1890
1858 1859
1858 1860
1858 1862
1858 1863
1858 1864
1858 1892
1859 1860
1859 1862
1860 1863
1862 1891
1862 1892
1863 1864
1864 1892
1864 1893
1865 1866
1865 1896
1868 1869
1870 1871
1870 1872
1870 1873
1870 1874
1871 1872
1871 1873
1873 1874
1875 1876
1878 1879
1880 1881
1884 1885
1889 1890
1891 1892
1892 1893
1894 1895
1897 1898
1897 1899
1897 1900
1897 2251
1898 1899
1898 1900
1898 1901
1898 2062
1898 2063
1899 2063
1899 2064
1899 2249
1899 2251
1900 1901
1900 1902
1901 1902
1901 1903
1901 2061
1901 2062
1902 1903
1902 1904
1903 1904
1903 2061
1905 1906
1905 1907
1905 1908
1905 1909
1905 1910
1905 1925
1905 1926
1905 1927
1906 1907
1906 1908
1906 2048
1907 1927
1908 1910
1908 2043
1908 2045
1908 2048
1909 1910
1909 1926
1910 2043
1911 1912
1911 1913
1911 1914
1911 1915
1911 2174
1911 2175
1912 1913
1912 1914
1912 2201
1912 2204
1912 2205
1913 1915
1913 1916
1913 2205
1913 2206
1914 2174
1915 1916
1915 2175
1915 2176
1915 2177
1916 2177
1916 2206
1916 2207
1916 2208
1917 1918
1917 1919
1917 1920
1917 2074
1917 2226
1917 2227
1918 1919
1918 1920
1918 1921
1919 2225
1919 2226
1920 1921
1920 1922
1920 2073
1920 2074
1921 1922
1921 1923
1921 1924
1922 1923
1922 2073
1922 2136
1922 2170
1923 1924
1923 2170
1925 1926
1925 1927
1925 2157
1925 2158
1925 2169
1926 2157
1927 2169
1928 1929
1928 1930
1928 1931
1928 1932
1928 2067
1929 1930
1929 1931
1929 1994
1929 1996
1929 2205
1929 2206
1930 1932
1930 1933
1930 1996
1931 2067
1931 2164
1931 2206
1931 2207
1932 1933
1932 2067
1932 2068
1933 1996
1933 1999
1934 1935
1934 1936
1934 1937
1934 1939
1934 2069
1934 2070
1935 1936
1935 1937
1935 2003
1936 1938
1936 1939
1936 2002
1936 2003
1937 2070
1937 2071
1938 1939
1938 2002
1938 2004
1939 2069
1940 1941
1940 1942
1940 2007
1940 2008
1941 1942
1941 1943
1941 2165
1942 1943
1942 2008
1943 2165
1943 2166
1944 1945
1944 1946
1944 1947
1944 1948
1944 2102
1945 1946
1945 1947
1945 2010
1945 2013
1946 1948
1946 1949
1946 2013
1947 2101
1947 2102
1948 1949
1948 1951
1948 2102
1948 2105
1948 2107
1949 1950
1949 1951
1949 2013
1949 2014
1950 1951
1950 2014
1950 2017
1951 2107
1952 1953
1952 1954
1952 1955
1952 1957
1952 2110
1953 1954
1953 1955
1953 2020
1954 1956
1954 1957
1954 2019
1954 2020
1955 2109
1955 2110
1956 1957
1956 2019
1956 2022
1957 2110
1957 2113
1958 1959
1958 1960
1958 1961
1958 1962
1958 2026
1958 2029
1959 1960
1959 1962
1959 1963
1959 2288
1960 1961
1960 2287
1960 2288
1961 2024
1961 2026
1962 1963
1962 2029
1963 2288
1963 2289
1964 1965
1964 1966
1964 1967
1964 2302
1964 2324
1964 2325
1964 2326
1965 1966
1965 1967
1965 2031
1966 2302
1966 2303
1967 2031
1967 2032
1967 2326
1967 2329
1968 1969
1968 1970
1968 1971
1968 2295
1969 1970
1969 1971
1969 1972
1969 1973
1969 2033
1970 1972
1970 2294
1970 2295
1971 2033
1971 2034
1972 1973
1972 2294
1972 2317
1972 2318
1972 2319
1973 2033
1973 2319
1973 2517
1973 2520
1974 1975
1974 1976
1974 1977
1974 2312
1974 2313
1974 2318
1974 2319
1975 1976
1975 1977
1975 2246
1975 2521
1975 2522
1976 2244
1976 2246
1976 2311
1976 2312
1977 2319
1977 2521
1978 1979
1978 1980
1978 1981
1978 2092
1978 2242
1978 2243
1979 1980
1979 1981
1979 1982
1979 1985
1979 2035
1979 2036
1980 1982
1980 1993
1980 2092
1980 2093
1981 2035
1981 2243
1981 2245
1981 2523
1981 2524
1981 2747
1982 1983
1982 1984
1982 1985
1982 1992
1982 1993
1983 1984
1983 1985
1983 2037
1984 1992
1985 2036
1985 2037
1986 1987
1986 1988
1986 1989
1986 1990
1987 1988
1987 1989
1987 2042
1988 2040
1988 2042
1989 1990
1989 1991
1990 1991
1990 2153
1991 2151
1991 2153
1992 1993
1992 2217
1993 2093
1993 2099
1993 2217
1994 1995
1994 1996
1994 1997
1994 2204
1994 2205
1995 1996
1995 1997
1995 1998
1995 2538
1995 2539
1996 1998
1996 1999
1997 2203
1997 2204
1997 2538
1997 2708
1998 1999
1998 2539
1998 2540
2000 2001
2000 2002
2000 2003
2000 2541
2000 2542
2001 2002
2001 2004
2001 2005
2001 2542
2001 2543
2002 2003
2002 2004
2004 2005
2005 2543
2006 2007
2006 2008
2006 2009
2006 2544
2006 2545
2007 2008
2007 2009
2009 2544
2010 2011
2010 2012
2010 2013
2011 2012
2011 2547
2012 2013
2012 2014
2012 2015
2012 2546
2012 2547
2012 2548
2013 2014
2014 2015
2014 2016
2014 2017
2015 2016
2015 2548
2016 2017
2016 2548
2016 2549
2018 2019
2018 2020
2018 2021
2018 2550
2018 2551
2019 2020
2019 2021
2019 2022
2021 2022
2021 2023
2021 2550
2021 2552
2022 2023
2023 2552
2024 2025
2024 2026
2024 2027
2025 2026
2025 2027
2025 2028
2025 2553
2025 2554
2026 2028
2026 2029
2027 2553
2028 2029
2028 2030
2028 2554
2028 2555
2029 2030
2030 2555
2031 2032
2031 2513
2031 2514
2032 2329
2032 2330
2032 2514
2032 2828
2033 2034
2033 2517
2033 2518
2034 2518
2035 2036
2035 2524
2035 2528
2036 2037
2036 2038
2036 2528
2036 2556
2037 2038
2038 2556
2039 2040
2039 2041
2039 2557
2040 2041
2040 2042
2041 2042
2041 2557
2041 2558
2043 2044
2043 2045
2043 2046
2044 2045
2044 2046
2044 2047
2044 2048
2044 2559
2044 2560
2044 2561
2045 2048
2046 2559
2047 2048
2047 2561
2049 2050
2049 2051
2049 2052
2049 2053
2049 2054
2049 2562
2049 2563
2049 2564
2050 2051
2050 2052
2051 2562
2052 2054
2053 2054
2053 2055
2053 2056
2053 2564
2053 2565
2054 2055
2055 2056
2055 2247
2056 2247
2056 2248
2056 2565
2056 2748
2057 2058
2057 2059
2057 2060
2057 2065
2057 2171
2057 2172
2058 2059
2058 2171
2058 2566
2059 2060
2059 2566
2059 2567
2060 2065
2060 2066
2061 2062
2062 2063
2063 2064
2064 2249
2064 2250
2065 2066
2065 2172
2065 2173
2067 2068
2067 2124
2067 2125
2067 2164
2068 2125
2069 2070
2069 2114
2069 2116
2070 2071
2070 2116
2071 2116
2071 2122
2072 2073
2072 2074
2072 2075
2072 2076
2072 2077
2072 2228
2072 2229
2073 2074
2073 2075
2073 2136
2074 2227
2074 2228
2075 2077
2075 2134
2075 2135
2075 2136
2076 2077
2076 2078
2076 2079
2076 2229
2077 2078
2077 2133
2077 2134
2078 2079
2078 2080
2078 2133
2078 2139
2079 2080
2079 2081
2079 2229
2079 2230
2079 2231
2080 2081
2080 2139
2081 2231
2082 2083
2082 2084
2082 2085
2082 2144
2083 2084
2083 2085
2083 2086
2083 2087
2083 2232
2083 2233
2083 2234
2084 2086
2084 2144
2084 2145
2084 2154
2085 2233
2086 2087
2086 2154
2087 2234
2088 2089
2088 2090
2088 2091
2088 2146
2089 2090
2089 2146
2089 2147
2090 2091
2090 2235
2091 2235
2091 2236
2092 2093
2092 2094
2092 2097
2092 2242
2093 2097
2093 2099
2094 2095
2094 2096
2094 2097
2094 2240
2094 2242
2095 2096
2095 2097
2095 2098
2095 2322
2095 2323
2096 2238
2096 2240
2096 2252
2096 2323
2097 2098
2097 2099
2098 2099
2098 2321
2098 2322
2099 2217
2099 2320
2099 2321
2100 2101
2100 2102
2100 2103
2100 2104
2100 2106
2101 2102
2101 2103
2102 2104
2102 2105
2103 2106
2104 2105
2104 2106
2105 2106
2105 2107
2106 2107
2108 2109
2108 2110
2108 2111
2108 2112
2108 2160
2108 2162
2109 2110
2109 2111
2110 2112
2110 2113
2111 2159
2111 2160
2112 2113
2112 2162
2114 2115
2114 2116
2114 2117
2115 2116
2115 2117
2115 2118
2115 2120
2115 2121
2115 2122
2116 2122
2117 2118
2117 2119
2118 2119
2118 2120
2118 2264
2119 2264
2119 2270
2120 2121
2120 2264
2120 2265
2121 2122
2123 2124
2123 2125
2123 2126
2123 2127
2123 2213
2123 2214
2124 2125
2124 2164
2124 2213
2125 2126
2126 2127
2126 2128
2127 2128
2127 2214
2127 2220
2127 2262
2127 2263
2128 2262
2129 2130
2129 2131
2129 2132
2129 2266
2130 2131
2130 2132
2130 2181
2130 2182
2130 2183
2131 2181
2131 2199
2131 2219
2131 2266
2132 2183
2132 2184
2133 2134
2133 2137
2133 2139
2134 2135
2134 2137
2135 2136
2135 2137
2135 2138
2136 2138
2136 2170
2137 2138
2137 2139
2138 2170
2140 2141
2140 2142
2140 2143
2140 2158
2140 2169
2141 2142
2141 2144
2142 2143
2142 2144
2142 2145
2142 2154
2142 2155
2143 2155
2143 2156
2143 2158
2144 2145
2145 2154
2146 2147
2146 2148
2147 2148
2147 2149
2148 2149
2148 2150
2149 2150
2149 2152
2150 2151
2150 2152
2151 2152
2151 2153
2152 2153
2154 2155
2155 2156
2156 2157
2156 2158
2157 2158
2158 2169
2159 2160
2159 2161
2159 2165
2159 2166
2159 2167
2160 2161
2160 2162
2160 2163
2161 2163
2161 2167
2161 2168
2162 2163
2163 2168
2163 2212
2164 2207
2164 2213
2164 2216
2165 2166
2166 2167
2167 2168
2168 2212
2168 2276
2171 2172
2171 2221
2171 2566
2171 2678
2172 2173
2172 2221
2172 2222
2173 2222
2173 2223
2174 2175
2174 2224
2175 2176
2175 2224
2175 2225
2176 2177
2176 2179
2176 2225
2176 2226
2177 2178
2177 2179
2177 2208
2178 2179
2178 2180
2178 2181
2178 2200
2178 2208
2179 2180
2179 2226
2179 2227
2180 2181
2180 2182
2180 2227
2180 2228
2181 2182
2181 2199
2181 2200
2182 2183
2182 2228
2182 2229
2183 2184
2183 2229
2183 2230
2184 2230
2184 2231
2185 2186
2185 2187
2185 2188
2185 2254
2185 2257
2186 2187
2186 2188
2186 2189
2186 2190
2186 2232
2187 2232
2187 2233
2188 2189
2188 2254
2188 2256
2189 2190
2189 2256
2190 2232
2190 2234
2191 2192
2191 2193
2191 2194
2191 2235
2191 2236
2192 2193
2192 2258
2192 2259
2193 2194
2193 2258
2194 2236
2195 2196
2195 2197
2195 2198
2195 2237
2196 2197
2196 2306
2196 2307
2197 2198
2197 2241
2197 2307
2198 2237
2198 2238
2198 2240
2198 2241
2199 2200
2199 2218
2199 2219
2200 2208
2200 2215
2200 2218
2201 2202
2201 2203
2201 2204
2202 2203
2202 2707
2203 2204
2203 2707
2203 2708
2204 2205
2205 2206
2206 2207
2207 2208
2207 2216
2208 2215
2208 2216
2209 2210
2209 2211
2209 2271
2209 2272
2210 2211
2211 2271
2211 2275
2212 2276
2213 2214
2213 2216
2214 2215
2214 2216
2214 2220
2215 2216
2215 2218
2215 2220
2217 2320
2218 2219
2218 2220
2218 2263
2219 2262
2219 2263
2219 2266
2220 2263
2221 2222
2221 2678
2221 2725
2222 2223
2224 2225
2225 2226
2226 2227
2227 2228
2228 2229
2229 2230
2230 2231
2232 2233
2232 2234
2235 2236
2237 2238
2237 2252
2238 2240
2238 2252
2239 2240
2239 2241
2239 2242
2239 2243
2239 2244
2239 2308
2239 2311
2240 2241
2240 2242
2241 2307
2241 2308
2242 2243
2243 2244
2243 2245
2244 2245
2244 2246
2244 2311
2245 2246
2245 2746
2245 2747
2246 2522
2246 2746
2247 2248
2248 2748
2249 2250
2249 2251
2252 2323
2253 2254
2253 2255
2253 2256
2253 2269
2254 2255
2254 2256
2254 2257
2255 2257
2255 2267
2255 2268
2255 2269
2257 2267
2258 2259
2258 2260
2258 2261
2259 2260
2260 2261
2260 2274
2261 2273
2261 2274
2262 2263
2262 2266
2264 2265
2264 2268
2264 2270
2265 2267
2265 2268
2267 2268
2268 2269
2268 2270
2269 2270
2271 2272
2271 2273
2271 2275
2272 2273
2272 2274
2273 2274
2277 2278
2277 2279
2277 2280
2278 2279
2278 2281
2278 2282
2279 2280
2279 2281
2279 2293
2280 2293
2281 2282
2281 2284
2281 2291
2281 2292
2281 2293
2282 2283
2282 2284
2283 2284
2283 2285
2284 2285
2284 2286
2284 2290
2284 2291
2285 2286
2285 2287
2286 2287
2286 2288
2286 2289
2286 2290
2287 2288
2288 2289
2289 2290
2290 2291
2291 2292
2292 2293
2294 2295
2294 2316
2294 2317
2295 2316
2296 2297
2296 2298
2296 2299
2296 2300
2296 2310
2297 2298
2297 2299
2297 2314
2298 2310
2298 2313
2298 2314
2298 2315
2299 2300
2299 2301
2300 2301
2300 2304
2300 2309
2300 2310
2301 2304
2301 2305
2302 2303
2302 2324
2302 2327
2302 2328
2303 2327
2303 2331
2303 2333
2304 2305
2304 2306
2304 2307
2304 2308
2304 2309
2305 2306
2306 2307
2307 2308
2308 2309
2308 2311
2309 2310
2309 2311
2309 2312
2310 2312
2310 2313
2311 2312
2312 2313
2313 2315
2313 2317
2313 2318
2314 2315
2314 2316
2314 2317
2315 2317
2316 2317
2317 2318
2318 2319
2319 2520
2319 2521
2319 2818
2320 2321
2321 2322
2322 2323
2324 2325
2324 2328
2325 2326
2326 2329
2327 2328
2327 2331
2329 2330
2330 2828
2331 2332
2331 2333
2332 2333
2334 2335
2334 2336
2334 2337
2334 2344
2334 2345
2334 2420
2335 2336
2335 2337
2335 2340
2335 2362
2335 2411
2336 2339
2336 2340
2336 2344
2336 2346
2337 2411
2337 2420
2337 2422
2337 2423
2338 2339
2338 2340
2338 2341
2338 2342
2338 2359
2338 2360
2339 2340
2339 2341
2339 2346
2339 2347
2340 2359
2340 2362
2341 2342
2341 2343
2341 2347
2341 2348
2342 2343
2342 2360
2342 2361
2342 2930
2342 2932
2342 2946
2343 2348
2343 2932
2344 2345
2344 2346
2344 2349
2344 2354
2345 2349
2345 2350
2345 2420
2345 2421
2346 2347
2346 2352
2346 2354
2347 2348
2347 2352
2347 2355
2348 2355
2348 2932
2348 2936
2349 2350
2349 2354
2349 2356
2349 2357
2350 2357
2350 2421
2350 2424
2350 2425
2351 2352
2351 2353
2351 2354
2351 2356
2352 2353
2352 2354
2352 2355
2353 2355
2353 2358
2354 2356
2355 2358
2355 2936
2355 2939
2355 2941
2356 2357
2357 2424
2358 2941
2359 2360
2359 2362
2360 2361
2361 2946
2362 2411
2363 2364
2363 2365
2363 2366
2363 2367
2363 2375
2364 2365
2364 2366
2364 2371
2364 2429
2364 2430
2365 2375
2365 2377
2365 2426
2365 2428
2365 2429
2366 2367
2366 2368
2366 2369
2366 2371
2367 2368
2367 2375
2367 2376
2367 2381
2367 2408
2368 2369
2368 2370
2368 2408
2368 2409
2369 2370
2369 2371
2369 2372
2369 2373
2370 2373
2370 2374
2370 2409
2370 2410
2371 2372
2371 2430
2372 2373
2372 2414
2372 2415
2372 2430
2372 2431
2373 2374
2373 2414
2373 2416
2374 2410
2374 2416
2375 2376
2375 2377
2375 2378
2375 2380
2376 2380
2376 2381
2376 2382
2377 2378
2377 2379
2377 2426
2378 2379
2378 2380
2379 2426
2379 2427
2380 2382
2380 2391
2381 2382
2381 2383
2381 2384
2381 2408
2382 2383
2382 2391
2383 2384
2383 2385
2383 2391
2383 2392
2384 2385
2384 2386
2384 2405
2384 2408
2385 2386
2385 2387
2385 2388
2385 2392
2385 2393
2386 2387
2386 2396
2386 2397
2386 2405
2387 2388
2387 2389
2387 2396
2387 2398
2388 2389
2388 2390
2388 2393
2388 2394
2389 2390
2389 2398
2389 2438
2390 2394
2390 2395
2390 2438
2390 2439
2391 2392
2392 2393
2393 2394
2394 2395
2395 2439
2395 2440
2396 2397
2396 2398
2396 2399
2396 2400
2396 2404
2397 2404
2397 2405
2398 2399
2398 2438
2398 2441
2399 2400
2399 2401
2399 2402
2399 2441
2399 2442
2400 2401
2400 2403
2400 2404
2401 2402
2401 2403
2401 2412
2402 2412
2402 2413
2402 2442
2402 2443
2402 2444
2403 2404
2403 2406
2403 2407
2403 2412
2403 2419
2404 2405
2404 2406
2405 2406
2405 2408
2406 2407
2406 2408
2406 2409
2407 2409
2407 2410
2407 2418
2407 2419
2408 2409
2409 2410
2410 2416
2410 2417
2410 2418
2411 2422
2412 2413
2412 2419
2413 2444
2414 2415
2414 2416
2416 2417
2417 2418
2418 2419
2420 2421
2420 2423
2420 2434
2420 2435
2421 2425
2421 2434
2422 2423
2422 2437
2423 2435
2423 2436
2423 2437
2424 2425
2424 2432
2425 2432
2425 2433
2425 2434
2426 2427
2426 2428
2426 2433
2427 2432
2427 2433
2428 2429
2428 2433
2428 2434
2428 2435
2429 2430
2429 2435
2429 2436
2430 2431
2430 2436
2431 2436
2431 2437
2432 2433
2433 2434
2434 2435
2435 2436
2436 2437
2438 2439
2438 2441
2439 2440
2441 2442
2442 2443
2443 2444
2445 2446
2445 2447
2445 2448
2445 2751
2446 2447
2446 2448
2446 2450
2446 2568
2446 2570
2447 2449
2447 2450
2448 2570
2448 2571
2448 2749
2448 2751
2449 2450
2449 2451
2449 2452
2450 2451
2450 2568
2450 2569
2451 2452
2451 2569
2453 2454
2453 2455
2453 2475
2454 2455
2454 2456
2454 2561
2455 2456
2455 2457
2455 2458
2455 2473
2455 2474
2455 2475
2456 2457
2456 2559
2456 2560
2456 2561
2457 2458
2457 2559
2458 2474
2459 2460
2459 2461
2459 2462
2459 2463
2459 2680
2459 2681
2460 2461
2460 2462
2460 2707
2460 2708
2460 2709
2461 2680
2462 2463
2462 2464
2462 2709
2462 2710
2463 2464
2463 2681
2463 2682
2463 2683
2464 2683
2464 2710
2464 2711
2464 2712
2465 2466
2465 2467
2465 2468
2465 2580
2465 2729
2465 2730
2466 2467
2466 2468
2466 2470
2467 2469
2467 2470
2467 2580
2467 2581
2468 2728
2468 2729
2469 2470
2469 2471
2469 2581
2469 2643
2469 2677
2470 2471
2470 2472
2471 2472
2471 2677
2473 2474
2473 2475
2473 2664
2473 2665
2473 2676
2474 2665
2475 2676
2476 2477
2476 2478
2476 2479
2476 2480
2476 2575
2477 2478
2477 2479
2477 2538
2477 2539
2477 2709
2477 2710
2478 2575
2478 2671
2478 2710
2478 2711
2479 2480
2479 2481
2479 2539
2480 2481
2480 2574
2480 2575
2481 2539
2481 2540
2482 2483
2482 2484
2482 2485
2482 2486
2482 2576
2482 2577
2483 2484
2483 2485
2483 2541
2484 2577
2484 2578
2485 2486
2485 2487
2485 2541
2485 2542
2486 2487
2486 2576
2487 2542
2487 2543
2488 2489
2488 2490
2488 2491
2488 2672
2489 2490
2489 2491
2489 2545
2490 2672
2490 2673
2491 2544
2491 2545
2492 2493
2492 2494
2492 2495
2492 2496
2492 2610
2493 2494
2493 2495
2493 2546
2493 2547
2494 2608
2494 2610
2495 2496
2495 2497
2495 2546
2496 2497
2496 2498
2496 2610
2496 2612
2496 2614
2497 2498
2497 2499
2497 2546
2497 2548
2498 2499
2498 2614
2499 2548
2499 2549
2500 2501
2500 2502
2500 2503
2500 2551
2501 2502
2501 2616
2501 2618
2502 2503
2502 2504
2502 2618
2503 2504
2503 2505
2503 2550
2503 2551
2504 2505
2504 2618
2504 2620
2505 2550
2505 2552
2506 2507
2506 2508
2506 2510
2506 2511
2506 2788
2507 2508
2507 2509
2507 2510
2507 2554
2507 2555
2508 2509
2508 2787
2508 2788
2509 2553
2509 2554
2510 2511
2510 2555
2511 2788
2511 2789
2512 2513
2512 2514
2512 2515
2512 2802
2512 2823
2512 2824
2512 2825
2513 2514
2513 2515
2514 2825
2514 2828
2515 2802
2515 2803
2516 2517
2516 2518
2516 2519
2516 2795
2517 2518
2517 2519
2517 2520
2519 2520
2519 2794
2519 2795
2520 2794
2520 2816
2520 2818
2521 2522
2521 2812
2521 2815
2521 2818
2522 2746
2522 2809
2522 2812
2523 2524
2523 2525
2523 2599
2523 2744
2523 2747
2524 2525
2524 2526
2524 2528
2525 2526
2525 2537
2525 2599
2525 2600
2526 2527
2526 2528
2526 2529
2526 2536
2526 2537
2527 2528
2527 2529
2527 2556
2528 2556
2529 2536
2530 2531
2530 2532
2530 2533
2530 2534
2531 2532
2531 2533
2531 2558
2532 2534
2532 2535
2533 2557
2533 2558
2534 2535
2534 2660
2535 2659
2535 2660
2536 2537
2536 2721
2537 2600
2537 2606
2537 2721
2538 2539
2538 2708
2538 2709
2539 2540
2541 2542
2542 2543
2544 2545
2546 2547
2546 2548
2548 2549
2550 2551
2550 2552
2553 2554
2554 2555
2557 2558
2559 2560
2560 2561
2562 2563
2563 2564
2564 2565
2565 2748
2566 2567
2566 2572
2566 2678
2567 2572
2567 2573
2568 2569
2568 2570
2570 2571
2571 2749
2571 2750
2572 2573
2572 2678
2572 2679
2574 2575
2574 2631
2575 2631
2575 2633
2575 2671
2576 2577
2576 2622
2576 2624
2577 2578
2577 2624
2578 2624
2578 2629
2579 2580
2579 2581
2579 2582
2579 2583
2579 2584
2579 2731
2579 2732
2580 2581
2580 2730
2580 2731
2581 2582
2581 2643
2582 2584
2582 2641
2582 2642
2582 2643
2583 2584
2583 2585
2583 2586
2583 2732
2584 2586
2584 2640
2584 2641
2585 2586
2585 2587
2585 2588
2585 2732
2585 2733
2585 2734
2586 2587
2586 2640
2586 2646
2587 2588
2587 2646
2588 2734
2589 2590
2589 2591
2589 2592
2589 2651
2590 2591
2590 2592
2590 2593
2590 2594
2590 2735
2590 2736
2590 2737
2591 2736
2592 2593
2592 2651
2592 2652
2592 2661
2593 2594
2593 2661
2594 2737
2595 2596
2595 2597
2595 2738
2595 2739
2596 2597
2596 2598
2596 2739
2597 2598
2597 2653
2598 2653
2598 2654
2599 2600
2599 2601
2599 2604
2599 2744
2600 2604
2600 2606
2601 2602
2601 2603
2601 2604
2601 2743
2601 2744
2602 2603
2602 2741
2602 2743
2602 2752
2602 2822
2603 2604
2603 2605
2603 2821
2603 2822
2604 2605
2604 2606
2605 2606
2605 2820
2605 2821
2606 2721
2606 2819
2606 2820
2607 2608
2607 2609
2607 2610
2607 2611
2607 2613
2608 2609
2608 2610
2609 2613
2610 2611
2610 2612
2611 2612
2611 2613
2612 2613
2612 2614
2613 2614
2615 2616
2615 2617
2615 2618
2615 2619
2615 2667
2615 2669
2616 2617
2616 2618
2617 2666
2617 2667
2618 2619
2618 2620
2619 2620
2619 2669
2621 2622
2621 2623
2621 2625
2621 2626
2622 2623
2622 2624
2623 2624
2623 2625
2623 2627
2623 2628
2623 2629
2624 2629
2625 2626
2625 2628
2625 2764
2626 2764
2626 2770
2627 2628
2627 2629
2628 2764
2628 2765
2630 2631
2630 2632
2630 2634
2630 2635
2631 2632
2631 2633
2632 2633
2632 2634
2632 2717
2632 2718
2633 2671
2633 2717
2634 2635
2634 2718
2634 2724
2634 2762
2634 2763
2635 2762
2636 2637
2636 2638
2636 2689
2636 2690
2637 2638
2637 2639
2637 2766
2638 2639
2638 2687
2638 2688
2638 2689
2639 2687
2639 2705
2639 2723
2639 2766
2640 2641
2640 2644
2640 2646
2641 2642
2641 2644
2642 2643
2642 2644
2642 2645
2643 2645
2643 2677
2644 2645
2644 2646
2645 2677
2647 2648
2647 2649
2647 2650
2647 2664
2647 2676
2648 2649
2648 2650
2648 2651
2648 2652
2648 2661
2648 2662
2649 2651
2650 2662
2650 2663
2650 2664
2651 2652
2652 2661
2653 2654
2653 2655
2654 2655
2654 2656
2655 2656
2655 2657
2656 2657
2656 2658
2657 2658
2657 2659
2658 2659
2658 2660
2659 2660
2661 2662
2662 2663
2663 2664
2663 2665
2664 2665
2664 2676
2666 2667
2666 2668
2666 2672
2666 2673
2666 2674
2667 2668
2667 2669
2667 2670
2668 2670
2668 2674
2668 2675
2669 2670
2670 2675
2670 2716
2671 2711
2671 2717
2671 2720
2672 2673
2673 2674
2674 2675
2675 2716
2675 2776
2678 2679
2678 2725
2679 2725
2679 2726
2680 2681
2680 2727
2681 2682
2681 2727
2681 2728
2682 2683
2682 2684
2682 2728
2682 2729
2683 2684
2683 2685
2683 2712
2684 2685
2684 2686
2684 2729
2684 2730
2685 2686
2685 2687
2685 2706
2685 2712
2686 2687
2686 2688
2686 2730
2686 2731
2687 2688
2687 2705
2687 2706
2688 2689
2688 2731
2688 2732
2689 2690
2689 2732
2689 2733
2690 2733
2690 2734
2691 2692
2691 2693
2691 2694
2691 2755
2691 2757
2692 2693
2692 2694
2692 2695
2692 2696
2692 2735
2693 2696
2693 2753
2693 2755
2694 2735
2694 2736
2695 2696
2695 2735
2695 2737
2696 2753
2697 2698
2697 2699
2697 2738
2698 2699
2698 2700
2698 2758
2699 2700
2699 2738
2699 2739
2700 2758
2700 2759
2701 2702
2701 2703
2701 2806
2701 2807
2702 2703
2702 2704
2702 2740
2703 2704
2703 2745
2703 2807
2703 2808
2704 2740
2704 2741
2704 2743
2704 2745
2705 2706
2705 2722
2705 2723
2706 2712
2706 2719
2706 2722
2707 2708
2708 2709
2709 2710
2710 2711
2711 2712
2711 2720
2712 2719
2712 2720
2713 2714
2713 2715
2713 2771
2713 2772
2714 2715
2714 2771
2714 2775
2716 2776
2717 2718
2717 2720
2718 2719
2718 2720
2718 2724
2719 2720
2719 2722
2719 2724
2721 2819
2722 2723
2722 2724
2722 2763
2723 2762
2723 2763
2723 2766
2724 2763
2725 2726
2727 2728
2728 2729
2729 2730
2730 2731
2731 2732
2732 2733
2733 2734
2735 2736
2735 2737
2738 2739
2740 2741
2740 2752
2741 2743
2741 2752
2742 2743
2742 2744
2742 2745
2742 2746
2742 2747
2742 2808
2742 2809
2743 2744
2743 2745
2744 2747
2745 2808
2746 2747
2746 2809
2749 2750
2749 2751
2752 2822
2753 2754
2753 2755
2754 2755
2754 2756
2754 2769
2755 2756
2755 2757
2756 2757
2756 2767
2756 2768
2756 2769
2757 2767
2758 2759
2758 2760
2758 2761
2759 2761
2760 2761
2760 2773
2760 2774
2761 2774
2762 2763
2762 2766
2764 2765
2764 2768
2764 2770
2765 2767
2765 2768
2767 2768
2768 2769
2768 2770
2769 2770
2771 2772
2771 2773
2771 2775
2772 2773
2772 2774
2773 2774
2777 2778
2777 2779
2777 2793
2778 2779
2778 2780
2778 2781
2778 2793
2779 2780
2780 2781
2780 2782
2781 2782
2781 2784
2781 2791
2781 2792
2781 2793
2782 2783
2782 2784
2783 2784
2783 2785
2784 2785
2784 2786
2784 2790
2784 2791
2785 2786
2785 2787
2786 2787
2786 2788
2786 2789
2786 2790
2787 2788
2788 2789
2789 2790
2790 2791
2791 2792
2792 2793
2794 2795
2794 2816
2794 2817
2795 2817
2796 2797
2796 2798
2796 2799
2796 2800
2796 2811
2797 2798
2797 2799
2797 2813
2798 2800
2798 2801
2799 2811
2799 2813
2799 2814
2799 2815
2800 2801
2800 2804
2800 2810
2800 2811
2801 2804
2801 2805
2802 2803
2802 2823
2802 2826
2802 2827
2803 2827
2803 2829
2803 2830
2804 2805
2804 2806
2804 2807
2804 2808
2804 2810
2805 2806
2806 2807
2807 2808
2808 2809
2808 2810
2809 2810
2809 2812
2810 2811
2810 2812
2811 2812
2811 2815
2812 2815
2813 2814
2813 2816
2813 2817
2814 2815
2814 2816
2815 2816
2815 2818
2816 2817
2816 2818
2819 2820
2820 2821
2821 2822
2823 2824
2823 2826
2824 2825
2825 2828
2826 2827
2827 2829
2829 2830
2829 2831
2830 2831
2832 2833
2832 2834
2832 2835
2832 2836
2832 2837
2832 2860
2832 2862
2832 2864
2833 2834
2833 2835
2833 2884
2833 2885
2833 2886
2833 2891
2833 2909
2834 2850
2834 2859
2834 2860
2834 2909
2834 2910
2835 2836
2835 2891
2835 2893
2835 2895
2836 2837
2836 2881
2836 2883
2836 2893
2836 2900
2836 2902
2837 2856
2837 2858
2837 2862
2837 2900
2837 2901
2837 2903
2838 2839
2838 2840
2838 2841
2838 2846
2838 2847
2838 2903
2838 2904
2839 2840
2839 2841
2839 2900
2840 2900
2840 2901
2840 2903
2841 2846
2841 2900
2841 2902
2841 2905
2842 2843
2842 2844
2842 2848
2842 2909
2842 2912
2843 2844
2843 2845
2843 2848
2843 2849
2843 2910
2843 2911
2844 2845
2844 2909
2845 2909
2845 2910
2846 2847
2846 2869
2846 2905
2846 2908
2847 2869
2847 2870
2847 2904
2847 2906
2848 2849
2848 2871
2848 2912
2848 2913
2848 2915
2849 2871
2849 2872
2849 2911
2849 2914
2850 2851
2850 2852
2850 2859
2850 2910
2850 2911
2851 2852
2851 2853
2851 2873
2851 2874
2851 2911
2851 2914
2851 2917
2852 2853
2852 2859
2853 2873
2854 2855
2854 2856
2854 2858
2855 2856
2855 2857
2855 2875
2855 2876
2856 2857
2856 2858
2856 2903
2856 2904
2857 2876
2857 2904
2858 2862
2858 2863
2859 2860
2859 2861
2860 2861
2860 2864
2860 2865
2861 2865
2861 2867
2862 2863
2862 2864
2862 2866
2862 2868
2863 2868
2864 2865
2864 2866
2865 2866
2865 2867
2865 2868
2866 2868
2867 2868
2869 2870
2869 2906
2869 2908
2870 2906
2871 2872
2871 2915
2872 2914
2872 2915
2872 2917
2873 2874
2873 3005
2873 3006
2874 2917
2874 2924
2874 3005
2875 2876
2875 3009
2875 3010
2876 2904
2876 2906
2876 2907
2876 3009
2877 2878
2877 2879
2877 2880
2877 2905
2877 2908
2877 2922
2877 3007
2878 2879
2878 3007
2878 3008
2879 2880
2879 2881
2879 2882
2880 2881
2880 2902
2880 2905
2881 2882
2881 2883
2881 2902
2882 2883
2883 2893
2883 2894
2884 2885
2884 2891
2884 2892
2885 2886
2885 2887
2885 2888
2886 2887
2886 2909
2886 2912
2886 2913
2887 2888
2887 2889
2887 2890
2887 2913
2887 2915
2888 2889
2889 2890
2889 2918
2889 3004
2890 2915
2890 2916
2890 2918
2891 2892
2891 2895
2891 2897
2892 2897
2892 2898
2893 2894
2893 2895
2893 2896
2893 2899
2894 2899
2895 2896
2895 2897
2896 2897
2896 2899
2897 2898
2897 2899
2898 2899
2900 2901
2900 2902
2901 2903
2902 2905
2903 2904
2904 2906
2905 2908
2906 2907
2906 2908
2906 2922
2907 2920
2907 2922
2907 3009
2908 2922
2909 2910
2909 2912
2910 2911
2911 2914
2912 2913
2913 2915
2914 2917
2915 2916
2915 2917
2915 2924
2916 2918
2916 2919
2916 2924
2917 2924
2918 2919
2918 3004
2919 2923
2919 2924
2920 2921
2920 2922
2920 3009
2921 2922
2921 3007
2922 3007
2923 2924
2923 3005
2924 3005
2925 2926
2925 2927
2925 2928
2925 2933
2925 2934
2926 2927
2926 2928
2926 2931
2926 2947
2926 2996
2927 2996
2928 2929
2928 2931
2928 2933
2928 2935
2929 2930
2929 2931
2929 2932
2929 2935
2929 2936
2930 2931
2930 2932
2930 2945
2930 2946
2931 2945
2931 2947
2932 2936
2933 2934
2933 2935
2933 2937
2933 2942
2934 2937
2934 2938
2935 2936
2935 2939
2935 2942
2936 2939
2937 2938
2937 2942
2937 2943
2937 2944
2938 2944
2939 2940
2939 2941
2939 2942
2940 2941
2940 2942
2940 2943
2942 2943
2943 2944
2945 2946
2945 2947
2947 2996
2948 2949
2948 2950
2948 2951
2948 2952
2948 2961
2948 2962
2949 2950
2949 2951
2949 2956
2950 2952
2950 2953
2950 2954
2950 2956
2951 2962
2952 2953
2952 2960
2952 2961
2952 2967
2952 2993
2953 2954
2953 2955
2953 2993
2953 2995
2954 2955
2954 2956
2954 2957
2954 2958
2955 2958
2955 2959
2955 2994
2955 2995
2956 2957
2957 2958
2958 2959
2958 2999
2958 3003
2959 2994
2959 2999
2960 2961
2960 2965
2960 2966
2960 2967
2961 2962
2961 2963
2961 2965
2962 2963
2962 2964
2963 2964
2963 2965
2965 2966
2965 2976
2966 2967
2966 2968
2966 2976
2967 2968
2967 2969
2967 2993
2968 2969
2968 2970
2968 2976
2968 2977
2969 2970
2969 2971
2969 2990
2969 2993
2970 2971
2970 2972
2970 2973
2970 2977
2970 2978
2971 2973
2971 2981
2971 2982
2971 2990
2972 2973
2972 2974
2972 2975
2972 2978
2972 2979
2973 2975
2973 2981
2973 2983
2974 2975
2974 2979
2974 2980
2974 3011
2974 3012
2975 2983
2975 3011
2976 2977
2977 2978
2978 2979
2979 2980
2980 3012
2980 3013
2981 2982
2981 2983
2981 2984
2981 2985
2981 2989
2982 2989
2982 2990
2983 2984
2983 3011
2983 3014
2984 2985
2984 2986
2984 2987
2984 3014
2984 3015
2985 2986
2985 2988
2985 2989
2986 2987
2986 2988
2986 2997
2987 2997
2987 2998
2987 3015
2987 3016
2987 3017
2988 2989
2988 2991
2988 2992
2988 2997
2988 3002
2989 2990
2989 2991
2990 2991
2990 2993
2991 2992
2991 2993
2991 2995
2992 2994
2992 2995
2992 3001
2992 3002
2993 2995
2994 2995
2994 2999
2994 3000
2994 3001
2997 2998
2997 3002
2998 3017
2999 3000
2999 3003
3000 3001
3001 3002
3005 3006
3007 3008
3009 3010
3011 3012
3011 3014
3012 3013
3014 3015
3015 3016
3016 3017
