939351653011728551 3542 1900
0.268135 0.234042 0.371456
-0.268135 0.234042 0.371456
-0.268135 -0.245111 0.371456
0.268135 -0.245111 0.371456
-0.268135 0.234042 0.371456
0.268135 0.234042 0.371456
-0.268135 -0.245111 0.013124
-0.268135 0.234042 0.013124
0.268135 -0.245111 0.371456
0.268135 -0.245111 0.013124
0.268135 0.234042 0.371456
0.268135 0.234042 0.013124
-0.268135 0.234042 0.371456
-0.268135 -0.245111 0.013124
-0.268135 -0.245111 0.371456
-0.268135 0.234042 0.013124
-0.092430 -0.267452 0.310377
-0.089179 -0.267317 0.346080
-0.107380 -0.266196 0.310265
-0.089179 -0.267317 0.346080
-0.000000 -0.269086 0.362737
0.089179 -0.257283 0.346080
0.092430 -0.269086 0.347864
-0.101757 -0.269086 0.358317
-0.089179 -0.267317 0.346080
0.000000 0.245871 0.362407
-0.102049 0.245871 0.359019
0.000000 0.245871 0.362407
0.089179 0.239888 0.346080
0.097490 0.245871 0.360999
0.089179 0.239888 0.346080
0.089179 0.239888 0.346080
0.097490 0.245871 0.360999
-0.244312 -0.257768 0.302602
0.240678 -0.257768 0.302602
-0.244311 0.234539 0.302602
0.240678 0.234539 0.302602
-0.244312 -0.257768 0.302602
-0.248553 -0.257768 0.362196
-0.244311 0.234539 0.302602
-0.248300 0.253530 0.011756
0.244920 -0.257768 0.362196
0.249393 0.234539 0.362196
0.249393 0.234539 0.362196
0.240678 0.234539 0.302602
0.258628 0.256474 0.011756
0.258628 -0.262447 0.011756
-0.244312 -0.257768 0.302602
-0.265625 -0.254363 0.011756
0.258628 0.256474 0.011756
-0.248300 0.253530 0.011756
0.240678 0.234539 0.302602
-0.244311 0.234539 0.302602
0.240678 -0.257768 0.302602
0.258628 -0.262447 0.011756
0.249393 0.234539 0.362196
-0.244311 0.234539 0.302602
-0.244312 -0.257768 0.302602
-0.248553 -0.257768 0.362196
0.249393 0.234539 0.362196
-0.248553 -0.257768 0.362196
0.244920 -0.257768 0.362196
-0.253026 0.234539 0.362196
-0.107380 -0.252536 0.322047
-0.107380 -0.266196 0.310265
-0.101757 -0.269086 0.358317
-0.102049 -0.257283 0.359019
0.102049 -0.257283 0.359019
-0.000000 -0.257283 0.362737
-0.101757 -0.269086 0.358317
-0.102049 -0.257283 0.359019
0.092430 -0.269086 0.347864
0.107380 -0.268524 0.312827
-0.089179 -0.267317 0.346080
-0.107380 -0.266196 0.310265
-0.089179 -0.267317 0.346080
-0.101757 -0.269086 0.358317
0.102049 -0.257283 0.359019
0.089179 -0.257283 0.346080
-0.089179 -0.267317 0.346080
0.092430 -0.265833 0.312867
0.089179 -0.257283 0.346080
-0.102049 0.234068 0.359019
0.000000 0.245871 0.362407
-0.000000 0.234068 0.362407
0.097490 0.245871 0.360999
0.102049 0.234068 0.359019
-0.000000 0.234068 0.362407
0.097490 0.245871 0.360999
0.102049 0.234068 0.359019
0.089179 0.239888 0.346080
-0.089179 0.234068 0.346080
0.097490 0.245871 0.360999
0.000000 0.245871 0.362407
0.089179 0.239888 0.346080
0.107380 0.242766 0.308813
-0.102049 0.245871 0.359019
-0.107380 0.242704 0.306291
0.092430 0.237502 0.307278
0.089179 0.239888 0.346080
0.258628 -0.262447 0.011756
0.258628 0.256474 0.011756
0.197975 -0.254539 0.277783
0.208807 -0.252299 0.091728
-0.208807 -0.246250 0.266950
-0.208807 -0.252299 0.091728
-0.001817 -0.257768 0.302602
0.244920 -0.257768 0.362196
0.249393 0.234539 0.362196
0.240678 0.234539 0.302602
0.244920 -0.257768 0.362196
-0.248553 -0.257768 0.362196
-0.252755 -0.245730 0.089796
-0.239806 0.238186 0.089796
0.258628 -0.257377 0.092393
0.258628 0.256474 0.011756
0.249393 0.234539 0.362196
0.240678 -0.257768 0.302602
0.194101 -0.154112 0.361549
0.177143 -0.221295 0.361549
0.242093 -0.221295 0.371807
0.242093 -0.154112 0.361549
-0.265625 -0.254363 0.011756
-0.260270 -0.258697 0.092393
-0.265625 -0.254363 0.011756
0.258628 -0.262447 0.011756
-0.238384 -0.246250 0.301013
-0.252755 -0.245730 0.089796
0.246129 -0.244515 0.089796
0.238491 -0.246250 0.301013
-0.239806 0.238186 0.089796
-0.227535 0.246250 0.301013
0.159156 0.246250 0.219769
-0.159156 0.246250 0.219769
0.207953 0.240291 0.091728
0.159156 0.242322 0.087778
0.249496 -0.253786 0.310954
0.249496 -0.253786 0.348257
0.241604 0.216572 0.305514
0.243764 0.240632 0.089796
0.217930 -0.286571 0.310954
0.249496 -0.253786 0.348257
0.217930 -0.286571 0.310954
0.249496 -0.253786 0.348257
-0.238384 -0.246250 0.301013
0.000000 -0.216572 0.301559
0.261412 0.213797 0.348257
0.217930 0.202446 0.310954
0.217930 0.202446 0.310954
0.261412 0.213797 0.348257
0.261412 0.213797 0.348257
0.261412 0.213797 0.310954
-0.253026 0.234539 0.362196
0.249393 0.234539 0.362196
-0.001817 0.234539 0.302602
-0.244311 0.234539 0.302602
-0.244311 0.234539 0.302602
-0.244312 -0.257768 0.302602
0.249393 0.234539 0.362196
-0.248553 -0.257768 0.362196
0.244920 -0.257768 0.362196
-0.232915 -0.278123 0.310954
-0.232915 -0.245337 0.310954
-0.232915 -0.278123 0.310954
-0.264480 -0.245337 0.348257
-0.261919 0.222684 0.310954
-0.261919 0.222684 0.348257
-0.230354 0.255470 0.310954
-0.221564 0.222684 0.310954
-0.230354 0.255470 0.310954
-0.261919 0.222684 0.348257
-0.245726 -0.221295 0.371807
-0.180776 -0.171424 0.361549
-0.180776 -0.221295 0.361549
-0.180776 -0.171424 0.361549
-0.245726 0.221295 0.371807
-0.245726 0.154112 0.361549
0.242093 0.154112 0.371807
0.242093 0.221295 0.371807
0.242093 0.221295 0.371807
0.177143 0.171424 0.361549
-0.248300 0.253530 0.011756
-0.265625 -0.254363 0.011756
-0.260270 -0.258697 0.092393
-0.265625 -0.254363 0.011756
-0.248018 0.250311 0.092393
-0.248300 0.253530 0.011756
0.258628 0.256474 0.011756
-0.248018 0.250311 0.092393
0.258628 -0.257377 0.092393
-0.265625 -0.254363 0.011756
-0.253026 0.234539 0.362196
0.258628 0.258869 0.092393
-0.252755 -0.245730 0.089796
-0.107380 -0.205650 0.321110
-0.107380 -0.205650 0.307278
-0.107380 -0.229321 0.322047
-0.107380 -0.242980 0.310265
0.107380 -0.205650 0.307278
0.107380 -0.245308 0.312827
-0.107380 -0.229321 0.322047
-0.107380 -0.245871 0.350195
-0.102049 -0.234068 0.359019
-0.000000 -0.245871 0.362737
-0.000000 -0.234068 0.362737
0.092430 -0.205650 0.307278
0.107380 -0.205650 0.307278
0.107380 -0.245308 0.312827
0.092430 -0.245871 0.347864
0.092430 -0.242618 0.312867
-0.107380 -0.205650 0.307278
-0.092430 -0.244237 0.310377
-0.092430 -0.244237 0.310377
-0.107380 -0.205650 0.321110
-0.092430 -0.244237 0.310377
-0.107380 -0.242980 0.310265
-0.107380 -0.242980 0.310265
-0.107380 -0.245871 0.350195
0.092430 -0.245871 0.347864
0.089179 -0.234068 0.346080
-0.092430 -0.244237 0.310377
-0.107380 -0.229321 0.322047
-0.089179 -0.244102 0.346080
-0.102049 -0.234068 0.359019
-0.000000 -0.234068 0.362737
-0.000000 -0.245871 0.348524
-0.089179 -0.244102 0.346080
-0.089179 -0.244102 0.346080
0.102049 -0.234068 0.359019
-0.000000 -0.245871 0.362737
-0.000000 -0.245871 0.348524
-0.094946 -0.245871 0.364350
-0.107380 -0.245871 0.350195
-0.094946 -0.245871 0.364350
-0.089179 -0.244102 0.346080
0.092430 -0.242618 0.312867
0.092430 -0.245871 0.347864
-0.089179 0.234068 0.346080
-0.107380 0.229321 0.306291
0.107380 0.205650 0.307278
0.092430 0.205650 0.321110
0.107380 0.205650 0.307278
0.107380 0.229321 0.322047
0.107380 0.242766 0.308813
0.107380 0.229321 0.322047
-0.102049 0.234068 0.359019
-0.000000 0.245871 0.362407
-0.000000 0.234068 0.362407
-0.000000 0.245871 0.362407
-0.000000 0.234068 0.362407
0.092430 0.205650 0.321110
0.107380 0.229321 0.322047
0.107380 0.242766 0.308813
0.107380 0.205650 0.307278
0.102049 0.234068 0.359019
-0.092430 0.240491 0.307278
-0.107380 0.229321 0.306291
-0.092430 0.242766 0.317731
-0.089179 0.234068 0.346080
-0.000000 0.234068 0.362407
-0.000000 0.234068 0.347389
0.089179 0.239888 0.346080
0.092430 0.237502 0.307278
0.089179 0.239888 0.346080
0.107380 0.242766 0.308813
0.102049 0.234068 0.359019
0.089179 0.239888 0.346080
-0.000000 0.234068 0.347389
0.089180 0.245871 0.364350
-0.000000 0.245871 0.362407
0.089179 0.239888 0.346080
0.107380 0.242766 0.308813
-0.102049 0.245871 0.359019
-0.092430 0.240491 0.307278
-0.089179 0.234068 0.346080
0.107380 0.242766 0.308813
0.089179 0.239888 0.346080
0.239600 -0.250000 0.091024
0.267686 -0.231234 0.013124
0.270000 -0.219600 0.091024
0.171252 -0.134782 0.058197
0.171252 -0.071218 0.058197
0.267513 -0.130883 0.015028
0.167883 -0.132683 0.019025
0.267513 -0.130883 0.015028
0.167883 -0.132683 0.019025
0.167883 -0.073317 0.019025
0.267278 -0.084116 0.041796
0.131211 -0.236400 0.015024
0.152454 -0.242400 0.047624
0.206940 -0.237450 0.024181
0.206940 -0.228534 0.035361
0.206940 -0.223150 0.024181
0.151768 -0.232066 0.019887
0.151768 -0.237450 0.031068
0.171252 -0.071218 0.058197
0.270000 -0.071218 0.058197
0.270000 -0.136757 0.013372
0.171252 -0.136757 0.013372
0.171252 -0.071218 0.058197
0.171252 -0.134782 0.058197
0.171252 -0.136757 0.013372
0.171252 -0.069243 0.013372
0.267278 -0.084116 0.041796
0.267278 -0.121884 0.041796
0.226495 -0.084949 0.042185
0.270553 -0.084949 0.042185
0.264473 -0.121051 0.041377
0.270553 -0.084949 0.042185
0.270000 -0.219600 0.091024
0.267686 -0.231234 0.013124
0.270000 -0.136757 0.013372
0.270000 -0.134782 0.058197
0.270000 -0.069243 0.013372
0.270000 -0.136757 0.013372
0.267686 -0.231234 0.013124
0.270000 -0.000000 0.013124
0.152454 -0.187500 0.015024
0.131211 -0.236400 0.015024
0.152454 -0.187500 0.015024
0.152454 -0.242400 0.047624
0.209073 -0.185227 0.013124
0.209073 -0.250000 0.013124
0.193569 -0.250000 0.043310
0.209073 -0.185227 0.013124
0.226495 -0.084949 0.052589
0.226495 -0.084949 0.042185
0.270000 -0.219600 0.091024
0.251517 -0.231817 0.301559
0.265950 -0.195208 0.091124
0.254699 -0.234999 0.089796
0.251517 -0.231817 0.301559
-0.227535 -0.246250 0.089796
-0.254699 -0.234999 0.089796
0.227535 0.246250 0.089796
0.263026 0.222536 0.089796
0.265950 0.207835 0.297059
-0.227535 0.246250 0.089796
-0.254699 0.234999 0.297059
-0.265950 0.207835 0.089796
-0.261472 0.207394 0.301559
0.159156 -0.254539 0.219769
0.159156 -0.246034 0.095245
-0.208807 -0.254539 0.266950
-0.208807 -0.254539 0.100667
0.000000 -0.241772 0.301559
0.192886 0.216838 0.313717
0.253487 0.181826 0.346461
0.192886 0.239539 0.346461
0.192886 -0.239539 0.346461
0.192886 -0.239539 0.346461
0.192886 -0.239539 0.313717
0.192886 -0.212684 0.346461
0.253487 -0.177672 0.346461
0.250052 -0.236031 0.346461
0.113402 -0.201419 0.357222
0.113402 -0.236068 0.362196
0.253487 -0.177672 0.346461
0.113402 -0.239539 0.316982
0.192886 -0.239539 0.346461
0.113402 -0.239539 0.316982
0.240678 -0.228748 0.302602
0.192886 -0.239539 0.313717
0.246246 -0.238627 0.313717
0.249393 0.230792 0.362196
0.192886 0.239539 0.346461
0.192886 0.239539 0.346461
0.107767 0.239539 0.310462
0.107767 0.239539 0.310462
0.192886 0.239539 0.313717
-0.001817 0.209687 0.308570
0.113402 0.209687 0.362196
0.107767 0.239539 0.310462
0.112705 0.209687 0.313439
0.113402 -0.201419 0.320190
-0.001817 -0.201419 0.348664
-0.001817 -0.201419 0.303405
0.113402 -0.201419 0.320190
-0.001817 -0.201419 0.348664
0.113402 -0.201419 0.357222
0.240678 -0.228748 0.302602
0.113402 -0.239539 0.316982
0.240678 0.228748 0.302602
-0.001817 0.238068 0.302602
-0.265950 -0.194213 0.149152
-0.265950 0.194213 0.149152
-0.265950 -0.194213 0.108531
0.265950 0.195208 0.107991
0.265950 -0.195208 0.091124
-0.265950 -0.194213 0.108531
-0.231536 -0.184791 0.113639
-0.265950 0.194213 0.149152
-0.231536 0.184791 0.144044
0.265950 -0.195208 0.091124
0.227903 -0.184791 0.113639
0.265950 0.195208 0.149692
0.227903 0.184791 0.144044
-0.231536 0.184791 0.144044
-0.231536 0.184791 0.113639
-0.231536 -0.184791 0.144044
-0.231536 -0.184791 0.113639
0.227903 0.184791 0.144044
0.227903 0.184791 0.113639
0.265950 -0.195208 0.091124
0.227903 -0.184791 0.113639
0.227903 0.184791 0.144044
0.227903 0.184791 0.113639
-0.265950 -0.194213 0.149152
-0.265950 -0.194213 0.108531
-0.265950 0.194213 0.149152
-0.265950 0.207835 0.089796
0.270000 -0.000000 0.013124
0.229700 -0.000000 0.091024
0.270000 -0.000000 0.091024
0.237890 -0.013288 0.368784
0.239446 0.007864 0.369442
0.253487 -0.177672 0.313717
0.253487 0.181826 0.346461
0.253487 0.181826 0.313717
0.240678 0.228748 0.302602
0.240678 -0.228748 0.302602
0.265950 -0.195208 0.149692
0.265950 0.195208 0.149692
0.260329 -0.083578 0.103002
0.260329 -0.083578 0.152044
0.260329 0.083578 0.152044
0.242093 -0.221295 0.359811
0.242093 -0.154112 0.349552
0.000000 -0.250000 0.046913
-0.239600 -0.250000 0.091024
-0.270000 -0.000000 0.013124
-0.171252 -0.136757 0.013372
0.000000 -0.250000 0.046913
0.239600 -0.250000 0.091024
-0.239600 -0.250000 0.091024
-0.267686 -0.231234 0.013124
-0.270000 -0.071218 0.058197
-0.171252 -0.071218 0.058197
-0.270000 -0.069243 0.013372
-0.270000 -0.071218 0.058197
-0.270000 -0.136757 0.013372
-0.171252 -0.136757 0.013372
-0.171252 -0.071218 0.058197
-0.171252 -0.134782 0.058197
-0.209073 -0.250000 0.013124
-0.193569 -0.250000 0.043310
-0.270000 -0.136757 0.013372
-0.267686 -0.231234 0.013124
-0.270000 -0.000000 0.091024
-0.267686 -0.231234 0.013124
-0.270000 -0.136757 0.013372
-0.270000 -0.069243 0.013372
-0.209073 -0.250000 0.013124
-0.193146 -0.221342 0.044133
-0.193569 -0.250000 0.043310
-0.193146 -0.221342 0.044133
-0.193569 -0.250000 0.043310
-0.193146 -0.221342 0.044133
-0.232521 -0.212521 0.091024
-0.270000 -0.000000 0.013124
-0.229700 -0.000000 0.091024
0.169973 -0.216550 0.351624
0.139589 -0.216550 0.358204
0.253487 -0.177672 0.313717
0.192886 -0.239539 0.313717
0.246246 -0.238627 0.313717
0.192886 -0.239539 0.346461
0.192886 -0.212684 0.346461
0.253487 0.181826 0.346461
0.249393 0.230792 0.362196
0.240678 0.228748 0.302602
0.192886 0.239539 0.313717
0.236654 -0.222510 0.348663
0.114349 -0.195726 0.348663
0.114349 -0.195726 0.348663
0.114349 0.197774 0.348663
0.113402 0.209687 0.362196
0.114349 0.197774 0.348663
-0.001817 -0.201419 0.348664
0.114349 -0.195726 0.348663
0.113402 -0.201419 0.320190
0.113402 -0.239539 0.316982
0.113402 -0.201419 0.357222
0.113402 -0.239539 0.316982
0.113402 0.236068 0.362196
0.107767 0.239539 0.310462
0.000000 -0.246250 0.089796
0.000000 -0.246250 0.089796
0.208807 0.254539 0.100667
0.159156 0.254539 0.219769
0.197975 0.254539 0.277783
-0.159156 0.254539 0.219769
-0.208807 0.254140 0.087778
-0.159156 0.254140 0.087778
-0.152454 -0.187500 0.015024
-0.131211 -0.187500 0.015024
-0.151768 -0.232066 0.019887
-0.206940 -0.237450 0.024181
-0.206940 -0.228534 0.035361
-0.151768 -0.237450 0.031068
-0.131211 -0.187500 0.015024
-0.131211 -0.236400 0.015024
-0.152454 -0.187500 0.015024
-0.131211 -0.242400 0.047624
0.217930 -0.202446 0.348257
0.217930 -0.229137 0.339974
0.217930 -0.235231 0.310954
0.246495 -0.234353 0.310954
0.217930 -0.235231 0.310954
0.242757 -0.215440 0.339974
-0.261472 0.207394 0.301559
-0.227094 -0.241772 0.301559
0.000000 -0.216572 0.301559
0.233348 -0.213648 0.301559
0.000000 -0.216572 0.301559
0.233348 -0.213648 0.301559
0.224672 0.216572 0.301559
0.227094 0.241772 0.301559
0.251517 0.231817 0.301559
-0.224672 0.216572 0.301559
-0.227535 0.246250 0.297059
-0.224672 0.216572 0.301559
-0.227535 0.246250 0.297059
-0.254699 0.234999 0.297059
-0.267513 -0.132694 0.013372
-0.167883 -0.132683 0.019025
-0.167883 -0.132683 0.019025
-0.267513 -0.128654 0.044360
-0.167883 -0.073317 0.019025
-0.267513 -0.075117 0.015028
-0.227103 -0.123629 0.039823
-0.267513 -0.128654 0.044360
-0.267513 -0.132694 0.013372
-0.267513 -0.128654 0.044360
-0.264473 -0.121051 0.042286
-0.270553 -0.084949 0.042185
-0.226495 -0.084949 0.052589
-0.270553 -0.084949 0.042185
-0.226495 -0.084949 0.052589
-0.226495 -0.084949 0.042185
0.242757 0.215440 0.319236
0.217930 0.235231 0.310954
0.249496 0.202446 0.310954
0.217930 0.202446 0.310954
0.217930 0.202446 0.310954
0.249496 0.202446 0.348257
0.217930 0.235231 0.310954
0.217930 0.235231 0.348257
0.217930 0.229137 0.339974
0.217930 0.202446 0.348257
0.217930 0.229137 0.339974
0.217930 0.235231 0.310954
0.246495 0.234353 0.348257
0.229060 0.229137 0.339974
0.217930 0.202446 0.348257
0.249496 0.202446 0.348257
0.242757 0.215440 0.319236
0.249496 0.202446 0.310954
0.249496 0.228675 0.310954
0.246495 0.234353 0.348257
0.246495 0.234353 0.348257
0.242757 0.215440 0.319236
0.217930 0.235231 0.310954
-0.260329 -0.083578 0.103002
-0.260329 -0.083578 0.152044
-0.260329 0.083578 0.103002
-0.229310 -0.092883 0.144483
-0.257121 0.181826 0.313717
-0.257121 0.181826 0.346461
-0.196520 0.239539 0.346461
-0.196520 0.239539 0.313717
-0.257121 -0.177672 0.313717
-0.251234 -0.233529 0.362196
-0.196520 -0.239539 0.346461
-0.196520 -0.239539 0.313717
-0.117035 -0.201419 0.357222
-0.251234 -0.233529 0.362196
-0.132926 0.219846 0.348663
-0.117035 0.209687 0.348664
-0.253026 0.230792 0.362196
-0.132926 0.219846 0.348663
-0.117035 -0.236068 0.362196
-0.196520 -0.239539 0.346461
-0.117035 -0.239539 0.316982
-0.196520 -0.239539 0.313717
-0.196520 -0.239539 0.313717
-0.254871 -0.231572 0.302602
-0.196520 0.239539 0.346461
-0.253026 0.230792 0.362196
-0.196520 0.239539 0.346461
-0.111400 0.239539 0.310462
-0.244311 0.228748 0.302602
-0.196520 0.239539 0.313717
-0.001817 0.209687 0.308570
-0.117035 0.209687 0.348664
-0.111400 0.209687 0.314344
-0.001817 0.209687 0.308570
-0.001817 0.238068 0.302602
-0.111400 0.209687 0.314344
-0.001817 -0.201419 0.348664
-0.001817 -0.201419 0.303405
-0.001817 -0.201419 0.303405
-0.117035 -0.201419 0.315499
-0.001817 -0.201419 0.348664
-0.117983 -0.188315 0.348663
-0.244311 0.228748 0.302602
-0.111400 0.239539 0.310462
-0.257121 -0.177672 0.313717
-0.257121 -0.177672 0.346461
-0.257121 0.181826 0.346461
-0.253026 0.230792 0.362196
-0.244311 0.228748 0.302602
-0.257121 -0.177672 0.313717
-0.254871 -0.231572 0.302602
-0.196520 -0.239539 0.346461
-0.230815 -0.177672 0.346461
-0.257121 0.181826 0.346461
-0.253026 0.230792 0.362196
-0.257121 0.181826 0.313717
-0.244311 0.228748 0.302602
-0.117983 -0.188315 0.348663
-0.117035 0.209687 0.348664
-0.001817 0.209687 0.348664
-0.117983 -0.188315 0.348663
-0.117983 -0.188315 0.348663
-0.117035 -0.201419 0.357222
-0.117035 -0.236068 0.362196
-0.117035 -0.201419 0.315499
-0.111400 0.239539 0.310462
-0.117035 0.209687 0.348664
-0.111400 0.239539 0.310462
-0.117035 0.236068 0.362196
-0.244641 -0.235231 0.339974
-0.250129 -0.234353 0.310954
-0.244641 -0.235231 0.339974
-0.221564 -0.235231 0.348257
-0.221564 -0.235231 0.348257
-0.221564 -0.202446 0.348257
-0.250129 -0.234353 0.310954
-0.244641 -0.235231 0.339974
-0.244641 -0.235231 0.339974
-0.221564 -0.235231 0.310954
-0.244641 -0.235231 0.339974
-0.221564 -0.235231 0.310954
-0.246391 0.215440 0.339974
-0.250129 0.234353 0.310954
-0.246391 0.215440 0.339974
-0.232693 0.229137 0.319236
-0.221564 0.202446 0.310954
-0.232693 0.229137 0.319236
-0.253129 0.202446 0.310954
-0.253129 0.202446 0.310954
-0.245726 -0.221295 0.359811
-0.180776 -0.221295 0.349552
-0.173606 -0.216550 0.361594
-0.173606 -0.183950 0.351624
-0.245726 0.221295 0.359811
-0.245726 0.154112 0.359811
-0.173606 0.216550 0.351624
-0.173606 0.183950 0.351624
-0.143222 0.216550 0.358204
-0.136326 0.183950 0.366304
0.194101 0.154112 0.349552
0.242093 0.154112 0.359811
0.132692 0.210550 0.366304
0.132692 0.183950 0.366304
0.209073 0.250000 0.013124
0.267686 0.231234 0.013124
0.270000 0.219600 0.091024
0.270000 0.071218 0.058197
0.171252 0.071218 0.058197
0.267513 0.075117 0.015028
0.267513 0.130883 0.015028
0.267513 0.130883 0.015028
0.267278 0.121884 0.041796
0.267278 0.084116 0.041796
0.267513 0.075117 0.015028
0.152454 0.187500 0.015024
0.131211 0.187500 0.015024
0.206940 0.228534 0.035361
0.151768 0.237450 0.024181
0.151768 0.228534 0.035361
0.151768 0.223150 0.024181
0.206940 0.223150 0.024181
0.171252 0.069243 0.013372
0.171252 0.071218 0.058197
0.270000 0.134782 0.058197
0.171252 0.134782 0.058197
0.171252 0.071218 0.058197
0.171252 0.069243 0.013372
0.267513 0.075117 0.015028
0.267278 0.084116 0.041796
0.226495 0.121051 0.042185
0.264473 0.121051 0.044125
0.226495 0.084949 0.042185
0.270553 0.084949 0.042185
0.264473 0.121051 0.044125
0.270553 0.084949 0.042185
0.193569 0.250000 0.043310
0.270000 0.219600 0.091024
0.270000 0.071218 0.058197
0.270000 -0.000000 0.091024
0.270000 0.069243 0.013372
0.171252 0.136757 0.013372
0.267686 0.231234 0.013124
0.270000 0.136757 0.013372
0.209073 0.185227 0.013124
0.209073 0.250000 0.013124
0.131211 0.187500 0.015024
0.131211 0.236400 0.015024
0.131211 0.236400 0.015024
0.131211 0.242400 0.047624
0.193146 0.221342 0.044133
0.193569 0.250000 0.043310
0.193146 0.221342 0.044133
-0.000000 0.250000 0.046913
-0.000000 0.250000 0.046913
0.193146 0.221342 0.044133
0.226495 0.084949 0.052589
0.270553 0.084949 0.042185
0.232521 0.212521 0.091024
0.229700 -0.000000 0.091024
-0.000000 0.250000 0.046913
-0.270000 -0.000000 0.013124
-0.232521 0.212521 0.091024
-0.239600 0.250000 0.091024
-0.239600 0.250000 0.091024
-0.267686 0.231234 0.013124
-0.270000 0.219600 0.091024
-0.171252 0.134782 0.058197
-0.171252 0.071218 0.058197
-0.171252 0.069243 0.013372
-0.270000 0.069243 0.013372
-0.270000 0.136757 0.013372
-0.270000 0.134782 0.058197
-0.171252 0.071218 0.058197
-0.171252 0.134782 0.058197
-0.193569 0.250000 0.043310
-0.270000 0.219600 0.091024
-0.267686 0.231234 0.013124
-0.270000 0.136757 0.013372
-0.270000 0.134782 0.058197
-0.270000 -0.000000 0.091024
-0.270000 0.069243 0.013372
-0.209073 0.185227 0.013124
-0.209073 0.250000 0.013124
-0.193569 0.250000 0.043310
-0.000000 0.250000 0.046913
-0.239600 0.250000 0.091024
-0.232521 0.212521 0.091024
-0.270000 -0.000000 0.013124
-0.229700 -0.000000 0.091024
-0.270000 -0.000000 0.091024
-0.206940 0.235248 0.033829
-0.151768 0.237450 0.024181
-0.151768 0.228534 0.035361
-0.151768 0.223150 0.024181
-0.151768 0.228534 0.035361
-0.131211 0.242400 0.047624
-0.131211 0.187500 0.015024
-0.131211 0.187500 0.015024
-0.131211 0.236400 0.015024
-0.267513 0.073317 0.013519
-0.167883 0.073317 0.019025
-0.267513 0.073317 0.013519
-0.167883 0.073317 0.019025
-0.267513 0.130340 0.040431
-0.267513 0.132171 0.013372
-0.267513 0.079281 0.040431
-0.267513 0.130340 0.040431
-0.227103 0.123629 0.039823
-0.267513 0.126539 0.056250
-0.267513 0.079281 0.040431
-0.267513 0.130340 0.040431
-0.226495 0.121051 0.042185
-0.264473 0.121051 0.041162
-0.270553 0.084949 0.042185
-0.264473 0.121051 0.041162
-0.270553 0.084949 0.042185
-0.226495 0.084949 0.042185
0.114349 -0.195726 0.348663
-0.001817 0.209687 0.348664
-0.001817 0.209687 0.348664
-0.117983 -0.188315 0.348663
-0.132926 0.219846 0.348663
-0.117983 -0.188315 0.348663
-0.242682 0.219410 0.348663
-0.244073 -0.222592 0.348663
-0.253026 0.230792 0.362196
-0.242682 0.219410 0.348663
-0.242682 0.219410 0.348663
-0.244073 -0.222592 0.348663
-0.244073 -0.222592 0.348663
-0.251234 -0.233529 0.362196
0.247601 -0.233529 0.362196
0.249393 0.230792 0.362196
0.240323 0.203007 0.348664
0.236654 -0.222510 0.348663
0.240323 0.203007 0.348664
0.249393 0.230792 0.362196
0.113402 -0.201419 0.320190
-0.001817 -0.201419 0.303405
0.113402 -0.239539 0.316982
0.113402 -0.201419 0.320190
-0.117035 -0.201419 0.315499
-0.117035 -0.201419 0.357222
-0.117035 -0.236068 0.362196
-0.117035 -0.201419 0.357222
-0.001817 0.238068 0.302602
0.107767 0.239539 0.310462
-0.001817 0.209687 0.308570
-0.001817 0.238068 0.302602
-0.001817 0.209687 0.308570
0.113402 0.209687 0.362196
-0.208807 -0.254539 0.100667
-0.208807 -0.246034 0.095245
-0.208807 -0.252299 0.091728
-0.208807 -0.246250 0.100667
-0.208807 -0.254539 0.100667
0.159156 -0.254539 0.100667
0.208807 -0.252299 0.091728
0.159156 -0.252299 0.091728
0.208807 -0.246034 0.095245
0.208807 -0.246250 0.100667
-0.197975 -0.246250 0.277783
-0.208807 -0.246250 0.266950
-0.208807 -0.254539 0.266950
-0.197975 -0.254539 0.277783
-0.208807 -0.254539 0.266950
0.197975 -0.254539 0.277783
0.208807 -0.254539 0.266950
0.208807 -0.254539 0.266950
0.208807 -0.246250 0.266950
-0.148324 -0.254539 0.230602
-0.159156 -0.254539 0.219769
0.159156 -0.254539 0.219769
0.148324 -0.254539 0.230602
-0.208807 -0.246250 0.266950
-0.208807 -0.254539 0.266950
-0.159156 -0.246034 0.095245
-0.159156 -0.246250 0.100667
0.159156 -0.254539 0.100667
0.159156 -0.246034 0.095245
0.159156 -0.252299 0.091728
0.159156 -0.246250 0.100667
-0.208807 0.254539 0.100667
-0.208807 0.246250 0.100667
-0.159156 0.254539 0.100667
-0.159156 0.252298 0.091728
0.159156 0.254539 0.100667
0.208807 0.252299 0.091728
0.159156 0.252299 0.091728
0.208807 0.246034 0.095245
0.208807 0.246250 0.100667
-0.197975 0.254539 0.277783
-0.208807 0.246250 0.266950
-0.197975 0.246250 0.277783
-0.159156 0.254539 0.219769
-0.148324 0.254539 0.230602
0.197975 0.254539 0.277783
0.159156 0.254539 0.219769
0.208807 0.254539 0.266950
0.208807 0.254539 0.266950
0.208807 0.246250 0.266950
-0.159156 0.246250 0.219769
-0.159156 0.254539 0.219769
0.159156 0.246250 0.219769
0.159156 0.254539 0.219769
-0.208807 0.254539 0.266950
-0.208807 0.246250 0.266950
-0.159156 0.254539 0.100667
-0.159156 0.246034 0.095245
-0.159156 0.252298 0.091728
-0.159156 0.246250 0.100667
0.159156 0.254539 0.100667
0.159156 0.246250 0.100667
0.159156 0.254539 0.219769
0.159156 0.246250 0.219769
0.239600 -0.250000 0.091024
0.267686 -0.231234 0.013124
0.270000 -0.219600 0.091024
0.171252 -0.134782 0.058197
0.171252 -0.071218 0.058197
0.267513 -0.126539 0.013372
0.267513 -0.131701 0.015028
0.267513 -0.126539 0.056250
0.171252 -0.136757 0.013372
0.167883 -0.130883 0.054595
0.267513 -0.079461 0.056250
0.167883 -0.075117 0.054595
0.267513 -0.131701 0.015028
0.267278 -0.084116 0.041796
0.267513 -0.079461 0.056250
0.267278 -0.084116 0.041796
0.267278 -0.121884 0.041796
0.227103 -0.123629 0.056250
0.267513 -0.126539 0.056250
0.131211 -0.236400 0.015024
0.152454 -0.187500 0.015024
0.131211 -0.187500 0.015024
0.206940 -0.237450 0.024181
0.206940 -0.228534 0.035361
0.206940 -0.223150 0.024181
0.151768 -0.232066 0.019887
0.171252 -0.071218 0.058197
0.270000 -0.071218 0.058197
0.270000 -0.136757 0.013372
0.171252 -0.136757 0.013372
0.270000 -0.134782 0.058197
0.171252 -0.134782 0.058197
0.267513 -0.131701 0.015028
0.267278 -0.084116 0.041796
0.267278 -0.121884 0.041796
0.267513 -0.074299 0.015028
0.267278 -0.084116 0.041796
0.267513 -0.126539 0.056250
0.260554 -0.084949 0.052589
0.270553 -0.084949 0.042185
0.209073 -0.250000 0.013124
0.193569 -0.250000 0.043310
0.267686 -0.231234 0.013124
0.270000 -0.136757 0.013372
0.270000 -0.071218 0.058197
0.270000 -0.069243 0.013372
0.171252 -0.136757 0.013372
0.270000 -0.000000 0.013124
0.270000 -0.069243 0.013372
0.171252 -0.069243 0.013372
0.251234 -0.247686 0.013124
0.209073 -0.250000 0.013124
0.131211 -0.187500 0.015024
0.131211 -0.242400 0.047624
0.152454 -0.187500 0.015024
0.152454 -0.242400 0.021024
0.209073 -0.185227 0.013124
0.193146 -0.221342 0.044133
0.193146 -0.221342 0.044133
0.000000 -0.224580 0.046913
0.209073 -0.185227 0.013124
0.193569 -0.250000 0.043310
0.267513 -0.126539 0.056250
0.227103 -0.123629 0.056250
0.239600 -0.250000 0.091024
0.261096 -0.241096 0.091024
0.232521 -0.212521 0.091024
0.251517 -0.231817 0.301559
0.265950 -0.207835 0.297059
0.227535 -0.246250 0.297059
-0.254699 -0.234999 0.089796
-0.265950 -0.207835 0.297059
-0.254699 -0.234999 0.297059
-0.227535 -0.246250 0.089796
-0.227094 -0.241772 0.301559
0.251517 0.231817 0.301559
0.265950 0.207835 0.297059
-0.227535 0.246250 0.089796
-0.254699 0.234999 0.297059
-0.265950 0.207835 0.089796
-0.261472 0.207394 0.301559
-0.261472 0.207394 0.301559
-0.251517 -0.231817 0.301559
0.000000 -0.241772 0.301559
0.251517 -0.231817 0.301559
0.258868 -0.220814 0.301559
0.253487 0.181826 0.313717
0.253487 0.181826 0.346461
0.227182 0.181826 0.346461
0.246246 0.238627 0.346461
0.249393 0.230792 0.362196
0.241757 0.239539 0.358262
0.192886 0.239539 0.346461
0.192886 0.239539 0.313717
0.253487 -0.227563 0.313717
0.246246 -0.238627 0.313717
0.249323 -0.235748 0.302602
0.253487 -0.177672 0.346461
0.227182 -0.177672 0.346461
0.247601 -0.233529 0.362196
0.250052 -0.236031 0.346461
0.241757 0.239539 0.313717
0.249323 0.235583 0.302602
0.241757 0.239539 0.358262
0.249393 0.230792 0.362196
0.192886 -0.239539 0.346461
0.241757 -0.239539 0.358262
0.192886 -0.212684 0.313717
0.192886 -0.212684 0.346461
0.247601 -0.233529 0.362196
0.241757 -0.239539 0.358262
0.238614 -0.221832 0.362196
0.113402 -0.236068 0.362196
0.129293 -0.219846 0.352190
0.129293 -0.198175 0.352190
0.114349 -0.182919 0.352190
0.114349 0.187074 0.352190
0.129293 0.202329 0.352190
0.107767 0.203296 0.362196
0.113402 0.236068 0.362196
0.113402 0.236068 0.362196
0.236668 0.219846 0.348137
0.236668 0.219846 0.348137
0.253487 0.181826 0.313717
0.107767 -0.239539 0.310462
0.107767 -0.239539 0.310462
0.192886 -0.239539 0.313717
0.249323 -0.235748 0.302602
0.192886 -0.239539 0.313717
0.192886 0.239539 0.346461
0.192886 0.239539 0.313717
0.107767 0.239539 0.310462
0.249323 0.235583 0.302602
-0.001817 0.216079 0.314344
0.113402 0.219056 0.320190
-0.001817 0.236521 0.308095
-0.001817 0.216079 0.314344
0.107767 0.239539 0.310462
0.107767 -0.199142 0.362196
-0.001817 -0.239539 0.310462
0.107767 -0.239539 0.310462
0.249323 -0.235748 0.302602
0.107767 -0.239539 0.310462
-0.001817 -0.234649 0.302602
-0.001817 -0.239539 0.310462
0.249323 0.235583 0.302602
0.107767 0.239539 0.310462
-0.001817 -0.199142 0.362196
-0.265950 0.194213 0.149152
-0.265950 0.194213 0.108531
0.265950 0.195208 0.107991
-0.265950 0.194213 0.108531
-0.231536 0.184791 0.113639
-0.265950 -0.194213 0.149152
-0.231536 -0.184791 0.144044
0.265950 -0.195208 0.107991
0.265950 0.195208 0.107991
0.265950 0.195208 0.149692
0.265950 -0.195208 0.149692
0.227903 0.184791 0.144044
0.227903 -0.184791 0.144044
-0.231536 0.184791 0.113639
-0.231536 -0.184791 0.113639
0.227903 -0.184791 0.113639
0.227903 0.184791 0.113639
0.265950 -0.195208 0.149692
0.227903 -0.184791 0.144044
0.265950 0.195208 0.149692
0.265950 0.195208 0.107991
-0.265950 -0.194213 0.149152
-0.231536 -0.184791 0.144044
-0.265950 -0.194213 0.108531
-0.231536 -0.184791 0.113639
-0.231536 0.184791 0.144044
-0.231536 0.184791 0.113639
0.229700 -0.000000 0.091024
0.253487 -0.227563 0.358262
0.247601 -0.233529 0.362196
0.238614 -0.221832 0.362196
0.236668 0.219846 0.348137
0.238614 -0.221832 0.362196
0.249323 0.235583 0.302602
0.253487 -0.177672 0.313717
0.265950 -0.195208 0.149692
0.265950 0.195208 0.149692
0.260813 -0.185800 0.150089
0.245773 -0.170332 0.109965
0.245773 -0.170332 0.147156
0.260813 -0.174199 0.107342
0.260813 -0.174199 0.150089
0.229310 0.092883 0.112663
0.229310 0.092883 0.144483
0.260329 -0.083578 0.103002
0.229310 -0.092883 0.144483
0.229310 -0.092883 0.112663
0.237091 -0.225103 0.318875
0.230401 -0.216714 0.318875
0.237091 -0.216713 0.340173
0.237091 -0.225103 0.340173
0.228912 -0.223236 0.318875
0.177143 -0.221295 0.349552
0.177143 -0.221295 0.359811
0.177143 -0.197306 0.359811
0.177143 -0.171424 0.349552
0.218212 -0.154112 0.359811
0.194101 -0.154112 0.349552
0.218212 -0.197306 0.354966
0.177143 -0.197306 0.359811
0.218212 -0.197306 0.354966
0.218212 -0.154112 0.359811
0.194101 -0.154112 0.349552
0.177143 -0.171424 0.349552
0.249496 -0.226743 0.339974
0.241007 -0.235231 0.339974
0.243495 -0.235231 0.348257
0.249496 -0.226743 0.339974
0.249496 -0.226743 0.319236
-0.239600 -0.250000 0.091024
-0.270000 -0.000000 0.013124
-0.209073 -0.185227 0.013124
-0.209073 -0.185227 0.013124
0.000000 -0.250000 0.046913
0.239600 -0.250000 0.091024
-0.239600 -0.250000 0.091024
-0.251234 -0.247686 0.013124
-0.267686 -0.231234 0.013124
-0.270000 -0.134782 0.058197
-0.270000 -0.071218 0.058197
-0.270000 -0.069243 0.013372
-0.171252 -0.069243 0.013372
-0.270000 -0.071218 0.058197
-0.171252 -0.071218 0.058197
-0.270000 -0.134782 0.058197
-0.171252 -0.134782 0.058197
-0.270000 -0.219600 0.091024
-0.270000 -0.134782 0.058197
-0.270000 -0.071218 0.058197
-0.270000 -0.000000 0.091024
-0.267686 -0.231234 0.013124
-0.270000 -0.136757 0.013372
-0.270000 -0.069243 0.013372
-0.209073 -0.250000 0.013124
-0.209073 -0.185227 0.013124
-0.193146 -0.221342 0.044133
-0.209073 -0.250000 0.013124
-0.193569 -0.250000 0.043310
-0.193569 -0.250000 0.043310
-0.232521 -0.212521 0.091024
-0.229700 -0.000000 0.091024
0.000000 -0.250000 0.046913
0.097975 -0.224934 0.361968
0.102049 -0.236277 0.360308
0.102638 -0.224215 0.355672
-0.107380 -0.220373 0.322047
0.107380 -0.197625 0.321110
0.107380 -0.197625 0.307278
-0.106171 -0.236277 0.355020
-0.093579 -0.236277 0.365639
-0.102945 -0.223966 0.355043
0.089180 -0.236277 0.364080
-0.000000 -0.236277 0.364350
-0.000000 -0.236277 0.364350
0.092430 -0.232336 0.310265
0.107380 -0.197625 0.307278
0.107380 -0.220373 0.322047
0.107380 -0.197625 0.321110
0.107380 -0.233293 0.310389
-0.092430 -0.197625 0.307278
-0.092430 -0.232336 0.310265
-0.107380 -0.197625 0.307278
-0.107380 -0.232336 0.310265
-0.092430 -0.197625 0.321110
-0.092430 -0.220373 0.322047
-0.107380 -0.220373 0.322047
-0.000000 -0.236277 0.350661
-0.091086 -0.236277 0.349861
-0.089179 -0.224934 0.346080
0.086481 -0.236277 0.350661
0.089179 -0.224934 0.346080
-0.000000 -0.224934 0.349331
-0.102945 -0.223966 0.355043
-0.097293 -0.224934 0.361968
-0.000000 -0.224934 0.363047
0.097975 -0.224934 0.361968
0.092430 -0.220373 0.322047
0.102049 -0.236277 0.360308
-0.000000 -0.236277 0.364350
-0.093579 -0.236277 0.365639
0.132692 -0.183950 0.366304
0.169973 -0.183950 0.366304
0.165038 -0.220766 0.361636
0.163076 -0.193223 0.358204
0.133509 -0.216550 0.352029
0.132692 -0.183950 0.366304
0.133509 -0.216550 0.352029
0.165038 -0.220766 0.361636
0.133387 -0.184420 0.352116
0.132692 -0.183950 0.366304
0.165038 -0.220766 0.361636
0.163076 -0.193223 0.358204
0.133509 -0.216550 0.352029
0.133387 -0.184420 0.352116
0.165038 -0.220766 0.361636
0.169973 -0.216550 0.351624
-0.092430 -0.220373 0.322047
-0.092430 -0.197625 0.321110
-0.092430 -0.197625 0.307278
-0.092430 -0.232336 0.310265
0.092430 -0.220373 0.322047
0.092430 -0.197625 0.307278
0.092430 -0.197625 0.321110
0.246246 -0.238627 0.313717
0.253487 -0.227563 0.313717
0.250052 -0.236031 0.346461
0.192886 -0.239539 0.346461
0.192886 -0.212684 0.346461
0.227182 -0.177672 0.346461
0.227182 0.181826 0.346461
0.192886 0.216838 0.346461
0.253487 0.181826 0.313717
0.252595 0.232146 0.313717
0.241757 0.239539 0.313717
0.192886 0.239539 0.313717
0.236668 0.219846 0.348137
0.129293 0.202329 0.352190
0.129293 0.219846 0.352190
-0.001817 -0.182919 0.352190
0.114349 -0.182919 0.352190
0.107767 -0.239539 0.310462
0.107767 -0.199142 0.362196
0.113402 0.236068 0.362196
0.107767 0.239539 0.310462
0.107767 0.203296 0.362196
0.107767 0.239539 0.310462
0.260813 -0.148170 0.150089
0.260813 -0.148170 0.107342
0.245773 -0.152037 0.109965
0.245773 -0.132702 0.147156
0.260813 -0.136569 0.150089
0.260813 -0.110540 0.150089
0.260813 -0.110540 0.107342
0.245773 -0.114407 0.109965
0.260813 0.185800 0.150089
0.260813 0.185800 0.107342
0.245773 0.189667 0.147156
0.245773 0.170332 0.147156
0.260813 0.174199 0.107342
0.245773 0.170332 0.109965
0.260813 0.148170 0.150089
0.260813 0.148170 0.107342
0.245773 0.152037 0.147156
0.245773 0.132702 0.147156
0.260813 0.136569 0.107342
0.245773 0.132702 0.109965
0.260813 0.110540 0.150089
0.245773 0.114407 0.147156
0.245773 0.114407 0.109965
0.245773 0.095072 0.147156
0.245773 0.095072 0.109965
0.000000 -0.241772 0.301559
0.000000 -0.246250 0.089796
-0.131211 -0.236400 0.015024
-0.131211 -0.242400 0.047624
-0.152454 -0.242400 0.047624
-0.152454 -0.187500 0.015024
-0.131211 -0.187500 0.015024
-0.151768 -0.232066 0.019887
-0.206940 -0.237450 0.024181
-0.206940 -0.228534 0.035361
-0.151768 -0.237450 0.031068
-0.131211 -0.187500 0.015024
-0.131211 -0.236400 0.015024
-0.152454 -0.187500 0.015024
-0.152454 -0.223700 0.047624
-0.152454 -0.242400 0.047624
-0.152454 -0.236400 0.015024
0.242757 -0.202446 0.339974
0.217930 -0.202446 0.348257
0.242757 -0.202446 0.319236
0.217930 -0.202446 0.310954
0.242757 -0.202446 0.319236
0.242757 -0.202446 0.339974
0.217930 -0.202446 0.348257
0.217930 -0.229137 0.339974
0.229060 -0.229137 0.339974
0.229060 -0.229138 0.319236
0.217930 -0.229137 0.339974
0.217930 -0.229138 0.319236
0.249496 -0.226743 0.339974
0.241007 -0.235231 0.339974
0.229060 -0.229138 0.319236
0.241007 -0.235231 0.319236
0.217930 -0.202446 0.348257
0.217930 -0.229137 0.339974
0.242757 -0.215440 0.319236
0.249496 -0.202446 0.310954
0.249496 -0.202446 0.348257
0.242757 -0.215440 0.339974
0.241007 -0.235231 0.319236
0.229060 -0.229138 0.319236
0.217930 -0.235231 0.348257
0.229060 -0.229137 0.339974
0.241007 -0.235231 0.339974
0.217930 -0.202446 0.310954
0.242757 -0.202446 0.319236
-0.224672 0.216572 0.301559
-0.261472 0.207394 0.301559
-0.233348 -0.213648 0.301559
-0.233348 -0.213648 0.301559
-0.251517 -0.231817 0.301559
0.251517 -0.231817 0.301559
0.233348 -0.213648 0.301559
0.000000 -0.241772 0.301559
0.000000 -0.216572 0.301559
0.233348 -0.213648 0.301559
0.224672 0.216572 0.301559
0.227094 0.241772 0.301559
-0.227535 0.246250 0.297059
-0.254699 0.234999 0.297059
-0.224672 0.216572 0.301559
-0.254699 0.234999 0.297059
-0.267513 -0.079461 0.013372
-0.171252 -0.069243 0.013372
-0.267513 -0.126539 0.013372
-0.171252 -0.069243 0.013372
-0.267513 -0.132683 0.019025
-0.267513 -0.126539 0.056250
-0.167883 -0.075117 0.054595
-0.171252 -0.069243 0.013372
-0.267513 -0.073317 0.050598
-0.267513 -0.075117 0.015028
-0.167883 -0.075117 0.054595
-0.267513 -0.079461 0.056250
-0.267513 -0.075117 0.015028
-0.267513 -0.079461 0.013372
-0.267513 -0.086641 0.040431
-0.267513 -0.123629 0.044360
-0.267513 -0.126539 0.056250
-0.267513 -0.123629 0.044360
-0.267513 -0.079461 0.056250
-0.267513 -0.086641 0.040431
-0.267513 -0.126539 0.013372
-0.267513 -0.132683 0.019025
-0.267513 -0.079461 0.013372
-0.267513 -0.086641 0.040431
-0.267513 -0.079461 0.056250
-0.267513 -0.073317 0.050598
-0.267513 -0.126539 0.056250
-0.267513 -0.123629 0.044360
-0.260554 -0.121051 0.052589
-0.270553 -0.121051 0.042185
-0.227103 -0.123629 0.056250
-0.267513 -0.126539 0.056250
-0.107380 0.233293 0.310496
-0.107380 0.220373 0.322047
-0.103928 0.236277 0.360308
-0.107380 0.197625 0.321110
-0.107380 0.197625 0.307278
0.107380 0.220373 0.322047
0.102630 0.224222 0.355730
-0.096712 0.224934 0.361968
-0.102641 0.224213 0.355655
0.096905 0.224934 0.361968
0.103928 0.236277 0.360308
0.102630 0.224222 0.355730
0.107380 0.233293 0.310786
-0.000000 0.236277 0.364350
-0.000000 0.224934 0.364350
0.107380 0.197625 0.307278
0.092430 0.197625 0.307278
0.092430 0.220373 0.322047
0.107380 0.220373 0.322047
0.102630 0.224222 0.355730
0.096905 0.224934 0.361968
-0.092430 0.197625 0.307278
-0.092430 0.197625 0.321110
-0.092430 0.220373 0.322047
-0.093543 0.233293 0.310496
0.092430 0.236277 0.343569
0.089179 0.224934 0.346080
0.085594 0.236277 0.351616
-0.000000 0.236277 0.351616
-0.000000 0.224934 0.349331
-0.089179 0.224934 0.346080
-0.089179 0.224934 0.346080
-0.102641 0.224213 0.355655
-0.096712 0.224934 0.361968
0.090822 0.236277 0.365639
-0.000000 0.236277 0.364350
-0.000000 0.236277 0.351616
-0.092223 0.236277 0.352084
-0.092430 0.220373 0.322047
-0.092430 0.197625 0.321110
-0.092430 0.197625 0.307278
0.092430 0.197625 0.307278
0.092430 0.233193 0.310265
0.237091 0.216713 0.318875
0.239110 0.220908 0.340173
0.232552 0.226138 0.340173
0.237091 0.225103 0.318875
0.230401 0.216713 0.340173
0.249496 0.226743 0.339974
0.241007 0.235231 0.339974
0.249496 0.226743 0.319236
0.241007 0.235231 0.319236
0.242757 0.202446 0.339974
0.242757 0.202446 0.319236
0.242757 0.215440 0.319236
0.242757 0.202446 0.319236
0.229060 0.229137 0.339974
0.229060 0.229137 0.319236
0.217930 0.235231 0.348257
0.217930 0.235231 0.310954
0.229060 0.229137 0.319236
0.217930 0.235231 0.348257
0.217930 0.235231 0.310954
0.217930 0.202446 0.310954
0.217930 0.229137 0.339974
0.217930 0.229137 0.319236
0.242757 0.215440 0.339974
0.241007 0.235231 0.339974
0.229060 0.229137 0.339974
0.242757 0.215440 0.319236
0.217930 0.202446 0.348257
0.242757 0.202446 0.339974
0.229060 0.229137 0.339974
0.242757 0.215440 0.339974
0.242757 0.215440 0.319236
0.249496 0.228675 0.310954
0.249496 0.226743 0.319236
0.242757 0.215440 0.339974
0.246495 0.234353 0.348257
0.249496 0.226743 0.339974
0.217930 0.235231 0.348257
0.217930 0.202446 0.310954
0.242757 0.202446 0.319236
0.217930 0.229137 0.319236
0.229060 0.229137 0.319236
-0.260813 -0.185800 0.150089
-0.245773 -0.189667 0.147156
-0.245773 -0.189667 0.109965
-0.245773 -0.170332 0.147156
-0.245773 -0.170332 0.109965
-0.260329 -0.083578 0.103002
-0.260329 0.083578 0.103002
-0.260329 0.083578 0.152044
-0.229310 0.092883 0.144483
-0.229310 0.092883 0.112663
-0.229310 -0.092883 0.112663
-0.260813 -0.148170 0.150089
-0.245773 -0.152037 0.147156
-0.245773 -0.152037 0.109965
-0.245773 -0.132702 0.147156
-0.260813 -0.110540 0.150089
-0.245773 -0.114407 0.147156
-0.245773 -0.114407 0.109965
-0.245773 -0.095072 0.147156
-0.260813 0.185800 0.150089
-0.260813 0.185800 0.107341
-0.245773 0.170332 0.147156
-0.260813 0.174199 0.107341
-0.260813 0.174199 0.150089
-0.260813 0.148170 0.150089
-0.260813 0.148170 0.107341
-0.260813 0.136569 0.107342
-0.260813 0.136569 0.150089
-0.260813 0.110540 0.150089
-0.260813 0.110540 0.107342
-0.260813 0.098939 0.107342
-0.260813 0.098939 0.150089
-0.257121 0.181826 0.346461
-0.230815 0.181826 0.346461
-0.257121 0.181826 0.346461
-0.253026 0.230792 0.362196
-0.249879 0.238627 0.346461
-0.245390 0.239539 0.358262
-0.196520 0.239539 0.313717
-0.196520 0.216838 0.313717
-0.257121 -0.227563 0.313717
-0.252956 -0.235748 0.302602
-0.249879 -0.238627 0.313717
-0.257121 -0.177672 0.346461
-0.230815 -0.177672 0.346461
-0.245390 0.239539 0.313717
-0.252956 0.235583 0.302602
-0.253026 0.230792 0.362196
-0.117035 0.236068 0.362196
-0.253685 -0.236031 0.346461
-0.245390 -0.239539 0.358262
-0.196520 -0.239539 0.346461
-0.196520 -0.212684 0.346461
-0.251234 -0.233529 0.362196
-0.245390 -0.239539 0.358262
-0.251234 -0.233529 0.362196
-0.117035 -0.239539 0.316982
-0.111400 -0.239539 0.310462
-0.117035 -0.236068 0.362196
-0.240302 -0.219846 0.347887
-0.132926 -0.219846 0.352190
-0.132926 -0.198175 0.352190
-0.111400 -0.199142 0.362196
-0.117983 -0.182919 0.352190
-0.111400 0.203296 0.362196
-0.132926 0.219846 0.352190
-0.117035 0.236068 0.362196
-0.240302 0.219846 0.347887
-0.137129 0.219846 0.352022
-0.136808 0.219846 0.352034
-0.136488 0.219846 0.352047
-0.257121 -0.177672 0.346461
-0.253685 -0.236031 0.346461
-0.196520 -0.239539 0.313717
-0.111400 -0.239539 0.310462
-0.196520 -0.239539 0.313717
-0.117035 0.236068 0.362196
-0.196520 0.239539 0.346461
-0.196520 0.239539 0.313717
-0.111400 0.239539 0.310462
-0.111400 0.239539 0.310462
-0.196520 0.239539 0.313717
-0.196520 0.239539 0.313717
-0.111400 0.239539 0.310462
-0.001817 0.216079 0.314344
-0.111400 0.216079 0.314344
-0.111400 0.239539 0.310462
-0.111400 -0.211924 0.314344
-0.001817 -0.211924 0.314344
-0.001817 -0.239539 0.310462
-0.001817 -0.199142 0.362196
-0.001817 -0.182919 0.352190
-0.111400 -0.199142 0.362196
-0.117983 -0.182919 0.352190
-0.252956 -0.235748 0.302602
-0.111400 -0.239539 0.310462
-0.001817 -0.234649 0.302602
-0.001817 -0.239539 0.310462
-0.111400 0.239539 0.310462
-0.001817 0.244041 0.302602
-0.251234 -0.233529 0.362196
-0.242247 0.221832 0.362196
-0.240302 -0.219846 0.347887
-0.240302 0.219846 0.347887
-0.257121 0.181826 0.313717
-0.252956 0.235583 0.302602
-0.196520 -0.239539 0.313717
-0.196520 -0.212684 0.313717
-0.249879 -0.238627 0.313717
-0.257121 -0.227563 0.313717
-0.196520 -0.239539 0.346461
-0.196520 -0.212684 0.346461
-0.230815 -0.177672 0.346461
-0.257121 -0.177672 0.346461
-0.249879 0.238627 0.346461
-0.196520 0.239539 0.346461
-0.257121 0.181826 0.313717
-0.256228 0.232146 0.313717
-0.245390 0.239539 0.313717
-0.117983 -0.182919 0.352190
-0.117983 0.187074 0.352190
-0.132926 -0.198175 0.352190
-0.240302 0.219846 0.347887
-0.136488 0.219846 0.352047
-0.132926 0.219846 0.352190
-0.001817 0.187074 0.352190
-0.240302 -0.219846 0.347887
-0.117035 -0.236068 0.362196
-0.117035 -0.239539 0.316982
-0.111400 0.216079 0.314344
-0.111400 0.239539 0.310462
-0.111400 0.203296 0.362196
-0.111400 0.239539 0.310462
-0.232545 -0.223236 0.318875
-0.234034 -0.216713 0.340173
-0.240724 -0.216713 0.340173
-0.240724 -0.225103 0.318875
-0.236185 -0.226139 0.340173
-0.240724 -0.225103 0.318875
-0.253129 -0.226743 0.339974
-0.253129 -0.226743 0.319236
-0.247128 -0.235231 0.348257
-0.253129 -0.226743 0.339974
-0.250129 -0.234353 0.310954
-0.253129 -0.202446 0.348257
-0.253129 -0.202446 0.310954
-0.221564 -0.202446 0.310954
-0.246391 -0.202446 0.319236
-0.246391 -0.202446 0.339974
-0.232693 -0.229137 0.339974
-0.221564 -0.235231 0.348257
-0.232693 -0.229138 0.319236
-0.244641 -0.235231 0.319236
-0.221564 -0.229137 0.339974
-0.221564 -0.202446 0.348257
-0.232693 -0.229137 0.339974
-0.221564 -0.229137 0.339974
-0.232693 -0.229138 0.319236
-0.221564 -0.229138 0.319236
-0.244641 -0.235231 0.339974
-0.253129 -0.226743 0.339974
-0.246391 -0.215440 0.319236
-0.253129 -0.226743 0.319236
-0.221564 -0.229137 0.339974
-0.232693 -0.229137 0.339974
-0.246391 -0.215440 0.319236
-0.253129 -0.202446 0.348257
-0.246391 -0.215440 0.339974
-0.221564 -0.235231 0.310954
-0.244641 -0.235231 0.319236
-0.221564 -0.202446 0.310954
-0.221564 -0.229138 0.319236
-0.246391 -0.215440 0.319236
-0.232693 -0.229138 0.319236
-0.234034 0.216713 0.318875
-0.232545 0.223236 0.340173
-0.242744 0.220908 0.318875
-0.234034 0.216713 0.318875
-0.240724 0.225103 0.340173
-0.253129 0.226743 0.339974
-0.253129 0.226743 0.319236
-0.244641 0.235231 0.339974
-0.244641 0.235231 0.319236
-0.250129 0.234353 0.348257
-0.250129 0.234353 0.310954
-0.253129 0.226743 0.339974
-0.253129 0.202446 0.348257
-0.253129 0.202446 0.310954
-0.221564 0.202446 0.310954
-0.246391 0.215440 0.319236
-0.246391 0.202446 0.319236
-0.221564 0.235231 0.348257
-0.221564 0.235231 0.310954
-0.221564 0.202446 0.310954
-0.232693 0.229137 0.319236
-0.221564 0.229137 0.319236
-0.246391 0.215440 0.339974
-0.232693 0.229137 0.339974
-0.246391 0.215440 0.319236
-0.232693 0.229137 0.319236
-0.221564 0.202446 0.348257
-0.246391 0.202446 0.339974
-0.221564 0.229137 0.339974
-0.232693 0.229137 0.339974
-0.246391 0.215440 0.319236
-0.253129 0.226743 0.319236
-0.246391 0.215440 0.339974
-0.221564 0.235231 0.310954
-0.244641 0.235231 0.319236
-0.232693 0.229137 0.319236
-0.221564 0.235231 0.348257
-0.232693 0.229137 0.339974
-0.244641 0.235231 0.339974
-0.221564 0.229137 0.319236
-0.232693 0.229137 0.319236
-0.180776 -0.221295 0.349552
-0.180776 -0.171424 0.349552
-0.245726 -0.154112 0.349552
-0.245726 -0.154112 0.359811
-0.221846 -0.154112 0.359811
-0.197734 -0.154112 0.349552
-0.221846 -0.197306 0.354966
-0.180776 -0.197306 0.359811
-0.221846 -0.197306 0.354966
-0.221846 -0.154112 0.359811
-0.180776 -0.171424 0.349552
-0.180776 -0.197306 0.359811
-0.136326 -0.183950 0.366304
-0.173606 -0.183950 0.366304
-0.143222 -0.216550 0.358204
-0.143222 -0.193223 0.358204
-0.173606 -0.216550 0.351624
-0.173606 -0.216550 0.361594
-0.173606 -0.183950 0.351624
-0.137020 -0.184420 0.352116
-0.143222 -0.216550 0.358204
-0.143222 -0.193223 0.358204
-0.166709 -0.193223 0.358204
-0.173606 -0.216550 0.361594
-0.136326 -0.183950 0.366304
-0.143222 -0.216550 0.358204
-0.173606 -0.216550 0.351624
-0.173606 -0.216550 0.361594
-0.180776 0.221295 0.349552
-0.180776 0.171424 0.349552
-0.245726 0.154112 0.349552
-0.197734 0.154112 0.349552
-0.245726 0.221295 0.359811
-0.180776 0.221295 0.359811
-0.180776 0.197306 0.359810
-0.221846 0.197306 0.354966
-0.180776 0.171424 0.349552
-0.180776 0.197306 0.359810
-0.173606 0.183950 0.366304
-0.166709 0.193223 0.358204
-0.142843 0.190291 0.359591
-0.137198 0.216550 0.351727
-0.170484 0.210550 0.356446
-0.173606 0.183950 0.351624
-0.173606 0.183950 0.366304
-0.170484 0.210550 0.356446
-0.173606 0.183950 0.366304
-0.137198 0.216550 0.351727
-0.137020 0.184420 0.352116
-0.173606 0.183950 0.351624
-0.173606 0.216550 0.351624
0.177143 0.221295 0.349552
0.177143 0.197306 0.359810
0.177143 0.221295 0.359811
0.177143 0.171424 0.349552
0.242093 0.154112 0.359811
0.218212 0.154112 0.359811
0.177143 0.221295 0.359811
0.177143 0.197306 0.359810
0.242093 0.154112 0.359811
0.218212 0.154112 0.359811
0.194101 0.154112 0.349552
0.177143 0.171424 0.349552
0.139589 0.193223 0.358204
0.163076 0.193223 0.358204
0.169973 0.216550 0.361594
0.163076 0.193223 0.358204
0.169973 0.216550 0.351624
0.139589 0.216550 0.358204
0.169973 0.183950 0.351624
0.169973 0.183950 0.366304
0.139589 0.216550 0.358204
0.132692 0.183950 0.366304
0.163076 0.193223 0.358204
0.169973 0.183950 0.366304
0.139589 0.216550 0.358204
0.132692 0.183950 0.366304
0.169973 0.183950 0.351624
0.169973 0.183950 0.366304
0.239600 0.250000 0.091024
0.261096 0.241096 0.091024
0.251234 0.247686 0.013124
0.270000 0.134782 0.058197
0.171252 0.134782 0.058197
0.267513 0.079461 0.013372
0.267513 0.126539 0.013372
0.171252 0.136757 0.013372
0.171252 0.136757 0.013372
0.167883 0.130883 0.054595
0.171252 0.069243 0.013372
0.267513 0.073534 0.015028
0.267513 0.073534 0.015028
0.167883 0.130883 0.054595
0.267513 0.132683 0.050598
0.267513 0.079461 0.056250
0.267278 0.084116 0.041796
0.227103 0.082371 0.056250
0.267278 0.084116 0.041796
0.227103 0.123629 0.056250
0.267278 0.121884 0.041796
0.131211 0.236400 0.015024
0.131211 0.242400 0.047624
0.152454 0.187500 0.015024
0.131211 0.187500 0.015024
0.152454 0.236400 0.015024
0.206940 0.228534 0.035361
0.151768 0.237450 0.024181
0.151768 0.223150 0.024181
0.151768 0.223150 0.024181
0.206940 0.223150 0.024181
0.171252 0.069243 0.013372
0.171252 0.071218 0.058197
0.270000 0.134782 0.058197
0.171252 0.134782 0.058197
0.267278 0.121884 0.041796
0.267513 0.079461 0.013372
0.267278 0.084116 0.041796
0.267513 0.073534 0.015028
0.267278 0.084116 0.041796
0.267513 0.132466 0.015028
0.267513 0.132683 0.050598
0.260554 0.084949 0.052589
0.270553 0.084949 0.042185
0.260554 0.121051 0.052589
0.270553 0.121051 0.042185
0.209073 0.250000 0.013124
0.270000 0.219600 0.091024
0.270000 0.134782 0.058197
0.270000 0.071218 0.058197
0.270000 -0.000000 0.091024
0.270000 0.069243 0.013372
0.267686 0.231234 0.013124
0.171252 0.069243 0.013372
0.270000 0.069243 0.013372
0.251234 0.247686 0.013124
0.131211 0.187500 0.015024
0.131211 0.242400 0.047624
0.152454 0.187500 0.015024
0.152454 0.236400 0.015024
0.152454 0.223700 0.047624
0.152454 0.242400 0.047624
0.209073 0.185227 0.013124
0.209073 0.250000 0.013124
0.193146 0.221342 0.044133
0.209073 0.185227 0.013124
-0.000000 0.224580 0.046913
0.193569 0.250000 0.043310
0.193146 0.221342 0.044133
0.167883 0.075117 0.054595
0.267513 0.079461 0.056250
0.261096 0.241096 0.091024
0.270000 0.219600 0.091024
0.270000 -0.000000 0.013124
-0.000000 0.250000 0.046913
-0.171252 0.136757 0.013372
-0.000000 0.250000 0.046913
-0.232521 0.212521 0.091024
0.232521 0.212521 0.091024
-0.239600 0.250000 0.091024
0.239600 0.250000 0.091024
-0.261096 0.241096 0.091024
-0.270000 0.219600 0.091024
-0.270000 0.134782 0.058197
-0.270000 0.071218 0.058197
-0.171252 0.071218 0.058197
-0.270000 0.071218 0.058197
-0.270000 0.136757 0.013372
-0.171252 0.136757 0.013372
-0.270000 0.134782 0.058197
-0.171252 0.134782 0.058197
-0.193569 0.250000 0.043310
-0.267686 0.231234 0.013124
-0.270000 0.136757 0.013372
-0.270000 0.071218 0.058197
-0.270000 0.069243 0.013372
-0.270000 0.136757 0.013372
-0.267686 0.231234 0.013124
-0.251234 0.247686 0.013124
-0.209073 0.185227 0.013124
-0.193146 0.221342 0.044133
-0.000000 0.224580 0.046913
-0.239600 0.250000 0.091024
-0.261096 0.241096 0.091024
-0.232521 0.212521 0.091024
-0.229700 -0.000000 0.091024
-0.000000 0.250000 0.046913
-0.131211 0.236400 0.015024
-0.152454 0.242400 0.021024
-0.131211 0.242400 0.047624
-0.152454 0.187500 0.015024
-0.206940 0.235248 0.033829
-0.151768 0.237450 0.024181
-0.206940 0.232066 0.019887
-0.206940 0.223150 0.024181
-0.206940 0.223150 0.024181
-0.151768 0.223150 0.024181
-0.131211 0.242400 0.047624
-0.131211 0.236400 0.015024
-0.152454 0.223700 0.047624
-0.152454 0.242400 0.047624
-0.267513 0.079461 0.013372
-0.171252 0.069243 0.013372
-0.171252 0.136757 0.013372
-0.267513 0.130883 0.015028
-0.171252 0.136757 0.013372
-0.267513 0.073317 0.019025
-0.171252 0.069243 0.013372
-0.227103 0.082371 0.056250
-0.267513 0.086641 0.040431
-0.227103 0.082371 0.056250
-0.227103 0.123629 0.056250
-0.267513 0.086641 0.040431
-0.267513 0.119359 0.040431
-0.267513 0.119359 0.040431
-0.267513 0.130883 0.015028
-0.267513 0.126539 0.013372
-0.267513 0.086641 0.040431
-0.267513 0.119359 0.040431
-0.267513 0.073317 0.019025
-0.267513 0.086641 0.040431
-0.267513 0.126539 0.056250
-0.260554 0.084949 0.052589
-0.270553 0.084949 0.042185
-0.167883 0.130883 0.054595
-0.227103 0.123629 0.056250
-0.227103 0.082371 0.056250
-0.167883 0.075117 0.054595
0.267513 0.132466 0.015028
0.267513 0.126539 0.013372
0.267513 -0.074299 0.015028
0.267513 -0.079461 0.013372
-0.267513 -0.132683 0.019025
-0.267513 -0.126539 0.013372
0.114349 0.187074 0.352190
-0.001817 0.244041 0.302602
-0.111400 0.239539 0.310462
-0.239446 0.002464 0.355581
0.239446 0.002464 0.355581
0.239446 0.002464 0.355581
-0.239446 0.002464 0.355581
-0.239446 -0.002464 0.355581
0.239446 -0.002464 0.355581
-0.239446 0.007864 0.358484
0.239446 0.007864 0.358484
0.239446 -0.003808 0.358484
-0.239446 -0.002464 0.355581
-0.239446 -0.003808 0.358484
0.239446 -0.002464 0.355581
-0.239446 -0.007864 0.358484
0.239446 -0.007864 0.358484
-0.239446 0.012869 0.349416
0.239446 0.012869 0.349416
-0.166709 0.193223 0.358204
0.107380 -0.233293 0.310389
0.239446 0.002464 0.355581
0.239446 0.003808 0.358484
0.239446 0.002464 0.355581
0.239446 -0.002464 0.355581
-0.239446 0.003808 0.358484
0.239446 0.003808 0.358484
-0.239446 0.007864 0.358484
0.239446 -0.003808 0.358484
0.239446 -0.002464 0.355581
0.239446 -0.003808 0.358484
-0.239446 -0.007864 0.358484
0.239446 -0.007864 0.358484
-0.239446 0.012869 0.349416
-0.239446 -0.012869 0.349416
0.239446 -0.012869 0.349416
-0.208807 -0.246034 0.095245
-0.208807 -0.252299 0.091728
-0.159156 -0.252299 0.091728
-0.208807 -0.242322 0.087778
0.159156 -0.252299 0.091728
0.208807 -0.252299 0.091728
0.208807 -0.242322 0.087778
0.208807 -0.252299 0.091728
-0.208807 -0.246250 0.100667
-0.159156 -0.254539 0.100667
0.159156 -0.254539 0.100667
0.208807 -0.254539 0.100667
-0.197975 -0.246250 0.277783
-0.208807 -0.246250 0.266950
-0.208807 -0.254539 0.266950
-0.197975 -0.254539 0.277783
-0.208807 -0.254539 0.266950
0.197975 -0.254539 0.277783
0.208807 -0.254539 0.266950
0.208807 -0.254539 0.266950
0.208807 -0.246250 0.266950
-0.148324 -0.254539 0.230602
-0.148324 -0.246250 0.230602
-0.159156 -0.254539 0.219769
0.148324 -0.254539 0.230602
0.148324 -0.246250 0.230602
-0.208807 -0.246250 0.266950
0.159156 -0.242322 0.094228
0.159156 -0.242322 0.087778
0.159156 -0.252299 0.091728
-0.159156 -0.246034 0.095245
-0.159156 -0.246250 0.100667
-0.159156 -0.254539 0.219769
-0.159156 -0.246250 0.219769
0.159156 -0.254539 0.100667
0.159156 -0.246250 0.100667
0.159156 -0.246250 0.219769
-0.208807 0.246034 0.095245
-0.159156 0.242322 0.087778
-0.208807 0.242322 0.087778
-0.208807 0.252298 0.091728
-0.159156 0.252298 0.091728
0.208807 0.242322 0.087778
0.159156 0.252299 0.091728
0.208807 0.252299 0.091728
0.208807 0.242322 0.087778
0.208807 0.252299 0.091728
-0.208807 0.254539 0.100667
-0.208807 0.246250 0.100667
-0.159156 0.254539 0.100667
0.159156 0.254539 0.100667
0.208807 0.246250 0.100667
-0.197975 0.254539 0.277783
-0.197975 0.246250 0.277783
-0.159156 0.254539 0.219769
-0.148324 0.254539 0.230602
0.148324 0.254539 0.230602
0.197975 0.246250 0.277783
0.197975 0.254539 0.277783
0.208807 0.246250 0.266950
-0.148324 0.246250 0.230602
-0.159156 0.246250 0.219769
-0.159156 0.254539 0.219769
0.159156 0.246250 0.219769
0.148324 0.246250 0.230602
-0.208807 0.254539 0.266950
-0.208807 0.246250 0.266950
0.159156 0.242322 0.087778
0.159156 0.242322 0.094228
-0.159156 0.254539 0.100667
-0.159156 0.252298 0.091728
-0.159156 0.254539 0.219769
-0.159156 0.242322 0.087778
-0.159156 0.242322 0.094228
0.251234 -0.247686 0.013124
0.251234 -0.247686 0.091024
0.239600 -0.250000 0.013124
0.261096 -0.241096 0.091024
0.267686 -0.231234 0.091024
0.270000 -0.219600 0.013124
0.171252 -0.071218 0.058197
0.270000 -0.076170 0.060950
0.270000 -0.134782 0.058197
0.270000 -0.136833 0.051550
0.270000 -0.071218 0.058197
0.270000 -0.069167 0.051550
0.167883 -0.073317 0.019025
0.267513 -0.079461 0.013372
0.267513 -0.132683 0.050598
0.167883 -0.132683 0.019025
0.267513 -0.132683 0.019025
0.167883 -0.130883 0.054595
0.167883 -0.073317 0.019025
0.167883 -0.075117 0.054595
0.167883 -0.075117 0.054595
0.267513 -0.073317 0.050598
0.167883 -0.075117 0.054595
0.167883 -0.073317 0.019025
0.267513 -0.075117 0.015028
0.227103 -0.082371 0.039823
0.267513 -0.082371 0.044360
0.227103 -0.082371 0.056250
0.267513 -0.082371 0.056250
0.267278 -0.121884 0.041796
0.227103 -0.123629 0.039823
0.267513 -0.123629 0.056250
0.267513 -0.123629 0.044360
0.227103 -0.123629 0.039823
0.131211 -0.242400 0.021024
0.152454 -0.242400 0.021024
0.131211 -0.187500 0.015024
0.131211 -0.236400 0.015024
0.151768 -0.237450 0.024181
0.206940 -0.238236 0.027624
0.151768 -0.238236 0.027624
0.151768 -0.235248 0.021420
0.151768 -0.232066 0.019887
0.206940 -0.232066 0.019887
0.206940 -0.223150 0.024181
0.206940 -0.223150 0.024181
0.206940 -0.228534 0.035361
0.151768 -0.228534 0.035361
0.151768 -0.232066 0.035361
0.151768 -0.235248 0.033829
0.151768 -0.237450 0.031068
0.206940 -0.237450 0.031068
0.270000 -0.069243 0.013372
0.171252 -0.136757 0.013372
0.171252 -0.134782 0.058197
0.270000 -0.136757 0.013372
0.171252 -0.134782 0.058197
0.171252 -0.136757 0.013372
0.267278 -0.084116 0.041796
0.227103 -0.082371 0.039823
0.267278 -0.121884 0.041796
0.267513 -0.130883 0.015028
0.267513 -0.126539 0.013372
0.267513 -0.132683 0.019025
0.267513 -0.126539 0.013372
0.267278 -0.121884 0.041796
0.267513 -0.073317 0.019025
0.267513 -0.082371 0.044360
0.267513 -0.073317 0.050598
0.267513 -0.082371 0.056250
0.267513 -0.132683 0.050598
0.267513 -0.130883 0.054595
0.270553 -0.121051 0.042185
0.226495 -0.121051 0.042185
0.270553 -0.121051 0.042185
0.270553 -0.084949 0.042185
0.270553 -0.121051 0.046509
0.270553 -0.084949 0.046509
0.226495 -0.121051 0.052589
0.226495 -0.084949 0.052589
0.209073 -0.250000 0.013124
0.193569 -0.250000 0.043310
0.270000 -0.136757 0.013372
0.270000 -0.136833 0.051550
0.270000 -0.069243 0.013372
0.270000 -0.129830 0.060950
0.270000 -0.076170 0.060950
0.171252 -0.136757 0.013372
0.270000 -0.000000 0.013124
0.171252 -0.069243 0.013372
0.239600 -0.250000 0.013124
0.251234 -0.247686 0.013124
0.261096 -0.241096 0.013124
0.267686 -0.231234 0.013124
0.131211 -0.236400 0.015024
0.131211 -0.242400 0.021024
0.152454 -0.187500 0.015024
0.152454 -0.223700 0.047624
0.152454 -0.242400 0.021024
0.152454 -0.242400 0.047624
0.209073 -0.250000 0.013124
0.193569 -0.250000 0.043310
0.187218 -0.250000 0.046913
0.193146 -0.221342 0.044133
0.000000 -0.224580 0.046913
0.193146 -0.221342 0.044133
0.187218 -0.250000 0.046913
0.227103 -0.123629 0.056250
0.227103 -0.123629 0.039823
0.267513 -0.126539 0.056250
0.267513 -0.123629 0.056250
0.227103 -0.082371 0.056250
0.267513 -0.082371 0.056250
0.167883 -0.130883 0.054595
0.226495 -0.084949 0.042185
0.226495 -0.084949 0.052589
0.264473 -0.121051 0.052589
0.270553 -0.121051 0.046509
0.270553 -0.121051 0.042185
0.251234 -0.247686 0.091024
0.261096 -0.241096 0.091024
0.270000 -0.219600 0.091024
0.265950 -0.207835 0.297059
0.263026 -0.222536 0.297059
0.254699 -0.234999 0.297059
0.242236 -0.243326 0.297059
0.242236 -0.243326 0.089796
0.227535 -0.246250 0.089796
-0.265950 -0.207835 0.297059
-0.263026 -0.222536 0.297059
-0.254699 -0.234999 0.297059
-0.242236 -0.243326 0.297059
-0.227535 -0.246250 0.297059
0.263026 0.222536 0.089796
0.254699 0.234998 0.089796
0.242236 0.243326 0.089796
0.227535 0.246250 0.089796
-0.242236 0.243326 0.089796
-0.227535 0.246250 0.089796
-0.254699 0.234998 0.089796
-0.263026 0.222536 0.089796
-0.265950 0.207835 0.089796
-0.258868 0.220814 0.301559
-0.251517 0.231817 0.301559
-0.240514 0.239168 0.301559
-0.240514 -0.239168 0.301559
-0.227094 -0.241772 0.301559
0.240514 -0.239168 0.301559
0.251517 -0.231817 0.301559
0.261472 -0.207394 0.301559
0.261472 0.207394 0.301559
0.251517 0.231817 0.301559
0.240514 0.239168 0.301559
-0.227094 0.241772 0.301559
0.227182 0.181826 0.346461
0.253487 0.181826 0.346461
0.253487 0.181826 0.313717
0.227182 0.181826 0.313717
0.253487 0.181826 0.346461
0.252595 0.232146 0.358262
0.250052 0.236031 0.358262
0.246246 0.238627 0.358262
0.241757 0.239539 0.358262
0.113402 0.239539 0.316982
0.192886 0.216838 0.346461
0.192886 0.216838 0.313717
0.252595 -0.232146 0.313717
0.252595 -0.232146 0.304269
0.253487 -0.227563 0.313717
0.227182 -0.177672 0.313717
0.253487 -0.177672 0.346461
0.253487 -0.177672 0.313717
0.253487 -0.227563 0.346461
0.253487 0.227563 0.313717
0.252595 0.232146 0.313717
0.250088 0.227221 0.362196
0.253487 0.227563 0.358262
0.252595 0.232146 0.358262
0.249393 0.230792 0.362196
0.246246 0.238627 0.358262
0.241757 0.239539 0.358262
0.241422 0.236068 0.362196
0.241757 0.239539 0.313717
0.246246 0.238627 0.313717
0.113402 0.239539 0.358262
0.113402 0.236068 0.362196
0.250052 0.236031 0.313717
0.252047 -0.227418 0.302602
0.252047 0.227418 0.302602
0.250052 -0.236031 0.304269
0.246246 -0.238627 0.304269
0.241757 -0.239539 0.304269
0.241757 -0.239539 0.358262
0.192886 -0.239539 0.346461
0.192886 -0.239539 0.346461
0.192886 -0.239539 0.313717
0.246246 -0.238627 0.358262
0.250052 -0.236031 0.358262
0.253487 -0.227563 0.358262
0.250088 -0.227221 0.362196
0.245684 0.237241 0.302602
0.241615 0.238068 0.302602
0.245684 -0.237241 0.302602
0.249013 -0.234971 0.302602
0.241422 -0.236068 0.362196
0.113402 -0.236068 0.362196
0.113402 -0.239539 0.358262
0.244920 -0.235358 0.362196
0.247601 -0.233529 0.362196
0.107767 0.203296 0.362196
0.113402 0.209048 0.340296
0.113402 0.209048 0.362196
0.113402 0.219056 0.320190
0.113402 0.229618 0.316982
0.113402 0.239539 0.316982
0.107767 0.239539 0.310462
0.113402 -0.204894 0.340296
0.113402 -0.204894 0.362196
0.107767 -0.199142 0.362196
0.107767 -0.211924 0.314344
0.113402 -0.239539 0.358262
0.113402 -0.236068 0.362196
0.113402 -0.225464 0.316982
0.107767 -0.224707 0.310462
0.113402 -0.214902 0.320190
0.107767 -0.239539 0.310462
0.113402 -0.239539 0.316982
0.129293 -0.219846 0.359945
0.238614 -0.221832 0.362196
0.129293 -0.198175 0.359945
0.107767 -0.199142 0.362196
0.129293 0.202329 0.359945
0.129293 0.219846 0.359945
0.236668 0.219846 0.359945
0.238614 0.221832 0.362196
0.238614 -0.221832 0.362196
0.238614 0.221832 0.362196
0.236668 -0.219846 0.359945
0.129293 -0.219846 0.359945
0.129293 -0.198175 0.352190
0.129293 -0.198175 0.359945
0.114349 -0.182919 0.359945
0.114349 0.187074 0.352190
0.129293 0.202329 0.352190
0.129293 0.202329 0.359945
0.129293 0.219846 0.359945
0.129293 0.219846 0.352190
0.129293 0.219846 0.359945
0.253487 -0.177672 0.313717
0.253487 0.181826 0.313717
0.253487 -0.177672 0.346461
0.192886 -0.239539 0.313717
0.113402 0.239539 0.358262
0.113402 0.209048 0.362196
-0.001817 0.239539 0.304269
-0.001817 0.238068 0.302602
-0.001817 -0.239539 0.304269
-0.001817 0.203296 0.339438
-0.001817 0.203296 0.362196
-0.001817 0.239539 0.310462
-0.001817 0.228861 0.310462
-0.001817 -0.239539 0.310462
-0.001817 -0.224707 0.310462
-0.001817 -0.199142 0.362196
-0.001817 -0.182919 0.352190
-0.001817 -0.182919 0.359945
-0.001817 -0.199142 0.362196
-0.265950 0.194213 0.149152
-0.265950 0.194213 0.108531
0.265950 -0.195208 0.107991
-0.231536 -0.184791 0.113639
-0.265950 -0.194213 0.108531
-0.231536 -0.184791 0.144044
-0.265950 -0.194213 0.149152
0.227903 0.184791 0.113639
0.265950 -0.195208 0.107991
0.265950 0.195208 0.107991
0.227903 -0.184791 0.113639
0.265950 0.195208 0.149692
0.227903 0.184791 0.144044
-0.231536 -0.184791 0.113639
-0.231536 -0.184791 0.144044
0.227903 0.184791 0.113639
0.227903 0.184791 0.144044
0.227903 -0.184791 0.144044
0.227903 -0.184791 0.113639
0.227903 0.184791 0.113639
0.227903 0.184791 0.144044
-0.231536 -0.184791 0.113639
-0.265950 -0.194213 0.149152
-0.231536 -0.184791 0.144044
-0.265950 -0.194213 0.108531
-0.265950 0.194213 0.108531
-0.265950 0.194213 0.149152
0.270000 -0.000000 0.013124
0.270000 -0.000000 0.091024
0.236668 0.219846 0.359945
0.236668 0.219846 0.359945
0.236668 -0.219846 0.352190
0.236668 -0.219846 0.359945
0.236668 0.219846 0.352190
0.265950 -0.195208 0.149692
0.260813 -0.185800 0.107342
0.260813 -0.185800 0.150089
0.260813 -0.174199 0.150089
0.245773 -0.170332 0.147156
0.245773 -0.170332 0.109965
0.251025 0.092883 0.152044
0.251025 0.092883 0.103002
0.251025 -0.092883 0.152044
0.251025 -0.092883 0.103002
0.260329 0.083578 0.152044
0.260329 -0.083578 0.152044
0.260329 0.083578 0.103002
0.230401 -0.216713 0.340173
0.230401 -0.216714 0.318875
0.228912 -0.223236 0.340173
0.228912 -0.223236 0.318875
0.237091 -0.216713 0.340173
0.237091 -0.216714 0.318875
0.230401 -0.216713 0.340173
0.239111 -0.220908 0.340173
0.239111 -0.220908 0.318875
0.237091 -0.225103 0.340173
0.237091 -0.225103 0.318875
0.232552 -0.226139 0.318875
0.177143 -0.171424 0.354966
0.177143 -0.171424 0.349552
0.218212 -0.197306 0.359811
0.218212 -0.197306 0.354966
0.218212 -0.154112 0.359811
0.218212 -0.197306 0.354966
0.218212 -0.197306 0.359811
0.218212 -0.154112 0.354966
0.177143 -0.197306 0.354966
0.177143 -0.171424 0.354966
0.194101 -0.154112 0.349552
0.194101 -0.154112 0.354966
0.242093 -0.154112 0.359811
0.218212 -0.154112 0.359811
0.177143 -0.221295 0.359811
0.242093 -0.221295 0.359811
0.242093 -0.154112 0.359811
0.218212 -0.154112 0.354966
0.194101 -0.154112 0.354966
0.241007 -0.235231 0.319236
0.241007 -0.235231 0.339974
0.249496 -0.228675 0.310954
0.249496 -0.228675 0.348257
0.248692 -0.231953 0.310954
0.246495 -0.234353 0.310954
0.246495 -0.234353 0.348257
0.243495 -0.235231 0.310954
-0.171252 -0.069243 0.013372
-0.270000 -0.000000 0.013124
-0.171252 -0.136757 0.013372
-0.209073 -0.185227 0.013124
-0.232521 -0.212521 0.091024
-0.239600 -0.250000 0.091024
-0.251234 -0.247686 0.091024
-0.261096 -0.241096 0.091024
-0.267686 -0.231234 0.091024
-0.267686 -0.231234 0.013124
-0.270000 -0.219600 0.013124
-0.171252 -0.134782 0.058197
-0.171252 -0.071218 0.058197
-0.270000 -0.076170 0.060950
-0.270000 -0.134782 0.058197
-0.270000 -0.129830 0.060950
-0.171252 -0.134782 0.058197
-0.270000 -0.071218 0.058197
-0.270000 -0.069167 0.051550
-0.171252 -0.071218 0.058197
-0.171252 -0.069243 0.013372
-0.171252 -0.071218 0.058197
-0.171252 -0.071218 0.058197
-0.171252 -0.069243 0.013372
-0.193569 -0.250000 0.043310
-0.187218 -0.250000 0.046913
-0.270000 -0.069167 0.051550
-0.270000 -0.069243 0.013372
-0.270000 -0.219600 0.013124
-0.270000 -0.136757 0.013372
-0.239600 -0.250000 0.013124
-0.209073 -0.250000 0.013124
-0.251234 -0.247686 0.013124
-0.209073 -0.250000 0.013124
-0.209073 -0.185227 0.013124
-0.193569 -0.250000 0.043310
-0.193146 -0.221342 0.044133
-0.193146 -0.221342 0.044133
0.000000 -0.224580 0.046913
-0.193146 -0.221342 0.044133
-0.239600 -0.250000 0.091024
-0.232521 -0.212521 0.091024
-0.251234 -0.247686 0.091024
-0.261096 -0.241096 0.091024
-0.270000 -0.000000 0.013124
-0.229700 -0.000000 0.091024
-0.270000 -0.000000 0.091024
0.107380 -0.236277 0.327438
0.107380 -0.224934 0.327438
-0.107380 -0.224934 0.346150
-0.107380 -0.197625 0.307278
-0.107380 -0.197625 0.321110
-0.107380 -0.225834 0.310265
0.107380 -0.197625 0.307278
0.107380 -0.197625 0.321110
-0.107380 -0.233293 0.317731
0.107380 -0.233293 0.317731
0.107380 -0.223631 0.324391
-0.102049 -0.224934 0.359019
-0.089180 -0.224934 0.364350
0.089180 -0.224934 0.364350
-0.000000 -0.224934 0.364350
-0.000000 -0.236277 0.364350
-0.000000 -0.224934 0.364350
0.107380 -0.225834 0.310265
0.092430 -0.225834 0.310265
0.092430 -0.220373 0.322047
0.107380 -0.220373 0.322047
0.092430 -0.233293 0.317731
0.107380 -0.223631 0.324391
0.092430 -0.236277 0.327438
0.092430 -0.224934 0.327438
0.107380 -0.224934 0.327438
-0.107380 -0.225834 0.310265
-0.092430 -0.225834 0.310265
-0.107380 -0.220373 0.322047
-0.092430 -0.220373 0.322047
-0.107380 -0.233293 0.317731
-0.092430 -0.233293 0.317731
-0.107380 -0.223631 0.324391
-0.107380 -0.236277 0.327438
-0.107380 -0.224934 0.327438
-0.089179 -0.236277 0.346080
-0.081330 -0.224934 0.349331
-0.089179 -0.224934 0.346080
-0.092430 -0.236277 0.338231
0.081330 -0.224934 0.349331
0.089179 -0.224934 0.346080
0.092430 -0.224934 0.338231
-0.000000 -0.236277 0.349331
-0.000000 -0.224934 0.349331
-0.000000 -0.224934 0.349331
-0.107380 -0.224934 0.346150
-0.092430 -0.224934 0.338231
-0.000000 -0.224934 0.349331
-0.081330 -0.224934 0.349331
-0.089179 -0.224934 0.346080
0.107380 -0.224934 0.346150
0.092430 -0.224934 0.338231
0.102049 -0.224934 0.359019
0.107380 -0.236277 0.346150
0.102049 -0.236277 0.359019
0.089180 -0.236277 0.364350
-0.000000 -0.236277 0.364350
-0.000000 -0.236277 0.349331
-0.102049 -0.236277 0.359019
-0.089180 -0.236277 0.364350
-0.081330 -0.236277 0.349331
0.165038 -0.210550 0.366304
0.169973 -0.216550 0.361594
0.163897 -0.216550 0.361594
0.132692 -0.216550 0.361594
0.137627 -0.210550 0.366304
0.132692 -0.210550 0.366304
0.138768 -0.216550 0.361594
0.163076 -0.193223 0.358204
0.164285 -0.185723 0.366304
0.163076 -0.216550 0.358204
0.163076 -0.193223 0.358204
0.169973 -0.216550 0.351624
0.139589 -0.216550 0.358204
0.132692 -0.216550 0.351624
0.139589 -0.216550 0.358204
0.132692 -0.216550 0.351624
0.133387 -0.184420 0.352116
0.132692 -0.183950 0.366304
0.138768 -0.216550 0.361594
0.137627 -0.210550 0.366304
0.163897 -0.216550 0.361594
0.165038 -0.210550 0.366304
0.163076 -0.216550 0.358204
0.163076 -0.193223 0.358204
0.133387 -0.184420 0.352116
0.132692 -0.216550 0.351624
0.169973 -0.183950 0.351624
0.169973 -0.183950 0.366304
0.169973 -0.210550 0.366304
0.169973 -0.216550 0.361594
-0.092430 -0.224934 0.327438
-0.092430 -0.236277 0.327438
-0.092430 -0.223631 0.324391
-0.092430 -0.220373 0.322047
0.092430 -0.220373 0.322047
0.092430 -0.197625 0.321110
0.092430 -0.197625 0.307278
0.092430 -0.225834 0.310265
0.092430 -0.223631 0.324391
0.092430 -0.224934 0.327438
0.192886 -0.212684 0.313717
0.227182 -0.177672 0.313717
0.253487 -0.177672 0.313717
0.253487 -0.227563 0.313717
0.252595 -0.232146 0.313717
0.253487 -0.227563 0.313717
0.192886 -0.212684 0.346461
0.227182 -0.177672 0.346461
0.253487 -0.177672 0.346461
0.253487 0.181826 0.346461
0.227182 0.181826 0.346461
0.253487 0.227563 0.346461
0.252595 0.232146 0.346461
0.246246 0.238627 0.346461
0.250052 0.236031 0.346461
0.192886 0.239539 0.346461
0.241757 0.239539 0.346461
0.253487 0.181826 0.313717
0.253487 0.227563 0.313717
0.192886 0.216838 0.313717
0.192886 0.239539 0.313717
0.250052 0.236031 0.313717
0.241757 0.239539 0.313717
0.252047 -0.227418 0.302602
0.251237 -0.231572 0.302602
0.240678 -0.228748 0.302602
0.245684 -0.237241 0.302602
0.241615 -0.238068 0.302602
-0.001817 -0.228748 0.302602
0.240678 0.228748 0.302602
-0.001817 0.228748 0.302602
0.241615 0.238068 0.302602
0.245684 0.237241 0.302602
0.236668 0.219846 0.352190
0.236668 -0.219846 0.352190
0.129293 0.219846 0.352190
-0.001817 0.187074 0.352190
0.129293 -0.219846 0.352190
0.113402 -0.225464 0.316982
0.113402 -0.214902 0.320190
0.113402 0.209048 0.340296
0.113402 0.219056 0.320190
0.260813 -0.148170 0.107342
0.260813 -0.148170 0.150089
0.260813 -0.136569 0.150089
0.245773 -0.132702 0.147156
0.245773 -0.132702 0.109965
0.260813 -0.110540 0.107342
0.260813 -0.110540 0.150089
0.260813 -0.098939 0.150089
0.245773 -0.095072 0.147156
0.245773 -0.095072 0.109965
0.260813 0.185800 0.107342
0.245773 0.189667 0.109965
0.245773 0.170332 0.147156
0.260813 0.174199 0.107342
0.260813 0.174199 0.150089
0.245773 0.170332 0.109965
0.260813 0.148170 0.107342
0.245773 0.152037 0.109965
0.245773 0.132702 0.147156
0.260813 0.136569 0.107342
0.260813 0.136569 0.150089
0.245773 0.132702 0.109965
0.260813 0.110540 0.107342
0.260813 0.110540 0.150089
0.245773 0.095072 0.147156
0.260813 0.098939 0.107342
0.260813 0.098939 0.150089
0.245773 0.095072 0.109965
0.000000 -0.246250 0.297059
0.000000 -0.246250 0.297059
0.000000 -0.241772 0.301559
-0.131211 -0.242400 0.021024
-0.131211 -0.242400 0.047624
-0.131211 -0.187500 0.015024
-0.131211 -0.236400 0.015024
-0.152454 -0.236400 0.015024
-0.152454 -0.187500 0.015024
-0.151768 -0.237450 0.024181
-0.151768 -0.238236 0.027624
-0.206940 -0.235248 0.021420
-0.206940 -0.232066 0.019887
-0.206940 -0.223150 0.024181
-0.151768 -0.223150 0.024181
-0.151768 -0.228534 0.035361
-0.151768 -0.232066 0.035361
-0.206940 -0.235248 0.033829
-0.206940 -0.237450 0.031068
-0.131211 -0.187500 0.015024
-0.131211 -0.236400 0.015024
-0.131211 -0.242400 0.047624
-0.131211 -0.242400 0.021024
-0.152454 -0.223700 0.047624
-0.152454 -0.242400 0.047624
0.242757 -0.202446 0.339974
0.249496 -0.202446 0.310954
0.242757 -0.202446 0.319236
0.217930 -0.202446 0.310954
0.113402 0.229618 0.316982
0.249496 -0.226743 0.339974
0.241007 -0.235231 0.339974
0.222966 -0.235231 0.339974
0.242757 -0.215440 0.319236
0.242757 -0.202446 0.319236
0.222966 -0.235231 0.319236
0.229060 -0.229138 0.319236
0.222966 -0.235231 0.319236
0.241007 -0.235231 0.319236
0.249496 -0.208702 0.319236
0.249496 -0.226743 0.319236
0.217930 -0.229137 0.339974
0.217930 -0.202446 0.339974
0.217930 -0.202446 0.310954
0.217930 -0.235231 0.310954
0.217930 -0.229138 0.319236
0.229060 -0.229138 0.319236
0.242757 -0.215440 0.339974
0.249496 -0.208702 0.339974
0.249496 -0.208702 0.339974
0.229060 -0.229137 0.339974
0.242757 -0.215440 0.339974
0.217930 -0.202446 0.339974
0.217930 -0.229137 0.339974
0.249496 -0.208702 0.319236
0.249496 -0.226743 0.319236
0.249496 -0.202446 0.310954
0.249496 -0.202446 0.348257
0.217930 -0.235231 0.310954
0.241007 -0.235231 0.319236
0.241007 -0.235231 0.339974
0.217930 -0.202446 0.319236
0.217930 -0.229138 0.319236
0.242757 -0.202446 0.319236
0.242757 -0.215440 0.319236
-0.261472 0.207394 0.301559
-0.258868 0.220814 0.301559
-0.235096 -0.211033 0.301559
-0.233348 -0.213648 0.301559
-0.230733 -0.215396 0.301559
-0.240514 -0.239168 0.301559
-0.227094 -0.241772 0.301559
-0.224672 -0.216572 0.301559
0.224672 -0.216572 0.301559
0.000000 -0.216572 0.301559
0.000000 -0.241772 0.301559
0.227094 -0.241772 0.301559
0.251517 -0.231817 0.301559
0.233348 -0.213648 0.301559
0.235096 -0.211033 0.301559
0.233348 -0.213648 0.301559
0.236272 -0.204972 0.301559
0.236272 0.204972 0.301559
0.235096 0.211033 0.301559
0.233348 0.213648 0.301559
0.240514 0.239168 0.301559
0.251517 0.231817 0.301559
0.233348 0.213648 0.301559
-0.227094 0.241772 0.301559
-0.224672 0.216572 0.301559
-0.227094 0.241772 0.301559
-0.224672 0.216572 0.301559
-0.233348 0.213648 0.301559
-0.251517 0.231817 0.301559
-0.167883 -0.073317 0.019025
-0.167883 -0.132683 0.019025
-0.267513 -0.132683 0.050598
-0.167883 -0.132683 0.019025
-0.167883 -0.130883 0.054595
-0.267513 -0.132683 0.019025
-0.267513 -0.073317 0.050598
-0.167883 -0.073317 0.019025
-0.167883 -0.075117 0.054595
-0.267513 -0.073317 0.050598
-0.267513 -0.075117 0.054595
-0.167883 -0.075117 0.054595
-0.267513 -0.079461 0.056250
-0.167883 -0.073317 0.019025
-0.267513 -0.079461 0.013372
-0.267513 -0.126539 0.056250
-0.167883 -0.130883 0.054595
-0.267513 -0.132683 0.050598
-0.167883 -0.132683 0.019025
-0.227103 -0.082371 0.056250
-0.267513 -0.082371 0.044360
-0.227103 -0.082371 0.039823
-0.227103 -0.123629 0.039823
-0.227103 -0.082371 0.039823
-0.267513 -0.123629 0.044360
-0.267513 -0.123629 0.056250
-0.267513 -0.086641 0.040431
-0.267513 -0.123629 0.044360
-0.267513 -0.119360 0.040431
-0.267513 -0.119360 0.040431
-0.267513 -0.130883 0.015028
-0.267513 -0.123629 0.044360
-0.267513 -0.086641 0.040431
-0.267513 -0.079461 0.013372
-0.267513 -0.075117 0.015028
-0.267513 -0.082371 0.044360
-0.267513 -0.082371 0.056250
-0.267513 -0.079461 0.056250
-0.267513 -0.075117 0.054595
-0.267513 -0.123629 0.056250
-0.267513 -0.126539 0.056250
-0.267513 -0.130883 0.054595
-0.226495 -0.121051 0.042185
-0.226495 -0.084949 0.042185
-0.270553 -0.121051 0.046509
-0.226495 -0.084949 0.052589
-0.264473 -0.084949 0.052589
-0.226495 -0.121051 0.052589
-0.264473 -0.121051 0.052589
-0.227103 -0.082371 0.056250
-0.227103 -0.082371 0.039823
-0.267513 -0.123629 0.056250
-0.227103 -0.082371 0.056250
-0.267513 -0.082371 0.056250
-0.167883 -0.075117 0.054595
-0.226495 -0.084949 0.052589
-0.226495 -0.084949 0.042185
-0.264473 -0.121051 0.052589
-0.270553 -0.121051 0.046509
-0.270553 -0.121051 0.042185
0.107380 0.224934 0.346150
0.107380 0.224934 0.327438
-0.107380 0.224934 0.346150
-0.107380 0.236277 0.327438
-0.107380 0.224934 0.327438
-0.107380 0.220373 0.322047
-0.107380 0.225834 0.310265
0.107380 0.197625 0.321110
0.107380 0.197625 0.307278
-0.107380 0.233293 0.317731
-0.107380 0.223631 0.324391
-0.102049 0.236277 0.359019
-0.089180 0.236277 0.364350
-0.089180 0.224934 0.364350
0.089180 0.224934 0.364350
0.102049 0.224934 0.359019
-0.000000 0.236277 0.364350
-0.000000 0.224934 0.364350
0.092430 0.225834 0.310265
0.107380 0.225834 0.310265
0.107380 0.220373 0.322047
0.092430 0.220373 0.322047
0.092430 0.197625 0.321110
0.107380 0.233293 0.317731
0.107380 0.223631 0.324391
0.107380 0.236277 0.327438
0.092430 0.224934 0.327438
0.107380 0.224934 0.327438
-0.107380 0.225834 0.310265
-0.092430 0.225834 0.310265
-0.092430 0.197625 0.321110
-0.092430 0.220373 0.322047
-0.107380 0.233293 0.317731
-0.092430 0.233293 0.317731
-0.092430 0.223631 0.324391
-0.107380 0.236277 0.327438
-0.107380 0.224934 0.327438
-0.092430 0.224934 0.327438
-0.089179 0.224934 0.346080
-0.081330 0.224934 0.349331
-0.089179 0.236277 0.346080
-0.092430 0.236277 0.338231
0.089179 0.236277 0.346080
0.081330 0.236277 0.349331
-0.000000 0.224934 0.349331
-0.000000 0.236277 0.349331
-0.000000 0.224934 0.349331
-0.107380 0.224934 0.346150
-0.102049 0.224934 0.359019
-0.089180 0.224934 0.364350
-0.081330 0.224934 0.349331
-0.000000 0.224934 0.349331
0.092430 0.224934 0.338231
0.089179 0.224934 0.346080
0.107380 0.236277 0.346150
0.102049 0.236277 0.359019
0.089180 0.236277 0.364350
-0.000000 0.236277 0.364350
-0.000000 0.236277 0.349331
-0.102049 0.236277 0.359019
-0.089180 0.236277 0.364350
-0.081330 0.236277 0.349331
-0.092430 0.236277 0.327438
-0.092430 0.233293 0.317731
-0.092430 0.197625 0.307278
-0.092430 0.225834 0.310265
0.092430 0.220373 0.322047
0.092430 0.233293 0.317731
0.092430 0.223631 0.324391
0.092430 0.236277 0.327438
0.228912 0.223236 0.340173
0.230401 0.216713 0.340173
0.230401 0.216713 0.318875
0.230401 0.216713 0.318875
0.237091 0.216713 0.318875
0.239110 0.220908 0.318875
0.237091 0.225103 0.318875
0.237091 0.225103 0.340173
0.232552 0.226138 0.340173
0.232552 0.226138 0.318875
0.249496 0.226743 0.319236
0.241007 0.235231 0.319236
0.249496 0.228675 0.310954
0.248692 0.231953 0.310954
0.246495 0.234353 0.348257
0.246495 0.234353 0.310954
0.243495 0.235231 0.348257
0.217930 0.202446 0.348257
0.217930 0.202446 0.339974
0.249496 0.202446 0.310954
0.217930 0.202446 0.310954
0.249496 0.226743 0.339974
0.241007 0.235231 0.339974
0.242757 0.202446 0.339974
0.242757 0.215440 0.339974
0.242757 0.215440 0.319236
0.242757 0.202446 0.319236
0.222966 0.235231 0.339974
0.229060 0.229137 0.339974
0.241007 0.235231 0.319236
0.222966 0.235231 0.319236
0.249496 0.208702 0.319236
0.242757 0.215440 0.319236
0.217930 0.202446 0.348257
0.217930 0.202446 0.339974
0.217930 0.202446 0.310954
0.217930 0.202446 0.319236
0.217930 0.229137 0.339974
0.229060 0.229137 0.339974
0.249496 0.208702 0.339974
0.249496 0.208702 0.319236
0.249496 0.208702 0.339974
0.242757 0.215440 0.339974
0.217930 0.229137 0.339974
0.229060 0.229137 0.339974
0.249496 0.208702 0.319236
0.249496 0.226743 0.319236
0.249496 0.202446 0.310954
0.249496 0.202446 0.348257
0.241007 0.235231 0.319236
0.217930 0.235231 0.348257
0.241007 0.235231 0.339974
0.217930 0.202446 0.319236
0.242757 0.202446 0.319236
0.242757 0.215440 0.319236
0.229060 0.229137 0.319236
-0.260813 -0.185800 0.107342
-0.245773 -0.189667 0.109965
-0.260813 -0.185800 0.150089
-0.260813 -0.174199 0.107342
-0.260813 -0.174199 0.150089
-0.245773 -0.170332 0.109965
-0.251025 0.092883 0.152044
-0.229310 -0.092883 0.144483
-0.251025 -0.092883 0.152044
-0.260329 0.083578 0.152044
-0.260329 -0.083578 0.152044
-0.245773 -0.152037 0.147156
-0.260813 -0.148170 0.107342
-0.245773 -0.152037 0.109965
-0.260813 -0.148170 0.150089
-0.245773 -0.132702 0.147156
-0.245773 -0.132702 0.109965
-0.245773 -0.114407 0.147156
-0.260813 -0.110540 0.107342
-0.245773 -0.114407 0.109965
-0.245773 -0.095072 0.147156
-0.260813 -0.098939 0.107342
-0.245773 -0.095072 0.109965
-0.245773 0.189667 0.147156
-0.260813 0.185800 0.107341
-0.260813 0.185800 0.150089
-0.260813 0.174199 0.150089
-0.260813 0.174199 0.107341
-0.245773 0.170332 0.147156
-0.245773 0.152037 0.147156
-0.260813 0.148170 0.107341
-0.245773 0.152037 0.109965
-0.260813 0.136569 0.150089
-0.260813 0.136569 0.107342
-0.245773 0.132702 0.147156
-0.245773 0.114407 0.147156
-0.260813 0.110540 0.107342
-0.245773 0.114407 0.109965
-0.260813 0.098939 0.107342
-0.245773 0.095072 0.109965
-0.230815 0.181826 0.346461
-0.257121 0.181826 0.313717
-0.230815 0.181826 0.313717
-0.257121 0.227563 0.358262
-0.256228 0.232146 0.358262
-0.253685 0.236031 0.358262
-0.249879 0.238627 0.358262
-0.245390 0.239539 0.358262
-0.245390 0.239539 0.346461
-0.196520 0.239539 0.313717
-0.196520 0.216838 0.346461
-0.196520 0.216838 0.313717
-0.256228 -0.232146 0.304269
-0.257121 -0.227563 0.313717
-0.257121 -0.227563 0.304269
-0.230815 -0.177672 0.346461
-0.230815 -0.177672 0.313717
-0.257121 -0.177672 0.313717
-0.256228 -0.232146 0.358262
-0.257121 -0.227563 0.358262
-0.257121 0.227563 0.304269
-0.256228 0.232146 0.304269
-0.253722 0.227221 0.362196
-0.257121 0.227563 0.358262
-0.256228 0.232146 0.358262
-0.251234 0.233529 0.362196
-0.253026 0.230792 0.362196
-0.248553 0.235358 0.362196
-0.245055 0.236068 0.362196
-0.245390 0.239539 0.358262
-0.249879 0.238627 0.313717
-0.245390 0.239539 0.313717
-0.117035 0.239539 0.358262
-0.117035 0.236068 0.362196
-0.253685 0.236031 0.304269
-0.253685 0.236031 0.313717
-0.254871 -0.231572 0.302602
-0.253685 -0.236031 0.313717
-0.249879 -0.238627 0.313717
-0.245390 -0.239539 0.304269
-0.196520 -0.239539 0.346461
-0.117035 -0.239539 0.358262
-0.196520 -0.239539 0.313717
-0.196520 -0.239539 0.346461
-0.253026 -0.230792 0.362196
-0.253722 -0.227221 0.362196
-0.245248 0.238068 0.302602
-0.249317 -0.237241 0.302602
-0.252646 -0.234971 0.302602
-0.245390 -0.239539 0.358262
-0.245055 -0.236068 0.362196
-0.248553 -0.235358 0.362196
-0.249879 -0.238627 0.358262
-0.251234 -0.233529 0.362196
-0.251234 -0.233529 0.362196
-0.253685 -0.236031 0.358262
-0.111400 0.203296 0.362196
-0.117035 0.209048 0.340296
-0.111400 0.203296 0.339438
-0.111400 0.216079 0.314344
-0.117035 0.219056 0.320190
-0.117035 0.229618 0.316982
-0.117035 0.219056 0.320190
-0.117035 -0.204894 0.362196
-0.117035 -0.204894 0.340296
-0.111400 -0.199142 0.362196
-0.111400 -0.199142 0.339438
-0.117035 -0.214902 0.320190
-0.111400 -0.211924 0.314344
-0.117035 -0.239539 0.358262
-0.117035 -0.204894 0.362196
-0.117035 -0.236068 0.362196
-0.111400 -0.239539 0.310462
-0.240302 -0.219846 0.359945
-0.132926 -0.219846 0.359945
-0.132926 -0.198175 0.359945
-0.117983 -0.182919 0.359945
-0.132926 0.202329 0.359945
-0.117983 0.187074 0.359945
-0.117035 0.209048 0.362196
-0.132926 0.219846 0.359945
-0.240302 0.219846 0.359945
-0.242247 0.221832 0.362196
-0.242247 0.221832 0.362196
-0.132926 -0.219846 0.352190
-0.240302 -0.219846 0.359945
-0.132926 -0.219846 0.359945
-0.240302 -0.219846 0.352190
-0.132926 -0.198175 0.359945
-0.117983 -0.182919 0.359945
-0.117983 -0.182919 0.352190
-0.132926 0.202329 0.352190
-0.117983 0.187074 0.359945
-0.132926 0.202329 0.359945
-0.117983 0.187074 0.352190
-0.240302 0.219846 0.359945
-0.240302 0.219846 0.352190
-0.257121 -0.177672 0.313717
-0.117035 -0.239539 0.316982
-0.196520 -0.239539 0.313717
-0.111400 -0.239539 0.310462
-0.196520 0.239539 0.346461
-0.117035 0.209048 0.362196
-0.001817 0.239539 0.304269
-0.001817 0.238068 0.302602
-0.001817 -0.239539 0.304269
-0.001817 0.203296 0.362196
-0.001817 0.203296 0.339438
-0.001817 -0.211924 0.314344
-0.001817 -0.199142 0.339438
-0.001817 -0.224707 0.310462
-0.001817 -0.239539 0.310462
-0.001817 -0.182919 0.359945
-0.001817 -0.182919 0.359945
-0.001817 -0.182919 0.352190
-0.001817 0.187074 0.352190
-0.001817 0.239539 0.310462
-0.240302 -0.219846 0.359945
-0.240302 0.219846 0.359945
-0.240302 0.219846 0.352190
-0.196520 -0.239539 0.313717
-0.196520 -0.212684 0.313717
-0.230815 -0.177672 0.313717
-0.257121 -0.177672 0.313717
-0.253685 -0.236031 0.313717
-0.257121 -0.227563 0.313717
-0.257121 -0.227563 0.313717
-0.256228 -0.232146 0.313717
-0.196520 -0.212684 0.346461
-0.230815 -0.177672 0.346461
-0.253685 -0.236031 0.346461
-0.256228 -0.232146 0.346461
-0.257121 0.181826 0.346461
-0.230815 0.181826 0.346461
-0.256228 0.232146 0.346461
-0.253685 0.236031 0.346461
-0.249879 0.238627 0.346461
-0.253685 0.236031 0.346461
-0.196520 0.239539 0.346461
-0.245390 0.239539 0.346461
-0.257121 0.181826 0.313717
-0.257121 0.227563 0.313717
-0.256228 0.232146 0.313717
-0.253685 0.236031 0.313717
-0.253685 0.236031 0.313717
-0.245390 0.239539 0.313717
-0.255680 -0.227418 0.302602
-0.254871 -0.231572 0.302602
-0.252646 -0.234971 0.302602
-0.245248 -0.238068 0.302602
-0.001817 -0.238068 0.302602
-0.255680 0.227418 0.302602
-0.001817 0.238068 0.302602
-0.001817 0.228748 0.302602
-0.249317 0.237241 0.302602
-0.252646 0.234971 0.302602
-0.117983 -0.182919 0.352190
-0.132926 -0.198175 0.352190
-0.001817 0.187074 0.352190
-0.001817 -0.182919 0.352190
-0.132926 -0.219846 0.352190
-0.117035 -0.214902 0.320190
-0.117035 -0.204894 0.340296
-0.117035 0.209048 0.340296
-0.117035 0.239539 0.316982
-0.117035 0.229618 0.316982
-0.234034 -0.216714 0.318875
-0.234034 -0.216713 0.340173
-0.234034 -0.216713 0.340173
-0.234034 -0.216714 0.318875
-0.240724 -0.216713 0.340173
-0.240724 -0.216714 0.318875
-0.242744 -0.220908 0.340173
-0.240724 -0.225103 0.340173
-0.236185 -0.226139 0.340173
-0.244641 -0.235231 0.339974
-0.253129 -0.226743 0.339974
-0.253129 -0.228675 0.348257
-0.253129 -0.228675 0.310954
-0.252325 -0.231953 0.348257
-0.250129 -0.234353 0.310954
-0.247128 -0.235231 0.310954
-0.246391 -0.202446 0.339974
-0.246391 -0.202446 0.319236
-0.221564 -0.202446 0.319236
-0.244641 -0.235231 0.339974
-0.226599 -0.235231 0.339974
-0.246391 -0.202446 0.339974
-0.246391 -0.202446 0.319236
-0.226599 -0.235231 0.319236
-0.226599 -0.235231 0.339974
-0.232693 -0.229138 0.319236
-0.244641 -0.235231 0.319236
-0.226599 -0.235231 0.319236
-0.253129 -0.226743 0.319236
-0.221564 -0.229137 0.339974
-0.221564 -0.235231 0.348257
-0.221564 -0.229138 0.319236
-0.221564 -0.202446 0.310954
-0.221564 -0.235231 0.310954
-0.232693 -0.229137 0.339974
-0.232693 -0.229138 0.319236
-0.246391 -0.215440 0.319236
-0.246391 -0.215440 0.339974
-0.221564 -0.202446 0.339974
-0.221564 -0.229137 0.339974
-0.246391 -0.202446 0.339974
-0.246391 -0.215440 0.339974
-0.253129 -0.208702 0.319236
-0.253129 -0.202446 0.310954
-0.253129 -0.208702 0.339974
-0.221564 -0.235231 0.310954
-0.226599 -0.235231 0.319236
-0.221564 -0.235231 0.348257
-0.226599 -0.235231 0.339974
-0.246391 -0.202446 0.319236
-0.246391 -0.215440 0.319236
-0.234034 0.216713 0.340173
-0.234034 0.216713 0.318875
-0.232545 0.223236 0.340173
-0.232545 0.223236 0.318875
-0.240724 0.216713 0.340173
-0.240724 0.216713 0.318875
-0.234034 0.216713 0.340173
-0.242744 0.220908 0.318875
-0.240724 0.225103 0.318875
-0.236185 0.226138 0.318875
-0.244641 0.235231 0.339974
-0.253129 0.226743 0.339974
-0.253129 0.228675 0.310954
-0.252325 0.231953 0.348257
-0.250129 0.234353 0.348257
-0.247128 0.235231 0.348257
-0.246391 0.202446 0.339974
-0.221564 0.202446 0.348257
-0.221564 0.202446 0.339974
-0.221564 0.202446 0.310954
-0.221564 0.202446 0.319236
-0.244641 0.235231 0.339974
-0.226599 0.235231 0.339974
-0.246391 0.215440 0.319236
-0.246391 0.215440 0.339974
-0.226599 0.235231 0.339974
-0.232693 0.229137 0.339974
-0.232693 0.229137 0.319236
-0.253129 0.208702 0.319236
-0.246391 0.215440 0.319236
-0.221564 0.202446 0.348257
-0.221564 0.202446 0.339974
-0.221564 0.202446 0.310954
-0.221564 0.202446 0.319236
-0.221564 0.229137 0.319236
-0.221564 0.229137 0.339974
-0.246391 0.215440 0.339974
-0.246391 0.215440 0.319236
-0.253129 0.208702 0.339974
-0.253129 0.208702 0.319236
-0.221564 0.202446 0.339974
-0.246391 0.202446 0.339974
-0.232693 0.229137 0.339974
-0.246391 0.215440 0.339974
-0.253129 0.226743 0.319236
-0.253129 0.202446 0.310954
-0.253129 0.226743 0.339974
-0.244641 0.235231 0.319236
-0.226599 0.235231 0.319236
-0.226599 0.235231 0.339974
-0.244641 0.235231 0.339974
-0.221564 0.229137 0.319236
-0.232693 0.229137 0.319236
-0.180776 -0.171424 0.349552
-0.180776 -0.171424 0.354966
-0.221846 -0.197306 0.359811
-0.180776 -0.197306 0.359811
-0.221846 -0.154112 0.359811
-0.221846 -0.197306 0.354966
-0.221846 -0.154112 0.354966
-0.221846 -0.197306 0.359811
-0.180776 -0.197306 0.354966
-0.180776 -0.197306 0.359811
-0.197734 -0.154112 0.349552
-0.221846 -0.154112 0.354966
-0.197734 -0.154112 0.354966
-0.221846 -0.154112 0.359811
-0.221846 -0.197306 0.359811
-0.245726 -0.221295 0.359811
-0.245726 -0.154112 0.359811
-0.221846 -0.154112 0.359811
-0.221846 -0.197306 0.354966
-0.180776 -0.197306 0.354966
-0.173606 -0.216550 0.361594
-0.168672 -0.210550 0.366304
-0.173606 -0.210550 0.366304
-0.167531 -0.216550 0.361594
-0.141260 -0.210550 0.366304
-0.136326 -0.210550 0.366304
-0.167919 -0.185723 0.366304
-0.166709 -0.193223 0.358204
-0.143222 -0.193223 0.358204
-0.166709 -0.193223 0.358204
-0.166709 -0.216550 0.358204
-0.173606 -0.216550 0.351624
-0.173606 -0.216550 0.351624
-0.136326 -0.216550 0.351624
-0.173606 -0.183950 0.366304
-0.136326 -0.183950 0.366304
-0.142401 -0.216550 0.361594
-0.141260 -0.210550 0.366304
-0.143222 -0.216550 0.358204
-0.143222 -0.193223 0.358204
-0.166709 -0.216550 0.358204
-0.166709 -0.193223 0.358204
-0.136326 -0.183950 0.366304
-0.136326 -0.210550 0.366304
-0.136326 -0.216550 0.361594
-0.136326 -0.216550 0.351624
-0.173606 -0.210550 0.366304
-0.173606 -0.183950 0.366304
-0.167919 -0.185723 0.366304
-0.142013 -0.185723 0.366304
-0.136326 -0.183950 0.366304
-0.197734 0.154112 0.354966
-0.197734 0.154112 0.349552
-0.221846 0.197306 0.359810
-0.221846 0.197306 0.354966
-0.221846 0.197306 0.359810
-0.221846 0.197306 0.354966
-0.180776 0.221295 0.359811
-0.180776 0.197306 0.354966
-0.180776 0.221295 0.349552
-0.180776 0.171424 0.354966
-0.197734 0.154112 0.349552
-0.245726 0.154112 0.359811
-0.221846 0.154112 0.359811
-0.245726 0.154112 0.349552
-0.180776 0.221295 0.359811
-0.245726 0.221295 0.359811
-0.245726 0.154112 0.359811
-0.221846 0.154112 0.359811
-0.221846 0.154112 0.354966
-0.197734 0.154112 0.354966
-0.173606 0.216550 0.361594
-0.168672 0.210550 0.366304
-0.173606 0.210550 0.366304
-0.136326 0.216550 0.361594
-0.141260 0.210550 0.366304
-0.136326 0.210550 0.366304
-0.142013 0.185723 0.366304
-0.143222 0.193223 0.358204
-0.143222 0.216550 0.358204
-0.143222 0.193223 0.358204
-0.143222 0.216550 0.358204
-0.136326 0.216550 0.351624
-0.143222 0.216550 0.358204
-0.136326 0.216550 0.351624
-0.137020 0.184420 0.352116
-0.136326 0.183950 0.366304
-0.142401 0.216550 0.361594
-0.141260 0.210550 0.366304
-0.142013 0.185723 0.366304
-0.143222 0.193223 0.358204
-0.166709 0.216550 0.358204
-0.166709 0.193223 0.358204
-0.136326 0.183950 0.366304
-0.136326 0.210550 0.366304
-0.173606 0.183950 0.351624
-0.173606 0.183950 0.366304
-0.173606 0.210550 0.366304
-0.173606 0.216550 0.361594
-0.173606 0.183950 0.366304
-0.136326 0.183950 0.366304
0.177143 0.171424 0.354966
0.194101 0.154112 0.354966
0.177143 0.197306 0.359810
0.177143 0.197306 0.354966
0.218212 0.154112 0.354966
0.218212 0.154112 0.359811
0.177143 0.221295 0.359811
0.177143 0.221295 0.349552
0.177143 0.171424 0.349552
0.218212 0.154112 0.354966
0.194101 0.154112 0.354966
0.242093 0.154112 0.359811
0.218212 0.154112 0.359811
0.218212 0.197306 0.359810
0.218212 0.154112 0.359811
0.218212 0.197306 0.354966
0.194101 0.154112 0.354966
0.218212 0.154112 0.354966
0.177143 0.171424 0.354966
0.169973 0.216550 0.361594
0.165038 0.210550 0.366304
0.132692 0.216550 0.361594
0.137627 0.210550 0.366304
0.132692 0.210550 0.366304
0.163076 0.193223 0.358204
0.164285 0.185723 0.366304
0.139589 0.193223 0.358204
0.163076 0.193223 0.358204
0.169973 0.216550 0.351624
0.169973 0.216550 0.351624
0.139589 0.216550 0.358204
0.163076 0.216550 0.358204
0.132692 0.216550 0.351624
0.133387 0.184420 0.352116
0.132692 0.183950 0.366304
0.137627 0.210550 0.366304
0.138380 0.185723 0.366304
0.163897 0.216550 0.361594
0.163076 0.216550 0.358204
0.163076 0.193223 0.358204
0.164285 0.185723 0.366304
0.132692 0.210550 0.366304
0.132692 0.216550 0.361594
0.169973 0.183950 0.351624
0.169973 0.216550 0.351624
0.169973 0.216550 0.361594
0.164285 0.185723 0.366304
0.132692 0.183950 0.366304
0.251234 0.247686 0.091024
0.239600 0.250000 0.091024
0.261096 0.241096 0.013124
0.267686 0.231234 0.013124
0.270000 0.219600 0.013124
0.270000 0.129830 0.060950
0.270000 0.076170 0.060950
0.270000 0.134782 0.058197
0.171252 0.134782 0.058197
0.270000 0.071218 0.058197
0.270000 0.069167 0.051550
0.267513 0.126539 0.013372
0.267513 0.079461 0.013372
0.267513 0.132683 0.050598
0.167883 0.130883 0.054595
0.267513 0.073317 0.050598
0.167883 0.075117 0.054595
0.267513 0.073317 0.019025
0.267513 0.075117 0.054595
0.167883 0.075117 0.054595
0.267513 0.079461 0.056250
0.167883 0.130883 0.054595
0.267513 0.126539 0.056250
0.267513 0.130883 0.054595
0.167883 0.132683 0.019025
0.267513 0.132683 0.019025
0.267513 0.082371 0.044360
0.227103 0.082371 0.056250
0.267513 0.082371 0.056250
0.227103 0.082371 0.039823
0.267278 0.121884 0.041796
0.267278 0.084116 0.041796
0.227103 0.123629 0.056250
0.267513 0.123629 0.056250
0.152454 0.242400 0.047624
0.131211 0.242400 0.021024
0.131211 0.242400 0.047624
0.152454 0.242400 0.021024
0.131211 0.187500 0.015024
0.131211 0.236400 0.015024
0.206940 0.237450 0.024181
0.206940 0.238236 0.027624
0.151768 0.235248 0.021420
0.151768 0.232066 0.019887
0.206940 0.232066 0.019887
0.206940 0.223150 0.024181
0.206940 0.223150 0.024181
0.206940 0.228534 0.035361
0.206940 0.232066 0.035361
0.206940 0.235248 0.033829
0.206940 0.237450 0.031068
0.171252 0.071218 0.058197
0.171252 0.136757 0.013372
0.270000 0.136757 0.013372
0.171252 0.136757 0.013372
0.171252 0.134782 0.058197
0.267513 0.123629 0.044360
0.227103 0.123629 0.039823
0.267513 0.126539 0.013372
0.267513 0.130883 0.015028
0.267513 0.123629 0.044360
0.267278 0.121884 0.041796
0.267278 0.084116 0.041796
0.267513 0.079461 0.013372
0.267278 0.084116 0.041796
0.267513 0.075117 0.015028
0.267513 0.073317 0.019025
0.267513 0.073317 0.050598
0.267513 0.082371 0.056250
0.267513 0.079461 0.056250
0.267513 0.126539 0.056250
0.267513 0.130883 0.054595
0.226495 0.084949 0.042185
0.226495 0.121051 0.042185
0.270553 0.121051 0.046509
0.270553 0.084949 0.042185
0.270553 0.121051 0.042185
0.264473 0.084949 0.052589
0.264473 0.121051 0.052589
0.187218 0.250000 0.046913
0.270000 0.136757 0.013372
0.270000 0.069167 0.051550
0.270000 0.069243 0.013372
0.171252 0.136757 0.013372
0.270000 0.219600 0.013124
0.270000 0.136757 0.013372
0.239600 0.250000 0.013124
0.209073 0.185227 0.013124
0.209073 0.250000 0.013124
0.267686 0.231234 0.013124
0.131211 0.187500 0.015024
0.131211 0.236400 0.015024
0.131211 0.242400 0.047624
0.131211 0.242400 0.021024
0.152454 0.236400 0.015024
0.152454 0.242400 0.021024
0.209073 0.250000 0.013124
0.209073 0.185227 0.013124
0.193569 0.250000 0.043310
0.193146 0.221342 0.044133
0.193146 0.221342 0.044133
-0.000000 0.224580 0.046913
-0.000000 0.224580 0.046913
0.187218 0.250000 0.046913
0.193146 0.221342 0.044133
0.227103 0.123629 0.039823
0.227103 0.082371 0.039823
0.267513 0.123629 0.056250
0.227103 0.082371 0.056250
0.267513 0.082371 0.056250
0.226495 0.084949 0.042185
0.270553 0.084949 0.042185
0.264473 0.121051 0.052589
0.270553 0.121051 0.046509
0.270553 0.121051 0.042185
0.251234 0.247686 0.091024
0.261096 0.241096 0.091024
0.270000 0.219600 0.091024
0.270000 -0.000000 0.013124
0.270000 -0.000000 0.091024
-0.000000 0.250000 0.046913
-0.171252 0.069243 0.013372
-0.171252 0.136757 0.013372
-0.209073 0.185227 0.013124
-0.000000 0.250000 0.046913
0.239600 0.250000 0.091024
0.232521 0.212521 0.091024
-0.251234 0.247686 0.013124
-0.239600 0.250000 0.091024
-0.239600 0.250000 0.013124
-0.261096 0.241096 0.013124
-0.267686 0.231234 0.013124
-0.270000 0.219600 0.013124
-0.171252 0.071218 0.058197
-0.270000 0.076170 0.060950
-0.270000 0.129830 0.060950
-0.270000 0.134782 0.058197
-0.270000 0.136833 0.051550
-0.171252 0.134782 0.058197
-0.270000 0.071218 0.058197
-0.270000 0.076170 0.060950
-0.171252 0.071218 0.058197
-0.171252 0.069243 0.013372
-0.270000 0.069243 0.013372
-0.171252 0.071218 0.058197
-0.171252 0.134782 0.058197
-0.209073 0.250000 0.013124
-0.193569 0.250000 0.043310
-0.270000 0.136833 0.051550
-0.270000 -0.000000 0.091024
-0.270000 0.134782 0.058197
-0.270000 0.076170 0.060950
-0.270000 0.071218 0.058197
-0.239600 0.250000 0.013124
-0.209073 0.250000 0.013124
-0.251234 0.247686 0.013124
-0.193146 0.221342 0.044133
-0.209073 0.250000 0.013124
-0.193569 0.250000 0.043310
-0.209073 0.185227 0.013124
-0.000000 0.224580 0.046913
-0.193146 0.221342 0.044133
-0.187218 0.250000 0.046913
-0.232521 0.212521 0.091024
-0.270000 0.219600 0.091024
-0.270000 -0.000000 0.013124
-0.270000 -0.000000 0.091024
-0.229700 -0.000000 0.091024
-0.000000 0.250000 0.046913
-0.152454 0.242400 0.047624
-0.152454 0.242400 0.021024
-0.152454 0.236400 0.015024
-0.131211 0.236400 0.015024
-0.206940 0.238236 0.027624
-0.206940 0.237450 0.024181
-0.206940 0.235248 0.021420
-0.151768 0.232066 0.019887
-0.206940 0.232066 0.019887
-0.206940 0.223150 0.024181
-0.151768 0.223150 0.024181
-0.206940 0.228534 0.035361
-0.151768 0.228534 0.035361
-0.206940 0.232066 0.035361
-0.206940 0.235248 0.033829
-0.131211 0.187500 0.015024
-0.131211 0.236400 0.015024
-0.131211 0.223700 0.047624
-0.131211 0.242400 0.047624
-0.152454 0.223700 0.047624
-0.152454 0.242400 0.047624
-0.267513 0.126539 0.013372
-0.167883 0.073317 0.019025
-0.267513 0.079461 0.013372
-0.167883 0.132683 0.019025
-0.167883 0.132683 0.019025
-0.267513 0.132683 0.019025
-0.167883 0.130883 0.054595
-0.167883 0.073317 0.019025
-0.167883 0.075117 0.054595
-0.267513 0.075117 0.054595
-0.267513 0.073317 0.050598
-0.167883 0.075117 0.054595
-0.267513 0.075117 0.015028
-0.258656 0.074443 0.016525
-0.267513 0.073317 0.019025
-0.258656 0.074443 0.016525
-0.267513 0.130883 0.054595
-0.267513 0.126539 0.056250
-0.267513 0.130883 0.015028
-0.227103 0.082371 0.039823
-0.227103 0.082371 0.056250
-0.267513 0.119359 0.040431
-0.227103 0.082371 0.039823
-0.227103 0.123629 0.039823
-0.227103 0.123629 0.056250
-0.267513 0.123629 0.044360
-0.227103 0.123629 0.039823
-0.267513 0.086641 0.040431
-0.267513 0.119359 0.040431
-0.267513 0.119359 0.040431
-0.267513 0.126539 0.013372
-0.267513 0.123629 0.044360
-0.267513 0.086641 0.040431
-0.267513 0.119359 0.040431
-0.267513 0.075117 0.015028
-0.267513 0.073317 0.019025
-0.267513 0.086641 0.040431
-0.267513 0.082371 0.044360
-0.267513 0.079461 0.056250
-0.267513 0.075117 0.054595
-0.267513 0.126539 0.056250
-0.267513 0.130883 0.054595
-0.226495 0.121051 0.042185
-0.270553 0.121051 0.042185
-0.270553 0.084949 0.042185
-0.270553 0.084949 0.046509
-0.264473 0.084949 0.052589
-0.226495 0.084949 0.052589
-0.227103 0.082371 0.039823
-0.227103 0.082371 0.056250
-0.227103 0.082371 0.056250
-0.267513 0.082371 0.056250
-0.167883 0.130883 0.054595
-0.226495 0.084949 0.042185
-0.226495 0.084949 0.052589
-0.264473 0.121051 0.052589
-0.226495 0.121051 0.052589
-0.270553 0.121051 0.046509
-0.270553 0.121051 0.042185
0.267513 0.130883 0.015028
0.267513 0.126539 0.013372
0.267513 -0.130883 0.015028
0.267513 -0.132683 0.019025
0.267513 -0.079461 0.013372
-0.267513 -0.075117 0.015028
-0.267513 -0.073317 0.019025
-0.267513 -0.126539 0.013372
0.114349 0.187074 0.352190
192 193
316 430
2062 2328
0 1
2 3
4 5
189 190
124 125
114 115
45 46
100 101
187 188
181 182
49 50
152 153
55 56
116 117
110 111
41 42
59 61
158 160
60 62
159 191
156 157
33 34
35 36
51 52
112 113
1789 1790
3285 3412
277 429
433 434
878 1095
1100 1101
6 7
12 14
13 15
1867 1868
1869 1870
1871 1872
1873 1874
1875 1877
1876 1878
1879 1880
1881 1882
1889 1890
1898 1899
1787 1788
794 795
419 420
2150 2172
2110 2112
2161 2162
3011 3016
1294 1295
786 787
790 791
1057 1058
328 336
1538 1542
2271 2273
2272 2274
515 516
1283 1285
1292 1293
796 797
780 781
938 1098
3371 3407
335 388
949 959
2123 2124
622 623
782 783
1059 1060
2626 2627
784 785
607 611
620 621
1952 1958
1953 1957
474 475
1033 1034
1035 1036
1061 1062
384 385
3023 3024
1037 1038
1039 1040
1041 1042
8 9
10 11
489 491
132 133
1955 1956
1922 1925
47 48
39 40
53 54
106 107
2904 2970
2165 2230
2911 2969
3014 3015
382 383
2500 2503
154 155
2504 2505
144 145
513 514
511 512
332 486
2106 2545
952 1237
2620 2621
2618 2619
699 701
1757 1760
3401 3403
3448 3450
327 413
1112 1115
2095 2269
138 139
720 721
1814 1815
3447 3451
458 460
944 1053
1125 1126
330 331
345 487
961 1238
130 131
126 127
128 129
714 715
716 717
432 455
1777 1786
428 445
939 1099
1124 1127
722 737
746 747
1784 1801
1776 1778
3384 3385
3386 3388
936 937
2078 2364
2365 2366
3444 3445
3363 3404
3387 3408
3446 3452
102 103
78 79
90 91
488 490
104 105
563 565
424 425
2285 2286
2834 2835
1908 1926
343 344
818 828
1911 1918
845 868
846 869
1947 1965
1951 1959
1009 1010
1023 1024
1019 1020
1510 1511
575 576
1463 1464
605 606
360 361
380 381
2894 2897
2136 2226
2893 2898
370 371
812 813
989 990
472 473
1474 1475
1482 1483
997 1000
998 999
341 342
593 594
579 580
849 860
874 876
875 877
1949 1954
1969 1971
1935 1936
374 375
603 604
376 377
800 801
478 479
1204 1205
1536 1541
2511 3541
2941 2977
2959 2980
601 602
378 379
1011 1012
597 598
1500 1502
1301 1302
1514 1515
1865 1866
808 809
595 596
1503 1504
2937 2976
1016 1025
1017 1018
2192 2240
2204 2237
1201 1203
2206 2207
2211 2212
2508 2510
2509 2512
2945 2946
2645 2646
526 527
228 229
286 287
67 68
202 204
25 26
82 87
245 249
2657 3540
2652 2653
1986 1987
524 525
762 763
764 765
888 889
1309 1310
2651 2693
1779 1780
3303 3304
282 283
284 285
2641 2643
2655 2656
1723 1724
3297 3298
3477 3492
1997 1998
2647 2648
528 529
1994 1995
3300 3302
3305 3307
2642 2644
2649 2650
3308 3309
3475 3488
3478 3479
3480 3490
3421 3422
2345 2346
3294 3335
1983 2028
3289 3292
1980 1981
3417 3418
3424 3425
2342 2343
436 437
1108 1109
1110 1111
1795 1796
1799 1800
295 296
297 298
431 450
440 441
669 670
686 687
703 705
731 732
904 905
906 907
908 909
1106 1107
1713 1714
1743 1744
1763 1764
1785 1806
1797 1798
2027 2029
3291 3292
3336 3337
3367 3369
3426 3427
92 93
1159 1160
1716 1717
1831 1832
1299 1300
1836 1837
1834 1835
1720 1721
314 315
920 921
446 447
1116 1117
1802 1803
20 22
1135 1139
1164 1165
208 230
366 367
983 1002
589 590
1367 1368
224 227
1152 1153
27 28
259 263
1365 1366
266 267
1154 1157
1360 1361
225 226
268 269
258 260
1137 1138
2712 2716
2386 2390
2387 2388
2429 2430
2755 2756
571 574
463 464
1358 1359
368 369
1003 1004
1494 1495
1498 1499
1489 1490
726 727
358 359
568 569
347 348
1979 2056
3288 3364
2355 2356
171 172
179 180
2738 2745
2749 2750
2757 2760
2410 2418
2421 2422
2431 2434
2742 2744
122 123
183 184
185 186
278 279
309 310
879 880
667 668
727 728
738 739
448 459
742 750
3433 3449
346 347
323 324
614 615
352 353
118 119
313 411
925 926
2058 2268
430 451
1096 1118
2354 2371
1761 1783
3366 3402
723 743
120 121
426 427
175 176
1832 1833
3405 3406
301 302
924 927
2061 2063
2327 2329
502 503
656 657
177 178
2315 2316
3150 3151
652 653
1206 1207
1663 1664
3200 3201
2314 2315
321 322
1097 1119
2330 2358
2360 2361
706 707
744 745
1772 1773
3380 3381
3407 3438
3441 3443
758 759
1766 1767
319 320
930 931
729 730
735 736
1758 1759
1793 1794
3428 3429
280 281
299 300
442 443
881 882
1104 1105
1113 1114
2338 2339
1210 1211
1547 1548
435 444
449 452
704 707
409 410
43 44
108 109
585 586
37 38
57 58
1856 1857
1854 1855
2639 2640
587 588
364 365
169 170
140 141
142 143
163 164
329 421
354 357
1487 1488
146 147
148 149
626 627
1462 1497
1457 1491
1005 1006
349 354
1191 1192
1450 1452
572 573
498 499
1246 1247
753 754
292 293
902 903
671 672
3485 3526
1996 2087
496 497
290 294
497 499
1245 1247
753 757
1822 1823
482 483
1818 1820
932 933
682 683
1739 1740
1825 1826
3460 3461
3462 3463
3464 3465
612 613
980 1001
1520 1521
337 339
955 957
2059 2060
3289 3290
1452 1493
1530 1531
362 363
464 465
317 318
96 97
254 262
484 485
1208 1209
630 631
1492 1496
609 610
616 617
468 469
264 265
768 769
772 773
1197 1198
1532 1533
1144 1163
591 592
470 471
934 935
1120 1121
1774 1775
1809 1810
1331 1333
618 619
2146 2224
2477 2478
2878 2962
173 174
1631 1632
1659 1660
3243 3244
1341 1343
492 493
820 821
850 851
1938 1939
1940 1941
662 663
423 424
2283 2284
1422 1423
1460 1468
2993 2994
976 986
1193 1194
2481 2482
1195 1196
2475 2476
134 135
500 501
708 709
760 761
897 899
1248 1249
1768 1769
2010 2011
2550 2551
2552 2553
2564 2565
3322 3323
3374 3375
3468 3469
1461 1497
2873 2966
2874 2896
3003 3004
1199 1200
2490 2491
544 545
628 629
1250 1251
2070 2071
1661 1662
3196 3199
72 77
3295 3296
3474 3476
1130 1884
333 386
2492 2493
3005 3006
393 394
403 404
581 583
1543 1544
536 537
718 719
599 600
2347 2348
2349 2350
733 734
740 741
311 312
2030 2031
3338 3339
1804 1805
438 439
684 685
688 689
700 702
1741 1742
922 923
305 306
694 695
778 779
2046 2047
3394 3395
3516 3517
237 238
770 771
1838 1839
1086 1087
1639 1640
3249 3250
2304 2306
3149 3152
3251 3253
2305 2307
508 509
212 213
1066 1067
1212 1213
1217 1218
2276 2277
2517 2518
2522 2523
2539 2540
1442 1443
2837 2839
1446 1447
1729 1730
1727 1728
334 335
257 272
928 929
1712 1756
1305 1306
886 887
1718 1719
804 805
387 422
1028 1062
1045 1046
2243 2275
94 95
270 271
275 276
884 885
910 915
210 211
1845 1851
1637 1638
1666 1668
1084 1085
2906 2963
2137 2226
1840 1841
2661 2662
3389 3390
3137 3138
3153 3154
530 531
2661 2666
3340 3341
1999 2000
3495 3497
3496 3501
1026 1027
2241 2242
2266 2267
407 408
2263 2265
1161 1162
895 896
940 941
1329 1330
2001 2002
2085 2086
2691 2692
3316 3317
3392 3393
3524 3525
412 413
751 752
2372 2373
2003 2004
2007 2034
2032 2033
18 19
73 74
198 199
216 217
2248 2250
2249 2251
1043 1044
395 396
2252 2253
273 274
288 289
98 99
261 262
480 481
802 803
2353 2354
1985 2026
2056 2057
3365 3366
2331 2332
2367 2368
724 725
748 749
3409 3410
207 208
692 693
774 775
3529 3530
3520 3521
2684 2685
2686 2687
558 560
1406 1409
1745 1747
3314 3315
303 304
893 894
911 912
1303 1304
200 202
1557 1559
150 151
165 166
546 547
1389 1390
1392 1393
1602 1603
1607 1608
2783 2784
2816 2817
136 137
1560 1561
2324 2325
2601 2602
3061 3064
3076 3078
1643 1644
3167 3168
3169 3170
3234 3235
1166 1167
1313 1314
1235 1236
1064 1065
1223 1225
1229 1231
2279 2280
2520 2521
2525 2526
1233 1234
2854 2856
2860 2862
2840 2841
1417 1418
1419 1420
1428 1429
1432 1433
2836 2838
2842 2844
2845 2847
252 253
640 641
642 643
696 697
776 777
307 308
534 535
1649 1650
3356 3357
3359 3360
3361 3362
2048 2049
2050 2051
2052 2053
2681 2682
1029 1030
389 390
1049 1050
2244 2245
391 392
1031 1032
1047 1048
2246 2247
16 17
1352 1355
1141 1144
1372 1373
3481 3482
1307 1308
1989 1991
1992 1993
1170 1171
1750 1751
1296 1297
208 209
235 236
355 356
806 807
556 559
644 645
1145 1146
1147 1148
1184 1185
649 651
80 81
1655 1656
1702 1703
1706 1707
660 661
1336 1337
1349 1350
1332 1339
1672 1673
654 655
167 168
666 698
3430 3431
444 445
918 919
1122 1123
2054 2055
2074 2075
1070 1072
1421 1426
1131 1136
1151 1158
564 566
996 997
1480 1482
1172 1173
710 711
1731 1732
1817 1819
1827 1828
1239 1240
1252 1253
540 541
561 562
636 637
1393 1394
1608 1609
2588 2589
3063 3064
161 162
985 986
350 351
357 416
582 584
607 608
2144 2145
2167 2225
2168 2169
2222 2224
2880 2881
2905 2964
2907 2908
417 418
567 568
569 570
964 965
970 971
1007 1008
2132 2223
2138 2139
2865 2867
2875 2876
1842 1843
1847 1848
3506 3507
2667 2671
658 659
1680 1681
3279 3280
798 799
2459 2460
1678 1679
1178 1179
1424 1425
1071 1072
1068 1069
2040 2042
1988 1990
2037 2044
3299 3301
3350 3351
648 650
1561 1562
1603 1604
2571 2573
542 543
554 555
2788 2789
532 533
461 462
1698 1699
3370 3372
3413 3430
399 400
2254 2255
2262 2264
401 402
405 406
2256 2257
2258 2259
2260 2261
397 398
1051 1052
372 373
519 520
521 522
550 551
632 633
638 639
948 951
2076 2077
2079 2080
810 811
1746 1747
3346 3347
2038 2039
1748 1749
338 340
510 523
956 958
1284 1298
3440 3442
453 454
456 457
712 713
2362 2363
3382 3383
506 507
1409 1411
1559 1584
1599 1626
1676 1677
913 914
646 647
2471 2472
2763 2764
953 954
947 962
673 674
675 676
690 691
3348 3349
2973 2974
250 251
1321 1322
1844 1846
3504 3507
1586 1587
504 505
1260 1261
1270 1271
1569 1570
548 549
241 242
2668 2669
1504 1505
1080 1081
1641 1642
1667 1668
1683 1685
1168 1169
1176 1177
766 767
2898 2944
1522 1523
2985 2986
466 467
1467 1468
1526 1527
2586 2587
2597 2598
2606 2607
3069 3070
3160 3185
3177 3178
3181 3182
2072 2073
2548 2549
2566 2567
3376 3377
3453 3454
664 665
3211 3235
3228 3229
3259 3283
517 518
965 966
975 976
1448 1449
1459 1460
1528 1529
2128 2129
2130 2131
2143 2145
2482 2483
2484 2485
2866 2867
2881 2882
2987 2988
2997 2998
2322 2602
3043 3074
3094 3127
1082 1083
1635 1636
1256 1257
1281 1282
1254 1255
1616 1617
1401 1402
1412 1413
3183 3184
3193 3195
2308 2309
2631 2632
2637 2638
1286 1287
1288 1289
2622 2623
1093 1274
1558 1582
1094 1273
2326 2603
2785 2819
3046 3076
1811 1816
2633 2634
2635 2636
1849 1850
1290 1291
3159 3184
3271 3272
3256 3282
3048 3049
3098 3100
3122 3123
2821 2822
990 991
1156 1186
1354 1362
1653 1654
1696 1697
1584 1585
634 635
1623 1624
1088 1089
1692 1693
3236 3237
3252 3254
220 221
2317 2318
3204 3205
3245 3246
1670 1671
1664 1665
1688 1689
1686 1687
1690 1691
2312 2313
3197 3198
3202 3203
3247 3248
1501 1502
1545 1546
3163 3164
1694 1695
3262 3263
1012 1015
1645 1646
1651 1652
2444 2445
2457 2458
3173 3174
3175 3176
3214 3215
3226 3227
1710 1711
942 943
1812 1813
1791 1792
1762 1765
1807 1808
1781 1782
1102 1103
2832 2833
1551 1552
1353 1354
1369 1370
2720 2721
2729 2730
1142 1143
1149 1150
1182 1183
2469 2470
2930 2931
2231 2232
2921 2923
2971 2972
1454 1455
2494 2495
1516 1518
3026 3027
2184 2186
2922 2925
1590 1591
2190 2191
2928 2929
2935 3027
2227 2515
2967 3028
1592 1594
1549 1553
1553 1554
1427 1430
1431 1434
1476 1477
2201 2203
2939 2940
3022 3025
1013 1014
994 995
1202 1864
2216 2217
2942 2943
992 993
1535 1537
2214 2215
2953 2954
3021 3022
2775 2776
2288 2289
2290 2291
3031 3032
3033 3034
3035 3036
2770 2771
2777 2778
3082 3083
3084 3085
494 495
677 678
898 899
1240 1241
1242 1243
1731 1735
1733 1734
2008 2009
3318 3320
3319 3321
3455 3456
414 415
1408 1409
222 223
1383 1384
1387 1388
1395 1396
1597 1598
2818 2820
3116 3117
1555 1556
1581 1583
2319 2320
2604 2605
3054 3055
3067 3068
3073 3075
3077 3079
1258 1259
1262 1263
1264 1265
1563 1564
2570 2572
3047 3048
3052 3053
3060 3062
3065 3066
1405 1408
1407 1410
1595 1596
1601 1621
1620 1622
2808 2809
3105 3106
3118 3119
3120 3121
3126 3128
788 789
239 240
1478 1479
1508 1509
552 553
1588 1589
1391 1400
1614 1615
2823 2824
3109 3111
1397 1399
1403 1404
1612 1613
3124 3125
233 234
1506 1507
71 77
243 244
577 578
231 232
792 793
2408 2419
2699 2700
2701 2703
2735 2746
1770 1771
1829 1830
3470 3471
3472 3473
2568 2569
255 256
29 30
31 32
476 477
2582 2583
3050 3051
3103 3104
3129 3130
3131 3132
2798 2799
2814 2815
2584 2585
2599 2600
196 197
63 64
967 968
23 24
75 76
2205 2206
2218 2219
1317 1318
2915 2938
1274 1275
1272 1273
556 557
1134 1135
2658 2660
2688 2689
3493 3494
3498 3500
3522 3523
3311 3313
2081 2082
1465 1469
2857 2859
1215 1216
2535 2537
1416 1417
2541 2543
1232 1233
1437 1439
2851 2853
1226 1228
1220 1222
2848 2850
2529 2531
2536 2538
2825 2826
1213 1214
2542 2544
2828 2830
2863 2864
1218 1219
2527 2528
2530 2532
2533 2534
624 625
201 202
2910 2982
946 963
855 856
859 861
824 825
1912 1913
827 828
829 830
1915 1916
1917 1918
833 834
835 836
1921 1923
857 858
1960 1961
1963 1964
891 892
1725 1726
1278 1279
1565 1566
214 215
2098 2099
2104 2105
2108 2109
2111 2113
2107 2108
2103 2104
2096 2097
2102 2103
2100 2101
2114 2115
1140 1144
205 206
1346 1347
1348 1349
2391 2392
2393 2394
2402 2403
2717 2718
2719 2720
2727 2728
978 984
2235 2236
2975 2976
1055 1056
2182 2202
1674 1675
1700 1701
1708 1709
2461 2462
3230 3231
1517 1519
2155 2208
916 917
1752 1753
1754 1755
1327 1328
1852 1853
1737 1738
900 901
1821 1823
680 681
754 757
3220 3221
3269 3270
1174 1175
2451 2452
1669 1883
1704 1705
2152 2208
2891 2947
979 980
2376 2385
2424 2426
2427 2428
2713 2714
2385 2386
2432 2433
2710 2711
2747 2748
2758 2759
2753 2754
194 195
1132 1133
1187 1188
2377 2378
2380 2381
1334 1335
1370 1371
2706 2707
2118 2127
2119 2120
2615 2616
2610 2611
1268 1269
1276 1277
1398 1399
1567 1568
1624 1625
1627 1628
2193 2197
1092 1093
945 963
2116 2117
2611 2638
2121 2122
2125 2126
2630 2631
972 973
1189 1190
1456 1458
1524 1525
1577 1578
2833 2835
2281 2285
2282 2287
2831 2834
1357 1358
1198 1199
1533 1534
3071 3072
1385 1386
1605 1606
2794 2795
2578 2579
2608 2609
2792 2793
3080 3081
1129 1130
85 86
88 89
2149 2210
2887 2948
2173 2209
1155 1156
1244 1247
291 292
901 902
2019 2020
2559 2560
679 683
755 756
1736 1740
3330 3331
218 219
21 22
968 969
981 982
1451 1453
1315 1316
1325 1326
1128 1129
1356 1357
1568 1578
3057 3059
1381 1382
2779 2780
1379 1380
2790 2791
3092 3093
1575 1576
3040 3041
1090 1091
1266 1267
2575 2576
1180 1181
2663 2664
2670 2678
2674 2675
3310 3312
2005 2006
2041 2043
973 974
2336 2337
3368 3373
3415 3416
1975 1977
2093 2094
2333 2334
2369 2370
3399 3400
3411 3414
3284 3285
1974 1976
2064 2065
2357 2359
3437 3439
3286 3287
1977 1978
2066 2067
2334 2335
65 66
69 70
203 204
83 84
246 247
248 249
1600 1621
1435 1439
1227 1230
1221 1224
1440 1443
2523 2524
2843 2846
1441 1442
2855 2858
1436 1438
2849 2852
1444 1447
1445 1446
2861 2863
1063 1067
2277 2278
2518 2519
2827 2829
1344 1345
2715 2716
2743 2744
2389 2390
2409 2411
2737 2739
2416 2417
2590 2591
1571 1572
1573 1574
1579 1580
1610 1611
1618 1619
1629 1630
3133 3134
1414 1415
2806 2807
2812 2813
2442 2443
3161 3162
3260 3261
3275 3276
3212 3213
3224 3225
2186 2187
2516 2574
2926 2927
2196 2198
2513 2514
2398 2425
2412 2466
2725 2751
2740 2761
1942 1944
1945 1946
1901 1903
1906 1907
1970 1972
1073 1074
2233 2234
2379 2382
2392 2395
2400 2404
2401 2405
2705 2708
2728 2732
2762 2764
3527 3528
538 539
2694 2695
325 326
2088 2089
1895 1898
1891 1897
1633 1634
1078 1079
1682 1684
3192 3194
3242 3243
2702 2708
2722 2724
2731 2734
2766 2768
2374 2383
2395 2397
2404 2407
1647 1648
1657 1658
2436 2446
3179 3180
3255 3264
3280 3281
3029 3030
1823 1824
3328 3329
2017 2018
2557 2558
1550 1553
1376 1378
1592 1593
2447 2448
2449 2450
3266 3268
3165 3166
3216 3217
3218 3219
3265 3267
2800 2801
2810 2811
3110 3111
2592 2593
2594 2596
3017 3018
3488 3489
977 984
987 988
1466 1469
1470 1471
1054 1055
1021 1022
1512 1513
814 816
819 821
841 843
1902 1909
1904 1910
1905 1911
1929 1934
1943 1950
847 848
870 872
2989 2990
3486 3487
2496 2497
3009 3010
1338 1339
1363 1364
1092 1280
2932 2933
2924 2927
2580 2581
3056 3058
3107 3108
2577 2595
2796 2797
2188 2189
2199 2200
1472 1473
2963 2965
3519 3520
2683 2687
2696 2697
2090 2091
3396 3397
1340 1342
1350 1351
2413 2414
2741 2742
2414 2415
2420 2423
2751 2752
3378 3379
3454 3455
2068 2069
1374 1377
1075 1076
1073 1077
1375 1376
1319 1320
1862 1863
1323 1324
862 863
866 867
1957 1958
1924 1925
1932 1933
825 826
831 832
837 838
1913 1914
1919 1920
854 856
864 865
1961 1962
1965 1966
2786 2787
2802 2803
3099 3100
3112 3113
2804 2805
3101 3102
3114 3115
2183 2185
2213 2214
2220 2221
2238 2239
2949 2951
2950 2952
2954 2955
2957 2959
2960 2961
2978 2979
2983 2984
2217 2218
2956 2958
3222 3223
2435 2437
2453 2454
2455 2456
3171 3172
3206 3208
3209 3211
3232 3233
3257 3259
3277 3278
2438 2440
2463 2464
3155 3157
2351 2352
3293 3294
1982 1983
3432 3434
1984 1985
2769 2770
2292 2294
2772 2773
3086 3088
1967 1968
1972 1973
1927 1928
950 960
2546 2547
2968 2981
2614 2617
1858 1859
1715 1722
2659 2665
3499 3502
3503 3505
3510 3511
3419 3420
3423 3424
3435 3436
2340 2344
2341 2342
815 817
822 823
839 840
842 844
1900 1908
1930 1931
852 853
871 873
1937 1948
883 890
1860 1861
2300 2301
3135 3136
2310 2311
3145 3147
3186 3187
2919 2920
2151 2152
2158 2159
2179 2180
2194 2195
2934 2936
2439 2440
3156 3157
3207 3208
3210 3211
3258 3259
1887 1888
3240 3241
2302 2303
3140 3142
3143 3144
3139 3141
3146 3148
3188 3189
3190 3191
3238 3239
2883 2884
2140 2142
2479 2480
2877 2879
2991 2992
2147 2148
2486 2487
2868 2869
2885 2886
2888 2889
3089 3090
3037 3038
3087 3089
2293 2296
2295 2297
2773 2774
2298 2299
3038 3039
3090 3091
3342 3343
3533 3534
3490 3491
3514 3515
2679 2680
3354 3355
2035 2036
2676 2677
3512 3513
1311 1312
2672 2673
1998 3537
2133 2134
2148 2160
2869 2870
2886 2899
2999 3000
3007 3008
2141 2163
2995 2996
2134 2135
2163 2164
2170 2171
2488 2489
2895 2900
2902 2903
3001 3002
2153 2154
2156 2157
2871 2872
2166 2170
2914 2917
3535 3536
2044 2045
3483 3484
3508 3509
3538 3539
3531 3532
2091 2092
3358 3360
3397 3398
3518 3519
2697 2698
2498 2499
2174 2175
2506 2507
2501 2502
2901 2913
3012 3013
1894 1896
2912 2913
2176 2177
3019 3020
2467 2468
2704 2709
2765 2767
2909 2910
2210 2270
2178 2181
1481 1486
1539 1540
2015 2016
2556 2557
3466 3467
3326 3327
3324 3325
3457 3458
2012 2014
2013 2025
2554 2555
3325 3334
2023 2024
2562 2563
3333 3334
2021 2022
2560 2561
3331 3332
3458 3459
2441 2447
3158 3165
3273 3274
2321 2323
2781 2782
3042 3044
2375 2384
2396 2399
2406 2408
2465 2467
2473 2474
2723 2726
2733 2736
3095 3096
2181 2182
2916 2918
2890 2892
1885 1886
1892 1893
2628 2629
2612 2613
2624 2625
3045 3046
3096 3097
3344 3345
3352 3353
2083 2084
2654 2690
3306 3391
2228 2229
1484 1485
