8373972591416144574 4638 104
2.633220 -1.251470 19.621500
3.164700 -1.399540 19.202299
2.849840 -1.024040 20.001499
3.092520 -1.383540 19.956999
2.380430 -1.137040 19.328199
2.185480 -1.342220 19.626099
2.677420 -1.320360 19.691000
2.119580 -1.039790 19.044800
2.464810 -1.156000 18.735500
2.065340 -0.956513 19.096899
1.915180 -0.955274 18.842400
1.971390 -1.278570 18.658600
1.988140 -1.085760 18.869999
1.620660 -0.805019 18.618599
1.550950 -0.768446 18.564600
1.676070 -0.737840 18.527800
1.404670 -0.712729 18.427599
1.529550 -0.922050 18.430300
1.516990 -1.009590 18.419100
1.122990 -0.612479 18.164999
1.316120 -0.632782 18.108900
1.010760 -0.554432 18.025999
0.943323 -0.533161 17.935699
1.017710 -0.780476 17.986700
0.987936 -0.482748 18.173300
0.712531 -0.437914 17.624201
0.763175 -0.349780 17.589100
0.737200 -0.401752 17.649200
0.563123 -0.373781 17.371399
0.094910 -0.116171 16.041100
0.167917 -0.200196 16.646400
0.415265 -0.310213 17.193199
1.096520 -0.633959 18.125898
1.974450 -0.954719 18.874399
2.742250 -1.291570 19.739000
1.441980 -2.273820 20.951298
1.561230 -2.449660 21.006201
1.508440 -2.269450 21.511499
1.412850 -2.099850 20.678501
1.273100 -2.509840 20.628401
1.532760 -1.989670 21.004099
1.321890 -1.892390 20.395699
1.787210 -1.870180 20.574799
1.609760 -1.916910 20.285099
1.268410 -1.725140 20.150999
1.091730 -2.003690 20.359100
1.346220 -1.868110 20.233101
1.137410 -1.454720 19.889299
1.347130 -1.731580 19.816500
1.542430 -1.522910 20.342899
1.031750 -1.246380 19.704100
0.999184 -1.690380 19.691500
1.144580 -1.578570 19.744200
1.265890 -1.428910 19.785900
0.817799 -0.932439 19.380100
1.376200 -1.177930 19.341801
0.888513 -0.706464 19.717400
1.339560 -1.046960 19.367901
0.672961 -0.711213 19.083799
0.507855 -0.699575 19.068499
0.765022 -0.730210 19.060200
0.529400 -0.515468 18.764700
0.820726 -0.818916 18.824100
0.522652 -0.339539 18.941099
0.445817 -0.399171 18.506300
0.394129 -0.464243 18.387800
-0.034632 0.007674 16.387299
0.242225 -0.041790 17.632500
0.502504 -0.509059 18.783899
0.728684 -0.821231 19.285500
1.256710 -1.692910 20.052198
1.476990 -2.363610 21.112299
0.605048 -0.365872 19.277599
0.297676 0.071483 19.048599
0.587626 -0.432262 18.945499
0.147442 -0.014071 18.673599
0.932581 -0.179360 18.932098
0.621168 -0.330425 18.789398
0.638590 -0.217690 18.636000
0.649156 -0.273905 18.137199
0.649904 -0.273713 18.039598
0.672630 -0.288501 17.915501
0.645909 -0.279101 17.810101
0.667452 -0.299390 17.718300
0.646521 -0.278532 17.641500
0.566154 -0.243847 17.846701
0.770174 -0.145031 17.617399
0.638826 -0.297416 17.341499
0.626077 -0.275865 17.226700
0.308082 -0.166157 17.037500
0.539393 -0.548220 17.039700
0.371464 -0.154215 17.175400
0.603366 -0.459971 17.080500
0.191422 -0.184976 17.062199
0.463159 -0.506910 16.821699
0.122041 -0.321645 16.888000
0.542436 -0.289811 16.700699
0.435577 -0.284749 16.834799
0.423247 -0.231126 16.171600
0.398688 -0.239635 16.063000
0.388967 -0.232996 16.025000
0.382156 -0.090405 15.933199
0.676859 -0.192369 19.042500
-0.035697 -0.251428 14.059799
0.112578 -0.189535 15.130600
0.205164 -0.205192 15.473700
0.444226 -0.274326 16.148899
0.595625 -0.262339 16.855400
0.623912 -0.281712 17.570601
0.630063 -0.285723 17.924999
0.664049 -0.264942 18.641701
0.806886 -0.000113 17.553499
3.584780 0.758620 19.855499
3.120960 0.368727 19.286499
3.421550 -0.050595 19.195299
3.039730 0.377816 19.408400
2.780020 0.328792 19.065100
3.322550 0.528118 19.038099
3.238720 0.226778 18.467800
2.565780 0.629539 19.244101
2.455410 0.297246 18.841600
2.655390 0.217380 19.111099
2.328720 0.303384 18.996399
2.126860 0.253791 18.612099
2.167600 0.346294 18.600599
2.330690 0.386329 18.554699
1.887700 0.220468 18.436199
1.926860 0.205282 18.776300
2.128720 0.035313 18.362299
1.575490 0.183932 18.185999
1.813760 0.202370 17.999300
1.472540 0.279861 18.038399
1.340770 0.159069 17.991699
1.625190 -0.067989 17.894100
1.387980 0.195467 18.418600
1.373600 -0.190171 17.756899
1.000510 0.079469 17.636400
1.085060 0.102126 17.519499
0.897951 0.218840 17.666300
0.925822 0.115482 17.437099
0.761299 0.022474 17.320200
0.815939 -0.002941 17.396099
-0.123059 -0.239739 15.439599
0.280136 -0.017393 16.571600
0.928492 0.044638 17.602499
1.347890 0.145008 18.031099
2.331250 0.275456 18.728699
3.342400 0.395395 19.432600
4.097070 0.489715 20.345301
4.146350 0.320895 20.391800
3.688030 0.170114 20.183399
4.097210 0.142789 20.667500
3.895400 -0.198697 19.829399
3.503620 0.272258 20.760500
3.293450 0.177284 19.886999
3.592730 0.399668 19.785601
3.593210 0.363043 19.770899
3.042310 0.155310 19.716801
2.937160 0.196848 20.175798
3.460480 -0.185363 19.655800
2.721120 0.127306 19.490499
2.897670 0.146609 19.194099
2.950990 0.433889 19.464199
2.490580 0.120403 19.294001
2.751880 -0.139006 19.199100
2.480610 0.249654 19.699499
2.187680 0.100710 19.039398
2.275390 0.326498 19.060900
2.217570 0.116341 18.948500
1.937700 0.110499 18.836899
2.336390 -0.070368 19.138300
2.219380 0.029673 19.081400
1.678290 0.046731 18.567200
1.657500 0.037279 18.489201
1.595250 0.158852 18.505798
1.465520 0.037015 18.290199
1.860730 -0.193968 18.505100
1.411090 -0.045953 18.690500
1.220430 -0.005379 18.043299
1.316390 0.171674 18.015400
1.151100 0.020752 17.879799
1.036390 -0.016071 17.801600
0.960436 -0.042818 18.046801
-0.110341 -0.222752 15.599100
0.431901 0.009962 16.927500
1.242400 -0.025850 18.124498
1.724060 0.036321 18.655399
2.844070 0.127195 19.555300
3.999040 0.148168 20.435200
1.399830 0.514331 18.335400
2.992840 -0.161895 19.860100
2.640580 -0.075214 19.949301
2.561070 -0.089838 19.460600
2.700870 0.227370 19.590500
2.825130 -0.046392 19.170898
2.333810 -0.086123 19.265699
2.500620 -0.209723 19.544100
2.464860 -0.220677 19.275600
2.012030 -0.074161 19.031700
2.331590 -0.160433 19.017199
2.053040 0.095217 19.196199
1.788540 -0.078410 18.828299
1.866870 -0.191701 18.718100
1.726530 -0.047613 19.027800
1.491580 -0.090801 18.559700
1.752950 0.013152 18.629499
1.649650 0.021100 18.402700
1.300200 -0.003749 18.604500
1.216660 -0.094234 18.270599
1.370450 -0.266239 18.201099
1.088030 -0.198625 18.425900
0.970508 -0.100665 17.958399
0.975726 -0.052679 17.886499
0.911968 -0.076970 17.899399
0.798916 -0.103631 17.710899
0.722814 -0.098452 17.887800
0.878011 -0.216597 17.707899
0.610166 -0.186062 17.750200
2.893580 -0.101348 19.775900
0.089347 -0.276539 16.069799
0.215880 -0.105544 16.648800
0.791086 -0.157401 17.691401
1.559630 -0.066266 18.595699
2.453710 -0.082253 19.378099
2.896110 -0.100624 19.780600
2.190410 -1.292750 19.693800
2.463490 -1.419690 19.754000
2.212460 -0.992654 19.896801
2.033570 -1.195230 19.463100
2.076600 -1.460400 19.492199
1.988970 -1.109670 19.678799
2.105730 -1.195410 19.378000
1.727150 -1.010460 19.114100
1.994770 -1.093730 19.112099
1.849120 -0.716610 19.264399
1.542930 -0.885943 18.913198
1.579350 -0.991648 18.732901
1.636000 -0.905566 19.090601
1.261610 -0.733285 18.678499
1.553010 -0.610278 18.734800
1.325470 -0.731299 18.379599
1.052390 -0.598043 18.483101
1.010390 -0.711857 18.574499
1.163500 -0.733868 18.507500
0.837923 -0.482604 18.186399
0.953979 -0.525866 18.003199
0.769646 -0.344326 18.087900
0.684952 -0.395815 17.944700
0.636753 -0.371172 17.861601
0.541181 -0.367756 17.834000
0.762553 -0.549783 17.916899
0.484413 -0.354385 17.684200
2.274100 -1.342840 19.809999
0.136601 -0.255460 16.323101
0.176041 -0.213011 16.963699
0.766112 -0.457291 18.039101
1.549280 -0.865508 18.917999
2.274190 -1.341100 19.814400
2.842200 0.426966 19.069698
2.749130 0.406798 19.034800
2.947850 0.215692 19.075800
2.809610 0.345146 19.476099
2.392200 0.337690 18.874201
2.431700 0.463798 18.626400
2.556860 0.406026 18.587299
2.098270 0.328553 18.728100
2.333570 0.214552 18.687599
2.289560 0.195217 18.718100
1.773540 0.306299 18.561199
1.909610 0.324587 18.510698
1.658790 0.452988 18.568001
1.505750 0.302671 18.423000
1.611980 0.189411 18.285601
1.744410 0.224346 18.365499
1.188830 0.271585 18.189100
1.206320 0.327638 18.066000
1.109140 0.279814 18.061100
1.065700 0.381982 18.143299
0.905087 0.240451 17.909399
0.908827 0.160770 18.027800
0.878281 0.076741 18.009100
-0.038679 -0.035004 16.390999
0.437501 0.222627 17.315100
1.081760 0.256822 18.150700
1.505080 0.296765 18.460899
2.470030 0.328037 18.895699
3.070120 -0.522454 19.430401
2.751590 -0.677506 19.439999
2.467170 -0.626454 19.199699
2.565000 -0.786432 19.487400
2.629510 -0.736106 19.247700
2.165980 -0.476099 18.979000
2.341020 -0.532333 18.951199
2.493500 -0.351326 19.046400
1.930420 -0.368936 18.830700
1.984800 -0.647821 18.720900
1.965610 -0.391230 19.016100
1.605060 -0.252927 18.620800
1.529240 -0.226672 18.562199
1.782560 -0.207968 18.678600
1.746900 0.038362 18.446600
1.301610 -0.155237 18.380699
1.454310 -0.420857 18.251099
1.249620 -0.266188 18.354399
1.007900 -0.082393 18.115400
1.250770 0.138637 18.281500
1.321860 0.085551 18.007000
0.824752 -0.041289 17.882099
0.763048 -0.027850 17.805899
0.700660 -0.014407 17.728399
0.648452 -0.027345 17.702900
-0.011720 0.039388 16.165300
0.458056 -0.066781 17.175900
1.019330 -0.045497 18.130501
1.855470 -0.353759 18.809700
2.302550 -0.544834 19.079100
2.886740 -1.016520 19.452900
2.966770 -1.425480 19.333599
2.311310 -1.198510 19.098499
2.283770 -1.220780 19.306999
2.548240 -1.532350 18.899399
2.007440 -0.964987 18.897299
2.314610 -1.145640 18.719999
2.086590 -0.832103 18.954100
1.816090 -0.795015 18.815599
1.935910 -1.042230 18.777300
1.809700 -0.888948 18.776999
1.522920 -0.618737 18.608398
1.472710 -0.576269 18.562599
1.496330 -0.520397 18.562599
1.309870 -0.497198 18.435799
1.463420 -0.695165 18.745399
1.318930 -0.643707 18.504000
1.033170 -0.364344 18.175200
0.949630 -0.330175 18.095100
1.000940 -0.285022 18.053299
1.029780 -0.241836 17.964699
0.788530 -0.254420 17.871500
0.733521 -0.231159 17.794100
0.699786 -0.297063 17.698101
-0.053514 -0.040589 16.199200
0.394865 -0.035035 17.223000
0.951577 -0.332745 18.144600
1.346370 -0.525137 18.502399
2.174480 -1.087780 18.978399
0.598278 -0.295240 18.269199
2.039130 -1.857120 19.426899
1.743210 -1.769680 19.125401
1.733020 -2.003120 19.031300
1.921570 -1.902060 19.292400
1.461320 -1.495520 18.980999
1.735740 -1.513120 19.039398
1.587620 -1.479880 18.834398
1.293940 -1.292540 18.864000
1.295820 -1.553860 19.024300
1.297010 -1.387180 18.805099
1.078120 -0.991720 18.705900
1.102960 -1.058700 18.626400
1.212390 -0.918624 18.660700
1.149010 -0.909679 18.534100
0.885127 -0.701810 18.512499
0.737349 -0.719269 18.516899
0.948271 -0.782081 18.398699
0.689995 -0.458375 18.256199
0.812153 -0.515409 18.243399
0.614852 -0.361590 18.144800
0.561185 -0.333674 18.013399
0.604778 -0.517499 18.039398
0.438054 -0.273577 17.873600
-0.047707 -0.051089 16.312399
0.250290 -0.018405 17.355600
0.659052 -0.461904 18.259899
0.925867 -0.791975 18.602098
1.550480 -1.572590 18.986599
-1.363120 3.298290 19.116600
-1.336960 3.279830 19.182299
-1.013470 2.880890 18.930500
-1.103390 3.002890 19.328499
-0.815339 3.050550 18.923800
-1.161360 3.023050 19.170200
-0.860344 2.510030 18.674101
-1.117230 2.638230 18.516800
-0.932023 2.677960 18.724699
-0.772007 2.274510 18.515999
-0.884818 2.457870 18.499599
-0.691483 2.395090 18.532099
-0.633169 1.952390 18.320999
-0.577254 2.163750 18.014999
-0.898574 1.975430 18.415199
-0.528166 1.706290 18.186600
-0.349003 1.829210 18.067499
-0.525929 1.571210 18.297800
-0.412367 1.374020 17.980299
-0.385480 1.299990 17.928999
-0.316263 1.362750 17.689400
-0.496086 1.193690 17.902100
-0.313494 1.070150 17.755699
-0.081756 1.240110 17.794699
-0.329197 0.842275 17.773699
-0.248229 0.797970 17.469500
-0.301280 0.785182 17.381399
-0.233874 0.703382 17.305899
-0.072374 -0.016217 16.250799
-0.062377 -0.254106 15.645700
-0.159142 0.704136 17.331299
-0.521133 1.631480 18.134001
-0.926354 2.663330 18.798901
-1.117870 3.173540 19.158298
1.962570 2.382480 19.207199
1.914230 2.317100 19.153999
2.174530 2.471070 18.901800
1.792570 2.756470 19.380699
1.890240 2.456010 18.894800
1.717690 2.049080 18.930500
1.833130 2.197720 19.097900
1.873020 2.154770 18.970600
1.515870 1.779870 18.708000
1.613690 1.773540 18.448399
1.279610 2.083850 18.816000
1.364840 1.572500 18.553499
1.716150 1.472300 18.504999
1.156840 1.561670 18.829599
1.169800 1.285380 18.351700
1.194800 1.785680 18.290899
1.445220 1.622220 18.380699
1.009170 1.095950 18.180000
1.261340 1.286750 18.306499
0.950096 1.118990 18.438101
0.808608 0.850067 17.939499
1.144410 1.210510 18.199699
0.740348 1.313480 17.910900
0.662112 0.686554 17.736200
0.833834 0.598230 17.672499
0.584272 0.564653 17.696501
0.467089 0.465907 17.426600
0.427434 0.733469 17.455099
0.489243 0.587357 17.242599
-0.011361 -0.110890 15.986700
-0.135783 -0.239725 15.399301
0.397407 0.274602 17.080000
0.836032 0.930632 18.003599
1.464960 1.725400 18.688000
1.780980 2.133230 19.024599
0.745567 2.498210 20.066601
0.813692 2.075610 19.674700
1.052310 2.109330 20.073000
0.767969 2.132490 19.811701
1.129480 2.102480 19.361401
0.670171 1.726600 19.351700
0.783732 1.993200 19.118700
0.605056 1.715140 19.199398
0.588517 1.503590 19.172400
0.761711 1.674390 19.141500
0.498658 1.444580 19.324301
0.494365 1.195450 18.940699
0.469108 1.127400 18.884800
0.477311 1.216220 18.857100
0.431264 0.979736 18.744999
0.437933 1.196170 18.877199
0.445873 0.938443 18.879398
0.362734 0.724892 18.450800
0.421129 0.842648 18.296499
0.308145 0.644384 18.311600
0.313940 0.580980 18.169100
0.416745 0.533070 18.184500
0.319086 0.560439 18.205099
0.267990 0.440566 17.970100
-0.004234 0.084724 16.480900
0.246894 0.221961 17.519100
0.345664 0.748393 18.431999
0.564600 1.466560 19.164598
0.706338 1.866640 19.484600
0.417518 2.336140 19.925600
0.584107 2.015740 19.676399
0.739543 2.166620 19.722599
0.581184 2.145120 19.933199
0.536509 1.707560 19.425501
0.386886 1.927920 19.274599
0.595447 1.862410 19.374201
0.478334 1.474480 19.245300
0.590614 1.696930 19.243000
0.507991 1.503490 19.193001
0.390041 1.168530 19.000200
0.468977 1.232680 18.707100
0.082412 1.179690 19.039799
0.321136 0.948993 18.807800
0.425974 0.947869 18.685799
0.241700 0.882149 18.748699
0.444371 0.937860 18.621599
0.267157 0.622016 18.425301
0.328470 0.757215 18.335999
0.191210 0.571152 18.271299
0.238182 0.497970 18.152399
0.380480 0.480930 18.233700
0.230672 0.386980 18.023199
-0.061891 0.017963 16.413000
0.232785 0.243401 17.425400
0.225134 0.639128 18.419100
0.448948 1.356600 19.185101
0.556374 1.774300 19.499201
-0.768187 2.470270 19.995998
-0.407445 2.069630 19.554100
-0.286631 2.186480 19.511999
-0.575094 2.034480 19.785999
-0.273720 2.102320 19.551500
-0.312266 1.695490 19.240000
-0.233639 1.947460 19.149700
-0.548718 1.722560 19.466299
-0.235135 1.458620 19.043900
-0.147853 1.466460 19.282801
-0.426835 1.289090 19.309599
-0.161247 1.157370 18.821800
-0.594951 1.460530 18.900000
-0.248979 1.432090 18.893599
-0.097406 0.947527 18.621899
-0.261306 0.992302 18.762699
-0.108080 0.995901 18.835199
-0.036957 0.719775 18.300900
0.116047 1.021270 18.367701
-0.280105 0.671039 18.382999
-0.003893 0.566751 18.051199
-0.006543 0.514107 17.947300
-0.011512 0.467322 17.901100
0.049348 0.469739 17.849800
-0.451456 2.240960 19.704699
-0.048388 0.025425 16.125299
0.137778 0.155336 17.239300
-0.039219 0.693698 18.198999
-0.255006 1.379100 19.029499
-0.370283 1.821220 19.351801
0.675397 0.594098 18.385500
-0.255515 2.300280 19.434399
-0.204296 2.562220 19.365499
-0.516202 2.349620 19.403198
-0.155664 2.083240 19.250601
0.029011 2.318230 19.335300
-0.314077 2.235570 19.537399
-0.052451 1.751120 19.047100
-0.258097 1.925460 18.976500
-0.097785 1.950600 18.955500
0.003464 1.497160 18.897200
-0.086727 1.633890 18.997799
0.073478 1.577940 18.776400
0.019123 1.154220 18.690500
0.042254 1.172670 18.579399
-0.003307 1.037690 18.589899
0.033171 0.948094 18.510000
0.039906 0.853206 18.424999
0.037282 1.113300 18.608198
0.195419 0.886191 18.461300
0.061928 0.596286 18.119499
0.092322 0.609135 18.046200
-0.010161 0.491628 18.112299
0.071817 0.431828 17.865299
-0.040225 0.105382 16.826500
0.058876 0.171917 17.358398
0.063349 0.375915 17.858198
0.054489 1.100390 18.642700
-0.135447 2.005520 19.178400
0.026254 0.272660 17.310600
-0.444033 2.628030 19.477098
-0.347770 2.607310 19.245100
-0.305387 2.227100 19.372799
-0.425231 2.497370 19.502499
-0.156658 2.319360 19.300301
-0.390272 1.939950 19.593199
-0.192814 1.807750 19.085899
-0.351814 2.011850 19.153900
-0.186648 1.925010 18.803799
-0.130229 1.600370 18.911699
-0.171323 1.764560 18.970400
0.032111 1.571990 18.971199
-0.071402 1.289890 18.664900
0.010706 1.397450 18.383801
-0.224185 1.392690 18.521999
-0.039382 1.070250 18.465000
0.029934 1.075010 18.592299
-0.056175 0.969657 18.518299
-0.002261 0.784316 18.185499
-0.017133 0.765951 18.101200
-0.013283 0.830882 18.079201
-0.010736 0.622278 17.947599
0.014490 0.559351 17.857300
0.171877 0.686188 17.880199
0.060463 0.481863 17.850000
-0.014633 -0.154509 16.123800
-0.044109 0.242314 17.184599
-0.005720 0.744757 18.188101
-0.054512 1.147900 18.575899
-0.228798 2.049930 19.233799
-0.761900 2.790780 19.893999
-0.616766 2.774350 19.917000
-0.373039 2.214190 19.570200
-0.537667 2.274190 19.791300
-0.202519 2.451670 19.849899
-0.279646 1.924780 19.317699
-0.214710 2.227940 19.049900
-0.347653 1.833880 19.318899
-0.188674 1.707730 19.132500
0.099914 1.889150 19.160799
-0.239180 1.769870 19.137699
-0.119952 1.390740 18.902901
-0.108924 1.317960 18.846800
-0.116162 1.377880 18.854200
-0.099678 1.188510 18.708700
-0.072125 1.086940 18.648298
0.054858 1.223550 18.767700
-0.119245 1.041050 18.901199
-0.037555 0.814365 18.363899
-0.052501 0.792924 18.294001
-0.068727 0.795729 18.301600
-0.015262 0.637416 18.122700
0.000090 0.664577 18.178600
0.021376 0.539728 17.956800
-0.053940 0.070636 16.505501
0.107380 0.340265 17.539101
-0.078574 0.893866 18.422400
-0.188342 1.666770 19.127699
-0.347533 2.060650 19.447399
-1.117100 3.141520 19.003300
-0.508127 2.927980 18.947399
-0.345538 3.096460 18.834799
-0.605407 3.058590 18.962299
-0.387539 2.609910 18.747700
-0.796829 2.866450 18.699799
-0.505980 2.719190 18.707500
-0.311160 2.379290 18.572100
-0.492653 2.442440 18.697100
-0.325933 2.384420 18.607399
-0.218802 2.053060 18.361300
-0.191460 2.430200 18.287100
-0.426953 1.953210 18.592699
-0.169937 1.789120 18.217199
-0.159459 1.702750 18.176100
-0.212228 1.803180 18.335400
-0.013065 1.716130 18.365999
-0.106259 1.385560 17.940899
-0.006392 1.759300 17.773100
-0.446410 1.534110 17.820400
-0.074688 1.159630 17.753799
0.016645 1.221980 17.740999
-0.054907 1.016270 17.625601
-0.038455 0.868094 17.477600
-0.582325 3.116990 19.070000
0.129023 0.206102 16.581299
-0.002437 0.460371 17.094999
-0.045591 1.290750 17.858999
-0.276042 2.224540 18.440399
-0.582982 3.117030 19.071999
0.699413 0.593301 18.936399
0.730698 2.693020 19.465601
0.482317 2.307290 19.698101
0.940008 2.455450 19.335300
0.502142 2.029310 19.303499
0.662254 2.558820 19.400400
0.391256 1.878440 19.465200
0.461749 1.799510 19.121500
0.777506 1.855400 19.236700
0.389787 1.641530 19.218599
0.403305 1.489560 18.877199
0.379789 1.438420 18.817200
0.443517 1.578330 18.798100
0.352715 1.264800 18.686399
0.367849 1.490620 18.614799
0.585001 1.296090 18.668100
0.298389 0.999011 18.394100
0.371006 1.140300 18.304899
0.162856 0.946311 18.321800
0.252737 0.815919 18.126801
0.335439 0.885002 18.212200
0.296804 0.740228 18.327299
0.230592 0.725482 18.034899
0.506306 2.449730 19.625698
0.206670 0.150700 16.841000
0.111048 0.296285 17.369499
0.314927 0.875422 18.237400
0.410243 1.634390 18.975698
0.505774 2.449490 19.627600
0.841789 2.424760 19.526501
0.939295 2.645800 19.677799
0.838125 2.457220 19.681898
0.725324 2.118610 19.296099
0.833416 2.210480 18.984100
0.562948 2.260930 19.075300
0.656151 1.875320 19.134100
0.892453 2.105850 19.244301
0.615211 1.752420 19.380999
0.566158 1.542250 18.935400
0.502661 1.592640 18.812399
0.565432 1.600780 18.878901
0.498378 1.286140 18.795799
0.605696 1.411680 18.970200
0.533320 1.257440 18.876099
0.420415 0.995869 18.539200
0.419035 0.968598 18.489698
0.244172 0.973396 18.420500
0.365096 0.799442 18.320499
0.576936 0.766473 18.286100
0.228155 0.578363 18.530199
0.298610 0.561057 18.007399
0.908406 2.542930 19.604300
0.194316 -0.012265 16.488001
0.264842 0.508841 18.005400
0.361890 0.832901 18.421801
0.635598 1.677840 19.003099
0.880098 2.525590 19.600899
1.188030 2.086460 19.629101
0.897708 1.893660 19.823299
0.850666 1.746400 19.415501
0.751158 1.996210 19.435900
0.851301 1.860240 19.548500
0.730802 1.536440 19.241800
0.874530 1.637230 19.402500
0.812848 1.555250 19.185299
0.595909 1.249000 18.997499
0.776358 1.451670 18.904301
0.435151 1.264300 19.100399
0.536272 1.026720 18.806000
0.729706 0.966049 18.723600
0.528586 1.048940 18.781599
0.612204 0.934161 18.772200
0.436670 0.689577 18.432199
0.491361 0.753389 18.236000
0.315537 0.691482 18.394899
0.368339 0.541548 18.184700
0.595424 0.544443 18.205500
0.282822 0.464471 18.247801
0.286075 0.363535 17.854200
0.254988 0.471533 17.878000
1.352720 2.242040 19.791899
0.169979 -0.099302 16.246700
0.238891 0.309296 17.813700
0.353302 0.547505 18.281799
0.636415 1.279460 19.027199
1.057790 2.060320 19.630999
2.134250 2.183030 19.444698
1.692450 2.150040 19.562700
1.537130 1.910930 19.095798
1.604010 2.380090 19.070900
1.712660 2.405670 18.870199
1.416470 1.764130 18.931200
1.537630 1.778990 19.061100
1.581720 1.779100 18.987801
1.232170 1.505550 18.698599
1.302660 1.589870 18.555698
1.123240 1.391440 18.580999
1.067290 1.327900 18.520201
1.206350 1.295710 18.695799
0.997175 1.247240 18.760000
0.875811 1.086680 18.270599
0.832648 1.061740 18.216200
0.834966 1.121510 18.242901
0.728544 0.898560 18.063200
0.848305 1.018690 18.226200
0.863825 0.831628 17.914900
0.583884 0.679742 17.788500
0.622474 0.680865 17.619499
1.832340 2.260090 19.399099
0.107972 0.140917 16.849499
0.520574 0.663121 17.677399
0.964108 1.234690 18.446999
1.256750 1.548380 18.760099
1.789220 2.181330 19.395800
1.867030 2.056770 19.525099
1.462230 1.891940 19.309299
1.629540 2.076930 19.028999
1.344220 1.942910 19.503500
1.317760 1.745360 19.092400
1.634910 1.612970 18.974899
1.203970 1.873310 19.372400
1.130570 1.490680 18.848700
1.107060 1.691890 18.928101
1.167130 1.580450 18.880400
0.998346 1.290630 18.670401
1.197930 1.382280 18.865099
0.986526 1.230020 18.723700
0.790150 1.204160 18.793699
0.789553 0.959095 18.365799
0.754282 0.946491 18.333799
0.712282 0.843267 18.237801
0.667399 0.773266 18.163500
0.746951 0.770374 18.526300
0.803314 0.746232 18.118599
0.516509 0.559706 17.862400
0.495532 0.529079 17.773800
0.313986 0.564107 17.832199
1.637350 2.065280 19.579399
0.072058 0.035835 16.714100
0.399101 0.482465 17.675798
0.844210 1.051450 18.496300
1.085150 1.433990 18.816999
1.625430 2.039300 19.561501
2.322920 1.712440 19.316401
2.080070 1.704590 19.396000
2.005250 1.519350 18.979799
1.999480 1.830650 18.957699
1.919110 1.699670 19.012899
1.802770 1.361970 18.832800
2.062730 1.472130 18.934500
1.820000 1.267460 18.916599
1.534590 1.139320 18.640699
1.674360 1.184060 18.424999
1.377610 1.379420 18.686998
1.323790 0.990991 18.489698
1.468660 0.898609 18.435799
1.197420 0.916836 18.586700
1.053350 0.807792 18.266500
1.115790 0.939903 18.205299
1.027330 0.890924 18.131300
0.834867 0.674217 18.068399
0.876561 0.685651 18.167700
1.003870 0.553988 18.017199
0.686985 0.582078 18.016399
0.580088 0.466563 17.728800
2.294820 1.724610 19.212399
0.268382 0.074647 16.780699
0.321267 0.234220 17.301600
0.896851 0.667563 18.071600
1.567740 1.197880 18.675600
2.297290 1.725820 19.215500
2.752950 1.224050 19.025600
2.891460 1.174280 19.153101
2.775990 1.218980 19.120699
2.445940 1.091060 18.797499
2.635590 1.123800 18.668699
2.473600 1.471230 18.976099
2.196700 0.988968 18.674799
2.369280 0.947151 18.694700
2.265090 0.966552 18.673700
1.852100 0.854419 18.512299
2.209640 1.114290 18.536499
1.977700 1.025540 18.561199
1.595300 0.768267 18.380301
1.811550 0.663345 18.452099
1.805520 0.711494 18.220600
1.270290 0.658443 18.173100
1.643800 0.846853 17.894199
1.218720 0.866966 18.221701
1.039050 0.577014 18.004200
1.160780 0.504020 17.855299
0.908354 0.527214 17.922300
0.753369 0.444949 17.718800
2.966100 1.265900 19.128199
0.113558 -0.170884 16.379000
0.716448 0.452455 17.726099
1.080020 0.611951 18.090000
1.998900 0.871859 18.575399
2.852720 1.266700 19.098400
1.780410 1.802730 19.648800
1.387210 1.917070 19.898298
1.154580 1.627750 19.508101
1.263170 1.944290 19.350100
1.259050 2.032600 19.585798
0.998923 1.468000 19.304899
1.128060 1.496500 19.382500
1.172010 1.527240 19.297100
0.795136 1.243060 19.047499
0.882179 1.370080 19.037100
0.721368 1.114870 18.914301
0.683759 1.047910 18.841999
0.645543 0.985986 18.776899
0.603411 1.047490 19.011600
0.821718 0.993238 18.792500
0.487082 0.748095 18.494598
0.548525 0.803914 18.320700
0.409169 0.692658 18.383801
0.376918 0.588174 18.262899
0.545672 0.593571 18.219200
0.256349 0.354080 18.263300
0.263030 0.409861 17.924500
1.382420 1.852060 19.798500
0.198305 0.050739 16.887899
0.121393 0.194304 17.417900
0.445877 0.618659 18.349100
0.807467 1.307020 19.083799
1.381440 1.852300 19.799900
0.160382 2.511660 19.459301
0.122701 2.826120 19.510698
0.365912 2.693350 19.458399
0.218808 2.191270 19.222300
0.341793 2.515140 19.067499
0.042874 2.293010 19.300600
0.228782 1.943320 19.058800
0.381786 1.955800 19.238699
0.135836 1.871140 19.301899
0.223775 1.598960 18.848999
0.166280 1.635760 18.741199
0.195507 1.671790 18.728300
0.207418 1.345490 18.690199
0.231043 1.610000 18.727900
0.301870 1.257400 18.682499
0.186482 1.031600 18.444899
0.209011 0.996355 18.378901
0.030578 0.986690 18.422300
0.160544 0.816463 18.236601
0.222833 0.813248 18.258299
0.034929 0.806136 18.407600
0.116403 0.571557 17.924799
0.148842 2.639050 19.560200
0.170701 -0.059308 16.411600
0.083569 0.530910 17.911100
0.155216 0.864495 18.330799
0.263098 1.736120 18.939600
0.143436 2.616020 19.535200
1.051940 2.682510 19.859301
0.618696 2.240850 19.826799
0.631997 2.113510 19.448198
0.614540 2.367230 19.711700
0.573422 2.468390 19.468199
0.562174 1.902880 19.245501
0.616776 2.056840 19.260300
0.935327 1.829020 19.253700
0.475933 1.613360 18.993198
0.566441 1.718110 18.950199
0.443336 1.468460 18.863899
0.428139 1.393260 18.793400
0.641349 1.416660 18.652500
0.323000 1.247220 19.021299
0.363843 1.113360 18.520500
0.339653 1.076280 18.436701
0.380939 1.172270 18.391199
0.314576 0.912000 18.306099
0.275867 1.074010 18.487499
0.300704 0.868835 18.309799
0.250101 0.674794 17.993101
0.281298 0.750182 17.917999
0.715465 2.475010 19.781599
0.057450 0.118160 16.958900
0.202619 0.638567 17.872200
0.381761 1.257260 18.697901
0.467287 1.647060 19.048000
0.726841 2.406410 19.745899
1.504210 2.767980 21.256800
1.205450 2.420050 20.917000
1.342350 2.919260 21.240801
1.584100 2.670010 21.067900
1.098750 2.170980 20.619299
1.392410 2.429690 20.408699
0.829642 2.402500 20.518301
0.984466 1.978240 20.419699
1.420220 2.128890 20.331999
0.929377 1.960620 20.871899
1.268200 2.125940 20.521898
0.836085 1.646990 20.080601
0.958700 1.896330 19.957699
0.698071 1.727160 20.084101
0.759040 1.440520 19.878599
1.016710 1.394130 19.780100
0.835488 1.216600 20.132900
0.648347 1.184280 19.593599
0.615007 1.180030 19.530800
0.602456 1.083920 19.442200
0.564128 1.029430 19.444000
0.541103 0.943987 19.288700
0.819318 0.993214 19.268000
0.689549 1.000280 19.518000
0.457282 0.737990 18.961100
0.335359 0.880072 18.896099
0.450128 0.755488 18.898899
0.391892 0.601351 18.702099
0.610960 0.752502 18.932499
0.451931 0.606012 18.713600
1.303680 2.646790 21.200500
0.215259 0.089057 16.952801
0.134375 0.187877 17.613899
0.459814 0.638257 18.800400
0.715202 1.400930 19.819201
1.132840 2.242550 20.720400
1.303140 2.646090 21.201899
-3.310520 -3.642330 18.773600
-3.452230 -4.526720 18.971199
-3.806990 -4.581180 18.409899
-3.168790 -3.463790 18.580400
-3.372160 -3.572280 18.534899
-3.575040 -3.732910 19.195799
-2.950510 -3.150530 18.307899
-3.713040 -3.947100 18.294800
-2.889120 -3.932270 18.641899
-2.813790 -3.026420 18.134100
-3.225560 -2.824410 18.010300
-2.756970 -2.972260 18.308399
-3.207190 -3.169550 18.024300
-2.518530 -2.713340 17.925999
-2.916890 -2.897540 17.637499
-2.450320 -2.716620 17.975201
-2.323230 -2.516210 17.804600
-2.665760 -2.498270 17.623800
-2.190300 -2.479080 18.268700
-2.074400 -2.255850 17.634800
-1.995040 -2.335030 17.593100
-2.092950 -2.465500 17.221701
-1.886280 -2.062120 17.501699
-1.992400 -2.151050 17.972900
-2.163020 -2.266350 17.574999
-1.648590 -1.801500 17.306898
-1.583630 -1.738860 17.261000
-1.556200 -1.799990 17.108101
-1.747650 -1.895750 17.198599
-1.400880 -1.551570 17.114899
-1.781120 -1.756860 17.527700
-1.590190 -1.679260 17.274900
-1.197940 -1.333720 16.844900
-1.324590 -1.422420 16.778198
-1.068670 -1.481680 16.941801
-1.042200 -1.172080 16.630199
-0.996728 -1.125320 16.569201
-1.075770 -1.123760 16.783699
-0.922275 -1.052330 16.470900
0.000541 -0.201426 14.096700
-0.550473 -0.535698 15.402200
-0.992808 -1.181000 16.620501
-1.832150 -1.988300 17.483198
-2.283870 -2.459590 17.799500
-3.144290 -3.397970 18.504101
-5.700770 -4.243880 17.262098
-5.529090 -4.052020 17.702200
-5.293580 -4.317210 17.572199
-5.665390 -4.222620 17.234200
-5.306770 -4.371110 17.601999
-5.052500 -3.733950 17.270500
-5.516570 -3.777680 16.731899
-5.208180 -3.936760 17.954498
-4.745340 -3.511450 17.156200
-5.078170 -3.821730 16.816500
-5.048780 -3.950530 17.130600
-4.510290 -3.346410 17.071301
-4.986240 -3.397100 17.304699
-5.047260 -3.380270 17.321199
-4.192490 -3.131730 16.968599
-4.492360 -3.377110 16.591299
-4.217160 -3.459860 16.709398
-4.146290 -3.147170 16.402100
-3.814890 -2.917590 16.879301
-4.371920 -2.917550 17.232700
-4.247460 -2.829270 16.781599
-3.536010 -2.718340 16.800501
-3.625180 -2.708660 16.533499
-3.424390 -2.899600 16.828899
-3.287310 -2.551760 16.753599
-3.619870 -2.600710 16.549398
-3.697570 -2.994220 17.102200
-2.974150 -2.333480 16.663799
-2.926500 -2.345220 16.608999
-2.834240 -2.233240 16.615900
-2.740870 -2.161480 16.574598
-3.144580 -2.328440 16.490799
-2.866500 -2.263410 16.741400
-2.381390 -2.150980 17.223999
-2.364560 -1.887000 16.411600
-2.444000 -2.118770 16.250898
-2.275890 -1.827060 16.315500
-2.266230 -2.070650 16.524399
-2.062300 -1.677070 16.249498
-2.271330 -1.481070 15.944499
-1.805710 -1.545170 16.787800
-1.770510 -1.470970 16.080200
-1.960620 -1.787750 16.182800
-5.632150 -4.195410 17.572500
-0.381517 -0.397625 14.715699
-1.312620 -1.183100 15.761999
-2.492660 -1.970760 16.504301
-3.104680 -2.428660 16.740299
-4.432180 -3.262990 17.020800
-5.599780 -4.144030 17.571199
-5.373410 -2.061210 18.996199
-5.174140 -2.215270 19.663799
-5.439929 -2.244390 18.889399
-4.755040 -2.164320 18.907200
-4.626620 -2.119280 18.861300
-5.086370 -2.696060 19.048500
-5.046840 -2.432730 18.907600
-4.405200 -2.055500 18.749201
-5.081840 -2.076430 18.998600
-4.695130 -2.135190 18.755899
-4.698000 -2.224710 19.236099
-3.962310 -1.922120 18.569000
-4.094110 -2.223340 18.402199
-4.220340 -1.893930 18.309399
-3.972640 -2.267200 18.818699
-3.633870 -1.788350 18.391701
-3.878810 -1.738390 18.673399
-3.598660 -1.873590 18.923700
-3.293360 -1.655280 18.224899
-3.480430 -2.143900 17.926399
-3.514870 -1.947320 18.066700
-3.048570 -1.550690 18.090099
-3.319050 -1.642320 18.130100
-3.209310 -1.568430 18.228699
-2.720860 -1.402120 17.911499
-2.827920 -1.415880 17.512499
-2.697750 -2.028450 17.912901
-2.499250 -1.293200 17.754398
-2.866770 -1.158860 17.655600
-2.363010 -1.294210 17.900600
-2.161870 -1.119600 17.530800
-2.339360 -1.352020 17.443199
-2.419450 -1.340560 17.287901
-1.995940 -1.050770 17.343500
-1.991510 -1.032230 17.501699
-2.287110 -0.932203 17.594900
-1.726950 -0.912737 17.065500
-2.009320 -1.003120 16.979500
-1.583070 -0.917657 16.956400
-1.550770 -0.829767 16.851801
-1.891340 -0.515114 16.670099
-1.431420 -0.834476 16.841099
-1.303700 -0.711885 16.559999
-1.372680 -0.841787 16.401600
-5.820819 -2.761890 19.619101
-0.238959 -0.207061 14.581100
-0.818086 -0.558150 15.917399
-1.697920 -0.884884 17.072399
-2.192060 -1.125620 17.573799
-3.398270 -1.686240 18.248899
-4.673200 -2.153340 18.868099
-3.613380 -2.881110 18.743900
-3.882790 -3.036150 18.493198
-3.211950 -3.147700 18.904200
-3.397200 -2.726610 18.591700
-3.970190 -2.499920 18.410299
-3.829430 -3.078210 18.695700
-3.103720 -2.504600 18.433001
-3.043110 -2.448320 18.386200
-3.481650 -2.764670 18.475000
-2.833650 -2.709520 18.651999
-2.826060 -2.276750 18.275700
-3.254530 -2.347210 18.568499
-2.713530 -2.411690 18.731300
-2.529890 -2.054740 18.123199
-2.552350 -2.362940 17.959200
-2.617910 -2.200580 17.967800
-2.311940 -1.896780 17.995399
-2.563510 -2.042630 18.177500
-2.567510 -1.967310 18.017900
-2.038100 -1.688860 17.792099
-2.038540 -1.696350 17.645300
-1.877890 -1.654570 17.705200
-1.867900 -1.577070 17.614500
-1.766930 -1.494120 17.570000
-2.104370 -1.711930 17.919800
-1.899180 -1.603270 17.562799
-1.532470 -1.291170 17.320000
-1.499320 -1.255600 17.257399
-1.435730 -1.400330 17.400900
-1.360390 -1.141150 17.121799
-1.610870 -0.976243 17.184500
-1.225340 -1.113040 17.585798
-1.311930 -1.057440 17.235699
-1.087150 -0.919809 16.773298
-1.053560 -0.890244 16.685999
-3.773920 -3.021920 18.856300
-0.255241 -0.305625 15.390200
-0.896276 -0.844698 16.552198
-1.705620 -1.443210 17.553200
-2.191930 -1.801250 17.947100
-3.256190 -2.601000 18.473000
-1.799500 -0.981451 16.436199
-2.690080 -1.224860 17.275600
-5.046710 -2.471510 17.341299
-5.138930 -2.631580 17.248199
-5.156270 -2.715030 17.460600
-4.779600 -2.372150 17.243101
-5.234620 -2.526500 17.626801
-5.019420 -2.391840 17.249699
-4.427800 -2.223700 17.122000
-4.702730 -2.205840 16.636200
-4.415020 -2.410670 17.247999
-4.164480 -2.099090 17.016399
-4.082490 -2.066740 16.995600
-4.454980 -2.147500 17.182600
-4.260920 -2.068280 16.959700
-3.728930 -1.902540 16.907900
-3.900210 -1.782220 16.399000
-3.697630 -2.202950 16.914999
-3.457410 -1.779850 16.857500
-3.620400 -1.705970 16.701200
-3.639630 -1.898260 16.975698
-3.100440 -1.621370 16.784698
-3.270780 -1.838970 16.729000
-3.304790 -1.817910 16.691401
-2.830010 -1.502380 16.715000
-3.020250 -1.483830 16.847198
-3.053620 -1.418180 16.598101
-2.483360 -1.339830 16.604599
-2.553290 -1.316280 16.406401
-2.454430 -1.348660 16.486401
-2.381460 -1.354500 16.535200
-2.140410 -1.179380 16.472198
-2.267230 -1.241050 16.678299
-2.231910 -1.054900 16.253300
-1.921660 -1.152190 16.746199
-1.734800 -0.991092 16.255501
-1.803810 -1.077290 16.108101
-5.673150 -2.847270 17.269499
-0.400556 -0.395873 15.184799
-1.468920 -0.907037 16.063700
-2.658850 -1.444090 16.698799
-3.314770 -1.732370 16.854300
-4.637460 -2.300400 17.196699
-0.085640 -1.095780 15.554999
0.285552 -2.189300 16.219799
0.233166 -5.919310 19.069399
0.414261 -5.109200 18.369398
0.417387 -5.025780 18.335699
0.621722 -5.939929 18.206200
0.807788 -5.977900 18.219099
0.860055 -5.274080 18.774099
0.359605 -4.691070 18.138500
-0.073950 -5.297680 18.616199
0.385805 -4.585830 18.333900
0.287358 -4.337480 17.956200
0.269912 -4.254760 17.911400
0.263326 -4.962920 17.555601
0.555161 -4.256030 17.860399
0.350117 -4.537880 17.432299
0.193838 -3.913130 17.713600
0.193594 -4.168490 18.000200
0.020138 -4.223400 17.982599
0.112671 -3.579700 17.521299
0.073120 -3.877180 17.223000
0.123661 -3.428240 17.435301
0.073018 -3.320550 17.375700
-0.203277 -3.598570 17.419399
0.214593 -3.188470 17.778599
0.022277 -2.967300 17.197500
0.016709 -2.891230 17.144100
0.019270 -3.085970 16.808899
0.010210 -2.712810 17.038599
-0.116506 -3.197270 17.307400
-0.051150 -2.980250 17.258400
-0.001177 -2.381880 16.814301
-0.020679 -2.695020 16.803299
0.219453 -2.351870 16.723700
-0.013014 -2.140600 16.628901
-0.275779 -2.366840 16.571999
0.094843 -2.340150 17.124800
-0.043610 -1.849320 16.363699
0.082768 -1.957820 16.482901
-0.064651 -1.797260 16.023001
-0.058651 -1.633760 16.157900
0.034079 -1.464810 16.337099
-0.061951 -0.077223 13.732600
-0.022482 -0.753671 15.081200
-0.057245 -1.680060 16.262199
-0.004243 -2.240760 16.753700
0.078440 -3.550640 17.484699
0.405908 -4.832660 18.209599
-0.172379 -0.710127 15.490799
-0.253059 -5.196259 18.902800
-0.471361 -5.169320 19.105499
-0.496503 -4.697700 18.883999
-0.655029 -5.186980 19.220301
-0.851203 -4.983940 19.234798
-0.483685 -4.359720 18.669600
-0.645503 -4.712220 18.141300
-0.076648 -4.601690 18.936998
-0.460970 -4.088820 18.532099
-0.999735 -4.171450 18.195299
-0.184423 -4.253060 19.065199
-0.432822 -3.718400 18.362099
-0.431739 -3.643410 18.304399
-0.514126 -4.167680 18.461100
0.020978 -3.802220 18.467899
-0.413784 -3.381420 18.153599
-0.722081 -3.771800 18.191999
-0.327442 -3.571210 18.666399
-0.397966 -3.033460 17.960699
-0.284492 -3.202490 17.848600
-0.387718 -3.131170 18.042900
-0.395215 -2.764530 17.822300
-0.441451 -2.947750 18.309399
-0.430893 -2.784340 18.086800
-0.387950 -2.420770 17.620699
-0.389255 -2.389280 17.563101
-0.292546 -2.298630 17.515600
-0.362857 -2.210310 17.421299
-0.348450 -2.113350 17.360100
0.066540 -1.899290 17.869200
-0.440798 -2.174640 17.536699
-0.314118 -1.825710 17.083799
-0.319709 -1.821710 16.993299
-0.185116 -1.765790 17.180698
-0.277881 -1.635250 16.847599
-0.552309 -1.668900 16.682299
-0.423280 -1.391130 17.294399
-0.420236 -1.741190 16.874699
-0.228309 -1.323160 16.460899
-0.536294 -5.108140 19.125999
-0.192864 -0.196100 14.006701
-0.184096 -0.975050 16.064301
-0.240649 -1.420160 16.650999
-0.421285 -2.490430 17.659300
-0.416613 -3.778160 18.374800
-0.516684 -5.055650 19.119200
-1.632760 -4.544040 18.684500
-1.605820 -4.458130 18.639599
-1.813920 -4.526780 18.815599
-1.687590 -4.752790 18.987200
-1.878600 -4.610050 18.474199
-1.478260 -4.637980 19.134600
-1.445590 -3.931300 18.409399
-1.123850 -4.297180 18.207399
-1.340480 -4.242530 18.406200
-1.368220 -3.666760 18.296099
-1.637640 -3.988850 18.718100
-1.616110 -3.794730 18.350899
-1.263230 -3.308950 18.149799
-1.399520 -3.664280 18.244398
-1.206330 -3.798420 18.045300
-1.170110 -3.048270 18.013100
-1.138300 -2.971290 17.981400
-1.113070 -2.889590 18.451700
-1.342540 -3.082860 18.091200
-1.033000 -2.641830 17.789000
-1.233640 -3.053000 17.699799
-0.531950 -2.965040 17.703899
-0.952677 -2.404580 17.623400
-1.240660 -2.397090 17.393999
-0.994351 -2.476590 17.785900
-0.844260 -2.096340 17.396500
-0.782146 -2.352460 17.245699
-0.885879 -2.262280 17.111898
-0.736408 -1.893970 17.205299
-0.660467 -1.855880 17.348101
-1.022510 -1.967510 17.334700
-0.608483 -1.623870 16.944201
-0.741269 -1.772550 16.738499
-0.525280 -1.632160 16.817200
-0.562618 -1.575790 16.880798
-0.502340 -1.390730 16.638500
-0.486944 -1.365390 16.656200
-0.921094 -1.264860 16.432400
-0.454965 -1.306760 16.466400
-0.403002 -1.113920 16.239000
-2.096160 -5.241630 18.930000
-0.186053 -0.186737 13.642200
-0.326120 -0.790543 15.804899
-0.427780 -1.191810 16.431700
-0.904736 -2.174750 17.441000
-1.273310 -3.418290 18.198299
-1.693410 -4.741930 18.782299
-1.276540 -1.260330 17.033899
-3.034080 -4.805920 18.531799
-2.595570 -4.819470 18.877100
-2.892360 -4.862140 18.544300
-2.504430 -4.479120 18.274399
-2.779020 -4.914580 18.385300
-2.693180 -5.267710 18.046600
-2.609030 -4.936120 18.257299
-2.303110 -4.202860 18.064600
-2.515460 -4.463120 18.313799
-2.448690 -4.277540 18.270699
-2.126060 -4.181640 18.504000
-2.067470 -3.837460 17.817699
-2.252420 -4.357560 17.398399
-2.238830 -3.855650 17.430099
-1.827870 -4.421170 17.778399
-1.914900 -3.506510 17.639900
-2.364640 -3.600900 17.599800
-1.888380 -3.965240 17.821100
-1.757470 -3.173110 17.479200
-1.928870 -4.038450 17.344999
-1.876080 -3.455640 17.866899
-1.631160 -2.932850 17.355900
-1.822050 -3.208170 17.864000
-2.133460 -3.150700 17.443100
-1.461480 -2.595020 17.202099
-1.923150 -3.160630 16.696800
-1.176780 -2.974130 17.812799
-1.339920 -2.377710 17.049500
-1.978630 -2.359900 17.101700
-1.300410 -2.456190 17.239500
-1.171910 -2.067840 16.843199
-1.171870 -2.543100 16.628300
-1.477810 -2.739530 16.646500
-1.041550 -1.871090 16.669498
-0.976957 -1.780470 16.752699
-1.141370 -1.876540 16.892599
-0.878733 -1.604730 16.416599
-1.171200 -1.976920 16.406700
-0.645828 -1.659030 16.493999
-0.770344 -1.416240 16.207500
-0.173754 -0.461440 14.505899
-0.312382 -0.676957 15.224100
-0.558849 -1.066800 15.827800
-1.184000 -2.006240 16.819099
-1.762490 -3.226150 17.470501
-2.417740 -4.388150 18.207300
-2.806110 -4.872030 18.667700
0.434100 -4.609970 18.548800
0.958139 -5.177199 18.920000
0.814164 -5.283170 18.229099
0.405237 -4.364810 18.384800
0.379466 -4.573070 18.350401
0.248916 -4.703590 18.728100
0.352748 -4.018700 18.181801
0.339271 -4.908410 18.219200
0.818042 -4.126810 18.360100
0.321845 -3.758770 18.045300
0.029408 -4.034220 17.966900
0.281827 -3.832260 17.965500
0.370193 -3.986320 18.072300
0.231218 -3.280880 17.879599
0.230854 -3.588330 17.539900
0.326757 -3.140500 17.876299
0.176163 -3.015810 17.798000
-0.127864 -3.349800 17.634100
0.205004 -3.029260 18.169399
0.100685 -2.646640 17.659599
0.189099 -2.616070 17.598400
0.204369 -2.736370 17.712999
0.042411 -2.375490 17.543100
0.006162 -2.765980 17.763800
-0.287315 -2.693130 17.537500
-0.008621 -2.043630 17.328800
-0.081957 -2.166320 17.080700
0.216461 -2.035080 17.329399
0.037219 -2.099220 17.278500
-0.037419 -1.722950 17.089201
-0.059003 -1.618030 17.574400
-0.123918 -1.739940 17.088400
-0.009797 -1.411810 17.305000
-0.055160 -1.374950 16.733500
0.459091 -5.004740 18.768799
-0.174671 -0.277410 14.579000
-0.084376 -1.150560 16.562799
-0.056015 -1.663780 17.085798
0.143881 -2.938550 17.753099
0.407060 -4.257250 18.311199
-0.697634 -5.084040 18.171400
-1.040160 -5.196120 18.007799
-0.662592 -5.111860 18.825800
-0.673166 -4.844820 17.994999
-0.511321 -5.341420 17.838400
-0.637949 -5.374760 17.684399
-0.400292 -5.214820 18.189100
-0.634135 -4.507510 17.781700
-1.036770 -4.991880 17.892799
-0.528640 -4.404250 18.167999
-1.065040 -4.750800 17.638300
-0.560924 -4.055300 17.583900
-0.661397 -4.407660 17.269499
-0.479667 -4.434110 17.704699
-0.524045 -3.769940 17.503700
-0.797814 -4.041780 17.347198
-0.379161 -3.792590 17.848299
-0.476982 -3.377860 17.412300
-0.446580 -3.530460 17.243799
-0.436485 -3.437640 17.357399
-0.431385 -3.094060 17.319899
-0.568624 -3.652210 17.511299
-0.546751 -3.262780 17.298599
-0.375686 -2.719830 17.192801
-0.383478 -2.677530 17.119999
-0.318138 -2.651790 17.190399
-0.349057 -2.445080 17.059200
-0.619575 -2.488740 16.778101
-0.251578 -2.304460 17.585100
-0.323074 -2.095900 16.875500
-0.265595 -2.215100 16.737000
-0.300945 -1.944050 16.771601
-0.289971 -1.850260 16.706699
-0.445014 -2.077860 16.893101
-0.424209 -2.007090 16.842100
-0.699624 -5.247250 18.287701
-0.203232 -0.588139 15.279699
-0.177466 -0.925784 15.916400
-0.351011 -2.031610 16.799900
-0.443686 -3.319850 17.396898
-0.667487 -4.657860 17.874699
-0.700425 -5.246750 18.288900
-0.339618 -5.025500 19.340200
-0.037195 -4.570940 19.635000
-0.062734 -5.521630 19.472399
0.680856 -4.871930 19.844000
-0.029896 -4.333140 19.458700
-0.568575 -4.694900 19.956900
-0.002686 -4.368000 19.874699
-0.067662 -3.992610 19.248199
0.111148 -4.313370 19.132599
0.204115 -4.443960 18.752100
-0.073059 -3.738260 19.090799
-0.209052 -3.900960 19.116400
-0.301322 -3.913580 19.387600
-0.038540 -3.392450 18.910200
-0.126448 -3.622690 18.890301
-0.019148 -3.218200 18.818899
0.004332 -3.325210 18.579599
0.002605 -3.042170 18.716999
-0.158647 -3.396120 18.754398
-0.179770 -3.269870 18.868500
0.038898 -2.705340 18.516399
0.009640 -2.760360 18.310101
0.067672 -2.547580 18.425798
0.060345 -2.449060 18.355299
-0.237350 -2.703270 18.192200
0.119057 -2.387050 18.709000
-0.039872 -2.556510 18.509100
0.084131 -2.032170 18.093100
0.027008 -2.153480 17.848900
0.129724 -1.942220 18.019800
0.090709 -1.804080 17.896000
-0.162507 -1.927240 17.868900
0.144721 -1.768070 18.157499
0.088827 -1.483680 17.641300
0.155557 -1.594540 17.629999
0.139021 -1.514020 17.605299
-0.001574 -0.342407 16.090500
-0.049295 -0.132117 15.447499
0.000191 -1.117760 17.195999
0.112541 -2.073710 18.112700
-0.015214 -3.196870 18.831800
-0.077675 -3.784300 19.141899
-0.052570 -4.887140 19.885899
-1.835090 -0.346149 17.398800
-4.856730 -1.375920 18.466600
-5.522250 -2.027920 18.522200
-5.176150 -1.635710 18.429600
-4.604840 -1.344100 18.310200
-5.029720 -1.220140 18.408100
-4.952260 -0.939255 18.271999
-4.202990 -1.215930 18.107700
-4.741780 -1.381230 17.893999
-4.332530 -2.116880 18.408199
-3.973840 -1.208410 18.051500
-3.884080 -1.191000 18.024599
-4.275450 -1.297540 18.322901
-4.046560 -0.948499 17.678801
-3.551610 -1.083640 17.827801
-4.067330 -1.245450 18.030699
-3.607450 -1.818030 18.159300
-3.312400 -1.002640 17.676300
-3.593900 -0.563893 17.358000
-3.479960 -1.273330 18.079399
-2.974230 -0.903315 17.478001
-3.426180 -1.553310 17.795200
-3.391190 -1.314230 17.504700
-2.732460 -0.833989 17.320400
-2.997520 -0.847842 17.583900
-3.187310 -0.791809 17.593700
-2.905600 -0.779607 17.381300
-2.315260 -0.722240 17.072800
-2.855800 -1.384910 17.237000
-3.092970 -1.015050 16.795799
-2.075750 -0.652462 16.915699
-2.253950 -0.660002 17.063000
-2.140830 -0.631950 17.060799
-1.774090 -0.556075 16.666300
-2.493580 -0.759678 16.452600
-1.621990 -1.019150 16.649599
-2.127120 -1.019050 16.158899
-1.493730 -0.476533 16.402700
-1.408140 -0.445327 16.387299
-1.364030 -0.443845 16.259800
-5.137490 -1.411080 18.636600
-0.339543 -0.115725 14.423900
-0.532182 -0.283147 15.147600
-1.453650 -0.410449 16.330999
-2.565030 -0.815145 17.211100
-3.786960 -1.169740 18.008499
-4.491000 -1.331060 18.260698
-5.500920 -0.435509 19.437099
-4.592970 -0.372452 19.002699
-4.511540 -0.377644 18.931000
-4.432540 -0.387978 18.873699
-5.327930 -0.684782 19.222700
-5.459560 -0.512931 19.124100
-4.187260 -0.431562 18.717800
-4.311600 -0.343190 18.917999
-4.600630 -0.414876 19.231100
-3.838700 -0.439642 18.518400
-4.483540 -0.309703 17.850300
-4.163960 -0.796513 18.763800
-3.582000 -0.458065 18.377300
-3.908430 0.076382 18.239799
-3.746960 -0.445347 18.340000
-3.617580 -0.021801 17.945799
-3.143970 -0.460402 18.143299
-3.442310 -0.386609 17.727098
-2.990770 -0.563608 18.155100
-2.877810 -0.460758 18.000999
-3.287370 -0.191593 18.071301
-2.935650 -0.493468 18.402901
-2.531690 -0.439622 17.813101
-2.578200 -0.492173 17.822701
-2.736760 -0.470455 17.980900
-2.273850 -0.424492 17.658400
-2.719850 -0.284358 18.136499
-2.482690 -0.006156 17.449200
-1.976410 -0.386337 17.401899
-2.265330 -0.406368 17.185900
-1.837070 -0.443623 17.438398
-1.745090 -0.363753 17.137899
-1.816890 -0.058033 17.178900
-1.315790 -0.290441 17.526300
-1.906970 -0.247269 17.228600
-1.442910 -0.317603 16.820799
-1.381470 -0.311185 16.743599
-1.515520 -0.558166 16.735600
-1.449600 -0.394883 16.597799
-1.206070 -0.292770 16.502800
-1.130770 -0.269947 16.705601
-0.006951 -0.118440 13.914800
-0.509588 -0.268538 15.325200
-1.250730 -0.283988 16.619900
-1.706400 -0.341555 17.206800
-2.962100 -0.446457 18.014999
-4.264660 -0.440436 18.755600
-6.232410 0.965435 16.827499
-6.107230 0.921069 16.838299
-6.596720 0.717969 16.724800
-6.599470 0.924745 16.859999
-6.213330 1.093610 16.383400
-5.763410 0.803711 16.733999
-6.231570 1.490430 16.854000
-6.217010 0.992515 16.979900
-5.369670 0.721885 16.687700
-5.568960 0.798544 16.441000
-5.664170 0.919003 16.174700
-5.569210 0.445666 16.973299
-4.965350 0.647661 16.610600
-4.875770 0.629582 16.608500
-5.474840 0.770167 16.811100
-5.365720 0.736711 16.398298
-4.484450 0.552584 16.546600
-4.707700 0.666771 16.168900
-4.596890 0.369495 16.582899
-4.189960 0.492168 16.497601
-4.526970 0.723966 16.701799
-4.313850 0.394464 16.957399
-3.793460 0.445012 16.454100
-3.788450 0.382227 16.398600
-3.773560 0.371568 16.405600
-3.493880 0.407125 16.414799
-3.921890 0.612616 16.518000
-3.537990 0.460874 16.651999
-3.113130 0.374796 16.292900
-3.027900 0.374965 16.239599
-3.067720 0.160238 16.326899
-2.821290 0.344900 16.197800
-3.033860 0.648418 16.012699
-3.020030 0.376368 16.777399
-2.470010 0.293776 16.016600
-2.762340 0.225593 16.054600
-2.446580 0.271919 15.885200
-2.204940 0.244256 15.871099
-2.468290 0.337172 15.915401
-2.186250 0.368840 15.986700
-6.449580 1.035970 16.866999
-0.480823 -0.017466 14.302400
-0.872845 -0.024369 14.962800
-2.114060 0.274064 15.783700
-3.481190 0.379160 16.410999
-4.957100 0.655105 16.640301
-5.703620 0.787298 16.747499
-4.883090 -1.841580 18.747999
-4.575070 -1.199410 18.385899
-4.907810 -1.029790 18.479099
-4.595390 -1.297190 18.807499
-4.231640 -1.147020 18.176300
-4.149940 -1.134980 18.132599
-4.487160 -1.121070 18.044201
-4.235770 -1.387450 18.430698
-4.256250 -1.257680 18.031599
-3.788330 -1.093500 17.970798
-4.113540 -1.009030 18.206999
-4.046870 -1.005880 17.871399
-3.422280 -1.027110 17.826399
-3.618390 -1.038650 17.587000
-3.405200 -1.338140 18.228100
-3.139040 -0.962005 17.752399
-3.518000 -0.907394 17.476601
-3.042850 -1.051720 18.214300
-2.767060 -0.867801 17.638100
-3.347880 -1.162750 17.499599
-3.038950 -1.122280 17.704300
-2.501360 -0.789436 17.521099
-2.855980 -0.763662 17.545300
-2.932010 -0.614864 17.533499
-2.156850 -0.680419 17.357199
-2.486630 -0.733375 16.833700
-1.858070 -0.910194 17.854700
-1.903930 -0.613964 17.214899
-2.034380 -0.367946 17.260401
-1.808150 -0.597786 17.294600
-1.532900 -0.504242 17.008900
-1.884190 -0.996936 17.091900
-1.739900 -0.583724 16.695499
-1.367640 -0.483056 16.799398
-1.319740 -0.464454 16.747000
-1.410220 -0.344803 16.677299
-0.044534 -0.252260 14.577399
-0.750073 -0.317983 15.861700
-1.575120 -0.555408 17.033800
-2.836010 -0.877081 17.687599
-3.529120 -1.046730 17.878300
-4.831140 -1.233260 18.543200
-6.890160 0.382004 18.855600
-5.841770 -0.060728 18.275999
-6.791440 0.196760 18.705900
-6.115540 -0.329087 19.022499
-5.618540 -0.114154 18.126600
-6.098550 0.357661 18.562300
-5.892849 0.126823 18.469999
-6.429210 0.171442 18.216000
-5.173440 -0.150779 18.019800
-5.794489 -0.136031 18.283001
-5.166160 -0.554216 18.146601
-4.895440 -0.178253 17.928499
-5.198280 0.226512 17.530199
-5.102980 -0.125745 18.073000
-4.525040 -0.201604 17.785400
-4.510190 -0.263579 17.741301
-4.713860 -0.316499 17.583099
-4.248360 -0.219103 17.665600
-4.578460 -0.143945 17.657700
-4.384990 0.091195 17.319099
-3.881120 -0.213133 17.521099
-3.785880 -0.211829 17.483700
-3.733570 -0.240616 17.445799
-3.884480 -0.279060 17.415100
-3.508260 -0.214097 17.371399
-3.971130 -0.093487 17.713600
-3.542740 -0.068976 16.971800
-3.135820 -0.273189 17.252899
-3.314800 -0.273502 17.327600
-2.955690 -0.310409 17.193001
-2.848510 -0.317931 17.144899
-2.762330 -0.325635 17.118700
-3.061970 -0.183942 17.539799
-2.877280 -0.271393 17.128599
-2.408270 -0.333469 16.941700
-2.607050 -0.305781 16.967199
-2.352840 -0.474018 16.858999
-2.144810 -0.337649 16.801800
-2.165820 -0.221239 16.714201
-2.052790 -0.298261 16.892599
-0.139648 -0.260144 14.690200
-1.007370 -0.168347 15.904599
-2.185220 -0.379168 16.800999
-3.542070 -0.218284 17.412500
-4.232680 -0.230070 17.687500
-5.639170 -0.098598 18.158499
-4.082840 1.446430 19.105900
-4.051750 1.557670 19.298500
-3.642410 1.412990 18.850100
-3.632230 1.410900 19.322800
-3.770690 1.571050 18.765900
-3.582380 1.292460 19.266399
-3.306780 1.228650 18.530399
-3.510940 1.175080 18.530699
-3.539030 1.385910 18.351898
-3.431340 0.917606 18.441700
-3.004720 1.070540 18.326300
-2.952690 1.186690 18.475000
-2.928940 1.260560 18.524799
-2.692180 0.901654 18.145899
-2.950340 0.878153 18.124001
-3.064260 0.919465 18.001699
-2.461340 0.770423 18.015999
-2.599850 0.956606 18.167299
-2.545270 0.910390 17.942801
-2.148540 0.616487 17.814400
-2.311800 0.778667 17.513199
-2.221070 0.332795 17.925699
-1.921960 0.504003 17.662300
-2.001710 0.756310 17.568100
-1.949910 0.543555 17.699900
-1.613450 0.384724 17.411499
-1.642450 0.335852 17.351200
-1.659360 0.392017 17.278198
-1.414040 0.306790 17.223799
-1.378660 0.379625 17.330999
-1.511570 0.633379 17.187700
-1.149030 0.210810 16.928499
-1.153020 0.202927 16.847500
-4.198930 1.551410 19.415199
-0.265823 -0.168798 15.581600
-1.006810 0.087936 16.697399
-1.870840 0.472501 17.660099
-2.399120 0.734457 18.004900
-3.459820 1.327310 18.628399
-3.454380 -1.691750 19.037199
-3.260440 -1.305210 19.168600
-3.027440 -1.188440 18.864000
-2.962500 -1.154650 18.797199
-3.172960 -0.999511 18.723200
-2.825700 -1.116910 19.130501
-3.030630 -0.866965 18.662300
-2.570510 -0.989288 18.528799
-2.646900 -0.956844 18.262299
-2.549300 -1.241350 18.779799
-2.325010 -0.894689 18.384499
-2.532520 -0.638345 18.511499
-2.163230 -0.847681 18.642300
-1.976070 -0.755123 18.243000
-2.469820 -0.991145 18.155399
-2.178650 -0.804977 17.967400
-1.717620 -0.652411 18.129200
-1.901210 -0.700919 18.083500
-1.977330 -0.461458 18.243799
-1.389880 -0.506852 17.948000
-1.599980 -0.385868 17.518299
-1.328780 -0.788748 18.205000
-1.164010 -0.412945 17.779799
-1.221160 -0.295376 17.709000
-1.004570 -0.380486 17.748499
-0.884248 -0.314735 17.506899
-1.006570 -0.489931 17.491600
-0.911742 -0.326377 17.354099
-0.122369 -0.172273 16.318499
0.044770 -0.165733 15.696899
-0.822771 -0.244104 17.403101
-1.758880 -0.704497 18.149399
-2.830710 -1.099980 18.705700
-3.274870 -1.296620 19.098000
-3.300020 -0.804396 19.107300
-3.884100 -1.143520 19.114599
-4.027040 -1.099350 18.896000
-3.067270 -0.818972 18.901400
-3.000000 -0.800791 18.842699
-3.545050 -0.500876 18.843599
-3.000790 -0.898832 18.959499
-2.664160 -0.739327 18.627199
-2.816130 -1.038460 18.799398
-2.989130 -0.903063 18.267199
-2.402870 -0.691417 18.486601
-2.485350 -0.688127 18.756199
-2.594110 -0.753362 18.651800
-2.042100 -0.594911 18.348700
-2.276510 -0.607736 18.390501
-1.881470 -0.565100 18.256199
-1.776880 -0.527143 18.215000
-1.965290 -0.305617 18.024399
-1.565190 -0.488287 18.592600
-1.942770 -0.525011 18.169399
-1.359680 -0.421990 17.961199
-1.460000 -0.442239 17.714899
-1.214620 -0.439811 17.885201
-1.143350 -0.360023 17.755999
-1.303060 -0.189095 17.733500
-0.914661 -0.335635 18.020899
-0.870599 -0.295044 17.473200
-0.946720 -0.395550 17.459200
-0.907601 -0.352295 17.298500
-0.769290 -0.435231 17.344599
-0.107158 -0.222944 15.928399
-0.011978 -0.219401 15.309200
-0.618418 -0.203204 17.072500
-1.402860 -0.463791 17.988298
-2.494350 -0.718601 18.549200
-3.017760 -0.806676 18.881500
-1.475960 0.291597 17.441898
-3.453560 1.190240 18.725000
-3.648470 1.265080 18.651199
-3.437860 1.314090 18.816099
-3.616690 1.115640 18.780300
-3.057250 1.041340 18.448999
-3.232180 0.955855 18.447599
-3.216540 1.254980 18.183599
-3.036810 0.889031 18.352098
-2.715070 0.930936 18.272299
-2.768000 1.146140 18.275299
-2.539100 0.823262 18.430698
-2.361640 0.817405 18.118399
-2.506260 0.798180 17.882999
-2.563700 0.900832 17.815399
-2.089460 0.728762 18.027500
-2.196580 0.759566 18.007999
-2.015530 0.777068 18.158899
-1.729250 0.615110 17.888899
-1.795140 0.717609 17.629599
-1.789800 0.373930 17.692299
-1.471030 0.536356 17.760601
-1.442610 0.772526 17.666199
-1.377190 0.337059 17.986700
-1.139930 0.415681 17.550699
-1.143230 0.369789 17.460699
-1.038080 0.377380 17.408001
-0.928790 0.326299 17.368000
-1.169660 0.391262 17.457800
-0.048671 -0.249829 15.589700
-0.542476 0.098545 16.741499
-1.324960 0.465774 17.705000
-1.896320 0.638766 17.980000
-3.049000 1.060790 18.455999
-0.093269 -3.359410 19.424299
-0.038990 -3.180300 19.448101
-0.215916 -2.977930 19.768299
-0.228049 -2.767180 19.267399
-0.501077 -2.921240 18.929300
-0.317812 -2.785770 19.695700
-0.234845 -2.427750 19.056999
-0.050696 -2.668130 19.193699
-0.048906 -2.527170 18.932098
-0.236642 -2.165570 18.903101
-0.500301 -2.273640 18.845501
-0.209527 -2.325220 18.932699
-0.178648 -1.814590 18.719200
-0.175179 -1.982850 18.597799
-0.109843 -1.693990 18.947901
-0.129956 -1.552480 18.577700
-0.302680 -1.653960 18.487900
-0.277556 -1.506000 18.601000
-0.092667 -1.237940 18.325300
0.150807 -1.305340 18.275000
0.071008 -1.375490 18.244799
-0.062720 -1.026320 18.114799
-0.144802 -1.020600 18.084700
-0.157744 -1.266100 18.147600
-0.034091 -0.771945 17.803200
-0.018724 -0.916848 17.701399
-0.022992 -0.665443 17.668499
-0.026047 -0.623327 17.540800
-0.314384 -0.855718 17.522099
-0.130144 -0.166392 15.460000
-0.009175 -0.225682 16.666599
-0.061435 -0.735024 17.771801
-0.102171 -1.120930 18.236601
-0.225154 -2.142700 18.859301
-0.208761 -3.138250 19.556000
-2.814800 -3.689560 19.897600
-2.623710 -3.397880 20.265799
-2.462180 -3.111370 20.006100
-2.427640 -3.087580 20.509298
-2.904370 -3.320290 19.965401
-2.270040 -2.866990 19.754000
-2.486710 -3.169000 19.677500
-1.986940 -3.159130 20.131701
-2.088490 -2.637090 19.582100
-2.323930 -2.697570 19.943399
-1.955850 -2.660060 19.960600
-1.901270 -2.371220 19.431499
-1.786180 -2.885560 19.342600
-2.025750 -2.549850 19.201000
-1.727660 -2.208430 19.247700
-1.856600 -2.372600 19.594398
-2.112700 -2.053340 19.073198
-1.665910 -2.312010 19.555500
-1.443550 -1.933350 18.945999
-1.408710 -2.289220 19.522900
-1.668020 -2.364400 19.055000
-1.275630 -1.753690 18.775499
-1.442320 -1.651410 19.169699
-1.705580 -1.875370 18.798800
-1.066430 -1.506110 18.540800
-1.343080 -1.981390 18.549900
-0.802131 -2.061060 18.548199
-1.086840 -1.779240 18.727800
-0.878028 -1.284490 18.276400
-0.835023 -1.138900 18.380400
-0.937169 -1.228260 18.249300
-0.708525 -1.065250 17.992701
-0.866333 -1.227820 17.759001
-0.456934 -1.364920 18.055698
-0.595550 -0.922934 17.758101
-0.776476 -0.820881 17.717400
-0.058116 -0.122934 15.430699
-0.192480 -0.505435 16.859200
-0.744487 -1.083150 18.100100
-1.087050 -1.513040 18.585699
-1.928010 -2.386210 19.416599
-2.661300 -3.349720 20.256701
-2.028700 -1.325640 21.741201
-1.714410 -1.374150 21.706598
-2.033890 -1.322540 21.610300
-1.888390 -1.235410 21.091700
-2.436240 -1.298250 21.114399
-1.913200 -1.619280 21.148001
-1.753320 -1.147470 20.840401
-1.941040 -0.905631 20.950100
-1.526440 -1.152900 21.181698
-1.551270 -1.038550 20.512199
-1.691850 -1.296280 20.300999
-1.928880 -1.174970 20.504599
-1.426990 -0.926840 20.267199
-1.459250 -1.257490 20.510799
-1.423270 -0.907227 20.363199
-1.266230 -0.760826 19.943100
-1.491150 -0.770720 19.840200
-1.224330 -0.792944 19.697599
-1.131060 -0.644554 19.699900
-1.091150 -0.566008 19.781599
-1.243040 -0.841798 19.802099
-0.945086 -0.494323 19.384899
-1.000380 -0.609541 19.420898
-0.957894 -0.494398 19.300400
-0.813200 -0.415976 19.128099
-0.793992 -0.738811 19.369398
-0.743973 -0.367461 19.002399
-0.636227 -0.310913 18.784899
-0.807849 -0.240408 18.601898
-0.676120 -0.469256 18.878700
-0.519185 -0.247877 18.513500
-0.490227 -0.164925 18.540100
0.038656 -0.120823 16.258400
-0.247947 -0.088754 17.556400
-0.633029 -0.351920 18.798800
-0.931926 -0.514732 19.376400
-1.511080 -1.001860 20.478699
-2.077950 -1.384120 21.623898
-2.023590 0.790492 19.838400
-2.318270 0.460128 20.945299
-2.240880 0.493160 20.516499
-2.073150 0.592488 20.169300
-2.568070 0.331232 20.081800
-2.034190 0.458014 20.585701
-1.903060 0.600208 19.919899
-1.882590 0.399508 19.991100
-2.121250 0.845333 20.034599
-1.663090 0.603808 19.604300
-1.842990 0.846324 19.594398
-1.625010 0.554292 19.447500
-1.471280 0.584695 19.371700
-1.591170 0.798206 19.523499
-1.439490 0.422514 19.515699
-1.203140 0.541431 19.076500
-1.155960 0.520149 19.000299
-1.322750 0.604932 18.850100
-1.021540 0.483532 18.846199
-0.982934 0.405768 19.236898
-1.139570 0.607221 18.907400
-0.778154 0.406507 18.534800
-0.876422 0.518930 18.349600
-0.788261 0.296089 18.377399
-0.623958 0.349424 18.253901
-0.589508 0.458317 18.269100
-0.392187 0.238064 18.372200
-2.333960 0.584022 20.541800
-0.042855 0.177905 16.904600
-0.196902 0.148358 17.525200
-0.797504 0.456684 18.573299
-1.619390 0.587940 19.508299
-2.333500 0.583117 20.543501
-0.848751 2.329400 19.324100
-0.808666 2.262280 19.266100
-0.600739 2.363640 19.289000
-0.920021 2.347680 19.427299
-0.654530 1.967130 19.046099
-0.903103 2.195660 19.221199
-0.723689 1.977850 18.974400
-0.532139 1.738360 18.896200
-0.703488 1.860320 18.958700
-0.377418 1.886500 18.794399
-0.380409 1.426660 18.693001
-0.396245 1.559940 18.487700
-0.754781 1.422340 18.731300
-0.283903 1.191650 18.535900
-0.090660 1.460630 18.563000
-0.338594 1.072220 18.713699
-0.157107 0.911592 18.283199
-0.409540 1.196430 18.436600
-0.251382 1.141240 18.405500
-0.079892 0.730924 18.060999
-0.093972 0.643124 18.018000
-0.020030 0.657616 17.911999
-0.003468 0.514527 17.733900
-0.907030 2.538710 19.441000
0.127598 -0.002588 16.229099
-0.010011 0.491466 17.773298
-0.114182 0.799163 18.210699
-0.440141 1.634740 18.816401
-0.898597 2.430840 19.400200
-5.916100 2.449130 16.939600
-5.933760 2.125750 17.323500
-5.387450 2.016250 16.998600
-5.685290 1.852690 16.822100
-5.869669 2.074360 16.693499
-5.091390 1.854510 16.957899
-5.522530 2.281390 17.112600
-5.280500 2.122460 17.100800
-4.759090 1.733960 16.958199
-4.967280 1.913930 16.563999
-4.923600 1.788720 16.840401
-5.091230 1.620870 16.773899
-4.395450 1.582400 16.927900
-4.619160 1.804920 17.344000
-4.503050 1.642790 17.064199
-4.051230 1.417410 16.814400
-4.112680 1.471270 16.208799
-4.375870 1.198960 16.893400
-3.797470 1.294520 16.721199
-3.987070 1.573820 16.724400
-3.877060 1.330050 17.060799
-3.447880 1.118890 16.625601
-3.867190 0.965412 16.573900
-3.891890 1.217860 16.498600
-3.192230 0.981872 16.551399
-3.102600 0.948705 16.526400
-3.004080 1.166810 16.201399
-3.200800 0.932289 16.769100
-2.741650 0.816663 16.418699
-2.987490 0.795723 16.384300
-2.856710 0.765405 16.241800
-2.476000 0.716243 16.324999
-2.352520 0.654031 16.629599
-2.596090 0.817531 16.452900
-2.155010 0.595581 16.128500
-2.074230 0.565194 16.078001
-2.041300 0.526472 16.026199
-1.933260 0.507261 15.976500
-1.838590 0.470937 15.918699
-1.786290 0.446577 16.368500
-0.046289 -0.200147 13.805300
-0.914226 0.063682 14.991700
-1.914470 0.478640 16.007900
-2.517130 0.715025 16.370899
-3.820420 1.340380 16.738100
-5.199060 1.899810 16.938799
-4.622050 2.994330 17.878901
-4.780900 3.146410 17.550100
-5.076220 3.064190 17.623199
-4.791340 3.168400 17.513800
-5.520400 2.658250 18.040100
-4.276590 2.679620 17.722900
-4.233190 3.161760 17.709200
-4.442530 2.716020 18.281700
-3.990850 2.421270 17.629101
-4.727960 2.667070 17.316299
-4.403270 2.490260 17.390600
-3.771290 2.232010 17.548100
-4.099180 2.511630 17.742599
-3.838030 2.434400 17.742901
-3.431030 2.035380 17.414301
-3.367180 1.987750 17.385300
-4.320340 1.860140 17.442200
-3.780720 2.028990 17.530600
-3.129100 1.846860 17.275799
-3.336180 2.235360 17.470798
-3.278240 1.865370 17.535299
-2.798720 1.651640 17.155100
-3.280550 2.111880 17.270800
-3.447700 1.521830 17.722700
-2.564910 1.493520 17.063101
-2.583120 2.148780 17.044800
-2.873760 1.694110 17.148600
-2.261260 1.297740 16.886999
-3.045540 1.159690 17.111300
-2.895910 1.587560 17.143499
-2.048330 1.150310 16.746700
-2.184670 1.277220 16.968901
-1.805880 1.384100 16.434599
-1.887560 0.986524 16.720699
-1.704860 0.926000 16.462599
-2.114280 0.672578 16.539200
-2.131840 1.318180 16.525499
-1.903060 0.682343 16.368999
-1.442760 0.751010 16.229200
-1.400660 0.852705 16.223200
-1.287980 0.764106 16.268299
-0.155460 -0.171290 13.761500
-0.571170 0.272816 15.140600
-1.492780 0.746939 16.221800
-2.509200 1.448230 17.059299
-3.118900 1.827080 17.295200
-4.256720 2.681120 17.721899
-1.606910 1.479290 15.983000
-2.104360 2.265400 16.814600
-4.602680 5.240010 15.681899
-4.108270 4.328920 15.627700
-4.224010 4.843550 14.643100
-5.012560 4.404000 15.421600
-4.500830 4.704170 14.643399
-3.870660 4.013570 15.687300
-3.958210 4.266940 15.735899
-4.328570 4.725960 15.677600
-3.966490 3.922560 15.881801
-3.597640 3.611440 15.801999
-3.794830 3.786580 15.369599
-3.956090 4.031610 15.564200
-3.732170 3.427480 15.865300
-3.362990 3.308070 15.877700
-3.249840 3.856630 15.595799
-3.516830 3.527080 15.867199
-3.101690 3.012840 15.954200
-3.060790 2.957750 15.941199
-3.264930 3.149670 15.848001
-2.912500 2.784450 16.005301
-3.018850 3.194630 15.925699
-3.137970 2.998310 15.690999
-2.661230 2.486860 16.065599
-2.721720 2.548960 15.793900
-2.546030 2.336690 16.097799
-2.456540 2.263350 16.079899
-2.418960 2.618190 15.744200
-2.928520 2.626300 16.426899
-2.167250 1.995270 16.049900
-2.234750 2.000790 16.080200
-2.378620 2.012390 15.965400
-1.955230 1.791310 16.009001
-2.104640 2.252720 16.423599
-2.029370 2.034570 16.093100
-1.693450 1.523610 15.872800
-1.635470 1.548320 15.566099
-1.736960 1.445220 15.968499
-1.499490 1.323980 15.764300
-1.458920 1.436330 15.638700
-1.431840 1.186310 15.951099
-0.119388 -0.201631 13.654599
-0.686663 0.523146 14.833899
-1.538970 1.299360 15.775100
-2.538050 2.347160 16.119499
-3.017510 2.920420 16.001999
-3.895350 4.089480 15.652400
-0.564106 0.502056 16.340000
-3.280480 3.936290 19.700800
-2.853880 3.900170 19.384399
-2.673230 4.427160 19.210501
-2.914600 3.857590 20.045601
-2.669550 3.626800 19.174398
-3.189460 4.049810 18.887699
-3.124710 3.952140 19.452499
-2.519370 3.410540 19.021999
-2.818150 4.157050 19.244699
-2.542030 3.606190 19.462599
-2.721170 3.838620 19.568600
-2.260620 3.062180 18.781599
-2.888680 3.161890 18.610399
-2.625820 3.397730 18.971500
-2.128220 2.831250 18.640900
-2.103480 2.885260 19.273100
-2.165040 3.184280 18.965899
-1.945190 2.538590 18.450300
-2.188780 2.839640 18.597198
-2.079180 2.576430 18.275499
-1.820280 2.315070 18.289000
-1.743930 2.733060 18.072199
-1.908970 2.178370 18.836700
-1.654820 2.026580 18.076899
-1.898050 2.074330 18.117500
-1.686670 2.077560 17.923500
-1.691550 1.804440 17.951899
-1.497620 1.733040 17.779400
-1.447250 1.857630 18.102600
-1.772790 2.265460 17.947399
-1.304130 1.477150 17.613600
-1.419920 1.468180 17.554899
-1.257140 1.385820 17.503000
-1.182740 1.297610 17.413300
-1.295040 1.852490 17.754301
-1.038940 1.650410 17.603100
-1.244890 1.255200 17.941200
-0.970445 1.008990 17.071501
-1.143430 1.146070 17.181000
-0.907439 0.924688 16.911499
-0.857813 0.862653 16.830500
-0.943346 1.155120 17.181601
-0.684422 1.212650 16.889399
-0.709083 0.676777 16.514799
-3.040070 4.200670 19.594398
-0.077246 -0.014951 13.676200
-0.432215 0.323154 15.872399
-0.665695 0.649161 16.515600
-1.291890 1.482620 17.572100
-1.951080 2.497330 18.445601
-2.649850 3.619870 19.173199
-3.017400 4.142640 19.588299
-1.264980 1.006400 18.131800
-3.478710 3.538870 18.876200
-4.194460 3.657970 18.833500
-4.274860 3.885080 18.768101
-3.323740 3.331410 18.721800
-3.485940 3.715940 18.572100
-3.485640 3.925370 19.323999
-3.072310 3.069800 18.551701
-3.374600 3.524720 17.996300
-3.607470 2.988130 18.972198
-3.485210 3.398600 18.112000
-2.818100 2.821740 18.360300
-2.964090 3.091130 18.651199
-3.138830 3.291130 18.346899
-2.589520 2.492530 18.257999
-2.725040 2.737650 18.136099
-2.605890 2.374500 18.297800
-2.460690 2.239910 18.200899
-2.393330 2.704700 18.208500
-2.681240 2.354360 18.481701
-2.245630 1.919210 18.091700
-2.200560 1.842890 18.061100
-2.391470 1.935380 17.976000
-2.086840 1.680300 18.005798
-2.231210 2.148100 18.117300
-2.133160 1.967940 18.162500
-1.844780 1.405600 17.839399
-1.763880 1.314320 17.795099
-1.781280 1.291710 17.736300
-1.962980 1.336590 17.786900
-1.595100 1.134720 17.655600
-1.536110 1.087850 17.600899
-1.555310 1.346980 17.474100
-1.694500 1.003520 17.940199
-1.289070 0.845585 17.360899
-1.310760 0.828550 17.324999
-1.455660 0.843301 17.354099
-1.140250 0.700815 17.171400
-1.189600 0.802071 17.220200
-1.061750 0.658299 17.036999
-0.218128 -0.191813 14.634300
-0.483327 0.225846 16.008499
-1.194240 0.714053 17.180698
-2.037180 1.589570 17.994499
-2.435290 2.176320 18.211599
-3.253090 3.277530 18.683199
-0.460045 0.448761 17.158899
-0.506007 0.853931 18.338200
-2.030440 3.113340 18.831400
-2.366530 3.319000 18.787300
-2.343880 3.371130 18.616301
-2.432980 3.193560 18.709398
-1.912690 2.791460 18.615200
-1.810320 3.252700 18.543499
-1.900760 3.056660 19.057600
-1.952830 3.072650 18.699799
-1.700460 2.388070 18.417099
-1.778200 2.531590 17.959000
-1.920190 2.327550 18.170698
-1.561550 2.148270 18.297600
-1.563700 2.562900 18.346500
-1.701580 2.132960 18.579399
-1.343790 1.845200 18.155699
-1.481210 1.881840 18.030899
-1.429330 1.907140 18.159698
-1.188960 1.613650 18.038500
-1.211810 1.926270 18.202099
-1.113890 1.791980 17.981899
-0.993912 1.309470 17.872200
-0.958145 1.260130 17.827000
-0.942254 1.181870 17.848900
-0.862523 1.090450 17.707100
-0.714026 1.298840 17.561501
-0.940840 1.422060 17.871799
-0.712801 0.828086 17.452600
-0.926234 0.876001 17.548700
-0.704495 0.791246 17.316601
-0.611544 0.647438 17.232500
-0.255158 0.406256 17.415100
-0.514937 0.682485 17.333799
-2.116170 3.344750 18.982500
-0.141146 0.018998 15.561399
-0.275617 0.050144 16.246700
-0.640512 0.776959 17.346701
-1.277120 1.705720 18.090500
-1.906960 2.789090 18.638500
-2.115360 3.344560 18.983700
-2.848080 1.832520 18.974600
-3.041120 2.044600 18.902300
-3.412310 1.498590 19.075100
-2.698800 1.684430 18.820099
-2.634090 1.639950 18.762199
-2.906380 1.620960 19.050900
-2.709070 1.868220 18.789999
-2.331750 1.478960 18.555099
-2.461520 1.633500 18.381800
-2.813240 1.350550 18.510201
-2.100000 1.352090 18.412901
-2.099750 1.604410 18.308699
-1.968240 1.115980 18.767599
-1.775430 1.158310 18.279799
-2.293110 1.043980 18.175200
-2.034590 1.329070 18.051399
-1.545190 1.015240 18.159201
-1.863100 1.163620 18.219799
-1.550910 1.187410 18.409201
-1.342950 0.879928 18.402901
-1.180390 0.767744 17.924700
-1.623280 0.744715 17.655100
-1.537220 0.999548 18.094099
-0.988938 0.644002 17.728300
-1.007840 0.627333 17.720400
-0.873442 0.703633 17.570799
-0.751247 0.476420 17.455700
-0.818723 0.719872 17.335501
-0.897922 0.240645 17.433199
-0.700657 0.463824 17.341400
-0.122986 -0.136766 16.022800
-0.033563 -0.265210 15.435100
-0.494824 0.346938 17.073900
-1.218220 0.760803 17.917799
-2.124180 1.358140 18.443199
-2.592020 1.604120 18.749300
-3.227450 2.662750 18.827999
-2.622220 2.379150 18.811899
-2.823410 3.029040 19.037600
-2.647770 2.225390 19.017199
-2.386700 2.138460 18.581099
-2.839580 2.171220 18.269800
-2.724560 2.539930 18.203899
-2.222650 1.919220 18.433899
-2.167640 1.865840 18.387299
-2.176870 2.003810 18.755899
-2.238290 1.773600 18.614599
-1.898480 1.613390 18.242399
-1.843590 1.590190 18.172499
-1.897970 1.618650 18.098299
-1.666540 1.437950 18.151999
-1.777220 1.453600 18.495100
-1.578250 1.510790 18.382299
-1.387030 1.200410 17.994598
-1.417150 1.259550 17.868399
-1.277340 1.084500 17.923199
-1.182790 1.017770 17.859301
-1.235600 1.266070 17.857500
-1.186890 0.794491 18.090799
-0.958393 0.782166 17.623400
-0.973239 0.733347 17.556601
-0.872333 0.786928 17.360199
-0.819549 0.619383 17.441999
-0.750547 0.571972 17.353800
-0.684795 0.606496 17.371199
-0.706102 0.492628 17.358900
-0.090654 -0.276415 15.386800
-0.377997 0.142611 16.496599
-0.848047 0.630417 17.511999
-1.188730 0.993312 17.879398
-2.050860 1.768360 18.314600
-2.778650 2.527540 18.972799
1.152250 5.239409 18.330799
1.269840 5.221980 18.308500
1.102460 5.203180 18.443499
1.226280 4.679770 18.145300
1.832330 4.742450 18.167500
1.357740 5.131420 18.367701
1.113660 4.344350 17.984999
1.172980 4.785410 17.751900
1.060230 4.920510 17.768499
1.013850 4.080370 17.874100
1.276720 4.491810 17.988499
1.371490 4.501730 17.951500
0.913554 3.720530 17.738199
1.037010 4.069250 17.867300
0.954240 3.909430 17.546900
0.832829 3.970910 17.813398
0.818222 3.320470 17.589100
0.957943 3.842750 17.760300
1.072340 3.443650 17.468399
0.758383 2.994780 17.462299
0.854107 3.192620 17.231300
0.526424 3.038280 17.414200
0.695968 2.723940 17.341299
0.953826 2.697270 17.394300
0.517558 3.087980 17.328100
0.614128 2.385500 17.161800
0.596758 2.406970 17.113298
0.569191 2.224650 17.062599
0.546247 2.136620 17.008200
0.583824 2.176220 17.684900
0.705722 2.068010 16.906000
0.471817 1.924880 17.619699
0.430211 1.744530 16.728100
0.415249 2.003910 16.582399
0.432389 1.738770 16.696100
-0.033182 1.784650 16.557699
0.324243 1.443830 16.482800
0.464518 1.518340 16.396099
0.408007 1.495950 16.860800
0.247842 1.172660 16.206699
1.388800 5.150200 18.450500
0.042900 -0.171997 13.970799
0.137173 0.856123 15.923699
0.280831 1.360160 16.444700
0.684679 2.530500 17.253000
0.930749 3.889420 17.780199
1.358460 5.105850 18.426300
2.979180 5.086930 16.787100
3.141310 5.330770 17.254301
3.197060 5.066970 16.837000
2.836220 5.119160 17.247400
2.740400 4.658580 16.664301
2.748280 5.241050 16.427299
2.930010 4.996200 16.258699
2.564600 4.403160 16.638599
2.519720 4.319610 16.631199
2.792470 4.522530 16.405399
2.539100 4.354500 17.048100
2.635900 4.390930 16.771700
2.250380 3.897110 16.597500
2.488640 4.111800 16.255400
2.052400 4.368440 16.492599
2.080600 3.644890 16.578100
2.387110 3.787790 16.646801
2.248860 3.904410 16.707199
1.859100 3.309520 16.552700
1.831300 3.811030 16.376400
2.012010 3.618190 16.224899
1.679010 3.068780 16.520899
1.885220 3.257300 16.380899
1.914830 3.201700 16.434099
1.442000 2.743800 16.474199
1.620030 2.831010 16.069399
1.155500 2.877160 16.665100
1.293320 2.491860 16.418200
1.629580 2.515380 16.159000
1.100060 2.270590 16.642900
1.090470 2.146950 16.347099
1.068050 2.182550 16.302000
1.088350 2.278320 16.302399
0.904488 1.904270 16.224400
1.095760 2.007190 16.286600
1.080730 1.985520 16.441500
0.756141 1.611170 16.038300
0.731372 1.576270 15.905400
0.656844 1.650860 16.016701
0.642988 1.389110 15.865999
0.004080 0.189540 14.359499
0.255661 0.489538 15.011200
0.464135 0.969109 15.559999
1.097710 2.094740 16.314899
1.867660 3.360580 16.555698
2.719070 4.624650 16.671499
3.091510 5.280940 16.843700
3.129650 3.501820 18.326099
3.541550 4.247550 18.743599
3.360710 3.918500 17.973600
2.954620 3.280700 18.233900
3.369720 3.652660 18.230400
3.223620 3.230900 18.525299
2.705670 2.985960 18.105299
3.058280 3.347460 17.957899
2.796150 3.547800 18.234499
2.713440 3.260400 17.859800
2.440140 2.722870 17.984600
2.737480 2.866700 17.943699
2.609980 2.722530 18.212700
2.213250 2.424070 17.838699
2.684420 2.671140 17.589499
1.713260 3.173550 17.809399
2.025240 2.177650 17.687599
2.622880 2.236670 17.705601
2.074750 2.408730 18.270201
1.808260 1.902920 17.594398
1.816550 2.504690 17.041800
2.107360 2.348280 17.383299
1.635950 1.687970 17.490601
1.866580 1.688350 17.791300
1.981790 1.724280 17.241100
1.434680 1.538470 17.826899
1.333760 1.361940 17.252300
1.558570 1.913250 16.942699
1.382970 1.796610 17.548901
1.144700 1.192850 17.097900
1.200900 1.188060 17.168299
1.330160 1.272460 17.261900
0.939266 0.972189 16.839800
1.143750 1.160010 16.421900
1.126360 1.312280 16.926300
1.216480 1.411790 16.863600
0.744778 0.769249 16.559000
0.687016 0.708057 16.584700
0.818626 0.670200 16.400099
3.322290 3.750440 18.422199
0.096428 -0.094495 14.525899
0.133004 0.158797 15.247299
0.747141 0.690741 16.509001
1.530610 1.570990 17.402199
2.374290 2.666870 17.970999
2.869130 3.180210 18.205299
1.485280 4.710820 19.514299
2.181470 4.987650 19.262600
1.968230 3.855770 19.287800
2.166640 3.917430 19.538599
2.622290 4.463360 19.237299
1.826480 3.522270 19.102699
2.058440 4.137470 18.487400
1.622680 4.215880 19.365999
1.721750 3.268190 18.994200
2.542740 3.194910 18.741499
1.588560 3.162150 19.238400
1.579830 2.921760 18.851000
1.517550 3.183380 18.851000
1.740480 3.310070 18.541700
1.423280 2.990560 18.881701
1.387190 2.625800 18.667500
1.879380 2.729700 18.530600
1.512660 2.781660 18.799200
1.198550 2.324480 18.490400
1.147140 2.280960 18.417299
1.214270 2.392060 18.245199
1.070450 2.099030 18.335400
1.292680 2.205660 18.715000
1.263110 2.232640 18.624300
0.900332 1.804670 18.134300
1.013340 2.053250 18.052000
0.800052 1.703460 18.050999
0.795624 1.576480 17.958000
1.271110 1.610630 17.915899
0.758351 1.764910 18.620699
1.165320 1.448400 17.899300
0.634135 1.215840 17.664499
0.820395 1.461990 17.646898
0.520684 1.235820 17.667500
0.640105 1.353120 17.385500
0.515640 0.959788 17.379599
0.360502 0.662068 17.691200
0.586542 0.894552 17.401300
0.403579 0.725290 17.079800
0.530938 0.853477 16.982500
2.159630 4.334250 19.564301
-0.086604 -0.085925 15.235600
0.179535 0.478597 16.598700
0.651946 1.270750 17.761299
0.908844 1.831260 18.185499
1.627380 2.954350 18.855600
2.142130 4.186540 19.485699
0.848520 0.952480 17.242901
1.304380 4.888260 17.786900
1.468100 4.446710 17.569000
1.900570 4.607430 17.355999
1.313310 4.693650 18.134300
1.358580 4.067590 17.463499
1.339540 3.986970 17.428999
1.419510 4.057590 16.865499
1.019850 4.264490 17.560900
1.258400 3.713410 17.337500
1.473770 3.914020 17.063900
1.345970 4.086790 17.227900
1.147770 3.347960 17.235500
1.070160 3.587780 17.025299
1.175560 3.614850 17.128599
1.052390 3.072740 17.188700
1.184710 3.409740 17.165899
1.313990 3.200150 17.152500
0.930504 2.696680 17.124699
0.991351 2.764850 16.959398
0.862385 2.580030 17.134199
0.863222 2.574750 17.070000
0.795518 2.325780 17.061701
0.953123 2.782530 16.928999
1.060640 2.292770 17.110399
0.669378 1.966700 16.956499
0.641263 1.891780 16.925600
0.457162 1.895670 17.007299
0.573710 1.701890 16.847700
0.799940 1.762390 16.694899
0.502985 1.787400 17.294600
0.693403 1.640110 16.548700
0.430216 1.288790 16.620399
0.401248 1.210260 16.570601
1.539320 4.751730 17.681099
-0.030617 0.075461 15.502900
0.285338 1.042500 16.434799
0.735594 2.167650 17.064199
0.966481 2.809600 17.167299
1.384370 4.075110 17.450399
-0.923143 1.952990 16.315800
-2.214190 5.938530 16.947901
-2.170750 6.102730 16.772299
-2.147440 5.516070 17.204498
-1.925920 5.258960 16.827801
-1.774800 5.744040 16.677700
-2.090310 5.362800 17.350100
-1.866070 4.887140 16.699999
-2.025040 5.119390 16.497099
-2.060360 5.056690 16.891899
-1.807710 4.605890 16.625700
-1.725040 5.011920 16.969599
-1.620850 4.740660 16.332300
-1.713550 4.225330 16.570000
-1.820290 4.688000 16.386600
-2.011230 4.355520 16.549999
-1.955220 4.326960 16.320400
-1.618040 3.839700 16.562500
-1.743040 4.293850 16.619200
-1.431640 4.044490 16.633200
-1.477120 3.466330 16.550600
-1.506810 3.647890 16.053900
-1.923190 3.472490 16.490000
-1.361210 3.195590 16.535799
-1.229390 3.449860 16.353199
-1.395680 3.255220 16.374100
-1.221800 2.825310 16.479599
-1.493950 3.023480 16.432400
-1.371370 2.949140 16.271999
-1.130190 2.551830 16.403299
-1.109560 2.512390 16.770899
-0.964985 2.725560 16.029100
-1.071010 2.325050 16.777700
-0.984809 2.106890 16.243198
-0.997260 2.055980 16.182600
-1.015700 2.040850 16.134300
-1.006570 1.910530 16.119398
-0.880097 1.753380 16.086500
-0.714130 2.109370 16.040899
-0.839817 1.518470 16.381800
-1.959880 5.728050 17.035700
-0.143274 0.258396 14.654599
-0.438096 0.604124 15.239200
-0.814263 1.738330 16.063101
-1.315370 3.015810 16.513399
-1.767860 4.404790 16.590799
-1.914720 5.084580 16.766199
-0.789824 1.466740 16.523499
-0.709391 4.867660 18.422800
-0.481567 5.164520 18.837099
-0.544085 5.195280 18.199301
-1.004500 4.611210 18.764399
-0.735830 4.432020 18.174101
-1.143240 5.154320 18.009001
-0.776757 4.751180 17.901400
-0.722059 4.166770 18.032900
-0.710143 4.082630 17.983999
-0.624320 4.328870 17.806601
-0.895788 4.155170 18.265501
-0.633895 4.334360 17.852600
-0.674323 3.621350 17.783499
-0.670768 3.854620 17.457199
-1.348580 3.838580 17.813599
-0.651469 3.334980 17.700899
-0.405585 3.734610 17.562799
-0.690872 3.446500 18.230499
-0.595207 2.955190 17.585300
-0.922978 3.368040 18.095501
-0.901075 3.274750 17.576300
-0.536918 2.677230 17.500200
-0.404227 3.104490 17.443100
-0.051204 3.041690 17.478899
-0.456340 2.311280 17.352900
-0.582251 2.986330 16.825800
-1.115650 2.648700 17.815399
-0.439566 2.052330 17.203699
-0.146600 2.229880 17.005699
-0.337333 2.037280 17.388899
-0.405958 1.713590 16.991999
-0.904561 2.126610 17.042601
-0.508569 2.121100 17.333700
-0.371228 1.490690 16.799999
-0.360417 1.507850 16.814400
-0.328746 1.485520 16.858101
-0.315871 1.193070 16.532600
-0.320111 1.521740 16.326300
-0.357195 1.088760 16.566401
-0.124416 -0.011141 14.739200
-0.074316 -0.216193 14.032900
-0.205926 0.759581 15.989499
-0.449271 1.756230 17.024399
-0.621277 3.066810 17.645100
-0.691299 3.772470 17.846998
-0.691475 5.062030 18.532900
0.148879 2.485370 17.623899
0.392983 5.419850 17.511999
0.252555 6.282140 17.350500
0.147507 6.181129 17.332701
0.338592 5.144550 17.411999
0.618055 5.352880 17.464201
0.437761 6.066410 17.580601
0.274655 4.755270 17.328001
0.512807 5.115760 16.464499
-0.054898 5.296180 17.405899
0.150180 5.259780 17.407600
0.201040 4.367940 17.270899
0.296001 4.527840 17.139999
0.569197 4.649890 17.538000
0.154125 3.979720 17.195999
0.226754 4.267440 17.125898
0.059776 3.852170 17.154900
0.119782 3.688910 17.128700
0.579116 3.888730 17.031500
-0.032698 3.700270 17.544201
0.086317 3.298190 17.038099
0.077033 3.215000 17.007500
0.060809 3.376100 16.838900
0.061461 3.004880 16.963299
0.141172 3.302540 17.367100
0.397461 3.242610 16.977299
-0.049869 3.478940 16.919699
0.007744 2.511060 16.835100
-0.013361 2.460600 16.787199
-0.020629 2.684020 16.787901
-0.046093 2.214520 16.711800
0.088804 2.800080 16.740999
0.131637 2.420530 16.639299
-0.044793 1.885490 16.556898
0.032564 2.094680 16.413599
-0.066237 1.734080 16.468500
-0.068719 1.914200 16.591499
-0.064265 1.527560 16.374201
0.030111 1.740110 16.476299
-0.049711 1.465320 16.291899
-0.163827 -0.116908 13.981600
0.002040 0.562096 15.273600
-0.107864 1.546050 16.360300
0.048942 2.886670 16.959499
0.104395 3.596180 17.138399
0.342946 5.039960 17.360600
-2.497960 6.239260 17.516500
-2.245410 6.259660 17.722399
-2.043710 5.717330 17.703800
-2.033120 5.680430 18.330700
-2.004760 6.048590 17.980499
-1.786230 6.090189 17.995699
-1.892280 5.264520 17.551600
-2.185260 5.815560 17.686399
-1.938850 5.330280 17.193298
-1.817180 4.979510 17.498600
-1.717420 5.438680 17.978899
-1.769590 5.327450 17.456999
-1.711560 4.599840 17.411900
-1.662540 4.761550 17.124399
-2.252840 4.604960 17.572500
-1.654220 4.308580 17.348299
-1.476170 4.551800 17.276999
-1.716350 4.695120 17.405800
-1.574920 3.924450 17.266399
-1.864590 4.408590 17.195700
-1.599290 3.964590 16.895899
-2.140620 3.962020 17.082800
-1.471040 3.547860 17.173000
-1.371850 3.834740 17.040998
-1.573730 3.552780 17.366600
-1.365620 3.170560 17.083399
-1.654000 3.252380 16.894899
-1.563900 3.288500 16.858599
-1.291330 2.897130 16.982700
-1.304260 3.017570 16.988100
-1.165640 3.088070 16.780199
-1.263770 2.727590 17.042601
-1.152130 2.444700 16.816099
-1.209400 2.459490 16.839100
-1.278590 2.618090 16.716499
-1.057720 2.181770 16.697199
-1.046080 2.163400 16.768400
-0.748544 2.447310 16.471100
-0.922166 1.836940 16.538599
-0.894405 1.887980 16.332800
-1.042940 1.737140 16.607901
-0.222200 0.175070 15.182600
-0.054489 -0.219812 14.544000
-0.678539 1.290270 16.125700
-1.213350 2.511660 16.854399
-1.566080 3.934870 17.289900
-1.716010 4.662180 17.448700
-2.176610 6.102500 17.857399
-0.576001 5.037240 18.340401
-0.537664 4.556350 18.098101
-0.469581 4.767760 17.712599
-0.976608 4.725240 18.477699
-0.522883 4.278390 17.970600
-0.088072 4.465760 18.027100
-0.671284 4.288530 18.409899
-0.545004 3.899190 17.848299
-0.714054 4.197840 17.653299
-0.564907 4.031750 17.944099
-0.740265 4.072240 18.234400
-0.573116 3.479040 17.699598
-0.305179 3.623970 17.465099
-0.488513 3.797940 17.898001
-0.534520 3.136150 17.607901
-0.983771 3.528030 17.431200
-0.643740 3.511000 17.739698
-0.506175 2.846020 17.511400
-0.491726 3.306190 17.629999
-0.556156 2.907280 17.754398
-0.474052 2.472630 17.372801
-0.435226 2.984670 16.978199
-0.796399 2.737350 16.865601
-0.459584 2.185130 17.272900
-0.258548 2.475600 17.084799
-0.477684 2.184480 17.476801
-0.263225 2.200500 16.955999
-0.414555 1.743490 17.035200
-0.327314 2.317300 16.869999
-0.625232 1.909740 16.925798
-0.652700 2.070070 16.892099
-0.377529 1.414560 16.816099
-0.360401 1.365520 16.766800
-0.350207 1.270430 16.695999
-0.330154 1.108000 16.556801
-0.511941 5.086930 18.298700
-0.002579 -0.110098 14.568299
-0.309168 0.932820 16.459499
-0.393448 1.500290 16.930601
-0.474412 2.857660 17.495899
-0.539617 4.240830 17.948900
0.507150 5.016870 17.593300
0.620445 5.527120 17.091099
0.144454 5.125540 17.989100
0.453434 4.747860 17.468901
0.427829 4.662570 17.444099
0.498890 4.970630 17.524500
0.376481 5.177950 17.590099
0.393595 4.610860 17.662100
0.370225 4.186480 17.290199
0.292827 4.615980 17.197100
0.391398 4.508650 16.687599
0.336282 3.906050 17.204000
0.378668 4.031580 17.203199
0.596976 4.206910 17.110399
0.282275 3.524780 17.121300
0.345881 3.720050 16.802599
0.231435 3.352030 17.098400
0.234553 3.232080 17.061100
0.589077 3.329460 16.804199
0.209774 3.413410 17.357300
0.170562 2.847870 16.983599
0.153052 2.771100 16.962700
0.135187 2.980970 16.775299
0.120397 2.560640 16.926100
0.238380 3.043790 16.820099
0.117513 2.798950 17.022200
0.094169 2.183650 16.806801
0.206319 2.331540 16.555201
-0.023878 2.069170 16.863298
0.081277 1.866270 16.670099
0.365590 2.005610 16.716700
0.043750 1.881250 17.156700
0.052570 1.554380 16.519699
-0.038676 1.577120 16.410200
0.030025 1.546030 16.339001
-0.098410 0.124787 15.291500
-0.111443 -0.235587 14.657900
0.068617 1.201570 16.240900
0.074727 2.464510 16.896500
0.337151 3.849010 17.212500
0.409773 4.537270 17.405300
-0.412549 1.855430 17.006701
-0.406492 4.062220 18.204800
-0.429749 4.048260 18.393999
-0.326745 4.138380 18.640200
-0.513242 4.053330 18.255699
-0.281156 3.645710 17.934799
-0.257698 3.574710 17.886000
-0.123332 4.119670 17.591801
-0.532348 3.780490 17.715200
-0.202130 3.313290 17.758900
-0.052258 3.642970 17.544201
-0.186080 3.252400 17.884800
-0.151116 2.938100 17.639999
-0.212008 2.906620 17.620699
-0.195946 3.079240 17.518999
-0.127424 2.648060 17.569799
-0.149148 2.831140 17.676300
0.121119 2.766640 17.417700
-0.101120 2.267850 17.465300
-0.066375 2.420390 17.289598
-0.116058 2.111080 17.429600
-0.085775 1.977360 17.380699
0.200642 1.991420 17.157400
-0.286803 1.941500 17.737099
-0.068475 1.623250 17.200899
-0.165011 1.647750 17.163900
-0.135320 1.677450 17.063000
-0.062137 1.365710 17.055601
-0.051412 1.524810 17.219999
0.014632 1.330650 17.020201
-0.442160 4.193860 18.295401
0.056386 0.144980 15.907100
-0.066141 0.465816 16.433300
-0.018060 1.474780 17.108999
-0.145715 2.588950 17.542999
-0.294835 3.708590 17.969700
-0.442595 4.194100 18.297199
5.648960 1.233540 17.032299
6.176980 1.585860 16.687300
6.193180 1.402430 17.420300
5.382670 1.161090 16.896700
5.626140 1.256870 16.934799
6.264390 1.067990 16.714800
5.022670 1.025920 16.792500
5.831210 1.029790 16.155699
5.093750 1.922210 16.695200
4.752190 0.926874 16.733599
5.324190 0.794107 16.759399
4.667090 0.961070 16.916800
4.884110 0.944328 17.110500
4.278610 0.775714 16.686199
4.763410 0.877413 16.765799
4.257910 0.916467 16.680000
3.988930 0.695417 16.674799
4.444180 0.620832 16.540300
4.026440 0.908545 17.027901
3.603580 0.589106 16.626699
3.618470 0.609729 16.548500
3.829720 0.681344 16.279200
3.314180 0.516695 16.581299
3.700520 0.574897 16.533100
3.661380 0.314419 16.663500
2.930430 0.429573 16.519600
3.045520 0.403049 16.186100
2.919580 0.503027 16.406599
2.874550 0.392378 16.128901
2.538090 0.359167 16.456400
2.874190 0.281740 17.087700
2.714800 0.226548 16.630600
2.171800 0.282175 16.320000
2.290120 0.264734 16.095798
2.066040 0.371305 16.370399
1.896570 0.229376 16.203499
1.909900 0.062228 16.058001
1.958690 0.245959 16.483000
1.747780 0.146386 16.088299
-0.114724 -0.032809 14.014200
0.760863 -0.098904 15.197700
1.801510 0.254675 16.173000
3.194970 0.474776 16.585699
3.892410 0.665745 16.696501
5.299770 1.122620 16.839699
5.802560 0.313311 17.716200
5.736120 0.184828 17.530699
5.277660 0.128640 17.765100
5.191150 0.099358 17.736601
5.100280 0.087103 17.703299
5.014160 0.062479 17.666399
5.557370 -0.321914 17.487801
5.071910 0.196974 18.238800
4.631360 0.020909 17.556700
4.866420 0.491032 17.658899
5.204360 0.163172 17.208799
4.346110 -0.003382 17.474800
4.917700 0.058128 17.543900
4.552100 -0.327118 17.306700
3.966980 -0.034328 17.372601
4.410620 -0.157769 17.212000
4.160080 0.150888 17.504301
3.866690 -0.160537 16.792500
3.581230 -0.057238 17.277399
4.031490 -0.005352 17.645300
3.772150 -0.027501 17.368198
3.212590 -0.107343 17.144899
3.443650 -0.111688 16.934200
3.064030 -0.088606 17.116499
2.937000 -0.147366 17.037800
3.119080 -0.244346 17.038500
2.889710 -0.112990 17.718199
2.577440 -0.164256 16.877899
2.707900 -0.180044 16.737499
2.469300 -0.170770 16.741899
2.307080 -0.176542 16.749899
2.670550 -0.246444 17.308899
2.381670 -0.292671 16.714899
1.962180 -0.227333 16.524599
2.059220 -0.199001 16.447300
2.075480 0.044678 16.252199
1.903630 -0.196550 16.308001
1.648580 -0.216172 16.309599
1.575830 -0.215232 16.240200
1.665560 -0.478991 16.298500
1.633950 -0.270550 16.512400
-0.006695 -0.067493 13.947599
0.606356 -0.259144 15.276600
1.664780 -0.191737 16.284000
2.899900 -0.134251 17.051500
3.592350 -0.041469 17.302099
5.002340 0.044360 17.672100
6.142520 -1.170110 17.396299
5.937510 -1.267780 17.712099
5.427570 -1.184010 17.441099
5.575089 -1.299990 17.199200
5.811720 -1.130610 17.255899
5.650690 -1.129010 17.073900
5.038770 -1.095410 17.343100
4.946290 -1.078800 17.336100
5.249940 -1.425480 17.383600
5.191090 -0.875604 17.848999
4.555230 -0.997357 17.286100
5.019860 -0.783171 17.142199
4.659620 -1.075760 16.974699
4.794270 -0.561581 17.216499
4.162940 -0.943237 17.204399
4.066500 -0.933019 17.185101
4.379070 -1.055910 17.507799
4.134580 -1.143410 17.340500
3.632950 -0.923260 17.079399
3.748620 -1.032510 16.700399
4.001590 -0.441064 17.172100
3.384500 -0.849129 17.020800
3.449370 -0.973876 17.264700
3.370260 -0.744218 17.338499
2.995270 -0.787177 16.930300
3.373670 -0.736530 16.687799
3.220090 -0.708797 16.629799
2.714500 -0.744409 16.834301
2.778540 -0.797931 16.891500
2.841550 -1.077280 16.724699
2.333630 -0.695501 16.705400
2.493490 -0.765264 16.403599
2.217420 -0.542018 16.630100
2.066400 -0.640892 16.550100
2.252350 -0.960016 16.442600
1.936070 -0.576176 16.581800
1.726740 -0.564625 16.369699
1.738420 -0.519725 16.332600
1.846670 -0.533171 16.179499
1.497990 -0.516325 16.177000
0.248324 -0.157389 14.708300
0.608427 -0.340936 15.329700
1.100480 -0.455251 15.868999
2.320700 -0.720584 16.667601
3.724630 -0.873887 17.104000
5.123100 -1.128690 17.375000
5.834190 -1.260080 17.553600
4.288960 0.754132 18.688700
4.174670 0.672875 18.597399
5.113140 0.676461 18.249100
4.527420 1.263860 18.917599
3.966240 0.656275 18.481899
4.524700 0.066355 18.778000
3.736630 0.574824 18.667500
4.530220 0.266323 18.377300
3.524820 0.518466 18.279400
4.144030 0.691437 18.291700
3.633410 0.621181 18.488199
3.718820 0.693349 18.210999
3.166510 0.446919 18.113499
3.399170 0.432095 18.349899
3.373480 0.234096 18.274500
2.805490 0.389423 17.957500
2.973630 0.402612 17.617599
2.641540 0.370941 17.901100
2.533020 0.336287 17.831200
2.808840 0.014231 17.711399
2.387350 0.474495 18.084101
2.177210 0.265141 17.660799
2.152200 0.286898 17.588600
2.286330 0.288732 17.426800
1.938410 0.228434 17.480600
2.404490 0.126070 17.776100
2.170620 0.214890 17.658100
1.607030 0.162719 17.241199
1.887480 0.193890 17.164101
1.562190 0.261728 17.246700
1.408320 0.138768 17.036400
1.491300 -0.063081 16.859100
1.083870 0.166230 17.327000
1.102600 0.080780 16.765400
1.137580 0.303448 16.610600
1.057800 0.084888 16.671299
0.042703 -0.138665 15.132400
-0.162630 -0.155016 14.487499
0.746414 -0.065082 16.289200
1.642230 0.217785 17.252899
2.773950 0.389156 17.973000
3.387350 0.484063 18.238100
4.539600 0.834020 18.854300
5.967470 -0.227581 19.006701
5.342280 -0.134186 18.715401
5.749590 -0.292022 18.235800
5.458189 0.182568 18.967098
5.068530 -0.138831 18.581499
5.457380 -0.586972 18.593300
5.882140 0.036499 18.738100
4.685800 -0.186185 18.443800
4.609160 -0.205739 18.400600
5.281170 -0.318166 18.298700
4.742510 0.284778 18.448999
4.339050 -0.242385 18.282099
4.725220 -0.618184 18.183800
4.692220 -0.092814 18.777800
3.951480 -0.221850 18.165800
4.232020 -0.212668 17.971300
4.260060 -0.011901 18.264799
3.668990 -0.206628 18.068100
4.072340 -0.217802 17.962500
3.893200 -0.385203 18.092499
3.293070 -0.218008 17.934099
3.429610 -0.296205 17.684000
3.146260 -0.160435 17.888899
3.200460 -0.163209 17.845400
2.916360 -0.229514 17.796000
3.427900 -0.060138 17.927700
2.992740 -0.268497 17.746300
2.580000 -0.216269 17.581499
2.578080 -0.220114 17.507999
2.582570 -0.073964 17.654699
2.323130 -0.203558 17.414200
2.323650 -0.324918 17.538000
2.254510 -0.006631 18.025799
2.326460 -0.245150 17.322199
1.917270 -0.182828 17.128399
2.003780 -0.194145 16.946999
2.021360 0.071627 17.218800
1.673560 -0.173375 16.948599
1.730850 -0.326040 16.991600
1.642220 0.023371 17.274900
-0.035348 -0.105362 14.548599
0.605747 -0.325093 15.896299
1.696270 -0.144217 16.920601
2.907060 -0.212271 17.815899
3.620280 -0.189024 18.071501
5.029190 -0.161467 18.573799
5.112970 -1.005590 18.262299
4.883150 -1.110910 18.187399
4.451260 -1.141540 18.093599
4.700480 -1.267580 18.467400
4.710650 -1.473850 18.050900
4.101650 -1.089990 17.902100
4.269850 -1.158720 17.619398
4.119250 -0.811701 18.101400
3.835920 -1.020230 17.783199
3.961670 -1.393290 17.728498
4.201760 -0.892057 17.995501
3.472410 -0.939976 17.634300
3.375780 -0.930185 17.602800
3.474650 -1.000880 17.276100
3.573670 -0.553249 17.728899
3.099800 -0.906301 17.493101
3.264630 -1.000640 17.305000
3.164220 -0.824191 17.706800
2.696660 -0.845623 17.362900
3.066070 -0.649306 17.244101
2.941820 -0.866940 17.262800
2.448190 -0.798108 17.251600
2.519530 -0.860957 17.328499
2.582860 -0.954926 17.190899
2.083290 -0.731035 17.097599
2.113890 -0.750076 16.808800
2.018360 -0.602681 17.001499
1.813230 -0.675249 16.977900
1.828040 -0.997462 16.753599
1.660660 -0.625579 16.972500
1.754790 -0.850665 17.052799
1.402510 -0.572529 16.715099
1.395980 -0.563862 16.482800
1.414440 -0.556297 16.622601
5.318650 -1.043520 18.160900
0.168891 -0.268930 15.475500
1.113790 -0.434180 16.501900
2.277680 -0.778451 17.212500
2.920520 -0.900067 17.454800
4.194150 -1.119580 17.924599
1.182990 0.752254 15.862599
5.015230 3.925940 17.225698
4.941260 3.726520 17.262899
4.530160 3.363020 17.068499
4.456810 3.304460 17.030600
4.884910 3.362060 17.203899
4.762450 3.544590 17.443699
4.745390 3.185410 16.761099
4.526180 3.433040 17.539200
4.003520 2.953810 16.882399
4.227010 3.326220 16.538700
4.041000 3.124570 16.871000
3.767880 2.777700 16.810499
4.171550 2.946090 16.521000
4.008180 2.906180 16.655300
3.475320 2.517030 16.738298
3.665810 2.628150 16.445700
3.426430 2.875030 16.912600
3.251990 2.317580 16.674599
3.180510 2.260250 16.667999
3.433970 2.453590 16.900900
3.248780 2.257150 16.917999
2.878060 2.008460 16.613298
3.136780 2.164300 16.388599
2.911850 2.319200 16.908400
2.647620 1.823190 16.562700
2.833100 1.714700 16.285700
2.548760 1.858430 16.700300
2.328360 1.617080 16.457500
2.408030 1.867010 16.391701
2.436030 1.759610 16.106600
2.084220 1.463410 16.364500
2.200180 1.434310 16.326000
2.435680 1.323910 16.424999
1.778620 1.279340 16.197399
2.009490 1.419910 16.071800
1.648350 1.251010 16.078800
1.659710 1.329940 15.913600
1.472570 1.104180 16.005699
1.466490 1.062530 16.040199
1.684620 1.047360 15.712600
1.300710 0.985390 16.035601
-0.153052 -0.084849 13.763000
0.631191 0.332037 14.966000
1.389770 1.104400 15.989900
2.603800 1.771620 16.575899
3.182020 2.241760 16.687799
4.314240 3.174670 16.947100
5.289270 2.358110 18.089699
5.080020 1.878210 18.100500
4.806550 2.662670 18.534498
4.265580 1.698010 18.254101
4.181160 1.661960 18.237600
4.564400 1.688140 18.665998
4.449600 1.695530 18.503399
4.376050 2.032950 18.305601
3.739960 1.459160 18.096701
4.009190 1.693830 18.727699
4.042600 1.711890 17.989300
3.475180 1.347080 18.008600
3.390700 1.303850 17.977098
3.653500 1.165290 18.013899
3.594650 1.595890 17.976200
3.542660 1.360750 17.956800
2.923130 1.152730 17.833500
3.357390 1.180210 17.492199
3.231750 1.787630 18.278599
2.654340 1.065220 17.740400
3.164450 0.884286 17.682499
2.869370 1.143150 18.000299
2.289320 0.948344 17.613298
2.853580 1.355630 17.397200
2.409260 1.285310 18.035200
2.021540 0.855115 17.506599
2.184830 0.745602 17.815199
2.491860 0.663296 17.658600
1.701120 0.718201 17.299101
2.554290 0.906180 17.324100
1.552630 1.508840 17.227600
1.456830 0.615926 17.158001
1.715070 0.345854 17.139599
1.445390 0.618365 17.098000
1.185340 0.470402 16.890400
1.516790 0.781759 16.956800
1.543250 0.723926 16.930799
0.986679 0.366164 16.697399
0.991073 0.359328 16.692099
0.906161 0.313987 16.552198
4.725650 1.916350 18.430500
0.109704 -0.176852 14.644599
0.244111 0.027421 15.365100
0.967159 0.290274 16.657200
2.048800 0.888088 17.494598
3.394220 1.321140 18.004301
4.057190 1.610220 18.212000
3.571770 2.968130 20.561499
3.629550 2.565390 20.325300
4.010310 2.369090 20.354900
3.406150 2.441430 20.797100
3.369890 2.319040 20.044498
3.428370 2.926800 20.037600
3.780880 2.629580 20.247799
3.219360 2.163520 19.858999
3.359870 2.318730 20.442400
3.479810 1.985400 19.550100
3.029950 2.202580 20.304300
2.955220 1.896740 19.595600
3.007480 2.327420 19.629000
3.089160 2.001910 19.012899
2.746320 1.761660 19.439199
2.600140 1.748460 19.896400
2.915250 1.941020 19.480400
2.462750 1.572330 19.223799
2.790830 1.721800 18.727400
2.427950 1.985480 19.273298
2.250160 1.439990 19.057199
2.578590 1.207400 19.038799
2.432500 1.525890 19.228498
1.954070 1.257030 18.836100
1.897700 1.216180 18.779900
2.194090 1.328580 18.469398
1.658220 1.705400 18.915100
1.687570 1.092520 18.607700
1.947780 0.866457 18.673800
1.620610 1.159170 18.894100
1.414570 0.923221 18.371300
1.426790 1.193470 18.346399
1.514180 1.119030 18.265301
1.226250 0.805296 18.154301
1.173000 0.765679 18.091200
1.527720 0.552923 18.027700
1.103450 0.785817 18.428200
0.949338 0.610512 17.806898
0.910867 0.595816 17.725201
0.887128 0.579796 17.662600
0.808012 0.500165 17.566999
0.579464 0.503582 17.891998
1.099940 0.227349 17.621000
3.775130 2.693570 20.532000
0.089268 -0.182851 15.265300
0.127101 0.026346 15.988700
0.702155 0.332994 17.320601
1.463980 0.985305 18.405600
2.492680 1.602500 19.271500
3.010260 1.945180 19.659300
3.806640 2.738580 20.568998
4.447050 2.406510 19.006599
4.067750 1.731600 18.531200
4.304950 1.485350 18.738699
4.170770 1.852850 18.961100
3.784770 1.584480 18.295401
4.043700 2.395530 18.528299
3.970160 1.690120 18.593700
3.553410 1.472080 18.136299
3.839090 1.650560 18.312399
3.678660 1.531600 18.255999
3.245240 1.314620 17.937700
3.499140 1.363920 17.571800
3.278050 1.687580 18.159300
3.481080 1.533020 17.695999
2.916780 1.127320 17.810400
3.225920 1.227570 17.534800
3.365760 1.041530 17.943600
2.586540 0.946417 17.670200
3.138730 1.050880 17.406700
2.590100 1.705160 17.990900
2.332150 0.825036 17.566401
2.759410 0.834155 17.923300
2.550940 1.071300 17.753599
1.939650 0.655346 17.407400
2.471310 1.227710 17.268200
2.568980 1.084060 16.938799
1.759590 0.604341 17.243900
1.861050 0.611820 17.328699
1.829330 0.562865 17.307499
1.450530 0.485089 16.999599
1.378070 0.466240 16.945999
1.460170 0.885146 16.771200
1.578300 0.622892 17.156401
1.336760 0.602545 16.671499
1.102130 0.363897 16.683899
1.134770 0.262342 16.547100
-0.171852 -0.162353 14.508299
0.381417 0.084267 15.703100
1.121200 0.389585 16.766500
1.614180 0.555955 17.184700
2.753860 0.992284 17.734800
3.812250 1.611310 18.299398
3.782270 2.026900 20.054199
3.718600 1.985750 19.998299
3.925950 2.369170 20.000099
4.059070 2.233850 20.005699
3.766600 2.420200 20.059500
3.459240 1.813240 19.736898
3.853670 1.636380 19.831400
3.299430 1.942550 20.229500
3.155210 1.662810 19.539900
3.340180 2.020280 19.711899
3.249440 1.883370 19.155500
2.926430 1.547360 19.382500
3.369320 1.615520 19.424099
3.154100 1.432530 19.296099
2.635090 1.388890 19.161699
2.915610 1.466740 19.021601
2.569250 1.598390 19.388000
2.427590 1.272560 18.985300
2.701490 1.169660 18.966600
2.517860 1.319230 19.131800
2.133740 1.111820 18.762199
2.239040 1.391460 18.527599
2.271350 1.193370 18.424900
1.919380 0.993478 18.592400
2.019350 1.009150 18.564301
2.107890 0.909201 18.675699
1.640410 0.848929 18.351500
1.808230 0.950160 18.093800
1.479430 0.883420 18.231100
1.437070 0.748098 18.156799
1.781050 0.673433 18.118999
1.300520 0.712096 18.152199
1.185010 0.606614 17.884199
1.156900 0.701932 17.854200
1.117260 0.600585 17.739599
1.011460 0.497844 17.663599
0.144189 0.059750 16.259100
0.463376 0.149538 16.934900
0.850908 0.387077 17.527700
1.842150 0.917168 18.487200
2.863380 1.543570 19.350000
3.912670 2.115670 20.183300
0.577259 -0.474583 15.030601
6.335810 -2.569500 15.710500
5.745620 -2.537800 15.700799
5.294030 -2.347280 16.117399
5.841130 -2.586870 16.226000
5.629190 -2.485900 16.237099
4.914680 -2.210220 16.134600
5.075950 -2.375780 15.668399
5.578920 -1.908850 16.429499
4.598780 -2.080540 16.140900
4.664160 -2.439860 15.862499
4.948620 -2.201760 16.504900
4.256560 -1.934880 16.231899
4.658450 -1.941110 15.923100
4.479430 -2.043320 16.184099
4.816190 -1.650830 16.245501
3.921400 -1.789870 16.292601
4.027920 -2.299590 16.333300
4.265950 -1.688480 16.531599
3.561340 -1.639160 16.376999
4.482430 -1.636340 16.232901
4.004450 -1.757890 16.094999
3.282990 -1.544620 16.416300
3.848820 -1.755300 16.377300
3.555100 -1.880390 16.752899
2.909580 -1.425090 16.466700
3.154110 -1.677700 15.778700
3.573770 -1.068860 16.667500
2.624510 -1.307520 16.441099
2.538120 -1.270520 16.441999
2.711630 -1.366610 16.538300
2.754800 -1.550060 16.441898
2.170740 -1.138640 16.392900
2.215720 -1.286910 15.761999
2.642870 -0.764710 16.445601
1.919410 -1.049150 16.259600
1.851730 -1.286990 16.170500
1.834450 -0.991976 16.213800
1.570590 -0.924531 16.091099
1.506940 -0.899386 16.024200
1.686280 -0.984201 16.044001
5.897930 -2.502650 16.034201
0.180979 -0.252381 14.480300
1.093470 -0.641332 15.614499
2.232780 -1.150760 16.442801
2.942190 -1.423750 16.500401
4.302720 -1.977710 16.193800
5.696490 -2.496170 16.105101
2.405810 -1.530180 16.438999
5.741390 -4.791240 16.389500
5.285050 -3.850600 16.836700
5.218120 -3.803360 16.808800
5.129210 -3.759840 16.798700
5.051050 -3.707760 16.790998
5.883850 -3.447870 16.345501
5.903060 -4.289310 16.552198
4.791000 -3.551020 16.741400
5.050720 -3.852750 16.416300
5.601460 -4.009030 17.070099
4.457080 -3.342640 16.699999
4.541610 -3.547080 15.871200
4.915050 -3.077240 16.768200
4.209760 -3.183940 16.694099
4.268940 -3.596710 16.144899
4.574700 -3.224170 16.681700
4.151540 -3.521860 16.170300
3.791690 -2.909010 16.705400
3.891230 -3.026530 16.370800
3.626250 -2.799660 16.719599
3.539010 -2.741530 16.727900
3.464730 -3.311420 16.647299
3.916600 -2.831050 17.059700
3.207020 -2.527140 16.755600
3.145460 -2.476850 16.741899
3.266000 -2.583900 16.556898
2.953840 -2.362630 16.726000
3.008690 -2.447030 17.380400
3.112750 -2.563460 16.386299
2.624510 -2.147050 16.687399
2.802020 -2.409700 16.568699
2.497410 -2.028840 16.651199
2.348910 -1.940480 16.580500
2.537900 -2.259880 16.554199
2.682220 -2.270160 16.919800
2.279270 -2.086160 16.350201
2.017880 -1.669810 16.482300
1.943460 -1.614080 16.440699
1.924940 -1.559070 16.388599
2.132760 -1.698720 16.476299
1.730100 -1.461930 16.296299
1.840440 -1.691570 16.493900
1.655070 -1.519160 16.252300
1.442680 -1.264360 16.102499
5.842470 -4.200590 16.879200
-0.171818 -0.228387 13.892300
0.945515 -0.920747 15.704100
1.468250 -1.246450 16.141899
2.534370 -2.134010 16.686501
3.808500 -2.905190 16.684200
5.061620 -3.703230 16.793699
5.700380 -4.060330 16.909399
3.582450 -4.185250 17.992599
3.633410 -4.396100 17.561100
3.789470 -4.188270 18.250700
3.857770 -4.431390 17.876499
3.278830 -3.950890 17.869101
3.855700 -4.519970 17.987299
3.517620 -4.576890 18.331499
3.827310 -4.271450 18.152399
2.904700 -3.646540 17.725800
3.526570 -3.794880 17.736500
3.202340 -3.988230 17.249300
3.128180 -3.542080 17.198299
2.613270 -3.397670 17.607901
2.549170 -3.819530 17.384499
2.881050 -3.626470 17.694201
2.605320 -3.744460 17.636200
2.277960 -3.049540 17.483299
2.477680 -3.309020 17.192801
2.536490 -2.931460 17.462599
2.073950 -2.836100 17.408400
2.055820 -3.191670 17.456800
2.462820 -2.838800 17.761499
1.804420 -2.566710 17.292400
1.845450 -2.609530 17.315699
1.786590 -2.583060 17.183699
1.602660 -2.361160 17.203299
1.969120 -2.889610 17.366301
1.563230 -2.356940 17.360699
1.395110 -2.061210 17.045300
1.346790 -1.992050 16.982599
1.449850 -1.904590 17.044600
1.237180 -1.831370 16.919001
1.076460 -2.203650 16.903198
1.406490 -1.947250 17.488100
1.034100 -1.571050 16.703100
1.252940 -1.643140 16.641300
1.035840 -1.542550 16.557899
0.880413 -1.378020 16.525999
1.012020 -1.743490 16.661400
0.878062 -1.488330 16.638199
3.756630 -4.311240 18.069399
0.037308 -0.463606 14.556300
0.244746 -0.586611 15.283199
0.809221 -1.356790 16.447800
1.632880 -2.349770 17.200500
2.615580 -3.400650 17.636000
3.169960 -3.876840 17.840500
2.147650 -0.857584 16.269499
4.778560 -2.068760 17.681299
4.682050 -2.039550 17.579201
4.858460 -2.278120 17.859999
4.543910 -2.010340 18.060699
4.409100 -1.948600 17.372299
5.182860 -1.887320 17.505699
4.685440 -2.060920 17.216999
4.927740 -1.488620 17.355900
4.068000 -1.840040 17.191801
4.092060 -1.934400 17.383900
4.218030 -1.945490 17.278999
4.173580 -1.847150 17.182600
3.622650 -1.705110 17.019100
4.002210 -1.878690 16.912800
3.671940 -1.479410 17.377199
3.340670 -1.637970 16.939400
3.485670 -2.055360 17.134001
3.490820 -1.508180 17.401501
2.967370 -1.533040 16.853399
3.317740 -1.268440 16.413399
3.466820 -1.557000 16.895500
2.690710 -1.427380 16.810200
3.011010 -1.500070 17.004999
2.967200 -1.542090 16.900299
2.324980 -1.294140 16.734699
2.656950 -1.426440 16.078499
2.754830 -1.084440 17.026300
2.062080 -1.181610 16.617100
2.067960 -1.290610 16.798901
2.026110 -1.096830 16.607901
1.731000 -1.032710 16.486700
1.919750 -0.891956 16.315899
2.035230 -0.954155 16.533001
1.492920 -0.931704 16.334799
1.568790 -0.983336 16.417200
-0.132549 -0.116354 14.718199
0.756941 -0.547092 15.740500
1.804560 -1.048800 16.559799
2.424120 -1.320930 16.791700
3.768110 -1.773670 17.051300
4.923020 -2.112950 17.806400
4.602550 -3.831880 17.522900
4.739840 -3.149940 17.639000
4.236960 -3.085410 17.315599
4.925380 -3.388210 17.262098
4.825080 -3.433530 17.620300
3.999340 -2.958190 17.166599
4.132880 -3.046310 17.447800
4.086750 -3.181530 17.499001
3.866460 -2.870100 17.303801
3.605140 -2.715740 16.972799
3.915350 -2.833330 16.896801
3.977350 -2.831810 16.622601
3.347340 -2.571940 16.942400
3.558970 -2.796920 16.972198
3.662460 -2.811370 16.956900
2.989250 -2.389200 16.903299
3.185750 -2.575310 16.699100
2.863770 -2.272050 16.886999
2.736780 -2.227820 16.863298
2.764400 -2.672450 16.792500
2.854990 -2.096230 17.094999
2.402780 -2.011640 16.819799
2.352240 -1.978730 16.774500
2.357620 -2.055140 16.460999
2.186560 -1.858590 16.753901
2.060940 -1.812720 16.720798
2.147190 -2.143180 16.550400
2.376830 -1.856800 17.184500
1.736850 -1.615610 16.602600
1.841880 -1.595920 16.518000
1.872080 -1.647800 16.440399
1.513470 -1.455980 16.475300
1.663350 -1.609500 16.529200
1.430410 -1.534440 16.522400
1.351490 -1.253140 16.740400
4.628010 -3.272790 17.570499
0.136884 -0.486189 15.051000
0.470538 -0.635086 15.633101
1.324780 -1.387720 16.359800
2.422870 -1.996760 16.810200
3.574300 -2.694030 16.982800
4.102870 -3.026460 17.237299
2.469100 -4.594350 18.808899
2.048520 -4.395870 18.564199
1.991570 -4.625450 18.874699
1.989030 -4.311350 19.091700
1.870390 -4.073280 18.399599
2.105110 -4.342140 18.206900
2.141250 -4.461830 18.408800
1.799210 -3.787750 18.260401
1.882130 -4.297560 18.427599
1.835490 -4.081420 18.422100
1.640980 -3.483570 18.103699
1.820950 -4.021720 18.041399
1.886470 -3.692620 18.009300
1.714170 -3.527070 18.353800
1.464870 -3.151840 17.961899
1.571850 -3.425950 18.220200
1.533050 -3.266970 18.164598
1.276200 -2.820410 17.839800
1.215150 -3.069250 17.275600
1.730430 -2.733380 17.615799
1.154040 -2.575300 17.715601
0.964498 -2.784010 17.660000
1.204000 -2.464190 17.967800
0.988577 -2.239190 17.559099
1.296280 -2.497930 17.415300
1.187050 -2.405420 17.259300
0.866535 -2.008540 17.414398
0.818231 -1.934900 17.363298
0.646761 -2.241140 17.321899
0.798080 -1.690180 17.566700
0.644448 -1.636750 17.159100
0.717373 -1.607190 17.048399
0.709709 -1.652290 17.044100
0.546416 -1.449330 16.943100
0.691117 -1.291710 17.126099
0.383300 -1.656310 17.099899
0.416857 -1.211190 16.651300
0.385636 -1.150740 16.578400
0.513962 -1.136180 16.436501
0.375598 -1.121710 16.397400
-0.007752 -0.238193 14.548599
-0.053014 -0.067823 13.814499
0.141406 -0.840360 15.933700
0.657337 -1.612570 17.120300
1.272090 -2.787000 17.844999
1.623240 -3.409290 18.084900
2.194080 -4.660920 18.703600
1.244310 -5.100130 19.038799
1.348360 -4.453280 19.390999
1.075390 -4.406770 18.811100
1.033510 -4.325650 18.750299
1.016580 -4.265630 18.699799
1.684650 -4.883020 18.987900
1.227740 -4.624650 18.898600
0.965344 -4.016260 18.545601
0.887165 -4.265530 18.815100
0.960505 -4.172310 18.368799
0.893901 -3.674000 18.348299
0.976761 -4.168990 18.245699
1.609890 -3.913820 18.511801
0.826812 -3.423250 18.200800
0.692245 -3.677880 18.196100
0.955546 -3.607840 18.611601
0.651569 -3.606640 18.308500
0.698167 -3.005740 17.959200
0.705379 -3.398050 17.494101
1.233170 -3.498620 18.371899
0.635798 -2.700760 17.788500
0.249459 -3.106780 17.983299
0.766257 -3.019540 18.231899
0.563826 -2.395350 17.634600
0.851599 -2.903090 17.202900
0.838471 -2.784410 18.012098
0.483469 -2.163560 17.465200
0.476049 -2.389380 17.740299
0.272103 -2.507160 17.385201
0.364454 -1.865840 17.233299
0.326348 -2.507050 17.044699
0.718155 -1.937950 17.435799
0.301293 -1.654560 17.034100
0.304087 -1.559270 16.948299
0.282562 -1.525980 17.073500
0.196097 -1.775320 17.060200
0.205087 -1.318900 16.670200
0.192033 -1.261550 16.596399
0.220894 -1.255140 16.506199
0.274763 -1.402340 16.579800
0.002093 -0.295982 14.696700
-0.033428 -0.097474 13.982200
0.029147 -0.907528 16.051500
0.367017 -1.811400 17.159800
0.715687 -2.980490 17.976000
0.895523 -3.608750 18.322500
1.245290 -4.815180 19.118900
2.838230 -3.872200 18.786499
2.668990 -3.358550 18.701399
2.899890 -3.730440 18.369598
3.118180 -3.194590 18.393101
2.458900 -3.195900 18.547499
2.420170 -3.717720 18.499699
2.426890 -3.165530 19.146700
2.214020 -2.928780 18.379900
2.742330 -2.853920 18.243000
2.590040 -3.284640 18.327200
2.026110 -2.732200 18.250999
1.955590 -2.676510 18.204599
1.876470 -3.140490 18.384899
2.061890 -2.514200 18.684399
1.685080 -2.414970 18.050301
1.768810 -2.411640 17.826500
1.802010 -2.496400 17.750799
1.495590 -2.176520 17.936800
1.729370 -2.591780 17.890600
1.411710 -2.468390 18.102098
1.226500 -1.939980 17.810799
1.241960 -1.988970 17.684599
1.168390 -1.822610 17.752800
1.043980 -1.740950 17.666800
1.028440 -2.024550 17.602699
1.248890 -1.992300 18.019300
0.815877 -1.483160 17.466099
0.973379 -1.506920 17.322800
0.767548 -1.394770 17.380999
1.031630 -1.292880 17.277700
0.629051 -1.237640 17.199400
0.498172 -1.486600 17.297600
0.505266 -0.861207 17.433500
0.372364 -1.444970 17.139799
0.433217 -0.962106 16.837700
0.466890 -1.040310 16.740000
3.002400 -3.590570 18.892700
-0.012279 -0.265534 15.138599
0.358150 -0.727072 16.353699
0.767904 -1.417520 17.445499
1.159160 -1.858310 17.798199
2.042820 -2.785840 18.261600
2.956650 -3.575460 18.896200
2.670530 -1.062980 17.618599
3.879720 -2.439160 18.730799
3.471540 -2.181100 18.437500
3.789950 -2.372000 18.497499
3.797100 -2.024120 18.874201
3.248240 -2.038220 18.295300
3.176470 -1.991970 18.248199
3.088010 -1.848500 18.534399
3.176960 -2.193370 18.026999
2.873870 -1.818120 18.049101
3.030140 -1.977090 17.881100
3.230350 -1.376990 18.082701
2.601560 -1.679830 17.904200
2.849040 -1.958900 18.057600
2.915950 -1.676370 18.046801
2.296910 -1.539230 17.767599
2.916290 -1.651940 17.821501
2.316090 -1.446170 17.981800
2.056460 -1.405990 17.637098
2.060800 -1.429620 18.019699
2.070040 -1.750220 17.441099
1.749410 -1.230300 17.453699
2.116000 -1.492030 17.758299
2.157060 -1.258700 17.335501
2.110470 -1.209780 17.406000
1.476690 -1.039910 17.233101
1.440720 -1.055180 17.256199
1.374760 -1.136620 17.227499
1.262460 -0.929645 17.089600
1.139180 -0.831608 16.927198
1.211250 -0.769422 16.852600
3.883690 -2.366460 18.682600
0.153082 -0.322553 15.867299
0.979046 -0.672690 16.752800
1.787510 -1.263860 17.526300
2.287270 -1.542940 17.789799
3.274950 -2.072140 18.297899
3.130050 -3.952170 19.712500
2.958490 -3.891860 19.842299
3.077470 -3.706710 20.087900
2.626030 -3.583160 19.610100
2.454640 -4.098180 19.490999
2.687030 -3.439970 20.319698
2.453540 -3.316140 19.364899
2.996300 -3.496200 19.339199
2.844020 -3.625270 19.088499
2.313510 -3.062740 19.159399
2.411560 -3.553990 19.431898
2.297850 -3.593800 19.418299
2.120260 -2.846170 18.970999
2.429110 -3.249440 18.941500
2.282680 -2.784430 19.254299
1.962800 -2.638800 18.835400
1.992080 -2.872730 19.064100
1.974010 -2.840280 19.232599
2.072420 -2.822750 18.774200
1.695310 -2.283550 18.604399
1.742780 -2.454150 18.390400
1.727300 -2.193970 18.571501
1.538740 -2.070620 18.453001
1.280980 -2.494320 18.369900
1.634130 -2.106810 19.051701
1.333870 -1.800580 18.253799
1.411330 -1.715170 18.243299
1.251490 -1.699000 18.159300
1.355590 -1.551620 18.206600
1.128220 -1.540170 18.027300
1.016030 -1.954280 17.829699
1.017170 -1.694940 18.413900
0.929296 -1.326550 17.763000
1.128170 -1.302700 17.668100
0.871824 -1.265660 17.646601
0.787941 -1.167280 17.549700
0.770700 -1.351270 17.660099
-0.150263 -0.175684 15.309699
0.323740 -0.571027 16.537901
0.806300 -1.214610 17.649500
1.149940 -1.586100 18.118299
1.883640 -2.557960 18.753199
2.564530 -3.463180 19.508699
-2.007050 0.974253 9.206209
-2.063900 0.953227 9.280009
-2.237380 0.992608 8.558249
-2.361820 0.841808 8.645070
-2.216160 0.888495 8.704110
-2.399450 0.903927 8.855050
-2.348860 0.672147 8.743380
-2.091030 0.947348 9.240950
-2.019950 1.027200 9.946670
-1.993850 1.053000 9.255110
-2.718820 1.093010 9.541770
-2.026850 1.031450 10.236199
-2.002000 1.051060 10.339900
-2.011920 1.039300 10.440500
-2.508910 0.997216 9.813570
-1.920190 1.353460 10.203500
-2.456010 0.915912 9.961260
-2.007280 1.396690 10.261801
-1.987950 1.071040 11.007800
-2.095330 0.902267 10.539900
-2.211270 0.719890 10.300900
-2.030040 1.048160 11.286700
-1.968260 1.032370 11.421000
-2.011180 1.049270 11.489799
-2.199850 1.423830 10.422099
-1.656650 0.902833 11.115799
-2.324300 1.330250 10.636600
-1.459470 0.878641 11.279900
-1.981140 1.008710 11.948500
-1.938600 0.981114 12.075000
-1.685190 1.475550 11.535899
-2.374450 1.302310 11.804999
-1.685340 1.619810 11.743800
-2.171380 1.155180 11.923299
-1.850990 0.964897 11.827700
-1.848320 1.005090 12.140100
-1.793050 1.541060 12.251200
-1.869990 1.012050 12.364201
-1.837580 1.067540 12.398000
-2.014940 1.086100 12.900300
-1.793350 1.201990 12.681600
-1.865880 1.102900 13.228399
-2.105990 0.756546 12.740400
-1.495890 0.749960 12.679300
-1.890610 1.045840 13.140400
-2.026230 1.131380 12.942300
-2.088520 0.866616 13.527500
-1.774420 1.168260 13.417500
-1.787950 1.164980 13.766399
-2.013700 0.874141 8.644609
0.023556 -0.104673 15.413400
-1.144360 0.765042 15.119300
-1.439550 0.996506 14.770400
-1.768880 1.227390 13.837700
-1.911490 1.025160 12.867000
-2.001160 1.020150 11.868900
-2.014590 1.019260 11.374399
-1.994000 1.052150 10.371900
-2.032220 0.931526 9.385710
-1.771490 0.050757 9.471570
-1.913420 0.556518 8.960970
-1.735770 0.039571 9.564990
-1.647920 0.031760 8.811030
-1.933040 -0.042367 9.500770
-1.752100 0.001896 10.030399
-1.749730 0.178535 9.161699
-1.825270 0.063991 9.066820
-1.543650 -0.552785 9.602890
-1.329940 0.189275 9.738230
-1.652290 -0.209628 9.897920
-1.726980 0.014040 10.603399
-1.685840 0.034113 10.677299
-1.602230 0.003629 10.115999
-1.813690 -0.098677 10.489201
-1.321290 0.019800 10.726899
-1.752020 0.021206 10.873700
-1.717290 -0.001567 11.153399
-2.066010 -0.030623 10.786300
-1.548150 0.186596 10.692500
-1.828060 0.023075 10.863000
-1.696420 0.067045 10.963699
-1.790700 0.098260 11.169900
-1.716330 -0.049280 11.686500
-1.701970 -0.040146 11.761100
-1.725000 0.006731 11.667299
-1.466540 0.024355 11.789300
-1.662150 -0.135050 11.921899
-1.482600 0.151136 11.848499
-1.754660 -0.030754 12.045500
-1.426010 0.066789 12.044300
-1.739840 -0.115079 12.477400
-1.705090 -0.115268 12.596899
-1.740040 -0.125596 12.644100
-1.732830 -0.127831 12.755500
-1.751450 -0.152669 12.868700
-1.748840 -0.148597 12.952700
-1.766640 -0.159943 13.044200
-1.812420 -0.154505 12.848299
-1.782770 -0.174798 13.241600
-1.763300 -0.172724 13.374700
-1.758390 -0.167671 13.359900
-0.108331 -0.173863 14.894699
-0.968284 -0.298376 14.681899
-1.653770 -0.181202 14.105900
-1.800010 -0.172400 13.670400
-1.711670 -0.099619 12.790200
-1.698070 -0.071421 11.904301
-1.729080 0.016817 11.020000
-1.703300 0.025234 10.582099
-1.721360 0.032538 9.693990
-1.108000 1.986300 9.741280
-0.621781 2.216500 10.250200
-1.058440 2.338800 10.005301
-0.856637 1.999940 10.703600
-0.945761 2.341170 9.962899
-0.662911 1.710690 10.486099
-0.884630 1.938190 11.005500
-0.883363 1.912850 11.110899
-0.893005 1.907780 11.172299
-0.693439 1.596940 11.093299
-1.161130 1.827850 10.960300
-0.844851 1.701180 11.165200
-1.409510 1.726400 11.166600
-1.018660 1.885840 11.195999
-1.347910 1.450580 11.216801
-0.966359 1.904640 11.438399
-1.139900 1.577880 11.506500
-1.009010 1.826070 11.680200
-0.986300 1.999530 11.626300
-0.955733 1.853980 12.272300
-0.943075 1.863520 12.375401
-0.423320 2.034430 12.148600
-1.055020 2.117320 12.198400
-0.867951 1.857060 12.063700
-0.994172 1.967520 12.353600
-0.972089 1.866190 12.771100
-0.967056 1.866710 12.866800
-0.985815 1.853150 12.991099
-0.989344 1.906390 12.891200
-0.964057 1.835000 13.182600
-0.916111 1.856770 13.090699
-0.910837 1.845860 13.132099
-0.950197 1.841930 13.403399
-0.892421 1.714320 13.457399
-0.880585 1.701610 13.593800
-0.859539 1.626440 13.700799
-0.870483 1.709730 13.686000
-0.333609 0.138842 14.460999
-0.427821 0.529900 14.521899
-0.574304 0.876232 14.410699
-0.742479 1.459340 13.920400
-0.978372 1.804000 13.277200
-0.967928 1.890420 12.508599
-0.967296 1.869680 12.122800
-0.878536 1.868520 11.357400
-0.857894 1.979400 10.584599
0.854164 -2.786740 9.458489
0.710570 -2.748360 9.081110
0.868844 -2.761500 9.597540
0.875126 -2.761240 9.652550
0.815843 -2.437330 9.141410
0.899060 -2.727340 9.849899
0.901997 -2.703630 9.951070
1.546630 -2.410510 9.346720
0.932932 -2.682800 10.151299
0.948114 -2.666730 10.243100
0.479636 -2.366900 9.925819
1.232400 -2.139200 9.724040
0.468664 -2.403560 10.447100
1.650020 -2.381880 10.207899
1.215400 -2.523450 10.177999
1.390380 -2.235130 10.306400
1.021670 -2.536350 10.925200
1.061020 -2.513690 11.046700
1.040520 -2.512720 11.123799
1.057420 -2.492600 11.248300
1.031770 -2.477170 11.313700
0.889000 -2.446580 10.610800
1.035330 -2.443240 11.555099
1.061320 -2.439390 11.639400
1.049270 -2.431530 11.710699
0.883626 -2.530030 11.029799
0.917503 -2.199940 11.353700
1.517980 -2.186210 11.493700
0.909230 -2.181120 11.705601
1.178350 -2.321750 11.587700
0.964200 -2.160340 11.874800
1.333890 -2.286390 11.835500
0.912236 -2.148490 12.100600
1.122480 -2.325730 12.620799
1.166150 -2.295700 12.718399
1.142670 -2.276740 12.805600
1.029340 -2.099120 12.471500
1.195620 -2.212870 12.973399
1.229730 -2.206960 13.095799
1.224430 -2.180410 13.173599
1.255110 -2.160190 13.262700
1.319780 -2.395460 13.096000
1.050920 -2.286690 12.859200
1.331730 -2.325920 13.373000
1.147100 -2.148500 12.996200
1.437200 -2.195480 13.552600
1.370960 -2.042130 13.835999
1.374220 -2.018950 13.926800
1.224940 -2.170560 13.315999
1.466540 -2.070980 13.927199
1.176060 -2.210470 13.636899
1.497860 -2.057180 14.120899
-0.068236 -0.198450 15.675400
0.668297 -0.802091 15.564799
1.097780 -1.532410 15.110300
1.285140 -1.798620 14.754399
1.324930 -2.007940 13.851200
1.224250 -2.211350 12.927400
1.065340 -2.428440 12.012400
1.040780 -2.478310 11.547900
0.967761 -2.585980 10.606000
0.887715 -2.749730 9.671209
-0.700332 -1.785910 10.132199
-0.609666 -1.716480 9.695709
-0.789562 -1.957000 9.768579
-1.089630 -1.690640 10.170100
-0.819985 -2.116120 10.083700
-1.158290 -1.734450 10.259900
-0.910003 -2.177940 9.931310
-1.047030 -1.846750 10.603700
-0.772426 -2.097470 10.278500
-0.690929 -1.981560 10.943700
-0.696945 -1.970420 11.057500
-0.816835 -1.931440 10.734200
-0.890005 -2.089930 10.862200
-0.904557 -1.952940 10.986800
-0.726866 -1.993420 11.424000
-0.734040 -2.004790 11.526899
-0.742744 -1.982110 11.647400
-0.739764 -2.005670 11.750999
-0.891982 -2.107710 11.494599
-0.992051 -1.971630 11.802099
-0.754329 -2.016330 11.763299
-0.691387 -1.921060 11.789900
-0.836080 -2.259320 12.096200
-0.707286 -1.958060 11.980100
-0.767645 -1.961080 12.205601
-1.069060 -1.855490 12.315400
-0.797260 -2.146370 12.524799
-0.808338 -2.017900 12.864201
-0.762037 -2.028080 12.826700
-0.689337 -2.041100 12.756500
-0.739150 -2.026630 13.066999
-0.805536 -1.815620 13.061299
-0.756780 -1.965350 13.320100
-0.751350 -1.945550 13.227500
-0.598259 -1.897390 13.446099
-0.536872 -1.880740 9.355180
-0.255763 -0.504038 14.495799
-0.440940 -1.221820 14.252900
-0.737606 -1.768250 13.761400
-0.809718 -1.966050 13.411200
-0.808112 -1.960400 12.594700
-0.734314 -2.014170 11.842800
-0.726491 -2.018360 11.084200
-0.728293 -1.935700 10.702100
-0.709823 -1.749840 9.948700
1.708890 0.503293 9.272940
1.399280 0.384654 9.267730
1.762610 0.288408 9.374790
1.811700 0.262420 9.309910
1.640570 0.423863 9.652600
1.505830 0.206701 9.487400
1.816910 0.144864 9.515759
1.453610 0.030035 9.904960
1.639870 0.452860 10.162100
1.819630 0.251468 10.022800
1.729760 0.403198 10.295401
1.781460 0.182503 10.251999
1.856580 0.267255 10.490601
1.478080 0.132216 10.410400
1.853110 0.082423 10.464399
1.425790 0.042791 10.936300
1.736510 0.467890 11.016200
1.576580 0.027399 11.077100
1.742010 0.284387 11.211100
1.488250 0.037384 11.326300
1.835760 0.189272 11.355400
1.452510 0.093693 11.417399
1.613180 0.206439 11.600500
1.579390 0.058471 11.732800
1.680120 0.019628 11.908000
1.633290 0.000454 12.028100
1.634610 0.045623 12.136999
1.625720 -0.018033 12.284300
1.613310 -0.034640 12.395500
1.610550 -0.035749 12.481999
1.602420 -0.048839 12.580899
1.690180 -0.183136 12.418699
2.022910 0.377824 12.269000
1.604530 -0.009660 12.535100
1.875740 0.181236 12.350100
1.672600 -0.217959 12.825500
1.892400 -0.066424 12.646299
1.661580 -0.211820 12.960699
1.974690 0.163658 12.851500
1.659700 -0.212366 13.192900
1.740770 -0.105250 13.185300
0.310268 -0.106464 14.688100
0.750730 -0.121311 14.658900
1.108100 -0.118117 14.413799
1.537220 -0.179216 13.684699
1.558250 -0.041079 12.854899
1.673410 0.023673 12.005799
1.717580 0.083602 11.574201
1.750520 0.098572 10.716300
1.749930 0.199807 9.859000
0.104505 -0.044182 11.605576
0.028841 -0.230360 11.594238
0.074435 -0.185900 11.697484
-0.198632 -0.360039 11.681675
-0.398329 -0.285742 11.579116
-0.068566 -0.335631 11.804212
0.061883 0.054686 11.908239
0.023486 -0.298146 11.910354
-0.396040 -0.209779 11.903222
0.071263 -0.087658 12.021185
-0.260722 -0.359749 12.018126
-0.457737 -0.087731 12.012788
-0.336046 0.169012 12.012634
-0.062321 0.133427 12.116392
0.015334 -0.205062 12.120706
-0.383951 -0.281358 12.114714
-0.393483 0.037115 12.225071
0.018644 0.085029 12.229490
-0.110976 -0.312042 12.229524
-0.469378 -0.085810 12.224680
-0.173651 0.183038 12.353818
0.078692 -0.203624 12.350423
-0.373030 -0.279615 12.350415
-0.340685 0.085090 12.467817
0.064378 -0.012729 12.461262
-0.227032 -0.337333 12.459682
-0.442760 -0.015072 12.583183
-0.014630 0.112048 12.573531
-0.088789 -0.310001 12.567842
-0.479756 -0.089508 12.582849
-0.144274 0.186295 12.702307
0.011667 -0.218176 12.688212
-0.391840 -0.225326 12.704339
-0.281852 0.167423 12.830462
0.063336 -0.130890 12.810645
-0.325281 -0.277348 12.826857
-0.352953 0.130834 12.957307
0.080958 -0.056741 12.933332
-0.438997 -0.007705 13.085961
0.044487 0.057314 13.061718
-0.430217 -0.100006 13.220562
-0.015166 0.098491 13.203823
-0.403687 -0.103214 13.342966
0.001028 0.064017 13.326086
-0.297130 0.126506 13.490849
-0.390393 -0.109209 13.625115
0.048314 0.049112 13.610075
-0.173219 0.113913 13.768334
-0.367827 -0.021069 13.920964
-0.386954 -0.113796 13.920356
0.021079 0.076528 14.056392
0.073798 0.078577 14.224294
0.057098 0.062586 14.381805
-0.082773 0.154922 14.552592
0.011307 0.053108 11.813403
-0.034498 0.092273 11.813145
0.019340 0.119533 12.018677
-0.407167 0.038918 12.012563
-0.414294 -0.148309 11.800180
0.046283 0.009108 11.606502
-0.398329 -0.285742 11.579116
0.073600 -0.013629 11.506461
-0.020075 -0.271113 11.590817
0.090406 -0.140592 11.500698
0.057098 0.062586 14.381805
0.100341 0.054415 14.553462
-0.371438 -0.108447 14.402455
-0.352808 -0.115605 14.067661
0.026235 0.091903 13.909780
0.076666 0.014390 13.907133
0.050211 0.106035 13.473696
0.001028 0.064017 13.326086
0.058078 0.058197 13.198878
0.082758 0.024510 13.320928
0.110640 -0.099754 13.191915
0.113219 -0.138241 12.931023
-0.199110 -0.356318 12.819994
0.054768 -0.205678 12.810100
0.051361 -0.203239 12.933722
-0.108337 -0.378679 12.940637
-0.325281 -0.277348 12.826857
-0.166636 -0.345320 13.065486
-0.073969 -0.363419 13.194721
0.058078 0.058197 13.198878
-0.209770 -0.327852 13.327595
0.001028 0.064017 13.326086
-0.216016 -0.385528 13.476096
0.071478 -0.185776 13.604755
-0.377402 -0.196007 13.622966
-0.091206 -0.352467 13.758183
0.115154 -0.159364 13.903601
-0.357143 -0.202353 13.918227
0.064695 -0.232520 14.054815
-0.352808 -0.115605 14.067661
-0.118687 -0.383565 14.239765
0.125493 -0.009456 14.383371
-0.306782 -0.301217 14.410039
0.144629 -0.043874 14.558160
-0.368375 -0.212877 14.582677
-0.190947 0.152604 14.555661
0.139864 -0.204474 14.754855
-0.368461 -0.086209 14.948730
0.179976 -0.086430 14.956682
-0.368461 -0.086209 14.948730
0.153122 -0.028013 15.161377
-0.458548 -0.092361 15.139910
0.171117 -0.100410 15.372692
-0.433363 -0.108317 15.585411
0.109509 -0.245375 15.601003
0.170868 -0.210263 15.863357
0.011462 0.130836 15.612092
0.169556 -0.030121 15.871649
-0.274508 0.147109 15.601667
0.170868 -0.210263 15.863357
-0.339842 0.004898 14.568735
-0.371438 -0.108447 14.402455
-0.370664 -0.113961 14.241531
0.021079 0.076528 14.056392
0.025679 0.090521 13.909780
-0.377402 -0.196007 13.622966
0.082758 0.024510 13.320928
0.050211 0.106035 13.473696
-0.400748 -0.178510 13.216925
0.080958 -0.056741 12.933332
0.088081 -0.097008 13.055671
-0.127293 -0.328423 12.816948
0.063336 -0.130890 12.810645
-0.199110 -0.356318 12.819994
0.411968 -0.984175 16.704000
0.008861 -0.192700 15.657900
0.366674 -0.821254 16.517099
0.294750 -0.839908 16.531300
0.155901 -0.413792 15.744900
0.086649 -0.246706 16.148699
-0.116355 -0.562746 15.989799
0.410858 -0.550477 16.047400
0.128619 -0.591060 16.407700
0.147955 -0.813133 16.228498
0.371365 -0.723344 16.422400
0.296736 -0.859005 16.515799
0.914286 0.489074 16.451799
-0.023537 -0.123113 15.659699
0.722847 0.404270 16.311600
0.752296 0.337241 16.329300
0.192835 0.052514 15.678000
0.113859 0.034607 16.116699
0.417184 -0.166787 15.916100
0.360252 0.357249 15.910200
0.500045 0.136424 16.288099
0.680065 0.147443 16.060699
0.607972 0.387143 16.240601
0.767035 0.338242 16.310699
-0.698738 0.348007 16.352299
-0.095165 -0.158623 15.565300
-0.639503 0.390835 16.368799
-0.673430 0.325747 16.384499
-0.245356 0.061504 15.641100
-0.115095 -0.016631 16.055401
-0.460710 -0.157758 15.883900
-0.341702 0.352302 15.921100
-0.452642 0.103060 16.293699
-0.661007 0.162402 16.092600
-0.538399 0.370016 16.281599
-0.690681 0.330895 16.367701
-0.683771 -0.709924 16.667700
-0.061930 -0.235056 15.550699
-0.546802 -0.647287 16.467600
-0.577580 -0.579980 16.479500
-0.244002 -0.413245 15.661099
-0.074517 -0.308318 16.034100
-0.421802 -0.159609 15.903500
-0.308163 -0.669284 15.982800
-0.382017 -0.388845 16.322300
-0.599923 -0.449015 16.171600
-0.457314 -0.639791 16.366100
-0.596532 -0.585925 16.466200
0.811566 -0.678751 17.022299
0.050854 -0.095595 16.013700
0.690824 -0.543260 16.842299
0.633028 -0.591538 16.858599
0.285234 -0.236986 16.086599
0.167266 -0.123710 16.505301
0.112183 -0.499186 16.335199
0.591940 -0.261444 16.378901
0.360592 -0.425456 16.758200
0.473550 -0.621434 16.556801
0.648296 -0.448578 16.751099
0.643042 -0.608148 16.841099
0.338517 0.864345 16.643599
0.007399 -0.042593 16.021000
0.402421 0.825868 16.663900
0.328515 0.838761 16.684200
0.171127 0.190757 16.041500
0.167957 0.134052 16.483000
-0.097303 0.370375 16.282200
0.436971 0.439043 16.266600
0.186096 0.542174 16.648600
0.153986 0.712364 16.414301
0.411947 0.704878 16.595501
0.326132 0.853978 16.662901
-0.952760 0.058293 16.930698
-0.061072 -0.152829 15.883699
-0.794397 -0.014198 16.743700
-0.761244 0.053529 16.758900
-0.329680 -0.120906 15.967800
-0.153779 -0.178399 16.382999
-0.269567 0.187648 16.216400
-0.607283 -0.227190 16.270699
-0.445508 0.015213 16.648399
-0.640088 0.148651 16.452900
-0.720456 -0.082353 16.648899
-0.777574 0.064605 16.742399
-0.221435 -0.699212 17.054800
-0.004806 -0.141714 16.063000
-0.281530 -0.651237 17.067499
-0.205064 -0.660974 17.078600
-0.162811 -0.336850 16.204300
-0.099148 -0.118439 16.571899
0.149707 -0.422108 16.453199
-0.388945 -0.453709 16.553200
-0.079012 -0.424319 16.893400
-0.077343 -0.665864 16.754700
-0.303696 -0.567104 16.957100
-0.205823 -0.682632 17.066000
0.963434 -0.123225 17.060400
0.082767 -0.025600 16.311600
0.938404 -0.194789 17.079000
0.931981 -0.119022 17.096199
0.345834 -0.130015 16.368000
0.205801 -0.139394 16.828499
0.426318 0.181254 16.618399
0.620839 -0.328601 16.635799
0.594308 -0.051387 17.041899
0.801581 0.018162 16.803801
0.831648 -0.234307 16.996300
0.947938 -0.113245 17.077900
-0.286604 1.141550 17.183001
-0.009360 0.009506 16.366301
-0.269346 0.924391 17.038500
-0.193785 0.930743 17.056099
-0.106710 0.281826 16.384001
-0.120742 0.224431 16.811199
0.184770 0.426844 16.630899
-0.347578 0.551654 16.623400
-0.088015 0.634472 16.986000
-0.032371 0.792966 16.778999
-0.292045 0.805773 16.965300
-0.189508 0.944882 17.037600
-0.684841 -0.285807 17.138199
-0.028416 -0.083827 16.205099
-0.686062 -0.209217 17.152700
-0.647293 -0.275437 17.165501
-0.291109 -0.085272 16.323700
-0.104240 -0.008090 16.716700
-0.185274 -0.388410 16.575800
-0.553714 0.009850 16.653198
-0.362594 -0.221230 17.009899
-0.542706 -0.370252 16.847300
-0.624621 -0.136834 17.049000
-0.663217 -0.287956 17.151300
0.041055 -0.823285 17.542200
0.065531 -0.068826 16.342899
0.080277 -0.682170 17.327099
0.005776 -0.660646 17.339600
0.090166 -0.326407 16.470501
0.112968 -0.070883 16.859999
-0.231412 -0.291508 16.720699
0.254849 -0.528883 16.815300
-0.021102 -0.353365 17.181099
-0.114400 -0.610597 17.015501
0.132893 -0.610307 17.218000
-0.001793 -0.682245 17.325600
0.080839 0.769538 13.924800
-0.015586 -0.087404 13.067300
-0.010861 -0.103012 13.082700
0.043059 0.586891 13.800200
0.108837 0.097980 13.164300
-0.091884 0.018320 13.503699
-0.174620 0.285877 13.248600
0.240986 0.266461 13.466500
-0.108873 0.369392 13.673100
-0.002746 0.537973 13.484699
0.105025 0.486225 13.733299
-0.023819 0.504260 13.734200
-0.766223 -0.035505 13.608000
-0.097676 -0.113150 12.885500
-0.077331 -0.162279 12.909100
-0.725856 -0.056739 13.648299
-0.295407 -0.231481 12.999000
-0.165874 -0.049497 13.324800
-0.407293 0.085421 13.088499
-0.475863 -0.321293 13.306300
-0.489877 0.041103 13.509100
-0.680391 -0.022910 13.334000
-0.645761 -0.139639 13.578400
-0.633937 -0.011090 13.578600
-0.323265 0.704318 14.270700
-0.037431 -0.081407 13.363700
-0.025920 -0.094108 13.378599
-0.277440 0.527198 14.135600
-0.006225 0.138824 13.470900
-0.157876 -0.023184 13.798800
-0.347447 0.178513 13.562600
0.042657 0.338574 13.785300
-0.322041 0.271716 13.991300
-0.301110 0.474913 13.814000
-0.176712 0.466246 14.064000
-0.302146 0.425222 14.064399
-0.766733 -0.344413 13.884700
-0.096745 -0.123707 13.177099
-0.057951 -0.160415 13.201800
-0.727684 -0.349217 13.920699
-0.231563 -0.317623 13.285601
-0.226973 -0.108392 13.604000
-0.471905 -0.075339 13.370999
-0.369102 -0.479863 13.590600
-0.560920 -0.162120 13.774799
-0.684412 -0.293425 13.610500
-0.617954 -0.390991 13.851700
-0.662085 -0.268046 13.851500
0.203300 -0.843952 14.035899
-0.047810 -0.169953 13.325799
-0.012077 -0.129531 13.351000
0.204993 -0.799984 14.077700
0.153707 -0.299684 13.433900
-0.067915 -0.273729 13.778600
-0.081756 -0.552398 13.519399
0.324003 -0.434819 13.740799
0.004662 -0.625798 13.944100
0.147606 -0.760686 13.759200
0.242437 -0.686051 14.009600
0.119662 -0.734890 14.009899
0.775393 0.178552 14.040600
-0.006963 -0.134031 13.159599
-0.018869 -0.145737 13.174600
0.602672 0.127932 13.907299
0.213402 -0.157101 13.261800
0.065289 -0.015247 13.583699
0.243078 0.181594 13.350100
0.417712 -0.197089 13.569201
0.348799 0.163115 13.767300
0.541625 0.146844 13.593599
0.545775 0.026557 13.836801
0.500366 0.148798 13.838100
-0.583909 0.421736 14.313800
-0.085978 -0.091458 13.578000
-0.102277 -0.143988 13.603100
-0.565642 0.378388 14.357100
-0.324590 -0.054910 13.691899
-0.104995 0.007245 14.035300
-0.207703 0.274958 13.781600
-0.533464 -0.003605 14.007400
-0.308421 0.298842 14.218599
-0.502346 0.371170 14.030999
-0.554510 0.257831 14.286600
-0.460528 0.353533 14.286700
-0.690156 -0.842992 14.535601
-0.111378 -0.142879 13.686299
-0.107004 -0.127254 13.702399
-0.556845 -0.708987 14.408000
-0.323449 -0.234282 13.779201
-0.128374 -0.312490 14.112100
-0.187664 -0.555586 13.860400
-0.536650 -0.312073 14.082299
-0.311543 -0.616038 14.270800
-0.480337 -0.680931 14.093299
-0.552892 -0.587276 14.341500
-0.453254 -0.675439 14.341400
0.559858 -0.576222 12.281400
-0.082426 -0.194066 11.566500
-0.095956 -0.192385 11.579800
0.432519 -0.483603 12.175099
0.018972 -0.356244 11.645700
0.047086 -0.179257 11.928299
0.265078 -0.203214 11.714800
0.107565 -0.520103 11.899599
0.322387 -0.292320 12.063199
0.403507 -0.426646 11.911099
0.332308 -0.496074 12.119200
0.391885 -0.402828 12.119399
0.280409 0.492978 12.287900
-0.058535 -0.142872 11.547900
-0.059798 -0.156856 11.560699
0.194673 0.363050 12.178499
0.097133 -0.036721 11.633000
-0.096156 -0.040039 11.922299
-0.068362 0.199429 11.706600
0.252319 0.051134 11.892099
0.008366 0.243714 12.064499
0.144788 0.341690 11.910899
0.212458 0.264928 12.120501
0.116672 0.320026 12.120699
-0.702376 0.223230 12.261600
-0.109206 -0.118663 11.492700
-0.094858 -0.120735 11.504900
-0.582394 0.137274 12.143399
-0.206010 0.038051 11.585100
-0.219493 -0.149336 11.853600
-0.444453 -0.120310 11.663500
-0.277984 0.189534 11.850100
-0.479516 -0.046868 12.016200
-0.570684 0.092103 11.877299
-0.486562 0.153133 12.081999
-0.545278 0.059946 12.081600
-0.525439 -0.801254 12.542399
-0.126988 -0.170890 11.760099
-0.124476 -0.156291 11.773399
-0.427828 -0.675335 12.423900
-0.297169 -0.268628 11.851200
-0.100111 -0.283931 12.150200
-0.142547 -0.527463 11.929200
-0.464203 -0.345779 12.124100
-0.227219 -0.570008 12.298499
-0.374721 -0.657321 12.145600
-0.439355 -0.572489 12.361899
-0.343837 -0.637645 12.361899
0.727148 -0.207362 12.605300
-0.054803 -0.188785 11.846700
-0.068187 -0.194245 11.860600
0.564910 -0.188295 12.490300
0.121577 -0.285190 11.931300
0.066835 -0.111922 12.219500
0.267766 -0.017405 12.005200
0.285788 -0.389838 12.200000
0.369071 -0.070008 12.367599
0.508974 -0.150905 12.213699
0.480433 -0.251602 12.430099
0.486558 -0.135187 12.430699
219 220
253 254
644 645
673 674
815 816
871 872
963 964
1465 1466
1555 1556
1649 1650
2029 2030
2338 2339
2550 2551
2684 2685
2944 2945
3307 3308
3357 3358
3590 3591
3674 3675
4223 4227
4250 4252
4251 4253
4260 4261
4289 4291
4294 4296
4300 4302
4301 4303
4305 4307
4306 4308
4313 4315
4314 4316
4316 4318
4318 4319
4338 4341
4339 4342
4340 4348
4350 4353
4351 4354
4352 4360
4362 4373
4364 4372
4374 4377
4375 4378
4376 4384
4386 4389
4387 4390
4388 4396
4398 4409
4400 4408
4410 4413
4411 4414
4412 4420
4422 4433
4424 4432
4434 4445
4436 4444
4446 4449
4447 4450
4448 4456
4458 4469
4460 4468
4470 4473
4471 4474
4472 4480
4482 4485
4483 4484
4483 4486
4484 4486
4496 4498
4506 4509
4507 4508
4507 4510
4508 4510
4520 4522
4532 4534
4542 4545
4543 4544
4543 4546
4544 4546
4556 4558
4566 4569
4567 4568
4567 4570
4568 4570
4578 4581
4579 4580
4579 4582
4580 4582
4590 4593
4591 4592
4591 4594
4592 4594
4602 4605
4603 4604
4603 4606
4604 4606
4614 4617
4615 4616
4615 4618
4616 4618
4626 4629
4627 4628
4627 4630
4628 4630
