8870477175741394762 3758 1900
-0.179073 -0.249131 0.137220
-0.190648 -0.255251 0.099343
0.250394 0.099874 0.170452
0.170037 0.112013 0.231945
-0.197297 -0.205312 0.159862
-0.063459 0.358836 0.027172
0.061064 0.302343 -0.012729
0.170584 0.285054 0.252614
0.090289 0.313983 0.225436
0.061617 0.309841 0.207132
0.109158 0.310653 0.176750
-0.261161 -0.247359 0.087390
-0.233470 -0.265635 0.116918
-0.194168 -0.206546 0.105324
0.250394 0.099874 0.170452
-0.191914 -0.164159 0.104259
0.253732 0.524140 0.116426
0.228498 0.562065 0.105828
0.296637 0.580357 0.246047
0.285103 0.638579 0.230542
0.209254 0.722215 0.187879
0.211742 0.679071 0.207894
-0.238817 -0.255551 0.093915
0.262956 0.180712 0.180356
-0.238817 -0.255551 0.093915
-0.241600 -0.263792 0.107949
-0.272443 -0.252850 0.093590
0.174656 0.799614 0.135737
0.209331 0.812917 0.093838
-0.189052 -0.212538 0.168400
0.208391 0.945557 0.094637
0.129629 0.770007 0.091043
0.180148 0.929458 0.039300
0.174042 0.786245 0.046953
0.044223 -0.431225 0.212979
-0.162803 -0.164994 0.164635
-0.157359 -0.117472 0.201076
0.048595 -0.420668 0.047861
-0.072833 -0.442372 0.087217
0.387336 -0.107732 0.175848
0.237521 0.121307 0.021114
0.225363 0.054357 -0.008736
-0.044312 -0.201417 0.011268
0.090846 -0.418859 0.096045
-0.058607 -0.438498 0.147024
-0.069236 -0.407028 0.124405
-0.055933 -0.407119 0.070027
-0.126393 -0.376256 0.149841
-0.186813 -0.335855 0.086759
0.111742 0.113124 -0.039611
-0.248446 -0.253900 0.094526
-0.272443 -0.252850 0.093590
0.063358 -0.416965 0.182878
-0.135222 -0.119598 0.141862
-0.004350 0.117531 -0.025701
-0.036516 0.111150 -0.008668
0.111920 0.099998 -0.032600
-0.233697 -0.227864 0.105659
0.319351 0.024830 0.206018
0.261979 -0.015111 0.205813
0.255431 0.000553 0.178871
0.292188 -0.306569 0.152819
0.225688 -0.292231 0.155599
0.063358 -0.416965 0.182878
-0.227957 -0.268488 0.064509
-0.221096 -0.235225 0.043105
0.077618 -0.457200 0.120861
0.343038 -0.175379 0.061188
0.377814 -0.162897 0.030427
0.253346 -0.007316 0.176298
0.283052 -0.040219 0.167976
0.270811 0.115743 0.239130
0.270811 0.115743 0.239130
0.249167 0.102118 0.241455
0.203494 0.120690 0.239796
0.249167 0.102118 0.241455
0.249167 0.102118 0.241455
0.203494 0.120690 0.239796
0.231563 0.082955 0.248697
0.183707 0.162477 0.245291
0.193144 0.221121 0.247650
0.279486 0.148122 0.120896
0.183707 0.162477 0.245291
-0.109560 0.228035 0.201337
-0.112021 0.259111 0.217788
0.024186 0.244459 0.252423
0.026774 0.241851 0.249271
-0.080934 0.231372 0.276838
-0.012553 0.231827 0.271649
-0.075308 0.558500 0.137806
-0.082559 0.531458 0.244627
-0.109104 0.537583 0.191746
-0.020694 0.537090 0.232154
-0.025447 0.498062 0.251952
-0.059947 0.509253 0.258022
-0.204144 -0.187779 0.101324
-0.141935 0.531158 0.149707
-0.112281 0.531280 0.198369
-0.012237 0.543449 0.181782
-0.073843 0.536272 0.196316
-0.048211 0.530505 0.187506
-0.122787 0.512094 0.156007
-0.116461 0.517173 0.159328
-0.125674 0.523934 0.133542
-0.234391 -0.247623 0.114950
-0.113807 0.568824 0.168529
-0.048817 0.586353 0.116546
-0.077871 0.525677 0.252342
-0.128281 0.524703 0.207268
-0.114300 0.517385 0.180095
-0.084849 0.528463 0.242220
-0.000101 0.262428 0.147934
-0.004132 0.275620 0.142177
0.022907 0.266405 0.117481
0.018689 0.263894 0.122097
0.084375 0.236889 0.106585
0.100044 0.241701 0.106633
-0.094563 0.523387 0.238396
0.127240 0.231319 0.093232
0.109399 0.244599 0.087464
-0.113823 0.523870 0.203093
0.115225 0.234819 0.079140
-0.116461 0.517173 0.159328
0.125890 0.303070 0.174558
0.145421 0.284563 0.132179
0.015856 0.293051 0.131960
0.009834 0.293364 0.110825
-0.079865 0.550737 0.174143
-0.095067 -0.497820 0.158546
-0.003483 -0.662356 0.145501
-0.018143 -0.348316 0.058121
-0.069936 -0.435233 0.185888
-0.066939 -0.309748 0.133658
-0.063321 -0.483788 0.072566
-0.024801 -0.394155 0.067576
0.073602 -0.526167 0.118626
0.041927 -0.654723 0.057137
0.081526 -0.570046 0.132002
0.115225 0.234819 0.079140
0.119635 0.213559 0.064056
0.135124 0.203143 0.076812
0.115225 0.234819 0.079140
0.103074 0.243723 0.101800
0.115828 0.269026 0.170575
0.118318 0.229986 0.158646
0.092868 0.269863 0.104745
0.111253 0.236770 0.070012
0.125890 0.303070 0.174558
0.103917 0.228807 0.144318
0.076254 0.326632 0.067705
-0.138155 0.195433 0.159278
-0.075001 0.361337 0.015628
-0.146187 0.509575 0.211434
0.067835 -0.296897 0.080783
0.031546 -0.464346 0.041602
0.062029 -0.622346 -0.004556
0.031546 -0.464346 0.041602
-0.202569 -0.181008 0.099574
-0.235305 -0.241173 0.090100
-0.011810 0.505223 0.106015
-0.088573 0.509033 0.098516
0.239599 0.320877 0.019411
0.224935 0.478229 0.213966
0.393507 0.532219 0.112609
0.223385 0.464856 0.092147
0.145853 0.655426 0.133509
0.282169 0.735463 0.154549
0.198203 0.936881 0.133639
0.212139 0.934471 0.047726
-0.113637 0.179924 0.185919
-0.118214 0.229330 0.176570
0.325984 0.295136 0.104113
0.364576 0.360964 0.142341
0.293542 0.197150 0.118327
0.309533 0.097240 0.221226
0.236614 0.082000 0.256177
0.179441 0.124926 0.257255
0.230862 0.011269 0.248121
0.236614 0.082000 0.256177
0.271276 0.117800 0.240857
0.270685 0.123318 0.186990
0.096670 -0.066288 0.281261
0.195531 -0.306435 -0.033310
0.191595 -0.204357 0.044529
0.440224 -0.116588 0.039416
0.318010 -0.054214 0.098674
0.276450 -0.076640 0.145621
0.280863 0.028431 0.149464
-0.043861 -0.202760 0.013613
-0.183451 -0.196870 0.171297
-0.247569 -0.280528 0.133051
0.115155 0.123178 0.276440
-0.050396 0.100470 -0.018617
0.264638 0.081664 0.154150
0.247824 0.122612 0.021158
0.262766 0.151910 -0.032915
0.201454 -0.316188 -0.045251
0.300337 -0.134438 0.045090
0.291997 -0.281589 0.190302
0.053747 0.270653 -0.071106
0.248292 0.091419 0.188016
-0.034934 0.108864 0.249067
0.239592 0.320872 0.019407
0.222417 0.464095 0.110101
-0.126463 -0.122518 0.037935
-0.107813 -0.117902 0.010659
-0.018614 -0.175362 0.275648
-0.030375 -0.251786 0.230579
0.013086 0.022640 -0.000715
-0.023391 0.029040 0.009657
-0.003401 -0.071350 0.281504
-0.011521 -0.104208 0.278479
-0.090724 -0.237949 0.256249
-0.143396 -0.176690 0.239559
-0.111205 0.046781 0.205991
-0.131018 0.057067 0.145940
0.216673 -0.008478 0.242587
0.250157 -0.011456 0.209615
0.197471 0.018651 0.024459
0.195552 0.002340 0.020119
0.241367 -0.142197 0.056186
0.198740 -0.131261 0.013488
0.143510 -0.190652 0.007235
0.019059 -0.220629 0.122795
0.218051 -0.088835 0.222205
0.235813 -0.168400 0.213785
0.149824 -0.273573 0.180219
0.132663 -0.275596 0.195106
0.167009 -0.282183 0.139328
0.019059 -0.220629 0.122795
0.203819 -0.210700 0.059097
0.019059 -0.220629 0.122795
0.071995 0.014392 -0.006619
0.043258 0.017877 -0.008335
-0.127415 -0.214423 0.191143
-0.130464 -0.206327 0.178605
0.031930 -0.104519 0.274504
0.032394 -0.073445 0.285948
0.177486 -0.253607 0.199875
0.215985 -0.251943 0.188485
0.258013 -0.147871 0.110947
0.251993 -0.147493 0.131793
0.002750 -0.126630 0.000593
-0.031698 -0.122537 0.000161
-0.126463 -0.122518 0.037935
0.019059 -0.220629 0.122795
0.054620 -0.134131 -0.003891
0.030521 -0.129536 -0.001268
0.267561 0.008832 0.065680
0.260964 -0.006466 0.059175
0.211378 0.017184 0.240352
0.182826 0.019422 0.262247
-0.131018 0.057067 0.145940
-0.111205 0.046781 0.205991
-0.040522 0.039840 0.023100
-0.047771 0.049386 0.027302
0.263523 0.011164 0.162419
0.251931 0.010738 0.184557
0.163156 0.022064 0.017553
0.197471 0.018651 0.024459
0.076269 0.029349 0.000792
0.077051 0.029604 -0.005255
-0.108096 0.064181 0.078076
-0.101639 0.059729 0.082481
0.243605 0.014185 0.210579
0.236526 0.013983 0.204163
0.030948 0.041771 0.275441
-0.004215 0.049504 0.267056
-0.004215 0.049504 0.267056
0.004096 0.021214 0.251002
0.248790 -0.008382 0.128313
0.246238 -0.007006 0.095287
0.135410 -0.000061 0.262189
0.119056 0.002935 0.269022
-0.017739 0.040020 0.015479
-0.018958 0.022994 0.028529
0.076269 0.029349 0.000792
0.100588 0.027798 0.006715
0.161986 -0.004372 0.244330
0.179627 0.022278 0.251020
-0.045420 -0.012487 0.084596
-0.073605 -0.009133 0.110099
0.161986 -0.004372 0.244330
0.185367 -0.003263 0.220642
0.117590 -0.028944 0.065256
0.047180 -0.020307 0.049970
0.145672 0.007140 0.028962
0.117590 -0.028944 0.065256
0.093841 0.010921 0.015320
0.047180 -0.020307 0.049970
-0.054822 -0.019939 0.191442
0.058822 -0.027406 0.138656
-0.013418 -0.025294 0.217292
0.058822 -0.027406 0.138656
0.056385 -0.035301 0.232127
0.058822 -0.027406 0.138656
0.094112 -0.039279 0.229583
0.104227 0.006300 0.273518
0.135007 -0.121780 0.259142
0.115388 -0.121333 0.266167
-0.005875 0.009345 0.292045
-0.036790 0.013788 0.279455
0.136587 0.002426 0.296474
0.155569 0.000131 0.291763
0.264753 -0.048174 0.175518
0.261712 -0.010887 0.185199
0.249468 -0.035900 0.050413
0.260964 -0.006466 0.059175
0.081510 -0.010709 -0.011631
0.057980 -0.008544 -0.010826
-0.090943 0.014500 0.042739
-0.060234 0.009054 0.024193
-0.140841 0.005181 0.154570
-0.117201 -0.009042 0.218552
0.019059 -0.220629 0.122795
0.030521 -0.129536 -0.001268
0.215985 -0.251943 0.188485
0.234095 -0.222250 0.195023
0.051296 -0.194891 0.290362
0.037359 -0.260459 0.276920
-0.155917 -0.127582 0.158786
-0.182460 -0.121067 0.114706
0.249755 -0.121378 0.051656
0.253878 -0.145790 0.064848
0.259891 -0.128434 0.185338
0.255475 -0.152713 0.189026
-0.011521 -0.104208 0.278479
-0.013925 -0.135219 0.278428
-0.095173 -0.126176 0.266405
-0.081019 -0.129098 0.270375
-0.107813 -0.117902 0.010659
-0.116702 -0.098898 0.018113
0.190232 -0.259712 0.136816
0.198335 -0.264144 0.153970
0.019059 -0.220629 0.122795
0.132663 -0.275596 0.195106
-0.030375 -0.251786 0.230579
-0.090724 -0.237949 0.256249
-0.152849 -0.120047 0.086388
-0.128151 -0.095408 0.032675
0.216352 -0.047647 0.237262
0.186037 -0.048135 0.262336
0.271308 -0.083314 0.103353
0.254265 -0.076922 0.056670
0.110973 -0.050367 -0.011856
0.141697 -0.055899 -0.011446
0.025223 -0.034775 -0.005628
0.032256 -0.006737 -0.009352
-0.131576 0.012845 0.084913
-0.113462 0.015349 0.061931
-0.097144 -0.049935 0.247685
-0.067967 -0.058062 0.260831
0.253878 -0.145790 0.064848
0.241110 -0.204824 0.074265
0.258166 -0.152558 0.183879
0.243404 -0.188718 0.182586
-0.147934 -0.112647 0.224100
-0.144134 -0.137870 0.220101
-0.125153 -0.044361 0.221526
-0.097144 -0.049935 0.247685
0.019059 -0.220629 0.122795
-0.182460 -0.121067 0.114706
0.189626 -0.053776 0.046465
0.180265 -0.047910 0.043438
0.180231 -0.031816 0.036108
0.187924 -0.038045 0.038913
0.167397 -0.007242 0.015374
0.165034 -0.023336 0.012563
0.183803 -0.004790 0.042151
0.188712 -0.012560 0.042274
0.234751 -0.003494 0.077846
0.222154 -0.000064 0.058081
0.100376 0.054195 0.078159
0.090390 0.046238 0.065501
0.038054 0.104334 0.095747
0.046495 0.100809 0.106742
0.032444 0.127445 0.183011
0.022901 0.113716 0.186149
0.136154 0.141836 0.215946
0.111466 0.136268 0.221250
0.028640 0.165495 0.255177
0.038523 0.165674 0.252486
0.082887 0.157749 0.206669
0.063540 0.150000 0.186718
0.168355 0.142879 0.170758
0.205432 0.138550 0.194805
0.078997 0.033384 0.031738
0.083514 0.039048 0.039889
0.143778 0.027481 0.055845
0.144670 0.016664 0.064480
0.182691 0.050879 0.109974
0.165815 0.063240 0.111870
0.235641 0.025350 0.134863
0.229745 0.007961 0.123437
0.049753 0.163782 0.235316
0.055579 0.168478 0.226675
0.236783 0.006389 0.182553
0.209654 0.023208 0.193913
0.139461 0.008920 0.043088
0.141357 0.018719 0.044012
0.225187 -0.026464 0.047247
0.214123 -0.017230 0.037713
0.058531 0.056804 0.050747
0.069021 0.048734 0.065077
-0.056463 0.128704 0.052658
-0.058113 0.144984 0.057236
0.037272 0.146301 0.160440
0.035197 0.147528 0.175485
-0.100574 0.015868 0.202557
-0.107684 0.027622 0.187723
0.201578 0.011173 0.154979
0.215861 0.013836 0.140435
-0.052037 0.151995 0.062570
-0.066944 0.145775 0.043071
-0.102852 0.086940 0.124620
-0.102322 0.061358 0.124511
0.121954 0.122910 0.250431
0.088726 0.133151 0.264600
-0.030906 0.108448 0.112668
-0.021345 0.100027 0.128306
0.014254 -0.025048 0.033800
0.024297 -0.006913 0.021063
0.092722 0.144482 0.206445
0.103915 0.141664 0.220450
-0.036385 0.145231 0.071064
-0.052037 0.151995 0.062570
0.058990 0.100413 0.119798
0.048050 0.093056 0.117164
0.049224 0.152179 0.191152
0.036794 0.146740 0.190787
-0.052854 0.132835 0.079777
-0.039929 0.115240 0.063692
-0.075851 0.140328 0.155978
-0.060160 0.142752 0.160918
0.046676 0.159649 0.161458
0.069589 0.155896 0.170012
-0.041286 0.077849 0.038190
-0.069301 0.087988 0.059388
0.127943 0.108193 0.255691
0.135517 0.082916 0.254256
0.204518 0.146008 0.218260
0.182255 0.142996 0.214271
0.024556 0.090651 0.171823
0.007667 0.084747 0.164952
0.182255 0.142996 0.214271
0.212211 0.138981 0.208823
0.222444 0.012897 0.062711
0.208997 0.002543 0.042195
0.160255 0.018910 0.094407
0.165908 0.028322 0.074527
0.073944 -0.023533 0.035821
0.086049 -0.038738 0.025363
-0.071636 0.141093 0.199869
-0.080987 0.117861 0.200245
0.140546 0.043913 0.046403
0.143667 0.036885 0.049518
0.067729 0.150160 0.248296
0.070959 0.137745 0.248195
0.039577 0.116684 0.090415
0.009224 0.146769 0.078273
0.009355 0.025015 0.039360
-0.010572 0.031447 0.029688
-0.006780 0.155025 0.088614
-0.007534 0.156500 0.079206
0.211297 0.136488 0.233686
0.169841 0.142325 0.230440
0.050411 0.053005 0.083664
0.063456 0.056252 0.084975
0.039059 0.090187 0.144803
0.038454 0.094352 0.138833
0.251555 -0.011644 0.166538
0.236783 0.006389 0.182553
0.232191 0.015182 0.098261
0.229745 0.007961 0.123437
0.141919 0.001852 0.014304
0.141060 0.006130 0.023733
0.178231 -0.026567 0.014933
0.214123 -0.017230 0.037713
0.227171 0.117052 0.193613
0.190003 0.127237 0.164645
0.151557 0.113444 0.155042
0.153196 0.106484 0.139800
0.233715 0.046717 0.177923
0.212706 0.066650 0.176365
0.173438 0.021381 0.062531
0.172475 0.022058 0.049442
-0.045523 0.135264 0.097398
-0.068591 0.145147 0.113346
0.029898 0.102970 0.107875
0.023657 0.103676 0.100093
0.049224 0.152179 0.191152
0.063540 0.150000 0.186718
0.264098 0.021373 0.146064
0.260347 0.012515 0.125005
0.214590 0.004173 0.113726
0.227642 0.000502 0.121226
-0.039739 0.122981 0.114592
-0.024364 0.123190 0.103642
0.132704 0.144322 0.176667
0.161566 0.141186 0.170713
0.203755 -0.034079 0.032058
0.188777 -0.038542 0.027233
0.094546 0.126203 0.248312
0.089264 0.127019 0.237811
0.233715 0.046717 0.177923
0.228479 0.040230 0.186744
0.073132 0.143970 0.213991
0.088391 0.152169 0.205529
0.096168 0.076420 0.099897
0.091298 0.071658 0.096984
-0.064379 0.148946 0.203106
-0.055935 0.143865 0.196403
0.199468 0.137216 0.177404
0.190003 0.127237 0.164645
0.035896 0.056723 0.002994
0.025380 0.057081 0.019990
0.173482 0.002227 0.026931
0.167397 -0.007242 0.015374
0.128411 0.047883 0.074229
0.129522 0.049587 0.094599
-0.052628 0.145011 0.173893
-0.045108 0.127422 0.177387
0.066491 0.142614 0.149604
0.083067 0.126546 0.147889
-0.042010 0.134657 0.084689
-0.059962 0.135361 0.084765
-0.008132 0.094888 0.111949
-0.018369 0.105225 0.100898
0.052787 0.162200 0.200700
0.033479 0.146491 0.208856
0.074242 0.139254 0.236499
0.082827 0.152512 0.235376
-0.017978 -0.008505 0.032196
-0.001695 -0.007553 0.039749
0.236783 0.006389 0.182553
0.235313 0.025104 0.181813
0.165908 0.028322 0.074527
0.158200 0.040182 0.066517
0.154655 0.078779 0.135350
0.149837 0.074900 0.127099
0.168298 -0.006952 0.030850
0.170026 0.003198 0.033531
0.067231 -0.024433 0.036990
0.066219 -0.051138 0.041020
0.060039 0.090430 0.087534
0.046511 0.092597 0.083281
0.243631 -0.025956 0.165144
0.244927 -0.041205 0.147814
0.164416 0.043357 0.172261
0.173043 0.028380 0.157695
0.169185 0.018348 0.040463
0.162608 0.005662 0.033353
0.207308 0.091501 0.184853
0.196344 0.087519 0.177653
-0.066143 -0.027753 0.034414
0.034510 -0.090311 0.136251
0.155304 0.091078 0.168532
0.154416 0.077279 0.180722
0.008036 0.112008 0.183764
-0.012530 0.115143 0.194049
0.167397 -0.007242 0.015374
0.183256 0.009910 0.030962
0.016229 0.146002 0.227399
0.028690 0.136446 0.201014
0.035026 0.103728 0.025911
0.042814 0.089164 0.032467
0.072069 0.135013 0.219203
0.069714 0.129186 0.231508
0.201346 0.028089 0.129118
0.211862 0.019112 0.130481
0.166835 0.094786 0.155547
0.181170 0.104888 0.157956
0.230936 0.113898 0.207069
0.230643 0.117453 0.217016
0.048448 -0.009580 0.003688
0.061190 0.002328 0.008268
0.223076 0.124046 0.232570
0.211297 0.136488 0.233686
0.109918 -0.057551 0.021775
0.034510 -0.090311 0.136251
0.214123 -0.017230 0.037713
0.178231 -0.026567 0.014933
0.144771 0.088725 0.096844
0.143247 0.079414 0.096658
-0.000158 0.103026 0.120599
-0.008132 0.094888 0.111949
0.085138 0.166351 0.236666
0.083175 0.164538 0.242890
0.043020 0.154775 0.155194
0.048369 0.141759 0.151052
-0.099577 0.053138 0.193860
-0.100005 0.065729 0.194548
0.069589 0.155896 0.170012
0.035841 0.160378 0.183766
0.235641 0.025350 0.134863
0.229025 0.033149 0.149077
0.239488 -0.058579 0.160416
0.244927 -0.041205 0.147814
0.190033 0.004385 0.060060
0.195250 0.011300 0.062505
0.069381 0.020183 0.025445
0.063955 -0.004239 0.033791
-0.009106 0.162113 0.072649
0.010313 0.151090 0.071714
-0.080987 0.117861 0.200245
-0.090048 0.122219 0.185160
0.073944 -0.023533 0.035821
0.078152 -0.040093 0.038016
0.038167 0.063068 0.008640
0.049497 0.061555 0.000346
0.159998 -0.016975 0.016389
0.162858 -0.005669 0.023338
0.041945 0.119903 0.160290
0.040289 0.124549 0.148984
-0.069301 0.087988 0.059388
-0.071781 0.107750 0.056437
0.173997 0.050672 0.172047
0.171423 0.067178 0.141591
0.038652 0.009516 0.253363
-0.009489 0.021307 0.249220
0.147615 0.087025 0.108927
0.152908 0.079095 0.099396
0.015138 0.032071 0.038914
0.020912 0.020350 0.034091
-0.089668 0.120167 0.103361
-0.101780 0.102324 0.120502
0.144390 0.045598 0.072537
0.142854 0.048103 0.059050
0.164841 0.065420 0.141846
0.171423 0.067178 0.141591
0.169601 0.100957 0.149523
0.160347 0.107402 0.148464
0.029962 0.085020 0.143953
0.030726 0.081820 0.166765
-0.045412 0.133831 0.021035
-0.019705 0.115697 0.015759
0.242576 0.016359 0.121407
0.241215 0.031061 0.139288
0.145824 0.120682 0.151255
0.154888 0.124222 0.160608
0.178231 -0.026567 0.014933
0.193289 -0.003785 0.027777
-0.078119 0.149641 0.188540
-0.073728 0.151667 0.165059
0.180089 -0.016949 0.235057
0.152514 -0.025415 0.250006
-0.083517 0.057328 0.214147
-0.093292 0.057497 0.207060
0.218943 0.018996 0.073106
0.191466 0.013145 0.042869
0.008701 0.138158 0.082722
0.028781 0.122636 0.089401
0.041072 0.102074 0.086754
0.046511 0.092597 0.083281
0.128990 0.143175 0.168013
0.119742 0.154705 0.175836
-0.020400 0.078383 0.027467
-0.026072 0.088359 0.024429
0.142854 0.048103 0.059050
0.143667 0.036885 0.049518
0.154705 -0.045958 0.024249
0.123112 -0.037794 0.009379
0.177814 0.031356 0.162465
0.195731 0.029396 0.161492
-0.069139 0.015144 0.066482
-0.100529 -0.007258 0.087993
-0.111236 0.073332 0.140342
-0.112457 0.053582 0.157963
-0.029553 0.062592 0.033616
-0.051232 0.062902 0.052850
0.165908 0.028322 0.074527
0.151027 0.022139 0.073141
0.180089 -0.016949 0.235057
0.157186 0.000149 0.248060
-0.101466 0.114627 0.154244
-0.103681 0.100994 0.171454
0.071133 0.152695 0.149052
0.054424 0.154671 0.150655
-0.033925 0.139241 0.086691
-0.042010 0.134657 0.084689
0.087597 0.137272 0.153911
0.083067 0.126546 0.147889
0.156700 0.063430 0.136707
0.152405 0.046948 0.148015
-0.111179 -0.001828 0.112292
-0.107716 -0.016025 0.093378
-0.080737 0.048914 0.223556
-0.093054 0.043493 0.211677
0.170266 0.059223 0.126045
0.165815 0.063240 0.111870
0.223072 0.013827 0.132793
0.220018 0.009873 0.120926
0.266717 -0.009029 0.099964
0.255627 -0.017676 0.088585
0.186757 0.066754 0.209275
0.178753 0.070194 0.226177
0.192916 0.032001 0.119563
0.181654 0.027713 0.137338
0.255626 0.002915 0.154204
0.250586 0.017121 0.165499
0.081195 0.059113 0.094951
0.063456 0.056252 0.084975
0.127806 0.070824 0.104878
0.136870 0.080292 0.097287
-0.038851 0.132017 0.106336
-0.047032 0.138558 0.127818
0.001987 0.130924 0.212451
-0.009747 0.140549 0.235265
0.136335 0.087422 0.103119
0.144771 0.088725 0.096844
0.143576 0.018128 0.027387
0.143667 0.036885 0.049518
0.172860 0.138787 0.165988
0.179806 0.129123 0.165079
-0.024484 0.072103 0.185613
-0.018169 0.061450 0.173813
0.039532 0.100457 0.039112
0.036719 0.088554 0.053829
0.030024 0.123499 0.054488
0.019385 0.128187 0.043935
0.093021 0.058192 0.080136
0.098357 0.055764 0.092751
-0.049108 0.101391 0.037811
-0.047914 0.101271 0.021970
0.217546 0.012551 0.150741
0.201578 0.011173 0.154979
-0.017320 0.159081 0.081715
-0.025770 0.153140 0.076625
0.160268 0.090571 0.148631
0.166835 0.094786 0.155547
0.092960 0.033400 0.035610
0.083514 0.039048 0.039889
-0.087558 0.127209 0.138060
-0.097402 0.121307 0.125127
0.094862 0.016507 0.032378
0.082820 0.015296 0.031016
0.051282 0.110764 0.141313
0.041156 0.115137 0.157057
0.039266 0.145731 0.182295
0.028518 0.142188 0.182193
0.034846 0.000469 0.011701
0.033268 -0.031560 0.022374
0.046670 0.113054 0.161019
0.041945 0.119903 0.160290
0.214188 0.015268 0.117465
0.211862 0.019112 0.130481
-0.017978 -0.008505 0.032196
-0.006812 -0.022334 0.039073
0.216275 0.064560 0.187896
0.213875 0.086307 0.207379
-0.100005 0.065729 0.194548
-0.098105 0.092538 0.189083
-0.070819 0.137331 0.093624
-0.068591 0.145147 0.113346
0.056977 0.157916 0.258809
0.065426 0.156519 0.269787
0.065753 0.148314 0.258093
0.067729 0.150160 0.248296
0.247341 -0.036916 0.125292
0.259092 -0.021377 0.124176
-0.061574 0.129517 0.069462
-0.059962 0.135361 0.084765
0.163596 0.022192 0.100830
0.182884 0.039815 0.092995
0.136855 0.115462 0.249300
0.135517 0.082916 0.254256
-0.091741 0.015888 0.088699
-0.093768 0.037172 0.094149
-0.037790 0.125580 0.179774
-0.012530 0.115143 0.194049
0.196529 0.002643 0.213857
0.192297 0.010965 0.225863
0.191246 -0.041468 0.033316
0.187924 -0.038045 0.038913
0.065731 0.078550 0.094877
0.054799 0.074497 0.095265
0.230334 -0.041265 0.053655
0.237379 -0.025961 0.059624
0.244423 -0.043157 0.104351
0.248518 -0.028060 0.088448
0.226925 -0.011190 0.081260
0.225669 -0.011732 0.070687
-0.037740 0.006790 0.031362
-0.045660 -0.015434 0.029657
0.248442 -0.016785 0.077291
0.256824 -0.003545 0.077573
0.184337 0.019945 0.052117
0.182782 0.018552 0.069743
0.007845 0.097675 0.184316
0.000878 0.092771 0.184253
-0.006296 0.065158 0.172144
-0.018169 0.061450 0.173813
-0.026009 0.130451 0.244257
-0.026904 0.105470 0.248804
0.173482 0.002227 0.026931
0.159998 -0.016975 0.016389
0.081195 0.059113 0.094951
0.072187 0.059306 0.090130
0.140106 -0.037179 0.012513
0.133892 -0.017478 0.005250
0.113026 0.046957 0.056775
0.109890 0.044791 0.066535
0.028472 0.150481 0.219659
0.016229 0.146002 0.227399
0.161923 0.055522 0.165756
0.155028 0.052312 0.180261
-0.049487 0.114913 0.154325
-0.060357 0.128561 0.148729
0.196344 0.087519 0.177653
0.180926 0.102013 0.169643
-0.022841 0.136886 0.094044
-0.035507 0.139597 0.095952
0.051282 0.110764 0.141313
0.041156 0.115137 0.157057
0.068550 0.011987 0.256664
0.060126 0.034915 0.260795
-0.016153 0.115681 0.253881
-0.013823 0.139607 0.251849
0.060986 0.054853 0.009855
0.064918 0.042295 0.011887
0.118816 0.059633 0.087468
0.113128 0.061432 0.079090
0.065042 0.039025 0.020379
0.078997 0.033384 0.031738
0.112773 0.089686 0.260869
0.121954 0.122910 0.250431
0.226435 0.003160 0.101995
0.230945 -0.004146 0.107017
0.123852 0.051625 0.259294
0.112773 0.089686 0.260869
0.237771 0.000421 0.091961
0.230891 0.000146 0.096613
0.181654 0.027713 0.137338
0.175158 0.027964 0.149501
-0.028204 0.094899 0.141228
-0.021345 0.100027 0.128306
0.190588 0.042284 0.164480
0.201550 0.034416 0.163976
-0.029683 0.093030 0.168426
-0.037305 0.089949 0.159962
-0.078676 0.092079 0.208333
-0.073987 0.112029 0.208681
0.161566 0.141186 0.170713
0.186057 0.139842 0.189333
-0.025770 0.153140 0.076625
-0.035781 0.158552 0.065764
0.135163 0.032900 0.029607
0.140546 0.043913 0.046403
0.033479 0.146491 0.208856
0.052787 0.162200 0.200700
0.151047 0.047838 0.171836
0.157520 0.041612 0.158301
0.031236 0.133300 0.167019
0.028518 0.142188 0.182193
0.041362 -0.035062 0.014795
0.049261 -0.050886 0.014883
0.271114 0.004017 0.103368
0.267252 -0.003029 0.102501
0.213275 -0.043654 0.040660
0.206832 -0.040223 0.046623
0.038586 -0.019498 0.012290
0.033268 -0.031560 0.022374
0.042814 0.089164 0.032467
0.040203 0.083551 0.021429
0.052787 0.162200 0.200700
0.041118 0.158626 0.211326
-0.083820 0.032968 0.083132
-0.063258 0.034769 0.065833
0.115708 0.074083 0.097928
0.110955 0.068520 0.092717
0.240280 0.001123 0.120302
0.257249 0.004805 0.115308
0.020891 0.120913 0.097640
0.008225 0.134815 0.093972
0.170026 0.003198 0.033531
0.154535 -0.003629 0.014671
0.050803 0.060886 0.069877
0.050411 0.053005 0.083664
-0.104465 0.043708 0.192085
-0.110167 0.047116 0.179630
0.250561 0.008526 0.121607
0.260347 0.012515 0.125005
0.123852 0.051625 0.259294
0.110846 0.068505 0.258854
0.169901 0.031278 0.245352
0.162133 0.045882 0.250095
0.136855 0.115462 0.249300
0.135517 0.082916 0.254256
0.141367 0.130111 0.240351
0.136855 0.115462 0.249300
-0.018058 0.094610 0.008149
0.006411 0.088545 0.011639
-0.072230 0.135254 0.033449
-0.067983 0.138552 0.044685
0.088612 0.150571 0.154212
0.069032 0.156646 0.157347
-0.074451 0.011702 0.230185
-0.092470 0.017200 0.214735
0.171560 -0.040739 0.039250
0.174244 -0.035355 0.041628
-0.019213 0.064888 0.029975
-0.029553 0.062592 0.033616
0.207251 0.010830 0.075969
0.215148 0.001702 0.075396
0.215956 -0.030681 0.212468
0.222409 -0.040257 0.201693
0.141919 0.001852 0.014304
0.152561 -0.015132 0.010219
0.141060 0.006130 0.023733
0.143576 0.018128 0.027387
0.175037 0.013946 0.093595
0.195775 0.008392 0.093398
0.237379 -0.025961 0.059624
0.225187 -0.026464 0.047247
0.050652 -0.038899 0.021433
0.049019 -0.040327 0.016661
0.049019 -0.040327 0.016661
0.046731 -0.019546 0.011310
0.165815 0.063240 0.111870
0.180676 0.048576 0.118857
0.231481 0.124951 0.217790
0.223076 0.124046 0.232570
0.039194 0.067898 0.013024
0.038167 0.063068 0.008640
-0.116586 0.033341 0.154511
-0.115176 0.043404 0.164742
-0.012826 0.033279 0.249398
-0.009489 0.021307 0.249220
0.012607 0.066400 0.267016
-0.014079 0.052998 0.255433
-0.066551 0.155235 0.177568
-0.078119 0.149641 0.188540
0.116813 0.138905 0.182352
0.132704 0.144322 0.176667
0.066219 -0.051138 0.041020
0.079188 -0.052218 0.041027
0.159932 -0.012379 0.029902
0.170693 -0.024569 0.040697
-0.047914 0.101271 0.021970
-0.030568 0.093595 0.015162
-0.099577 0.053138 0.193860
-0.104465 0.043708 0.192085
0.140812 0.101701 0.128311
0.137492 0.095513 0.120347
0.194543 0.136132 0.204441
0.177608 0.128404 0.202012
0.103915 0.141664 0.220450
0.097636 0.130898 0.226297
0.148449 0.056945 0.157233
0.148220 0.056695 0.167161
0.036794 0.146740 0.190787
0.039266 0.145731 0.182295
0.070959 0.137745 0.248195
0.070633 0.139054 0.257467
0.203755 -0.034079 0.032058
0.217390 -0.035557 0.043027
0.189252 0.000070 0.055819
0.183803 -0.004790 0.042151
0.183803 -0.004790 0.042151
0.182834 0.003419 0.058185
-0.112773 0.059316 0.149459
-0.115176 0.043404 0.164742
0.090789 -0.017198 0.016679
0.094399 -0.001252 0.014281
0.219974 0.032464 0.156133
0.229025 0.033149 0.149077
0.227411 -0.014969 0.054962
0.226571 -0.015323 0.064970
-0.037740 0.006790 0.031362
-0.053026 -0.004652 0.035899
0.235641 0.025350 0.134863
0.226926 0.021735 0.145229
0.190003 0.127237 0.164645
0.169227 0.112239 0.148574
-0.068591 0.145147 0.113346
-0.079730 0.138195 0.113052
0.019385 0.128187 0.043935
0.021024 0.119740 0.033419
0.100411 0.106817 0.262581
0.076554 0.097512 0.269610
0.152737 0.064113 0.115958
0.148328 0.072361 0.120081
0.030024 0.123499 0.054488
0.031175 0.135052 0.074670
0.153673 0.135775 0.204181
0.137687 0.127373 0.202743
0.154416 0.077279 0.180722
0.146054 0.072157 0.174662
0.154888 0.124222 0.160608
0.179806 0.129123 0.165079
0.030024 0.123499 0.054488
0.033932 0.117571 0.064243
0.004655 0.062780 0.029931
-0.010834 0.052342 0.029534
0.033901 0.099820 0.113524
0.029898 0.102970 0.107875
0.145562 0.096191 0.120561
0.140812 0.101701 0.128311
0.244927 -0.041205 0.147814
0.243631 -0.025956 0.165144
-0.116610 0.004050 0.154128
-0.115016 0.017906 0.136761
0.110395 -0.001033 0.006837
0.122855 0.008022 0.011858
0.247657 -0.001637 0.114615
0.240280 0.001123 0.120302
-0.072310 0.088865 0.225482
-0.075645 0.069766 0.224414
-0.016267 0.129120 0.095631
-0.038851 0.132017 0.106336
0.212599 -0.037929 0.217707
0.222409 -0.040257 0.201693
0.189966 0.041993 0.114323
0.183219 0.049411 0.102269
0.067315 0.052656 0.088062
0.075672 0.047281 0.076468
0.031175 0.135052 0.074670
0.025413 0.134491 0.057823
0.066829 0.160113 0.244027
0.067729 0.150160 0.248296
0.046676 0.159649 0.161458
0.043020 0.154775 0.155194
-0.029682 0.069657 0.182985
-0.018169 0.061450 0.173813
0.165778 0.045856 0.087811
0.175968 0.044977 0.091949
0.168355 0.142879 0.170758
0.154888 0.124222 0.160608
0.011333 0.091582 0.174985
0.007667 0.084747 0.164952
0.196180 0.031290 0.109696
0.192916 0.032001 0.119563
0.071319 0.043327 0.029427
0.083514 0.039048 0.039889
0.047207 0.108632 0.136762
0.057261 0.097199 0.126525
0.238612 -0.052814 0.072802
0.232195 -0.055067 0.061350
0.083514 0.039048 0.039889
0.085877 0.039432 0.049317
0.024643 0.031839 0.026424
0.028494 0.035540 0.029361
-0.100005 0.065729 0.194548
-0.106678 0.076150 0.178030
0.060842 0.168516 0.216287
0.060664 0.164064 0.211634
0.030681 0.085486 0.069579
0.036719 0.088554 0.053829
0.190836 0.041347 0.211111
0.178753 0.070194 0.226177
0.166366 0.078813 0.243047
0.178324 0.097115 0.245525
0.048125 0.069428 0.009690
0.040370 0.078756 0.011807
0.179604 0.088728 0.240964
0.166366 0.078813 0.243047
-0.002741 0.073353 0.175704
0.000387 0.064734 0.165882
0.083193 0.170063 0.226159
0.085734 0.164607 0.223602
0.149837 0.074900 0.127099
0.155190 0.066526 0.122569
0.091675 0.151330 0.176983
0.088539 0.153412 0.166436
0.204317 -0.015923 0.218739
0.201991 -0.036649 0.226898
0.043299 0.085554 0.078936
0.034605 0.088774 0.076973
0.121954 0.122910 0.250431
0.116667 0.127010 0.247155
0.127145 0.092844 0.115905
0.129548 0.089475 0.104786
0.093927 0.083063 0.105231
0.102689 0.096992 0.092783
0.129548 0.089475 0.104786
0.122865 0.079916 0.097805
0.058392 0.040539 0.075547
0.057037 0.055254 0.064998
0.171560 -0.040739 0.039250
0.191246 -0.041468 0.033316
0.021257 0.037433 0.032742
0.027512 0.042641 0.023332
0.260476 -0.017107 0.140266
0.258183 -0.005543 0.159471
0.159941 0.069795 0.099245
0.160871 0.071154 0.105993
0.059438 0.000440 0.253759
0.074156 -0.021013 0.257839
0.169142 0.060768 0.179853
0.176297 0.076319 0.178026
0.095161 -0.043858 0.027994
0.089058 -0.050444 0.032692
0.132863 0.068946 0.098441
0.144866 0.073901 0.094123
-0.034962 0.117085 0.169171
-0.039452 0.115825 0.161889
0.076760 0.142240 0.224545
0.074242 0.139254 0.236499
0.132863 0.068946 0.098441
0.144866 0.073901 0.094123
0.049261 -0.050886 0.014883
0.034510 -0.090311 0.136251
0.068498 0.007420 0.021554
0.070465 0.019614 0.021017
0.044627 0.161879 0.250329
0.047086 0.158819 0.257523
0.207308 0.091501 0.184853
0.196344 0.087519 0.177653
-0.076056 0.032261 0.229982
-0.049044 0.046972 0.241475
0.184372 0.069436 0.173931
0.169142 0.060768 0.179853
-0.000567 0.150486 0.237744
-0.009452 0.149353 0.246376
0.117896 0.065901 0.083155
0.110955 0.068520 0.092717
0.124974 0.061470 0.097647
0.124844 0.058510 0.083881
0.061117 -0.047888 0.022711
0.058881 -0.053181 0.018767
-0.073435 0.105242 0.062907
-0.068055 0.124559 0.072166
0.214412 -0.021021 0.073688
0.205514 -0.016267 0.061721
0.258183 -0.005543 0.159471
0.251555 -0.011644 0.166538
0.235969 -0.025716 0.177034
0.232907 -0.037767 0.183740
-0.111540 0.001151 0.188396
-0.107684 0.027622 0.187723
0.014831 0.008868 0.036888
0.023973 0.016612 0.026646
0.244735 -0.034190 0.107751
0.250554 -0.030585 0.116010
0.068066 0.027485 0.024941
0.069381 0.020183 0.025445
0.154382 0.098136 0.139473
0.153196 0.106484 0.139800
0.166366 0.078813 0.243047
0.153919 0.068043 0.248516
0.190033 0.004385 0.060060
0.189252 0.000070 0.055819
0.108828 0.056328 0.074512
0.099476 0.054146 0.097533
0.018683 0.105865 0.117900
0.009213 0.103267 0.125414
0.067262 0.069158 0.092714
0.076181 0.066769 0.088494
-0.070819 0.137331 0.093624
-0.059962 0.135361 0.084765
0.150548 0.079645 0.109669
0.139884 0.077677 0.119914
0.030583 0.106389 0.055532
0.039532 0.100457 0.039112
0.103413 0.049624 0.068928
0.108828 0.056328 0.074512
-0.045660 -0.015434 0.029657
-0.032525 -0.001663 0.030736
-0.110064 0.068212 0.134270
-0.102852 0.086940 0.124620
-0.095756 0.068077 0.103268
-0.083043 0.070863 0.078720
0.041118 0.158626 0.211326
0.051206 0.165891 0.215856
-0.026494 0.093461 0.253116
-0.034904 0.067748 0.248059
0.235969 -0.025716 0.177034
0.243631 -0.025956 0.165144
0.235969 -0.025716 0.177034
0.216790 -0.021975 0.198769
0.230936 0.113898 0.207069
0.224081 0.122523 0.192894
-0.001695 -0.007553 0.039749
0.006923 -0.011842 0.037770
0.084079 0.136415 0.211666
0.081406 0.141951 0.207602
0.220018 0.009873 0.120926
0.214590 0.004173 0.113726
-0.114353 0.031846 0.134834
-0.115562 0.044646 0.144640
0.172232 0.130280 0.209003
0.177608 0.128404 0.202012
-0.052854 0.132835 0.079777
-0.059962 0.135361 0.084765
-0.092470 0.017200 0.214735
-0.111540 0.001151 0.188396
0.131394 0.116539 0.122961
0.142341 0.107143 0.130373
0.050110 -0.183041 0.015969
0.049922 -0.169379 0.017124
0.093557 -0.168702 0.012086
0.083769 -0.172278 0.022697
0.112601 -0.162069 0.016674
0.093557 -0.168702 0.012086
0.102766 -0.145549 0.014708
0.109409 -0.131251 -0.007377
0.020885 -0.114845 0.049957
0.027892 -0.124914 0.037572
-0.059082 -0.048240 0.054348
-0.068725 -0.064161 0.051265
-0.005581 -0.039143 0.074301
-0.007988 -0.037064 0.080266
-0.012843 -0.035146 0.070947
-0.009526 -0.036103 0.073083
-0.005712 -0.038998 0.074214
-0.005446 -0.038582 0.075670
-0.005552 -0.038354 0.076077
-0.005157 -0.037993 0.077342
-0.005674 -0.038262 0.075939
-0.009111 -0.036112 0.073843
0.208167 -0.193709 0.119810
0.207702 -0.163328 0.129448
0.156554 -0.123803 0.071268
0.154544 -0.150391 0.043504
0.028470 -0.069002 0.088213
0.120611 -0.078133 0.065020
0.075411 -0.305702 0.101560
0.081768 -0.292061 0.118265
-0.004074 -0.264023 0.095985
0.006182 -0.263124 0.083973
0.004278 -0.225906 0.041500
-0.014740 -0.215844 0.036776
0.175831 -0.211630 0.227462
0.195166 -0.197369 0.206354
-0.008308 -0.280685 0.128821
-0.026874 -0.278529 0.132727
0.145238 -0.199401 0.033910
0.165689 -0.198481 0.042082
-0.072342 -0.078342 0.128641
-0.014774 -0.071842 0.102237
-0.016988 -0.135542 0.028053
-0.017775 -0.110388 0.035620
-0.085859 -0.240245 0.144838
-0.087453 -0.226259 0.137831
0.075411 -0.305702 0.101560
0.072690 -0.315245 0.111269
0.092658 -0.205663 0.023157
0.104698 -0.212485 0.037292
-0.007215 -0.069888 0.059331
-0.017884 -0.106362 0.059866
-0.036922 -0.100520 0.096690
-0.041827 -0.106466 0.083227
0.121566 -0.286690 0.109357
0.128052 -0.303798 0.123006
0.058041 -0.138350 0.022787
0.086461 -0.145928 0.003300
0.200266 -0.275603 0.120847
0.184852 -0.281004 0.142454
0.128820 -0.300189 0.115279
0.121566 -0.286690 0.109357
-0.027176 -0.290203 0.114447
-0.026874 -0.278529 0.132727
0.175631 -0.102516 0.084180
0.162068 -0.114055 0.077366
0.112601 -0.162069 0.016674
0.117037 -0.173236 0.024846
0.076182 -0.259298 0.076691
0.089731 -0.276208 0.063969
0.044694 -0.303145 0.175744
0.033686 -0.309714 0.175178
0.093078 -0.182169 0.012882
0.091363 -0.188362 0.019082
-0.122108 -0.210923 0.208975
-0.116403 -0.222721 0.219421
-0.003381 -0.064939 0.075667
-0.008803 -0.066405 0.086416
0.022394 -0.274941 0.075595
0.028599 -0.268910 0.068260
0.169172 -0.275501 0.090870
0.165291 -0.249908 0.085453
0.118918 -0.186285 0.002255
0.091363 -0.188362 0.019082
-0.035951 -0.096380 0.058214
-0.033305 -0.085193 0.052355
-0.077574 -0.112398 0.121357
-0.103489 -0.118731 0.166004
0.037280 -0.160411 0.011411
0.045374 -0.156492 0.004578
-0.006605 -0.279548 0.118047
0.000742 -0.265550 0.105868
0.110389 -0.228406 0.044005
0.102491 -0.221212 0.039714
0.058457 -0.304673 0.204437
0.066055 -0.296905 0.199854
0.117462 -0.218503 0.046369
0.107336 -0.208568 0.026124
-0.032743 -0.095936 0.040417
-0.020084 -0.100834 0.033579
0.051090 -0.073486 0.091797
0.074672 -0.096104 0.105864
0.016542 -0.000410 0.144089
0.005995 -0.015280 0.135964
-0.119752 -0.159514 0.143314
-0.113829 -0.157440 0.126588
-0.011797 -0.293566 0.164885
-0.030443 -0.282455 0.156688
0.057757 -0.165355 0.014174
0.067732 -0.160256 -0.009208
-0.088673 -0.147035 0.083920
-0.089515 -0.155011 0.086582
-0.034661 -0.230661 0.092125
-0.035885 -0.246605 0.109303
-0.076968 -0.177773 0.061401
-0.094768 -0.187605 0.077311
-0.094236 -0.246200 0.220474
-0.107337 -0.252264 0.221836
0.086788 -0.248127 0.049365
0.094592 -0.253680 0.049079
-0.081594 -0.261719 0.155599
-0.083105 -0.261846 0.170039
0.197083 -0.236842 0.181183
0.209649 -0.212069 0.185504
0.181871 -0.195300 0.051947
0.193033 -0.204916 0.069244
0.005545 -0.281284 0.229383
-0.006720 -0.280350 0.231326
0.072690 -0.315245 0.111269
0.055835 -0.309620 0.116204
0.141464 -0.291739 0.186524
0.130924 -0.294965 0.198498
0.116365 -0.208756 0.014653
0.128085 -0.206072 0.018727
-0.109082 -0.183361 0.225622
-0.114989 -0.202483 0.217487
0.092660 -0.271548 0.052418
0.094592 -0.253680 0.049079
0.016627 -0.126199 0.036799
0.027968 -0.142431 0.016585
0.063439 -0.307668 0.162142
0.044694 -0.303145 0.175744
-0.012669 -0.162999 0.013612
0.010034 -0.164106 0.010930
-0.072363 -0.061479 0.066136
-0.075623 -0.075565 0.056836
-0.060892 -0.208836 0.084790
-0.066517 -0.204718 0.067923
0.209649 -0.212069 0.185504
0.197083 -0.236842 0.181183
0.012596 -0.142897 0.009239
0.011763 -0.140238 0.017811
0.039767 -0.307980 0.101001
0.058835 -0.310307 0.105574
-0.014576 -0.214575 0.276612
-0.008995 -0.222472 0.274362
0.072556 -0.278562 0.085809
0.077362 -0.275326 0.069956
-0.052935 -0.109899 0.023858
-0.046805 -0.114904 0.026403
-0.012241 -0.257657 0.078658
-0.013619 -0.253213 0.088032
0.011938 -0.273222 0.065252
0.000414 -0.279275 0.075571
0.058041 -0.138350 0.022787
0.083847 -0.142031 0.019427
-0.039964 -0.220132 0.079515
-0.038971 -0.226226 0.065598
-0.071168 -0.215033 0.108582
-0.082850 -0.224136 0.119108
-0.049757 -0.055178 0.060694
-0.035924 -0.042571 0.067541
0.061095 -0.173614 0.022356
0.049922 -0.169379 0.017124
-0.085680 -0.156425 0.068918
-0.088673 -0.147035 0.083920
-0.089307 -0.203513 0.081183
-0.088444 -0.209991 0.094751
0.119182 -0.102972 0.100548
0.096863 -0.101699 0.104382
-0.049087 -0.125615 0.064670
-0.035856 -0.118931 0.063270
0.089430 -0.106687 0.059523
0.052369 -0.102560 0.070231
0.015435 -0.103116 0.074814
-0.004879 -0.099953 0.083983
-0.120631 -0.218318 0.185338
-0.115709 -0.199166 0.167005
0.080287 -0.202306 0.020666
0.061709 -0.201233 0.021185
0.156353 -0.209370 0.059145
0.152688 -0.199852 0.043395
-0.028631 -0.216310 0.050823
-0.038889 -0.203381 0.050386
-0.029447 -0.282634 0.104884
-0.027840 -0.273865 0.108766
-0.081594 -0.261719 0.155599
-0.095730 -0.244873 0.139606
0.189784 -0.280128 0.156574
0.174740 -0.273949 0.181593
0.017538 -0.185404 0.227198
0.101674 -0.226785 0.245052
0.200862 -0.267685 0.103972
0.200266 -0.275603 0.120847
0.093900 -0.238358 0.040829
0.079995 -0.236140 0.047141
0.133883 -0.150278 0.017571
0.128862 -0.158412 0.014882
-0.052414 -0.204816 0.042778
-0.059890 -0.195780 0.061489
0.215186 -0.173506 0.158717
0.205033 -0.142178 0.124888
-0.014576 -0.214575 0.276612
-0.025530 -0.217135 0.277974
-0.104550 -0.108312 0.176319
-0.103489 -0.118731 0.166004
0.199666 -0.193398 0.084213
0.180285 -0.150243 0.076637
0.161261 -0.276415 0.132567
0.158488 -0.284599 0.125975
-0.044018 -0.259591 0.129224
-0.035885 -0.246605 0.109303
-0.053705 -0.198991 0.270263
-0.087434 -0.170186 0.249781
-0.075183 -0.193241 0.070947
-0.061694 -0.188230 0.065795
-0.112164 -0.175417 0.127201
-0.105068 -0.160696 0.108790
-0.107264 -0.152188 0.112909
-0.088819 -0.142316 0.087712
-0.003381 -0.064939 0.075667
-0.003821 -0.056723 0.073338
0.169172 -0.275501 0.090870
0.175943 -0.267795 0.094587
-0.016908 -0.141926 0.014676
-0.017095 -0.148354 0.018962
0.074672 -0.096104 0.105864
0.125434 -0.078815 0.070825
-0.095533 -0.236211 0.160414
-0.089920 -0.230375 0.152137
0.111203 -0.262654 0.067151
0.114490 -0.269457 0.075238
-0.075088 -0.228823 0.129242
-0.072355 -0.236480 0.139573
0.151247 -0.276494 0.134907
0.161261 -0.276415 0.132567
0.007950 -0.087597 0.087444
0.005822 -0.065566 0.095807
-0.013373 -0.286205 0.156698
0.001433 -0.296057 0.165530
-0.071049 -0.153543 0.045557
-0.065969 -0.149866 0.035679
0.100889 -0.289867 0.114729
0.108859 -0.278736 0.112259
-0.015232 -0.174193 0.010035
-0.021938 -0.188386 0.018058
0.167804 -0.238984 0.079559
0.171107 -0.248304 0.089588
0.076857 -0.303043 0.139673
0.091453 -0.312217 0.138859
-0.041899 -0.274679 0.145587
-0.026874 -0.278529 0.132727
-0.007215 -0.069888 0.059331
-0.017884 -0.106362 0.059866
0.170253 -0.229072 0.096485
0.172971 -0.218135 0.076370
-0.006720 -0.280350 0.231326
-0.038431 -0.269363 0.232372
-0.062348 -0.279364 0.184834
-0.063328 -0.287573 0.182937
-0.054166 -0.296754 0.186814
-0.062348 -0.279364 0.184834
-0.106401 -0.187831 0.115775
-0.098327 -0.187682 0.096456
-0.011363 -0.267971 0.112852
0.000742 -0.265550 0.105868
-0.077574 -0.112398 0.121357
-0.110694 -0.149417 0.127957
-0.055579 -0.174438 0.044897
-0.060017 -0.179369 0.054417
0.167007 -0.264239 0.132011
0.162575 -0.273111 0.147430
-0.076968 -0.177773 0.061401
-0.097117 -0.181092 0.079609
-0.052454 -0.258670 0.249438
-0.069257 -0.228159 0.253271
-0.007255 -0.018484 0.073715
-0.009788 -0.024457 0.061867
-0.060017 -0.179369 0.054417
-0.048527 -0.179903 0.059934
0.156171 -0.196839 0.216062
0.195311 -0.177039 0.184135
0.114312 -0.169493 0.005498
0.132536 -0.182472 -0.002222
0.181998 -0.137057 0.085696
0.182203 -0.125071 0.088295
0.193305 -0.142864 0.099808
0.193291 -0.164877 0.094815
-0.101000 -0.196355 0.234470
0.049111 -0.273427 0.087357
0.063420 -0.277151 0.086088
-0.115709 -0.199166 0.167005
-0.113859 -0.214027 0.183229
-0.112164 -0.175417 0.127201
-0.110513 -0.189646 0.132136
0.212980 -0.204375 0.138860
0.215770 -0.194220 0.157698
-0.094834 -0.214176 0.163942
-0.083227 -0.230293 0.169112
0.156353 -0.209370 0.059145
0.138350 -0.208786 0.048163
-0.020084 -0.100834 0.033579
-0.017775 -0.110388 0.035620
0.022945 -0.156743 0.018678
0.009196 -0.151264 0.023643
-0.046580 -0.210465 0.080448
-0.039964 -0.220132 0.079515
-0.046147 -0.273571 0.176050
-0.040228 -0.288499 0.163613
-0.057586 -0.138404 0.012475
-0.046059 -0.145326 0.007211
0.111139 -0.248895 0.048186
0.110389 -0.228406 0.044005
-0.013106 -0.077536 0.048763
-0.018973 -0.075255 0.044929
-0.031314 -0.195604 0.028953
-0.044813 -0.190415 0.038463
0.121566 -0.286690 0.109357
0.138086 -0.290278 0.105469
-0.100509 -0.234632 0.202618
-0.090819 -0.239272 0.185644
0.173101 -0.151528 0.065561
0.176201 -0.166160 0.057787
-0.012538 -0.058690 0.099863
-0.023058 -0.051755 0.082292
-0.015832 -0.035989 0.103658
-0.010736 -0.035863 0.093776
-0.024414 -0.125981 0.047870
-0.015094 -0.118943 0.053322
-0.074029 -0.093944 0.045970
-0.068725 -0.064161 0.051265
0.207542 -0.271131 0.117964
0.210046 -0.264368 0.120657
0.109409 -0.131251 -0.007377
0.102994 -0.146825 -0.016280
-0.082945 -0.138762 0.066822
-0.077574 -0.112398 0.121357
-0.003616 -0.004516 0.126967
-0.000368 -0.009300 0.134647
-0.036922 -0.100520 0.096690
-0.004879 -0.099953 0.083983
0.016627 -0.126199 0.036799
0.011763 -0.140238 0.017811
-0.035885 -0.246605 0.109303
-0.044018 -0.259591 0.129224
0.028496 -0.160812 0.029351
0.002167 -0.151746 0.032568
0.044396 -0.143316 0.163872
0.030784 -0.108419 0.133423
-0.046805 -0.114904 0.026403
-0.046029 -0.115140 0.034407
0.049922 -0.169379 0.017124
0.036427 -0.169532 0.015128
0.035253 -0.156467 0.022552
0.023536 -0.153688 0.030655
-0.055579 -0.174438 0.044897
-0.064191 -0.164395 0.045638
0.076857 -0.303043 0.139673
0.077336 -0.304096 0.132290
-0.067225 -0.119266 0.031128
-0.062626 -0.116629 0.023724
-0.085551 -0.170039 0.071153
-0.097117 -0.181092 0.079609
0.086788 -0.248127 0.049365
0.072608 -0.245308 0.052412
-0.049650 -0.224228 0.092008
-0.046216 -0.228519 0.080166
0.058020 -0.232689 0.036182
0.036697 -0.238620 0.036187
-0.010736 -0.035863 0.093776
-0.010984 -0.049176 0.073486
-0.033025 -0.209897 0.277894
-0.064828 -0.206752 0.264481
0.040801 -0.182524 0.023777
0.060260 -0.187936 0.020384
0.012741 -0.065927 0.099614
-0.013983 -0.065540 0.105480
0.155682 -0.179693 0.028990
0.144611 -0.184647 0.030815
0.174728 -0.177069 0.052116
0.181871 -0.195300 0.051947
0.108080 -0.302341 0.139799
0.110374 -0.295270 0.122671
0.051495 -0.242293 0.043448
0.047867 -0.261961 0.044492
-0.017095 -0.148354 0.018962
-0.014839 -0.154927 0.014700
0.115413 -0.293351 0.167127
0.138218 -0.292606 0.177720
0.081524 -0.302963 0.181431
0.115413 -0.293351 0.167127
-0.015180 -0.254346 0.110815
-0.011363 -0.267971 0.112852
-0.046059 -0.145326 0.007211
-0.037935 -0.150575 0.009725
0.209649 -0.212069 0.185504
0.205504 -0.204652 0.200283
-0.085680 -0.156425 0.068918
-0.075627 -0.158540 0.068980
-0.008308 -0.280685 0.128821
0.003448 -0.290626 0.115847
-0.012538 -0.058690 0.099863
-0.008803 -0.066405 0.086416
-0.008803 -0.066405 0.086416
-0.003381 -0.064939 0.075667
0.163011 -0.272428 0.113602
0.143917 -0.284090 0.113420
0.082943 -0.305391 0.124315
0.072978 -0.311246 0.120734
0.138218 -0.292606 0.177720
0.148438 -0.286665 0.154321
0.187486 -0.255697 0.096943
0.185794 -0.245007 0.085026
-0.078692 -0.077151 0.135096
-0.072342 -0.078342 0.128641
-0.025530 -0.217135 0.277974
-0.037678 -0.220424 0.273574
0.125206 -0.269438 0.099116
0.110696 -0.273582 0.101830
0.099062 -0.252855 0.039451
0.111139 -0.248895 0.048186
-0.072755 -0.260875 0.140858
-0.061025 -0.263185 0.130771
-0.088444 -0.209991 0.094751
-0.089307 -0.203513 0.081183
0.081768 -0.292061 0.118265
0.092225 -0.303315 0.112746
-0.097117 -0.181092 0.079609
-0.085551 -0.170039 0.071153
-0.003225 -0.292144 0.138680
-0.001428 -0.293871 0.146284
0.208846 -0.244650 0.112231
0.210231 -0.244977 0.122043
0.038979 -0.146587 0.009437
0.045374 -0.156492 0.004578
0.122500 -0.173717 0.033182
0.117037 -0.173236 0.024846
0.197083 -0.236842 0.181183
0.168810 -0.241354 0.218174
-0.016365 -0.277742 0.244747
0.014130 -0.274542 0.244231
-0.015232 -0.174193 0.010035
-0.021938 -0.188386 0.018058
-0.118379 -0.144950 0.153915
-0.110489 -0.136299 0.171355
-0.104699 -0.126063 0.160030
-0.103489 -0.118731 0.166004
-0.028631 -0.216310 0.050823
-0.040467 -0.211375 0.068093
-0.052454 -0.258670 0.249438
-0.060966 -0.263176 0.247234
0.007950 -0.087597 0.087444
0.049333 -0.089140 0.079439
0.001433 -0.296057 0.165530
-0.013373 -0.286205 0.156698
0.203533 -0.235671 0.094347
0.206251 -0.250014 0.102858
0.193477 -0.228585 0.077837
0.193033 -0.204916 0.069244
0.066085 -0.276008 0.073994
0.077362 -0.275326 0.069956
-0.038414 -0.103838 0.047711
-0.037410 -0.115702 0.039145
0.168461 -0.127347 0.077117
0.165290 -0.145073 0.062620
-0.002616 -0.135316 0.025738
0.011763 -0.140238 0.017811
-0.013983 -0.065540 0.105480
-0.014774 -0.071842 0.102237
-0.033270 -0.242015 0.261588
-0.023445 -0.278101 0.240425
0.201684 -0.247479 0.140776
0.197664 -0.274150 0.135683
0.000742 -0.265550 0.105868
0.002937 -0.284831 0.104307
0.014109 -0.303393 0.099647
0.002937 -0.284831 0.104307
-0.132489 -0.216208 0.180688
-0.129957 -0.214070 0.195945
0.195311 -0.177039 0.184135
0.206768 -0.192787 0.194569
-0.072355 -0.236480 0.139573
-0.066885 -0.233280 0.122242
0.118120 -0.099984 0.063506
0.136404 -0.104759 0.067500
-0.031314 -0.195604 0.028953
-0.027929 -0.188902 0.012523
-0.027929 -0.188902 0.012523
-0.038462 -0.176215 0.003401
0.148438 -0.286665 0.154321
0.115413 -0.293351 0.167127
-0.062085 -0.181512 0.062745
-0.060017 -0.179369 0.054417
-0.108309 -0.186571 0.141575
-0.103574 -0.200349 0.136849
0.084827 -0.161316 -0.006634
0.061095 -0.173614 0.022356
0.051495 -0.242293 0.043448
0.058020 -0.232689 0.036182
0.062830 -0.235289 0.044767
0.075430 -0.227291 0.031180
0.145272 -0.258442 0.089683
0.129764 -0.254211 0.070433
-0.107264 -0.152188 0.112909
-0.088819 -0.142316 0.087712
-0.081862 -0.222525 0.161029
-0.094834 -0.214176 0.163942
-0.066967 -0.141833 0.042787
-0.080175 -0.142275 0.056017
-0.023445 -0.278101 0.240425
-0.059282 -0.274067 0.240745
-0.106776 -0.132026 0.206191
-0.111045 -0.152551 0.200535
0.083572 -0.257525 0.054884
0.069754 -0.251351 0.060224
-0.053106 -0.161993 0.024911
-0.064477 -0.131104 0.022904
0.052445 -0.228338 0.259160
0.032226 -0.236744 0.260045
-0.121876 -0.165672 0.149535
-0.119752 -0.159514 0.143314
0.144611 -0.184647 0.030815
0.120377 -0.192003 0.035674
-0.010984 -0.049176 0.073486
-0.003821 -0.056723 0.073338
-0.097299 -0.097934 0.159554
-0.079194 -0.079940 0.139768
0.122893 -0.140487 -0.001258
0.119026 -0.138311 0.017118
-0.060833 -0.263731 0.156377
-0.071381 -0.265257 0.157884
-0.103574 -0.200349 0.136849
-0.088892 -0.207979 0.146745
-0.003616 -0.004516 0.126967
-0.007437 -0.014290 0.114472
0.053058 -0.272125 0.076585
0.047035 -0.271090 0.080074
0.072608 -0.245308 0.052412
0.062830 -0.235289 0.044767
-0.061576 -0.121931 0.182479
-0.097947 -0.103061 0.172516
0.101207 -0.304442 0.118338
0.094178 -0.311542 0.127841
0.047035 -0.271090 0.080074
0.063420 -0.277151 0.086088
0.054102 -0.263457 0.049808
0.047867 -0.261961 0.044492
0.092538 -0.226720 0.033122
0.102491 -0.221212 0.039714
0.096714 -0.280698 0.105907
0.083366 -0.284116 0.114638
0.117246 -0.156093 0.005048
0.112601 -0.162069 0.016674
0.002167 -0.151746 0.032568
0.023536 -0.153688 0.030655
-0.020627 -0.052074 0.095031
-0.010527 -0.051748 0.109970
0.022394 -0.274941 0.075595
0.027258 -0.266710 0.088801
-0.113829 -0.157440 0.126588
-0.118379 -0.144950 0.153915
-0.090824 -0.244991 0.165399
-0.095533 -0.236211 0.160414
-0.012366 -0.092299 0.093718
-0.025923 -0.096522 0.097287
-0.086438 -0.189975 0.252148
-0.076634 -0.187209 0.258514
-0.034612 -0.020394 0.074090
-0.053640 -0.027964 0.064200
0.213124 -0.179238 0.174421
0.211344 -0.162290 0.152976
-0.034122 -0.277589 0.225198
-0.020614 -0.293576 0.215961
0.096714 -0.280698 0.105907
0.110696 -0.273582 0.101830
-0.008995 -0.222472 0.274362
-0.018286 -0.227970 0.274369
0.028556 -0.146789 0.012781
0.012596 -0.142897 0.009239
0.097113 -0.293520 0.210395
0.074775 -0.286927 0.219748
-0.060892 -0.208836 0.084790
-0.067556 -0.208132 0.099888
-0.046147 -0.273571 0.176050
-0.032726 -0.281828 0.176372
0.131351 -0.078446 0.066876
0.125434 -0.078815 0.070825
0.117462 -0.218503 0.046369
0.125565 -0.226581 0.054620
0.174035 -0.202418 0.048841
0.171239 -0.210718 0.060899
0.002662 -0.112281 0.060039
-0.011909 -0.112891 0.061345
0.182329 -0.259783 0.107432
0.174202 -0.255941 0.098174
0.026069 -0.191632 0.020199
0.031463 -0.183511 0.017298
-0.069289 -0.251913 0.218670
-0.081258 -0.249868 0.213157
-0.086438 -0.189975 0.252148
-0.098324 -0.176214 0.241180
-0.104995 -0.170131 0.231249
0.018158 -0.304609 0.184868
0.005376 -0.300742 0.176875
0.086368 -0.300324 0.144672
-0.021909 -0.298072 0.122761
0.057097 -0.334090 0.132023
0.097740 -0.319615 0.159941
0.104626 -0.300725 0.165222
-0.017190 -0.295278 0.129662
-0.005435 -0.298959 0.112802
0.043399 -0.315467 0.123255
0.036693 -0.310233 0.107895
0.053584 -0.268144 0.075704
0.034717 -0.310907 0.094192
0.011607 -0.306585 0.168898
0.037444 -0.325982 0.104181
0.093580 -0.293407 0.155364
0.088495 -0.280030 0.207043
0.054038 -0.333086 0.141606
0.102624 -0.299383 0.171121
0.111544 -0.288547 0.160268
-0.004548 -0.313330 0.161633
-0.021446 -0.303899 0.148170
0.081299 -0.291397 0.205560
-0.025257 -0.291262 0.136674
0.001871 -0.305049 0.154600
-0.003016 -0.288917 0.082755
0.056254 -0.286987 0.080162
0.025652 -0.287760 0.216006
0.011435 -0.293919 0.210340
0.063677 -0.275060 0.076652
0.017917 -0.280359 0.066581
0.030675 -0.285529 0.077431
0.089170 -0.286493 0.152166
0.095979 -0.288224 0.138131
0.119001 0.128754 0.206105
0.084171 0.134911 0.131325
0.104992 0.112343 0.078276
0.104360 0.123248 0.075499
0.070279 0.132230 0.090362
0.039133 0.143967 0.062687
0.053694 0.133939 0.061378
-0.018001 0.130203 0.091774
0.159335 0.074310 0.109521
0.133048 0.136622 0.119837
0.046043 0.077840 0.100910
0.104901 0.160381 0.179311
0.091196 0.158783 0.178066
0.144343 0.104415 0.216071
0.164887 0.069026 0.121824
0.064867 0.122403 0.077715
0.010868 0.079838 0.119603
0.020344 0.088854 0.050202
0.008363 0.121578 0.046273
-0.001071 0.123552 0.063005
0.105194 0.062187 0.088553
0.061985 0.152498 0.130323
0.074654 0.153807 0.148709
0.019036 0.096207 0.084280
-0.021870 0.126590 0.065794
0.006557 0.107191 0.069025
0.111091 0.048184 0.101097
-0.004526 0.114664 0.067494
-0.014590 0.141605 0.092632
0.016621 0.134610 0.068264
0.013468 0.127793 0.049413
0.168492 0.080308 0.141876
0.149454 0.131557 0.131613
0.047056 0.092433 0.061234
0.040236 0.091600 0.060941
0.006773 0.164354 0.099136
-0.005760 0.154383 0.086967
0.130483 0.149440 0.139077
0.158394 0.093854 0.204197
0.041945 0.046133 0.088232
0.030720 0.061382 0.098264
-0.006874 0.109031 0.103711
0.067895 0.135160 0.079749
0.060289 0.140690 0.202209
0.049691 0.137560 0.193871
-0.020543 0.118363 0.066924
-0.029802 0.120374 0.075025
0.073640 0.120685 0.089581
0.095230 0.140721 0.200483
-0.031925 0.127879 0.086625
-0.025839 0.135042 0.074281
0.156019 0.096919 0.115654
0.149879 0.126558 0.118878
0.010371 0.126173 0.123411
-0.003827 0.128617 0.078359
0.010599 0.118282 0.117706
-0.012957 0.136133 0.075221
-0.009016 0.138574 0.062917
0.006937 0.131242 0.069742
0.084957 0.142663 0.185848
-0.033433 0.113425 0.088250
-0.010666 0.108562 0.024430
0.084791 0.153098 0.129571
0.063362 0.140287 0.133364
0.063256 0.147235 0.114739
0.045484 0.145248 0.147029
0.032134 0.141125 0.150157
0.083870 0.039942 0.088679
-0.024926 0.140265 0.054456
0.128672 0.124998 0.204987
0.122361 0.064162 0.090479
0.056799 0.153513 0.114517
0.068030 0.153724 0.109209
-0.017029 0.147973 0.067223
-0.018673 0.115528 0.023224
0.016591 0.081940 0.114156
0.036318 0.073890 0.108046
-0.011218 0.119096 0.101115
0.130054 -0.359848 0.234408
0.184012 -0.319657 0.186279
0.206931 -0.337758 0.132389
0.199860 -0.326535 0.132361
0.209705 -0.303090 0.155562
0.234882 -0.269589 0.144723
0.231648 -0.283520 0.157039
0.200073 -0.215310 0.156631
0.186210 -0.223230 0.155319
0.162521 -0.395835 0.126842
0.169919 -0.390506 0.135065
0.197270 -0.367488 0.178506
0.161811 -0.282176 0.125138
0.175334 -0.336124 0.214720
0.107897 -0.386915 0.223902
0.211173 -0.297271 0.139757
0.147246 -0.248331 0.140404
0.203072 -0.252535 0.097356
0.240241 -0.214137 0.123115
0.211878 -0.219382 0.122095
0.169466 -0.334851 0.108922
0.157416 -0.318184 0.100935
0.254572 -0.150924 0.099074
0.188138 -0.305740 0.156693
0.176534 -0.245685 0.146120
0.201498 -0.286406 0.130991
0.213386 -0.181184 0.110344
0.230642 -0.243835 0.124345
0.223324 -0.227415 0.135620
0.144827 -0.406932 0.153869
0.186764 -0.384888 0.183015
0.200052 -0.279756 0.107252
0.199111 -0.272978 0.106573
0.242688 -0.165308 0.092425
0.246135 -0.166451 0.108835
0.247066 -0.149100 0.086622
0.221119 -0.238937 0.185494
0.221567 -0.226060 0.170048
0.202740 -0.371977 0.189326
0.109891 -0.400578 0.207800
0.147912 -0.278671 0.093875
0.150760 -0.267481 0.111926
0.177616 -0.228202 0.149996
0.177616 -0.228202 0.149996
0.202351 -0.306917 0.146817
0.211173 -0.297271 0.139757
0.124632 -0.286575 0.249042
0.185854 -0.336698 0.156144
0.202351 -0.306917 0.146817
0.177423 -0.327623 0.145312
0.178166 -0.340386 0.156313
0.184907 -0.340678 0.214493
0.261881 -0.162369 0.095572
0.173961 -0.391915 0.147178
0.192189 -0.384656 0.170451
0.155543 -0.389647 0.103948
0.155669 -0.372941 0.092301
0.151843 -0.348198 0.085965
0.225478 -0.181247 0.118111
0.192905 -0.297412 0.144714
0.226971 -0.221872 0.141902
0.220830 -0.222988 0.158505
0.210456 -0.189605 0.109382
0.183113 -0.352716 0.117300
0.186530 -0.361614 0.117895
0.198173 -0.319316 0.197837
0.201715 -0.299378 0.139299
0.112197 -0.383634 0.231282
0.109769 -0.376576 0.230620
0.256952 -0.159768 0.084991
0.155412 -0.326957 0.086626
0.156128 -0.265064 0.113698
0.248463 -0.205774 0.118658
0.245737 -0.183262 0.117693
0.242364 -0.194898 0.129395
0.125637 -0.294046 0.243233
0.128967 -0.369580 0.230805
0.215418 -0.209814 0.135719
0.203894 -0.202838 0.138023
0.153021 -0.253558 0.137923
0.157567 -0.262454 0.136886
0.153215 -0.273163 0.127583
0.186210 -0.223230 0.155319
-0.136150 -0.320196 0.185773
-0.130872 -0.321757 0.171089
-0.129376 -0.288906 0.118808
-0.144225 -0.281861 0.156778
-0.089912 -0.261491 0.116907
-0.148982 -0.253729 0.129805
-0.072316 -0.379650 0.096952
-0.081963 -0.362998 0.097489
-0.078931 -0.252573 0.267691
-0.138720 -0.224258 0.191957
-0.083538 -0.252223 0.132316
-0.151356 -0.330148 0.171043
-0.125592 -0.345486 0.200555
-0.089410 -0.235606 0.247316
-0.069122 -0.403691 0.163859
-0.142144 -0.264189 0.135092
-0.102461 -0.251822 0.117216
-0.106497 -0.239995 0.116879
-0.139981 -0.218803 0.127572
-0.115926 -0.262672 0.113893
-0.152408 -0.200368 0.136971
-0.147392 -0.176780 0.158263
-0.149227 -0.210955 0.159862
-0.134678 -0.358782 0.179164
-0.123072 -0.368111 0.177147
-0.117622 -0.298142 0.153763
-0.140579 -0.302743 0.185234
-0.124430 -0.281489 0.151708
-0.112616 -0.222167 0.148950
-0.118938 -0.217247 0.163119
-0.148162 -0.195737 0.160989
-0.113438 -0.330327 0.102556
-0.156435 -0.315417 0.162053
-0.103200 -0.365099 0.206942
-0.110602 -0.357606 0.213301
-0.086392 -0.301572 0.086886
-0.121921 -0.279682 0.218006
-0.104861 -0.317481 0.225093
-0.122771 -0.236261 0.116876
-0.119757 -0.281838 0.114881
-0.167258 -0.129158 0.155789
-0.132232 -0.358112 0.167307
-0.077622 -0.266893 0.101682
-0.154796 -0.253989 0.190288
-0.141862 -0.267343 0.186704
-0.147522 -0.257780 0.181934
-0.137280 -0.183283 0.164386
-0.134350 -0.178965 0.175707
-0.073296 -0.404486 0.137234
-0.073973 -0.395645 0.117474
-0.136701 -0.337246 0.187936
-0.136635 -0.349313 0.174085
-0.135039 -0.183398 0.188946
-0.147769 -0.184585 0.180154
-0.075377 -0.384544 0.115436
-0.162313 -0.211886 0.175398
-0.130728 -0.188152 0.182411
-0.117750 -0.308556 0.223495
-0.152967 -0.135433 0.158667
-0.128147 -0.314690 0.222976
-0.112815 -0.316200 0.094350
-0.157696 -0.195091 0.165467
-0.147522 -0.257780 0.181934
-0.127063 -0.240548 0.197195
-0.119459 -0.178359 0.176136
-0.143587 -0.276835 0.180438
-0.145024 -0.309541 0.179399
-0.143587 -0.276835 0.180438
-0.133360 -0.276624 0.174020
-0.135712 -0.268575 0.182425
-0.156991 -0.188641 0.175861
-0.071827 -0.248203 0.105142
-0.083490 -0.311932 0.085832
-0.163015 -0.203278 0.185104
-0.168054 -0.176246 0.174408
-0.126501 -0.293547 0.220616
-0.097434 -0.328480 0.093993
-0.096772 -0.340737 0.091206
-0.115927 -0.285915 0.122948
-0.120804 -0.299869 0.129006
0.232932 0.691764 0.148334
0.262390 0.768152 0.113996
0.156782 0.652708 0.168749
0.152373 0.644159 0.143386
0.211231 0.883520 0.124386
0.200242 0.919610 0.093858
0.222962 0.862243 0.094975
0.218397 0.842608 0.109861
0.115050 0.798160 0.047602
0.185626 0.752190 0.192442
0.172400 0.775017 0.187779
0.076737 0.867038 0.129138
0.092742 0.804819 0.129254
0.200242 0.919610 0.093858
0.190410 0.910881 0.069065
0.208232 0.810871 0.074289
0.188800 0.794762 0.061260
0.207337 0.825124 0.151510
0.196115 0.850976 0.145895
0.245518 0.737934 0.069578
0.236124 0.833306 0.084334
0.154347 0.824030 0.030610
0.185626 0.752190 0.192442
0.197906 0.737415 0.200835
0.232575 0.725867 0.063582
0.178971 0.679455 0.074133
0.057241 0.931613 0.096867
0.046004 0.925031 0.087315
0.119366 0.966673 0.025208
0.129605 0.969419 0.022727
0.193126 1.041632 0.143851
0.173958 1.031362 0.138020
0.179676 0.781334 0.073249
0.191646 0.787980 0.081310
0.097104 0.832456 0.076731
0.076701 0.875701 0.044450
0.101172 0.853856 0.045131
0.205817 0.934549 0.097701
0.212539 0.948674 0.098325
0.205817 0.934549 0.097701
0.279837 1.040901 0.094344
0.279457 1.041030 0.115956
0.119366 0.966673 0.025208
0.110280 0.968388 0.071465
0.080251 0.977769 0.110415
0.096024 0.969176 0.116901
0.279091 1.018541 0.119956
0.279457 1.041030 0.115956
0.158602 0.864248 0.146605
0.170056 0.842769 0.143203
0.101172 0.853856 0.045131
0.212539 0.948674 0.098325
0.155975 0.969638 0.135332
0.139910 0.960648 0.130460
0.082794 0.930502 0.118018
0.063107 0.919333 0.110684
0.072779 0.854620 0.097563
0.074834 0.847404 0.082550
0.188530 0.900139 0.114893
0.174986 0.899824 0.126464
0.117543 0.862357 0.036435
0.110554 0.832370 0.049219
0.141653 0.774175 0.129129
0.150802 0.782586 0.137724
0.211101 0.803033 0.114186
0.202404 0.852897 0.103729
0.141653 0.774175 0.129129
0.137517 0.771238 0.121255
0.171623 0.795414 0.146096
0.194247 0.809827 0.117026
0.204157 0.665143 0.225963
0.174463 0.706794 0.198453
0.288819 0.644741 0.196904
0.199781 0.567255 0.195299
0.205773 0.570947 0.170465
0.309118 0.618475 0.181463
0.213851 0.753755 0.107934
0.244365 0.536946 0.235653
0.307088 0.617618 0.169597
0.291158 0.509880 0.190880
0.153070 0.702408 0.131247
0.159905 0.676310 0.130661
0.237828 0.517847 0.154216
0.232421 0.662829 0.226715
0.219681 0.638510 0.226905
0.296713 0.571023 0.210270
0.256450 0.473676 0.182121
0.212476 0.596097 0.128175
0.265135 0.690096 0.103328
0.202721 0.606876 0.205060
0.189658 0.596976 0.176815
0.165258 0.644859 0.121025
0.217273 0.700603 0.072680
0.303743 0.552405 0.214101
0.306806 0.532667 0.220309
0.258933 0.523189 0.151997
0.256759 0.491751 0.168055
0.230105 0.508058 0.223660
0.245830 0.483540 0.240673
0.180666 0.623954 0.114268
0.277270 0.588413 0.126070
0.269878 0.487826 0.170421
0.304939 0.526953 0.215714
0.160613 0.689710 0.098394
0.279948 0.550622 0.131437
0.217350 0.556839 0.145102
0.210051 0.546501 0.161672
0.236266 0.657131 0.087101
0.250573 0.547756 0.133487
0.205744 0.745090 0.093708
0.276857 0.544567 0.148064
0.279948 0.550622 0.131437
0.250023 0.471033 0.189674
0.286355 0.535394 0.159647
0.258933 0.523189 0.151997
0.239790 0.555352 0.129228
0.205214 0.552157 0.171801
0.215420 0.564964 0.159653
0.255824 0.500083 0.154201
0.159905 0.676310 0.130661
0.307088 0.617618 0.169597
0.230704 0.698409 0.076978
0.233737 0.536602 0.224594
0.225435 0.574120 0.129286
0.240106 0.548547 0.153045
0.285383 0.489554 0.178548
0.309118 0.618475 0.181463
0.309118 0.618475 0.181463
0.291385 0.560260 0.220620
0.175893 0.613660 0.166302
0.165258 0.644859 0.121025
0.285383 0.489554 0.178548
0.180666 0.623954 0.114268
0.288477 0.591318 0.229489
0.218056 0.571420 0.232531
0.208903 0.568730 0.222303
0.347627 -0.162495 0.136301
0.283210 0.010562 0.215424
0.292290 0.017676 0.217790
0.245887 0.013011 0.241857
0.245583 0.006777 0.238868
0.336390 -0.005557 0.225049
0.307762 0.063404 0.270679
0.303919 0.063257 0.272847
0.324729 -0.058985 0.231104
0.318618 -0.067415 0.221911
0.336098 -0.107317 0.193781
0.355152 -0.115690 0.123756
0.349383 -0.092178 0.145138
0.422473 -0.234492 0.077253
0.235715 0.078238 0.275602
0.353336 -0.144686 0.112592
0.353207 -0.126915 0.119121
0.368395 -0.073967 0.161000
0.346241 -0.039299 0.192591
0.268313 0.090929 0.261599
0.387138 -0.180120 0.059878
0.383833 -0.191956 0.049768
0.240865 0.055208 0.253261
0.379926 -0.203162 0.065135
0.386501 -0.210238 0.072646
0.295378 0.096496 0.271260
0.223336 0.070135 0.274718
0.225418 0.077048 0.278752
0.288172 0.113779 0.261359
0.321492 -0.044904 0.197474
0.376949 -0.244117 0.101379
0.380842 -0.230822 0.099418
0.261836 0.004165 0.217951
0.305149 0.006188 0.218722
0.231843 0.107645 0.265603
0.251182 0.068026 0.259237
0.243556 0.097281 0.279385
0.200596 0.104576 0.261991
0.233651 0.016966 0.220331
0.341245 -0.060491 0.173814
0.220040 0.023979 0.228366
0.268167 0.063074 0.280126
0.268571 0.071349 0.277439
0.422620 -0.242302 0.077832
0.433137 -0.232859 0.080276
0.334397 0.005185 0.231116
0.336512 -0.003770 0.235201
0.315696 -0.034914 0.203719
0.249384 0.065632 0.264007
0.268313 0.090929 0.261599
0.329486 -0.071578 0.174209
0.284451 0.133172 0.265175
0.362260 -0.204345 0.095478
0.346241 -0.039299 0.192591
0.324461 -0.026358 0.204258
0.415623 -0.242373 0.085941
0.379694 -0.171245 0.067322
0.383779 -0.174769 0.060330
0.383833 -0.191956 0.049768
0.332371 -0.108431 0.167897
0.336781 -0.103647 0.154740
0.264896 0.120745 0.259490
0.260897 0.136819 0.255672
0.229465 0.111412 0.267834
0.210661 0.043255 0.213396
0.390457 -0.186767 0.044779
0.405448 -0.250078 0.106372
0.364185 -0.072754 0.204456
0.405177 -0.242437 0.089294
0.415623 -0.242373 0.085941
0.402600 -0.246574 0.095672
0.397616 -0.238889 0.098247
0.370955 -0.202924 0.088265
0.241885 0.022197 0.220135
0.402983 -0.225016 0.074639
0.407261 -0.228875 0.071964
0.251784 0.046784 0.246062
0.371862 -0.192471 0.101141
0.390418 -0.236600 0.099385
0.389937 -0.231740 0.102753
0.262107 0.048630 0.275223
0.242089 0.055435 0.274314
0.390993 -0.127717 0.104121
0.276038 -0.006053 0.249189
0.388008 -0.217632 0.068639
0.393640 -0.222803 0.074566
0.207296 0.037318 0.213639
0.401072 -0.241460 0.091095
0.399033 -0.238219 0.083361
0.393854 -0.197083 0.043449
0.222795 0.072542 0.265120
0.385407 -0.162354 0.069828
0.390075 -0.157731 0.077512
0.409429 -0.217087 0.050625
0.219973 0.022381 0.222388
0.335826 -0.123100 0.174955
0.221534 0.097712 0.266994
0.213941 0.108731 0.265819
0.387138 -0.180120 0.059878
0.244348 0.003896 0.228676
0.415840 -0.184456 0.065903
0.392765 -0.183163 0.057093
0.421155 -0.192454 0.119890
0.408080 -0.164985 0.143974
0.406231 -0.168810 0.073462
0.397198 -0.172560 0.075499
0.360477 -0.050790 0.191266
0.391549 -0.208341 0.081569
0.385640 -0.213033 0.080616
0.371862 -0.192471 0.101141
0.363942 -0.199860 0.093091
0.309927 0.075337 0.263730
0.386987 -0.228661 0.094097
0.236394 0.117832 0.272569
0.377192 -0.196457 0.093189
0.373268 -0.190584 0.080495
0.374095 -0.180592 0.094246
0.385821 -0.227158 0.079723
0.380142 -0.221299 0.078569
0.267939 0.099617 0.262287
0.397987 -0.220912 0.106370
0.300459 -0.005289 0.218042
0.347471 -0.077947 0.156075
0.361940 -0.200766 0.104927
0.358891 -0.192404 0.106327
0.288818 0.110414 0.265929
0.439644 -0.217151 0.076234
0.318618 -0.067415 0.221911
0.333138 -0.076108 0.217916
0.256732 0.119470 0.268755
0.255800 0.115381 0.266101
0.336098 -0.107317 0.193781
0.335826 -0.123100 0.174955
0.265435 0.011211 0.215808
0.259394 0.014691 0.255217
0.338720 -0.137376 0.162863
0.347627 -0.162495 0.136301
0.439081 -0.239065 0.070203
0.326174 -0.061396 0.183980
0.394459 -0.185537 0.049811
0.376776 -0.217066 0.097824
0.373202 -0.220050 0.097560
0.437335 -0.215228 0.076346
0.268571 0.071349 0.277439
0.313749 0.069113 0.256682
0.266692 0.074839 0.263831
0.359786 -0.171154 0.103594
0.362358 -0.166172 0.096038
0.418117 -0.246445 0.089451
0.315696 -0.034914 0.203719
0.398871 -0.237695 0.077641
0.412680 -0.235193 0.075409
0.245278 0.064016 0.256673
0.243302 0.061399 0.254075
0.398289 -0.204580 0.044360
0.399813 -0.254576 0.103932
0.363651 -0.183959 0.079063
0.416207 -0.218924 0.054892
0.372317 -0.183569 0.071956
0.304582 -0.044470 0.215896
0.392603 -0.180139 0.065935
0.243685 0.027351 0.224236
0.385821 -0.227158 0.079723
0.388214 -0.226499 0.088025
0.257447 0.073513 0.260780
0.255918 0.093518 0.278323
0.268571 0.071349 0.277439
0.347025 -0.078861 0.213457
0.401343 -0.132385 0.105224
0.267939 0.099617 0.262287
0.269510 0.065414 0.252861
0.257447 0.073513 0.260780
0.390101 -0.227605 0.078781
0.388008 -0.217632 0.068639
0.419730 -0.199492 0.057040
0.260792 0.118560 0.258748
0.267977 0.106126 0.261141
0.392497 -0.223097 0.108096
0.390670 -0.221711 0.092803
0.355474 -0.182003 0.115824
0.338720 -0.137376 0.162863
0.336098 -0.107317 0.193781
0.342885 -0.130859 0.176436
-0.194620 -0.245015 0.171457
-0.226231 -0.248051 0.072686
-0.194620 -0.245015 0.171457
-0.234597 -0.249269 0.114636
-0.269851 -0.258148 0.077692
-0.238025 -0.281775 0.123951
0.087582 0.315863 0.117856
0.007384 0.265153 0.192145
0.058581 0.262551 0.064664
0.087582 0.315863 0.117856
0.009834 0.293364 0.110825
0.009834 0.293364 0.110825
0.115132 0.171970 0.066851
0.115619 0.250641 0.072068
0.044235 -0.386891 0.173750
-0.037947 -0.643040 0.179985
0.049092 -0.660006 0.063026
0.114577 -0.327519 0.113745
0.113628 -0.366398 0.152812
0.067591 -0.295818 0.084906
-0.139698 0.522473 0.158479
-0.081478 0.539386 0.240490
-0.017512 0.558165 0.151870
-0.122576 0.513764 0.205498
-0.119871 0.534603 0.209416
-0.113811 0.528849 0.162475
-0.092295 0.441755 0.141604
-0.139698 0.522473 0.158479
-0.120395 0.536451 0.126237
-0.074529 0.534080 0.194814
-0.074529 0.534080 0.194814
-0.075989 0.562157 0.137717
-0.113799 0.226903 0.174642
-0.102708 0.174657 0.189680
0.305052 0.189381 0.227009
0.285435 0.365583 0.258757
0.289905 0.199729 0.123903
0.355909 0.330923 0.125740
0.221670 -0.002920 0.220243
0.179135 0.123414 0.250893
0.216552 0.066979 0.259702
0.214809 0.035838 0.212312
0.214809 0.035838 0.212312
0.233854 0.086640 0.257110
0.195611 -0.299117 -0.017130
0.240129 -0.365256 0.018007
0.195611 -0.299117 -0.017130
0.173922 -0.219624 0.014157
0.286690 0.027163 0.148432
0.251152 -0.018960 0.202415
0.284538 0.123484 0.126986
0.174561 -0.394809 0.045287
-0.223479 -0.233716 0.040932
-0.242928 -0.278660 0.130911
-0.137447 -0.120473 0.140109
-0.184927 -0.204317 0.091156
0.114304 0.115227 0.270911
0.242849 0.107965 0.202765
-0.045884 -0.411599 0.166464
-0.072455 -0.418179 0.110253
0.050489 -0.447820 0.110738
0.165721 0.784603 0.043239
0.132895 0.988815 0.005556
0.017890 0.959062 0.046140
0.139854 0.775822 0.090295
0.416666 0.503534 0.199983
0.407308 0.560659 0.180368
0.109901 0.311399 0.175893
0.223500 0.478888 0.212053
0.085215 0.881983 0.131247
0.063174 0.859499 0.037426
0.148191 0.885693 0.002445
0.063174 0.859499 0.037426
-0.032031 0.248228 -0.038984
0.043284 0.115602 0.008497
-0.166352 -0.186843 0.119460
-0.232011 -0.233940 0.091342
-0.264916 -0.248102 0.073172
-0.244489 -0.256786 0.089104
-0.184318 -0.150882 0.114204
-0.238203 -0.276067 0.096109
-0.166352 -0.186843 0.119460
-0.180345 -0.219824 0.168577
-0.163489 -0.219545 0.103586
-0.177565 -0.178971 0.100360
-0.229128 -0.198583 0.048744
-0.281619 -0.249651 0.109178
-0.248564 -0.253753 0.094672
-0.252132 -0.257472 0.103625
-0.251753 -0.264679 0.090991
-0.177819 -0.174361 0.146168
-0.232011 -0.233940 0.091342
-0.190357 -0.244937 0.164024
-0.236186 -0.277256 0.125023
0.056461 0.296904 0.172916
-0.004132 0.275620 0.142177
0.081979 0.253969 0.101194
0.115619 0.250641 0.072068
0.125890 0.303070 0.174558
0.026928 0.281520 0.092705
0.104829 0.218928 0.104938
0.129520 0.217052 0.067293
0.096402 0.307333 0.170466
0.096872 0.236953 0.084164
0.096065 0.253403 0.059604
0.027755 0.271411 0.104122
0.096872 0.236953 0.084164
0.102246 0.250942 0.079605
0.115619 0.250641 0.072068
0.092373 0.247892 0.096378
0.102246 0.250942 0.079605
0.026928 0.281520 0.092705
0.119332 0.232787 0.076349
0.096872 0.236953 0.084164
0.094619 0.239372 0.109983
0.045242 -0.387123 0.174401
0.061289 -0.492000 0.119283
0.013726 -0.440743 0.173906
0.021955 -0.404504 0.053131
-0.103983 -0.602815 0.108151
0.067774 -0.406542 0.113893
-0.065061 -0.577573 0.015248
0.066495 -0.295710 0.086011
0.044099 -0.515872 0.020121
0.031387 -0.469051 0.052258
-0.112140 0.487400 0.219087
-0.104241 0.555063 0.160066
-0.117457 0.539036 0.156939
-0.112381 0.519432 0.188108
-0.136894 0.529738 0.151727
-0.124011 0.517465 0.164299
-0.119632 0.555984 0.135044
-0.124011 0.517465 0.164299
-0.046427 0.545326 0.150755
-0.084744 0.446590 0.143130
-0.060334 0.571145 0.170614
-0.120422 0.537167 0.125030
-0.034370 0.572925 0.111305
-0.076256 0.450883 0.176343
-0.025657 0.497017 0.254119
-0.112211 0.525722 0.219688
-0.136894 0.529738 0.151727
-0.060064 0.586157 0.122821
-0.136894 0.529738 0.151727
-0.017695 0.554381 0.150477
-0.104241 0.555063 0.160066
-0.074489 0.537201 0.194736
0.000877 0.321913 0.272864
0.033179 0.338962 0.250717
-0.134138 0.368304 0.220450
-0.059582 0.404263 0.264135
0.342582 0.360150 0.186686
0.287210 0.363573 0.249245
0.186033 0.159218 0.244026
0.210267 0.244604 0.254615
0.247782 0.044408 0.263788
0.288485 -0.012570 0.216987
0.221808 0.127395 0.214978
0.262397 0.111388 0.218009
0.216649 0.035652 0.209781
0.216115 0.016059 0.201254
0.251256 0.099185 0.235833
0.234579 0.084884 0.251633
0.252566 0.100142 0.262894
0.234579 0.084884 0.251633
0.307974 -0.037768 0.196367
0.283103 -0.039963 0.169727
0.043435 -0.193257 -0.014038
0.189166 -0.206748 0.050282
0.308425 -0.173566 0.121382
0.439611 -0.155732 0.026581
0.418218 -0.122750 0.051490
0.224313 0.055339 -0.007827
0.188283 -0.018532 -0.042856
0.308425 -0.173566 0.121382
0.293377 -0.306691 0.147457
0.251346 -0.004806 0.180353
0.285635 0.027871 0.148998
-0.085668 -0.001908 0.180115
-0.176244 -0.200469 0.137946
-0.183612 -0.209875 0.093317
-0.123137 -0.043557 0.109248
-0.035488 -0.417907 0.185062
0.354212 -0.167221 0.100357
0.335328 -0.166607 0.038396
0.112545 0.114679 -0.045658
0.239541 0.118965 0.020551
0.055620 -0.423145 0.100812
0.077159 -0.463666 0.135598
-0.056423 -0.413038 0.164877
-0.077200 -0.437555 0.117858
0.230349 0.116540 0.048439
-0.055932 -0.406839 0.068850
-0.187248 -0.171347 0.112301
-0.176244 -0.200469 0.137946
0.199005 0.882393 0.095682
0.136359 0.993579 0.129032
0.025336 0.955440 0.045018
0.047513 0.971749 0.092704
0.040622 0.142507 -0.021370
0.109469 0.310216 0.177054
0.062697 0.302589 -0.017119
0.227301 0.473816 0.212957
0.306697 0.721054 0.124314
0.290068 0.751772 0.076523
0.071948 0.863960 0.035774
0.080844 0.879352 0.124502
0.061762 0.312307 0.208798
-0.053013 0.335943 0.256648
0.080217 0.334580 0.133152
-0.015923 0.240608 0.227197
0.045305 0.121984 0.022518
0.170898 0.096268 0.003297
-0.194159 -0.192750 0.150592
-0.192429 -0.199428 0.155106
-0.204963 -0.210449 0.147014
-0.249443 -0.262623 0.093418
-0.248565 -0.253780 0.094662
-0.211889 -0.220585 0.087634
-0.194402 -0.206537 0.105639
-0.223239 -0.257790 0.157276
-0.216515 -0.201167 0.063858
-0.243877 -0.257452 0.088539
-0.213243 -0.255335 0.140010
-0.272055 -0.252683 0.094274
-0.235194 -0.233232 0.112254
-0.219298 -0.252396 0.137773
-0.232520 -0.234752 0.076104
-0.228812 -0.188887 0.063333
-0.197972 -0.211925 0.064069
-0.197347 -0.205241 0.160268
-0.197972 -0.211925 0.064069
-0.272055 -0.252683 0.094274
-0.232609 -0.252990 0.103764
-0.195616 -0.234657 0.165537
-0.252130 -0.257462 0.103586
-0.210838 -0.249534 0.144235
-0.213243 -0.255335 0.140010
-0.203935 -0.185831 0.100281
-0.249211 -0.233898 0.080498
-0.221063 -0.240188 0.110041
-0.208665 -0.226422 0.149907
-0.208665 -0.226422 0.149907
-0.196226 -0.243370 0.157950
-0.000101 0.262428 0.147934
0.022907 0.266405 0.117481
0.127240 0.231319 0.093232
0.081979 0.253969 0.101194
0.126095 0.219075 0.091698
0.115619 0.250641 0.072068
0.130754 0.216294 0.079472
0.119332 0.232787 0.076349
0.125530 0.217330 0.079552
0.132569 0.200328 0.071513
0.125890 0.303070 0.174558
0.145421 0.284563 0.132179
0.048829 0.271318 0.147095
0.009834 0.293364 0.110825
-0.008443 0.281017 0.163789
0.015273 0.284387 0.188090
0.128601 0.220024 0.144810
0.128797 0.231624 0.156857
0.066822 0.268589 0.079562
0.018689 0.263894 0.122097
0.027755 0.271411 0.104122
0.120101 0.252883 0.110148
0.103917 0.228807 0.144318
0.117373 0.238418 0.136240
0.061414 0.269251 0.082881
0.128797 0.231624 0.156857
0.155016 0.282327 0.148731
0.004476 0.271447 0.123043
0.108541 0.227691 0.068078
0.115619 0.250641 0.072068
0.135928 0.296916 0.178938
0.115828 0.269026 0.170575
0.026928 0.281520 0.092705
0.049585 0.271341 0.087186
0.034138 0.266751 0.103115
0.079537 -0.349331 0.184305
0.044006 -0.385764 0.173714
0.046859 -0.520600 0.149213
-0.100011 -0.512377 0.131451
-0.017064 -0.472601 0.044323
0.046859 -0.520600 0.149213
0.048491 -0.500147 0.141599
0.034408 -0.651563 0.056237
-0.070501 -0.504133 0.182320
0.008453 -0.529316 0.196549
-0.094711 -0.499218 0.159009
-0.069208 -0.436451 0.181997
-0.004897 -0.518952 0.003153
0.034849 -0.630021 0.021663
0.042471 -0.576819 0.006605
-0.083580 0.523600 0.251415
-0.110001 0.488681 0.217038
-0.108492 0.525897 0.215311
-0.059406 0.545828 0.167774
-0.064614 0.554703 0.184274
-0.124059 0.509295 0.181746
-0.117806 0.510880 0.188287
-0.119158 0.518623 0.166083
-0.116792 0.516966 0.159232
-0.124873 0.523463 0.134487
-0.034724 0.563368 0.139476
-0.046993 0.540654 0.192532
-0.040718 0.525359 0.181848
-0.125271 0.507797 0.192683
-0.111720 0.472140 0.170914
-0.100393 0.516936 0.229007
-0.075747 0.546440 0.185280
-0.117806 0.510880 0.188287
-0.025116 0.497697 0.252832
-0.001733 0.495754 0.238696
-0.103207 0.508546 0.223752
-0.063926 0.483546 0.206515
-0.002588 0.542080 0.164333
-0.127885 0.531195 0.152391
-0.030830 0.550614 0.233181
-0.125396 0.532454 0.121411
-0.019972 0.550762 0.149899
-0.046993 0.540654 0.192532
-0.060201 0.567905 0.135208
-0.060020 0.586603 0.122576
-0.112521 0.519289 0.186787
-0.118247 0.517555 0.196120
-0.094563 0.523387 0.238396
-0.013018 0.499362 0.110627
-0.141798 0.531381 0.151889
-0.028518 0.487445 0.111760
-0.082222 0.323162 0.287319
-0.095907 0.229467 0.255044
-0.095907 0.229467 0.255044
-0.104681 0.282921 0.220019
-0.056790 0.395843 0.265648
-0.001214 0.400315 0.263572
0.279016 0.157767 0.124479
0.291747 0.196784 0.141766
0.278619 0.303556 0.260014
0.260378 0.342992 0.262896
0.261360 0.194831 0.244223
0.241398 0.150601 0.170384
0.183769 0.160935 0.231651
0.207356 0.213126 0.243797
0.281428 -0.011734 0.210870
0.308523 -0.038027 0.196931
0.308910 0.034758 0.183697
0.174207 0.039308 0.223454
0.198126 0.012263 0.234528
0.201453 0.119578 0.256046
0.180637 0.120437 0.247139
0.212046 0.135457 0.243002
0.227134 0.051932 0.247446
0.220907 0.030849 0.237013
0.208227 0.128287 0.211242
0.270661 0.115905 0.239332
0.233648 0.084216 0.251597
0.267446 0.115348 0.208337
0.251901 0.119638 0.195339
0.295902 0.021312 0.151871
0.309294 -0.004252 0.141014
0.332217 -0.006081 0.168848
0.234651 -0.360524 0.019501
0.213785 -0.117141 0.228146
0.334795 -0.165404 0.040603
0.355186 -0.168221 0.097170
0.333314 -0.166905 0.112429
0.377814 -0.162897 0.030427
0.307151 -0.113828 0.169151
0.296486 -0.096842 0.117538
0.155707 -0.011023 0.239559
0.230423 0.042928 0.188415
0.048688 -0.421365 0.046462
0.139448 -0.398948 0.026881
0.249823 -0.213878 0.112446
0.216364 -0.223543 0.090976
0.216364 -0.223543 0.090976
0.225795 -0.262269 0.140896
0.273754 -0.056300 0.148682
-0.216221 -0.231497 0.047974
-0.206511 -0.272666 0.049309
-0.045702 -0.200791 0.009288
-0.155042 -0.118788 0.202027
-0.143823 -0.096234 0.158834
-0.186343 -0.173125 0.112538
-0.188035 -0.172970 0.132097
0.076099 -0.460842 0.133392
0.060593 -0.450373 0.191553
0.279413 -0.072960 0.142258
0.310692 0.034269 0.171030
0.316212 0.023109 0.167504
0.233494 0.118968 0.022350
0.267959 0.125005 0.087296
-0.108584 0.122665 0.125562
-0.099510 0.116650 0.078652
-0.024108 0.125041 0.238627
0.105205 0.125781 0.239798
0.011066 -0.054781 -0.040452
0.204795 -0.041550 0.190502
-0.073570 -0.434099 0.118352
-0.058607 -0.438498 0.147024
0.026802 -0.421062 0.175460
-0.016531 -0.410317 0.221235
-0.056423 -0.413038 0.164877
-0.010689 -0.420317 0.211435
-0.016531 -0.410317 0.221235
0.040850 -0.390689 0.209933
0.023893 -0.409578 0.206410
0.082352 0.925783 0.013295
0.116597 0.814297 0.050378
0.173626 0.801403 0.137708
0.147620 0.784079 0.110152
0.135503 0.996488 0.118952
0.105750 0.979863 0.114818
0.143237 0.780590 0.090242
0.147620 0.784079 0.110152
0.105700 0.141001 -0.024984
0.040535 0.142789 -0.015976
0.320804 0.538963 0.256799
0.308093 0.589897 0.097058
0.298305 0.578838 0.235951
0.283287 0.676705 0.073627
0.305246 0.720372 0.124227
0.197163 0.937164 0.130961
0.117169 0.896814 0.134765
0.334209 0.680540 0.137263
0.285494 0.498657 0.095864
0.229837 0.393683 0.044319
0.058142 0.315563 0.213860
-0.111492 0.100585 0.126182
-0.142215 0.264742 0.122346
-0.073291 0.228833 0.005605
-0.012709 0.327660 0.012142
0.059497 0.311589 0.206533
0.061781 0.301914 -0.013115
-0.164879 -0.242225 0.107558
-0.192429 -0.199428 0.155106
-0.188638 -0.190769 0.154373
-0.193441 -0.206705 0.105355
-0.195059 -0.237240 0.162901
-0.234921 -0.226856 0.105788
-0.245292 -0.239126 0.076097
-0.237423 -0.257509 0.100961
-0.234598 -0.252544 0.094891
-0.250521 -0.248401 0.086354
-0.232535 -0.230757 0.092447
-0.179926 -0.251772 0.104841
-0.198522 -0.254778 0.093213
-0.249145 -0.261460 0.114423
-0.176206 -0.207725 0.148591
-0.195372 -0.240818 0.165994
-0.252216 -0.251302 0.072069
-0.249145 -0.261460 0.114423
-0.237406 -0.209335 0.075923
-0.249601 -0.233971 0.080428
-0.226477 -0.244297 0.075115
-0.163921 -0.241418 0.117350
-0.207167 -0.244985 0.148759
-0.264310 -0.247500 0.074430
-0.211591 -0.239322 0.139604
-0.196427 -0.250510 0.115607
-0.232570 -0.262413 0.105755
-0.259402 -0.268500 0.104904
-0.251379 -0.273202 0.104048
-0.255111 -0.263099 0.127445
-0.183435 -0.247440 0.137688
-0.230323 -0.237503 0.097312
-0.230687 -0.224266 0.056720
-0.231798 -0.206600 0.044667
-0.250733 -0.235926 0.089960
-0.224585 -0.249059 0.139929
-0.243919 -0.250290 0.107707
-0.249428 -0.262633 0.093394
-0.261145 -0.264491 0.120372
-0.268361 -0.257735 0.119102
-0.232241 -0.240995 0.099275
-0.204954 -0.210359 0.147363
-0.203684 -0.215588 0.147667
-0.202377 -0.261213 0.070140
-0.231332 -0.236368 0.089859
-0.209368 -0.222117 0.113566
-0.197701 -0.210097 0.056995
-0.224184 -0.204581 0.043150
-0.230687 -0.224266 0.056720
-0.234890 -0.247753 0.115055
-0.272048 -0.252410 0.094153
-0.210424 -0.256338 0.082573
-0.251702 -0.264408 0.091181
-0.208589 -0.226370 0.150219
-0.196248 -0.243381 0.157969
-0.232855 -0.252622 0.103881
-0.208589 -0.226370 0.150219
0.102835 0.286513 0.103292
0.119149 0.275792 0.110091
0.002095 0.274143 0.132885
-0.004132 0.275620 0.142177
0.035010 0.265316 0.113014
0.027755 0.271411 0.104122
0.081979 0.253969 0.101194
0.093763 0.243497 0.103506
0.096339 0.250794 0.138426
0.087231 0.249181 0.093355
0.102246 0.250942 0.079605
0.115699 0.236799 0.078160
0.105701 0.245317 0.090495
0.115699 0.236799 0.078160
0.117859 0.221574 0.076614
0.115225 0.234819 0.079140
0.129633 0.210002 0.073387
0.109981 0.215246 0.095019
0.080999 0.250548 0.051799
0.001483 0.270518 0.178064
0.028535 0.265813 0.155169
0.015856 0.293051 0.131960
0.009834 0.293364 0.110825
0.079580 0.238076 0.124286
0.094417 0.231369 0.152600
0.091016 0.234476 0.149067
0.083823 0.234703 0.148551
0.120101 0.252883 0.110148
0.058581 0.262551 0.064664
0.077598 0.316448 0.114150
0.100685 0.246296 0.127731
0.015273 0.284387 0.188090
0.133038 0.261761 0.131700
0.125733 0.253079 0.124852
0.117434 0.228826 0.068256
0.113734 0.240592 0.064722
0.129633 0.210002 0.073387
0.129520 0.217052 0.067293
0.111253 0.236770 0.070012
0.151646 0.289380 0.161818
0.018689 0.263894 0.122097
0.115828 0.269026 0.170575
0.098027 0.261328 0.163764
0.100281 0.244601 0.107655
0.119635 0.213559 0.064056
-0.003177 0.278678 0.180151
0.128861 0.214649 0.085822
0.135864 0.210822 0.076930
0.092373 0.247892 0.096378
0.040035 0.279014 0.076638
0.031906 0.283691 0.086770
0.049326 0.301823 0.139378
0.103074 0.243723 0.101800
0.034138 0.266751 0.103115
0.102881 0.270796 0.145892
0.126394 0.159751 0.074497
0.126911 0.166295 0.073577
0.103074 0.243723 0.101800
0.104704 0.239150 0.105142
-0.055632 -0.318895 0.049668
-0.043469 -0.317830 0.037504
0.067626 -0.295727 0.085285
0.055173 -0.336107 0.083169
0.016418 -0.475262 0.042858
-0.003261 -0.520435 0.005516
-0.069115 -0.500293 0.066555
0.066444 -0.555601 0.120031
0.052828 -0.518203 0.142134
-0.070288 -0.514713 0.038284
0.060567 -0.542976 0.128002
0.047751 -0.521774 0.132258
-0.066269 -0.502977 0.046514
0.068818 -0.522774 0.130575
-0.067084 -0.484863 0.076720
-0.047752 -0.448207 0.201589
-0.064722 -0.488790 0.200786
-0.037335 -0.389007 0.114330
-0.067759 -0.506894 0.192949
0.068318 -0.556229 0.134259
-0.080192 -0.530309 0.158622
-0.023502 -0.395151 0.071534
0.074713 -0.560611 0.126225
-0.097579 -0.513396 0.131717
0.066740 -0.554558 0.125068
-0.064715 -0.519883 0.207655
-0.073204 -0.513251 0.200584
-0.004506 0.478836 0.228343
-0.006295 0.483946 0.238704
-0.065800 0.513175 0.250142
-0.076746 0.516138 0.249228
-0.045341 0.523229 0.237667
-0.039550 0.523468 0.226867
-0.088289 0.537636 0.233521
-0.094563 0.523387 0.238396
-0.098355 0.498114 0.227433
-0.088586 0.505622 0.229916
-0.116909 0.523737 0.222932
-0.096409 0.548856 0.177719
-0.074767 0.557348 0.138052
-0.122350 0.514459 0.205482
-0.124059 0.509295 0.181746
-0.117808 0.510890 0.188293
-0.117383 0.538619 0.156914
-0.112370 0.531044 0.198275
-0.113552 0.533025 0.165018
-0.116759 0.516955 0.159322
-0.137015 0.488871 0.166506
-0.132911 0.528628 0.152436
-0.127905 0.530328 0.148259
-0.031985 0.537238 0.190949
-0.113159 0.568625 0.168648
-0.113159 0.523995 0.202812
-0.115982 0.526040 0.209986
-0.121860 0.508401 0.129604
-0.109320 0.559531 0.164464
-0.090393 0.550157 0.168728
-0.131437 0.493330 0.204996
-0.128662 0.495823 0.140254
-0.086078 0.546707 0.207641
-0.041888 0.550062 0.238479
-0.052850 0.550773 0.152297
-0.034574 0.563205 0.139555
-0.125927 0.507885 0.145899
-0.075770 0.546462 0.185272
-0.042579 0.515977 0.254785
-0.035110 0.512710 0.243955
-0.136850 0.518240 0.184519
-0.130671 0.537312 0.137631
-0.141903 0.531619 0.151780
-0.118042 0.516841 0.165877
-0.117446 0.548703 0.147505
-0.112685 0.545832 0.130744
-0.094821 0.524364 0.118625
-0.127404 0.527125 0.191827
-0.115996 0.522092 0.159695
-0.036375 0.489588 0.248373
-0.049035 0.484728 0.235003
-0.068587 0.570734 0.174220
-0.046786 0.540755 0.190486
-0.104471 0.531270 0.189370
-0.048006 0.532120 0.186495
-0.125380 0.531945 0.135323
-0.114180 0.504057 0.213442
-0.118147 0.517363 0.196037
-0.014394 0.540724 0.180760
-0.004624 0.541698 0.163866
-0.124732 0.526979 0.211126
-0.115982 0.526040 0.209986
-0.120930 0.541774 0.129484
-0.145013 0.530088 0.179982
-0.084885 0.556456 0.178993
-0.040560 0.526857 0.182142
-0.048006 0.532120 0.186495
-0.124063 0.535721 0.127646
-0.067943 0.263069 0.275724
0.000303 0.322093 0.269222
0.028075 0.263985 0.243261
-0.094319 0.231436 0.253341
-0.075233 0.232381 0.266948
-0.075515 0.177688 0.196974
-0.054621 0.394262 0.257670
-0.106720 0.392450 0.233603
-0.062629 0.292102 0.249819
-0.033934 0.180231 0.227150
-0.046773 0.229705 0.274106
-0.104604 0.282367 0.221244
0.293290 0.197878 0.132354
0.304809 0.191035 0.192908
0.292320 0.195821 0.213996
0.266860 0.157677 0.112318
0.180387 0.203290 0.241273
0.191802 0.223646 0.244466
0.275851 0.198348 0.128228
0.286598 0.202912 0.122994
0.259746 0.195771 0.238111
0.283237 0.260759 0.207890
0.305478 0.258251 0.156134
0.268130 0.036821 0.165997
0.292941 -0.013300 0.138409
0.254320 -0.009152 0.190893
0.266782 -0.012455 0.205591
0.230282 0.137505 0.209995
0.244326 0.129387 0.207764
0.258489 0.133382 0.185494
0.174716 0.046525 0.231495
0.218902 0.035428 0.212170
0.235670 0.084214 0.253197
0.201504 0.118374 0.254999
0.218285 0.074298 0.252336
0.189384 0.103977 0.257594
0.224512 0.102691 0.249459
0.204617 0.118426 0.238277
0.178787 0.041572 0.235510
0.228490 0.082972 0.248160
0.217638 0.066976 0.259526
0.234639 0.091168 0.240339
0.248194 0.102084 0.237133
0.262012 0.110241 0.244351
0.252706 0.097777 0.234031
0.267347 0.128209 0.184026
0.284921 -0.030944 0.153373
0.283100 -0.039441 0.168761
0.331776 -0.005886 0.168534
0.322017 -0.028651 0.193339
0.174716 0.046525 0.231495
0.233801 -0.358756 0.023385
0.236953 -0.371354 0.044433
0.072075 -0.090994 -0.018510
0.192593 -0.210760 0.049489
0.414470 -0.209876 0.132093
0.334927 -0.166511 0.041339
0.377814 -0.162897 0.030427
0.437736 -0.155761 0.027341
0.320719 -0.081604 0.201590
0.307499 -0.113458 0.169357
0.299496 -0.028652 0.207357
0.417428 -0.121608 0.049621
0.249400 0.031114 0.098029
0.012201 -0.132209 -0.002233
0.089575 -0.180690 -0.007387
0.152224 -0.178300 0.004069
0.350253 -0.163638 0.101593
0.352864 -0.181467 0.084655
0.216481 -0.223467 0.091043
0.387219 -0.187734 0.109155
0.292608 -0.307204 0.146210
0.248984 -0.212765 0.113664
0.042398 -0.417980 0.204111
0.272605 -0.010028 0.214595
0.314905 0.021644 0.200945
0.317164 0.031510 0.185334
-0.080238 -0.404539 0.126261
-0.207965 -0.312850 0.136701
-0.181251 -0.334523 0.139739
-0.087113 -0.194474 0.056987
-0.156089 -0.118104 0.202382
-0.150630 -0.156925 0.127522
-0.171417 -0.185851 0.113532
-0.149186 -0.195144 0.203803
-0.020357 -0.417281 0.202949
-0.014743 -0.390160 0.207711
0.059877 -0.450214 0.191333
0.271546 0.069638 0.084975
-0.137706 -0.119748 0.139379
0.182892 -0.203075 0.043755
0.174955 -0.177482 0.047881
0.354552 -0.168453 0.098227
0.341105 -0.151948 0.067935
0.282413 -0.298875 0.154598
0.292608 -0.307204 0.146210
0.269818 0.003761 0.161960
0.293728 0.018549 0.147855
0.224457 0.119249 0.190276
0.105649 0.123710 0.239976
-0.083412 0.124605 0.216060
-0.024352 0.124744 0.238654
0.099037 0.090986 0.203644
0.028980 0.092918 0.205805
0.017349 -0.085662 -0.034773
-0.017506 -0.134084 -0.014900
-0.050199 -0.414390 0.121992
0.027932 -0.409980 0.193165
0.006470 -0.414465 0.187496
0.079435 -0.429477 0.103500
0.075568 -0.446895 0.119089
-0.181251 -0.334523 0.139739
-0.122560 -0.372086 0.149192
-0.066326 -0.411513 0.120362
0.212954 0.015306 -0.010549
0.221571 0.055843 -0.006356
0.036406 -0.399376 0.201220
0.039753 -0.425107 0.208313
-0.045330 -0.449515 0.064575
-0.071220 -0.445167 0.089971
0.023895 -0.409608 0.206335
0.036406 -0.399376 0.201220
0.031557 0.958265 0.045062
0.049409 0.911237 0.051752
0.141974 0.840233 0.028193
0.087018 0.892300 0.032236
0.193377 0.880746 0.093354
0.216153 0.943633 0.093484
0.051815 0.971399 0.090933
0.192430 0.855486 0.129552
0.037980 0.963855 0.075375
0.177018 0.802791 0.129076
0.236789 0.371075 0.238417
0.169589 0.283928 0.249761
0.246515 0.102893 0.167782
0.250401 0.100604 0.140901
0.384673 0.534120 0.112703
0.218555 0.376065 0.034323
0.229286 0.393519 0.045892
0.308076 0.589885 0.097040
0.228950 0.473282 0.211939
0.174193 0.396298 0.198431
0.282635 0.672420 0.207313
0.309926 0.655111 0.199196
0.152558 0.659476 0.129999
0.081241 0.866168 0.040900
0.074144 0.865220 0.061282
0.106720 0.764148 0.102873
0.089392 0.879141 0.120138
0.117812 0.895654 0.133979
0.164353 0.920416 0.137995
0.196549 0.933574 0.125622
-0.051325 0.336686 0.253759
-0.044938 0.316083 0.251123
-0.039059 0.107164 0.034206
-0.022242 0.458984 0.255802
-0.031428 0.521466 0.258117
0.044640 0.121319 0.020963
0.005884 0.494394 0.134110
0.010297 0.505321 0.151333
0.067632 0.319914 0.038872
0.061507 0.301919 -0.011723
0.044640 0.121319 0.020963
0.104187 0.111524 0.005470
-0.168338 -0.197617 0.110324
-0.199617 -0.184252 0.145995
-0.192056 -0.164200 0.104590
-0.189853 -0.202071 0.106482
-0.203264 -0.225475 0.154831
-0.196288 -0.243368 0.157995
-0.234924 -0.226863 0.105811
-0.235104 -0.228652 0.065815
-0.232111 -0.240939 0.089828
-0.243919 -0.250289 0.107706
-0.227761 -0.254936 0.118155
-0.243247 -0.257313 0.086332
-0.241475 -0.255670 0.095273
-0.252565 -0.250174 0.081824
-0.250967 -0.260778 0.093351
-0.232441 -0.230693 0.092509
-0.226727 -0.264765 0.129548
-0.244532 -0.260914 0.094326
-0.232505 -0.202884 0.060698
-0.221670 -0.250698 0.128710
-0.184977 -0.163827 0.126984
-0.233193 -0.265345 0.116463
-0.246146 -0.207957 0.047523
-0.241443 -0.204172 0.046752
-0.262832 -0.266328 0.106598
-0.240910 -0.269186 0.085412
-0.223622 -0.196325 0.071974
-0.246889 -0.261385 0.099270
-0.260882 -0.255953 0.114536
-0.249167 -0.261531 0.114398
-0.226885 -0.193457 0.063518
-0.249547 -0.233982 0.080427
-0.222817 -0.258093 0.157019
-0.234936 -0.201253 0.070254
-0.228403 -0.214611 0.094883
-0.163390 -0.219727 0.103935
-0.232971 -0.262642 0.151456
-0.229962 -0.271147 0.103793
-0.199715 -0.203010 0.104896
-0.259487 -0.256901 0.078570
-0.260987 -0.252784 0.082043
-0.171156 -0.164500 0.113839
-0.213398 -0.202161 0.095664
-0.235061 -0.264224 0.108494
-0.232573 -0.262357 0.105769
-0.270047 -0.257002 0.103104
-0.213139 -0.247652 0.142486
-0.172062 -0.229345 0.132710
-0.236070 -0.216296 0.079683
-0.230385 -0.237500 0.097359
-0.204282 -0.185962 0.100973
-0.217240 -0.206922 0.043691
-0.224233 -0.204623 0.043236
-0.229640 -0.227907 0.068573
-0.203264 -0.225475 0.154831
-0.202803 -0.211048 0.053091
-0.219019 -0.252325 0.137666
-0.252120 -0.257501 0.103743
-0.228859 -0.216525 0.059797
-0.227745 -0.241934 0.100283
-0.233462 -0.238268 0.098241
-0.166738 -0.187838 0.120282
-0.166320 -0.198140 0.121967
-0.272644 -0.252031 0.110465
-0.280926 -0.249276 0.108324
-0.181649 -0.155563 0.118432
-0.173996 -0.165653 0.125686
-0.234631 -0.252457 0.094786
-0.163921 -0.241418 0.117350
-0.171765 -0.219861 0.077323
-0.180266 -0.228156 0.065756
-0.225051 -0.212970 0.060348
-0.244675 -0.234882 0.082280
-0.195403 -0.240718 0.165777
-0.207239 -0.208726 0.048053
-0.211768 -0.207458 0.045659
-0.239291 -0.234753 0.096660
-0.244426 -0.202629 0.049172
-0.210838 -0.249534 0.144235
-0.218906 -0.231984 0.146955
-0.231777 -0.206544 0.044771
-0.235223 -0.251719 0.096639
-0.235223 -0.251719 0.096639
-0.208589 -0.226370 0.150219
-0.250693 -0.239106 0.080989
-0.238494 -0.254543 0.094675
-0.233462 -0.238268 0.098241
-0.203264 -0.225475 0.154831
-0.208589 -0.226370 0.150219
-0.249547 -0.233982 0.080427
-0.235459 -0.236939 0.085932
-0.241475 -0.255670 0.095273
0.056461 0.296904 0.172916
-0.000101 0.262428 0.147934
0.023497 0.261788 0.185528
0.047356 0.273786 0.150703
0.026928 0.281520 0.092705
0.039757 0.282626 0.088173
0.093763 0.243497 0.103506
0.120712 0.236368 0.125160
0.121066 0.226464 0.139594
0.103356 0.241710 0.111045
0.102121 0.243265 0.104540
0.095587 0.248679 0.090996
0.108645 0.230608 0.104983
0.115619 0.250641 0.072068
0.108559 0.241067 0.085251
0.115699 0.236799 0.078160
0.114634 0.230849 0.091554
0.128998 0.214795 0.072727
0.135864 0.210822 0.076930
0.115907 0.216308 0.098556
0.135124 0.203143 0.076812
0.096065 0.253403 0.059604
0.080999 0.250548 0.051799
0.105088 0.292229 0.106885
0.112770 0.240012 0.080850
0.028318 0.296489 0.165001
0.096165 0.239771 0.070862
0.113907 0.241163 0.138602
0.009834 0.293364 0.110825
0.111896 0.231772 0.065189
0.094619 0.239372 0.109983
0.127774 0.234190 0.092911
0.094417 0.231369 0.152600
0.097919 0.236971 0.070510
0.110831 0.226165 0.104769
0.105088 0.292229 0.106885
0.096402 0.307333 0.170466
0.137069 0.181265 0.063708
0.138225 0.199722 0.066446
0.108722 0.259266 0.073301
0.111664 0.250497 0.074724
0.121461 0.223862 0.085296
0.126095 0.219075 0.091698
0.086169 0.285090 0.096110
0.088578 0.241140 0.151172
0.101811 0.274707 0.088782
0.096165 0.239771 0.070862
0.138861 0.289896 0.176349
0.135928 0.296916 0.178938
0.104524 0.206901 0.071195
0.109948 0.218436 0.071136
0.064998 0.287403 0.181771
0.127240 0.231319 0.093232
0.106734 0.242730 0.069265
0.151428 0.286150 0.165878
0.096824 0.303571 0.106821
0.128797 0.231624 0.156857
0.129930 0.234513 0.152009
0.027755 0.271411 0.104122
0.096517 0.259680 0.121793
0.094816 0.255788 0.124593
0.096460 0.229040 0.155430
0.105432 0.233089 0.076919
0.106678 0.221501 0.075648
0.090896 0.246248 0.154683
0.109111 0.260599 0.145071
0.115132 0.171970 0.066851
0.118679 0.168013 0.065598
0.054578 0.271524 0.069600
0.139027 0.204882 0.073064
0.124690 0.218146 0.066228
0.111395 0.282901 0.107564
0.096897 0.227166 0.152475
0.096970 0.227103 0.148597
0.145053 0.287162 0.172330
0.105701 0.245317 0.090495
0.102044 0.247446 0.093929
0.138861 0.289896 0.176349
0.135928 0.296916 0.178938
0.097919 0.236971 0.070510
0.108645 0.230608 0.104983
0.121105 0.240914 0.075276
0.075572 0.291446 0.179353
0.110102 0.262334 0.167781
0.038566 0.288783 0.086262
0.036413 0.300140 0.153503
0.056864 0.277915 0.088848
0.124214 0.217557 0.069610
0.104163 0.236721 0.106455
0.120478 0.235749 0.073307
0.049585 0.271341 0.087186
0.066822 0.268589 0.079562
0.098127 0.247318 0.087549
0.116435 0.257909 0.167117
0.100044 0.241701 0.106633
0.108541 0.227691 0.068078
0.109689 0.227966 0.064664
0.104704 0.239150 0.105142
0.112790 0.244660 0.075972
0.124214 0.217557 0.069610
0.110831 0.226165 0.104769
0.015856 0.293051 0.131960
0.031906 0.283691 0.086770
0.066589 -0.364629 0.166120
0.048651 -0.356585 0.185381
0.055214 -0.336089 0.083069
0.033176 -0.611863 0.013471
0.041623 -0.393928 0.071746
0.051023 -0.535350 0.142771
-0.058126 -0.499848 0.044367
0.073880 -0.540583 0.122494
-0.060027 -0.516032 0.043331
-0.070319 -0.514739 0.038367
-0.065417 -0.524647 0.050180
-0.067522 -0.519084 0.057457
0.047010 -0.521043 0.148725
0.053479 -0.516608 0.130041
-0.069255 -0.500286 0.066521
-0.064189 -0.507319 0.067725
0.053111 -0.518228 0.142194
-0.050397 -0.516726 0.201838
-0.063061 -0.493933 0.046304
-0.008246 -0.512842 0.200333
0.032580 -0.627821 0.024549
-0.067021 -0.532213 0.032049
0.050255 -0.351405 0.081461
0.076699 -0.525976 0.122465
-0.083734 -0.540218 0.159209
0.075797 -0.553227 0.120580
-0.011733 -0.640724 0.028321
0.008644 -0.650092 0.044055
0.068589 -0.555987 0.134374
0.056394 -0.545233 0.138125
-0.057280 -0.515663 0.202809
-0.050397 -0.516726 0.201838
0.006555 -0.529394 0.193285
0.033847 -0.432824 0.058956
-0.076922 -0.536172 0.045703
-0.073602 -0.534117 0.056382
-0.059916 -0.518235 0.048591
-0.042584 -0.480788 0.056609
-0.067955 -0.526629 0.026923
0.081940 -0.548665 0.119697
-0.061336 -0.480805 0.197275
-0.073234 -0.477313 0.182368
-0.057280 -0.515663 0.202809
-0.030888 -0.476104 0.050638
-0.081780 -0.537639 0.157947
-0.077052 -0.517793 0.199903
-0.072234 -0.517750 0.206130
-0.070851 -0.508215 0.186366
-0.066854 -0.513041 0.188056
-0.029546 0.493533 0.251248
-0.025277 0.499067 0.250997
-0.072696 0.518074 0.248004
-0.022390 0.535454 0.230770
-0.082589 0.531402 0.244653
-0.098362 0.498115 0.227436
-0.088586 0.505622 0.229916
-0.116912 0.523760 0.222911
-0.083286 0.542208 0.187874
-0.073805 0.536906 0.195870
-0.055152 0.542968 0.177358
-0.112387 0.531041 0.198301
-0.115772 0.517643 0.199457
-0.125195 0.496774 0.174540
-0.122346 0.514566 0.205422
-0.117816 0.510913 0.188302
-0.118952 0.520402 0.186605
-0.118444 0.534174 0.191329
-0.125928 0.532347 0.129841
-0.141903 0.531619 0.151780
-0.124873 0.523463 0.134487
-0.141903 0.531619 0.151780
-0.132632 0.495936 0.174593
-0.137015 0.488871 0.166506
-0.139601 0.495458 0.185060
-0.125896 0.507878 0.145885
-0.127704 0.510949 0.158790
-0.038808 0.558123 0.153906
-0.058638 0.546279 0.168293
-0.017641 0.521855 0.230513
-0.121509 0.510099 0.187030
-0.029280 0.530684 0.228702
-0.034298 0.570661 0.116892
-0.038721 0.568063 0.111597
-0.045826 0.545573 0.150816
-0.090048 0.482902 0.219121
-0.088891 0.483516 0.236407
-0.147763 0.520022 0.177573
-0.115242 0.523285 0.127930
-0.121793 0.508378 0.129645
-0.116047 0.526121 0.209998
-0.057264 0.570401 0.173214
-0.109305 0.559488 0.164375
-0.103688 0.552482 0.159436
-0.087555 0.443274 0.164940
-0.109801 0.468910 0.139727
0.013377 0.509499 0.186645
0.006963 0.507918 0.199250
-0.075770 0.546462 0.185272
-0.030612 0.551308 0.232878
-0.041792 0.549918 0.238396
-0.026371 0.530574 0.243802
-0.115718 0.518357 0.213503
-0.117840 0.518134 0.193480
-0.035110 0.512710 0.243955
0.015946 0.508158 0.161462
-0.001422 0.537199 0.186888
-0.127877 0.531193 0.152410
-0.118038 0.516852 0.165875
-0.119418 0.556424 0.134113
-0.117352 0.548659 0.147407
-0.122105 0.521609 0.186222
-0.078027 0.526444 0.252215
-0.062504 0.571971 0.172831
-0.057264 0.570401 0.173214
-0.115927 0.522035 0.159655
-0.070303 0.536589 0.193949
-0.059974 0.534056 0.194899
-0.130539 0.528373 0.151885
-0.132905 0.528624 0.152435
-0.062504 0.571971 0.172831
-0.141903 0.531619 0.151780
-0.018899 0.553642 0.209987
-0.055900 0.534838 0.191629
-0.125380 0.531945 0.135323
-0.138334 0.525626 0.135870
0.014826 0.505836 0.156130
-0.136853 0.518211 0.184493
-0.083580 0.523600 0.251415
-0.106458 0.531652 0.198437
-0.094563 0.523387 0.238396
-0.088289 0.537636 0.233521
-0.117917 0.519316 0.191867
-0.112631 0.519700 0.186717
-0.114114 0.520534 0.188663
-0.037663 0.484069 0.115666
-0.118277 0.517477 0.196013
-0.048271 0.478606 0.135550
-0.102945 0.534584 0.191811
-0.130671 0.537312 0.137631
-0.127877 0.531193 0.152410
-0.113717 0.518891 0.181455
-0.124063 0.535721 0.127646
-0.118726 0.519415 0.155937
-0.067941 0.263074 0.275717
-0.081044 0.323179 0.284697
0.000693 0.284501 0.264033
0.028212 0.263987 0.243387
-0.101932 0.229299 0.216891
0.000249 0.277921 0.249944
-0.114115 0.230031 0.190144
-0.114492 0.230120 0.177187
-0.115960 0.240133 0.179046
-0.119038 0.266173 0.181387
-0.066929 0.276100 0.236634
-0.064923 0.311533 0.235905
-0.030099 0.231604 0.276280
-0.030386 0.231452 0.272589
0.013427 0.258904 0.250826
-0.106820 0.230175 0.197641
0.199794 0.217206 0.242533
0.353592 0.352257 0.159061
0.339790 0.355075 0.187072
0.294948 0.194722 0.159398
0.266860 0.157677 0.112318
0.259848 0.148516 0.119466
0.316220 0.253371 0.121894
0.331584 0.287828 0.124197
0.183392 0.161495 0.230967
0.180728 0.171924 0.235542
0.212983 0.251340 0.249761
0.202526 0.237881 0.248265
0.206015 0.245274 0.246787
0.290225 0.197635 0.141290
0.281931 -0.011041 0.209444
0.233394 0.069178 0.232316
0.254326 -0.009148 0.190916
0.291886 -0.017135 0.210734
0.224225 0.133255 0.212691
0.230446 0.137354 0.209978
0.258483 0.133278 0.185468
0.194634 0.021505 0.216557
0.227489 0.013103 0.236352
0.221040 0.030830 0.235641
0.201336 0.118254 0.255313
0.181021 0.120261 0.247024
0.226385 0.103064 0.241181
0.233140 0.117988 0.256666
0.240478 0.113325 0.239861
0.174917 0.039478 0.223095
0.257402 0.126544 0.238664
0.219729 0.037602 0.225064
0.219049 0.035310 0.212434
0.233311 0.077902 0.272187
0.235404 0.084502 0.252763
0.253443 0.096675 0.259942
0.252702 0.097778 0.234032
0.270782 0.115013 0.237964
0.263441 0.108164 0.218870
0.249186 0.104944 0.233957
0.274795 0.133407 0.209333
0.266459 0.119043 0.214081
0.296449 0.033085 0.158009
0.296221 0.021138 0.152164
0.286051 -0.041607 0.180064
0.295411 -0.042277 0.193499
0.300402 -0.027283 0.201042
0.322485 -0.022968 0.183963
0.317294 -0.028809 0.188650
0.322485 -0.022968 0.183963
0.317294 -0.028809 0.188650
0.216696 -0.321944 0.155317
0.231604 -0.319035 0.150809
0.212970 -0.371790 0.030544
0.196959 -0.381489 0.037213
0.212970 -0.371790 0.030544
0.176880 -0.391414 0.047700
0.185138 -0.272241 -0.007440
0.180188 -0.249966 0.000611
0.333412 -0.166496 0.112417
0.329445 -0.169548 0.082210
0.354538 -0.168441 0.098226
0.317646 -0.134326 0.086895
0.320694 -0.081709 0.201679
0.312055 -0.116202 0.103372
0.373923 -0.043235 0.160151
0.276645 -0.056763 0.150777
0.347533 -0.184351 0.065688
0.341317 -0.175461 0.060711
0.012194 -0.132202 -0.002236
0.048547 -0.421469 0.046752
0.300140 -0.179737 0.124175
0.279710 -0.203505 0.113096
0.387219 -0.187734 0.109155
0.249037 -0.212825 0.113622
0.215394 -0.223203 0.091232
0.272586 -0.009996 0.214352
0.316729 0.031110 0.185575
0.317318 -0.013897 0.204777
-0.179222 -0.199386 0.138302
-0.157454 -0.173231 0.119357
-0.058352 -0.189189 0.043567
-0.044473 -0.200707 0.011198
-0.253835 -0.237739 0.089683
-0.245865 -0.232938 0.066854
-0.055440 -0.405497 0.070448
-0.171495 -0.185680 0.113287
-0.160662 -0.204210 0.169845
-0.163855 -0.201528 0.165604
-0.014743 -0.390160 0.207711
0.099858 -0.164374 0.266233
0.120815 -0.083909 0.262631
-0.182662 -0.189263 0.126156
-0.176777 -0.202372 0.099068
-0.185990 -0.205756 0.090430
0.387219 -0.187734 0.109155
0.414470 -0.209876 0.132093
0.282413 -0.298875 0.154598
0.281151 -0.018021 0.206932
0.319589 0.018829 0.181819
0.281151 -0.018021 0.206932
0.290528 -0.010480 0.210202
0.268047 0.124054 0.087717
0.278408 0.124862 0.126514
0.142630 0.122850 0.252447
0.115360 0.117640 0.267373
0.001526 0.119026 -0.015816
-0.033328 0.118248 -0.004364
-0.119710 0.120292 0.072485
0.255715 0.119709 0.149304
0.240930 0.120097 0.172994
0.015010 0.094999 0.038125
-0.007158 0.093846 0.050219
0.224704 -0.291296 0.151807
-0.118545 0.086789 0.086109
-0.089614 0.000067 0.182949
-0.106281 -0.035234 0.173640
-0.182927 -0.204961 0.117860
-0.037709 -0.428759 0.175605
-0.058607 -0.438498 0.147024
-0.058607 -0.438498 0.147024
-0.073570 -0.434099 0.118352
0.053226 -0.445215 0.157929
0.065271 -0.454086 0.124417
-0.015007 -0.423888 0.058575
-0.080004 -0.404000 0.125939
-0.040275 -0.408422 0.167333
0.062878 -0.458309 0.097759
-0.010689 -0.420317 0.211435
-0.020360 -0.417279 0.202902
-0.077043 -0.452487 0.144472
-0.067866 -0.448784 0.162376
0.021489 -0.199155 0.008629
0.227486 0.087819 0.011622
0.232016 0.118210 0.024672
-0.010689 -0.420317 0.211435
-0.016531 -0.410317 0.221235
-0.045075 -0.449137 0.065203
-0.071220 -0.445167 0.089971
-0.185951 -0.173165 0.112488
0.036302 -0.415509 0.200331
0.027936 -0.409978 0.193161
0.038053 0.959910 0.030208
0.048861 0.963094 0.018844
0.237572 1.051162 0.033946
0.121790 0.800629 0.082778
0.111651 0.817382 0.081201
0.193377 0.880746 0.093354
0.210280 0.861816 0.093469
0.183970 1.023499 0.018813
0.158598 0.996458 0.019880
0.106830 0.980087 0.111971
0.122149 0.985983 0.113892
0.277227 1.065281 0.066385
0.177018 0.802791 0.129076
0.191281 0.808415 0.123926
0.167024 0.294649 0.240368
0.073459 0.116810 0.013173
0.286485 0.237659 0.170269
0.259405 0.182557 0.175901
0.298635 0.579524 0.234104
0.131952 0.326773 0.190753
0.104253 0.112008 0.005842
0.124883 0.314502 0.185107
0.131952 0.326773 0.190753
0.255349 0.522148 0.225983
0.262733 0.535335 0.234041
0.288099 0.563895 0.233262
0.283320 0.676862 0.073972
0.284075 0.750076 0.082986
0.166781 0.675164 0.170588
0.182392 0.694184 0.063093
0.186290 0.723326 0.046775
0.106736 0.764146 0.102871
0.120601 0.778179 0.147109
0.075583 0.867810 0.080875
0.155486 0.778325 0.175652
0.185280 0.734344 0.183636
0.253617 0.656159 0.218693
0.274637 0.644918 0.222816
0.098332 0.314756 0.140413
0.112072 0.306808 0.176107
0.183508 0.913608 0.042580
0.161546 0.899405 0.022878
0.031181 0.461557 0.151794
0.049318 0.120402 0.240713
-0.108540 0.102580 0.126019
-0.106145 0.102359 0.099744
-0.069911 0.229224 0.009047
-0.092428 0.220470 0.032232
0.010297 0.505321 0.151333
0.012577 0.508960 0.189842
0.014059 0.452842 0.219124
-0.063725 0.372907 0.036834
-0.083030 0.318656 0.039085
0.021961 0.122944 0.235973
0.042763 0.290677 0.225956
0.059518 0.308987 0.205735
-0.095764 0.102763 0.075935
-0.081442 0.103624 0.057892
195 198
150 152
188 192
200 201
163 171
184 187
2561 2567
196 197
360 361
166 167
199 202
162 165
2461 2462
2594 2596
230 231
244 245
181 191
172 173
2428 2429
42 53
153 154
222 223
202 203
155 156
2823 2824
2775 2791
149 151
161 164
2593 2595
228 229
2467 2468
81 82
554 555
314 315
39 58
55 56
2445 2454
46 48
2430 2431
2409 2410
2450 2451
334 335
2579 2580
2562 2563
5 6
578 579
193 194
2568 2569
2589 2590
2605 2606
2820 2821
2789 2790
3138 3139
1100 1101
182 183
2456 2457
290 291
2802 2803
3120 3129
2512 2516
2400 2401
3184 3187
49 54
2825 2826
3728 3732
189 190
2415 2416
3172 3173
3731 3733
3111 3112
2448 2449
292 293
2602 2604
3146 3147
2764 2765
2513 2515
2395 2396
2756 2767
2446 2447
2 3
2724 2725
129 136
2463 2464
130 132
133 134
2094 2095
3176 3179
2465 2466
2766 2767
1214 1215
1388 1389
3180 3181
2414 2420
294 295
2519 2533
2543 2544
2813 2815
2599 2600
2572 2575
2817 2818
7 8
206 207
2547 2548
2566 2567
2075 2076
2510 2511
2440 2441
2444 2451
2438 2439
167 168
3194 3197
2757 2792
2735 2736
2549 2550
2545 2546
3648 3649
147 148
2826 2828
212 213
14 23
224 225
2403 2404
2601 2603
2442 2443
2406 2407
3623 3636
3121 3124
159 160
3164 3165
2408 2412
52 66
2710 2712
3093 3104
40 41
2394 2399
2402 2405
2785 2786
3726 3727
128 131
284 285
2534 2535
3621 3624
2099 2100
2683 2684
175 176
177 178
2436 2437
3151 3152
3142 3143
3742 3750
2488 2492
45 47
312 313
3041 3042
157 158
2796 2797
3714 3719
87 88
3627 3690
318 319
2486 2487
2433 2434
61 62
2509 2514
336 337
3166 3167
185 186
288 289
2810 2811
2577 2578
31 33
3628 3685
2726 2727
2086 2087
30 32
37 43
296 297
214 215
252 253
1424 1425
338 339
2770 2771
3105 3106
1228 1229
2424 2425
2411 2413
3140 3141
3195 3196
2677 2685
3144 3145
2452 2453
3063 3064
3202 3203
3542 3543
2949 2950
2080 2081
3716 3717
2584 2586
38 44
2675 2682
2216 2317
18 19
220 221
352 353
2459 2460
2780 2781
1533 1534
2702 2709
35 36
79 80
2676 2681
2641 2650
2597 2598
2698 2699
2489 2505
286 287
3655 3671
2517 2518
103 105
2145 2146
174 180
2663 2664
3751 3752
2581 2582
3683 3684
3046 3047
2734 2737
2570 2571
9 10
3061 3062
2204 2205
27 28
2686 2687
2728 2729
2426 2427
2470 2479
2762 2763
2591 2592
3169 3171
2455 2458
1478 1479
179 180
3200 3201
3004 3005
3734 3735
3702 3711
118 145
3297 3354
2474 2480
3052 3055
1274 1275
2673 2674
2228 2229
320 321
2397 2398
3048 3051
2139 2140
2714 2715
92 98
3045 3049
2527 2536
2419 2423
3647 3684
2816 2819
2476 2484
3162 3163
169 170
2812 2814
2749 2750
123 124
2648 2649
1464 1465
342 343
2083 2096
2776 2777
618 619
3094 3109
2167 2182
3070 3071
76 77
3397 3398
1410 1411
3072 3073
1545 1546
478 479
2787 2788
2996 3034
67 68
2795 2800
1404 1405
74 78
20 21
1398 1399
3099 3100
2117 2118
216 217
3040 3043
1635 1636
16 17
135 137
2564 2565
2531 2538
3103 3128
2573 2574
3643 3682
3098 3102
2962 2966
2618 2619
69 70
2918 2925
2730 2731
3613 3614
2162 2207
1996 1998
458 459
384 385
3096 3097
2758 2761
664 665
2163 2196
2079 2082
2960 2961
2529 2540
89 106
3298 3299
2551 2552
2732 2733
476 477
580 581
2621 2623
2477 2478
1667 1668
2878 2879
2541 2542
2526 2539
13 15
2988 2989
2773 2774
2947 2948
3492 3493
1649 1650
1737 1738
2843 2844
2490 2494
464 465
3095 3110
3653 3654
3573 3590
3074 3075
3632 3633
3403 3432
2804 2805
3154 3155
3296 3332
648 649
2700 2704
2768 2769
143 144
2680 2686
1931 1970
2915 2937
2473 2475
3054 3060
2587 2588
2738 2739
238 239
3660 3661
2432 2435
64 65
3673 3674
2421 2422
0 1
3544 3545
828 829
2143 2144
3619 3631
1693 1694
340 341
2248 2301
354 355
3738 3739
2313 2314
1370 1371
2236 2262
3748 3749
358 359
304 305
2642 2643
1212 1213
208 209
34 63
3122 3123
2175 2179
280 281
1587 1588
1238 1239
1450 1451
3206 3207
2198 2199
3564 3565
2741 2742
2211 2391
2346 2347
416 417
140 141
2521 2522
3707 3708
3639 3640
3132 3133
266 267
2740 2753
3190 3191
93 94
3676 3677
592 593
3680 3681
3664 3665
2147 2201
91 127
436 437
3158 3159
2559 2560
2469 2477
3127 3157
310 311
1184 1185
3695 3696
2965 2968
3666 3672
2754 2755
1707 1708
250 251
1687 1688
824 825
660 661
2905 2906
3188 3189
1288 1289
3552 3553
316 317
2668 2669
1244 1245
83 84
2984 3001
258 259
3088 3089
1472 1473
2178 2194
616 617
1048 1049
242 243
1569 1570
2713 2722
2528 2532
3118 3119
1537 1538
2806 2807
2016 2017
2652 2653
210 211
396 397
740 741
2172 2173
300 301
3729 3730
1454 1455
268 269
3101 3114
3746 3747
1941 1965
1865 1885
3691 3692
204 205
3182 3183
3504 3520
282 283
3572 3574
3629 3630
270 271
236 237
350 351
1713 1714
764 765
886 887
1108 1109
2110 2111
306 307
2745 2748
1416 1417
1701 1702
3740 3741
2164 2165
278 279
2793 2794
3678 3679
644 645
2695 2697
2203 2208
1270 1271
2222 2223
1723 1724
2530 2537
928 929
3715 3720
3754 3755
1222 1223
634 635
1210 1211
3315 3316
59 60
3662 3663
3205 3224
3136 3137
108 109
672 673
3559 3560
3009 3026
344 345
326 327
1860 1901
2188 2189
768 769
842 843
444 445
1527 1528
562 563
1637 1638
2109 2136
3617 3618
96 122
2916 2940
3017 3018
2875 2876
1757 1758
972 973
640 641
2492 2496
2392 2393
2658 2665
2624 2628
1386 1387
486 487
2902 2903
498 499
3585 3593
2068 2069
2576 2583
3044 3050
2580 2585
2520 2525
348 349
3016 3020
748 749
1168 1169
346 347
3558 3570
710 711
482 483
232 233
668 669
3578 3598
382 383
3364 3380
1811 1831
2092 2093
2612 2625
2003 2008
2904 2914
2992 3003
2090 2091
2640 2659
1326 1327
470 471
3458 3482
1310 1311
1336 1337
3125 3126
560 561
2088 2089
322 323
1543 1544
3667 3668
2264 2265
3743 3753
1825 1830
1160 1161
3076 3077
99 100
2651 2670
3300 3324
624 625
3399 3400
1164 1165
2849 2877
2839 2847
3579 3587
2158 2159
1669 1670
2014 2033
750 751
706 707
3425 3426
2706 2707
1767 1768
1573 1574
1470 1471
2471 2472
762 763
2294 2345
3174 3175
3475 3476
1384 1385
1194 1195
2077 2078
430 431
3130 3131
1246 1247
2555 2556
542 543
2155 2156
1374 1375
2009 2043
866 867
2638 2665
2166 2174
2084 2085
15 95
1128 1129
2759 2760
446 447
978 979
666 667
1268 1269
138 139
438 439
3744 3745
600 601
1086 1087
3550 3551
472 473
1352 1353
1230 1231
650 651
1607 1608
528 529
848 849
2557 2558
2990 3025
2481 2485
2507 2508
1296 1297
378 379
1302 1303
356 357
2148 2149
2854 2859
1719 1720
988 989
794 795
71 73
72 75
12 22
2250 2333
2800 2801
414 415
2376 2377
3006 3007
2616 2633
890 891
792 793
2924 2930
3705 3706
2303 2371
874 875
412 413
3669 3670
1655 1656
1008 1009
1585 1586
1026 1027
2955 2956
1408 1409
1541 1542
1256 1257
3620 3622
1777 1778
1699 1700
276 277
452 453
256 257
3053 3054
324 325
1142 1143
2909 2912
814 815
434 435
3091 3092
3107 3108
1284 1285
246 247
3641 3642
2926 2939
1414 1415
2123 2124
2221 2306
2342 2343
2154 2200
896 897
2666 2667
2746 2747
420 421
1567 1568
3615 3616
3736 3737
2834 2863
2013 2015
816 817
1539 1540
50 51
642 643
684 685
704 705
3496 3521
2129 2130
1486 1797
3149 3150
370 371
1480 1481
1434 1435
782 783
308 309
2832 2874
3312 3390
1328 1329
1820 1821
3056 3057
3204 3239
3177 3178
2611 2626
1300 1301
2613 2632
2491 2498
3469 3522
3418 3431
982 983
1843 1871
558 559
1294 1295
3533 3535
636 637
3547 3556
492 493
522 523
546 547
998 999
1661 1662
460 461
1452 1453
3756 3757
632 633
2838 2873
1330 1331
1769 1770
2121 2122
1242 1243
440 441
226 227
2247 2324
1929 1944
1851 1868
1765 1766
1312 1313
448 449
1366 1367
2671 2672
2743 2744
3147 3148
808 809
548 549
1484 1485
2716 2717
1857 1859
1082 1083
2105 2106
1372 1373
2636 2637
1216 1217
3079 3080
2882 2883
1064 1065
1603 1604
1855 1856
602 603
778 779
1000 1001
1158 1159
330 331
960 961
3023 3036
2025 2048
1673 1674
3168 3170
596 597
2840 2841
1565 1566
1677 1678
1120 1121
1396 1397
1489 1490
450 451
674 675
766 767
1932 1933
1226 1227
2689 2708
3582 3583
1220 1221
918 919
3002 3028
1050 1051
125 126
2907 2908
1715 1716
2225 2259
798 799
2678 2679
2157 2170
107 117
57 104
2523 2524
3192 3193
1709 1710
240 241
1250 1251
392 393
1521 1522
2115 2116
1322 1323
3185 3186
1493 1494
916 917
1969 1982
1751 1752
1645 1646
3637 3675
2833 2885
274 275
3229 3241
696 697
910 911
1952 1953
1873 1874
2861 2862
2417 2418
2553 2554
3650 3697
2983 3000
1924 1983
2054 2070
752 753
882 883
3506 3509
1939 1940
1847 1872
1926 1951
3251 3272
2291 2292
2837 2881
1497 1498
3323 3361
1641 1642
390 391
2097 2098
1460 1461
1509 1510
2917 2931
1807 1808
3198 3199
2180 2181
298 299
2495 2506
846 847
1805 1806
894 895
2751 2752
2004 2058
2808 2809
1192 1193
2886 2887
1042 1043
1072 1073
3591 3592
1078 1079
410 411
2927 2928
700 701
1495 1496
2982 2985
840 841
3455 3462
1571 1572
518 519
3688 3689
906 907
682 683
2125 2135
2191 2192
1967 1968
2278 2378
1505 1506
2644 2645
2160 2168
2953 2958
408 409
1697 1698
418 419
3339 3341
938 939
1448 1449
614 615
1597 1598
2842 2868
1948 1949
1869 1870
2614 2617
1517 1518
2646 2647
2050 2056
1581 1582
514 515
2961 2963
1290 1291
1278 1279
2851 2864
1358 1359
3499 3502
3546 3557
1897 1898
3611 3612
2037 2066
3471 3472
1436 1437
1651 1652
1236 1237
3113 3156
1340 1341
3638 3644
302 303
2865 2866
3703 3704
2778 2779
968 969
3219 3252
1152 1153
2721 2723
1577 1578
2896 2897
3065 3066
3030 3031
936 937
2057 2062
3238 3246
758 759
3282 3283
402 403
3019 3032
332 333
1671 1672
3208 3209
2691 2692
520 521
3402 3419
1006 1007
3439 3440
1458 1459
1681 1682
2696 2711
1729 1730
506 507
2001 2002
736 737
812 813
442 443
872 873
716 717
3213 3218
2119 2120
1224 1225
1999 2005
1252 1253
1156 1157
746 747
2258 2370
1531 1532
424 425
3386 3387
3021 3022
2127 2128
694 695
3013 3014
3561 3571
2226 2227
1010 1011
1725 1726
3580 3581
496 497
1917 1918
3718 3725
1198 1199
822 823
1685 1686
2249 2310
1891 1892
698 699
534 535
944 945
1378 1379
512 513
2772 2782
2846 2855
2007 2045
1705 1706
3333 3334
992 993
1579 1580
3083 3084
1390 1391
1376 1377
3115 3116
2951 2959
2151 2184
1110 1111
1741 1742
1679 1680
1316 1317
556 557
2660 2661
1034 1035
2627 2634
1468 1469
2065 2068
806 807
1812 1814
1835 1896
1913 1977
1324 1325
526 527
2690 2703
1334 1335
1356 1357
1076 1077
422 423
3477 3499
604 605
984 985
2020 2022
1559 1560
1625 1626
692 693
3242 3254
870 871
1683 1684
662 663
958 959
1753 1754
574 575
2898 2899
1995 2021
2006 2027
1882 1893
372 373
532 533
272 273
524 525
2185 2186
1170 1171
1362 1363
686 687
1936 1955
248 249
2311 2385
776 777
1292 1293
2133 2134
1016 1017
852 853
564 565
3301 3382
786 787
888 889
1818 1819
1972 1973
1839 1840
932 933
570 571
3081 3082
854 855
3588 3595
3086 3087
1442 1443
1639 1640
2176 2206
954 955
1809 1810
594 595
3303 3304
3584 3586
1196 1197
2338 2339
1854 1904
2615 2622
912 913
3519 3523
1813 1824
1515 1516
1138 1139
3483 3484
1513 1514
732 733
400 401
1446 1447
1997 2074
2945 2946
606 607
1088 1089
884 885
3317 3318
1332 1333
576 577
1046 1047
1663 1664
3723 3724
3568 3569
714 715
1593 1594
2688 2720
920 921
2326 2327
376 377
2497 2503
2272 2273
404 405
218 219
3160 3161
3450 3452
1916 1927
676 677
1653 1654
930 931
1344 1345
1902 1907
1961 1962
1519 1520
1022 1023
1985 1986
480 481
1945 1946
1775 1776
2999 3008
2131 2132
1262 1263
2654 2655
654 655
3427 3428
1054 1055
2609 2635
3117 3153
1032 1033
432 433
1350 1351
860 861
3273 3274
724 725
3029 3033
2381 2382
3709 3710
962 963
1779 1780
24 25
1380 1381
366 367
1827 1828
760 761
1248 1249
3575 3604
115 116
3602 3603
804 805
3486 3487
3067 3068
500 501
2026 2055
1623 1624
1731 1732
2978 2979
3528 3529
1747 1748
1755 1756
2023 2024
1318 1319
536 537
850 851
2853 2864
3537 3538
1186 1187
1771 1772
1002 1003
2051 2059
2171 2193
864 865
3401 3421
3408 3409
670 671
3712 3713
1178 1179
2101 2102
516 517
1609 1610
1711 1712
1919 1920
3404 3411
3700 3701
3410 3414
550 551
1735 1736
1599 1600
2892 2893
2231 2232
2107 2108
722 723
876 877
2035 2053
1803 1823
3609 3610
530 531
1218 1219
904 905
1130 1131
1781 1782
2032 2052
2913 2919
844 845
1232 1233
718 719
1703 1704
1832 1833
119 142
1012 1013
784 785
2500 2504
2112 2126
2113 2114
1122 1123
1619 1620
1675 1676
1501 1502
3134 3135
2872 2880
1800 1801
2233 2287
3507 3508
2047 2048
1240 1241
834 835
956 957
494 495
1392 1393
1617 1618
1937 1978
688 689
2501 2502
1935 1971
2152 2197
1615 1616
1691 1692
1412 1413
2493 2499
1014 1015
3721 3722
406 407
234 235
1354 1355
2995 3024
1880 1884
770 771
1286 1287
2798 2799
3693 3694
802 803
1491 1492
702 703
490 491
2137 2138
3012 3035
1364 1365
1621 1622
2018 2019
328 329
111 112
1150 1151
1787 1788
1368 1369
2954 2957
3406 3422
1190 1191
1927 1960
1956 1957
1849 1881
1487 1488
1992 1993
2031 2070
1561 1562
658 659
1402 1403
2270 2271
588 589
1659 1660
1934 1947
1789 1790
1761 1762
1802 1815
1883 1894
3220 3225
2386 2387
2482 2483
1254 1255
3321 3381
1308 1309
1551 1552
1304 1305
1842 1848
2261 2349
2335 2390
1826 1829
1507 1508
924 925
2383 2384
544 545
1899 1900
584 585
374 375
1589 1590
3494 3495
2361 2362
1462 1463
2354 2356
1148 1149
1166 1167
1126 1127
608 609
878 879
1785 1786
1444 1445
1116 1117
3467 3505
3331 3351
970 971
11 26
2241 2242
2209 2210
3436 3442
622 623
754 755
1440 1441
720 721
4 29
568 569
2219 2220
3634 3656
1234 1235
1749 1750
388 389
2183 2190
1845 1846
1877 1878
566 567
2935 2936
626 627
832 833
1739 1740
744 745
946 947
3210 3264
2900 2901
1188 1189
552 553
1106 1107
1695 1696
1942 1966
1866 1886
1092 1093
1098 1099
1989 1990
1549 1550
1074 1075
976 977
2224 2266
610 611
428 429
3562 3563
2000 2010
3010 3011
1816 1822
1474 1475
466 467
836 837
638 639
2320 2321
3456 3457
620 621
426 427
1056 1057
2307 2308
1798 1799
3473 3474
1795 1796
1613 1614
1036 1037
818 819
3600 3601
1914 1915
1553 1554
3686 3687
2255 2348
1162 1163
3635 3657
1745 1746
1430 1431
484 485
974 975
2254 2359
2240 2360
680 681
810 811
3651 3652
1563 1564
3485 3525
1360 1361
934 935
2890 2891
3232 3233
3548 3549
2783 2784
1923 1950
1791 1792
1272 1273
3214 3223
2845 2852
1525 1526
2970 2971
690 691
3589 3590
1258 1259
2920 2921
456 457
3058 3059
908 909
3325 3349
1476 1477
1631 1632
3345 3346
254 255
1320 1321
1844 1910
1028 1029
862 863
590 591
2071 2072
1096 1097
3215 3217
3453 3454
2980 2981
790 791
1930 1984
3497 3498
2011 2012
3658 3659
2041 2042
3230 3237
892 893
1314 1315
1080 1081
3236 3240
1112 1113
926 927
1905 1906
2244 2332
2894 2916
1144 1145
1102 1103
3224 3269
612 613
3698 3699
1052 1053
2028 2029
3228 3249
1921 1922
1482 1483
3412 3415
1575 1576
3596 3599
2976 2977
3245 3270
2234 2235
1888 1890
3309 3349
734 735
504 505
1264 1265
1601 1602
1114 1115
1605 1606
902 903
646 647
2150 2153
2195 2202
990 991
1763 1764
1657 1658
1964 1981
2932 2933
2036 2046
712 713
3625 3626
1841 1862
510 511
2063 2064
656 657
1070 1071
730 731
838 839
1282 1283
502 503
2212 2213
1503 1504
3358 3359
2610 2629
2038 2040
1438 1439
3566 3567
2972 2973
774 775
1466 1467
1426 1427
3347 3378
986 987
726 727
1280 1281
2039 2060
964 965
652 653
362 363
1124 1125
394 395
2293 2379
2974 2975
2044 2049
3433 3434
1266 1267
3222 3234
1400 1401
630 631
738 739
1276 1277
2888 2889
3319 3367
1836 1837
1875 1911
1954 1994
1838 1876
2367 2369
900 901
1062 1063
2964 2967
1759 1760
1523 1524
880 881
2718 2719
1428 1429
1024 1025
2279 2280
3218 3261
3310 3311
1060 1061
1420 1421
386 387
2103 2104
1406 1407
1018 1019
2267 2302
2030 2067
1773 1774
940 941
1727 1728
1132 1133
1895 1908
3514 3515
1176 1177
780 781
540 541
996 997
942 943
1925 1963
708 709
572 573
1853 1861
800 801
1348 1349
3265 3266
1834 1903
1912 1988
728 729
1030 1031
1721 1722
474 475
2288 2325
3069 3085
1863 1892
538 539
364 365
820 821
1432 1433
1595 1596
1154 1155
2161 2187
3490 3491
2283 2325
380 381
980 981
796 797
1793 1794
756 757
1146 1147
2322 2355
3227 3284
121 146
1090 1091
3452 3510
2263 2334
1804 1817
3037 3038
3466 3468
2256 2257
966 967
1499 1500
398 399
2021 2061
488 489
1591 1592
2315 2316
1633 1634
826 827
948 949
1394 1395
1342 1343
1629 1630
1647 1648
2829 2850
1172 1173
2034 2073
2269 2276
3459 3465
1887 1889
1038 1039
1382 1383
1004 1005
2295 2296
1535 1536
1306 1307
264 265
462 463
1975 1976
1643 1644
1958 1987
2281 2282
678 679
2830 2831
1066 1067
582 583
858 859
2357 2358
2858 2867
952 953
2141 2142
3335 3336
2856 2857
2922 2923
3337 3338
2701 2705
368 369
2986 2987
2693 2694
1611 1612
3350 3370
3605 3606
3607 3608
1557 1558
1182 1183
1180 1181
1338 1339
1717 1718
598 599
262 263
3267 3268
868 869
1938 1974
1260 1261
3250 3260
97 120
950 951
1689 1690
101 102
2300 2365
3413 3414
1020 1021
2230 2330
2260 2380
2252 2253
2373 2374
3027 3039
3522 3540
1094 1095
1852 1864
3451 3479
2298 2299
1418 1419
1959 1962
3488 3500
788 789
1456 1457
2246 2375
1298 1299
2822 2827
1136 1137
1858 1879
742 743
1743 1744
1346 1347
830 831
454 455
2237 2238
3209 3277
2607 2608
2328 2329
2304 2368
2243 2344
1104 1105
1850 1909
1928 1991
1583 1584
856 857
3527 3536
1547 1548
3343 3344
3373 3374
1627 1628
2835 2848
3594 3597
2997 2998
2323 2389
3405 3417
3576 3577
3444 3445
2312 2350
3314 3365
3379 3389
1422 1423
3302 3326
3424 3438
1529 1530
3420 3437
2277 2366
994 995
2318 2319
2630 2631
2169 2177
3078 3090
3216 3286
3285 3295
1979 1980
3461 3470
1555 1556
1068 1069
1134 1135
508 509
3255 3256
3480 3481
1511 1512
1174 1175
772 773
468 469
2836 2884
1665 1666
1783 1784
3259 3278
3258 3287
3291 3292
2617 2620
1733 1734
3416 3441
3429 3430
3448 3449
3280 3290
1118 1119
1084 1085
2214 2215
1867 1868
1943 1944
2284 2372
2275 2297
628 629
3305 3306
586 587
1200 1201
113 114
2639 2657
3320 3394
2993 2994
2991 3015
2941 2942
3340 3360
922 923
2929 2938
3501 3532
1058 1059
3212 3294
3446 3447
898 899
1044 1045
2656 2662
2285 2286
3313 3383
2268 2309
3510 3526
2251 2305
3211 3257
2331 2388
2895 2934
260 261
1140 1141
1040 1041
3645 3646
2289 2290
3253 3263
3503 3524
2943 2944
3226 3281
2910 2911
3352 3353
2239 2336
3407 3435
3243 3244
3377 3385
3221 3231
3489 3518
3511 3512
3464 3530
3362 3363
3371 3372
3531 3539
2870 2871
3513 3541
3235 3276
3288 3293
3278 3279
914 915
3262 3275
2952 2969
3355 3356
2245 2274
2340 2341
3308 3396
3330 3376
85 86
2351 2352
1208 1209
3307 3388
90 110
2860 2869
2217 2218
3271 3289
3460 3534
3328 3357
2363 2364
3247 3248
1202 1203
3463 3478
3368 3369
3554 3555
3391 3392
3423 3443
3366 3395
3322 3375
3329 3342
2337 2353
3327 3348
3384 3393
3516 3517
1204 1205
1206 1207
