7588701435288452594 2165 5455
0.116553 0.021529 0.003278
0.191363 -0.178479 -0.001861
-0.004215 -0.131203 0.006044
-0.204978 0.039135 0.004771
-0.087711 -0.188499 -0.000385
-0.213965 -0.142463 0.007636
0.154882 -0.268032 0.005368
0.026453 -0.201732 -0.001977
-0.005554 -0.221811 -0.002607
0.223700 -0.246068 -0.000218
0.205375 -0.080562 0.009546
0.068600 0.149767 -0.000680
-0.174927 0.087844 0.005189
-0.092041 0.099425 0.002674
0.164306 0.120929 0.025704
0.217589 0.137438 0.004912
0.258328 0.050229 0.032159
-0.015049 -0.384175 0.011546
0.029090 -0.311414 0.004909
0.018856 -0.229380 0.023058
0.218434 -0.204214 0.025642
0.252453 -0.040174 0.025602
0.233615 -0.013352 0.014435
0.278583 0.004598 0.006226
0.119489 0.044860 0.008390
0.186438 -0.030033 0.017334
0.264576 0.077810 0.011603
-0.309556 0.146971 0.006075
-0.248353 0.141337 0.017861
-0.229484 0.109163 0.019324
-0.027932 0.207771 0.007065
-0.043452 0.294708 0.009728
0.007796 0.313785 0.008098
-0.043452 0.294708 0.009728
0.008695 0.346369 0.010001
0.041652 0.364965 0.013178
0.036342 0.322701 0.010341
0.070246 0.399189 0.002939
0.065264 0.396129 0.025741
-0.217551 -0.086067 0.019600
0.287492 0.054232 0.018531
0.254495 0.100522 0.024803
0.083644 0.164241 0.020177
0.066112 0.233768 0.016866
0.096575 0.262737 0.019860
-0.042675 0.207943 0.023660
0.074853 0.329360 0.024934
0.038128 -0.317458 0.024245
-0.001813 -0.288592 0.026748
-0.274939 0.016779 0.018308
-0.225828 0.074622 0.032375
-0.177556 0.111668 0.040274
0.187860 0.147691 0.026942
-0.042004 0.179466 0.026164
-0.327146 0.141606 0.034351
-0.322913 0.125491 0.021192
-0.017399 0.269464 0.026007
-0.012888 0.310726 0.033467
-0.012888 0.310726 0.033467
0.011193 -0.397501 0.028311
0.100299 -0.222459 0.050210
-0.160604 -0.166275 0.038093
0.254495 0.100522 0.024803
0.014922 0.191147 0.020374
0.070967 0.275530 0.016714
0.037739 -0.223545 0.038279
-0.216039 -0.155354 0.036707
-0.022421 -0.244631 0.038434
0.244019 -0.016414 0.038417
0.109822 0.116531 0.022228
0.089185 0.270067 0.033341
-0.275346 0.133884 0.027940
-0.229484 0.109163 0.019324
-0.211137 0.099297 0.037843
0.164306 0.120929 0.025704
0.258328 0.050229 0.032159
-0.020089 0.210477 0.042405
0.053674 0.320043 0.061218
0.173259 -0.270897 0.051959
0.215250 -0.059720 0.058004
0.252453 -0.040174 0.025602
-0.275346 0.133884 0.027940
0.101782 0.145846 0.062854
0.019813 0.189050 0.067644
0.076389 0.213267 0.031654
-0.205724 -0.059837 0.106352
0.252453 -0.040174 0.025602
0.018856 -0.229380 0.023058
0.140738 -0.133613 0.104997
0.168597 -0.012295 0.068520
-0.172874 0.078282 0.092497
-0.045874 0.150123 0.076733
0.026209 0.342374 0.077718
0.041652 0.364965 0.013178
-0.044005 -0.167098 0.119745
0.004386 -0.040179 0.156978
0.085473 0.020911 0.145816
-0.007792 -0.222125 -0.003174
0.028359 -0.311181 0.006237
0.000556 -0.289862 0.006004
-0.089167 -0.188664 -0.003407
-0.104492 -0.202710 0.006600
0.083665 -0.168311 -0.004562
0.191818 -0.178734 0.001851
0.125425 -0.238373 0.001826
-0.163161 -0.144684 0.011374
0.157992 -0.032200 0.009318
-0.004221 -0.131159 0.010463
-0.130029 -0.117631 0.006358
0.192453 -0.049951 0.007735
0.025848 -0.202847 0.001510
-0.029642 -0.240478 0.010661
0.218913 -0.239645 0.000838
-0.216819 -0.143930 0.007736
-0.199794 -0.083645 0.002801
-0.204908 0.038706 0.005554
-0.224513 -0.022664 0.005926
0.008763 0.000883 -0.001323
0.117607 0.021917 -0.000902
0.170308 0.013436 0.021104
-0.270080 0.011835 0.022357
-0.252174 0.035169 -0.000036
0.077087 0.112817 0.005524
-0.177339 0.089646 0.003913
-0.092274 0.099743 0.004264
0.159149 0.140506 0.010169
0.217892 0.138033 0.006662
0.209947 0.103806 0.005769
-0.048178 0.149751 0.003845
-0.011315 0.170504 0.002503
0.039573 0.173616 0.003393
0.011719 -0.364534 0.004248
0.016968 -0.228990 0.021183
0.204604 -0.267360 0.006131
0.151681 -0.270290 0.006707
0.102009 -0.229523 0.027088
0.203038 -0.161647 0.010629
0.205372 -0.080219 0.009361
0.252771 -0.021820 0.012269
0.247686 -0.038161 0.021863
0.266652 0.031068 0.007838
0.278479 0.004717 0.006652
0.118469 0.043467 0.009262
0.250787 0.062856 0.016539
0.265470 0.078599 0.012568
-0.112234 0.122042 0.017607
-0.309547 0.144673 0.006212
-0.248422 0.140848 0.017863
-0.261843 0.120804 0.013078
-0.294351 0.146735 0.021840
0.069473 0.150100 0.004148
-0.030131 0.207889 0.009388
-0.031205 0.272730 0.008005
0.008120 0.313847 0.008050
-0.018077 0.238660 0.017877
-0.040680 0.293031 0.008762
0.009403 0.345925 0.009553
0.041699 0.365004 0.013343
0.036198 0.323479 0.008393
0.067382 0.399320 0.003173
0.064788 0.396465 0.026691
0.013674 -0.394043 0.022987
-0.016509 -0.382848 0.009823
-0.214747 -0.086422 0.022633
0.282430 0.021782 0.033588
0.284284 0.054849 0.018480
0.233415 -0.013236 0.016477
0.228294 0.085372 0.019525
0.230155 0.117077 0.024342
0.174734 0.154532 0.019054
0.074654 0.224681 0.008925
0.078363 0.187407 0.021469
0.092169 0.292150 0.007396
0.095728 0.262072 0.023513
-0.039281 0.208033 0.020888
0.081950 0.377753 0.009379
0.038123 -0.317500 0.022037
0.204967 -0.269832 0.021280
-0.003684 -0.290024 0.023554
-0.101291 -0.204008 0.037827
0.204980 -0.202618 0.016077
0.184955 -0.034285 0.022985
-0.216897 0.067426 0.030487
0.104268 0.105794 0.019540
-0.208499 0.118859 0.015077
-0.168068 0.110938 0.022324
0.187656 0.145602 0.026149
-0.043598 0.182479 0.024843
-0.332490 0.148229 0.021575
-0.322738 0.125416 0.021462
0.014481 0.191297 0.022215
-0.018816 0.269316 0.026323
-0.036030 0.306145 0.022561
-0.002595 0.297631 0.022823
0.068470 0.351289 0.021472
0.080902 0.367927 0.022549
0.223235 -0.242476 0.017337
-0.155100 -0.155168 0.034415
0.167858 -0.013425 0.026243
0.254655 0.100837 0.024775
0.155679 0.122352 0.016890
-0.260365 0.116165 0.023673
0.085248 0.162973 0.021351
0.070303 0.275323 0.016014
0.065502 0.234283 0.020393
0.070400 0.328256 0.025981
0.036345 -0.214873 0.030873
-0.223775 -0.153849 0.022021
-0.181263 -0.158393 0.019570
-0.206928 0.087059 0.026472
-0.230492 0.109285 0.019920
0.048139 0.202404 0.020275
-0.010039 0.219143 0.027014
-0.003863 -0.381160 0.038951
-0.020200 -0.239491 0.037449
0.216505 -0.230050 0.046025
-0.214766 -0.154490 0.036963
0.243761 -0.016371 0.037974
0.137145 0.028980 0.054215
0.113527 0.117217 0.022092
0.165139 0.123363 0.028399
-0.177332 0.107658 0.041099
-0.303353 0.156900 0.019378
0.072453 0.276945 0.030357
-0.040584 0.235176 0.035606
-0.326559 0.140072 0.034394
-0.275460 0.133124 0.027664
-0.275460 0.133124 0.027664
-0.326559 0.140072 0.034394
0.092048 0.306304 0.034392
0.054108 0.311866 0.029028
0.031857 0.313082 0.028307
-0.002595 0.297631 0.022823
0.010279 -0.235428 0.034838
0.247128 0.003817 0.035904
0.257858 0.052652 0.034326
0.230155 0.117077 0.024342
0.257858 0.052652 0.034326
-0.212591 0.100213 0.039226
0.158763 0.155879 0.035850
0.120346 0.155546 0.029841
-0.021912 0.209367 0.042203
0.054400 0.201798 0.029364
0.018710 0.187604 0.066015
0.054402 0.323027 0.059187
0.056466 0.361983 0.031591
0.041699 0.365004 0.013343
0.165488 -0.267270 0.048521
0.204067 -0.113947 0.073804
0.217490 -0.079686 0.033854
0.202521 -0.038332 0.036005
0.178994 -0.031448 0.046778
-0.205617 0.074126 0.040588
0.100625 0.109036 0.037901
-0.275460 0.133124 0.027664
0.098400 0.139254 0.050881
0.063673 0.168060 0.084538
0.064994 0.192695 0.036546
0.076414 0.214542 0.033466
0.008929 0.321406 0.043245
0.045823 0.308199 0.052270
0.013832 -0.297407 0.035510
-0.160788 -0.137721 0.059859
0.086940 0.269650 0.031968
-0.011293 0.310417 0.032593
-0.214912 -0.086949 0.051623
-0.219961 -0.026930 0.066879
0.262426 -0.018477 0.038241
-0.254781 0.054373 0.042909
-0.216757 0.056937 0.046977
0.109874 0.123828 0.035364
0.010788 0.344624 0.058738
0.180663 -0.181912 0.061128
0.203261 -0.057652 0.048553
0.072355 0.293335 0.047968
-0.020662 -0.216790 0.067032
0.070674 -0.212339 0.059663
0.032503 -0.203062 0.055983
-0.171040 -0.099084 0.095373
-0.263993 0.024153 0.049724
0.171763 -0.010014 0.070630
-0.185567 0.087516 0.056923
-0.149841 0.119021 0.054461
-0.048344 0.151189 0.073218
0.192545 -0.235881 0.060162
0.100845 -0.217613 0.043429
0.141659 -0.180960 0.078207
0.011033 0.330672 0.073965
-0.204173 -0.061818 0.098498
-0.223548 0.033786 0.063333
0.028400 0.341610 0.076158
0.177829 -0.150400 0.089643
0.148443 -0.036095 0.096650
0.132821 0.058122 0.080469
0.127538 0.020400 0.093695
-0.170540 0.078854 0.091483
-0.160541 0.050718 0.100724
-0.099553 0.110697 0.076425
-0.043502 -0.166617 0.120763
0.024914 0.110293 0.115524
0.138040 -0.133386 0.099598
0.100145 0.081449 0.090107
-0.009380 -0.189748 0.092137
-0.187350 -0.009124 0.106970
-0.099290 -0.050179 0.126632
0.096728 -0.139317 0.116658
0.053295 -0.127388 0.108123
-0.192762 0.030198 0.107565
0.038616 0.080386 0.105307
-0.037691 0.067798 0.103747
0.103693 -0.028063 0.122831
0.034794 -0.071980 0.133235
-0.166790 0.015411 0.124003
0.061842 0.038652 0.132361
0.088355 0.023815 0.132172
-0.061191 0.003419 0.122456
-0.038178 -0.117386 0.121371
0.076040 -0.018129 0.143671
-0.029767 0.023757 0.148569
0.005999 -0.040993 0.162264
0.088940 0.024581 0.151209
-0.007300 -0.016293 0.148590
-0.001074 -0.256165 -0.002892
0.028379 -0.311130 0.006606
0.000436 -0.289819 0.006222
0.080473 -0.198363 -0.001720
0.083662 -0.168269 -0.003934
0.178430 -0.246119 -0.002144
-0.008493 -0.222269 -0.002804
-0.024602 -0.209326 -0.000837
0.019527 -0.182260 0.000919
-0.089218 -0.188790 -0.003668
-0.104666 -0.203165 0.006472
0.191823 -0.178734 0.001866
-0.146428 -0.154049 0.010074
0.066742 -0.104004 0.005694
-0.129998 -0.117587 0.007202
0.192433 -0.049974 0.008005
0.008651 0.000794 -0.003943
0.093671 0.055276 -0.000455
0.117271 0.021612 0.000717
0.125403 -0.238114 0.003911
0.077525 -0.217237 0.009701
0.025772 -0.202918 0.003850
-0.050980 -0.220740 0.007044
0.050455 -0.213464 0.005698
0.206875 -0.206060 0.002936
0.218551 -0.239352 0.003362
-0.004257 -0.131109 0.012053
-0.216819 -0.143930 0.007736
-0.177400 -0.093648 0.000950
-0.199778 -0.083643 0.004283
0.157920 -0.032192 0.010495
-0.126586 -0.053200 0.005898
-0.224399 -0.022577 0.006063
0.146926 0.020550 0.006194
-0.256365 0.008759 0.007119
-0.251073 0.034501 0.000869
-0.204958 0.038232 -0.000890
-0.095860 0.028378 0.011418
0.076962 0.112743 0.006063
-0.176802 0.087977 0.007357
-0.146838 0.099209 0.002811
-0.092253 0.099480 0.003511
0.175611 0.139338 0.005241
0.222365 0.119740 0.000923
0.209940 0.103741 0.006449
-0.048104 0.149732 0.004157
-0.011369 0.170464 0.002628
0.039586 0.173623 0.003220
0.011706 -0.364417 0.004321
0.010641 -0.225292 0.006267
0.151969 -0.270364 0.006308
0.178537 -0.265486 0.008941
0.204627 -0.267763 0.007205
0.146510 -0.267718 0.014057
-0.029734 -0.241097 0.010420
0.202939 -0.161710 0.011096
0.204943 -0.080041 0.010038
0.225536 -0.039655 0.006103
0.227848 -0.065700 0.019372
-0.253257 -0.013756 0.022266
0.277852 0.005080 0.006634
0.252892 -0.021869 0.013925
0.254012 0.001111 0.005931
0.266972 0.031031 0.008533
0.118278 0.043306 0.009706
0.102311 0.085176 0.007102
-0.182327 0.084464 0.007308
-0.167786 0.110002 0.022598
0.250787 0.062856 0.016539
0.265563 0.078618 0.012953
-0.119663 0.104551 0.006119
-0.077326 0.134990 0.010396
0.069275 0.149965 0.005010
0.096862 0.134134 0.008927
-0.309508 0.144574 0.007115
-0.265976 0.138997 0.007188
-0.261957 0.120720 0.013440
-0.294351 0.146735 0.021840
0.218003 0.137875 0.008303
0.079681 0.154911 0.010195
0.123974 0.154769 0.009875
-0.056860 0.152215 0.003809
-0.040153 0.176851 0.010017
0.005084 0.179203 0.008765
-0.012503 0.210033 0.010393
-0.030711 0.207612 0.010332
0.077689 0.265401 0.006120
0.091962 0.291999 0.007931
0.091538 0.245484 0.009753
-0.031123 0.272733 0.008400
-0.008138 0.299984 0.003087
-0.014216 0.269629 0.013740
-0.039541 0.292620 0.009521
-0.020186 0.325302 0.007017
0.011212 0.344519 0.009792
0.008313 0.313837 0.009036
-0.021085 0.327708 0.017153
0.048286 0.369182 0.007381
0.055920 0.350808 0.002391
0.067250 0.399391 0.003924
0.064364 0.396236 0.026543
-0.001711 -0.393097 0.009167
-0.016167 -0.381794 0.009647
-0.008814 -0.354387 0.009712
0.115987 -0.235451 0.011687
0.216651 -0.216635 0.007596
-0.128111 -0.180526 0.014522
0.204433 -0.123886 0.008641
-0.163789 -0.145576 0.010541
-0.215532 -0.086798 0.021871
-0.041589 -0.056327 0.005943
0.234162 -0.013642 0.016815
0.282051 0.021563 0.032923
0.284284 0.054849 0.018480
0.245478 0.017211 0.018295
0.169229 0.012789 0.022042
-0.216210 0.052895 0.010080
-0.193070 0.100092 0.012266
0.228256 0.085112 0.019690
0.104523 0.105799 0.019601
0.240502 0.107342 0.009110
-0.111746 0.120617 0.018161
0.159245 0.140233 0.011229
0.174681 0.154158 0.019693
0.077698 0.187584 0.021541
0.066064 0.193966 0.011251
0.073836 0.224948 0.009321
-0.039005 0.208041 0.020841
0.035751 0.323829 0.010042
0.081220 0.377704 0.010021
0.013677 -0.393428 0.023718
0.038127 -0.317408 0.021300
0.204497 -0.269274 0.020641
-0.003447 -0.289729 0.023454
-0.060503 -0.222854 0.021522
0.206006 -0.202928 0.016671
0.184998 -0.034315 0.022961
0.247379 -0.037885 0.021952
-0.228930 -0.042106 0.025012
-0.245386 -0.023230 0.038106
0.275611 -0.007446 0.021118
0.258074 0.045075 0.029061
-0.216409 0.066736 0.031693
-0.208529 0.118861 0.014995
0.230131 0.117027 0.023120
0.187716 0.145709 0.026208
-0.083635 0.143136 0.027797
-0.318459 0.143002 0.006783
-0.322703 0.125418 0.021540
-0.332410 0.148231 0.021729
-0.248669 0.140592 0.018543
0.014252 0.191225 0.022724
-0.043205 0.182262 0.024740
-0.017402 0.238445 0.017812
0.070153 0.275231 0.016050
0.094501 0.262363 0.024302
-0.018816 0.269316 0.026323
-0.035162 0.305222 0.022862
0.010873 0.310134 0.016166
0.041769 0.364954 0.013591
0.068614 0.351226 0.021492
0.080864 0.367906 0.022536
-0.017656 -0.380792 0.023491
0.023051 -0.351203 0.014650
0.165857 -0.266298 0.046873
0.223235 -0.242476 0.017337
0.101779 -0.229656 0.027047
0.036345 -0.214873 0.030873
-0.155031 -0.155520 0.034402
0.167858 -0.013425 0.026243
0.254062 0.100382 0.023236
-0.206928 0.087059 0.026472
0.192705 0.109970 0.019825
0.155639 0.122256 0.017002
-0.149890 0.119177 0.025407
-0.260373 0.116133 0.023657
0.085264 0.162679 0.021288
0.065502 0.234283 0.020393
0.071003 0.309340 0.022444
0.080810 0.389359 0.020136
0.016511 -0.228655 0.022474
-0.223611 -0.153702 0.021916
-0.181178 -0.158194 0.019449
-0.250603 0.052658 0.023021
-0.230510 0.109286 0.019871
0.048139 0.202404 0.020275
-0.010331 0.218869 0.027541
0.088954 0.212234 0.020441
0.088642 0.310966 0.022419
0.004057 0.334620 0.033670
-0.008042 -0.355570 0.026843
0.010998 -0.360968 0.036272
0.025037 -0.280862 0.019681
-0.022297 -0.253724 0.023477
0.126400 -0.243562 0.029691
0.216486 -0.230028 0.046000
-0.204210 -0.161528 0.030477
-0.167457 -0.151662 0.030271
0.231400 -0.014195 0.027633
-0.269295 0.012007 0.021918
-0.266551 0.038017 0.021828
0.124588 0.049581 0.042272
0.269108 0.068093 0.035870
0.113387 0.117364 0.022724
0.164981 0.122974 0.028582
-0.177364 0.107475 0.040879
-0.303353 0.156900 0.019378
0.072414 0.276961 0.030287
-0.044873 0.258541 0.020793
-0.002610 0.297602 0.022751
0.065637 0.327803 0.023045
0.070112 0.327946 0.026038
0.039987 0.350601 0.039795
0.201225 -0.254942 0.043271
-0.064524 -0.213033 0.040124
-0.101279 -0.204649 0.037365
-0.263171 0.005385 0.043421
0.172842 0.003710 0.044349
0.250889 0.082080 0.034243
-0.328821 0.141084 0.033760
-0.275467 0.132703 0.027091
-0.275467 0.132703 0.027091
-0.326510 0.140066 0.034335
0.091520 0.305885 0.034237
0.066776 0.294018 0.026217
0.031857 0.313082 0.028307
0.053830 0.311818 0.028838
0.138230 -0.227953 0.056015
0.010369 -0.235555 0.035030
-0.223306 -0.065773 0.054220
0.247128 0.003817 0.035904
-0.263257 0.024512 0.049382
0.257921 0.052362 0.033392
0.225643 0.116116 0.025488
0.226288 0.098923 0.025443
-0.240645 0.112977 0.032453
-0.100768 0.116073 0.064051
-0.241917 0.127980 0.033438
0.158812 0.155971 0.035667
0.177441 0.147766 0.025034
0.120346 0.155546 0.029841
-0.026194 0.207370 0.039177
0.054346 0.202564 0.029786
0.003805 0.201608 0.050748
0.076414 0.214542 0.033466
0.062037 0.338708 0.036506
0.056466 0.361983 0.031591
-0.003721 -0.380879 0.037981
-0.128072 -0.166313 0.056996
0.199334 -0.151750 0.044212
-0.213552 -0.153573 0.036039
0.217345 -0.079557 0.033928
0.202521 -0.038332 0.036005
0.178889 -0.031398 0.046830
-0.205617 0.074126 0.040588
-0.212751 0.100231 0.039486
0.100745 0.109074 0.037922
0.164867 0.136964 0.034525
-0.275467 0.132703 0.027091
0.084956 0.158297 0.040947
0.065228 0.178224 0.070306
0.064739 0.192294 0.036288
-0.039707 0.235110 0.035764
0.010175 0.320850 0.042689
0.048026 0.308331 0.045086
0.013299 -0.297512 0.034971
-0.159041 -0.135752 0.056610
-0.229640 -0.038426 0.043626
0.244029 -0.016560 0.037821
0.257921 0.052362 0.033392
0.086940 0.269650 0.031968
-0.021443 0.209149 0.041755
-0.024308 0.275448 0.033464
-0.010829 0.310276 0.032867
0.028022 -0.314257 0.034191
-0.010240 -0.252044 0.035250
-0.217612 -0.113604 0.044315
0.261824 -0.018089 0.038073
-0.253709 0.053292 0.043401
-0.216645 0.056857 0.046848
0.109874 0.123828 0.035364
0.010948 0.344554 0.058666
-0.020370 -0.240277 0.038452
0.179747 -0.181350 0.060106
-0.211672 -0.086291 0.050116
0.203163 -0.057559 0.048412
0.235035 -0.038888 0.041378
0.107864 0.084097 0.074659
-0.047160 0.148903 0.070482
-0.043035 0.175391 0.046508
0.032530 0.188505 0.047384
0.072367 0.293396 0.047874
-0.012366 -0.229851 0.045617
0.070439 -0.212003 0.059740
0.100983 -0.217515 0.043131
0.032700 -0.203342 0.056427
-0.087968 -0.190622 0.067498
-0.206242 -0.112781 0.061284
0.203075 -0.114043 0.071378
0.171306 -0.010127 0.070507
0.114636 0.074217 0.048254
-0.195918 0.095046 0.045044
0.097601 0.138752 0.050197
-0.149621 0.118324 0.054115
-0.074593 0.138135 0.073424
-0.010397 0.178803 0.066260
0.183795 -0.209768 0.063735
0.130811 0.063936 0.062250
-0.185510 0.087444 0.057031
0.026349 0.319051 0.066563
0.075072 0.319121 0.045946
0.192128 -0.235245 0.059182
-0.020711 -0.216888 0.066957
0.100396 -0.182781 0.075688
0.141629 -0.180522 0.077221
-0.218834 -0.026282 0.066384
0.138438 0.029508 0.053955
0.085030 0.145941 0.074297
0.019335 0.186454 0.063313
0.061366 0.295063 0.048931
0.045977 0.308645 0.051967
0.054227 0.322751 0.058984
-0.223066 0.014965 0.067107
0.011073 0.331059 0.073606
0.162085 -0.255970 0.059539
0.017742 -0.186146 0.076060
0.195516 -0.150318 0.070642
0.180511 -0.084621 0.087714
0.098801 0.105315 0.088016
0.035962 -0.160163 0.090095
-0.203318 -0.062126 0.097839
-0.223506 0.034070 0.063070
0.028412 0.341665 0.076111
-0.131768 -0.136334 0.083201
0.138749 0.020458 0.067522
-0.064367 -0.193239 0.070569
-0.034398 -0.190458 0.097778
-0.170120 -0.098898 0.093434
0.132269 0.057876 0.080563
-0.010313 0.158701 0.086325
0.177704 -0.150340 0.089586
0.157569 -0.177082 0.075624
-0.205247 -0.036498 0.097361
0.164184 -0.036578 0.073465
0.127415 0.020438 0.093482
-0.170010 0.077903 0.090520
-0.182912 0.050298 0.084259
-0.175296 0.087304 0.080004
-0.098774 0.108035 0.074121
-0.084619 -0.166924 0.090492
-0.205583 0.001711 0.071127
-0.146502 0.100329 0.079425
0.032380 0.162172 0.084260
0.137087 -0.133514 0.097401
0.190451 -0.114164 0.084954
0.169963 -0.064203 0.081513
0.146505 -0.036369 0.093602
0.099073 0.081382 0.089378
-0.044531 0.101452 0.092742
0.062555 0.166711 0.083515
-0.008804 -0.190458 0.093513
-0.185893 -0.009080 0.103043
-0.085329 0.087648 0.083771
-0.074262 0.100677 0.085990
0.069547 0.139043 0.082788
0.012663 0.148854 0.096365
-0.142675 -0.112631 0.082964
0.139712 -0.002636 0.097009
0.004613 -0.163540 0.096157
-0.186139 -0.086018 0.090073
-0.188819 0.011915 0.112546
-0.160060 0.050284 0.099991
-0.023650 0.125248 0.085044
0.096618 -0.139618 0.116542
-0.097730 -0.139833 0.096548
-0.139573 -0.076320 0.110034
0.157235 -0.090678 0.098647
-0.133172 0.070805 0.093735
0.075546 0.115730 0.092551
0.073936 -0.158780 0.092521
0.053499 -0.126761 0.107061
0.119723 -0.083177 0.111743
-0.193152 0.030248 0.107824
-0.064901 0.088149 0.101649
0.052153 0.095276 0.097036
-0.057454 -0.170166 0.109323
-0.078872 0.064182 0.101349
-0.042053 -0.164270 0.117756
0.137140 -0.113747 0.096601
0.103061 -0.093557 0.111175
-0.114690 -0.085360 0.106305
0.116022 -0.015959 0.110264
0.105412 0.023597 0.108497
-0.037689 0.067875 0.103607
-0.010229 0.098511 0.108879
0.025454 0.109008 0.113132
-0.091951 -0.110442 0.113229
0.025530 -0.143211 0.112489
-0.176464 -0.039361 0.111908
0.119582 -0.039413 0.122211
0.072606 0.057587 0.110310
-0.123404 0.037168 0.109585
-0.109354 0.053885 0.109575
-0.057795 0.037842 0.109954
0.005137 0.075034 0.109567
0.038808 0.080992 0.106140
-0.125631 -0.062286 0.111684
-0.095498 -0.009675 0.121969
-0.085738 0.024080 0.107860
-0.061354 0.003940 0.123293
-0.157050 0.023422 0.124481
-0.007505 0.053774 0.120635
0.036281 0.054286 0.120567
0.002344 -0.119894 0.120219
0.097452 -0.009016 0.126560
-0.166570 0.015642 0.125150
0.062587 0.039599 0.134182
0.088643 0.023907 0.132586
-0.034246 0.037110 0.127348
-0.038253 -0.116827 0.120225
-0.027387 -0.089030 0.131233
0.062341 -0.055850 0.121424
0.079597 -0.100386 0.125466
-0.118666 -0.042904 0.123041
0.103303 -0.029057 0.122093
0.028911 -0.092321 0.124118
-0.098633 -0.049431 0.123760
0.051909 -0.031391 0.141286
0.076132 -0.018343 0.143885
-0.132783 0.008912 0.122010
-0.011427 0.027069 0.146965
0.018773 -0.065282 0.149146
0.035088 -0.072449 0.133421
-0.020706 -0.062775 0.150362
0.029392 0.020995 0.137089
-0.030242 0.024535 0.149272
0.089063 0.024296 0.150633
0.053730 0.023844 0.147946
0.032635 -0.019605 0.149313
0.006182 -0.039725 0.159035
-0.007340 -0.016255 0.148091
0.041977 -0.045612 0.147907
-0.180765 0.085405 0.000437
-0.129984 -0.119994 0.006355
-0.222298 -0.129102 0.008012
0.018395 -0.245952 0.051052
0.039420 -0.373350 0.006445
-0.129984 -0.119994 0.006355
-0.262819 0.100017 0.060322
-0.222298 -0.129102 0.008012
-0.066412 -0.164705 0.134248
-0.262819 0.100017 0.060322
-0.180765 0.085405 0.000437
-0.327406 0.141901 0.016591
-0.270165 0.145777 0.021350
-0.101120 0.113750 0.091803
-0.027985 0.213074 0.043386
-0.014503 0.164787 0.003353
-0.180765 0.085405 0.000437
-0.027985 0.213074 0.043386
-0.014503 0.164787 0.003353
-0.008898 0.300906 0.039876
-0.027985 0.213074 0.043386
-0.008898 0.300906 0.039876
0.016429 0.344345 0.073972
0.085507 0.021898 0.152918
-0.101120 0.113750 0.091803
0.200919 -0.077298 -0.000403
0.078576 0.112052 0.001976
0.179416 -0.019805 0.089665
0.231955 -0.227240 0.038833
0.254867 -0.039857 0.017767
0.275641 0.052133 0.028026
0.200919 -0.077298 -0.000403
0.200919 -0.077298 -0.000403
0.254867 -0.039857 0.017767
0.287807 0.058123 0.019318
0.236648 0.137711 0.006426
0.018395 -0.245952 0.051052
0.092767 0.169663 0.029745
-0.014503 0.164787 0.003353
0.094609 0.269504 0.025004
-0.014503 0.164787 0.003353
-0.027985 0.213074 0.043386
0.094609 0.269504 0.025004
0.094609 0.269504 0.025004
-0.009069 0.318707 0.002073
0.076973 0.399996 0.006587
0.016429 0.344345 0.073972
0.094609 0.269504 0.025004
0.076973 0.399996 0.006587
0.078576 0.112052 0.001976
0.236648 0.137711 0.006426
0.287807 0.058123 0.019318
-0.014503 0.164787 0.003353
0.092767 0.169663 0.029745
0.078576 0.112052 0.001976
-0.180765 0.085405 0.000437
-0.262819 0.100017 0.060322
-0.327406 0.141901 0.016591
-0.014503 0.164787 0.003353
-0.009069 0.318707 0.002073
-0.014503 0.164787 0.003353
-0.027985 0.213074 0.043386
-0.008898 0.300906 0.039876
0.154142 -0.261935 -0.008265
0.018395 -0.245952 0.051052
0.154142 -0.261935 -0.008265
0.231955 -0.227240 0.038833
0.275641 0.052133 0.028026
0.287807 0.058123 0.019318
0.200919 -0.077298 -0.000403
0.254867 -0.039857 0.017767
0.200919 -0.077298 -0.000403
0.287807 0.058123 0.019318
0.275641 0.052133 0.028026
-0.027985 0.213074 0.043386
0.016429 0.344345 0.073972
0.016429 0.344345 0.073972
-0.008898 0.300906 0.039876
-0.009069 0.318707 0.002073
0.016429 0.344345 0.073972
-0.009069 0.318707 0.002073
0.094609 0.269504 0.025004
0.076973 0.399996 0.006587
0.078576 0.112052 0.001976
0.287807 0.058123 0.019318
0.078576 0.112052 0.001976
0.092767 0.169663 0.029745
-0.181359 0.086070 0.003695
-0.135768 -0.121836 0.002051
-0.272731 0.027683 0.035432
0.008129 -0.228189 -0.001063
-0.065233 -0.227605 0.013120
-0.135768 -0.121836 0.002051
0.001165 -0.289392 0.000273
-0.008407 -0.399595 0.026144
0.042757 -0.320345 0.022941
0.007072 -0.238662 0.042651
-0.269369 0.143089 0.006352
-0.340192 0.140363 0.022289
-0.270360 0.137397 0.027228
-0.181359 0.086070 0.003695
-0.272731 0.027683 0.035432
-0.210630 0.095737 0.040583
-0.269369 0.143089 0.006352
-0.270360 0.137397 0.027228
-0.169622 0.112259 0.048178
-0.269369 0.143089 0.006352
-0.169622 0.112259 0.048178
-0.181359 0.086070 0.003695
-0.169622 0.112259 0.048178
-0.097370 0.114209 0.082949
-0.023178 0.210813 0.048674
-0.016126 0.168324 0.002343
-0.050556 0.258711 0.016696
-0.023178 0.210813 0.048674
-0.017277 0.312714 0.035974
-0.018543 0.237205 0.017242
-0.018538 0.327999 0.007115
-0.272731 0.027683 0.035432
0.007072 -0.238662 0.042651
0.008129 -0.228189 -0.001063
0.037634 -0.219971 0.034496
0.204112 -0.075179 0.005797
0.076861 0.110080 0.003208
0.182713 -0.251548 -0.011498
0.204112 -0.075179 0.005797
0.237155 -0.034689 0.026102
0.138357 -0.134480 0.104282
0.237155 -0.034689 0.026102
0.167752 -0.011121 0.064052
0.238338 -0.014170 0.034204
0.204112 -0.075179 0.005797
0.212872 -0.233242 0.042274
0.182713 -0.251548 -0.011498
0.237155 -0.034689 0.026102
0.237155 -0.034689 0.026102
0.271005 0.032897 0.005786
0.290098 0.020947 0.031038
0.085455 0.021707 0.153032
-0.060436 -0.166979 0.114390
0.164839 -0.260398 0.054267
0.212872 -0.233242 0.042274
0.037634 -0.219971 0.034496
0.063386 0.194603 0.036989
0.061134 0.189381 0.007695
0.014917 0.190502 0.020797
-0.018543 0.237205 0.017242
0.061134 0.189381 0.007695
0.063386 0.194603 0.036989
0.089394 0.270351 0.035148
0.076106 0.201186 0.015619
0.096994 0.293745 0.005974
0.080239 0.322612 0.041505
0.009424 0.310053 0.004835
0.056740 0.313160 0.028222
-0.017277 0.312714 0.035974
0.080239 0.322612 0.041505
0.056740 0.313160 0.028222
0.074140 0.396985 0.000837
0.023816 0.337631 0.077832
0.080239 0.322612 0.041505
0.074140 0.396985 0.000837
0.061134 0.189381 0.007695
0.056740 0.313160 0.028222
0.061134 0.189381 0.007695
0.076106 0.201186 0.015619
0.118883 0.160787 0.031630
0.085845 0.144631 0.082811
0.099515 0.116116 0.020169
0.229289 0.129836 0.004209
0.202152 0.106170 0.022091
0.229289 0.129836 0.004209
0.271329 0.079134 0.014606
0.271005 0.032897 0.005786
0.238338 -0.014170 0.034204
0.264934 0.058715 0.038629
0.085845 0.144631 0.082811
0.099515 0.116116 0.020169
-0.214202 -0.148922 0.034821
-0.166025 0.010007 0.124990
-0.214202 -0.148922 0.034821
0.007072 -0.238662 0.042651
0.001165 -0.289392 0.000273
-0.340192 0.140363 0.022289
-0.018543 0.237205 0.017242
-0.016126 0.168324 0.002343
-0.050556 0.258711 0.016696
-0.050556 0.258711 0.016696
0.014917 0.190502 0.020797
-0.018543 0.237205 0.017242
-0.050556 0.258711 0.016696
0.023816 0.337631 0.077832
0.008129 -0.228189 -0.001063
0.042757 -0.320345 0.022941
0.040712 0.082271 0.112668
0.042757 -0.320345 0.022941
0.008129 -0.228189 -0.001063
0.085688 -0.197526 -0.002573
0.085688 -0.197526 -0.002573
0.008129 -0.228189 -0.001063
0.182713 -0.251548 -0.011498
0.182713 -0.251548 -0.011498
0.204112 -0.075179 0.005797
0.237155 -0.034689 0.026102
0.204112 -0.075179 0.005797
0.271005 0.032897 0.005786
0.061134 0.189381 0.007695
0.076106 0.201186 0.015619
-0.018538 0.327999 0.007115
0.074140 0.396985 0.000837
0.056740 0.313160 0.028222
0.023816 0.337631 0.077832
0.056740 0.313160 0.028222
0.074140 0.396985 0.000837
0.076861 0.110080 0.003208
0.099515 0.116116 0.020169
0.076861 0.110080 0.003208
-0.223179 -0.022370 0.003369
-0.217696 -0.088926 0.023993
-0.265185 0.023177 0.046547
-0.189975 -0.087166 0.092502
-0.133409 -0.121099 0.006788
-0.169257 -0.156824 0.034287
-0.217015 -0.144521 0.005337
-0.203009 0.039283 0.005430
-0.223179 -0.022370 0.003369
-0.008444 -0.219330 -0.004951
0.003173 -0.286795 0.005152
-0.068959 -0.230324 0.010660
-0.024761 -0.249696 0.029669
0.011265 -0.238084 0.033169
-0.058687 -0.172540 0.118192
-0.003000 -0.290700 0.025025
0.031349 -0.315664 0.035586
-0.024761 -0.249696 0.029669
-0.068959 -0.230324 0.010660
-0.168021 0.014199 0.123425
-0.040713 -0.118714 0.124929
-0.169257 -0.156824 0.034287
-0.095504 -0.010735 0.119313
-0.020402 -0.063126 0.153109
-0.025571 0.021441 0.138848
-0.318032 0.144878 0.005726
-0.329400 0.143206 0.034318
-0.270042 0.137712 0.027802
-0.258000 0.037271 -0.000357
-0.265185 0.023177 0.046547
-0.258000 0.037271 -0.000357
-0.222462 0.064325 0.054568
-0.203009 0.039283 0.005430
-0.204488 0.088769 0.024348
-0.222462 0.064325 0.054568
-0.213105 0.103459 0.037788
-0.321785 0.126227 0.020354
-0.318032 0.144878 0.005726
-0.267920 0.140508 0.007096
-0.321785 0.126227 0.020354
-0.270042 0.137712 0.027802
-0.329400 0.143206 0.034318
-0.213102 0.128750 0.020176
-0.260152 0.120625 0.013409
-0.180126 0.087551 0.001719
-0.180126 0.087551 0.001719
-0.113274 0.121907 0.016811
-0.091836 0.099332 0.003920
-0.213102 0.128750 0.020176
-0.173688 0.113106 0.041046
-0.173688 0.113106 0.041046
-0.173688 0.113106 0.041046
-0.113274 0.121907 0.016811
-0.173688 0.113106 0.041046
-0.098525 0.114164 0.079054
0.118054 0.022545 -0.001368
0.075648 0.110856 0.007168
-0.043704 0.181605 0.024023
-0.091836 0.099332 0.003920
-0.048335 0.258107 0.020327
-0.043704 0.181605 0.024023
-0.024374 0.210870 0.040655
-0.018614 0.312471 0.032949
-0.018673 0.236089 0.017792
-0.018673 0.236089 0.017792
-0.024374 0.210870 0.040655
-0.000578 0.203158 0.053375
-0.000250 0.303296 0.022606
-0.017577 0.326434 0.006595
0.034909 0.164120 0.091654
-0.015541 -0.382981 0.006617
0.014779 -0.395559 0.020073
-0.005775 -0.380942 0.039029
0.014779 -0.395559 0.020073
-0.015541 -0.382981 0.006617
0.031230 -0.304539 0.003915
0.011265 -0.238084 0.033169
0.011265 -0.238084 0.033169
-0.008444 -0.219330 -0.004951
0.038411 -0.221066 0.037764
0.125290 -0.239384 0.003377
0.149739 -0.271257 0.004907
0.159903 -0.256141 0.056359
0.149739 -0.271257 0.004907
0.125290 -0.239384 0.003377
0.179514 -0.245169 -0.004812
0.141381 -0.135425 0.104222
0.210580 -0.204889 0.015471
0.224297 -0.083513 0.047262
0.179514 -0.245169 -0.004812
0.204192 -0.078543 0.009069
0.181628 -0.035372 0.020335
0.118054 0.022545 -0.001368
0.169643 0.013162 0.020537
0.170247 -0.010062 0.069096
0.179940 -0.035428 0.046351
0.101145 -0.030789 0.124969
0.242210 -0.020307 0.039539
0.207855 -0.271495 0.022122
0.221460 -0.239175 0.003219
0.207855 -0.271495 0.022122
0.213783 -0.231135 0.046616
0.221460 -0.239175 0.003219
0.204192 -0.078543 0.009069
0.181628 -0.035372 0.020335
0.234650 -0.014866 0.012010
0.251387 -0.040222 0.019735
0.272377 0.032610 0.004733
0.285705 0.021869 0.032345
0.085468 0.021598 0.148234
0.100771 -0.221702 0.048441
0.029626 0.189274 0.045323
0.014143 0.189908 0.016469
0.063432 0.196073 0.037462
0.060909 0.194120 0.010724
0.080094 0.163923 0.022093
0.060909 0.194120 0.010724
0.089080 0.211001 0.019028
0.060909 0.194120 0.010724
0.063432 0.196073 0.037462
0.076267 0.214702 0.033678
0.069795 0.272623 0.015234
0.089080 0.270773 0.034089
0.089080 0.211001 0.019028
0.094747 0.292152 0.006020
0.078837 0.320816 0.043520
0.013736 0.345448 0.057130
0.012495 0.330434 0.072867
0.008268 0.311108 0.006065
0.054214 0.314409 0.027264
-0.000250 0.303296 0.022606
0.078837 0.320816 0.043520
0.054214 0.314409 0.027264
0.081236 0.378126 0.006584
0.028674 0.341700 0.075949
0.058716 0.361637 0.031598
0.069795 0.272623 0.015234
0.054214 0.314409 0.027264
0.058716 0.361637 0.031598
0.081236 0.378126 0.006584
0.068479 0.399011 0.007053
0.124814 0.048793 0.042901
0.102706 0.108897 0.021863
0.114270 0.154012 0.005840
0.080094 0.163923 0.022093
0.119022 0.153669 0.031010
0.086270 0.143198 0.077527
0.102706 0.108897 0.021863
0.174203 0.115181 0.014050
0.157068 0.154079 0.038944
0.174203 0.115181 0.014050
0.179815 0.155800 0.016532
0.200370 0.106239 0.019224
0.277127 0.073053 0.032882
0.254896 0.061950 0.013490
0.223923 0.123043 -0.001715
0.223923 0.123043 -0.001715
0.254896 0.061950 0.013490
0.234650 -0.014866 0.012010
0.242210 -0.020307 0.039539
0.258708 0.051725 0.033858
0.272377 0.032610 0.004733
0.229299 0.118909 0.025992
0.086270 0.143198 0.077527
0.063432 0.196073 0.037462
0.012495 0.330434 0.072867
0.028674 0.341700 0.075949
0.013736 0.345448 0.057130
0.013736 0.345448 0.057130
0.047981 0.306849 0.052535
-0.217015 -0.144521 0.005337
-0.217609 -0.154071 0.038620
0.003173 -0.286795 0.005152
-0.015541 -0.382981 0.006617
-0.005775 -0.380942 0.039029
-0.008444 -0.219330 -0.004951
-0.321785 0.126227 0.020354
-0.260152 0.120625 0.013409
-0.260152 0.120625 0.013409
-0.204488 0.088769 0.024348
-0.321785 0.126227 0.020354
-0.180126 0.087551 0.001719
-0.018673 0.236089 0.017792
-0.016706 0.170116 -0.000424
-0.030022 0.209492 0.010399
-0.016706 0.170116 -0.000424
-0.030022 0.209492 0.010399
-0.030844 0.273029 0.007668
-0.030022 0.209492 0.010399
0.014143 0.189908 0.016469
-0.018673 0.236089 0.017792
-0.008444 -0.219330 -0.004951
0.031230 -0.304539 0.003915
0.011265 -0.238084 0.033169
0.040067 0.080264 0.112845
0.085144 -0.196373 -0.004505
0.085144 -0.196373 -0.004505
0.204192 -0.078543 0.009069
0.204192 -0.078543 0.009069
0.242210 -0.020307 0.039539
0.224297 -0.083513 0.047262
0.204192 -0.078543 0.009069
0.234650 -0.014866 0.012010
0.234650 -0.014866 0.012010
0.114270 0.154012 0.005840
0.060909 0.194120 0.010724
0.114270 0.154012 0.005840
0.063432 0.196073 0.037462
0.060909 0.194120 0.010724
0.058716 0.361637 0.031598
0.068479 0.399011 0.007053
0.054214 0.314409 0.027264
0.054214 0.314409 0.027264
0.081236 0.378126 0.006584
0.102706 0.108897 0.021863
0.075648 0.110856 0.007168
0.075648 0.110856 0.007168
-0.222771 -0.021878 0.004352
-0.217745 -0.088861 0.022718
-0.231798 -0.040596 0.046844
-0.189694 -0.088317 0.091753
-0.215451 -0.152102 0.038654
-0.181398 -0.159236 0.020260
-0.164841 -0.149525 0.033669
-0.165749 -0.142013 0.009164
-0.133020 -0.119923 0.005366
-0.165749 -0.142013 0.009164
-0.217249 -0.142414 0.007205
-0.105139 -0.204794 0.003655
-0.101800 -0.204464 0.036908
-0.162982 -0.137251 0.057632
-0.149795 -0.012609 0.007468
-0.197897 -0.081359 0.002257
-0.061981 -0.221642 0.019951
-0.009574 -0.220638 -0.004517
-0.027659 -0.242045 0.009695
-0.024249 -0.249350 0.028761
0.008080 -0.237721 0.034028
-0.021514 -0.213679 0.072274
-0.002454 -0.290695 0.024210
0.011052 -0.295379 0.035124
-0.024249 -0.249350 0.028761
-0.009574 -0.220638 -0.004517
0.001885 -0.288362 0.003941
-0.027659 -0.242045 0.009695
-0.060553 -0.169920 0.110399
-0.009574 -0.220638 -0.004517
-0.003864 -0.130478 0.010384
-0.204249 -0.060625 0.099036
-0.222119 0.016781 0.066657
-0.099809 -0.047984 0.127526
-0.185830 -0.010606 0.102694
-0.097350 -0.009518 0.120924
-0.041014 -0.163899 0.118505
-0.040586 -0.116914 0.118691
0.007002 -0.164698 0.097637
-0.019884 -0.063163 0.151722
-0.060182 -0.000222 0.125155
-0.028361 0.026178 0.149123
-0.317557 0.141656 0.005615
-0.331634 0.150054 0.021247
-0.302940 0.156291 0.021310
-0.328362 0.140547 0.034388
-0.270983 0.009970 0.020449
-0.264187 0.024654 0.049829
-0.254843 0.053503 0.044788
-0.252288 0.034584 -0.000039
-0.222771 -0.021878 0.004352
-0.270983 0.009970 0.020449
-0.252288 0.034584 -0.000039
-0.218740 0.063370 0.032726
-0.202830 0.039020 -0.001296
-0.214700 0.056112 0.049862
-0.202830 0.039020 -0.001296
-0.218740 0.063370 0.032726
-0.204389 0.076560 0.039593
-0.204902 0.087938 0.024797
-0.214485 0.102821 0.038705
-0.322053 0.125157 0.020774
-0.317557 0.141656 0.005615
-0.268095 0.139354 0.006580
-0.322053 0.125157 0.020774
-0.270441 0.134411 0.026735
-0.328362 0.140547 0.034388
-0.294322 0.145743 0.021747
-0.249878 0.141484 0.019477
-0.260423 0.120237 0.013575
-0.207840 0.118842 0.015317
-0.228011 0.109514 0.018351
-0.260423 0.120237 0.013575
-0.259878 0.116406 0.025242
-0.204389 0.076560 0.039593
-0.183954 0.090385 0.055935
-0.180172 0.085903 0.003630
-0.180172 0.085903 0.003630
-0.113396 0.121437 0.017946
-0.091875 0.099551 0.005720
-0.213669 0.127257 0.020485
-0.174364 0.110559 0.040905
-0.183954 0.090385 0.055935
-0.165433 0.109232 0.021118
-0.165433 0.109232 0.021118
-0.113396 0.121437 0.017946
-0.174364 0.110559 0.040905
-0.098137 0.114202 0.075324
0.117789 0.022605 -0.004578
0.075755 0.110900 0.007100
-0.043713 0.181537 0.024253
-0.091875 0.099551 0.005720
-0.023682 0.210873 0.040174
-0.007956 0.159089 0.086354
0.000295 0.202728 0.052508
-0.046179 0.257344 0.019877
-0.043713 0.181537 0.024253
-0.023682 0.210873 0.040174
-0.025073 0.274282 0.033391
-0.020112 0.268441 0.027867
-0.017543 0.235989 0.018020
-0.013485 0.273987 0.013230
-0.014712 0.311082 0.032947
-0.035802 0.303866 0.023421
-0.017543 0.235989 0.018020
-0.001640 0.300932 0.023845
-0.018608 0.327670 0.006271
-0.193458 0.031656 0.107919
-0.156227 0.046978 0.103978
-0.169534 0.079734 0.091730
-0.168434 0.013863 0.126027
-0.035733 0.068664 0.104197
-0.049199 0.148963 0.071188
0.025238 0.108673 0.114162
-0.000038 -0.393123 0.007933
0.013478 -0.393833 0.023093
-0.004907 -0.380924 0.038139
-0.000038 -0.393123 0.007933
-0.015625 -0.381206 0.008562
0.012217 -0.362055 0.004030
0.028760 -0.304483 0.005435
0.013478 -0.393833 0.023093
-0.000038 -0.393123 0.007933
0.012217 -0.362055 0.004030
0.008080 -0.237721 0.034028
0.025463 -0.279675 0.018431
0.028760 -0.304483 0.005435
0.008747 -0.226183 0.004610
0.016604 -0.224659 0.019513
0.036517 -0.203345 0.058356
0.016604 -0.224659 0.019513
0.008747 -0.226183 0.004610
0.023077 -0.200416 0.000726
0.038113 -0.317011 0.020049
0.036318 -0.215117 0.031240
0.036517 -0.203345 0.058356
0.152805 -0.033722 0.007566
0.126412 -0.237872 0.003415
0.126826 -0.242236 0.031593
0.149846 -0.269822 0.004930
0.161718 -0.256681 0.059551
0.149846 -0.269822 0.004930
0.126412 -0.237872 0.003415
0.179797 -0.245358 -0.002230
0.203502 -0.267381 0.006557
0.205772 -0.269251 0.023165
0.181233 -0.180554 0.059046
0.205388 -0.205377 0.014713
0.204167 -0.113234 0.070073
0.192470 -0.176411 0.002116
0.191988 -0.120187 0.001160
0.203825 -0.127329 0.008463
0.166905 -0.013969 0.025088
0.152805 -0.033722 0.007566
0.170599 0.013082 0.020313
0.171692 -0.009611 0.070341
0.178963 -0.034257 0.046342
0.191988 -0.120187 0.001160
0.191800 -0.051563 0.007734
0.205013 -0.078870 0.009047
0.180622 -0.084842 0.088745
0.203775 -0.054419 0.046305
0.199764 -0.038126 0.034894
0.183922 -0.035899 0.021678
0.203502 -0.267381 0.006557
0.220193 -0.239020 0.003460
0.216982 -0.230116 0.047340
0.220193 -0.239020 0.003460
0.215019 -0.082690 0.036232
0.205013 -0.078870 0.009047
0.205013 -0.078870 0.009047
0.191800 -0.051563 0.007734
0.235177 -0.015703 0.013363
0.235177 -0.015703 0.013363
0.191800 -0.051563 0.007734
0.212271 -0.023103 0.019477
0.183922 -0.035899 0.021678
0.199764 -0.038126 0.034894
0.241470 -0.018769 0.037649
0.247827 -0.038531 0.021351
0.261075 -0.018383 0.038477
0.240324 -0.035986 0.040313
0.278073 0.005112 0.006096
0.282793 0.022898 0.032769
0.101450 -0.218766 0.045083
0.054517 -0.125394 0.109175
0.034300 -0.071024 0.134403
0.032588 -0.018248 0.152909
0.100229 -0.030928 0.124846
0.184075 -0.214573 0.065010
0.137635 -0.133454 0.098230
0.096704 -0.138900 0.117471
0.141292 -0.181696 0.076217
0.176772 -0.151494 0.090492
0.145336 -0.035521 0.096006
0.126548 0.018870 0.095041
0.029682 0.189403 0.045573
0.014728 0.189518 0.020998
0.056274 0.203835 0.027913
0.051127 0.203266 0.019834
0.039307 0.174181 0.003328
0.071102 0.150825 0.005388
0.065250 0.190738 0.011696
0.051127 0.203266 0.019834
0.081048 0.163233 0.022150
0.065250 0.190738 0.011696
0.088782 0.211181 0.019179
0.064024 0.165888 0.085458
0.083042 0.157657 0.042790
0.065473 0.190444 0.035389
0.051127 0.203266 0.019834
0.056274 0.203835 0.027913
0.065398 0.232489 0.020705
0.076136 0.226796 0.008166
0.070952 0.272629 0.014722
0.087113 0.270845 0.032201
0.077331 0.214402 0.033304
0.087113 0.270845 0.032201
0.088782 0.211181 0.019179
0.094396 0.262878 0.024608
0.092007 0.292032 0.007294
0.092758 0.304858 0.033119
0.073903 0.293217 0.047528
0.008983 0.339005 0.034302
0.010745 0.320134 0.040856
0.008045 0.311906 0.008724
0.036130 0.314174 0.029191
-0.001640 0.300932 0.023845
0.056906 0.351124 0.001655
0.036130 0.314174 0.029191
0.052844 0.312033 0.029896
0.047760 0.307299 0.051135
0.052844 0.312033 0.029896
0.056404 0.337984 0.047138
0.068762 0.328453 0.024930
0.068369 0.352789 0.021010
0.028831 0.342408 0.075718
0.039448 0.351404 0.036683
0.058116 0.362602 0.031161
0.050700 0.369762 0.004516
0.039448 0.351404 0.036683
0.058116 0.362602 0.031161
0.063734 0.395895 0.026804
0.065579 0.398908 0.003706
0.070952 0.272629 0.014722
0.052844 0.312033 0.029896
0.068762 0.328453 0.024930
0.077693 0.320367 0.044459
0.056404 0.337984 0.047138
0.063734 0.395895 0.026804
0.080773 0.378038 0.008894
0.065579 0.398908 0.003706
0.125915 0.049861 0.044136
0.118630 0.043910 0.009586
0.104952 0.106528 0.020057
0.139717 0.022062 0.063197
0.117789 0.022605 -0.004578
0.104952 0.106528 0.020057
0.075755 0.110900 0.007100
0.110366 0.117806 0.022078
0.110425 0.124842 0.035087
0.104952 0.106528 0.020057
0.110366 0.117806 0.022078
0.114971 0.155448 0.008828
0.081048 0.163233 0.022150
0.119901 0.155499 0.029881
0.083042 0.157657 0.042790
0.175004 0.114871 0.012686
0.164596 0.124898 0.031096
0.159303 0.138525 0.010741
0.216578 0.140269 0.008888
0.201012 0.107200 0.019755
0.241526 0.013040 0.019782
0.267072 0.077441 0.013472
0.253446 0.061620 0.015655
0.217583 0.100580 0.005727
0.217583 0.100580 0.005727
0.253446 0.061620 0.015655
0.259603 0.051469 0.033420
0.266684 0.032450 0.008752
0.222080 0.097658 0.025934
0.254108 0.102049 0.021733
0.270102 0.069856 0.035627
0.266684 0.032450 0.008752
0.284322 0.054296 0.017609
0.241128 0.105975 0.008397
0.221093 0.121008 0.000687
0.228375 0.117508 0.025605
0.060399 0.041220 0.132528
0.088730 0.023635 0.151691
0.086480 0.024566 0.134281
0.033491 0.161047 0.086113
0.037518 0.078590 0.107206
0.087029 0.143765 0.075716
0.110425 0.124842 0.035087
0.098822 0.111974 0.041251
0.010745 0.320134 0.040856
0.011096 0.329056 0.074050
0.008983 0.339005 0.034302
0.028831 0.342408 0.075718
0.012208 0.346812 0.059115
0.012208 0.346812 0.059115
0.097867 0.081775 0.092053
0.132639 0.057170 0.081734
-0.217249 -0.142414 0.007205
-0.223278 -0.154548 0.020740
-0.197897 -0.081359 0.002257
-0.105139 -0.204794 0.003655
-0.015625 -0.381206 0.008562
-0.007612 -0.355254 0.028111
-0.004907 -0.380924 0.038139
-0.322053 0.125157 0.020774
-0.207840 0.118842 0.015317
-0.302940 0.156291 0.021310
-0.180172 0.085903 0.003630
-0.165433 0.109232 0.021118
-0.017543 0.235989 0.018020
-0.016734 0.170301 0.000905
-0.030068 0.209500 0.010398
-0.165433 0.109232 0.021118
-0.016734 0.170301 0.000905
-0.030068 0.209500 0.010398
-0.030601 0.272896 0.007985
-0.030068 0.209500 0.010398
0.014728 0.189518 0.020998
-0.013485 0.273987 0.013230
-0.017543 0.235989 0.018020
0.008747 -0.226183 0.004610
0.029860 -0.315720 0.033888
0.023077 -0.200416 0.000726
0.008747 -0.226183 0.004610
0.085013 -0.197918 -0.006500
0.085013 -0.197918 -0.006500
0.192470 -0.176411 0.002116
0.191800 -0.051563 0.007734
0.203775 -0.054419 0.046305
0.215019 -0.082690 0.036232
0.235177 -0.015703 0.013363
0.071102 0.150825 0.005388
0.065250 0.190738 0.011696
0.071102 0.150825 0.005388
0.065473 0.190444 0.035389
0.076136 0.226796 0.008166
0.065250 0.190738 0.011696
0.036130 0.314174 0.029191
0.008983 0.339005 0.034302
0.068762 0.328453 0.024930
0.068369 0.352789 0.021010
0.080343 0.366270 0.023070
0.080773 0.378038 0.008894
0.080343 0.366270 0.023070
0.068369 0.352789 0.021010
0.080343 0.366270 0.023070
0.075755 0.110900 0.007100
0.175004 0.114871 0.012686
0.098822 0.111974 0.041251
0.157519 0.156468 0.036091
-0.223263 -0.154373 0.020687
-0.213984 -0.151536 0.037993
-0.217417 -0.113416 0.044157
-0.205647 -0.114221 0.061095
-0.229656 -0.039906 0.025288
-0.248298 -0.020069 0.039489
-0.222130 -0.021469 0.004796
-0.254432 -0.012884 0.022301
-0.258412 0.009427 0.007821
-0.215100 -0.088417 0.022005
-0.223386 -0.066290 0.053431
-0.214201 -0.058348 0.008204
-0.210545 -0.086366 0.052293
-0.203441 -0.161451 0.030938
-0.181356 -0.158728 0.020105
-0.165272 -0.150165 0.033606
-0.161426 -0.135244 0.054414
-0.166037 -0.142425 0.008756
-0.132781 -0.119784 0.007128
-0.166037 -0.142425 0.008756
-0.217249 -0.142414 0.007205
-0.147664 -0.150957 0.009756
-0.127694 -0.180871 0.014426
-0.153726 -0.156042 0.034199
-0.125490 -0.167200 0.059346
-0.123079 -0.183824 0.006353
-0.104313 -0.204337 0.007235
-0.101766 -0.204525 0.036734
-0.197889 -0.081363 0.003557
-0.126141 -0.054378 0.005854
-0.174505 -0.090305 0.000580
-0.197889 -0.081363 0.003557
-0.149873 -0.012314 0.007628
-0.061913 -0.221659 0.020251
-0.050015 -0.219884 0.005979
-0.030172 -0.210117 -0.000541
-0.027603 -0.242011 0.009713
-0.066894 -0.209701 0.042944
-0.024114 -0.249227 0.028333
-0.022075 -0.213247 0.071472
-0.008997 -0.220164 -0.002713
-0.014178 -0.230925 0.044921
0.001867 -0.288244 0.004296
-0.002432 -0.290682 0.024217
-0.009781 -0.273914 0.008338
0.011132 -0.295374 0.035101
-0.011881 -0.251241 0.034723
-0.000573 -0.255659 -0.003119
-0.027603 -0.242011 0.009713
-0.024114 -0.249227 0.028333
-0.089832 -0.189436 -0.003580
-0.104313 -0.204337 0.007235
-0.123079 -0.183824 0.006353
-0.088063 -0.191405 0.066613
-0.029722 -0.107817 0.012031
-0.030172 -0.210117 -0.000541
0.054337 -0.072683 0.005682
-0.047172 -0.039073 0.003983
-0.205504 -0.036694 0.096877
-0.228322 -0.038820 0.045833
-0.220236 -0.026053 0.063227
-0.204024 -0.060933 0.098024
-0.141102 -0.109655 0.085109
-0.131212 -0.137997 0.082774
-0.098663 -0.140484 0.095595
-0.090803 -0.110951 0.113529
-0.185679 -0.010758 0.101827
-0.175283 -0.039562 0.112280
-0.154590 -0.061019 0.108317
-0.128011 -0.060353 0.111066
-0.149024 -0.012212 0.110107
-0.171074 -0.097829 0.094068
-0.114551 -0.089875 0.104019
-0.139369 -0.076556 0.110033
-0.117952 -0.041260 0.123465
-0.097446 -0.009597 0.121501
-0.098963 -0.072685 0.122614
-0.083435 -0.165895 0.092134
-0.060032 -0.169310 0.109021
-0.062619 -0.193435 0.070767
-0.041131 -0.163444 0.118026
-0.040796 -0.117530 0.120033
-0.014191 -0.131590 0.109882
-0.098548 -0.046736 0.123776
-0.075633 -0.074552 0.121657
-0.026810 -0.091021 0.130240
-0.052389 -0.049307 0.139250
-0.065375 -0.031023 0.135240
-0.060228 -0.000105 0.125288
-0.020630 -0.062704 0.150379
-0.009148 -0.017412 0.148267
0.005397 -0.040119 0.158992
-0.317557 0.141656 0.005615
-0.331634 0.150054 0.021247
-0.302940 0.156291 0.021310
-0.328362 0.140547 0.034388
-0.269051 0.010708 0.021163
-0.263633 0.004989 0.042513
-0.263336 0.025062 0.049207
-0.266637 0.037506 0.020884
-0.239925 -0.009841 0.060289
-0.250008 0.052416 0.020940
-0.251295 0.033692 0.000732
-0.251295 0.033692 0.000732
-0.222130 -0.021469 0.004796
-0.258412 0.009427 0.007821
-0.222836 0.016198 0.066790
-0.221058 0.034989 0.063533
-0.215392 0.051102 0.007684
-0.254003 0.052603 0.045212
-0.218300 0.062636 0.033399
-0.214078 0.055683 0.049095
-0.202491 0.038511 -0.000700
-0.218300 0.062636 0.033399
-0.204389 0.076560 0.039593
-0.204902 0.087938 0.024797
-0.214500 0.102794 0.038661
-0.322053 0.125157 0.020774
-0.317557 0.141656 0.005615
-0.268095 0.139354 0.006580
-0.322053 0.125157 0.020774
-0.270461 0.134050 0.026126
-0.328362 0.140547 0.034388
-0.294322 0.145743 0.021747
-0.249878 0.141484 0.019477
-0.259867 0.116387 0.025180
-0.228011 0.109514 0.018351
-0.239518 0.113469 0.033735
-0.260423 0.120237 0.013575
-0.241146 0.129687 0.032765
-0.207904 0.118854 0.015186
-0.260423 0.120237 0.013575
-0.179898 0.084576 0.006146
-0.215392 0.051102 0.007684
-0.204389 0.076560 0.039593
-0.183980 0.090374 0.055988
-0.179898 0.084576 0.006146
-0.190631 0.100165 0.011612
-0.192543 0.097701 0.046025
-0.146153 0.097875 0.002259
-0.120169 0.105913 0.007022
-0.091546 0.099153 0.003625
-0.213669 0.127221 0.020390
-0.173452 0.107401 0.039824
-0.183980 0.090374 0.055988
-0.165263 0.108703 0.021253
-0.165263 0.108703 0.021253
-0.173452 0.107401 0.039824
-0.148978 0.119203 0.023641
-0.150342 0.117943 0.054892
-0.112923 0.120285 0.018984
-0.148978 0.119203 0.023641
-0.112923 0.120285 0.018984
-0.102200 0.115458 0.061952
-0.047189 0.060932 0.003150
0.012580 -0.003550 -0.004230
0.012622 0.094007 0.007063
-0.078656 0.134241 0.011043
-0.079637 0.146291 0.030045
-0.078656 0.134241 0.011043
-0.039398 0.156672 0.003817
-0.039398 0.156672 0.003817
-0.058172 0.153184 0.004664
-0.072100 0.152881 0.017509
-0.042960 0.180789 0.025306
-0.041377 0.175988 0.048558
-0.048511 0.147903 0.070363
-0.039401 0.174815 0.008270
-0.030100 0.209503 0.010400
-0.023124 0.210978 0.039751
-0.011992 0.178026 0.066377
0.000497 0.202814 0.052497
-0.039577 0.209457 0.022259
-0.039649 0.235418 0.035810
-0.039577 0.209457 0.022259
-0.023124 0.210978 0.039751
-0.012000 0.210329 0.010810
-0.030100 0.209503 0.010400
-0.017451 0.236176 0.018474
-0.009605 0.216149 0.030927
-0.017451 0.236176 0.018474
-0.025037 0.274282 0.033351
-0.020112 0.268441 0.027867
-0.013485 0.273987 0.013230
-0.006373 0.302991 0.002564
-0.030690 0.272924 0.008347
-0.039837 0.291923 0.009714
-0.014712 0.311082 0.032947
-0.035550 0.303677 0.023497
-0.009605 0.216149 0.030927
-0.001640 0.300932 0.023845
-0.017866 0.327371 0.006297
-0.020035 0.329861 0.015622
-0.202370 -0.000865 0.070763
-0.206096 0.022048 0.093284
-0.182759 0.050066 0.084057
-0.189754 0.012033 0.111706
-0.168951 0.078505 0.090805
-0.156054 0.046117 0.102250
-0.192857 0.031696 0.107332
-0.155397 0.024659 0.124138
-0.133588 0.008138 0.121290
-0.168354 0.013254 0.124854
-0.130074 0.072830 0.092962
-0.144637 0.101219 0.079013
-0.120241 0.036571 0.109531
-0.109183 0.053835 0.109667
-0.096816 0.110604 0.072694
-0.085787 0.023308 0.107587
-0.059915 0.035430 0.109887
-0.080712 0.062630 0.100934
-0.063324 0.088734 0.102168
-0.085564 0.086148 0.083488
-0.074809 0.100227 0.085881
-0.035207 0.038877 0.123583
-0.028888 0.026703 0.149925
-0.036114 0.068533 0.103383
-0.044521 0.103907 0.091313
-0.024490 0.008671 0.147820
-0.008977 0.026494 0.146782
-0.009954 0.099090 0.108782
-0.007849 0.052660 0.121259
0.006417 0.074503 0.109536
-0.076920 0.138105 0.072679
-0.024297 0.124281 0.084678
-0.008412 0.159304 0.086880
0.011966 0.147851 0.096950
-0.000038 -0.393123 0.007933
0.013481 -0.393837 0.023059
-0.004674 -0.380749 0.037689
-0.000038 -0.393123 0.007933
-0.008416 -0.357893 0.007939
0.012273 -0.362081 0.004104
0.028751 -0.304465 0.005564
0.013481 -0.393837 0.023059
-0.000038 -0.393123 0.007933
0.012273 -0.362081 0.004104
0.010435 -0.362732 0.036295
0.024466 -0.347712 0.015698
0.029760 -0.315677 0.033687
0.004345 -0.317919 0.032964
0.038223 -0.317062 0.020193
0.008613 -0.238229 0.034205
-0.008997 -0.220164 -0.002713
0.008747 -0.226183 0.004610
0.025463 -0.279675 0.018431
0.028751 -0.304465 0.005564
0.008747 -0.226183 0.004610
0.016629 -0.224690 0.019534
0.016167 -0.222428 0.039878
0.016629 -0.224690 0.019534
0.008747 -0.226183 0.004610
0.023147 -0.200242 0.002573
0.036570 -0.213859 0.032445
0.016167 -0.222428 0.039878
0.051669 -0.215051 0.006798
0.099383 -0.228882 0.025332
0.068904 -0.102836 0.005625
0.018760 -0.180222 0.000891
-0.003736 -0.130620 0.012333
0.023147 -0.200242 0.002573
0.081855 -0.168890 -0.003857
0.152844 -0.033710 0.008184
0.117530 0.022645 0.000775
0.126305 -0.238024 0.003574
0.115433 -0.235336 0.013221
0.076835 -0.216052 0.008461
0.126619 -0.242682 0.031659
0.101662 -0.216940 0.043488
0.136301 -0.227700 0.055247
0.121563 -0.206143 0.055085
0.145496 -0.266857 0.014920
0.161422 -0.255575 0.059536
0.165356 -0.267062 0.045185
0.150308 -0.269345 0.004388
0.126305 -0.238024 0.003574
0.179797 -0.245358 -0.002230
0.160647 -0.233220 0.058253
0.150308 -0.269345 0.004388
0.177722 -0.265075 0.008547
0.205340 -0.268644 0.022570
0.202037 -0.254232 0.043268
0.203519 -0.267883 0.006236
0.085448 -0.196973 -0.002379
0.192431 -0.176440 0.002162
0.152509 -0.133530 0.001384
0.192041 -0.120328 0.002658
0.188178 -0.197131 0.044129
0.204196 -0.166186 0.030645
0.200181 -0.149928 0.042780
0.180731 -0.180234 0.058665
0.192431 -0.176440 0.002162
0.192041 -0.120328 0.002658
0.204049 -0.127373 0.008355
0.203441 -0.160515 0.012339
0.166905 -0.013969 0.025088
0.152844 -0.033710 0.008184
0.148126 0.021591 0.006774
0.171347 -0.009739 0.070156
0.178796 -0.034237 0.046315
0.191800 -0.051563 0.007734
0.204614 -0.078680 0.009841
0.180250 -0.084714 0.087945
0.203775 -0.054419 0.046305
0.199764 -0.038126 0.034894
0.183922 -0.035899 0.021678
0.203519 -0.267883 0.006236
0.218846 -0.239040 0.003613
0.190740 -0.236776 0.059488
0.216036 -0.229679 0.046567
0.217586 -0.217463 0.008339
0.218846 -0.239040 0.003613
0.206991 -0.209226 0.002354
0.223698 -0.241296 0.019139
0.206137 -0.205797 0.015059
0.215014 -0.082624 0.036440
0.204614 -0.078680 0.009841
0.204614 -0.078680 0.009841
0.191800 -0.051563 0.007734
0.225145 -0.040457 0.006062
0.225145 -0.040457 0.006062
0.191800 -0.051563 0.007734
0.212271 -0.023103 0.019477
0.183922 -0.035899 0.021678
0.199764 -0.038126 0.034894
0.241681 -0.018990 0.037502
0.227692 -0.065400 0.018400
0.247051 -0.038016 0.021698
0.251088 -0.024172 0.014720
0.235104 -0.015846 0.014939
0.252646 0.001845 0.006055
0.261075 -0.018383 0.038477
0.240330 -0.035989 0.040321
0.251088 -0.024172 0.014720
0.277651 0.005378 0.006399
0.275725 -0.007308 0.020330
0.006262 -0.163510 0.095583
0.026419 -0.142569 0.112742
0.019373 -0.185726 0.075184
0.036818 -0.202143 0.057037
0.035587 -0.161399 0.088779
0.054694 -0.124257 0.107438
0.004158 -0.119328 0.120733
0.068986 -0.212392 0.059498
0.099901 -0.183485 0.075005
0.073685 -0.161245 0.090522
0.096655 -0.138918 0.116918
0.078557 -0.116744 0.122841
-0.000151 -0.090859 0.138479
0.016949 -0.066895 0.149029
0.029412 -0.091987 0.123888
0.040155 -0.046798 0.149144
0.052693 -0.031419 0.140356
0.031958 -0.017961 0.149303
0.079782 -0.100712 0.125399
0.034043 -0.070880 0.133639
0.060575 -0.057499 0.120768
0.074117 -0.016803 0.145926
0.088636 0.023755 0.151037
0.099483 -0.030630 0.123015
0.183986 -0.214647 0.064910
0.196560 -0.215559 0.053281
0.113997 -0.165485 0.084331
0.137312 -0.133676 0.097170
0.137407 -0.112569 0.096355
0.104822 -0.098363 0.109538
0.141076 -0.181998 0.076532
0.156807 -0.176706 0.075616
0.163313 -0.093498 0.096642
0.176317 -0.151381 0.090074
0.121502 -0.082465 0.111375
0.137884 -0.061728 0.097143
0.115459 -0.053454 0.122683
0.122205 -0.041266 0.121902
0.114763 -0.013934 0.109784
0.144788 -0.035431 0.094799
0.167794 -0.063450 0.082721
0.163895 -0.036841 0.073729
0.204337 -0.113184 0.069822
0.194800 -0.151492 0.071414
0.095419 0.054698 -0.000417
0.014681 0.189510 0.021186
0.002729 0.179426 0.009191
-0.012000 0.210329 0.010810
0.029671 0.189277 0.045473
0.014681 0.189510 0.021186
0.056274 0.203835 0.027913
0.051127 0.203266 0.019834
0.075581 0.110868 0.006160
0.039298 0.174176 0.003343
0.071109 0.150819 0.005385
0.065282 0.190734 0.011694
0.051127 0.203266 0.019834
0.081643 0.163162 0.022111
0.065282 0.190734 0.011694
0.076294 0.185847 0.021143
0.065142 0.178856 0.069465
0.082954 0.157622 0.042663
0.065222 0.189909 0.035069
0.051127 0.203266 0.019834
0.056274 0.203835 0.027913
0.065398 0.232489 0.020705
0.076130 0.226804 0.008591
0.076287 0.263509 0.006381
0.070846 0.272521 0.014640
0.073456 0.277625 0.032224
0.065558 0.291488 0.030071
0.076294 0.185847 0.021143
0.065282 0.190734 0.011694
0.089031 0.211190 0.019482
0.077331 0.214402 0.033304
0.087263 0.270868 0.031885
0.094396 0.262878 0.024608
0.090627 0.246352 0.007940
0.091656 0.291943 0.007783
0.092606 0.304748 0.033150
0.073903 0.293217 0.047528
0.009120 0.338843 0.034293
0.010745 0.320134 0.040856
0.007818 0.312101 0.009557
0.035939 0.314588 0.029686
-0.001640 0.300932 0.023845
0.045437 0.329804 0.007694
0.006511 0.340289 0.008949
0.056618 0.351750 0.002403
0.035939 0.314588 0.029686
0.052605 0.311965 0.029693
0.047609 0.307583 0.050518
0.052605 0.311965 0.029693
0.056404 0.337984 0.047138
0.068570 0.328326 0.024883
0.068369 0.352789 0.021010
0.054055 0.324205 0.059241
0.039553 0.351331 0.036649
0.058309 0.362455 0.031150
0.047141 0.369190 0.013037
0.039553 0.351331 0.036649
0.058309 0.362455 0.031150
0.063354 0.395675 0.026684
0.065579 0.398908 0.003706
0.071338 0.310558 0.022718
0.065558 0.291488 0.030071
0.052605 0.311965 0.029693
0.061731 0.292742 0.047667
0.068570 0.328326 0.024883
0.077645 0.320603 0.044229
0.056404 0.337984 0.047138
0.051360 0.369334 0.004164
0.088200 0.310737 0.021238
0.080201 0.389912 0.020292
0.080379 0.377810 0.008770
0.065579 0.398908 0.003706
0.063354 0.395675 0.026684
0.118133 0.043635 0.010232
0.102334 0.083555 0.006560
0.113893 0.075057 0.019261
0.095419 0.054698 -0.000417
0.075581 0.110868 0.006160
0.104663 0.106418 0.020335
0.124665 0.048875 0.044187
0.113167 0.074121 0.045168
0.139574 0.021916 0.063104
0.148700 0.026487 0.044087
0.130318 0.065907 0.063122
0.117530 0.022645 0.000775
0.173046 0.006152 0.039531
0.169353 0.012165 0.021124
0.104663 0.106418 0.020335
0.075581 0.110868 0.006160
0.110317 0.117550 0.021994
0.110273 0.124781 0.034867
0.104663 0.106418 0.020335
0.110317 0.117550 0.021994
0.098951 0.112019 0.041322
0.097897 0.138961 0.048306
0.096966 0.137764 0.008031
0.071109 0.150819 0.005385
0.115046 0.155150 0.008811
0.081643 0.163162 0.022111
0.119901 0.155499 0.029881
0.082954 0.157622 0.042663
0.155402 0.122601 0.016904
0.164654 0.124958 0.030961
0.159411 0.138165 0.011329
0.178801 0.153544 0.019069
0.174899 0.114328 0.012508
0.173600 0.141273 0.005804
0.174899 0.114328 0.012508
0.200944 0.107122 0.019844
0.228391 0.117474 0.025579
0.164070 0.138719 0.034723
0.236300 -0.011479 0.029087
0.241418 0.013069 0.019751
0.251573 0.030148 0.025917
0.267072 0.077441 0.013472
0.253391 0.061557 0.015728
0.217583 0.100580 0.005727
0.217583 0.100580 0.005727
0.253391 0.061557 0.015728
0.226598 0.086060 0.018084
0.241170 0.070911 0.023874
0.249646 0.082223 0.033803
0.259458 0.051499 0.033453
0.266748 0.032449 0.009001
0.266210 0.081112 0.029489
0.270035 0.069729 0.035362
0.282360 0.023138 0.032761
0.266748 0.032449 0.009001
0.284315 0.054291 0.017606
0.216513 0.139488 0.009137
0.188090 0.145593 0.026008
0.241128 0.105975 0.008397
0.221093 0.121008 0.000687
0.254070 0.102024 0.021714
0.028207 0.020183 0.136613
0.035753 0.056973 0.118867
0.009011 0.037597 0.138407
0.037696 0.078272 0.106392
0.061063 0.040980 0.132328
0.071831 0.059692 0.109126
0.053544 0.025123 0.147458
0.086463 0.024511 0.134441
0.103368 0.025663 0.108945
0.095456 -0.009179 0.128450
0.025475 0.108360 0.113307
0.018508 0.185189 0.065143
0.033420 0.160812 0.085237
0.054041 0.089831 0.097359
0.036596 0.135832 0.091591
0.074612 0.116469 0.092590
0.066992 0.140664 0.082911
0.063539 0.164853 0.084840
0.099216 0.106273 0.087396
0.086349 0.143378 0.074768
0.097897 0.138961 0.048306
0.098951 0.112019 0.041322
0.010745 0.320134 0.040856
0.011077 0.329267 0.073810
0.009120 0.338843 0.034293
0.026900 0.319262 0.066511
0.028788 0.342630 0.075500
0.012208 0.346812 0.059115
0.012208 0.346812 0.059115
0.028788 0.342630 0.075500
0.054055 0.324205 0.059241
0.100918 0.095341 0.078111
0.096620 0.081203 0.091613
0.140674 -0.002963 0.096455
0.126446 0.018805 0.094978
0.106775 0.047527 0.094495
0.132202 0.056886 0.081769
0.108923 0.082337 0.073907
-0.217249 -0.142414 0.007205
-0.147664 -0.150957 0.009756
-0.007479 -0.355237 0.028100
-0.017752 -0.380169 0.024835
-0.015641 -0.380973 0.008214
-0.017752 -0.380169 0.024835
-0.015641 -0.380973 0.008214
-0.004674 -0.380749 0.037689
-0.014178 -0.230925 0.044921
-0.096961 0.028636 0.011624
-0.186862 -0.086558 0.089299
-0.034848 -0.190256 0.097894
-0.008938 -0.191313 0.093028
-0.322053 0.125157 0.020774
-0.207904 0.118854 0.015186
-0.302940 0.156291 0.021310
-0.184512 0.114580 0.020019
-0.179898 0.084576 0.006146
-0.184512 0.114580 0.020019
-0.030100 0.209503 0.010400
-0.016038 0.169842 0.002642
-0.165263 0.108703 0.021253
-0.165263 0.108703 0.021253
-0.045256 0.257210 0.019799
-0.013485 0.273987 0.013230
-0.012000 0.210329 0.010810
-0.173876 0.089146 0.080668
0.008747 -0.226183 0.004610
-0.008997 -0.220164 -0.002713
0.085448 -0.196973 -0.002379
0.177722 -0.265075 0.008547
0.206991 -0.209226 0.002354
0.191800 -0.051563 0.007734
0.203775 -0.054419 0.046305
0.215014 -0.082624 0.036440
0.220614 -0.072923 0.032943
0.252646 0.001845 0.006055
0.190259 -0.112103 0.085320
0.071109 0.150819 0.005385
0.065282 0.190734 0.011694
-0.012000 0.210329 0.010810
0.065222 0.189909 0.035069
0.070846 0.272521 0.014640
0.076130 0.226804 0.008591
0.076287 0.263509 0.006381
0.035939 0.314588 0.029686
0.009120 0.338843 0.034293
0.068570 0.328326 0.024883
0.068369 0.352789 0.021010
0.080201 0.389912 0.020292
0.080297 0.366244 0.023055
0.080379 0.377810 0.008770
0.080297 0.366244 0.023055
0.068369 0.352789 0.021010
0.080297 0.366244 0.023055
0.155402 0.122601 0.016904
0.157498 0.155926 0.035935
0.222074 0.097591 0.025754
0 1
0 2
0 10
0 11
0 24
0 25
1 2
1 6
1 7
1 9
1 10
1 20
2 3
2 4
2 7
2 8
2 11
2 13
3 4
3 5
3 12
3 13
3 39
3 49
3 50
4 5
4 8
4 48
4 61
4 67
5 39
5 61
5 66
6 7
6 9
6 60
6 78
7 8
7 19
7 60
7 65
8 17
8 18
8 19
8 48
9 20
9 78
10 20
10 21
10 22
10 25
10 79
10 80
11 13
11 14
11 15
11 24
11 30
11 42
11 43
11 63
11 69
12 13
12 28
12 29
12 50
12 51
12 53
12 91
13 30
13 53
14 15
14 16
14 69
15 16
15 26
15 41
15 42
15 52
16 22
16 26
16 68
17 18
17 48
17 59
18 19
18 47
18 59
19 47
19 65
20 78
20 79
20 88
21 22
21 23
22 23
22 25
22 26
22 40
22 68
23 40
23 86
24 25
24 69
24 82
24 89
25 68
25 79
25 89
26 40
26 41
26 62
27 28
27 29
27 54
27 55
27 71
27 81
28 29
28 51
28 71
29 50
29 55
29 73
30 31
30 32
30 45
30 53
30 56
30 63
30 76
31 32
31 45
32 33
32 34
32 36
32 56
32 58
33 34
33 45
33 57
34 35
34 36
34 57
34 92
34 93
35 36
35 37
35 38
36 37
36 46
36 57
36 58
36 64
36 77
37 38
37 46
38 46
38 77
38 93
39 49
39 66
39 85
40 62
40 75
40 86
41 52
42 43
42 44
42 52
42 82
42 83
42 84
43 44
43 63
43 64
43 70
43 84
44 46
44 64
44 70
44 84
45 53
45 57
45 76
46 64
46 70
46 77
47 48
47 59
47 67
47 87
48 59
48 67
49 50
49 85
50 73
50 85
50 90
51 71
51 73
51 90
51 91
52 62
52 69
52 74
52 82
53 76
53 91
54 55
54 71
54 81
55 71
55 72
56 57
56 58
56 76
57 76
57 77
57 92
60 65
60 78
60 88
60 95
61 66
61 67
61 85
61 94
61 95
62 74
62 75
63 76
63 83
63 84
64 70
64 77
65 67
65 87
65 94
65 95
66 85
67 87
67 94
68 75
68 79
68 86
69 74
69 82
70 77
70 84
71 72
71 73
72 73
73 90
74 75
75 86
76 83
76 91
77 92
77 93
78 88
79 80
79 86
79 88
79 89
82 83
82 89
82 91
82 96
83 84
83 91
85 90
85 95
88 89
88 95
88 96
89 96
90 91
90 95
91 95
91 96
92 93
94 95
95 96
97 98
97 99
97 100
97 101
97 107
97 110
97 111
97 132
98 99
98 131
98 132
98 161
98 176
99 111
99 131
99 162
99 178
100 101
100 105
100 107
100 108
101 105
101 111
101 179
101 197
102 103
102 104
102 106
102 107
102 109
102 110
103 104
103 109
103 112
103 136
103 137
104 110
104 112
104 133
104 134
104 135
105 108
105 113
105 197
105 208
106 107
106 109
106 117
106 118
106 119
106 181
106 198
107 108
107 110
107 115
107 117
108 113
108 114
108 115
109 137
109 138
109 166
109 181
110 132
110 135
110 206
111 178
111 179
111 214
112 133
112 136
112 180
112 196
113 114
113 163
113 207
113 208
114 115
114 116
114 163
115 116
115 117
115 121
115 123
115 124
115 182
116 120
116 121
116 163
117 118
117 122
117 124
118 119
118 122
118 142
119 142
119 198
119 218
119 280
120 121
120 163
120 266
120 268
120 279
121 182
121 268
122 124
122 128
122 129
122 130
122 142
122 150
122 183
123 124
123 145
123 182
123 184
123 185
123 209
123 210
124 128
124 145
125 126
125 127
125 150
125 169
125 200
125 219
126 127
126 144
126 168
126 169
126 186
127 143
127 144
127 167
127 200
128 129
128 145
128 151
128 187
129 130
129 151
129 190
130 150
130 170
130 190
130 211
131 161
131 162
132 176
132 206
132 233
133 134
133 177
133 196
134 135
134 177
134 247
135 206
135 247
135 276
135 285
136 137
136 180
136 248
136 249
137 138
137 139
137 249
138 139
138 140
138 141
138 166
139 141
139 249
139 267
139 273
140 141
140 143
140 144
140 165
140 166
140 235
141 164
141 165
141 267
142 183
142 218
143 144
143 167
143 235
144 165
144 168
144 199
145 185
145 187
145 282
145 283
145 297
146 147
146 148
146 149
146 188
146 189
146 222
147 148
147 149
147 184
147 185
147 221
147 227
148 184
148 189
148 201
148 210
149 222
149 226
149 227
150 169
150 170
150 171
150 183
150 202
150 219
151 152
151 154
151 174
151 187
151 190
151 212
152 153
152 154
152 155
152 174
153 154
153 155
153 156
153 158
153 191
153 193
154 191
154 212
154 241
155 156
155 174
155 192
155 224
156 157
156 158
156 192
156 246
156 259
156 271
157 158
157 159
157 160
158 159
158 175
158 193
158 194
158 205
158 230
158 231
158 232
158 260
159 160
159 175
160 175
160 195
160 245
160 246
161 162
161 176
161 213
162 178
162 213
163 207
163 265
163 266
164 165
164 199
164 237
164 267
165 199
166 181
166 217
166 234
166 235
167 200
167 220
167 235
167 236
167 237
168 186
168 199
169 186
169 202
169 239
169 240
170 171
170 172
170 173
170 203
170 204
170 211
171 173
171 202
171 257
171 258
172 173
172 203
172 205
172 229
173 229
173 258
173 263
174 187
174 224
174 241
175 194
175 195
176 213
176 233
176 261
177 196
177 215
177 247
177 284
178 213
178 214
178 261
179 197
179 214
179 262
179 275
179 298
180 196
180 215
180 248
180 272
181 198
181 217
181 250
181 251
182 209
182 252
182 268
182 269
183 218
183 219
183 253
184 185
184 210
185 221
185 282
186 220
186 236
186 239
187 241
187 283
188 189
188 222
188 225
188 228
189 201
189 225
189 227
189 228
190 211
190 212
190 242
190 243
191 193
191 232
191 241
191 264
192 224
192 259
192 264
194 195
194 205
194 244
194 245
195 245
196 215
197 208
197 262
198 251
198 280
199 236
199 237
200 219
200 220
201 210
201 227
201 238
202 240
202 255
202 256
202 257
203 204
203 205
203 223
203 230
204 211
204 223
204 242
204 258
204 263
205 229
205 230
205 244
206 233
206 275
206 276
206 277
207 208
207 216
207 265
208 216
208 262
209 210
209 238
209 252
210 238
211 242
212 241
212 243
213 261
214 233
214 261
214 275
215 272
215 284
216 262
216 265
216 278
217 234
217 250
217 267
217 273
218 253
218 280
218 293
218 294
219 220
219 253
219 270
220 236
220 239
220 240
220 270
221 227
221 238
221 281
221 282
222 226
222 228
222 254
223 230
223 260
223 263
223 274
224 241
224 264
227 228
227 238
228 254
229 244
229 260
229 263
229 274
230 260
231 232
231 259
231 260
232 259
232 264
233 261
233 275
234 235
234 237
234 267
236 237
237 267
238 252
238 281
239 240
240 255
240 270
241 243
241 264
241 283
242 243
242 257
242 258
243 256
243 257
243 283
243 299
244 245
244 246
244 260
244 290
245 246
246 271
246 290
247 284
247 285
247 286
248 249
248 251
248 272
248 273
248 291
248 292
248 300
249 273
250 251
250 273
251 273
251 280
251 292
252 269
252 281
253 255
253 270
253 293
253 301
255 256
255 270
255 301
256 257
256 299
256 301
256 308
257 258
258 263
259 260
259 264
259 271
259 287
260 274
260 287
260 290
262 278
262 298
262 304
263 274
265 266
265 278
265 288
266 279
266 288
266 289
266 303
266 307
267 273
268 269
268 279
268 289
269 281
269 289
269 295
269 296
271 287
271 290
272 284
272 286
272 291
272 300
275 277
275 298
275 302
276 277
276 285
276 286
276 300
276 305
276 306
277 302
277 306
278 288
278 303
278 304
279 289
280 292
280 294
281 282
281 295
282 295
282 297
283 297
283 299
283 309
284 286
285 286
286 300
287 290
288 303
289 296
289 307
291 300
292 294
292 300
292 310
293 294
293 301
294 301
294 310
294 313
294 314
295 296
295 297
296 297
296 307
296 309
296 312
297 309
298 302
298 304
298 316
299 308
299 309
300 305
300 310
300 311
301 308
301 313
302 306
302 316
303 304
303 307
303 312
303 315
304 315
304 316
304 319
305 306
305 311
306 311
306 316
307 312
308 309
308 313
308 318
309 312
309 315
309 318
310 311
310 314
310 317
310 320
311 316
311 317
311 319
312 315
313 314
313 318
313 320
313 321
314 320
315 318
315 319
315 321
316 319
317 319
317 320
317 321
318 321
319 321
320 321
322 323
322 324
322 328
322 376
323 324
323 328
323 370
323 371
323 453
323 485
324 370
324 376
324 425
324 455
325 326
325 327
325 330
325 341
325 342
325 343
325 345
326 327
326 330
326 333
326 335
326 337
327 333
327 341
327 347
327 372
327 373
327 374
328 329
328 330
328 343
328 344
328 371
328 376
329 330
329 331
329 332
329 344
329 348
330 335
330 343
330 348
331 332
331 334
331 336
331 348
332 334
332 344
332 428
332 456
332 537
333 337
333 346
333 347
333 377
333 378
333 429
334 336
334 428
334 430
334 490
335 337
335 338
335 348
335 352
336 348
336 349
336 350
336 353
336 430
337 352
337 378
337 379
337 433
337 458
338 339
338 340
338 348
338 352
338 359
338 360
338 363
338 432
339 340
339 360
339 387
340 352
340 355
340 386
340 387
341 342
341 372
341 375
341 426
342 345
342 426
342 488
343 345
343 371
343 489
343 502
344 376
344 456
345 488
345 489
346 347
346 377
346 427
346 457
347 374
347 427
347 487
348 353
348 432
349 350
349 351
349 430
349 431
349 503
349 504
350 351
350 353
351 353
351 354
351 431
352 355
352 458
352 491
353 354
353 359
353 432
354 356
354 357
354 358
354 359
354 381
354 431
354 460
354 461
355 386
355 437
355 491
356 357
356 381
356 521
357 358
357 438
357 505
357 521
357 522
358 359
358 361
358 362
358 388
358 438
359 362
359 363
359 432
360 363
360 367
360 368
360 369
360 387
360 394
360 395
360 441
361 362
361 388
361 389
361 439
361 465
362 363
362 389
362 392
362 443
362 496
363 367
363 392
363 393
364 365
364 366
364 400
364 444
364 445
365 366
365 391
365 400
365 442
366 390
366 391
366 440
366 444
366 494
366 495
367 368
367 393
367 403
367 404
368 369
368 404
368 405
368 406
368 407
369 394
369 405
369 447
369 473
369 507
370 423
370 424
370 425
370 452
370 485
371 453
371 502
371 514
372 373
372 375
372 486
373 374
373 454
373 486
374 454
374 487
375 426
375 486
375 516
375 549
376 455
376 456
376 515
377 429
377 457
377 571
378 379
378 380
378 429
378 573
379 380
379 383
379 433
379 459
380 459
380 573
381 461
381 521
381 538
382 383
382 384
382 385
382 434
382 435
382 459
382 462
383 384
383 433
383 459
384 385
384 433
384 436
385 390
385 391
385 435
385 436
385 463
386 387
386 437
386 441
386 523
387 441
388 438
388 439
388 464
388 493
389 465
389 472
389 496
389 527
390 391
390 440
390 463
390 554
391 435
391 442
391 492
392 393
392 443
393 403
393 443
393 468
394 395
394 401
394 402
394 444
394 446
394 447
395 441
395 444
395 525
396 397
396 398
396 399
396 469
396 470
396 528
397 398
397 399
397 472
398 465
398 470
398 472
398 497
398 506
399 472
399 528
399 542
399 543
400 442
400 445
400 466
400 467
401 402
401 446
401 498
402 444
402 445
402 498
402 562
403 404
403 468
404 407
404 468
404 474
405 406
405 473
406 407
406 473
406 475
406 508
407 411
407 413
407 449
407 474
407 475
408 409
408 410
408 448
408 476
409 410
409 476
409 477
409 500
409 510
409 545
410 446
410 448
410 477
410 509
411 412
411 413
411 414
411 449
412 413
412 414
412 415
412 416
412 417
413 417
413 475
413 478
414 415
414 418
414 449
414 479
414 530
415 416
415 418
416 417
416 418
416 419
416 420
416 481
416 511
416 534
417 420
417 450
417 478
417 480
418 479
418 511
419 420
419 421
419 422
419 481
420 421
420 450
420 451
420 482
420 532
420 533
420 548
421 422
421 451
421 501
422 481
422 483
422 501
422 568
423 424
423 452
423 484
424 425
424 484
425 455
425 484
425 512
426 488
426 516
427 457
427 487
427 517
428 490
428 537
428 570
429 571
429 573
429 620
430 490
430 504
430 519
431 460
431 503
431 551
431 598
431 606
433 436
433 458
433 520
434 435
434 462
434 524
434 540
434 591
434 599
435 492
435 524
436 463
436 520
436 552
436 554
437 491
437 523
437 539
438 464
438 505
439 465
439 493
439 506
440 494
440 540
440 554
440 591
441 523
441 525
441 578
441 609
441 622
442 466
442 492
443 468
443 496
443 558
444 445
444 495
444 525
445 467
445 560
445 561
445 562
446 447
446 448
446 498
446 509
446 566
446 583
447 448
447 507
448 476
448 499
448 507
449 474
449 530
449 563
449 584
450 480
450 531
450 547
450 548
450 586
451 482
451 483
451 501
452 484
452 485
452 513
452 569
453 485
453 513
453 514
453 596
454 486
454 487
454 535
455 512
455 515
455 569
455 587
456 515
456 536
456 537
457 517
457 571
457 605
457 628
458 491
458 520
458 574
458 575
458 590
459 462
459 573
459 599
459 608
460 461
460 551
460 589
461 538
461 589
462 599
463 554
464 493
464 505
464 576
464 600
464 601
465 472
465 506
466 467
466 492
466 555
467 555
467 561
467 579
468 474
468 558
468 610
468 611
468 626
469 470
469 471
469 528
470 471
470 497
470 541
470 543
470 544
471 528
471 541
471 544
472 527
472 543
472 559
473 507
473 508
473 564
473 565
473 612
474 563
474 611
475 478
475 508
475 593
476 499
476 500
476 529
476 546
477 509
477 545
477 566
477 592
478 480
478 531
478 593
478 594
479 511
479 530
479 585
479 594
479 595
480 531
481 534
481 568
482 483
482 533
482 567
482 568
483 501
483 568
484 512
484 569
485 513
486 535
486 549
486 633
486 646
487 517
487 535
488 489
488 516
488 615
488 616
489 502
489 550
489 614
489 615
489 617
490 519
490 570
490 588
491 539
491 575
491 621
492 524
492 540
492 555
492 556
493 506
493 576
493 577
494 495
494 526
494 540
494 555
494 556
495 525
495 526
496 527
496 558
496 625
497 506
497 543
497 557
498 562
498 581
498 582
498 583
499 507
499 529
499 564
499 566
499 592
500 510
500 532
500 546
500 548
502 514
502 550
503 504
503 518
503 572
503 598
504 518
504 519
505 522
505 600
506 557
506 577
507 564
508 565
508 593
509 566
510 532
510 533
510 545
510 567
511 534
511 585
511 603
512 569
513 569
513 596
514 550
514 587
514 596
515 536
515 587
515 597
516 549
516 616
517 535
517 628
517 633
518 519
518 572
518 588
519 588
520 552
520 590
521 522
521 538
521 553
522 553
522 600
523 539
523 622
523 629
523 638
524 540
525 526
525 578
525 602
526 555
526 560
526 562
526 579
526 602
527 559
527 623
527 625
527 630
528 542
528 544
528 580
529 546
529 586
529 592
529 613
529 641
530 584
530 594
531 547
531 585
531 594
531 595
532 533
532 548
533 567
534 568
534 603
534 643
534 654
535 633
536 537
536 597
536 604
536 618
536 634
536 657
536 658
537 570
537 618
538 553
538 589
538 637
539 621
539 638
540 556
540 591
541 544
543 544
543 557
543 559
544 580
545 567
545 592
545 613
545 632
546 548
546 586
547 585
547 586
548 586
549 616
549 633
549 636
549 646
550 587
550 597
550 614
551 589
551 606
551 652
551 664
552 554
552 590
552 591
552 599
553 600
553 637
553 644
553 653
555 556
555 579
557 559
557 577
558 625
558 626
558 670
558 673
559 577
559 623
560 561
560 562
560 579
561 579
562 581
562 602
562 624
563 584
563 593
563 594
563 611
563 627
564 566
564 583
564 612
565 593
565 612
565 640
566 583
566 592
567 568
567 632
567 643
568 643
569 587
569 596
570 588
570 618
570 655
570 671
570 696
571 605
571 620
571 648
572 588
572 598
572 619
573 607
573 608
573 620
573 649
574 575
574 590
574 607
574 608
575 607
575 621
575 649
575 665
575 677
576 577
576 601
576 623
576 630
577 623
578 602
578 609
578 624
578 650
581 582
581 624
581 639
582 583
582 612
582 639
582 640
582 674
582 681
583 612
584 594
585 586
585 595
585 603
585 631
585 645
586 631
586 641
586 642
587 596
587 597
588 619
588 655
588 659
588 688
589 637
589 664
590 599
590 608
591 599
592 613
593 594
593 627
593 640
594 595
597 604
597 614
598 606
598 619
599 608
600 601
600 653
601 630
601 653
601 667
601 668
602 624
603 645
603 654
604 614
604 634
605 628
605 648
605 662
605 663
606 619
606 652
606 691
607 608
607 649
609 622
609 629
609 650
609 660
609 679
610 611
610 626
610 627
610 661
610 680
610 694
611 627
612 640
613 632
613 641
613 642
614 617
614 634
614 647
615 616
615 617
615 635
615 651
616 635
616 636
617 647
617 651
618 657
618 671
619 659
619 691
620 648
620 649
620 676
621 638
621 656
621 665
621 678
621 689
622 629
623 630
624 639
624 650
625 630
625 669
625 673
626 670
626 680
627 640
627 661
628 633
628 663
629 638
629 656
629 660
630 667
630 669
631 642
631 643
631 645
631 654
632 642
632 643
633 636
633 646
633 663
634 647
634 658
634 682
635 636
635 651
635 675
635 695
635 701
636 663
636 675
637 644
637 664
637 672
638 656
639 650
639 681
639 686
640 661
640 674
640 687
641 642
642 643
643 654
644 653
644 672
644 692
644 704
645 654
647 651
647 682
647 690
648 662
648 676
649 676
649 677
649 698
650 679
650 686
650 700
651 690
651 701
651 702
651 719
652 664
652 691
652 720
653 668
653 704
655 688
655 696
656 660
656 666
656 689
657 658
657 671
658 671
658 682
658 707
658 709
659 688
659 691
659 697
660 666
660 679
661 687
661 694
662 663
662 675
662 676
662 698
663 675
664 672
664 683
664 720
665 677
665 678
666 679
666 689
666 714
666 722
667 668
667 669
667 673
667 693
667 699
668 693
668 704
669 673
670 673
670 680
670 684
670 685
671 696
671 707
672 683
672 692
673 684
673 699
674 681
674 686
674 687
674 700
674 706
674 717
675 695
675 698
675 710
675 711
676 698
677 678
677 698
677 703
678 689
678 703
678 713
678 721
679 700
679 706
679 722
679 727
680 685
680 694
680 705
680 715
680 716
681 686
682 690
682 709
683 692
683 720
683 729
683 737
683 745
683 751
684 685
684 699
684 708
685 705
685 708
686 700
687 694
687 716
687 717
688 696
688 697
688 712
688 718
689 713
689 714
690 709
690 719
690 735
690 741
690 742
691 697
691 720
692 704
692 737
693 699
693 704
693 723
693 732
694 716
695 701
695 702
695 711
695 744
695 747
696 707
696 718
697 712
697 720
697 728
698 703
698 710
699 708
699 723
699 724
700 706
701 702
702 719
702 735
702 747
703 710
703 711
703 721
704 732
704 737
705 708
705 715
706 717
706 727
707 709
707 718
708 715
708 724
708 725
709 718
709 741
710 711
711 721
711 743
711 744
712 718
712 728
713 714
713 721
713 736
713 746
714 722
714 736
714 738
714 739
715 716
715 725
715 726
715 733
715 740
716 717
716 726
717 726
717 727
718 728
718 741
718 745
718 748
719 735
720 728
720 745
721 743
721 746
722 727
722 734
722 738
723 724
723 725
723 729
723 730
723 732
724 725
725 730
725 731
725 740
726 727
726 733
726 734
727 734
728 745
729 730
729 731
729 732
729 745
729 748
729 751
729 755
730 731
731 740
731 755
731 757
731 761
731 762
732 737
732 751
733 734
733 740
733 752
734 738
734 752
734 756
735 742
735 747
735 753
735 755
736 739
736 746
736 750
736 758
737 751
738 739
738 756
738 758
738 759
739 758
740 752
740 757
741 742
741 748
742 748
742 755
743 744
743 746
743 749
743 754
744 747
744 754
745 748
746 749
746 750
747 753
747 754
748 755
749 750
749 754
749 760
749 763
750 758
750 760
752 756
752 757
752 762
753 754
753 755
753 761
753 763
754 763
755 761
756 759
756 760
756 762
757 762
758 759
758 760
759 760
760 761
760 762
760 763
761 762
761 763
764 765
764 766
764 773
764 790
764 822
765 766
765 789
765 790
765 827
765 828
766 773
767 768
767 769
768 769
768 771
768 772
768 800
769 771
770 771
770 772
770 788
771 772
772 787
772 788
772 791
772 800
774 775
774 776
774 777
775 776
776 777
776 820
776 821
777 820
778 779
778 780
778 787
778 788
778 850
779 780
780 788
781 782
781 783
782 783
784 785
784 786
785 786
787 788
787 791
787 850
789 790
789 827
789 830
790 822
791 792
791 793
791 794
791 795
791 800
791 818
791 850
792 793
792 796
792 800
792 829
793 794
793 796
794 795
795 818
797 798
797 799
797 837
798 799
799 816
799 817
799 837
799 847
800 829
801 802
801 803
801 838
802 803
803 838
804 805
804 806
805 806
807 808
807 809
808 809
810 811
810 812
811 812
813 814
813 815
814 815
816 817
816 847
817 837
817 848
817 849
818 850
819 820
819 821
820 821
823 824
823 825
823 826
823 839
823 846
824 825
824 826
825 839
827 828
827 830
831 832
831 833
832 833
834 835
834 836
835 836
837 848
839 846
840 841
840 842
841 842
843 844
843 845
844 845
848 849
851 852
851 853
851 887
851 949
852 853
852 886
852 887
852 944
852 962
852 963
853 944
854 855
854 856
854 857
855 856
855 857
855 903
855 942
855 945
856 942
857 945
858 859
858 860
858 946
858 957
859 860
860 946
861 862
861 863
862 863
864 865
864 866
864 870
864 871
865 866
865 869
866 868
866 869
866 870
866 947
867 868
867 869
868 869
868 947
870 871
870 947
872 873
872 874
872 875
872 876
873 874
873 882
874 875
874 882
874 943
874 958
875 876
875 907
875 909
875 910
875 940
875 951
875 958
876 951
877 878
877 879
877 881
878 879
878 880
879 880
879 881
879 955
879 974
881 955
881 973
882 942
882 943
883 884
883 885
883 959
884 885
884 959
886 887
886 962
886 965
887 949
887 970
888 889
888 890
889 890
891 892
891 893
891 902
891 903
891 904
891 905
891 906
892 893
892 894
892 905
893 894
893 895
893 902
893 940
893 941
893 958
894 895
895 941
895 978
896 897
896 898
897 898
899 900
899 901
899 938
900 901
900 935
900 936
901 936
901 938
901 939
902 903
902 943
902 958
903 906
903 942
903 943
903 945
904 905
904 906
904 964
905 964
906 945
906 960
906 961
906 964
907 908
907 909
907 940
907 971
908 909
909 910
911 912
911 913
911 976
912 913
912 914
913 914
913 915
913 916
913 975
913 976
914 915
914 926
915 916
915 926
915 927
916 927
916 975
917 918
917 919
917 953
917 954
917 972
917 977
918 919
918 977
919 953
920 921
920 922
921 922
923 924
923 925
924 925
926 927
928 929
928 930
928 935
928 979
928 980
929 930
929 931
930 931
930 932
930 934
930 935
930 939
931 932
932 933
932 934
933 934
933 937
934 937
934 939
935 936
935 939
935 979
936 939
937 938
937 939
937 966
938 939
938 966
940 941
940 958
940 971
941 978
942 943
943 958
946 956
946 957
948 949
948 950
948 952
949 950
949 952
949 970
952 970
953 954
954 972
955 973
955 974
956 957
960 961
961 964
962 963
962 965
967 968
967 969
968 969
972 977
975 976
979 980
981 982
981 983
981 1151
982 983
982 984
982 1151
982 1152
983 984
983 1000
983 1011
983 1012
984 1000
984 1001
984 1002
984 1152
985 986
985 987
985 988
985 989
985 999
985 1036
985 1156
985 1177
985 1178
986 987
986 999
987 989
988 989
988 1009
988 1026
988 1028
988 1036
989 1009
989 1010
990 991
990 992
991 992
991 993
992 993
992 995
992 1002
993 994
993 995
994 995
994 1060
995 1001
995 1002
995 1060
996 997
996 998
996 1153
996 1154
996 1155
997 998
997 1054
997 1056
997 1057
997 1155
998 1057
998 1153
999 1156
1000 1001
1000 1003
1000 1012
1000 1035
1001 1002
1001 1003
1001 1004
1001 1060
1001 1091
1002 1151
1002 1152
1003 1004
1003 1005
1003 1035
1004 1005
1004 1067
1004 1077
1004 1090
1004 1091
1005 1035
1005 1090
1005 1175
1006 1007
1006 1008
1006 1157
1007 1008
1007 1157
1009 1010
1011 1012
1011 1013
1012 1013
1012 1034
1012 1035
1012 1162
1013 1162
1014 1015
1014 1016
1014 1020
1014 1023
1014 1024
1014 1025
1015 1016
1015 1025
1015 1030
1016 1020
1016 1021
1016 1030
1017 1018
1017 1019
1017 1158
1018 1019
1018 1021
1019 1021
1019 1029
1019 1158
1020 1021
1020 1022
1021 1022
1021 1029
1021 1030
1023 1024
1023 1025
1023 1031
1025 1031
1026 1027
1026 1028
1026 1032
1027 1028
1027 1032
1028 1036
1028 1037
1028 1164
1029 1030
1029 1158
1033 1034
1033 1035
1033 1038
1033 1039
1034 1035
1035 1038
1035 1047
1035 1050
1035 1175
1036 1037
1036 1178
1037 1164
1037 1185
1038 1039
1038 1046
1038 1047
1038 1166
1038 1167
1039 1166
1040 1041
1040 1042
1040 1043
1040 1049
1040 1168
1040 1169
1041 1042
1041 1169
1042 1043
1042 1044
1043 1044
1043 1048
1043 1049
1043 1107
1043 1108
1044 1048
1045 1046
1045 1047
1045 1093
1046 1047
1047 1050
1047 1092
1047 1093
1048 1108
1048 1192
1049 1107
1049 1109
1049 1168
1049 1190
1049 1191
1050 1092
1050 1144
1050 1145
1050 1175
1051 1052
1051 1053
1052 1053
1054 1055
1054 1056
1054 1155
1055 1056
1056 1057
1058 1059
1058 1060
1059 1060
1059 1176
1060 1061
1060 1091
1060 1176
1061 1062
1061 1063
1061 1091
1061 1176
1062 1063
1062 1081
1063 1067
1063 1081
1063 1082
1063 1091
1064 1065
1064 1066
1064 1079
1065 1066
1065 1177
1066 1079
1066 1080
1066 1177
1066 1178
1067 1068
1067 1069
1067 1077
1067 1082
1067 1091
1068 1069
1068 1070
1068 1071
1068 1082
1068 1083
1069 1071
1069 1076
1069 1077
1069 1078
1070 1071
1070 1083
1072 1073
1072 1074
1072 1075
1072 1076
1072 1078
1072 1179
1073 1074
1073 1122
1073 1123
1073 1179
1073 1196
1074 1075
1074 1122
1075 1076
1075 1077
1075 1090
1075 1122
1075 1144
1075 1175
1076 1077
1076 1078
1077 1090
1079 1080
1081 1082
1081 1083
1082 1083
1084 1085
1084 1086
1085 1086
1085 1180
1086 1180
1087 1088
1087 1089
1087 1140
1087 1181
1087 1182
1087 1183
1087 1184
1088 1089
1088 1134
1088 1135
1088 1184
1089 1134
1089 1140
1089 1141
1090 1175
1092 1093
1092 1094
1092 1145
1093 1094
1093 1095
1094 1095
1096 1097
1096 1098
1096 1144
1096 1145
1096 1187
1097 1098
1097 1187
1098 1145
1099 1100
1099 1101
1099 1102
1100 1101
1101 1102
1101 1103
1101 1104
1101 1188
1102 1103
1102 1150
1102 1193
1103 1104
1103 1105
1103 1106
1103 1150
1104 1105
1104 1188
1104 1189
1105 1106
1105 1117
1105 1118
1105 1189
1106 1118
1106 1147
1106 1150
1107 1108
1107 1190
1108 1192
1109 1110
1109 1111
1109 1168
1109 1171
1109 1191
1109 1194
1110 1111
1110 1194
1111 1171
1112 1113
1112 1114
1112 1115
1112 1116
1113 1114
1114 1116
1115 1116
1115 1149
1116 1149
1117 1118
1117 1189
1119 1120
1119 1121
1120 1121
1122 1123
1122 1144
1123 1144
1123 1196
1124 1125
1124 1126
1124 1130
1124 1131
1124 1132
1124 1195
1124 1197
1125 1126
1125 1127
1126 1127
1126 1128
1126 1130
1127 1128
1128 1129
1128 1130
1129 1130
1129 1133
1129 1137
1130 1132
1130 1133
1130 1143
1131 1132
1131 1136
1131 1195
1132 1136
1132 1143
1133 1137
1133 1138
1133 1141
1133 1143
1134 1135
1134 1136
1134 1141
1134 1143
1135 1136
1136 1143
1137 1138
1138 1141
1138 1142
1139 1140
1139 1141
1139 1142
1140 1141
1140 1181
1141 1142
1141 1143
1144 1145
1144 1175
1146 1147
1146 1148
1146 1150
1146 1193
1147 1148
1147 1150
1150 1193
1151 1152
1153 1154
1153 1172
1153 1173
1154 1155
1154 1173
1156 1177
1159 1160
1159 1161
1160 1161
1163 1164
1163 1165
1163 1170
1164 1165
1164 1170
1164 1185
1166 1167
1168 1169
1168 1171
1169 1171
1170 1185
1170 1186
1172 1173
1172 1174
1173 1174
1177 1178
1181 1182
1182 1183
1185 1186
1190 1191
1191 1194
1195 1197
1198 1199
1198 1200
1198 1244
1198 1504
1199 1200
1199 1201
1199 1202
1199 1502
1199 1503
1199 1504
1200 1201
1200 1229
1200 1230
1200 1244
1200 1245
1201 1202
1201 1211
1201 1229
1201 1231
1202 1203
1202 1204
1202 1211
1202 1503
1203 1204
1203 1205
1203 1502
1203 1503
1204 1205
1204 1209
1204 1210
1204 1211
1205 1209
1205 1502
1206 1207
1206 1208
1206 1212
1206 1213
1206 1227
1206 1228
1206 1505
1207 1208
1207 1505
1208 1213
1209 1210
1209 1214
1209 1215
1210 1211
1210 1214
1210 1219
1210 1226
1211 1226
1211 1231
1212 1213
1212 1228
1212 1248
1212 1254
1212 1275
1212 1277
1212 1286
1213 1248
1214 1215
1214 1216
1214 1217
1214 1219
1215 1216
1216 1217
1217 1218
1217 1219
1218 1219
1218 1333
1219 1226
1219 1234
1219 1236
1219 1333
1220 1221
1220 1222
1220 1224
1220 1225
1220 1316
1220 1507
1221 1222
1221 1322
1221 1323
1221 1507
1221 1508
1221 1526
1222 1225
1222 1322
1223 1224
1223 1225
1223 1318
1223 1525
1224 1225
1224 1316
1224 1318
1226 1231
1226 1234
1226 1235
1227 1228
1227 1505
1227 1527
1227 1528
1228 1286
1228 1334
1228 1355
1228 1527
1228 1530
1229 1230
1229 1231
1229 1232
1230 1232
1230 1245
1230 1246
1230 1253
1230 1305
1231 1232
1231 1233
1231 1235
1231 1237
1232 1233
1232 1305
1232 1308
1233 1237
1233 1238
1233 1306
1233 1308
1233 1309
1234 1235
1234 1236
1235 1236
1235 1237
1236 1237
1236 1333
1236 1383
1236 1384
1237 1238
1237 1239
1237 1384
1237 1385
1238 1239
1238 1309
1239 1309
1239 1385
1239 1490
1240 1241
1240 1242
1240 1509
1241 1242
1241 1243
1241 1509
1242 1243
1243 1509
1244 1245
1244 1246
1244 1250
1245 1246
1246 1250
1246 1251
1246 1253
1247 1248
1247 1249
1247 1254
1248 1249
1248 1254
1250 1251
1250 1252
1251 1252
1251 1253
1251 1272
1251 1273
1251 1512
1252 1512
1253 1273
1253 1305
1253 1306
1253 1307
1254 1275
1255 1256
1255 1257
1255 1274
1256 1257
1256 1258
1256 1280
1257 1258
1257 1268
1257 1269
1257 1274
1258 1263
1258 1269
1258 1271
1258 1279
1258 1280
1259 1260
1259 1261
1259 1267
1260 1261
1260 1265
1260 1511
1261 1265
1261 1266
1261 1267
1262 1263
1262 1264
1262 1270
1262 1271
1263 1264
1263 1265
1263 1266
1263 1271
1263 1278
1263 1279
1264 1265
1264 1511
1265 1266
1265 1511
1266 1267
1266 1278
1267 1278
1267 1510
1268 1269
1268 1270
1268 1274
1268 1281
1269 1270
1269 1271
1270 1271
1272 1273
1273 1284
1273 1307
1274 1281
1275 1276
1275 1277
1275 1282
1276 1277
1276 1282
1277 1286
1277 1287
1277 1515
1278 1279
1278 1510
1278 1513
1279 1280
1279 1513
1283 1284
1283 1285
1283 1288
1283 1289
1283 1517
1284 1285
1284 1307
1284 1517
1285 1288
1285 1306
1285 1307
1285 1309
1285 1310
1286 1287
1286 1334
1287 1398
1287 1399
1287 1515
1288 1289
1288 1290
1288 1310
1288 1518
1288 1519
1289 1518
1290 1291
1290 1292
1290 1302
1290 1310
1291 1292
1291 1309
1291 1310
1291 1311
1291 1489
1292 1302
1292 1394
1292 1395
1292 1489
1293 1294
1293 1295
1293 1296
1293 1301
1293 1304
1293 1520
1293 1521
1294 1295
1294 1521
1295 1296
1295 1297
1295 1298
1296 1297
1296 1300
1296 1301
1296 1303
1297 1298
1297 1299
1297 1303
1298 1299
1299 1303
1300 1301
1300 1303
1300 1421
1300 1422
1301 1304
1301 1421
1302 1395
1303 1422
1303 1542
1304 1421
1304 1423
1304 1426
1304 1437
1304 1438
1304 1520
1305 1306
1305 1308
1306 1307
1306 1308
1306 1309
1309 1310
1309 1311
1309 1490
1311 1489
1311 1490
1312 1313
1312 1314
1312 1506
1313 1314
1314 1506
1315 1316
1315 1317
1316 1317
1316 1318
1316 1507
1316 1508
1317 1318
1318 1525
1319 1320
1319 1321
1319 1331
1319 1508
1319 1526
1320 1321
1321 1324
1321 1331
1322 1323
1322 1326
1322 1327
1323 1324
1323 1325
1323 1326
1323 1331
1323 1526
1324 1325
1324 1331
1325 1326
1326 1327
1328 1329
1328 1330
1328 1332
1328 1333
1329 1330
1330 1332
1330 1529
1331 1526
1332 1333
1332 1335
1332 1336
1332 1382
1332 1529
1333 1382
1333 1383
1334 1355
1334 1356
1335 1336
1335 1337
1335 1529
1336 1337
1336 1338
1336 1382
1337 1338
1337 1342
1337 1343
1338 1343
1338 1364
1338 1382
1338 1387
1338 1390
1339 1340
1339 1341
1339 1362
1340 1341
1340 1530
1341 1362
1341 1363
1341 1530
1341 1531
1342 1343
1342 1365
1343 1364
1343 1365
1344 1345
1344 1346
1344 1387
1344 1390
1344 1391
1345 1346
1345 1347
1345 1349
1345 1364
1345 1365
1345 1387
1346 1349
1346 1358
1346 1366
1346 1391
1347 1348
1347 1349
1347 1365
1348 1349
1348 1367
1349 1366
1349 1367
1350 1351
1350 1352
1350 1353
1350 1354
1350 1361
1351 1352
1351 1361
1351 1454
1351 1532
1352 1353
1352 1450
1352 1451
1352 1453
1352 1454
1353 1354
1353 1392
1353 1393
1353 1453
1354 1358
1354 1359
1354 1360
1354 1361
1354 1392
1355 1356
1355 1357
1355 1530
1355 1531
1356 1357
1358 1359
1358 1366
1358 1388
1358 1391
1358 1392
1359 1360
1359 1366
1360 1361
1361 1532
1362 1363
1363 1531
1364 1365
1364 1387
1366 1367
1368 1369
1368 1370
1368 1377
1368 1534
1369 1370
1370 1377
1371 1372
1371 1373
1371 1376
1371 1470
1371 1477
1372 1373
1372 1374
1373 1374
1373 1375
1373 1376
1374 1375
1375 1376
1375 1379
1375 1533
1376 1378
1376 1379
1376 1470
1376 1476
1377 1378
1377 1379
1377 1380
1377 1381
1377 1534
1377 1535
1378 1379
1378 1381
1378 1476
1379 1533
1379 1534
1380 1381
1380 1481
1380 1482
1380 1535
1381 1476
1381 1480
1381 1482
1382 1383
1382 1388
1382 1389
1382 1390
1383 1384
1383 1389
1384 1385
1384 1386
1384 1388
1384 1389
1385 1386
1385 1486
1385 1487
1385 1490
1386 1388
1386 1392
1386 1393
1386 1487
1386 1488
1387 1390
1388 1389
1388 1390
1388 1391
1388 1392
1390 1391
1392 1393
1393 1453
1393 1486
1393 1488
1393 1500
1393 1501
1394 1395
1394 1396
1394 1405
1394 1407
1394 1489
1395 1396
1395 1397
1396 1397
1396 1407
1398 1399
1398 1400
1398 1401
1398 1515
1398 1522
1399 1400
1400 1401
1401 1522
1402 1403
1402 1404
1402 1406
1402 1407
1402 1536
1403 1404
1403 1536
1404 1407
1405 1406
1405 1407
1405 1489
1405 1491
1406 1407
1406 1491
1406 1492
1408 1409
1408 1410
1408 1411
1408 1537
1409 1410
1409 1414
1409 1539
1410 1411
1410 1412
1410 1413
1410 1414
1410 1415
1411 1412
1411 1537
1412 1413
1412 1428
1412 1429
1413 1420
1413 1429
1414 1415
1414 1416
1414 1417
1414 1539
1415 1417
1415 1419
1415 1420
1416 1417
1416 1418
1416 1539
1416 1540
1416 1541
1417 1418
1417 1419
1418 1419
1418 1442
1418 1443
1418 1444
1418 1540
1419 1420
1419 1444
1419 1445
1420 1429
1420 1445
1421 1422
1421 1438
1422 1542
1423 1424
1423 1425
1423 1426
1423 1520
1423 1523
1424 1425
1424 1426
1424 1430
1425 1523
1426 1430
1426 1437
1426 1441
1426 1544
1426 1545
1426 1547
1427 1428
1427 1429
1427 1494
1427 1495
1428 1429
1429 1445
1429 1495
1429 1497
1430 1544
1431 1432
1431 1433
1431 1434
1431 1435
1431 1436
1432 1433
1433 1436
1434 1435
1434 1499
1435 1436
1435 1499
1435 1543
1437 1438
1437 1439
1437 1440
1437 1441
1438 1439
1439 1440
1439 1546
1439 1549
1440 1441
1440 1546
1441 1547
1442 1443
1442 1540
1443 1444
1444 1445
1444 1446
1445 1446
1445 1497
1446 1497
1447 1448
1447 1449
1447 1550
1448 1449
1448 1550
1450 1451
1450 1452
1450 1453
1450 1491
1450 1493
1450 1500
1450 1501
1451 1452
1451 1454
1451 1551
1452 1493
1452 1551
1453 1501
1454 1551
1455 1456
1455 1457
1456 1457
1456 1461
1456 1538
1457 1461
1457 1467
1457 1552
1458 1459
1458 1460
1458 1463
1458 1464
1458 1466
1458 1553
1459 1460
1459 1553
1460 1465
1460 1466
1461 1462
1461 1463
1461 1467
1461 1468
1461 1538
1461 1554
1462 1463
1462 1464
1462 1538
1463 1464
1463 1466
1463 1554
1465 1466
1465 1469
1465 1474
1466 1469
1466 1485
1466 1554
1467 1468
1467 1484
1467 1552
1468 1483
1468 1484
1468 1485
1468 1554
1469 1474
1469 1475
1469 1476
1469 1478
1469 1485
1470 1476
1470 1477
1471 1472
1471 1473
1471 1479
1471 1481
1471 1482
1471 1483
1472 1473
1472 1481
1473 1483
1473 1484
1473 1552
1474 1475
1475 1476
1475 1477
1476 1477
1476 1478
1476 1480
1478 1479
1478 1480
1478 1485
1479 1480
1479 1482
1479 1483
1479 1485
1480 1482
1481 1482
1481 1535
1483 1484
1483 1485
1484 1552
1485 1554
1486 1487
1486 1488
1486 1490
1486 1500
1487 1488
1489 1490
1489 1491
1489 1500
1490 1500
1491 1492
1491 1493
1491 1500
1492 1493
1494 1495
1494 1496
1495 1496
1495 1497
1495 1498
1496 1498
1497 1498
1499 1543
1500 1501
1502 1503
1502 1504
1507 1508
1508 1526
1510 1513
1514 1515
1514 1516
1514 1522
1515 1516
1515 1522
1518 1519
1520 1521
1520 1523
1520 1524
1521 1524
1523 1524
1527 1528
1527 1530
1530 1531
1533 1534
1540 1541
1544 1545
1545 1547
1545 1548
1546 1549
1547 1548
1555 1556
1555 1557
1555 1564
1555 1568
1555 1569
1555 2107
1556 1557
1556 1558
1556 1568
1556 1571
1557 1558
1557 1564
1557 1567
1558 1567
1558 1571
1558 1626
1558 2117
1559 1560
1559 1561
1559 1564
1559 1565
1559 1566
1559 1614
1560 1561
1560 1562
1560 1614
1560 1615
1560 1652
1560 1655
1561 1562
1561 1563
1561 1566
1561 1583
1562 1563
1562 1651
1562 1652
1563 1651
1563 1654
1563 1657
1564 1565
1564 1566
1564 1567
1564 1583
1564 2107
1565 1567
1565 1613
1565 1614
1565 1616
1566 1583
1567 1616
1567 2117
1568 1569
1568 1570
1568 1571
1569 1570
1569 1572
1569 2107
1570 1571
1570 1572
1570 1576
1570 1578
1571 1578
1571 1579
1571 1617
1571 1618
1571 1626
1572 1576
1572 2107
1573 1574
1573 1575
1573 1584
1573 1585
1573 1605
1573 1607
1573 1609
1573 2108
1574 1575
1574 2108
1575 1585
1575 1586
1576 1577
1576 1578
1576 1580
1577 1578
1577 1579
1577 1580
1577 1581
1577 1582
1578 1579
1579 1582
1579 1608
1579 1618
1579 1619
1579 1632
1580 1581
1581 1582
1581 1588
1581 1589
1581 1590
1582 1588
1582 1592
1582 1608
1583 2107
1584 1585
1584 1586
1584 1587
1584 1609
1584 1612
1584 2116
1585 1586
1586 1587
1586 1659
1587 1659
1587 1667
1587 1694
1587 2116
1588 1589
1588 1591
1588 1592
1588 1593
1589 1590
1589 1591
1589 1595
1590 1595
1591 1593
1591 1595
1592 1593
1592 1594
1592 1608
1592 1634
1593 1594
1593 1596
1594 1596
1594 1634
1594 1809
1594 1893
1594 2118
1594 2119
1596 1809
1597 1598
1597 1599
1597 1602
1597 1786
1597 1788
1598 1599
1598 1600
1598 1601
1598 1603
1598 1604
1598 1786
1598 1795
1598 2109
1599 1602
1599 1603
1600 1601
1600 1794
1600 1795
1600 1797
1600 1800
1601 1604
1601 1797
1601 2115
1602 1603
1602 1788
1602 1798
1602 1799
1603 1604
1603 1798
1604 2115
1605 1606
1605 1607
1605 1609
1605 1610
1606 1607
1606 1610
1607 2108
1608 1632
1608 1634
1609 1610
1609 1611
1609 1612
1609 1814
1610 1813
1610 1814
1610 2135
1611 1612
1611 1710
1611 1812
1611 1814
1611 1817
1611 1818
1612 1709
1612 1710
1612 2116
1613 1614
1613 1615
1613 1616
1613 1621
1613 1622
1614 1615
1615 1621
1615 1655
1615 1661
1615 1748
1616 1622
1616 1623
1616 2117
1617 1618
1617 1619
1617 1620
1617 1626
1617 1627
1618 1619
1619 1620
1619 1632
1619 1633
1620 1627
1620 1631
1620 1633
1620 1635
1620 1636
1620 1639
1621 1622
1621 1625
1621 1748
1621 1751
1621 1757
1622 1623
1622 1624
1622 1625
1622 1629
1623 1624
1623 1626
1623 1628
1623 2117
1624 1627
1624 1628
1624 1629
1624 1631
1625 1629
1625 1630
1625 1756
1625 1757
1626 1627
1626 1628
1626 2117
1627 1628
1627 1631
1629 1630
1629 1631
1629 1638
1630 1638
1630 1642
1630 1643
1630 1755
1630 1756
1630 1760
1630 1763
1631 1638
1631 1639
1632 1633
1632 1634
1633 1634
1633 1635
1633 2118
1634 2118
1635 1636
1635 1637
1635 2118
1635 2119
1636 1637
1636 1639
1636 1640
1637 1640
1637 1891
1637 1892
1637 1897
1637 2119
1638 1639
1638 1640
1638 1641
1638 1642
1639 1640
1640 1641
1640 1644
1640 1897
1640 1903
1641 1642
1641 1643
1641 1644
1641 1645
1641 1646
1642 1643
1643 1645
1643 1763
1643 1764
1643 1769
1643 1770
1643 1773
1644 1646
1644 1903
1644 1904
1645 1646
1645 1773
1645 1908
1645 2069
1646 1904
1646 1906
1646 1908
1647 1648
1647 1649
1647 2120
1648 1649
1648 1650
1648 2120
1649 1650
1650 2120
1651 1652
1651 1653
1651 1654
1652 1653
1652 1655
1653 1654
1653 1655
1653 1661
1653 1662
1653 1664
1654 1656
1654 1657
1654 1664
1655 1661
1656 1657
1656 1663
1656 1664
1656 1665
1657 1663
1658 1659
1658 1660
1658 1667
1658 1688
1659 1660
1659 1667
1661 1662
1661 1748
1661 1749
1662 1664
1662 1666
1662 1749
1662 1750
1662 1754
1663 1665
1663 2124
1664 1665
1664 1666
1665 1666
1665 1689
1665 1690
1665 2124
1666 1690
1666 1750
1666 1752
1667 1687
1667 1688
1667 1694
1668 1669
1668 1670
1668 1691
1669 1670
1669 1671
1669 1693
1669 1699
1670 1671
1670 1681
1670 1691
1670 1692
1671 1681
1671 1682
1671 1684
1671 1693
1671 1698
1672 1673
1672 1674
1672 1683
1673 1674
1673 1678
1673 2122
1674 1678
1674 1679
1674 1683
1675 1676
1675 1677
1675 1680
1675 1686
1676 1677
1676 1678
1676 1679
1676 1680
1676 1684
1677 1678
1677 2122
1678 1679
1678 2122
1679 1683
1679 1684
1679 1697
1680 1681
1680 1682
1680 1684
1680 1686
1681 1682
1681 1685
1681 1686
1681 1692
1682 1684
1683 1697
1683 2121
1684 1697
1684 1698
1685 1686
1685 1692
1685 2123
1687 1688
1687 1694
1687 2129
1689 1690
1690 1702
1690 1704
1690 1752
1690 2133
1691 1692
1691 1700
1692 1700
1692 2123
1693 1698
1693 1699
1694 1695
1694 1696
1694 1705
1694 1706
1694 2116
1694 2129
1695 1696
1695 1705
1695 1712
1696 1709
1696 1711
1696 1712
1696 1715
1696 2116
1697 1698
1697 2121
1697 2125
1698 1699
1698 2125
1698 2128
1700 2123
1701 1702
1701 1703
1702 1703
1702 1704
1703 1704
1703 1707
1704 1707
1704 1708
1704 1759
1704 2133
1705 1706
1705 1712
1706 2129
1707 1708
1707 1713
1707 1714
1708 1713
1708 1759
1708 1762
1708 1778
1709 1710
1709 1711
1709 1935
1709 2116
1710 1818
1710 1935
1711 1715
1711 1935
1711 1943
1711 1944
1711 2127
1712 1715
1713 1714
1713 1718
1713 1719
1713 1720
1713 1721
1713 1778
1714 1716
1714 1717
1714 1718
1715 2126
1715 2127
1716 1717
1716 1722
1716 1723
1717 1718
1717 1722
1718 1719
1718 1722
1719 1720
1719 1722
1719 1723
1719 1724
1719 1727
1720 1721
1720 1724
1720 1725
1720 1780
1721 1778
1721 1779
1721 1780
1722 1723
1723 1727
1724 1725
1724 1726
1724 1727
1724 1744
1725 1726
1725 1780
1725 2080
1726 1744
1726 1939
1726 1940
1726 2080
1728 1729
1728 1730
1728 1736
1728 2130
1729 1730
1729 1732
1729 2130
1730 1734
1730 1735
1730 1736
1730 1737
1731 1732
1731 1733
1732 1733
1732 1740
1732 2130
1733 1740
1733 2131
1734 1735
1734 2132
1735 1737
1735 1738
1735 2132
1736 1737
1736 1742
1736 1743
1736 1745
1736 2130
1737 1738
1737 1745
1738 1745
1739 1740
1739 1741
1739 1746
1739 1974
1739 2131
1740 1741
1740 2130
1740 2131
1741 1743
1741 1746
1741 1747
1741 2130
1742 1743
1742 1745
1742 1972
1742 1973
1743 1747
1743 1972
1743 2130
1744 1940
1744 2147
1745 1973
1745 2152
1746 1747
1746 1974
1746 1978
1747 1972
1747 1978
1748 1749
1748 1751
1749 1751
1749 1754
1750 1752
1750 1753
1750 1754
1751 1754
1751 1757
1752 1753
1752 1758
1752 1759
1752 2133
1753 1754
1753 1755
1753 1758
1753 1760
1754 1755
1754 1757
1755 1756
1755 1757
1755 1760
1756 1757
1758 1759
1758 1760
1758 1761
1758 1765
1758 1767
1759 1762
1759 1767
1759 2133
1760 1761
1760 1763
1761 1763
1761 1764
1761 1765
1762 1767
1762 1768
1762 1772
1762 1778
1763 1764
1764 1765
1764 1769
1764 1771
1765 1766
1765 1767
1765 1771
1766 1767
1766 1768
1766 1771
1766 1772
1767 1768
1768 1772
1769 1770
1769 1771
1769 1774
1769 1776
1770 1773
1770 1774
1771 1772
1771 1775
1771 1776
1771 1777
1772 1775
1772 1778
1772 1779
1773 1774
1773 2069
1774 1776
1774 2069
1774 2071
1775 1777
1775 1779
1775 1781
1775 2079
1776 1777
1776 2070
1776 2071
1777 2070
1777 2072
1777 2079
1778 1779
1779 1780
1779 1781
1780 1781
1780 2080
1780 2081
1781 2079
1781 2081
1781 2083
1782 1783
1782 1784
1782 2112
1782 2113
1783 1784
1784 2112
1785 1786
1785 1787
1785 2111
1786 1787
1786 1788
1786 2109
1786 2110
1786 2111
1787 1788
1788 1799
1789 1790
1789 1791
1789 1792
1789 1793
1789 2114
1790 1791
1791 1793
1791 1801
1792 1793
1792 1794
1792 1795
1792 2114
1793 1794
1793 1796
1793 1801
1794 1795
1794 1796
1794 1800
1795 2109
1795 2114
1796 1800
1796 1801
1797 1800
1797 1803
1797 1804
1797 2115
1798 1799
1800 1801
1800 1802
1800 1803
1801 1802
1802 1803
1803 1804
1804 2115
1805 1806
1805 1807
1805 1808
1805 1809
1806 1807
1807 1808
1807 1810
1807 2136
1808 1809
1808 1810
1808 1811
1808 1894
1808 1898
1809 1893
1809 1894
1810 1811
1810 1821
1810 2136
1811 1820
1811 1821
1811 1822
1811 1823
1811 1898
1812 1813
1812 1814
1812 1816
1812 1817
1812 1840
1813 1814
1813 1815
1813 1816
1813 2135
1815 1816
1815 1838
1815 2134
1815 2135
1816 1831
1816 1838
1816 1839
1816 1840
1817 1818
1817 1840
1817 1841
1817 1855
1818 1935
1819 1820
1819 1821
1819 1826
1819 1833
1819 2136
1820 1821
1820 1822
1820 1826
1821 2136
1822 1823
1822 1824
1822 1826
1823 1824
1823 1825
1823 1898
1823 1899
1824 1825
1824 1826
1824 1827
1824 1832
1824 1915
1824 1921
1825 1899
1825 1917
1825 1921
1826 1827
1826 1828
1826 1833
1827 1828
1827 1832
1827 1863
1828 1833
1828 1834
1828 1835
1828 1836
1828 1863
1829 1830
1829 1831
1829 2137
1830 1831
1830 1838
1831 1838
1831 1839
1831 1861
1831 1862
1831 2137
1831 2138
1832 1863
1832 1915
1833 1834
1834 1835
1834 1837
1835 1836
1835 1837
1835 1868
1836 1863
1836 1864
1836 1868
1837 1866
1837 1868
1839 1840
1839 1841
1839 2138
1840 1841
1841 1855
1841 1856
1842 1843
1842 1844
1842 1845
1842 1869
1842 1915
1842 1916
1843 1844
1843 1848
1843 1849
1843 1869
1844 1845
1844 1848
1844 1933
1844 1934
1845 1915
1845 1922
1845 1924
1845 1934
1846 1847
1846 1848
1846 1849
1846 1867
1847 1848
1847 1871
1848 1849
1848 1870
1848 1871
1848 1933
1849 1867
1849 1869
1850 1851
1850 1852
1850 1853
1850 1854
1850 1860
1850 2020
1850 2021
1851 1852
1851 1860
1851 2019
1851 2139
1852 2008
1852 2014
1852 2019
1852 2021
1853 1854
1853 1930
1853 1932
1853 2016
1853 2017
1853 2020
1853 2102
1854 1857
1854 1858
1854 1859
1854 1860
1854 1931
1854 1932
1855 1856
1857 1858
1857 1870
1857 1923
1857 1931
1857 1933
1857 2144
1858 1859
1858 1870
1859 1860
1860 2139
1861 1862
1861 2137
1862 2138
1863 1864
1863 1915
1863 1916
1864 1865
1864 1868
1864 1869
1864 1916
1865 1866
1865 1867
1865 1868
1865 1869
1866 1867
1866 1868
1867 1869
1869 1916
1870 1871
1870 1933
1872 1873
1872 1874
1872 1881
1872 2141
1873 1874
1874 1881
1874 1882
1874 1888
1875 1876
1875 1877
1875 1883
1875 1884
1876 1877
1876 1878
1877 1878
1877 1879
1877 1880
1877 1884
1877 2046
1878 1879
1879 1880
1879 1887
1879 2140
1880 1886
1880 1887
1880 2046
1880 2048
1880 2057
1881 1882
1881 2141
1881 2142
1882 1886
1882 1887
1882 1888
1882 1890
1882 2142
1883 1884
1883 1885
1884 1885
1884 2046
1884 2047
1885 2047
1885 2048
1885 2058
1886 1887
1886 1890
1886 2057
1886 2061
1887 2140
1887 2142
1888 1889
1888 1890
1888 2143
1889 1890
1889 2061
1889 2062
1889 2063
1889 2143
1890 2061
1891 1892
1891 1893
1891 1895
1891 2119
1892 1895
1892 1896
1892 1897
1893 1894
1893 1895
1893 2119
1894 1895
1894 1898
1895 1896
1895 1898
1895 1899
1895 1900
1896 1897
1896 1900
1896 1901
1896 1902
1896 1905
1897 1903
1897 1905
1898 1899
1899 1900
1899 1901
1899 1917
1900 1901
1901 1902
1901 1909
1901 1917
1901 1918
1901 1920
1902 1905
1902 1909
1903 1904
1903 1905
1904 1905
1904 1906
1904 1910
1905 1909
1905 1910
1906 1907
1906 1908
1906 1910
1907 1908
1907 1910
1907 1911
1907 1912
1907 1914
1908 1912
1908 1913
1908 2069
1908 2075
1909 1910
1909 1911
1909 1920
1910 1911
1911 1914
1911 1920
1911 1927
1912 1913
1912 1914
1912 2078
1913 2073
1913 2075
1913 2076
1913 2078
1914 1927
1914 1928
1914 1929
1914 2078
1915 1916
1915 1921
1915 1922
1917 1918
1917 1921
1918 1919
1918 1920
1918 1921
1918 1922
1918 1923
1918 1924
1919 1920
1919 1923
1919 1925
1920 1925
1920 1927
1921 1922
1922 1924
1923 1924
1923 1925
1923 1926
1923 1931
1923 2144
1924 1934
1924 2144
1925 1926
1925 1927
1926 1927
1926 1928
1926 1930
1926 1931
1927 1928
1928 1929
1928 1930
1929 1930
1929 2077
1929 2078
1929 2102
1930 1931
1930 1932
1930 2102
1931 1932
1933 1934
1933 2144
1934 2144
1935 1943
1936 1937
1936 1938
1936 1944
1936 1947
1937 1938
1937 1944
1937 2127
1938 2126
1938 2127
1939 1940
1939 1941
1939 1951
1939 1953
1939 2080
1940 1941
1940 1942
1940 2147
1941 1942
1941 1953
1943 1944
1943 1945
1944 1945
1944 1946
1944 1947
1944 2127
1945 1946
1946 1947
1948 1949
1948 1950
1948 1952
1948 1953
1948 2145
1949 1950
1949 2145
1950 1953
1951 1952
1951 1953
1951 2080
1951 2081
1951 2086
1951 2088
1952 1953
1952 2088
1952 2089
1954 1955
1954 1956
1954 1957
1954 2146
1955 1956
1955 1965
1955 2148
1956 1957
1956 1958
1956 1959
1956 1960
1956 1965
1956 1966
1957 1958
1957 2146
1958 1959
1959 1960
1959 1961
1960 1961
1960 1966
1960 1971
1960 1998
1961 1981
1961 1982
1961 1998
1962 1963
1962 1964
1962 1965
1962 2148
1963 1964
1963 2150
1964 1965
1964 1967
1964 1968
1964 2150
1965 1966
1965 1967
1965 2148
1966 1967
1966 1970
1966 1971
1967 1968
1967 1969
1967 1970
1968 1969
1968 2150
1968 2151
1969 1970
1969 1995
1969 2003
1969 2149
1969 2151
1970 1971
1970 2000
1970 2003
1971 1982
1971 1998
1971 2000
1972 1973
1972 1978
1972 1991
1973 2152
1974 1975
1974 1976
1974 1977
1974 1978
1974 2131
1975 1976
1975 1977
1975 1983
1976 2131
1977 1978
1977 1979
1977 1983
1977 2154
1977 2155
1978 1979
1978 1990
1978 1991
1978 2002
1979 1994
1979 2002
1979 2155
1979 2158
1980 1981
1980 1982
1980 2091
1980 2094
1981 1982
1982 1998
1982 2000
1982 2094
1982 2099
1983 2154
1984 1985
1984 1986
1984 1987
1984 1988
1984 1989
1985 1986
1986 1989
1987 1988
1987 2098
1988 1989
1988 2097
1988 2098
1988 2153
1990 1991
1990 1992
1990 1993
1990 1994
1990 2002
1991 1992
1992 1993
1992 2156
1992 2157
1992 2160
1993 1994
1993 2156
1994 2002
1994 2158
1995 1996
1995 1997
1995 1999
1995 2003
1995 2149
1996 1997
1996 2149
1997 1999
1999 2000
1999 2001
1999 2003
2000 2001
2000 2003
2000 2099
2001 2099
2004 2005
2004 2006
2004 2007
2004 2161
2005 2006
2005 2161
2006 2007
2008 2009
2008 2010
2008 2014
2008 2019
2009 2010
2009 2011
2009 2012
2009 2013
2009 2019
2010 2013
2010 2014
2010 2015
2011 2012
2011 2019
2012 2013
2013 2015
2013 2090
2014 2015
2014 2016
2014 2017
2014 2018
2014 2021
2015 2018
2015 2090
2015 2100
2015 2106
2016 2017
2016 2018
2016 2102
2016 2103
2016 2105
2017 2020
2017 2021
2018 2105
2018 2106
2020 2021
2022 2023
2022 2024
2023 2024
2023 2030
2023 2031
2024 2030
2024 2038
2024 2162
2025 2026
2025 2027
2025 2028
2025 2029
2025 2034
2025 2037
2026 2027
2026 2028
2027 2036
2027 2037
2028 2029
2029 2034
2029 2035
2030 2031
2030 2032
2030 2038
2031 2032
2031 2033
2032 2033
2032 2034
2032 2038
2032 2039
2032 2163
2033 2034
2033 2035
2034 2035
2034 2037
2034 2163
2036 2037
2036 2042
2037 2042
2037 2043
2037 2045
2037 2163
2038 2039
2038 2040
2038 2041
2038 2162
2039 2041
2039 2045
2039 2064
2039 2065
2039 2163
2040 2041
2040 2051
2040 2067
2040 2162
2041 2064
2041 2067
2042 2043
2042 2052
2043 2044
2043 2045
2043 2052
2043 2054
2043 2164
2044 2045
2044 2064
2044 2065
2044 2066
2044 2068
2044 2164
2045 2065
2045 2163
2046 2047
2046 2048
2047 2048
2048 2057
2048 2058
2049 2050
2049 2051
2049 2059
2049 2062
2049 2063
2049 2066
2049 2068
2050 2051
2050 2062
2051 2066
2051 2067
2052 2053
2052 2054
2053 2054
2053 2055
2053 2057
2053 2058
2054 2055
2054 2056
2054 2164
2055 2056
2055 2057
2056 2057
2056 2059
2056 2060
2056 2068
2056 2164
2057 2058
2057 2060
2057 2061
2059 2060
2059 2063
2059 2068
2060 2061
2060 2063
2061 2063
2062 2063
2062 2143
2064 2065
2064 2066
2064 2067
2066 2067
2066 2068
2068 2164
2069 2070
2069 2071
2069 2073
2069 2075
2070 2071
2070 2072
2070 2073
2070 2074
2072 2074
2072 2079
2072 2082
2073 2074
2073 2075
2073 2076
2073 2077
2074 2077
2074 2082
2074 2101
2074 2104
2076 2077
2076 2078
2077 2078
2077 2102
2077 2103
2077 2104
2079 2082
2079 2083
2080 2081
2081 2083
2081 2085
2081 2086
2082 2083
2082 2084
2082 2101
2083 2084
2083 2085
2084 2085
2084 2087
2084 2101
2085 2086
2085 2087
2085 2088
2086 2088
2087 2088
2087 2089
2087 2090
2087 2100
2087 2101
2088 2089
2089 2090
2090 2100
2091 2092
2091 2093
2091 2094
2092 2093
2092 2094
2092 2095
2092 2096
2093 2096
2094 2095
2094 2099
2095 2096
2095 2099
2097 2098
2097 2153
2100 2101
2100 2106
2101 2104
2101 2105
2101 2106
2102 2103
2103 2104
2103 2105
2104 2105
2105 2106
2109 2110
2109 2114
2110 2111
2110 2114
2112 2113
2118 2119
2121 2125
2125 2128
2126 2127
2134 2135
2140 2141
2140 2142
2141 2142
2149 2151
2150 2151
2154 2155
2155 2158
2155 2159
2156 2157
2157 2160
2158 2159
