18210794013982738709 3243 1900
0.314074 0.236259 1.593330
-0.314074 0.236259 1.593330
-0.314074 -0.230669 1.593330
0.314074 -0.230669 1.593330
0.314074 0.236259 1.120853
-0.314074 0.236259 1.120853
0.314074 -0.230669 1.120853
0.314074 0.236259 1.120853
0.314074 -0.230669 1.593330
-0.314074 -0.230669 1.593330
-0.314074 -0.230669 1.120853
0.314074 -0.230669 1.120853
0.314074 -0.230669 1.593330
0.314074 -0.230669 1.120853
-0.314074 0.236259 1.593330
-0.314074 0.236259 1.120853
-0.097704 -0.155712 1.369707
-0.124284 -0.155281 1.393131
-0.103693 -0.155176 1.365014
-0.118261 -0.155891 1.397785
-0.093203 -0.150900 1.373209
-0.113734 -0.151145 1.401261
-0.113351 -0.143847 1.401521
-0.093203 -0.150900 1.373209
-0.128274 -0.149690 1.390040
-0.124284 -0.155281 1.393131
-0.092822 -0.143584 1.373464
0.108543 0.143049 1.272394
0.117983 0.147614 1.269121
0.110106 0.145902 1.281196
0.138533 0.142258 1.266951
0.145552 0.133389 1.268523
0.119640 0.099357 1.284321
0.104537 0.115908 1.291819
0.101797 0.126710 1.288903
0.103781 0.137415 1.285117
0.102214 0.134578 1.276314
0.103781 0.137415 1.285117
0.118725 0.144666 1.269921
0.120291 0.147510 1.278723
0.128140 0.144420 1.268209
0.129710 0.147252 1.277011
0.136798 0.139952 1.268020
0.142967 0.132156 1.269400
0.144555 0.134937 1.278204
0.147001 0.125351 1.280866
0.143612 0.113203 1.275448
0.137962 0.105829 1.278873
0.139570 0.108538 1.287679
0.131199 0.104622 1.290471
0.120183 0.102209 1.283300
0.111589 0.106637 1.283471
0.113179 0.109380 1.292274
0.107078 0.117114 1.290951
0.103092 0.123816 1.279576
0.104845 0.133208 1.276243
0.106413 0.136039 1.285046
0.073039 0.136685 1.195675
0.073965 0.129307 1.197546
0.069479 0.146799 1.198910
0.051080 0.147841 1.196589
0.043517 0.144128 1.199286
0.038437 0.137309 1.202456
0.036835 0.128754 1.205467
0.044559 0.113230 1.208791
0.052360 0.109297 1.208464
0.070577 0.112648 1.209481
0.078781 0.134961 1.208163
0.075386 0.123443 1.201759
0.077027 0.122908 1.204934
0.100610 0.115922 1.196636
0.106571 0.119824 1.194522
0.115237 0.119679 1.192931
0.123177 0.115728 1.192717
0.128806 0.108766 1.193927
0.130993 0.100196 1.196314
0.124077 0.085064 1.202523
0.116373 0.081478 1.205111
0.099463 0.085476 1.212668
0.090917 0.102433 1.208802
0.093735 0.109396 1.200314
0.100610 0.115922 1.196636
0.095558 0.113306 1.201076
0.094272 0.114229 1.204355
0.089772 0.162340 1.269983
0.074753 0.179294 1.277761
0.062699 0.176604 1.271038
0.053412 0.172006 1.274381
0.054949 0.174977 1.283180
0.085790 0.135091 1.289369
0.092074 0.143549 1.285462
0.090516 0.140682 1.276660
0.090516 0.140682 1.276660
0.089639 0.151503 1.273417
0.087241 0.161100 1.270878
0.091190 0.154396 1.282219
0.088787 0.164017 1.279678
0.081186 0.168924 1.269648
0.072685 0.173403 1.269980
0.074222 0.176359 1.278780
0.064969 0.176607 1.280602
0.055261 0.169603 1.274741
0.049780 0.162103 1.278201
0.051319 0.165059 1.287000
0.049606 0.155584 1.290290
0.050446 0.143109 1.283970
0.056458 0.135366 1.285157
0.058009 0.138255 1.293954
0.066475 0.133797 1.293630
0.075725 0.133518 1.291862
0.083929 0.137480 1.288984
0.087897 0.142052 1.276743
-0.012628 0.155115 1.476810
-0.000516 0.155719 1.476335
-0.013232 0.157797 1.473300
-0.026082 0.155750 1.474964
-0.037437 0.149490 1.481483
-0.050228 0.144459 1.485774
-0.065639 0.140640 1.487782
-0.086501 0.122095 1.502950
-0.097147 0.111454 1.509727
-0.100202 0.113029 1.506748
-0.109144 0.100018 1.517682
-0.112421 0.101537 1.514802
-0.124001 0.087479 1.523404
-0.133202 0.069879 1.531664
-0.000515 0.156124 1.469485
-0.065720 0.138322 1.484514
-0.078371 0.130936 1.490447
-0.099983 0.110613 1.503462
-0.112036 0.099056 1.511472
-0.132472 0.067904 1.528121
-0.000515 0.153247 1.472873
-0.096857 0.108820 1.506337
-0.128944 0.066726 1.530741
-0.024959 0.150630 1.474998
-0.012664 0.152642 1.473350
-0.000515 0.153247 1.472873
-0.050311 0.141966 1.482376
-0.037522 0.147009 1.478055
-0.075507 0.128548 1.493515
-0.086377 0.119597 1.499579
-0.108706 0.097388 1.514239
-0.022282 -0.178226 1.602947
-0.022189 -0.176219 1.601562
-0.019859 -0.176021 1.603892
-0.023359 -0.178338 1.601763
-0.019179 -0.173232 1.602991
-0.017847 -0.172815 1.604716
-0.022189 -0.176219 1.601562
-0.020994 -0.175748 1.603470
-0.017999 -0.176772 1.602869
-0.019363 -0.173685 1.604189
-0.019561 -0.171455 1.601077
-0.020111 -0.171382 1.603575
-0.022351 -0.174778 1.600353
-0.018036 -0.180862 1.600389
-0.017923 -0.174638 1.598344
-0.020195 -0.178469 1.598319
-0.021712 -0.177133 1.604036
-0.021820 -0.177498 1.605711
-0.023941 -0.176240 1.603492
-0.024357 -0.178046 1.601874
-0.025346 -0.179459 1.605004
-0.019662 -0.183352 1.602446
-0.020945 -0.183665 1.606177
-0.024357 -0.178046 1.601874
-0.022624 -0.182003 1.600866
-0.024113 -0.182805 1.605119
-0.021658 -0.176591 1.608047
-0.021418 -0.175408 1.609533
-0.024146 -0.176486 1.607771
-0.025611 -0.178431 1.608324
-0.023889 -0.175335 1.609091
-0.021614 -0.181650 1.610256
-0.025611 -0.178431 1.608324
-0.024733 -0.180999 1.609265
-0.025521 -0.176441 1.610454
-0.021229 -0.174644 1.609303
-0.023585 -0.174903 1.608787
-0.023420 -0.174760 1.607412
-0.024770 -0.173755 1.608741
-0.020748 -0.171771 1.613441
-0.025269 -0.174774 1.610433
-0.024132 -0.172173 1.612126
-0.024770 -0.173755 1.608741
-0.018791 -0.172657 1.609091
-0.018741 -0.174106 1.606688
-0.024067 -0.173219 1.606415
-0.023451 -0.174125 1.603029
-0.019498 -0.170049 1.610836
-0.018075 -0.170689 1.607240
-0.022751 -0.170505 1.609061
-0.024067 -0.173219 1.606415
-0.020995 -0.170814 1.604782
-0.023451 -0.174125 1.603029
-0.000515 0.158412 1.472820
0.025050 0.155754 1.474962
0.062070 0.138300 1.491046
0.077301 0.133261 1.493695
0.085452 0.122109 1.502944
0.088442 0.124034 1.499872
0.096147 0.111590 1.509722
0.099251 0.113267 1.506743
0.108355 0.100556 1.517682
0.111639 0.102093 1.514802
0.123822 0.088914 1.523420
0.133340 0.071670 1.531546
0.136849 0.052459 1.541652
0.141381 0.034652 1.548652
0.145021 0.035019 1.545889
0.147682 0.017365 1.552487
-0.000515 0.156124 1.469485
0.051462 0.144641 1.479125
0.064680 0.138333 1.484509
0.077327 0.130949 1.490441
0.099087 0.110966 1.503458
0.111379 0.099853 1.511475
0.132782 0.069745 1.528087
0.139750 0.051404 1.535483
0.144107 0.033556 1.542367
0.146543 0.016154 1.548929
-0.000515 0.153247 1.472873
0.023927 0.150634 1.474996
0.036487 0.147015 1.478051
0.135971 0.050588 1.538015
0.140274 0.033061 1.544973
0.029245 -0.185042 1.607460
0.026800 -0.181967 1.608506
0.029350 -0.182901 1.606212
0.024988 -0.177992 1.609498
0.026344 -0.178817 1.607767
0.029350 -0.182901 1.606212
0.028134 -0.181994 1.608194
0.024370 -0.182296 1.607125
0.026626 -0.179325 1.609027
0.030402 -0.180554 1.607777
0.026826 -0.177021 1.605922
0.027792 -0.177023 1.608691
0.029682 -0.181416 1.605095
0.022704 -0.183240 1.603842
0.029682 -0.181416 1.605095
0.024066 -0.180049 1.602453
0.026826 -0.177021 1.605922
0.026128 -0.184733 1.602228
0.028835 -0.183682 1.608710
0.025037 -0.189608 1.606026
0.026815 -0.190186 1.610066
0.028765 -0.189160 1.604754
0.033070 -0.187210 1.609782
0.027026 -0.185026 1.614005
0.029286 -0.181453 1.614737
0.027596 -0.182595 1.616781
0.033805 -0.185964 1.613479
0.032255 -0.182048 1.614539
0.034142 -0.183591 1.615987
0.028362 -0.188062 1.614711
0.029461 -0.184793 1.618316
0.034142 -0.183591 1.615987
0.027532 -0.180029 1.617241
0.029176 -0.180597 1.614561
0.031925 -0.181511 1.614239
0.031659 -0.181408 1.612786
0.033601 -0.180589 1.614459
0.029743 -0.180883 1.620084
0.033605 -0.181615 1.619217
0.034143 -0.181690 1.616160
0.033237 -0.178383 1.618115
0.032651 -0.179956 1.611980
0.025778 -0.175634 1.612404
0.031622 -0.176431 1.614928
0.031479 -0.180962 1.608185
0.029066 -0.176585 1.610144
-0.007899 0.175252 1.374567
-0.006437 0.176591 1.371475
-0.004012 0.171614 1.393764
-0.003427 0.176654 1.374658
0.000866 0.174955 1.394458
0.000866 0.174955 1.394458
-0.004033 0.178045 1.375073
0.002913 0.165831 1.425237
0.005286 0.156463 1.457171
0.007473 0.160034 1.459094
-0.005868 0.165576 1.426371
-0.007197 0.172457 1.394308
0.005831 0.149242 1.475572
0.007888 0.152597 1.477817
-0.006835 0.177374 1.396042
-0.007623 0.177993 1.375264
-0.006437 0.176591 1.371475
-0.007535 0.168706 1.428131
-0.006566 0.159647 1.461592
-0.007535 0.168706 1.428131
-0.006566 0.159647 1.461592
0.001249 0.148095 1.487149
-0.002379 0.146336 1.484115
0.004841 0.146642 1.482674
-0.003652 0.148880 1.477442
-0.005589 0.152100 1.480511
-0.005589 0.152100 1.480511
0.016178 0.174406 1.376134
0.018675 0.175004 1.375078
0.017979 0.173767 1.376043
0.016849 0.171067 1.395642
0.013591 0.172216 1.395926
0.011141 0.167666 1.424672
0.019987 0.171687 1.396078
0.013326 0.152175 1.473375
0.012030 0.147488 1.484901
0.010682 0.146022 1.491274
0.014361 0.146264 1.490959
0.018555 0.150947 1.487248
0.015002 0.148346 1.492913
0.015002 0.148346 1.492913
0.018555 0.150947 1.487248
0.016497 0.154809 1.489327
0.018084 0.160039 1.477900
0.020277 0.155902 1.475780
0.011747 0.156973 1.490398
0.007296 0.149381 1.485974
0.008274 0.154179 1.474445
0.009450 0.160957 1.453303
0.007307 0.164581 1.455176
0.008035 0.161453 1.478469
0.009187 0.168001 1.456956
0.006071 0.157943 1.476561
0.007307 0.164581 1.455176
0.005239 0.152903 1.488062
0.018869 0.166779 1.456645
0.020993 0.162835 1.454763
0.013979 0.168932 1.457547
0.013014 0.162387 1.479016
0.015076 0.174852 1.428196
0.013279 0.177035 1.397829
0.019427 0.173138 1.427598
0.019705 0.176506 1.397964
0.021183 0.173914 1.397032
0.020246 0.175354 1.376729
0.019689 0.174141 1.376276
0.020246 0.175354 1.376729
0.018675 0.175004 1.375078
0.016298 0.176438 1.377560
0.015772 0.175247 1.376990
0.006173 0.149630 1.493432
0.030612 0.173592 1.370483
0.032352 0.174588 1.369138
0.025078 0.166817 1.418656
0.024327 0.145128 1.488683
0.028734 0.146981 1.491098
0.023976 0.151564 1.492902
0.023866 0.147834 1.492009
0.020957 0.148978 1.481861
0.020771 0.147036 1.488170
0.019595 0.149647 1.490414
0.022077 0.153235 1.470077
0.019703 0.157531 1.472008
0.019703 0.157531 1.472008
0.018744 0.153015 1.483866
0.020573 0.156119 1.486539
0.034700 0.174157 1.371000
0.029552 0.174787 1.370617
0.020493 0.152410 1.491861
0.060010 0.168238 1.384145
0.061973 0.168493 1.384648
0.061540 0.167438 1.384642
0.062950 0.167529 1.385530
0.063746 0.168613 1.385835
0.059221 0.169795 1.384412
-0.116375 0.099416 1.518494
-0.128141 0.084439 1.526374
-0.126722 0.084520 1.528799
-0.115130 0.098562 1.519133
-0.117495 0.098262 1.514483
-0.127788 0.083357 1.524724
-0.135673 0.066747 1.538562
-0.128141 0.084439 1.526374
-0.125441 0.083800 1.529386
-0.134429 0.066093 1.539184
-0.114938 0.097460 1.517546
-0.125204 0.082780 1.527745
-0.125204 0.082780 1.527745
-0.133996 0.065237 1.537409
-0.125204 0.082780 1.527745
0.140882 0.050662 1.545978
0.141770 0.049660 1.541757
0.144998 0.037162 1.548957
0.143662 0.037339 1.551494
0.146662 0.024046 1.554074
0.142260 0.036929 1.552103
0.139504 0.050166 1.546562
0.144399 0.036405 1.547226
0.145970 0.023394 1.552348
0.139092 0.049347 1.544850
0.141749 0.036189 1.550380
0.139092 0.049347 1.544850
-0.037088 -0.144861 1.321410
-0.037056 -0.155846 1.337878
-0.040815 -0.158357 1.337737
-0.035816 -0.152005 1.340091
-0.045100 -0.159838 1.336807
-0.050099 -0.160451 1.336467
-0.057696 -0.150830 1.318141
-0.055479 -0.160491 1.335207
-0.060022 -0.158721 1.336506
-0.060946 -0.143297 1.321920
-0.063824 -0.150943 1.341018
-0.059840 -0.139402 1.323890
-0.048336 -0.131525 1.326141
-0.048451 -0.133770 1.326859
-0.061683 -0.147391 1.344479
-0.062501 -0.146534 1.343396
-0.049238 -0.141357 1.347604
-0.049143 -0.140044 1.346761
-0.048353 -0.132216 1.325429
-0.037806 -0.140860 1.323434
-0.036021 -0.139780 1.322187
-0.036679 -0.147793 1.342441
-0.049143 -0.140044 1.346761
-0.058525 -0.157145 1.336602
-0.038720 -0.154697 1.337790
-0.037658 -0.151532 1.339648
-0.060715 -0.146960 1.342472
-0.049202 -0.141376 1.345371
-0.061060 -0.154402 1.338333
-0.049613 -0.156967 1.317138
-0.044257 -0.156394 1.317484
-0.039650 -0.154043 1.318733
-0.059356 -0.152742 1.319172
-0.061742 -0.139317 1.325957
-0.048448 -0.132764 1.329426
-0.036082 -0.140988 1.325427
-0.035245 -0.145672 1.323061
-0.036510 -0.150255 1.320703
-0.044750 -0.155264 1.318731
-0.049555 -0.155767 1.318422
-0.054408 -0.155238 1.321267
-0.054312 -0.154654 1.318937
-0.060845 -0.148326 1.322057
-0.061615 -0.144111 1.324182
-0.060432 -0.140050 1.326261
-0.060547 -0.140965 1.328637
-0.048516 -0.134197 1.329380
-0.048607 -0.135128 1.331757
-0.037414 -0.141571 1.325799
-0.037498 -0.142456 1.328143
-0.036744 -0.146602 1.326004
-0.036661 -0.145758 1.323680
-0.037795 -0.149843 1.321575
-0.044422 -0.157302 1.322002
-0.039816 -0.155234 1.323174
-0.048615 -0.134547 1.333866
-0.048615 -0.134547 1.333866
-0.036227 -0.142677 1.329796
-0.036664 -0.151698 1.325074
-0.049692 -0.156944 1.320652
-0.044621 -0.156412 1.321013
-0.040252 -0.154396 1.322148
-0.037263 -0.150976 1.323976
-0.036847 -0.142361 1.328464
-0.048590 -0.134617 1.332293
-0.048590 -0.134617 1.332293
-0.054732 -0.155900 1.321182
-0.015156 -0.175078 1.612695
-0.016322 -0.174286 1.614016
-0.017607 -0.174614 1.613010
-0.001822 -0.175008 1.614194
-0.002581 -0.176057 1.612055
-0.017628 -0.181229 1.601559
-0.014316 -0.177435 1.603435
-0.014438 -0.173692 1.609232
-0.013369 -0.173254 1.610336
-0.004471 -0.173835 1.610333
-0.003644 -0.174407 1.609534
-0.003787 -0.177564 1.603905
-0.002459 -0.180765 1.603724
-0.004883 -0.178291 1.602823
-0.013445 -0.178092 1.602666
-0.016667 -0.181877 1.600740
-0.000831 -0.181516 1.602162
-0.018788 -0.180109 1.599232
-0.018162 -0.180621 1.598610
-0.018095 -0.171566 1.614348
0.003055 -0.182236 1.601458
-0.000200 -0.181011 1.599024
-0.018788 -0.180109 1.599232
-0.015500 -0.176244 1.599201
-0.018162 -0.180621 1.598610
-0.016167 -0.175702 1.599842
-0.000200 -0.181011 1.599024
-0.002105 -0.176439 1.599551
0.004528 -0.174659 1.616227
-0.001445 -0.170392 1.610376
-0.001867 -0.170226 1.611264
0.003661 -0.174376 1.616991
-0.018095 -0.171566 1.614348
-0.015473 -0.169444 1.610970
-0.004883 -0.178291 1.602823
-0.013445 -0.178092 1.602666
-0.003787 -0.177564 1.603905
-0.003644 -0.174407 1.609534
-0.013369 -0.173254 1.610336
-0.014438 -0.173692 1.609232
-0.038564 -0.151122 1.309490
-0.046393 -0.154032 1.307989
-0.054953 -0.152811 1.308553
-0.059669 -0.149475 1.310192
-0.060796 -0.133643 1.313366
-0.057575 -0.129955 1.315147
-0.035636 -0.135609 1.312389
-0.039153 -0.151658 1.313189
-0.035587 -0.138209 1.319750
-0.046828 -0.153139 1.315059
-0.053607 -0.152232 1.315415
-0.060120 -0.144062 1.319346
-0.059366 -0.138192 1.322262
-0.037686 -0.139665 1.321835
-0.046316 -0.150818 1.298705
-0.046403 -0.148206 1.295209
-0.061637 -0.131038 1.308460
-0.057132 -0.126111 1.305816
-0.058123 -0.127038 1.310334
-0.035376 -0.131983 1.302509
-0.034489 -0.133261 1.307011
-0.054802 -0.145744 1.290392
-0.057667 -0.123216 1.300757
-0.034286 -0.129690 1.296827
-0.059173 -0.138612 1.282818
-0.054702 -0.142049 1.281085
-0.057243 -0.119633 1.290705
-0.060867 -0.123636 1.289222
-0.039392 -0.134152 1.262099
-0.059069 -0.131623 1.265015
-0.059835 -0.118088 1.270212
-0.039789 -0.131243 1.249061
-0.062434 -0.120233 1.249111
-0.060383 -0.113130 1.249686
-0.062794 -0.117748 1.238473
-0.060567 -0.110959 1.239659
-0.034453 -0.118051 1.250194
-0.042017 -0.125378 1.217467
-0.040711 -0.127555 1.231609
-0.061394 -0.122113 1.224069
-0.061494 -0.108203 1.226819
-0.034850 -0.115126 1.233377
-0.045727 -0.123084 1.201849
-0.063210 -0.119457 1.212353
-0.065055 -0.112680 1.214932
-0.062806 -0.105620 1.215322
-0.039362 -0.110272 1.201155
-0.054482 -0.121359 1.183488
-0.068443 -0.116952 1.200287
-0.069332 -0.109922 1.203915
-0.062961 -0.099187 1.201691
-0.047689 -0.108077 1.181653
-0.063678 -0.119191 1.173551
-0.073252 -0.115182 1.193292
-0.066943 -0.097878 1.194484
-0.072919 -0.117460 1.166724
-0.071667 -0.095472 1.190694
-0.081095 -0.114507 1.163103
-0.076585 -0.093196 1.188211
-0.079492 -0.097157 1.191411
-0.092746 -0.108707 1.159638
-0.094494 -0.088767 1.155100
-0.107387 -0.080935 1.153670
-0.128733 -0.074868 1.149313
-0.139898 -0.077836 1.175092
-0.134277 -0.072899 1.180120
-0.126938 -0.067791 1.180520
-0.152891 -0.067769 1.158007
-0.151745 -0.065169 1.173041
-0.130861 -0.055273 1.176010
-0.159505 -0.057811 1.157138
-0.135212 -0.048058 1.175404
-0.165873 -0.042756 1.156685
-0.140129 -0.036368 1.175277
-0.170292 -0.024711 1.156253
-0.144254 -0.021142 1.175597
-0.172049 -0.006638 1.155821
-0.161898 -0.005570 1.177422
-0.151835 -0.005589 1.178288
-0.145574 -0.005776 1.175502
-0.166320 0.010240 1.146987
-0.171884 0.011240 1.155068
-0.172583 0.011875 1.164965
-0.161542 0.011500 1.176692
-0.151564 0.010632 1.177461
-0.165458 0.020073 1.146287
-0.170873 0.021549 1.154311
-0.171465 0.022344 1.164177
-0.150693 0.019836 1.176458
-0.162787 0.034289 1.144418
-0.168084 0.037629 1.162308
-0.142245 0.030855 1.171678
-0.147903 0.032756 1.174529
-0.157385 0.051404 1.141853
-0.159245 0.053956 1.165949
-0.162138 0.054816 1.159882
-0.137477 0.044697 1.168886
-0.142804 0.047161 1.171860
-0.149824 0.067040 1.140123
-0.151924 0.068326 1.164182
-0.133142 0.058026 1.138721
-0.140742 0.079049 1.139561
-0.144398 0.081773 1.147380
-0.141895 0.079949 1.162070
-0.126220 0.068876 1.137723
-0.134154 0.086433 1.138075
-0.137184 0.089574 1.146198
-0.120921 0.074663 1.135841
-0.123045 0.095037 1.136296
-0.125289 0.098290 1.144518
-0.112153 0.081912 1.133512
-0.108356 0.104495 1.134678
-0.110017 0.107467 1.143065
-0.091247 0.113864 1.133244
-0.071276 0.111742 1.130544
-0.075937 0.111855 1.127362
-0.071900 0.117806 1.134754
-0.077283 0.119395 1.132557
-0.077643 0.122190 1.141748
-0.077112 0.120156 1.151303
-0.076242 0.115945 1.156287
-0.074514 0.107303 1.159457
-0.072799 0.098556 1.157667
-0.071959 0.094076 1.153454
-0.070417 0.104463 1.130169
-0.074186 0.102839 1.126972
-0.056647 -0.135051 1.323859
-0.058111 -0.132667 1.322278
-0.081943 0.091691 1.154403
-0.095622 0.085691 1.157005
-0.117465 0.072470 1.162495
-0.123738 0.066899 1.163712
-0.137477 0.044697 1.168886
-0.142245 0.030855 1.171678
-0.145420 0.009912 1.174630
-0.145574 -0.005776 1.175502
-0.135212 -0.048058 1.175404
-0.130861 -0.055273 1.176010
-0.108120 -0.075994 1.180223
-0.095137 -0.083441 1.183129
-0.076585 -0.093196 1.188211
-0.071667 -0.095472 1.190694
-0.062961 -0.099187 1.201691
-0.058902 -0.102014 1.213982
-0.056546 -0.107482 1.239666
-0.056458 -0.109594 1.250058
-0.057243 -0.119633 1.290705
-0.057667 -0.123216 1.300757
-0.058123 -0.127038 1.310334
-0.057575 -0.129955 1.315147
-0.058562 -0.130856 1.319426
-0.002012 -0.182231 1.607617
0.024834 -0.189130 1.609973
-0.000517 -0.182305 1.603066
-0.004409 -0.177681 1.611612
-0.003684 -0.171614 1.610417
0.024834 -0.189130 1.609973
0.026152 -0.188219 1.606393
0.002994 -0.181364 1.601251
0.022411 -0.186702 1.605662
0.024811 -0.179268 1.604896
-0.000286 -0.173280 1.598734
-0.000437 -0.168847 1.601447
-0.000286 -0.173280 1.598734
-0.000517 -0.182305 1.603066
-0.002231 -0.180859 1.603441
-0.002012 -0.182231 1.607617
-0.003932 -0.180736 1.606897
-0.005119 -0.177559 1.609022
-0.004409 -0.177681 1.611612
-0.003684 -0.171614 1.610417
-0.004971 -0.172840 1.608283
-0.002147 -0.169250 1.606634
-0.004058 -0.170269 1.605870
-0.000437 -0.168847 1.601447
0.025666 -0.173560 1.608958
-0.002147 -0.169250 1.606634
0.027405 -0.172682 1.615626
-0.000437 -0.168847 1.601447
0.025666 -0.173560 1.608958
0.028233 -0.175042 1.610107
0.027405 -0.172682 1.615626
0.029237 -0.174305 1.615425
0.026831 -0.175985 1.619392
0.026355 -0.182166 1.619573
0.024844 -0.187304 1.615025
0.027374 -0.188321 1.610881
0.027820 -0.187885 1.607537
0.027416 -0.185771 1.611621
0.098558 -0.097421 1.148164
0.079917 -0.108429 1.155880
0.084282 -0.116489 1.159982
0.086925 -0.106093 1.193592
0.088498 -0.103296 1.195685
0.085031 -0.102240 1.194128
0.086680 -0.101142 1.198389
0.101326 -0.094305 1.150548
0.106364 -0.104000 1.155271
0.105531 -0.093790 1.188320
0.103545 -0.092198 1.194252
0.103050 -0.087393 1.188330
0.101158 -0.087061 1.192385
0.085350 -0.097553 1.197552
0.083701 -0.099029 1.193304
0.101326 -0.094305 1.150548
0.106364 -0.104000 1.155271
0.083701 -0.099029 1.193304
0.074080 -0.100098 1.153411
0.084282 -0.116489 1.159982
0.084932 0.120008 1.275473
0.093211 0.116635 1.271450
0.085234 0.117676 1.271451
0.104993 0.117325 1.293765
0.115351 0.098666 1.289300
0.099587 0.118478 1.301822
0.100241 0.099575 1.261739
0.115947 0.098122 1.292163
0.100230 0.093047 1.267384
0.103892 0.099207 1.268708
0.102813 0.094905 1.270095
0.103244 0.099703 1.264806
0.113423 0.093009 1.293356
0.111901 0.093140 1.289235
0.115947 0.098122 1.292163
0.115351 0.098666 1.289300
0.105699 0.113124 1.290479
0.101958 0.110670 1.288497
0.104256 0.114062 1.289393
0.097628 0.113788 1.275219
0.097170 0.113031 1.273028
0.103892 0.099207 1.268708
0.098532 0.111760 1.301684
0.113423 0.093009 1.293356
0.082986 0.114995 1.277475
0.082081 0.113294 1.273656
-0.159553 0.082055 1.364456
-0.138401 0.093712 1.336883
-0.145090 0.093288 1.333623
-0.163648 0.076443 1.360492
-0.162594 0.068802 1.358098
-0.147079 0.076950 1.368263
-0.132755 0.088253 1.337494
-0.145090 0.093288 1.333623
-0.138401 0.093712 1.336883
-0.147079 0.076950 1.368263
-0.152775 0.082390 1.367682
-0.132755 0.088253 1.337494
-0.148037 0.079837 1.327245
0.107603 0.107174 1.289291
0.099014 0.108107 1.270427
0.104411 0.109859 1.291111
0.099643 0.103535 1.269821
0.097340 0.099732 1.270791
0.100527 0.109049 1.293086
-0.045720 -0.197551 1.567726
-0.076186 -0.189353 1.570018
-0.048336 -0.203684 1.554734
-0.045053 -0.185941 1.575444
-0.045991 -0.179262 1.576932
-0.047097 -0.175288 1.576843
-0.053491 -0.173175 1.579905
-0.080209 -0.187354 1.561328
-0.051564 -0.198862 1.544872
-0.068660 -0.184129 1.543230
-0.084242 -0.172657 1.550154
-0.061233 -0.162027 1.581234
-0.062475 -0.173089 1.584720
-0.084242 -0.172657 1.550154
-0.064213 -0.179229 1.584701
0.038193 -0.148746 1.319407
0.037056 -0.155846 1.337878
0.040815 -0.158357 1.337737
0.035816 -0.152005 1.340091
0.045100 -0.159838 1.336807
0.050099 -0.160451 1.336467
0.057696 -0.150830 1.318141
0.059340 -0.158560 1.338045
0.060167 -0.147309 1.319903
0.062073 -0.155522 1.339960
0.063824 -0.150943 1.341018
0.062939 -0.155363 1.338555
0.059840 -0.139402 1.323890
0.060646 -0.138316 1.322217
0.048451 -0.133770 1.326859
0.062501 -0.146534 1.343396
0.049143 -0.140044 1.346761
0.048353 -0.132216 1.325429
0.048451 -0.133770 1.326859
0.037806 -0.140860 1.323434
0.049238 -0.141357 1.347604
0.049143 -0.140044 1.346761
0.054607 -0.158599 1.335522
0.058525 -0.157145 1.336602
0.049992 -0.158927 1.335192
0.045370 -0.158379 1.335506
0.038720 -0.154697 1.337790
0.037658 -0.151532 1.339648
0.038417 -0.147979 1.341654
0.060715 -0.146960 1.342472
0.049202 -0.141376 1.345371
0.059551 -0.154252 1.323544
0.048615 -0.134547 1.333866
0.048615 -0.134547 1.333866
-0.066212 -0.141884 1.290128
-0.066503 -0.136467 1.272005
-0.029196 -0.141530 1.290658
-0.026408 -0.135322 1.293241
-0.028215 -0.136090 1.295434
-0.063681 -0.141236 1.293557
-0.066331 -0.135522 1.295089
-0.068392 -0.135630 1.291621
-0.070846 -0.130916 1.293093
-0.064689 -0.133900 1.268601
-0.033895 -0.136875 1.266832
-0.067352 -0.127761 1.269403
-0.072064 -0.123152 1.273504
-0.070202 -0.123161 1.269737
-0.067352 -0.127761 1.269403
-0.070202 -0.123161 1.269737
-0.069583 -0.132073 1.295917
-0.066331 -0.135522 1.295089
-0.085706 0.117446 1.128137
-0.103154 0.103666 1.126409
-0.083021 0.112460 1.122588
-0.099073 0.095575 1.126021
-0.107822 0.105966 1.135258
-0.098618 0.092627 1.129869
-0.099999 0.093434 1.166232
-0.081809 0.119426 1.132194
-0.077011 0.104597 1.123350
-0.075319 0.101837 1.164360
-0.094939 0.088453 1.171151
-0.070616 0.096011 1.163095
-0.071816 0.095064 1.165645
-0.089107 0.084132 1.164909
-0.091601 0.081130 1.161126
-0.081809 0.119426 1.132194
-0.075319 0.101837 1.164360
-0.082759 0.121090 1.148666
-0.080013 0.113805 1.159649
-0.099999 0.093434 1.166232
-0.091601 0.081130 1.161126
-0.023925 0.149642 1.365460
-0.023758 0.150540 1.346469
-0.023762 0.159193 1.346399
-0.023910 0.160500 1.361276
-0.023906 0.151819 1.361337
-0.023758 0.150540 1.346469
-0.023906 0.151819 1.361337
0.022830 0.149007 1.346477
0.022837 0.158057 1.346405
0.022907 0.159877 1.361276
0.022901 0.150776 1.361340
-0.037577 0.159144 1.346472
-0.037598 0.150607 1.346547
-0.037700 0.164215 1.353874
-0.037598 0.150607 1.346547
-0.037783 0.151760 1.361413
0.036571 0.149133 1.346552
0.036600 0.158164 1.346474
0.036694 0.163646 1.353873
0.036765 0.160043 1.361343
0.144886 0.093024 1.333621
0.153935 0.084625 1.367684
0.160807 0.084241 1.364460
0.138059 0.093292 1.336880
0.164744 0.078244 1.360498
0.163458 0.070221 1.358106
0.148144 0.079090 1.368267
0.132449 0.087874 1.337491
0.138059 0.093292 1.336880
0.144886 0.093024 1.333621
0.148144 0.079090 1.368267
0.163458 0.070221 1.358106
0.132449 0.087874 1.337491
0.148037 0.079837 1.327245
0.066503 -0.136467 1.272005
0.029196 -0.141530 1.290658
0.026219 -0.128596 1.273212
0.026408 -0.135322 1.293241
0.033756 -0.147684 1.291459
0.063681 -0.141236 1.293557
0.070846 -0.130916 1.293093
0.069583 -0.132073 1.295917
0.064689 -0.133900 1.268601
0.030575 -0.131850 1.268919
0.028237 -0.126793 1.270861
0.028237 -0.126793 1.270861
0.030575 -0.131850 1.268919
0.031174 -0.143545 1.292886
0.028215 -0.136089 1.295434
-0.018463 -0.189664 1.512497
-0.030203 -0.186394 1.511021
-0.000000 -0.191045 1.512604
-0.000000 -0.179342 1.501655
-0.017078 -0.190734 1.516830
-0.018979 -0.191997 1.538228
-0.013348 -0.179317 1.501842
-0.013168 -0.191629 1.516502
-0.011415 -0.194094 1.537693
-0.013397 -0.189535 1.515132
-0.016744 -0.189107 1.515460
-0.016687 -0.174597 1.500885
-0.000000 -0.175733 1.499907
-0.000122 -0.173270 1.499239
-0.000000 -0.197272 1.538200
-0.018482 -0.212617 1.565620
-0.010266 -0.212603 1.564261
-0.011460 -0.212738 1.565632
-0.008072 -0.212229 1.563854
-0.012319 -0.212245 1.565831
-0.018344 -0.212197 1.565975
-0.020706 -0.212085 1.567259
-0.020546 -0.207460 1.575406
-0.021520 -0.196031 1.584636
-0.020052 -0.194770 1.583811
-0.022167 -0.193427 1.584541
-0.019939 -0.192012 1.582291
-0.022014 -0.190682 1.582991
-0.031345 -0.184470 1.509928
-0.031712 -0.186267 1.511777
-0.030121 -0.186624 1.512644
-0.018558 -0.177090 1.500386
-0.017915 -0.173754 1.499354
-0.031726 -0.183767 1.511122
-0.030348 -0.184623 1.511875
-0.035570 -0.188776 1.520786
-0.037233 -0.189101 1.521263
-0.041706 -0.189887 1.518990
-0.043571 -0.190538 1.519204
-0.049090 -0.196501 1.527270
-0.048593 -0.198452 1.539350
-0.047380 -0.198889 1.540458
-0.045675 -0.205101 1.565603
-0.042507 -0.191245 1.582740
-0.046965 -0.203807 1.564945
-0.044260 -0.189679 1.581983
-0.044208 -0.186318 1.580229
-0.045640 -0.194367 1.572993
-0.048564 -0.197297 1.537609
-0.049005 -0.194793 1.525453
-0.047984 -0.193624 1.523192
-0.020248 -0.211094 1.565546
-0.020378 -0.206117 1.572802
-0.009432 -0.211640 1.561915
-0.007583 -0.211711 1.561877
-0.000000 -0.212179 1.563135
-0.000000 -0.211910 1.563730
-0.000000 -0.211406 1.562356
0.028220 -0.188137 1.513817
0.030202 -0.183957 1.511029
0.011931 -0.193485 1.514827
-0.000000 -0.191045 1.512604
0.011878 -0.180026 1.501774
-0.000000 -0.179342 1.501655
0.017079 -0.193803 1.516823
0.016910 -0.178717 1.501639
0.013348 -0.179206 1.501843
0.013765 -0.174617 1.500465
0.016687 -0.174488 1.500886
0.011085 -0.173432 1.499071
-0.000000 -0.175733 1.499907
0.000122 -0.173167 1.499239
0.012746 -0.209525 1.539691
0.010267 -0.217181 1.564283
0.018482 -0.212679 1.565621
-0.000000 -0.198196 1.540538
0.011460 -0.212812 1.565633
0.008073 -0.215932 1.563871
0.018346 -0.216246 1.565994
0.020706 -0.211638 1.567257
0.012319 -0.212398 1.565832
0.020725 -0.210807 1.575450
0.022276 -0.211879 1.576473
0.023363 -0.201843 1.585631
0.024553 -0.199620 1.585788
0.024551 -0.196788 1.584368
0.040082 -0.202007 1.585798
0.031343 -0.180496 1.509943
0.029919 -0.186653 1.514331
0.030120 -0.184531 1.512650
0.036790 -0.190439 1.521912
0.017915 -0.173647 1.499355
0.031472 -0.176996 1.509332
0.031724 -0.179440 1.511137
0.029826 -0.183153 1.513434
0.036722 -0.187014 1.520898
0.044308 -0.182654 1.519252
0.046903 -0.181761 1.519539
0.056522 -0.188658 1.527970
0.055230 -0.211933 1.566463
0.054971 -0.202434 1.584937
0.055784 -0.207480 1.577069
0.057996 -0.200797 1.584276
0.058214 -0.197082 1.582740
0.039898 -0.199131 1.584611
0.058056 -0.202806 1.574396
0.057911 -0.196178 1.538470
0.056295 -0.184369 1.526149
0.018574 -0.211404 1.564296
0.012148 -0.211832 1.564171
0.009433 -0.213705 1.561924
0.007584 -0.214064 1.561887
-0.000000 -0.212179 1.563135
-0.000000 -0.211910 1.563730
-0.000000 -0.211406 1.562356
-0.173886 -0.017702 1.147676
-0.166813 -0.019579 1.143705
-0.153130 0.006669 1.142315
-0.157411 -0.020075 1.142796
-0.172554 -0.020610 1.149003
-0.166304 -0.021807 1.144914
-0.166894 -0.017509 1.181696
-0.165336 -0.021199 1.179539
-0.156384 -0.017701 1.180969
-0.167662 0.014305 1.144326
-0.150281 0.013801 1.175944
-0.139246 0.008765 1.174272
-0.154782 -0.015522 1.187451
-0.151215 -0.021831 1.184374
-0.139246 0.008765 1.174272
-0.150281 0.013801 1.175944
-0.154876 -0.022732 1.145558
-0.152853 -0.021436 1.179720
-0.171862 -0.019962 1.176843
-0.162242 0.015299 1.176835
-0.098558 -0.097421 1.148164
-0.079252 -0.103690 1.150467
-0.084282 -0.116489 1.159982
-0.074080 -0.100098 1.153411
-0.088498 -0.103296 1.195685
-0.085031 -0.102240 1.194128
-0.086680 -0.101142 1.198389
-0.103793 -0.095123 1.191703
-0.105531 -0.093790 1.188320
-0.103545 -0.092198 1.194252
-0.101158 -0.087061 1.192385
-0.085350 -0.097553 1.197552
-0.108461 -0.100741 1.185882
-0.101326 -0.094305 1.150548
-0.106364 -0.104000 1.155271
-0.079917 -0.108429 1.155880
-0.074080 -0.100098 1.153411
-0.057778 0.133986 1.532372
-0.083897 0.122463 1.509644
-0.045990 0.132645 1.524059
-0.041015 0.138675 1.508849
-0.035931 0.133488 1.513985
-0.071420 0.111841 1.541950
-0.075232 0.120349 1.540623
-0.039796 0.133496 1.505352
-0.036509 0.129792 1.508232
-0.035582 0.124268 1.513787
-0.036081 0.126766 1.508927
-0.048591 0.136894 1.506239
-0.067613 0.128851 1.506375
-0.086862 0.128060 1.514690
-0.110062 0.116959 1.520315
-0.075617 0.120810 1.544439
-0.070454 0.111015 1.547083
-0.068311 0.103291 1.539611
-0.066454 0.101379 1.545539
-0.098565 0.108225 1.550245
-0.092252 0.095175 1.552949
-0.089170 0.081165 1.542011
-0.083511 0.077279 1.544446
-0.110062 0.116959 1.520315
-0.085042 0.116188 1.503635
-0.106576 0.103419 1.511098
-0.083099 0.118833 1.506631
-0.115871 0.101901 1.533714
-0.115600 0.099280 1.529335
-0.114582 0.103029 1.538370
-0.117033 0.102051 1.539448
-0.114086 0.101438 1.544103
-0.108210 0.100312 1.545872
-0.104071 0.096852 1.547589
-0.105499 0.095372 1.549420
-0.101174 0.090834 1.549289
-0.096946 0.088272 1.545650
-0.095067 0.084465 1.542250
-0.095730 0.082084 1.543490
-0.095447 0.079258 1.538714
-0.099831 0.078724 1.528947
-0.098987 0.078206 1.528244
-0.099831 0.078724 1.528947
-0.102591 0.083531 1.525502
-0.098987 0.078206 1.528244
-0.106723 0.087000 1.523825
-0.110650 0.091204 1.523953
-0.113757 0.095518 1.525913
-0.096395 0.122739 1.535785
-0.099525 0.123282 1.530758
-0.082846 0.111820 1.541562
-0.087353 0.116477 1.541623
-0.076984 0.102239 1.535432
-0.076594 0.098875 1.530298
-0.092788 0.085685 1.525105
-0.081377 0.098220 1.519727
-0.081377 0.098220 1.519727
-0.092788 0.085685 1.525105
-0.085780 0.100919 1.515888
-0.090604 0.104984 1.513892
-0.106432 0.097051 1.519437
-0.100709 0.118804 1.520151
-0.101005 0.121847 1.525269
-0.094308 0.084997 1.526070
-0.071260 -0.164420 1.579778
-0.072306 -0.169662 1.580841
-0.073722 -0.169119 1.582917
-0.070080 -0.165279 1.578090
-0.078666 -0.176555 1.584830
-0.072649 -0.169245 1.583616
-0.070124 -0.164145 1.580209
-0.082787 -0.179379 1.578399
-0.085673 -0.180034 1.574627
-0.087518 -0.179126 1.570110
-0.091074 -0.179817 1.571479
-0.091353 -0.177045 1.566175
-0.090064 -0.173019 1.561581
-0.087122 -0.173140 1.561266
-0.083330 -0.166702 1.557769
-0.085674 -0.166007 1.557805
-0.085591 -0.165860 1.556557
-0.078075 -0.158533 1.559371
-0.077483 -0.157829 1.558306
-0.073009 -0.156455 1.564980
-0.073009 -0.156455 1.564980
-0.071715 -0.157910 1.564435
-0.072062 -0.155609 1.564338
-0.062836 -0.190871 1.568718
-0.066138 -0.191504 1.564046
-0.067961 -0.182718 1.548593
-0.068891 -0.187093 1.553164
-0.056558 -0.167376 1.547389
-0.051459 -0.165285 1.553628
-0.051459 -0.165285 1.553628
0.061680 -0.160263 1.333899
0.065588 -0.161086 1.354402
0.038266 -0.161687 1.335646
0.067667 -0.155745 1.334465
0.071458 -0.157524 1.353485
0.073694 -0.152398 1.353896
0.050380 -0.154666 1.334824
0.061680 -0.160263 1.333899
0.038104 -0.162554 1.355874
0.033111 -0.160010 1.336240
0.033296 -0.157971 1.354278
0.038104 -0.162554 1.355874
0.042305 -0.164272 1.356890
0.051734 -0.158160 1.356494
0.073694 -0.152398 1.353896
0.071458 -0.157524 1.353485
0.070616 -0.150769 1.336250
0.051537 0.087318 1.567467
0.032782 0.106501 1.566669
0.025683 -0.134717 1.631822
-0.000000 -0.148044 1.608234
0.063956 -0.137751 1.613691
0.119084 -0.073514 1.619362
0.100252 -0.014153 1.593885
0.093890 0.004534 1.586764
0.113903 -0.054606 1.611265
0.065766 0.061668 1.542328
0.022842 0.115022 1.523222
0.121021 -0.101268 1.602860
0.101919 -0.125869 1.610173
0.019306 0.110839 1.542209
0.020669 0.116128 1.519924
-0.000523 0.118724 1.518486
-0.000414 0.109102 1.542820
0.059337 -0.204253 1.555709
0.095156 -0.192479 1.578999
0.101415 -0.191437 1.569237
0.058696 -0.195446 1.577608
0.061129 -0.189006 1.579828
0.085813 -0.181474 1.586671
0.073058 -0.182231 1.582946
0.082020 -0.168966 1.584223
0.108639 -0.185103 1.560910
0.093557 -0.175120 1.544566
0.114297 -0.165040 1.550061
0.082020 -0.168966 1.584223
0.085813 -0.181474 1.586671
0.088356 -0.187460 1.585739
0.115097 0.102462 1.533717
0.117707 0.101507 1.534343
0.114861 0.099904 1.529338
0.116350 0.102741 1.539453
0.113438 0.102144 1.544109
0.109441 0.099834 1.547625
0.104953 0.096104 1.549428
0.103450 0.097474 1.547595
0.099537 0.093258 1.547545
0.096423 0.088909 1.545657
0.094574 0.085106 1.542257
0.095299 0.082825 1.543508
0.095049 0.080080 1.538734
0.099468 0.079746 1.528959
0.098639 0.079248 1.528257
0.099468 0.079746 1.528959
0.102146 0.084547 1.525512
0.098639 0.079248 1.528257
0.106229 0.087998 1.523834
0.110070 0.092082 1.523961
0.102703 0.107941 1.545105
0.095373 0.122837 1.535782
0.098465 0.123295 1.530754
0.081786 0.111533 1.541555
0.086358 0.116501 1.541620
0.076207 0.102860 1.535437
0.075929 0.099728 1.530306
0.092291 0.086696 1.525116
0.080740 0.099233 1.519736
0.084994 0.101549 1.515890
0.089695 0.105335 1.513890
0.094109 0.109875 1.513978
0.099652 0.118818 1.520145
0.099946 0.121861 1.525264
0.093820 0.085976 1.526080
0.093705 -0.168567 1.581176
0.096487 -0.173940 1.581703
0.103484 -0.178142 1.581302
0.105333 -0.178839 1.585012
0.097201 -0.173633 1.584922
0.109169 -0.179742 1.577369
0.112269 -0.181119 1.580510
0.111432 -0.179253 1.573101
0.116744 -0.176889 1.569675
0.117413 -0.178259 1.569182
0.118500 -0.173033 1.564703
0.115766 -0.168822 1.560452
0.119059 -0.173869 1.563773
0.118849 -0.168044 1.559490
0.111427 -0.161346 1.557546
0.113874 -0.160036 1.556309
0.104311 -0.153706 1.559883
0.103545 -0.152676 1.558851
0.096615 -0.154242 1.565909
0.095115 -0.155850 1.565220
0.096615 -0.154242 1.565909
0.095304 -0.153313 1.565320
0.082959 -0.195017 1.569111
0.087785 -0.193405 1.564356
0.093635 -0.183545 1.553936
0.093013 -0.176190 1.549620
0.073092 -0.157556 1.548607
0.066188 -0.161613 1.555322
0.066188 -0.161613 1.555322
0.068189 -0.186920 1.574059
0.171376 0.011053 1.143114
0.173886 -0.017702 1.147676
0.163285 0.009171 1.141197
0.157670 -0.020078 1.142803
0.172554 -0.020610 1.149003
0.155259 -0.022737 1.145568
0.165336 -0.021199 1.179539
0.153302 -0.021442 1.179735
0.156677 -0.017705 1.180979
0.167662 0.014305 1.144326
0.150558 0.013798 1.175953
0.139940 0.008758 1.174294
0.150335 0.009982 1.184730
0.151996 -0.021842 1.184400
0.139940 0.008758 1.174294
0.150558 0.013798 1.175953
0.155259 -0.022737 1.145568
0.166304 -0.021807 1.144914
0.167662 0.014305 1.144326
0.162242 0.015299 1.176835
-0.061680 -0.160263 1.333899
-0.042305 -0.164272 1.356890
-0.038266 -0.161687 1.335646
-0.071458 -0.157524 1.353485
-0.073694 -0.152398 1.353896
-0.050380 -0.154666 1.334824
-0.061680 -0.160263 1.333899
-0.067667 -0.155745 1.334465
-0.038266 -0.161687 1.335646
-0.038104 -0.162554 1.355874
-0.033111 -0.160010 1.336240
-0.030418 -0.153717 1.337062
-0.038104 -0.162554 1.355874
-0.065588 -0.161086 1.354402
-0.071458 -0.157524 1.353485
-0.030418 -0.153717 1.337062
-0.033111 -0.160010 1.336240
-0.070616 -0.150769 1.336250
-0.033296 -0.157971 1.354278
-0.084932 0.120008 1.275473
-0.093211 0.116635 1.271450
-0.085234 0.117676 1.271451
-0.105161 0.117646 1.293763
-0.100014 0.119334 1.301817
-0.100241 0.099575 1.261739
-0.115951 0.098129 1.292163
-0.103892 0.099207 1.268708
-0.103244 0.099703 1.264806
-0.098321 0.093595 1.263316
-0.100241 0.099575 1.261739
-0.115951 0.098129 1.292163
-0.115351 0.098666 1.289300
-0.109274 0.093376 1.286603
-0.112948 0.098968 1.286139
-0.101991 0.110735 1.288497
-0.105770 0.113259 1.290478
-0.112948 0.098968 1.286139
-0.109274 0.093376 1.286603
-0.095846 0.110148 1.276284
-0.097170 0.113031 1.273028
-0.103892 0.099207 1.268708
-0.098863 0.112427 1.301681
-0.113423 0.093009 1.293356
-0.082986 0.114995 1.277475
-0.082081 0.113294 1.273656
0.074122 0.103715 1.156452
0.073537 0.109058 1.156016
0.073058 0.109390 1.157565
0.072554 0.114863 1.154817
0.073090 0.113938 1.153498
0.050519 0.105149 1.155737
0.052483 0.105126 1.154278
0.051788 0.105719 1.157224
0.052594 0.099858 1.157645
0.051255 0.099850 1.156118
0.053132 0.100385 1.154627
0.072853 0.117588 1.149235
0.072856 0.119492 1.143911
0.072274 0.121189 1.144136
0.049374 0.115480 1.143722
0.049499 0.113601 1.149036
0.050673 0.115079 1.149817
0.050538 0.117164 1.143940
0.073105 0.119305 1.138308
0.072550 0.120983 1.137836
0.073560 0.117115 1.133271
0.071695 0.115357 1.134317
0.052076 0.112222 1.133997
0.051253 0.114519 1.132142
0.072235 0.111956 1.131035
0.073739 0.114067 1.128096
0.074472 0.108449 1.126132
0.072829 0.107578 1.129381
0.052670 0.108744 1.130681
0.053351 0.104306 1.129031
0.052847 0.104703 1.126014
0.051996 0.110203 1.128044
0.073383 0.102847 1.129687
0.075144 0.102495 1.126628
0.075651 0.097092 1.129434
0.073809 0.098500 1.131874
0.054552 0.095239 1.131558
0.054012 0.099563 1.129357
0.054345 0.093500 1.129150
0.053673 0.098838 1.126425
0.074032 0.095239 1.135670
0.075909 0.093064 1.134181
0.075891 0.090967 1.140108
0.053308 0.088634 1.139898
0.054858 0.087462 1.139725
0.054756 0.089524 1.133836
0.076093 0.092440 1.140302
0.075827 0.092625 1.145938
0.075891 0.090967 1.140108
0.075597 0.091174 1.146339
0.075361 0.094810 1.150996
0.054783 0.090521 1.145152
0.052653 0.091015 1.150585
0.054373 0.092472 1.149683
0.054633 0.087685 1.145940
0.054128 0.090092 1.151535
0.054858 0.087462 1.139725
0.053308 0.088634 1.139898
0.074762 0.098719 1.154671
0.052002 0.094894 1.154289
0.052076 0.112222 1.133997
0.071291 0.117254 1.138747
0.051666 0.114174 1.138512
0.071076 0.117423 1.143663
0.071084 0.115795 1.148363
0.071307 0.112632 1.152159
0.071720 0.108342 1.154439
0.072256 0.103604 1.154870
0.053132 0.100385 1.154627
0.053794 0.095948 1.152996
0.073379 0.095654 1.150015
0.073796 0.093698 1.145491
0.074028 0.093534 1.140451
0.054965 0.090342 1.140119
0.054883 0.092015 1.135351
0.073809 0.098500 1.131874
0.073383 0.102847 1.129687
0.072829 0.107578 1.129381
0.067885 0.118389 1.150092
0.067783 0.120586 1.144087
0.068287 0.114223 1.154855
0.070213 0.107751 1.125909
0.069363 0.113405 1.127891
0.071572 0.096327 1.129236
0.071886 0.090168 1.139992
0.071878 0.092276 1.134019
0.071085 0.092813 1.151916
0.071602 0.090380 1.146275
0.071886 0.090168 1.139992
0.068907 0.108720 1.157619
0.067444 0.116910 1.149253
0.067330 0.118865 1.143855
0.066372 0.116701 1.149236
0.066344 0.118666 1.143847
0.066651 0.112969 1.153515
0.067040 0.116230 1.133021
0.066580 0.118476 1.138145
0.068351 0.107156 1.127509
0.067664 0.112232 1.129307
0.069576 0.107375 1.127516
0.070843 0.097110 1.130498
0.070298 0.101996 1.127958
0.069772 0.091342 1.140142
0.069057 0.093724 1.150870
0.070428 0.093952 1.150902
0.069772 0.091342 1.140142
0.071146 0.091571 1.140173
0.069810 0.097867 1.154602
0.069115 0.102878 1.156420
0.068442 0.097636 1.154570
0.067144 0.108027 1.156001
0.064562 0.117775 1.150041
0.064935 0.113622 1.154792
0.064727 0.119751 1.137709
0.065259 0.117248 1.132008
0.066817 0.107159 1.125887
0.067577 0.101179 1.126372
0.068508 0.089605 1.139921
0.067719 0.092252 1.151843
0.068236 0.089819 1.146202
0.067032 0.096597 1.155956
0.066270 0.102161 1.157979
0.066098 0.117355 1.149646
0.066414 0.113406 1.154162
0.066953 0.108185 1.156785
0.067626 0.102507 1.157193
0.068988 0.093088 1.151367
0.069479 0.090776 1.146008
0.069742 0.090574 1.140042
0.069727 0.092574 1.134373
0.069742 0.090574 1.140042
0.069438 0.096420 1.129837
0.068210 0.107267 1.126698
0.067465 0.112631 1.128592
0.105022 0.107577 1.160537
0.084249 0.116245 1.160052
0.107253 0.111902 1.153084
0.086171 0.123368 1.143828
0.085945 0.121851 1.135022
0.105002 0.107170 1.130088
0.103154 0.103666 1.126409
0.083021 0.112460 1.122588
0.099073 0.095575 1.126021
0.107822 0.105966 1.135259
0.098618 0.092627 1.129869
0.108908 0.108433 1.148012
0.102553 0.103181 1.164716
0.098749 0.096761 1.168233
0.099999 0.093434 1.166232
0.082211 0.111065 1.164340
0.080013 0.113805 1.159649
0.077011 0.104597 1.123350
0.075319 0.101837 1.164360
0.094939 0.088453 1.171151
0.070616 0.096011 1.163095
0.071816 0.095064 1.165645
0.089107 0.084132 1.164909
0.091601 0.081130 1.161126
0.070616 0.096011 1.163095
0.075319 0.101837 1.164360
0.080013 0.113805 1.159649
0.099999 0.093434 1.166232
0.091601 0.081130 1.161126
0.107822 0.105966 1.135259
0.108908 0.108433 1.148012
0.038564 -0.151122 1.309490
0.046393 -0.154032 1.307990
0.054953 -0.152811 1.308553
0.059669 -0.149475 1.310192
0.060796 -0.133643 1.313366
0.058562 -0.130856 1.319426
0.039153 -0.151658 1.313189
0.058111 -0.132667 1.322278
0.040645 -0.150845 1.316265
0.057365 -0.149658 1.316628
0.060120 -0.144062 1.319346
0.037480 -0.145623 1.318883
0.056647 -0.135051 1.323859
0.037686 -0.139665 1.321835
0.046316 -0.150818 1.298705
0.061637 -0.131038 1.308460
0.091247 0.113864 1.133244
0.081782 0.091691 1.154401
0.071279 0.111742 1.130544
0.071902 0.117806 1.134754
0.075941 0.111855 1.127362
0.077283 0.119395 1.132557
0.077641 0.122190 1.141748
0.077086 0.120156 1.151303
0.071004 0.114829 1.153647
0.071535 0.118274 1.149731
0.074425 0.107303 1.159456
0.072684 0.098556 1.157666
0.068817 0.097232 1.151124
0.071862 0.094076 1.153453
0.070407 0.104463 1.130169
0.071862 0.094076 1.153453
0.068817 0.097232 1.151124
0.058562 -0.130856 1.319426
0.083612 0.128507 1.518201
0.082846 0.122476 1.509639
0.051013 0.139237 1.517057
0.039970 0.138681 1.508847
0.034884 0.133493 1.513983
0.070469 0.112068 1.541950
0.074138 0.120137 1.540618
0.035873 0.123886 1.518057
0.047661 0.116946 1.528473
0.038752 0.133502 1.505349
0.045657 0.133229 1.502654
0.059050 0.127762 1.501518
0.085241 0.124650 1.509757
0.109003 0.116974 1.520309
0.108030 0.113011 1.515229
0.074528 0.120576 1.544433
0.097824 0.108616 1.550247
0.069537 0.111254 1.547083
0.065760 0.102330 1.545550
0.083298 0.078504 1.544486
0.097824 0.108616 1.550247
0.088865 0.082261 1.542033
0.108030 0.113011 1.515229
0.105739 0.103883 1.511096
0.102959 0.102937 1.516214
0.083993 0.116202 1.503629
0.082049 0.118847 1.506625
-0.000500 0.171151 1.373898
-0.052260 0.155913 1.420188
-0.050434 0.156154 1.429120
-0.000521 0.137210 1.505285
-0.070872 0.141867 1.469187
-0.081132 0.126282 1.496820
-0.084692 0.108386 1.520344
-0.090719 0.123125 1.493120
-0.083910 0.124456 1.493296
-0.087113 0.103537 1.521765
-0.081223 0.155294 1.339549
-0.064066 0.161441 1.343066
-0.000499 0.169737 1.368253
-0.039536 0.162906 1.346120
-0.043764 0.161987 1.343469
-0.030996 0.165136 1.358837
-0.025409 0.165782 1.362893
-0.080021 0.150479 1.336236
-0.087057 0.149294 1.339424
-0.119624 0.135818 1.395817
-0.142174 0.106978 1.436607
-0.154018 0.080130 1.462971
-0.145914 0.100166 1.428883
-0.124907 0.129159 1.389202
-0.163559 0.047749 1.483471
-0.166797 0.052241 1.475542
-0.095992 0.110269 1.511998
-0.100677 0.094986 1.531033
-0.091337 0.109338 1.510652
-0.088129 0.098252 1.520559
-0.096046 0.093701 1.529938
-0.136443 0.109855 1.313208
-0.132164 0.112382 1.312633
-0.114058 0.130546 1.323405
-0.095182 0.148576 1.336880
-0.089149 0.145696 1.334213
-0.109481 0.128626 1.320392
-0.134212 0.105640 1.310329
-0.165632 0.080122 1.367796
-0.175385 0.059504 1.394445
-0.175951 0.058593 1.403831
-0.172352 0.056274 1.425062
-0.172758 0.062646 1.426147
-0.169673 0.056986 1.455103
-0.164532 0.044854 1.480926
-0.161064 0.044782 1.454357
-0.122394 0.107312 1.310708
-0.104074 0.125074 1.321303
-0.086510 0.142607 1.334006
-0.083616 0.145415 1.338836
-0.062154 0.152589 1.342236
-0.043268 0.158539 1.345577
-0.039593 0.157988 1.349006
-0.000018 0.145646 1.293921
-0.000350 0.156711 1.335256
-0.029650 0.154467 1.342097
-0.000391 0.155039 1.341267
-0.000000 0.132689 1.246421
-0.042528 0.132219 1.246541
-0.000000 0.133838 1.243066
-0.081850 0.093688 1.228322
-0.081166 0.120301 1.271715
-0.099429 0.104406 1.259184
-0.099130 0.120997 1.304929
-0.101348 0.098633 1.258500
-0.087314 0.097043 1.230689
-0.085781 0.092166 1.229527
-0.100822 0.095085 1.259412
-0.100035 0.098164 1.263456
-0.102368 0.095581 1.262388
-0.122583 0.100595 1.295756
-0.117260 0.096304 1.294484
-0.131104 0.096284 1.306955
-0.122583 0.100595 1.295756
-0.130143 0.101103 1.309562
-0.117260 0.096304 1.294484
-0.130143 0.101103 1.309562
-0.000000 0.129225 1.204656
-0.000000 0.131547 1.223851
-0.027817 0.120676 1.162386
-0.029778 0.122480 1.166078
-0.022960 0.121882 1.163236
-0.000000 0.122240 1.163442
-0.062006 0.100703 1.170479
-0.020918 0.116731 1.160394
-0.000000 0.117253 1.160661
-0.075583 0.092349 1.206846
-0.068074 0.092139 1.188115
-0.116909 0.080811 1.257879
-0.102368 0.095581 1.262388
-0.106874 0.097127 1.266190
-0.055214 0.102648 1.150216
-0.054357 0.096973 1.147027
-0.082798 0.089685 1.171464
-0.062793 0.096769 1.168560
-0.075560 0.096478 1.145146
-0.054357 0.096973 1.147027
-0.144715 0.048728 1.252192
-0.151417 0.031247 1.250943
-0.160207 -0.016310 1.251854
-0.131943 0.037652 1.167744
-0.122631 0.049703 1.165648
-0.147756 -0.016702 1.190309
-0.161558 -0.033655 1.252605
-0.155783 0.032521 1.251682
-0.146718 0.049797 1.253312
-0.168685 -0.013557 1.252553
-0.169716 -0.033419 1.254405
-0.155307 -0.056031 1.255149
-0.157273 -0.056296 1.256593
-0.160743 -0.057731 1.256140
-0.152377 -0.074312 1.261015
-0.156240 -0.075478 1.263442
-0.149244 -0.073145 1.261084
-0.133814 -0.097091 1.271500
-0.138644 -0.097847 1.273936
-0.146984 -0.071839 1.261708
-0.028195 0.150742 1.347512
-0.028734 0.150126 1.366409
-0.000499 0.150316 1.368499
-0.145336 0.077540 1.301246
-0.120901 0.095710 1.288329
-0.159163 0.040448 1.480107
-0.164408 0.040301 1.483735
-0.055309 -0.181635 1.515213
-0.101534 0.087448 1.536885
-0.097434 0.085998 1.536377
-0.044282 0.130628 1.509650
-0.057885 0.119412 1.513553
-0.048971 -0.205297 1.547014
-0.017767 -0.212912 1.548276
-0.000000 -0.199685 1.523079
-0.020801 -0.210802 1.564880
-0.000000 -0.208816 1.562274
-0.045959 -0.202211 1.564609
-0.020870 -0.188962 1.584686
-0.015972 -0.199467 1.565781
-0.015471 -0.181228 1.574471
-0.015835 -0.181560 1.596509
-0.000000 -0.183038 1.574136
-0.000000 -0.201239 1.564191
-0.134212 0.105640 1.310329
-0.100035 0.098164 1.263456
-0.000000 -0.174287 1.500275
-0.052845 0.101853 1.148416
-0.048362 0.101512 1.134398
-0.048362 0.101512 1.134398
-0.000523 0.118724 1.518486
0.019881 0.118757 1.521957
-0.000524 0.120423 1.520278
0.022842 0.115022 1.523222
0.023089 0.118337 1.524330
0.100053 -0.012657 1.586124
0.108357 -0.030316 1.593617
0.017984 -0.163977 1.487679
-0.000000 -0.208237 1.547632
0.020801 -0.209729 1.564875
0.017612 -0.209814 1.563517
-0.000000 -0.208816 1.562274
0.055691 -0.207754 1.565462
0.023553 -0.194912 1.586288
0.142134 -0.123091 1.605328
0.136665 -0.113020 1.617955
0.139199 -0.106949 1.623824
0.131773 -0.106840 1.626914
0.125199 -0.077581 1.623121
0.122787 -0.101466 1.631881
0.123440 -0.134114 1.623312
0.083388 -0.144079 1.635614
0.068787 -0.130229 1.632583
0.052636 -0.151254 1.640943
0.015972 -0.200638 1.565784
0.017016 -0.184591 1.575538
0.090169 -0.168870 1.598191
0.081975 -0.170669 1.609271
0.078833 -0.169204 1.616335
0.065473 -0.161163 1.625550
0.020296 -0.186688 1.599529
-0.000000 -0.187302 1.598155
0.065766 0.061668 1.542328
0.061085 -0.135265 1.636179
0.065928 -0.129674 1.631151
0.044159 -0.144422 1.614375
0.091222 -0.121774 1.633846
0.119419 -0.105216 1.633040
0.084354 -0.132814 1.618223
0.091505 -0.120971 1.631923
0.121573 -0.100046 1.630744
0.124250 -0.096375 1.632236
0.121573 -0.100046 1.630744
0.119362 -0.098346 1.611776
0.124250 -0.096375 1.632236
0.116265 -0.083886 1.605969
0.115004 -0.067916 1.602152
0.115038 -0.055422 1.605445
0.111910 -0.051131 1.601534
-0.000000 -0.174287 1.500275
0.022005 -0.142959 1.611593
-0.000000 -0.148044 1.608234
0.124284 -0.155281 1.393131
0.097704 -0.155712 1.369707
0.103693 -0.155176 1.365014
0.118261 -0.155891 1.397785
0.093203 -0.150900 1.373209
0.092822 -0.143584 1.373464
0.128274 -0.149690 1.390040
0.107661 -0.149615 1.361892
0.103693 -0.155176 1.365014
0.097704 -0.155712 1.369707
0.113734 -0.151145 1.401261
0.113351 -0.143847 1.401521
0.092822 -0.143584 1.373464
0.107661 -0.149615 1.361892
-0.124284 -0.155281 1.393131
-0.113734 -0.151145 1.401261
-0.113734 -0.151145 1.401261
-0.092822 -0.143584 1.373464
-0.093203 -0.150900 1.373209
-0.113351 -0.143847 1.401521
-0.103693 -0.155176 1.365014
-0.107661 -0.149615 1.361892
-0.128274 -0.149690 1.390040
-0.113351 -0.143847 1.401521
-0.107661 -0.149615 1.361892
-0.103693 -0.155176 1.365014
0.108543 0.143049 1.272394
0.109876 0.104387 1.284516
0.102214 0.134578 1.276314
0.103781 0.137415 1.285117
0.110417 0.140656 1.272795
0.117983 0.147614 1.269121
0.118725 0.144666 1.269921
0.111983 0.143500 1.281598
0.119547 0.150467 1.277923
0.120291 0.147510 1.278723
0.128686 0.147338 1.267169
0.130254 0.150177 1.275970
0.129710 0.147252 1.277011
0.138533 0.142258 1.266951
0.140110 0.145072 1.275753
0.138376 0.142762 1.276823
0.142967 0.132156 1.269400
0.147141 0.136171 1.277327
0.145403 0.122600 1.272061
0.149924 0.125268 1.280361
0.143612 0.113203 1.275448
0.145218 0.115928 1.284254
0.147894 0.114555 1.284217
0.139855 0.103462 1.279302
0.139570 0.108538 1.287679
0.130338 0.099022 1.282470
0.119640 0.099357 1.284321
0.121241 0.102066 1.293124
0.109876 0.104387 1.284516
0.111467 0.107124 1.293318
0.105496 0.114339 1.282148
0.104537 0.115908 1.291819
0.100224 0.123901 1.280100
0.103092 0.123816 1.279576
0.101797 0.126710 1.288903
0.102214 0.134578 1.276314
0.103781 0.137415 1.285117
0.102214 0.134578 1.276314
0.104845 0.133208 1.276243
0.075685 0.130463 1.199135
0.073039 0.136685 1.195675
0.073965 0.129307 1.197546
0.067472 0.143706 1.194578
0.060838 0.151205 1.199269
0.051417 0.151373 1.201125
0.051080 0.147841 1.196589
0.043517 0.144128 1.199286
0.037492 0.139748 1.207597
0.035729 0.130307 1.210918
0.036835 0.128754 1.205467
0.039021 0.120165 1.207724
0.044238 0.113177 1.214585
0.052831 0.108836 1.214227
0.052360 0.109297 1.208464
0.060890 0.109129 1.206812
0.070577 0.112648 1.209481
0.075608 0.120332 1.205927
0.075608 0.120332 1.205927
0.075024 0.138376 1.200035
0.075685 0.130463 1.199135
0.075386 0.123443 1.201759
0.075685 0.130463 1.199135
0.106750 0.122385 1.198956
0.100610 0.115922 1.196636
0.100451 0.118007 1.198292
0.115237 0.119679 1.192931
0.123177 0.115728 1.192717
0.131386 0.111063 1.198416
0.133800 0.101598 1.201057
0.130993 0.100196 1.196314
0.129301 0.091737 1.199385
0.124077 0.085064 1.202523
0.116373 0.081478 1.205111
0.117683 0.080956 1.210757
0.108152 0.081165 1.212450
0.099838 0.085566 1.206856
0.094260 0.092435 1.205682
0.092083 0.100933 1.203353
0.093301 0.111433 1.205335
0.093735 0.109396 1.200314
0.093318 0.093055 1.211372
0.100610 0.115922 1.196636
0.095558 0.113306 1.201076
0.093735 0.109396 1.200314
0.100451 0.118007 1.198292
0.092498 0.151425 1.272876
0.064234 0.179574 1.279837
0.092074 0.143549 1.285462
0.090516 0.140682 1.276660
0.089772 0.162340 1.269983
0.091190 0.154396 1.282219
0.091317 0.165258 1.278783
0.088787 0.164017 1.279678
0.081186 0.168924 1.269648
0.082884 0.171240 1.268582
0.084423 0.174182 1.277382
0.072685 0.173403 1.269980
0.074222 0.176359 1.278780
0.074753 0.179294 1.277761
0.063433 0.173643 1.271803
0.064969 0.176607 1.280602
0.053412 0.172006 1.274381
0.055261 0.169603 1.274741
0.056799 0.172568 1.283540
0.047184 0.163475 1.278315
0.048723 0.166437 1.287114
0.051319 0.165059 1.287000
0.048063 0.152646 1.281492
0.046776 0.155665 1.290853
0.047942 0.141886 1.284867
0.050446 0.143109 1.283970
0.049488 0.144800 1.293664
0.054774 0.133092 1.286212
0.058009 0.138255 1.293954
0.056325 0.135977 1.295009
0.064390 0.128052 1.285843
0.066475 0.133797 1.293630
0.074166 0.130660 1.283063
0.074900 0.127744 1.283836
0.082370 0.134620 1.280183
0.085790 0.135091 1.289369
0.087897 0.142052 1.276743
0.092074 0.143549 1.285462
0.087897 0.142052 1.276743
0.090516 0.140682 1.276660
-0.012628 0.155115 1.476810
-0.013232 0.157797 1.473300
-0.024892 0.153107 1.478448
-0.026082 0.155750 1.474964
-0.063113 0.138289 1.491051
-0.075533 0.131071 1.496876
-0.078347 0.133248 1.493702
-0.089492 0.124019 1.499879
-0.100202 0.113029 1.506748
-0.120577 0.086255 1.526166
-0.120577 0.086255 1.526166
-0.124001 0.087479 1.523404
-0.133202 0.069879 1.531664
-0.112036 0.099056 1.511472
-0.123527 0.085228 1.520003
-0.013276 0.155510 1.469968
-0.026164 0.153463 1.471641
-0.099983 0.110613 1.503462
-0.108706 0.097388 1.514239
-0.112036 0.099056 1.511472
-0.075507 0.128548 1.493515
-0.119979 0.083770 1.522643
-0.119979 0.083770 1.522643
-0.022282 -0.178226 1.602947
-0.022189 -0.176219 1.601562
-0.019859 -0.176021 1.603892
-0.023359 -0.178338 1.601763
-0.019179 -0.173232 1.602991
-0.022189 -0.176219 1.601562
-0.019363 -0.173685 1.604189
-0.020994 -0.175748 1.603470
-0.018631 -0.178831 1.602546
-0.022620 -0.173966 1.602718
-0.019561 -0.171455 1.601077
-0.020111 -0.171382 1.603575
-0.022351 -0.174778 1.600353
-0.017923 -0.174638 1.598344
-0.019561 -0.171455 1.601077
-0.020195 -0.178469 1.598319
-0.022351 -0.174778 1.600353
-0.025346 -0.179459 1.605004
-0.024113 -0.182805 1.605119
-0.020945 -0.183665 1.606177
-0.020072 -0.179067 1.609393
-0.021820 -0.177498 1.605711
-0.019732 -0.180553 1.606017
-0.024300 -0.177241 1.605451
-0.025346 -0.179459 1.605004
-0.024733 -0.180999 1.609265
-0.025611 -0.178431 1.608324
-0.022751 -0.170505 1.609061
-0.024132 -0.172173 1.612126
-0.020995 -0.170814 1.604782
-0.023451 -0.174125 1.603029
0.012201 0.157799 1.473299
0.074486 0.131084 1.496870
0.023927 0.150634 1.474996
0.025133 0.153468 1.471639
0.077327 0.130949 1.490441
0.088376 0.121728 1.496608
0.123441 0.086824 1.520022
0.132782 0.069745 1.528087
0.140274 0.033061 1.544973
0.139750 0.051404 1.535483
0.135971 0.050588 1.538015
0.144107 0.033556 1.542367
0.120303 0.087540 1.526181
0.136849 0.052459 1.541652
0.129738 0.070668 1.534222
0.142715 0.016004 1.551695
0.140274 0.033061 1.544973
0.029245 -0.185042 1.607460
0.026800 -0.181967 1.608506
0.026800 -0.181967 1.608506
0.028134 -0.181994 1.608194
0.024370 -0.182296 1.607125
0.026626 -0.179325 1.609027
0.026826 -0.177021 1.605922
0.027792 -0.177023 1.608691
0.029682 -0.181416 1.605095
0.022704 -0.183240 1.603842
0.023417 -0.186606 1.603995
0.029682 -0.181416 1.605095
0.024066 -0.180049 1.602453
0.026128 -0.184733 1.602228
0.026826 -0.177021 1.605922
0.028134 -0.181994 1.608194
0.030402 -0.180554 1.607777
0.023417 -0.186606 1.603995
0.026815 -0.190186 1.610066
0.026128 -0.184733 1.602228
0.030774 -0.190323 1.609312
0.029286 -0.181453 1.614737
0.027596 -0.182595 1.616781
0.032255 -0.182048 1.614539
0.034142 -0.183591 1.615987
0.032221 -0.188359 1.614032
0.033805 -0.185964 1.613479
0.029176 -0.180597 1.614561
0.028992 -0.180349 1.613248
0.027532 -0.180029 1.617241
0.029300 -0.177056 1.619124
0.027193 -0.178222 1.615923
0.034142 -0.183591 1.615987
0.026535 -0.177865 1.614264
0.026062 -0.179542 1.611576
0.033601 -0.180589 1.614459
0.026062 -0.179542 1.611576
0.025778 -0.175634 1.612404
0.029066 -0.176585 1.610144
0.031479 -0.180962 1.608185
-0.006156 0.174785 1.374362
-0.007899 0.175252 1.374567
-0.004312 0.175322 1.374375
-0.006156 0.174785 1.374362
-0.004033 0.178045 1.375073
-0.003427 0.176654 1.374658
-0.005527 0.172140 1.429648
-0.006437 0.176591 1.371475
-0.006566 0.159647 1.461592
-0.004599 0.156171 1.458908
-0.005868 0.165576 1.426371
-0.002379 0.146336 1.484115
0.001224 0.145665 1.483448
-0.003222 0.148455 1.487007
0.005831 0.149242 1.475572
0.007888 0.152597 1.477817
-0.006566 0.159647 1.461592
0.018555 0.150947 1.487248
0.016497 0.154809 1.489327
0.020277 0.155902 1.475780
0.018555 0.150947 1.487248
0.009450 0.160957 1.453303
0.014324 0.159090 1.452447
0.015474 0.166131 1.424113
0.013979 0.168932 1.457547
0.009187 0.168001 1.456956
0.013014 0.162387 1.479016
0.016497 0.154809 1.489327
0.011747 0.156973 1.490398
0.015076 0.174852 1.428196
0.016438 0.177712 1.398288
0.013279 0.177035 1.397829
0.007307 0.164581 1.455176
0.007239 0.147321 1.491375
0.006173 0.149630 1.493432
0.030612 0.173592 1.370483
0.032352 0.174588 1.369138
0.027667 0.171367 1.389400
0.023976 0.151564 1.492902
0.023866 0.147834 1.492009
0.020957 0.148978 1.481861
0.020771 0.147036 1.488170
0.018744 0.153015 1.483866
0.020573 0.156119 1.486539
0.018744 0.153015 1.483866
0.061540 0.167438 1.384642
0.061973 0.168493 1.384648
0.061973 0.168493 1.384648
-0.126722 0.084520 1.528799
-0.125441 0.083800 1.529386
-0.126722 0.084520 1.528799
-0.136871 0.066749 1.535962
-0.125441 0.083800 1.529386
-0.134429 0.066093 1.539184
-0.127788 0.083357 1.524724
-0.136349 0.065835 1.534182
-0.127788 0.083357 1.524724
-0.133996 0.065237 1.537409
-0.125204 0.082780 1.527745
0.144998 0.037162 1.548957
0.146662 0.024046 1.554074
0.143662 0.037339 1.551494
0.145397 0.024248 1.556667
0.142260 0.036929 1.552103
0.144399 0.036405 1.547226
0.145970 0.023394 1.552348
0.144399 0.036405 1.547226
0.141749 0.036189 1.550380
0.141749 0.036189 1.550380
-0.038193 -0.148746 1.319407
-0.040896 -0.151928 1.317739
-0.037056 -0.155846 1.337878
-0.040815 -0.158357 1.337737
-0.035816 -0.152005 1.340091
-0.036777 -0.152352 1.341356
-0.045100 -0.159838 1.336807
-0.050099 -0.160451 1.336467
-0.055479 -0.160491 1.335207
-0.055095 -0.160136 1.336834
-0.060022 -0.158721 1.336506
-0.060167 -0.147309 1.319903
-0.062073 -0.155522 1.339960
-0.062910 -0.151474 1.342257
-0.048451 -0.133770 1.326859
-0.061683 -0.147391 1.344479
-0.062501 -0.146534 1.343396
-0.049143 -0.140044 1.346761
-0.048451 -0.133770 1.326859
-0.049143 -0.140044 1.346761
-0.049238 -0.141357 1.347604
-0.037598 -0.148497 1.343551
-0.054607 -0.158599 1.335522
-0.057696 -0.150830 1.318141
-0.053891 -0.153296 1.316911
-0.049374 -0.154378 1.316391
-0.044822 -0.153890 1.316686
-0.040896 -0.151928 1.317739
-0.041405 -0.157010 1.336365
-0.038193 -0.148746 1.319407
-0.038720 -0.154697 1.337790
-0.037088 -0.144861 1.321410
-0.037806 -0.140860 1.323434
-0.048451 -0.133770 1.326859
-0.060715 -0.146960 1.342472
-0.048451 -0.133770 1.326859
-0.059840 -0.139402 1.323890
-0.061845 -0.150731 1.340422
-0.061060 -0.154402 1.338333
-0.044257 -0.156394 1.317484
-0.062202 -0.148566 1.321254
-0.063062 -0.143856 1.323634
-0.036082 -0.140988 1.325427
-0.035245 -0.145672 1.323061
-0.049641 -0.156231 1.320766
-0.044750 -0.155264 1.318731
-0.049555 -0.155767 1.318422
-0.054312 -0.154654 1.318937
-0.060432 -0.140050 1.326261
-0.048516 -0.134197 1.329380
-0.037414 -0.141571 1.325799
-0.037498 -0.142456 1.328143
-0.036744 -0.146602 1.326004
-0.036661 -0.145758 1.323680
-0.050130 -0.160875 1.334826
-0.044773 -0.160231 1.335199
-0.049766 -0.157870 1.321617
-0.059551 -0.154252 1.323544
-0.055085 -0.156834 1.322160
-0.063275 -0.145579 1.328059
-0.062413 -0.150236 1.325637
-0.049692 -0.156944 1.320652
-0.049766 -0.157870 1.321617
-0.004883 -0.178291 1.602823
-0.014677 -0.181110 1.602554
-0.003566 -0.181414 1.602697
-0.002084 -0.182212 1.601195
-0.016667 -0.181877 1.600740
-0.000829 -0.175413 1.613287
-0.016322 -0.174286 1.614016
-0.001822 -0.175008 1.614194
-0.000200 -0.181011 1.599024
-0.001445 -0.170392 1.610376
-0.001257 -0.175910 1.600467
-0.085869 -0.112060 1.186685
-0.079633 -0.114077 1.189391
-0.074610 -0.099272 1.193833
-0.068798 -0.111025 1.163210
-0.076831 -0.107906 1.159535
-0.081095 -0.114507 1.163103
-0.084473 -0.117083 1.171395
-0.107387 -0.080935 1.153670
-0.121475 -0.069639 1.151063
-0.139423 -0.063030 1.147415
-0.152891 -0.067769 1.158007
-0.153860 -0.066980 1.167325
-0.145037 -0.061318 1.178224
-0.136364 -0.057346 1.178788
-0.145121 -0.053986 1.146624
-0.168352 -0.023668 1.171968
-0.160373 -0.022581 1.177551
-0.169990 -0.005811 1.171738
-0.144254 -0.021142 1.175597
-0.146730 -0.007305 1.147085
-0.145282 -0.022788 1.147681
-0.155161 -0.023840 1.145500
-0.156747 -0.007352 1.144875
-0.156742 0.009187 1.144114
-0.172049 -0.006638 1.155821
-0.171884 0.011240 1.155068
-0.169666 0.011948 1.171076
-0.172833 -0.006109 1.165649
-0.146852 0.008412 1.146315
-0.156112 0.018369 1.143479
-0.165458 0.020073 1.146287
-0.168516 0.022281 1.170259
-0.165114 0.037307 1.168381
-0.160458 0.021339 1.175775
-0.150693 0.019836 1.176458
-0.156112 0.018369 1.143479
-0.146261 0.017004 1.145672
-0.162787 0.034289 1.144418
-0.157385 0.051404 1.141853
-0.149018 0.047581 1.138847
-0.167761 0.036582 1.152446
-0.161966 0.054032 1.149978
-0.159245 0.053956 1.165949
-0.151707 0.050974 1.171361
-0.137477 0.044697 1.168886
-0.142804 0.047161 1.171860
-0.154631 0.069844 1.158201
-0.135653 0.075283 1.166722
-0.134243 0.087478 1.161137
-0.141895 0.079949 1.162070
-0.128344 0.082139 1.165762
-0.121520 0.076042 1.165673
-0.128225 0.069982 1.166748
0.024834 -0.189130 1.609973
0.027374 -0.188321 1.610881
0.024811 -0.179268 1.604896
0.022411 -0.186702 1.605662
0.026472 -0.179447 1.606413
0.027880 -0.186461 1.615054
-0.001341 -0.178755 1.601080
-0.000806 -0.173752 1.600656
-0.004971 -0.172840 1.608283
0.029213 -0.176912 1.618803
0.028786 -0.181945 1.618553
-0.004058 -0.170269 1.605870
0.099477 -0.101296 1.151522
0.082989 -0.107996 1.154622
0.098558 -0.097421 1.148164
0.099477 -0.101296 1.151522
0.079917 -0.108429 1.155880
0.086680 -0.101142 1.198389
0.101326 -0.094305 1.150548
0.101326 -0.094305 1.150548
0.103545 -0.092198 1.194252
0.103545 -0.092198 1.194252
0.101158 -0.087061 1.192385
0.103050 -0.087393 1.188330
0.085350 -0.097553 1.197552
0.086680 -0.101142 1.198389
0.085031 -0.102240 1.194128
0.101326 -0.094305 1.150548
0.106364 -0.104000 1.155271
0.085031 -0.102240 1.194128
0.079917 -0.108429 1.155880
0.083701 -0.099029 1.193304
0.074080 -0.100098 1.153411
0.079917 -0.108429 1.155880
0.096979 0.119989 1.300569
0.099587 0.118478 1.301822
0.100230 0.093047 1.267384
0.103892 0.099207 1.268708
0.102813 0.094905 1.270095
0.113423 0.093009 1.293356
0.111901 0.093140 1.289235
0.115351 0.098666 1.289300
0.112948 0.098968 1.286140
0.105699 0.113124 1.290479
0.101958 0.110670 1.288497
0.104256 0.114062 1.289393
0.097628 0.113788 1.275219
0.095846 0.110148 1.276284
0.095975 0.108802 1.274629
0.102813 0.094905 1.270095
0.115947 0.098122 1.292163
0.098532 0.111760 1.301684
0.113423 0.093009 1.293356
0.095285 0.113138 1.300332
0.082986 0.114995 1.277475
0.085234 0.117676 1.271451
0.082081 0.113294 1.273656
0.100241 0.099575 1.261739
-0.163648 0.076443 1.360492
-0.149081 0.087527 1.329635
-0.163648 0.076443 1.360492
-0.162594 0.068802 1.358098
-0.138401 0.093712 1.336883
-0.132755 0.088253 1.337494
-0.149081 0.087527 1.329635
-0.138401 0.093712 1.336883
-0.163648 0.076443 1.360492
-0.162594 0.068802 1.358098
-0.132755 0.088253 1.337494
-0.138401 0.093712 1.336883
0.107603 0.107174 1.289291
0.095822 0.110765 1.272259
0.104411 0.109859 1.291111
0.099643 0.103535 1.269821
0.097340 0.099732 1.270791
0.100527 0.109049 1.293086
-0.045720 -0.197551 1.567726
-0.076186 -0.189353 1.570018
-0.069911 -0.187016 1.579342
-0.045053 -0.185941 1.575444
-0.064213 -0.179229 1.584701
-0.045991 -0.179262 1.576932
-0.047097 -0.175288 1.576843
-0.045991 -0.179262 1.576932
-0.053491 -0.173175 1.579905
-0.062475 -0.173089 1.584720
-0.080209 -0.187354 1.561328
-0.051564 -0.198862 1.544872
-0.068660 -0.184129 1.543230
-0.084242 -0.172657 1.550154
-0.068660 -0.184129 1.543230
-0.061233 -0.162027 1.581234
-0.062475 -0.173089 1.584720
-0.062475 -0.173089 1.584720
-0.045991 -0.179262 1.576932
-0.068660 -0.184129 1.543230
-0.051564 -0.198862 1.544872
0.038193 -0.148746 1.319407
0.037088 -0.144861 1.321410
0.040896 -0.151928 1.317739
0.037056 -0.155846 1.337878
0.037919 -0.155836 1.339300
0.035816 -0.152005 1.340091
0.036777 -0.152352 1.341356
0.044822 -0.153890 1.316686
0.049374 -0.154378 1.316391
0.050130 -0.160875 1.334826
0.053891 -0.153296 1.316911
0.057696 -0.150830 1.318141
0.055479 -0.160491 1.335207
0.060022 -0.158721 1.336506
0.062073 -0.155522 1.339960
0.062910 -0.151474 1.342257
0.059840 -0.139402 1.323890
0.061683 -0.147391 1.344479
0.062501 -0.146534 1.343396
0.049143 -0.140044 1.346761
0.036679 -0.147793 1.342441
0.049143 -0.140044 1.346761
0.049238 -0.141357 1.347604
0.037598 -0.148497 1.343551
0.054607 -0.158599 1.335522
0.058525 -0.157145 1.336602
0.049992 -0.158927 1.335192
0.049374 -0.154378 1.316391
0.044822 -0.153890 1.316686
0.040896 -0.151928 1.317739
0.041405 -0.157010 1.336365
0.038720 -0.154697 1.337790
0.038193 -0.148746 1.319407
0.037088 -0.144861 1.321410
0.037806 -0.140860 1.323434
0.048451 -0.133770 1.326859
0.060715 -0.146960 1.342472
0.048451 -0.133770 1.326859
0.049202 -0.141376 1.345371
0.061845 -0.150731 1.340422
0.061060 -0.154402 1.338333
0.050130 -0.160875 1.334826
0.060022 -0.158721 1.336506
0.055479 -0.160491 1.335207
0.063824 -0.150943 1.341018
0.062501 -0.146534 1.343396
0.036679 -0.147793 1.342441
0.049143 -0.140044 1.346761
-0.029641 -0.134475 1.271044
-0.029196 -0.141530 1.290658
-0.029641 -0.134475 1.271044
-0.031174 -0.143545 1.292886
-0.031174 -0.143545 1.292886
-0.068392 -0.135630 1.291621
-0.070846 -0.130916 1.293093
-0.068392 -0.135630 1.291621
-0.069222 -0.129964 1.273073
-0.030575 -0.131850 1.268919
-0.030575 -0.131850 1.268919
-0.072064 -0.123152 1.273504
-0.070202 -0.123161 1.269737
-0.069222 -0.129964 1.273073
-0.067352 -0.127761 1.269403
-0.028237 -0.126793 1.270861
-0.070202 -0.123161 1.269737
-0.030575 -0.131850 1.268919
-0.028215 -0.136090 1.295434
-0.031174 -0.143545 1.292886
-0.103154 0.103666 1.126409
-0.099073 0.095575 1.126021
-0.080517 0.104217 1.121459
-0.103154 0.103666 1.126409
-0.083021 0.112460 1.122588
-0.105284 0.101527 1.129344
-0.077011 0.104597 1.123350
-0.094939 0.088453 1.171151
-0.075213 0.098628 1.167645
-0.070616 0.096011 1.163095
-0.075213 0.098628 1.167645
-0.075319 0.101837 1.164360
-0.094939 0.088453 1.171151
-0.091601 0.081130 1.161126
-0.081809 0.119426 1.132194
-0.077011 0.104597 1.123350
-0.098618 0.092627 1.129869
-0.105284 0.101527 1.129344
-0.091601 0.081130 1.161126
-0.023762 0.159193 1.346399
-0.023849 0.164264 1.353806
-0.023910 0.160500 1.361276
-0.023906 0.151819 1.361337
0.022874 0.163555 1.353807
0.022907 0.159877 1.361276
-0.037577 0.159144 1.346472
-0.023762 0.159193 1.346399
-0.023849 0.164264 1.353806
-0.037700 0.164215 1.353874
-0.037789 0.160445 1.361346
-0.037783 0.151760 1.361413
-0.023906 0.151819 1.361337
-0.023758 0.150540 1.346469
0.022837 0.158057 1.346405
0.036571 0.149133 1.346552
0.036600 0.158164 1.346474
0.022874 0.163555 1.353807
0.036694 0.163646 1.353873
0.022907 0.159877 1.361276
0.036765 0.160043 1.361343
0.036733 0.150927 1.361412
0.022901 0.150776 1.361340
0.036733 0.150927 1.361412
0.036571 0.149133 1.346552
0.164744 0.078244 1.360498
0.149043 0.087474 1.329635
0.163458 0.070221 1.358106
0.148037 0.079837 1.327245
0.138059 0.093292 1.336880
0.153935 0.084625 1.367684
0.138059 0.093292 1.336880
0.148144 0.079090 1.368267
0.164744 0.078244 1.360498
0.163458 0.070221 1.358106
0.153935 0.084625 1.367684
0.148037 0.079837 1.327245
0.149043 0.087474 1.329635
0.029196 -0.141530 1.290658
0.029641 -0.134475 1.271044
0.026408 -0.135322 1.293241
0.031174 -0.143545 1.292886
0.028215 -0.136089 1.295434
0.068392 -0.135630 1.291621
0.066331 -0.135522 1.295089
0.070846 -0.130916 1.293093
0.068392 -0.135630 1.291621
0.069222 -0.129964 1.273073
0.030575 -0.131850 1.268919
0.067352 -0.127761 1.269403
0.072064 -0.123152 1.273504
0.069222 -0.129964 1.273073
0.070202 -0.123161 1.269737
0.028237 -0.126793 1.270861
0.067352 -0.127761 1.269403
0.070202 -0.123161 1.269737
0.030575 -0.131850 1.268919
0.069583 -0.132073 1.295917
0.066331 -0.135522 1.295089
-0.011931 -0.191693 1.514831
-0.013348 -0.179317 1.501842
-0.013168 -0.191629 1.516502
-0.011415 -0.194094 1.537693
-0.013765 -0.174719 1.500464
-0.013348 -0.179317 1.501842
-0.013168 -0.191629 1.516502
-0.016910 -0.178826 1.501638
-0.017078 -0.190734 1.516830
-0.016687 -0.174597 1.500885
-0.011085 -0.173532 1.499070
-0.011102 -0.177347 1.500040
-0.000000 -0.177171 1.500293
-0.000000 -0.200571 1.538201
-0.011931 -0.191693 1.514831
-0.011415 -0.194094 1.537693
-0.012742 -0.194501 1.539679
-0.010266 -0.212603 1.564261
-0.012742 -0.194501 1.539679
-0.012319 -0.212245 1.565831
-0.018344 -0.212197 1.565975
-0.020546 -0.207460 1.575406
-0.020052 -0.194770 1.583811
-0.020052 -0.194770 1.583811
-0.022167 -0.193427 1.584541
-0.022014 -0.190682 1.582991
-0.031345 -0.184470 1.509928
-0.031712 -0.186267 1.511777
-0.030121 -0.186624 1.512644
-0.035636 -0.189514 1.521806
-0.018558 -0.177090 1.500386
-0.017915 -0.173754 1.499354
-0.031474 -0.181358 1.509315
-0.031345 -0.184470 1.509928
-0.031712 -0.186267 1.511777
-0.030121 -0.186624 1.512644
-0.029919 -0.187543 1.514328
-0.035636 -0.189514 1.521806
-0.037576 -0.190026 1.522385
-0.037576 -0.190026 1.522385
-0.041795 -0.191548 1.520181
-0.041795 -0.191548 1.520181
-0.041706 -0.189887 1.518990
-0.043571 -0.190538 1.519204
-0.049090 -0.196501 1.527270
-0.048593 -0.198452 1.539350
-0.046965 -0.203807 1.564945
-0.045683 -0.197045 1.574638
-0.044260 -0.189679 1.581983
-0.044260 -0.189679 1.581983
-0.042579 -0.186692 1.581594
-0.044208 -0.186318 1.580229
-0.032856 -0.189571 1.582553
-0.045640 -0.194367 1.572993
-0.046981 -0.201253 1.562953
-0.048564 -0.197297 1.537609
-0.049090 -0.196501 1.527270
-0.048143 -0.195365 1.524483
-0.049005 -0.194793 1.525453
-0.047984 -0.193624 1.523192
-0.020248 -0.211094 1.565546
-0.018574 -0.211556 1.564296
-0.012148 -0.211436 1.564170
-0.009432 -0.211640 1.561915
-0.008072 -0.212229 1.563854
-0.007583 -0.211711 1.561877
-0.000000 -0.214375 1.563144
-0.010266 -0.212603 1.564261
-0.000000 -0.213818 1.563738
-0.000000 -0.212832 1.562362
0.018463 -0.188891 1.512499
0.030202 -0.183957 1.511029
0.011931 -0.191536 1.514832
0.011878 -0.180026 1.501774
0.016910 -0.178717 1.501639
0.017078 -0.190462 1.516831
0.018978 -0.191257 1.538228
0.017612 -0.190788 1.537160
0.013348 -0.179206 1.501843
0.013168 -0.191474 1.516502
0.013397 -0.189384 1.515132
0.013765 -0.174617 1.500465
0.016744 -0.188952 1.515460
0.016687 -0.174488 1.500886
0.013348 -0.179206 1.501843
0.011878 -0.180026 1.501774
0.011102 -0.177239 1.500040
-0.000000 -0.177171 1.500293
-0.000000 -0.175733 1.499907
0.000122 -0.173167 1.499239
0.018483 -0.213337 1.565623
0.010266 -0.212660 1.564262
0.011460 -0.212953 1.565633
0.008072 -0.212245 1.563854
0.012319 -0.212606 1.565832
0.020707 -0.214124 1.567268
0.021783 -0.214816 1.567332
0.022276 -0.211879 1.576473
0.020725 -0.210807 1.575450
0.020725 -0.210807 1.575450
0.021715 -0.200127 1.584797
0.022276 -0.211879 1.576473
0.021715 -0.200127 1.584797
0.024553 -0.199620 1.585788
0.026323 -0.193587 1.538563
0.031710 -0.182685 1.511789
0.030202 -0.183957 1.511029
0.029918 -0.185632 1.514334
0.031710 -0.182685 1.511789
0.036787 -0.186935 1.521919
0.018558 -0.176963 1.500387
0.016910 -0.178717 1.501639
0.017915 -0.173647 1.499355
0.031472 -0.176996 1.509332
0.031343 -0.180496 1.509943
0.031724 -0.179440 1.511137
0.030346 -0.181263 1.511886
0.029826 -0.182992 1.513435
0.036721 -0.185264 1.520902
0.039287 -0.187235 1.522551
0.038832 -0.185445 1.521421
0.044308 -0.182654 1.519252
0.046903 -0.181761 1.519539
0.056522 -0.188658 1.527970
0.037964 -0.189016 1.530653
0.055230 -0.211768 1.566463
0.055314 -0.200690 1.585313
0.055784 -0.207480 1.577069
0.036009 -0.211532 1.576820
0.055784 -0.207480 1.577069
0.057996 -0.200797 1.584276
0.057975 -0.205723 1.575964
0.055772 -0.197761 1.584204
0.058214 -0.197082 1.582740
0.055314 -0.200690 1.585313
0.040082 -0.202007 1.585798
0.057910 -0.195551 1.538470
0.056295 -0.184369 1.526149
0.020248 -0.212652 1.565553
0.018575 -0.212912 1.564302
0.020552 -0.209215 1.572841
0.009432 -0.211753 1.561916
0.007583 -0.211736 1.561877
-0.000000 -0.214375 1.563144
-0.000000 -0.213818 1.563738
-0.000000 -0.212832 1.562362
-0.166813 -0.019579 1.143705
-0.166813 -0.019579 1.143705
-0.157411 -0.020075 1.142796
-0.166304 -0.021807 1.144914
-0.166304 -0.021807 1.144914
-0.154876 -0.022732 1.145558
-0.156384 -0.017701 1.180969
-0.152853 -0.021436 1.179720
-0.152652 0.010835 1.144049
-0.149797 0.009988 1.184712
-0.154782 -0.015522 1.187451
-0.151215 -0.021831 1.184374
-0.152853 -0.021436 1.179720
-0.149797 0.009988 1.184712
-0.139246 0.008765 1.174272
-0.150281 0.013801 1.175944
-0.144026 0.012236 1.172822
-0.165336 -0.021199 1.179539
-0.154876 -0.022732 1.145558
-0.166304 -0.021807 1.144914
-0.152853 -0.021436 1.179720
-0.165336 -0.021199 1.179539
-0.150281 0.013801 1.175944
-0.099477 -0.101296 1.151522
-0.079252 -0.103690 1.150467
-0.098558 -0.097421 1.148164
-0.099477 -0.101296 1.151522
-0.079917 -0.108429 1.155880
-0.079917 -0.108429 1.155880
-0.086680 -0.101142 1.198389
-0.101326 -0.094305 1.150548
-0.101326 -0.094305 1.150548
-0.103545 -0.092198 1.194252
-0.103050 -0.087393 1.188330
-0.103545 -0.092198 1.194252
-0.101158 -0.087061 1.192385
-0.085350 -0.097553 1.197552
-0.086680 -0.101142 1.198389
-0.085031 -0.102240 1.194128
-0.105531 -0.093790 1.188320
-0.106364 -0.104000 1.155271
-0.106364 -0.104000 1.155271
-0.105531 -0.093790 1.188320
-0.083701 -0.099029 1.193304
-0.085031 -0.102240 1.194128
-0.045990 0.132645 1.524059
-0.057458 0.123118 1.536020
-0.071420 0.111841 1.541950
-0.062375 0.108923 1.537613
-0.036922 0.123880 1.518059
-0.035931 0.133488 1.513985
-0.039796 0.133496 1.505352
-0.041015 0.138675 1.508849
-0.035582 0.124268 1.513787
-0.036081 0.126766 1.508927
-0.046701 0.133222 1.502658
-0.048591 0.136894 1.506239
-0.060095 0.127752 1.501522
-0.060095 0.127752 1.501522
-0.086293 0.124637 1.509763
-0.109040 0.112900 1.515235
-0.070454 0.111015 1.547083
-0.070454 0.111015 1.547083
-0.068311 0.103291 1.539611
-0.066454 0.101379 1.545539
-0.048713 0.116939 1.528475
-0.057458 0.123118 1.536020
-0.048713 0.116939 1.528475
-0.083511 0.077279 1.544446
-0.092252 0.095175 1.552949
-0.094039 0.095432 1.547312
-0.092252 0.095175 1.552949
-0.094039 0.095432 1.547312
-0.083511 0.077279 1.544446
-0.109040 0.112900 1.515235
-0.109040 0.112900 1.515235
-0.106562 0.109686 1.520082
-0.085042 0.116188 1.503635
-0.086293 0.124637 1.509763
-0.083897 0.122463 1.509644
-0.083099 0.118833 1.506631
-0.060095 0.127752 1.501522
-0.115871 0.101901 1.533714
-0.118399 0.100816 1.534339
-0.114582 0.103029 1.538370
-0.117033 0.102051 1.539448
-0.118399 0.100816 1.534339
-0.118029 0.097968 1.529555
-0.114086 0.101438 1.544103
-0.111887 0.102460 1.542623
-0.108210 0.100312 1.545872
-0.114086 0.101438 1.544103
-0.110041 0.099110 1.547617
-0.104071 0.096852 1.547589
-0.100103 0.092623 1.547539
-0.101174 0.090834 1.549289
-0.105499 0.095372 1.549420
-0.097756 0.086161 1.547186
-0.095730 0.082084 1.543490
-0.095730 0.082084 1.543490
-0.097756 0.086161 1.547186
-0.094804 0.081838 1.537830
-0.098880 0.081345 1.528773
-0.099831 0.078724 1.528947
-0.103828 0.081067 1.525419
-0.102591 0.083531 1.525502
-0.099831 0.078724 1.528947
-0.103828 0.081067 1.525419
-0.106723 0.087000 1.523825
-0.110650 0.091204 1.523953
-0.112540 0.089283 1.523741
-0.108285 0.084785 1.523610
-0.113757 0.095518 1.525913
-0.115951 0.093908 1.525847
-0.103558 0.107715 1.545106
-0.107909 0.110296 1.541297
-0.092146 0.120402 1.539614
-0.098686 0.103591 1.547085
-0.087353 0.116477 1.541623
-0.094047 0.098592 1.546990
-0.090372 0.093480 1.544767
-0.076984 0.102239 1.535432
-0.076594 0.098875 1.530298
-0.081377 0.098220 1.519727
-0.092788 0.085685 1.525105
-0.081377 0.098220 1.519727
-0.085780 0.100919 1.515888
-0.090604 0.104984 1.513892
-0.106432 0.097051 1.519437
-0.101934 0.092302 1.519319
-0.098644 0.114588 1.516202
-0.100709 0.118804 1.520151
-0.101005 0.121847 1.525269
-0.112245 0.106514 1.525652
-0.110058 0.102076 1.521683
-0.101934 0.092302 1.519319
-0.092788 0.085685 1.525105
-0.092788 0.085685 1.525105
-0.087906 0.085985 1.535660
-0.090372 0.093480 1.544767
-0.094047 0.098592 1.546990
-0.071260 -0.164420 1.579778
-0.072306 -0.169662 1.580841
-0.073722 -0.169119 1.582917
-0.077404 -0.175566 1.581383
-0.078666 -0.176555 1.584830
-0.073722 -0.169119 1.582917
-0.071260 -0.164420 1.579778
-0.082787 -0.179379 1.578399
-0.085834 -0.180132 1.580913
-0.085426 -0.181658 1.581557
-0.089141 -0.180883 1.576660
-0.091074 -0.179817 1.571479
-0.091305 -0.181206 1.571043
-0.089119 -0.182521 1.576795
-0.089141 -0.180883 1.576660
-0.091074 -0.179817 1.571479
-0.090064 -0.173019 1.561581
-0.090064 -0.173019 1.561581
-0.091353 -0.177045 1.566175
-0.085674 -0.166007 1.557805
-0.085591 -0.165860 1.556557
-0.078075 -0.158533 1.559371
-0.076389 -0.159811 1.559225
-0.077483 -0.157829 1.558306
-0.073009 -0.156455 1.564980
-0.071715 -0.157910 1.564435
-0.072062 -0.155609 1.564338
-0.073009 -0.156455 1.564980
-0.078666 -0.176555 1.584830
-0.062836 -0.190871 1.568718
-0.066138 -0.191504 1.564046
-0.068276 -0.190189 1.558587
-0.068891 -0.187093 1.553164
-0.067961 -0.182718 1.548593
-0.085591 -0.165860 1.556557
-0.063987 -0.173894 1.545135
-0.077483 -0.157829 1.558306
-0.072062 -0.155609 1.564338
-0.049327 -0.174092 1.569042
-0.072062 -0.155609 1.564338
-0.051459 -0.165285 1.553628
-0.072649 -0.169245 1.583616
0.067667 -0.155745 1.334465
0.071458 -0.157524 1.353485
0.070616 -0.150769 1.336250
0.067667 -0.155745 1.334465
0.067667 -0.155745 1.334465
0.038104 -0.162554 1.355874
0.033111 -0.160010 1.336240
0.033296 -0.157971 1.354278
0.038104 -0.162554 1.355874
0.073694 -0.152398 1.353896
0.051734 -0.158160 1.356494
0.030418 -0.153717 1.337062
0.050380 -0.154666 1.334824
0.050380 -0.154666 1.334824
0.070616 -0.150769 1.336250
0.038104 -0.162554 1.355874
0.051734 -0.158160 1.356494
0.071458 -0.157524 1.353485
0.029684 0.109828 1.561174
0.036068 0.107949 1.561623
0.022005 -0.142959 1.611593
0.058665 -0.130454 1.635920
0.085949 -0.122862 1.636878
0.114500 -0.102970 1.630578
0.102404 -0.115585 1.634839
0.100252 -0.014153 1.593885
0.093890 0.004534 1.586764
0.108199 -0.037123 1.603956
0.075895 0.041846 1.576449
0.080412 0.035298 1.548968
0.075895 0.041846 1.576449
0.080412 0.035298 1.548968
0.098234 -0.013973 1.566510
0.112305 -0.067550 1.583504
0.112305 -0.067550 1.583504
0.121021 -0.101268 1.602860
0.121021 -0.101268 1.602860
0.121021 -0.101268 1.602860
0.114500 -0.102970 1.630578
0.119017 -0.091426 1.626074
0.101919 -0.125869 1.610173
0.085949 -0.122862 1.636878
0.102404 -0.115585 1.634839
0.063956 -0.137751 1.613691
0.058665 -0.130454 1.635920
0.015311 0.116203 1.523028
0.020669 0.116128 1.519924
-0.000523 0.118724 1.518486
0.020669 0.116128 1.519924
0.015311 0.116203 1.523028
0.022842 0.115022 1.523222
0.036068 0.107949 1.561623
0.056682 -0.204237 1.568773
0.095156 -0.192479 1.578999
0.059337 -0.204253 1.555709
0.101415 -0.191437 1.569237
0.088356 -0.187460 1.585739
0.058696 -0.195446 1.577608
0.061129 -0.189006 1.579828
0.063009 -0.184700 1.580078
0.073058 -0.182231 1.582946
0.061129 -0.189006 1.579828
0.085813 -0.181474 1.586671
0.108639 -0.185103 1.560910
0.093557 -0.175120 1.544566
0.108639 -0.185103 1.560910
0.114297 -0.165040 1.550061
0.093557 -0.175120 1.544566
0.082020 -0.168966 1.584223
0.114297 -0.165040 1.550061
0.108639 -0.185103 1.560910
0.085813 -0.181474 1.586671
0.085813 -0.181474 1.586671
0.072239 -0.176628 1.538332
0.065020 -0.193565 1.546072
0.117371 0.098723 1.529561
0.117707 0.101507 1.534343
0.116350 0.102741 1.539453
0.116350 0.102741 1.539453
0.117707 0.101507 1.534343
0.117371 0.098723 1.529561
0.107533 0.100917 1.545877
0.109441 0.099834 1.547625
0.103450 0.097474 1.547595
0.099537 0.093258 1.547545
0.100678 0.091566 1.549297
0.104953 0.096104 1.549428
0.096423 0.088909 1.545657
0.094574 0.085106 1.542257
0.095299 0.082825 1.543508
0.097299 0.086904 1.547202
0.094374 0.082668 1.537840
0.095049 0.080080 1.538734
0.099468 0.079746 1.528959
0.095049 0.080080 1.538734
0.099468 0.079746 1.528959
0.103455 0.082173 1.525432
0.098449 0.082287 1.528783
0.099468 0.079746 1.528959
0.107863 0.085876 1.523621
0.112034 0.090260 1.523749
0.110070 0.092082 1.523961
0.113090 0.096262 1.525918
0.115366 0.094781 1.525854
0.095373 0.122837 1.535782
0.102703 0.107941 1.545105
0.091140 0.120505 1.539612
0.098465 0.123295 1.530754
0.097914 0.103868 1.547086
0.081786 0.111533 1.541555
0.086358 0.116501 1.541620
0.078288 0.107016 1.539371
0.076207 0.102860 1.535437
0.087770 0.090069 1.540816
0.092291 0.086696 1.525116
0.080740 0.099233 1.519736
0.087553 0.087267 1.535676
0.092291 0.086696 1.525116
0.096535 0.089092 1.521294
0.089695 0.105335 1.513890
0.101268 0.093057 1.519324
0.094109 0.109875 1.513978
0.111290 0.106736 1.525648
0.111605 0.109784 1.530779
0.099946 0.121861 1.525264
0.106982 0.110483 1.541296
0.110119 0.111140 1.536274
0.111290 0.106736 1.525648
0.109215 0.102522 1.521682
0.096535 0.089092 1.521294
0.092291 0.086696 1.525116
0.092291 0.086696 1.525116
0.087770 0.090069 1.540816
0.089812 0.094112 1.544773
0.093705 -0.168567 1.581176
0.096487 -0.173940 1.581703
0.098279 -0.173021 1.584061
0.105911 -0.177489 1.584069
0.098279 -0.173021 1.584061
0.105911 -0.177489 1.584069
0.109169 -0.179742 1.577369
0.112246 -0.179292 1.579924
0.112246 -0.179292 1.579924
0.112269 -0.181119 1.580510
0.111432 -0.179253 1.573101
0.113910 -0.177233 1.568544
0.115071 -0.180635 1.575107
0.117413 -0.178259 1.569182
0.115780 -0.173696 1.564164
0.115766 -0.168822 1.560452
0.118332 -0.167846 1.560630
0.119059 -0.173869 1.563773
0.118849 -0.168044 1.559490
0.113768 -0.160558 1.557529
0.104311 -0.153706 1.559883
0.102202 -0.154999 1.559618
0.104311 -0.153706 1.559883
0.095115 -0.155850 1.565220
0.096615 -0.154242 1.565909
0.096615 -0.154242 1.565909
0.075845 -0.192926 1.573571
0.105333 -0.178839 1.585012
0.082959 -0.195017 1.569111
0.112269 -0.181119 1.580510
0.087785 -0.193405 1.564356
0.115071 -0.180635 1.575107
0.117413 -0.178259 1.569182
0.093635 -0.183545 1.553936
0.093013 -0.176190 1.549620
0.118849 -0.168044 1.559490
0.113874 -0.160036 1.556309
0.086107 -0.164930 1.546270
0.073092 -0.157556 1.548607
0.066188 -0.161613 1.555322
0.064140 -0.181188 1.571379
0.095304 -0.153313 1.565320
0.066188 -0.161613 1.555322
0.166813 -0.019579 1.143705
0.163285 0.009171 1.141197
0.166813 -0.019579 1.143705
0.163285 0.009171 1.141197
0.153453 0.006665 1.142324
0.166304 -0.021807 1.144914
0.153302 -0.021442 1.179735
0.156677 -0.017705 1.180979
0.152935 0.010833 1.144057
0.152935 0.010833 1.144057
0.139940 0.008758 1.174294
0.150335 0.009982 1.184730
0.155603 -0.015533 1.187479
0.151996 -0.021842 1.184400
0.153302 -0.021442 1.179735
0.139940 0.008758 1.174294
0.144503 0.012231 1.172837
0.165336 -0.021199 1.179539
0.166304 -0.021807 1.144914
0.152935 0.010833 1.144057
0.167662 0.014305 1.144326
0.150558 0.013798 1.175953
-0.067667 -0.155745 1.334465
-0.071458 -0.157524 1.353485
-0.067667 -0.155745 1.334465
-0.038104 -0.162554 1.355874
-0.033111 -0.160010 1.336240
-0.033111 -0.160010 1.336240
-0.038104 -0.162554 1.355874
-0.051734 -0.158160 1.356494
-0.051734 -0.158160 1.356494
-0.071458 -0.157524 1.353485
-0.050380 -0.154666 1.334824
-0.033111 -0.160010 1.336240
-0.070616 -0.150769 1.336250
-0.067667 -0.155745 1.334465
-0.071458 -0.157524 1.353485
-0.084932 0.120008 1.275473
-0.097360 0.120772 1.300564
-0.085234 0.117676 1.271451
-0.100241 0.099575 1.261739
-0.115951 0.098129 1.292163
-0.100230 0.093047 1.267384
-0.103244 0.099703 1.264806
-0.098321 0.093595 1.263316
-0.100241 0.099575 1.261739
0.062026 -0.134837 1.317441
0.034551 -0.144437 1.312846
0.035443 -0.142732 1.308957
0.038564 -0.151122 1.309490
0.039153 -0.151658 1.313189
0.035371 -0.145367 1.316251
0.046514 -0.154416 1.311827
0.059669 -0.149475 1.310192
0.054953 -0.152811 1.308553
0.063059 -0.142307 1.313733
0.062292 -0.143458 1.316935
0.058111 -0.132667 1.322278
0.035587 -0.138209 1.319749
0.046828 -0.153139 1.315059
0.039153 -0.151658 1.313189
0.053607 -0.152232 1.315415
0.062292 -0.143458 1.316935
0.059038 -0.150190 1.313723
0.060120 -0.144062 1.319346
0.059366 -0.138192 1.322262
0.035371 -0.145367 1.316251
0.037480 -0.145623 1.318883
0.035587 -0.138209 1.319749
0.037686 -0.139665 1.321835
0.046467 -0.151698 1.304677
0.054409 -0.150507 1.305259
0.071902 0.117806 1.134754
0.075941 0.111855 1.127362
0.077283 0.119395 1.132557
0.071279 0.111742 1.130544
0.077086 0.120156 1.151303
0.076187 0.115945 1.156286
0.074425 0.107303 1.159456
0.072684 0.098556 1.157666
0.071862 0.094076 1.153453
0.070407 0.104463 1.130169
0.074186 0.102839 1.126972
0.075941 0.111855 1.127362
0.077283 0.119395 1.132557
0.077641 0.122190 1.141748
0.077086 0.120156 1.151303
0.074425 0.107303 1.159456
0.072684 0.098556 1.157666
0.071862 0.094076 1.153453
0.056647 -0.135051 1.323859
0.058111 -0.132667 1.322278
0.058111 -0.132667 1.322278
0.044939 0.132652 1.524057
0.056402 0.123125 1.536017
0.061464 0.109390 1.537616
0.035873 0.123886 1.518057
0.044939 0.132652 1.524057
0.047661 0.116946 1.528473
0.038752 0.133502 1.505349
0.035464 0.129797 1.508229
0.035036 0.126772 1.508925
0.047546 0.136902 1.506236
0.059050 0.127762 1.501518
0.069537 0.111254 1.547083
0.069537 0.111254 1.547083
0.067570 0.104192 1.539620
0.047661 0.116946 1.528473
0.056402 0.123125 1.536017
0.047661 0.116946 1.528473
0.061464 0.109390 1.537616
0.091664 0.095514 1.552951
0.091664 0.095514 1.552951
0.083298 0.078504 1.544486
0.091664 0.095514 1.552951
0.091664 0.095514 1.552951
0.088865 0.082261 1.542033
0.083298 0.078504 1.544486
0.102959 0.102937 1.516214
0.105739 0.103883 1.511096
0.108030 0.113011 1.515229
0.083993 0.116202 1.503629
0.105739 0.103883 1.511096
0.085241 0.124650 1.509757
0.082846 0.122476 1.509639
0.082049 0.118847 1.506625
-0.091326 0.147218 1.409600
-0.097533 0.152200 1.366722
-0.117156 0.138860 1.399548
-0.084486 0.157233 1.345904
-0.065746 0.163360 1.349017
-0.045514 0.168436 1.353339
-0.032498 0.160646 1.414549
-0.058423 0.155738 1.418735
-0.031390 0.158864 1.426526
-0.050434 0.156154 1.429120
-0.029282 0.135644 1.505688
-0.031149 0.147991 1.473177
-0.053531 0.154216 1.427898
-0.057594 0.155142 1.422474
-0.073283 0.139951 1.467036
-0.152377 -0.074312 1.261015
-0.149244 -0.073145 1.261084
-0.155307 -0.056031 1.255149
-0.157273 -0.056296 1.256593
-0.147401 -0.052551 1.212691
-0.148573 -0.055053 1.234745
-0.158990 -0.032924 1.248080
-0.157111 -0.036333 1.232600
-0.148647 -0.015070 1.197086
-0.147999 0.001951 1.169401
-0.150182 0.005640 1.194801
-0.131943 0.037652 1.167744
-0.122631 0.049703 1.165648
-0.169716 -0.033419 1.254405
-0.164868 -0.058290 1.258341
-0.164335 0.013250 1.253001
-0.168685 -0.013557 1.252553
-0.000391 0.155039 1.341267
-0.029650 0.154467 1.342097
-0.025409 0.165782 1.362893
-0.000499 0.167145 1.364426
-0.030996 0.165136 1.358837
-0.136456 0.066548 1.258541
-0.120926 0.083519 1.261742
-0.123780 0.096137 1.294391
-0.131104 0.096284 1.306955
-0.164532 0.044854 1.480926
-0.168710 0.050480 1.454189
-0.164773 0.051090 1.487469
-0.162556 0.054895 1.491573
-0.176374 0.064458 1.404211
-0.161997 0.083574 1.409545
-0.104451 0.093355 1.530339
-0.096046 0.093701 1.529938
-0.100677 0.094986 1.531033
-0.087113 0.103537 1.521765
-0.084692 0.108386 1.520344
-0.088129 0.098252 1.520559
-0.089774 0.098756 1.517372
-0.091337 0.109338 1.510652
-0.049463 -0.196677 1.524007
-0.048971 -0.205033 1.547014
-0.017612 -0.209243 1.563515
-0.020801 -0.208670 1.564871
-0.045959 -0.202211 1.564609
-0.015972 -0.199193 1.565780
-0.015471 -0.181228 1.574471
-0.000000 -0.183038 1.574136
-0.082014 0.115576 1.273758
-0.081166 0.120301 1.271715
-0.096781 0.115539 1.303271
-0.082014 0.115576 1.273758
-0.117260 0.096304 1.294484
-0.068074 0.092139 1.188115
-0.062793 0.096769 1.168560
-0.115753 0.066361 1.183868
-0.101112 0.078025 1.187107
-0.100549 0.079269 1.173123
-0.098889 0.076327 1.159795
-0.112364 0.062043 1.164308
-0.025228 0.115545 1.159482
-0.054357 0.096973 1.147027
-0.055214 0.102648 1.150216
-0.027817 0.120676 1.162386
-0.000523 0.118724 1.518486
0.019881 0.118757 1.521957
0.022842 0.115022 1.523222
-0.000524 0.120423 1.520278
0.019881 0.118757 1.521957
0.091671 0.011340 1.577771
0.017388 -0.174811 1.500534
-0.000000 -0.213140 1.547645
-0.000000 -0.200153 1.523079
0.020805 -0.217526 1.564911
-0.000000 -0.211993 1.562286
0.023553 -0.194912 1.586288
0.132504 -0.130561 1.616011
0.131773 -0.106840 1.626914
0.125611 -0.097330 1.633021
0.132268 -0.098821 1.629076
0.131773 -0.106840 1.626914
0.123440 -0.134114 1.623312
0.132504 -0.130561 1.616011
0.060149 -0.147727 1.636134
0.015973 -0.202314 1.565788
0.017016 -0.184591 1.575538
0.112736 -0.144657 1.609889
0.090169 -0.168870 1.598191
0.112736 -0.144657 1.609889
0.081975 -0.170669 1.609271
0.049552 -0.188141 1.602369
0.044042 -0.186917 1.604685
0.049552 -0.188141 1.602369
0.081975 -0.170669 1.609271
0.081975 -0.170669 1.609271
0.065473 -0.161163 1.625550
-0.000000 -0.183038 1.574136
-0.000000 -0.202000 1.564193
0.080412 0.035298 1.548968
0.096782 -0.013846 1.566254
0.052654 -0.138116 1.617374
0.091222 -0.121774 1.633846
0.091222 -0.121774 1.633846
0.117521 -0.103859 1.631729
0.091505 -0.120971 1.631923
0.065928 -0.129674 1.631151
0.084354 -0.132814 1.618223
0.091505 -0.120971 1.631923
0.052654 -0.138116 1.617374
0.091505 -0.120971 1.631923
0.117521 -0.103859 1.631729
0.122787 -0.101466 1.631881
0.117521 -0.103859 1.631729
0.119362 -0.098346 1.611776
0.123293 -0.077108 1.622137
0.116265 -0.083886 1.605969
0.115004 -0.067916 1.602152
0.119939 -0.059655 1.611819
0.115004 -0.067916 1.602152
0.119939 -0.059655 1.611819
0.107991 -0.033448 1.594018
0.096782 -0.013846 1.566254
0.080412 0.035298 1.548968
0.117521 -0.103859 1.631729
0.084354 -0.132814 1.618223
0.044159 -0.144422 1.614375
0.022005 -0.142959 1.611593
0.115004 -0.067916 1.602152
0.105766 -0.052126 1.590278
0.107991 -0.033448 1.594018
0.105766 -0.052126 1.590278
0.065473 -0.161163 1.625550
0.060149 -0.147727 1.636134
0.083388 -0.144079 1.635614
0.068787 -0.130229 1.632583
-0.122394 0.107312 1.310708
-0.099130 0.120997 1.304929
-0.081166 0.120301 1.271715
-0.050880 0.136067 1.252035
0.124284 -0.155281 1.393131
0.103693 -0.155176 1.365014
0.093203 -0.150900 1.373209
0.113734 -0.151145 1.401261
0.093203 -0.150900 1.373209
0.103693 -0.155176 1.365014
0.128274 -0.149690 1.390040
0.107661 -0.149615 1.361892
0.124284 -0.155281 1.393131
0.103693 -0.155176 1.365014
0.113734 -0.151145 1.401261
0.113351 -0.143847 1.401521
0.107661 -0.149615 1.361892
0.092822 -0.143584 1.373464
0 1
2 3
4 5
8 9
10 11
12 13
14 15
6 7
2804 2805
1562 1563
3211 3212
1565 1566
1728 1733
1545 1547
2840 2841
3087 3089
3213 3214
1173 1175
1596 1597
2790 2818
2798 2800
1600 1601
2437 2439
2822 2823
708 709
2231 2232
767 769
1160 1168
2806 2807
3181 3185
1563 1564
3227 3228
2229 2230
1572 1671
1671 3127
3180 3183
3182 3184
2438 2440
1270 2970
1537 1540
3065 3067
1623 3152
2258 2259
2409 2410
2411 2412
3189 3210
742 743
2413 2414
870 871
1611 1614
1685 3142
1716 3176
1581 1582
2286 2287
1699 1702
1748 1749
18 1756
1742 1744
3229 3230
757 758
3085 3086
1759 1761
1758 1760
3232 3233
290 293
2966 2967
2606 2608
2932 2933
2842 2843
2628 2629
2630 2631
1739 3162
1263 1265
1228 1244
1019 1021
1687 3153
1552 1671
1024 1025
2607 2609
1674 1686
287 2010
1226 1251
1158 2793
280 281
1547 1548
2661 2665
2810 2812
3140 3141
283 284
1726 1727
1239 1248
1606 1613
1161 2808
3196 3198
1672 1673
1167 1168
3192 3193
1243 1250
2947 2948
3163 3165
1657 3090
3193 3194
3199 3200
1165 2801
1722 3188
2459 2460
2461 2510
1655 1658
2033 2034
2965 2968
330 332
1578 1579
334 335
1548 1549
328 334
346 2041
1585 1586
1534 1535
2653 2657
3107 3108
2026 2027
304 305
2949 2950
2951 2952
3075 3077
2276 2278
1546 3085
1707 1710
2595 2598
1260 1264
2800 2801
2802 2803
2793 2794
1295 1297
3159 3189
2986 2987
1678 3133
1575 1576
3161 3162
3053 3060
3054 3061
2456 2457
3116 3117
1589 1590
3225 3226
1604 1605
3105 3106
654 655
1010 1011
1724 1729
3195 3197
1695 3159
1711 1719
3081 3082
1637 1638
1675 1677
968 1005
1156 2791
895 907
1633 1664
1171 1172
1069 1070
2253 2254
965 966
3099 3100
2497 2498
1313 1314
3103 3104
1127 1136
2988 2989
2255 2257
2946 2948
733 734
2809 2811
3123 3129
2669 2670
1131 1138
2769 2770
3076 3078
3166 3176
3172 3178
934 937
3120 3121
1721 3186
2836 2837
1615 1663
1663 3115
1551 1571
3154 3156
1712 1726
1712 3191
2815 2816
1182 1183
2838 2839
1550 1569
1646 1652
3007 3041
3017 3040
3112 3113
2457 2458
1152 1153
2781 2782
1159 2792
1740 1741
2295 2296
323 324
2372 2373
2028 2030
325 326
3215 3216
1294 2990
320 321
3094 3095
1512 1514
714 718
2056 2057
317 329
493 494
1708 3168
1681 3136
380 381
2061 2062
3217 3218
763 2288
1583 1584
2660 2662
897 898
124 125
1904 1905
1626 1634
900 901
957 958
548 553
206 207
3079 3080
1631 1632
1222 1242
880 881
532 535
2351 2356
2429 2434
1953 1954
1162 1163
2797 2798
218 219
1960 1961
368 370
1292 1296
712 717
2422 2423
372 373
372 2060
3202 3203
1630 1637
3143 3144
3061 3062
3064 3066
1682 1683
2271 2272
371 376
1277 1289
1145 1155
2785 2786
1636 3147
378 379
765 766
2289 2290
3204 3207
3155 3157
333 341
835 836
1472 1473
1028 1029
2777 2778
2974 2975
2976 2977
544 549
874 875
2416 2418
291 298
293 299
299 2020
336 339
3223 3224
2518 2520
276 277
278 2009
1169 2817
876 877
3174 3175
748 749
1679 1680
1629 1630
282 286
3148 3149
2783 2784
1593 1594
300 304
2107 2109
408 422
2334 2335
1649 1650
2845 2846
1152 2789
2978 2985
2979 2980
306 338
1906 1907
529 532
302 303
122 1902
1164 2799
275 2007
1754 1755
3241 3242
1764 1765
1038 1039
2624 2625
2222 2224
208 209
1956 1958
515 628
204 1959
1647 1648
142 1914
790 799
613 615
1034 1037
2618 2621
2217 2220
401 418
777 794
2772 2773
2972 2973
2427 2431
2430 2435
2350 2353
2352 2358
3083 3084
2095 2097
1602 1621
225 226
1955 1957
1620 1621
2102 2103
771 797
2328 2329
2100 2101
2326 2327
2450 2451
2293 2294
1653 1654
3219 3220
899 900
2444 2445
2448 2449
526 531
1651 1656
210 211
1659 3092
3145 3146
1714 1715
1640 1641
953 955
121 123
574 576
1553 1554
2187 2188
203 205
129 130
1910 1912
1962 1963
2474 2475
216 217
1667 3130
592 597
133 1911
2154 2155
576 578
2981 2982
591 595
2184 2185
2794 2796
2813 2814
3131 3134
2795 2796
480 483
486 488
830 831
2379 2380
3221 3222
578 583
2768 2770
1214 1215
2886 2887
611 614
533 540
2179 2189
1099 1100
1101 1102
2713 2714
2164 2173
1700 1701
924 2469
566 570
595 600
1642 1646
1662 3110
2517 2525
1523 1524
3045 3047
2555 2556
999 1000
579 585
538 543
919 945
2736 2757
597 2193
1697 3160
1900 1901
2579 2580
2817 2819
465 481
838 840
2168 2169
1307 1308
2634 2656
3042 3058
3046 3047
119 120
1735 1736
3205 3206
200 202
1559 1661
572 574
1670 3085
580 586
596 601
539 544
1704 3166
2248 2249
565 2156
954 956
1311 1312
731 732
3096 3097
1703 1720
1720 3165
567 2159
1733 1735
118 1899
127 128
214 215
575 577
589 592
829 2383
842 843
1465 1474
1478 1479
199 201
636 637
977 979
2546 2578
1951 1952
729 730
2245 2246
213 214
1112 1130
3136 3137
2166 2167
978 997
594 599
601 605
198 1948
2645 2646
3051 3052
577 581
581 2165
1017 2597
1643 1644
3101 3102
140 141
141 1913
2317 2318
2577 2578
640 641
117 1897
915 917
2464 2465
786 787
2315 2316
2089 2090
428 429
630 631
563 564
2943 2944
1261 2957
2968 2969
2635 2637
600 603
615 619
1498 1503
2407 2408
849 2387
2396 2397
858 859
593 598
634 635
2602 2603
2547 2567
2959 2960
1064 1065
1532 3060
1536 3063
3043 3044
1639 1688
1689 3151
383 386
1698 1701
388 389
756 758
587 591
458 459
384 2070
2142 2143
392 2071
393 394
1526 1527
1045 2634
2417 2419
138 139
2787 2788
2264 2265
1047 1049
2319 2320
2542 2543
409 411
2063 2064
568 2160
607 610
390 391
2068 2069
787 803
804 2344
417 451
3177 3179
2403 2404
845 856
2405 2406
2401 2402
1361 1434
846 855
1518 1519
852 861
2398 2400
851 860
2544 2571
802 2339
839 841
1467 1469
1476 1477
1306 1310
416 452
3208 3209
2121 2122
975 976
2127 2129
448 2128
559 562
562 2152
223 224
116 1895
530 533
2824 2826
1179 2844
2832 2834
1178 1180
1184 1185
644 645
2331 2332
414 2091
2105 2106
464 467
537 542
1908 1909
421 422
800 801
2333 2335
114 115
1894 1896
197 1947
2654 2655
3056 3057
406 2087
2108 2109
785 2313
1460 1462
1480 1481
1237 1239
602 606
1470 1474
833 837
2377 2378
355 2048
356 357
1175 1181
2827 2835
573 575
318 331
315 316
3128 3129
314 317
2023 2024
1595 1598
351 354
354 2044
135 136
1893 1895
319 320
307 308
1015 2596
941 942
2496 2497
932 933
2487 2488
1018 1019
1022 1023
3171 3172
541 545
112 113
546 551
1023 1027
1027 2611
1258 2955
569 572
2925 2926
698 699
706 707
2227 2228
1041 1042
2489 2490
1262 1263
1266 1267
542 547
1267 1271
2291 2292
1174 1175
2726 2727
2711 2712
554 557
84 1853
609 612
1873 1876
1787 1790
1125 1127
2750 2753
2764 2766
34 35
1802 1804
33 34
992 994
1800 1803
2277 2278
2568 2570
1782 1785
758 764
30 31
1060 2650
1859 1863
2145 2146
1857 1862
1797 1799
29 1771
1768 1770
1869 1872
1879 1882
89 90
1888 1890
1877 1880
2381 2382
2454 2455
2529 2530
1268 1269
1778 1781
2278 2280
1795 1797
1725 3190
32 1769
1794 1796
27 28
1791 1793
1863 1866
534 536
939 940
2468 2495
1531 1533
86 87
1776 1779
88 1854
1773 1778
987 988
1793 1794
2825 2828
2749 2751
1199 1200
2864 2865
85 1854
1084 1085
2156 2161
1883 1886
604 608
524 528
648 649
3133 3135
646 647
67 1827
1061 1063
2651 2653
1014 1016
2666 2667
1528 1541
3070 3072
1516 1517
1520 1523
2534 2586
1043 1044
1248 1249
2944 2945
2173 2178
583 588
909 948
1538 1539
3069 3071
2763 2765
1499 3038
44 45
95 96
1858 1860
1784 1786
93 94
2284 2285
2493 2495
2182 2183
103 104
3164 3187
80 81
1849 1851
1815 1816
2170 2175
1786 1788
59 1826
1875 1878
1573 1669
996 998
54 55
1835 1836
1798 1801
692 693
710 2233
1030 2616
42 43
79 1848
523 527
1235 1237
2941 2942
2690 2691
584 2172
52 53
1458 1468
825 831
2369 2371
1871 1874
101 102
1789 1792
2176 2177
2180 2181
46 47
582 587
1887 1889
105 106
2171 2174
66 1825
1823 1824
78 1848
2162 2163
1238 1240
2928 2931
1504 1505
3034 3035
1780 1783
2189 2190
1294 1295
1841 1842
2185 2186
1567 1568
50 51
1775 1777
1772 1774
2573 2574
48 49
1819 1820
2479 2480
97 98
1861 1864
619 620
1811 1812
1713 3173
1570 1668
1867 1870
39 41
107 108
1881 1884
38 40
466 474
2159 2160
109 110
1885 1887
1113 1114
2758 2771
1588 3117
99 100
1865 1868
1051 2636
557 559
2157 2158
1050 1062
490 491
90 91
1855 1856
3026 3027
2150 2151
622 623
2152 2153
586 590
1502 1503
3022 3023
3032 3033
62 63
2195 2197
617 627
74 75
1837 1838
1817 1818
2922 2925
1233 1236
853 854
854 2389
2198 2199
1508 1509
3036 3037
2746 2749
2734 2739
1844 1845
2194 2196
1457 1459
824 826
2366 2368
2399 2400
1808 1810
1057 2647
492 493
2384 2385
2391 2392
855 857
2390 2393
1521 1522
1723 1724
1454 1455
1843 1844
1451 1453
1519 1520
2639 2641
76 77
1839 1840
72 73
1833 1834
60 61
1813 1814
2908 2909
2910 2911
1705 1706
944 945
64 65
1821 1822
2394 2395
847 848
848 2386
550 555
503 504
1483 1484
829 833
1225 1228
2933 2935
475 476
496 497
1246 1247
2939 2940
1561 1577
1252 1254
632 633
868 869
571 573
638 639
891 892
2363 2364
2766 2767
2995 3004
2507 2509
2536 2586
2393 2394
552 556
908 2460
1008 1009
1253 2949
2388 2389
1136 1137
3169 3170
862 863
3055 3059
1463 1464
1122 1123
690 2204
972 974
1048 1056
866 2409
1223 1224
3011 3012
911 948
740 741
2260 2261
2266 2267
2420 2421
2581 2583
739 2259
3019 3020
1706 1707
1706 3167
865 870
737 740
864 2410
1826 1827
3000 3007
3009 3015
823 825
1040 2631
746 747
2961 2962
738 743
745 748
2262 2263
2268 2269
2599 2600
1717 1718
661 662
2202 2203
1126 1128
2731 2733
827 2370
1676 1683
1560 1561
2909 2913
2911 2914
1830 1832
2508 2512
57 58
2221 2223
1745 3229
17 19
285 296
1743 1744
1750 1751
1751 3238
1469 1471
1475 1476
832 834
2374 2376
864 867
872 873
873 2415
1256 2954
1012 1013
24 25
3235 3237
1272 2971
1278 1279
1139 1142
1146 2776
1762 1763
1766 1767
3234 3236
1828 1829
16 20
1743 3231
744 745
70 71
19 1757
1525 1526
2640 2644
616 618
1500 1501
761 762
3024 3030
1850 1852
1746 1747
23 26
21 22
1752 1753
3239 3240
2612 2619
2615 2620
2212 2218
2215 2219
1066 1067
879 881
295 297
2752 2755
2733 2737
1176 1177
2829 2830
2923 2924
2613 2617
311 312
313 314
1026 2610
2604 2605
1231 1234
2919 2923
1157 2790
878 2431
806 2353
1224 1227
2147 2148
2533 2535
1645 3098
1452 1466
686 687
1016 1020
2906 2908
1665 3116
1244 1245
2934 2936
1613 1614
1616 1618
1029 1031
677 679
1558 1559
3109 3111
1140 2773
1285 1286
759 760
2279 2281
468 469
1282 1283
1287 1288
1036 2622
700 702
511 512
3008 3010
1147 1149
2779 2780
1284 1290
2706 2708
1491 1492
716 733
2937 2938
805 812
1210 1211
2881 2882
886 2433
814 816
1660 3108
1304 1305
1308 1309
931 943
2486 2502
2708 2709
2728 2729
1493 1495
3016 3018
1490 1493
1114 1115
1103 1104
2715 2716
2044 2045
3013 3014
513 514
1737 1738
2877 2880
3025 3026
621 622
1059 2649
1068 2663
2191 2192
1185 1186
1634 1635
1105 2724
2717 2718
1230 1232
3114 3142
973 1001
556 558
1529 1530
2705 2707
2652 2653
358 361
883 2428
810 811
2890 2892
1095 1096
1300 1301
498 499
1036 1037
2537 2582
1001 1002
3150 3153
2504 2505
1134 1135
1395 1396
768 770
815 2354
1216 1217
327 343
2722 2723
1217 1218
2891 2893
2703 2704
2664 2665
1428 1429
1330 1336
1591 1592
2742 2743
1358 1359
1400 1402
2761 2762
1079 1080
2684 2685
1207 2897
1430 1431
1120 1121
2747 2748
1365 1366
1597 1599
1333 1334
656 657
521 525
624 625
3028 3029
685 686
2889 2890
2901 2902
2820 2821
1397 1406
2876 2878
1403 1404
1435 1436
1109 1111
2730 2732
2735 2736
1355 1362
1097 1098
2710 2711
2899 2900
1319 1320
1580 1619
1617 1684
2719 2720
2857 2862
2920 2921
1605 1607
2699 2702
1371 1372
1350 1351
1192 1193
2854 2858
2915 2918
2883 2884
2696 2700
2983 2984
2774 2775
2871 2872
1398 1399
1432 1433
1496 3019
2462 2463
1058 2648
3021 3023
3118 3119
1212 1213
2904 2905
2760 2761
1439 1440
504 505
1484 1485
3002 3003
1340 1348
1342 1343
1119 1120
2745 2748
508 522
2894 2895
1437 1438
701 703
2623 2624
1106 1107
2720 2721
1219 1220
558 560
642 643
2897 2898
1446 1448
1093 1094
1347 1356
2917 2920
1324 1325
1208 1209
2658 2659
2964 2965
3067 3068
887 888
889 890
2360 2362
2686 2687
2688 2689
2879 2896
2885 2888
1443 1444
1544 3088
2868 2870
561 2149
2680 2681
1297 1314
713 736
1293 1316
2250 2252
2693 2695
1543 1555
2682 2683
2205 2210
2852 2875
1132 1133
2759 2760
1090 1091
1194 1195
1407 1408
711 735
1291 1315
248 1983
1449 1450
1409 1410
1441 1442
3048 3049
1052 1053
1625 1628
2856 2859
2698 2701
1077 1078
1328 1329
507 520
650 651
1088 1090
2694 2697
1363 1364
1975 1977
1331 1332
1110 1112
2740 2741
1486 1497
506 518
1321 1328
1412 1413
2853 2855
1205 1206
1143 1144
1153 1154
1275 1276
1203 1205
3125 3126
2675 2676
1083 1084
1411 1427
2847 2848
1075 1076
2674 2677
1417 1418
1190 1191
2873 2874
812 813
1198 1199
2861 2866
1335 1337
1318 1321
1054 1055
2642 2643
678 680
427 2113
682 684
1274 2975
1280 1288
1141 1148
2131 2135
1416 1418
2738 2744
1081 1082
1846 1847
2672 2674
1188 1190
2848 2849
2850 2851
1414 1415
1196 1197
819 820
2359 2361
1421 1424
1420 1426
1073 1092
1456 1457
1369 1376
951 952
1367 1375
424 425
2306 2309
2338 2340
1424 1425
658 687
271 272
1976 1978
1322 1326
2678 2679
1587 1666
2113 2114
1317 1375
2130 2131
247 256
1326 1376
971 972
2031 2032
426 2112
2132 2133
430 431
2115 2116
237 239
241 243
1970 1972
432 2116
2636 2650
1506 1507
1608 1609
3138 3139
3030 3031
626 627
663 664
665 676
1259 1260
2955 2956
405 410
2341 2342
461 2134
1709 1727
484 487
3168 3201
781 782
242 244
454 455
449 453
882 2425
1622 1624
1187 1189
1556 1557
2209 2210
1390 1391
2206 2207
2860 2863
1388 1389
399 400
2079 2080
775 776
402 403
2081 2083
2309 2310
2339 2340
683 685
348 2043
2080 2082
1352 1357
1574 1575
2481 2483
2482 2484
158 167
488 489
1380 1381
1510 1511
1513 1514
1117 1118
1072 1074
2671 2673
1368 1370
2600 2601
1381 1382
1387 1388
1377 1379
1691 1693
1378 1380
434 436
2119 2120
350 353
774 2343
456 457
435 2117
1392 1393
1353 1354
826 828
1459 1461
2962 2963
1227 1229
2912 2916
2021 2022
1339 1345
433 434
2118 2119
2012 2013
821 822
2441 2442
2513 2518
959 960
2521 2524
2086 2088
2312 2314
691 698
2214 2219
2614 2620
1323 1327
1116 1117
653 655
704 705
1383 1384
1046 1071
3073 3074
1345 1346
437 438
1730 1731
1732 1734
1385 1386
1344 1349
1393 1394
1338 1341
2123 2126
446 447
1931 1932
2311 2312
2085 2086
444 445
2124 2125
657 678
519 520
2831 2833
2626 2627
696 697
2225 2226
2096 2097
2307 2308
2097 2098
489 496
893 897
991 1000
2566 2580
795 796
844 850
220 226
751 753
1150 1151
1273 1281
779 2308
2237 2238
2321 2323
305 2027
397 399
773 775
2076 2079
322 2025
396 398
2075 2077
772 774
2300 2302
165 174
2591 2594
2375 2376
2304 2305
2324 2325
2098 2099
167 1934
279 289
2008 2011
168 176
1627 3150
404 2084
1949 1950
753 754
2273 2274
750 752
2270 2272
131 134
2953 2958
2104 2105
2330 2331
1255 1257
2018 2019
2991 2993
2299 2304
778 780
2078 2094
395 2073
2297 2298
1929 1930
2073 2074
2638 2642
294 2017
2046 2047
236 238
194 195
1945 1946
230 1966
1920 1921
157 158
126 132
212 222
1541 1542
752 755
2272 2275
1926 1928
495 500
723 724
2239 2240
1603 1609
274 276
516 517
1902 1914
1903 1915
2996 2997
694 696
793 794
958 961
257 264
2110 2111
2336 2337
2992 2994
2029 2036
1315 1316
735 736
2254 2256
113 137
231 2002
482 483
288 2011
2365 2370
2301 2303
1898 1913
817 818
2356 2357
2434 2436
728 729
2244 2245
234 235
1968 1969
719 721
2236 2238
3122 3124
2282 2283
2070 2071
155 162
125 131
418 423
2322 2337
124 1907
269 272
1166 1170
1359 1401
267 270
347 352
227 228
1964 1965
655 660
196 212
1982 1984
995 996
373 380
2058 2062
1694 3158
2000 2001
2367 2371
2533 2539
1923 1924
720 722
1298 1299
2241 2242
246 1981
264 1994
249 1990
164 165
292 2014
1032 1033
211 221
697 704
1032 2618
695 697
1035 2621
1483 3001
2042 2043
156 158
296 2016
419 420
797 798
938 939
2492 2494
1482 1488
2998 2999
502 509
2251 2253
1943 1944
240 242
250 1986
190 192
349 361
1936 1938
1925 1927
309 310
2015 2017
273 274
182 184
2208 2211
82 83
151 152
68 69
807 2348
2346 2349
967 971
162 163
166 1933
983 988
2632 2633
188 189
193 195
228 229
229 1965
980 985
2505 2506
407 429
3132 3133
2345 2354
2347 2355
2423 2432
993 2573
232 2003
3004 3005
172 1940
340 342
462 470
253 255
415 430
1934 1935
1973 1974
265 267
1916 1918
1487 3006
1515 3041
629 652
688 689
2136 2138
2523 2525
902 903
1610 1612
2213 2216
3090 3091
148 191
884 885
145 149
510 515
2037 2038
2234 2235
463 481
2034 2035
2447 2453
960 962
478 483
2667 2668
1489 1494
3039 3040
1997 1998
681 682
1696 3210
233 235
1967 1969
345 360
918 920
2467 2468
2499 2500
3049 3050
2139 2144
2907 2908
367 2051
2545 2546
985 986
359 2040
2572 2574
715 718
725 726
1302 1303
37 56
36 55
1805 1806
92 111
1891 1892
808 809
2424 2426
2575 2576
1989 1990
175 177
260 261
2064 2066
477 480
251 252
1985 1986
2551 2557
2569 2573
1941 1942
1987 1988
467 479
2200 2201
370 375
186 187
2137 2140
2550 2560
672 673
970 1004
989 990
2564 2565
2869 2870
2501 2502
263 268
268 1999
1979 1980
981 982
2553 2554
2450 2473
913 914
670 671
1831 1832
963 964
2531 2532
1807 1809
2466 2467
252 259
921 922
2476 2477
1969 1971
2552 2562
922 926
2589 2592
2590 2593
896 2455
153 154
966 970
441 442
905 906
439 440
668 669
976 2543
160 169
169 1937
2522 2523
443 444
1937 1939
1922 1927
1939 1940
181 188
2926 2927
936 2491
1690 1692
159 161
3092 3093
1123 1124
171 1939
144 146
1917 1919
178 179
2446 2459
344 345
2039 2040
2558 2559
730 731
2538 2581
301 337
339 340
1241 1242
2929 2930
674 675
666 667
1993 1995
147 148
2561 2563
923 927
897 903
783 784
974 975
2540 2541
2503 2504
363 366
2247 2248
904 925
2452 2474
961 984
2526 2555
2514 2551
2548 2549
413 2091
788 789
916 2465
2472 2481
2443 2445
2515 2522
2055 2059
659 689
183 185
727 729
2243 2245
1129 1130
2754 2755
369 373
930 931
2485 2486
385 2070
387 391
1360 1361
1373 1374
376 382
1221 2903
2067 2072
935 2489
2478 2479
1108 2725
2006 2007
258 266
266 1996
245 1979
1003 1004
946 947
2584 2585
2470 2471
2477 2478
1995 1997
2004 2005
362 364
2519 2520
926 927
928 929
473 475
2511 2512
2587 2588
894 2470
177 183
2516 2521
2527 2528
364 365
365 2049
150 159
143 146
500 501
1405 1423
2065 2067
2052 2053
2054 2056
450 460
791 792
411 412
2092 2093
374 377
261 262
949 950
1006 1007
2756 2757
337 338
2141 2143
179 180
1991 1992
471 472
1086 2692
1087 1089
1201 2867
1202 1204
2049 2050
485 487
479 480
910 912
910 2462
969 973
2535 2537
170 178
1419 1447
1422 1445
254 261
173 179
