13419347762828318552 3800 1900
9.824556 -7.135335 0.934419
9.778745 -7.765710 0.990480
1.119605 -0.048527 -1.023011
-1.628551 -0.022192 0.070850
6.227478 -7.842962 -0.984060
6.266500 -7.132624 -0.939695
-9.938868 -7.869613 -0.907550
-9.917190 -6.322280 -0.960641
6.969368 -6.330546 -0.626489
6.544603 -6.331136 -0.897432
-2.489585 -4.832331 -1.061523
-2.374973 -6.372852 -0.883582
-5.625549 -5.104246 0.563498
-5.688732 -4.584834 0.972227
1.268058 -3.080431 -0.306665
1.291420 -3.130034 0.904659
-7.413986 -3.322634 0.936896
-7.631613 -3.031242 0.938551
9.501915 0.010196 -0.963693
8.766469 0.020594 -0.853093
7.369723 1.514753 -1.002448
6.285965 1.569233 -0.880645
4.871249 1.473162 0.784018
4.972878 1.273468 0.844876
-1.680646 0.080412 -0.951255
-3.524505 0.134498 -1.024034
-4.721233 1.011299 -1.093792
-4.937050 0.702905 -0.462948
-8.786288 -0.080787 -0.805104
-9.529629 -0.087330 -0.988795
4.319697 2.816273 0.562817
4.304757 3.364897 0.926432
-0.038942 4.902734 -0.855041
-0.194150 4.780763 -0.949326
-8.531385 4.867188 0.039683
-8.673248 4.827339 0.951344
3.221652 7.709946 -1.039647
1.321044 7.810752 -0.978192
9.750644 -7.723465 0.961069
9.914302 -7.532432 0.778011
3.823366 -7.272966 -1.002308
3.666576 -7.309738 -0.803068
-3.982932 -7.287843 -1.050095
-6.115832 -7.439265 -1.099493
8.969646 -4.778364 0.850370
8.366672 -4.785668 0.906173
7.669739 -5.034547 -0.978876
7.722762 -4.826206 -0.927168
7.669416 -7.130627 0.479070
7.466471 -7.105529 0.888122
7.023608 -6.303549 -0.948951
6.972318 -6.348513 -0.904202
4.969780 -7.025363 0.035507
4.915782 -7.182783 -0.003951
2.621332 -4.426938 0.964330
2.365350 -4.376551 0.914707
0.098702 -7.170052 -0.880369
-1.782501 -5.829240 0.970793
-0.030407 -7.128685 -0.585109
-0.240532 -3.123107 -0.966410
-2.928337 -4.429101 -0.967062
-1.783829 -4.936571 0.927500
-1.726440 -4.827999 0.900191
-2.834987 -4.530679 -0.927613
-1.830886 -6.877342 0.972773
-5.182727 -7.194019 -0.806071
-5.232821 -7.184392 -1.004339
-7.183293 -6.429581 0.938393
-7.583042 -6.483726 0.970492
-7.515410 -4.319954 -1.012107
-7.165942 -4.473720 -0.913402
-9.911258 -6.319353 -0.935329
-9.915831 -6.171490 -1.005950
8.223112 -1.734644 -0.985779
8.219963 -1.680827 -0.881492
5.453009 -2.729124 0.883616
5.170900 -1.530638 -0.982738
4.919337 -1.530652 -0.573292
3.372995 -1.132614 1.136251
3.620350 -0.890916 1.087128
4.313993 -2.576393 0.909079
4.264348 -2.783853 0.956536
4.319359 -2.730616 0.516512
0.273199 -0.878119 -0.962084
-0.028872 -0.884668 0.897071
-0.061389 -3.129881 -0.804814
0.071157 -0.879689 -0.747635
-2.876851 -3.391835 0.821942
-2.886111 -1.692570 0.845973
-2.083613 -0.777677 1.003695
-2.882139 -1.523136 -0.973223
-2.879690 -1.579670 -0.839560
-7.124786 -3.436276 0.819345
-7.286516 -3.485986 0.915220
-7.177424 -1.735774 -1.008788
-7.234245 -1.478299 -0.849792
-8.177461 -0.877537 -0.826191
-8.174644 -0.873736 -0.901833
-8.193987 -0.996140 1.024259
-8.174679 -1.676790 1.004740
8.160190 1.671334 0.916549
7.565686 0.860312 -0.962775
6.171688 0.769373 0.742706
6.195553 0.769373 0.042706
8.175092 2.119374 0.970528
6.424737 -0.053962 -0.887361
6.263190 -0.038210 -0.797460
6.322052 0.773007 -0.949261
5.000725 0.818344 0.294593
3.769390 0.019458 0.834350
3.555497 0.174558 0.980544
4.976289 0.873717 0.816629
1.872197 0.763505 0.990290
1.520486 1.668513 0.898981
1.561593 1.622061 -1.004332
-0.080704 1.269570 0.630386
-0.082070 0.871684 0.681995
0.073296 1.465928 -1.022323
-0.025345 1.272173 -0.957042
-0.080097 1.018454 -0.799640
-2.227171 0.870059 0.983277
-1.932690 0.825885 0.856260
-3.830585 0.769373 0.873956
-3.760048 0.769373 -0.007294
-4.287938 1.638392 -0.805947
-4.280594 1.569368 0.480520
-6.278360 -0.528026 0.964510
-6.301298 -0.826390 0.790427
-4.979128 1.462241 0.342825
-4.937021 1.470875 0.691992
-8.283636 0.769038 -0.928437
-7.584695 3.317249 0.973939
-9.818748 0.879201 -0.995242
8.671420 3.168453 0.843681
7.572033 4.463820 0.851690
7.624553 4.465060 0.932787
8.363253 3.164714 0.908541
6.918735 6.519380 -1.046246
2.424764 3.572906 -1.020088
1.774679 4.823214 -0.057491
2.317882 3.470478 -0.917049
-0.032527 5.023192 0.826815
-0.038942 4.902734 -0.855041
1.772056 4.766078 0.964980
-1.583820 3.064841 -0.969550
-1.460485 3.114918 -0.804567
-2.378485 5.071229 0.920528
-5.632844 2.749317 -0.906639
-5.603700 2.719672 -0.007171
-7.680339 4.218645 -0.959338
-7.627518 4.718366 -0.935244
-8.183804 3.019885 -0.802903
-8.078417 3.071148 -0.790810
-7.585236 3.469062 0.843008
9.417087 7.895584 0.972436
7.969985 7.832610 0.837649
6.520784 6.428083 0.817089
5.711198 6.369757 0.839135
7.011911 6.433792 -0.990728
3.516057 7.056606 0.892309
2.871233 7.056863 0.979053
3.721311 7.764139 -0.231172
3.549349 7.890347 -0.657271
0.752024 7.107517 0.989074
0.712712 7.167306 0.982424
-0.028687 7.518015 -0.936818
-0.036794 7.744578 -0.835858
-1.780569 7.069398 -0.531599
-1.748344 7.070534 -0.903398
-2.363953 6.314192 0.867032
-5.611210 6.422056 -0.751031
-5.630339 6.369407 -0.031326
-4.358598 6.370461 0.840169
-4.330586 6.369374 0.234319
7.667016 4.625780 0.946862
-0.132921 6.301996 -0.704174
1.766265 2.903850 -1.051163
1.799189 2.997367 -0.142559
1.546581 3.883942 1.078140
1.371065 4.619605 0.965999
9.989021 7.091758 0.902584
9.816245 7.107400 -0.884018
8.587725 3.307383 0.887023
8.060918 4.929797 0.883411
9.815781 4.818789 0.474203
7.801939 7.322064 -0.963838
7.557535 7.044950 0.896925
5.719657 4.877951 0.889656
5.623059 6.060142 0.888766
4.373508 6.378457 0.166183
4.354038 6.273127 1.028526
1.677962 7.044143 1.110682
1.788844 6.961214 -0.816879
1.843555 4.979012 1.081908
1.815667 4.783429 0.076076
0.079094 4.948389 -1.016949
0.047107 3.107489 0.897395
-0.000944 3.119560 -0.997873
4.384480 2.701061 0.949618
5.597039 2.602354 0.920674
9.909446 0.800426 -0.866082
9.883902 1.650068 -1.012287
5.065370 1.561681 -0.873066
6.299216 1.384101 -1.072225
7.583987 3.492137 0.890039
7.520468 3.437293 -0.003763
2.472774 3.574552 -0.864289
2.339567 3.373927 0.995903
4.731869 0.746469 0.752027
3.488285 0.702333 0.998542
6.187650 0.579315 -0.987823
6.274794 -0.070529 0.836223
3.488285 0.702333 0.998542
3.493043 0.009759 0.892747
0.016738 7.057557 0.807159
0.235810 7.255973 1.051727
7.592385 -2.900168 0.018498
4.295257 -3.564292 0.934505
0.540966 -6.353100 -1.050179
0.010850 -6.273158 -0.823771
2.254140 -3.116564 0.977219
2.481980 -3.468452 -1.064876
6.115180 -0.073434 0.280930
6.229158 -0.066238 -0.202890
9.832559 -3.081046 0.873798
8.050467 -3.002651 0.888242
7.602517 -2.908580 0.900542
7.613307 -1.785864 0.813081
7.605162 -1.530650 -0.304985
7.512997 -0.882982 -1.066818
7.605162 -1.530650 -0.304985
4.955588 -0.765371 -0.757397
5.042938 -0.844391 0.010769
2.481980 -3.468452 -1.064876
2.945126 -3.480544 -0.961700
0.240042 -2.996851 -1.262219
0.038037 -3.135510 0.753110
4.301673 -4.416944 0.890208
4.295257 -3.564292 0.934505
4.169801 -3.546085 -0.929020
5.482774 -2.685847 0.299825
5.636090 -3.011166 0.913766
8.072115 -6.120936 -0.955164
8.109394 -6.226098 -0.297457
7.502022 -6.351414 0.884433
7.727915 -6.870201 0.876805
2.875876 -4.476221 -0.971388
2.702587 -4.725553 1.002876
2.305196 -6.821168 0.947152
2.315640 -4.944490 0.906257
3.924846 -6.484237 0.926874
4.877188 -6.424471 0.751250
9.763221 -7.124798 0.954468
9.779865 -8.008970 0.898308
-0.055248 -0.731965 -0.793060
0.014795 -0.866173 0.811019
-0.116758 -4.759814 0.810241
-5.751973 -0.840361 -0.903802
-4.798750 -6.550045 0.911128
-4.381181 -6.380151 0.884243
-9.623489 -0.035911 -0.999741
-10.008652 -0.731756 -0.793480
-6.118074 -0.085066 -1.046214
-5.642648 -0.834834 -0.894329
-0.150855 -4.382928 1.005420
-0.150855 -4.382928 1.005420
-0.174329 -3.161808 1.025399
-0.053166 -1.683647 -1.073240
-1.197820 -0.843437 -1.004520
-2.392589 -1.613636 -0.953218
-2.337254 -3.346761 -0.979072
-2.433727 -0.883879 -1.069772
-2.479942 -0.779405 0.896082
-7.708856 -0.944566 0.934257
-7.249932 -0.880043 0.893428
-4.948030 -1.530786 -0.727831
-5.827041 -3.509569 0.892201
-5.641632 -3.499231 0.360603
-8.243157 -1.697070 -0.942495
-8.233987 -2.937526 -1.038108
-3.676889 -3.407568 -0.962241
-2.910109 -3.527321 -1.001219
-4.354466 -5.327642 0.920805
-4.438272 -5.245550 0.178869
0.033330 -5.021101 -1.105885
-1.875881 -4.878886 -1.096543
-3.817126 -7.115659 0.818435
-4.905359 -7.145234 0.806350
-5.680373 -4.648808 -0.050664
-5.664123 -4.475851 -1.014080
-8.149829 -7.076954 0.973930
-7.895503 -7.224212 -0.944017
-7.344798 -6.355681 -0.966762
-6.676151 -7.048218 -1.075821
-5.548015 -8.092360 -0.973974
-3.842827 -7.241201 -0.950979
-7.262447 -0.043229 0.838889
-6.309470 -0.020605 0.886087
-1.493218 4.827700 0.879299
-1.410831 3.308095 0.935426
-9.145595 6.310362 -0.900640
-7.092159 3.344414 -1.061129
-7.734573 3.087775 0.919719
-7.642806 3.223565 -0.103106
-3.630476 7.099718 0.965576
-0.935185 7.143676 0.911812
-1.870824 4.903565 -1.006028
-1.854405 7.030006 1.034706
-1.861019 7.158651 -0.892485
-2.836658 6.379082 0.501197
-4.226395 6.342425 0.813790
-5.674398 5.261569 0.871948
-5.644576 5.276140 -1.076183
-8.296786 6.181944 0.978390
-8.248762 6.375135 -0.147338
-8.285320 6.257367 0.725705
-9.145595 6.310362 -0.900640
-8.240099 6.235085 -0.935170
-9.975104 1.646638 -0.956358
-9.952035 3.119588 -0.997889
-4.317977 5.270941 -0.980384
-4.374659 5.120346 -0.396946
-0.800216 1.620351 1.062665
-1.840854 1.699786 -0.291943
-2.430311 0.854399 0.931359
-2.438549 1.572493 0.891358
-5.652712 1.588606 -0.961756
-5.761987 1.615163 -1.050861
-5.664682 3.453525 -1.014588
-7.770493 0.781864 -0.892015
-7.479797 1.519972 -0.856682
-7.078766 1.590729 0.912746
-6.818506 1.460581 0.811878
-3.875609 0.671421 -0.179496
-3.750970 0.568483 -1.167344
-9.369662 -0.055206 -0.860055
-10.043189 -0.150740 -0.382744
-2.419907 4.787742 -0.643263
1.475521 3.235979 -0.977591
2.214476 3.137524 -0.890746
8.541247 3.308354 0.934215
7.600636 6.124322 0.817585
7.454741 6.354827 0.928986
4.867685 7.080350 0.673298
5.075881 7.112037 -0.011093
2.425026 4.434689 -0.860296
1.270112 3.329809 -1.058952
7.435854 4.374036 1.033353
8.213756 0.823529 -0.214218
9.375006 0.833186 -0.979295
4.938383 1.411394 0.659148
5.147207 1.378407 0.919535
4.732742 0.751496 0.753963
4.868228 1.502548 0.739113
6.052475 -0.000698 0.799333
0.880602 7.799645 0.931933
1.100431 7.674193 0.928594
6.133181 7.859341 0.271858
6.204942 7.855049 -0.238954
8.975178 7.137481 -0.891078
7.063572 7.124206 -0.848966
9.743506 4.817580 -1.004321
9.792280 4.881482 -0.688951
8.612177 4.757864 1.054584
7.557411 4.779443 -0.659964
8.079731 4.905906 -0.967527
9.894446 6.107528 -0.772141
9.711977 6.094943 -1.136654
7.591472 7.019462 0.914221
8.097856 7.029023 1.030469
7.035551 4.470926 0.724744
6.602669 4.562501 0.836031
7.485099 7.140302 -0.916257
7.445635 6.994028 -1.030711
5.603755 6.253824 0.365437
5.573657 6.385240 -0.543314
2.313861 7.027220 0.014179
2.719526 7.081805 0.882319
-0.060425 6.952410 0.863214
0.048213 6.163812 0.930798
2.704288 4.581646 -0.986647
2.926577 4.428463 -0.932238
2.361500 4.602529 0.914797
2.172289 5.789860 -0.947505
2.287117 6.967561 -0.851462
1.244481 4.691255 -1.074243
1.266633 4.785185 -0.970550
1.268928 3.926402 -1.058641
0.039654 3.087725 -0.942089
-0.072276 2.983893 -0.924006
7.577145 3.548141 0.958835
6.342246 4.466886 -0.943192
5.765382 4.366002 -1.089260
5.501052 3.346354 0.907877
5.595735 4.348056 0.992636
9.707999 0.940430 0.885686
9.692754 0.785123 0.836844
9.770482 2.944196 -1.099011
9.778702 3.054865 -1.013015
7.619472 2.984787 0.913249
8.139917 3.036935 0.932914
5.755094 1.732604 0.950860
5.738683 3.394165 1.011870
7.014479 3.207695 -0.980283
7.170644 3.207338 -1.078186
2.412174 2.254537 -0.985671
2.409605 1.474551 -0.937417
2.312968 2.990466 0.908354
2.368245 0.814274 0.467736
2.165784 0.765052 -0.864672
2.308257 1.526898 -0.597655
6.332514 0.403273 -1.071576
7.161333 0.763381 -1.022298
6.139148 -0.106076 -0.908624
3.796507 -0.075233 0.263290
3.687923 0.115006 0.761241
3.496344 0.007905 0.892313
3.687923 0.115006 0.761241
1.140036 7.188237 -1.017745
0.071025 7.343520 -1.045961
9.733561 0.059281 -0.841223
8.177547 -0.925339 -1.030028
7.138638 -3.391507 0.781892
2.882704 -1.743558 -1.072537
2.775610 -1.735860 -0.961761
0.098323 -3.096966 0.725717
0.207067 -2.977003 0.884652
4.232680 -4.427691 -0.953586
9.789081 -7.058531 -0.652270
9.890207 -7.106859 -0.305031
8.250029 -7.116392 -0.988941
8.214051 -7.105459 -0.214444
-0.016917 -7.050419 -0.890849
0.102737 -7.164988 -0.882683
3.524510 -7.918508 0.884727
3.970665 -7.843622 0.940538
2.214485 -4.791821 -0.890742
2.238128 -4.686696 -0.985761
3.698467 -0.724007 0.882560
3.856624 -0.820255 -0.028303
9.616365 0.043810 0.947625
6.127868 -0.072692 0.270644
6.223720 -0.067009 -0.200733
8.416673 -4.593773 0.941590
8.393605 -3.231583 0.959551
8.210177 -3.098873 -0.698385
8.200647 -3.054215 0.868988
9.832345 -0.789395 0.193577
9.978144 -0.984208 -0.295038
8.224059 -0.750043 0.805887
7.561025 -1.616167 -0.956986
7.535680 -1.510736 -0.343830
5.575142 -1.544771 -0.543978
5.538494 -1.594206 -0.878691
7.071291 -3.417721 0.140053
5.103568 -2.694432 0.949823
4.402106 -2.730314 0.818602
3.625514 -0.929198 1.054329
4.846004 -0.839372 1.008348
0.048108 -1.765720 0.930723
0.029382 -1.659878 0.415715
2.882704 -1.743558 -1.072537
2.891559 -2.694910 -1.019503
2.761489 -1.668928 -0.938308
2.776703 -2.984048 -0.883334
0.071372 -4.834795 0.902228
1.141311 -4.842620 0.814895
1.550936 -6.304903 -1.060833
-0.025030 -6.283231 -0.933195
2.399953 -4.454264 -0.932930
2.342034 -4.328463 0.843851
4.175942 -3.600507 -1.017360
4.309624 -6.358566 0.857123
5.629743 -6.378673 0.787969
5.512006 -5.245048 0.169526
5.517965 -5.275116 0.908012
9.869946 -6.346435 0.828446
9.780292 -6.242031 0.766363
7.636302 -6.061975 -0.912878
7.636384 -6.504306 -1.028975
7.530253 -7.078581 -0.185723
7.528167 -7.093998 -0.906719
7.601056 -6.277648 0.934463
7.574894 -4.435358 0.890247
2.869781 -6.446468 0.224677
2.778054 -6.346276 -0.887556
2.334985 -6.527666 0.902831
2.832771 -6.373136 0.924107
2.196077 -7.144730 -0.905828
3.295776 -7.031814 -1.083966
1.770671 -6.400650 0.817768
1.765484 -6.397717 -0.876089
6.651810 -7.175561 0.899990
6.350050 -7.029946 -0.853016
0.073698 -7.231516 -0.957119
-0.094210 -7.920733 -0.862978
3.420325 -0.844454 -0.959814
3.743200 -0.719938 0.031890
-7.713190 -4.686687 -0.985753
-7.765730 -3.210039 -0.972847
-1.534637 -4.593764 0.941594
-2.395303 -4.657362 0.919442
-2.415658 -1.510731 -0.343781
-2.390390 -1.616162 -0.957016
-2.415658 -1.510731 -0.343781
-2.848894 -1.576743 -0.851445
-7.139295 -3.342858 0.914284
-7.216414 -2.780294 0.813127
-9.911655 -4.841619 -0.942089
-9.980522 -4.721026 -0.020905
-4.206654 -3.537657 0.786300
-4.388060 -4.349892 0.646344
-0.010548 -6.123477 0.829951
-2.508880 -4.500259 -0.014809
-2.376388 -4.435334 0.890230
-8.180650 -6.400638 0.817775
-8.265727 -6.424931 1.015067
-6.422740 -7.139274 -0.599047
-6.733675 -7.137412 -0.927029
-7.608270 -3.301078 0.846473
-7.669459 -3.252622 0.000895
-2.167598 -0.221737 0.995618
-3.181613 -0.150600 1.074211
-3.552541 -0.011361 0.289513
-3.833482 -0.059519 0.258086
-1.554858 -3.186529 -1.050256
-1.453635 -4.609085 -0.929140
-1.051563 -2.882651 0.876018
-1.750677 -3.054194 0.868981
-1.863302 -0.799796 -0.815703
-1.940459 -1.013379 -1.050085
-2.802528 -1.627537 0.935627
-2.495982 -1.574658 0.929133
-4.873115 -1.540007 0.832524
-4.784458 -1.418290 0.993496
-4.570815 -1.523173 0.902611
-5.565586 -1.580615 0.888521
-5.783209 -0.812635 -0.760259
-6.751730 -0.869875 -0.865376
-8.315415 -1.728167 0.943729
-8.298071 -0.984554 1.171076
-7.059749 -2.694912 -1.019497
-7.024638 -3.500755 -0.932096
-7.595873 -3.115345 -1.005544
-7.720219 -3.203477 -0.755324
-8.809990 -4.842629 0.814903
-8.645897 -4.661741 0.938626
-8.400435 -6.304840 -1.060892
-9.570884 -6.155980 -1.021578
-5.718581 -4.427692 -0.953594
-5.770394 -4.470541 -0.591883
-5.641671 -6.358564 0.857104
-5.359616 -6.380289 -1.112925
-5.497547 -5.254165 0.539625
-5.435669 -5.145073 0.938275
-1.758887 -7.099125 0.888744
-1.848895 -6.334002 0.921042
0.036880 -4.970408 0.837584
-1.928643 -7.106235 -0.748979
-2.268601 -6.990940 -0.831318
-2.421033 -7.078331 -0.185413
-2.413084 -7.089798 -0.914276
-2.919619 -6.302451 -0.934804
-2.901335 -5.830918 -0.992781
-5.682819 -4.649080 -0.051026
-5.787202 -4.471639 0.337421
-8.153206 -7.069465 0.968842
-8.057051 -6.411979 1.046122
-6.233091 -6.439958 0.804030
-6.809536 -6.454744 0.829146
-8.163380 -7.035296 0.601184
-8.280663 -7.147443 0.896899
-0.316367 -7.849738 -1.012362
-0.580661 -7.100629 -0.963535
-6.455010 -7.921468 0.892323
-6.404399 -8.014384 -0.828851
-8.823674 -0.743131 -1.019010
-6.529780 -0.844741 -0.959971
-2.411457 -6.296960 -0.436358
-2.350194 -6.277606 0.934472
-3.763677 7.233603 1.004625
-3.499534 7.938917 0.865063
-0.165456 6.964862 -1.076197
0.058727 6.989655 -0.906550
-5.033688 7.031991 -0.840574
-4.973431 7.085019 -0.424735
-7.139297 4.586488 0.914274
-9.652141 3.209264 -1.047194
-2.515582 4.374050 1.033353
-1.737286 0.823715 -0.214476
-0.582139 0.839775 -0.976741
-5.013021 1.411407 0.659210
-4.803702 1.378122 0.919368
-7.253844 3.177519 1.010679
-7.620347 3.390936 0.923610
-6.225977 -0.107317 -0.980551
-5.549274 -0.143314 -0.936227
-7.720224 4.725872 -0.755329
-8.591623 4.714581 -0.928288
-3.822410 7.857420 0.269932
-3.729771 7.853599 -0.197966
-0.935074 7.141841 0.913703
-0.104456 7.117656 0.942953
-0.159176 4.882529 -0.689679
-0.161050 4.875102 0.911854
-0.059674 4.924880 -0.955803
-0.039034 4.940854 0.133471
0.058727 6.989655 -0.906550
-0.165456 6.964862 -1.076197
-2.840705 4.586146 0.894148
-2.733629 4.490761 0.837157
-3.787987 4.606135 -1.132204
-4.349625 4.579628 -1.035836
-3.821088 6.472588 -0.957755
-2.851822 6.352896 -0.858260
-5.660564 6.226830 -0.488750
-5.534781 6.358236 0.152919
-7.499044 6.477997 -0.827483
-7.637903 6.823606 -0.952416
-9.173815 7.082620 -0.864097
-8.808656 6.354970 -0.895248
-7.303649 4.690166 0.970850
-7.235992 5.782893 0.995741
-7.197165 6.335812 0.893097
-9.903028 6.163684 0.930651
-9.922599 6.269684 0.414322
-9.623728 2.972981 -1.033402
-9.880066 3.094646 0.902068
-9.980520 3.208318 -0.020906
-5.887340 4.449748 -0.967091
-5.758369 4.452869 0.908676
-2.374153 3.548152 0.958835
-4.214302 3.444617 0.837640
-4.386865 3.581646 0.646711
-4.373738 5.198181 -0.956865
-4.900591 5.278179 -0.887123
-0.582139 0.839775 -0.976741
-1.701255 0.813116 -0.989267
-1.804360 3.021490 0.897257
-1.824780 3.057841 -0.132836
-3.654368 1.385189 -1.055623
-4.878901 1.559559 -0.890549
-2.835590 2.710407 -0.878746
-2.912803 2.738294 -0.957443
-5.758404 1.618651 -1.051830
-6.283175 1.479672 -0.965319
-7.663131 3.312749 -0.920415
-7.637464 3.230521 -0.098727
-5.211171 0.750818 0.763829
-6.445112 0.823110 0.818765
-8.265655 1.504410 1.015067
-8.562057 0.863712 1.046264
0.005080 0.649161 0.661197
0.003228 0.101425 -0.050169
-3.813865 -0.107466 -0.907702
-3.873662 0.001514 -1.053219
-6.249879 7.191064 0.878667
-6.870371 7.128947 1.030488
-2.782693 1.453539 -0.318807
-2.411480 1.632300 -0.436387
3.786465 7.790792 -0.880988
3.772353 7.285094 -0.782303
9.708734 7.933218 -0.812249
9.754169 7.752999 1.015010
7.696896 4.862186 0.831394
7.694574 4.616378 0.941033
9.804493 6.143831 0.904956
9.894393 6.132292 0.808357
8.033055 4.907698 0.880524
5.611973 4.588501 -1.015013
5.699006 4.573538 -1.110111
7.449896 6.988712 -1.023243
7.472777 6.708173 -1.021055
7.441130 7.121854 0.875096
7.418856 7.029397 0.977504
4.651444 6.974883 1.148010
1.617414 6.209747 0.932304
1.607011 6.349818 1.172060
2.757478 6.256212 -0.935821
2.672904 6.232094 -1.025543
0.073736 6.319824 -0.907732
0.076912 6.214174 -1.013931
1.351637 4.769505 -0.311178
1.293814 4.835500 0.797223
1.789285 2.992132 -0.139458
1.807385 2.961071 0.773425
6.518442 4.469808 0.890952
5.953037 4.340700 0.930968
4.544851 1.520904 -1.031143
4.416006 1.516175 -0.983343
5.626814 2.781551 0.691945
5.628456 2.773504 0.826934
9.748796 1.439848 -1.065510
9.767187 1.691435 -1.032772
8.153240 1.820225 0.869311
8.032491 3.009768 1.008317
8.130754 3.020243 0.926573
5.754993 1.737361 -1.046944
7.215433 1.677329 1.032202
7.213422 3.327551 0.956426
4.192932 1.493755 -0.956150
1.893348 0.898378 1.041109
2.245300 0.953412 1.034672
2.466304 1.463967 0.828441
2.771969 1.468110 0.934413
1.667699 1.642240 -0.598074
8.961886 0.826625 -0.989654
9.207041 0.883387 -0.897867
3.722681 0.527547 -0.452718
3.746381 0.637150 -0.367629
3.425888 0.784908 -0.834978
3.220572 0.771744 -0.924553
3.499603 7.895875 -0.814396
3.571957 7.881699 -0.553405
2.285465 3.123864 0.755556
2.313174 3.230451 -0.099436
6.118243 7.878363 0.248520
6.087109 7.875967 1.016603
9.754169 7.752999 1.015010
9.564617 7.927864 0.920025
9.869997 7.898881 -0.569663
6.239294 7.208399 -0.342311
6.234131 7.789223 -0.213568
9.564617 7.927864 0.920025
9.865004 4.796673 0.453767
9.837614 4.856210 0.187170
7.581176 4.778265 -0.332666
7.578852 4.753439 -0.019025
9.887943 4.922105 -0.259267
9.889932 4.950684 0.123127
9.825790 6.432967 0.960956
8.292133 6.441137 0.900749
7.734444 4.909192 0.836594
8.113944 6.940694 -0.923770
8.022072 6.905003 -1.030995
7.092037 6.289259 0.805293
7.100362 5.329238 0.826988
6.909343 6.358038 -1.076250
7.021343 6.287449 -0.980963
7.482516 6.555549 1.006464
7.361041 6.401317 0.875508
5.629969 5.873577 0.862493
5.539274 5.357996 0.976492
4.301899 6.250391 0.881345
4.415825 6.358763 0.152601
3.621747 7.016142 1.068291
4.984240 6.510642 -0.278694
5.012786 6.554986 -0.566485
-0.024810 6.698627 0.996629
-0.038134 6.314663 0.842096
0.073885 6.204337 0.895696
0.045531 6.234734 0.483805
2.772897 5.593822 -0.948979
2.893312 5.234368 -1.018061
2.366158 4.797583 -0.983055
2.406558 4.484182 -0.869894
2.182526 7.018736 -0.928887
2.171176 5.790104 -0.946803
1.761997 5.746576 -0.902603
1.766997 5.026637 -0.854429
1.244550 4.691233 -1.074204
1.259605 4.788388 -0.974375
0.380035 1.772677 -1.021615
0.018194 1.655104 -0.902638
2.961374 4.450700 -0.906169
2.855350 4.473925 -0.959803
5.786483 4.471066 -0.975203
5.909434 4.375666 -1.068755
5.526962 2.583268 -1.101471
5.526912 2.688626 -0.997045
5.293024 2.669493 0.873576
5.208055 2.685130 0.796378
4.372266 2.742154 -0.319541
4.456388 2.678343 0.538356
9.077581 0.869955 -1.019656
9.458549 0.850015 -1.013541
9.835062 3.006530 0.900370
9.953726 2.934780 0.799162
8.251459 1.721827 0.925629
8.037512 1.060779 1.010499
8.149041 0.900831 0.857273
6.291471 1.370242 -1.037583
7.041732 1.442737 -1.006177
5.738708 3.393948 1.011597
5.653887 2.547285 0.872709
5.739924 3.429676 -0.988603
7.207515 1.563802 0.945979
7.532105 1.767815 1.009186
3.662568 1.494007 -0.963532
3.840429 1.618995 -1.057020
4.287293 1.610319 -0.952727
2.306608 2.189788 -0.879729
2.395395 3.230660 -0.995697
2.194416 0.888378 -0.914883
2.211025 1.943202 -0.991470
4.709023 0.781017 0.748221
3.908089 0.931873 0.916425
4.945236 0.932267 0.714984
4.947311 1.347185 0.732616
1.679151 0.874592 -0.996389
1.653722 1.462288 -1.008797
1.729066 1.629933 -0.704427
9.945543 0.115371 -0.057829
9.796272 0.002165 0.283863
6.114146 -0.103704 -0.904507
6.166491 -0.039902 -0.363325
3.114643 0.100562 -1.001716
1.882415 0.008479 -0.934831
3.415763 -0.023760 -0.892174
3.114643 0.100562 -1.001716
3.538670 7.094955 0.211642
3.479377 7.074867 0.885008
2.283749 -3.258003 -0.589448
2.179250 -3.126350 -0.753528
4.230172 -0.711687 1.038902
3.805486 -0.564862 1.022804
7.343288 -0.676373 -0.952755
7.547065 -0.708857 -0.952672
8.551751 -4.592316 0.894611
8.682126 -4.736213 0.873012
8.110124 -2.999614 -0.929908
9.786227 -0.964248 -1.076309
9.754070 -0.846846 -0.929395
7.483992 -1.617644 0.923362
7.109244 -3.292913 0.133522
7.082980 -3.279232 -1.070039
4.925746 -0.899442 -0.842170
5.545606 -1.594336 -0.876716
5.598390 -1.671511 -0.940389
5.037089 -0.804806 -0.703879
4.265817 -3.457195 -0.714046
4.256624 -3.308979 -0.900583
2.276959 -0.944556 0.268207
1.126915 -1.594067 -0.903515
0.880380 -1.608827 -0.892156
0.038215 -3.353548 0.742532
0.035268 -3.187767 0.697157
2.408602 -3.586913 -1.008728
2.404913 -3.472798 -0.893491
5.759436 -4.475413 0.811329
5.563425 -2.766427 -0.917828
5.473712 -3.856036 -1.029805
9.896378 -7.112554 -0.305397
9.663790 -7.130089 0.828710
9.767200 -6.237859 -1.032807
8.424054 -6.257942 -0.981624
7.649460 -6.976376 0.891486
5.032758 -6.532156 -0.776300
4.965524 -6.569279 0.635726
5.755663 -6.371151 0.861348
5.804443 -6.299428 -0.968553
7.426527 -4.584649 -0.827200
2.883415 -6.338604 0.935181
2.203998 -4.861986 0.150029
2.300459 -5.015689 -0.912291
2.326775 -7.048087 0.589866
2.330909 -7.043528 0.453428
1.653719 -6.467048 -1.008795
1.729066 -6.299410 -0.704425
6.369960 -7.113905 -0.221085
3.844867 -7.975893 0.789654
3.969706 -7.845013 0.940662
2.864014 -7.147480 0.891882
2.565302 -7.150872 0.908491
0.246751 -0.726061 0.996414
1.592931 -3.166023 0.936495
1.487249 -3.156502 0.252638
6.111531 -0.835732 0.938669
6.240082 -0.721618 -0.342529
7.404469 -0.212201 -0.987220
6.412096 -0.146153 -0.938806
6.361728 -0.688918 -0.929647
6.178095 -0.654703 -0.886900
9.892832 -4.642467 0.830259
9.860425 -3.684676 0.911300
8.384037 -3.083692 -0.949738
8.384411 -3.075922 -0.616491
8.133036 -2.619499 -1.046276
9.889932 -2.978658 0.123129
9.837615 -3.073133 0.187171
9.015201 -1.626343 0.834201
8.287281 -1.614840 0.803095
8.113944 -0.988650 -0.923768
8.117170 -0.939888 -0.648800
7.500745 -3.282754 0.929188
7.092037 -1.640085 0.805294
7.181285 -1.513616 0.632524
6.911658 -1.430078 -0.961246
6.909343 -1.571305 -1.076249
6.183433 -0.809939 -0.902084
7.281325 -0.931561 -1.026905
4.931161 -0.958616 -0.685613
5.623555 -1.686095 0.856454
5.526928 -1.774844 0.991291
4.333724 -2.701365 -0.550976
4.395829 -2.721690 0.107519
2.305081 -1.035350 -0.650797
2.315721 -0.907523 0.011890
5.026646 -0.900956 -0.742459
0.134617 -0.845033 0.924485
1.176906 -0.847970 1.067768
1.642726 -0.990176 1.158731
0.174392 -0.943670 1.048123
2.772898 -2.335521 -0.948975
2.777497 -2.989199 -0.884966
2.366158 -3.131760 -0.983050
2.288139 -2.529399 -0.857860
1.866902 -0.842218 -0.852126
2.182529 -0.910603 -0.928886
2.276285 -0.936677 -0.205315
1.663115 -1.683471 -0.965123
1.761972 -2.182689 -0.902587
0.174493 -3.233308 -1.105319
1.244550 -3.238109 -1.074202
1.693405 -5.038465 0.899256
1.702825 -4.840048 0.794079
4.284900 -3.612009 0.887957
4.180358 -3.595573 0.984638
7.443084 -3.447554 0.928111
7.033773 -3.473958 0.970375
5.580799 -4.352623 0.635312
7.482142 -4.385179 1.024767
7.355832 -4.485431 0.911866
4.424735 -5.348237 -1.103420
4.408128 -6.245664 -1.087258
5.479232 -2.696586 0.302386
5.590135 -2.844375 0.586047
9.365200 -7.113050 -0.942019
8.396065 -7.118055 -0.939070
8.178088 -4.966696 0.869072
8.191229 -5.369455 0.920979
9.819093 -4.828186 0.140880
9.837737 -4.802180 0.794617
7.706492 -6.957093 -0.814139
7.514794 -7.078393 -0.876908
7.654864 -7.042529 -0.684714
5.754551 -6.196811 0.950046
5.738708 -4.535395 1.011598
7.607266 -4.574544 0.847241
7.598249 -6.268939 0.919931
7.515093 -4.782682 -0.950066
4.181848 -4.480547 0.861154
4.167224 -4.576779 0.944623
3.152219 -6.446132 0.832406
2.342722 -4.567078 0.920376
2.339946 -5.417805 0.861754
2.305342 -4.959669 0.886997
2.207583 -5.121331 0.993668
4.708970 -7.148209 0.748208
4.658811 -7.112232 0.825377
2.468209 -6.396750 0.632300
2.306439 -6.528273 0.895388
0.590452 -6.371994 1.009925
1.663769 -6.259852 0.868849
9.207097 -7.046646 -0.897146
8.963120 -7.100841 -0.990156
6.360606 -7.045218 -0.852592
5.445937 -8.050092 -0.924685
6.063974 -7.935667 -1.009772
1.371259 -7.859538 -0.946360
1.882415 -7.920863 -0.934829
2.158335 -7.168485 -0.847511
2.265124 -7.175961 -0.874021
3.644527 -0.796301 -0.430605
3.397667 -0.828178 -0.920748
0.947532 -0.835508 0.903621
-7.638108 -4.698908 -0.099449
-7.665845 -4.805480 0.755558
-6.150664 -0.221578 1.019127
-6.087882 -0.043099 0.934455
-3.702331 -0.136448 -0.218594
-3.713873 -0.110503 -0.348822
-0.917732 -4.647897 -0.965764
-0.809434 -4.733912 -0.942272
-1.655690 -1.689105 -0.898857
-1.738111 -1.521452 -1.014558
-1.583780 -1.623289 -1.081801
-2.866822 -1.763795 -0.943621
-2.960489 -3.378674 -1.058942
-2.868315 -3.279222 -1.070036
-5.023423 -0.899222 -0.839747
-4.922318 -0.819499 -0.806516
-4.501342 -2.770136 -0.996788
-4.469506 -2.640690 -0.885005
-5.017305 -0.942602 -0.034557
-5.014977 -0.858392 0.176901
-5.775523 -3.262197 1.010424
-7.669901 -0.967834 0.975944
-7.769264 -0.869503 0.948396
-10.011716 -1.829474 0.885369
-8.574398 -4.672287 -0.939537
-8.713800 -4.905820 -0.935861
-9.547973 -4.974568 0.999839
-9.520082 -4.888030 0.901475
-2.388408 -3.551428 0.742077
-4.336412 -3.323683 0.937645
-0.204324 -7.001186 -1.085115
-0.010543 -6.123382 0.830423
-0.131654 -6.232767 0.824798
-1.913801 -6.868566 1.010497
-4.855962 -7.019941 0.893162
-4.256343 -6.281092 -0.720135
-4.195646 -6.371152 0.861347
-2.443676 -4.473897 0.838317
-7.157019 -6.349972 -0.894935
-7.168425 -6.259389 -0.732703
-8.170294 -7.061562 -0.848140
-8.149076 -7.059331 0.959909
-6.705371 -7.103427 0.910000
-6.711141 -7.139693 0.896299
-3.092824 -7.849204 0.955477
-0.355953 -7.417346 1.042285
-3.774789 -7.822875 0.778707
-6.467592 -7.130087 0.825000
-6.514629 -7.341868 0.991864
-6.374854 -0.041591 0.428705
-6.311255 -0.078314 0.008414
-5.417693 -0.116692 0.907220
-5.520907 -0.112254 0.896170
-5.417693 -0.116692 0.907220
-3.864328 -0.053319 1.016590
-0.029324 -0.111877 -0.741728
-0.081314 -0.030463 -0.569662
-0.114203 -0.782938 0.819925
-0.133774 -0.842406 0.922843
-1.337734 -3.050144 -0.844386
-1.337697 -3.149083 -0.949644
-1.549230 -4.793014 0.900128
-1.441399 -4.553805 0.772471
-1.696101 -1.659565 0.791283
-1.831329 -1.801339 -0.946187
-1.809511 -1.808723 -0.211675
-1.755079 -1.516042 0.518334
-1.753556 -1.507722 0.823381
-1.904764 -0.812639 -0.808810
-2.115877 -0.836122 -0.998035
-2.869705 -1.637252 -0.796326
-2.848236 -3.371722 -0.864680
-2.842961 -3.293547 0.133343
-4.303033 -1.511426 -0.630686
-4.387493 -1.629142 -0.338897
-5.028764 -1.010143 0.537654
-4.919188 -0.812458 0.358201
-4.501342 -2.770136 -0.996788
-5.569788 -2.728448 -0.886692
-5.122248 -0.841691 0.998026
-5.011369 -0.789793 -0.752555
-7.613941 -1.327946 -0.389526
-7.619736 -1.332234 -0.235249
-8.824402 -1.594056 -0.903506
-9.070928 -1.608830 -0.892158
-5.683903 -3.313907 0.896704
-5.775523 -3.262197 1.010424
-5.802579 -3.486675 0.855072
-7.076099 -3.433856 0.627696
-7.017557 -3.413416 0.957325
-7.538414 -1.607060 0.890046
-7.668953 -1.677767 -0.839609
-7.790630 -3.115542 0.654059
-7.731801 -3.120839 0.911490
-9.877232 -1.725010 0.895635
-8.250047 -1.852393 0.832684
-8.204275 -1.722474 -0.735721
-9.814283 -3.087717 0.754085
-8.657497 -3.093842 0.797224
-9.916597 -4.842013 -0.917092
-9.859219 -4.825624 0.854159
-7.526746 -4.444539 -0.917096
-7.518775 -4.447709 -0.735266
-2.405712 -3.526884 0.950466
-4.364490 -3.590744 0.467164
-4.234648 -3.471787 -0.262397
-4.303457 -6.280964 0.753396
-4.314548 -6.269775 -0.978849
-4.358300 -3.156405 0.994526
-4.988038 -5.117135 -1.047959
-5.519698 -5.198038 -0.966209
-4.388110 -2.766605 -0.917794
-4.501342 -2.770136 -0.996788
-0.203220 -6.490438 -1.064735
-0.043546 -6.360267 0.331927
-0.169254 -6.240608 0.769245
-1.843673 -6.130295 -0.275182
-1.751493 -6.268381 -0.780990
-1.830271 -6.526463 0.973629
-1.910011 -7.078529 0.819024
-1.808954 -6.968849 0.075711
-4.968685 -7.041908 0.790878
-4.813237 -7.134593 -0.934721
-4.959530 -7.021876 0.388399
-4.266998 -4.344193 -0.857288
-4.213185 -4.419493 0.914758
-2.344074 -4.574563 0.847245
-2.846812 -6.267382 0.900183
-2.743797 -6.365540 0.945980
-7.195261 -4.627833 0.838050
-7.103334 -4.490156 0.847639
-7.195637 -4.516169 -0.489559
-7.167607 -4.603594 -0.330837
-7.723840 -7.155420 0.353527
-7.631289 -7.039016 0.454498
-7.543940 -6.547621 -1.017775
-5.502830 -6.562800 -1.178661
-7.576201 -6.465058 -0.853861
-7.690041 -6.502858 -0.962611
-9.845047 -6.284909 0.874364
-9.820565 -6.290759 0.514459
-3.533721 -7.974113 0.933175
-3.763146 -7.278000 -0.874901
-3.755065 -7.646437 -0.871311
-0.279851 -7.191848 0.879279
-4.322329 -7.267128 0.950576
-5.941294 -7.288520 0.909587
-3.912969 -7.765981 1.009417
-6.375250 -7.140833 0.399111
-6.321691 -7.174192 -0.442326
-9.555683 -0.173989 -1.014165
-9.897436 -0.580934 -1.026422
-8.838795 -0.114041 -0.985620
-8.173000 -0.165847 -1.014661
-6.248454 7.205684 0.868648
-6.145823 7.364480 1.022803
-2.552301 7.133830 -0.880491
-2.404246 7.220486 -0.952674
-0.934726 7.141710 0.914972
-0.904080 7.307187 1.025228
-1.451319 3.248349 -0.125753
-1.540644 3.108928 -0.812298
-0.058675 6.090055 -1.009023
-0.243799 6.097879 -1.094538
-2.343170 5.033427 -0.927820
-2.245297 4.926866 -0.883806
-2.467318 6.311699 0.923361
-2.448895 6.443765 0.799947
-2.468795 6.555548 1.006464
-2.486970 6.410408 -0.391840
-2.406076 6.440684 -0.235337
-5.014977 7.070951 0.176900
-9.763036 6.312933 1.044904
-9.877229 6.204332 0.895625
-7.151825 4.642487 0.879532
-7.213119 5.141203 0.818687
-7.755248 6.903805 1.059613
-7.669906 6.961532 0.975953
-9.651695 3.205863 -1.046387
-8.258675 1.655529 0.811566
-8.266641 1.656072 0.385653
-5.770407 3.459503 0.884005
-5.944951 3.590695 0.987594
-4.323098 2.587124 -0.999101
-4.319440 2.576751 -0.614289
-5.645460 4.717947 0.952922
-5.675122 5.031820 0.899393
-1.825885 0.910670 -0.540949
-1.812094 0.922601 -0.738891
-0.173913 1.644806 -0.503877
-1.692019 1.678580 -0.298863
-1.920537 2.681868 -1.028350
-1.923592 2.817503 -1.018297
-2.318972 0.954934 0.703155
-2.487009 0.846364 0.876690
-2.846649 1.662137 0.899773
-7.092306 3.349867 -1.058320
-7.145953 2.252879 -1.028846
-7.608606 3.362288 0.920378
-7.240922 3.184881 1.022744
-7.621927 0.895273 0.742450
-7.645177 0.874583 0.888993
-8.180209 0.893340 0.898488
-8.280047 0.893163 0.999788
-1.703135 0.217632 -1.042427
-1.646257 0.097892 -0.930332
-6.122909 0.627014 -1.001590
-6.197261 0.608225 -0.707739
-9.936138 -0.041409 -0.810005
-9.334457 -0.039889 -0.809907
-6.269046 7.227955 -0.737901
-7.748180 3.088934 0.926486
-8.445802 3.078758 0.916392
-3.876986 7.752157 1.119617
-3.864155 7.876033 1.016583
-5.547922 7.233337 -0.959971
-6.046173 7.272693 -0.995325
-0.018560 7.257557 0.660037
-0.005755 7.034467 0.843500
-0.763232 4.875125 0.932608
-1.335560 4.862577 0.945068
-1.441338 3.375645 0.772464
-1.549360 3.136413 0.900129
-0.055789 4.993190 0.818091
-1.831329 6.128004 -0.946188
-1.809512 6.120620 -0.211676
-0.065206 4.927255 -0.954720
-1.754720 6.413872 0.518304
-1.753557 6.421620 0.823380
-2.265144 7.107802 0.891824
-1.928047 7.116286 0.882154
-2.842069 4.636424 0.133522
-2.816216 4.520061 0.148027
-3.000648 6.391999 0.838768
-3.024028 6.411477 0.530022
-2.590268 6.401317 0.875508
-2.472727 6.404755 -0.633263
-2.348297 6.674608 -0.932211
-5.564678 6.349486 0.888851
-5.525562 6.211367 0.993403
-5.579756 5.388354 -1.033064
-5.401167 5.321455 -1.023974
-5.122248 7.087651 0.998024
-5.024831 6.522078 0.722713
-5.002096 6.504421 0.460391
-9.125896 7.080019 -0.830665
-9.741475 7.074422 -0.882735
-9.859954 6.341246 -0.901997
-9.778493 6.304523 -0.968723
-5.696822 4.481716 0.337103
-5.721902 4.477678 0.769888
-7.285425 6.362089 -0.955193
-7.344650 6.414649 0.428765
-8.074938 4.808741 0.937731
-8.165586 4.923077 0.935605
-9.837218 4.958354 -0.999273
-8.286201 4.971373 -0.939625
-9.888803 3.059862 -0.930514
-9.916039 4.741575 0.697155
-9.814284 4.841626 0.754083
-9.919342 2.991124 0.880166
-9.859220 3.103719 0.854156
-7.550338 4.460052 -0.263262
-7.546424 4.456571 -0.893495
-2.385088 3.520859 0.330549
-2.462822 3.485173 0.412029
-5.538602 1.527226 0.786990
-5.629310 1.588415 -0.692545
-5.540570 4.225356 1.000855
-5.511703 5.036146 1.003145
-4.438059 2.683369 0.169351
-4.743249 2.685138 0.796369
-1.808954 0.960495 0.075710
-1.863760 0.856159 -0.294332
-0.696436 3.019686 -1.054924
-1.129507 3.065140 -0.960495
-2.315659 2.960226 -0.881992
-2.315690 1.867802 -0.913345
-4.876835 0.798571 0.786365
-4.855962 0.909401 0.893161
-2.835450 1.668244 -0.694330
-2.945741 1.633677 -0.920831
-2.923768 1.692390 0.954380
-2.925086 2.738117 -0.974011
-2.915476 3.141122 -0.954495
-7.189266 1.607717 0.317526
-7.114058 1.497901 0.824633
-7.545354 3.447627 -0.883216
-7.531303 3.460653 0.820343
-7.644700 2.189788 -0.879729
-7.740284 1.943202 -0.991470
-6.799092 1.483209 0.832405
-6.231779 1.492165 0.818229
-7.739818 1.396176 -0.685266
-7.644863 1.401054 0.895388
-8.193347 0.881874 -0.487417
-8.209978 0.818025 0.468644
-3.581492 0.815854 -0.221081
-3.588933 0.883022 -0.852456
-6.204902 0.637126 -0.367651
-6.112901 0.653427 -0.522603
-6.419067 -0.010672 -0.746732
-6.535545 -0.023760 -0.892174
-9.630826 7.865021 -0.914372
-9.948689 7.844352 -0.581202
-6.256685 7.668869 -0.768721
-7.635703 7.749054 -1.015528
-7.178016 7.764923 -1.021573
1.392137 4.700467 -0.880418
1.390138 4.661557 -0.272409
6.104115 7.561366 1.115338
6.090314 7.288611 1.117770
3.726374 7.419658 0.962988
3.803092 7.706250 1.014795
6.224205 7.850753 -0.398545
6.202540 7.812648 -0.325759
6.214718 7.199322 -0.368104
7.222991 7.822501 -0.889720
7.540551 7.825869 -0.814919
9.599635 7.804450 0.997496
9.735521 7.742138 0.992104
8.628057 3.257767 -0.962959
8.550455 3.295598 -0.873655
8.277868 4.859847 0.851997
7.920215 4.753638 -1.039217
8.142168 6.120176 -0.211689
9.765100 6.226194 0.876558
9.804212 6.241959 0.829596
9.963663 6.318132 -0.888083
9.925467 6.280729 -0.324837
7.616391 5.026330 0.028116
7.711265 4.934532 -0.883563
7.210843 4.605173 0.931943
7.142912 4.532331 0.854603
7.193385 4.972575 0.922245
7.134569 5.078539 0.899012
6.988253 4.553090 -1.057873
7.075175 4.653904 -1.066936
7.573806 6.617427 0.892646
4.936237 6.528574 -0.750463
4.931616 6.521171 -0.697814
7.330502 7.111197 -0.938392
7.185893 7.088511 -0.989132
4.566644 5.219440 -0.923634
4.389074 5.202072 -0.884413
3.991672 6.998043 -0.865662
4.821913 6.554922 -0.858903
0.094538 7.041097 -0.564239
0.153489 7.075080 -0.415276
0.006951 6.330566 0.299026
0.051584 6.251135 0.063808
2.799407 4.613990 -0.948733
2.769531 4.630222 -0.884828
2.397997 6.367617 -0.904658
2.664837 6.358032 -0.950253
2.637328 5.786917 0.953550
2.742270 5.876143 0.881154
1.783839 5.032766 -0.834931
1.799924 4.877610 -0.696201
0.094723 5.072420 -1.072752
0.078817 6.211360 -1.010790
1.235504 6.297621 -0.951041
1.191069 6.321145 -0.873453
0.067883 3.206272 0.935259
0.131323 4.796807 -0.987965
1.787803 1.751392 0.818939
1.692360 1.656595 0.810331
1.122598 3.106641 0.802853
1.282411 3.044077 0.894915
4.006614 3.594038 0.984548
4.109691 3.554510 0.977482
5.633742 4.337963 -0.321370
6.021496 4.399895 0.911383
5.793845 4.379643 0.905792
4.447523 1.559798 -1.043157
4.306684 4.717847 0.951864
4.343900 2.831673 -0.618366
4.365925 2.763293 -0.797283
5.205873 5.170838 0.980201
5.254637 5.204037 0.914292
9.365232 0.816863 -0.942201
8.807240 1.600013 0.973375
9.028533 1.560195 0.991195
9.753596 1.624318 -0.957962
8.307571 1.640647 -0.889457
8.251614 1.695310 0.363283
8.168517 1.721338 0.292356
7.668111 2.168864 -0.989289
7.752318 1.540939 0.990192
5.556625 0.849455 -1.033104
7.058931 2.798787 -0.985945
7.032434 2.564582 -1.013717
7.126248 1.434943 -0.852165
7.120934 1.538806 -0.958306
7.488320 3.350636 -0.344385
7.541583 3.248793 -0.340124
4.221197 3.427093 -0.041302
2.376427 1.529732 0.758328
2.771515 1.598708 0.826137
2.205674 3.023855 -0.925958
2.297060 0.810330 0.269219
2.296715 0.814736 0.350044
2.295859 0.915362 -1.004565
2.627004 0.838955 -1.000933
2.772195 1.465629 0.932725
0.589570 1.605858 -0.968111
1.756605 1.527555 -0.870692
1.720907 1.615025 -0.796337
6.230147 0.798598 -0.529667
9.916408 0.728774 -0.426736
9.824129 0.822896 -0.376224
3.855753 -0.151285 -0.959762
6.204606 0.015820 -0.857554
0.022238 0.463394 -0.910791
0.110442 0.615006 -0.915725
2.246195 0.236579 1.085785
2.448769 0.206109 1.079079
0.059431 7.081565 -0.679234
0.213243 7.069957 -0.870546
0.584818 7.867572 0.886264
0.710667 7.835978 0.957780
2.287062 4.331598 -0.874532
2.285669 3.207654 -0.886896
3.933804 7.108111 0.928348
5.662639 7.098035 0.986765
3.763295 7.226578 -0.342377
3.859204 7.115519 -0.027974
9.017909 7.141334 0.915016
8.464989 7.172483 0.994395
6.198942 7.230781 -0.321574
6.223475 7.481768 0.963409
6.226401 7.236781 0.932574
9.883536 3.679713 -0.870388
9.851316 3.799804 -0.936652
9.836448 4.845602 -0.781502
9.747057 4.827812 -0.901753
8.474850 3.189976 -0.032476
8.461022 3.186471 0.153920
8.403708 4.858113 0.847201
7.664091 4.633584 -1.033938
9.396120 4.899655 0.888385
9.609648 4.905309 0.896725
8.121878 4.858891 -0.935206
8.114039 4.941317 -0.662473
8.151309 6.141877 0.435291
9.824937 6.438574 0.952495
8.292987 6.444287 0.896293
8.146275 5.058519 0.907575
8.124037 6.995164 0.877243
7.694283 7.030489 -1.012758
7.835742 7.083545 -0.991438
7.201757 4.477848 -0.804864
7.133500 4.510906 -0.663404
5.659980 6.323769 -1.033314
5.949795 6.475497 -1.033287
5.587446 6.392552 -0.819153
5.657873 6.423768 -0.962540
7.575886 6.943598 0.892489
5.071628 7.111891 -0.007490
5.037383 7.112430 0.357793
5.526158 5.254947 0.868012
5.625746 5.363228 0.835118
4.308932 5.310186 0.116363
4.327221 5.249228 0.003925
3.945143 7.059336 -0.843748
2.358949 6.783478 -0.885190
2.352014 6.584061 -0.842548
4.945936 6.471426 -0.706734
2.372397 7.062350 0.897272
2.281702 6.948507 0.883038
1.654729 6.332774 -0.862486
1.435735 6.283968 -0.864690
1.697855 6.341453 -0.789230
1.653777 6.291544 -0.838498
4.236320 4.486231 0.338121
4.229141 4.478132 0.769747
2.654647 6.053356 1.034868
2.697514 5.965791 0.981728
2.513317 6.435844 0.879059
2.397997 6.367617 -0.904658
1.814849 4.875049 -0.162236
1.799924 4.877610 -0.696201
1.235504 6.297621 -0.951041
1.131028 6.164612 -0.963881
0.092179 3.138877 0.910646
0.948425 3.140904 0.903709
-0.015982 3.229205 0.838564
1.122598 3.106641 0.802853
0.075472 3.103025 0.843317
0.113338 4.798634 -0.882776
0.130875 3.107636 0.871034
0.055832 3.075693 0.786502
4.176106 3.460137 -0.589680
4.187763 3.461567 -0.866564
6.518495 4.469231 0.890142
6.021496 4.399895 0.911383
5.590288 4.333000 0.468815
6.346224 4.469281 -0.951263
5.789301 4.467056 -0.973537
4.325607 1.596486 -0.991217
4.329696 1.595507 -0.692522
4.499923 1.506592 -1.013184
4.279612 5.029318 0.897674
5.496062 3.240423 -1.045809
5.492865 2.836214 -1.061505
4.963375 2.813566 -1.047040
5.492865 2.836214 -1.061505
9.458549 0.849990 -1.013542
8.155277 0.844408 -0.502017
8.112375 0.870561 -0.223186
8.163658 1.823425 0.866341
8.164942 1.764042 0.546421
9.818654 1.697860 0.824305
9.777341 1.644820 -0.503863
7.753417 2.088354 -1.017637
7.678658 0.859816 -0.807424
7.757022 0.840336 0.181421
7.680906 1.301647 0.961221
7.622097 1.101543 0.851149
7.627988 0.959886 0.702317
5.477070 0.805885 -0.957901
5.738829 3.508488 0.913399
7.050045 2.660687 -0.994781
5.716533 3.569512 -0.811199
7.122523 1.728402 -0.042105
7.094915 1.658176 -0.187368
6.964539 2.479939 -1.020307
7.509974 3.293642 0.947702
7.597075 3.353310 0.843725
7.085529 2.748078 -1.012216
7.050045 2.660687 -0.994781
4.231422 3.406307 0.362967
2.773174 1.614073 0.317238
2.771515 1.598708 0.826137
2.418774 3.360679 0.973026
2.346857 3.353033 0.909132
2.368999 1.528660 0.455681
2.784805 3.330189 0.301140
2.746832 3.422323 0.240761
2.682007 1.501115 0.729874
1.969701 0.744780 -0.897165
2.210567 0.742844 -0.849206
2.050585 2.993257 -0.985415
2.309560 1.445888 -0.871173
2.308318 2.189484 -0.884669
4.469528 0.916774 -1.141469
4.197359 0.843492 -1.103429
2.293296 0.907100 0.660998
2.321519 0.838502 0.705694
2.843544 1.503435 0.822198
1.163542 1.600250 -0.974027
-0.012407 1.518537 0.318277
0.015812 1.602936 0.380440
6.375063 0.808251 -0.221722
9.569073 0.496580 0.986103
9.308952 0.615519 0.993894
5.445551 -0.119975 -0.925729
6.041016 -0.085698 -0.977212
3.805927 -0.110354 -0.408075
6.113273 -0.102331 -0.903511
3.492285 0.012910 0.888441
0.458283 -0.024371 0.974698
-0.023094 0.523715 0.967534
-0.021569 0.129392 0.856241
0.730733 7.238344 0.991826
0.248185 7.210509 0.992845
2.390634 7.878110 0.791933
2.236559 7.877403 0.878663
1.516601 -4.754481 -0.946523
2.206476 -4.785212 -0.886527
2.190137 -4.709280 1.022933
2.199708 -4.838044 0.925016
6.246243 -0.157709 -0.035967
6.214717 -0.730021 -0.368103
6.254828 -0.724355 -0.276950
7.960263 -0.179093 -0.987790
6.234958 -0.127643 -0.737303
6.301936 -0.029991 -0.752291
6.323502 -0.510361 1.071614
6.417533 -0.349074 1.069986
9.893724 -4.634005 -0.021005
9.747057 -3.101532 -0.901751
9.836447 -3.083741 -0.781501
8.382604 -4.650006 -1.024868
8.494315 -4.604290 -0.925289
9.114342 -3.020763 0.906848
9.711992 -1.836144 -1.088359
9.787369 -1.726786 -0.999027
9.824936 -1.490768 0.952496
8.292987 -1.485056 0.896295
9.226862 -0.790343 0.880660
8.997364 -0.793904 0.873313
8.039788 -0.819316 -0.806378
8.054372 -0.831648 -0.644653
7.168488 -1.639496 -1.025192
7.086856 -1.762886 -0.942338
7.026282 -3.458088 0.735766
6.995004 -3.425424 0.074570
7.076506 -3.392659 0.020301
7.577016 -1.397269 0.714898
4.936237 -0.930318 0.187027
5.037383 -0.816913 0.357794
5.594202 -2.241830 0.946771
5.521669 -1.784329 0.971124
5.573136 -1.638027 -0.338866
5.578657 -1.595841 -0.577628
2.337448 -1.327859 -0.389484
4.893678 -1.524153 0.854697
4.939466 -1.429216 0.722352
0.200331 -0.974468 -0.973106
0.455463 -0.867190 -0.879380
2.845462 -2.969494 0.783617
4.183414 -1.623482 -0.914214
4.281126 -1.739755 -0.907940
2.367466 -3.129550 -0.978553
2.400669 -2.632800 -0.997252
1.866102 -0.945919 -0.941084
1.880193 -2.919011 1.032870
1.815987 -2.715218 1.006626
0.008781 -2.967020 0.766577
0.020448 -2.876667 0.821608
0.213004 -2.969523 0.874415
1.059626 -3.141854 -0.962284
0.131323 -3.132536 -0.987963
1.429601 -4.870744 0.881077
-0.023099 -4.880190 -0.942795
2.411760 -3.588171 -1.005043
2.439296 -4.338419 -1.005249
2.328375 -3.587177 0.864269
5.743464 -4.413909 -0.932897
5.707952 -4.393565 -0.888568
5.608363 -5.440208 0.863742
5.605744 -6.099635 0.877739
5.517395 -5.228239 0.037408
5.629156 -5.332463 0.011360
5.501750 -5.199618 -0.978890
4.681662 -5.218258 -0.953967
4.347656 -2.712767 -0.867199
4.381598 -2.743588 -0.960635
9.746563 -7.001170 -1.084361
9.762136 -6.463248 -1.062514
8.256438 -6.273722 -0.916169
8.202078 -6.288454 -0.845901
8.103457 -4.988390 -0.905458
8.282232 -6.172331 -0.992204
8.169897 -6.095493 -0.985983
8.114831 -5.348387 0.982167
7.666653 -6.077574 -0.986968
7.636613 -6.061487 -0.912407
5.515339 -7.022563 0.898062
4.978525 -6.688490 0.778911
4.979321 -6.577662 0.632481
5.781249 -6.301682 -0.852351
6.608271 -4.413918 0.865945
6.697660 -4.413767 0.915171
7.081140 -5.919963 -0.941390
3.231269 -6.409832 0.906124
3.155277 -6.442890 0.824027
2.941535 -5.205375 0.952464
2.982033 -5.119773 0.966812
2.692400 -4.599431 -0.986406
2.687551 -4.486999 -0.890004
1.762925 -4.964395 0.888379
1.757867 -5.003645 -0.870880
2.210567 -7.186498 -0.849205
2.255178 -7.040783 -0.946142
2.463510 -6.432025 0.892390
2.772195 -6.463714 0.932726
4.160457 -7.032426 -1.123149
4.074055 -7.144123 -0.954436
3.834517 -7.046013 0.896176
4.041759 -7.034913 0.887195
1.764870 -6.401340 0.816856
-0.010069 -6.711185 0.898847
0.018725 -6.583624 0.971530
6.350093 -7.523685 -1.034856
6.199788 -7.479880 -0.909179
6.203157 -7.875580 0.780108
5.330853 -8.049735 -0.902406
6.087427 -7.473125 -1.040972
0.022238 -7.465948 -0.910790
0.110443 -7.314336 -0.915723
2.271715 -7.183630 0.987526
2.345789 -7.261593 1.017861
0.251266 -0.687691 -1.003862
0.075663 -0.574794 -1.001832
0.629567 -0.164641 0.987919
0.710668 -0.093366 0.957781
2.287062 -3.597744 -0.874530
2.257311 -3.732583 -0.941461
5.662639 -0.831308 0.986766
4.231008 -0.706853 1.033204
6.212240 -0.080807 0.043378
3.859205 -0.813824 -0.027973
3.787255 -0.777753 -0.230406
7.404682 -0.217739 -0.967437
6.415562 -0.152559 -0.930656
8.118128 -0.122727 -0.967757
6.216892 -0.378744 0.647455
6.209836 -0.202371 0.434652
8.614618 -3.052461 -0.842851
8.520265 -3.149374 -0.859233
9.892288 -4.641087 0.829458
8.615386 -3.150331 -0.947282
8.667232 -3.081292 -0.917167
7.685335 -4.779525 0.495470
7.644974 -4.760770 0.625291
9.445911 -1.701865 0.875826
9.765099 -1.703149 0.876559
8.902986 -2.991406 0.786693
8.108331 -2.935881 -0.943613
8.129104 -2.995554 -0.971548
9.109867 -0.853761 0.906431
9.833080 -0.852990 0.920248
9.928547 -0.878290 0.737611
9.890617 -0.798699 0.707309
8.118217 -2.944556 0.839711
8.115870 -2.927082 -0.450160
7.553026 -3.436741 -0.883772
7.491010 -3.467380 -0.937120
6.907780 -1.572858 -1.073598
7.020290 -1.642131 -0.980002
7.015680 -3.426096 0.136493
5.659980 -1.605575 -1.033313
5.657873 -1.505576 -0.962538
7.478846 -1.521205 0.654139
7.544775 -1.488199 -0.235461
7.478846 -1.521205 0.654139
5.327423 -1.570596 0.882420
5.302370 -1.680296 0.972075
4.335524 -2.697985 -0.550253
4.347656 -2.712767 -0.867199
2.451645 -1.345788 -0.919551
2.352014 -1.345282 -0.842547
2.352014 -1.345282 -0.842547
2.439584 -0.915800 0.980699
2.391617 -0.971159 0.993434
0.011395 -0.885267 0.583044
-0.000172 -0.881766 0.771947
0.076361 -0.882333 -0.306177
0.153489 -0.854264 -0.415275
2.805243 -1.753244 0.822646
4.183414 -1.623482 -0.914214
4.248674 -1.587354 0.043788
2.649543 -2.876033 0.948973
2.653847 -3.242774 0.959961
2.366913 -3.312939 0.901295
2.413151 -1.607220 0.889852
1.912826 -0.870685 -0.911371
1.864968 -3.103483 0.357375
1.880174 -3.114893 0.931481
1.682649 -2.172550 -0.951021
1.702651 -1.767959 -0.923691
-0.058425 -1.831230 0.884122
1.673145 -2.358490 0.992543
1.699122 -2.260424 0.930506
1.346361 -3.163597 -0.608298
1.340969 -3.173716 -0.935815
1.693117 -5.039107 0.897852
0.037553 -4.856575 0.352996
0.043816 -4.859024 0.570242
-0.066015 -4.952706 -0.909611
2.961671 -3.478404 -0.906989
2.842628 -3.484375 -0.916467
2.453074 -3.471116 0.844633
5.803998 -4.324345 -1.090523
6.568080 -4.322892 -1.041546
5.734226 -3.474151 -0.317110
5.722854 -3.478835 -0.263486
4.458991 -5.225417 -0.645190
4.446482 -5.223449 -1.012315
4.681662 -5.218258 -0.953967
4.432504 -5.195329 -0.965676
5.592355 -5.246836 0.770830
5.554850 -5.228205 0.877922
8.218985 -7.112321 -0.887634
8.158598 -7.090066 -0.853669
9.832791 -4.924052 0.895452
9.858882 -5.786099 0.919940
8.178737 -4.967101 0.868747
9.877090 -6.175878 -0.479320
9.938061 -6.121789 0.830174
8.101922 -6.044198 0.969824
7.678658 -7.069526 -0.807423
7.757022 -7.089006 0.181422
5.993634 -7.076356 0.890391
7.423902 -6.949943 0.977800
7.585237 -6.711830 0.954963
7.022989 -6.308128 0.922278
6.953600 -6.326715 0.921021
7.094622 -6.252625 -0.690134
7.121780 -6.179652 -0.775469
5.805807 -6.291698 -0.966714
7.565574 -5.920684 0.970444
7.588384 -6.268107 0.915517
7.060401 -5.746592 -0.968901
7.050045 -5.268655 -0.994780
7.058931 -5.130556 -0.985943
4.161342 -4.475332 0.336147
4.181491 -4.484802 0.857572
2.427522 -5.161596 0.981051
2.418774 -4.568664 0.973028
2.783374 -4.603696 -0.330882
2.743946 -4.507653 -0.339298
1.969701 -7.184562 -0.897163
1.880087 -6.952002 -0.963439
2.308318 -5.739859 -0.884668
2.328202 -7.040018 -0.075310
4.203566 -6.470810 -1.096956
2.492284 -6.437503 -0.931830
1.661047 -6.427975 0.995700
1.759818 -6.552495 0.925509
1.659071 -6.283599 0.851711
6.428097 -7.964520 0.911066
6.324767 -7.775032 0.954174
6.199788 -7.479880 -0.909179
6.208600 -7.591237 -0.932860
6.313059 -7.993553 0.830834
4.402415 -8.070050 -0.934791
6.073044 -7.190509 0.121359
6.124639 -7.240356 -0.371873
6.004077 -7.380869 -1.047501
3.114575 -7.827044 -0.999459
3.013908 -7.906013 -0.968525
0.689200 -7.172001 0.955020
2.565301 -7.151068 0.908361
0.060532 -0.065668 0.697319
0.007378 -0.090960 0.597122
2.773836 -0.168775 -1.017335
3.064805 -0.218057 -1.017708
-8.452413 -4.810778 -0.309397
-8.551153 -3.279924 0.890321
-6.063636 -0.037116 -0.875301
-6.136275 -0.071768 -0.789198
-3.716352 -0.127643 -0.737303
-3.678135 -0.182993 -0.584970
-3.765436 -0.682771 -0.740768
-3.735468 -0.767705 -0.655429
-2.551942 -0.790029 -0.874085
-0.351675 -0.124893 0.997497
-1.323254 -4.671575 -0.962957
-1.400855 -4.633744 -0.873653
-1.580568 -4.699460 0.932017
-2.165272 -4.748240 0.927280
-2.149780 -3.053290 -0.919464
-2.305445 -3.154742 -0.976813
-0.147099 -1.687384 0.829597
-0.577704 -2.888074 0.930312
-0.655943 -2.962001 0.928970
-1.702152 -1.630729 -0.272950
-1.698594 -1.661086 -0.780455
-1.908203 -2.916039 0.968956
-2.174886 -2.978047 0.941466
-2.483336 -1.516779 -0.920528
-2.417210 -1.554679 -0.915272
-2.844445 -3.287698 0.123689
-2.813688 -3.409303 0.148287
-4.270662 -3.463407 -0.112447
-4.228456 -3.478835 -0.263486
-2.536158 -0.902509 0.971148
-4.908953 -1.449553 -0.914333
-5.022978 -1.330027 -0.829337
-2.479214 -1.221254 -1.019707
-2.377665 -1.238058 -0.920164
-5.562235 -2.727271 -0.884412
-7.511725 -0.915800 0.980699
-5.041368 -1.196581 -0.851893
-5.024068 -0.889719 -0.839603
-9.752179 -1.719054 -0.862803
-8.229250 -1.139709 -0.858941
-8.310513 -0.996026 -0.890885
-7.055587 -2.693166 -1.013865
-5.677316 -1.615100 0.826841
-5.712224 -1.787175 0.911464
-7.196825 -3.370701 0.866132
-7.303063 -3.420005 0.905496
-8.173969 -1.019293 -0.854825
-9.906034 -2.928464 -1.039358
-9.856586 -2.856923 -1.072751
-9.023207 -1.627347 -0.911885
-9.070441 -1.606559 -0.889046
-9.875836 -4.826317 0.843318
-9.921586 -3.291373 -1.048631
-9.772389 -3.241726 -1.096013
-8.220759 -4.975586 -0.597696
-9.520197 -4.873950 0.905207
-9.341820 -4.874056 0.876262
-7.493620 -4.122911 0.989821
-2.288535 -4.324066 -0.870341
-2.299216 -3.543787 -0.867424
-4.220847 -3.500366 0.800624
-4.167376 -3.497271 0.820214
-5.400287 -6.400667 -1.021857
-5.356638 -6.319620 -1.082298
-4.702452 -5.242483 0.827208
-4.575201 -5.241103 0.909570
-5.431355 -5.135369 0.929206
-4.394989 -2.772613 -0.912187
-4.426223 -2.682829 -0.859028
-0.349865 -7.114967 0.844371
-1.718936 -7.002348 0.961395
-1.603793 -7.086473 0.931830
-0.158723 -6.279554 -0.628530
-0.173970 -6.284522 -0.503862
-1.787653 -6.105918 0.866342
-1.864934 -7.072101 -0.294284
-1.929202 -4.810972 0.895705
-2.442580 -6.370507 -0.820727
-2.381648 -6.364889 -0.747363
-4.245193 -6.277401 -0.720516
-4.170061 -6.301682 -0.852351
-2.834126 -5.663661 -0.930103
-2.890909 -5.746592 -0.968901
-2.925227 -5.203433 -0.937477
-2.926069 -5.845644 -0.892395
-2.769749 -4.484354 0.713718
-2.449312 -4.486095 0.835022
-7.160804 -6.338046 -0.889551
-7.159840 -6.294020 -0.972855
-7.258909 -4.599431 -0.986406
-7.179795 -6.330635 0.826138
-7.153993 -6.312417 0.798047
-8.183052 -4.976641 -0.204779
-7.617954 -6.883927 0.932793
-7.629790 -7.090841 0.705696
-7.541319 -6.553569 -1.011868
-7.459025 -6.437503 -0.931830
-6.705928 -7.102364 0.906940
-6.517672 -7.132601 0.853551
-8.212894 -7.112123 0.748321
-8.185775 -7.025633 0.584828
-8.204664 -6.365927 -0.634518
-8.229602 -6.313846 -0.699195
-1.646334 -7.827733 -0.926895
-0.357878 -7.814909 -0.956805
-0.087898 -7.104623 -0.306248
-0.034903 -7.200567 -0.426734
-6.095557 -8.080627 -0.959761
-5.797984 -7.994759 -1.047354
-3.879062 -7.930453 -1.018274
-3.921323 -7.735053 -1.025962
-9.939033 -7.875321 -0.899289
-9.929071 -7.465948 -0.910790
-7.652002 -7.817882 1.004983
-7.820839 -7.795881 1.061781
-6.458026 -0.050643 -0.798742
-6.589224 -0.052615 -0.889994
-9.663380 -0.831461 0.916633
-9.458838 -0.840906 0.888955
-5.557128 -4.847614 0.908165
-7.695395 -3.357251 -0.939078
-7.672639 -3.227514 -0.870128
-8.524581 -4.773833 -0.387449
-8.554379 -3.361037 0.928122
-5.809698 -0.188883 1.008788
-5.266010 -0.215318 1.003143
-6.084644 -0.050596 0.928113
-5.521261 -0.115553 0.891030
-0.860788 -0.150317 1.007866
-0.521827 -0.041956 0.970766
-3.548152 -0.029148 0.536468
-3.646879 -0.029604 0.299510
-2.315734 -0.765888 -0.926750
-0.521827 -0.041956 0.970766
-1.425712 -4.208886 -0.852376
-1.398902 -3.954242 -0.925107
-1.333479 -3.069499 0.943654
-0.846975 -3.071141 0.962295
-2.379683 -3.462955 -0.939888
-2.351470 -3.548141 -1.005511
-1.833094 -2.944556 0.839711
-1.805036 -2.870824 0.907576
-0.186211 -1.703149 0.876559
-0.065757 -2.977857 0.123502
-0.092412 -3.039731 0.232225
-0.889741 -1.544076 0.921911
-1.667324 -1.579701 0.861181
-1.933061 -0.818596 0.880096
-2.262192 -0.825603 0.890916
-2.262192 -0.825603 0.890916
-1.933061 -0.818596 0.880096
-2.739986 -3.436228 0.832615
-2.808398 -3.397011 0.854604
-4.001515 -1.453847 -1.033285
-3.093260 -1.474635 -1.041024
-4.393478 -1.647747 -0.939850
-4.399014 -1.605914 -0.871355
-2.375424 -0.985745 0.892490
-2.472464 -1.521205 0.654139
-2.487029 -1.518903 -0.391832
-4.648940 -1.680296 0.972075
-5.615783 -2.685486 0.786782
-5.615942 -2.696003 0.195105
-5.548001 -2.719669 0.822529
-4.422097 -1.707103 0.951461
-7.578912 -0.866993 0.897273
-7.516686 -1.006546 -0.911228
-7.499665 -1.345788 -0.919551
-5.159966 -1.459401 1.130332
-5.047188 -1.467392 1.047048
-9.141750 -1.710387 -0.837041
-9.874949 -0.882333 -0.306177
-9.916776 -0.884663 0.273030
-6.996599 -1.588712 0.921303
-6.928964 -1.514990 0.891463
-7.140430 -1.617487 -0.570189
-7.144193 -1.540135 0.492908
-7.087707 -2.790667 -1.003114
-7.313981 -2.142425 0.953551
-7.267797 -2.744590 0.892793
-7.194288 -1.673247 -0.935546
-7.208186 -1.601302 0.872565
-8.012960 -0.879214 0.341890
-8.073851 -0.882305 0.283586
-8.172608 -0.963685 -0.788921
-8.715805 -1.631722 -0.951039
-8.820281 -1.764732 -0.963880
-8.828712 -4.822702 0.802854
-9.859131 -4.790466 0.910648
-9.002884 -4.788440 0.903710
-9.875836 -4.826317 0.843318
-9.887544 -4.868692 -0.930148
-9.820435 -4.821707 0.871036
-9.895477 -4.853650 0.786503
-8.262106 -4.928900 -0.962374
-5.713931 -4.439089 0.325349
-5.698426 -4.435165 0.440019
-7.594611 -4.016799 0.961087
-4.060315 -4.405512 -1.054770
-2.447861 -4.400946 -0.942066
-4.217084 -3.474151 -0.317110
-4.162009 -3.462287 -0.973535
-5.621614 -6.333836 -0.692521
-5.537213 -6.399810 0.785872
-4.406488 -3.990951 -1.002213
-4.365805 -4.484776 -0.927710
-4.845780 -5.236547 0.915335
-4.824796 -5.280547 0.877991
-1.724096 -7.115665 -0.214054
-1.838935 -7.058781 -0.223185
-0.293692 -7.111590 0.813632
-1.726149 -5.470970 0.978468
-1.755657 -5.783702 0.961228
-0.181866 -4.879735 -1.011151
-1.130180 -4.866736 -0.960698
-1.698832 -6.205793 0.923736
-2.279616 -6.516123 -0.982310
-2.282545 -6.241026 -0.983425
-1.836146 -7.058305 -0.386122
-1.848877 -4.841621 0.876902
-3.390583 -6.389592 -0.914143
-3.909106 -6.434728 -1.004430
-4.210954 -4.536368 1.009470
-4.195389 -6.196167 0.947796
-4.277197 -4.425886 0.232249
-4.234777 -4.359831 -0.811197
-2.925261 -6.383711 -0.853916
-2.933219 -4.797494 -0.950056
-2.735205 -6.251322 1.031498
-2.445275 -6.261815 1.014828
-5.730113 -4.502250 -0.041301
-5.690531 -4.652785 -0.051864
-6.417434 -4.485436 0.802766
-6.273529 -4.517344 0.916298
-7.466810 -4.519638 -0.960574
-7.641189 -4.636362 -0.055052
-7.612267 -4.517627 -0.254562
-7.617954 -6.883927 0.932793
-7.655487 -6.314623 0.987754
-8.196812 -4.955218 -0.121719
-7.629790 -7.090841 0.705696
-7.620937 -7.044326 0.456412
-7.655451 -7.013981 -1.004563
-6.832631 -7.018270 -1.057462
-5.481782 -7.012568 -1.141467
-5.306523 -6.973730 -1.145018
-9.867118 -6.295122 0.458193
-9.935497 -6.326406 0.380441
-3.626543 -7.775032 0.954174
-3.597270 -7.449341 0.975846
-3.947232 -7.380869 -1.047501
-5.843672 -7.410183 -1.085924
-7.177068 -7.785416 1.043028
-7.652002 -7.817882 1.004983
-9.974403 -7.405628 0.967535
-9.972878 -7.799951 0.856242
-8.837446 -0.096791 -0.980609
-8.667298 -0.171287 -1.012254
-9.458838 -0.840906 0.888955
-9.189211 -0.837516 0.832218
-8.465592 4.681132 -0.971712
-8.529564 3.578416 -0.939820
-7.669611 3.399426 0.986710
-7.644260 3.322396 0.897303
-3.750430 7.759540 0.998364
-3.752043 7.842830 0.437212
-3.673796 7.310364 -0.783925
-3.671920 7.586274 -0.783915
-1.261689 7.876908 -0.954835
-3.535748 7.776784 -0.930658
-3.569036 7.895985 -0.832561
-3.741473 7.726972 0.434651
-1.365343 3.247262 0.392616
-1.365705 3.232100 0.524303
-0.114863 4.845602 -0.781502
-0.177788 4.890224 -0.773683
-1.568706 3.279335 -1.024869
-1.691899 3.134301 -0.984191
-0.836969 4.908580 0.906847
-0.655943 4.967341 0.928969
-0.239319 6.093199 -1.088360
-0.146636 6.042426 -1.087799
-0.953946 7.135439 0.873312
-0.724449 7.138999 0.880658
-0.841443 7.075582 0.906430
-0.953946 7.135439 0.873312
-2.115569 7.083545 -0.991438
-1.911522 7.110028 -0.806379
-2.782822 6.289846 -1.025194
-2.729420 6.368843 -1.002997
-2.925028 4.471254 0.735765
-2.841963 4.626209 0.188177
-2.844445 4.641644 0.123688
-5.019693 6.521170 -0.697814
-5.008235 6.474915 0.364065
-4.913927 7.112430 0.357793
-4.978043 6.995646 0.085775
-4.427657 5.358261 -1.018264
-4.441132 6.238421 -1.024040
-4.415862 5.360073 0.972311
-4.425151 5.254947 0.868012
-7.495420 6.482584 -0.825168
-7.599295 6.584061 -0.842548
-5.073831 6.783637 1.118867
-5.037128 6.966416 0.995895
-9.085307 6.216602 -0.779891
-9.141750 6.218956 -0.837042
-5.683961 4.538689 -0.866263
-5.686711 4.472889 -0.713852
-7.017907 4.524461 0.943915
-7.662778 6.247905 -0.838218
-7.635371 6.334527 -0.804894
-7.710860 5.929095 -0.914557
-7.783344 5.790094 -0.943121
-8.073851 7.047039 0.283584
-8.142619 7.015429 0.245458
-9.837626 4.958785 -0.998862
-9.972425 6.180575 0.888362
-9.912082 6.093003 0.985987
-8.679965 3.331502 -1.047992
-8.818810 3.090571 -1.006001
-10.017324 2.976636 -0.909612
-9.924964 2.981438 -1.012526
-8.494034 3.026685 -1.065898
-8.426012 2.948536 -1.094389
-5.680685 4.326806 -0.918236
-5.665688 4.316814 0.889849
-4.379524 4.315673 0.816035
-4.293887 4.249670 0.913310
-4.189733 3.457635 0.809678
-4.348140 1.913995 -1.062796
-4.402709 1.669733 -1.086251
-4.404737 2.656534 0.837735
-4.405724 2.702716 0.809528
-5.696961 4.669383 -0.877403
-4.702452 2.686860 0.827206
-4.845780 2.692796 0.915334
-0.166024 1.155765 -1.035394
-0.195425 1.065481 -1.087492
-1.749232 1.640889 -0.845902
-1.798322 1.638798 -0.747496
-0.201058 1.731482 -1.061068
-0.180388 2.942824 -1.096581
-1.816254 3.012954 -0.887478
-1.823703 2.952646 -0.961859
-2.270404 1.301647 0.961221
-1.815265 0.889219 -0.694849
-1.809084 0.932513 -0.751392
-2.602991 1.525104 0.939803
-2.489411 0.850802 0.873353
-4.006612 3.587973 -0.880877
-4.234777 3.569512 -0.811199
-2.845707 1.662899 0.899866
-2.831218 1.745520 0.755450
-2.904096 2.997567 -1.009987
-2.917281 3.078576 -0.978240
-6.399070 3.335193 0.936188
-6.517761 3.416726 0.904238
-7.175591 3.341579 0.882849
-7.181879 3.376865 0.809403
-7.192297 1.529032 -0.916483
-7.246269 1.585976 -0.974643
-8.088134 2.969789 0.987682
-7.751270 2.267301 -0.996732
-7.644731 2.318228 -0.890681
-5.058263 0.916939 -0.107353
-5.040629 0.888530 0.249028
-5.451386 1.506592 -1.013184
-5.074944 0.812079 0.185517
-5.040629 0.888530 0.249028
-9.963791 1.528770 -0.339153
-9.370731 1.635470 0.907446
-9.359893 1.540860 0.995771
-3.012212 0.864756 -0.862626
-2.833094 0.869821 -0.903908
-1.422239 0.725833 0.888869
-1.127394 0.728960 0.889980
-6.205692 -0.057128 -0.963989
-4.226147 0.727710 0.919776
-4.107873 0.755319 0.908416
-7.628224 0.641173 -0.981966
-7.754720 0.511555 -0.975150
-6.267935 0.578438 0.616262
-8.880269 7.087706 -0.909402
-9.058145 7.348470 -1.009151
-6.459068 7.279645 0.980813
-7.700147 4.747747 -0.078756
-7.702909 4.734172 0.507400
-3.877241 7.883388 -0.780495
-3.743373 7.840144 -0.619420
-3.860996 7.288611 1.117770
-3.922481 7.194763 1.110465
-1.833182 7.806615 -0.967758
-2.404186 7.222604 -0.950098
-0.947130 7.259441 -0.987159
-3.734418 7.550598 0.647454
-0.060692 7.130644 0.707308
-0.017817 7.255338 0.661696
-0.107909 4.857405 0.189122
-0.092667 4.797896 0.454690
-1.568706 3.279335 -1.024869
-1.691899 3.134301 -0.984191
-1.472092 4.741150 -0.935194
-1.467200 4.755183 0.859353
-0.322180 4.851198 -1.033386
-0.246137 4.820479 -0.951847
-0.058508 6.131446 0.807372
-0.065319 6.103554 -0.769288
0.012814 6.976822 -0.882162
0.002191 6.932737 -0.297773
-1.869949 6.228816 -1.023886
-1.931943 6.902029 -1.020402
-2.455551 4.647712 0.927513
-2.361275 4.591711 0.848623
-2.740468 4.605172 0.931943
-2.473951 4.583453 0.920498
-2.927012 4.577962 0.840824
-4.368047 6.373130 -0.658074
-4.353624 6.373555 -0.461485
-4.033885 6.497472 0.933091
-3.671132 6.433053 0.841551
-5.019693 6.521170 -0.697814
-5.008235 6.474915 0.364065
-5.408848 6.303088 -0.994097
-5.571131 6.339446 -0.930842
-4.384448 6.348448 -0.844778
-4.393478 6.281597 -0.939852
-7.642102 6.935351 -0.564609
-7.669607 6.948506 0.883037
-8.877674 7.055986 1.094321
-8.773847 7.074792 1.057424
-8.335079 6.211697 0.931166
-8.308028 6.225191 -0.767597
-7.017907 4.524461 0.943915
-7.075841 4.495775 0.627894
-7.105848 4.959848 0.783616
-7.096313 4.775439 0.893224
-7.075841 4.495775 0.627894
-7.208773 5.055924 -0.956801
-7.180879 4.878962 -0.890844
-8.163418 4.924508 0.934463
-8.135322 5.214124 1.006624
-9.875300 6.316597 -0.905650
-9.872491 6.211360 -1.010789
-8.205262 5.030679 -0.136018
-8.201240 5.036048 -0.351030
-8.286468 4.971531 -0.939394
-9.979992 3.161197 -0.953080
-9.986244 3.850765 -0.945847
-9.974409 3.049152 -0.942796
-9.913757 3.072768 0.352994
-8.253035 1.761177 -0.902457
-8.269737 1.686866 -0.851302
-7.606043 4.430757 -0.354727
-7.620764 4.415184 -0.859883
-2.464018 3.462284 0.933482
-2.597042 3.459989 0.899124
-4.270592 3.457994 0.768494
-4.317594 2.600534 0.785333
-4.358954 2.682507 0.770828
-5.356638 1.609723 -1.082299
-4.433692 1.618107 -1.085052
-5.582884 2.794306 0.793044
-5.604535 2.824985 -0.236407
-5.694178 4.615851 -0.900897
-0.586079 0.816863 -0.942201
-1.555252 0.812039 -0.938428
-0.144558 1.676206 -0.295911
-0.080735 1.642525 -0.394809
-0.180388 2.942824 -1.096581
-0.181866 3.049608 -1.011152
-2.036138 0.857522 0.919701
-2.052309 0.893514 0.974336
-2.301202 1.473652 0.885039
-1.816814 2.981355 -0.114909
-1.833043 3.061754 -0.576950
-4.247666 1.485112 0.878622
-4.965536 0.889174 0.788598
-4.953098 0.911461 0.388319
-2.576350 0.881575 0.945672
-3.265049 3.450949 0.972336
-2.998428 3.521799 0.937710
-2.986772 2.479939 -1.020307
-2.944953 2.159080 -1.030107
-2.500578 1.500176 -0.030064
-2.375958 1.657262 0.599452
-7.196611 3.295565 0.833213
-7.128528 2.859995 0.911627
-7.091552 3.348718 -1.056582
-5.789249 3.336953 -1.051046
-7.537943 2.256450 -0.980906
-7.155125 1.647982 0.900642
-7.153993 1.616926 0.798045
-7.541386 1.594641 -0.977052
-8.154511 2.994552 0.952007
-7.654594 0.814736 0.350044
-7.654248 0.810330 0.269219
-6.376736 0.823295 0.885261
-6.116793 0.883330 0.896174
-7.554246 0.790000 0.474524
-7.658157 0.804862 -0.863943
-5.533735 1.507882 -0.977248
-9.928091 0.805915 0.509385
-9.937250 0.806031 -0.667569
-9.839336 1.636636 0.575107
-3.745513 0.129893 -0.181486
-3.716947 0.068129 -0.320542
-4.107873 0.755319 0.908416
-4.226147 0.727710 0.919776
-6.243497 0.066909 0.599784
-3.863883 0.456217 -1.040973
-3.947232 0.548473 -1.047503
-9.892505 0.743261 0.879898
-9.923457 0.729981 -0.740656
-6.279141 0.683218 0.387222
-9.240643 7.835977 0.957780
-9.321742 7.764701 0.987918
-10.000530 7.413031 -0.912163
-9.999176 7.751911 -0.695757
-6.474411 7.078571 0.885570
2.181155 4.573374 1.016523
2.224659 3.367242 1.017555
1.425540 4.738395 0.345195
2.281698 3.399426 0.986710
2.224659 3.367242 1.017555
5.676394 7.854241 -0.869765
5.648421 7.773939 -0.900628
3.708216 7.303012 0.907745
3.726374 7.419658 0.962989
6.265645 7.207407 -0.500293
6.263779 7.277277 -0.415561
8.074412 7.828137 -0.906914
7.896862 7.827622 -0.870109
6.219742 7.152921 -0.439184
6.216496 7.174075 -0.395073
9.105595 7.301680 -0.992615
9.176288 7.891042 0.956433
9.789544 4.867891 0.466588
9.670844 3.227707 0.957704
9.702926 3.208441 0.923179
8.370742 3.229882 0.932016
7.786038 3.181102 0.927279
7.900381 3.174048 -0.997119
7.911669 3.219002 -1.022201
7.581628 4.777657 -0.332776
8.146275 5.058519 0.907576
8.200755 5.466804 -1.066301
8.140581 5.299172 -1.039610
8.196707 4.964922 0.928317
8.232648 4.901516 0.902446
9.895646 6.646397 0.915060
9.864324 6.749649 0.923646
8.345944 6.223148 -0.993199
9.826720 7.163894 0.769720
9.872337 7.149611 0.761772
7.623233 7.061381 -0.834313
7.192099 4.531729 0.900358
7.142912 4.532331 0.854603
7.160876 4.495556 -0.865033
7.132741 5.304082 0.899680
7.100145 5.329188 0.827019
7.051777 6.267224 0.817877
5.571218 6.270723 -0.978441
5.557832 6.281597 -0.939851
6.903028 6.350354 0.897027
6.780385 6.343827 0.897975
5.025702 6.858642 -1.011458
5.025702 6.858642 -1.011458
5.147127 7.008846 -1.008634
7.240627 6.414326 -0.934210
7.393030 6.412358 -0.724200
7.388333 6.411131 0.852107
4.400644 5.212081 0.108424
5.605630 6.253016 -0.940187
5.584641 6.317386 -0.858730
2.723513 7.011647 0.997319
2.335459 6.601374 -0.235480
2.329867 6.674506 -0.332449
4.927241 7.039625 -0.839603
5.000298 7.091099 -0.754561
4.939989 7.138725 -0.751773
0.171352 6.213945 -0.329463
0.081705 6.242583 -0.247315
1.615574 7.014073 -0.862951
4.255715 5.156575 -0.962956
2.810244 5.340869 -0.991123
2.895723 5.236176 -1.013866
2.873549 6.428155 0.613502
2.900564 6.430449 0.688320
2.290773 6.079720 -0.938402
2.289891 5.482901 -0.909185
2.664837 6.358032 -0.950252
1.866102 6.983425 -0.941084
1.874309 7.079718 -0.849490
1.912825 7.058659 -0.911371
2.278870 6.960495 0.973304
2.252323 7.030726 0.928809
1.663604 6.244347 -0.963788
1.150066 6.275601 -0.920172
1.235504 6.297621 -0.951040
0.790155 4.865387 0.858123
0.760134 4.922649 0.927164
1.280135 3.741162 -1.054693
1.044342 3.225183 0.930128
1.190595 3.230822 0.926647
0.431112 3.055393 0.905207
0.283423 2.941350 -1.023982
0.164058 2.946884 -1.022154
0.061019 2.798621 0.944680
0.109903 2.797999 0.974771
2.407816 4.453194 -0.891770
4.277053 3.556944 0.853020
4.279490 3.649428 0.894584
5.951630 4.444371 -1.022592
5.779022 3.499834 -0.948401
5.817401 3.476721 -0.983384
5.581100 4.303156 0.539324
5.055146 2.674635 0.871497
4.458991 2.703926 -0.645191
5.592355 2.682506 0.770829
5.584457 2.698792 0.784918
4.984051 2.753428 -1.023880
4.649802 2.742105 0.909937
4.519955 2.793973 0.929205
5.203547 2.705015 0.917035
5.291857 2.670561 0.869807
5.526812 5.208870 0.562068
5.488150 5.219941 0.676477
8.112375 0.870561 -0.223186
8.337691 0.814277 -0.881636
9.726844 1.645777 -1.012321
9.801028 1.634125 -0.990449
9.798565 1.517576 0.863858
9.849726 1.567750 0.793675
8.168517 1.721338 0.292357
8.147397 1.782174 0.384742
8.102980 1.775765 -0.374325
9.901578 3.022675 0.132905
9.893147 3.066696 0.246777
7.670840 2.894146 -0.973903
7.758302 2.960294 -1.011569
8.111949 1.827796 -0.952372
8.109784 1.874572 -0.957878
7.579370 1.367069 0.955838
7.585238 1.217512 0.954962
6.117153 1.417213 -1.035482
6.287725 1.524803 -0.948554
5.597464 1.515710 0.793839
5.703644 1.485111 0.878623
7.094498 1.624783 0.535938
7.045465 1.596518 0.651259
7.069316 1.966358 -0.961434
7.089505 2.013001 -0.972943
6.761076 1.657019 0.941761
7.069316 1.966358 -0.961434
7.046732 1.950088 -0.941871
7.028991 2.009189 -0.894186
7.491096 3.369881 -0.118174
7.456326 3.393820 -0.060364
3.552239 3.335193 0.936189
3.433548 3.416726 0.904238
2.813477 1.547868 -0.897252
2.773829 1.610129 -0.941791
2.849657 3.437222 0.846358
2.773826 1.543039 0.720569
2.682007 1.501114 0.729875
2.342620 2.397838 0.882096
2.342680 2.511487 0.860178
2.786654 3.351304 0.740243
2.780800 3.401578 0.747927
2.271410 3.022551 -0.005093
2.255178 0.888559 -0.946143
2.299702 0.932811 -0.924666
2.321519 0.838502 0.705694
2.330796 0.901919 0.746008
2.331796 0.818464 0.677589
4.450279 1.333119 -1.142139
2.877678 1.494807 0.854582
1.361578 0.893247 0.996646
1.518040 0.815144 0.968581
0.005443 0.835883 -0.781699
-0.013341 0.883904 -0.887008
-0.011175 1.451248 0.260733
-0.013076 1.522395 0.176598
7.157159 0.770199 -1.006464
7.118216 0.869821 -0.903908
7.182444 0.838646 -0.968942
6.809906 -0.059635 0.833222
6.955622 -0.058029 0.831436
3.701515 0.226350 0.836777
4.212773 -0.144123 -0.957917
4.402415 -0.140708 -0.934792
6.202430 0.509070 -0.906834
6.184666 0.587889 -0.896580
0.667444 0.050192 -0.917916
2.154233 0.706108 -0.895400
2.196588 0.511555 -0.975150
2.345789 0.667749 1.017860
2.424497 0.630210 1.015194
-0.044662 7.756854 -0.152761
2.592838 7.841364 -0.988259
2.750045 7.875090 -0.918681
3.117089 7.090292 0.888088
3.292785 7.087958 0.851861
1.484256 3.144058 -0.876011
1.516601 3.174862 -0.946524
1.436703 4.725881 0.843117
1.393353 4.665044 0.021728
1.398811 4.706201 -0.131457
4.755728 7.139396 -0.898880
5.263007 7.139728 -0.888563
6.090314 7.288611 1.117771
6.028830 7.194763 1.110467
8.118128 7.806615 -0.967757
8.689621 7.876908 -0.954834
8.137737 7.830513 0.888789
9.559298 7.914133 0.909070
9.004180 7.259442 -0.987158
8.986700 7.887022 0.967698
9.618797 4.835205 1.006432
9.322130 4.835313 1.007712
9.844887 4.857981 -0.704540
9.847313 4.857666 -0.520452
9.801396 4.871148 0.426710
8.402934 4.476061 -1.029925
8.435311 4.623077 -1.017781
7.608949 4.843212 -0.416550
7.624428 4.806606 -0.607915
7.626777 4.813221 -0.255770
8.137761 5.032989 0.894691
9.396120 4.899655 0.888386
9.609648 4.905309 0.896726
9.836448 4.845602 -0.781501
9.848386 4.854659 -0.736148
9.705173 4.820479 -0.951846
8.191192 4.839068 -0.974641
9.843719 6.314667 -1.042331
9.838582 6.244339 -1.004338
8.412461 6.227942 -0.994904
8.043107 5.013304 0.968956
8.027268 5.378924 0.974452
8.092330 7.077188 0.821486
8.090652 7.075563 -0.583146
7.613482 7.033356 -0.930200
7.189539 6.282210 0.917008
7.121013 6.239667 0.889299
7.106866 4.641644 0.123689
7.109347 4.626209 0.188177
7.201757 4.477848 -0.804863
7.117272 4.575001 0.744647
5.659980 6.323769 -1.033313
5.701230 4.574944 -1.107400
7.094645 4.517940 0.658653
7.117272 4.575001 0.744647
5.147127 7.008846 -1.008634
7.543583 7.079194 -0.869228
7.549019 7.071249 -0.637553
4.930769 6.560143 -0.792754
4.932407 6.586934 -0.829751
7.359400 6.404222 0.869002
5.510179 6.238421 -1.024039
5.514266 6.281212 -1.007523
4.403309 5.209673 0.822529
4.566644 5.219440 -0.923633
4.458199 5.205789 -0.904445
2.850124 7.040120 0.996266
4.886084 6.423913 -0.255071
4.834655 6.432515 -0.390417
4.887254 7.116437 -0.808721
0.828363 6.979526 1.098988
0.825895 7.051261 1.067321
-0.000173 7.047578 0.771947
0.085742 7.080087 0.851648
1.334391 6.219817 -0.756424
1.444876 6.227433 -0.800192
1.640797 6.933318 -0.890885
4.227356 5.242264 -0.994513
3.379911 4.454890 -0.955167
3.294461 4.403404 -0.930867
3.374805 4.384554 -0.880938
3.502966 4.401610 -0.932821
2.769001 4.942782 -0.878635
2.742537 5.055924 -0.956800
2.613748 6.324783 -0.996511
1.792385 5.485748 0.934242
1.815987 5.214125 1.006625
1.857177 4.980982 -0.953384
1.864064 4.840423 -0.432344
1.795858 4.885736 -0.430224
1.680939 5.152695 -1.023575
1.754488 5.745727 -0.899142
1.709200 5.648845 -0.947835
0.078800 6.217359 0.884438
1.565165 6.212272 0.931774
1.339150 3.679730 -1.025982
1.364075 3.141540 0.765077
1.344489 3.098371 -0.688759
0.109903 2.797999 0.974771
0.061019 2.798621 0.944680
0.368463 3.028176 0.966832
1.749790 1.685388 0.568612
1.685961 1.658792 0.445754
3.204638 4.405391 -0.986650
3.229976 4.422085 -0.966517
2.842627 4.444968 -0.916468
2.881241 4.451670 -0.882601
2.842627 4.444968 -0.916468
5.841115 4.445440 -1.014845
5.640117 3.479337 0.644494
5.618498 3.490812 0.578340
5.589288 4.377364 0.662137
5.172830 2.706228 0.803396
5.545586 2.702716 0.809528
5.560313 2.683902 0.818231
5.536688 1.521895 -0.990291
5.550941 1.541500 0.752886
4.389276 2.681432 -0.727638
5.492184 2.768605 -1.038158
4.344239 3.017413 -1.023117
4.430030 2.847468 -1.060745
4.364222 3.024497 0.837342
4.296083 4.039117 0.897586
9.764370 1.675073 -0.951282
9.726844 1.645777 -1.012321
8.129855 0.917031 0.139002
9.723653 0.941583 0.898537
9.750005 1.019029 0.871858
8.218985 0.817020 -0.887636
9.539223 3.019955 -1.063691
9.432710 3.045531 -1.004465
8.131241 1.700934 -0.407952
8.161778 3.018479 -0.232060
8.155722 2.987574 -0.131831
8.114037 0.882369 0.597647
8.103873 0.879427 0.492541
6.560727 1.539750 -0.914144
6.684555 1.511018 -0.977665
5.101192 1.501763 0.648219
5.157695 1.504889 0.724653
5.807745 1.674823 -1.023811
5.904065 1.667807 -1.020000
7.099298 3.385275 0.899054
7.117420 1.902499 0.864573
6.685371 1.632700 0.924550
7.505673 1.571051 0.930405
7.563032 1.595373 0.865597
7.069316 1.966358 -0.961434
3.433548 3.416726 0.904238
2.939620 3.411421 0.901927
2.800552 3.413526 0.817410
2.780800 3.401578 0.747927
2.939620 3.411421 0.901927
2.304627 3.298895 -0.890617
2.324827 3.200213 -0.953255
2.418774 3.360679 0.973027
2.427522 2.767747 0.981050
2.210567 0.742844 -0.849206
1.876677 0.740108 -0.863585
2.196678 3.059281 0.150147
1.876677 0.740108 -0.863585
1.886880 0.791054 0.947785
2.220668 1.039438 -0.971477
2.301098 1.173758 -1.005122
2.397063 0.789999 0.474524
2.451361 1.503767 0.858296
2.458048 1.498816 0.819072
4.340128 1.391859 -1.130594
2.843544 1.503435 0.822198
1.725104 1.296321 -0.972324
1.731101 0.938048 -0.970140
8.823915 0.728959 0.889980
8.983983 0.703597 0.937501
7.182444 0.838646 -0.968942
8.462708 0.551698 0.986519
8.623221 0.592255 0.990160
3.697805 0.547500 0.801999
4.227704 0.695892 0.888322
4.091035 0.702557 0.883160
3.813850 -0.049468 0.616766
3.823659 -0.041327 0.734239
-0.075652 0.478631 -0.804496
0.856357 -0.003424 -0.902915
-0.074045 0.620087 -0.712639
1.460805 -0.029697 -0.840361
0.712301 -0.035731 -0.832968
1.618498 7.801279 0.830246
2.236559 7.877403 0.878665
3.671794 7.208047 0.834632
3.671572 7.234839 0.310540
-0.045580 7.681376 -0.300979
1.164554 7.197900 -1.008396
3.360645 7.205878 -1.016341
1.416583 -3.298373 -0.942258
2.305512 -4.701203 -0.128877
2.312293 -4.679997 -0.095882
1.444107 -3.174201 0.126642
1.478282 -3.155370 0.028825
3.768362 -0.707225 -0.434640
4.913878 -0.215457 1.024194
6.197155 -0.722563 0.979228
6.199975 -0.578126 1.017559
6.214717 -0.730021 -0.368103
6.911348 -0.803031 -0.772231
6.649030 -0.804247 -0.832176
6.364863 -0.030433 0.720219
6.403158 -0.029148 0.536468
9.796834 -3.606238 0.997587
8.579403 -4.694160 -0.896563
8.565467 -4.642460 -0.936879
9.836447 -3.083740 -0.781501
8.400537 -4.785464 0.233958
8.482117 -4.697478 0.236268
7.635065 -3.106831 0.318549
7.633286 -3.114144 0.479945
9.861173 -1.713668 0.482682
9.799182 -3.089480 -0.806148
9.836447 -3.083740 -0.781501
9.843402 -3.071938 0.189123
9.858899 -3.039731 0.232225
8.207847 -0.837229 -0.110204
9.957103 -0.937860 -0.425894
9.946500 -0.900990 -0.453878
7.609041 -2.894932 -0.927326
7.737302 -3.004855 0.509472
7.514411 -2.133549 0.908052
7.570884 -3.226861 -0.945536
7.556406 -3.139050 -0.993010
7.589972 -2.905935 0.826116
7.561901 -2.834358 0.896693
5.697993 -3.467428 -0.217750
7.026411 -3.225274 -1.132006
6.993362 -3.266866 -1.147515
7.043388 -1.630689 0.528296
7.014468 -1.557337 0.613003
4.943660 -0.910153 0.605135
4.938226 -1.406867 0.528926
4.938299 -1.401793 0.586901
4.968246 -0.897637 0.034146
4.962100 -0.891460 0.093607
4.395891 -1.702616 -1.019517
4.335592 -1.751681 0.949733
4.305951 -1.681562 0.879450
5.327423 -1.570596 0.882419
4.878019 -1.485611 -0.752098
4.069335 -1.428128 -0.853379
4.219008 -1.357198 -0.874098
4.817465 -1.540255 0.618980
4.833583 -1.545372 0.721775
1.643282 -1.704152 -0.767596
1.590011 -1.684997 -0.821626
1.098911 -1.638718 -0.891111
1.616230 -1.717646 0.931167
1.672512 -1.630652 0.781087
4.259848 -3.312138 0.894257
4.267876 -2.521342 -0.960944
2.759153 -3.332638 -0.892380
2.742336 -3.242755 -0.940977
2.476831 -3.298237 -0.971942
2.607842 -1.514935 0.429283
2.670068 -1.545480 0.409926
1.816304 -3.062016 0.386722
1.800599 -2.942429 0.961677
1.798024 -2.805129 0.953995
0.012378 -1.645605 -0.908180
1.636814 -1.613709 -0.635486
1.653777 -1.637799 -0.838497
1.646282 -1.663371 -0.805651
0.948425 -4.788440 0.903710
0.092179 -4.790466 0.910647
0.001494 -4.809707 -0.079797
1.296485 -3.136518 -0.466759
1.346361 -3.163597 -0.608299
0.037553 -4.856575 0.352995
1.562104 -4.863467 -0.824479
1.541433 -4.862259 -0.765224
1.806539 -4.969085 0.773004
1.772005 -4.877204 0.745665
2.357218 -4.178597 -0.947471
2.338513 -4.241330 -0.907470
2.486566 -3.504294 0.906686
7.535862 -4.433312 -0.867219
7.479754 -4.383563 1.021163
7.530394 -4.350950 1.005998
4.472523 -5.205534 0.794354
4.370549 -5.291181 -0.582191
4.360528 -5.301283 -0.651359
5.126514 -5.280547 0.877990
5.131386 -5.268885 0.844087
4.296083 -3.890226 0.897586
5.589318 -2.846570 0.585631
4.327151 -4.043908 0.959844
4.411969 -3.703738 0.998508
5.471984 -3.855962 -1.027808
5.542653 -3.697451 -0.995986
9.815446 -7.009468 -1.024010
8.262778 -6.257963 -0.298843
8.849115 -6.295103 -1.007726
8.813533 -6.267992 -0.969352
8.228711 -6.292330 0.927787
8.169897 -6.095493 -0.985985
8.307571 -6.288696 -0.889457
9.850960 -6.248830 -0.414994
7.654643 -6.971987 0.892341
7.747374 -7.097013 -0.834599
7.686029 -5.083658 0.967281
7.738563 -5.002832 0.995478
5.032530 -7.105047 0.405018
4.998212 -7.017882 0.388319
7.653586 -7.040231 -0.684491
7.690526 -6.940016 -0.798633
6.335425 -6.361215 0.857848
5.741693 -4.502092 -0.987113
5.817401 -4.452622 -0.983384
7.072922 -4.757225 -0.959742
7.571709 -6.207754 0.973566
7.588384 -6.268107 0.915516
7.508730 -6.370507 -0.820728
7.506708 -6.302448 -0.891567
7.320482 -6.492308 -0.863303
7.370162 -6.395685 -0.950448
7.558456 -5.453141 0.961584
7.507594 -5.418738 0.999151
4.159198 -4.468909 -0.932802
2.799093 -6.407161 0.707714
2.851492 -6.438037 0.763148
2.373887 -5.538650 0.954285
2.384467 -6.034723 0.964886
2.338248 -4.522564 -0.569831
2.778174 -6.371329 0.785509
2.775853 -6.361286 0.812890
1.884374 -6.247334 1.017086
1.757461 -4.990598 -0.334554
1.768258 -4.976641 -0.204780
2.195672 -7.040339 1.028112
2.138214 -7.100486 1.007258
2.220668 -6.889905 -0.971476
2.212852 -6.964709 -0.947010
2.316391 -6.561204 -0.974042
2.277827 -6.543062 -0.951093
2.353657 -7.127730 0.404432
2.330372 -7.044326 0.456411
4.507380 -6.476347 0.829620
4.718209 -6.469413 0.814142
1.738415 -7.112123 0.748320
1.677432 -7.053004 -0.993353
1.731102 -6.991294 -0.970140
1.730272 -6.314837 0.808794
1.764870 -6.401340 0.816855
9.808675 -7.871922 -0.275785
9.917760 -7.381948 -0.727389
9.913023 -7.276247 -0.688092
9.669702 -7.193839 0.876171
9.744798 -7.192042 0.821035
6.184666 -7.341454 -0.896580
4.010192 -7.291294 0.906949
4.091035 -7.226785 0.883160
6.097967 -7.175685 0.589390
0.012277 -7.875321 -0.899290
0.022238 -7.465948 -0.910791
0.162239 -7.961915 0.443241
0.071244 -7.962154 0.623240
3.029270 -0.131151 0.969648
0.211873 -0.398995 -1.005002
0.329318 -0.224891 -1.004996
-0.038390 -0.448702 0.897071
-0.041322 -0.221773 0.783059
3.645357 -0.273766 0.948343
3.676179 -0.168321 0.853270
1.392138 -3.228875 -0.880417
1.426729 -4.773833 -0.387450
1.425401 -4.767919 -0.598622
6.055758 -0.130498 1.101003
5.979556 -0.088653 1.085595
3.749318 -0.106083 0.430169
3.765727 -0.073774 0.309794
3.763295 -0.702765 -0.342376
5.050063 -0.124586 1.013854
6.832788 -0.075745 1.023856
7.137589 -0.136776 0.985780
9.900959 -0.657946 -0.806876
6.216496 -0.755269 -0.395073
9.895865 -0.431482 -0.851241
6.415562 -0.152559 -0.930656
7.187457 -0.182665 -0.973890
9.836004 -3.747045 0.977980
8.552408 -3.954242 -0.925107
8.544647 -3.187450 -0.918909
9.859745 -3.573291 0.870825
9.862858 -3.684719 0.910875
9.848386 -3.074684 -0.736148
7.579242 -4.174911 -0.929459
7.612546 -4.160601 -1.001425
8.461021 -4.742872 0.153921
7.721440 -4.785294 0.839300
8.371655 -4.758606 0.885882
8.461021 -4.742872 0.153921
9.629129 -3.078144 -1.033385
9.693115 -3.100945 -0.977735
8.210295 -3.099984 -0.699137
8.191192 -3.090274 -0.974641
9.863653 -1.704186 0.765911
9.700170 -0.762308 0.819091
9.702825 -0.794146 0.889713
8.199562 -0.821394 0.221985
8.320179 -1.664933 -0.259867
8.340941 -1.661924 -0.197294
7.671423 -2.496834 -1.012630
7.638267 -2.425930 -0.996402
7.613482 -0.895988 -0.930200
7.727755 -3.003090 0.384466
7.544866 -2.409795 -0.993132
7.556406 -3.139050 -0.993010
7.551187 -2.199541 0.890493
7.570691 -3.385011 0.803243
7.559056 -3.398758 0.718503
5.748134 -1.706874 0.924591
5.762019 -1.634370 0.900500
5.717184 -3.446958 -1.021227
5.607978 -1.565815 -0.221383
5.703933 -1.524006 -0.368037
5.578802 -0.850818 0.957222
6.570549 -0.862451 0.964999
5.037383 -0.816913 0.357794
5.023060 -0.820754 0.212712
4.935026 -1.020267 0.536663
5.526158 -2.674396 0.868013
5.488334 -2.640690 0.948081
5.510179 -1.690922 -1.024039
4.332070 -1.611171 0.304186
4.309889 -1.664785 0.211668
5.371906 -1.567181 0.841494
2.443532 -0.881028 -0.795199
3.554985 -0.841686 -0.795698
4.412621 -1.475206 -0.777100
4.938226 -1.406867 0.528926
4.950533 -1.425547 0.510145
0.213244 -0.859387 -0.870545
0.750685 -0.855113 -0.837335
1.686906 -1.684201 -0.735036
1.718571 -1.680041 -0.700201
0.996057 -1.685397 -0.881963
2.917609 -3.243432 0.960475
2.876708 -3.220183 0.919761
2.780511 -1.737365 -0.960380
2.776206 -1.610611 0.587987
4.263606 -2.411864 0.868879
4.236342 -2.494384 -1.013492
2.709183 -1.618591 0.914447
2.654281 -1.598466 0.933006
2.737387 -3.381466 -0.564114
2.752733 -3.377472 -0.862411
2.508274 -3.387888 -0.937049
2.227004 -3.061587 -0.260268
2.162432 -3.096955 -0.170043
1.815561 -3.078653 0.932992
0.029302 -1.654068 -0.962920
0.089631 -1.636696 -0.979034
0.840911 -1.649092 -0.960896
1.638034 -1.701615 0.712899
1.659706 -1.672685 0.341181
1.681697 -1.619402 -0.617554
0.117116 -3.374727 -1.103548
-0.034935 -4.078578 -0.945847
-0.028682 -4.768146 -0.953079
0.178920 -3.241725 -1.096013
0.036710 -4.826099 -0.009075
0.014801 -6.162482 -1.001952
0.323853 -6.192216 -1.010097
0.012765 -4.912089 0.391253
2.596843 -4.411832 0.962486
2.569704 -4.439373 0.903032
2.338814 -3.503791 0.504605
2.374645 -3.507097 0.825419
2.455480 -3.574623 0.956295
6.568080 -4.322892 -1.041547
7.575782 -4.329931 -0.968370
5.817401 -4.452622 -0.983384
5.574551 -4.332757 0.792862
5.586214 -4.346611 0.635113
5.172830 -5.223114 0.803396
5.594952 -5.266020 -0.436099
5.588419 -5.257418 -0.168401
5.105530 -5.236547 0.915334
4.816993 -5.226176 0.903349
4.364223 -4.904846 0.837342
4.415498 -5.207638 -0.214367
4.379791 -5.183826 -0.139184
5.586585 -2.877787 0.467515
8.226076 -6.359541 0.961829
9.890866 -7.035075 -0.518019
8.226024 -7.116919 -0.271623
8.157899 -7.086955 -0.297315
9.124279 -6.406293 1.004241
8.219674 -6.259793 -0.379762
8.162246 -6.295916 0.879900
8.195652 -5.783702 0.961227
8.225161 -5.470970 0.978467
9.804891 -6.275918 -0.970258
9.824317 -6.279104 -0.948731
8.260800 -6.273951 -0.876425
8.282232 -6.172331 -0.992205
9.777341 -6.284522 -0.503863
7.650108 -6.455691 0.885039
7.650108 -6.455691 0.885039
7.654643 -6.971987 0.892341
8.024546 -5.248671 -1.023574
8.000102 -5.193539 -1.017832
7.805304 -7.098258 -0.899250
5.081173 -7.095479 -0.901222
5.049954 -7.013571 -0.911504
6.406567 -6.335180 0.912302
6.580692 -6.333191 0.918394
6.406567 -6.335180 0.912302
7.094915 -6.271166 -0.187367
7.054397 -6.298069 -0.100378
7.104188 -4.862034 -0.899504
7.597075 -4.576033 0.843725
7.578494 -4.652207 0.910646
7.066089 -4.610815 -0.227490
7.076806 -4.577288 -0.313143
4.253210 -4.562061 0.013368
4.233421 -4.501942 -0.894879
4.260778 -4.652785 -0.051865
2.427522 -5.161596 0.981050
2.369052 -5.071668 0.950528
2.755270 -4.516928 -0.489076
2.782088 -4.585165 -0.380461
2.326564 -4.552173 -0.513776
2.348470 -6.235374 0.855603
2.348683 -6.085184 0.875194
1.812343 -6.196994 0.986484
2.249665 -7.135098 0.784782
2.271971 -7.120051 0.885415
1.824754 -7.109941 0.928502
1.886880 -7.138288 0.947785
2.241320 -6.493970 -0.663885
2.213015 -6.534924 -0.685645
0.026902 -7.000555 0.977264
0.020669 -6.857612 0.974365
1.732383 -7.110945 0.912709
0.022115 -6.327074 0.186505
0.015812 -6.326406 0.380440
9.843254 -7.097016 -0.459077
9.856709 -7.102029 -0.398922
9.808840 -7.860809 -0.442682
6.198219 -7.308318 0.513947
6.201141 -7.245954 -0.083846
6.159885 -7.965426 -0.491212
6.118942 -7.999184 -0.478715
6.202430 -7.420273 -0.906834
3.701157 -7.757648 0.790624
3.701278 -7.746339 0.814788
6.134501 -7.180945 0.763216
0.027853 -7.199361 -0.740655
0.058805 -7.186082 0.879899
3.701278 -7.746339 0.814788
3.699368 -7.783675 0.785405
2.882325 -0.086776 0.950712
0.060532 -0.065668 0.697319
0.007378 -0.090960 0.597122
1.618498 -0.128064 0.830246
2.236559 -0.051941 0.878665
-7.770154 -3.355968 1.016523
-7.726650 -4.562100 1.017555
-8.525769 -3.190947 0.345195
-7.669611 -4.529917 0.986710
-7.726650 -4.562100 1.017555
-4.274916 -0.075102 -0.869765
-4.302889 -0.155404 -0.900628
-6.243093 -0.626331 0.907745
-6.224936 -0.509685 0.962989
-3.685666 -0.721937 -0.500293
-3.687531 -0.652066 -0.415561
-1.876898 -0.101206 -0.906914
-2.054448 -0.101721 -0.870109
-3.731569 -0.776423 -0.439184
-3.734814 -0.755269 -0.395073
-0.845716 -0.627663 -0.992615
-0.775023 -0.038301 0.956432
-0.161766 -3.061451 0.466588
-0.280466 -4.701635 0.957704
-0.248385 -4.720902 0.923179
-1.579656 -4.758606 0.885882
-2.050930 -4.755294 -0.997119
-2.039641 -4.710341 -1.022201
-2.369682 -3.151686 -0.332776
-1.754603 -2.964421 0.928317
-1.750555 -2.462539 -1.066301
-1.810730 -2.630172 -1.039610
-1.754603 -2.964421 0.928317
-1.718663 -3.027827 0.902446
-0.027566 -0.913134 0.844443
-1.605366 -1.706196 -0.993199
-0.124591 -0.765449 0.769720
-0.078973 -0.779733 0.761772
-2.328077 -0.867962 -0.834313
-2.234887 -0.810887 -0.770229
-2.759212 -3.397614 0.900358
-2.808398 -3.397011 0.854603
-2.790435 -3.433787 -0.865033
-2.818569 -2.625261 0.899680
-2.851165 -2.600155 0.827019
-2.899534 -1.662119 0.817877
-4.380092 -1.658621 -0.978441
-4.393478 -1.647747 -0.939851
-3.048282 -1.578990 0.897027
-3.170925 -1.585516 0.897975
-4.925608 -1.070701 -1.011458
-4.925608 -1.070701 -1.011458
-4.804183 -0.920498 -1.008634
-2.710683 -1.515018 -0.934210
-2.558280 -1.516986 -0.724200
-2.562977 -1.518213 0.852107
-5.550666 -2.717262 0.108424
-4.345679 -1.676327 -0.940187
-4.366669 -1.611958 -0.858730
-7.227796 -0.917696 0.997319
-7.615850 -1.327969 -0.235480
-7.621442 -1.254838 -0.332449
-5.024068 -0.889719 -0.839603
-4.951012 -0.838245 -0.754561
-5.011321 -0.790618 -0.751773
-9.779957 -1.715399 -0.329463
-9.869604 -1.686760 -0.247315
-8.335735 -0.915270 -0.862951
-5.695595 -2.772768 -0.962956
-7.141065 -2.588474 -0.991123
-7.055587 -2.693166 -1.013866
-7.077760 -1.501188 0.613502
-7.050745 -1.498894 0.688320
-7.660536 -1.849623 -0.938402
-7.661418 -2.446442 -0.909185
-7.286473 -1.571311 -0.950252
-8.085207 -0.945919 -0.941084
-8.085207 -0.945919 -0.941084
-8.038484 -0.870685 -0.911371
-7.672439 -0.968849 0.973304
-7.698986 -0.898617 0.928809
-8.287704 -1.684996 -0.963788
-8.801243 -1.653742 -0.920172
-8.820281 -1.764731 -0.963880
-9.161154 -3.063955 0.858123
-9.191175 -3.006694 0.927164
-8.671174 -4.188181 -1.054693
-8.869484 -4.803250 0.841104
-8.828712 -4.822702 0.802853
-9.520197 -4.873950 0.905207
-9.667887 -4.987993 -1.023982
-9.787251 -4.982458 -1.022154
-9.890290 -5.130721 0.944680
-9.841406 -5.131343 0.974771
-7.543493 -3.476150 -0.891770
-5.674256 -4.372399 0.853020
-5.671819 -4.279915 0.894584
-3.999680 -3.484971 -1.022592
-4.172288 -4.429509 -0.948401
-4.133908 -4.452622 -0.983384
-4.370210 -3.626187 0.539324
-4.896164 -5.254707 0.871497
-5.492320 -5.225417 -0.645191
-4.358954 -5.246836 0.770829
-4.366853 -5.230550 0.784918
-4.967259 -5.175915 -1.023880
-5.301508 -5.187238 0.909937
-5.431355 -5.135369 0.929205
-4.747763 -5.224328 0.917035
-4.659452 -5.258782 0.869807
-4.424498 -2.720473 0.562068
-4.463160 -2.709402 0.676477
-1.838935 -7.058781 -0.223186
-1.613619 -7.115065 -0.881636
-0.224467 -6.283565 -1.012321
-0.150282 -6.295217 -0.990449
-0.152746 -6.411766 0.863858
-0.101584 -6.361592 0.793675
-1.782794 -6.208005 0.292356
-1.803913 -6.147169 0.384742
-1.848330 -6.153577 -0.374324
-0.049733 -4.906667 0.132905
-0.058163 -4.862646 0.246777
-2.280470 -5.035196 -0.973903
-2.193008 -4.969049 -1.011569
-1.839361 -6.101547 -0.952372
-1.841526 -6.054770 -0.957878
-4.706164 -6.422053 -0.964198
-3.834157 -6.512129 -1.035482
-3.663584 -6.404539 -0.948554
-4.353846 -6.413632 0.793839
-4.247666 -6.444231 0.878623
-4.277197 -4.425886 0.232248
-2.881994 -5.962985 -0.961434
-2.861805 -5.916342 -0.972943
-3.190234 -6.272324 0.941761
-2.833092 -5.852208 -0.989416
-2.922319 -5.920154 -0.894186
-2.460215 -4.559461 -0.118174
-2.494984 -4.535523 -0.060364
-5.769818 -4.484802 0.857571
-7.137832 -6.381474 -0.897252
-7.177480 -6.319212 -0.941791
-7.101652 -4.492121 0.846358
-7.177483 -6.386303 0.720569
-7.269302 -6.428228 0.729874
-7.608689 -5.531505 0.882096
-7.608629 -5.417856 0.860178
-7.164655 -4.578038 0.740243
-7.170509 -4.527764 0.747927
-7.679898 -4.906792 -0.005093
-7.696131 -7.040783 -0.946143
-7.651607 -6.996531 -0.924666
-7.629790 -7.090841 0.705694
-7.620512 -7.027423 0.746008
-7.619514 -7.110878 0.677589
-5.501031 -6.596224 -1.142139
-7.073631 -6.434536 0.854581
-8.589731 -7.036096 0.996646
-8.433269 -7.114198 0.968581
-9.945865 -7.093460 -0.781699
-9.964650 -7.045438 -0.887008
-9.962484 -6.478094 0.260733
-9.964384 -6.406947 0.176598
-2.794151 -7.159143 -1.006464
-2.833094 -7.059522 -0.903908
-2.768867 -7.090696 -0.968942
-3.141404 -7.988978 0.833222
-2.995688 -7.987370 0.831436
-6.249794 -7.702991 0.836776
-5.738536 -8.073466 -0.957917
-5.548894 -8.070050 -0.934792
-3.748880 -7.420273 -0.906834
-3.766644 -7.341454 -0.896580
-9.283866 -7.879150 -0.917916
-7.797076 -7.223233 -0.895400
-7.754720 -7.417787 -0.975150
-7.605520 -7.261593 1.017860
-7.526812 -7.299132 1.015194
-9.995972 -0.172489 -0.152761
-7.177473 -0.168775 -1.017335
-6.886504 -0.218057 -1.017708
-6.834220 -0.839052 0.888088
-6.658525 -0.841384 0.851861
-8.467053 -4.785285 -0.876011
-8.434708 -4.754481 -0.946524
-8.514606 -3.203461 0.843117
-8.557957 -3.264299 0.021728
-8.551153 -3.279924 0.890320
-5.195581 -0.789947 -0.898880
-4.688303 -0.789615 -0.888563
-3.860996 -0.640732 1.117771
-3.922481 -0.734580 1.110467
-2.947579 -0.099215 -0.931284
-3.512905 -0.070167 -0.898300
-1.813573 -0.098830 0.888789
-0.392013 -0.015210 0.909070
-0.947130 -0.669902 -0.987158
-0.964611 -0.042321 0.967698
-0.332513 -3.094138 1.006432
-0.629180 -3.094029 1.007712
-0.106424 -3.071362 -0.704539
-0.103998 -3.071678 -0.520452
-0.149914 -3.058195 0.426710
-2.229871 -4.785294 0.839300
-1.548376 -3.453282 -1.029925
-1.515999 -3.306266 -1.017781
-2.342361 -3.086131 -0.416550
-2.326883 -3.122737 -0.607915
-2.324534 -3.116122 -0.255770
-1.813549 -2.896355 0.894691
-0.555191 -3.029688 0.888386
-0.341663 -3.024033 0.896726
-0.114863 -3.083740 -0.781501
-0.102925 -3.074684 -0.736148
-0.246137 -3.108864 -0.951846
-1.760118 -3.090274 -0.974641
-0.065107 -0.906078 0.904546
-0.107592 -1.614676 -1.042331
-0.112728 -1.685005 -1.004338
-1.538849 -1.701402 -0.994903
-1.908203 -2.916039 0.968956
-1.924042 -2.550419 0.974452
-1.858980 -0.852155 0.821486
-1.860658 -0.853780 -0.583146
-2.761771 -1.647133 0.917008
-2.830298 -1.689675 0.889299
-2.844445 -3.287698 0.123689
-2.841963 -3.303134 0.188177
-2.749553 -3.451495 -0.804863
-2.834038 -3.354342 0.744647
-4.291330 -1.605574 -1.033313
-4.250080 -3.354398 -1.107399
-2.856666 -3.411402 0.658653
-2.834038 -3.354342 0.744647
-4.804183 -0.920498 -1.008634
-2.407727 -0.850149 -0.869228
-2.402292 -0.858094 -0.637553
-5.020540 -1.369200 -0.792754
-5.018902 -1.342410 -0.829751
-2.591910 -1.525121 0.869001
-4.441132 -1.690922 -1.024039
-4.437044 -1.648132 -1.007523
-5.548001 -2.719669 0.822529
-5.384666 -2.709903 -0.923633
-5.493111 -2.723554 -0.904445
-7.101185 -0.889224 0.996266
-5.065226 -1.505430 -0.255071
-5.116655 -1.496829 -0.390417
-5.064055 -0.812906 -0.808720
-9.122946 -0.949817 1.098988
-9.125414 -0.878082 1.067321
-9.951482 -0.881766 0.771947
-9.865567 -0.849257 0.851648
-8.616918 -1.709526 -0.756424
-8.506433 -1.701910 -0.800192
-8.310513 -0.996026 -0.890885
-5.723954 -2.687080 -0.994513
-6.571398 -3.474452 -0.955167
-6.656848 -3.525938 -0.930866
-6.576504 -3.544788 -0.880938
-6.571398 -3.474452 -0.955167
-7.182308 -2.986560 -0.878635
-7.208773 -2.873418 -0.956800
-7.337562 -1.604560 -0.996511
-8.158923 -2.443595 0.934242
-8.135322 -2.715218 1.006625
-8.094131 -2.948361 -0.953384
-8.151385 -3.051732 -0.696200
-8.095478 -3.084097 -0.786259
-8.270370 -2.776648 -1.023575
-8.196821 -2.183616 -0.899142
-8.242109 -2.280498 -0.947835
-9.872509 -1.711983 0.884438
-8.386144 -1.717071 0.931774
-8.612159 -4.249612 -1.025982
-8.587234 -4.787803 0.765077
-8.606820 -4.830972 -0.688759
-9.841406 -5.131343 0.974771
-9.890290 -5.130721 0.944680
-9.582846 -4.901166 0.966832
-8.201519 -6.243955 0.568612
-8.265347 -6.270550 0.445754
-6.746671 -3.523952 -0.986650
-6.933326 -3.509763 -0.979212
-7.108682 -3.484375 -0.916468
-7.070069 -3.477672 -0.882601
-7.108682 -3.484375 -0.916468
-4.110194 -3.483903 -1.014845
-4.311193 -4.450006 0.644494
-4.332812 -4.438531 0.578340
-4.362021 -3.551979 0.662137
-4.778481 -5.223114 0.803396
-4.405724 -5.226627 0.809528
-4.390996 -5.245440 0.818231
-4.414621 -6.407448 -0.990291
-4.400369 -6.387842 0.752885
-5.562034 -5.247910 -0.727638
-4.459126 -5.160738 -1.038158
-5.607070 -4.911930 -1.023117
-5.521280 -5.081874 -1.060745
-5.587088 -4.904846 0.837342
-5.655227 -3.890226 0.897586
-0.186941 -6.254269 -0.951282
-0.224467 -6.283565 -1.012321
-1.821456 -7.012311 0.139002
-0.227658 -6.987760 0.898537
-0.201306 -6.910313 0.871858
-1.732326 -7.112321 -0.887636
-0.412087 -4.909387 -1.063691
-0.518601 -4.883812 -1.004465
-1.820069 -6.228409 -0.407952
-1.789532 -4.910863 -0.232060
-1.795588 -4.941768 -0.131831
-1.837274 -7.046973 0.597647
-1.847437 -7.049916 0.492541
-3.390583 -6.389592 -0.914144
-3.266755 -6.418324 -0.977665
-4.850119 -6.427580 0.648219
-4.785367 -6.423222 -0.904877
-4.793615 -6.424453 0.724653
-4.282429 -4.454791 0.912076
-4.143564 -6.254519 -1.023811
-4.047245 -6.261536 -1.020000
-2.852013 -4.544068 0.899054
-2.833890 -6.026843 0.864573
-3.265939 -6.296642 0.924550
-2.890909 -5.746592 -0.968902
-2.445637 -6.358292 0.930405
-2.388279 -6.333969 0.865597
-2.881994 -5.962985 -0.961434
-6.329545 -4.480620 0.834464
-6.517761 -4.512617 0.904238
-7.011689 -4.517922 0.901926
-7.150757 -4.515817 0.817410
-7.170509 -4.527764 0.747927
-7.011689 -4.517922 0.901926
-7.646682 -4.630448 -0.890617
-7.626482 -4.729130 -0.953255
-7.532535 -4.568664 0.973027
-7.523788 -5.161596 0.981050
-7.740742 -7.186498 -0.849206
-8.074633 -7.189234 -0.863585
-7.754631 -4.870062 0.150147
-8.074633 -7.189234 -0.863585
-8.064429 -7.138288 0.947785
-7.730641 -6.889905 -0.971476
-7.650210 -6.755583 -1.005122
-7.554246 -7.139342 0.474524
-7.499949 -6.425575 0.858296
-7.493261 -6.430526 0.819072
-5.611182 -6.537483 -1.130593
-7.107765 -6.425907 0.822198
-9.191808 -7.126198 -0.955398
-9.058051 -7.117709 -0.969059
-1.127394 -7.200383 0.889980
-0.967328 -7.225745 0.937501
-2.768867 -7.090696 -0.968942
-1.488601 -7.377644 0.986519
-1.328089 -7.337087 0.990160
-6.253504 -7.381842 0.801999
-4.404366 -7.259624 0.938619
-5.941118 -7.291294 0.906949
-6.137459 -7.978810 0.616766
-6.127650 -7.970668 0.734239
-10.026960 -7.450711 -0.804496
-9.094952 -7.932765 -0.902915
-10.025353 -7.309255 -0.712639
-8.490504 -7.959039 -0.840361
-6.652997 -7.933814 -0.908281
-8.332812 -0.128064 0.830246
-7.714750 -0.051941 0.878665
-6.279515 -0.721296 0.834631
-6.279737 -0.694504 0.310540
-9.996889 -0.247968 -0.300979
-8.469880 -0.186305 -1.009929
-8.173007 -0.161900 -1.012663
-8.534726 4.630970 -0.942258
-7.645797 3.228139 -0.128877
-7.639017 3.249345 -0.095882
-8.507202 4.755142 0.126642
-8.473027 4.773973 0.028825
-6.182948 7.222118 -0.434640
-5.037432 7.713886 1.024194
-3.754155 7.206779 0.979228
-3.751335 7.351217 1.017559
-3.736592 7.199322 -0.368103
-3.039962 7.126312 -0.772231
-3.302280 7.125096 -0.832176
-3.586447 7.898911 0.720219
-3.548152 7.900195 0.536468
-0.154476 4.323105 0.997587
-1.371907 3.235183 -0.896563
-1.385844 3.286882 -0.936879
-0.114863 4.845602 -0.781501
-1.550774 3.143879 0.233958
-1.469193 3.231865 0.236268
-2.316245 4.822512 0.318549
-2.318023 4.815199 0.479945
-0.090138 6.215674 0.482682
-0.152127 4.839864 -0.806148
-0.114863 4.845602 -0.781501
-0.107909 4.857405 0.189123
-0.092412 4.889611 0.232225
-1.743464 7.092114 -0.110204
0.005792 6.991483 -0.425894
-0.004810 7.028353 -0.453878
-2.342269 5.034411 -0.927326
-2.214009 4.924488 0.509472
-2.436899 5.795793 0.908052
-2.380426 4.702482 -0.945536
-2.394904 4.790293 -0.993010
-2.354308 4.937840 0.796556
-2.361338 5.023407 0.826116
-4.253316 4.461915 -0.217750
-2.924900 4.704069 -1.132006
-2.957948 4.662477 -1.147515
-2.905895 6.283103 0.455804
-2.907922 6.298654 0.528296
-5.007650 7.019190 0.605135
-5.013083 6.522477 0.528926
-5.013011 6.527550 0.586901
-4.772527 6.402817 0.880069
-5.555418 6.226726 -1.019517
-5.615718 6.177662 0.949733
-5.645359 6.247780 0.879450
-4.623887 6.358746 0.882419
-5.073290 6.443732 -0.752098
-5.881974 6.501215 -0.853379
-5.732302 6.572144 -0.874098
-5.133845 6.389087 0.618980
-5.117727 6.383970 0.721775
-8.308028 6.225191 -0.767596
-8.361299 6.244346 -0.821626
-8.852399 6.290625 -0.891111
-8.335079 6.211697 0.931167
-8.278797 6.298691 0.781087
-5.691463 4.617206 0.894257
-5.683434 5.408000 -0.960944
-7.192156 4.596705 -0.892380
-7.208973 4.686588 -0.940977
-7.474478 4.631105 -0.971942
-7.343467 6.414408 0.429283
-7.281242 6.383862 0.409926
-8.135005 4.867327 0.386722
-8.150710 4.986913 0.961677
-8.153286 5.124215 0.953995
-9.938931 6.283737 -0.908180
-8.314495 6.315634 -0.635486
-8.297533 6.291544 -0.838497
-8.305027 6.265971 -0.805651
-9.002884 3.140903 0.903710
-9.859131 3.138877 0.910647
-9.949816 3.119636 -0.079797
-8.654824 4.792825 -0.466759
-8.604948 4.765746 -0.608299
-9.913757 3.072768 0.352995
-8.389206 3.065876 -0.824479
-8.409876 3.067084 -0.765224
-8.248868 3.086805 0.789717
-8.179305 3.052138 0.745665
-7.594091 3.750745 -0.947471
-7.612796 3.688013 -0.907470
-7.464743 4.425049 0.906686
-2.415448 3.496031 -0.867219
-2.471556 3.545779 1.021163
-2.420916 3.578393 1.005998
-5.478786 2.723809 0.794354
-5.603672 2.589352 -0.391750
-4.824796 2.648795 0.877990
-4.819924 2.660457 0.844087
-5.655227 4.039117 0.897586
-4.355701 5.038159 0.840077
-5.624158 3.885435 0.959844
-5.539341 4.225605 0.998508
-4.479325 4.073381 -1.027808
-4.408657 4.231892 -0.995986
-0.135864 0.919875 -1.024010
-1.688533 1.671380 -0.298843
-1.102194 1.634241 -1.007726
-1.137778 1.661350 -0.969352
-1.722599 1.637014 0.927787
-1.781414 1.833849 -0.985985
-1.643739 1.640647 -0.889457
-0.100351 1.680512 -0.414994
-2.296667 0.957356 0.892341
-2.203936 0.832330 -0.834599
-2.265281 2.845685 0.967281
-2.212747 2.926510 0.995478
-4.918780 0.824295 0.405018
-4.953098 0.911460 0.388319
-2.297724 0.889112 -0.684491
-2.260784 0.989327 -0.798633
-3.615885 1.568128 0.857848
-4.209616 3.427250 -0.987113
-4.133908 3.476721 -0.983384
-2.878389 3.172118 -0.959742
-2.379601 1.721588 0.973566
-2.362926 1.661235 0.915516
-2.442580 1.558835 -0.820728
-2.444603 1.626895 -0.891567
-2.630828 1.437034 -0.863303
-2.581147 1.533658 -0.950448
-2.392854 2.476201 0.961584
-2.443717 2.510604 0.999151
-5.792111 3.460434 -0.932802
-7.152215 1.522182 0.707714
-7.099817 1.491305 0.763148
-7.577422 2.390694 0.954285
-7.566842 1.894619 0.964886
-7.613061 3.406779 -0.569831
-7.560071 3.437760 -0.403946
-7.173135 1.558013 0.785509
-7.175456 1.568057 0.812890
-8.066936 1.682008 1.017086
-7.970668 2.905132 -1.011339
-7.900724 2.993257 -0.985414
-7.755638 0.889005 1.028112
-7.813095 0.828856 1.007258
-7.730641 1.039438 -0.971476
-7.738457 0.964634 -0.947010
-7.650210 1.173758 -1.005122
-7.541319 1.375774 -1.011869
-7.597652 0.801612 0.404432
-7.620937 0.885016 0.456411
-5.443930 1.452995 0.829620
-5.233101 1.459929 0.814142
-8.212894 0.817219 0.748320
-8.273877 0.876338 -0.993353
-8.220208 0.938049 -0.970140
-8.221037 1.614505 0.808794
-8.186440 1.528003 0.816855
-0.142635 0.057420 -0.275785
-0.033550 0.547395 -0.727389
-0.038286 0.653096 -0.688092
-0.281608 0.735503 0.876171
-0.206513 0.737301 0.821035
-3.766644 0.587889 -0.896580
-5.941118 0.638048 0.906949
-5.860274 0.702557 0.883160
-3.853343 0.753658 0.589390
-9.939033 0.054021 -0.899290
-9.929071 0.463394 -0.910791
-9.789070 -0.032574 0.443241
-9.880066 -0.032812 0.623240
-6.922040 7.798192 0.969648
-9.739436 7.530348 -1.005002
-9.621992 7.704452 -1.004996
-9.989698 7.480640 0.897071
-9.992632 7.707569 0.783059
-6.305952 7.655577 0.948343
-6.275130 7.761023 0.853270
-8.559172 4.700467 -0.880417
-8.524581 3.155510 -0.387450
-8.525908 3.161424 -0.598622
-3.895552 7.798845 1.101003
-3.971754 7.840690 1.085595
-6.201990 7.823260 0.430169
-6.185582 7.855569 0.309794
-6.188015 7.226578 -0.342376
-4.901247 7.804757 1.013854
-3.118522 7.853598 1.023856
-2.813721 7.792567 0.985780
-0.050351 7.271397 -0.806876
-3.734814 7.174074 -0.395073
-0.055444 7.497861 -0.851241
-3.535748 7.776784 -0.930656
-2.763854 7.746678 -0.973890
-0.115306 4.182298 0.977980
-1.398902 3.975100 -0.925107
-1.406662 4.741893 -0.918909
-0.093576 4.436800 0.923317
-0.091565 4.356052 0.870825
-0.102925 4.854659 -0.736148
-2.372068 3.754431 -0.929459
-2.338764 3.768742 -1.001425
-1.490289 3.186472 0.153921
-2.229871 3.144050 0.839300
-1.579656 3.170736 0.885882
-1.490289 3.186472 0.153921
-1.357032 6.169253 -1.060894
-1.611654 6.179608 -1.061805
-1.741015 4.829359 -0.699137
-1.760118 4.839068 -0.974641
-0.087657 6.225157 0.765911
-0.251141 7.167035 0.819091
-0.248485 7.135197 0.889713
-1.751748 7.107949 0.221985
-1.631131 6.264410 -0.259867
-1.702152 6.298614 -0.272951
-2.279887 5.432508 -1.012630
-2.313044 5.503413 -0.996402
-2.337828 7.033356 -0.930200
-2.223556 4.926253 0.384466
-2.406445 5.519548 -0.993132
-2.394904 4.790293 -0.993010
-2.400124 5.729802 0.890493
-2.398285 4.492601 -0.883772
-2.460300 4.461963 -0.937120
-4.203176 6.222469 0.924591
-4.189291 6.294973 0.900500
-4.234127 4.482385 -1.021227
-4.343331 6.363528 -0.221383
-4.247376 6.405338 -0.368037
-4.372508 7.078525 0.957222
-3.380761 7.066891 0.964999
-4.913927 7.112430 0.357794
-4.928249 7.108589 0.212712
-5.016284 6.909076 0.536663
-4.720726 6.436883 0.955161
-4.425151 5.254947 0.868013
-4.462976 5.288652 0.948081
-4.441132 6.238421 -1.024039
-5.619240 6.318172 0.304186
-5.641420 6.264557 0.211668
-4.579404 6.362162 0.841494
-7.507778 7.048314 -0.795199
-6.396324 7.087656 -0.795698
-5.538688 6.454138 -0.777100
-5.013083 6.522477 0.528926
-5.000777 6.503796 0.510145
-9.738066 7.069957 -0.870545
-9.200625 7.074229 -0.837335
-8.264403 6.245142 -0.735036
-8.232738 6.249302 -0.700201
-8.955253 6.243946 -0.881963
-7.033700 4.685911 0.960475
-7.074601 4.709160 0.919761
-7.170799 6.191978 -0.960380
-7.175104 6.318732 0.587987
-5.687704 5.517478 0.868879
-5.714967 5.434959 -1.013492
-7.242126 6.310752 0.914447
-7.297029 6.330877 0.933006
-7.213922 4.547877 -0.564114
-7.198576 4.551871 -0.862411
-7.443036 4.541455 -0.937049
-7.724305 4.867756 -0.260268
-7.788877 4.832387 -0.170043
-8.135748 4.850689 0.932992
-9.922008 6.275276 -0.962920
-9.861679 6.292647 -0.979034
-9.110399 6.280251 -0.960896
-8.313276 6.227728 0.712899
-8.291603 6.256658 0.341181
-8.269612 6.309941 -0.617554
-9.834193 4.554615 -1.103548
-9.986244 3.850765 -0.945847
-9.979992 3.161197 -0.953079
-9.772389 4.687617 -1.096013
-9.914599 3.103244 -0.009075
-9.936509 1.766860 -1.001952
-9.627456 1.737126 -1.010097
-9.938545 3.017254 0.391253
-7.354466 3.517511 0.962486
-7.381605 3.489970 0.903032
-7.612495 4.425552 0.504605
-7.576664 4.422246 0.825419
-7.495830 4.354720 0.956295
-3.383230 3.606450 -1.041547
-2.375529 3.599412 -0.968370
-2.447861 3.528396 -0.942066
-4.376759 3.596586 0.792862
-4.365096 3.582731 0.635113
-4.778481 2.706229 0.803396
-4.324416 2.588677 -0.549685
-4.356358 2.663323 -0.436099
-5.559050 2.686907 -0.499318
-4.845780 2.692796 0.915334
-5.134316 2.703167 0.903349
-5.587088 3.024497 0.837342
-5.535812 2.721705 -0.214367
-5.571518 2.745516 -0.139184
-4.353024 4.923423 0.890873
-1.725234 1.569802 0.961829
-1.769726 1.583870 0.934274
-0.060444 0.894267 -0.518019
-1.725286 0.812424 -0.271623
-1.793411 0.842387 -0.297315
-1.731635 1.669548 -0.379762
-1.789063 1.633428 0.879900
-1.755657 2.145641 0.961227
-1.726149 2.458373 0.978467
-1.699696 1.695311 0.363283
-1.752681 1.720015 0.464162
-1.690510 1.655392 -0.876425
-1.669078 1.757012 -0.992205
-0.173970 1.644820 -0.503863
-2.301202 1.473652 0.885039
-2.301202 1.473652 0.885039
-2.296667 0.957356 0.892341
-1.926764 2.680672 -1.023574
-1.951208 2.735803 -1.017832
-2.146006 0.831084 -0.899250
-4.870137 0.833864 -0.901222
-4.901356 0.915772 -0.911504
-3.544744 1.594163 0.912302
-3.370618 1.596151 0.918394
-3.544744 1.594163 0.912302
-2.856395 1.658176 -0.187367
-2.896914 1.631273 -0.100378
-2.847122 3.067308 -0.899504
-2.354235 3.353310 0.843725
-2.372816 3.277135 0.910646
-2.885221 3.318528 -0.227490
-2.874504 3.352055 -0.313143
-5.698099 3.367281 0.013368
-5.717889 3.427401 -0.894879
-5.690531 3.276558 -0.051865
-7.523788 2.767747 0.981050
-7.582257 2.857675 0.950528
-7.196039 3.412415 -0.489076
-7.169221 3.344178 -0.380461
-7.602839 1.693967 0.855603
-7.602626 1.844159 0.875194
-8.138968 1.732348 0.986484
-7.701644 0.794244 0.784782
-7.679338 0.809292 0.885415
-8.126555 0.819401 0.928502
-8.064429 0.791054 0.947785
-7.709990 1.435373 -0.663885
-7.738294 1.394419 -0.685645
-9.924407 0.928788 0.977264
-9.930641 1.071730 0.974365
-8.218927 0.818398 0.912709
-9.929194 1.602268 0.186505
-9.935497 1.602936 0.380440
-0.108057 0.832326 -0.459077
-0.094600 0.827314 -0.398922
-0.142470 0.068533 -0.442682
-3.753092 0.621025 0.513947
-3.750170 0.683389 -0.083846
-3.791425 -0.036084 -0.491212
-3.832368 -0.069841 -0.478715
-3.748880 0.509071 -0.906834
-6.250152 0.171693 0.790624
-6.250031 0.183004 0.814788
-3.816810 0.748397 0.763216
-9.923457 0.729981 -0.740655
-9.892505 0.743261 0.879899
-6.250031 0.183004 0.814788
-6.251941 0.145668 0.785405
-7.068984 7.842567 0.950712
-9.890777 7.863675 0.697319
-9.943931 7.838383 0.597122
-8.332812 7.801279 0.830246
-7.714750 7.877402 0.878665
1526 1527
2 3
304 305
576 577
407 408
2686 2687
42 43
220 221
84 89
1101 1102
235 236
2388 2582
3129 3320
3460 3645
2718 2904
246 247
551 552
271 272
311 312
290 291
210 211
1413 1414
191 192
307 308
284 285
359 360
294 295
36 37
185 186
2046 2047
196 197
629 630
248 249
1790 1791
206 207
238 239
24 25
421 449
482 483
315 316
3421 3422
849 850
2655 2656
3397 3398
1976 1977
1006 1007
2121 2122
183 184
180 181
2198 2199
420 440
1444 1445
492 493
345 382
224 225
469 470
1609 1745
1090 1091
1189 1192
1986 1987
1065 1066
1628 1629
1045 1046
2546 2547
3284 3285
2610 2611
3348 3349
1056 1057
269 270
1072 1073
1389 1390
1487 1489
574 575
2776 2972
1774 1775
354 413
322 323
1830 1959
846 933
1712 1713
1253 1254
87 88
2227 2228
938 939
3098 3283
2357 2545
490 491
697 785
974 1029
141 142
823 884
401 402
936 937
2018 2019
698 699
2144 2272
2308 2309
3791 3792
3049 3050
1111 1112
1994 1995
254 255
174 182
603 604
2022 2023
1001 1002
1259 1260
467 468
2202 2203
1061 1062
2173 2305
445 446
1019 1020
10 11
2939 2940
3681 3682
2112 2242
1221 1222
6 7
130 132
3414 3415
730 731
1411 1412
1554 1555
1155 1156
1772 1773
298 299
2530 2531
3268 3269
114 117
3326 3327
2588 2589
1232 1233
2637 2638
3377 3378
1998 1999
498 499
318 319
901 902
2189 2190
340 363
154 155
2591 2592
3329 3330
2223 2224
1349 1350
1656 1657
301 328
525 526
309 310
2511 2512
3248 3249
267 268
847 848
175 195
2537 2538
3276 3277
348 349
1217 1218
589 590
578 579
443 444
844 845
2295 2296
1088 1089
1478 1479
472 473
463 464
1746 1747
2284 2285
2245 2246
867 868
1682 1683
1899 1900
124 125
208 209
202 203
640 641
101 107
146 169
278 279
806 807
648 649
756 757
457 458
265 266
1577 1707
198 199
14 15
2137 2138
2316 2317
3058 3059
824 825
383 384
187 188
547 548
2298 2299
842 843
1063 1064
512 557
75 80
227 228
1585 1719
313 314
1325 1326
1387 1388
484 485
488 489
636 637
2735 2923
3476 3665
3669 3670
2927 2928
682 683
889 890
2056 2057
840 841
1162 1163
2393 2585
3134 3323
1242 1243
20 21
605 606
286 287
952 953
418 419
853 854
1043 1044
257 275
465 466
912 913
1971 1972
2089 2090
2217 2218
793 794
899 900
791 792
496 497
57 64
1453 1454
1847 1983
2020 2021
1954 1955
302 303
675 745
638 639
2258 2259
193 194
139 143
521 522
3524 3723
2616 2617
2784 2980
3354 3355
2970 2971
3712 3713
393 394
229 230
1037 1038
333 334
535 536
869 870
1749 1750
1481 1482
1661 1662
2916 2917
3657 3658
613 614
288 289
537 538
112 113
250 251
2261 2262
927 928
292 293
873 874
1708 1709
735 736
376 377
1261 1262
296 297
461 462
2009 2010
627 628
508 509
438 439
1644 1784
2166 2300
1588 1589
34 35
2256 2257
1296 1297
374 375
513 514
176 177
684 685
300 317
1949 1950
411 412
262 263
2749 2941
3490 3683
147 148
2984 2988
652 653
204 205
923 924
1691 1692
597 598
252 253
122 123
216 226
2093 2094
189 190
3240 3241
772 773
500 501
1743 1744
200 201
783 784
966 967
714 715
3504 3505
1984 1985
2763 2764
1450 1451
217 237
944 945
1546 1668
519 520
510 511
1114 1115
588 631
347 390
795 796
427 471
601 602
335 336
1137 1208
646 647
2038 2039
260 261
1601 1602
409 410
619 620
156 157
541 542
1234 1235
2725 2913
3467 3654
378 379
572 573
329 330
1337 1462
405 406
1941 1942
1854 1855
539 540
231 232
280 281
430 431
2878 2879
3619 3620
555 556
716 717
3622 3623
2881 2882
580 581
28 29
1731 1732
178 179
352 353
1085 1086
781 782
2952 2953
3694 3695
282 283
1592 1593
338 339
1070 1071
2679 2680
743 744
18 19
1509 1510
474 475
1190 1191
1030 1031
26 27
2906 2907
3647 3648
560 561
880 881
1678 1679
170 171
758 759
480 481
527 528
324 325
343 344
494 495
864 965
455 456
2368 2558
3109 3296
4 5
240 241
650 651
1126 1127
212 213
2779 2975
3520 3717
102 103
1177 1178
1236 1237
1612 1748
1534 1535
865 866
2958 2959
3700 3701
2243 2244
98 99
3185 3374
595 596
810 811
2206 2207
896 897
504 505
566 567
1118 1119
306 337
242 243
615 616
12 13
2286 2289
894 895
2280 2281
1597 1598
1996 1997
30 31
903 904
931 932
3078 3257
3630 3631
2889 2890
159 160
1291 1410
422 454
1879 1880
656 657
859 956
1263 1264
0 1
957 958
1228 1229
3423 3424
3798 3799
2681 2682
3056 3057
502 503
450 451
905 906
364 365
1211 1212
1834 1966
1274 1275
1974 1975
172 173
44 45
320 321
391 392
1174 1175
3041 3042
3783 3784
1562 1688
1522 1523
2385 2386
3126 3127
346 387
721 722
1766 1767
3392 3393
2650 2651
1957 1958
799 800
1808 1809
2336 2337
2182 2183
2204 2205
218 219
686 687
1967 1968
568 569
506 507
2509 2510
2064 2188
1715 1716
1371 1516
2033 2034
1185 1186
611 612
1922 1923
1257 1258
2060 2061
3246 3247
244 245
1294 1295
622 623
276 277
3193 3384
1393 1394
1463 1464
1377 1524
963 964
644 645
804 805
3497 3692
2756 2950
447 448
1920 1921
414 415
1075 1076
1605 1606
2932 2933
3674 3675
634 635
741 742
1446 1447
1082 1083
1116 1117
1471 1472
2016 2017
624 625
459 460
108 111
2683 2684
3425 3426
1251 1252
399 400
1764 1765
486 487
368 369
2798 2999
2998 3000
3538 3742
3741 3743
357 358
660 661
959 960
910 911
2790 2985
3530 3729
996 1079
1498 1499
3158 3351
2417 2613
1815 1816
2505 2506
3242 3243
1140 1141
2249 2250
8 9
149 150
1460 1461
2000 2001
1181 1182
1785 1786
1580 1581
2318 2502
3060 3239
222 223
3561 3562
2821 2822
2643 2644
3385 3386
1932 1933
1530 1531
1615 1751
441 442
76 77
2048 2049
599 600
161 162
562 563
233 234
832 909
1080 1081
2270 2271
2739 2929
3480 3671
273 274
1568 1569
1269 1270
1010 1107
1272 1273
48 49
478 479
370 371
434 435
1572 1700
517 518
258 259
100 104
814 815
2282 2283
81 82
1240 1241
1176 1271
564 565
3147 3338
2406 2600
1215 1216
593 594
1440 1441
658 659
1015 1016
1145 1146
256 264
584 585
1202 1203
1164 1165
553 554
797 798
748 749
750 751
918 919
1528 1529
2050 2051
2853 2854
1907 1908
3594 3595
366 367
929 930
1717 1718
1362 1497
67 68
1469 1470
1249 1250
2313 2314
115 116
2273 2274
762 763
820 877
69 70
617 618
802 803
786 787
1238 1239
752 753
1149 1150
214 215
728 729
774 775
2215 2216
3696 3697
2954 2955
167 168
1850 1990
1108 1109
558 559
549 550
1735 1736
1710 1711
1424 1425
2535 2536
3274 3275
2424 2620
3165 3358
428 429
16 17
1105 1106
2664 2665
2161 2162
1924 1925
701 702
857 858
999 1084
3526 3527
2786 2787
1759 1760
128 129
78 79
1391 1392
126 127
808 809
1881 1882
1374 1519
452 453
1368 1369
1962 1963
925 926
1195 1196
570 571
950 951
754 755
591 592
1054 1055
350 351
3394 3395
2652 2653
875 876
3457 3640
2715 2899
907 908
2179 2180
1943 1944
1945 1946
2044 2045
1722 1723
1419 1420
529 530
1283 1284
1304 1423
1039 1040
361 362
1476 1477
56 58
120 121
2278 2279
703 704
2485 2671
3222 3413
3709 3710
2967 2968
2105 2233
2229 2230
1903 1904
1151 1152
1673 1674
1696 1697
1341 1468
133 136
1862 1915
726 727
2991 2992
2007 2008
3734 3735
2873 2874
3614 3615
1590 1724
1632 1633
531 532
38 39
3704 3705
2962 2963
1199 1200
331 332
94 95
1832 1833
1889 1890
852 943
1193 1194
1032 1033
1172 1173
118 119
2091 2092
1363 1502
109 110
668 732
1144 1223
1278 1279
2236 2237
862 863
1465 1466
2945 2946
3687 3688
3428 3429
2515 2516
3252 3253
3233 3234
1794 1795
2171 2172
341 342
83 86
662 720
543 544
746 747
1575 1576
1187 1188
1027 1028
632 633
2024 2025
1183 1184
2978 2979
3721 3722
1041 1042
1752 1753
1011 1110
1255 1256
523 524
1520 1521
1408 1409
1034 1035
1511 1512
3452 3637
2710 2896
1474 1475
1290 1405
582 583
607 608
2580 2581
3318 3319
671 672
2115 2116
882 883
839 920
2276 2277
676 677
1458 1459
2082 2083
2067 2191
1664 1665
2894 2895
3635 3636
2062 2063
2054 2055
380 381
1817 1818
2012 2013
1012 1113
663 723
718 719
724 725
986 1053
545 546
1013 1014
1276 1277
2194 2195
990 991
712 713
1319 1320
664 665
3440 3441
2698 2699
2976 2977
706 707
2210 2211
2293 2294
954 955
1930 1931
54 55
1159 1160
1058 1059
1209 1210
2365 2366
3106 3107
1770 1771
1926 1927
40 41
416 417
3633 3634
692 693
1246 1247
2860 2861
3601 3602
2036 2037
355 356
1315 1316
2178 2310
1354 1483
2126 2127
1737 1738
851 940
165 166
779 780
833 834
1049 1050
1396 1397
1383 1384
1506 1507
1551 1675
1120 1121
1804 1928
1570 1571
1147 1148
59 85
934 935
2146 2147
830 831
587 626
788 789
739 740
1134 1201
860 861
812 813
2031 2032
22 23
885 886
2551 2552
3289 3290
2875 2877
3616 3618
1556 1557
2078 2079
3574 3575
1956 1960
1338 1339
1566 1567
984 985
425 426
1347 1348
914 915
710 711
1436 1437
1885 2030
2099 2100
2181 2315
46 47
533 534
1586 1587
1779 1780
1634 1635
3181 3182
2441 2442
32 33
1659 1660
1725 1726
1138 1139
946 947
515 516
1583 1584
2471 2659
3208 3401
2240 2241
2231 2232
3228 3229
2491 2492
2184 2185
1406 1407
2526 2527
3264 3265
1312 1433
144 145
2837 2838
3578 3579
3606 3607
2865 2866
994 1069
2858 2859
3599 3600
1650 1651
1323 1324
1636 1637
968 969
1913 1914
816 817
1484 1485
1381 1382
65 66
1128 1129
1431 1432
586 621
3596 3597
2855 2856
1124 1125
1641 1642
131 153
1905 1906
1153 1154
1893 1894
1825 1953
1021 1022
2213 2214
3227 3419
2490 2677
921 922
975 976
2522 2523
3260 3261
818 819
1838 1839
1333 1334
2072 2073
2196 2197
92 93
1810 1811
977 1036
2614 2615
3352 3353
3036 3037
3778 3779
2362 2550
2363 2364
3103 3288
3104 3105
1342 1343
871 872
2074 2075
654 655
1805 1929
3223 3224
2486 2487
1206 1207
2234 2235
821 822
2141 2269
3074 3251
2332 2514
372 373
1703 1704
2052 2053
892 893
2700 2701
3442 3443
3336 3337
1402 1403
1895 1896
1267 1268
1544 1545
1004 1005
1122 1123
2028 2029
1826 1827
105 106
403 404
3254 3255
2517 2518
2169 2170
1616 1617
1097 1098
1309 1310
2747 2748
3488 3489
887 888
1067 1068
1132 1133
766 767
2327 2328
3069 3070
2176 2177
1265 1266
1851 1852
1630 1631
138 140
3655 3656
2914 2915
3083 3084
2342 2343
1099 1100
2040 2041
1909 1910
2498 2499
3235 3236
1135 1136
995 1074
2219 2220
2852 3048
3593 3790
1204 1205
3211 3212
2474 2475
3563 3564
1532 1533
1621 1761
2788 2789
3528 3529
2466 2654
3203 3396
1379 1380
1646 1647
2496 2497
3006 3007
3749 3750
982 983
1776 1777
1170 1171
835 836
776 777
1594 1730
52 53
989 1060
1981 1982
1448 1449
1560 1561
1565 1693
1573 1574
1643 1783
1365 1508
2666 2667
3408 3409
1541 1663
2676 2678
3418 3420
2131 2132
1835 1836
826 891
2844 3040
3585 3782
2148 2149
2740 2741
3481 3482
1800 1801
3232 3427
2495 2685
2103 2104
432 433
1095 1096
2669 2670
3411 3412
3580 3777
2839 3035
1848 1849
3436 3613
2694 2872
71 72
1313 1314
1364 1505
1490 1491
395 396
997 998
1891 1892
737 738
1901 1902
1558 1559
1421 1422
837 838
1638 1778
1536 1537
1686 1687
1103 1104
1179 1180
2708 2709
3450 3451
1417 1418
3399 3400
2657 2658
1552 1553
1911 1912
2108 2109
3715 3716
2973 2974
2159 2160
2503 2504
2065 2066
1823 1824
1549 1550
2804 2805
3544 3545
1378 1525
2026 2027
1321 1322
1244 1245
1599 1600
1307 1308
1051 1052
2301 2302
2857 3053
3598 3795
1047 1048
609 610
423 424
1000 1087
388 389
1875 1876
1224 1225
1654 1655
1415 1416
3507 3508
2766 2767
1578 1579
3521 3720
1860 1861
3766 3767
3024 3025
1130 1131
2520 2521
3258 3259
476 477
1400 1401
1547 1548
1426 1427
700 790
694 778
680 681
1166 1167
2086 2212
2439 2440
1639 1640
1285 1286
1093 1094
3437 3438
2695 2696
1853 1993
2238 2239
1916 1917
1358 1359
2095 2096
768 769
1493 1494
1626 1627
1385 1386
2152 2153
2455 2456
2702 2880
3444 3621
3699 3702
2957 2960
2399 2400
2097 2098
1434 1435
1219 1220
2918 2919
3659 3660
2483 2484
3220 3221
733 734
1866 1867
1870 2011
2123 2124
3603 3604
2862 2863
90 91
3300 3301
2562 2563
1025 1026
2113 2114
1694 1695
2412 2606
3153 3344
436 437
60 63
326 327
916 917
1828 1829
3033 3034
3775 3776
987 988
1168 1169
3369 3370
2631 2632
1003 1092
385 386
1375 1376
2418 2419
3159 3160
2596 2597
3334 3335
1398 1399
708 709
1964 1965
397 398
972 973
760 761
2577 2578
3315 3316
673 674
3718 3719
2413 2607
3154 3345
2192 2193
2575 2576
3183 3184
2443 2444
3554 3555
2814 2815
1356 1488
1762 1763
2117 2118
137 158
1077 1078
3498 3499
2757 2758
688 689
2251 2252
1671 1672
2381 2382
3122 3123
2672 2673
1370 1515
2265 2266
855 856
1705 1706
1666 1667
3535 3739
1610 1611
2795 2996
978 979
1157 1158
690 691
2208 2209
1331 1332
3406 3407
992 993
1302 1303
970 971
980 981
1142 1143
2068 2069
666 667
2080 2081
1788 1789
3021 3022
3764 3765
2827 2828
3065 3066
2323 2324
1226 1227
1329 1452
2730 2920
3472 3661
2167 2168
2371 2561
669 670
3112 3299
1428 1429
2004 2005
2445 2446
695 696
941 942
1939 1940
1821 1822
3091 3092
1298 1299
1289 1404
1698 1699
61 62
2869 2870
3610 3611
1868 1869
678 679
878 879
3525 3726
2719 2905
3461 3646
3209 3404
2472 2662
3118 3119
2377 2378
3549 3754
2809 3011
3362 3363
2624 2625
1645 1787
2306 2307
1806 1807
1287 1288
1802 1803
1840 1841
705 801
1300 1301
3101 3102
2360 2361
1689 1690
2263 2264
2433 2434
3174 3175
2785 2983
3189 3380
1346 1473
2174 2175
2303 2304
2567 2568
3305 3306
2372 2373
3113 3114
3163 3164
2422 2423
764 765
3135 3136
2797 2997
3537 3740
2058 2059
1353 1480
1023 1024
1372 1373
1197 1198
1728 1729
2402 2403
3143 3144
1542 1543
2569 2570
3307 3308
1720 1721
2425 2623
3166 3361
3390 3391
2648 2649
2883 2884
3416 3417
2674 2675
1230 1231
1798 1799
1355 1486
151 152
1831 1961
3324 3325
2586 2587
1456 1457
1988 1989
73 74
1618 1758
3213 3214
2476 2477
2145 2275
1622 1623
3736 3737
2221 2222
1503 1504
3690 3691
2948 2949
3796 3797
1792 1793
3054 3055
2435 2436
3176 3177
770 771
1991 1992
3199 3200
2462 2463
2728 2729
2200 2201
1538 1658
1756 1757
3568 3569
1360 1361
1739 1740
1781 1782
642 643
3487 3678
2746 2936
827 828
3586 3587
2845 2846
2430 2431
3171 3172
1796 1918
3244 3245
2186 2187
2507 2508
1351 1352
1652 1653
2311 2312
3016 3018
3759 3761
2225 2226
1648 1649
3019 3020
3762 3763
1213 1214
1934 1935
1442 1443
2559 2560
3297 3298
3321 3322
2409 2603
3150 3341
1335 1336
2414 2612
3155 3350
961 962
2478 2479
3215 3216
1858 1859
3073 3250
2331 2513
2135 2136
3067 3068
2325 2326
2924 2925
3666 3667
3448 3629
2706 2888
1863 1864
2459 2647
3196 3389
1357 1492
1517 1518
2133 2134
2346 2347
2042 2043
1877 1878
1813 1814
2119 2120
2287 2288
1330 1455
3591 3592
2850 2851
2369 2370
3110 3111
2420 2421
3161 3162
2076 2077
2548 2549
3286 3287
2629 2630
3367 3368
3433 3434
2691 2692
2164 2165
2627 2628
3365 3366
1969 1970
2723 2724
2742 2743
3483 3484
3027 3028
3769 3770
1768 1769
829 898
1603 1604
1936 1937
1017 1018
2736 2737
3477 3478
3492 3493
2751 2752
1563 1564
1837 1973
3755 3756
3012 3013
2573 2574
3311 3312
3313 3314
1619 1620
2771 2772
2407 2408
3148 3149
2460 2461
3197 3198
2753 2947
3494 3689
3576 3577
2835 2836
3463 3464
2721 2722
2800 2801
3540 3541
2351 2539
3169 3170
2428 2429
1539 1540
3009 3010
3752 3753
1161 1248
3180 3372
948 949
3552 3553
2812 2813
2084 2085
2156 2157
3475 3662
1871 2014
2106 2107
3375 3376
2635 2636
134 135
2481 2482
3218 3219
1500 1501
2707 2891
3449 3632
3624 3625
3430 3605
2688 2864
3082 3263
2340 2524
3081 3262
2139 2140
1495 1496
1624 1625
2380 2572
3121 3310
1873 1874
2802 2803
3542 3543
3371 3373
2633 2634
2921 2922
3663 3664
2396 2397
3137 3138
1883 1884
2842 2843
3583 3584
2394 2395
1582 1714
3130 3131
2806 3008
3546 3751
1680 1681
2847 2848
3588 3589
1843 1844
3567 3768
2826 3026
2254 2255
3757 3758
3014 3015
3435 3612
2693 2871
1327 1328
2401 2595
3142 3333
3115 3302
2374 2564
2247 2248
2791 2989
3531 3732
2775 2969
3516 3711
1669 1670
3465 3466
2125 2253
1591 1727
3547 3548
2807 2808
3063 3064
2321 2322
1607 1608
3381 3382
2640 2641
2398 2590
3139 3328
2163 2297
2818 3017
3558 3760
1797 1919
2452 2642
3190 3383
3512 3513
2379 2571
3120 3309
1344 1345
3608 3609
2867 2868
3747 3748
3004 3005
1872 2015
2150 2151
2892 2893
3517 3714
1684 1685
3650 3651
3132 3133
2391 2392
2493 2494
3230 3231
1888 2035
3539 3746
2799 3003
3173 3364
2432 2626
1897 1898
2909 2910
1513 1514
2981 2982
3724 3725
1842 1980
3194 3195
2457 2458
3359 3360
2621 2622
3570 3571
2829 2830
2810 2811
3550 3551
2540 2541
3278 3279
2840 2841
3581 3582
1280 1281
2110 2111
1978 1979
2355 2356
3096 3097
2500 2501
3237 3238
1438 1439
3559 3560
2819 2820
2480 2668
3217 3410
2794 2990
3534 3733
1613 1614
2583 2584
1947 1948
2154 2155
50 51
2849 3045
3225 3226
2488 2489
3590 3787
3188 3379
2449 2639
2291 2292
1366 1367
2765 2961
3506 3703
3627 3628
2886 2887
1340 1467
1951 1952
2101 2102
3271 3272
2532 2533
1311 1430
2902 2903
3643 3644
3641 3642
3124 3125
2383 2384
2158 2290
3572 3573
2831 2832
2986 2987
3730 3731
3303 3304
2565 2566
2744 2745
3485 3486
3167 3168
2426 2427
2911 2912
3652 3653
2720 2908
3462 3649
2070 2071
2897 2898
3638 3639
2618 2619
3356 3357
2344 2345
3085 3086
3116 3117
2375 2376
2773 2774
3514 3515
3128 3317
2387 2579
1819 1820
2389 2390
96 97
2469 2470
3206 3207
3095 3282
2354 2544
1701 1702
3470 3471
2645 2646
3387 3388
1741 1742
2319 2320
3061 3062
1317 1318
3556 3557
2816 2817
2754 2755
3495 3496
163 164
1754 1755
3509 3706
2768 2964
2453 2454
3191 3192
2142 2143
3087 3270
3029 3030
3771 3772
3707 3708
2965 2966
2780 2781
2604 2605
3342 3343
1676 1677
2267 2268
3093 3094
2352 2353
2703 2704
3445 3446
2750 2942
3491 3684
2348 2534
3088 3273
3280 3281
2542 2543
2087 2088
2467 2468
3204 3205
2900 2901
2823 3023
1865 2006
1812 1938
1292 1293
2769 2770
3510 3511
2937 2938
3679 3680
2777 2778
3518 3519
3780 3781
3038 3039
2002 2003
3685 3686
2943 2944
3001 3002
3744 3745
3479 3668
2738 2926
1595 1596
2733 2734
3140 3141
3532 3533
2792 2793
2130 2260
1282 1395
2731 2732
3473 3474
2759 2951
3500 3693
3145 3146
3331 3332
2404 2405
2593 2594
1856 1857
3151 3152
2410 2411
1845 1846
2713 2714
3455 3456
2726 2727
3468 3469
1733 1734
3043 3044
3785 3786
3773 3774
3031 3032
3727 3728
2128 2129
1305 1306
2338 2339
3079 3080
2447 2448
3186 3187
2601 2602
3339 3340
3201 3202
2464 2465
3076 3077
2334 2335
3536 3738
2796 2995
2329 2330
3071 3072
2760 2956
3501 3698
3089 3090
2349 2350
2833 2834
2473 2663
3210 3405
2705 2885
2528 2529
3447 3626
3266 3267
3793 3794
3051 3052
2716 2717
3458 3459
2934 2935
3676 3677
3178 3179
2437 2438
2556 2557
3294 3295
2553 2554
3291 3292
2711 2712
3453 3454
3502 3503
2761 2762
1886 1887
3099 3100
2358 2359
2333 2519
3075 3256
3402 3403
2660 2661
3431 3432
2689 2690
1008 1009
2697 2876
3439 3617
2598 2599
3522 3523
2782 2783
2367 2555
3108 3293
2450 2451
2341 2525
3565 3566
2824 2825
3672 3673
2930 2931
2993 2994
3788 3789
3046 3047
2608 2609
3346 3347
2415 2416
3156 3157
